dtype,batch,seq,heads,dim,rows,method,group,order,repeats,kernel_us,logical_io_bytes,logical_GBs,input_working_set_bytes,seed,input_read_only,scale,block_dim,warmup,timer,vector_scale_enabled,kernel_ms
fp16,1,1,1,16,1,scalar_transform,0,0,5,8.37199985981,64,0.00764452951167,32,2909,true,1,32,3,acl_timeline_event_ms,false,0.00837199985981
fp16,1,1,1,16,1,vector_transform,0,1,5,8.73600021005,64,0.00732600714986,32,2909,true,1,32,3,acl_timeline_event_ms,false,0.00873600021005
fp16,1,1,1,16,1,scalar_split,0,2,5,14.3040001392,108,0.00755033549697,32,2909,true,1,32,3,acl_timeline_event_ms,false,0.0143040001392
fp16,1,1,1,16,1,vector_split,0,3,5,14.8839995265,108,0.0072561141787,32,2909,true,1,32,3,acl_timeline_event_ms,false,0.0148839995265
fp16,1,1,1,16,1,scalar_fused,0,4,5,7.53600001335,44,0.00583864117862,32,2909,true,1,32,3,acl_timeline_event_ms,false,0.00753600001335
fp16,1,1,1,16,1,vector_fused,0,5,5,7.91999995708,44,0.00555555558566,32,2909,true,1,32,3,acl_timeline_event_ms,false,0.00791999995708
fp16,1,1,1,16,1,quant_only,0,6,5,7.50799998641,44,0.00586041556735,32,2909,true,1,32,3,acl_timeline_event_ms,false,0.00750799998641
fp16,1,1,1,16,1,vector_transform,1,0,5,7.62799978256,64,0.0083901418228,32,2909,true,1,32,3,acl_timeline_event_ms,false,0.00762799978256
fp16,1,1,1,16,1,scalar_split,1,1,5,12.800000608,108,0.00843749959924,32,2909,true,1,32,3,acl_timeline_event_ms,false,0.012800000608
fp16,1,1,1,16,1,vector_split,1,2,5,13.3159995079,108,0.00811054400655,32,2909,true,1,32,3,acl_timeline_event_ms,false,0.0133159995079
fp16,1,1,1,16,1,scalar_fused,1,3,5,7.8639999032,44,0.00559511705768,32,2909,true,1,32,3,acl_timeline_event_ms,false,0.0078639999032
fp16,1,1,1,16,1,vector_fused,1,4,5,8.37600007653,44,0.00525310405897,32,2909,true,1,32,3,acl_timeline_event_ms,false,0.00837600007653
fp16,1,1,1,16,1,quant_only,1,5,5,6.53999969363,44,0.00672782906134,32,2909,true,1,32,3,acl_timeline_event_ms,false,0.00653999969363
fp16,1,1,1,16,1,scalar_transform,1,6,5,6.90400004387,64,0.00926998835361,32,2909,true,1,32,3,acl_timeline_event_ms,false,0.00690400004387
fp16,1,1,1,16,1,scalar_split,2,0,5,12.7120003104,108,0.0084959091695,32,2909,true,1,32,3,acl_timeline_event_ms,false,0.0127120003104
fp16,1,1,1,16,1,vector_split,2,1,5,13.327999413,108,0.0081032416534,32,2909,true,1,32,3,acl_timeline_event_ms,false,0.013327999413
fp16,1,1,1,16,1,scalar_fused,2,2,5,7.48799964786,44,0.00587606865241,32,2909,true,1,32,3,acl_timeline_event_ms,false,0.00748799964786
fp16,1,1,1,16,1,vector_fused,2,3,5,8.07999968529,44,0.00544554476656,32,2909,true,1,32,3,acl_timeline_event_ms,false,0.00807999968529
fp16,1,1,1,16,1,quant_only,2,4,5,7.78800025582,44,0.00564971732854,32,2909,true,1,32,3,acl_timeline_event_ms,false,0.00778800025582
fp16,1,1,1,16,1,scalar_transform,2,5,5,7.18799978495,64,0.00890372870267,32,2909,true,1,32,3,acl_timeline_event_ms,false,0.00718799978495
fp16,1,1,1,16,1,vector_transform,2,6,5,7.69999995828,64,0.00831168835673,32,2909,true,1,32,3,acl_timeline_event_ms,false,0.00769999995828
fp16,1,1,1,16,1,vector_split,3,0,5,13.424000144,108,0.008045291928,32,2909,true,1,32,3,acl_timeline_event_ms,false,0.013424000144
fp16,1,1,1,16,1,scalar_fused,3,1,5,7.47200027108,44,0.00588865074996,32,2909,true,1,32,3,acl_timeline_event_ms,false,0.00747200027108
fp16,1,1,1,16,1,vector_fused,3,2,5,8.16399976611,44,0.00538951509806,32,2909,true,1,32,3,acl_timeline_event_ms,false,0.00816399976611
fp16,1,1,1,16,1,quant_only,3,3,5,7.65200033784,44,0.00575013043092,32,2909,true,1,32,3,acl_timeline_event_ms,false,0.00765200033784
fp16,1,1,1,16,1,scalar_transform,3,4,5,7.11600035429,64,0.0089938163032,32,2909,true,1,32,3,acl_timeline_event_ms,false,0.00711600035429
fp16,1,1,1,16,1,vector_transform,3,5,5,7.62000009418,64,0.00839895002743,32,2909,true,1,32,3,acl_timeline_event_ms,false,0.00762000009418
fp16,1,1,1,16,1,scalar_split,3,6,5,12.8560006618,108,0.00840074630056,32,2909,true,1,32,3,acl_timeline_event_ms,false,0.0128560006618
fp16,1,1,1,16,1,scalar_fused,4,0,5,7.4359998107,44,0.00591715991395,32,2909,true,1,32,3,acl_timeline_event_ms,false,0.0074359998107
fp16,1,1,1,16,1,vector_fused,4,1,5,8.10000002384,44,0.00543209874944,32,2909,true,1,32,3,acl_timeline_event_ms,false,0.00810000002384
fp16,1,1,1,16,1,quant_only,4,2,5,7.46800005436,44,0.00589180499193,32,2909,true,1,32,3,acl_timeline_event_ms,false,0.00746800005436
fp16,1,1,1,16,1,scalar_transform,4,3,5,7.23199993372,64,0.00884955760323,32,2909,true,1,32,3,acl_timeline_event_ms,false,0.00723199993372
fp16,1,1,1,16,1,vector_transform,4,4,5,7.6559998095,64,0.00835945684332,32,2909,true,1,32,3,acl_timeline_event_ms,false,0.0076559998095
fp16,1,1,1,16,1,scalar_split,4,5,5,12.7440005541,108,0.00847457590273,32,2909,true,1,32,3,acl_timeline_event_ms,false,0.0127440005541
fp16,1,1,1,16,1,vector_split,4,6,5,14.2920002341,108,0.00755667493918,32,2909,true,1,32,3,acl_timeline_event_ms,false,0.0142920002341
bf16,1,1,1,16,1,scalar_transform,0,0,5,7.63999968767,64,0.00837696369324,32,2909,true,1,32,3,acl_timeline_event_ms,false,0.00763999968767
bf16,1,1,1,16,1,vector_transform,0,1,5,7.82399997115,64,0.00817995913037,32,2909,true,1,32,3,acl_timeline_event_ms,false,0.00782399997115
bf16,1,1,1,16,1,scalar_split,0,2,5,13.7679994106,108,0.00784427691917,32,2909,true,1,32,3,acl_timeline_event_ms,false,0.0137679994106
bf16,1,1,1,16,1,vector_split,0,3,5,13.4519994259,108,0.00802854628377,32,2909,true,1,32,3,acl_timeline_event_ms,false,0.0134519994259
bf16,1,1,1,16,1,scalar_fused,0,4,5,6.58800005913,44,0.00667880989756,32,2909,true,1,32,3,acl_timeline_event_ms,false,0.00658800005913
bf16,1,1,1,16,1,vector_fused,0,5,5,7.87599980831,44,0.00558659231474,32,2909,true,1,32,3,acl_timeline_event_ms,false,0.00787599980831
bf16,1,1,1,16,1,quant_only,0,6,5,7.35199972987,44,0.00598476626995,32,2909,true,1,32,3,acl_timeline_event_ms,false,0.00735199972987
bf16,1,1,1,16,1,vector_transform,1,0,5,7.73999989033,64,0.00826873396729,32,2909,true,1,32,3,acl_timeline_event_ms,false,0.00773999989033
bf16,1,1,1,16,1,scalar_split,1,1,5,12.7200007439,108,0.00849056554121,32,2909,true,1,32,3,acl_timeline_event_ms,false,0.0127200007439
bf16,1,1,1,16,1,vector_split,1,2,5,13.6720001698,108,0.00789935625066,32,2909,true,1,32,3,acl_timeline_event_ms,false,0.0136720001698
bf16,1,1,1,16,1,scalar_fused,1,3,5,7.69200026989,44,0.00572022860845,32,2909,true,1,32,3,acl_timeline_event_ms,false,0.00769200026989
bf16,1,1,1,16,1,vector_fused,1,4,5,8.07999968529,44,0.00544554476656,32,2909,true,1,32,3,acl_timeline_event_ms,false,0.00807999968529
bf16,1,1,1,16,1,quant_only,1,5,5,7.37999975681,44,0.00596205981706,32,2909,true,1,32,3,acl_timeline_event_ms,false,0.00737999975681
bf16,1,1,1,16,1,scalar_transform,1,6,5,7.01600015163,64,0.00912200664435,32,2909,true,1,32,3,acl_timeline_event_ms,false,0.00701600015163
bf16,1,1,1,16,1,scalar_split,2,0,5,12.6959994435,108,0.00850661662994,32,2909,true,1,32,3,acl_timeline_event_ms,false,0.0126959994435
bf16,1,1,1,16,1,vector_split,2,1,5,13.4000003338,108,0.00805970129177,32,2909,true,1,32,3,acl_timeline_event_ms,false,0.0134000003338
bf16,1,1,1,16,1,scalar_fused,2,2,5,7.85600021482,44,0.0056008145108,32,2909,true,1,32,3,acl_timeline_event_ms,false,0.00785600021482
bf16,1,1,1,16,1,vector_fused,2,3,5,8.24399963021,44,0.0053372151836,32,2909,true,1,32,3,acl_timeline_event_ms,false,0.00824399963021
bf16,1,1,1,16,1,quant_only,2,4,5,7.39199966192,44,0.00595238122462,32,2909,true,1,32,3,acl_timeline_event_ms,false,0.00739199966192
bf16,1,1,1,16,1,scalar_transform,2,5,5,7.0799998939,64,0.00903954815806,32,2909,true,1,32,3,acl_timeline_event_ms,false,0.0070799998939
bf16,1,1,1,16,1,vector_transform,2,6,5,7.63999968767,64,0.00837696369324,32,2909,true,1,32,3,acl_timeline_event_ms,false,0.00763999968767
bf16,1,1,1,16,1,vector_split,3,0,5,13.3399993181,108,0.00809595243781,32,2909,true,1,32,3,acl_timeline_event_ms,false,0.0133399993181
bf16,1,1,1,16,1,scalar_fused,3,1,5,7.4960000813,44,0.00586979716152,32,2909,true,1,32,3,acl_timeline_event_ms,false,0.0074960000813
bf16,1,1,1,16,1,vector_fused,3,2,5,8.11600014567,44,0.00542138974991,32,2909,true,1,32,3,acl_timeline_event_ms,false,0.00811600014567
bf16,1,1,1,16,1,quant_only,3,3,5,7.36399963498,44,0.00597501387575,32,2909,true,1,32,3,acl_timeline_event_ms,false,0.00736399963498
bf16,1,1,1,16,1,scalar_transform,3,4,5,8.66400003433,64,0.00738688824404,32,2909,true,1,32,3,acl_timeline_event_ms,false,0.00866400003433
bf16,1,1,1,16,1,vector_transform,3,5,5,7.60800018907,64,0.00841219747759,32,2909,true,1,32,3,acl_timeline_event_ms,false,0.00760800018907
bf16,1,1,1,16,1,scalar_split,3,6,5,13.0919992924,108,0.00824931300316,32,2909,true,1,32,3,acl_timeline_event_ms,false,0.0130919992924
bf16,1,1,1,16,1,scalar_fused,4,0,5,7.42399990559,44,0.0059267242133,32,2909,true,1,32,3,acl_timeline_event_ms,false,0.00742399990559
bf16,1,1,1,16,1,vector_fused,4,1,5,8.94400030375,44,0.00491949893848,32,2909,true,1,32,3,acl_timeline_event_ms,false,0.00894400030375
bf16,1,1,1,16,1,quant_only,4,2,5,7.37999975681,44,0.00596205981706,32,2909,true,1,32,3,acl_timeline_event_ms,false,0.00737999975681
bf16,1,1,1,16,1,scalar_transform,4,3,5,7.07200020552,64,0.00904977349266,32,2909,true,1,32,3,acl_timeline_event_ms,false,0.00707200020552
bf16,1,1,1,16,1,vector_transform,4,4,5,7.65200033784,64,0.00836382608133,32,2909,true,1,32,3,acl_timeline_event_ms,false,0.00765200033784
bf16,1,1,1,16,1,scalar_split,4,5,5,14.1639992595,108,0.00762496509789,32,2909,true,1,32,3,acl_timeline_event_ms,false,0.0141639992595
bf16,1,1,1,16,1,vector_split,4,6,5,13.2799997926,108,0.00813253024751,32,2909,true,1,32,3,acl_timeline_event_ms,false,0.0132799997926
fp16,1,1,1,64,1,scalar_transform,0,0,5,11.9560003281,256,0.0214118428384,128,2909,true,1,32,3,acl_timeline_event_ms,false,0.0119560003281
fp16,1,1,1,64,1,vector_transform,0,1,5,11.3439999521,256,0.022566995864,128,2909,true,1,32,3,acl_timeline_event_ms,false,0.0113439999521
fp16,1,1,1,64,1,scalar_split,0,2,5,17.4079999328,420,0.0241268383285,128,2909,true,1,32,3,acl_timeline_event_ms,false,0.0174079999328
fp16,1,1,1,64,1,vector_split,0,3,5,17.1399995685,420,0.0245040846309,128,2909,true,1,32,3,acl_timeline_event_ms,false,0.0171399995685
fp16,1,1,1,64,1,scalar_fused,0,4,5,13.8080000877,164,0.0118771725781,128,2909,true,1,32,3,acl_timeline_event_ms,false,0.0138080000877
fp16,1,1,1,64,1,vector_fused,0,5,5,13.6999994516,164,0.0119708033989,128,2909,true,1,32,3,acl_timeline_event_ms,false,0.0136999994516
fp16,1,1,1,64,1,quant_only,0,6,5,8.01599994302,164,0.0204590819818,128,2909,true,1,32,3,acl_timeline_event_ms,false,0.00801599994302
fp16,1,1,1,64,1,vector_transform,1,0,5,10.2880001068,256,0.0248833589952,128,2909,true,1,32,3,acl_timeline_event_ms,false,0.0102880001068
fp16,1,1,1,64,1,scalar_split,1,1,5,17.4239993095,420,0.0241046841508,128,2909,true,1,32,3,acl_timeline_event_ms,false,0.0174239993095
fp16,1,1,1,64,1,vector_split,1,2,5,16.5999993682,420,0.0253012057823,128,2909,true,1,32,3,acl_timeline_event_ms,false,0.0165999993682
fp16,1,1,1,64,1,scalar_fused,1,3,5,13.5360002518,164,0.0121158390181,128,2909,true,1,32,3,acl_timeline_event_ms,false,0.0135360002518
fp16,1,1,1,64,1,vector_fused,1,4,5,13.8040006161,164,0.0118806137845,128,2909,true,1,32,3,acl_timeline_event_ms,false,0.0138040006161
fp16,1,1,1,64,1,quant_only,1,5,5,7.84000009298,164,0.0209183670988,128,2909,true,1,32,3,acl_timeline_event_ms,false,0.00784000009298
fp16,1,1,1,64,1,scalar_transform,1,6,5,10.651999712,256,0.0240330460873,128,2909,true,1,32,3,acl_timeline_event_ms,false,0.010651999712
fp16,1,1,1,64,1,scalar_split,2,0,5,17.0560002327,420,0.0246247651425,128,2909,true,1,32,3,acl_timeline_event_ms,false,0.0170560002327
fp16,1,1,1,64,1,vector_split,2,1,5,16.8280005455,420,0.0249584018532,128,2909,true,1,32,3,acl_timeline_event_ms,false,0.0168280005455
fp16,1,1,1,64,1,scalar_fused,2,2,5,13.5199993849,164,0.0121301780667,128,2909,true,1,32,3,acl_timeline_event_ms,false,0.0135199993849
fp16,1,1,1,64,1,vector_fused,2,3,5,13.4519994259,164,0.0121914962087,128,2909,true,1,32,3,acl_timeline_event_ms,false,0.0134519994259
fp16,1,1,1,64,1,quant_only,2,4,5,8.55199992657,164,0.019176800913,128,2909,true,1,32,3,acl_timeline_event_ms,false,0.00855199992657
fp16,1,1,1,64,1,scalar_transform,2,5,5,10.9319999814,256,0.0234174899776,128,2909,true,1,32,3,acl_timeline_event_ms,false,0.0109319999814
fp16,1,1,1,64,1,vector_transform,2,6,5,10.2519996464,256,0.0249707382783,128,2909,true,1,32,3,acl_timeline_event_ms,false,0.0102519996464
fp16,1,1,1,64,1,vector_split,3,0,5,16.8479993939,420,0.0249287758255,128,2909,true,1,32,3,acl_timeline_event_ms,false,0.0168479993939
fp16,1,1,1,64,1,scalar_fused,3,1,5,13.288000226,164,0.0123419624632,128,2909,true,1,32,3,acl_timeline_event_ms,false,0.013288000226
fp16,1,1,1,64,1,vector_fused,3,2,5,13.560000062,164,0.0120943952249,128,2909,true,1,32,3,acl_timeline_event_ms,false,0.013560000062
fp16,1,1,1,64,1,quant_only,3,3,5,7.94000029564,164,0.0206549110697,128,2909,true,1,32,3,acl_timeline_event_ms,false,0.00794000029564
fp16,1,1,1,64,1,scalar_transform,3,4,5,10.7160001993,256,0.0238895105672,128,2909,true,1,32,3,acl_timeline_event_ms,false,0.0107160001993
fp16,1,1,1,64,1,vector_transform,3,5,5,10.271999985,256,0.0249221184165,128,2909,true,1,32,3,acl_timeline_event_ms,false,0.010271999985
fp16,1,1,1,64,1,scalar_split,3,6,5,17.2680005431,420,0.0243224453782,128,2909,true,1,32,3,acl_timeline_event_ms,false,0.0172680005431
fp16,1,1,1,64,1,scalar_fused,4,0,5,13.288000226,164,0.0123419624632,128,2909,true,1,32,3,acl_timeline_event_ms,false,0.013288000226
fp16,1,1,1,64,1,vector_fused,4,1,5,13.2119998336,164,0.0124129580734,128,2909,true,1,32,3,acl_timeline_event_ms,false,0.0132119998336
fp16,1,1,1,64,1,quant_only,4,2,5,8.1200003624,164,0.0201970434336,128,2909,true,1,32,3,acl_timeline_event_ms,false,0.0081200003624
fp16,1,1,1,64,1,scalar_transform,4,3,5,10.1839996874,256,0.0251374713135,128,2909,true,1,32,3,acl_timeline_event_ms,false,0.0101839996874
fp16,1,1,1,64,1,vector_transform,4,4,5,10.6279999018,256,0.024087316745,128,2909,true,1,32,3,acl_timeline_event_ms,false,0.0106279999018
fp16,1,1,1,64,1,scalar_split,4,5,5,16.9520005584,420,0.0247758368432,128,2909,true,1,32,3,acl_timeline_event_ms,false,0.0169520005584
fp16,1,1,1,64,1,vector_split,4,6,5,16.7600005865,420,0.0250596649942,128,2909,true,1,32,3,acl_timeline_event_ms,false,0.0167600005865
bf16,1,1,1,64,1,scalar_transform,0,0,5,10.7320003211,256,0.02385389418,128,2909,true,1,32,3,acl_timeline_event_ms,false,0.0107320003211
bf16,1,1,1,64,1,vector_transform,0,1,5,10.4879997671,256,0.0244088487496,128,2909,true,1,32,3,acl_timeline_event_ms,false,0.0104879997671
bf16,1,1,1,64,1,scalar_split,0,2,5,18.5080006719,420,0.0226928887375,128,2909,true,1,32,3,acl_timeline_event_ms,false,0.0185080006719
bf16,1,1,1,64,1,vector_split,0,3,5,16.3760006428,420,0.0256472877085,128,2909,true,1,32,3,acl_timeline_event_ms,false,0.0163760006428
bf16,1,1,1,64,1,scalar_fused,0,4,5,13.8960003853,164,0.0118019570706,128,2909,true,1,32,3,acl_timeline_event_ms,false,0.0138960003853
bf16,1,1,1,64,1,vector_fused,0,5,5,13.6600002646,164,0.0120058562828,128,2909,true,1,32,3,acl_timeline_event_ms,false,0.0136600002646
bf16,1,1,1,64,1,quant_only,0,6,5,8.10799971223,164,0.0202269370771,128,2909,true,1,32,3,acl_timeline_event_ms,false,0.00810799971223
bf16,1,1,1,64,1,vector_transform,1,0,5,9.89200025797,256,0.0258794979098,128,2909,true,1,32,3,acl_timeline_event_ms,false,0.00989200025797
bf16,1,1,1,64,1,scalar_split,1,1,5,17.3519998789,420,0.0242047027969,128,2909,true,1,32,3,acl_timeline_event_ms,false,0.0173519998789
bf16,1,1,1,64,1,vector_split,1,2,5,16.7999997735,420,0.0250000003371,128,2909,true,1,32,3,acl_timeline_event_ms,false,0.0167999997735
bf16,1,1,1,64,1,scalar_fused,1,3,5,13.7360006571,164,0.0119394286659,128,2909,true,1,32,3,acl_timeline_event_ms,false,0.0137360006571
bf16,1,1,1,64,1,vector_fused,1,4,5,13.6879995465,164,0.0119812978838,128,2909,true,1,32,3,acl_timeline_event_ms,false,0.0136879995465
bf16,1,1,1,64,1,quant_only,1,5,5,7.92799964547,164,0.0206861765053,128,2909,true,1,32,3,acl_timeline_event_ms,false,0.00792799964547
bf16,1,1,1,64,1,scalar_transform,1,6,5,12.5560000539,256,0.020388658721,128,2909,true,1,32,3,acl_timeline_event_ms,false,0.0125560000539
bf16,1,1,1,64,1,scalar_split,2,0,5,17.2440007329,420,0.0243562968075,128,2909,true,1,32,3,acl_timeline_event_ms,false,0.0172440007329
bf16,1,1,1,64,1,vector_split,2,1,5,16.9599995017,420,0.024764151671,128,2909,true,1,32,3,acl_timeline_event_ms,false,0.0169599995017
bf16,1,1,1,64,1,scalar_fused,2,2,5,13.5680004954,164,0.0120872637096,128,2909,true,1,32,3,acl_timeline_event_ms,false,0.0135680004954
bf16,1,1,1,64,1,vector_fused,2,3,5,13.4200006723,164,0.0122205657067,128,2909,true,1,32,3,acl_timeline_event_ms,false,0.0134200006723
bf16,1,1,1,64,1,quant_only,2,4,5,8.13200026751,164,0.0201672398678,128,2909,true,1,32,3,acl_timeline_event_ms,false,0.00813200026751
bf16,1,1,1,64,1,scalar_transform,2,5,5,10.6279999018,256,0.024087316745,128,2909,true,1,32,3,acl_timeline_event_ms,false,0.0106279999018
bf16,1,1,1,64,1,vector_transform,2,6,5,10.3359997272,256,0.0247678025112,128,2909,true,1,32,3,acl_timeline_event_ms,false,0.0103359997272
bf16,1,1,1,64,1,vector_split,3,0,5,16.7960003018,420,0.0250059533491,128,2909,true,1,32,3,acl_timeline_event_ms,false,0.0167960003018
bf16,1,1,1,64,1,scalar_fused,3,1,5,13.492000103,164,0.0121553512265,128,2909,true,1,32,3,acl_timeline_event_ms,false,0.013492000103
bf16,1,1,1,64,1,vector_fused,3,2,5,13.2400006056,164,0.0123867063821,128,2909,true,1,32,3,acl_timeline_event_ms,false,0.0132400006056
bf16,1,1,1,64,1,quant_only,3,3,5,7.90800005198,164,0.0207384925294,128,2909,true,1,32,3,acl_timeline_event_ms,false,0.00790800005198
bf16,1,1,1,64,1,scalar_transform,3,4,5,11.8919998407,256,0.0215270773149,128,2909,true,1,32,3,acl_timeline_event_ms,false,0.0118919998407
bf16,1,1,1,64,1,vector_transform,3,5,5,10.3200003505,256,0.0248062007079,128,2909,true,1,32,3,acl_timeline_event_ms,false,0.0103200003505
bf16,1,1,1,64,1,scalar_split,3,6,5,17.2440007329,420,0.0243562968075,128,2909,true,1,32,3,acl_timeline_event_ms,false,0.0172440007329
bf16,1,1,1,64,1,scalar_fused,4,0,5,13.4599998593,164,0.0121842497559,128,2909,true,1,32,3,acl_timeline_event_ms,false,0.0134599998593
bf16,1,1,1,64,1,vector_fused,4,1,5,13.1080001593,164,0.0125114432413,128,2909,true,1,32,3,acl_timeline_event_ms,false,0.0131080001593
bf16,1,1,1,64,1,quant_only,4,2,5,7.93600007892,164,0.0206653223751,128,2909,true,1,32,3,acl_timeline_event_ms,false,0.00793600007892
bf16,1,1,1,64,1,scalar_transform,4,3,5,10.6279999018,256,0.024087316745,128,2909,true,1,32,3,acl_timeline_event_ms,false,0.0106279999018
bf16,1,1,1,64,1,vector_transform,4,4,5,10.6279999018,256,0.024087316745,128,2909,true,1,32,3,acl_timeline_event_ms,false,0.0106279999018
bf16,1,1,1,64,1,scalar_split,4,5,5,17.0000001788,420,0.0247058820931,128,2909,true,1,32,3,acl_timeline_event_ms,false,0.0170000001788
bf16,1,1,1,64,1,vector_split,4,6,5,16.7840003967,420,0.0250238316297,128,2909,true,1,32,3,acl_timeline_event_ms,false,0.0167840003967
fp16,1,1,1,128,1,scalar_transform,0,0,5,18.6639994383,512,0.0274324911814,256,2909,true,1,32,3,acl_timeline_event_ms,false,0.0186639994383
fp16,1,1,1,128,1,vector_transform,0,1,5,17.1079993248,512,0.0299275204704,256,2909,true,1,32,3,acl_timeline_event_ms,false,0.0171079993248
fp16,1,1,1,128,1,scalar_split,0,2,5,28.7000000477,836,0.0291289198122,256,2909,true,1,32,3,acl_timeline_event_ms,false,0.0287000000477
fp16,1,1,1,128,1,vector_split,0,3,5,27.1719992161,836,0.030766966882,256,2909,true,1,32,3,acl_timeline_event_ms,false,0.0271719992161
fp16,1,1,1,128,1,scalar_fused,0,4,5,25.2519994974,324,0.0128306671332,256,2909,true,1,32,3,acl_timeline_event_ms,false,0.0252519994974
fp16,1,1,1,128,1,vector_fused,0,5,5,23.7639993429,324,0.0136340687156,256,2909,true,1,32,3,acl_timeline_event_ms,false,0.0237639993429
fp16,1,1,1,128,1,quant_only,0,6,5,10.5640001595,324,0.0306702002185,256,2909,true,1,32,3,acl_timeline_event_ms,false,0.0105640001595
fp16,1,1,1,128,1,vector_transform,1,0,5,17.2680005431,512,0.0296502191277,256,2909,true,1,32,3,acl_timeline_event_ms,false,0.0172680005431
fp16,1,1,1,128,1,scalar_split,1,1,5,28.628000617,836,0.0292021790548,256,2909,true,1,32,3,acl_timeline_event_ms,false,0.028628000617
fp16,1,1,1,128,1,vector_split,1,2,5,26.6319990158,836,0.0313908092105,256,2909,true,1,32,3,acl_timeline_event_ms,false,0.0266319990158
fp16,1,1,1,128,1,scalar_fused,1,3,5,25.1159995794,324,0.0129001435509,256,2909,true,1,32,3,acl_timeline_event_ms,false,0.0251159995794
fp16,1,1,1,128,1,vector_fused,1,4,5,23.6800000072,324,0.0136824324283,256,2909,true,1,32,3,acl_timeline_event_ms,false,0.0236800000072
fp16,1,1,1,128,1,quant_only,1,5,5,10.5920001864,324,0.0305891233286,256,2909,true,1,32,3,acl_timeline_event_ms,false,0.0105920001864
fp16,1,1,1,128,1,scalar_transform,1,6,5,18.6680004001,512,0.0274266117971,256,2909,true,1,32,3,acl_timeline_event_ms,false,0.0186680004001
fp16,1,1,1,128,1,scalar_split,2,0,5,28.9279997349,836,0.028899336548,256,2909,true,1,32,3,acl_timeline_event_ms,false,0.0289279997349
fp16,1,1,1,128,1,vector_split,2,1,5,26.4959990978,836,0.0315519334415,256,2909,true,1,32,3,acl_timeline_event_ms,false,0.0264959990978
fp16,1,1,1,128,1,scalar_fused,2,2,5,24.6160000563,324,0.0131621709156,256,2909,true,1,32,3,acl_timeline_event_ms,false,0.0246160000563
fp16,1,1,1,128,1,vector_fused,2,3,5,23.45200032,324,0.0138154526514,256,2909,true,1,32,3,acl_timeline_event_ms,false,0.02345200032
fp16,1,1,1,128,1,quant_only,2,4,5,10.9279997647,324,0.029648609716,256,2909,true,1,32,3,acl_timeline_event_ms,false,0.0109279997647
fp16,1,1,1,128,1,scalar_transform,2,5,5,18.5959994793,512,0.0275328035242,256,2909,true,1,32,3,acl_timeline_event_ms,false,0.0185959994793
fp16,1,1,1,128,1,vector_transform,2,6,5,16.7280003428,512,0.0306073642699,256,2909,true,1,32,3,acl_timeline_event_ms,false,0.0167280003428
fp16,1,1,1,128,1,vector_split,3,0,5,26.4800012112,836,0.0315709955348,256,2909,true,1,32,3,acl_timeline_event_ms,false,0.0264800012112
fp16,1,1,1,128,1,scalar_fused,3,1,5,24.8280003667,324,0.0130497823109,256,2909,true,1,32,3,acl_timeline_event_ms,false,0.0248280003667
fp16,1,1,1,128,1,vector_fused,3,2,5,23.2960000634,324,0.0139079669951,256,2909,true,1,32,3,acl_timeline_event_ms,false,0.0232960000634
fp16,1,1,1,128,1,quant_only,3,3,5,10.6320001185,324,0.0304740402924,256,2909,true,1,32,3,acl_timeline_event_ms,false,0.0106320001185
fp16,1,1,1,128,1,scalar_transform,3,4,5,18.6360001564,512,0.0274737065735,256,2909,true,1,32,3,acl_timeline_event_ms,false,0.0186360001564
fp16,1,1,1,128,1,vector_transform,3,5,5,16.5839999914,512,0.0308731307444,256,2909,true,1,32,3,acl_timeline_event_ms,false,0.0165839999914
fp16,1,1,1,128,1,scalar_split,3,6,5,28.8239985704,836,0.0290036095428,256,2909,true,1,32,3,acl_timeline_event_ms,false,0.0288239985704
fp16,1,1,1,128,1,scalar_fused,4,0,5,24.5279997587,324,0.0132093934763,256,2909,true,1,32,3,acl_timeline_event_ms,false,0.0245279997587
fp16,1,1,1,128,1,vector_fused,4,1,5,23.3799993992,324,0.0138579986453,256,2909,true,1,32,3,acl_timeline_event_ms,false,0.0233799993992
fp16,1,1,1,128,1,quant_only,4,2,5,10.6200002134,324,0.0305084739633,256,2909,true,1,32,3,acl_timeline_event_ms,false,0.0106200002134
fp16,1,1,1,128,1,scalar_transform,4,3,5,18.8119992614,512,0.0272166712791,256,2909,true,1,32,3,acl_timeline_event_ms,false,0.0188119992614
fp16,1,1,1,128,1,vector_transform,4,4,5,16.5560007095,512,0.0309253429607,256,2909,true,1,32,3,acl_timeline_event_ms,false,0.0165560007095
fp16,1,1,1,128,1,scalar_split,4,5,5,28.9079993963,836,0.0289193308931,256,2909,true,1,32,3,acl_timeline_event_ms,false,0.0289079993963
fp16,1,1,1,128,1,vector_split,4,6,5,26.7879992723,836,0.0312080044314,256,2909,true,1,32,3,acl_timeline_event_ms,false,0.0267879992723
bf16,1,1,1,128,1,scalar_transform,0,0,5,18.6360001564,512,0.0274737065735,256,2909,true,1,32,3,acl_timeline_event_ms,false,0.0186360001564
bf16,1,1,1,128,1,vector_transform,0,1,5,17.0640006661,512,0.0300046870612,256,2909,true,1,32,3,acl_timeline_event_ms,false,0.0170640006661
bf16,1,1,1,128,1,scalar_split,0,2,5,28.4999996424,836,0.0293333337014,256,2909,true,1,32,3,acl_timeline_event_ms,false,0.0284999996424
bf16,1,1,1,128,1,vector_split,0,3,5,26.6119986773,836,0.0314144010805,256,2909,true,1,32,3,acl_timeline_event_ms,false,0.0266119986773
bf16,1,1,1,128,1,scalar_fused,0,4,5,24.7400000691,324,0.0130962004484,256,2909,true,1,32,3,acl_timeline_event_ms,false,0.0247400000691
bf16,1,1,1,128,1,vector_fused,0,5,5,23.4960004687,324,0.0137895809302,256,2909,true,1,32,3,acl_timeline_event_ms,false,0.0234960004687
bf16,1,1,1,128,1,quant_only,0,6,5,10.4680001736,324,0.030951470637,256,2909,true,1,32,3,acl_timeline_event_ms,false,0.0104680001736
bf16,1,1,1,128,1,vector_transform,1,0,5,16.8479993939,512,0.0303893648159,256,2909,true,1,32,3,acl_timeline_event_ms,false,0.0168479993939
bf16,1,1,1,128,1,scalar_split,1,1,5,28.25999856,836,0.0295824501982,256,2909,true,1,32,3,acl_timeline_event_ms,false,0.02825999856
bf16,1,1,1,128,1,vector_split,1,2,5,26.4400005341,836,0.0316187588167,256,2909,true,1,32,3,acl_timeline_event_ms,false,0.0264400005341
bf16,1,1,1,128,1,scalar_fused,1,3,5,24.6120005846,324,0.0131643097799,256,2909,true,1,32,3,acl_timeline_event_ms,false,0.0246120005846
bf16,1,1,1,128,1,vector_fused,1,4,5,23.3520001173,324,0.0138746145243,256,2909,true,1,32,3,acl_timeline_event_ms,false,0.0233520001173
bf16,1,1,1,128,1,quant_only,1,5,5,10.5039998889,324,0.0308453925578,256,2909,true,1,32,3,acl_timeline_event_ms,false,0.0105039998889
bf16,1,1,1,128,1,scalar_transform,1,6,5,18.5760006309,512,0.0275624452311,256,2909,true,1,32,3,acl_timeline_event_ms,false,0.0185760006309
bf16,1,1,1,128,1,scalar_split,2,0,5,28.6320000887,836,0.0291980999375,256,2909,true,1,32,3,acl_timeline_event_ms,false,0.0286320000887
bf16,1,1,1,128,1,vector_split,2,1,5,26.1999994516,836,0.0319083976144,256,2909,true,1,32,3,acl_timeline_event_ms,false,0.0261999994516
bf16,1,1,1,128,1,scalar_fused,2,2,5,24.3399992585,324,0.0133114219339,256,2909,true,1,32,3,acl_timeline_event_ms,false,0.0243399992585
bf16,1,1,1,128,1,vector_fused,2,3,5,23.4559997916,324,0.0138130969849,256,2909,true,1,32,3,acl_timeline_event_ms,false,0.0234559997916
bf16,1,1,1,128,1,quant_only,2,4,5,10.2200001478,324,0.0317025435728,256,2909,true,1,32,3,acl_timeline_event_ms,false,0.0102200001478
bf16,1,1,1,128,1,scalar_transform,2,5,5,18.4679999948,512,0.0277236300707,256,2909,true,1,32,3,acl_timeline_event_ms,false,0.0184679999948
bf16,1,1,1,128,1,vector_transform,2,6,5,16.6400000453,512,0.0307692306855,256,2909,true,1,32,3,acl_timeline_event_ms,false,0.0166400000453
bf16,1,1,1,128,1,vector_split,3,0,5,26.2400001287,836,0.0318597559412,256,2909,true,1,32,3,acl_timeline_event_ms,false,0.0262400001287
bf16,1,1,1,128,1,scalar_fused,3,1,5,24.4240000844,324,0.0132656403079,256,2909,true,1,32,3,acl_timeline_event_ms,false,0.0244240000844
bf16,1,1,1,128,1,vector_fused,3,2,5,22.9599997401,324,0.0141114984176,256,2909,true,1,32,3,acl_timeline_event_ms,false,0.0229599997401
bf16,1,1,1,128,1,quant_only,3,3,5,10.5120003223,324,0.0308219168631,256,2909,true,1,32,3,acl_timeline_event_ms,false,0.0105120003223
bf16,1,1,1,128,1,scalar_transform,3,4,5,20.2120006084,512,0.0253314854832,256,2909,true,1,32,3,acl_timeline_event_ms,false,0.0202120006084
bf16,1,1,1,128,1,vector_transform,3,5,5,16.9839993119,512,0.0301460210046,256,2909,true,1,32,3,acl_timeline_event_ms,false,0.0169839993119
bf16,1,1,1,128,1,scalar_split,3,6,5,28.3520013094,836,0.0294864546202,256,2909,true,1,32,3,acl_timeline_event_ms,false,0.0283520013094
bf16,1,1,1,128,1,scalar_fused,4,0,5,24.3359997869,324,0.0133136095841,256,2909,true,1,32,3,acl_timeline_event_ms,false,0.0243359997869
bf16,1,1,1,128,1,vector_fused,4,1,5,22.9320004582,324,0.0141287281321,256,2909,true,1,32,3,acl_timeline_event_ms,false,0.0229320004582
bf16,1,1,1,128,1,quant_only,4,2,5,10.4199998081,324,0.0310940504768,256,2909,true,1,32,3,acl_timeline_event_ms,false,0.0104199998081
bf16,1,1,1,128,1,scalar_transform,4,3,5,18.6360001564,512,0.0274737065735,256,2909,true,1,32,3,acl_timeline_event_ms,false,0.0186360001564
bf16,1,1,1,128,1,vector_transform,4,4,5,16.5399998426,512,0.0309552602703,256,2909,true,1,32,3,acl_timeline_event_ms,false,0.0165399998426
bf16,1,1,1,128,1,scalar_split,4,5,5,28.3399999142,836,0.0294989415149,256,2909,true,1,32,3,acl_timeline_event_ms,false,0.0283399999142
bf16,1,1,1,128,1,vector_split,4,6,5,26.5720009804,836,0.0314616878352,256,2909,true,1,32,3,acl_timeline_event_ms,false,0.0265720009804
fp16,1,1,1,256,1,scalar_transform,0,0,5,37.567999959,1024,0.0272572402342,512,2909,true,1,32,3,acl_timeline_event_ms,false,0.037567999959
fp16,1,1,1,256,1,vector_transform,0,1,5,32.4319988489,1024,0.0315737554373,512,2909,true,1,32,3,acl_timeline_event_ms,false,0.0324319988489
fp16,1,1,1,256,1,scalar_split,0,2,5,54.1999995708,1668,0.0307749079928,512,2909,true,1,32,3,acl_timeline_event_ms,false,0.0541999995708
fp16,1,1,1,256,1,vector_split,0,3,5,49.2320001125,1668,0.0338804029125,512,2909,true,1,32,3,acl_timeline_event_ms,false,0.0492320001125
fp16,1,1,1,256,1,scalar_fused,0,4,5,49.1479992867,644,0.0131032800795,512,2909,true,1,32,3,acl_timeline_event_ms,false,0.0491479992867
fp16,1,1,1,256,1,vector_fused,0,5,5,45.0320005417,644,0.0143009413806,512,2909,true,1,32,3,acl_timeline_event_ms,false,0.0450320005417
fp16,1,1,1,256,1,quant_only,0,6,5,17.3120006919,644,0.0371996288275,512,2909,true,1,32,3,acl_timeline_event_ms,false,0.0173120006919
fp16,1,1,1,256,1,vector_transform,1,0,5,32.0959985256,1024,0.0319042886042,512,2909,true,1,32,3,acl_timeline_event_ms,false,0.0320959985256
fp16,1,1,1,256,1,scalar_split,1,1,5,54.5560002327,1668,0.0305740888791,512,2909,true,1,32,3,acl_timeline_event_ms,false,0.0545560002327
fp16,1,1,1,256,1,vector_split,1,2,5,48.6559987068,1668,0.0342814872643,512,2909,true,1,32,3,acl_timeline_event_ms,false,0.0486559987068
fp16,1,1,1,256,1,scalar_fused,1,3,5,48.4519988298,644,0.0132915053156,512,2909,true,1,32,3,acl_timeline_event_ms,false,0.0484519988298
fp16,1,1,1,256,1,vector_fused,1,4,5,45.243999362,644,0.0142339317718,512,2909,true,1,32,3,acl_timeline_event_ms,false,0.045243999362
fp16,1,1,1,256,1,quant_only,1,5,5,17.4160003662,644,0.0369774911839,512,2909,true,1,32,3,acl_timeline_event_ms,false,0.0174160003662
fp16,1,1,1,256,1,scalar_transform,1,6,5,37.3279988766,1024,0.0274324911814,512,2909,true,1,32,3,acl_timeline_event_ms,false,0.0373279988766
fp16,1,1,1,256,1,scalar_split,2,0,5,54.2159974575,1668,0.0307658270293,512,2909,true,1,32,3,acl_timeline_event_ms,false,0.0542159974575
fp16,1,1,1,256,1,vector_split,2,1,5,49.1320014,1668,0.0339493599379,512,2909,true,1,32,3,acl_timeline_event_ms,false,0.0491320014
fp16,1,1,1,256,1,scalar_fused,2,2,5,48.2039988041,644,0.0133598874777,512,2909,true,1,32,3,acl_timeline_event_ms,false,0.0482039988041
fp16,1,1,1,256,1,vector_fused,2,3,5,44.9239999056,644,0.0143353219071,512,2909,true,1,32,3,acl_timeline_event_ms,false,0.0449239999056
fp16,1,1,1,256,1,quant_only,2,4,5,17.1759992838,644,0.0374941794861,512,2909,true,1,32,3,acl_timeline_event_ms,false,0.0171759992838
fp16,1,1,1,256,1,scalar_transform,2,5,5,37.3959988356,1024,0.0273826086182,512,2909,true,1,32,3,acl_timeline_event_ms,false,0.0373959988356
fp16,1,1,1,256,1,vector_transform,2,6,5,32.091999054,1024,0.0319082646824,512,2909,true,1,32,3,acl_timeline_event_ms,false,0.032091999054
fp16,1,1,1,256,1,vector_split,3,0,5,48.8079994917,1668,0.0341747258108,512,2909,true,1,32,3,acl_timeline_event_ms,false,0.0488079994917
fp16,1,1,1,256,1,scalar_fused,3,1,5,48.1840014458,644,0.0133654321077,512,2909,true,1,32,3,acl_timeline_event_ms,false,0.0481840014458
fp16,1,1,1,256,1,vector_fused,3,2,5,44.7600007057,644,0.0143878460645,512,2909,true,1,32,3,acl_timeline_event_ms,false,0.0447600007057
fp16,1,1,1,256,1,quant_only,3,3,5,17.3759996891,644,0.0370626157644,512,2909,true,1,32,3,acl_timeline_event_ms,false,0.0173759996891
fp16,1,1,1,256,1,scalar_transform,3,4,5,37.4280005693,1024,0.0273591959074,512,2909,true,1,32,3,acl_timeline_event_ms,false,0.0374280005693
fp16,1,1,1,256,1,vector_transform,3,5,5,32.01200068,1024,0.0319880038189,512,2909,true,1,32,3,acl_timeline_event_ms,false,0.03201200068
fp16,1,1,1,256,1,scalar_split,3,6,5,54.0960013866,1668,0.0308340719692,512,2909,true,1,32,3,acl_timeline_event_ms,false,0.0540960013866
fp16,1,1,1,256,1,scalar_fused,4,0,5,48.3759999275,644,0.0133123863272,512,2909,true,1,32,3,acl_timeline_event_ms,false,0.0483759999275
fp16,1,1,1,256,1,vector_fused,4,1,5,44.6599990129,644,0.0144200630146,512,2909,true,1,32,3,acl_timeline_event_ms,false,0.0446599990129
fp16,1,1,1,256,1,quant_only,4,2,5,17.2120004892,644,0.0374157553855,512,2909,true,1,32,3,acl_timeline_event_ms,false,0.0172120004892
fp16,1,1,1,256,1,scalar_transform,4,3,5,37.3560011387,1024,0.0274119276364,512,2909,true,1,32,3,acl_timeline_event_ms,false,0.0373560011387
fp16,1,1,1,256,1,vector_transform,4,4,5,32.1319997311,1024,0.0318685425299,512,2909,true,1,32,3,acl_timeline_event_ms,false,0.0321319997311
fp16,1,1,1,256,1,scalar_split,4,5,5,54.3240010738,1668,0.0307046603164,512,2909,true,1,32,3,acl_timeline_event_ms,false,0.0543240010738
fp16,1,1,1,256,1,vector_split,4,6,5,48.7599998713,1668,0.0342083676047,512,2909,true,1,32,3,acl_timeline_event_ms,false,0.0487599998713
bf16,1,1,1,256,1,scalar_transform,0,0,5,37.6720011234,1024,0.0271819911197,512,2909,true,1,32,3,acl_timeline_event_ms,false,0.0376720011234
bf16,1,1,1,256,1,vector_transform,0,1,5,32.335999608,1024,0.0316674917248,512,2909,true,1,32,3,acl_timeline_event_ms,false,0.032335999608
bf16,1,1,1,256,1,scalar_split,0,2,5,54.5279979706,1668,0.0305897898709,512,2909,true,1,32,3,acl_timeline_event_ms,false,0.0545279979706
bf16,1,1,1,256,1,vector_split,0,3,5,49.6360003948,1668,0.0336046415249,512,2909,true,1,32,3,acl_timeline_event_ms,false,0.0496360003948
bf16,1,1,1,256,1,scalar_fused,0,4,5,48.9679992199,644,0.0131514460517,512,2909,true,1,32,3,acl_timeline_event_ms,false,0.0489679992199
bf16,1,1,1,256,1,vector_fused,0,5,5,45.2360004187,644,0.0142364487143,512,2909,true,1,32,3,acl_timeline_event_ms,false,0.0452360004187
bf16,1,1,1,256,1,quant_only,0,6,5,17.5319999456,644,0.0367328315079,512,2909,true,1,32,3,acl_timeline_event_ms,false,0.0175319999456
bf16,1,1,1,256,1,vector_transform,1,0,5,32.2160005569,1024,0.031785447675,512,2909,true,1,32,3,acl_timeline_event_ms,false,0.0322160005569
bf16,1,1,1,256,1,scalar_split,1,1,5,55.1119983196,1668,0.0302656417996,512,2909,true,1,32,3,acl_timeline_event_ms,false,0.0551119983196
bf16,1,1,1,256,1,vector_split,1,2,5,49.0599989891,1668,0.0339991853724,512,2909,true,1,32,3,acl_timeline_event_ms,false,0.0490599989891
bf16,1,1,1,256,1,scalar_fused,1,3,5,48.8119989634,644,0.013193477294,512,2909,true,1,32,3,acl_timeline_event_ms,false,0.0488119989634
bf16,1,1,1,256,1,vector_fused,1,4,5,45.6120014191,644,0.0141190910279,512,2909,true,1,32,3,acl_timeline_event_ms,false,0.0456120014191
bf16,1,1,1,256,1,quant_only,1,5,5,17.5799995661,644,0.036632537878,512,2909,true,1,32,3,acl_timeline_event_ms,false,0.0175799995661
bf16,1,1,1,256,1,scalar_transform,1,6,5,37.3879998922,1024,0.0273884669667,512,2909,true,1,32,3,acl_timeline_event_ms,false,0.0373879998922
bf16,1,1,1,256,1,scalar_split,2,0,5,54.3640017509,1668,0.0306820680281,512,2909,true,1,32,3,acl_timeline_event_ms,false,0.0543640017509
bf16,1,1,1,256,1,vector_split,2,1,5,49.5400011539,1668,0.0336697610244,512,2909,true,1,32,3,acl_timeline_event_ms,false,0.0495400011539
bf16,1,1,1,256,1,scalar_fused,2,2,5,48.5159993172,644,0.0132739716602,512,2909,true,1,32,3,acl_timeline_event_ms,false,0.0485159993172
bf16,1,1,1,256,1,vector_fused,2,3,5,45.0639992952,644,0.0142907866606,512,2909,true,1,32,3,acl_timeline_event_ms,false,0.0450639992952
bf16,1,1,1,256,1,quant_only,2,4,5,17.499999702,644,0.0368000006267,512,2909,true,1,32,3,acl_timeline_event_ms,false,0.017499999702
bf16,1,1,1,256,1,scalar_transform,2,5,5,37.6399993896,1024,0.0272051013976,512,2909,true,1,32,3,acl_timeline_event_ms,false,0.0376399993896
bf16,1,1,1,256,1,vector_transform,2,6,5,32.1520000696,1024,0.0318487185178,512,2909,true,1,32,3,acl_timeline_event_ms,false,0.0321520000696
bf16,1,1,1,256,1,vector_split,3,0,5,49.268001318,1668,0.0338556457615,512,2909,true,1,32,3,acl_timeline_event_ms,false,0.049268001318
bf16,1,1,1,256,1,scalar_fused,3,1,5,48.4400004148,644,0.013294797574,512,2909,true,1,32,3,acl_timeline_event_ms,false,0.0484400004148
bf16,1,1,1,256,1,vector_fused,3,2,5,45.2840000391,644,0.014221358525,512,2909,true,1,32,3,acl_timeline_event_ms,false,0.0452840000391
bf16,1,1,1,256,1,quant_only,3,3,5,17.4559995532,644,0.036892759881,512,2909,true,1,32,3,acl_timeline_event_ms,false,0.0174559995532
bf16,1,1,1,256,1,scalar_transform,3,4,5,37.3919993639,1024,0.0273855374791,512,2909,true,1,32,3,acl_timeline_event_ms,false,0.0373919993639
bf16,1,1,1,256,1,vector_transform,3,5,5,32.2479993105,1024,0.031753907898,512,2909,true,1,32,3,acl_timeline_event_ms,false,0.0322479993105
bf16,1,1,1,256,1,scalar_split,3,6,5,54.5880019665,1668,0.0305561650896,512,2909,true,1,32,3,acl_timeline_event_ms,false,0.0545880019665
bf16,1,1,1,256,1,scalar_fused,4,0,5,48.5720008612,644,0.01325866731,512,2909,true,1,32,3,acl_timeline_event_ms,false,0.0485720008612
bf16,1,1,1,256,1,vector_fused,4,1,5,44.8879987001,644,0.0143468191643,512,2909,true,1,32,3,acl_timeline_event_ms,false,0.0448879987001
bf16,1,1,1,256,1,quant_only,4,2,5,17.4840003252,644,0.0368336758191,512,2909,true,1,32,3,acl_timeline_event_ms,false,0.0174840003252
bf16,1,1,1,256,1,scalar_transform,4,3,5,37.3320013285,1024,0.0274295500793,512,2909,true,1,32,3,acl_timeline_event_ms,false,0.0373320013285
bf16,1,1,1,256,1,vector_transform,4,4,5,32.3080003262,1024,0.0316949359187,512,2909,true,1,32,3,acl_timeline_event_ms,false,0.0323080003262
bf16,1,1,1,256,1,scalar_split,4,5,5,54.1719973087,1668,0.0307908159726,512,2909,true,1,32,3,acl_timeline_event_ms,false,0.0541719973087
bf16,1,1,1,256,1,vector_split,4,6,5,48.8480001688,1668,0.0341467407926,512,2909,true,1,32,3,acl_timeline_event_ms,false,0.0488480001688
fp16,1,17,1,16,17,scalar_transform,0,0,5,7.98799991608,1088,0.136204307891,544,2909,true,1,32,3,acl_timeline_event_ms,false,0.00798799991608
fp16,1,17,1,16,17,vector_transform,0,1,5,6.86800032854,1088,0.158415834006,544,2909,true,1,32,3,acl_timeline_event_ms,false,0.00686800032854
fp16,1,17,1,16,17,scalar_split,0,2,5,12.66400069,1836,0.144977882183,544,2909,true,1,32,3,acl_timeline_event_ms,false,0.01266400069
fp16,1,17,1,16,17,vector_split,0,3,5,13.5800004005,1836,0.135198817809,544,2909,true,1,32,3,acl_timeline_event_ms,false,0.0135800004005
fp16,1,17,1,16,17,scalar_fused,0,4,5,7.58799985051,748,0.0985767019947,544,2909,true,1,32,3,acl_timeline_event_ms,false,0.00758799985051
fp16,1,17,1,16,17,vector_fused,0,5,5,7.66400024295,748,0.097599161833,544,2909,true,1,32,3,acl_timeline_event_ms,false,0.00766400024295
fp16,1,17,1,16,17,quant_only,0,6,5,6.8599998951,748,0.109037902542,544,2909,true,1,32,3,acl_timeline_event_ms,false,0.0068599998951
fp16,1,17,1,16,17,vector_transform,1,0,5,7.88400024176,1088,0.138001010482,544,2909,true,1,32,3,acl_timeline_event_ms,false,0.00788400024176
fp16,1,17,1,16,17,scalar_split,1,1,5,13.763999939,1836,0.133391456564,544,2909,true,1,32,3,acl_timeline_event_ms,false,0.013763999939
fp16,1,17,1,16,17,vector_split,1,2,5,13.53199929,1836,0.135678399079,544,2909,true,1,32,3,acl_timeline_event_ms,false,0.01353199929
fp16,1,17,1,16,17,scalar_fused,1,3,5,8.14799964428,748,0.0918016731291,544,2909,true,1,32,3,acl_timeline_event_ms,false,0.00814799964428
fp16,1,17,1,16,17,vector_fused,1,4,5,8.55199992657,748,0.0874649212375,544,2909,true,1,32,3,acl_timeline_event_ms,false,0.00855199992657
fp16,1,17,1,16,17,quant_only,1,5,5,7.59600028396,748,0.0984728767823,544,2909,true,1,32,3,acl_timeline_event_ms,false,0.00759600028396
fp16,1,17,1,16,17,scalar_transform,1,6,5,7.57199972868,1088,0.143687274034,544,2909,true,1,32,3,acl_timeline_event_ms,false,0.00757199972868
fp16,1,17,1,16,17,scalar_split,2,0,5,13.1559997797,1836,0.139556098415,544,2909,true,1,32,3,acl_timeline_event_ms,false,0.0131559997797
fp16,1,17,1,16,17,vector_split,2,1,5,14.0440002084,1836,0.13073198325,544,2909,true,1,32,3,acl_timeline_event_ms,false,0.0140440002084
fp16,1,17,1,16,17,scalar_fused,2,2,5,8.13200026751,748,0.0919822891532,544,2909,true,1,32,3,acl_timeline_event_ms,false,0.00813200026751
fp16,1,17,1,16,17,vector_fused,2,3,5,8.46399962902,748,0.0883742949888,544,2909,true,1,32,3,acl_timeline_event_ms,false,0.00846399962902
fp16,1,17,1,16,17,quant_only,2,4,5,8.35200026631,748,0.0895593841175,544,2909,true,1,32,3,acl_timeline_event_ms,false,0.00835200026631
fp16,1,17,1,16,17,scalar_transform,2,5,5,7.47599974275,1088,0.145532375259,544,2909,true,1,32,3,acl_timeline_event_ms,false,0.00747599974275
fp16,1,17,1,16,17,vector_transform,2,6,5,7.7840000391,1088,0.139773894467,544,2909,true,1,32,3,acl_timeline_event_ms,false,0.0077840000391
fp16,1,17,1,16,17,vector_split,3,0,5,13.4880006313,1836,0.13612099007,544,2909,true,1,32,3,acl_timeline_event_ms,false,0.0134880006313
fp16,1,17,1,16,17,scalar_fused,3,1,5,8.38000029325,748,0.0892601400745,544,2909,true,1,32,3,acl_timeline_event_ms,false,0.00838000029325
fp16,1,17,1,16,17,vector_fused,3,2,5,8.89599993825,748,0.0840827343966,544,2909,true,1,32,3,acl_timeline_event_ms,false,0.00889599993825
fp16,1,17,1,16,17,quant_only,3,3,5,6.33599981666,748,0.118055558972,544,2909,true,1,32,3,acl_timeline_event_ms,false,0.00633599981666
fp16,1,17,1,16,17,scalar_transform,3,4,5,7.67600014806,1088,0.141740487105,544,2909,true,1,32,3,acl_timeline_event_ms,false,0.00767600014806
fp16,1,17,1,16,17,vector_transform,3,5,5,7.71199986339,1088,0.141078840673,544,2909,true,1,32,3,acl_timeline_event_ms,false,0.00771199986339
fp16,1,17,1,16,17,scalar_split,3,6,5,13.1400004029,1836,0.139726023113,544,2909,true,1,32,3,acl_timeline_event_ms,false,0.0131400004029
fp16,1,17,1,16,17,scalar_fused,4,0,5,8.41600000858,748,0.0888783269056,544,2909,true,1,32,3,acl_timeline_event_ms,false,0.00841600000858
fp16,1,17,1,16,17,vector_fused,4,1,5,8.6479999125,748,0.0864939879242,544,2909,true,1,32,3,acl_timeline_event_ms,false,0.0086479999125
fp16,1,17,1,16,17,quant_only,4,2,5,7.71199986339,748,0.096991702963,544,2909,true,1,32,3,acl_timeline_event_ms,false,0.00771199986339
fp16,1,17,1,16,17,scalar_transform,4,3,5,7.35599994659,1088,0.147906471982,544,2909,true,1,32,3,acl_timeline_event_ms,false,0.00735599994659
fp16,1,17,1,16,17,vector_transform,4,4,5,7.69200026989,1088,0.141445652863,544,2909,true,1,32,3,acl_timeline_event_ms,false,0.00769200026989
fp16,1,17,1,16,17,scalar_split,4,5,5,13.191999495,1836,0.139175263059,544,2909,true,1,32,3,acl_timeline_event_ms,false,0.013191999495
fp16,1,17,1,16,17,vector_split,4,6,5,14.387999475,1836,0.127606343272,544,2909,true,1,32,3,acl_timeline_event_ms,false,0.014387999475
bf16,1,17,1,16,17,scalar_transform,0,0,5,7.7239997685,1088,0.14085966243,544,2909,true,1,32,3,acl_timeline_event_ms,false,0.0077239997685
bf16,1,17,1,16,17,vector_transform,0,1,5,7.95200020075,1088,0.136820922099,544,2909,true,1,32,3,acl_timeline_event_ms,false,0.00795200020075
bf16,1,17,1,16,17,scalar_split,0,2,5,13.6079996824,1836,0.134920638069,544,2909,true,1,32,3,acl_timeline_event_ms,false,0.0136079996824
bf16,1,17,1,16,17,vector_split,0,3,5,13.6920005083,1836,0.134092895986,544,2909,true,1,32,3,acl_timeline_event_ms,false,0.0136920005083
bf16,1,17,1,16,17,scalar_fused,0,4,5,8.42799991369,748,0.0887517806905,544,2909,true,1,32,3,acl_timeline_event_ms,false,0.00842799991369
bf16,1,17,1,16,17,vector_fused,0,5,5,8.54799970984,748,0.0875058522918,544,2909,true,1,32,3,acl_timeline_event_ms,false,0.00854799970984
bf16,1,17,1,16,17,quant_only,0,6,5,7.79199972749,748,0.0959958965811,544,2909,true,1,32,3,acl_timeline_event_ms,false,0.00779199972749
bf16,1,17,1,16,17,vector_transform,1,0,5,7.66799971461,1088,0.141888372521,544,2909,true,1,32,3,acl_timeline_event_ms,false,0.00766799971461
bf16,1,17,1,16,17,scalar_split,1,1,5,13.2400006056,1836,0.138670688521,544,2909,true,1,32,3,acl_timeline_event_ms,false,0.0132400006056
bf16,1,17,1,16,17,vector_split,1,2,5,14.0159994364,1836,0.130993155953,544,2909,true,1,32,3,acl_timeline_event_ms,false,0.0140159994364
bf16,1,17,1,16,17,scalar_fused,1,3,5,8.45199972391,748,0.0884997662605,544,2909,true,1,32,3,acl_timeline_event_ms,false,0.00845199972391
bf16,1,17,1,16,17,vector_fused,1,4,5,8.70800018311,748,0.0858980229986,544,2909,true,1,32,3,acl_timeline_event_ms,false,0.00870800018311
bf16,1,17,1,16,17,quant_only,1,5,5,7.6240003109,748,0.0981112237011,544,2909,true,1,32,3,acl_timeline_event_ms,false,0.0076240003109
bf16,1,17,1,16,17,scalar_transform,1,6,5,7.55200013518,1088,0.144067794031,544,2909,true,1,32,3,acl_timeline_event_ms,false,0.00755200013518
bf16,1,17,1,16,17,scalar_split,2,0,5,13.2039994001,1836,0.139048779416,544,2909,true,1,32,3,acl_timeline_event_ms,false,0.0132039994001
bf16,1,17,1,16,17,vector_split,2,1,5,13.6319994926,1836,0.134683103604,544,2909,true,1,32,3,acl_timeline_event_ms,false,0.0136319994926
bf16,1,17,1,16,17,scalar_fused,2,2,5,8.49599987268,748,0.0880414325811,544,2909,true,1,32,3,acl_timeline_event_ms,false,0.00849599987268
bf16,1,17,1,16,17,vector_fused,2,3,5,8.44400003552,748,0.088583609291,544,2909,true,1,32,3,acl_timeline_event_ms,false,0.00844400003552
bf16,1,17,1,16,17,quant_only,2,4,5,7.7239997685,748,0.0968410179207,544,2909,true,1,32,3,acl_timeline_event_ms,false,0.0077239997685
bf16,1,17,1,16,17,scalar_transform,2,5,5,7.63600021601,1088,0.142482971349,544,2909,true,1,32,3,acl_timeline_event_ms,false,0.00763600021601
bf16,1,17,1,16,17,vector_transform,2,6,5,7.53600001335,1088,0.14437367278,544,2909,true,1,32,3,acl_timeline_event_ms,false,0.00753600001335
bf16,1,17,1,16,17,vector_split,3,0,5,13.6800006032,1836,0.134210520398,544,2909,true,1,32,3,acl_timeline_event_ms,false,0.0136800006032
bf16,1,17,1,16,17,scalar_fused,3,1,5,7.43200033903,748,0.100645851168,544,2909,true,1,32,3,acl_timeline_event_ms,false,0.00743200033903
bf16,1,17,1,16,17,vector_fused,3,2,5,8.68000015616,748,0.086175113657,544,2909,true,1,32,3,acl_timeline_event_ms,false,0.00868000015616
bf16,1,17,1,16,17,quant_only,3,3,5,7.67600014806,748,0.0974465848843,544,2909,true,1,32,3,acl_timeline_event_ms,false,0.00767600014806
bf16,1,17,1,16,17,scalar_transform,3,4,5,8.30399990082,1088,0.13102119617,544,2909,true,1,32,3,acl_timeline_event_ms,false,0.00830399990082
bf16,1,17,1,16,17,vector_transform,3,5,5,7.54399970174,1088,0.144220578342,544,2909,true,1,32,3,acl_timeline_event_ms,false,0.00754399970174
bf16,1,17,1,16,17,scalar_split,3,6,5,13.3320003748,1836,0.137713767506,544,2909,true,1,32,3,acl_timeline_event_ms,false,0.0133320003748
bf16,1,17,1,16,17,scalar_fused,4,0,5,8.57999995351,748,0.0871794876519,544,2909,true,1,32,3,acl_timeline_event_ms,false,0.00857999995351
bf16,1,17,1,16,17,vector_fused,4,1,5,8.54000002146,748,0.087587821794,544,2909,true,1,32,3,acl_timeline_event_ms,false,0.00854000002146
bf16,1,17,1,16,17,quant_only,4,2,5,7.52400010824,748,0.0994152032482,544,2909,true,1,32,3,acl_timeline_event_ms,false,0.00752400010824
bf16,1,17,1,16,17,scalar_transform,4,3,5,7.63199999928,1088,0.142557652005,544,2909,true,1,32,3,acl_timeline_event_ms,false,0.00763199999928
bf16,1,17,1,16,17,vector_transform,4,4,5,7.66799971461,1088,0.141888372521,544,2909,true,1,32,3,acl_timeline_event_ms,false,0.00766799971461
bf16,1,17,1,16,17,scalar_split,4,5,5,13.3479997516,1836,0.137548698994,544,2909,true,1,32,3,acl_timeline_event_ms,false,0.0133479997516
bf16,1,17,1,16,17,vector_split,4,6,5,14.4280001521,1836,0.127252563116,544,2909,true,1,32,3,acl_timeline_event_ms,false,0.0144280001521
fp16,1,17,1,64,17,scalar_transform,0,0,5,11.7320001125,4352,0.370951240901,2176,2909,true,1,32,3,acl_timeline_event_ms,false,0.0117320001125
fp16,1,17,1,64,17,vector_transform,0,1,5,12.6120001078,4352,0.345068186078,2176,2909,true,1,32,3,acl_timeline_event_ms,false,0.0126120001078
fp16,1,17,1,64,17,scalar_split,0,2,5,19.9159994721,7140,0.358505733543,2176,2909,true,1,32,3,acl_timeline_event_ms,false,0.0199159994721
fp16,1,17,1,64,17,vector_split,0,3,5,19.415999949,7140,0.36773794905,2176,2909,true,1,32,3,acl_timeline_event_ms,false,0.019415999949
fp16,1,17,1,64,17,scalar_fused,0,4,5,15.1399999857,2788,0.184147952618,2176,2909,true,1,32,3,acl_timeline_event_ms,false,0.0151399999857
fp16,1,17,1,64,17,vector_fused,0,5,5,14.6679997444,2788,0.190073632982,2176,2909,true,1,32,3,acl_timeline_event_ms,false,0.0146679997444
fp16,1,17,1,64,17,quant_only,0,6,5,9.34799984097,2788,0.298245619109,2176,2909,true,1,32,3,acl_timeline_event_ms,false,0.00934799984097
fp16,1,17,1,64,17,vector_transform,1,0,5,11.5240000188,4352,0.377646649851,2176,2909,true,1,32,3,acl_timeline_event_ms,false,0.0115240000188
fp16,1,17,1,64,17,scalar_split,1,1,5,19.8919996619,7140,0.35893827274,2176,2909,true,1,32,3,acl_timeline_event_ms,false,0.0198919996619
fp16,1,17,1,64,17,vector_split,1,2,5,19.4560006261,7140,0.366981896085,2176,2909,true,1,32,3,acl_timeline_event_ms,false,0.0194560006261
fp16,1,17,1,64,17,scalar_fused,1,3,5,15.0999993086,2788,0.184635770044,2176,2909,true,1,32,3,acl_timeline_event_ms,false,0.0150999993086
fp16,1,17,1,64,17,vector_fused,1,4,5,14.6760001779,2788,0.189970016776,2176,2909,true,1,32,3,acl_timeline_event_ms,false,0.0146760001779
fp16,1,17,1,64,17,quant_only,1,5,5,9.44800004363,2788,0.295088906343,2176,2909,true,1,32,3,acl_timeline_event_ms,false,0.00944800004363
fp16,1,17,1,64,17,scalar_transform,1,6,5,11.9640000165,4352,0.363757939988,2176,2909,true,1,32,3,acl_timeline_event_ms,false,0.0119640000165
fp16,1,17,1,64,17,scalar_split,2,0,5,19.8159992695,7140,0.360314910336,2176,2909,true,1,32,3,acl_timeline_event_ms,false,0.0198159992695
fp16,1,17,1,64,17,vector_split,2,1,5,19.4639995694,7140,0.366831080865,2176,2909,true,1,32,3,acl_timeline_event_ms,false,0.0194639995694
fp16,1,17,1,64,17,scalar_fused,2,2,5,15.068000555,2788,0.185027866824,2176,2909,true,1,32,3,acl_timeline_event_ms,false,0.015068000555
fp16,1,17,1,64,17,vector_fused,2,3,5,14.8000001907,2788,0.188378375951,2176,2909,true,1,32,3,acl_timeline_event_ms,false,0.0148000001907
fp16,1,17,1,64,17,quant_only,2,4,5,9.22800004482,2788,0.302123969057,2176,2909,true,1,32,3,acl_timeline_event_ms,false,0.00922800004482
fp16,1,17,1,64,17,scalar_transform,2,5,5,11.8160001934,4352,0.368314144278,2176,2909,true,1,32,3,acl_timeline_event_ms,false,0.0118160001934
fp16,1,17,1,64,17,vector_transform,2,6,5,11.3080002367,4352,0.384860267853,2176,2909,true,1,32,3,acl_timeline_event_ms,false,0.0113080002367
fp16,1,17,1,64,17,vector_split,3,0,5,19.3560004234,7140,0.368877859258,2176,2909,true,1,32,3,acl_timeline_event_ms,false,0.0193560004234
fp16,1,17,1,64,17,scalar_fused,3,1,5,15.0999993086,2788,0.184635770044,2176,2909,true,1,32,3,acl_timeline_event_ms,false,0.0150999993086
fp16,1,17,1,64,17,vector_fused,3,2,5,14.7520005703,2788,0.188991315904,2176,2909,true,1,32,3,acl_timeline_event_ms,false,0.0147520005703
fp16,1,17,1,64,17,quant_only,3,3,5,9.01999995112,2788,0.309090910766,2176,2909,true,1,32,3,acl_timeline_event_ms,false,0.00901999995112
fp16,1,17,1,64,17,scalar_transform,3,4,5,11.7559999228,4352,0.370193945951,2176,2909,true,1,32,3,acl_timeline_event_ms,false,0.0117559999228
fp16,1,17,1,64,17,vector_transform,3,5,5,11.2400002778,4352,0.387188602532,2176,2909,true,1,32,3,acl_timeline_event_ms,false,0.0112400002778
fp16,1,17,1,64,17,scalar_split,3,6,5,19.7799995542,7140,0.360970685588,2176,2909,true,1,32,3,acl_timeline_event_ms,false,0.0197799995542
fp16,1,17,1,64,17,scalar_fused,4,0,5,15.0800004601,2788,0.184880630963,2176,2909,true,1,32,3,acl_timeline_event_ms,false,0.0150800004601
fp16,1,17,1,64,17,vector_fused,4,1,5,14.6320000291,2788,0.190541279009,2176,2909,true,1,32,3,acl_timeline_event_ms,false,0.0146320000291
fp16,1,17,1,64,17,quant_only,4,2,5,9.40399989486,2788,0.296469590724,2176,2909,true,1,32,3,acl_timeline_event_ms,false,0.00940399989486
fp16,1,17,1,64,17,scalar_transform,4,3,5,11.7279998958,4352,0.371077765916,2176,2909,true,1,32,3,acl_timeline_event_ms,false,0.0117279998958
fp16,1,17,1,64,17,vector_transform,4,4,5,11.1000001431,4352,0.392072067019,2176,2909,true,1,32,3,acl_timeline_event_ms,false,0.0111000001431
fp16,1,17,1,64,17,scalar_split,4,5,5,19.6520000696,7140,0.363321798021,2176,2909,true,1,32,3,acl_timeline_event_ms,false,0.0196520000696
fp16,1,17,1,64,17,vector_split,4,6,5,19.3360000849,7140,0.369259410874,2176,2909,true,1,32,3,acl_timeline_event_ms,false,0.0193360000849
bf16,1,17,1,64,17,scalar_transform,0,0,5,11.7919996381,4352,0.369063783376,2176,2909,true,1,32,3,acl_timeline_event_ms,false,0.0117919996381
bf16,1,17,1,64,17,vector_transform,0,1,5,11.4519998431,4352,0.380020962244,2176,2909,true,1,32,3,acl_timeline_event_ms,false,0.0114519998431
bf16,1,17,1,64,17,scalar_split,0,2,5,19.6879997849,7140,0.36265746028,2176,2909,true,1,32,3,acl_timeline_event_ms,false,0.0196879997849
bf16,1,17,1,64,17,vector_split,0,3,5,19.4519996643,7140,0.367057378327,2176,2909,true,1,32,3,acl_timeline_event_ms,false,0.0194519996643
bf16,1,17,1,64,17,scalar_fused,0,4,5,15.2480006218,2788,0.18284364417,2176,2909,true,1,32,3,acl_timeline_event_ms,false,0.0152480006218
bf16,1,17,1,64,17,vector_fused,0,5,5,14.8760005832,2788,0.187415964688,2176,2909,true,1,32,3,acl_timeline_event_ms,false,0.0148760005832
bf16,1,17,1,64,17,quant_only,0,6,5,9.4120003283,2788,0.296217584228,2176,2909,true,1,32,3,acl_timeline_event_ms,false,0.0094120003283
bf16,1,17,1,64,17,vector_transform,1,0,5,11.3640002906,4352,0.382963735366,2176,2909,true,1,32,3,acl_timeline_event_ms,false,0.0113640002906
bf16,1,17,1,64,17,scalar_split,1,1,5,19.796000421,7140,0.360678917364,2176,2909,true,1,32,3,acl_timeline_event_ms,false,0.019796000421
bf16,1,17,1,64,17,vector_split,1,2,5,19.4720000029,7140,0.366680361491,2176,2909,true,1,32,3,acl_timeline_event_ms,false,0.0194720000029
bf16,1,17,1,64,17,scalar_fused,1,3,5,15.2239993215,2788,0.183131905167,2176,2909,true,1,32,3,acl_timeline_event_ms,false,0.0152239993215
bf16,1,17,1,64,17,vector_fused,1,4,5,14.6960005164,2788,0.189711479452,2176,2909,true,1,32,3,acl_timeline_event_ms,false,0.0146960005164
bf16,1,17,1,64,17,quant_only,1,5,5,9.25199985504,2788,0.301340255478,2176,2909,true,1,32,3,acl_timeline_event_ms,false,0.00925199985504
bf16,1,17,1,64,17,scalar_transform,1,6,5,11.6800002754,4352,0.372602730941,2176,2909,true,1,32,3,acl_timeline_event_ms,false,0.0116800002754
bf16,1,17,1,64,17,scalar_split,2,0,5,19.8919996619,7140,0.35893827274,2176,2909,true,1,32,3,acl_timeline_event_ms,false,0.0198919996619
bf16,1,17,1,64,17,vector_split,2,1,5,19.4360002875,7140,0.367359533565,2176,2909,true,1,32,3,acl_timeline_event_ms,false,0.0194360002875
bf16,1,17,1,64,17,scalar_fused,2,2,5,15.3319999576,2788,0.181841899799,2176,2909,true,1,32,3,acl_timeline_event_ms,false,0.0153319999576
bf16,1,17,1,64,17,vector_fused,2,3,5,14.8000001907,2788,0.188378375951,2176,2909,true,1,32,3,acl_timeline_event_ms,false,0.0148000001907
bf16,1,17,1,64,17,quant_only,2,4,5,9.08399969339,2788,0.306913264432,2176,2909,true,1,32,3,acl_timeline_event_ms,false,0.00908399969339
bf16,1,17,1,64,17,scalar_transform,2,5,5,11.6039998829,4352,0.375043092374,2176,2909,true,1,32,3,acl_timeline_event_ms,false,0.0116039998829
bf16,1,17,1,64,17,vector_transform,2,6,5,11.2839996815,4352,0.385678848179,2176,2909,true,1,32,3,acl_timeline_event_ms,false,0.0112839996815
bf16,1,17,1,64,17,vector_split,3,0,5,19.3079993129,7140,0.369794916827,2176,2909,true,1,32,3,acl_timeline_event_ms,false,0.0193079993129
bf16,1,17,1,64,17,scalar_fused,3,1,5,15.3200000525,2788,0.181984333581,2176,2909,true,1,32,3,acl_timeline_event_ms,false,0.0153200000525
bf16,1,17,1,64,17,vector_fused,3,2,5,14.6640002728,2788,0.190125473823,2176,2909,true,1,32,3,acl_timeline_event_ms,false,0.0146640002728
bf16,1,17,1,64,17,quant_only,3,3,5,9.37199965119,2788,0.297481871934,2176,2909,true,1,32,3,acl_timeline_event_ms,false,0.00937199965119
bf16,1,17,1,64,17,scalar_transform,3,4,5,13.2679998875,4352,0.328007238236,2176,2909,true,1,32,3,acl_timeline_event_ms,false,0.0132679998875
bf16,1,17,1,64,17,vector_transform,3,5,5,11.3159999251,4352,0.384588196252,2176,2909,true,1,32,3,acl_timeline_event_ms,false,0.0113159999251
bf16,1,17,1,64,17,scalar_split,3,6,5,19.4800004363,7140,0.366529765918,2176,2909,true,1,32,3,acl_timeline_event_ms,false,0.0194800004363
bf16,1,17,1,64,17,scalar_fused,4,0,5,15.3559997678,2788,0.181557700063,2176,2909,true,1,32,3,acl_timeline_event_ms,false,0.0153559997678
bf16,1,17,1,64,17,vector_fused,4,1,5,14.9959996343,2788,0.185916248866,2176,2909,true,1,32,3,acl_timeline_event_ms,false,0.0149959996343
bf16,1,17,1,64,17,quant_only,4,2,5,9.29600000381,2788,0.299913941357,2176,2909,true,1,32,3,acl_timeline_event_ms,false,0.00929600000381
bf16,1,17,1,64,17,scalar_transform,4,3,5,11.8840001523,4352,0.366206659728,2176,2909,true,1,32,3,acl_timeline_event_ms,false,0.0118840001523
bf16,1,17,1,64,17,vector_transform,4,4,5,11.3119997084,4352,0.384724196621,2176,2909,true,1,32,3,acl_timeline_event_ms,false,0.0113119997084
bf16,1,17,1,64,17,scalar_split,4,5,5,19.7600007057,7140,0.361336019484,2176,2909,true,1,32,3,acl_timeline_event_ms,false,0.0197600007057
bf16,1,17,1,64,17,vector_split,4,6,5,19.2560002208,7140,0.370793514652,2176,2909,true,1,32,3,acl_timeline_event_ms,false,0.0192560002208
fp16,1,17,1,128,17,scalar_transform,0,0,5,20.7919999957,8704,0.41862254722,4352,2909,true,1,32,3,acl_timeline_event_ms,false,0.0207919999957
fp16,1,17,1,128,17,vector_transform,0,1,5,18.2439997792,8704,0.47708836359,4352,2909,true,1,32,3,acl_timeline_event_ms,false,0.0182439997792
fp16,1,17,1,128,17,scalar_split,0,2,5,31.9359987974,14212,0.445015046818,4352,2909,true,1,32,3,acl_timeline_event_ms,false,0.0319359987974
fp16,1,17,1,128,17,vector_split,0,3,5,29.9639999866,14212,0.47430249654,4352,2909,true,1,32,3,acl_timeline_event_ms,false,0.0299639999866
fp16,1,17,1,128,17,scalar_fused,0,4,5,26.2120008469,5508,0.210132756831,4352,2909,true,1,32,3,acl_timeline_event_ms,false,0.0262120008469
fp16,1,17,1,128,17,vector_fused,0,5,5,24.7079998255,5508,0.222923750968,4352,2909,true,1,32,3,acl_timeline_event_ms,false,0.0247079998255
fp16,1,17,1,128,17,quant_only,0,6,5,12.0679996908,5508,0.456413667645,4352,2909,true,1,32,3,acl_timeline_event_ms,false,0.0120679996908
fp16,1,17,1,128,17,vector_transform,1,0,5,18.2919993997,8704,0.475836446844,4352,2909,true,1,32,3,acl_timeline_event_ms,false,0.0182919993997
fp16,1,17,1,128,17,scalar_split,1,1,5,31.8040013313,14212,0.446862011228,4352,2909,true,1,32,3,acl_timeline_event_ms,false,0.0318040013313
fp16,1,17,1,128,17,vector_split,1,2,5,29.835999012,14212,0.476337326405,4352,2909,true,1,32,3,acl_timeline_event_ms,false,0.029835999012
fp16,1,17,1,128,17,scalar_fused,1,3,5,26.1759996414,5508,0.210421763274,4352,2909,true,1,32,3,acl_timeline_event_ms,false,0.0261759996414
fp16,1,17,1,128,17,vector_fused,1,4,5,24.7559994459,5508,0.222491522188,4352,2909,true,1,32,3,acl_timeline_event_ms,false,0.0247559994459
fp16,1,17,1,128,17,quant_only,1,5,5,12.2079998255,5508,0.451179560841,4352,2909,true,1,32,3,acl_timeline_event_ms,false,0.0122079998255
fp16,1,17,1,128,17,scalar_transform,1,6,5,20.3040003777,8704,0.428683995179,4352,2909,true,1,32,3,acl_timeline_event_ms,false,0.0203040003777
fp16,1,17,1,128,17,scalar_split,2,0,5,31.6799998283,14212,0.448611113542,4352,2909,true,1,32,3,acl_timeline_event_ms,false,0.0316799998283
fp16,1,17,1,128,17,vector_split,2,1,5,29.8720002174,14212,0.475763253098,4352,2909,true,1,32,3,acl_timeline_event_ms,false,0.0298720002174
fp16,1,17,1,128,17,scalar_fused,2,2,5,26.2439996004,5508,0.209876546405,4352,2909,true,1,32,3,acl_timeline_event_ms,false,0.0262439996004
fp16,1,17,1,128,17,vector_fused,2,3,5,24.8239994049,5508,0.221882054948,4352,2909,true,1,32,3,acl_timeline_event_ms,false,0.0248239994049
fp16,1,17,1,128,17,quant_only,2,4,5,12.2519999743,5508,0.449559256577,4352,2909,true,1,32,3,acl_timeline_event_ms,false,0.0122519999743
fp16,1,17,1,128,17,scalar_transform,2,5,5,20.3439995646,8704,0.427841141676,4352,2909,true,1,32,3,acl_timeline_event_ms,false,0.0203439995646
fp16,1,17,1,128,17,vector_transform,2,6,5,18.1319996715,8704,0.480035305411,4352,2909,true,1,32,3,acl_timeline_event_ms,false,0.0181319996715
fp16,1,17,1,128,17,vector_split,3,0,5,29.7919988632,14212,0.477040834529,4352,2909,true,1,32,3,acl_timeline_event_ms,false,0.0297919988632
fp16,1,17,1,128,17,scalar_fused,3,1,5,26.2199997902,5508,0.210068651567,4352,2909,true,1,32,3,acl_timeline_event_ms,false,0.0262199997902
fp16,1,17,1,128,17,vector_fused,3,2,5,24.8319998384,5508,0.221810568454,4352,2909,true,1,32,3,acl_timeline_event_ms,false,0.0248319998384
fp16,1,17,1,128,17,quant_only,3,3,5,12.188000232,5508,0.451919912632,4352,2909,true,1,32,3,acl_timeline_event_ms,false,0.012188000232
fp16,1,17,1,128,17,scalar_transform,3,4,5,20.4199999571,8704,0.426248776606,4352,2909,true,1,32,3,acl_timeline_event_ms,false,0.0204199999571
fp16,1,17,1,128,17,vector_transform,3,5,5,18.3039993048,8704,0.475524493586,4352,2909,true,1,32,3,acl_timeline_event_ms,false,0.0183039993048
fp16,1,17,1,128,17,scalar_split,3,6,5,31.6760003567,14212,0.448667756029,4352,2909,true,1,32,3,acl_timeline_event_ms,false,0.0316760003567
fp16,1,17,1,128,17,scalar_fused,4,0,5,26.2080013752,5508,0.210164824137,4352,2909,true,1,32,3,acl_timeline_event_ms,false,0.0262080013752
fp16,1,17,1,128,17,vector_fused,4,1,5,24.7519999743,5508,0.222527472759,4352,2909,true,1,32,3,acl_timeline_event_ms,false,0.0247519999743
fp16,1,17,1,128,17,quant_only,4,2,5,12.2400000691,5508,0.449999997458,4352,2909,true,1,32,3,acl_timeline_event_ms,false,0.0122400000691
fp16,1,17,1,128,17,scalar_transform,4,3,5,20.4600006342,8704,0.425415431584,4352,2909,true,1,32,3,acl_timeline_event_ms,false,0.0204600006342
fp16,1,17,1,128,17,vector_transform,4,4,5,18.2640001178,8704,0.476565918959,4352,2909,true,1,32,3,acl_timeline_event_ms,false,0.0182640001178
fp16,1,17,1,128,17,scalar_split,4,5,5,31.7600011826,14212,0.447481091651,4352,2909,true,1,32,3,acl_timeline_event_ms,false,0.0317600011826
fp16,1,17,1,128,17,vector_split,4,6,5,29.8159986734,14212,0.476656849756,4352,2909,true,1,32,3,acl_timeline_event_ms,false,0.0298159986734
bf16,1,17,1,128,17,scalar_transform,0,0,5,22.1039995551,8704,0.3937748903,4352,2909,true,1,32,3,acl_timeline_event_ms,false,0.0221039995551
bf16,1,17,1,128,17,vector_transform,0,1,5,18.384000659,8704,0.473455161445,4352,2909,true,1,32,3,acl_timeline_event_ms,false,0.018384000659
bf16,1,17,1,128,17,scalar_split,0,2,5,31.6960006952,14212,0.44838464438,4352,2909,true,1,32,3,acl_timeline_event_ms,false,0.0316960006952
bf16,1,17,1,128,17,vector_split,0,3,5,29.7600001097,14212,0.477553761681,4352,2909,true,1,32,3,acl_timeline_event_ms,false,0.0297600001097
bf16,1,17,1,128,17,scalar_fused,0,4,5,26.5119999647,5508,0.207754979154,4352,2909,true,1,32,3,acl_timeline_event_ms,false,0.0265119999647
bf16,1,17,1,128,17,vector_fused,0,5,5,24.8759999871,5508,0.221418234557,4352,2909,true,1,32,3,acl_timeline_event_ms,false,0.0248759999871
bf16,1,17,1,128,17,quant_only,0,6,5,12.1760003269,5508,0.45236529666,4352,2909,true,1,32,3,acl_timeline_event_ms,false,0.0121760003269
bf16,1,17,1,128,17,vector_transform,1,0,5,18.3080002666,8704,0.475420574245,4352,2909,true,1,32,3,acl_timeline_event_ms,false,0.0183080002666
bf16,1,17,1,128,17,scalar_split,1,1,5,31.7239999771,14212,0.447988904623,4352,2909,true,1,32,3,acl_timeline_event_ms,false,0.0317239999771
bf16,1,17,1,128,17,vector_split,1,2,5,29.9120008945,14212,0.475127025106,4352,2909,true,1,32,3,acl_timeline_event_ms,false,0.0299120008945
bf16,1,17,1,128,17,scalar_fused,1,3,5,26.4759987593,5508,0.208037477645,4352,2909,true,1,32,3,acl_timeline_event_ms,false,0.0264759987593
bf16,1,17,1,128,17,vector_fused,1,4,5,24.767999351,5508,0.222383726757,4352,2909,true,1,32,3,acl_timeline_event_ms,false,0.024767999351
bf16,1,17,1,128,17,quant_only,1,5,5,12.0240002871,5508,0.458083821399,4352,2909,true,1,32,3,acl_timeline_event_ms,false,0.0120240002871
bf16,1,17,1,128,17,scalar_transform,1,6,5,20.2360004187,8704,0.430124521641,4352,2909,true,1,32,3,acl_timeline_event_ms,false,0.0202360004187
bf16,1,17,1,128,17,scalar_split,2,0,5,31.536000967,14212,0.450659549854,4352,2909,true,1,32,3,acl_timeline_event_ms,false,0.031536000967
bf16,1,17,1,128,17,vector_split,2,1,5,29.8640012741,14212,0.475890684224,4352,2909,true,1,32,3,acl_timeline_event_ms,false,0.0298640012741
bf16,1,17,1,128,17,scalar_fused,2,2,5,26.4679998159,5508,0.208100349037,4352,2909,true,1,32,3,acl_timeline_event_ms,false,0.0264679998159
bf16,1,17,1,128,17,vector_fused,2,3,5,24.796000123,5508,0.22213260093,4352,2909,true,1,32,3,acl_timeline_event_ms,false,0.024796000123
bf16,1,17,1,128,17,quant_only,2,4,5,12.2120000422,5508,0.451031770469,4352,2909,true,1,32,3,acl_timeline_event_ms,false,0.0122120000422
bf16,1,17,1,128,17,scalar_transform,2,5,5,20.2120006084,8704,0.430635253215,4352,2909,true,1,32,3,acl_timeline_event_ms,false,0.0202120006084
bf16,1,17,1,128,17,vector_transform,2,6,5,18.2640001178,8704,0.476565918959,4352,2909,true,1,32,3,acl_timeline_event_ms,false,0.0182640001178
bf16,1,17,1,128,17,vector_split,3,0,5,29.8720002174,14212,0.475763253098,4352,2909,true,1,32,3,acl_timeline_event_ms,false,0.0298720002174
bf16,1,17,1,128,17,scalar_fused,3,1,5,26.4360010624,5508,0.208352238563,4352,2909,true,1,32,3,acl_timeline_event_ms,false,0.0264360010624
bf16,1,17,1,128,17,vector_fused,3,2,5,24.7999995947,5508,0.222096777823,4352,2909,true,1,32,3,acl_timeline_event_ms,false,0.0247999995947
bf16,1,17,1,128,17,quant_only,3,3,5,12.0679996908,5508,0.456413667645,4352,2909,true,1,32,3,acl_timeline_event_ms,false,0.0120679996908
bf16,1,17,1,128,17,scalar_transform,3,4,5,20.3720003366,8704,0.42725308542,4352,2909,true,1,32,3,acl_timeline_event_ms,false,0.0203720003366
bf16,1,17,1,128,17,vector_transform,3,5,5,18.2600006461,8704,0.476670300768,4352,2909,true,1,32,3,acl_timeline_event_ms,false,0.0182600006461
bf16,1,17,1,128,17,scalar_split,3,6,5,31.8360000849,14212,0.446412864748,4352,2909,true,1,32,3,acl_timeline_event_ms,false,0.0318360000849
bf16,1,17,1,128,17,scalar_fused,4,0,5,26.4360010624,5508,0.208352238563,4352,2909,true,1,32,3,acl_timeline_event_ms,false,0.0264360010624
bf16,1,17,1,128,17,vector_fused,4,1,5,24.83599931,5508,0.221774849131,4352,2909,true,1,32,3,acl_timeline_event_ms,false,0.02483599931
bf16,1,17,1,128,17,quant_only,4,2,5,12.0439998806,5508,0.457323152991,4352,2909,true,1,32,3,acl_timeline_event_ms,false,0.0120439998806
bf16,1,17,1,128,17,scalar_transform,4,3,5,20.2240005136,8704,0.430379735907,4352,2909,true,1,32,3,acl_timeline_event_ms,false,0.0202240005136
bf16,1,17,1,128,17,vector_transform,4,4,5,18.2999998331,8704,0.475628419638,4352,2909,true,1,32,3,acl_timeline_event_ms,false,0.0182999998331
bf16,1,17,1,128,17,scalar_split,4,5,5,31.7079991102,14212,0.448214974102,4352,2909,true,1,32,3,acl_timeline_event_ms,false,0.0317079991102
bf16,1,17,1,128,17,vector_split,4,6,5,29.8480004072,14212,0.476145798918,4352,2909,true,1,32,3,acl_timeline_event_ms,false,0.0298480004072
fp16,1,17,1,256,17,scalar_transform,0,0,5,38.8760000467,17408,0.447782693155,8704,2909,true,1,32,3,acl_timeline_event_ms,false,0.0388760000467
fp16,1,17,1,256,17,vector_transform,0,1,5,33.4960013628,17408,0.519703824091,8704,2909,true,1,32,3,acl_timeline_event_ms,false,0.0334960013628
fp16,1,17,1,256,17,scalar_split,0,2,5,57.0640027523,28356,0.496915719759,8704,2909,true,1,32,3,acl_timeline_event_ms,false,0.0570640027523
fp16,1,17,1,256,17,vector_split,0,3,5,51.8840014935,28356,0.546526851896,8704,2909,true,1,32,3,acl_timeline_event_ms,false,0.0518840014935
fp16,1,17,1,256,17,scalar_fused,0,4,5,49.9199986458,10948,0.219310903385,8704,2909,true,1,32,3,acl_timeline_event_ms,false,0.0499199986458
fp16,1,17,1,256,17,vector_fused,0,5,5,46.0680007935,10948,0.237648689143,8704,2909,true,1,32,3,acl_timeline_event_ms,false,0.0460680007935
fp16,1,17,1,256,17,quant_only,0,6,5,18.8679993153,10948,0.580241700091,8704,2909,true,1,32,3,acl_timeline_event_ms,false,0.0188679993153
fp16,1,17,1,256,17,vector_transform,1,0,5,33.5839986801,17408,0.518342088023,8704,2909,true,1,32,3,acl_timeline_event_ms,false,0.0335839986801
fp16,1,17,1,256,17,scalar_split,1,1,5,57.2440028191,28356,0.495353200398,8704,2909,true,1,32,3,acl_timeline_event_ms,false,0.0572440028191
fp16,1,17,1,256,17,vector_split,1,2,5,52.1040022373,28356,0.544219230432,8704,2909,true,1,32,3,acl_timeline_event_ms,false,0.0521040022373
fp16,1,17,1,256,17,scalar_fused,1,3,5,49.9240010977,10948,0.219293321034,8704,2909,true,1,32,3,acl_timeline_event_ms,false,0.0499240010977
fp16,1,17,1,256,17,vector_fused,1,4,5,46.1760014296,10948,0.237092854753,8704,2909,true,1,32,3,acl_timeline_event_ms,false,0.0461760014296
fp16,1,17,1,256,17,quant_only,1,5,5,19.0160006285,10948,0.575725685642,8704,2909,true,1,32,3,acl_timeline_event_ms,false,0.0190160006285
fp16,1,17,1,256,17,scalar_transform,1,6,5,39.0960007906,17408,0.445262933496,8704,2909,true,1,32,3,acl_timeline_event_ms,false,0.0390960007906
fp16,1,17,1,256,17,scalar_split,2,0,5,57.2880029678,28356,0.494972743524,8704,2909,true,1,32,3,acl_timeline_event_ms,false,0.0572880029678
fp16,1,17,1,256,17,vector_split,2,1,5,51.9119977951,28356,0.546232108268,8704,2909,true,1,32,3,acl_timeline_event_ms,false,0.0519119977951
fp16,1,17,1,256,17,scalar_fused,2,2,5,49.8519986868,10948,0.21961005152,8704,2909,true,1,32,3,acl_timeline_event_ms,false,0.0498519986868
fp16,1,17,1,256,17,vector_fused,2,3,5,46.1199998856,10948,0.237380746469,8704,2909,true,1,32,3,acl_timeline_event_ms,false,0.0461199998856
fp16,1,17,1,256,17,quant_only,2,4,5,19.0559998155,10948,0.57451721799,8704,2909,true,1,32,3,acl_timeline_event_ms,false,0.0190559998155
fp16,1,17,1,256,17,scalar_transform,2,5,5,38.9519989491,17408,0.446909028283,8704,2909,true,1,32,3,acl_timeline_event_ms,false,0.0389519989491
fp16,1,17,1,256,17,vector_transform,2,6,5,33.5079997778,17408,0.519517730555,8704,2909,true,1,32,3,acl_timeline_event_ms,false,0.0335079997778
fp16,1,17,1,256,17,vector_split,3,0,5,51.8440008163,28356,0.546948529309,8704,2909,true,1,32,3,acl_timeline_event_ms,false,0.0518440008163
fp16,1,17,1,256,17,scalar_fused,3,1,5,49.7720003128,10948,0.219963030041,8704,2909,true,1,32,3,acl_timeline_event_ms,false,0.0497720003128
fp16,1,17,1,256,17,vector_fused,3,2,5,46.1959987879,10948,0.236990221821,8704,2909,true,1,32,3,acl_timeline_event_ms,false,0.0461959987879
fp16,1,17,1,256,17,quant_only,3,3,5,19.1080003977,10948,0.57295372473,8704,2909,true,1,32,3,acl_timeline_event_ms,false,0.0191080003977
fp16,1,17,1,256,17,scalar_transform,3,4,5,38.9479994774,17408,0.446954920242,8704,2909,true,1,32,3,acl_timeline_event_ms,false,0.0389479994774
fp16,1,17,1,256,17,vector_transform,3,5,5,33.4039986134,17408,0.521135215023,8704,2909,true,1,32,3,acl_timeline_event_ms,false,0.0334039986134
fp16,1,17,1,256,17,scalar_split,3,6,5,57.3440015316,28356,0.494489384114,8704,2909,true,1,32,3,acl_timeline_event_ms,false,0.0573440015316
fp16,1,17,1,256,17,scalar_fused,4,0,5,49.8560011387,10948,0.219592421172,8704,2909,true,1,32,3,acl_timeline_event_ms,false,0.0498560011387
fp16,1,17,1,256,17,vector_fused,4,1,5,46.167999506,10948,0.237133948127,8704,2909,true,1,32,3,acl_timeline_event_ms,false,0.046167999506
fp16,1,17,1,256,17,quant_only,4,2,5,19.0239995718,10948,0.575483612617,8704,2909,true,1,32,3,acl_timeline_event_ms,false,0.0190239995718
fp16,1,17,1,256,17,scalar_transform,4,3,5,39.0240013599,17408,0.446084445299,8704,2909,true,1,32,3,acl_timeline_event_ms,false,0.0390240013599
fp16,1,17,1,256,17,vector_transform,4,4,5,33.5280001163,17408,0.519207824493,8704,2909,true,1,32,3,acl_timeline_event_ms,false,0.0335280001163
fp16,1,17,1,256,17,scalar_split,4,5,5,57.267999649,28356,0.495145634102,8704,2909,true,1,32,3,acl_timeline_event_ms,false,0.057267999649
fp16,1,17,1,256,17,vector_split,4,6,5,51.972001791,28356,0.545601458917,8704,2909,true,1,32,3,acl_timeline_event_ms,false,0.051972001791
bf16,1,17,1,256,17,scalar_transform,0,0,5,40.340000391,17408,0.431531974003,8704,2909,true,1,32,3,acl_timeline_event_ms,false,0.040340000391
bf16,1,17,1,256,17,vector_transform,0,1,5,33.6320012808,17408,0.517602263828,8704,2909,true,1,32,3,acl_timeline_event_ms,false,0.0336320012808
bf16,1,17,1,256,17,scalar_split,0,2,5,57.3199987411,28356,0.494696451897,8704,2909,true,1,32,3,acl_timeline_event_ms,false,0.0573199987411
bf16,1,17,1,256,17,vector_split,0,3,5,52.007997036,28356,0.545223842794,8704,2909,true,1,32,3,acl_timeline_event_ms,false,0.052007997036
bf16,1,17,1,256,17,scalar_fused,0,4,5,50.1119971275,10948,0.218470638321,8704,2909,true,1,32,3,acl_timeline_event_ms,false,0.0501119971275
bf16,1,17,1,256,17,vector_fused,0,5,5,46.1519986391,10948,0.237216162308,8704,2909,true,1,32,3,acl_timeline_event_ms,false,0.0461519986391
bf16,1,17,1,256,17,quant_only,0,6,5,19.0200001001,10948,0.575604623678,8704,2909,true,1,32,3,acl_timeline_event_ms,false,0.0190200001001
bf16,1,17,1,256,17,vector_transform,1,0,5,33.6800009012,17408,0.516864594246,8704,2909,true,1,32,3,acl_timeline_event_ms,false,0.0336800009012
bf16,1,17,1,256,17,scalar_split,1,1,5,57.2200000286,28356,0.495560992412,8704,2909,true,1,32,3,acl_timeline_event_ms,false,0.0572200000286
bf16,1,17,1,256,17,vector_split,1,2,5,52.1520018578,28356,0.543718342344,8704,2909,true,1,32,3,acl_timeline_event_ms,false,0.0521520018578
bf16,1,17,1,256,17,scalar_fused,1,3,5,50.0240027905,10948,0.218854937416,8704,2909,true,1,32,3,acl_timeline_event_ms,false,0.0500240027905
bf16,1,17,1,256,17,vector_fused,1,4,5,46.1600005627,10948,0.237175040437,8704,2909,true,1,32,3,acl_timeline_event_ms,false,0.0461600005627
bf16,1,17,1,256,17,quant_only,1,5,5,18.9840003848,10948,0.576696153502,8704,2909,true,1,32,3,acl_timeline_event_ms,false,0.0189840003848
bf16,1,17,1,256,17,scalar_transform,1,6,5,38.8280004263,17408,0.448336247267,8704,2909,true,1,32,3,acl_timeline_event_ms,false,0.0388280004263
bf16,1,17,1,256,17,scalar_split,2,0,5,57.1399986744,28356,0.496254824253,8704,2909,true,1,32,3,acl_timeline_event_ms,false,0.0571399986744
bf16,1,17,1,256,17,vector_split,2,1,5,52.1120011806,28356,0.544135695379,8704,2909,true,1,32,3,acl_timeline_event_ms,false,0.0521120011806
bf16,1,17,1,256,17,scalar_fused,2,2,5,50.0999987125,10948,0.218522959707,8704,2909,true,1,32,3,acl_timeline_event_ms,false,0.0500999987125
bf16,1,17,1,256,17,vector_fused,2,3,5,46.3759988546,10948,0.236070387062,8704,2909,true,1,32,3,acl_timeline_event_ms,false,0.0463759988546
bf16,1,17,1,256,17,quant_only,2,4,5,18.9079999924,10948,0.579014174128,8704,2909,true,1,32,3,acl_timeline_event_ms,false,0.0189079999924
bf16,1,17,1,256,17,scalar_transform,2,5,5,38.7560009956,17408,0.449169149365,8704,2909,true,1,32,3,acl_timeline_event_ms,false,0.0387560009956
bf16,1,17,1,256,17,vector_transform,2,6,5,33.5839986801,17408,0.518342088023,8704,2909,true,1,32,3,acl_timeline_event_ms,false,0.0335839986801
bf16,1,17,1,256,17,vector_split,3,0,5,51.9240021706,28356,0.546105824178,8704,2909,true,1,32,3,acl_timeline_event_ms,false,0.0519240021706
bf16,1,17,1,256,17,scalar_fused,3,1,5,50.0479996204,10948,0.218750001659,8704,2909,true,1,32,3,acl_timeline_event_ms,false,0.0500479996204
bf16,1,17,1,256,17,vector_fused,3,2,5,46.156001091,10948,0.237195591932,8704,2909,true,1,32,3,acl_timeline_event_ms,false,0.046156001091
bf16,1,17,1,256,17,quant_only,3,3,5,19.0559998155,10948,0.57451721799,8704,2909,true,1,32,3,acl_timeline_event_ms,false,0.0190559998155
bf16,1,17,1,256,17,scalar_transform,3,4,5,40.4839992523,17408,0.429997043807,8704,2909,true,1,32,3,acl_timeline_event_ms,false,0.0404839992523
bf16,1,17,1,256,17,vector_transform,3,5,5,33.6360007524,17408,0.517540718592,8704,2909,true,1,32,3,acl_timeline_event_ms,false,0.0336360007524
bf16,1,17,1,256,17,scalar_split,3,6,5,57.3040008545,28356,0.494834559144,8704,2909,true,1,32,3,acl_timeline_event_ms,false,0.0573040008545
bf16,1,17,1,256,17,scalar_fused,4,0,5,50.0800013542,10948,0.218610217731,8704,2909,true,1,32,3,acl_timeline_event_ms,false,0.0500800013542
bf16,1,17,1,256,17,vector_fused,4,1,5,46.0839986801,10948,0.237566190295,8704,2909,true,1,32,3,acl_timeline_event_ms,false,0.0460839986801
bf16,1,17,1,256,17,quant_only,4,2,5,18.9359992743,10948,0.578158028073,8704,2909,true,1,32,3,acl_timeline_event_ms,false,0.0189359992743
bf16,1,17,1,256,17,scalar_transform,4,3,5,38.8599991798,17408,0.4479670707,8704,2909,true,1,32,3,acl_timeline_event_ms,false,0.0388599991798
bf16,1,17,1,256,17,vector_transform,4,4,5,33.4399998188,17408,0.5205741655,8704,2909,true,1,32,3,acl_timeline_event_ms,false,0.0334399998188
bf16,1,17,1,256,17,scalar_split,4,5,5,57.1519970894,28356,0.496150641169,8704,2909,true,1,32,3,acl_timeline_event_ms,false,0.0571519970894
bf16,1,17,1,256,17,vector_split,4,6,5,52.0479977131,28356,0.544804819511,8704,2909,true,1,32,3,acl_timeline_event_ms,false,0.0520479977131
fp16,1,257,1,16,257,scalar_transform,0,0,5,19.6759998798,16448,0.835942269793,8224,2909,true,1,32,3,acl_timeline_event_ms,false,0.0196759998798
fp16,1,257,1,16,257,vector_transform,0,1,5,15.8920004964,16448,1.03498612423,8224,2909,true,1,32,3,acl_timeline_event_ms,false,0.0158920004964
fp16,1,257,1,16,257,scalar_split,0,2,5,35.2840006351,27756,0.786645490884,8224,2909,true,1,32,3,acl_timeline_event_ms,false,0.0352840006351
fp16,1,257,1,16,257,vector_split,0,3,5,31.9319993258,27756,0.86922211531,8224,2909,true,1,32,3,acl_timeline_event_ms,false,0.0319319993258
fp16,1,257,1,16,257,scalar_fused,0,4,5,26.0720014572,11308,0.433721976372,8224,2909,true,1,32,3,acl_timeline_event_ms,false,0.0260720014572
fp16,1,257,1,16,257,vector_fused,0,5,5,23.3040004969,11308,0.485238575305,8224,2909,true,1,32,3,acl_timeline_event_ms,false,0.0233040004969
fp16,1,257,1,16,257,quant_only,0,6,5,16.5000006557,11308,0.685333306101,8224,2909,true,1,32,3,acl_timeline_event_ms,false,0.0165000006557
fp16,1,257,1,16,257,vector_transform,1,0,5,15.7920002937,16448,1.04154000089,8224,2909,true,1,32,3,acl_timeline_event_ms,false,0.0157920002937
fp16,1,257,1,16,257,scalar_split,1,1,5,35.2079987526,27756,0.788343586213,8224,2909,true,1,32,3,acl_timeline_event_ms,false,0.0352079987526
fp16,1,257,1,16,257,vector_split,1,2,5,31.9319993258,27756,0.86922211531,8224,2909,true,1,32,3,acl_timeline_event_ms,false,0.0319319993258
fp16,1,257,1,16,257,scalar_fused,1,3,5,26.4880001545,11308,0.426910296513,8224,2909,true,1,32,3,acl_timeline_event_ms,false,0.0264880001545
fp16,1,257,1,16,257,vector_fused,1,4,5,23.4080001712,11308,0.483082703234,8224,2909,true,1,32,3,acl_timeline_event_ms,false,0.0234080001712
fp16,1,257,1,16,257,quant_only,1,5,5,16.4759993553,11308,0.686331660747,8224,2909,true,1,32,3,acl_timeline_event_ms,false,0.0164759993553
fp16,1,257,1,16,257,scalar_transform,1,6,5,19.1760003567,16448,0.857738824263,8224,2909,true,1,32,3,acl_timeline_event_ms,false,0.0191760003567
fp16,1,257,1,16,257,scalar_split,2,0,5,35.1200014353,27756,0.790318874307,8224,2909,true,1,32,3,acl_timeline_event_ms,false,0.0351200014353
fp16,1,257,1,16,257,vector_split,2,1,5,31.9279998541,27756,0.869330998711,8224,2909,true,1,32,3,acl_timeline_event_ms,false,0.0319279998541
fp16,1,257,1,16,257,scalar_fused,2,2,5,26.3920009136,11308,0.428463155826,8224,2909,true,1,32,3,acl_timeline_event_ms,false,0.0263920009136
fp16,1,257,1,16,257,vector_fused,2,3,5,23.2120007277,11308,0.487161797584,8224,2909,true,1,32,3,acl_timeline_event_ms,false,0.0232120007277
fp16,1,257,1,16,257,quant_only,2,4,5,16.5560007095,11308,0.683015191796,8224,2909,true,1,32,3,acl_timeline_event_ms,false,0.0165560007095
fp16,1,257,1,16,257,scalar_transform,2,5,5,19.2320004106,16448,0.855241246302,8224,2909,true,1,32,3,acl_timeline_event_ms,false,0.0192320004106
fp16,1,257,1,16,257,vector_transform,2,6,5,15.9199997783,16448,1.03316584354,8224,2909,true,1,32,3,acl_timeline_event_ms,false,0.0159199997783
fp16,1,257,1,16,257,vector_split,3,0,5,31.944000721,27756,0.868895547632,8224,2909,true,1,32,3,acl_timeline_event_ms,false,0.031944000721
fp16,1,257,1,16,257,scalar_fused,3,1,5,26.1319994926,11308,0.432726167899,8224,2909,true,1,32,3,acl_timeline_event_ms,false,0.0261319994926
fp16,1,257,1,16,257,vector_fused,3,2,5,23.3520001173,11308,0.484241176053,8224,2909,true,1,32,3,acl_timeline_event_ms,false,0.0233520001173
fp16,1,257,1,16,257,quant_only,3,3,5,16.6920006275,11308,0.677450250113,8224,2909,true,1,32,3,acl_timeline_event_ms,false,0.0166920006275
fp16,1,257,1,16,257,scalar_transform,3,4,5,19.3800002337,16448,0.848710000088,8224,2909,true,1,32,3,acl_timeline_event_ms,false,0.0193800002337
fp16,1,257,1,16,257,vector_transform,3,5,5,15.7039999962,16448,1.04737646485,8224,2909,true,1,32,3,acl_timeline_event_ms,false,0.0157039999962
fp16,1,257,1,16,257,scalar_split,3,6,5,35.0840002298,27756,0.791129854582,8224,2909,true,1,32,3,acl_timeline_event_ms,false,0.0350840002298
fp16,1,257,1,16,257,scalar_fused,4,0,5,26.1559993029,11308,0.432329113832,8224,2909,true,1,32,3,acl_timeline_event_ms,false,0.0261559993029
fp16,1,257,1,16,257,vector_fused,4,1,5,23.3040004969,11308,0.485238575305,8224,2909,true,1,32,3,acl_timeline_event_ms,false,0.0233040004969
fp16,1,257,1,16,257,quant_only,4,2,5,16.5480002761,11308,0.683345407985,8224,2909,true,1,32,3,acl_timeline_event_ms,false,0.0165480002761
fp16,1,257,1,16,257,scalar_transform,4,3,5,19.3159997463,16448,0.851522065439,8224,2909,true,1,32,3,acl_timeline_event_ms,false,0.0193159997463
fp16,1,257,1,16,257,vector_transform,4,4,5,15.7399997115,16448,1.04498095943,8224,2909,true,1,32,3,acl_timeline_event_ms,false,0.0157399997115
fp16,1,257,1,16,257,scalar_split,4,5,5,35.2479994297,27756,0.787448946013,8224,2909,true,1,32,3,acl_timeline_event_ms,false,0.0352479994297
fp16,1,257,1,16,257,vector_split,4,6,5,31.9959998131,27756,0.867483440497,8224,2909,true,1,32,3,acl_timeline_event_ms,false,0.0319959998131
bf16,1,257,1,16,257,scalar_transform,0,0,5,19.6079999208,16448,0.838841292656,8224,2909,true,1,32,3,acl_timeline_event_ms,false,0.0196079999208
bf16,1,257,1,16,257,vector_transform,0,1,5,15.9879997373,16448,1.02877159559,8224,2909,true,1,32,3,acl_timeline_event_ms,false,0.0159879997373
bf16,1,257,1,16,257,scalar_split,0,2,5,35.1599991322,27756,0.789419814707,8224,2909,true,1,32,3,acl_timeline_event_ms,false,0.0351599991322
bf16,1,257,1,16,257,vector_split,0,3,5,31.9680005312,27756,0.868243228816,8224,2909,true,1,32,3,acl_timeline_event_ms,false,0.0319680005312
bf16,1,257,1,16,257,scalar_fused,0,4,5,26.320001483,11308,0.429635234151,8224,2909,true,1,32,3,acl_timeline_event_ms,false,0.026320001483
bf16,1,257,1,16,257,vector_fused,0,5,5,23.3520001173,11308,0.484241176053,8224,2909,true,1,32,3,acl_timeline_event_ms,false,0.0233520001173
bf16,1,257,1,16,257,quant_only,0,6,5,16.6559994221,11308,0.67891452884,8224,2909,true,1,32,3,acl_timeline_event_ms,false,0.0166559994221
bf16,1,257,1,16,257,vector_transform,1,0,5,16.031999886,16448,1.02594811109,8224,2909,true,1,32,3,acl_timeline_event_ms,false,0.016031999886
bf16,1,257,1,16,257,scalar_split,1,1,5,35.2319985628,27756,0.787806571646,8224,2909,true,1,32,3,acl_timeline_event_ms,false,0.0352319985628
bf16,1,257,1,16,257,vector_split,1,2,5,32.0760011673,27756,0.865319833829,8224,2909,true,1,32,3,acl_timeline_event_ms,false,0.0320760011673
bf16,1,257,1,16,257,scalar_fused,1,3,5,26.6680002213,11308,0.424028795042,8224,2909,true,1,32,3,acl_timeline_event_ms,false,0.0266680002213
bf16,1,257,1,16,257,vector_fused,1,4,5,23.3999997377,11308,0.483247868664,8224,2909,true,1,32,3,acl_timeline_event_ms,false,0.0233999997377
bf16,1,257,1,16,257,quant_only,1,5,5,16.672000289,11308,0.678262944098,8224,2909,true,1,32,3,acl_timeline_event_ms,false,0.016672000289
bf16,1,257,1,16,257,scalar_transform,1,6,5,19.2320004106,16448,0.855241246302,8224,2909,true,1,32,3,acl_timeline_event_ms,false,0.0192320004106
bf16,1,257,1,16,257,scalar_split,2,0,5,35.3439986706,27756,0.785310124604,8224,2909,true,1,32,3,acl_timeline_event_ms,false,0.0353439986706
bf16,1,257,1,16,257,vector_split,2,1,5,32.1799993515,27756,0.862523323783,8224,2909,true,1,32,3,acl_timeline_event_ms,false,0.0321799993515
bf16,1,257,1,16,257,scalar_fused,2,2,5,26.8040001392,11308,0.42187732955,8224,2909,true,1,32,3,acl_timeline_event_ms,false,0.0268040001392
bf16,1,257,1,16,257,vector_fused,2,3,5,23.5760003328,11308,0.479640305411,8224,2909,true,1,32,3,acl_timeline_event_ms,false,0.0235760003328
bf16,1,257,1,16,257,quant_only,2,4,5,16.6400000453,11308,0.679567305842,8224,2909,true,1,32,3,acl_timeline_event_ms,false,0.0166400000453
bf16,1,257,1,16,257,scalar_transform,2,5,5,19.2560002208,16448,0.854175312184,8224,2909,true,1,32,3,acl_timeline_event_ms,false,0.0192560002208
bf16,1,257,1,16,257,vector_transform,2,6,5,15.8639997244,16448,1.03681292775,8224,2909,true,1,32,3,acl_timeline_event_ms,false,0.0158639997244
bf16,1,257,1,16,257,vector_split,3,0,5,31.9959998131,27756,0.867483440497,8224,2909,true,1,32,3,acl_timeline_event_ms,false,0.0319959998131
bf16,1,257,1,16,257,scalar_fused,3,1,5,26.5679985285,11308,0.425624835378,8224,2909,true,1,32,3,acl_timeline_event_ms,false,0.0265679985285
bf16,1,257,1,16,257,vector_fused,3,2,5,23.4400004148,11308,0.482423199653,8224,2909,true,1,32,3,acl_timeline_event_ms,false,0.0234400004148
bf16,1,257,1,16,257,quant_only,3,3,5,16.3800001144,11308,0.690354085531,8224,2909,true,1,32,3,acl_timeline_event_ms,false,0.0163800001144
bf16,1,257,1,16,257,scalar_transform,3,4,5,20.8719998598,16448,0.788041400464,8224,2909,true,1,32,3,acl_timeline_event_ms,false,0.0208719998598
bf16,1,257,1,16,257,vector_transform,3,5,5,15.8360004425,16448,1.03864609374,8224,2909,true,1,32,3,acl_timeline_event_ms,false,0.0158360004425
bf16,1,257,1,16,257,scalar_split,3,6,5,35.1799994707,27756,0.788971018124,8224,2909,true,1,32,3,acl_timeline_event_ms,false,0.0351799994707
bf16,1,257,1,16,257,scalar_fused,4,0,5,26.5399992466,11308,0.426073862886,8224,2909,true,1,32,3,acl_timeline_event_ms,false,0.0265399992466
bf16,1,257,1,16,257,vector_fused,4,1,5,23.5280007124,11308,0.480618822578,8224,2909,true,1,32,3,acl_timeline_event_ms,false,0.0235280007124
bf16,1,257,1,16,257,quant_only,4,2,5,16.7199999094,11308,0.676315793138,8224,2909,true,1,32,3,acl_timeline_event_ms,false,0.0167199999094
bf16,1,257,1,16,257,scalar_transform,4,3,5,19.3800002337,16448,0.848710000088,8224,2909,true,1,32,3,acl_timeline_event_ms,false,0.0193800002337
bf16,1,257,1,16,257,vector_transform,4,4,5,15.7399997115,16448,1.04498095943,8224,2909,true,1,32,3,acl_timeline_event_ms,false,0.0157399997115
bf16,1,257,1,16,257,scalar_split,4,5,5,35.2919995785,27756,0.786467197425,8224,2909,true,1,32,3,acl_timeline_event_ms,false,0.0352919995785
bf16,1,257,1,16,257,vector_split,4,6,5,31.9599986076,27756,0.868460613555,8224,2909,true,1,32,3,acl_timeline_event_ms,false,0.0319599986076
fp16,1,257,1,64,257,scalar_transform,0,0,5,66.6760027409,65792,0.986741815578,32896,2909,true,1,32,3,acl_timeline_event_ms,false,0.0666760027409
fp16,1,257,1,64,257,vector_transform,0,1,5,30.4159998894,65792,2.1630720752,32896,2909,true,1,32,3,acl_timeline_event_ms,false,0.0304159998894
fp16,1,257,1,64,257,scalar_split,0,2,5,100,107940,1.0794,32896,2909,true,1,32,3,acl_timeline_event_ms,false,0.1
fp16,1,257,1,64,257,vector_split,0,3,5,64.1879975796,107940,1.68162279663,32896,2909,true,1,32,3,acl_timeline_event_ms,false,0.0641879975796
fp16,1,257,1,64,257,scalar_fused,0,4,5,92.1039998531,42148,0.45761313371,32896,2909,true,1,32,3,acl_timeline_event_ms,false,0.0921039998531
fp16,1,257,1,64,257,vector_fused,0,5,5,57.8320026398,42148,0.728800630726,32896,2909,true,1,32,3,acl_timeline_event_ms,false,0.0578320026398
fp16,1,257,1,64,257,quant_only,0,6,5,34.6280008554,42148,1.21716526969,32896,2909,true,1,32,3,acl_timeline_event_ms,false,0.0346280008554
fp16,1,257,1,64,257,vector_transform,1,0,5,30.3319990635,65792,2.16906244334,32896,2909,true,1,32,3,acl_timeline_event_ms,false,0.0303319990635
fp16,1,257,1,64,257,scalar_split,1,1,5,100.267994404,107940,1.07651500004,32896,2909,true,1,32,3,acl_timeline_event_ms,false,0.100267994404
fp16,1,257,1,64,257,vector_split,1,2,5,64.2400026321,107940,1.68026145046,32896,2909,true,1,32,3,acl_timeline_event_ms,false,0.0642400026321
fp16,1,257,1,64,257,scalar_fused,1,3,5,91.9520020485,42148,0.458369573919,32896,2909,true,1,32,3,acl_timeline_event_ms,false,0.0919520020485
fp16,1,257,1,64,257,vector_fused,1,4,5,57.7759981155,42148,0.72950708555,32896,2909,true,1,32,3,acl_timeline_event_ms,false,0.0577759981155
fp16,1,257,1,64,257,quant_only,1,5,5,34.9640011787,42148,1.20546844123,32896,2909,true,1,32,3,acl_timeline_event_ms,false,0.0349640011787
fp16,1,257,1,64,257,scalar_transform,1,6,5,66.3119971752,65792,0.992158324325,32896,2909,true,1,32,3,acl_timeline_event_ms,false,0.0663119971752
fp16,1,257,1,64,257,scalar_split,2,0,5,100.251996517,107940,1.0766867868,32896,2909,true,1,32,3,acl_timeline_event_ms,false,0.100251996517
fp16,1,257,1,64,257,vector_split,2,1,5,64.2279982567,107940,1.68057549557,32896,2909,true,1,32,3,acl_timeline_event_ms,false,0.0642279982567
fp16,1,257,1,64,257,scalar_fused,2,2,5,91.7959988117,42148,0.459148552721,32896,2909,true,1,32,3,acl_timeline_event_ms,false,0.0917959988117
fp16,1,257,1,64,257,vector_fused,2,3,5,58.0760002136,42148,0.725738684568,32896,2909,true,1,32,3,acl_timeline_event_ms,false,0.0580760002136
fp16,1,257,1,64,257,quant_only,2,4,5,34.5560014248,42148,1.21970130403,32896,2909,true,1,32,3,acl_timeline_event_ms,false,0.0345560014248
fp16,1,257,1,64,257,scalar_transform,2,5,5,66.196000576,65792,0.993896903552,32896,2909,true,1,32,3,acl_timeline_event_ms,false,0.066196000576
fp16,1,257,1,64,257,vector_transform,2,6,5,30.3279995918,65792,2.16934848607,32896,2909,true,1,32,3,acl_timeline_event_ms,false,0.0303279995918
fp16,1,257,1,64,257,vector_split,3,0,5,64.1160011292,107940,1.68351110642,32896,2909,true,1,32,3,acl_timeline_event_ms,false,0.0641160011292
fp16,1,257,1,64,257,scalar_fused,3,1,5,91.6960000992,42148,0.459649275371,32896,2909,true,1,32,3,acl_timeline_event_ms,false,0.0916960000992
fp16,1,257,1,64,257,vector_fused,3,2,5,57.8559994698,42148,0.728498347385,32896,2909,true,1,32,3,acl_timeline_event_ms,false,0.0578559994698
fp16,1,257,1,64,257,quant_only,3,3,5,35.0479990244,42148,1.20257935327,32896,2909,true,1,32,3,acl_timeline_event_ms,false,0.0350479990244
fp16,1,257,1,64,257,scalar_transform,3,4,5,66.3720011711,65792,0.991261357788,32896,2909,true,1,32,3,acl_timeline_event_ms,false,0.0663720011711
fp16,1,257,1,64,257,vector_transform,3,5,5,30.2240014076,65792,2.17681302726,32896,2909,true,1,32,3,acl_timeline_event_ms,false,0.0302240014076
fp16,1,257,1,64,257,scalar_split,3,6,5,100.124001503,107940,1.07806318545,32896,2909,true,1,32,3,acl_timeline_event_ms,false,0.100124001503
fp16,1,257,1,64,257,scalar_fused,4,0,5,92.063999176,42148,0.457811960997,32896,2909,true,1,32,3,acl_timeline_event_ms,false,0.092063999176
fp16,1,257,1,64,257,vector_fused,4,1,5,57.8199982643,42148,0.728951941633,32896,2909,true,1,32,3,acl_timeline_event_ms,false,0.0578199982643
fp16,1,257,1,64,257,quant_only,4,2,5,34.580001235,42148,1.21885478585,32896,2909,true,1,32,3,acl_timeline_event_ms,false,0.034580001235
fp16,1,257,1,64,257,scalar_transform,4,3,5,66.4600014687,65792,0.989948819532,32896,2909,true,1,32,3,acl_timeline_event_ms,false,0.0664600014687
fp16,1,257,1,64,257,vector_transform,4,4,5,30.1440000534,65792,2.18259022968,32896,2909,true,1,32,3,acl_timeline_event_ms,false,0.0301440000534
fp16,1,257,1,64,257,scalar_split,4,5,5,100.507998466,107940,1.07394437902,32896,2909,true,1,32,3,acl_timeline_event_ms,false,0.100507998466
fp16,1,257,1,64,257,vector_split,4,6,5,64.6399974823,107940,1.66986392643,32896,2909,true,1,32,3,acl_timeline_event_ms,false,0.0646399974823
bf16,1,257,1,64,257,scalar_transform,0,0,5,68.2519972324,65792,0.963957139246,32896,2909,true,1,32,3,acl_timeline_event_ms,false,0.0682519972324
bf16,1,257,1,64,257,vector_transform,0,1,5,30.3119987249,65792,2.17049362521,32896,2909,true,1,32,3,acl_timeline_event_ms,false,0.0303119987249
bf16,1,257,1,64,257,scalar_split,0,2,5,100.171995163,107940,1.07754667185,32896,2909,true,1,32,3,acl_timeline_event_ms,false,0.100171995163
bf16,1,257,1,64,257,vector_split,0,3,5,64.1680002213,107940,1.68214685868,32896,2909,true,1,32,3,acl_timeline_event_ms,false,0.0641680002213
bf16,1,257,1,64,257,scalar_fused,0,4,5,92.2839999199,42148,0.456720558673,32896,2909,true,1,32,3,acl_timeline_event_ms,false,0.0922839999199
bf16,1,257,1,64,257,vector_fused,0,5,5,57.936000824,42148,0.727492395066,32896,2909,true,1,32,3,acl_timeline_event_ms,false,0.057936000824
bf16,1,257,1,64,257,quant_only,0,6,5,34.7000002861,42148,1.21463975944,32896,2909,true,1,32,3,acl_timeline_event_ms,false,0.0347000002861
bf16,1,257,1,64,257,vector_transform,1,0,5,30.6560009718,65792,2.14613771902,32896,2909,true,1,32,3,acl_timeline_event_ms,false,0.0306560009718
bf16,1,257,1,64,257,scalar_split,1,1,5,100.688004494,107940,1.07202442379,32896,2909,true,1,32,3,acl_timeline_event_ms,false,0.100688004494
bf16,1,257,1,64,257,vector_split,1,2,5,64.507997036,107940,1.67328091027,32896,2909,true,1,32,3,acl_timeline_event_ms,false,0.064507997036
bf16,1,257,1,64,257,scalar_fused,1,3,5,92.0279979706,42148,0.457991056303,32896,2909,true,1,32,3,acl_timeline_event_ms,false,0.0920279979706
bf16,1,257,1,64,257,vector_fused,1,4,5,58.1200003624,42148,0.725189259071,32896,2909,true,1,32,3,acl_timeline_event_ms,false,0.0581200003624
bf16,1,257,1,64,257,quant_only,1,5,5,34.8199993372,42148,1.21045378525,32896,2909,true,1,32,3,acl_timeline_event_ms,false,0.0348199993372
bf16,1,257,1,64,257,scalar_transform,1,6,5,66.1759972572,65792,0.994197333276,32896,2909,true,1,32,3,acl_timeline_event_ms,false,0.0661759972572
bf16,1,257,1,64,257,scalar_split,2,0,5,100.044000149,107940,1.07892527128,32896,2909,true,1,32,3,acl_timeline_event_ms,false,0.100044000149
bf16,1,257,1,64,257,vector_split,2,1,5,64.9999976158,107940,1.66061544553,32896,2909,true,1,32,3,acl_timeline_event_ms,false,0.0649999976158
bf16,1,257,1,64,257,scalar_fused,2,2,5,92.1679973602,42148,0.457295386763,32896,2909,true,1,32,3,acl_timeline_event_ms,false,0.0921679973602
bf16,1,257,1,64,257,vector_fused,2,3,5,58.0760002136,42148,0.725738684568,32896,2909,true,1,32,3,acl_timeline_event_ms,false,0.0580760002136
bf16,1,257,1,64,257,quant_only,2,4,5,34.6839994192,42148,1.21520011261,32896,2909,true,1,32,3,acl_timeline_event_ms,false,0.0346839994192
bf16,1,257,1,64,257,scalar_transform,2,5,5,66.3079977036,65792,0.992218167922,32896,2909,true,1,32,3,acl_timeline_event_ms,false,0.0663079977036
bf16,1,257,1,64,257,vector_transform,2,6,5,30.3079992533,65792,2.17078004556,32896,2909,true,1,32,3,acl_timeline_event_ms,false,0.0303079992533
bf16,1,257,1,64,257,vector_split,3,0,5,64.4599974155,107940,1.67452690549,32896,2909,true,1,32,3,acl_timeline_event_ms,false,0.0644599974155
bf16,1,257,1,64,257,scalar_fused,3,1,5,92.075997591,42148,0.457752303561,32896,2909,true,1,32,3,acl_timeline_event_ms,false,0.092075997591
bf16,1,257,1,64,257,vector_fused,3,2,5,58.1799983978,42148,0.724441408743,32896,2909,true,1,32,3,acl_timeline_event_ms,false,0.0581799983978
bf16,1,257,1,64,257,quant_only,3,3,5,34.7799986601,42148,1.21184593513,32896,2909,true,1,32,3,acl_timeline_event_ms,false,0.0347799986601
bf16,1,257,1,64,257,scalar_transform,3,4,5,67.8960025311,65792,0.969011393122,32896,2909,true,1,32,3,acl_timeline_event_ms,false,0.0678960025311
bf16,1,257,1,64,257,vector_transform,3,5,5,30.2240014076,65792,2.17681302726,32896,2909,true,1,32,3,acl_timeline_event_ms,false,0.0302240014076
bf16,1,257,1,64,257,scalar_split,3,6,5,100.196003914,107940,1.07728847243,32896,2909,true,1,32,3,acl_timeline_event_ms,false,0.100196003914
bf16,1,257,1,64,257,scalar_fused,4,0,5,92.9000020027,42148,0.453692132308,32896,2909,true,1,32,3,acl_timeline_event_ms,false,0.0929000020027
bf16,1,257,1,64,257,vector_fused,4,1,5,57.9119980335,42148,0.727793918897,32896,2909,true,1,32,3,acl_timeline_event_ms,false,0.0579119980335
bf16,1,257,1,64,257,quant_only,4,2,5,34.4999998808,42148,1.22168116364,32896,2909,true,1,32,3,acl_timeline_event_ms,false,0.0344999998808
bf16,1,257,1,64,257,scalar_transform,4,3,5,66.196000576,65792,0.993896903552,32896,2909,true,1,32,3,acl_timeline_event_ms,false,0.066196000576
bf16,1,257,1,64,257,vector_transform,4,4,5,30.3400009871,65792,2.16849037111,32896,2909,true,1,32,3,acl_timeline_event_ms,false,0.0303400009871
bf16,1,257,1,64,257,scalar_split,4,5,5,100.111997128,107940,1.07819245542,32896,2909,true,1,32,3,acl_timeline_event_ms,false,0.100111997128
bf16,1,257,1,64,257,vector_split,4,6,5,64.3239974976,107940,1.67806734966,32896,2909,true,1,32,3,acl_timeline_event_ms,false,0.0643239974976
fp16,1,257,1,128,257,scalar_transform,0,0,5,142.232000828,131584,0.925136391488,65792,2909,true,1,32,3,acl_timeline_event_ms,false,0.142232000828
fp16,1,257,1,128,257,vector_transform,0,1,5,50.124001503,131584,2.62516950073,65792,2909,true,1,32,3,acl_timeline_event_ms,false,0.050124001503
fp16,1,257,1,128,257,scalar_split,0,2,5,202.148008347,214852,1.06284500034,65792,2909,true,1,32,3,acl_timeline_event_ms,false,0.202148008347
fp16,1,257,1,128,257,vector_split,0,3,5,112.38399744,214852,1.91176684309,65792,2909,true,1,32,3,acl_timeline_event_ms,false,0.11238399744
fp16,1,257,1,128,257,scalar_fused,0,4,5,188.611996174,83268,0.441477751623,65792,2909,true,1,32,3,acl_timeline_event_ms,false,0.188611996174
fp16,1,257,1,128,257,vector_fused,0,5,5,104.828000069,83268,0.794329758704,65792,2909,true,1,32,3,acl_timeline_event_ms,false,0.104828000069
fp16,1,257,1,128,257,quant_only,0,6,5,62.4679982662,83268,1.33297051788,65792,2909,true,1,32,3,acl_timeline_event_ms,false,0.0624679982662
fp16,1,257,1,128,257,vector_transform,1,0,5,49.9960005283,131584,2.63189052343,65792,2909,true,1,32,3,acl_timeline_event_ms,false,0.0499960005283
fp16,1,257,1,128,257,scalar_split,1,1,5,202.715992928,214852,1.05986704303,65792,2909,true,1,32,3,acl_timeline_event_ms,false,0.202715992928
fp16,1,257,1,128,257,vector_split,1,2,5,112.144005299,214852,1.91585809182,65792,2909,true,1,32,3,acl_timeline_event_ms,false,0.112144005299
fp16,1,257,1,128,257,scalar_fused,1,3,5,188.520002365,83268,0.44169318351,65792,2909,true,1,32,3,acl_timeline_event_ms,false,0.188520002365
fp16,1,257,1,128,257,vector_fused,1,4,5,105.356001854,83268,0.790348898352,65792,2909,true,1,32,3,acl_timeline_event_ms,false,0.105356001854
fp16,1,257,1,128,257,quant_only,1,5,5,62.5039994717,83268,1.33220275029,65792,2909,true,1,32,3,acl_timeline_event_ms,false,0.0625039994717
fp16,1,257,1,128,257,scalar_transform,1,6,5,140.235996246,131584,0.938304026941,65792,2909,true,1,32,3,acl_timeline_event_ms,false,0.140235996246
fp16,1,257,1,128,257,scalar_split,2,0,5,201.959991455,214852,1.06383446767,65792,2909,true,1,32,3,acl_timeline_event_ms,false,0.201959991455
fp16,1,257,1,128,257,vector_split,2,1,5,112.636005878,214852,1.90748951301,65792,2909,true,1,32,3,acl_timeline_event_ms,false,0.112636005878
fp16,1,257,1,128,257,scalar_fused,2,2,5,188.584005833,83268,0.441543277397,65792,2909,true,1,32,3,acl_timeline_event_ms,false,0.188584005833
fp16,1,257,1,128,257,vector_fused,2,3,5,104.864001274,83268,0.79405705474,65792,2909,true,1,32,3,acl_timeline_event_ms,false,0.104864001274
fp16,1,257,1,128,257,quant_only,2,4,5,62.4360024929,83268,1.3336536081,65792,2909,true,1,32,3,acl_timeline_event_ms,false,0.0624360024929
fp16,1,257,1,128,257,scalar_transform,2,5,5,140.532004833,131584,0.93632763694,65792,2909,true,1,32,3,acl_timeline_event_ms,false,0.140532004833
fp16,1,257,1,128,257,vector_transform,2,6,5,50.0320017338,131584,2.62999671091,65792,2909,true,1,32,3,acl_timeline_event_ms,false,0.0500320017338
fp16,1,257,1,128,257,vector_split,3,0,5,112.059998512,214852,1.91729433208,65792,2909,true,1,32,3,acl_timeline_event_ms,false,0.112059998512
fp16,1,257,1,128,257,scalar_fused,3,1,5,188.336002827,83268,0.442124706643,65792,2909,true,1,32,3,acl_timeline_event_ms,false,0.188336002827
fp16,1,257,1,128,257,vector_fused,3,2,5,105.320000648,83268,0.790619060836,65792,2909,true,1,32,3,acl_timeline_event_ms,false,0.105320000648
fp16,1,257,1,128,257,quant_only,3,3,5,62.5760018826,83268,1.33066986536,65792,2909,true,1,32,3,acl_timeline_event_ms,false,0.0625760018826
fp16,1,257,1,128,257,scalar_transform,3,4,5,140.227997303,131584,0.938357550067,65792,2909,true,1,32,3,acl_timeline_event_ms,false,0.140227997303
fp16,1,257,1,128,257,vector_transform,3,5,5,49.9839991331,131584,2.63252245283,65792,2909,true,1,32,3,acl_timeline_event_ms,false,0.0499839991331
fp16,1,257,1,128,257,scalar_split,3,6,5,202.220010757,214852,1.06246656399,65792,2909,true,1,32,3,acl_timeline_event_ms,false,0.202220010757
fp16,1,257,1,128,257,scalar_fused,4,0,5,188.432002068,83268,0.44189946021,65792,2909,true,1,32,3,acl_timeline_event_ms,false,0.188432002068
fp16,1,257,1,128,257,vector_fused,4,1,5,104.768002033,83268,0.79478465165,65792,2909,true,1,32,3,acl_timeline_event_ms,false,0.104768002033
fp16,1,257,1,128,257,quant_only,4,2,5,62.511998415,83268,1.33203228358,65792,2909,true,1,32,3,acl_timeline_event_ms,false,0.062511998415
fp16,1,257,1,128,257,scalar_transform,4,3,5,140.191996098,131584,0.938598519622,65792,2909,true,1,32,3,acl_timeline_event_ms,false,0.140191996098
fp16,1,257,1,128,257,vector_transform,4,4,5,50.396001339,131584,2.61100080371,65792,2909,true,1,32,3,acl_timeline_event_ms,false,0.050396001339
fp16,1,257,1,128,257,scalar_split,4,5,5,202.13201046,214852,1.06292911999,65792,2909,true,1,32,3,acl_timeline_event_ms,false,0.20213201046
fp16,1,257,1,128,257,vector_split,4,6,5,112.080001831,214852,1.9169521457,65792,2909,true,1,32,3,acl_timeline_event_ms,false,0.112080001831
bf16,1,257,1,128,257,scalar_transform,0,0,5,141.960000992,131584,0.926908981971,65792,2909,true,1,32,3,acl_timeline_event_ms,false,0.141960000992
bf16,1,257,1,128,257,vector_transform,0,1,5,50.1879990101,131584,2.62182200118,65792,2909,true,1,32,3,acl_timeline_event_ms,false,0.0501879990101
bf16,1,257,1,128,257,scalar_split,0,2,5,201.807999611,214852,1.06463569538,65792,2909,true,1,32,3,acl_timeline_event_ms,false,0.201807999611
bf16,1,257,1,128,257,vector_split,0,3,5,111.852002144,214852,1.92085967065,65792,2909,true,1,32,3,acl_timeline_event_ms,false,0.111852002144
bf16,1,257,1,128,257,scalar_fused,0,4,5,188.567996025,83268,0.441580765322,65792,2909,true,1,32,3,acl_timeline_event_ms,false,0.188567996025
bf16,1,257,1,128,257,vector_fused,0,5,5,104.560005665,83268,0.796365679885,65792,2909,true,1,32,3,acl_timeline_event_ms,false,0.104560005665
bf16,1,257,1,128,257,quant_only,0,6,5,62.0720028877,83268,1.3414743544,65792,2909,true,1,32,3,acl_timeline_event_ms,false,0.0620720028877
bf16,1,257,1,128,257,vector_transform,1,0,5,50.4880011082,131584,2.60624301045,65792,2909,true,1,32,3,acl_timeline_event_ms,false,0.0504880011082
bf16,1,257,1,128,257,scalar_split,1,1,5,201.579999924,214852,1.06583986547,65792,2909,true,1,32,3,acl_timeline_event_ms,false,0.201579999924
bf16,1,257,1,128,257,vector_split,1,2,5,111.644005775,214852,1.92443829391,65792,2909,true,1,32,3,acl_timeline_event_ms,false,0.111644005775
bf16,1,257,1,128,257,scalar_fused,1,3,5,188.844001293,83268,0.440935372211,65792,2909,true,1,32,3,acl_timeline_event_ms,false,0.188844001293
bf16,1,257,1,128,257,vector_fused,1,4,5,104.472005367,83268,0.797036485585,65792,2909,true,1,32,3,acl_timeline_event_ms,false,0.104472005367
bf16,1,257,1,128,257,quant_only,1,5,5,62.1119976044,83268,1.34061056175,65792,2909,true,1,32,3,acl_timeline_event_ms,false,0.0621119976044
bf16,1,257,1,128,257,scalar_transform,1,6,5,140.167999268,131584,0.938759208147,65792,2909,true,1,32,3,acl_timeline_event_ms,false,0.140167999268
bf16,1,257,1,128,257,scalar_split,2,0,5,202.04000473,214852,1.06341316061,65792,2909,true,1,32,3,acl_timeline_event_ms,false,0.20204000473
bf16,1,257,1,128,257,vector_split,2,1,5,111.591994762,214852,1.92533523984,65792,2909,true,1,32,3,acl_timeline_event_ms,false,0.111591994762
bf16,1,257,1,128,257,scalar_fused,2,2,5,188.680005074,83268,0.441318622859,65792,2909,true,1,32,3,acl_timeline_event_ms,false,0.188680005074
bf16,1,257,1,128,257,vector_fused,2,3,5,104.659998417,83268,0.795604827628,65792,2909,true,1,32,3,acl_timeline_event_ms,false,0.104659998417
bf16,1,257,1,128,257,quant_only,2,4,5,62.7240002155,83268,1.32753012745,65792,2909,true,1,32,3,acl_timeline_event_ms,false,0.0627240002155
bf16,1,257,1,128,257,scalar_transform,2,5,5,140.072000027,131584,0.939402592773,65792,2909,true,1,32,3,acl_timeline_event_ms,false,0.140072000027
bf16,1,257,1,128,257,vector_transform,2,6,5,50.1160025597,131584,2.62558850027,65792,2909,true,1,32,3,acl_timeline_event_ms,false,0.0501160025597
bf16,1,257,1,128,257,vector_split,3,0,5,111.652004719,214852,1.92430042381,65792,2909,true,1,32,3,acl_timeline_event_ms,false,0.111652004719
bf16,1,257,1,128,257,scalar_fused,3,1,5,188.880002499,83268,0.440851328349,65792,2909,true,1,32,3,acl_timeline_event_ms,false,0.188880002499
bf16,1,257,1,128,257,vector_fused,3,2,5,104.496002197,83268,0.79685345132,65792,2909,true,1,32,3,acl_timeline_event_ms,false,0.104496002197
bf16,1,257,1,128,257,quant_only,3,3,5,61.9960010052,83268,1.34311888912,65792,2909,true,1,32,3,acl_timeline_event_ms,false,0.0619960010052
bf16,1,257,1,128,257,scalar_transform,3,4,5,141.840004921,131584,0.927693143224,65792,2909,true,1,32,3,acl_timeline_event_ms,false,0.141840004921
bf16,1,257,1,128,257,vector_transform,3,5,5,50.0880002975,131584,2.62705636516,65792,2909,true,1,32,3,acl_timeline_event_ms,false,0.0500880002975
bf16,1,257,1,128,257,scalar_split,3,6,5,201.972007751,214852,1.06377117499,65792,2909,true,1,32,3,acl_timeline_event_ms,false,0.201972007751
bf16,1,257,1,128,257,scalar_fused,4,0,5,188.815999031,83268,0.44100076491,65792,2909,true,1,32,3,acl_timeline_event_ms,false,0.188815999031
bf16,1,257,1,128,257,vector_fused,4,1,5,104.595994949,83268,0.796091667184,65792,2909,true,1,32,3,acl_timeline_event_ms,false,0.104595994949
bf16,1,257,1,128,257,quant_only,4,2,5,62.0760023594,83268,1.34138792505,65792,2909,true,1,32,3,acl_timeline_event_ms,false,0.0620760023594
bf16,1,257,1,128,257,scalar_transform,4,3,5,140.424001217,131584,0.937047789977,65792,2909,true,1,32,3,acl_timeline_event_ms,false,0.140424001217
bf16,1,257,1,128,257,vector_transform,4,4,5,50.0320017338,131584,2.62999671091,65792,2909,true,1,32,3,acl_timeline_event_ms,false,0.0500320017338
bf16,1,257,1,128,257,scalar_split,4,5,5,201.884007454,214852,1.06423486788,65792,2909,true,1,32,3,acl_timeline_event_ms,false,0.201884007454
bf16,1,257,1,128,257,vector_split,4,6,5,112.020003796,214852,1.91797886735,65792,2909,true,1,32,3,acl_timeline_event_ms,false,0.112020003796
fp16,1,257,1,256,257,scalar_transform,0,0,5,301.435995102,263168,0.873047692632,131584,2909,true,1,32,3,acl_timeline_event_ms,false,0.301435995102
fp16,1,257,1,256,257,vector_transform,0,1,5,92.3839986324,263168,2.84863183988,131584,2909,true,1,32,3,acl_timeline_event_ms,false,0.0923839986324
fp16,1,257,1,256,257,scalar_split,0,2,5,419.403982162,428676,1.02210760563,131584,2909,true,1,32,3,acl_timeline_event_ms,false,0.419403982162
fp16,1,257,1,256,257,vector_split,0,3,5,210.22799015,428676,2.03910050081,131584,2909,true,1,32,3,acl_timeline_event_ms,false,0.21022799015
fp16,1,257,1,256,257,scalar_fused,0,4,5,396.171998978,165508,0.417768041222,131584,2909,true,1,32,3,acl_timeline_event_ms,false,0.396171998978
fp16,1,257,1,256,257,vector_fused,0,5,5,200.911998749,165508,0.823783552156,131584,2909,true,1,32,3,acl_timeline_event_ms,false,0.200911998749
fp16,1,257,1,256,257,quant_only,0,6,5,118.684005737,165508,1.39452657476,131584,2909,true,1,32,3,acl_timeline_event_ms,false,0.118684005737
fp16,1,257,1,256,257,vector_transform,1,0,5,92.1599984169,263168,2.85555560461,131584,2909,true,1,32,3,acl_timeline_event_ms,false,0.0921599984169
fp16,1,257,1,256,257,scalar_split,1,1,5,419.856023788,428676,1.02100714462,131584,2909,true,1,32,3,acl_timeline_event_ms,false,0.419856023788
fp16,1,257,1,256,257,vector_split,1,2,5,210.159993172,428676,2.03976024899,131584,2909,true,1,32,3,acl_timeline_event_ms,false,0.210159993172
fp16,1,257,1,256,257,scalar_fused,1,3,5,395.82400322,165508,0.418135329474,131584,2909,true,1,32,3,acl_timeline_event_ms,false,0.39582400322
fp16,1,257,1,256,257,vector_fused,1,4,5,200.979995728,165508,0.823504843857,131584,2909,true,1,32,3,acl_timeline_event_ms,false,0.200979995728
fp16,1,257,1,256,257,quant_only,1,5,5,119.195997715,165508,1.38853655469,131584,2909,true,1,32,3,acl_timeline_event_ms,false,0.119195997715
fp16,1,257,1,256,257,scalar_transform,1,6,5,301.28800869,263168,0.873476515525,131584,2909,true,1,32,3,acl_timeline_event_ms,false,0.30128800869
fp16,1,257,1,256,257,scalar_split,2,0,5,419.551992416,428676,1.0217470248,131584,2909,true,1,32,3,acl_timeline_event_ms,false,0.419551992416
fp16,1,257,1,256,257,vector_split,2,1,5,210.495996475,428676,2.03650429071,131584,2909,true,1,32,3,acl_timeline_event_ms,false,0.210495996475
fp16,1,257,1,256,257,scalar_fused,2,2,5,395.63601017,165508,0.418334013451,131584,2909,true,1,32,3,acl_timeline_event_ms,false,0.39563601017
fp16,1,257,1,256,257,vector_fused,2,3,5,201.191997528,165508,0.822637093093,131584,2909,true,1,32,3,acl_timeline_event_ms,false,0.201191997528
fp16,1,257,1,256,257,quant_only,2,4,5,118.724000454,165508,1.39405679869,131584,2909,true,1,32,3,acl_timeline_event_ms,false,0.118724000454
fp16,1,257,1,256,257,scalar_transform,2,5,5,301.451992989,263168,0.873001360485,131584,2909,true,1,32,3,acl_timeline_event_ms,false,0.301451992989
fp16,1,257,1,256,257,vector_transform,2,6,5,92.2879993916,263168,2.85159502574,131584,2909,true,1,32,3,acl_timeline_event_ms,false,0.0922879993916
fp16,1,257,1,256,257,vector_split,3,0,5,209.996008873,428676,2.04135308238,131584,2909,true,1,32,3,acl_timeline_event_ms,false,0.209996008873
fp16,1,257,1,256,257,scalar_fused,3,1,5,395.700001717,165508,0.418266361592,131584,2909,true,1,32,3,acl_timeline_event_ms,false,0.395700001717
fp16,1,257,1,256,257,vector_fused,3,2,5,201.011991501,165508,0.823373763745,131584,2909,true,1,32,3,acl_timeline_event_ms,false,0.201011991501
fp16,1,257,1,256,257,quant_only,3,3,5,119.179999828,165508,1.38872294209,131584,2909,true,1,32,3,acl_timeline_event_ms,false,0.119179999828
fp16,1,257,1,256,257,scalar_transform,3,4,5,301.327991486,263168,0.873360615131,131584,2909,true,1,32,3,acl_timeline_event_ms,false,0.301327991486
fp16,1,257,1,256,257,vector_transform,3,5,5,92.0799970627,263168,2.85803658118,131584,2909,true,1,32,3,acl_timeline_event_ms,false,0.0920799970627
fp16,1,257,1,256,257,scalar_split,3,6,5,419.339990616,428676,1.02226357989,131584,2909,true,1,32,3,acl_timeline_event_ms,false,0.419339990616
fp16,1,257,1,256,257,scalar_fused,4,0,5,397.796010971,165508,0.416062492924,131584,2909,true,1,32,3,acl_timeline_event_ms,false,0.397796010971
fp16,1,257,1,256,257,vector_fused,4,1,5,200.932002068,165508,0.823701542298,131584,2909,true,1,32,3,acl_timeline_event_ms,false,0.200932002068
fp16,1,257,1,256,257,quant_only,4,2,5,118.876004219,165508,1.39227425322,131584,2909,true,1,32,3,acl_timeline_event_ms,false,0.118876004219
fp16,1,257,1,256,257,scalar_transform,4,3,5,301.600003242,263168,0.872572934916,131584,2909,true,1,32,3,acl_timeline_event_ms,false,0.301600003242
fp16,1,257,1,256,257,vector_transform,4,4,5,91.8680012226,263168,2.86463182498,131584,2909,true,1,32,3,acl_timeline_event_ms,false,0.0918680012226
fp16,1,257,1,256,257,scalar_split,4,5,5,419.759988785,428676,1.02124073626,131584,2909,true,1,32,3,acl_timeline_event_ms,false,0.419759988785
fp16,1,257,1,256,257,vector_split,4,6,5,210.312008858,428676,2.03828588928,131584,2909,true,1,32,3,acl_timeline_event_ms,false,0.210312008858
bf16,1,257,1,256,257,scalar_transform,0,0,5,301.507997513,263168,0.87283920218,131584,2909,true,1,32,3,acl_timeline_event_ms,false,0.301507997513
bf16,1,257,1,256,257,vector_transform,0,1,5,92.1519994736,263168,2.85580347148,131584,2909,true,1,32,3,acl_timeline_event_ms,false,0.0921519994736
bf16,1,257,1,256,257,scalar_split,0,2,5,419.636011124,428676,1.02154245259,131584,2909,true,1,32,3,acl_timeline_event_ms,false,0.419636011124
bf16,1,257,1,256,257,vector_split,0,3,5,210.331988335,428676,2.0380922721,131584,2909,true,1,32,3,acl_timeline_event_ms,false,0.210331988335
bf16,1,257,1,256,257,scalar_fused,0,4,5,396.932005882,165508,0.416968139498,131584,2909,true,1,32,3,acl_timeline_event_ms,false,0.396932005882
bf16,1,257,1,256,257,vector_fused,0,5,5,201.487994194,165508,0.821428595098,131584,2909,true,1,32,3,acl_timeline_event_ms,false,0.201487994194
bf16,1,257,1,256,257,quant_only,0,6,5,118.895995617,165508,1.39204015359,131584,2909,true,1,32,3,acl_timeline_event_ms,false,0.118895995617
bf16,1,257,1,256,257,vector_transform,1,0,5,92.0120000839,263168,2.86014867365,131584,2909,true,1,32,3,acl_timeline_event_ms,false,0.0920120000839
bf16,1,257,1,256,257,scalar_split,1,1,5,419.89197731,428676,1.02091972022,131584,2909,true,1,32,3,acl_timeline_event_ms,false,0.41989197731
bf16,1,257,1,256,257,vector_split,1,2,5,210.439991951,428676,2.03704626685,131584,2909,true,1,32,3,acl_timeline_event_ms,false,0.210439991951
bf16,1,257,1,256,257,scalar_fused,1,3,5,396.600008011,165508,0.417317187738,131584,2909,true,1,32,3,acl_timeline_event_ms,false,0.396600008011
bf16,1,257,1,256,257,vector_fused,1,4,5,201.708006859,165508,0.820532623258,131584,2909,true,1,32,3,acl_timeline_event_ms,false,0.201708006859
bf16,1,257,1,256,257,quant_only,1,5,5,118.868005276,165508,1.39236794305,131584,2909,true,1,32,3,acl_timeline_event_ms,false,0.118868005276
bf16,1,257,1,256,257,scalar_transform,1,6,5,301.200008392,263168,0.873731715363,131584,2909,true,1,32,3,acl_timeline_event_ms,false,0.301200008392
bf16,1,257,1,256,257,scalar_split,2,0,5,419.371986389,428676,1.02218558681,131584,2909,true,1,32,3,acl_timeline_event_ms,false,0.419371986389
bf16,1,257,1,256,257,vector_split,2,1,5,210.380005836,428676,2.03762709434,131584,2909,true,1,32,3,acl_timeline_event_ms,false,0.210380005836
bf16,1,257,1,256,257,scalar_fused,2,2,5,396.567988396,165508,0.417350882681,131584,2909,true,1,32,3,acl_timeline_event_ms,false,0.396567988396
bf16,1,257,1,256,257,vector_fused,2,3,5,201.623988152,165508,0.820874547306,131584,2909,true,1,32,3,acl_timeline_event_ms,false,0.201623988152
bf16,1,257,1,256,257,quant_only,2,4,5,118.799996376,165508,1.39316502566,131584,2909,true,1,32,3,acl_timeline_event_ms,false,0.118799996376
bf16,1,257,1,256,257,scalar_transform,2,5,5,301.379990578,263168,0.873209928421,131584,2909,true,1,32,3,acl_timeline_event_ms,false,0.301379990578
bf16,1,257,1,256,257,vector_transform,2,6,5,92.0840024948,263168,2.85791226348,131584,2909,true,1,32,3,acl_timeline_event_ms,false,0.0920840024948
bf16,1,257,1,256,257,vector_split,3,0,5,210.427999496,428676,2.03716235969,131584,2909,true,1,32,3,acl_timeline_event_ms,false,0.210427999496
bf16,1,257,1,256,257,scalar_fused,3,1,5,396.248006821,165508,0.417687905431,131584,2909,true,1,32,3,acl_timeline_event_ms,false,0.396248006821
bf16,1,257,1,256,257,vector_fused,3,2,5,201.959991455,165508,0.8195088483,131584,2909,true,1,32,3,acl_timeline_event_ms,false,0.201959991455
bf16,1,257,1,256,257,quant_only,3,3,5,118.868005276,165508,1.39236794305,131584,2909,true,1,32,3,acl_timeline_event_ms,false,0.118868005276
bf16,1,257,1,256,257,scalar_transform,3,4,5,302.904009819,263168,0.868816494563,131584,2909,true,1,32,3,acl_timeline_event_ms,false,0.302904009819
bf16,1,257,1,256,257,vector_transform,3,5,5,92.0599997044,263168,2.85865740653,131584,2909,true,1,32,3,acl_timeline_event_ms,false,0.0920599997044
bf16,1,257,1,256,257,scalar_split,3,6,5,419.755983353,428676,1.02125048123,131584,2909,true,1,32,3,acl_timeline_event_ms,false,0.419755983353
bf16,1,257,1,256,257,scalar_fused,4,0,5,396.535992622,165508,0.41738455797,131584,2909,true,1,32,3,acl_timeline_event_ms,false,0.396535992622
bf16,1,257,1,256,257,vector_fused,4,1,5,201.631999016,165508,0.820841933859,131584,2909,true,1,32,3,acl_timeline_event_ms,false,0.201631999016
bf16,1,257,1,256,257,quant_only,4,2,5,118.90399456,165508,1.39194650787,131584,2909,true,1,32,3,acl_timeline_event_ms,false,0.11890399456
bf16,1,257,1,256,257,scalar_transform,4,3,5,301.223993301,263168,0.873662144624,131584,2909,true,1,32,3,acl_timeline_event_ms,false,0.301223993301
bf16,1,257,1,256,257,vector_transform,4,4,5,92.0279979706,263168,2.8596514735,131584,2909,true,1,32,3,acl_timeline_event_ms,false,0.0920279979706
bf16,1,257,1,256,257,scalar_split,4,5,5,419.827985764,428676,1.02107533213,131584,2909,true,1,32,3,acl_timeline_event_ms,false,0.419827985764
bf16,1,257,1,256,257,vector_split,4,6,5,210.292005539,428676,2.03847977436,131584,2909,true,1,32,3,acl_timeline_event_ms,false,0.210292005539
fp16,1,4096,1,16,4096,scalar_transform,0,0,5,229.064011574,262144,1.14441373046,131072,2909,true,1,32,3,acl_timeline_event_ms,false,0.229064011574
fp16,1,4096,1,16,4096,vector_transform,0,1,5,164.031994343,262144,1.59812724981,131072,2909,true,1,32,3,acl_timeline_event_ms,false,0.164031994343
fp16,1,4096,1,16,4096,scalar_split,0,2,5,389.691996574,442368,1.13517342899,131072,2909,true,1,32,3,acl_timeline_event_ms,false,0.389691996574
fp16,1,4096,1,16,4096,vector_split,0,3,5,326.360011101,442368,1.35546018186,131072,2909,true,1,32,3,acl_timeline_event_ms,false,0.326360011101
fp16,1,4096,1,16,4096,scalar_fused,0,4,5,327.304005623,180224,0.550631819055,131072,2909,true,1,32,3,acl_timeline_event_ms,false,0.327304005623
fp16,1,4096,1,16,4096,vector_fused,0,5,5,271.751999855,180224,0.663192911537,131072,2909,true,1,32,3,acl_timeline_event_ms,false,0.271751999855
fp16,1,4096,1,16,4096,quant_only,0,6,5,161.932003498,180224,1.11296097193,131072,2909,true,1,32,3,acl_timeline_event_ms,false,0.161932003498
fp16,1,4096,1,16,4096,vector_transform,1,0,5,163.947999477,262144,1.59894601237,131072,2909,true,1,32,3,acl_timeline_event_ms,false,0.163947999477
fp16,1,4096,1,16,4096,scalar_split,1,1,5,391.32399559,442368,1.13043923957,131072,2909,true,1,32,3,acl_timeline_event_ms,false,0.39132399559
fp16,1,4096,1,16,4096,vector_split,1,2,5,326.412010193,442368,1.35524425017,131072,2909,true,1,32,3,acl_timeline_event_ms,false,0.326412010193
fp16,1,4096,1,16,4096,scalar_fused,1,3,5,327.175998688,180224,0.550847252619,131072,2909,true,1,32,3,acl_timeline_event_ms,false,0.327175998688
fp16,1,4096,1,16,4096,vector_fused,1,4,5,271.532011032,180224,0.663730214773,131072,2909,true,1,32,3,acl_timeline_event_ms,false,0.271532011032
fp16,1,4096,1,16,4096,quant_only,1,5,5,162.331998348,180224,1.11021857572,131072,2909,true,1,32,3,acl_timeline_event_ms,false,0.162331998348
fp16,1,4096,1,16,4096,scalar_transform,1,6,5,228.652000427,262144,1.14647586511,131072,2909,true,1,32,3,acl_timeline_event_ms,false,0.228652000427
fp16,1,4096,1,16,4096,scalar_split,2,0,5,390.608000755,442368,1.1325113647,131072,2909,true,1,32,3,acl_timeline_event_ms,false,0.390608000755
fp16,1,4096,1,16,4096,vector_split,2,1,5,326.184010506,442368,1.3561915537,131072,2909,true,1,32,3,acl_timeline_event_ms,false,0.326184010506
fp16,1,4096,1,16,4096,scalar_fused,2,2,5,327.291989326,180224,0.550652035117,131072,2909,true,1,32,3,acl_timeline_event_ms,false,0.327291989326
fp16,1,4096,1,16,4096,vector_fused,2,3,5,271.740007401,180224,0.663222179627,131072,2909,true,1,32,3,acl_timeline_event_ms,false,0.271740007401
fp16,1,4096,1,16,4096,quant_only,2,4,5,161.896002293,180224,1.11320846375,131072,2909,true,1,32,3,acl_timeline_event_ms,false,0.161896002293
fp16,1,4096,1,16,4096,scalar_transform,2,5,5,228.884005547,262144,1.14531375565,131072,2909,true,1,32,3,acl_timeline_event_ms,false,0.228884005547
fp16,1,4096,1,16,4096,vector_transform,2,6,5,164.103996754,262144,1.59742605412,131072,2909,true,1,32,3,acl_timeline_event_ms,false,0.164103996754
fp16,1,4096,1,16,4096,vector_split,3,0,5,325.916004181,442368,1.3573067733,131072,2909,true,1,32,3,acl_timeline_event_ms,false,0.325916004181
fp16,1,4096,1,16,4096,scalar_fused,3,1,5,327.467989922,180224,0.550356082264,131072,2909,true,1,32,3,acl_timeline_event_ms,false,0.327467989922
fp16,1,4096,1,16,4096,vector_fused,3,2,5,271.643996239,180224,0.663456592067,131072,2909,true,1,32,3,acl_timeline_event_ms,false,0.271643996239
fp16,1,4096,1,16,4096,quant_only,3,3,5,161.764001846,180224,1.11411684888,131072,2909,true,1,32,3,acl_timeline_event_ms,false,0.161764001846
fp16,1,4096,1,16,4096,scalar_transform,3,4,5,228.724002838,262144,1.14611495404,131072,2909,true,1,32,3,acl_timeline_event_ms,false,0.228724002838
fp16,1,4096,1,16,4096,vector_transform,3,5,5,164.323997498,262144,1.59528738341,131072,2909,true,1,32,3,acl_timeline_event_ms,false,0.164323997498
fp16,1,4096,1,16,4096,scalar_split,3,6,5,391.336011887,442368,1.1304045285,131072,2909,true,1,32,3,acl_timeline_event_ms,false,0.391336011887
fp16,1,4096,1,16,4096,scalar_fused,4,0,5,327.507996559,180224,0.550288853687,131072,2909,true,1,32,3,acl_timeline_event_ms,false,0.327507996559
fp16,1,4096,1,16,4096,vector_fused,4,1,5,271.756005287,180224,0.663183136687,131072,2909,true,1,32,3,acl_timeline_event_ms,false,0.271756005287
fp16,1,4096,1,16,4096,quant_only,4,2,5,162.344002724,180224,1.11013648165,131072,2909,true,1,32,3,acl_timeline_event_ms,false,0.162344002724
fp16,1,4096,1,16,4096,scalar_transform,4,3,5,228.688001633,262144,1.14629538117,131072,2909,true,1,32,3,acl_timeline_event_ms,false,0.228688001633
fp16,1,4096,1,16,4096,vector_transform,4,4,5,164.087998867,262144,1.59758179641,131072,2909,true,1,32,3,acl_timeline_event_ms,false,0.164087998867
fp16,1,4096,1,16,4096,scalar_split,4,5,5,391.388010979,442368,1.13025434503,131072,2909,true,1,32,3,acl_timeline_event_ms,false,0.391388010979
fp16,1,4096,1,16,4096,vector_split,4,6,5,325.523996353,442368,1.35894129144,131072,2909,true,1,32,3,acl_timeline_event_ms,false,0.325523996353
bf16,1,4096,1,16,4096,scalar_transform,0,0,5,230.836009979,262144,1.13562870899,131072,2909,true,1,32,3,acl_timeline_event_ms,false,0.230836009979
bf16,1,4096,1,16,4096,vector_transform,0,1,5,164.067995548,262144,1.59777657504,131072,2909,true,1,32,3,acl_timeline_event_ms,false,0.164067995548
bf16,1,4096,1,16,4096,scalar_split,0,2,5,391.980004311,442368,1.12854736246,131072,2909,true,1,32,3,acl_timeline_event_ms,false,0.391980004311
bf16,1,4096,1,16,4096,vector_split,0,3,5,326.307988167,442368,1.35567628143,131072,2909,true,1,32,3,acl_timeline_event_ms,false,0.326307988167
bf16,1,4096,1,16,4096,scalar_fused,0,4,5,329.396009445,180224,0.547134740046,131072,2909,true,1,32,3,acl_timeline_event_ms,false,0.329396009445
bf16,1,4096,1,16,4096,vector_fused,0,5,5,273.052000999,180224,0.660035448707,131072,2909,true,1,32,3,acl_timeline_event_ms,false,0.273052000999
bf16,1,4096,1,16,4096,quant_only,0,6,5,163.287997246,180224,1.10371860173,131072,2909,true,1,32,3,acl_timeline_event_ms,false,0.163287997246
bf16,1,4096,1,16,4096,vector_transform,1,0,5,164.191997051,262144,1.59656989809,131072,2909,true,1,32,3,acl_timeline_event_ms,false,0.164191997051
bf16,1,4096,1,16,4096,scalar_split,1,1,5,391.359996796,442368,1.13033525047,131072,2909,true,1,32,3,acl_timeline_event_ms,false,0.391359996796
bf16,1,4096,1,16,4096,vector_split,1,2,5,326.543998718,442368,1.35469646276,131072,2909,true,1,32,3,acl_timeline_event_ms,false,0.326543998718
bf16,1,4096,1,16,4096,scalar_fused,1,3,5,329.776000977,180224,0.546504292205,131072,2909,true,1,32,3,acl_timeline_event_ms,false,0.329776000977
bf16,1,4096,1,16,4096,vector_fused,1,4,5,272.887992859,180224,0.660432135954,131072,2909,true,1,32,3,acl_timeline_event_ms,false,0.272887992859
bf16,1,4096,1,16,4096,quant_only,1,5,5,162.544000149,180224,1.10877054727,131072,2909,true,1,32,3,acl_timeline_event_ms,false,0.162544000149
bf16,1,4096,1,16,4096,scalar_transform,1,6,5,229.168009758,262144,1.14389438682,131072,2909,true,1,32,3,acl_timeline_event_ms,false,0.229168009758
bf16,1,4096,1,16,4096,scalar_split,2,0,5,391.639995575,442368,1.1295271295,131072,2909,true,1,32,3,acl_timeline_event_ms,false,0.391639995575
bf16,1,4096,1,16,4096,vector_split,2,1,5,327.18000412,442368,1.35206306752,131072,2909,true,1,32,3,acl_timeline_event_ms,false,0.32718000412
bf16,1,4096,1,16,4096,scalar_fused,2,2,5,329.631996155,180224,0.546743041035,131072,2909,true,1,32,3,acl_timeline_event_ms,false,0.329631996155
bf16,1,4096,1,16,4096,vector_fused,2,3,5,272.796010971,180224,0.660654821742,131072,2909,true,1,32,3,acl_timeline_event_ms,false,0.272796010971
bf16,1,4096,1,16,4096,quant_only,2,4,5,162.295997143,180224,1.11046484924,131072,2909,true,1,32,3,acl_timeline_event_ms,false,0.162295997143
bf16,1,4096,1,16,4096,scalar_transform,2,5,5,229.164004326,262144,1.14391438032,131072,2909,true,1,32,3,acl_timeline_event_ms,false,0.229164004326
bf16,1,4096,1,16,4096,vector_transform,2,6,5,163.971996307,262144,1.59871201122,131072,2909,true,1,32,3,acl_timeline_event_ms,false,0.163971996307
bf16,1,4096,1,16,4096,vector_split,3,0,5,326.848006248,442368,1.35343643389,131072,2909,true,1,32,3,acl_timeline_event_ms,false,0.326848006248
bf16,1,4096,1,16,4096,scalar_fused,3,1,5,329.423999786,180224,0.547088251363,131072,2909,true,1,32,3,acl_timeline_event_ms,false,0.329423999786
bf16,1,4096,1,16,4096,vector_fused,3,2,5,272.979998589,180224,0.660209542574,131072,2909,true,1,32,3,acl_timeline_event_ms,false,0.272979998589
bf16,1,4096,1,16,4096,quant_only,3,3,5,162.067997456,180224,1.11202706783,131072,2909,true,1,32,3,acl_timeline_event_ms,false,0.162067997456
bf16,1,4096,1,16,4096,scalar_transform,3,4,5,231.107997894,262144,1.13429220273,131072,2909,true,1,32,3,acl_timeline_event_ms,false,0.231107997894
bf16,1,4096,1,16,4096,vector_transform,3,5,5,164.103996754,262144,1.59742605412,131072,2909,true,1,32,3,acl_timeline_event_ms,false,0.164103996754
bf16,1,4096,1,16,4096,scalar_split,3,6,5,390.756011009,442368,1.13208239294,131072,2909,true,1,32,3,acl_timeline_event_ms,false,0.390756011009
bf16,1,4096,1,16,4096,scalar_fused,4,0,5,329.57201004,180224,0.546842554918,131072,2909,true,1,32,3,acl_timeline_event_ms,false,0.32957201004
bf16,1,4096,1,16,4096,vector_fused,4,1,5,273.307991028,180224,0.659417235926,131072,2909,true,1,32,3,acl_timeline_event_ms,false,0.273307991028
bf16,1,4096,1,16,4096,quant_only,4,2,5,162.619996071,180224,1.10825239426,131072,2909,true,1,32,3,acl_timeline_event_ms,false,0.162619996071
bf16,1,4096,1,16,4096,scalar_transform,4,3,5,228.692007065,262144,1.14627530435,131072,2909,true,1,32,3,acl_timeline_event_ms,false,0.228692007065
bf16,1,4096,1,16,4096,vector_transform,4,4,5,164.35199976,262144,1.59501557866,131072,2909,true,1,32,3,acl_timeline_event_ms,false,0.16435199976
bf16,1,4096,1,16,4096,scalar_split,4,5,5,390.583992004,442368,1.13258097888,131072,2909,true,1,32,3,acl_timeline_event_ms,false,0.390583992004
bf16,1,4096,1,16,4096,vector_split,4,6,5,326.920008659,442368,1.35313834664,131072,2909,true,1,32,3,acl_timeline_event_ms,false,0.326920008659
fp16,1,4096,1,64,4096,scalar_transform,0,0,5,909.399986267,1048576,1.15304158328,524288,2909,true,1,32,3,acl_timeline_event_ms,false,0.909399986267
fp16,1,4096,1,64,4096,vector_transform,0,1,5,334.12399292,1048576,3.13828405687,524288,2909,true,1,32,3,acl_timeline_event_ms,false,0.33412399292
fp16,1,4096,1,64,4096,scalar_split,0,2,5,1355.36403656,1720320,1.26926785247,524288,2909,true,1,32,3,acl_timeline_event_ms,false,1.35536403656
fp16,1,4096,1,64,4096,vector_split,0,3,5,782.704019547,1720320,2.19791895409,524288,2909,true,1,32,3,acl_timeline_event_ms,false,0.782704019547
fp16,1,4096,1,64,4096,scalar_fused,0,4,5,1262.10002899,671744,0.532243074692,524288,2909,true,1,32,3,acl_timeline_event_ms,false,1.26210002899
fp16,1,4096,1,64,4096,vector_fused,0,5,5,728.480005264,671744,0.922117278643,524288,2909,true,1,32,3,acl_timeline_event_ms,false,0.728480005264
fp16,1,4096,1,64,4096,quant_only,0,6,5,448.388004303,671744,1.49813106852,524288,2909,true,1,32,3,acl_timeline_event_ms,false,0.448388004303
fp16,1,4096,1,64,4096,vector_transform,1,0,5,334.132003784,1048576,3.13820881605,524288,2909,true,1,32,3,acl_timeline_event_ms,false,0.334132003784
fp16,1,4096,1,64,4096,scalar_split,1,1,5,1355.82399368,1720320,1.26883725912,524288,2909,true,1,32,3,acl_timeline_event_ms,false,1.35582399368
fp16,1,4096,1,64,4096,vector_split,1,2,5,782.34000206,1720320,2.19894163084,524288,2909,true,1,32,3,acl_timeline_event_ms,false,0.78234000206
fp16,1,4096,1,64,4096,scalar_fused,1,3,5,1262.16802597,671744,0.532214401077,524288,2909,true,1,32,3,acl_timeline_event_ms,false,1.26216802597
fp16,1,4096,1,64,4096,vector_fused,1,4,5,728.683996201,671744,0.92185913716,524288,2909,true,1,32,3,acl_timeline_event_ms,false,0.728683996201
fp16,1,4096,1,64,4096,quant_only,1,5,5,448.411989212,671744,1.49805093566,524288,2909,true,1,32,3,acl_timeline_event_ms,false,0.448411989212
fp16,1,4096,1,64,4096,scalar_transform,1,6,5,907.176017761,1048576,1.1558682984,524288,2909,true,1,32,3,acl_timeline_event_ms,false,0.907176017761
fp16,1,4096,1,64,4096,scalar_split,2,0,5,1355.51996231,1720320,1.26912184832,524288,2909,true,1,32,3,acl_timeline_event_ms,false,1.35551996231
fp16,1,4096,1,64,4096,vector_split,2,1,5,782.395982742,1720320,2.19878429586,524288,2909,true,1,32,3,acl_timeline_event_ms,false,0.782395982742
fp16,1,4096,1,64,4096,scalar_fused,2,2,5,1262.0880127,671744,0.53224814216,524288,2909,true,1,32,3,acl_timeline_event_ms,false,1.2620880127
fp16,1,4096,1,64,4096,vector_fused,2,3,5,728.355979919,671744,0.922274297898,524288,2909,true,1,32,3,acl_timeline_event_ms,false,0.728355979919
fp16,1,4096,1,64,4096,quant_only,2,4,5,448.632001877,671744,1.49731627969,524288,2909,true,1,32,3,acl_timeline_event_ms,false,0.448632001877
fp16,1,4096,1,64,4096,scalar_transform,2,5,5,907.483959198,1048576,1.15547607136,524288,2909,true,1,32,3,acl_timeline_event_ms,false,0.907483959198
fp16,1,4096,1,64,4096,vector_transform,2,6,5,334.044003487,1048576,3.13903554339,524288,2909,true,1,32,3,acl_timeline_event_ms,false,0.334044003487
fp16,1,4096,1,64,4096,vector_split,3,0,5,782.115983963,1720320,2.19957146417,524288,2909,true,1,32,3,acl_timeline_event_ms,false,0.782115983963
fp16,1,4096,1,64,4096,scalar_fused,3,1,5,1261.94400787,671744,0.532308878848,524288,2909,true,1,32,3,acl_timeline_event_ms,false,1.26194400787
fp16,1,4096,1,64,4096,vector_fused,3,2,5,728.603982925,671744,0.921960373182,524288,2909,true,1,32,3,acl_timeline_event_ms,false,0.728603982925
fp16,1,4096,1,64,4096,quant_only,3,3,5,448.744010925,671744,1.49694254106,524288,2909,true,1,32,3,acl_timeline_event_ms,false,0.448744010925
fp16,1,4096,1,64,4096,scalar_transform,3,4,5,907.324028015,1048576,1.15567974354,524288,2909,true,1,32,3,acl_timeline_event_ms,false,0.907324028015
fp16,1,4096,1,64,4096,vector_transform,3,5,5,333.915996552,1048576,3.1402388949,524288,2909,true,1,32,3,acl_timeline_event_ms,false,0.333915996552
fp16,1,4096,1,64,4096,scalar_split,3,6,5,1355.86004257,1720320,1.26880352395,524288,2909,true,1,32,3,acl_timeline_event_ms,false,1.35586004257
fp16,1,4096,1,64,4096,scalar_fused,4,0,5,1261.93199158,671744,0.532313947569,524288,2909,true,1,32,3,acl_timeline_event_ms,false,1.26193199158
fp16,1,4096,1,64,4096,vector_fused,4,1,5,728.647994995,671744,0.921904684586,524288,2909,true,1,32,3,acl_timeline_event_ms,false,0.728647994995
fp16,1,4096,1,64,4096,quant_only,4,2,5,448.655986786,671744,1.49723623396,524288,2909,true,1,32,3,acl_timeline_event_ms,false,0.448655986786
fp16,1,4096,1,64,4096,scalar_transform,4,3,5,907.551956177,1048576,1.15538949904,524288,2909,true,1,32,3,acl_timeline_event_ms,false,0.907551956177
fp16,1,4096,1,64,4096,vector_transform,4,4,5,334.367990494,1048576,3.13599396417,524288,2909,true,1,32,3,acl_timeline_event_ms,false,0.334367990494
fp16,1,4096,1,64,4096,scalar_split,4,5,5,1355.30004501,1720320,1.26932778194,524288,2909,true,1,32,3,acl_timeline_event_ms,false,1.35530004501
fp16,1,4096,1,64,4096,vector_split,4,6,5,782.151985168,1720320,2.19947022142,524288,2909,true,1,32,3,acl_timeline_event_ms,false,0.782151985168
bf16,1,4096,1,64,4096,scalar_transform,0,0,5,907.371997833,1048576,1.15561864649,524288,2909,true,1,32,3,acl_timeline_event_ms,false,0.907371997833
bf16,1,4096,1,64,4096,vector_transform,0,1,5,334.143996239,1048576,3.13809618549,524288,2909,true,1,32,3,acl_timeline_event_ms,false,0.334143996239
bf16,1,4096,1,64,4096,scalar_split,0,2,5,1355.3440094,1720320,1.26928660773,524288,2909,true,1,32,3,acl_timeline_event_ms,false,1.3553440094
bf16,1,4096,1,64,4096,vector_split,0,3,5,782.560014725,1720320,2.19832340987,524288,2909,true,1,32,3,acl_timeline_event_ms,false,0.782560014725
bf16,1,4096,1,64,4096,scalar_fused,0,4,5,1265.88802338,671744,0.530650411091,524288,2909,true,1,32,3,acl_timeline_event_ms,false,1.26588802338
bf16,1,4096,1,64,4096,vector_fused,0,5,5,728.936004639,671744,0.921540431156,524288,2909,true,1,32,3,acl_timeline_event_ms,false,0.728936004639
bf16,1,4096,1,64,4096,quant_only,0,6,5,448.827981949,671744,1.49666247876,524288,2909,true,1,32,3,acl_timeline_event_ms,false,0.448827981949
bf16,1,4096,1,64,4096,vector_transform,1,0,5,334.340000153,1048576,3.13625650392,524288,2909,true,1,32,3,acl_timeline_event_ms,false,0.334340000153
bf16,1,4096,1,64,4096,scalar_split,1,1,5,1355.4599762,1720320,1.26917801352,524288,2909,true,1,32,3,acl_timeline_event_ms,false,1.3554599762
bf16,1,4096,1,64,4096,vector_split,1,2,5,782.388019562,1720320,2.19880667519,524288,2909,true,1,32,3,acl_timeline_event_ms,false,0.782388019562
bf16,1,4096,1,64,4096,scalar_fused,1,3,5,1265.89202881,671744,0.53064873205,524288,2909,true,1,32,3,acl_timeline_event_ms,false,1.26589202881
bf16,1,4096,1,64,4096,vector_fused,1,4,5,728.887987137,671744,0.921601140168,524288,2909,true,1,32,3,acl_timeline_event_ms,false,0.728887987137
bf16,1,4096,1,64,4096,quant_only,1,5,5,448.831987381,671744,1.49664912236,524288,2909,true,1,32,3,acl_timeline_event_ms,false,0.448831987381
bf16,1,4096,1,64,4096,scalar_transform,1,6,5,907.079982758,1048576,1.15599067329,524288,2909,true,1,32,3,acl_timeline_event_ms,false,0.907079982758
bf16,1,4096,1,64,4096,scalar_split,2,0,5,1355.83200455,1720320,1.26882976226,524288,2909,true,1,32,3,acl_timeline_event_ms,false,1.35583200455
bf16,1,4096,1,64,4096,vector_split,2,1,5,782.567977905,1720320,2.19830104038,524288,2909,true,1,32,3,acl_timeline_event_ms,false,0.782567977905
bf16,1,4096,1,64,4096,scalar_fused,2,2,5,1265.55204391,671744,0.530791288458,524288,2909,true,1,32,3,acl_timeline_event_ms,false,1.26555204391
bf16,1,4096,1,64,4096,vector_fused,2,3,5,729.160022736,671744,0.921257308485,524288,2909,true,1,32,3,acl_timeline_event_ms,false,0.729160022736
bf16,1,4096,1,64,4096,quant_only,2,4,5,449.068021774,671744,1.49586246944,524288,2909,true,1,32,3,acl_timeline_event_ms,false,0.449068021774
bf16,1,4096,1,64,4096,scalar_transform,2,5,5,907.75604248,1048576,1.15512973853,524288,2909,true,1,32,3,acl_timeline_event_ms,false,0.90775604248
bf16,1,4096,1,64,4096,vector_transform,2,6,5,334.060001373,1048576,3.13888521729,524288,2909,true,1,32,3,acl_timeline_event_ms,false,0.334060001373
bf16,1,4096,1,64,4096,vector_split,3,0,5,782.304000854,1720320,2.19904282494,524288,2909,true,1,32,3,acl_timeline_event_ms,false,0.782304000854
bf16,1,4096,1,64,4096,scalar_fused,3,1,5,1265.93999863,671744,0.530628624365,524288,2909,true,1,32,3,acl_timeline_event_ms,false,1.26593999863
bf16,1,4096,1,64,4096,vector_fused,3,2,5,728.764009476,671744,0.921757923368,524288,2909,true,1,32,3,acl_timeline_event_ms,false,0.728764009476
bf16,1,4096,1,64,4096,quant_only,3,3,5,448.691987991,671744,1.49711610187,524288,2909,true,1,32,3,acl_timeline_event_ms,false,0.448691987991
bf16,1,4096,1,64,4096,scalar_transform,3,4,5,909.004020691,1048576,1.15354385254,524288,2909,true,1,32,3,acl_timeline_event_ms,false,0.909004020691
bf16,1,4096,1,64,4096,vector_transform,3,5,5,334.28800106,1048576,3.13674435419,524288,2909,true,1,32,3,acl_timeline_event_ms,false,0.33428800106
bf16,1,4096,1,64,4096,scalar_split,3,6,5,1355.41601181,1720320,1.26921918069,524288,2909,true,1,32,3,acl_timeline_event_ms,false,1.35541601181
bf16,1,4096,1,64,4096,scalar_fused,4,0,5,1265.57998657,671744,0.530779569152,524288,2909,true,1,32,3,acl_timeline_event_ms,false,1.26557998657
bf16,1,4096,1,64,4096,vector_fused,4,1,5,728.955984116,671744,0.921515173258,524288,2909,true,1,32,3,acl_timeline_event_ms,false,0.728955984116
bf16,1,4096,1,64,4096,quant_only,4,2,5,448.604011536,671744,1.49740970372,524288,2909,true,1,32,3,acl_timeline_event_ms,false,0.448604011536
bf16,1,4096,1,64,4096,scalar_transform,4,3,5,907.444000244,1048576,1.15552695232,524288,2909,true,1,32,3,acl_timeline_event_ms,false,0.907444000244
bf16,1,4096,1,64,4096,vector_transform,4,4,5,334.191989899,1048576,3.13764552022,524288,2909,true,1,32,3,acl_timeline_event_ms,false,0.334191989899
bf16,1,4096,1,64,4096,scalar_split,4,5,5,1355.47199249,1720320,1.26916676223,524288,2909,true,1,32,3,acl_timeline_event_ms,false,1.35547199249
bf16,1,4096,1,64,4096,vector_split,4,6,5,782.840013504,1720320,2.19753713444,524288,2909,true,1,32,3,acl_timeline_event_ms,false,0.782840013504
fp16,1,4096,1,128,4096,scalar_transform,0,0,5,1952.05192566,2097152,1.07433207715,1048576,2909,true,1,32,3,acl_timeline_event_ms,false,1.95205192566
fp16,1,4096,1,128,4096,vector_transform,0,1,5,551.408004761,2097152,3.80326723931,1048576,2909,true,1,32,3,acl_timeline_event_ms,false,0.551408004761
fp16,1,4096,1,128,4096,scalar_split,0,2,5,2795.32394409,3424256,1.22499433643,1048576,2909,true,1,32,3,acl_timeline_event_ms,false,2.79532394409
fp16,1,4096,1,128,4096,vector_split,0,3,5,1394.82402802,3424256,2.4549734814,1048576,2909,true,1,32,3,acl_timeline_event_ms,false,1.39482402802
fp16,1,4096,1,128,4096,scalar_fused,0,4,5,2634.95998383,1327104,0.503652430453,1048576,2909,true,1,32,3,acl_timeline_event_ms,false,2.63495998383
fp16,1,4096,1,128,4096,vector_fused,0,5,5,1325.24404526,1327104,1.00140348093,1048576,2909,true,1,32,3,acl_timeline_event_ms,false,1.32524404526
fp16,1,4096,1,128,4096,quant_only,0,6,5,844.06003952,1327104,1.57228625674,1048576,2909,true,1,32,3,acl_timeline_event_ms,false,0.84406003952
fp16,1,4096,1,128,4096,vector_transform,1,0,5,551.395988464,2097152,3.80335012201,1048576,2909,true,1,32,3,acl_timeline_event_ms,false,0.551395988464
fp16,1,4096,1,128,4096,scalar_split,1,1,5,2796.02394104,3424256,1.22468765369,1048576,2909,true,1,32,3,acl_timeline_event_ms,false,2.79602394104
fp16,1,4096,1,128,4096,vector_split,1,2,5,1394.38800812,3424256,2.4557411424,1048576,2909,true,1,32,3,acl_timeline_event_ms,false,1.39438800812
fp16,1,4096,1,128,4096,scalar_fused,1,3,5,2635.02407074,1327104,0.503640181028,1048576,2909,true,1,32,3,acl_timeline_event_ms,false,2.63502407074
fp16,1,4096,1,128,4096,vector_fused,1,4,5,1325.3279686,1327104,1.00134006936,1048576,2909,true,1,32,3,acl_timeline_event_ms,false,1.3253279686
fp16,1,4096,1,128,4096,quant_only,1,5,5,844.268035889,1327104,1.57189890365,1048576,2909,true,1,32,3,acl_timeline_event_ms,false,0.844268035889
fp16,1,4096,1,128,4096,scalar_transform,1,6,5,1952.03208923,2097152,1.07434299445,1048576,2909,true,1,32,3,acl_timeline_event_ms,false,1.95203208923
fp16,1,4096,1,128,4096,scalar_split,2,0,5,2795.62397003,3424256,1.22486287022,1048576,2909,true,1,32,3,acl_timeline_event_ms,false,2.79562397003
fp16,1,4096,1,128,4096,vector_split,2,1,5,1394.82002258,3424256,2.45498053122,1048576,2909,true,1,32,3,acl_timeline_event_ms,false,1.39482002258
fp16,1,4096,1,128,4096,scalar_fused,2,2,5,2634.78393555,1327104,0.503686082982,1048576,2909,true,1,32,3,acl_timeline_event_ms,false,2.63478393555
fp16,1,4096,1,128,4096,vector_fused,2,3,5,1325.06799698,1327104,1.0015365272,1048576,2909,true,1,32,3,acl_timeline_event_ms,false,1.32506799698
fp16,1,4096,1,128,4096,quant_only,2,4,5,843.959999084,1327104,1.57247263074,1048576,2909,true,1,32,3,acl_timeline_event_ms,false,0.843959999084
fp16,1,4096,1,128,4096,scalar_transform,2,5,5,1951.89609528,2097152,1.07441784687,1048576,2909,true,1,32,3,acl_timeline_event_ms,false,1.95189609528
fp16,1,4096,1,128,4096,vector_transform,2,6,5,551.287984848,2097152,3.80409524176,1048576,2909,true,1,32,3,acl_timeline_event_ms,false,0.551287984848
fp16,1,4096,1,128,4096,vector_split,3,0,5,1394.35997009,3424256,2.45579052285,1048576,2909,true,1,32,3,acl_timeline_event_ms,false,1.39435997009
fp16,1,4096,1,128,4096,scalar_fused,3,1,5,2634.98802185,1327104,0.503647071256,1048576,2909,true,1,32,3,acl_timeline_event_ms,false,2.63498802185
fp16,1,4096,1,128,4096,vector_fused,3,2,5,1325.18396378,1327104,1.00144888278,1048576,2909,true,1,32,3,acl_timeline_event_ms,false,1.32518396378
fp16,1,4096,1,128,4096,quant_only,3,3,5,844.699954987,1327104,1.57109514706,1048576,2909,true,1,32,3,acl_timeline_event_ms,false,0.844699954987
fp16,1,4096,1,128,4096,scalar_transform,3,4,5,1952.06394196,2097152,1.0743254639,1048576,2909,true,1,32,3,acl_timeline_event_ms,false,1.95206394196
fp16,1,4096,1,128,4096,vector_transform,3,5,5,550.856018066,2097152,3.80707831306,1048576,2909,true,1,32,3,acl_timeline_event_ms,false,0.550856018066
fp16,1,4096,1,128,4096,scalar_split,3,6,5,2795.57209015,3424256,1.22488560108,1048576,2909,true,1,32,3,acl_timeline_event_ms,false,2.79557209015
fp16,1,4096,1,128,4096,scalar_fused,4,0,5,2635.07995605,1327104,0.503629499724,1048576,2909,true,1,32,3,acl_timeline_event_ms,false,2.63507995605
fp16,1,4096,1,128,4096,vector_fused,4,1,5,1324.97997284,1327104,1.0016030636,1048576,2909,true,1,32,3,acl_timeline_event_ms,false,1.32497997284
fp16,1,4096,1,128,4096,quant_only,4,2,5,844.359970093,1327104,1.57172775476,1048576,2909,true,1,32,3,acl_timeline_event_ms,false,0.844359970093
fp16,1,4096,1,128,4096,scalar_transform,4,3,5,1952.30407715,2097152,1.07419332088,1048576,2909,true,1,32,3,acl_timeline_event_ms,false,1.95230407715
fp16,1,4096,1,128,4096,vector_transform,4,4,5,550.612020493,2097152,3.80876537734,1048576,2909,true,1,32,3,acl_timeline_event_ms,false,0.550612020493
fp16,1,4096,1,128,4096,scalar_split,4,5,5,2795.80402374,3424256,1.22478398733,1048576,2909,true,1,32,3,acl_timeline_event_ms,false,2.79580402374
fp16,1,4096,1,128,4096,vector_split,4,6,5,1394.83604431,3424256,2.45495233219,1048576,2909,true,1,32,3,acl_timeline_event_ms,false,1.39483604431
bf16,1,4096,1,128,4096,scalar_transform,0,0,5,1951.97200775,2097152,1.0743760626,1048576,2909,true,1,32,3,acl_timeline_event_ms,false,1.95197200775
bf16,1,4096,1,128,4096,vector_transform,0,1,5,557.876014709,2097152,3.75917219006,1048576,2909,true,1,32,3,acl_timeline_event_ms,false,0.557876014709
bf16,1,4096,1,128,4096,scalar_split,0,2,5,2795.40805817,3424256,1.22495747624,1048576,2909,true,1,32,3,acl_timeline_event_ms,false,2.79540805817
bf16,1,4096,1,128,4096,vector_split,0,3,5,1394.34404373,3424256,2.45581857318,1048576,2909,true,1,32,3,acl_timeline_event_ms,false,1.39434404373
bf16,1,4096,1,128,4096,scalar_fused,0,4,5,2638.23204041,1327104,0.50302777757,1048576,2909,true,1,32,3,acl_timeline_event_ms,false,2.63823204041
bf16,1,4096,1,128,4096,vector_fused,0,5,5,1326.58004761,1327104,1.00039496478,1048576,2909,true,1,32,3,acl_timeline_event_ms,false,1.32658004761
bf16,1,4096,1,128,4096,quant_only,0,6,5,843.776035309,1327104,1.57281546816,1048576,2909,true,1,32,3,acl_timeline_event_ms,false,0.843776035309
bf16,1,4096,1,128,4096,vector_transform,1,0,5,551.07998848,2097152,3.80553103695,1048576,2909,true,1,32,3,acl_timeline_event_ms,false,0.55107998848
bf16,1,4096,1,128,4096,scalar_split,1,1,5,2795.11203766,3424256,1.22508720719,1048576,2909,true,1,32,3,acl_timeline_event_ms,false,2.79511203766
bf16,1,4096,1,128,4096,vector_split,1,2,5,1394.51198578,3424256,2.45552281724,1048576,2909,true,1,32,3,acl_timeline_event_ms,false,1.39451198578
bf16,1,4096,1,128,4096,scalar_fused,1,3,5,2638.18798065,1327104,0.503036178518,1048576,2909,true,1,32,3,acl_timeline_event_ms,false,2.63818798065
bf16,1,4096,1,128,4096,vector_fused,1,4,5,1326.6119957,1327104,1.0003708728,1048576,2909,true,1,32,3,acl_timeline_event_ms,false,1.3266119957
bf16,1,4096,1,128,4096,quant_only,1,5,5,844.095993042,1327104,1.5722192866,1048576,2909,true,1,32,3,acl_timeline_event_ms,false,0.844095993042
bf16,1,4096,1,128,4096,scalar_transform,1,6,5,1951.53999329,2097152,1.07461389836,1048576,2909,true,1,32,3,acl_timeline_event_ms,false,1.95153999329
bf16,1,4096,1,128,4096,scalar_split,2,0,5,2794.83604431,3424256,1.22520818599,1048576,2909,true,1,32,3,acl_timeline_event_ms,false,2.79483604431
bf16,1,4096,1,128,4096,vector_split,2,1,5,1394.58799362,3424256,2.45538898632,1048576,2909,true,1,32,3,acl_timeline_event_ms,false,1.39458799362
bf16,1,4096,1,128,4096,scalar_fused,2,2,5,2638.39206696,1327104,0.502997267397,1048576,2909,true,1,32,3,acl_timeline_event_ms,false,2.63839206696
bf16,1,4096,1,128,4096,vector_fused,2,3,5,1326.46398544,1327104,1.00048249675,1048576,2909,true,1,32,3,acl_timeline_event_ms,false,1.32646398544
bf16,1,4096,1,128,4096,quant_only,2,4,5,843.95198822,1327104,1.57248755678,1048576,2909,true,1,32,3,acl_timeline_event_ms,false,0.84395198822
bf16,1,4096,1,128,4096,scalar_transform,2,5,5,1951.75991058,2097152,1.07449281473,1048576,2909,true,1,32,3,acl_timeline_event_ms,false,1.95175991058
bf16,1,4096,1,128,4096,vector_transform,2,6,5,551.376008987,2097152,3.80348793893,1048576,2909,true,1,32,3,acl_timeline_event_ms,false,0.551376008987
bf16,1,4096,1,128,4096,vector_split,3,0,5,1394.56396103,3424256,2.45543130017,1048576,2909,true,1,32,3,acl_timeline_event_ms,false,1.39456396103
bf16,1,4096,1,128,4096,scalar_fused,3,1,5,2638.29193115,1327104,0.50301635855,1048576,2909,true,1,32,3,acl_timeline_event_ms,false,2.63829193115
bf16,1,4096,1,128,4096,vector_fused,3,2,5,1326.59597397,1327104,1.0003829546,1048576,2909,true,1,32,3,acl_timeline_event_ms,false,1.32659597397
bf16,1,4096,1,128,4096,quant_only,3,3,5,844.044017792,1327104,1.57231610203,1048576,2909,true,1,32,3,acl_timeline_event_ms,false,0.844044017792
bf16,1,4096,1,128,4096,scalar_transform,3,4,5,1951.61991119,2097152,1.07456989344,1048576,2909,true,1,32,3,acl_timeline_event_ms,false,1.95161991119
bf16,1,4096,1,128,4096,vector_transform,3,5,5,551.507997513,2097152,3.80257767695,1048576,2909,true,1,32,3,acl_timeline_event_ms,false,0.551507997513
bf16,1,4096,1,128,4096,scalar_split,3,6,5,2795.17192841,3424256,1.22506095786,1048576,2909,true,1,32,3,acl_timeline_event_ms,false,2.79517192841
bf16,1,4096,1,128,4096,scalar_fused,4,0,5,2638.24005127,1327104,0.503026250155,1048576,2909,true,1,32,3,acl_timeline_event_ms,false,2.63824005127
bf16,1,4096,1,128,4096,vector_fused,4,1,5,1326.54800415,1327104,1.00041912984,1048576,2909,true,1,32,3,acl_timeline_event_ms,false,1.32654800415
bf16,1,4096,1,128,4096,quant_only,4,2,5,843.828010559,1327104,1.57271859122,1048576,2909,true,1,32,3,acl_timeline_event_ms,false,0.843828010559
bf16,1,4096,1,128,4096,scalar_transform,4,3,5,1951.67598724,2097152,1.07453901862,1048576,2909,true,1,32,3,acl_timeline_event_ms,false,1.95167598724
bf16,1,4096,1,128,4096,vector_transform,4,4,5,550.860023499,2097152,3.8070506309,1048576,2909,true,1,32,3,acl_timeline_event_ms,false,0.550860023499
bf16,1,4096,1,128,4096,scalar_split,4,5,5,2795.26405334,3424256,1.2250205829,1048576,2909,true,1,32,3,acl_timeline_event_ms,false,2.79526405334
bf16,1,4096,1,128,4096,vector_split,4,6,5,1394.40402985,3424256,2.45571292589,1048576,2909,true,1,32,3,acl_timeline_event_ms,false,1.39440402985
fp16,1,4096,1,256,4096,scalar_transform,0,0,5,4234.37194824,4194304,0.990537451898,2097152,2909,true,1,32,3,acl_timeline_event_ms,false,4.23437194824
fp16,1,4096,1,256,4096,vector_transform,0,1,5,989.052009583,4194304,4.24073148769,2097152,2909,true,1,32,3,acl_timeline_event_ms,false,0.989052009583
fp16,1,4096,1,256,4096,scalar_split,0,2,5,5866.0320282,6832128,1.16469326576,2097152,2909,true,1,32,3,acl_timeline_event_ms,false,5.8660320282
fp16,1,4096,1,256,4096,vector_split,0,3,5,2620.36800385,6832128,2.60731622046,2097152,2909,true,1,32,3,acl_timeline_event_ms,false,2.62036800385
fp16,1,4096,1,256,4096,scalar_fused,0,4,5,5570.5078125,2637824,0.473533848042,2097152,2909,true,1,32,3,acl_timeline_event_ms,false,5.5705078125
fp16,1,4096,1,256,4096,vector_fused,0,5,5,2534.25998688,2637824,1.04086558351,2097152,2909,true,1,32,3,acl_timeline_event_ms,false,2.53425998688
fp16,1,4096,1,256,4096,quant_only,0,6,5,1631.92806244,2637824,1.61638497475,2097152,2909,true,1,32,3,acl_timeline_event_ms,false,1.63192806244
fp16,1,4096,1,256,4096,vector_transform,1,0,5,988.936042786,4194304,4.24122877369,2097152,2909,true,1,32,3,acl_timeline_event_ms,false,0.988936042786
fp16,1,4096,1,256,4096,scalar_split,1,1,5,5865.73181152,6832128,1.16475287646,2097152,2909,true,1,32,3,acl_timeline_event_ms,false,5.86573181152
fp16,1,4096,1,256,4096,vector_split,1,2,5,2620.48797607,6832128,2.60719685127,2097152,2909,true,1,32,3,acl_timeline_event_ms,false,2.62048797607
fp16,1,4096,1,256,4096,scalar_fused,1,3,5,5570.42388916,2637824,0.473540982246,2097152,2909,true,1,32,3,acl_timeline_event_ms,false,5.57042388916
fp16,1,4096,1,256,4096,vector_fused,1,4,5,2536.84406281,2637824,1.03980533872,2097152,2909,true,1,32,3,acl_timeline_event_ms,false,2.53684406281
fp16,1,4096,1,256,4096,quant_only,1,5,5,1632.0640564,2637824,1.61625028727,2097152,2909,true,1,32,3,acl_timeline_event_ms,false,1.6320640564
fp16,1,4096,1,256,4096,scalar_transform,1,6,5,4234.05189514,4194304,0.990612326885,2097152,2909,true,1,32,3,acl_timeline_event_ms,false,4.23405189514
fp16,1,4096,1,256,4096,scalar_split,2,0,5,5865.18783569,6832128,1.16486090325,2097152,2909,true,1,32,3,acl_timeline_event_ms,false,5.86518783569
fp16,1,4096,1,256,4096,vector_split,2,1,5,2620.05596161,6832128,2.60762674542,2097152,2909,true,1,32,3,acl_timeline_event_ms,false,2.62005596161
fp16,1,4096,1,256,4096,scalar_fused,2,2,5,5570.30410767,2637824,0.473551165074,2097152,2909,true,1,32,3,acl_timeline_event_ms,false,5.57030410767
fp16,1,4096,1,256,4096,vector_fused,2,3,5,2534.25197601,2637824,1.04086887372,2097152,2909,true,1,32,3,acl_timeline_event_ms,false,2.53425197601
fp16,1,4096,1,256,4096,quant_only,2,4,5,1632.23209381,2637824,1.61608389518,2097152,2909,true,1,32,3,acl_timeline_event_ms,false,1.63223209381
fp16,1,4096,1,256,4096,scalar_transform,2,5,5,4239.41612244,4194304,0.989358883126,2097152,2909,true,1,32,3,acl_timeline_event_ms,false,4.23941612244
fp16,1,4096,1,256,4096,vector_transform,2,6,5,988.891983032,4194304,4.24141774023,2097152,2909,true,1,32,3,acl_timeline_event_ms,false,0.988891983032
fp16,1,4096,1,256,4096,vector_split,3,0,5,2620.34797668,6832128,2.60733614802,2097152,2909,true,1,32,3,acl_timeline_event_ms,false,2.62034797668
fp16,1,4096,1,256,4096,scalar_fused,3,1,5,5570.2960968,2637824,0.473551846106,2097152,2909,true,1,32,3,acl_timeline_event_ms,false,5.5702960968
fp16,1,4096,1,256,4096,vector_fused,3,2,5,2534.20391083,2637824,1.04088861545,2097152,2909,true,1,32,3,acl_timeline_event_ms,false,2.53420391083
fp16,1,4096,1,256,4096,quant_only,3,3,5,1631.8239212,2637824,1.61648813069,2097152,2909,true,1,32,3,acl_timeline_event_ms,false,1.6318239212
fp16,1,4096,1,256,4096,scalar_transform,3,4,5,4234.27581787,4194304,0.990559939978,2097152,2909,true,1,32,3,acl_timeline_event_ms,false,4.23427581787
fp16,1,4096,1,256,4096,vector_transform,3,5,5,988.971996307,4194304,4.2410745862,2097152,2909,true,1,32,3,acl_timeline_event_ms,false,0.988971996307
fp16,1,4096,1,256,4096,scalar_split,3,6,5,5865.35186768,6832128,1.16482832644,2097152,2909,true,1,32,3,acl_timeline_event_ms,false,5.86535186768
fp16,1,4096,1,256,4096,scalar_fused,4,0,5,5570.11604309,2637824,0.473567153645,2097152,2909,true,1,32,3,acl_timeline_event_ms,false,5.57011604309
fp16,1,4096,1,256,4096,vector_fused,4,1,5,2534.3000412,2637824,1.04084913275,2097152,2909,true,1,32,3,acl_timeline_event_ms,false,2.5343000412
fp16,1,4096,1,256,4096,quant_only,4,2,5,1631.85997009,2637824,1.61645242137,2097152,2909,true,1,32,3,acl_timeline_event_ms,false,1.63185997009
fp16,1,4096,1,256,4096,scalar_transform,4,3,5,4234.02404785,4194304,0.990618842169,2097152,2909,true,1,32,3,acl_timeline_event_ms,false,4.23402404785
fp16,1,4096,1,256,4096,vector_transform,4,4,5,988.780021667,4194304,4.24189800369,2097152,2909,true,1,32,3,acl_timeline_event_ms,false,0.988780021667
fp16,1,4096,1,256,4096,scalar_split,4,5,5,5865.51589966,6832128,1.16479575145,2097152,2909,true,1,32,3,acl_timeline_event_ms,false,5.86551589966
fp16,1,4096,1,256,4096,vector_split,4,6,5,2620.61195374,6832128,2.60707350826,2097152,2909,true,1,32,3,acl_timeline_event_ms,false,2.62061195374
bf16,1,4096,1,256,4096,scalar_transform,0,0,5,4234.0801239,4194304,0.990605722439,2097152,2909,true,1,32,3,acl_timeline_event_ms,false,4.2340801239
bf16,1,4096,1,256,4096,vector_transform,0,1,5,988.908004761,4194304,4.24134902317,2097152,2909,true,1,32,3,acl_timeline_event_ms,false,0.988908004761
bf16,1,4096,1,256,4096,scalar_split,0,2,5,5862.23182678,6832128,1.16544828009,2097152,2909,true,1,32,3,acl_timeline_event_ms,false,5.86223182678
bf16,1,4096,1,256,4096,vector_split,0,3,5,2617.51995087,6832128,2.61015317103,2097152,2909,true,1,32,3,acl_timeline_event_ms,false,2.61751995087
bf16,1,4096,1,256,4096,scalar_fused,0,4,5,5573.89183044,2637824,0.473246356449,2097152,2909,true,1,32,3,acl_timeline_event_ms,false,5.57389183044
bf16,1,4096,1,256,4096,vector_fused,0,5,5,2536.40804291,2637824,1.03998408591,2097152,2909,true,1,32,3,acl_timeline_event_ms,false,2.53640804291
bf16,1,4096,1,256,4096,quant_only,0,6,5,1629.40807343,2637824,1.61888482267,2097152,2909,true,1,32,3,acl_timeline_event_ms,false,1.62940807343
bf16,1,4096,1,256,4096,vector_transform,1,0,5,989.068031311,4194304,4.24066279287,2097152,2909,true,1,32,3,acl_timeline_event_ms,false,0.989068031311
bf16,1,4096,1,256,4096,scalar_split,1,1,5,5862.20817566,6832128,1.1654529821,2097152,2909,true,1,32,3,acl_timeline_event_ms,false,5.86220817566
bf16,1,4096,1,256,4096,vector_split,1,2,5,2617.60406494,6832128,2.61006929639,2097152,2909,true,1,32,3,acl_timeline_event_ms,false,2.61760406494
bf16,1,4096,1,256,4096,scalar_fused,1,3,5,5573.86817932,2637824,0.473248364535,2097152,2909,true,1,32,3,acl_timeline_event_ms,false,5.57386817932
bf16,1,4096,1,256,4096,vector_fused,1,4,5,2536.19995117,2637824,1.04006941518,2097152,2909,true,1,32,3,acl_timeline_event_ms,false,2.53619995117
bf16,1,4096,1,256,4096,quant_only,1,5,5,1629.1639328,2637824,1.6191274229,2097152,2909,true,1,32,3,acl_timeline_event_ms,false,1.6291639328
bf16,1,4096,1,256,4096,scalar_transform,1,6,5,4233.58383179,4194304,0.990721848593,2097152,2909,true,1,32,3,acl_timeline_event_ms,false,4.23358383179
bf16,1,4096,1,256,4096,scalar_split,2,0,5,5862.40386963,6832128,1.1654140779,2097152,2909,true,1,32,3,acl_timeline_event_ms,false,5.86240386963
bf16,1,4096,1,256,4096,vector_split,2,1,5,2618.00804138,6832128,2.60966654495,2097152,2909,true,1,32,3,acl_timeline_event_ms,false,2.61800804138
bf16,1,4096,1,256,4096,scalar_fused,2,2,5,5574.25613403,2637824,0.473215427597,2097152,2909,true,1,32,3,acl_timeline_event_ms,false,5.57425613403
bf16,1,4096,1,256,4096,vector_fused,2,3,5,2536.40003204,2637824,1.03998737055,2097152,2909,true,1,32,3,acl_timeline_event_ms,false,2.53640003204
bf16,1,4096,1,256,4096,quant_only,2,4,5,1629.26807404,2637824,1.61902392985,2097152,2909,true,1,32,3,acl_timeline_event_ms,false,1.62926807404
bf16,1,4096,1,256,4096,scalar_transform,2,5,5,4233.60404968,4194304,0.990717117326,2097152,2909,true,1,32,3,acl_timeline_event_ms,false,4.23360404968
bf16,1,4096,1,256,4096,vector_transform,2,6,5,988.687992096,4194304,4.24229285025,2097152,2909,true,1,32,3,acl_timeline_event_ms,false,0.988687992096
bf16,1,4096,1,256,4096,vector_split,3,0,5,2617.64793396,6832128,2.61002555438,2097152,2909,true,1,32,3,acl_timeline_event_ms,false,2.61764793396
bf16,1,4096,1,256,4096,scalar_fused,3,1,5,5574.54414368,2637824,0.473190978852,2097152,2909,true,1,32,3,acl_timeline_event_ms,false,5.57454414368
bf16,1,4096,1,256,4096,vector_fused,3,2,5,2536.36398315,2637824,1.04000215171,2097152,2909,true,1,32,3,acl_timeline_event_ms,false,2.53636398315
bf16,1,4096,1,256,4096,quant_only,3,3,5,1628.96003723,2637824,1.61933008773,2097152,2909,true,1,32,3,acl_timeline_event_ms,false,1.62896003723
bf16,1,4096,1,256,4096,scalar_transform,3,4,5,4235.62011719,4194304,0.990245556484,2097152,2909,true,1,32,3,acl_timeline_event_ms,false,4.23562011719
bf16,1,4096,1,256,4096,vector_transform,3,5,5,988.93995285,4194304,4.24121200474,2097152,2909,true,1,32,3,acl_timeline_event_ms,false,0.98893995285
bf16,1,4096,1,256,4096,scalar_split,3,6,5,5862.02011108,6832128,1.16549037201,2097152,2909,true,1,32,3,acl_timeline_event_ms,false,5.86202011108
bf16,1,4096,1,256,4096,scalar_fused,4,0,5,5573.73580933,2637824,0.473259603655,2097152,2909,true,1,32,3,acl_timeline_event_ms,false,5.57373580933
bf16,1,4096,1,256,4096,vector_fused,4,1,5,2536.23199463,2637824,1.04005627466,2097152,2909,true,1,32,3,acl_timeline_event_ms,false,2.53623199463
bf16,1,4096,1,256,4096,quant_only,4,2,5,1629.34398651,2637824,1.61894849819,2097152,2909,true,1,32,3,acl_timeline_event_ms,false,1.62934398651
bf16,1,4096,1,256,4096,scalar_transform,4,3,5,4233.63609314,4194304,0.990709618807,2097152,2909,true,1,32,3,acl_timeline_event_ms,false,4.23363609314
bf16,1,4096,1,256,4096,vector_transform,4,4,5,988.903999329,4194304,4.24136620223,2097152,2909,true,1,32,3,acl_timeline_event_ms,false,0.988903999329
bf16,1,4096,1,256,4096,scalar_split,4,5,5,5861.61193848,6832128,1.16557153079,2097152,2909,true,1,32,3,acl_timeline_event_ms,false,5.86161193848
bf16,1,4096,1,256,4096,vector_split,4,6,5,2617.84000397,6832128,2.60983405771,2097152,2909,true,1,32,3,acl_timeline_event_ms,false,2.61784000397
fp16,1,16384,1,16,16384,scalar_transform,0,0,5,903.528022766,1048576,1.16053511743,524288,2909,true,1,32,3,acl_timeline_event_ms,false,0.903528022766
fp16,1,16384,1,16,16384,vector_transform,0,1,5,642.736005783,1048576,1.63142564064,524288,2909,true,1,32,3,acl_timeline_event_ms,false,0.642736005783
fp16,1,16384,1,16,16384,scalar_split,0,2,5,1508.49599838,1769472,1.17300410601,524288,2909,true,1,32,3,acl_timeline_event_ms,false,1.50849599838
fp16,1,16384,1,16,16384,vector_split,0,3,5,1248.1880188,1769472,1.41763257887,524288,2909,true,1,32,3,acl_timeline_event_ms,false,1.2481880188
fp16,1,16384,1,16,16384,scalar_fused,0,4,5,1290.26403427,720896,0.558719751037,524288,2909,true,1,32,3,acl_timeline_event_ms,false,1.29026403427
fp16,1,16384,1,16,16384,vector_fused,0,5,5,1063.8879776,720896,0.677605175712,524288,2909,true,1,32,3,acl_timeline_event_ms,false,1.0638879776
fp16,1,16384,1,16,16384,quant_only,0,6,5,607.344007492,720896,1.18696486852,524288,2909,true,1,32,3,acl_timeline_event_ms,false,0.607344007492
fp16,1,16384,1,16,16384,vector_transform,1,0,5,641.735982895,1048576,1.63396790573,524288,2909,true,1,32,3,acl_timeline_event_ms,false,0.641735982895
fp16,1,16384,1,16,16384,scalar_split,1,1,5,1510.22396088,1769472,1.17166198249,524288,2909,true,1,32,3,acl_timeline_event_ms,false,1.51022396088
fp16,1,16384,1,16,16384,vector_split,1,2,5,1247.14002609,1769472,1.41882383933,524288,2909,true,1,32,3,acl_timeline_event_ms,false,1.24714002609
fp16,1,16384,1,16,16384,scalar_fused,1,3,5,1290.23599625,720896,0.558731892535,524288,2909,true,1,32,3,acl_timeline_event_ms,false,1.29023599625
fp16,1,16384,1,16,16384,vector_fused,1,4,5,1064.22796249,720896,0.677388703742,524288,2909,true,1,32,3,acl_timeline_event_ms,false,1.06422796249
fp16,1,16384,1,16,16384,quant_only,1,5,5,605.86400032,720896,1.18986439138,524288,2909,true,1,32,3,acl_timeline_event_ms,false,0.60586400032
fp16,1,16384,1,16,16384,scalar_transform,1,6,5,902.499961853,1048576,1.16185711282,524288,2909,true,1,32,3,acl_timeline_event_ms,false,0.902499961853
fp16,1,16384,1,16,16384,scalar_split,2,0,5,1510.17999649,1769472,1.17169609193,524288,2909,true,1,32,3,acl_timeline_event_ms,false,1.51017999649
fp16,1,16384,1,16,16384,vector_split,2,1,5,1247.66397476,1769472,1.41822801315,524288,2909,true,1,32,3,acl_timeline_event_ms,false,1.24766397476
fp16,1,16384,1,16,16384,scalar_fused,2,2,5,1289.66398239,720896,0.558979710873,524288,2909,true,1,32,3,acl_timeline_event_ms,false,1.28966398239
fp16,1,16384,1,16,16384,vector_fused,2,3,5,1064.4080162,720896,0.677274117655,524288,2909,true,1,32,3,acl_timeline_event_ms,false,1.0644080162
fp16,1,16384,1,16,16384,quant_only,2,4,5,605.944013596,720896,1.18970727299,524288,2909,true,1,32,3,acl_timeline_event_ms,false,0.605944013596
fp16,1,16384,1,16,16384,scalar_transform,2,5,5,903.264045715,1048576,1.16087428142,524288,2909,true,1,32,3,acl_timeline_event_ms,false,0.903264045715
fp16,1,16384,1,16,16384,vector_transform,2,6,5,642.70401001,1048576,1.63150685801,524288,2909,true,1,32,3,acl_timeline_event_ms,false,0.64270401001
fp16,1,16384,1,16,16384,vector_split,3,0,5,1246.66404724,1769472,1.41936554914,524288,2909,true,1,32,3,acl_timeline_event_ms,false,1.24666404724
fp16,1,16384,1,16,16384,scalar_fused,3,1,5,1289.72797394,720896,0.55895197636,524288,2909,true,1,32,3,acl_timeline_event_ms,false,1.28972797394
fp16,1,16384,1,16,16384,vector_fused,3,2,5,1064.13202286,720896,0.677449775512,524288,2909,true,1,32,3,acl_timeline_event_ms,false,1.06413202286
fp16,1,16384,1,16,16384,quant_only,3,3,5,605.95998764,720896,1.18967591046,524288,2909,true,1,32,3,acl_timeline_event_ms,false,0.60595998764
fp16,1,16384,1,16,16384,scalar_transform,3,4,5,902.616024017,1048576,1.16170771635,524288,2909,true,1,32,3,acl_timeline_event_ms,false,0.902616024017
fp16,1,16384,1,16,16384,vector_transform,3,5,5,642.736005783,1048576,1.63142564064,524288,2909,true,1,32,3,acl_timeline_event_ms,false,0.642736005783
fp16,1,16384,1,16,16384,scalar_split,3,6,5,1508.39595795,1769472,1.17308190245,524288,2909,true,1,32,3,acl_timeline_event_ms,false,1.50839595795
fp16,1,16384,1,16,16384,scalar_fused,4,0,5,1289.99595642,720896,0.55883586023,524288,2909,true,1,32,3,acl_timeline_event_ms,false,1.28999595642
fp16,1,16384,1,16,16384,vector_fused,4,1,5,1063.92002106,720896,0.6775847674,524288,2909,true,1,32,3,acl_timeline_event_ms,false,1.06392002106
fp16,1,16384,1,16,16384,quant_only,4,2,5,606.508016586,720896,1.18860094226,524288,2909,true,1,32,3,acl_timeline_event_ms,false,0.606508016586
fp16,1,16384,1,16,16384,scalar_transform,4,3,5,903.188037872,1048576,1.16097197486,524288,2909,true,1,32,3,acl_timeline_event_ms,false,0.903188037872
fp16,1,16384,1,16,16384,vector_transform,4,4,5,641.504001617,1048576,1.63455878273,524288,2909,true,1,32,3,acl_timeline_event_ms,false,0.641504001617
fp16,1,16384,1,16,16384,scalar_split,4,5,5,1509.16004181,1769472,1.17248797409,524288,2909,true,1,32,3,acl_timeline_event_ms,false,1.50916004181
fp16,1,16384,1,16,16384,vector_split,4,6,5,1248.06804657,1769472,1.41776885072,524288,2909,true,1,32,3,acl_timeline_event_ms,false,1.24806804657
bf16,1,16384,1,16,16384,scalar_transform,0,0,5,903.495979309,1048576,1.16057627705,524288,2909,true,1,32,3,acl_timeline_event_ms,false,0.903495979309
bf16,1,16384,1,16,16384,vector_transform,0,1,5,642.180013657,1048576,1.63283811034,524288,2909,true,1,32,3,acl_timeline_event_ms,false,0.642180013657
bf16,1,16384,1,16,16384,scalar_split,0,2,5,1509.16404724,1769472,1.17248486222,524288,2909,true,1,32,3,acl_timeline_event_ms,false,1.50916404724
bf16,1,16384,1,16,16384,vector_split,0,3,5,1249.98397827,1769472,1.41559574423,524288,2909,true,1,32,3,acl_timeline_event_ms,false,1.24998397827
bf16,1,16384,1,16,16384,scalar_fused,0,4,5,1298.06003571,720896,0.555364143545,524288,2909,true,1,32,3,acl_timeline_event_ms,false,1.29806003571
bf16,1,16384,1,16,16384,vector_fused,0,5,5,1068.33600998,720896,0.674783956795,524288,2909,true,1,32,3,acl_timeline_event_ms,false,1.06833600998
bf16,1,16384,1,16,16384,quant_only,0,6,5,606.835985184,720896,1.18795855487,524288,2909,true,1,32,3,acl_timeline_event_ms,false,0.606835985184
bf16,1,16384,1,16,16384,vector_transform,1,0,5,640.863990784,1048576,1.63619116549,524288,2909,true,1,32,3,acl_timeline_event_ms,false,0.640863990784
bf16,1,16384,1,16,16384,scalar_split,1,1,5,1510.74399948,1769472,1.17125866501,524288,2909,true,1,32,3,acl_timeline_event_ms,false,1.51074399948
bf16,1,16384,1,16,16384,vector_split,1,2,5,1248.14395905,1769472,1.41768262161,524288,2909,true,1,32,3,acl_timeline_event_ms,false,1.24814395905
bf16,1,16384,1,16,16384,scalar_fused,1,3,5,1296.98400497,720896,0.555824896248,524288,2909,true,1,32,3,acl_timeline_event_ms,false,1.29698400497
bf16,1,16384,1,16,16384,vector_fused,1,4,5,1068.71995926,720896,0.674541533312,524288,2909,true,1,32,3,acl_timeline_event_ms,false,1.06871995926
bf16,1,16384,1,16,16384,quant_only,1,5,5,605.951976776,720896,1.18969163833,524288,2909,true,1,32,3,acl_timeline_event_ms,false,0.605951976776
bf16,1,16384,1,16,16384,scalar_transform,1,6,5,902.591991425,1048576,1.16173864821,524288,2909,true,1,32,3,acl_timeline_event_ms,false,0.902591991425
bf16,1,16384,1,16,16384,scalar_split,2,0,5,1507.72399902,1769472,1.17360471887,524288,2909,true,1,32,3,acl_timeline_event_ms,false,1.50772399902
bf16,1,16384,1,16,16384,vector_split,2,1,5,1249.63197708,1769472,1.41599449474,524288,2909,true,1,32,3,acl_timeline_event_ms,false,1.24963197708
bf16,1,16384,1,16,16384,scalar_fused,2,2,5,1297.38397598,720896,0.555653540775,524288,2909,true,1,32,3,acl_timeline_event_ms,false,1.29738397598
bf16,1,16384,1,16,16384,vector_fused,2,3,5,1069.12002563,720896,0.674289118822,524288,2909,true,1,32,3,acl_timeline_event_ms,false,1.06912002563
bf16,1,16384,1,16,16384,quant_only,2,4,5,606.016016006,720896,1.18956592063,524288,2909,true,1,32,3,acl_timeline_event_ms,false,0.606016016006
bf16,1,16384,1,16,16384,scalar_transform,2,5,5,903.67603302,1048576,1.16034503703,524288,2909,true,1,32,3,acl_timeline_event_ms,false,0.90367603302
bf16,1,16384,1,16,16384,vector_transform,2,6,5,641.915988922,1048576,1.63350970858,524288,2909,true,1,32,3,acl_timeline_event_ms,false,0.641915988922
bf16,1,16384,1,16,16384,vector_split,3,0,5,1248.53601456,1769472,1.417237452,524288,2909,true,1,32,3,acl_timeline_event_ms,false,1.24853601456
bf16,1,16384,1,16,16384,scalar_fused,3,1,5,1296.81196213,720896,0.55589863531,524288,2909,true,1,32,3,acl_timeline_event_ms,false,1.29681196213
bf16,1,16384,1,16,16384,vector_fused,3,2,5,1069.23999786,720896,0.674213461375,524288,2909,true,1,32,3,acl_timeline_event_ms,false,1.06923999786
bf16,1,16384,1,16,16384,quant_only,3,3,5,606.112003326,720896,1.18937753426,524288,2909,true,1,32,3,acl_timeline_event_ms,false,0.606112003326
bf16,1,16384,1,16,16384,scalar_transform,3,4,5,902.567958832,1048576,1.16176958171,524288,2909,true,1,32,3,acl_timeline_event_ms,false,0.902567958832
bf16,1,16384,1,16,16384,vector_transform,3,5,5,642.751979828,1048576,1.63138509551,524288,2909,true,1,32,3,acl_timeline_event_ms,false,0.642751979828
bf16,1,16384,1,16,16384,scalar_split,3,6,5,1508.88004303,1769472,1.17270554951,524288,2909,true,1,32,3,acl_timeline_event_ms,false,1.50888004303
bf16,1,16384,1,16,16384,scalar_fused,4,0,5,1298.02398682,720896,0.55537956719,524288,2909,true,1,32,3,acl_timeline_event_ms,false,1.29802398682
bf16,1,16384,1,16,16384,vector_fused,4,1,5,1074.65200424,720896,0.67081808544,524288,2909,true,1,32,3,acl_timeline_event_ms,false,1.07465200424
bf16,1,16384,1,16,16384,quant_only,4,2,5,607.348012924,720896,1.18695704054,524288,2909,true,1,32,3,acl_timeline_event_ms,false,0.607348012924
bf16,1,16384,1,16,16384,scalar_transform,4,3,5,902.031993866,1048576,1.16245987629,524288,2909,true,1,32,3,acl_timeline_event_ms,false,0.902031993866
bf16,1,16384,1,16,16384,vector_transform,4,4,5,642.496013641,1048576,1.6320350286,524288,2909,true,1,32,3,acl_timeline_event_ms,false,0.642496013641
bf16,1,16384,1,16,16384,scalar_split,4,5,5,1507.89604187,1769472,1.17347081686,524288,2909,true,1,32,3,acl_timeline_event_ms,false,1.50789604187
bf16,1,16384,1,16,16384,vector_split,4,6,5,1246.87995911,1769472,1.41911976937,524288,2909,true,1,32,3,acl_timeline_event_ms,false,1.24687995911
fp16,1,16384,1,64,16384,scalar_transform,0,0,5,3613.01193237,4194304,1.16088849927,2097152,2909,true,1,32,3,acl_timeline_event_ms,false,3.61301193237
fp16,1,16384,1,64,16384,vector_transform,0,1,5,1307.94000626,4194304,3.2068015199,2097152,2909,true,1,32,3,acl_timeline_event_ms,false,1.30794000626
fp16,1,16384,1,64,16384,scalar_split,0,2,5,5389.07585144,6881280,1.27689425603,2097152,2909,true,1,32,3,acl_timeline_event_ms,false,5.38907585144
fp16,1,16384,1,64,16384,vector_split,0,3,5,3083.75606537,6881280,2.23146054815,2097152,2909,true,1,32,3,acl_timeline_event_ms,false,3.08375606537
fp16,1,16384,1,64,16384,scalar_fused,0,4,5,5029.47998047,2686976,0.534245291846,2097152,2909,true,1,32,3,acl_timeline_event_ms,false,5.02947998047
fp16,1,16384,1,64,16384,vector_fused,0,5,5,2884.50393677,2686976,0.931521002884,2097152,2909,true,1,32,3,acl_timeline_event_ms,false,2.88450393677
fp16,1,16384,1,64,16384,quant_only,0,6,5,1776.95598602,2686976,1.51212299074,2097152,2909,true,1,32,3,acl_timeline_event_ms,false,1.77695598602
fp16,1,16384,1,64,16384,vector_transform,1,0,5,1308.47196579,4194304,3.20549779411,2097152,2909,true,1,32,3,acl_timeline_event_ms,false,1.30847196579
fp16,1,16384,1,64,16384,scalar_split,1,1,5,5387.91618347,6881280,1.27716908832,2097152,2909,true,1,32,3,acl_timeline_event_ms,false,5.38791618347
fp16,1,16384,1,64,16384,vector_split,1,2,5,3084.416008,6881280,2.23098310415,2097152,2909,true,1,32,3,acl_timeline_event_ms,false,3.084416008
fp16,1,16384,1,64,16384,scalar_fused,1,3,5,5029.33197021,2686976,0.534261014368,2097152,2909,true,1,32,3,acl_timeline_event_ms,false,5.02933197021
fp16,1,16384,1,64,16384,vector_fused,1,4,5,2883.73603821,2686976,0.931769053894,2097152,2909,true,1,32,3,acl_timeline_event_ms,false,2.88373603821
fp16,1,16384,1,64,16384,quant_only,1,5,5,1775.756073,2686976,1.51314476175,2097152,2909,true,1,32,3,acl_timeline_event_ms,false,1.775756073
fp16,1,16384,1,64,16384,scalar_transform,1,6,5,3613.16413879,4194304,1.16083959623,2097152,2909,true,1,32,3,acl_timeline_event_ms,false,3.61316413879
fp16,1,16384,1,64,16384,scalar_split,2,0,5,5389.21203613,6881280,1.27686198907,2097152,2909,true,1,32,3,acl_timeline_event_ms,false,5.38921203613
fp16,1,16384,1,64,16384,vector_split,2,1,5,3083.02402496,6881280,2.23199039134,2097152,2909,true,1,32,3,acl_timeline_event_ms,false,3.08302402496
fp16,1,16384,1,64,16384,scalar_fused,2,2,5,5030.61218262,2686976,0.534125053266,2097152,2909,true,1,32,3,acl_timeline_event_ms,false,5.03061218262
fp16,1,16384,1,64,16384,vector_fused,2,3,5,2883.88805389,2686976,0.931719938425,2097152,2909,true,1,32,3,acl_timeline_event_ms,false,2.88388805389
fp16,1,16384,1,64,16384,quant_only,2,4,5,1775.9759903,2686976,1.51295739057,2097152,2909,true,1,32,3,acl_timeline_event_ms,false,1.7759759903
fp16,1,16384,1,64,16384,scalar_transform,2,5,5,3618.99986267,4194304,1.15896771461,2097152,2909,true,1,32,3,acl_timeline_event_ms,false,3.61899986267
fp16,1,16384,1,64,16384,vector_transform,2,6,5,1307.77196884,4194304,3.20721356623,2097152,2909,true,1,32,3,acl_timeline_event_ms,false,1.30777196884
fp16,1,16384,1,64,16384,vector_split,3,0,5,3084.57202911,6881280,2.23087025852,2097152,2909,true,1,32,3,acl_timeline_event_ms,false,3.08457202911
fp16,1,16384,1,64,16384,scalar_fused,3,1,5,5031.20002747,2686976,0.534062646154,2097152,2909,true,1,32,3,acl_timeline_event_ms,false,5.03120002747
fp16,1,16384,1,64,16384,vector_fused,3,2,5,2883.71601105,2686976,0.93177552495,2097152,2909,true,1,32,3,acl_timeline_event_ms,false,2.88371601105
fp16,1,16384,1,64,16384,quant_only,3,3,5,1775.72002411,2686976,1.5131754801,2097152,2909,true,1,32,3,acl_timeline_event_ms,false,1.77572002411
fp16,1,16384,1,64,16384,scalar_transform,3,4,5,3613.59214783,4194304,1.16070210151,2097152,2909,true,1,32,3,acl_timeline_event_ms,false,3.61359214783
fp16,1,16384,1,64,16384,vector_transform,3,5,5,1308.56800079,4194304,3.2052625446,2097152,2909,true,1,32,3,acl_timeline_event_ms,false,1.30856800079
fp16,1,16384,1,64,16384,scalar_split,3,6,5,5388.84010315,6881280,1.27695011696,2097152,2909,true,1,32,3,acl_timeline_event_ms,false,5.38884010315
fp16,1,16384,1,64,16384,scalar_fused,4,0,5,5028.87611389,2686976,0.534309443929,2097152,2909,true,1,32,3,acl_timeline_event_ms,false,5.02887611389
fp16,1,16384,1,64,16384,vector_fused,4,1,5,2884.94796753,2686976,0.931377629767,2097152,2909,true,1,32,3,acl_timeline_event_ms,false,2.88494796753
fp16,1,16384,1,64,16384,quant_only,4,2,5,1776.66797638,2686976,1.51236811589,2097152,2909,true,1,32,3,acl_timeline_event_ms,false,1.77666797638
fp16,1,16384,1,64,16384,scalar_transform,4,3,5,3613.55209351,4194304,1.16071496729,2097152,2909,true,1,32,3,acl_timeline_event_ms,false,3.61355209351
fp16,1,16384,1,64,16384,vector_transform,4,4,5,1307.86800385,4194304,3.20697806481,2097152,2909,true,1,32,3,acl_timeline_event_ms,false,1.30786800385
fp16,1,16384,1,64,16384,scalar_split,4,5,5,5388.95187378,6881280,1.27692363212,2097152,2909,true,1,32,3,acl_timeline_event_ms,false,5.38895187378
fp16,1,16384,1,64,16384,vector_split,4,6,5,3084.33208466,6881280,2.23104380823,2097152,2909,true,1,32,3,acl_timeline_event_ms,false,3.08433208466
bf16,1,16384,1,64,16384,scalar_transform,0,0,5,3612.49198914,4194304,1.16105558507,2097152,2909,true,1,32,3,acl_timeline_event_ms,false,3.61249198914
bf16,1,16384,1,64,16384,vector_transform,0,1,5,1307.72399902,4194304,3.20733121296,2097152,2909,true,1,32,3,acl_timeline_event_ms,false,1.30772399902
bf16,1,16384,1,64,16384,scalar_split,0,2,5,5391.97998047,6881280,1.27620651874,2097152,2909,true,1,32,3,acl_timeline_event_ms,false,5.39197998047
bf16,1,16384,1,64,16384,vector_split,0,3,5,3082.90805817,6881280,2.23207434999,2097152,2909,true,1,32,3,acl_timeline_event_ms,false,3.08290805817
bf16,1,16384,1,64,16384,scalar_fused,0,4,5,5042.87185669,2686976,0.532826547325,2097152,2909,true,1,32,3,acl_timeline_event_ms,false,5.04287185669
bf16,1,16384,1,64,16384,vector_fused,0,5,5,2886.0080719,2686976,0.93103551101,2097152,2909,true,1,32,3,acl_timeline_event_ms,false,2.8860080719
bf16,1,16384,1,64,16384,quant_only,0,6,5,1775.56400299,2686976,1.5133084448,2097152,2909,true,1,32,3,acl_timeline_event_ms,false,1.77556400299
bf16,1,16384,1,64,16384,vector_transform,1,0,5,1308.43601227,4194304,3.20558587556,2097152,2909,true,1,32,3,acl_timeline_event_ms,false,1.30843601227
bf16,1,16384,1,64,16384,scalar_split,1,1,5,5387.17193604,6881280,1.27734553152,2097152,2909,true,1,32,3,acl_timeline_event_ms,false,5.38717193604
bf16,1,16384,1,64,16384,vector_split,1,2,5,3085.77194214,6881280,2.23000277695,2097152,2909,true,1,32,3,acl_timeline_event_ms,false,3.08577194214
bf16,1,16384,1,64,16384,scalar_fused,1,3,5,5042.59605408,2686976,0.532855690042,2097152,2909,true,1,32,3,acl_timeline_event_ms,false,5.04259605408
bf16,1,16384,1,64,16384,vector_fused,1,4,5,2885.28003693,2686976,0.931270436703,2097152,2909,true,1,32,3,acl_timeline_event_ms,false,2.88528003693
bf16,1,16384,1,64,16384,quant_only,1,5,5,1775.81596375,2686976,1.51309372979,2097152,2909,true,1,32,3,acl_timeline_event_ms,false,1.77581596375
bf16,1,16384,1,64,16384,scalar_transform,1,6,5,3613.40789795,4194304,1.16076128642,2097152,2909,true,1,32,3,acl_timeline_event_ms,false,3.61340789795
bf16,1,16384,1,64,16384,scalar_split,2,0,5,5388.36402893,6881280,1.27706293841,2097152,2909,true,1,32,3,acl_timeline_event_ms,false,5.38836402893
bf16,1,16384,1,64,16384,vector_split,2,1,5,3082.23590851,6881280,2.23256110313,2097152,2909,true,1,32,3,acl_timeline_event_ms,false,3.08223590851
bf16,1,16384,1,64,16384,scalar_fused,2,2,5,5043.0519104,2686976,0.532807523646,2097152,2909,true,1,32,3,acl_timeline_event_ms,false,5.0430519104
bf16,1,16384,1,64,16384,vector_fused,2,3,5,2885.51197052,2686976,0.931195582431,2097152,2909,true,1,32,3,acl_timeline_event_ms,false,2.88551197052
bf16,1,16384,1,64,16384,quant_only,2,4,5,1775.78792572,2686976,1.51311762012,2097152,2909,true,1,32,3,acl_timeline_event_ms,false,1.77578792572
bf16,1,16384,1,64,16384,scalar_transform,2,5,5,3612.55989075,4194304,1.16103376189,2097152,2909,true,1,32,3,acl_timeline_event_ms,false,3.61255989075
bf16,1,16384,1,64,16384,vector_transform,2,6,5,1307.60002136,4194304,3.20763531009,2097152,2909,true,1,32,3,acl_timeline_event_ms,false,1.30760002136
bf16,1,16384,1,64,16384,vector_split,3,0,5,3084.95197296,6881280,2.23059550369,2097152,2909,true,1,32,3,acl_timeline_event_ms,false,3.08495197296
bf16,1,16384,1,64,16384,scalar_fused,3,1,5,5042.89207458,2686976,0.532824411123,2097152,2909,true,1,32,3,acl_timeline_event_ms,false,5.04289207458
bf16,1,16384,1,64,16384,vector_fused,3,2,5,2884.92794037,2686976,0.931384095388,2097152,2909,true,1,32,3,acl_timeline_event_ms,false,2.88492794037
bf16,1,16384,1,64,16384,quant_only,3,3,5,1775.27599335,2686976,1.51355395447,2097152,2909,true,1,32,3,acl_timeline_event_ms,false,1.77527599335
bf16,1,16384,1,64,16384,scalar_transform,3,4,5,3613.29193115,4194304,1.16079854048,2097152,2909,true,1,32,3,acl_timeline_event_ms,false,3.61329193115
bf16,1,16384,1,64,16384,vector_transform,3,5,5,1308.49199295,4194304,3.20544873228,2097152,2909,true,1,32,3,acl_timeline_event_ms,false,1.30849199295
bf16,1,16384,1,64,16384,scalar_split,3,6,5,5387.46795654,6881280,1.27727534632,2097152,2909,true,1,32,3,acl_timeline_event_ms,false,5.38746795654
bf16,1,16384,1,64,16384,scalar_fused,4,0,5,5042.41218567,2686976,0.532875120292,2097152,2909,true,1,32,3,acl_timeline_event_ms,false,5.04241218567
bf16,1,16384,1,64,16384,vector_fused,4,1,5,2886.41204834,2686976,0.930905205147,2097152,2909,true,1,32,3,acl_timeline_event_ms,false,2.88641204834
bf16,1,16384,1,64,16384,quant_only,4,2,5,1775.49190521,2686976,1.51336989603,2097152,2909,true,1,32,3,acl_timeline_event_ms,false,1.77549190521
bf16,1,16384,1,64,16384,scalar_transform,4,3,5,3613.26789856,4194304,1.16080626119,2097152,2909,true,1,32,3,acl_timeline_event_ms,false,3.61326789856
bf16,1,16384,1,64,16384,vector_transform,4,4,5,1308.00800323,4194304,3.20663481387,2097152,2909,true,1,32,3,acl_timeline_event_ms,false,1.30800800323
bf16,1,16384,1,64,16384,scalar_split,4,5,5,5387.99209595,6881280,1.27715109404,2097152,2909,true,1,32,3,acl_timeline_event_ms,false,5.38799209595
bf16,1,16384,1,64,16384,vector_split,4,6,5,3082.99999237,6881280,2.23200779015,2097152,2909,true,1,32,3,acl_timeline_event_ms,false,3.08299999237
fp16,1,16384,1,128,16384,scalar_transform,0,0,5,7796.29592896,8388608,1.07597352338,4194304,2909,true,1,32,3,acl_timeline_event_ms,false,7.79629592896
fp16,1,16384,1,128,16384,vector_transform,0,1,5,2165.8039093,8388608,3.87320752538,4194304,2909,true,1,32,3,acl_timeline_event_ms,false,2.1658039093
fp16,1,16384,1,128,16384,scalar_split,0,2,5,11152.7877808,13697024,1.22812558342,4194304,2909,true,1,32,3,acl_timeline_event_ms,false,11.1527877808
fp16,1,16384,1,128,16384,vector_split,0,3,5,5520.81604004,13697024,2.48097815625,4194304,2909,true,1,32,3,acl_timeline_event_ms,false,5.52081604004
fp16,1,16384,1,128,16384,scalar_fused,0,4,5,10519.8036194,5308416,0.504611701137,4194304,2909,true,1,32,3,acl_timeline_event_ms,false,10.5198036194
fp16,1,16384,1,128,16384,vector_fused,0,5,5,5253.77998352,5308416,1.01039937277,4194304,2909,true,1,32,3,acl_timeline_event_ms,false,5.25377998352
fp16,1,16384,1,128,16384,quant_only,0,6,5,3357.26394653,5308416,1.58117326625,4194304,2909,true,1,32,3,acl_timeline_event_ms,false,3.35726394653
fp16,1,16384,1,128,16384,vector_transform,1,0,5,2164.220047,8388608,3.87604209269,4194304,2909,true,1,32,3,acl_timeline_event_ms,false,2.164220047
fp16,1,16384,1,128,16384,scalar_split,1,1,5,11152.3880005,13697024,1.22816960811,4194304,2909,true,1,32,3,acl_timeline_event_ms,false,11.1523880005
fp16,1,16384,1,128,16384,vector_split,1,2,5,5527.95982361,13697024,2.47777198769,4194304,2909,true,1,32,3,acl_timeline_event_ms,false,5.52795982361
fp16,1,16384,1,128,16384,scalar_fused,1,3,5,10520.9960938,5308416,0.504554507263,4194304,2909,true,1,32,3,acl_timeline_event_ms,false,10.5209960938
fp16,1,16384,1,128,16384,vector_fused,1,4,5,5254.4921875,5308416,1.01026242129,4194304,2909,true,1,32,3,acl_timeline_event_ms,false,5.2544921875
fp16,1,16384,1,128,16384,quant_only,1,5,5,3356.60018921,5308416,1.58148593838,4194304,2909,true,1,32,3,acl_timeline_event_ms,false,3.35660018921
fp16,1,16384,1,128,16384,scalar_transform,1,6,5,7795.07980347,8388608,1.07614138809,4194304,2909,true,1,32,3,acl_timeline_event_ms,false,7.79507980347
fp16,1,16384,1,128,16384,scalar_split,2,0,5,11153.7162781,13697024,1.22802334742,4194304,2909,true,1,32,3,acl_timeline_event_ms,false,11.1537162781
fp16,1,16384,1,128,16384,vector_split,2,1,5,5520.99609375,13697024,2.48089724525,4194304,2909,true,1,32,3,acl_timeline_event_ms,false,5.52099609375
fp16,1,16384,1,128,16384,scalar_fused,2,2,5,10519.2436218,5308416,0.50463856441,4194304,2909,true,1,32,3,acl_timeline_event_ms,false,10.5192436218
fp16,1,16384,1,128,16384,vector_fused,2,3,5,5255.22384644,5308416,1.01012176743,4194304,2909,true,1,32,3,acl_timeline_event_ms,false,5.25522384644
fp16,1,16384,1,128,16384,quant_only,2,4,5,3357.26394653,5308416,1.58117326625,4194304,2909,true,1,32,3,acl_timeline_event_ms,false,3.35726394653
fp16,1,16384,1,128,16384,scalar_transform,2,5,5,7796.14028931,8388608,1.07599500377,4194304,2909,true,1,32,3,acl_timeline_event_ms,false,7.79614028931
fp16,1,16384,1,128,16384,vector_transform,2,6,5,2165.74802399,8388608,3.87330747026,4194304,2909,true,1,32,3,acl_timeline_event_ms,false,2.16574802399
fp16,1,16384,1,128,16384,vector_split,3,0,5,5522.21984863,13697024,2.48034746451,4194304,2909,true,1,32,3,acl_timeline_event_ms,false,5.52221984863
fp16,1,16384,1,128,16384,scalar_fused,3,1,5,10518.7477112,5308416,0.504662355801,4194304,2909,true,1,32,3,acl_timeline_event_ms,false,10.5187477112
fp16,1,16384,1,128,16384,vector_fused,3,2,5,5254.57992554,5308416,1.01024555249,4194304,2909,true,1,32,3,acl_timeline_event_ms,false,5.25457992554
fp16,1,16384,1,128,16384,quant_only,3,3,5,3356.42814636,5308416,1.58156700174,4194304,2909,true,1,32,3,acl_timeline_event_ms,false,3.35642814636
fp16,1,16384,1,128,16384,scalar_transform,3,4,5,7795.14007568,8388608,1.07613306734,4194304,2909,true,1,32,3,acl_timeline_event_ms,false,7.79514007568
fp16,1,16384,1,128,16384,vector_transform,3,5,5,2166.64791107,8388608,3.87169874585,4194304,2909,true,1,32,3,acl_timeline_event_ms,false,2.16664791107
fp16,1,16384,1,128,16384,scalar_split,3,6,5,11151.0322571,13697024,1.22831892907,4194304,2909,true,1,32,3,acl_timeline_event_ms,false,11.1510322571
fp16,1,16384,1,128,16384,scalar_fused,4,0,5,10519.631958,5308416,0.504619935487,4194304,2909,true,1,32,3,acl_timeline_event_ms,false,10.519631958
fp16,1,16384,1,128,16384,vector_fused,4,1,5,5253.86009216,5308416,1.01038396662,4194304,2909,true,1,32,3,acl_timeline_event_ms,false,5.25386009216
fp16,1,16384,1,128,16384,quant_only,4,2,5,3357.09190369,5308416,1.58125429756,4194304,2909,true,1,32,3,acl_timeline_event_ms,false,3.35709190369
fp16,1,16384,1,128,16384,scalar_transform,4,3,5,7795.24765015,8388608,1.0761182167,4194304,2909,true,1,32,3,acl_timeline_event_ms,false,7.79524765015
fp16,1,16384,1,128,16384,vector_transform,4,4,5,2165.36808014,8388608,3.87398709575,4194304,2909,true,1,32,3,acl_timeline_event_ms,false,2.16536808014
fp16,1,16384,1,128,16384,scalar_split,4,5,5,11152.8717041,13697024,1.228116342,4194304,2909,true,1,32,3,acl_timeline_event_ms,false,11.1528717041
fp16,1,16384,1,128,16384,vector_split,4,6,5,5522.99995422,13697024,2.47999712358,4194304,2909,true,1,32,3,acl_timeline_event_ms,false,5.52299995422
bf16,1,16384,1,128,16384,scalar_transform,0,0,5,7798.75564575,8388608,1.07563416281,4194304,2909,true,1,32,3,acl_timeline_event_ms,false,7.79875564575
bf16,1,16384,1,128,16384,vector_transform,0,1,5,2164.57195282,8388608,3.87541194418,4194304,2909,true,1,32,3,acl_timeline_event_ms,false,2.16457195282
bf16,1,16384,1,128,16384,scalar_split,0,2,5,11150.2120972,13697024,1.22840927873,4194304,2909,true,1,32,3,acl_timeline_event_ms,false,11.1502120972
bf16,1,16384,1,128,16384,vector_split,0,3,5,5520.58410645,13697024,2.48108238837,4194304,2909,true,1,32,3,acl_timeline_event_ms,false,5.52058410645
bf16,1,16384,1,128,16384,scalar_fused,0,4,5,10531.4399719,5308416,0.504054147785,4194304,2909,true,1,32,3,acl_timeline_event_ms,false,10.5314399719
bf16,1,16384,1,128,16384,vector_fused,0,5,5,5260.06813049,5308416,1.00919149112,4194304,2909,true,1,32,3,acl_timeline_event_ms,false,5.26006813049
bf16,1,16384,1,128,16384,quant_only,0,6,5,3355.06401062,5308416,1.58221005119,4194304,2909,true,1,32,3,acl_timeline_event_ms,false,3.35506401062
bf16,1,16384,1,128,16384,vector_transform,1,0,5,2165.27996063,8388608,3.8741447538,4194304,2909,true,1,32,3,acl_timeline_event_ms,false,2.16527996063
bf16,1,16384,1,128,16384,scalar_split,1,1,5,11150.6797791,13697024,1.22835775678,4194304,2909,true,1,32,3,acl_timeline_event_ms,false,11.1506797791
bf16,1,16384,1,128,16384,vector_split,1,2,5,5520.68786621,13697024,2.48103575713,4194304,2909,true,1,32,3,acl_timeline_event_ms,false,5.52068786621
bf16,1,16384,1,128,16384,scalar_fused,1,3,5,10531.5917969,5308416,0.504046881268,4194304,2909,true,1,32,3,acl_timeline_event_ms,false,10.5315917969
bf16,1,16384,1,128,16384,vector_fused,1,4,5,5261.33613586,5308416,1.00894827149,4194304,2909,true,1,32,3,acl_timeline_event_ms,false,5.26133613586
bf16,1,16384,1,128,16384,quant_only,1,5,5,3355.19218445,5308416,1.58214960818,4194304,2909,true,1,32,3,acl_timeline_event_ms,false,3.35519218445
bf16,1,16384,1,128,16384,scalar_transform,1,6,5,7795.43609619,8388608,1.07609220273,4194304,2909,true,1,32,3,acl_timeline_event_ms,false,7.79543609619
bf16,1,16384,1,128,16384,scalar_split,2,0,5,11149.9519348,13697024,1.22843794126,4194304,2909,true,1,32,3,acl_timeline_event_ms,false,11.1499519348
bf16,1,16384,1,128,16384,vector_split,2,1,5,5520.27587891,13697024,2.48122092092,4194304,2909,true,1,32,3,acl_timeline_event_ms,false,5.52027587891
bf16,1,16384,1,128,16384,scalar_fused,2,2,5,10531.7398071,5308416,0.504039797528,4194304,2909,true,1,32,3,acl_timeline_event_ms,false,10.5317398071
bf16,1,16384,1,128,16384,vector_fused,2,3,5,5262.86811829,5308416,1.00865457403,4194304,2909,true,1,32,3,acl_timeline_event_ms,false,5.26286811829
bf16,1,16384,1,128,16384,quant_only,2,4,5,3358.22410583,5308416,1.58072118855,4194304,2909,true,1,32,3,acl_timeline_event_ms,false,3.35822410583
bf16,1,16384,1,128,16384,scalar_transform,2,5,5,7797.84011841,8388608,1.07576045067,4194304,2909,true,1,32,3,acl_timeline_event_ms,false,7.79784011841
bf16,1,16384,1,128,16384,vector_transform,2,6,5,2165.24391174,8388608,3.87420925398,4194304,2909,true,1,32,3,acl_timeline_event_ms,false,2.16524391174
bf16,1,16384,1,128,16384,vector_split,3,0,5,5520.24002075,13697024,2.48123703834,4194304,2909,true,1,32,3,acl_timeline_event_ms,false,5.52024002075
bf16,1,16384,1,128,16384,scalar_fused,3,1,5,10531.4598083,5308416,0.504053198379,4194304,2909,true,1,32,3,acl_timeline_event_ms,false,10.5314598083
bf16,1,16384,1,128,16384,vector_fused,3,2,5,5260.59608459,5308416,1.00909020853,4194304,2909,true,1,32,3,acl_timeline_event_ms,false,5.26059608459
bf16,1,16384,1,128,16384,quant_only,3,3,5,3354.88815308,5308416,1.58229298796,4194304,2909,true,1,32,3,acl_timeline_event_ms,false,3.35488815308
bf16,1,16384,1,128,16384,scalar_transform,3,4,5,7795.54367065,8388608,1.07607735322,4194304,2909,true,1,32,3,acl_timeline_event_ms,false,7.79554367065
bf16,1,16384,1,128,16384,vector_transform,3,5,5,2181.16397858,8388608,3.84593184299,4194304,2909,true,1,32,3,acl_timeline_event_ms,false,2.18116397858
bf16,1,16384,1,128,16384,scalar_split,3,6,5,11150.8003235,13697024,1.22834447776,4194304,2909,true,1,32,3,acl_timeline_event_ms,false,11.1508003235
bf16,1,16384,1,128,16384,scalar_fused,4,0,5,10532.1281433,5308416,0.504021212785,4194304,2909,true,1,32,3,acl_timeline_event_ms,false,10.5321281433
bf16,1,16384,1,128,16384,vector_fused,4,1,5,5259.87586975,5308416,1.00922837942,4194304,2909,true,1,32,3,acl_timeline_event_ms,false,5.25987586975
bf16,1,16384,1,128,16384,quant_only,4,2,5,3355.58013916,5308416,1.58196668828,4194304,2909,true,1,32,3,acl_timeline_event_ms,false,3.35558013916
bf16,1,16384,1,128,16384,scalar_transform,4,3,5,7794.76776123,8388608,1.07618446847,4194304,2909,true,1,32,3,acl_timeline_event_ms,false,7.79476776123
bf16,1,16384,1,128,16384,vector_transform,4,4,5,2166.46003723,8388608,3.87203449675,4194304,2909,true,1,32,3,acl_timeline_event_ms,false,2.16646003723
bf16,1,16384,1,128,16384,scalar_split,4,5,5,11149.0516663,13697024,1.22853713571,4194304,2909,true,1,32,3,acl_timeline_event_ms,false,11.1490516663
bf16,1,16384,1,128,16384,vector_split,4,6,5,5519.81201172,13697024,2.48142943472,4194304,2909,true,1,32,3,acl_timeline_event_ms,false,5.51981201172
fp16,1,16384,1,256,16384,scalar_transform,0,0,5,16923.5153198,16777216,0.991355264136,8388608,2909,true,1,32,3,acl_timeline_event_ms,false,16.9235153198
fp16,1,16384,1,256,16384,vector_transform,0,1,5,3880.78804016,16777216,4.32314669762,8388608,2909,true,1,32,3,acl_timeline_event_ms,false,3.88078804016
fp16,1,16384,1,256,16384,scalar_split,0,2,5,23429.0878296,27328512,1.16643516806,8388608,2909,true,1,32,3,acl_timeline_event_ms,false,23.4290878296
fp16,1,16384,1,256,16384,vector_split,0,3,5,10394.3321228,27328512,2.62917440747,8388608,2909,true,1,32,3,acl_timeline_event_ms,false,10.3943321228
fp16,1,16384,1,256,16384,scalar_fused,0,4,5,22259.3841553,10551296,0.47401562983,8388608,2909,true,1,32,3,acl_timeline_event_ms,false,22.2593841553
fp16,1,16384,1,256,16384,vector_fused,0,5,5,10054.8362732,10551296,1.04937521739,8388608,2909,true,1,32,3,acl_timeline_event_ms,false,10.0548362732
fp16,1,16384,1,256,16384,quant_only,0,6,5,6504.95223999,10551296,1.62204050249,8388608,2909,true,1,32,3,acl_timeline_event_ms,false,6.50495223999
fp16,1,16384,1,256,16384,vector_transform,1,0,5,3880.22003174,16777216,4.32377954414,8388608,2909,true,1,32,3,acl_timeline_event_ms,false,3.88022003174
fp16,1,16384,1,256,16384,scalar_split,1,1,5,23426.9714355,27328512,1.16654054388,8388608,2909,true,1,32,3,acl_timeline_event_ms,false,23.4269714355
fp16,1,16384,1,256,16384,vector_split,1,2,5,10398.2437134,27328512,2.62818536988,8388608,2909,true,1,32,3,acl_timeline_event_ms,false,10.3982437134
fp16,1,16384,1,256,16384,scalar_fused,1,3,5,22260.2401733,10551296,0.473997401548,8388608,2909,true,1,32,3,acl_timeline_event_ms,false,22.2602401733
fp16,1,16384,1,256,16384,vector_fused,1,4,5,10053.7918091,10551296,1.04948423444,8388608,2909,true,1,32,3,acl_timeline_event_ms,false,10.0537918091
fp16,1,16384,1,256,16384,quant_only,1,5,5,6505.67626953,10551296,1.6218599824,8388608,2909,true,1,32,3,acl_timeline_event_ms,false,6.50567626953
fp16,1,16384,1,256,16384,scalar_transform,1,6,5,16923.0804443,16777216,0.991380739174,8388608,2909,true,1,32,3,acl_timeline_event_ms,false,16.9230804443
fp16,1,16384,1,256,16384,scalar_split,2,0,5,23427.6367188,27328512,1.1665074172,8388608,2909,true,1,32,3,acl_timeline_event_ms,false,23.4276367188
fp16,1,16384,1,256,16384,vector_split,2,1,5,10392.199707,27328512,2.62971389796,8388608,2909,true,1,32,3,acl_timeline_event_ms,false,10.392199707
fp16,1,16384,1,256,16384,scalar_fused,2,2,5,22274.2843628,10551296,0.473698540799,8388608,2909,true,1,32,3,acl_timeline_event_ms,false,22.2742843628
fp16,1,16384,1,256,16384,vector_fused,2,3,5,10053.1677246,10551296,1.04954938473,8388608,2909,true,1,32,3,acl_timeline_event_ms,false,10.0531677246
fp16,1,16384,1,256,16384,quant_only,2,4,5,6506.17218018,10551296,1.62173636169,8388608,2909,true,1,32,3,acl_timeline_event_ms,false,6.50617218018
fp16,1,16384,1,256,16384,scalar_transform,2,5,5,16923.0926514,16777216,0.991380024067,8388608,2909,true,1,32,3,acl_timeline_event_ms,false,16.9230926514
fp16,1,16384,1,256,16384,vector_transform,2,6,5,3880.78804016,16777216,4.32314669762,8388608,2909,true,1,32,3,acl_timeline_event_ms,false,3.88078804016
fp16,1,16384,1,256,16384,vector_split,3,0,5,10386.8118286,27328512,2.6310779911,8388608,2909,true,1,32,3,acl_timeline_event_ms,false,10.3868118286
fp16,1,16384,1,256,16384,scalar_fused,3,1,5,22259.487915,10551296,0.474013420267,8388608,2909,true,1,32,3,acl_timeline_event_ms,false,22.259487915
fp16,1,16384,1,256,16384,vector_fused,3,2,5,10054.119873,10551296,1.04944998998,8388608,2909,true,1,32,3,acl_timeline_event_ms,false,10.054119873
fp16,1,16384,1,256,16384,quant_only,3,3,5,6505.40390015,10551296,1.62192788672,8388608,2909,true,1,32,3,acl_timeline_event_ms,false,6.50540390015
fp16,1,16384,1,256,16384,scalar_transform,3,4,5,16923.0392456,16777216,0.991383152666,8388608,2909,true,1,32,3,acl_timeline_event_ms,false,16.9230392456
fp16,1,16384,1,256,16384,vector_transform,3,5,5,3880.15594482,16777216,4.3238509582,8388608,2909,true,1,32,3,acl_timeline_event_ms,false,3.88015594482
fp16,1,16384,1,256,16384,scalar_split,3,6,5,23429.107666,27328512,1.16643418049,8388608,2909,true,1,32,3,acl_timeline_event_ms,false,23.429107666
fp16,1,16384,1,256,16384,scalar_fused,4,0,5,22259.1964722,10551296,0.474019626593,8388608,2909,true,1,32,3,acl_timeline_event_ms,false,22.2591964722
fp16,1,16384,1,256,16384,vector_fused,4,1,5,10054.6760559,10551296,1.04939193877,8388608,2909,true,1,32,3,acl_timeline_event_ms,false,10.0546760559
fp16,1,16384,1,256,16384,quant_only,4,2,5,6505.2482605,10551296,1.62196669174,8388608,2909,true,1,32,3,acl_timeline_event_ms,false,6.5052482605
fp16,1,16384,1,256,16384,scalar_transform,4,3,5,16922.2595215,16777216,0.991428832462,8388608,2909,true,1,32,3,acl_timeline_event_ms,false,16.9222595215
fp16,1,16384,1,256,16384,vector_transform,4,4,5,3881.17599487,16777216,4.32271456439,8388608,2909,true,1,32,3,acl_timeline_event_ms,false,3.88117599487
fp16,1,16384,1,256,16384,scalar_split,4,5,5,23428.2913208,27328512,1.16647482421,8388608,2909,true,1,32,3,acl_timeline_event_ms,false,23.4282913208
fp16,1,16384,1,256,16384,vector_split,4,6,5,10395.1278687,27328512,2.62897314447,8388608,2909,true,1,32,3,acl_timeline_event_ms,false,10.3951278687
bf16,1,16384,1,256,16384,scalar_transform,0,0,5,16921.8566895,16777216,0.991452433849,8388608,2909,true,1,32,3,acl_timeline_event_ms,false,16.9218566895
bf16,1,16384,1,256,16384,vector_transform,0,1,5,3881.5158844,16777216,4.32233604078,8388608,2909,true,1,32,3,acl_timeline_event_ms,false,3.8815158844
bf16,1,16384,1,256,16384,scalar_split,0,2,5,23415.3076172,27328512,1.16712163029,8388608,2909,true,1,32,3,acl_timeline_event_ms,false,23.4153076172
bf16,1,16384,1,256,16384,vector_split,0,3,5,10375.2922058,27328512,2.63399926073,8388608,2909,true,1,32,3,acl_timeline_event_ms,false,10.3752922058
bf16,1,16384,1,256,16384,scalar_fused,0,4,5,22270.0759888,10551296,0.473788055565,8388608,2909,true,1,32,3,acl_timeline_event_ms,false,22.2700759888
bf16,1,16384,1,256,16384,vector_fused,0,5,5,10061.3639832,10551296,1.04869439349,8388608,2909,true,1,32,3,acl_timeline_event_ms,false,10.0613639832
bf16,1,16384,1,256,16384,quant_only,0,6,5,6496.72393799,10551296,1.624094867,8388608,2909,true,1,32,3,acl_timeline_event_ms,false,6.49672393799
bf16,1,16384,1,256,16384,vector_transform,1,0,5,3880.93986511,16777216,4.32297757325,8388608,2909,true,1,32,3,acl_timeline_event_ms,false,3.88093986511
bf16,1,16384,1,256,16384,scalar_split,1,1,5,23416.6763306,27328512,1.1670534116,8388608,2909,true,1,32,3,acl_timeline_event_ms,false,23.4166763306
bf16,1,16384,1,256,16384,vector_split,1,2,5,10376.4282227,27328512,2.6337108891,8388608,2909,true,1,32,3,acl_timeline_event_ms,false,10.3764282227
bf16,1,16384,1,256,16384,scalar_fused,1,3,5,22269.2672729,10551296,0.473805261335,8388608,2909,true,1,32,3,acl_timeline_event_ms,false,22.2692672729
bf16,1,16384,1,256,16384,vector_fused,1,4,5,10061.8797302,10551296,1.04864064001,8388608,2909,true,1,32,3,acl_timeline_event_ms,false,10.0618797302
bf16,1,16384,1,256,16384,quant_only,1,5,5,6494.48013306,10551296,1.62465598228,8388608,2909,true,1,32,3,acl_timeline_event_ms,false,6.49448013306
bf16,1,16384,1,256,16384,scalar_transform,1,6,5,16919.4915771,16777216,0.991591025268,8388608,2909,true,1,32,3,acl_timeline_event_ms,false,16.9194915771
bf16,1,16384,1,256,16384,scalar_split,2,0,5,23415.8966064,27328512,1.16709227322,8388608,2909,true,1,32,3,acl_timeline_event_ms,false,23.4158966064
bf16,1,16384,1,256,16384,vector_split,2,1,5,10377.2636414,27328512,2.63349886295,8388608,2909,true,1,32,3,acl_timeline_event_ms,false,10.3772636414
bf16,1,16384,1,256,16384,scalar_fused,2,2,5,22270.9838867,10551296,0.473768741142,8388608,2909,true,1,32,3,acl_timeline_event_ms,false,22.2709838867
bf16,1,16384,1,256,16384,vector_fused,2,3,5,10061.5196228,10551296,1.04867817145,8388608,2909,true,1,32,3,acl_timeline_event_ms,false,10.0615196228
bf16,1,16384,1,256,16384,quant_only,2,4,5,6494.2237854,10551296,1.62472011262,8388608,2909,true,1,32,3,acl_timeline_event_ms,false,6.4942237854
bf16,1,16384,1,256,16384,scalar_transform,2,5,5,16920.5764771,16777216,0.991527447233,8388608,2909,true,1,32,3,acl_timeline_event_ms,false,16.9205764771
bf16,1,16384,1,256,16384,vector_transform,2,6,5,3881.59599304,16777216,4.32224683611,8388608,2909,true,1,32,3,acl_timeline_event_ms,false,3.88159599304
bf16,1,16384,1,256,16384,vector_split,3,0,5,10381.9000244,27328512,2.63232278636,8388608,2909,true,1,32,3,acl_timeline_event_ms,false,10.3819000244
bf16,1,16384,1,256,16384,scalar_fused,3,1,5,22270.2484131,10551296,0.473784387326,8388608,2909,true,1,32,3,acl_timeline_event_ms,false,22.2702484131
bf16,1,16384,1,256,16384,vector_fused,3,2,5,10061.5959167,10551296,1.04867021965,8388608,2909,true,1,32,3,acl_timeline_event_ms,false,10.0615959167
bf16,1,16384,1,256,16384,quant_only,3,3,5,6494.59228516,10551296,1.62462792685,8388608,2909,true,1,32,3,acl_timeline_event_ms,false,6.49459228516
bf16,1,16384,1,256,16384,scalar_transform,3,4,5,16920.539856,16777216,0.991529593194,8388608,2909,true,1,32,3,acl_timeline_event_ms,false,16.920539856
bf16,1,16384,1,256,16384,vector_transform,3,5,5,3882.00798035,16777216,4.32178812742,8388608,2909,true,1,32,3,acl_timeline_event_ms,false,3.88200798035
bf16,1,16384,1,256,16384,scalar_split,3,6,5,23414.4439697,27328512,1.16716467986,8388608,2909,true,1,32,3,acl_timeline_event_ms,false,23.4144439697
bf16,1,16384,1,256,16384,scalar_fused,4,0,5,22269.9996948,10551296,0.473789678697,8388608,2909,true,1,32,3,acl_timeline_event_ms,false,22.2699996948
bf16,1,16384,1,256,16384,vector_fused,4,1,5,10061.2121582,10551296,1.04871021842,8388608,2909,true,1,32,3,acl_timeline_event_ms,false,10.0612121582
bf16,1,16384,1,256,16384,quant_only,4,2,5,6497.06420898,10551296,1.62400980822,8388608,2909,true,1,32,3,acl_timeline_event_ms,false,6.49706420898
bf16,1,16384,1,256,16384,scalar_transform,4,3,5,16919.9081421,16777216,0.991566612484,8388608,2909,true,1,32,3,acl_timeline_event_ms,false,16.9199081421
bf16,1,16384,1,256,16384,vector_transform,4,4,5,3881.54411316,16777216,4.32230460633,8388608,2909,true,1,32,3,acl_timeline_event_ms,false,3.88154411316
bf16,1,16384,1,256,16384,scalar_split,4,5,5,23414.3875122,27328512,1.16716749416,8388608,2909,true,1,32,3,acl_timeline_event_ms,false,23.4143875122
bf16,1,16384,1,256,16384,vector_split,4,6,5,10377.7679443,27328512,2.63337088925,8388608,2909,true,1,32,3,acl_timeline_event_ms,false,10.3777679443
