gpu,sm,cuda_runtime,seed,mode,rows,dim,dtype,scale,threads,group,order,captured_calls,replays,mean_us,check_status
"NVIDIA GeForce RTX 4090",89,12080,20260922,transform,1,16,fp16,1,32,0,0,64,20,0.9471500292,PASS
"NVIDIA GeForce RTX 4090",89,12080,20260922,transform,1,16,fp16,1,64,0,1,64,20,0.9472000413,PASS
"NVIDIA GeForce RTX 4090",89,12080,20260922,transform,1,16,fp16,1,128,0,2,64,20,0.9375499561,PASS
"NVIDIA GeForce RTX 4090",89,12080,20260922,transform,1,16,fp16,1,256,0,3,64,20,0.9328000247,PASS
"NVIDIA GeForce RTX 4090",89,12080,20260922,transform,1,16,fp16,1,32,1,1,64,20,0.9464000352,PASS
"NVIDIA GeForce RTX 4090",89,12080,20260922,transform,1,16,fp16,1,64,1,0,64,20,0.9472000413,PASS
"NVIDIA GeForce RTX 4090",89,12080,20260922,transform,1,16,fp16,1,128,1,3,64,20,0.9375999682,PASS
"NVIDIA GeForce RTX 4090",89,12080,20260922,transform,1,16,fp16,1,256,1,2,64,20,0.9328000247,PASS
"NVIDIA GeForce RTX 4090",89,12080,20260922,transform,1,16,fp16,1,32,2,2,64,20,0.9471500292,PASS
"NVIDIA GeForce RTX 4090",89,12080,20260922,transform,1,16,fp16,1,64,2,3,64,20,0.9471749887,PASS
"NVIDIA GeForce RTX 4090",89,12080,20260922,transform,1,16,fp16,1,128,2,0,64,20,0.9375999682,PASS
"NVIDIA GeForce RTX 4090",89,12080,20260922,transform,1,16,fp16,1,256,2,1,64,20,0.9328000247,PASS
"NVIDIA GeForce RTX 4090",89,12080,20260922,transform,1,16,fp16,1,32,3,3,64,20,0.9464000352,PASS
"NVIDIA GeForce RTX 4090",89,12080,20260922,transform,1,16,fp16,1,64,3,2,64,20,0.9472000413,PASS
"NVIDIA GeForce RTX 4090",89,12080,20260922,transform,1,16,fp16,1,128,3,1,64,20,0.9375999682,PASS
"NVIDIA GeForce RTX 4090",89,12080,20260922,transform,1,16,fp16,1,256,3,0,64,20,0.9328000247,PASS
"NVIDIA GeForce RTX 4090",89,12080,20260922,transform,1,16,fp16,1,32,4,0,64,20,0.9464000352,PASS
"NVIDIA GeForce RTX 4090",89,12080,20260922,transform,1,16,fp16,1,64,4,1,64,20,0.9472000413,PASS
"NVIDIA GeForce RTX 4090",89,12080,20260922,transform,1,16,fp16,1,128,4,2,64,20,0.9375999682,PASS
"NVIDIA GeForce RTX 4090",89,12080,20260922,transform,1,16,fp16,1,256,4,3,64,20,0.9328000247,PASS
"NVIDIA GeForce RTX 4090",89,12080,20260922,fused_int4,1,16,fp16,1,32,0,0,64,20,1.170399971,PASS
"NVIDIA GeForce RTX 4090",89,12080,20260922,fused_int4,1,16,fp16,1,64,0,1,64,20,1.171199977,PASS
"NVIDIA GeForce RTX 4090",89,12080,20260922,fused_int4,1,16,fp16,1,128,0,2,64,20,1.162400004,PASS
"NVIDIA GeForce RTX 4090",89,12080,20260922,fused_int4,1,16,fp16,1,256,0,3,64,20,1.157500036,PASS
"NVIDIA GeForce RTX 4090",89,12080,20260922,fused_int4,1,16,fp16,1,32,1,1,64,20,1.170399971,PASS
"NVIDIA GeForce RTX 4090",89,12080,20260922,fused_int4,1,16,fp16,1,64,1,0,64,20,1.171199977,PASS
"NVIDIA GeForce RTX 4090",89,12080,20260922,fused_int4,1,16,fp16,1,128,1,3,64,20,1.162400004,PASS
"NVIDIA GeForce RTX 4090",89,12080,20260922,fused_int4,1,16,fp16,1,256,1,2,64,20,1.157599967,PASS
"NVIDIA GeForce RTX 4090",89,12080,20260922,fused_int4,1,16,fp16,1,32,2,2,64,20,1.170399971,PASS
"NVIDIA GeForce RTX 4090",89,12080,20260922,fused_int4,1,16,fp16,1,64,2,3,64,20,1.171199977,PASS
"NVIDIA GeForce RTX 4090",89,12080,20260922,fused_int4,1,16,fp16,1,128,2,0,64,20,1.162375044,PASS
"NVIDIA GeForce RTX 4090",89,12080,20260922,fused_int4,1,16,fp16,1,256,2,1,64,20,1.157599967,PASS
"NVIDIA GeForce RTX 4090",89,12080,20260922,fused_int4,1,16,fp16,1,32,3,3,64,20,1.169599965,PASS
"NVIDIA GeForce RTX 4090",89,12080,20260922,fused_int4,1,16,fp16,1,64,3,2,64,20,1.171199977,PASS
"NVIDIA GeForce RTX 4090",89,12080,20260922,fused_int4,1,16,fp16,1,128,3,1,64,20,1.162400004,PASS
"NVIDIA GeForce RTX 4090",89,12080,20260922,fused_int4,1,16,fp16,1,256,3,0,64,20,1.157599967,PASS
"NVIDIA GeForce RTX 4090",89,12080,20260922,fused_int4,1,16,fp16,1,32,4,0,64,20,1.169599965,PASS
"NVIDIA GeForce RTX 4090",89,12080,20260922,fused_int4,1,16,fp16,1,64,4,1,64,20,1.171199977,PASS
"NVIDIA GeForce RTX 4090",89,12080,20260922,fused_int4,1,16,fp16,1,128,4,2,64,20,1.161549985,PASS
"NVIDIA GeForce RTX 4090",89,12080,20260922,fused_int4,1,16,fp16,1,256,4,3,64,20,1.157599967,PASS
"NVIDIA GeForce RTX 4090",89,12080,20260922,transform,1,16,fp16,0.25,32,0,0,64,20,0.9456000291,PASS
"NVIDIA GeForce RTX 4090",89,12080,20260922,transform,1,16,fp16,0.25,64,0,1,64,20,0.9456000291,PASS
"NVIDIA GeForce RTX 4090",89,12080,20260922,transform,1,16,fp16,0.25,128,0,2,64,20,0.9383999743,PASS
"NVIDIA GeForce RTX 4090",89,12080,20260922,transform,1,16,fp16,0.25,256,0,3,64,20,0.935200043,PASS
"NVIDIA GeForce RTX 4090",89,12080,20260922,transform,1,16,fp16,0.25,32,1,1,64,20,0.9456000291,PASS
"NVIDIA GeForce RTX 4090",89,12080,20260922,transform,1,16,fp16,0.25,64,1,0,64,20,0.9464000352,PASS
"NVIDIA GeForce RTX 4090",89,12080,20260922,transform,1,16,fp16,0.25,128,1,3,64,20,0.9391499683,PASS
"NVIDIA GeForce RTX 4090",89,12080,20260922,transform,1,16,fp16,0.25,256,1,2,64,20,0.935200043,PASS
"NVIDIA GeForce RTX 4090",89,12080,20260922,transform,1,16,fp16,0.25,32,2,2,64,20,0.945500005,PASS
"NVIDIA GeForce RTX 4090",89,12080,20260922,transform,1,16,fp16,0.25,64,2,3,64,20,0.9456000291,PASS
"NVIDIA GeForce RTX 4090",89,12080,20260922,transform,1,16,fp16,0.25,128,2,0,64,20,0.9383999743,PASS
"NVIDIA GeForce RTX 4090",89,12080,20260922,transform,1,16,fp16,0.25,256,2,1,64,20,0.935200043,PASS
"NVIDIA GeForce RTX 4090",89,12080,20260922,transform,1,16,fp16,0.25,32,3,3,64,20,0.9456000291,PASS
"NVIDIA GeForce RTX 4090",89,12080,20260922,transform,1,16,fp16,0.25,64,3,2,64,20,0.9463000111,PASS
"NVIDIA GeForce RTX 4090",89,12080,20260922,transform,1,16,fp16,0.25,128,3,1,64,20,0.9383999743,PASS
"NVIDIA GeForce RTX 4090",89,12080,20260922,transform,1,16,fp16,0.25,256,3,0,64,20,0.9359500371,PASS
"NVIDIA GeForce RTX 4090",89,12080,20260922,transform,1,16,fp16,0.25,32,4,0,64,20,0.9456000291,PASS
"NVIDIA GeForce RTX 4090",89,12080,20260922,transform,1,16,fp16,0.25,64,4,1,64,20,0.9464000352,PASS
"NVIDIA GeForce RTX 4090",89,12080,20260922,transform,1,16,fp16,0.25,128,4,2,64,20,0.9383999743,PASS
"NVIDIA GeForce RTX 4090",89,12080,20260922,transform,1,16,fp16,0.25,256,4,3,64,20,0.935200043,PASS
"NVIDIA GeForce RTX 4090",89,12080,20260922,fused_int4,1,16,fp16,0.25,32,0,0,64,20,1.171199977,PASS
"NVIDIA GeForce RTX 4090",89,12080,20260922,fused_int4,1,16,fp16,0.25,64,0,1,64,20,1.175200008,PASS
"NVIDIA GeForce RTX 4090",89,12080,20260922,fused_int4,1,16,fp16,0.25,128,0,2,64,20,1.160799991,PASS
"NVIDIA GeForce RTX 4090",89,12080,20260922,fused_int4,1,16,fp16,0.25,256,0,3,64,20,1.155999955,PASS
"NVIDIA GeForce RTX 4090",89,12080,20260922,fused_int4,1,16,fp16,0.25,32,1,1,64,20,1.169575006,PASS
"NVIDIA GeForce RTX 4090",89,12080,20260922,fused_int4,1,16,fp16,0.25,64,1,0,64,20,1.169550046,PASS
"NVIDIA GeForce RTX 4090",89,12080,20260922,fused_int4,1,16,fp16,0.25,128,1,3,64,20,1.159999985,PASS
"NVIDIA GeForce RTX 4090",89,12080,20260922,fused_int4,1,16,fp16,0.25,256,1,2,64,20,1.155999955,PASS
"NVIDIA GeForce RTX 4090",89,12080,20260922,fused_int4,1,16,fp16,0.25,32,2,2,64,20,1.169575006,PASS
"NVIDIA GeForce RTX 4090",89,12080,20260922,fused_int4,1,16,fp16,0.25,64,2,3,64,20,1.170375012,PASS
"NVIDIA GeForce RTX 4090",89,12080,20260922,fused_int4,1,16,fp16,0.25,128,2,0,64,20,1.160799991,PASS
"NVIDIA GeForce RTX 4090",89,12080,20260922,fused_int4,1,16,fp16,0.25,256,2,1,64,20,1.157599967,PASS
"NVIDIA GeForce RTX 4090",89,12080,20260922,fused_int4,1,16,fp16,0.25,32,3,3,64,20,1.169599965,PASS
"NVIDIA GeForce RTX 4090",89,12080,20260922,fused_int4,1,16,fp16,0.25,64,3,2,64,20,1.169599965,PASS
"NVIDIA GeForce RTX 4090",89,12080,20260922,fused_int4,1,16,fp16,0.25,128,3,1,64,20,1.159999985,PASS
"NVIDIA GeForce RTX 4090",89,12080,20260922,fused_int4,1,16,fp16,0.25,256,3,0,64,20,1.155999955,PASS
"NVIDIA GeForce RTX 4090",89,12080,20260922,fused_int4,1,16,fp16,0.25,32,4,0,64,20,1.168799959,PASS
"NVIDIA GeForce RTX 4090",89,12080,20260922,fused_int4,1,16,fp16,0.25,64,4,1,64,20,1.168799959,PASS
"NVIDIA GeForce RTX 4090",89,12080,20260922,fused_int4,1,16,fp16,0.25,128,4,2,64,20,1.160799991,PASS
"NVIDIA GeForce RTX 4090",89,12080,20260922,fused_int4,1,16,fp16,0.25,256,4,3,64,20,1.157599967,PASS
"NVIDIA GeForce RTX 4090",89,12080,20260938,transform,17,16,fp16,1,32,0,0,64,20,0.9503999725,PASS
"NVIDIA GeForce RTX 4090",89,12080,20260938,transform,17,16,fp16,1,64,0,1,64,20,0.9511999786,PASS
"NVIDIA GeForce RTX 4090",89,12080,20260938,transform,17,16,fp16,1,128,0,2,64,20,0.9415250272,PASS
"NVIDIA GeForce RTX 4090",89,12080,20260938,transform,17,16,fp16,1,256,0,3,64,20,0.9407999925,PASS
"NVIDIA GeForce RTX 4090",89,12080,20260938,transform,17,16,fp16,1,32,1,1,64,20,0.9511999786,PASS
"NVIDIA GeForce RTX 4090",89,12080,20260938,transform,17,16,fp16,1,64,1,0,64,20,0.9503999725,PASS
"NVIDIA GeForce RTX 4090",89,12080,20260938,transform,17,16,fp16,1,128,1,3,64,20,0.887999963,PASS
"NVIDIA GeForce RTX 4090",89,12080,20260938,transform,17,16,fp16,1,256,1,2,64,20,0.9415750392,PASS
"NVIDIA GeForce RTX 4090",89,12080,20260938,transform,17,16,fp16,1,32,2,2,64,20,0.8711749688,PASS
"NVIDIA GeForce RTX 4090",89,12080,20260938,transform,17,16,fp16,1,64,2,3,64,20,0.8703250438,PASS
"NVIDIA GeForce RTX 4090",89,12080,20260938,transform,17,16,fp16,1,128,2,0,64,20,0.8639999665,PASS
"NVIDIA GeForce RTX 4090",89,12080,20260938,transform,17,16,fp16,1,256,2,1,64,20,0.8631999604,PASS
"NVIDIA GeForce RTX 4090",89,12080,20260938,transform,17,16,fp16,1,32,3,3,64,20,0.8712000214,PASS
"NVIDIA GeForce RTX 4090",89,12080,20260938,transform,17,16,fp16,1,64,3,2,64,20,0.8704000153,PASS
"NVIDIA GeForce RTX 4090",89,12080,20260938,transform,17,16,fp16,1,128,3,1,64,20,0.8639999665,PASS
"NVIDIA GeForce RTX 4090",89,12080,20260938,transform,17,16,fp16,1,256,3,0,64,20,0.8647999726,PASS
"NVIDIA GeForce RTX 4090",89,12080,20260938,transform,17,16,fp16,1,32,4,0,64,20,0.8704000153,PASS
"NVIDIA GeForce RTX 4090",89,12080,20260938,transform,17,16,fp16,1,64,4,1,64,20,0.8704000153,PASS
"NVIDIA GeForce RTX 4090",89,12080,20260938,transform,17,16,fp16,1,128,4,2,64,20,0.8639999665,PASS
"NVIDIA GeForce RTX 4090",89,12080,20260938,transform,17,16,fp16,1,256,4,3,64,20,0.8631999604,PASS
"NVIDIA GeForce RTX 4090",89,12080,20260938,fused_int4,17,16,fp16,1,32,0,0,64,20,1.105524972,PASS
"NVIDIA GeForce RTX 4090",89,12080,20260938,fused_int4,17,16,fp16,1,64,0,1,64,20,1.107199956,PASS
"NVIDIA GeForce RTX 4090",89,12080,20260938,fused_int4,17,16,fp16,1,128,0,2,64,20,1.071999967,PASS
"NVIDIA GeForce RTX 4090",89,12080,20260938,fused_int4,17,16,fp16,1,256,0,3,64,20,1.086399984,PASS
"NVIDIA GeForce RTX 4090",89,12080,20260938,fused_int4,17,16,fp16,1,32,1,1,64,20,1.104800031,PASS
"NVIDIA GeForce RTX 4090",89,12080,20260938,fused_int4,17,16,fp16,1,64,1,0,64,20,1.107199956,PASS
"NVIDIA GeForce RTX 4090",89,12080,20260938,fused_int4,17,16,fp16,1,128,1,3,64,20,1.072799973,PASS
"NVIDIA GeForce RTX 4090",89,12080,20260938,fused_int4,17,16,fp16,1,256,1,2,64,20,1.085599978,PASS
"NVIDIA GeForce RTX 4090",89,12080,20260938,fused_int4,17,16,fp16,1,32,2,2,64,20,1.104000024,PASS
"NVIDIA GeForce RTX 4090",89,12080,20260938,fused_int4,17,16,fp16,1,64,2,3,64,20,1.107199956,PASS
"NVIDIA GeForce RTX 4090",89,12080,20260938,fused_int4,17,16,fp16,1,128,2,0,64,20,1.072799973,PASS
"NVIDIA GeForce RTX 4090",89,12080,20260938,fused_int4,17,16,fp16,1,256,2,1,64,20,1.085599978,PASS
"NVIDIA GeForce RTX 4090",89,12080,20260938,fused_int4,17,16,fp16,1,32,3,3,64,20,1.104000024,PASS
"NVIDIA GeForce RTX 4090",89,12080,20260938,fused_int4,17,16,fp16,1,64,3,2,64,20,1.107199956,PASS
"NVIDIA GeForce RTX 4090",89,12080,20260938,fused_int4,17,16,fp16,1,128,3,1,64,20,1.071999967,PASS
"NVIDIA GeForce RTX 4090",89,12080,20260938,fused_int4,17,16,fp16,1,256,3,0,64,20,1.085599978,PASS
"NVIDIA GeForce RTX 4090",89,12080,20260938,fused_int4,17,16,fp16,1,32,4,0,64,20,1.104674954,PASS
"NVIDIA GeForce RTX 4090",89,12080,20260938,fused_int4,17,16,fp16,1,64,4,1,64,20,1.107975002,PASS
"NVIDIA GeForce RTX 4090",89,12080,20260938,fused_int4,17,16,fp16,1,128,4,2,64,20,1.072799973,PASS
"NVIDIA GeForce RTX 4090",89,12080,20260938,fused_int4,17,16,fp16,1,256,4,3,64,20,1.086375024,PASS
"NVIDIA GeForce RTX 4090",89,12080,20260938,transform,17,16,fp16,0.25,32,0,0,64,20,0.8712000214,PASS
"NVIDIA GeForce RTX 4090",89,12080,20260938,transform,17,16,fp16,0.25,64,0,1,64,20,0.8712000214,PASS
"NVIDIA GeForce RTX 4090",89,12080,20260938,transform,17,16,fp16,0.25,128,0,2,64,20,0.8736000396,PASS
"NVIDIA GeForce RTX 4090",89,12080,20260938,transform,17,16,fp16,0.25,256,0,3,64,20,0.8647999726,PASS
"NVIDIA GeForce RTX 4090",89,12080,20260938,transform,17,16,fp16,0.25,32,1,1,64,20,0.8704000153,PASS
"NVIDIA GeForce RTX 4090",89,12080,20260938,transform,17,16,fp16,0.25,64,1,0,64,20,0.8719500154,PASS
"NVIDIA GeForce RTX 4090",89,12080,20260938,transform,17,16,fp16,0.25,128,1,3,64,20,0.8639999665,PASS
"NVIDIA GeForce RTX 4090",89,12080,20260938,transform,17,16,fp16,0.25,256,1,2,64,20,0.8639999665,PASS
"NVIDIA GeForce RTX 4090",89,12080,20260938,transform,17,16,fp16,0.25,32,2,2,64,20,0.8704000153,PASS
"NVIDIA GeForce RTX 4090",89,12080,20260938,transform,17,16,fp16,0.25,64,2,3,64,20,0.8712000214,PASS
"NVIDIA GeForce RTX 4090",89,12080,20260938,transform,17,16,fp16,0.25,128,2,0,64,20,0.8639999665,PASS
"NVIDIA GeForce RTX 4090",89,12080,20260938,transform,17,16,fp16,0.25,256,2,1,64,20,0.8631999604,PASS
"NVIDIA GeForce RTX 4090",89,12080,20260938,transform,17,16,fp16,0.25,32,3,3,64,20,0.8704000153,PASS
"NVIDIA GeForce RTX 4090",89,12080,20260938,transform,17,16,fp16,0.25,64,3,2,64,20,0.8720000274,PASS
"NVIDIA GeForce RTX 4090",89,12080,20260938,transform,17,16,fp16,0.25,128,3,1,64,20,0.8639999665,PASS
"NVIDIA GeForce RTX 4090",89,12080,20260938,transform,17,16,fp16,0.25,256,3,0,64,20,0.8655999787,PASS
"NVIDIA GeForce RTX 4090",89,12080,20260938,transform,17,16,fp16,0.25,32,4,0,64,20,0.8704000153,PASS
"NVIDIA GeForce RTX 4090",89,12080,20260938,transform,17,16,fp16,0.25,64,4,1,64,20,0.8712000214,PASS
"NVIDIA GeForce RTX 4090",89,12080,20260938,transform,17,16,fp16,0.25,128,4,2,64,20,0.8647999726,PASS
"NVIDIA GeForce RTX 4090",89,12080,20260938,transform,17,16,fp16,0.25,256,4,3,64,20,0.8631999604,PASS
"NVIDIA GeForce RTX 4090",89,12080,20260938,fused_int4,17,16,fp16,0.25,32,0,0,64,20,1.105600037,PASS
"NVIDIA GeForce RTX 4090",89,12080,20260938,fused_int4,17,16,fp16,0.25,64,0,1,64,20,1.107199956,PASS
"NVIDIA GeForce RTX 4090",89,12080,20260938,fused_int4,17,16,fp16,0.25,128,0,2,64,20,1.071999967,PASS
"NVIDIA GeForce RTX 4090",89,12080,20260938,fused_int4,17,16,fp16,0.25,256,0,3,64,20,1.086399984,PASS
"NVIDIA GeForce RTX 4090",89,12080,20260938,fused_int4,17,16,fp16,0.25,32,1,1,64,20,1.106400043,PASS
"NVIDIA GeForce RTX 4090",89,12080,20260938,fused_int4,17,16,fp16,0.25,64,1,0,64,20,1.107999962,PASS
"NVIDIA GeForce RTX 4090",89,12080,20260938,fused_int4,17,16,fp16,0.25,128,1,3,64,20,1.072799973,PASS
"NVIDIA GeForce RTX 4090",89,12080,20260938,fused_int4,17,16,fp16,0.25,256,1,2,64,20,1.086399984,PASS
"NVIDIA GeForce RTX 4090",89,12080,20260938,fused_int4,17,16,fp16,0.25,32,2,2,64,20,1.105600037,PASS
"NVIDIA GeForce RTX 4090",89,12080,20260938,fused_int4,17,16,fp16,0.25,64,2,3,64,20,1.107199956,PASS
"NVIDIA GeForce RTX 4090",89,12080,20260938,fused_int4,17,16,fp16,0.25,128,2,0,64,20,1.071850024,PASS
"NVIDIA GeForce RTX 4090",89,12080,20260938,fused_int4,17,16,fp16,0.25,256,2,1,64,20,1.085599978,PASS
"NVIDIA GeForce RTX 4090",89,12080,20260938,fused_int4,17,16,fp16,0.25,32,3,3,64,20,1.105600037,PASS
"NVIDIA GeForce RTX 4090",89,12080,20260938,fused_int4,17,16,fp16,0.25,64,3,2,64,20,1.107199956,PASS
"NVIDIA GeForce RTX 4090",89,12080,20260938,fused_int4,17,16,fp16,0.25,128,3,1,64,20,1.072799973,PASS
"NVIDIA GeForce RTX 4090",89,12080,20260938,fused_int4,17,16,fp16,0.25,256,3,0,64,20,1.086399984,PASS
"NVIDIA GeForce RTX 4090",89,12080,20260938,fused_int4,17,16,fp16,0.25,32,4,0,64,20,1.105550025,PASS
"NVIDIA GeForce RTX 4090",89,12080,20260938,fused_int4,17,16,fp16,0.25,64,4,1,64,20,1.106400043,PASS
"NVIDIA GeForce RTX 4090",89,12080,20260938,fused_int4,17,16,fp16,0.25,128,4,2,64,20,1.072799973,PASS
"NVIDIA GeForce RTX 4090",89,12080,20260938,fused_int4,17,16,fp16,0.25,256,4,3,64,20,1.086399984,PASS
"NVIDIA GeForce RTX 4090",89,12080,20265017,transform,4096,16,fp16,1,32,0,0,64,20,2.920800075,PASS
"NVIDIA GeForce RTX 4090",89,12080,20265017,transform,4096,16,fp16,1,64,0,1,64,20,1.979199983,PASS
"NVIDIA GeForce RTX 4090",89,12080,20265017,transform,4096,16,fp16,1,128,0,2,64,20,1.500749961,PASS
"NVIDIA GeForce RTX 4090",89,12080,20265017,transform,4096,16,fp16,1,256,0,3,64,20,1.279999968,PASS
"NVIDIA GeForce RTX 4090",89,12080,20265017,transform,4096,16,fp16,1,32,1,1,64,20,2.919974923,PASS
"NVIDIA GeForce RTX 4090",89,12080,20265017,transform,4096,16,fp16,1,64,1,0,64,20,1.979999989,PASS
"NVIDIA GeForce RTX 4090",89,12080,20265017,transform,4096,16,fp16,1,128,1,3,64,20,1.505600009,PASS
"NVIDIA GeForce RTX 4090",89,12080,20265017,transform,4096,16,fp16,1,256,1,2,64,20,1.279999968,PASS
"NVIDIA GeForce RTX 4090",89,12080,20265017,transform,4096,16,fp16,1,32,2,2,64,20,2.920800075,PASS
"NVIDIA GeForce RTX 4090",89,12080,20265017,transform,4096,16,fp16,1,64,2,3,64,20,1.979999989,PASS
"NVIDIA GeForce RTX 4090",89,12080,20265017,transform,4096,16,fp16,1,128,2,0,64,20,1.500799973,PASS
"NVIDIA GeForce RTX 4090",89,12080,20265017,transform,4096,16,fp16,1,256,2,1,64,20,1.279999968,PASS
"NVIDIA GeForce RTX 4090",89,12080,20265017,transform,4096,16,fp16,1,32,3,3,64,20,2.921600081,PASS
"NVIDIA GeForce RTX 4090",89,12080,20265017,transform,4096,16,fp16,1,64,3,2,64,20,1.980799995,PASS
"NVIDIA GeForce RTX 4090",89,12080,20265017,transform,4096,16,fp16,1,128,3,1,64,20,1.500799973,PASS
"NVIDIA GeForce RTX 4090",89,12080,20265017,transform,4096,16,fp16,1,256,3,0,64,20,1.278399955,PASS
"NVIDIA GeForce RTX 4090",89,12080,20265017,transform,4096,16,fp16,1,32,4,0,64,20,2.920800075,PASS
"NVIDIA GeForce RTX 4090",89,12080,20265017,transform,4096,16,fp16,1,64,4,1,64,20,1.979999989,PASS
"NVIDIA GeForce RTX 4090",89,12080,20265017,transform,4096,16,fp16,1,128,4,2,64,20,1.502399985,PASS
"NVIDIA GeForce RTX 4090",89,12080,20265017,transform,4096,16,fp16,1,256,4,3,64,20,1.279199962,PASS
"NVIDIA GeForce RTX 4090",89,12080,20265017,fused_int4,4096,16,fp16,1,32,0,0,64,20,3.167999908,PASS
"NVIDIA GeForce RTX 4090",89,12080,20265017,fused_int4,4096,16,fp16,1,64,0,1,64,20,2.212800086,PASS
"NVIDIA GeForce RTX 4090",89,12080,20265017,fused_int4,4096,16,fp16,1,128,0,2,64,20,1.756799966,PASS
"NVIDIA GeForce RTX 4090",89,12080,20265017,fused_int4,4096,16,fp16,1,256,0,3,64,20,1.60399992,PASS
"NVIDIA GeForce RTX 4090",89,12080,20265017,fused_int4,4096,16,fp16,1,32,1,1,64,20,3.169599921,PASS
"NVIDIA GeForce RTX 4090",89,12080,20265017,fused_int4,4096,16,fp16,1,64,1,0,64,20,2.214399911,PASS
"NVIDIA GeForce RTX 4090",89,12080,20265017,fused_int4,4096,16,fp16,1,128,1,3,64,20,1.757599972,PASS
"NVIDIA GeForce RTX 4090",89,12080,20265017,fused_int4,4096,16,fp16,1,256,1,2,64,20,1.602399908,PASS
"NVIDIA GeForce RTX 4090",89,12080,20265017,fused_int4,4096,16,fp16,1,32,2,2,64,20,3.170299903,PASS
"NVIDIA GeForce RTX 4090",89,12080,20265017,fused_int4,4096,16,fp16,1,64,2,3,64,20,2.215199918,PASS
"NVIDIA GeForce RTX 4090",89,12080,20265017,fused_int4,4096,16,fp16,1,128,2,0,64,20,1.757599972,PASS
"NVIDIA GeForce RTX 4090",89,12080,20265017,fused_int4,4096,16,fp16,1,256,2,1,64,20,1.603149995,PASS
"NVIDIA GeForce RTX 4090",89,12080,20265017,fused_int4,4096,16,fp16,1,32,3,3,64,20,3.172675148,PASS
"NVIDIA GeForce RTX 4090",89,12080,20265017,fused_int4,4096,16,fp16,1,64,3,2,64,20,2.215199918,PASS
"NVIDIA GeForce RTX 4090",89,12080,20265017,fused_int4,4096,16,fp16,1,128,3,1,64,20,1.75599996,PASS
"NVIDIA GeForce RTX 4090",89,12080,20265017,fused_int4,4096,16,fp16,1,256,3,0,64,20,1.603199914,PASS
"NVIDIA GeForce RTX 4090",89,12080,20265017,fused_int4,4096,16,fp16,1,32,4,0,64,20,3.170400113,PASS
"NVIDIA GeForce RTX 4090",89,12080,20265017,fused_int4,4096,16,fp16,1,64,4,1,64,20,2.215199918,PASS
"NVIDIA GeForce RTX 4090",89,12080,20265017,fused_int4,4096,16,fp16,1,128,4,2,64,20,1.756799966,PASS
"NVIDIA GeForce RTX 4090",89,12080,20265017,fused_int4,4096,16,fp16,1,256,4,3,64,20,1.603049971,PASS
"NVIDIA GeForce RTX 4090",89,12080,20265017,transform,4096,16,fp16,0.25,32,0,0,64,20,2.922400087,PASS
"NVIDIA GeForce RTX 4090",89,12080,20265017,transform,4096,16,fp16,0.25,64,0,1,64,20,1.983200014,PASS
"NVIDIA GeForce RTX 4090",89,12080,20265017,transform,4096,16,fp16,0.25,128,0,2,64,20,1.506400015,PASS
"NVIDIA GeForce RTX 4090",89,12080,20265017,transform,4096,16,fp16,0.25,256,0,3,64,20,1.289600041,PASS
"NVIDIA GeForce RTX 4090",89,12080,20265017,transform,4096,16,fp16,0.25,32,1,1,64,20,2.939200029,PASS
"NVIDIA GeForce RTX 4090",89,12080,20265017,transform,4096,16,fp16,0.25,64,1,0,64,20,1.988800056,PASS
"NVIDIA GeForce RTX 4090",89,12080,20265017,transform,4096,16,fp16,0.25,128,1,3,64,20,1.503999997,PASS
"NVIDIA GeForce RTX 4090",89,12080,20265017,transform,4096,16,fp16,0.25,256,1,2,64,20,1.283199992,PASS
"NVIDIA GeForce RTX 4090",89,12080,20265017,transform,4096,16,fp16,0.25,32,2,2,64,20,2.927999943,PASS
"NVIDIA GeForce RTX 4090",89,12080,20265017,transform,4096,16,fp16,0.25,64,2,3,64,20,1.98400002,PASS
"NVIDIA GeForce RTX 4090",89,12080,20265017,transform,4096,16,fp16,0.25,128,2,0,64,20,1.508800033,PASS
"NVIDIA GeForce RTX 4090",89,12080,20265017,transform,4096,16,fp16,0.25,256,2,1,64,20,1.280799974,PASS
"NVIDIA GeForce RTX 4090",89,12080,20265017,transform,4096,16,fp16,0.25,32,3,3,64,20,2.927999943,PASS
"NVIDIA GeForce RTX 4090",89,12080,20265017,transform,4096,16,fp16,0.25,64,3,2,64,20,1.98400002,PASS
"NVIDIA GeForce RTX 4090",89,12080,20265017,transform,4096,16,fp16,0.25,128,3,1,64,20,1.502399985,PASS
"NVIDIA GeForce RTX 4090",89,12080,20265017,transform,4096,16,fp16,0.25,256,3,0,64,20,1.280799974,PASS
"NVIDIA GeForce RTX 4090",89,12080,20265017,transform,4096,16,fp16,0.25,32,4,0,64,20,2.927199937,PASS
"NVIDIA GeForce RTX 4090",89,12080,20265017,transform,4096,16,fp16,0.25,64,4,1,64,20,1.982400008,PASS
"NVIDIA GeForce RTX 4090",89,12080,20265017,transform,4096,16,fp16,0.25,128,4,2,64,20,1.502399985,PASS
"NVIDIA GeForce RTX 4090",89,12080,20265017,transform,4096,16,fp16,0.25,256,4,3,64,20,1.282325014,PASS
"NVIDIA GeForce RTX 4090",89,12080,20265017,fused_int4,4096,16,fp16,0.25,32,0,0,64,20,3.175200149,PASS
"NVIDIA GeForce RTX 4090",89,12080,20265017,fused_int4,4096,16,fp16,0.25,64,0,1,64,20,2.216674946,PASS
"NVIDIA GeForce RTX 4090",89,12080,20265017,fused_int4,4096,16,fp16,0.25,128,0,2,64,20,1.759199984,PASS
"NVIDIA GeForce RTX 4090",89,12080,20265017,fused_int4,4096,16,fp16,0.25,256,0,3,64,20,1.604799926,PASS
"NVIDIA GeForce RTX 4090",89,12080,20265017,fused_int4,4096,16,fp16,0.25,32,1,1,64,20,3.176800162,PASS
"NVIDIA GeForce RTX 4090",89,12080,20265017,fused_int4,4096,16,fp16,0.25,64,1,0,64,20,2.218399942,PASS
"NVIDIA GeForce RTX 4090",89,12080,20265017,fused_int4,4096,16,fp16,0.25,128,1,3,64,20,1.759199984,PASS
"NVIDIA GeForce RTX 4090",89,12080,20265017,fused_int4,4096,16,fp16,0.25,256,1,2,64,20,1.604799926,PASS
"NVIDIA GeForce RTX 4090",89,12080,20265017,fused_int4,4096,16,fp16,0.25,32,2,2,64,20,3.175999969,PASS
"NVIDIA GeForce RTX 4090",89,12080,20265017,fused_int4,4096,16,fp16,0.25,64,2,3,64,20,2.217599936,PASS
"NVIDIA GeForce RTX 4090",89,12080,20265017,fused_int4,4096,16,fp16,0.25,128,2,0,64,20,1.75999999,PASS
"NVIDIA GeForce RTX 4090",89,12080,20265017,fused_int4,4096,16,fp16,0.25,256,2,1,64,20,1.604799926,PASS
"NVIDIA GeForce RTX 4090",89,12080,20265017,fused_int4,4096,16,fp16,0.25,32,3,3,64,20,3.175999969,PASS
"NVIDIA GeForce RTX 4090",89,12080,20265017,fused_int4,4096,16,fp16,0.25,64,3,2,64,20,2.219199948,PASS
"NVIDIA GeForce RTX 4090",89,12080,20265017,fused_int4,4096,16,fp16,0.25,128,3,1,64,20,1.762375049,PASS
"NVIDIA GeForce RTX 4090",89,12080,20265017,fused_int4,4096,16,fp16,0.25,256,3,0,64,20,1.604799926,PASS
"NVIDIA GeForce RTX 4090",89,12080,20265017,fused_int4,4096,16,fp16,0.25,32,4,0,64,20,3.175200149,PASS
"NVIDIA GeForce RTX 4090",89,12080,20265017,fused_int4,4096,16,fp16,0.25,64,4,1,64,20,2.216750011,PASS
"NVIDIA GeForce RTX 4090",89,12080,20265017,fused_int4,4096,16,fp16,0.25,128,4,2,64,20,1.75999999,PASS
"NVIDIA GeForce RTX 4090",89,12080,20265017,fused_int4,4096,16,fp16,0.25,256,4,3,64,20,1.605599932,PASS
"NVIDIA GeForce RTX 4090",89,12080,20277305,transform,16384,16,fp16,1,32,0,0,64,20,8.60632509,PASS
"NVIDIA GeForce RTX 4090",89,12080,20277305,transform,16384,16,fp16,1,64,0,1,64,20,4.828000069,PASS
"NVIDIA GeForce RTX 4090",89,12080,20277305,transform,16384,16,fp16,1,128,0,2,64,20,2.936000004,PASS
"NVIDIA GeForce RTX 4090",89,12080,20277305,transform,16384,16,fp16,1,256,0,3,64,20,2.181600034,PASS
"NVIDIA GeForce RTX 4090",89,12080,20277305,transform,16384,16,fp16,1,32,1,1,64,20,8.605600148,PASS
"NVIDIA GeForce RTX 4090",89,12080,20277305,transform,16384,16,fp16,1,64,1,0,64,20,4.828799888,PASS
"NVIDIA GeForce RTX 4090",89,12080,20277305,transform,16384,16,fp16,1,128,1,3,64,20,2.936800011,PASS
"NVIDIA GeForce RTX 4090",89,12080,20277305,transform,16384,16,fp16,1,256,1,2,64,20,2.18240004,PASS
"NVIDIA GeForce RTX 4090",89,12080,20277305,transform,16384,16,fp16,1,32,2,2,64,20,8.604799956,PASS
"NVIDIA GeForce RTX 4090",89,12080,20277305,transform,16384,16,fp16,1,64,2,3,64,20,4.827199876,PASS
"NVIDIA GeForce RTX 4090",89,12080,20277305,transform,16384,16,fp16,1,128,2,0,64,20,2.936000004,PASS
"NVIDIA GeForce RTX 4090",89,12080,20277305,transform,16384,16,fp16,1,256,2,1,64,20,2.183200046,PASS
"NVIDIA GeForce RTX 4090",89,12080,20277305,transform,16384,16,fp16,1,32,3,3,64,20,8.604799956,PASS
"NVIDIA GeForce RTX 4090",89,12080,20277305,transform,16384,16,fp16,1,64,3,2,64,20,4.828000069,PASS
"NVIDIA GeForce RTX 4090",89,12080,20277305,transform,16384,16,fp16,1,128,3,1,64,20,2.936800011,PASS
"NVIDIA GeForce RTX 4090",89,12080,20277305,transform,16384,16,fp16,1,256,3,0,64,20,2.18240004,PASS
"NVIDIA GeForce RTX 4090",89,12080,20277305,transform,16384,16,fp16,1,32,4,0,64,20,8.610399812,PASS
"NVIDIA GeForce RTX 4090",89,12080,20277305,transform,16384,16,fp16,1,64,4,1,64,20,4.826400056,PASS
"NVIDIA GeForce RTX 4090",89,12080,20277305,transform,16384,16,fp16,1,128,4,2,64,20,2.936000004,PASS
"NVIDIA GeForce RTX 4090",89,12080,20277305,transform,16384,16,fp16,1,256,4,3,64,20,2.18240004,PASS
"NVIDIA GeForce RTX 4090",89,12080,20277305,fused_int4,16384,16,fp16,1,32,0,0,64,20,8.852799982,PASS
"NVIDIA GeForce RTX 4090",89,12080,20277305,fused_int4,16384,16,fp16,1,64,0,1,64,20,5.071999878,PASS
"NVIDIA GeForce RTX 4090",89,12080,20277305,fused_int4,16384,16,fp16,1,128,0,2,64,20,3.296799958,PASS
"NVIDIA GeForce RTX 4090",89,12080,20277305,fused_int4,16384,16,fp16,1,256,0,3,64,20,3.243200108,PASS
"NVIDIA GeForce RTX 4090",89,12080,20277305,fused_int4,16384,16,fp16,1,32,1,1,64,20,8.853600174,PASS
"NVIDIA GeForce RTX 4090",89,12080,20277305,fused_int4,16384,16,fp16,1,64,1,0,64,20,5.074299872,PASS
"NVIDIA GeForce RTX 4090",89,12080,20277305,fused_int4,16384,16,fp16,1,128,1,3,64,20,3.300699964,PASS
"NVIDIA GeForce RTX 4090",89,12080,20277305,fused_int4,16384,16,fp16,1,256,1,2,64,20,3.244800121,PASS
"NVIDIA GeForce RTX 4090",89,12080,20277305,fused_int4,16384,16,fp16,1,32,2,2,64,20,8.856000006,PASS
"NVIDIA GeForce RTX 4090",89,12080,20277305,fused_int4,16384,16,fp16,1,64,2,3,64,20,5.079999939,PASS
"NVIDIA GeForce RTX 4090",89,12080,20277305,fused_int4,16384,16,fp16,1,128,2,0,64,20,3.300800174,PASS
"NVIDIA GeForce RTX 4090",89,12080,20277305,fused_int4,16384,16,fp16,1,256,2,1,64,20,3.249600157,PASS
"NVIDIA GeForce RTX 4090",89,12080,20277305,fused_int4,16384,16,fp16,1,32,3,3,64,20,8.852700144,PASS
"NVIDIA GeForce RTX 4090",89,12080,20277305,fused_int4,16384,16,fp16,1,64,3,2,64,20,5.074400082,PASS
"NVIDIA GeForce RTX 4090",89,12080,20277305,fused_int4,16384,16,fp16,1,128,3,1,64,20,3.300800174,PASS
"NVIDIA GeForce RTX 4090",89,12080,20277305,fused_int4,16384,16,fp16,1,256,3,0,64,20,3.24559994,PASS
"NVIDIA GeForce RTX 4090",89,12080,20277305,fused_int4,16384,16,fp16,1,32,4,0,64,20,8.851200342,PASS
"NVIDIA GeForce RTX 4090",89,12080,20277305,fused_int4,16384,16,fp16,1,64,4,1,64,20,5.071999878,PASS
"NVIDIA GeForce RTX 4090",89,12080,20277305,fused_int4,16384,16,fp16,1,128,4,2,64,20,3.29760015,PASS
"NVIDIA GeForce RTX 4090",89,12080,20277305,fused_int4,16384,16,fp16,1,256,4,3,64,20,3.244749829,PASS
"NVIDIA GeForce RTX 4090",89,12080,20277305,transform,16384,16,fp16,0.25,32,0,0,64,20,8.604799956,PASS
"NVIDIA GeForce RTX 4090",89,12080,20277305,transform,16384,16,fp16,0.25,64,0,1,64,20,4.827199876,PASS
"NVIDIA GeForce RTX 4090",89,12080,20277305,transform,16384,16,fp16,0.25,128,0,2,64,20,2.936000004,PASS
"NVIDIA GeForce RTX 4090",89,12080,20277305,transform,16384,16,fp16,0.25,256,0,3,64,20,2.18240004,PASS
"NVIDIA GeForce RTX 4090",89,12080,20277305,transform,16384,16,fp16,0.25,32,1,1,64,20,8.604799956,PASS
"NVIDIA GeForce RTX 4090",89,12080,20277305,transform,16384,16,fp16,0.25,64,1,0,64,20,4.827199876,PASS
"NVIDIA GeForce RTX 4090",89,12080,20277305,transform,16384,16,fp16,0.25,128,1,3,64,20,2.936000004,PASS
"NVIDIA GeForce RTX 4090",89,12080,20277305,transform,16384,16,fp16,0.25,256,1,2,64,20,2.183075063,PASS
"NVIDIA GeForce RTX 4090",89,12080,20277305,transform,16384,16,fp16,0.25,32,2,2,64,20,8.604799956,PASS
"NVIDIA GeForce RTX 4090",89,12080,20277305,transform,16384,16,fp16,0.25,64,2,3,64,20,4.827199876,PASS
"NVIDIA GeForce RTX 4090",89,12080,20277305,transform,16384,16,fp16,0.25,128,2,0,64,20,2.936000004,PASS
"NVIDIA GeForce RTX 4090",89,12080,20277305,transform,16384,16,fp16,0.25,256,2,1,64,20,2.183075063,PASS
"NVIDIA GeForce RTX 4090",89,12080,20277305,transform,16384,16,fp16,0.25,32,3,3,64,20,8.605600148,PASS
"NVIDIA GeForce RTX 4090",89,12080,20277305,transform,16384,16,fp16,0.25,64,3,2,64,20,4.828799888,PASS
"NVIDIA GeForce RTX 4090",89,12080,20277305,transform,16384,16,fp16,0.25,128,3,1,64,20,2.937600017,PASS
"NVIDIA GeForce RTX 4090",89,12080,20277305,transform,16384,16,fp16,0.25,256,3,0,64,20,2.184800059,PASS
"NVIDIA GeForce RTX 4090",89,12080,20277305,transform,16384,16,fp16,0.25,32,4,0,64,20,8.603999764,PASS
"NVIDIA GeForce RTX 4090",89,12080,20277305,transform,16384,16,fp16,0.25,64,4,1,64,20,4.827199876,PASS
"NVIDIA GeForce RTX 4090",89,12080,20277305,transform,16384,16,fp16,0.25,128,4,2,64,20,2.935199998,PASS
"NVIDIA GeForce RTX 4090",89,12080,20277305,transform,16384,16,fp16,0.25,256,4,3,64,20,2.183200046,PASS
"NVIDIA GeForce RTX 4090",89,12080,20277305,fused_int4,16384,16,fp16,0.25,32,0,0,64,20,8.852799982,PASS
"NVIDIA GeForce RTX 4090",89,12080,20277305,fused_int4,16384,16,fp16,0.25,64,0,1,64,20,5.091200024,PASS
"NVIDIA GeForce RTX 4090",89,12080,20277305,fused_int4,16384,16,fp16,0.25,128,0,2,64,20,3.306400031,PASS
"NVIDIA GeForce RTX 4090",89,12080,20277305,fused_int4,16384,16,fp16,0.25,256,0,3,64,20,3.251999989,PASS
"NVIDIA GeForce RTX 4090",89,12080,20277305,fused_int4,16384,16,fp16,0.25,32,1,1,64,20,8.863200247,PASS
"NVIDIA GeForce RTX 4090",89,12080,20277305,fused_int4,16384,16,fp16,0.25,64,1,0,64,20,5.076000094,PASS
"NVIDIA GeForce RTX 4090",89,12080,20277305,fused_int4,16384,16,fp16,0.25,128,1,3,64,20,3.300800174,PASS
"NVIDIA GeForce RTX 4090",89,12080,20277305,fused_int4,16384,16,fp16,0.25,256,1,2,64,20,3.246400133,PASS
"NVIDIA GeForce RTX 4090",89,12080,20277305,fused_int4,16384,16,fp16,0.25,32,2,2,64,20,8.855199814,PASS
"NVIDIA GeForce RTX 4090",89,12080,20277305,fused_int4,16384,16,fp16,0.25,64,2,3,64,20,5.071999878,PASS
"NVIDIA GeForce RTX 4090",89,12080,20277305,fused_int4,16384,16,fp16,0.25,128,2,0,64,20,3.302399814,PASS
"NVIDIA GeForce RTX 4090",89,12080,20277305,fused_int4,16384,16,fp16,0.25,256,2,1,64,20,3.248799965,PASS
"NVIDIA GeForce RTX 4090",89,12080,20277305,fused_int4,16384,16,fp16,0.25,32,3,3,64,20,8.851999789,PASS
"NVIDIA GeForce RTX 4090",89,12080,20277305,fused_int4,16384,16,fp16,0.25,64,3,2,64,20,5.075924844,PASS
"NVIDIA GeForce RTX 4090",89,12080,20277305,fused_int4,16384,16,fp16,0.25,128,3,1,64,20,3.303999826,PASS
"NVIDIA GeForce RTX 4090",89,12080,20277305,fused_int4,16384,16,fp16,0.25,256,3,0,64,20,3.244800121,PASS
"NVIDIA GeForce RTX 4090",89,12080,20277305,fused_int4,16384,16,fp16,0.25,32,4,0,64,20,8.851200342,PASS
"NVIDIA GeForce RTX 4090",89,12080,20277305,fused_int4,16384,16,fp16,0.25,64,4,1,64,20,5.071999878,PASS
"NVIDIA GeForce RTX 4090",89,12080,20277305,fused_int4,16384,16,fp16,0.25,128,4,2,64,20,3.306400031,PASS
"NVIDIA GeForce RTX 4090",89,12080,20277305,fused_int4,16384,16,fp16,0.25,256,4,3,64,20,3.247199953,PASS
"NVIDIA GeForce RTX 4090",89,12080,20260970,transform,1,64,fp16,1,32,0,0,64,20,0.8856000379,PASS
"NVIDIA GeForce RTX 4090",89,12080,20260970,transform,1,64,fp16,1,64,0,1,64,20,0.886400044,PASS
"NVIDIA GeForce RTX 4090",89,12080,20260970,transform,1,64,fp16,1,128,0,2,64,20,0.877599977,PASS
"NVIDIA GeForce RTX 4090",89,12080,20260970,transform,1,64,fp16,1,256,0,3,64,20,0.8728000335,PASS
"NVIDIA GeForce RTX 4090",89,12080,20260970,transform,1,64,fp16,1,32,1,1,64,20,0.8856000379,PASS
"NVIDIA GeForce RTX 4090",89,12080,20260970,transform,1,64,fp16,1,64,1,0,64,20,0.8840000257,PASS
"NVIDIA GeForce RTX 4090",89,12080,20260970,transform,1,64,fp16,1,128,1,3,64,20,0.8744000457,PASS
"NVIDIA GeForce RTX 4090",89,12080,20260970,transform,1,64,fp16,1,256,1,2,64,20,0.8728000335,PASS
"NVIDIA GeForce RTX 4090",89,12080,20260970,transform,1,64,fp16,1,32,2,2,64,20,0.8840000257,PASS
"NVIDIA GeForce RTX 4090",89,12080,20260970,transform,1,64,fp16,1,64,2,3,64,20,0.8839500137,PASS
"NVIDIA GeForce RTX 4090",89,12080,20260970,transform,1,64,fp16,1,128,2,0,64,20,0.8751999587,PASS
"NVIDIA GeForce RTX 4090",89,12080,20260970,transform,1,64,fp16,1,256,2,1,64,20,0.8744000457,PASS
"NVIDIA GeForce RTX 4090",89,12080,20260970,transform,1,64,fp16,1,32,3,3,64,20,0.8840000257,PASS
"NVIDIA GeForce RTX 4090",89,12080,20260970,transform,1,64,fp16,1,64,3,2,64,20,0.8839249611,PASS
"NVIDIA GeForce RTX 4090",89,12080,20260970,transform,1,64,fp16,1,128,3,1,64,20,0.8751999587,PASS
"NVIDIA GeForce RTX 4090",89,12080,20260970,transform,1,64,fp16,1,256,3,0,64,20,0.8736000396,PASS
"NVIDIA GeForce RTX 4090",89,12080,20260970,transform,1,64,fp16,1,32,4,0,64,20,0.8840000257,PASS
"NVIDIA GeForce RTX 4090",89,12080,20260970,transform,1,64,fp16,1,64,4,1,64,20,0.8838750422,PASS
"NVIDIA GeForce RTX 4090",89,12080,20260970,transform,1,64,fp16,1,128,4,2,64,20,0.8751999587,PASS
"NVIDIA GeForce RTX 4090",89,12080,20260970,transform,1,64,fp16,1,256,4,3,64,20,0.8736000396,PASS
"NVIDIA GeForce RTX 4090",89,12080,20260970,fused_int4,1,64,fp16,1,32,0,0,64,20,1.03192497,PASS
"NVIDIA GeForce RTX 4090",89,12080,20260970,fused_int4,1,64,fp16,1,64,0,1,64,20,1.030400023,PASS
"NVIDIA GeForce RTX 4090",89,12080,20260970,fused_int4,1,64,fp16,1,128,0,2,64,20,1.020800043,PASS
"NVIDIA GeForce RTX 4090",89,12080,20260970,fused_int4,1,64,fp16,1,256,0,3,64,20,1.018400025,PASS
"NVIDIA GeForce RTX 4090",89,12080,20260970,fused_int4,1,64,fp16,1,32,1,1,64,20,1.03037497,PASS
"NVIDIA GeForce RTX 4090",89,12080,20260970,fused_int4,1,64,fp16,1,64,1,0,64,20,1.030400023,PASS
"NVIDIA GeForce RTX 4090",89,12080,20260970,fused_int4,1,64,fp16,1,128,1,3,64,20,1.020800043,PASS
"NVIDIA GeForce RTX 4090",89,12080,20260970,fused_int4,1,64,fp16,1,256,1,2,64,20,1.018400025,PASS
"NVIDIA GeForce RTX 4090",89,12080,20260970,fused_int4,1,64,fp16,1,32,2,2,64,20,1.031200029,PASS
"NVIDIA GeForce RTX 4090",89,12080,20260970,fused_int4,1,64,fp16,1,64,2,3,64,20,1.029600017,PASS
"NVIDIA GeForce RTX 4090",89,12080,20260970,fused_int4,1,64,fp16,1,128,2,0,64,20,1.021599956,PASS
"NVIDIA GeForce RTX 4090",89,12080,20260970,fused_int4,1,64,fp16,1,256,2,1,64,20,1.018400025,PASS
"NVIDIA GeForce RTX 4090",89,12080,20260970,fused_int4,1,64,fp16,1,32,3,3,64,20,1.030400023,PASS
"NVIDIA GeForce RTX 4090",89,12080,20260970,fused_int4,1,64,fp16,1,64,3,2,64,20,1.029600017,PASS
"NVIDIA GeForce RTX 4090",89,12080,20260970,fused_int4,1,64,fp16,1,128,3,1,64,20,1.020800043,PASS
"NVIDIA GeForce RTX 4090",89,12080,20260970,fused_int4,1,64,fp16,1,256,3,0,64,20,1.018400025,PASS
"NVIDIA GeForce RTX 4090",89,12080,20260970,fused_int4,1,64,fp16,1,32,4,0,64,20,1.031075045,PASS
"NVIDIA GeForce RTX 4090",89,12080,20260970,fused_int4,1,64,fp16,1,64,4,1,64,20,1.030400023,PASS
"NVIDIA GeForce RTX 4090",89,12080,20260970,fused_int4,1,64,fp16,1,128,4,2,64,20,1.020000037,PASS
"NVIDIA GeForce RTX 4090",89,12080,20260970,fused_int4,1,64,fp16,1,256,4,3,64,20,1.019200031,PASS
"NVIDIA GeForce RTX 4090",89,12080,20260970,transform,1,64,fp16,0.125,32,0,0,64,20,0.8832000196,PASS
"NVIDIA GeForce RTX 4090",89,12080,20260970,transform,1,64,fp16,0.125,64,0,1,64,20,0.8847500198,PASS
"NVIDIA GeForce RTX 4090",89,12080,20260970,transform,1,64,fp16,0.125,128,0,2,64,20,0.8751000278,PASS
"NVIDIA GeForce RTX 4090",89,12080,20260970,transform,1,64,fp16,0.125,256,0,3,64,20,0.8743000217,PASS
"NVIDIA GeForce RTX 4090",89,12080,20260970,transform,1,64,fp16,0.125,32,1,1,64,20,0.8832000196,PASS
"NVIDIA GeForce RTX 4090",89,12080,20260970,transform,1,64,fp16,0.125,64,1,0,64,20,0.8840000257,PASS
"NVIDIA GeForce RTX 4090",89,12080,20260970,transform,1,64,fp16,0.125,128,1,3,64,20,0.8751999587,PASS
"NVIDIA GeForce RTX 4090",89,12080,20260970,transform,1,64,fp16,0.125,256,1,2,64,20,0.8744000457,PASS
"NVIDIA GeForce RTX 4090",89,12080,20260970,transform,1,64,fp16,0.125,32,2,2,64,20,0.8840000257,PASS
"NVIDIA GeForce RTX 4090",89,12080,20260970,transform,1,64,fp16,0.125,64,2,3,64,20,0.8848000318,PASS
"NVIDIA GeForce RTX 4090",89,12080,20260970,transform,1,64,fp16,0.125,128,2,0,64,20,0.8751999587,PASS
"NVIDIA GeForce RTX 4090",89,12080,20260970,transform,1,64,fp16,0.125,256,2,1,64,20,0.8736000396,PASS
"NVIDIA GeForce RTX 4090",89,12080,20260970,transform,1,64,fp16,0.125,32,3,3,64,20,0.8839749731,PASS
"NVIDIA GeForce RTX 4090",89,12080,20260970,transform,1,64,fp16,0.125,64,3,2,64,20,0.8848000318,PASS
"NVIDIA GeForce RTX 4090",89,12080,20260970,transform,1,64,fp16,0.125,128,3,1,64,20,0.8751749992,PASS
"NVIDIA GeForce RTX 4090",89,12080,20260970,transform,1,64,fp16,0.125,256,3,0,64,20,0.8742500097,PASS
"NVIDIA GeForce RTX 4090",89,12080,20260970,transform,1,64,fp16,0.125,32,4,0,64,20,0.8832000196,PASS
"NVIDIA GeForce RTX 4090",89,12080,20260970,transform,1,64,fp16,0.125,64,4,1,64,20,0.8848000318,PASS
"NVIDIA GeForce RTX 4090",89,12080,20260970,transform,1,64,fp16,0.125,128,4,2,64,20,0.8751000278,PASS
"NVIDIA GeForce RTX 4090",89,12080,20260970,transform,1,64,fp16,0.125,256,4,3,64,20,0.8744000457,PASS
"NVIDIA GeForce RTX 4090",89,12080,20260970,fused_int4,1,64,fp16,0.125,32,0,0,64,20,1.032000035,PASS
"NVIDIA GeForce RTX 4090",89,12080,20260970,fused_int4,1,64,fp16,0.125,64,0,1,64,20,1.030400023,PASS
"NVIDIA GeForce RTX 4090",89,12080,20260970,fused_int4,1,64,fp16,0.125,128,0,2,64,20,1.020000037,PASS
"NVIDIA GeForce RTX 4090",89,12080,20260970,fused_int4,1,64,fp16,0.125,256,0,3,64,20,1.019200031,PASS
"NVIDIA GeForce RTX 4090",89,12080,20260970,fused_int4,1,64,fp16,0.125,32,1,1,64,20,1.031200029,PASS
"NVIDIA GeForce RTX 4090",89,12080,20260970,fused_int4,1,64,fp16,0.125,64,1,0,64,20,1.029600017,PASS
"NVIDIA GeForce RTX 4090",89,12080,20260970,fused_int4,1,64,fp16,0.125,128,1,3,64,20,1.020624954,PASS
"NVIDIA GeForce RTX 4090",89,12080,20260970,fused_int4,1,64,fp16,0.125,256,1,2,64,20,1.017600019,PASS
"NVIDIA GeForce RTX 4090",89,12080,20260970,fused_int4,1,64,fp16,0.125,32,2,2,64,20,1.029600017,PASS
"NVIDIA GeForce RTX 4090",89,12080,20260970,fused_int4,1,64,fp16,0.125,64,2,3,64,20,1.028800011,PASS
"NVIDIA GeForce RTX 4090",89,12080,20260970,fused_int4,1,64,fp16,0.125,128,2,0,64,20,1.020000037,PASS
"NVIDIA GeForce RTX 4090",89,12080,20260970,fused_int4,1,64,fp16,0.125,256,2,1,64,20,1.018374972,PASS
"NVIDIA GeForce RTX 4090",89,12080,20260970,fused_int4,1,64,fp16,0.125,32,3,3,64,20,1.031200029,PASS
"NVIDIA GeForce RTX 4090",89,12080,20260970,fused_int4,1,64,fp16,0.125,64,3,2,64,20,1.029600017,PASS
"NVIDIA GeForce RTX 4090",89,12080,20260970,fused_int4,1,64,fp16,0.125,128,3,1,64,20,1.020800043,PASS
"NVIDIA GeForce RTX 4090",89,12080,20260970,fused_int4,1,64,fp16,0.125,256,3,0,64,20,1.018400025,PASS
"NVIDIA GeForce RTX 4090",89,12080,20260970,fused_int4,1,64,fp16,0.125,32,4,0,64,20,1.030400023,PASS
"NVIDIA GeForce RTX 4090",89,12080,20260970,fused_int4,1,64,fp16,0.125,64,4,1,64,20,1.029600017,PASS
"NVIDIA GeForce RTX 4090",89,12080,20260970,fused_int4,1,64,fp16,0.125,128,4,2,64,20,1.020800043,PASS
"NVIDIA GeForce RTX 4090",89,12080,20260970,fused_int4,1,64,fp16,0.125,256,4,3,64,20,1.018400025,PASS
"NVIDIA GeForce RTX 4090",89,12080,20260986,transform,17,64,fp16,1,32,0,0,64,20,0.8871999569,PASS
"NVIDIA GeForce RTX 4090",89,12080,20260986,transform,17,64,fp16,1,64,0,1,64,20,0.8936000057,PASS
"NVIDIA GeForce RTX 4090",89,12080,20260986,transform,17,64,fp16,1,128,0,2,64,20,0.8766749874,PASS
"NVIDIA GeForce RTX 4090",89,12080,20260986,transform,17,64,fp16,1,256,0,3,64,20,0.8887999691,PASS
"NVIDIA GeForce RTX 4090",89,12080,20260986,transform,17,64,fp16,1,32,1,1,64,20,0.8871999569,PASS
"NVIDIA GeForce RTX 4090",89,12080,20260986,transform,17,64,fp16,1,64,1,0,64,20,0.8944000117,PASS
"NVIDIA GeForce RTX 4090",89,12080,20260986,transform,17,64,fp16,1,128,1,3,64,20,0.8751999587,PASS
"NVIDIA GeForce RTX 4090",89,12080,20260986,transform,17,64,fp16,1,256,1,2,64,20,0.8902999572,PASS
"NVIDIA GeForce RTX 4090",89,12080,20260986,transform,17,64,fp16,1,32,2,2,64,20,0.887999963,PASS
"NVIDIA GeForce RTX 4090",89,12080,20260986,transform,17,64,fp16,1,64,2,3,64,20,0.8936000057,PASS
"NVIDIA GeForce RTX 4090",89,12080,20260986,transform,17,64,fp16,1,128,2,0,64,20,0.8751999587,PASS
"NVIDIA GeForce RTX 4090",89,12080,20260986,transform,17,64,fp16,1,256,2,1,64,20,0.8895999752,PASS
"NVIDIA GeForce RTX 4090",89,12080,20260986,transform,17,64,fp16,1,32,3,3,64,20,0.8871999569,PASS
"NVIDIA GeForce RTX 4090",89,12080,20260986,transform,17,64,fp16,1,64,3,2,64,20,0.8944000117,PASS
"NVIDIA GeForce RTX 4090",89,12080,20260986,transform,17,64,fp16,1,128,3,1,64,20,0.8759999648,PASS
"NVIDIA GeForce RTX 4090",89,12080,20260986,transform,17,64,fp16,1,256,3,0,64,20,0.8887999691,PASS
"NVIDIA GeForce RTX 4090",89,12080,20260986,transform,17,64,fp16,1,32,4,0,64,20,0.8871999569,PASS
"NVIDIA GeForce RTX 4090",89,12080,20260986,transform,17,64,fp16,1,64,4,1,64,20,0.8936000057,PASS
"NVIDIA GeForce RTX 4090",89,12080,20260986,transform,17,64,fp16,1,128,4,2,64,20,0.8759999648,PASS
"NVIDIA GeForce RTX 4090",89,12080,20260986,transform,17,64,fp16,1,256,4,3,64,20,0.887999963,PASS
"NVIDIA GeForce RTX 4090",89,12080,20260986,fused_int4,17,64,fp16,1,32,0,0,64,20,1.191200037,PASS
"NVIDIA GeForce RTX 4090",89,12080,20260986,fused_int4,17,64,fp16,1,64,0,1,64,20,1.189600024,PASS
"NVIDIA GeForce RTX 4090",89,12080,20260986,fused_int4,17,64,fp16,1,128,0,2,64,20,1.175200008,PASS
"NVIDIA GeForce RTX 4090",89,12080,20260986,fused_int4,17,64,fp16,1,256,0,3,64,20,1.189600024,PASS
"NVIDIA GeForce RTX 4090",89,12080,20260986,fused_int4,17,64,fp16,1,32,1,1,64,20,1.189600024,PASS
"NVIDIA GeForce RTX 4090",89,12080,20260986,fused_int4,17,64,fp16,1,64,1,0,64,20,1.191200037,PASS
"NVIDIA GeForce RTX 4090",89,12080,20260986,fused_int4,17,64,fp16,1,128,1,3,64,20,1.175200008,PASS
"NVIDIA GeForce RTX 4090",89,12080,20260986,fused_int4,17,64,fp16,1,256,1,2,64,20,1.19040003,PASS
"NVIDIA GeForce RTX 4090",89,12080,20260986,fused_int4,17,64,fp16,1,32,2,2,64,20,1.19040003,PASS
"NVIDIA GeForce RTX 4090",89,12080,20260986,fused_int4,17,64,fp16,1,64,2,3,64,20,1.191124972,PASS
"NVIDIA GeForce RTX 4090",89,12080,20260986,fused_int4,17,64,fp16,1,128,2,0,64,20,1.175099984,PASS
"NVIDIA GeForce RTX 4090",89,12080,20260986,fused_int4,17,64,fp16,1,256,2,1,64,20,1.189600024,PASS
"NVIDIA GeForce RTX 4090",89,12080,20260986,fused_int4,17,64,fp16,1,32,3,3,64,20,1.189600024,PASS
"NVIDIA GeForce RTX 4090",89,12080,20260986,fused_int4,17,64,fp16,1,64,3,2,64,20,1.19040003,PASS
"NVIDIA GeForce RTX 4090",89,12080,20260986,fused_int4,17,64,fp16,1,128,3,1,64,20,1.175200008,PASS
"NVIDIA GeForce RTX 4090",89,12080,20260986,fused_int4,17,64,fp16,1,256,3,0,64,20,1.191124972,PASS
"NVIDIA GeForce RTX 4090",89,12080,20260986,fused_int4,17,64,fp16,1,32,4,0,64,20,1.190324966,PASS
"NVIDIA GeForce RTX 4090",89,12080,20260986,fused_int4,17,64,fp16,1,64,4,1,64,20,1.191200037,PASS
"NVIDIA GeForce RTX 4090",89,12080,20260986,fused_int4,17,64,fp16,1,128,4,2,64,20,1.175200008,PASS
"NVIDIA GeForce RTX 4090",89,12080,20260986,fused_int4,17,64,fp16,1,256,4,3,64,20,1.19040003,PASS
"NVIDIA GeForce RTX 4090",89,12080,20260986,transform,17,64,fp16,0.125,32,0,0,64,20,0.887999963,PASS
"NVIDIA GeForce RTX 4090",89,12080,20260986,transform,17,64,fp16,0.125,64,0,1,64,20,0.8927750401,PASS
"NVIDIA GeForce RTX 4090",89,12080,20260986,transform,17,64,fp16,0.125,128,0,2,64,20,0.8759999648,PASS
"NVIDIA GeForce RTX 4090",89,12080,20260986,transform,17,64,fp16,0.125,256,0,3,64,20,0.8895999752,PASS
"NVIDIA GeForce RTX 4090",89,12080,20260986,transform,17,64,fp16,0.125,32,1,1,64,20,0.887999963,PASS
"NVIDIA GeForce RTX 4090",89,12080,20260986,transform,17,64,fp16,0.125,64,1,0,64,20,0.8927999996,PASS
"NVIDIA GeForce RTX 4090",89,12080,20260986,transform,17,64,fp16,0.125,128,1,3,64,20,0.8759999648,PASS
"NVIDIA GeForce RTX 4090",89,12080,20260986,transform,17,64,fp16,0.125,256,1,2,64,20,0.8894500323,PASS
"NVIDIA GeForce RTX 4090",89,12080,20260986,transform,17,64,fp16,0.125,32,2,2,64,20,0.887999963,PASS
"NVIDIA GeForce RTX 4090",89,12080,20260986,transform,17,64,fp16,0.125,64,2,3,64,20,0.8927999996,PASS
"NVIDIA GeForce RTX 4090",89,12080,20260986,transform,17,64,fp16,0.125,128,2,0,64,20,0.8767249994,PASS
"NVIDIA GeForce RTX 4090",89,12080,20260986,transform,17,64,fp16,0.125,256,2,1,64,20,0.8887999691,PASS
"NVIDIA GeForce RTX 4090",89,12080,20260986,transform,17,64,fp16,0.125,32,3,3,64,20,0.8871999569,PASS
"NVIDIA GeForce RTX 4090",89,12080,20260986,transform,17,64,fp16,0.125,64,3,2,64,20,0.8927999996,PASS
"NVIDIA GeForce RTX 4090",89,12080,20260986,transform,17,64,fp16,0.125,128,3,1,64,20,0.8759999648,PASS
"NVIDIA GeForce RTX 4090",89,12080,20260986,transform,17,64,fp16,0.125,256,3,0,64,20,0.887999963,PASS
"NVIDIA GeForce RTX 4090",89,12080,20260986,transform,17,64,fp16,0.125,32,4,0,64,20,0.887999963,PASS
"NVIDIA GeForce RTX 4090",89,12080,20260986,transform,17,64,fp16,0.125,64,4,1,64,20,0.8936000057,PASS
"NVIDIA GeForce RTX 4090",89,12080,20260986,transform,17,64,fp16,0.125,128,4,2,64,20,0.8759999648,PASS
"NVIDIA GeForce RTX 4090",89,12080,20260986,transform,17,64,fp16,0.125,256,4,3,64,20,0.8887999691,PASS
"NVIDIA GeForce RTX 4090",89,12080,20260986,fused_int4,17,64,fp16,0.125,32,0,0,64,20,1.191200037,PASS
"NVIDIA GeForce RTX 4090",89,12080,20260986,fused_int4,17,64,fp16,0.125,64,0,1,64,20,1.191200037,PASS
"NVIDIA GeForce RTX 4090",89,12080,20260986,fused_int4,17,64,fp16,0.125,128,0,2,64,20,1.175200008,PASS
"NVIDIA GeForce RTX 4090",89,12080,20260986,fused_int4,17,64,fp16,0.125,256,0,3,64,20,1.189600024,PASS
"NVIDIA GeForce RTX 4090",89,12080,20260986,fused_int4,17,64,fp16,0.125,32,1,1,64,20,1.191200037,PASS
"NVIDIA GeForce RTX 4090",89,12080,20260986,fused_int4,17,64,fp16,0.125,64,1,0,64,20,1.19040003,PASS
"NVIDIA GeForce RTX 4090",89,12080,20260986,fused_int4,17,64,fp16,0.125,128,1,3,64,20,1.180000044,PASS
"NVIDIA GeForce RTX 4090",89,12080,20260986,fused_int4,17,64,fp16,0.125,256,1,2,64,20,1.19197499,PASS
"NVIDIA GeForce RTX 4090",89,12080,20260986,fused_int4,17,64,fp16,0.125,32,2,2,64,20,1.192000043,PASS
"NVIDIA GeForce RTX 4090",89,12080,20260986,fused_int4,17,64,fp16,0.125,64,2,3,64,20,1.192799956,PASS
"NVIDIA GeForce RTX 4090",89,12080,20260986,fused_int4,17,64,fp16,0.125,128,2,0,64,20,1.175200008,PASS
"NVIDIA GeForce RTX 4090",89,12080,20260986,fused_int4,17,64,fp16,0.125,256,2,1,64,20,1.191200037,PASS
"NVIDIA GeForce RTX 4090",89,12080,20260986,fused_int4,17,64,fp16,0.125,32,3,3,64,20,1.192000043,PASS
"NVIDIA GeForce RTX 4090",89,12080,20260986,fused_int4,17,64,fp16,0.125,64,3,2,64,20,1.19040003,PASS
"NVIDIA GeForce RTX 4090",89,12080,20260986,fused_int4,17,64,fp16,0.125,128,3,1,64,20,1.176000014,PASS
"NVIDIA GeForce RTX 4090",89,12080,20260986,fused_int4,17,64,fp16,0.125,256,3,0,64,20,1.19197499,PASS
"NVIDIA GeForce RTX 4090",89,12080,20260986,fused_int4,17,64,fp16,0.125,32,4,0,64,20,1.194399968,PASS
"NVIDIA GeForce RTX 4090",89,12080,20260986,fused_int4,17,64,fp16,0.125,64,4,1,64,20,1.193599962,PASS
"NVIDIA GeForce RTX 4090",89,12080,20260986,fused_int4,17,64,fp16,0.125,128,4,2,64,20,1.175125036,PASS
"NVIDIA GeForce RTX 4090",89,12080,20260986,fused_int4,17,64,fp16,0.125,256,4,3,64,20,1.189600024,PASS
"NVIDIA GeForce RTX 4090",89,12080,20265065,transform,4096,64,fp16,1,32,0,0,64,20,2.949599922,PASS
"NVIDIA GeForce RTX 4090",89,12080,20265065,transform,4096,64,fp16,1,64,0,1,64,20,2.010400034,PASS
"NVIDIA GeForce RTX 4090",89,12080,20265065,transform,4096,64,fp16,1,128,0,2,64,20,1.537599973,PASS
"NVIDIA GeForce RTX 4090",89,12080,20265065,transform,4096,64,fp16,1,256,0,3,64,20,1.391199976,PASS
"NVIDIA GeForce RTX 4090",89,12080,20265065,transform,4096,64,fp16,1,32,1,1,64,20,2.949599922,PASS
"NVIDIA GeForce RTX 4090",89,12080,20265065,transform,4096,64,fp16,1,64,1,0,64,20,2.010400034,PASS
"NVIDIA GeForce RTX 4090",89,12080,20265065,transform,4096,64,fp16,1,128,1,3,64,20,1.537599973,PASS
"NVIDIA GeForce RTX 4090",89,12080,20265065,transform,4096,64,fp16,1,256,1,2,64,20,1.39039997,PASS
"NVIDIA GeForce RTX 4090",89,12080,20265065,transform,4096,64,fp16,1,32,2,2,64,20,2.950399928,PASS
"NVIDIA GeForce RTX 4090",89,12080,20265065,transform,4096,64,fp16,1,64,2,3,64,20,2.01030001,PASS
"NVIDIA GeForce RTX 4090",89,12080,20265065,transform,4096,64,fp16,1,128,2,0,64,20,1.538399979,PASS
"NVIDIA GeForce RTX 4090",89,12080,20265065,transform,4096,64,fp16,1,256,2,1,64,20,1.391999982,PASS
"NVIDIA GeForce RTX 4090",89,12080,20265065,transform,4096,64,fp16,1,32,3,3,64,20,2.951199934,PASS
"NVIDIA GeForce RTX 4090",89,12080,20265065,transform,4096,64,fp16,1,64,3,2,64,20,2.009600028,PASS
"NVIDIA GeForce RTX 4090",89,12080,20265065,transform,4096,64,fp16,1,128,3,1,64,20,1.537599973,PASS
"NVIDIA GeForce RTX 4090",89,12080,20265065,transform,4096,64,fp16,1,256,3,0,64,20,1.391999982,PASS
"NVIDIA GeForce RTX 4090",89,12080,20265065,transform,4096,64,fp16,1,32,4,0,64,20,2.949599922,PASS
"NVIDIA GeForce RTX 4090",89,12080,20265065,transform,4096,64,fp16,1,64,4,1,64,20,2.008800022,PASS
"NVIDIA GeForce RTX 4090",89,12080,20265065,transform,4096,64,fp16,1,128,4,2,64,20,1.538399979,PASS
"NVIDIA GeForce RTX 4090",89,12080,20265065,transform,4096,64,fp16,1,256,4,3,64,20,1.391999982,PASS
"NVIDIA GeForce RTX 4090",89,12080,20265065,fused_int4,4096,64,fp16,1,32,0,0,64,20,3.146275133,PASS
"NVIDIA GeForce RTX 4090",89,12080,20265065,fused_int4,4096,64,fp16,1,64,0,1,64,20,2.190399915,PASS
"NVIDIA GeForce RTX 4090",89,12080,20265065,fused_int4,4096,64,fp16,1,128,0,2,64,20,1.81280002,PASS
"NVIDIA GeForce RTX 4090",89,12080,20265065,fused_int4,4096,64,fp16,1,256,0,3,64,20,1.645600051,PASS
"NVIDIA GeForce RTX 4090",89,12080,20265065,fused_int4,4096,64,fp16,1,32,1,1,64,20,3.147200122,PASS
"NVIDIA GeForce RTX 4090",89,12080,20265065,fused_int4,4096,64,fp16,1,64,1,0,64,20,2.191199921,PASS
"NVIDIA GeForce RTX 4090",89,12080,20265065,fused_int4,4096,64,fp16,1,128,1,3,64,20,1.812000014,PASS
"NVIDIA GeForce RTX 4090",89,12080,20265065,fused_int4,4096,64,fp16,1,256,1,2,64,20,1.645600051,PASS
"NVIDIA GeForce RTX 4090",89,12080,20265065,fused_int4,4096,64,fp16,1,32,2,2,64,20,3.14639993,PASS
"NVIDIA GeForce RTX 4090",89,12080,20265065,fused_int4,4096,64,fp16,1,64,2,3,64,20,2.190399915,PASS
"NVIDIA GeForce RTX 4090",89,12080,20265065,fused_int4,4096,64,fp16,1,128,2,0,64,20,1.812000014,PASS
"NVIDIA GeForce RTX 4090",89,12080,20265065,fused_int4,4096,64,fp16,1,256,2,1,64,20,1.646400057,PASS
"NVIDIA GeForce RTX 4090",89,12080,20265065,fused_int4,4096,64,fp16,1,32,3,3,64,20,3.14639993,PASS
"NVIDIA GeForce RTX 4090",89,12080,20265065,fused_int4,4096,64,fp16,1,64,3,2,64,20,2.191199921,PASS
"NVIDIA GeForce RTX 4090",89,12080,20265065,fused_int4,4096,64,fp16,1,128,3,1,64,20,1.813600026,PASS
"NVIDIA GeForce RTX 4090",89,12080,20265065,fused_int4,4096,64,fp16,1,256,3,0,64,20,1.646400057,PASS
"NVIDIA GeForce RTX 4090",89,12080,20265065,fused_int4,4096,64,fp16,1,32,4,0,64,20,3.14639993,PASS
"NVIDIA GeForce RTX 4090",89,12080,20265065,fused_int4,4096,64,fp16,1,64,4,1,64,20,2.191199921,PASS
"NVIDIA GeForce RTX 4090",89,12080,20265065,fused_int4,4096,64,fp16,1,128,4,2,64,20,1.812724955,PASS
"NVIDIA GeForce RTX 4090",89,12080,20265065,fused_int4,4096,64,fp16,1,256,4,3,64,20,1.646400057,PASS
"NVIDIA GeForce RTX 4090",89,12080,20265065,transform,4096,64,fp16,0.125,32,0,0,64,20,2.951199934,PASS
"NVIDIA GeForce RTX 4090",89,12080,20265065,transform,4096,64,fp16,0.125,64,0,1,64,20,2.009600028,PASS
"NVIDIA GeForce RTX 4090",89,12080,20265065,transform,4096,64,fp16,0.125,128,0,2,64,20,1.538399979,PASS
"NVIDIA GeForce RTX 4090",89,12080,20265065,transform,4096,64,fp16,0.125,256,0,3,64,20,1.392775029,PASS
"NVIDIA GeForce RTX 4090",89,12080,20265065,transform,4096,64,fp16,0.125,32,1,1,64,20,2.950399928,PASS
"NVIDIA GeForce RTX 4090",89,12080,20265065,transform,4096,64,fp16,0.125,64,1,0,64,20,2.009600028,PASS
"NVIDIA GeForce RTX 4090",89,12080,20265065,transform,4096,64,fp16,0.125,128,1,3,64,20,1.537599973,PASS
"NVIDIA GeForce RTX 4090",89,12080,20265065,transform,4096,64,fp16,0.125,256,1,2,64,20,1.391999982,PASS
"NVIDIA GeForce RTX 4090",89,12080,20265065,transform,4096,64,fp16,0.125,32,2,2,64,20,2.950374968,PASS
"NVIDIA GeForce RTX 4090",89,12080,20265065,transform,4096,64,fp16,0.125,64,2,3,64,20,2.012000047,PASS
"NVIDIA GeForce RTX 4090",89,12080,20265065,transform,4096,64,fp16,0.125,128,2,0,64,20,1.538250037,PASS
"NVIDIA GeForce RTX 4090",89,12080,20265065,transform,4096,64,fp16,0.125,256,2,1,64,20,1.391999982,PASS
"NVIDIA GeForce RTX 4090",89,12080,20265065,transform,4096,64,fp16,0.125,32,3,3,64,20,2.951199934,PASS
"NVIDIA GeForce RTX 4090",89,12080,20265065,transform,4096,64,fp16,0.125,64,3,2,64,20,2.009600028,PASS
"NVIDIA GeForce RTX 4090",89,12080,20265065,transform,4096,64,fp16,0.125,128,3,1,64,20,1.536799967,PASS
"NVIDIA GeForce RTX 4090",89,12080,20265065,transform,4096,64,fp16,0.125,256,3,0,64,20,1.393599994,PASS
"NVIDIA GeForce RTX 4090",89,12080,20265065,transform,4096,64,fp16,0.125,32,4,0,64,20,2.950399928,PASS
"NVIDIA GeForce RTX 4090",89,12080,20265065,transform,4096,64,fp16,0.125,64,4,1,64,20,2.010400034,PASS
"NVIDIA GeForce RTX 4090",89,12080,20265065,transform,4096,64,fp16,0.125,128,4,2,64,20,1.537599973,PASS
"NVIDIA GeForce RTX 4090",89,12080,20265065,transform,4096,64,fp16,0.125,256,4,3,64,20,1.391199976,PASS
"NVIDIA GeForce RTX 4090",89,12080,20265065,fused_int4,4096,64,fp16,0.125,32,0,0,64,20,3.14639993,PASS
"NVIDIA GeForce RTX 4090",89,12080,20265065,fused_int4,4096,64,fp16,0.125,64,0,1,64,20,2.190399915,PASS
"NVIDIA GeForce RTX 4090",89,12080,20265065,fused_int4,4096,64,fp16,0.125,128,0,2,64,20,1.812000014,PASS
"NVIDIA GeForce RTX 4090",89,12080,20265065,fused_int4,4096,64,fp16,0.125,256,0,3,64,20,1.646324992,PASS
"NVIDIA GeForce RTX 4090",89,12080,20265065,fused_int4,4096,64,fp16,0.125,32,1,1,64,20,3.14639993,PASS
"NVIDIA GeForce RTX 4090",89,12080,20265065,fused_int4,4096,64,fp16,0.125,64,1,0,64,20,2.191199921,PASS
"NVIDIA GeForce RTX 4090",89,12080,20265065,fused_int4,4096,64,fp16,0.125,128,1,3,64,20,1.811200008,PASS
"NVIDIA GeForce RTX 4090",89,12080,20265065,fused_int4,4096,64,fp16,0.125,256,1,2,64,20,1.645600051,PASS
"NVIDIA GeForce RTX 4090",89,12080,20265065,fused_int4,4096,64,fp16,0.125,32,2,2,64,20,3.149599954,PASS
"NVIDIA GeForce RTX 4090",89,12080,20265065,fused_int4,4096,64,fp16,0.125,64,2,3,64,20,2.194399945,PASS
"NVIDIA GeForce RTX 4090",89,12080,20265065,fused_int4,4096,64,fp16,0.125,128,2,0,64,20,1.812000014,PASS
"NVIDIA GeForce RTX 4090",89,12080,20265065,fused_int4,4096,64,fp16,0.125,256,2,1,64,20,1.645600051,PASS
"NVIDIA GeForce RTX 4090",89,12080,20265065,fused_int4,4096,64,fp16,0.125,32,3,3,64,20,3.147999942,PASS
"NVIDIA GeForce RTX 4090",89,12080,20265065,fused_int4,4096,64,fp16,0.125,64,3,2,64,20,2.192799933,PASS
"NVIDIA GeForce RTX 4090",89,12080,20265065,fused_int4,4096,64,fp16,0.125,128,3,1,64,20,1.813600026,PASS
"NVIDIA GeForce RTX 4090",89,12080,20265065,fused_int4,4096,64,fp16,0.125,256,3,0,64,20,1.647200063,PASS
"NVIDIA GeForce RTX 4090",89,12080,20265065,fused_int4,4096,64,fp16,0.125,32,4,0,64,20,3.147200122,PASS
"NVIDIA GeForce RTX 4090",89,12080,20265065,fused_int4,4096,64,fp16,0.125,64,4,1,64,20,2.191199921,PASS
"NVIDIA GeForce RTX 4090",89,12080,20265065,fused_int4,4096,64,fp16,0.125,128,4,2,64,20,1.812000014,PASS
"NVIDIA GeForce RTX 4090",89,12080,20265065,fused_int4,4096,64,fp16,0.125,256,4,3,64,20,1.646400057,PASS
"NVIDIA GeForce RTX 4090",89,12080,20277353,transform,16384,64,fp16,1,32,0,0,64,20,8.62160027,PASS
"NVIDIA GeForce RTX 4090",89,12080,20277353,transform,16384,64,fp16,1,64,0,1,64,20,4.855199903,PASS
"NVIDIA GeForce RTX 4090",89,12080,20277353,transform,16384,64,fp16,1,128,0,2,64,20,2.97040008,PASS
"NVIDIA GeForce RTX 4090",89,12080,20277353,transform,16384,64,fp16,1,256,0,3,64,20,2.550400048,PASS
"NVIDIA GeForce RTX 4090",89,12080,20277353,transform,16384,64,fp16,1,32,1,1,64,20,8.62160027,PASS
"NVIDIA GeForce RTX 4090",89,12080,20277353,transform,16384,64,fp16,1,64,1,0,64,20,4.860800132,PASS
"NVIDIA GeForce RTX 4090",89,12080,20277353,transform,16384,64,fp16,1,128,1,3,64,20,2.972649969,PASS
"NVIDIA GeForce RTX 4090",89,12080,20277353,transform,16384,64,fp16,1,256,1,2,64,20,2.552800067,PASS
"NVIDIA GeForce RTX 4090",89,12080,20277353,transform,16384,64,fp16,1,32,2,2,64,20,8.626399934,PASS
"NVIDIA GeForce RTX 4090",89,12080,20277353,transform,16384,64,fp16,1,64,2,3,64,20,4.859900102,PASS
"NVIDIA GeForce RTX 4090",89,12080,20277353,transform,16384,64,fp16,1,128,2,0,64,20,2.975999936,PASS
"NVIDIA GeForce RTX 4090",89,12080,20277353,transform,16384,64,fp16,1,256,2,1,64,20,2.552800067,PASS
"NVIDIA GeForce RTX 4090",89,12080,20277353,transform,16384,64,fp16,1,32,3,3,64,20,8.622399718,PASS
"NVIDIA GeForce RTX 4090",89,12080,20277353,transform,16384,64,fp16,1,64,3,2,64,20,4.866399989,PASS
"NVIDIA GeForce RTX 4090",89,12080,20277353,transform,16384,64,fp16,1,128,3,1,64,20,2.973599918,PASS
"NVIDIA GeForce RTX 4090",89,12080,20277353,transform,16384,64,fp16,1,256,3,0,64,20,2.549600042,PASS
"NVIDIA GeForce RTX 4090",89,12080,20277353,transform,16384,64,fp16,1,32,4,0,64,20,8.620800078,PASS
"NVIDIA GeForce RTX 4090",89,12080,20277353,transform,16384,64,fp16,1,64,4,1,64,20,4.858399928,PASS
"NVIDIA GeForce RTX 4090",89,12080,20277353,transform,16384,64,fp16,1,128,4,2,64,20,2.973599918,PASS
"NVIDIA GeForce RTX 4090",89,12080,20277353,transform,16384,64,fp16,1,256,4,3,64,20,2.550400048,PASS
"NVIDIA GeForce RTX 4090",89,12080,20277353,fused_int4,16384,64,fp16,1,32,0,0,64,20,8.824799955,PASS
"NVIDIA GeForce RTX 4090",89,12080,20277353,fused_int4,16384,64,fp16,1,64,0,1,64,20,5.048000067,PASS
"NVIDIA GeForce RTX 4090",89,12080,20277353,fused_int4,16384,64,fp16,1,128,0,2,64,20,3.491200134,PASS
"NVIDIA GeForce RTX 4090",89,12080,20277353,fused_int4,16384,64,fp16,1,256,0,3,64,20,3.497600183,PASS
"NVIDIA GeForce RTX 4090",89,12080,20277353,fused_int4,16384,64,fp16,1,32,1,1,64,20,8.829600364,PASS
"NVIDIA GeForce RTX 4090",89,12080,20277353,fused_int4,16384,64,fp16,1,64,1,0,64,20,5.050399899,PASS
"NVIDIA GeForce RTX 4090",89,12080,20277353,fused_int4,16384,64,fp16,1,128,1,3,64,20,3.489600122,PASS
"NVIDIA GeForce RTX 4090",89,12080,20277353,fused_int4,16384,64,fp16,1,256,1,2,64,20,3.500000015,PASS
"NVIDIA GeForce RTX 4090",89,12080,20277353,fused_int4,16384,64,fp16,1,32,2,2,64,20,8.82640034,PASS
"NVIDIA GeForce RTX 4090",89,12080,20277353,fused_int4,16384,64,fp16,1,64,2,3,64,20,5.048799887,PASS
"NVIDIA GeForce RTX 4090",89,12080,20277353,fused_int4,16384,64,fp16,1,128,2,0,64,20,3.490399942,PASS
"NVIDIA GeForce RTX 4090",89,12080,20277353,fused_int4,16384,64,fp16,1,256,2,1,64,20,3.497600183,PASS
"NVIDIA GeForce RTX 4090",89,12080,20277353,fused_int4,16384,64,fp16,1,32,3,3,64,20,8.905474842,PASS
"NVIDIA GeForce RTX 4090",89,12080,20277353,fused_int4,16384,64,fp16,1,64,3,2,64,20,5.079999939,PASS
"NVIDIA GeForce RTX 4090",89,12080,20277353,fused_int4,16384,64,fp16,1,128,3,1,64,20,3.505599871,PASS
"NVIDIA GeForce RTX 4090",89,12080,20277353,fused_int4,16384,64,fp16,1,256,3,0,64,20,3.502399847,PASS
"NVIDIA GeForce RTX 4090",89,12080,20277353,fused_int4,16384,64,fp16,1,32,4,0,64,20,8.904799819,PASS
"NVIDIA GeForce RTX 4090",89,12080,20277353,fused_int4,16384,64,fp16,1,64,4,1,64,20,5.089600012,PASS
"NVIDIA GeForce RTX 4090",89,12080,20277353,fused_int4,16384,64,fp16,1,128,4,2,64,20,3.513599932,PASS
"NVIDIA GeForce RTX 4090",89,12080,20277353,fused_int4,16384,64,fp16,1,256,4,3,64,20,3.520800173,PASS
"NVIDIA GeForce RTX 4090",89,12080,20277353,transform,16384,64,fp16,0.125,32,0,0,64,20,8.66080001,PASS
"NVIDIA GeForce RTX 4090",89,12080,20277353,transform,16384,64,fp16,0.125,64,0,1,64,20,4.881599918,PASS
"NVIDIA GeForce RTX 4090",89,12080,20277353,transform,16384,64,fp16,0.125,128,0,2,64,20,2.988800034,PASS
"NVIDIA GeForce RTX 4090",89,12080,20277353,transform,16384,64,fp16,0.125,256,0,3,64,20,2.56319996,PASS
"NVIDIA GeForce RTX 4090",89,12080,20277353,transform,16384,64,fp16,0.125,32,1,1,64,20,8.667200059,PASS
"NVIDIA GeForce RTX 4090",89,12080,20277353,transform,16384,64,fp16,0.125,64,1,0,64,20,4.887925088,PASS
"NVIDIA GeForce RTX 4090",89,12080,20277353,transform,16384,64,fp16,0.125,128,1,3,64,20,2.991200052,PASS
"NVIDIA GeForce RTX 4090",89,12080,20277353,transform,16384,64,fp16,0.125,256,1,2,64,20,2.56319996,PASS
"NVIDIA GeForce RTX 4090",89,12080,20277353,transform,16384,64,fp16,0.125,32,2,2,64,20,8.6744003,PASS
"NVIDIA GeForce RTX 4090",89,12080,20277353,transform,16384,64,fp16,0.125,64,2,3,64,20,4.884799942,PASS
"NVIDIA GeForce RTX 4090",89,12080,20277353,transform,16384,64,fp16,0.125,128,2,0,64,20,2.992000058,PASS
"NVIDIA GeForce RTX 4090",89,12080,20277353,transform,16384,64,fp16,0.125,256,2,1,64,20,2.562399954,PASS
"NVIDIA GeForce RTX 4090",89,12080,20277353,transform,16384,64,fp16,0.125,32,3,3,64,20,8.668000251,PASS
"NVIDIA GeForce RTX 4090",89,12080,20277353,transform,16384,64,fp16,0.125,64,3,2,64,20,4.889599979,PASS
"NVIDIA GeForce RTX 4090",89,12080,20277353,transform,16384,64,fp16,0.125,128,3,1,64,20,2.991200052,PASS
"NVIDIA GeForce RTX 4090",89,12080,20277353,transform,16384,64,fp16,0.125,256,3,0,64,20,2.562399954,PASS
"NVIDIA GeForce RTX 4090",89,12080,20277353,transform,16384,64,fp16,0.125,32,4,0,64,20,8.663874865,PASS
"NVIDIA GeForce RTX 4090",89,12080,20277353,transform,16384,64,fp16,0.125,64,4,1,64,20,4.88240011,PASS
"NVIDIA GeForce RTX 4090",89,12080,20277353,transform,16384,64,fp16,0.125,128,4,2,64,20,2.990300022,PASS
"NVIDIA GeForce RTX 4090",89,12080,20277353,transform,16384,64,fp16,0.125,256,4,3,64,20,2.562399954,PASS
"NVIDIA GeForce RTX 4090",89,12080,20277353,fused_int4,16384,64,fp16,0.125,32,0,0,64,20,8.868800104,PASS
"NVIDIA GeForce RTX 4090",89,12080,20277353,fused_int4,16384,64,fp16,0.125,64,0,1,64,20,5.061599985,PASS
"NVIDIA GeForce RTX 4090",89,12080,20277353,fused_int4,16384,64,fp16,0.125,128,0,2,64,20,3.497600183,PASS
"NVIDIA GeForce RTX 4090",89,12080,20277353,fused_int4,16384,64,fp16,0.125,256,0,3,64,20,3.498400003,PASS
"NVIDIA GeForce RTX 4090",89,12080,20277353,fused_int4,16384,64,fp16,0.125,32,1,1,64,20,8.830399811,PASS
"NVIDIA GeForce RTX 4090",89,12080,20277353,fused_int4,16384,64,fp16,0.125,64,1,0,64,20,5.050399899,PASS
"NVIDIA GeForce RTX 4090",89,12080,20277353,fused_int4,16384,64,fp16,0.125,128,1,3,64,20,3.48879993,PASS
"NVIDIA GeForce RTX 4090",89,12080,20277353,fused_int4,16384,64,fp16,0.125,256,1,2,64,20,3.498400003,PASS
"NVIDIA GeForce RTX 4090",89,12080,20277353,fused_int4,16384,64,fp16,0.125,32,2,2,64,20,8.824799955,PASS
"NVIDIA GeForce RTX 4090",89,12080,20277353,fused_int4,16384,64,fp16,0.125,64,2,3,64,20,5.048799887,PASS
"NVIDIA GeForce RTX 4090",89,12080,20277353,fused_int4,16384,64,fp16,0.125,128,2,0,64,20,3.490399942,PASS
"NVIDIA GeForce RTX 4090",89,12080,20277353,fused_int4,16384,64,fp16,0.125,256,2,1,64,20,3.496799991,PASS
"NVIDIA GeForce RTX 4090",89,12080,20277353,fused_int4,16384,64,fp16,0.125,32,3,3,64,20,8.892724663,PASS
"NVIDIA GeForce RTX 4090",89,12080,20277353,fused_int4,16384,64,fp16,0.125,64,3,2,64,20,5.08072488,PASS
"NVIDIA GeForce RTX 4090",89,12080,20277353,fused_int4,16384,64,fp16,0.125,128,3,1,64,20,3.505599871,PASS
"NVIDIA GeForce RTX 4090",89,12080,20277353,fused_int4,16384,64,fp16,0.125,256,3,0,64,20,3.510399908,PASS
"NVIDIA GeForce RTX 4090",89,12080,20277353,fused_int4,16384,64,fp16,0.125,32,4,0,64,20,8.869600296,PASS
"NVIDIA GeForce RTX 4090",89,12080,20277353,fused_int4,16384,64,fp16,0.125,64,4,1,64,20,5.076799914,PASS
"NVIDIA GeForce RTX 4090",89,12080,20277353,fused_int4,16384,64,fp16,0.125,128,4,2,64,20,3.506375104,PASS
"NVIDIA GeForce RTX 4090",89,12080,20277353,fused_int4,16384,64,fp16,0.125,256,4,3,64,20,3.512800112,PASS
"NVIDIA GeForce RTX 4090",89,12080,20261162,transform,1,256,fp16,1,32,0,0,64,20,0.9456000291,PASS
"NVIDIA GeForce RTX 4090",89,12080,20261162,transform,1,256,fp16,1,64,0,1,64,20,0.9447749704,PASS
"NVIDIA GeForce RTX 4090",89,12080,20261162,transform,1,256,fp16,1,128,0,2,64,20,0.935999956,PASS
"NVIDIA GeForce RTX 4090",89,12080,20261162,transform,1,256,fp16,1,256,0,3,64,20,0.935200043,PASS
"NVIDIA GeForce RTX 4090",89,12080,20261162,transform,1,256,fp16,1,32,1,1,64,20,0.9472000413,PASS
"NVIDIA GeForce RTX 4090",89,12080,20261162,transform,1,256,fp16,1,64,1,0,64,20,0.944800023,PASS
"NVIDIA GeForce RTX 4090",89,12080,20261162,transform,1,256,fp16,1,128,1,3,64,20,0.9374749847,PASS
"NVIDIA GeForce RTX 4090",89,12080,20261162,transform,1,256,fp16,1,256,1,2,64,20,0.9359500371,PASS
"NVIDIA GeForce RTX 4090",89,12080,20261162,transform,1,256,fp16,1,32,2,2,64,20,0.944800023,PASS
"NVIDIA GeForce RTX 4090",89,12080,20261162,transform,1,256,fp16,1,64,2,3,64,20,0.9440000169,PASS
"NVIDIA GeForce RTX 4090",89,12080,20261162,transform,1,256,fp16,1,128,2,0,64,20,0.935999956,PASS
"NVIDIA GeForce RTX 4090",89,12080,20261162,transform,1,256,fp16,1,256,2,1,64,20,0.9351249784,PASS
"NVIDIA GeForce RTX 4090",89,12080,20261162,transform,1,256,fp16,1,32,3,3,64,20,0.9455749765,PASS
"NVIDIA GeForce RTX 4090",89,12080,20261162,transform,1,256,fp16,1,64,3,2,64,20,0.9440000169,PASS
"NVIDIA GeForce RTX 4090",89,12080,20261162,transform,1,256,fp16,1,128,3,1,64,20,0.935999956,PASS
"NVIDIA GeForce RTX 4090",89,12080,20261162,transform,1,256,fp16,1,256,3,0,64,20,0.9350249544,PASS
"NVIDIA GeForce RTX 4090",89,12080,20261162,transform,1,256,fp16,1,32,4,0,64,20,0.9456000291,PASS
"NVIDIA GeForce RTX 4090",89,12080,20261162,transform,1,256,fp16,1,64,4,1,64,20,0.9440000169,PASS
"NVIDIA GeForce RTX 4090",89,12080,20261162,transform,1,256,fp16,1,128,4,2,64,20,0.935999956,PASS
"NVIDIA GeForce RTX 4090",89,12080,20261162,transform,1,256,fp16,1,256,4,3,64,20,0.9351749904,PASS
"NVIDIA GeForce RTX 4090",89,12080,20261162,fused_int4,1,256,fp16,1,32,0,0,64,20,1.348800026,PASS
"NVIDIA GeForce RTX 4090",89,12080,20261162,fused_int4,1,256,fp16,1,64,0,1,64,20,1.347200014,PASS
"NVIDIA GeForce RTX 4090",89,12080,20261162,fused_int4,1,256,fp16,1,128,0,2,64,20,1.33840004,PASS
"NVIDIA GeForce RTX 4090",89,12080,20261162,fused_int4,1,256,fp16,1,256,0,3,64,20,1.336000022,PASS
"NVIDIA GeForce RTX 4090",89,12080,20261162,fused_int4,1,256,fp16,1,32,1,1,64,20,1.34800002,PASS
"NVIDIA GeForce RTX 4090",89,12080,20261162,fused_int4,1,256,fp16,1,64,1,0,64,20,1.347950008,PASS
"NVIDIA GeForce RTX 4090",89,12080,20261162,fused_int4,1,256,fp16,1,128,1,3,64,20,1.339100022,PASS
"NVIDIA GeForce RTX 4090",89,12080,20261162,fused_int4,1,256,fp16,1,256,1,2,64,20,1.335200015,PASS
"NVIDIA GeForce RTX 4090",89,12080,20261162,fused_int4,1,256,fp16,1,32,2,2,64,20,1.348675042,PASS
"NVIDIA GeForce RTX 4090",89,12080,20261162,fused_int4,1,256,fp16,1,64,2,3,64,20,1.34800002,PASS
"NVIDIA GeForce RTX 4090",89,12080,20261162,fused_int4,1,256,fp16,1,128,2,0,64,20,1.33840004,PASS
"NVIDIA GeForce RTX 4090",89,12080,20261162,fused_int4,1,256,fp16,1,256,2,1,64,20,1.336000022,PASS
"NVIDIA GeForce RTX 4090",89,12080,20261162,fused_int4,1,256,fp16,1,32,3,3,64,20,1.346400008,PASS
"NVIDIA GeForce RTX 4090",89,12080,20261162,fused_int4,1,256,fp16,1,64,3,2,64,20,1.347899996,PASS
"NVIDIA GeForce RTX 4090",89,12080,20261162,fused_int4,1,256,fp16,1,128,3,1,64,20,1.33840004,PASS
"NVIDIA GeForce RTX 4090",89,12080,20261162,fused_int4,1,256,fp16,1,256,3,0,64,20,1.336000022,PASS
"NVIDIA GeForce RTX 4090",89,12080,20261162,fused_int4,1,256,fp16,1,32,4,0,64,20,1.34800002,PASS
"NVIDIA GeForce RTX 4090",89,12080,20261162,fused_int4,1,256,fp16,1,64,4,1,64,20,1.34800002,PASS
"NVIDIA GeForce RTX 4090",89,12080,20261162,fused_int4,1,256,fp16,1,128,4,2,64,20,1.33840004,PASS
"NVIDIA GeForce RTX 4090",89,12080,20261162,fused_int4,1,256,fp16,1,256,4,3,64,20,1.336000022,PASS
"NVIDIA GeForce RTX 4090",89,12080,20261162,transform,1,256,fp16,0.0625,32,0,0,64,20,0.9407999925,PASS
"NVIDIA GeForce RTX 4090",89,12080,20261162,transform,1,256,fp16,0.0625,64,0,1,64,20,0.9399999864,PASS
"NVIDIA GeForce RTX 4090",89,12080,20261162,transform,1,256,fp16,0.0625,128,0,2,64,20,0.9312000126,PASS
"NVIDIA GeForce RTX 4090",89,12080,20261162,transform,1,256,fp16,0.0625,256,0,3,64,20,0.9304000065,PASS
"NVIDIA GeForce RTX 4090",89,12080,20261162,transform,1,256,fp16,0.0625,32,1,1,64,20,0.9391999803,PASS
"NVIDIA GeForce RTX 4090",89,12080,20261162,transform,1,256,fp16,0.0625,64,1,0,64,20,0.9407999925,PASS
"NVIDIA GeForce RTX 4090",89,12080,20261162,transform,1,256,fp16,0.0625,128,1,3,64,20,0.9312000126,PASS
"NVIDIA GeForce RTX 4090",89,12080,20261162,transform,1,256,fp16,0.0625,256,1,2,64,20,0.9296000004,PASS
"NVIDIA GeForce RTX 4090",89,12080,20261162,transform,1,256,fp16,0.0625,32,2,2,64,20,0.9399999864,PASS
"NVIDIA GeForce RTX 4090",89,12080,20261162,transform,1,256,fp16,0.0625,64,2,3,64,20,0.9415999986,PASS
"NVIDIA GeForce RTX 4090",89,12080,20261162,transform,1,256,fp16,0.0625,128,2,0,64,20,0.9312000126,PASS
"NVIDIA GeForce RTX 4090",89,12080,20261162,transform,1,256,fp16,0.0625,256,2,1,64,20,0.9296000004,PASS
"NVIDIA GeForce RTX 4090",89,12080,20261162,transform,1,256,fp16,0.0625,32,3,3,64,20,0.9399999864,PASS
"NVIDIA GeForce RTX 4090",89,12080,20261162,transform,1,256,fp16,0.0625,64,3,2,64,20,0.9407250211,PASS
"NVIDIA GeForce RTX 4090",89,12080,20261162,transform,1,256,fp16,0.0625,128,3,1,64,20,0.9304000065,PASS
"NVIDIA GeForce RTX 4090",89,12080,20261162,transform,1,256,fp16,0.0625,256,3,0,64,20,0.9304000065,PASS
"NVIDIA GeForce RTX 4090",89,12080,20261162,transform,1,256,fp16,0.0625,32,4,0,64,20,0.9399999864,PASS
"NVIDIA GeForce RTX 4090",89,12080,20261162,transform,1,256,fp16,0.0625,64,4,1,64,20,0.9399999864,PASS
"NVIDIA GeForce RTX 4090",89,12080,20261162,transform,1,256,fp16,0.0625,128,4,2,64,20,0.9312000126,PASS
"NVIDIA GeForce RTX 4090",89,12080,20261162,transform,1,256,fp16,0.0625,256,4,3,64,20,0.9304000065,PASS
"NVIDIA GeForce RTX 4090",89,12080,20261162,fused_int4,1,256,fp16,0.0625,32,0,0,64,20,1.347200014,PASS
"NVIDIA GeForce RTX 4090",89,12080,20261162,fused_int4,1,256,fp16,0.0625,64,0,1,64,20,1.347200014,PASS
"NVIDIA GeForce RTX 4090",89,12080,20261162,fused_int4,1,256,fp16,0.0625,128,0,2,64,20,1.337600034,PASS
"NVIDIA GeForce RTX 4090",89,12080,20261162,fused_int4,1,256,fp16,0.0625,256,0,3,64,20,1.329599973,PASS
"NVIDIA GeForce RTX 4090",89,12080,20261162,fused_int4,1,256,fp16,0.0625,32,1,1,64,20,1.343199983,PASS
"NVIDIA GeForce RTX 4090",89,12080,20261162,fused_int4,1,256,fp16,0.0625,64,1,0,64,20,1.342399977,PASS
"NVIDIA GeForce RTX 4090",89,12080,20261162,fused_int4,1,256,fp16,0.0625,128,1,3,64,20,1.339200046,PASS
"NVIDIA GeForce RTX 4090",89,12080,20261162,fused_int4,1,256,fp16,0.0625,256,1,2,64,20,1.329599973,PASS
"NVIDIA GeForce RTX 4090",89,12080,20261162,fused_int4,1,256,fp16,0.0625,32,2,2,64,20,1.341599971,PASS
"NVIDIA GeForce RTX 4090",89,12080,20261162,fused_int4,1,256,fp16,0.0625,64,2,3,64,20,1.341599971,PASS
"NVIDIA GeForce RTX 4090",89,12080,20261162,fused_int4,1,256,fp16,0.0625,128,2,0,64,20,1.332799997,PASS
"NVIDIA GeForce RTX 4090",89,12080,20261162,fused_int4,1,256,fp16,0.0625,256,2,1,64,20,1.328799967,PASS
"NVIDIA GeForce RTX 4090",89,12080,20261162,fused_int4,1,256,fp16,0.0625,32,3,3,64,20,1.343199983,PASS
"NVIDIA GeForce RTX 4090",89,12080,20261162,fused_int4,1,256,fp16,0.0625,64,3,2,64,20,1.342349965,PASS
"NVIDIA GeForce RTX 4090",89,12080,20261162,fused_int4,1,256,fp16,0.0625,128,3,1,64,20,1.334400009,PASS
"NVIDIA GeForce RTX 4090",89,12080,20261162,fused_int4,1,256,fp16,0.0625,256,3,0,64,20,1.329575013,PASS
"NVIDIA GeForce RTX 4090",89,12080,20261162,fused_int4,1,256,fp16,0.0625,32,4,0,64,20,1.342399977,PASS
"NVIDIA GeForce RTX 4090",89,12080,20261162,fused_int4,1,256,fp16,0.0625,64,4,1,64,20,1.342399977,PASS
"NVIDIA GeForce RTX 4090",89,12080,20261162,fused_int4,1,256,fp16,0.0625,128,4,2,64,20,1.333499979,PASS
"NVIDIA GeForce RTX 4090",89,12080,20261162,fused_int4,1,256,fp16,0.0625,256,4,3,64,20,1.330349967,PASS
"NVIDIA GeForce RTX 4090",89,12080,20261178,transform,17,256,fp16,1,32,0,0,64,20,0.954400003,PASS
"NVIDIA GeForce RTX 4090",89,12080,20261178,transform,17,256,fp16,1,64,0,1,64,20,0.959874969,PASS
"NVIDIA GeForce RTX 4090",89,12080,20261178,transform,17,256,fp16,1,128,0,2,64,20,0.9840000421,PASS
"NVIDIA GeForce RTX 4090",89,12080,20261178,transform,17,256,fp16,1,256,0,3,64,20,1.138349995,PASS
"NVIDIA GeForce RTX 4090",89,12080,20261178,transform,17,256,fp16,1,32,1,1,64,20,0.9542999789,PASS
"NVIDIA GeForce RTX 4090",89,12080,20261178,transform,17,256,fp16,1,64,1,0,64,20,0.9607500397,PASS
"NVIDIA GeForce RTX 4090",89,12080,20261178,transform,17,256,fp16,1,128,1,3,64,20,0.983200036,PASS
"NVIDIA GeForce RTX 4090",89,12080,20261178,transform,17,256,fp16,1,256,1,2,64,20,1.136799995,PASS
"NVIDIA GeForce RTX 4090",89,12080,20261178,transform,17,256,fp16,1,32,2,2,64,20,0.9535999969,PASS
"NVIDIA GeForce RTX 4090",89,12080,20261178,transform,17,256,fp16,1,64,2,3,64,20,0.959974993,PASS
"NVIDIA GeForce RTX 4090",89,12080,20261178,transform,17,256,fp16,1,128,2,0,64,20,0.984799955,PASS
"NVIDIA GeForce RTX 4090",89,12080,20261178,transform,17,256,fp16,1,256,2,1,64,20,1.137600001,PASS
"NVIDIA GeForce RTX 4090",89,12080,20261178,transform,17,256,fp16,1,32,3,3,64,20,0.9535999969,PASS
"NVIDIA GeForce RTX 4090",89,12080,20261178,transform,17,256,fp16,1,64,3,2,64,20,0.9607999586,PASS
"NVIDIA GeForce RTX 4090",89,12080,20261178,transform,17,256,fp16,1,128,3,1,64,20,0.9840000421,PASS
"NVIDIA GeForce RTX 4090",89,12080,20261178,transform,17,256,fp16,1,256,3,0,64,20,1.138400007,PASS
"NVIDIA GeForce RTX 4090",89,12080,20261178,transform,17,256,fp16,1,32,4,0,64,20,0.9535999969,PASS
"NVIDIA GeForce RTX 4090",89,12080,20261178,transform,17,256,fp16,1,64,4,1,64,20,0.9600000456,PASS
"NVIDIA GeForce RTX 4090",89,12080,20261178,transform,17,256,fp16,1,128,4,2,64,20,0.9840000421,PASS
"NVIDIA GeForce RTX 4090",89,12080,20261178,transform,17,256,fp16,1,256,4,3,64,20,1.136799995,PASS
"NVIDIA GeForce RTX 4090",89,12080,20261178,fused_int4,17,256,fp16,1,32,0,0,64,20,1.923999935,PASS
"NVIDIA GeForce RTX 4090",89,12080,20261178,fused_int4,17,256,fp16,1,64,0,1,64,20,1.933600008,PASS
"NVIDIA GeForce RTX 4090",89,12080,20261178,fused_int4,17,256,fp16,1,128,0,2,64,20,1.96154993,PASS
"NVIDIA GeForce RTX 4090",89,12080,20261178,fused_int4,17,256,fp16,1,256,0,3,64,20,2.093599923,PASS
"NVIDIA GeForce RTX 4090",89,12080,20261178,fused_int4,17,256,fp16,1,32,1,1,64,20,1.923199929,PASS
"NVIDIA GeForce RTX 4090",89,12080,20261178,fused_int4,17,256,fp16,1,64,1,0,64,20,1.933600008,PASS
"NVIDIA GeForce RTX 4090",89,12080,20261178,fused_int4,17,256,fp16,1,128,1,3,64,20,1.960800029,PASS
"NVIDIA GeForce RTX 4090",89,12080,20261178,fused_int4,17,256,fp16,1,256,1,2,64,20,2.093599923,PASS
"NVIDIA GeForce RTX 4090",89,12080,20261178,fused_int4,17,256,fp16,1,32,2,2,64,20,1.924674958,PASS
"NVIDIA GeForce RTX 4090",89,12080,20261178,fused_int4,17,256,fp16,1,64,2,3,64,20,1.934400015,PASS
"NVIDIA GeForce RTX 4090",89,12080,20261178,fused_int4,17,256,fp16,1,128,2,0,64,20,1.96154993,PASS
"NVIDIA GeForce RTX 4090",89,12080,20261178,fused_int4,17,256,fp16,1,256,2,1,64,20,2.095199935,PASS
"NVIDIA GeForce RTX 4090",89,12080,20261178,fused_int4,17,256,fp16,1,32,3,3,64,20,1.923999935,PASS
"NVIDIA GeForce RTX 4090",89,12080,20261178,fused_int4,17,256,fp16,1,64,3,2,64,20,1.934400015,PASS
"NVIDIA GeForce RTX 4090",89,12080,20261178,fused_int4,17,256,fp16,1,128,3,1,64,20,1.962400042,PASS
"NVIDIA GeForce RTX 4090",89,12080,20261178,fused_int4,17,256,fp16,1,256,3,0,64,20,2.094399929,PASS
"NVIDIA GeForce RTX 4090",89,12080,20261178,fused_int4,17,256,fp16,1,32,4,0,64,20,1.923999935,PASS
"NVIDIA GeForce RTX 4090",89,12080,20261178,fused_int4,17,256,fp16,1,64,4,1,64,20,1.935200021,PASS
"NVIDIA GeForce RTX 4090",89,12080,20261178,fused_int4,17,256,fp16,1,128,4,2,64,20,1.967200078,PASS
"NVIDIA GeForce RTX 4090",89,12080,20261178,fused_int4,17,256,fp16,1,256,4,3,64,20,2.095199935,PASS
"NVIDIA GeForce RTX 4090",89,12080,20261178,transform,17,256,fp16,0.0625,32,0,0,64,20,0.954400003,PASS
"NVIDIA GeForce RTX 4090",89,12080,20261178,transform,17,256,fp16,0.0625,64,0,1,64,20,0.9623999707,PASS
"NVIDIA GeForce RTX 4090",89,12080,20261178,transform,17,256,fp16,0.0625,128,0,2,64,20,0.984799955,PASS
"NVIDIA GeForce RTX 4090",89,12080,20261178,transform,17,256,fp16,0.0625,256,0,3,64,20,1.137600001,PASS
"NVIDIA GeForce RTX 4090",89,12080,20261178,transform,17,256,fp16,0.0625,32,1,1,64,20,0.9527999908,PASS
"NVIDIA GeForce RTX 4090",89,12080,20261178,transform,17,256,fp16,0.0625,64,1,0,64,20,0.9600000456,PASS
"NVIDIA GeForce RTX 4090",89,12080,20261178,transform,17,256,fp16,0.0625,128,1,3,64,20,0.9840000421,PASS
"NVIDIA GeForce RTX 4090",89,12080,20261178,transform,17,256,fp16,0.0625,256,1,2,64,20,1.138400007,PASS
"NVIDIA GeForce RTX 4090",89,12080,20261178,transform,17,256,fp16,0.0625,32,2,2,64,20,0.9535999969,PASS
"NVIDIA GeForce RTX 4090",89,12080,20261178,transform,17,256,fp16,0.0625,64,2,3,64,20,0.9600000456,PASS
"NVIDIA GeForce RTX 4090",89,12080,20261178,transform,17,256,fp16,0.0625,128,2,0,64,20,0.9846749716,PASS
"NVIDIA GeForce RTX 4090",89,12080,20261178,transform,17,256,fp16,0.0625,256,2,1,64,20,1.137600001,PASS
"NVIDIA GeForce RTX 4090",89,12080,20261178,transform,17,256,fp16,0.0625,32,3,3,64,20,0.9535999969,PASS
"NVIDIA GeForce RTX 4090",89,12080,20261178,transform,17,256,fp16,0.0625,64,3,2,64,20,0.9607999586,PASS
"NVIDIA GeForce RTX 4090",89,12080,20261178,transform,17,256,fp16,0.0625,128,3,1,64,20,0.983200036,PASS
"NVIDIA GeForce RTX 4090",89,12080,20261178,transform,17,256,fp16,0.0625,256,3,0,64,20,1.137600001,PASS
"NVIDIA GeForce RTX 4090",89,12080,20261178,transform,17,256,fp16,0.0625,32,4,0,64,20,0.9535999969,PASS
"NVIDIA GeForce RTX 4090",89,12080,20261178,transform,17,256,fp16,0.0625,64,4,1,64,20,0.9600000456,PASS
"NVIDIA GeForce RTX 4090",89,12080,20261178,transform,17,256,fp16,0.0625,128,4,2,64,20,0.9855000302,PASS
"NVIDIA GeForce RTX 4090",89,12080,20261178,transform,17,256,fp16,0.0625,256,4,3,64,20,1.138400007,PASS
"NVIDIA GeForce RTX 4090",89,12080,20261178,fused_int4,17,256,fp16,0.0625,32,0,0,64,20,1.925599948,PASS
"NVIDIA GeForce RTX 4090",89,12080,20261178,fused_int4,17,256,fp16,0.0625,64,0,1,64,20,1.934400015,PASS
"NVIDIA GeForce RTX 4090",89,12080,20261178,fused_int4,17,256,fp16,0.0625,128,0,2,64,20,1.962400042,PASS
"NVIDIA GeForce RTX 4090",89,12080,20261178,fused_int4,17,256,fp16,0.0625,256,0,3,64,20,2.095199935,PASS
"NVIDIA GeForce RTX 4090",89,12080,20261178,fused_int4,17,256,fp16,0.0625,32,1,1,64,20,1.924799941,PASS
"NVIDIA GeForce RTX 4090",89,12080,20261178,fused_int4,17,256,fp16,0.0625,64,1,0,64,20,1.934400015,PASS
"NVIDIA GeForce RTX 4090",89,12080,20261178,fused_int4,17,256,fp16,0.0625,128,1,3,64,20,1.962400042,PASS
"NVIDIA GeForce RTX 4090",89,12080,20261178,fused_int4,17,256,fp16,0.0625,256,1,2,64,20,2.095199935,PASS
"NVIDIA GeForce RTX 4090",89,12080,20261178,fused_int4,17,256,fp16,0.0625,32,2,2,64,20,1.924799941,PASS
"NVIDIA GeForce RTX 4090",89,12080,20261178,fused_int4,17,256,fp16,0.0625,64,2,3,64,20,1.933600008,PASS
"NVIDIA GeForce RTX 4090",89,12080,20261178,fused_int4,17,256,fp16,0.0625,128,2,0,64,20,1.961600035,PASS
"NVIDIA GeForce RTX 4090",89,12080,20261178,fused_int4,17,256,fp16,0.0625,256,2,1,64,20,2.095899917,PASS
"NVIDIA GeForce RTX 4090",89,12080,20261178,fused_int4,17,256,fp16,0.0625,32,3,3,64,20,1.924750023,PASS
"NVIDIA GeForce RTX 4090",89,12080,20261178,fused_int4,17,256,fp16,0.0625,64,3,2,64,20,1.934400015,PASS
"NVIDIA GeForce RTX 4090",89,12080,20261178,fused_int4,17,256,fp16,0.0625,128,3,1,64,20,1.962400042,PASS
"NVIDIA GeForce RTX 4090",89,12080,20261178,fused_int4,17,256,fp16,0.0625,256,3,0,64,20,2.095999941,PASS
"NVIDIA GeForce RTX 4090",89,12080,20261178,fused_int4,17,256,fp16,0.0625,32,4,0,64,20,1.924774982,PASS
"NVIDIA GeForce RTX 4090",89,12080,20261178,fused_int4,17,256,fp16,0.0625,64,4,1,64,20,1.934400015,PASS
"NVIDIA GeForce RTX 4090",89,12080,20261178,fused_int4,17,256,fp16,0.0625,128,4,2,64,20,1.962400042,PASS
"NVIDIA GeForce RTX 4090",89,12080,20261178,fused_int4,17,256,fp16,0.0625,256,4,3,64,20,2.095199935,PASS
"NVIDIA GeForce RTX 4090",89,12080,20265257,transform,4096,256,fp16,1,32,0,0,64,20,3.02799996,PASS
"NVIDIA GeForce RTX 4090",89,12080,20265257,transform,4096,256,fp16,1,64,0,1,64,20,2.426400036,PASS
"NVIDIA GeForce RTX 4090",89,12080,20265257,transform,4096,256,fp16,1,128,0,2,64,20,2.412799932,PASS
"NVIDIA GeForce RTX 4090",89,12080,20265257,transform,4096,256,fp16,1,256,0,3,64,20,2.38397494,PASS
"NVIDIA GeForce RTX 4090",89,12080,20265257,transform,4096,256,fp16,1,32,1,1,64,20,3.02799996,PASS
"NVIDIA GeForce RTX 4090",89,12080,20265257,transform,4096,256,fp16,1,64,1,0,64,20,2.426400036,PASS
"NVIDIA GeForce RTX 4090",89,12080,20265257,transform,4096,256,fp16,1,128,1,3,64,20,2.413599938,PASS
"NVIDIA GeForce RTX 4090",89,12080,20265257,transform,4096,256,fp16,1,256,1,2,64,20,2.383200079,PASS
"NVIDIA GeForce RTX 4090",89,12080,20265257,transform,4096,256,fp16,1,32,2,2,64,20,3.030399978,PASS
"NVIDIA GeForce RTX 4090",89,12080,20265257,transform,4096,256,fp16,1,64,2,3,64,20,2.427200042,PASS
"NVIDIA GeForce RTX 4090",89,12080,20265257,transform,4096,256,fp16,1,128,2,0,64,20,2.414399944,PASS
"NVIDIA GeForce RTX 4090",89,12080,20265257,transform,4096,256,fp16,1,256,2,1,64,20,2.385599911,PASS
"NVIDIA GeForce RTX 4090",89,12080,20265257,transform,4096,256,fp16,1,32,3,3,64,20,3.031199984,PASS
"NVIDIA GeForce RTX 4090",89,12080,20265257,transform,4096,256,fp16,1,64,3,2,64,20,2.428800054,PASS
"NVIDIA GeForce RTX 4090",89,12080,20265257,transform,4096,256,fp16,1,128,3,1,64,20,2.413599938,PASS
"NVIDIA GeForce RTX 4090",89,12080,20265257,transform,4096,256,fp16,1,256,3,0,64,20,2.384800091,PASS
"NVIDIA GeForce RTX 4090",89,12080,20265257,transform,4096,256,fp16,1,32,4,0,64,20,3.031199984,PASS
"NVIDIA GeForce RTX 4090",89,12080,20265257,transform,4096,256,fp16,1,64,4,1,64,20,2.426400036,PASS
"NVIDIA GeForce RTX 4090",89,12080,20265257,transform,4096,256,fp16,1,128,4,2,64,20,2.414399944,PASS
"NVIDIA GeForce RTX 4090",89,12080,20265257,transform,4096,256,fp16,1,256,4,3,64,20,2.384700067,PASS
"NVIDIA GeForce RTX 4090",89,12080,20265257,fused_int4,4096,256,fp16,1,32,0,0,64,20,3.503999859,PASS
"NVIDIA GeForce RTX 4090",89,12080,20265257,fused_int4,4096,256,fp16,1,64,0,1,64,20,3.067874908,PASS
"NVIDIA GeForce RTX 4090",89,12080,20265257,fused_int4,4096,256,fp16,1,128,0,2,64,20,3.037600033,PASS
"NVIDIA GeForce RTX 4090",89,12080,20265257,fused_int4,4096,256,fp16,1,256,0,3,64,20,3.045599908,PASS
"NVIDIA GeForce RTX 4090",89,12080,20265257,fused_int4,4096,256,fp16,1,32,1,1,64,20,3.505599871,PASS
"NVIDIA GeForce RTX 4090",89,12080,20265257,fused_int4,4096,256,fp16,1,64,1,0,64,20,3.07039991,PASS
"NVIDIA GeForce RTX 4090",89,12080,20265257,fused_int4,4096,256,fp16,1,128,1,3,64,20,3.041600063,PASS
"NVIDIA GeForce RTX 4090",89,12080,20265257,fused_int4,4096,256,fp16,1,256,1,2,64,20,3.044800088,PASS
"NVIDIA GeForce RTX 4090",89,12080,20265257,fused_int4,4096,256,fp16,1,32,2,2,64,20,3.509600088,PASS
"NVIDIA GeForce RTX 4090",89,12080,20265257,fused_int4,4096,256,fp16,1,64,2,3,64,20,3.084000014,PASS
"NVIDIA GeForce RTX 4090",89,12080,20265257,fused_int4,4096,256,fp16,1,128,2,0,64,20,3.041600063,PASS
"NVIDIA GeForce RTX 4090",89,12080,20265257,fused_int4,4096,256,fp16,1,256,2,1,64,20,3.04719992,PASS
"NVIDIA GeForce RTX 4090",89,12080,20265257,fused_int4,4096,256,fp16,1,32,3,3,64,20,3.527199849,PASS
"NVIDIA GeForce RTX 4090",89,12080,20265257,fused_int4,4096,256,fp16,1,64,3,2,64,20,3.088000044,PASS
"NVIDIA GeForce RTX 4090",89,12080,20265257,fused_int4,4096,256,fp16,1,128,3,1,64,20,3.056799993,PASS
"NVIDIA GeForce RTX 4090",89,12080,20265257,fused_int4,4096,256,fp16,1,256,3,0,64,20,3.057499975,PASS
"NVIDIA GeForce RTX 4090",89,12080,20265257,fused_int4,4096,256,fp16,1,32,4,0,64,20,3.531200066,PASS
"NVIDIA GeForce RTX 4090",89,12080,20265257,fused_int4,4096,256,fp16,1,64,4,1,64,20,3.092000075,PASS
"NVIDIA GeForce RTX 4090",89,12080,20265257,fused_int4,4096,256,fp16,1,128,4,2,64,20,3.060800023,PASS
"NVIDIA GeForce RTX 4090",89,12080,20265257,fused_int4,4096,256,fp16,1,256,4,3,64,20,3.06560006,PASS
"NVIDIA GeForce RTX 4090",89,12080,20265257,transform,4096,256,fp16,0.0625,32,0,0,64,20,3.039200045,PASS
"NVIDIA GeForce RTX 4090",89,12080,20265257,transform,4096,256,fp16,0.0625,64,0,1,64,20,2.437599935,PASS
"NVIDIA GeForce RTX 4090",89,12080,20265257,transform,4096,256,fp16,0.0625,128,0,2,64,20,2.421599999,PASS
"NVIDIA GeForce RTX 4090",89,12080,20265257,transform,4096,256,fp16,0.0625,256,0,3,64,20,2.39599999,PASS
"NVIDIA GeForce RTX 4090",89,12080,20265257,transform,4096,256,fp16,0.0625,32,1,1,64,20,3.040800057,PASS
"NVIDIA GeForce RTX 4090",89,12080,20265257,transform,4096,256,fp16,0.0625,64,1,0,64,20,2.437599935,PASS
"NVIDIA GeForce RTX 4090",89,12080,20265257,transform,4096,256,fp16,0.0625,128,1,3,64,20,2.424000017,PASS
"NVIDIA GeForce RTX 4090",89,12080,20265257,transform,4096,256,fp16,0.0625,256,1,2,64,20,2.394399978,PASS
"NVIDIA GeForce RTX 4090",89,12080,20265257,transform,4096,256,fp16,0.0625,32,2,2,64,20,3.040000051,PASS
"NVIDIA GeForce RTX 4090",89,12080,20265257,transform,4096,256,fp16,0.0625,64,2,3,64,20,2.437599935,PASS
"NVIDIA GeForce RTX 4090",89,12080,20265257,transform,4096,256,fp16,0.0625,128,2,0,64,20,2.422400005,PASS
"NVIDIA GeForce RTX 4090",89,12080,20265257,transform,4096,256,fp16,0.0625,256,2,1,64,20,2.396775037,PASS
"NVIDIA GeForce RTX 4090",89,12080,20265257,transform,4096,256,fp16,0.0625,32,3,3,64,20,3.040000051,PASS
"NVIDIA GeForce RTX 4090",89,12080,20265257,transform,4096,256,fp16,0.0625,64,3,2,64,20,2.437599935,PASS
"NVIDIA GeForce RTX 4090",89,12080,20265257,transform,4096,256,fp16,0.0625,128,3,1,64,20,2.423200011,PASS
"NVIDIA GeForce RTX 4090",89,12080,20265257,transform,4096,256,fp16,0.0625,256,3,0,64,20,2.395950072,PASS
"NVIDIA GeForce RTX 4090",89,12080,20265257,transform,4096,256,fp16,0.0625,32,4,0,64,20,3.040774912,PASS
"NVIDIA GeForce RTX 4090",89,12080,20265257,transform,4096,256,fp16,0.0625,64,4,1,64,20,2.438399941,PASS
"NVIDIA GeForce RTX 4090",89,12080,20265257,transform,4096,256,fp16,0.0625,128,4,2,64,20,2.423200011,PASS
"NVIDIA GeForce RTX 4090",89,12080,20265257,transform,4096,256,fp16,0.0625,256,4,3,64,20,2.39599999,PASS
"NVIDIA GeForce RTX 4090",89,12080,20265257,fused_int4,4096,256,fp16,0.0625,32,0,0,64,20,3.516799957,PASS
"NVIDIA GeForce RTX 4090",89,12080,20265257,fused_int4,4096,256,fp16,0.0625,64,0,1,64,20,3.079999983,PASS
"NVIDIA GeForce RTX 4090",89,12080,20265257,fused_int4,4096,256,fp16,0.0625,128,0,2,64,20,3.049599938,PASS
"NVIDIA GeForce RTX 4090",89,12080,20265257,fused_int4,4096,256,fp16,0.0625,256,0,3,64,20,3.054225072,PASS
"NVIDIA GeForce RTX 4090",89,12080,20265257,fused_int4,4096,256,fp16,0.0625,32,1,1,64,20,3.528000042,PASS
"NVIDIA GeForce RTX 4090",89,12080,20265257,fused_int4,4096,256,fp16,0.0625,64,1,0,64,20,3.084000014,PASS
"NVIDIA GeForce RTX 4090",89,12080,20265257,fused_int4,4096,256,fp16,0.0625,128,1,3,64,20,3.055199981,PASS
"NVIDIA GeForce RTX 4090",89,12080,20265257,fused_int4,4096,256,fp16,0.0625,256,1,2,64,20,3.055199981,PASS
"NVIDIA GeForce RTX 4090",89,12080,20265257,fused_int4,4096,256,fp16,0.0625,32,2,2,64,20,3.521599993,PASS
"NVIDIA GeForce RTX 4090",89,12080,20265257,fused_int4,4096,256,fp16,0.0625,64,2,3,64,20,3.084000014,PASS
"NVIDIA GeForce RTX 4090",89,12080,20265257,fused_int4,4096,256,fp16,0.0625,128,2,0,64,20,3.054274991,PASS
"NVIDIA GeForce RTX 4090",89,12080,20265257,fused_int4,4096,256,fp16,0.0625,256,2,1,64,20,3.055199981,PASS
"NVIDIA GeForce RTX 4090",89,12080,20265257,fused_int4,4096,256,fp16,0.0625,32,3,3,64,20,3.522400185,PASS
"NVIDIA GeForce RTX 4090",89,12080,20265257,fused_int4,4096,256,fp16,0.0625,64,3,2,64,20,3.08480002,PASS
"NVIDIA GeForce RTX 4090",89,12080,20265257,fused_int4,4096,256,fp16,0.0625,128,3,1,64,20,3.054399975,PASS
"NVIDIA GeForce RTX 4090",89,12080,20265257,fused_int4,4096,256,fp16,0.0625,256,3,0,64,20,3.055950068,PASS
"NVIDIA GeForce RTX 4090",89,12080,20265257,fused_int4,4096,256,fp16,0.0625,32,4,0,64,20,3.523150086,PASS
"NVIDIA GeForce RTX 4090",89,12080,20265257,fused_int4,4096,256,fp16,0.0625,64,4,1,64,20,3.085600026,PASS
"NVIDIA GeForce RTX 4090",89,12080,20265257,fused_int4,4096,256,fp16,0.0625,128,4,2,64,20,3.054399975,PASS
"NVIDIA GeForce RTX 4090",89,12080,20265257,fused_int4,4096,256,fp16,0.0625,256,4,3,64,20,3.057599999,PASS
"NVIDIA GeForce RTX 4090",89,12080,20277545,transform,16384,256,fp16,1,32,0,0,64,20,8.747199923,PASS
"NVIDIA GeForce RTX 4090",89,12080,20277545,transform,16384,256,fp16,1,64,0,1,64,20,6.705600023,PASS
"NVIDIA GeForce RTX 4090",89,12080,20277545,transform,16384,256,fp16,1,128,0,2,64,20,6.671199948,PASS
"NVIDIA GeForce RTX 4090",89,12080,20277545,transform,16384,256,fp16,1,256,0,3,64,20,6.644800305,PASS
"NVIDIA GeForce RTX 4090",89,12080,20277545,transform,16384,256,fp16,1,32,1,1,64,20,8.729600161,PASS
"NVIDIA GeForce RTX 4090",89,12080,20277545,transform,16384,256,fp16,1,64,1,0,64,20,6.700000167,PASS
"NVIDIA GeForce RTX 4090",89,12080,20277545,transform,16384,256,fp16,1,128,1,3,64,20,6.671074778,PASS
"NVIDIA GeForce RTX 4090",89,12080,20277545,transform,16384,256,fp16,1,256,1,2,64,20,6.643199921,PASS
"NVIDIA GeForce RTX 4090",89,12080,20277545,transform,16384,256,fp16,1,32,2,2,64,20,8.772724867,PASS
"NVIDIA GeForce RTX 4090",89,12080,20277545,transform,16384,256,fp16,1,64,2,3,64,20,6.732799858,PASS
"NVIDIA GeForce RTX 4090",89,12080,20277545,transform,16384,256,fp16,1,128,2,0,64,20,6.684000045,PASS
"NVIDIA GeForce RTX 4090",89,12080,20277545,transform,16384,256,fp16,1,256,2,1,64,20,6.679999828,PASS
"NVIDIA GeForce RTX 4090",89,12080,20277545,transform,16384,256,fp16,1,32,3,3,64,20,8.77360031,PASS
"NVIDIA GeForce RTX 4090",89,12080,20277545,transform,16384,256,fp16,1,64,3,2,64,20,6.735075265,PASS
"NVIDIA GeForce RTX 4090",89,12080,20277545,transform,16384,256,fp16,1,128,3,1,64,20,6.707199663,PASS
"NVIDIA GeForce RTX 4090",89,12080,20277545,transform,16384,256,fp16,1,256,3,0,64,20,6.674399972,PASS
"NVIDIA GeForce RTX 4090",89,12080,20277545,transform,16384,256,fp16,1,32,4,0,64,20,8.767999709,PASS
"NVIDIA GeForce RTX 4090",89,12080,20277545,transform,16384,256,fp16,1,64,4,1,64,20,6.728000194,PASS
"NVIDIA GeForce RTX 4090",89,12080,20277545,transform,16384,256,fp16,1,128,4,2,64,20,6.701599807,PASS
"NVIDIA GeForce RTX 4090",89,12080,20277545,transform,16384,256,fp16,1,256,4,3,64,20,6.679999828,PASS
"NVIDIA GeForce RTX 4090",89,12080,20277545,fused_int4,16384,256,fp16,1,32,0,0,64,20,9.223199636,PASS
"NVIDIA GeForce RTX 4090",89,12080,20277545,fused_int4,16384,256,fp16,1,64,0,1,64,20,8.530399948,PASS
"NVIDIA GeForce RTX 4090",89,12080,20277545,fused_int4,16384,256,fp16,1,128,0,2,64,20,8.46960023,PASS
"NVIDIA GeForce RTX 4090",89,12080,20277545,fused_int4,16384,256,fp16,1,256,0,3,64,20,8.467199653,PASS
"NVIDIA GeForce RTX 4090",89,12080,20277545,fused_int4,16384,256,fp16,1,32,1,1,64,20,9.417600185,PASS
"NVIDIA GeForce RTX 4090",89,12080,20277545,fused_int4,16384,256,fp16,1,64,1,0,64,20,8.571200073,PASS
"NVIDIA GeForce RTX 4090",89,12080,20277545,fused_int4,16384,256,fp16,1,128,1,3,64,20,8.58400017,PASS
"NVIDIA GeForce RTX 4090",89,12080,20277545,fused_int4,16384,256,fp16,1,256,1,2,64,20,8.577600121,PASS
"NVIDIA GeForce RTX 4090",89,12080,20277545,fused_int4,16384,256,fp16,1,32,2,2,64,20,9.384799749,PASS
"NVIDIA GeForce RTX 4090",89,12080,20277545,fused_int4,16384,256,fp16,1,64,2,3,64,20,8.707199991,PASS
"NVIDIA GeForce RTX 4090",89,12080,20277545,fused_int4,16384,256,fp16,1,128,2,0,64,20,8.584800363,PASS
"NVIDIA GeForce RTX 4090",89,12080,20277545,fused_int4,16384,256,fp16,1,256,2,1,64,20,8.563199639,PASS
"NVIDIA GeForce RTX 4090",89,12080,20277545,fused_int4,16384,256,fp16,1,32,3,3,64,20,9.504000098,PASS
"NVIDIA GeForce RTX 4090",89,12080,20277545,fused_int4,16384,256,fp16,1,64,3,2,64,20,8.70879963,PASS
"NVIDIA GeForce RTX 4090",89,12080,20277545,fused_int4,16384,256,fp16,1,128,3,1,64,20,8.639200032,PASS
"NVIDIA GeForce RTX 4090",89,12080,20277545,fused_int4,16384,256,fp16,1,256,3,0,64,20,8.595199883,PASS
"NVIDIA GeForce RTX 4090",89,12080,20277545,fused_int4,16384,256,fp16,1,32,4,0,64,20,9.536000341,PASS
"NVIDIA GeForce RTX 4090",89,12080,20277545,fused_int4,16384,256,fp16,1,64,4,1,64,20,8.700799942,PASS
"NVIDIA GeForce RTX 4090",89,12080,20277545,fused_int4,16384,256,fp16,1,128,4,2,64,20,8.630400151,PASS
"NVIDIA GeForce RTX 4090",89,12080,20277545,fused_int4,16384,256,fp16,1,256,4,3,64,20,8.609600365,PASS
"NVIDIA GeForce RTX 4090",89,12080,20277545,transform,16384,256,fp16,0.0625,32,0,0,64,20,8.739999682,PASS
"NVIDIA GeForce RTX 4090",89,12080,20277545,transform,16384,256,fp16,0.0625,64,0,1,64,20,6.703200191,PASS
"NVIDIA GeForce RTX 4090",89,12080,20277545,transform,16384,256,fp16,0.0625,128,0,2,64,20,6.676000357,PASS
"NVIDIA GeForce RTX 4090",89,12080,20277545,transform,16384,256,fp16,0.0625,256,0,3,64,20,6.653600186,PASS
"NVIDIA GeForce RTX 4090",89,12080,20277545,transform,16384,256,fp16,0.0625,32,1,1,64,20,8.743199706,PASS
"NVIDIA GeForce RTX 4090",89,12080,20277545,transform,16384,256,fp16,0.0625,64,1,0,64,20,6.712000072,PASS
"NVIDIA GeForce RTX 4090",89,12080,20277545,transform,16384,256,fp16,0.0625,128,1,3,64,20,6.679999828,PASS
"NVIDIA GeForce RTX 4090",89,12080,20277545,transform,16384,256,fp16,0.0625,256,1,2,64,20,6.650400162,PASS
"NVIDIA GeForce RTX 4090",89,12080,20277545,transform,16384,256,fp16,0.0625,32,2,2,64,20,8.741600066,PASS
"NVIDIA GeForce RTX 4090",89,12080,20277545,transform,16384,256,fp16,0.0625,64,2,3,64,20,6.731200218,PASS
"NVIDIA GeForce RTX 4090",89,12080,20277545,transform,16384,256,fp16,0.0625,128,2,0,64,20,6.680800021,PASS
"NVIDIA GeForce RTX 4090",89,12080,20277545,transform,16384,256,fp16,0.0625,256,2,1,64,20,6.660000235,PASS
"NVIDIA GeForce RTX 4090",89,12080,20277545,transform,16384,256,fp16,0.0625,32,3,3,64,20,8.785600215,PASS
"NVIDIA GeForce RTX 4090",89,12080,20277545,transform,16384,256,fp16,0.0625,64,3,2,64,20,6.738399714,PASS
"NVIDIA GeForce RTX 4090",89,12080,20277545,transform,16384,256,fp16,0.0625,128,3,1,64,20,6.708800048,PASS
"NVIDIA GeForce RTX 4090",89,12080,20277545,transform,16384,256,fp16,0.0625,256,3,0,64,20,6.679075211,PASS
"NVIDIA GeForce RTX 4090",89,12080,20277545,transform,16384,256,fp16,0.0625,32,4,0,64,20,8.784800023,PASS
"NVIDIA GeForce RTX 4090",89,12080,20277545,transform,16384,256,fp16,0.0625,64,4,1,64,20,6.731200218,PASS
"NVIDIA GeForce RTX 4090",89,12080,20277545,transform,16384,256,fp16,0.0625,128,4,2,64,20,6.704799831,PASS
"NVIDIA GeForce RTX 4090",89,12080,20277545,transform,16384,256,fp16,0.0625,256,4,3,64,20,6.684800237,PASS
"NVIDIA GeForce RTX 4090",89,12080,20277545,fused_int4,16384,256,fp16,0.0625,32,0,0,64,20,9.221599996,PASS
"NVIDIA GeForce RTX 4090",89,12080,20277545,fused_int4,16384,256,fp16,0.0625,64,0,1,64,20,8.542399853,PASS
"NVIDIA GeForce RTX 4090",89,12080,20277545,fused_int4,16384,256,fp16,0.0625,128,0,2,64,20,8.62397477,PASS
"NVIDIA GeForce RTX 4090",89,12080,20277545,fused_int4,16384,256,fp16,0.0625,256,0,3,64,20,8.598399907,PASS
"NVIDIA GeForce RTX 4090",89,12080,20277545,fused_int4,16384,256,fp16,0.0625,32,1,1,64,20,9.432800114,PASS
"NVIDIA GeForce RTX 4090",89,12080,20277545,fused_int4,16384,256,fp16,0.0625,64,1,0,64,20,8.702400327,PASS
"NVIDIA GeForce RTX 4090",89,12080,20277545,fused_int4,16384,256,fp16,0.0625,128,1,3,64,20,8.666399866,PASS
"NVIDIA GeForce RTX 4090",89,12080,20277545,fused_int4,16384,256,fp16,0.0625,256,1,2,64,20,8.628000319,PASS
"NVIDIA GeForce RTX 4090",89,12080,20277545,fused_int4,16384,256,fp16,0.0625,32,2,2,64,20,9.394399822,PASS
"NVIDIA GeForce RTX 4090",89,12080,20277545,fused_int4,16384,256,fp16,0.0625,64,2,3,64,20,8.668799698,PASS
"NVIDIA GeForce RTX 4090",89,12080,20277545,fused_int4,16384,256,fp16,0.0625,128,2,0,64,20,8.657500148,PASS
"NVIDIA GeForce RTX 4090",89,12080,20277545,fused_int4,16384,256,fp16,0.0625,256,2,1,64,20,8.5903503,PASS
"NVIDIA GeForce RTX 4090",89,12080,20277545,fused_int4,16384,256,fp16,0.0625,32,3,3,64,20,9.456799924,PASS
"NVIDIA GeForce RTX 4090",89,12080,20277545,fused_int4,16384,256,fp16,0.0625,64,3,2,64,20,8.686400205,PASS
"NVIDIA GeForce RTX 4090",89,12080,20277545,fused_int4,16384,256,fp16,0.0625,128,3,1,64,20,8.601599932,PASS
"NVIDIA GeForce RTX 4090",89,12080,20277545,fused_int4,16384,256,fp16,0.0625,256,3,0,64,20,8.566399664,PASS
"NVIDIA GeForce RTX 4090",89,12080,20277545,fused_int4,16384,256,fp16,0.0625,32,4,0,64,20,9.456799924,PASS
"NVIDIA GeForce RTX 4090",89,12080,20277545,fused_int4,16384,256,fp16,0.0625,64,4,1,64,20,8.759199828,PASS
"NVIDIA GeForce RTX 4090",89,12080,20277545,fused_int4,16384,256,fp16,0.0625,128,4,2,64,20,8.66080001,PASS
"NVIDIA GeForce RTX 4090",89,12080,20277545,fused_int4,16384,256,fp16,0.0625,256,4,3,64,20,8.602400124,PASS
"NVIDIA GeForce RTX 4090",89,12080,20260922,transform,1,16,bf16,1,32,0,0,64,20,0.8966750465,PASS
"NVIDIA GeForce RTX 4090",89,12080,20260922,transform,1,16,bf16,1,64,0,1,64,20,0.8960000239,PASS
"NVIDIA GeForce RTX 4090",89,12080,20260922,transform,1,16,bf16,1,128,0,2,64,20,0.8903499693,PASS
"NVIDIA GeForce RTX 4090",89,12080,20260922,transform,1,16,bf16,1,256,0,3,64,20,0.8871999569,PASS
"NVIDIA GeForce RTX 4090",89,12080,20260922,transform,1,16,bf16,1,32,1,1,64,20,0.8976000361,PASS
"NVIDIA GeForce RTX 4090",89,12080,20260922,transform,1,16,bf16,1,64,1,0,64,20,0.8960000239,PASS
"NVIDIA GeForce RTX 4090",89,12080,20260922,transform,1,16,bf16,1,128,1,3,64,20,0.8903999813,PASS
"NVIDIA GeForce RTX 4090",89,12080,20260922,transform,1,16,bf16,1,256,1,2,64,20,0.8840000257,PASS
"NVIDIA GeForce RTX 4090",89,12080,20260922,transform,1,16,bf16,1,32,2,2,64,20,0.89680003,PASS
"NVIDIA GeForce RTX 4090",89,12080,20260922,transform,1,16,bf16,1,64,2,3,64,20,0.8960000239,PASS
"NVIDIA GeForce RTX 4090",89,12080,20260922,transform,1,16,bf16,1,128,2,0,64,20,0.8903999813,PASS
"NVIDIA GeForce RTX 4090",89,12080,20260922,transform,1,16,bf16,1,256,2,1,64,20,0.8855749853,PASS
"NVIDIA GeForce RTX 4090",89,12080,20260922,transform,1,16,bf16,1,32,3,3,64,20,0.89680003,PASS
"NVIDIA GeForce RTX 4090",89,12080,20260922,transform,1,16,bf16,1,64,3,2,64,20,0.8960000239,PASS
"NVIDIA GeForce RTX 4090",89,12080,20260922,transform,1,16,bf16,1,128,3,1,64,20,0.8903999813,PASS
"NVIDIA GeForce RTX 4090",89,12080,20260922,transform,1,16,bf16,1,256,3,0,64,20,0.8848000318,PASS
"NVIDIA GeForce RTX 4090",89,12080,20260922,transform,1,16,bf16,1,32,4,0,64,20,0.8960000239,PASS
"NVIDIA GeForce RTX 4090",89,12080,20260922,transform,1,16,bf16,1,64,4,1,64,20,0.8967249654,PASS
"NVIDIA GeForce RTX 4090",89,12080,20260922,transform,1,16,bf16,1,128,4,2,64,20,0.8895999752,PASS
"NVIDIA GeForce RTX 4090",89,12080,20260922,transform,1,16,bf16,1,256,4,3,64,20,0.8871999569,PASS
"NVIDIA GeForce RTX 4090",89,12080,20260922,fused_int4,1,16,bf16,1,32,0,0,64,20,1.108799968,PASS
"NVIDIA GeForce RTX 4090",89,12080,20260922,fused_int4,1,16,bf16,1,64,0,1,64,20,1.107199956,PASS
"NVIDIA GeForce RTX 4090",89,12080,20260922,fused_int4,1,16,bf16,1,128,0,2,64,20,1.099199988,PASS
"NVIDIA GeForce RTX 4090",89,12080,20260922,fused_int4,1,16,bf16,1,256,0,3,64,20,1.095199957,PASS
"NVIDIA GeForce RTX 4090",89,12080,20260922,fused_int4,1,16,bf16,1,32,1,1,64,20,1.108799968,PASS
"NVIDIA GeForce RTX 4090",89,12080,20260922,fused_int4,1,16,bf16,1,64,1,0,64,20,1.107999962,PASS
"NVIDIA GeForce RTX 4090",89,12080,20260922,fused_int4,1,16,bf16,1,128,1,3,64,20,1.099199988,PASS
"NVIDIA GeForce RTX 4090",89,12080,20260922,fused_int4,1,16,bf16,1,256,1,2,64,20,1.095199957,PASS
"NVIDIA GeForce RTX 4090",89,12080,20260922,fused_int4,1,16,bf16,1,32,2,2,64,20,1.107999962,PASS
"NVIDIA GeForce RTX 4090",89,12080,20260922,fused_int4,1,16,bf16,1,64,2,3,64,20,1.108700037,PASS
"NVIDIA GeForce RTX 4090",89,12080,20260922,fused_int4,1,16,bf16,1,128,2,0,64,20,1.099999994,PASS
"NVIDIA GeForce RTX 4090",89,12080,20260922,fused_int4,1,16,bf16,1,256,2,1,64,20,1.095199957,PASS
"NVIDIA GeForce RTX 4090",89,12080,20260922,fused_int4,1,16,bf16,1,32,3,3,64,20,1.107999962,PASS
"NVIDIA GeForce RTX 4090",89,12080,20260922,fused_int4,1,16,bf16,1,64,3,2,64,20,1.108799968,PASS
"NVIDIA GeForce RTX 4090",89,12080,20260922,fused_int4,1,16,bf16,1,128,3,1,64,20,1.098399982,PASS
"NVIDIA GeForce RTX 4090",89,12080,20260922,fused_int4,1,16,bf16,1,256,3,0,64,20,1.095999964,PASS
"NVIDIA GeForce RTX 4090",89,12080,20260922,fused_int4,1,16,bf16,1,32,4,0,64,20,1.107999962,PASS
"NVIDIA GeForce RTX 4090",89,12080,20260922,fused_int4,1,16,bf16,1,64,4,1,64,20,1.107999962,PASS
"NVIDIA GeForce RTX 4090",89,12080,20260922,fused_int4,1,16,bf16,1,128,4,2,64,20,1.098399982,PASS
"NVIDIA GeForce RTX 4090",89,12080,20260922,fused_int4,1,16,bf16,1,256,4,3,64,20,1.072799973,PASS
"NVIDIA GeForce RTX 4090",89,12080,20260922,transform,1,16,bf16,0.25,32,0,0,64,20,0.8751999587,PASS
"NVIDIA GeForce RTX 4090",89,12080,20260922,transform,1,16,bf16,0.25,64,0,1,64,20,0.8736000396,PASS
"NVIDIA GeForce RTX 4090",89,12080,20260922,transform,1,16,bf16,0.25,128,0,2,64,20,0.8647999726,PASS
"NVIDIA GeForce RTX 4090",89,12080,20260922,transform,1,16,bf16,0.25,256,0,3,64,20,0.8647000417,PASS
"NVIDIA GeForce RTX 4090",89,12080,20260922,transform,1,16,bf16,0.25,32,1,1,64,20,0.8744000457,PASS
"NVIDIA GeForce RTX 4090",89,12080,20260922,transform,1,16,bf16,0.25,64,1,0,64,20,0.8751999587,PASS
"NVIDIA GeForce RTX 4090",89,12080,20260922,transform,1,16,bf16,0.25,128,1,3,64,20,0.8647999726,PASS
"NVIDIA GeForce RTX 4090",89,12080,20260922,transform,1,16,bf16,0.25,256,1,2,64,20,0.8631999604,PASS
"NVIDIA GeForce RTX 4090",89,12080,20260922,transform,1,16,bf16,0.25,32,2,2,64,20,0.8744000457,PASS
"NVIDIA GeForce RTX 4090",89,12080,20260922,transform,1,16,bf16,0.25,64,2,3,64,20,0.8736000396,PASS
"NVIDIA GeForce RTX 4090",89,12080,20260922,transform,1,16,bf16,0.25,128,2,0,64,20,0.8655999787,PASS
"NVIDIA GeForce RTX 4090",89,12080,20260922,transform,1,16,bf16,0.25,256,2,1,64,20,0.8631999604,PASS
"NVIDIA GeForce RTX 4090",89,12080,20260922,transform,1,16,bf16,0.25,32,3,3,64,20,0.8751999587,PASS
"NVIDIA GeForce RTX 4090",89,12080,20260922,transform,1,16,bf16,0.25,64,3,2,64,20,0.8736000396,PASS
"NVIDIA GeForce RTX 4090",89,12080,20260922,transform,1,16,bf16,0.25,128,3,1,64,20,0.8655999787,PASS
"NVIDIA GeForce RTX 4090",89,12080,20260922,transform,1,16,bf16,0.25,256,3,0,64,20,0.863874983,PASS
"NVIDIA GeForce RTX 4090",89,12080,20260922,transform,1,16,bf16,0.25,32,4,0,64,20,0.8751999587,PASS
"NVIDIA GeForce RTX 4090",89,12080,20260922,transform,1,16,bf16,0.25,64,4,1,64,20,0.8736000396,PASS
"NVIDIA GeForce RTX 4090",89,12080,20260922,transform,1,16,bf16,0.25,128,4,2,64,20,0.8647999726,PASS
"NVIDIA GeForce RTX 4090",89,12080,20260922,transform,1,16,bf16,0.25,256,4,3,64,20,0.8639999665,PASS
"NVIDIA GeForce RTX 4090",89,12080,20260922,fused_int4,1,16,bf16,0.25,32,0,0,64,20,1.080800034,PASS
"NVIDIA GeForce RTX 4090",89,12080,20260922,fused_int4,1,16,bf16,0.25,64,0,1,64,20,1.08160004,PASS
"NVIDIA GeForce RTX 4090",89,12080,20260922,fused_int4,1,16,bf16,0.25,128,0,2,64,20,1.072799973,PASS
"NVIDIA GeForce RTX 4090",89,12080,20260922,fused_int4,1,16,bf16,0.25,256,0,3,64,20,1.067200024,PASS
"NVIDIA GeForce RTX 4090",89,12080,20260922,fused_int4,1,16,bf16,0.25,32,1,1,64,20,1.080000028,PASS
"NVIDIA GeForce RTX 4090",89,12080,20260922,fused_int4,1,16,bf16,0.25,64,1,0,64,20,1.08160004,PASS
"NVIDIA GeForce RTX 4090",89,12080,20260922,fused_int4,1,16,bf16,0.25,128,1,3,64,20,1.071999967,PASS
"NVIDIA GeForce RTX 4090",89,12080,20260922,fused_int4,1,16,bf16,0.25,256,1,2,64,20,1.068800036,PASS
"NVIDIA GeForce RTX 4090",89,12080,20260922,fused_int4,1,16,bf16,0.25,32,2,2,64,20,1.080000028,PASS
"NVIDIA GeForce RTX 4090",89,12080,20260922,fused_int4,1,16,bf16,0.25,64,2,3,64,20,1.075999998,PASS
"NVIDIA GeForce RTX 4090",89,12080,20260922,fused_int4,1,16,bf16,0.25,128,2,0,64,20,1.072799973,PASS
"NVIDIA GeForce RTX 4090",89,12080,20260922,fused_int4,1,16,bf16,0.25,256,2,1,64,20,1.06800003,PASS
"NVIDIA GeForce RTX 4090",89,12080,20260922,fused_int4,1,16,bf16,0.25,32,3,3,64,20,1.075199991,PASS
"NVIDIA GeForce RTX 4090",89,12080,20260922,fused_int4,1,16,bf16,0.25,64,3,2,64,20,1.073599979,PASS
"NVIDIA GeForce RTX 4090",89,12080,20260922,fused_int4,1,16,bf16,0.25,128,3,1,64,20,1.065600011,PASS
"NVIDIA GeForce RTX 4090",89,12080,20260922,fused_int4,1,16,bf16,0.25,256,3,0,64,20,1.063899975,PASS
"NVIDIA GeForce RTX 4090",89,12080,20260922,fused_int4,1,16,bf16,0.25,32,4,0,64,20,1.075199991,PASS
"NVIDIA GeForce RTX 4090",89,12080,20260922,fused_int4,1,16,bf16,0.25,64,4,1,64,20,1.074399985,PASS
"NVIDIA GeForce RTX 4090",89,12080,20260922,fused_int4,1,16,bf16,0.25,128,4,2,64,20,1.064800005,PASS
"NVIDIA GeForce RTX 4090",89,12080,20260922,fused_int4,1,16,bf16,0.25,256,4,3,64,20,1.061599981,PASS
"NVIDIA GeForce RTX 4090",89,12080,20260938,transform,17,16,bf16,1,32,0,0,64,20,0.8736000396,PASS
"NVIDIA GeForce RTX 4090",89,12080,20260938,transform,17,16,bf16,1,64,0,1,64,20,0.8736000396,PASS
"NVIDIA GeForce RTX 4090",89,12080,20260938,transform,17,16,bf16,1,128,0,2,64,20,0.8663999848,PASS
"NVIDIA GeForce RTX 4090",89,12080,20260938,transform,17,16,bf16,1,256,0,3,64,20,0.8671999909,PASS
"NVIDIA GeForce RTX 4090",89,12080,20260938,transform,17,16,bf16,1,32,1,1,64,20,0.8736000396,PASS
"NVIDIA GeForce RTX 4090",89,12080,20260938,transform,17,16,bf16,1,64,1,0,64,20,0.8728000335,PASS
"NVIDIA GeForce RTX 4090",89,12080,20260938,transform,17,16,bf16,1,128,1,3,64,20,0.8671999909,PASS
"NVIDIA GeForce RTX 4090",89,12080,20260938,transform,17,16,bf16,1,256,1,2,64,20,0.867999997,PASS
"NVIDIA GeForce RTX 4090",89,12080,20260938,transform,17,16,bf16,1,32,2,2,64,20,0.8736000396,PASS
"NVIDIA GeForce RTX 4090",89,12080,20260938,transform,17,16,bf16,1,64,2,3,64,20,0.8736000396,PASS
"NVIDIA GeForce RTX 4090",89,12080,20260938,transform,17,16,bf16,1,128,2,0,64,20,0.8663999848,PASS
"NVIDIA GeForce RTX 4090",89,12080,20260938,transform,17,16,bf16,1,256,2,1,64,20,0.8671999909,PASS
"NVIDIA GeForce RTX 4090",89,12080,20260938,transform,17,16,bf16,1,32,3,3,64,20,0.8736000396,PASS
"NVIDIA GeForce RTX 4090",89,12080,20260938,transform,17,16,bf16,1,64,3,2,64,20,0.8736000396,PASS
"NVIDIA GeForce RTX 4090",89,12080,20260938,transform,17,16,bf16,1,128,3,1,64,20,0.8671999909,PASS
"NVIDIA GeForce RTX 4090",89,12080,20260938,transform,17,16,bf16,1,256,3,0,64,20,0.8671999909,PASS
"NVIDIA GeForce RTX 4090",89,12080,20260938,transform,17,16,bf16,1,32,4,0,64,20,0.8736000396,PASS
"NVIDIA GeForce RTX 4090",89,12080,20260938,transform,17,16,bf16,1,64,4,1,64,20,0.8728000335,PASS
"NVIDIA GeForce RTX 4090",89,12080,20260938,transform,17,16,bf16,1,128,4,2,64,20,0.8663999848,PASS
"NVIDIA GeForce RTX 4090",89,12080,20260938,transform,17,16,bf16,1,256,4,3,64,20,0.8663999848,PASS
"NVIDIA GeForce RTX 4090",89,12080,20260938,fused_int4,17,16,bf16,1,32,0,0,64,20,1.107199956,PASS
"NVIDIA GeForce RTX 4090",89,12080,20260938,fused_int4,17,16,bf16,1,64,0,1,64,20,1.111199986,PASS
"NVIDIA GeForce RTX 4090",89,12080,20260938,fused_int4,17,16,bf16,1,128,0,2,64,20,1.073599979,PASS
"NVIDIA GeForce RTX 4090",89,12080,20260938,fused_int4,17,16,bf16,1,256,0,3,64,20,1.08719999,PASS
"NVIDIA GeForce RTX 4090",89,12080,20260938,fused_int4,17,16,bf16,1,32,1,1,64,20,1.107199956,PASS
"NVIDIA GeForce RTX 4090",89,12080,20260938,fused_int4,17,16,bf16,1,64,1,0,64,20,1.111199986,PASS
"NVIDIA GeForce RTX 4090",89,12080,20260938,fused_int4,17,16,bf16,1,128,1,3,64,20,1.073599979,PASS
"NVIDIA GeForce RTX 4090",89,12080,20260938,fused_int4,17,16,bf16,1,256,1,2,64,20,1.087999996,PASS
"NVIDIA GeForce RTX 4090",89,12080,20260938,fused_int4,17,16,bf16,1,32,2,2,64,20,1.107074972,PASS
"NVIDIA GeForce RTX 4090",89,12080,20260938,fused_int4,17,16,bf16,1,64,2,3,64,20,1.111999992,PASS
"NVIDIA GeForce RTX 4090",89,12080,20260938,fused_int4,17,16,bf16,1,128,2,0,64,20,1.074325014,PASS
"NVIDIA GeForce RTX 4090",89,12080,20260938,fused_int4,17,16,bf16,1,256,2,1,64,20,1.087999996,PASS
"NVIDIA GeForce RTX 4090",89,12080,20260938,fused_int4,17,16,bf16,1,32,3,3,64,20,1.107999962,PASS
"NVIDIA GeForce RTX 4090",89,12080,20260938,fused_int4,17,16,bf16,1,64,3,2,64,20,1.111999992,PASS
"NVIDIA GeForce RTX 4090",89,12080,20260938,fused_int4,17,16,bf16,1,128,3,1,64,20,1.073599979,PASS
"NVIDIA GeForce RTX 4090",89,12080,20260938,fused_int4,17,16,bf16,1,256,3,0,64,20,1.087999996,PASS
"NVIDIA GeForce RTX 4090",89,12080,20260938,fused_int4,17,16,bf16,1,32,4,0,64,20,1.107199956,PASS
"NVIDIA GeForce RTX 4090",89,12080,20260938,fused_int4,17,16,bf16,1,64,4,1,64,20,1.111199986,PASS
"NVIDIA GeForce RTX 4090",89,12080,20260938,fused_int4,17,16,bf16,1,128,4,2,64,20,1.073599979,PASS
"NVIDIA GeForce RTX 4090",89,12080,20260938,fused_int4,17,16,bf16,1,256,4,3,64,20,1.08719999,PASS
"NVIDIA GeForce RTX 4090",89,12080,20260938,transform,17,16,bf16,0.25,32,0,0,64,20,0.8728000335,PASS
"NVIDIA GeForce RTX 4090",89,12080,20260938,transform,17,16,bf16,0.25,64,0,1,64,20,0.8744000457,PASS
"NVIDIA GeForce RTX 4090",89,12080,20260938,transform,17,16,bf16,0.25,128,0,2,64,20,0.867949985,PASS
"NVIDIA GeForce RTX 4090",89,12080,20260938,transform,17,16,bf16,0.25,256,0,3,64,20,0.8670999669,PASS
"NVIDIA GeForce RTX 4090",89,12080,20260938,transform,17,16,bf16,0.25,32,1,1,64,20,0.8728000335,PASS
"NVIDIA GeForce RTX 4090",89,12080,20260938,transform,17,16,bf16,0.25,64,1,0,64,20,0.8743000217,PASS
"NVIDIA GeForce RTX 4090",89,12080,20260938,transform,17,16,bf16,0.25,128,1,3,64,20,0.8663250133,PASS
"NVIDIA GeForce RTX 4090",89,12080,20260938,transform,17,16,bf16,0.25,256,1,2,64,20,0.8671999909,PASS
"NVIDIA GeForce RTX 4090",89,12080,20260938,transform,17,16,bf16,0.25,32,2,2,64,20,0.8728000335,PASS
"NVIDIA GeForce RTX 4090",89,12080,20260938,transform,17,16,bf16,0.25,64,2,3,64,20,0.8736000396,PASS
"NVIDIA GeForce RTX 4090",89,12080,20260938,transform,17,16,bf16,0.25,128,2,0,64,20,0.8662999608,PASS
"NVIDIA GeForce RTX 4090",89,12080,20260938,transform,17,16,bf16,0.25,256,2,1,64,20,0.8671999909,PASS
"NVIDIA GeForce RTX 4090",89,12080,20260938,transform,17,16,bf16,0.25,32,3,3,64,20,0.8728000335,PASS
"NVIDIA GeForce RTX 4090",89,12080,20260938,transform,17,16,bf16,0.25,64,3,2,64,20,0.8736000396,PASS
"NVIDIA GeForce RTX 4090",89,12080,20260938,transform,17,16,bf16,0.25,128,3,1,64,20,0.8671999909,PASS
"NVIDIA GeForce RTX 4090",89,12080,20260938,transform,17,16,bf16,0.25,256,3,0,64,20,0.8671999909,PASS
"NVIDIA GeForce RTX 4090",89,12080,20260938,transform,17,16,bf16,0.25,32,4,0,64,20,0.8735000156,PASS
"NVIDIA GeForce RTX 4090",89,12080,20260938,transform,17,16,bf16,0.25,64,4,1,64,20,0.8751999587,PASS
"NVIDIA GeForce RTX 4090",89,12080,20260938,transform,17,16,bf16,0.25,128,4,2,64,20,0.8655999787,PASS
"NVIDIA GeForce RTX 4090",89,12080,20260938,transform,17,16,bf16,0.25,256,4,3,64,20,0.8679750375,PASS
"NVIDIA GeForce RTX 4090",89,12080,20260938,fused_int4,17,16,bf16,0.25,32,0,0,64,20,1.107999962,PASS
"NVIDIA GeForce RTX 4090",89,12080,20260938,fused_int4,17,16,bf16,0.25,64,0,1,64,20,1.111999992,PASS
"NVIDIA GeForce RTX 4090",89,12080,20260938,fused_int4,17,16,bf16,0.25,128,0,2,64,20,1.073599979,PASS
"NVIDIA GeForce RTX 4090",89,12080,20260938,fused_int4,17,16,bf16,0.25,256,0,3,64,20,1.08719999,PASS
"NVIDIA GeForce RTX 4090",89,12080,20260938,fused_int4,17,16,bf16,0.25,32,1,1,64,20,1.107999962,PASS
"NVIDIA GeForce RTX 4090",89,12080,20260938,fused_int4,17,16,bf16,0.25,64,1,0,64,20,1.11194998,PASS
"NVIDIA GeForce RTX 4090",89,12080,20260938,fused_int4,17,16,bf16,0.25,128,1,3,64,20,1.073474996,PASS
"NVIDIA GeForce RTX 4090",89,12080,20260938,fused_int4,17,16,bf16,0.25,256,1,2,64,20,1.08719999,PASS
"NVIDIA GeForce RTX 4090",89,12080,20260938,fused_int4,17,16,bf16,0.25,32,2,2,64,20,1.107999962,PASS
"NVIDIA GeForce RTX 4090",89,12080,20260938,fused_int4,17,16,bf16,0.25,64,2,3,64,20,1.111999992,PASS
"NVIDIA GeForce RTX 4090",89,12080,20260938,fused_int4,17,16,bf16,0.25,128,2,0,64,20,1.073599979,PASS
"NVIDIA GeForce RTX 4090",89,12080,20260938,fused_int4,17,16,bf16,0.25,256,2,1,64,20,1.087999996,PASS
"NVIDIA GeForce RTX 4090",89,12080,20260938,fused_int4,17,16,bf16,0.25,32,3,3,64,20,1.107999962,PASS
"NVIDIA GeForce RTX 4090",89,12080,20260938,fused_int4,17,16,bf16,0.25,64,3,2,64,20,1.111199986,PASS
"NVIDIA GeForce RTX 4090",89,12080,20260938,fused_int4,17,16,bf16,0.25,128,3,1,64,20,1.072799973,PASS
"NVIDIA GeForce RTX 4090",89,12080,20260938,fused_int4,17,16,bf16,0.25,256,3,0,64,20,1.08719999,PASS
"NVIDIA GeForce RTX 4090",89,12080,20260938,fused_int4,17,16,bf16,0.25,32,4,0,64,20,1.107199956,PASS
"NVIDIA GeForce RTX 4090",89,12080,20260938,fused_int4,17,16,bf16,0.25,64,4,1,64,20,1.112799998,PASS
"NVIDIA GeForce RTX 4090",89,12080,20260938,fused_int4,17,16,bf16,0.25,128,4,2,64,20,1.073599979,PASS
"NVIDIA GeForce RTX 4090",89,12080,20260938,fused_int4,17,16,bf16,0.25,256,4,3,64,20,1.087875012,PASS
"NVIDIA GeForce RTX 4090",89,12080,20265017,transform,4096,16,bf16,1,32,0,0,64,20,2.929599956,PASS
"NVIDIA GeForce RTX 4090",89,12080,20265017,transform,4096,16,bf16,1,64,0,1,64,20,1.98400002,PASS
"NVIDIA GeForce RTX 4090",89,12080,20265017,transform,4096,16,bf16,1,128,0,2,64,20,1.501575019,PASS
"NVIDIA GeForce RTX 4090",89,12080,20265017,transform,4096,16,bf16,1,256,0,3,64,20,1.283999998,PASS
"NVIDIA GeForce RTX 4090",89,12080,20265017,transform,4096,16,bf16,1,32,1,1,64,20,2.930399962,PASS
"NVIDIA GeForce RTX 4090",89,12080,20265017,transform,4096,16,bf16,1,64,1,0,64,20,1.98400002,PASS
"NVIDIA GeForce RTX 4090",89,12080,20265017,transform,4096,16,bf16,1,128,1,3,64,20,1.503199991,PASS
"NVIDIA GeForce RTX 4090",89,12080,20265017,transform,4096,16,bf16,1,256,1,2,64,20,1.283199992,PASS
"NVIDIA GeForce RTX 4090",89,12080,20265017,transform,4096,16,bf16,1,32,2,2,64,20,2.930375002,PASS
"NVIDIA GeForce RTX 4090",89,12080,20265017,transform,4096,16,bf16,1,64,2,3,64,20,1.984700002,PASS
"NVIDIA GeForce RTX 4090",89,12080,20265017,transform,4096,16,bf16,1,128,2,0,64,20,1.503875013,PASS
"NVIDIA GeForce RTX 4090",89,12080,20265017,transform,4096,16,bf16,1,256,2,1,64,20,1.284675021,PASS
"NVIDIA GeForce RTX 4090",89,12080,20265017,transform,4096,16,bf16,1,32,3,3,64,20,2.930399962,PASS
"NVIDIA GeForce RTX 4090",89,12080,20265017,transform,4096,16,bf16,1,64,3,2,64,20,1.985600032,PASS
"NVIDIA GeForce RTX 4090",89,12080,20265017,transform,4096,16,bf16,1,128,3,1,64,20,1.502399985,PASS
"NVIDIA GeForce RTX 4090",89,12080,20265017,transform,4096,16,bf16,1,256,3,0,64,20,1.284800004,PASS
"NVIDIA GeForce RTX 4090",89,12080,20265017,transform,4096,16,bf16,1,32,4,0,64,20,2.929599956,PASS
"NVIDIA GeForce RTX 4090",89,12080,20265017,transform,4096,16,bf16,1,64,4,1,64,20,1.98400002,PASS
"NVIDIA GeForce RTX 4090",89,12080,20265017,transform,4096,16,bf16,1,128,4,2,64,20,1.501599979,PASS
"NVIDIA GeForce RTX 4090",89,12080,20265017,transform,4096,16,bf16,1,256,4,3,64,20,1.283925027,PASS
"NVIDIA GeForce RTX 4090",89,12080,20265017,fused_int4,4096,16,bf16,1,32,0,0,64,20,3.175999969,PASS
"NVIDIA GeForce RTX 4090",89,12080,20265017,fused_int4,4096,16,bf16,1,64,0,1,64,20,2.217599936,PASS
"NVIDIA GeForce RTX 4090",89,12080,20265017,fused_int4,4096,16,bf16,1,128,0,2,64,20,1.759199984,PASS
"NVIDIA GeForce RTX 4090",89,12080,20265017,fused_int4,4096,16,bf16,1,256,0,3,64,20,1.62240006,PASS
"NVIDIA GeForce RTX 4090",89,12080,20265017,fused_int4,4096,16,bf16,1,32,1,1,64,20,3.180800006,PASS
"NVIDIA GeForce RTX 4090",89,12080,20265017,fused_int4,4096,16,bf16,1,64,1,0,64,20,2.217474952,PASS
"NVIDIA GeForce RTX 4090",89,12080,20265017,fused_int4,4096,16,bf16,1,128,1,3,64,20,1.762400009,PASS
"NVIDIA GeForce RTX 4090",89,12080,20265017,fused_int4,4096,16,bf16,1,256,1,2,64,20,1.620800048,PASS
"NVIDIA GeForce RTX 4090",89,12080,20265017,fused_int4,4096,16,bf16,1,32,2,2,64,20,3.180000186,PASS
"NVIDIA GeForce RTX 4090",89,12080,20265017,fused_int4,4096,16,bf16,1,64,2,3,64,20,2.217499912,PASS
"NVIDIA GeForce RTX 4090",89,12080,20265017,fused_int4,4096,16,bf16,1,128,2,0,64,20,1.760799997,PASS
"NVIDIA GeForce RTX 4090",89,12080,20265017,fused_int4,4096,16,bf16,1,256,2,1,64,20,1.620000042,PASS
"NVIDIA GeForce RTX 4090",89,12080,20265017,fused_int4,4096,16,bf16,1,32,3,3,64,20,3.180000186,PASS
"NVIDIA GeForce RTX 4090",89,12080,20265017,fused_int4,4096,16,bf16,1,64,3,2,64,20,2.21679993,PASS
"NVIDIA GeForce RTX 4090",89,12080,20265017,fused_int4,4096,16,bf16,1,128,3,1,64,20,1.761600003,PASS
"NVIDIA GeForce RTX 4090",89,12080,20265017,fused_int4,4096,16,bf16,1,256,3,0,64,20,1.620800048,PASS
"NVIDIA GeForce RTX 4090",89,12080,20265017,fused_int4,4096,16,bf16,1,32,4,0,64,20,3.177599981,PASS
"NVIDIA GeForce RTX 4090",89,12080,20265017,fused_int4,4096,16,bf16,1,64,4,1,64,20,2.217599936,PASS
"NVIDIA GeForce RTX 4090",89,12080,20265017,fused_int4,4096,16,bf16,1,128,4,2,64,20,1.75999999,PASS
"NVIDIA GeForce RTX 4090",89,12080,20265017,fused_int4,4096,16,bf16,1,256,4,3,64,20,1.62240006,PASS
"NVIDIA GeForce RTX 4090",89,12080,20265017,transform,4096,16,bf16,0.25,32,0,0,64,20,2.93189995,PASS
"NVIDIA GeForce RTX 4090",89,12080,20265017,transform,4096,16,bf16,0.25,64,0,1,64,20,1.98400002,PASS
"NVIDIA GeForce RTX 4090",89,12080,20265017,transform,4096,16,bf16,0.25,128,0,2,64,20,1.502399985,PASS
"NVIDIA GeForce RTX 4090",89,12080,20265017,transform,4096,16,bf16,0.25,256,0,3,64,20,1.284800004,PASS
"NVIDIA GeForce RTX 4090",89,12080,20265017,transform,4096,16,bf16,0.25,32,1,1,64,20,2.931999974,PASS
"NVIDIA GeForce RTX 4090",89,12080,20265017,transform,4096,16,bf16,0.25,64,1,0,64,20,1.985600032,PASS
"NVIDIA GeForce RTX 4090",89,12080,20265017,transform,4096,16,bf16,0.25,128,1,3,64,20,1.502399985,PASS
"NVIDIA GeForce RTX 4090",89,12080,20265017,transform,4096,16,bf16,0.25,256,1,2,64,20,1.283999998,PASS
"NVIDIA GeForce RTX 4090",89,12080,20265017,transform,4096,16,bf16,0.25,32,2,2,64,20,2.931199968,PASS
"NVIDIA GeForce RTX 4090",89,12080,20265017,transform,4096,16,bf16,0.25,64,2,3,64,20,1.984775066,PASS
"NVIDIA GeForce RTX 4090",89,12080,20265017,transform,4096,16,bf16,0.25,128,2,0,64,20,1.503999997,PASS
"NVIDIA GeForce RTX 4090",89,12080,20265017,transform,4096,16,bf16,0.25,256,2,1,64,20,1.284800004,PASS
"NVIDIA GeForce RTX 4090",89,12080,20265017,transform,4096,16,bf16,0.25,32,3,3,64,20,2.931199968,PASS
"NVIDIA GeForce RTX 4090",89,12080,20265017,transform,4096,16,bf16,0.25,64,3,2,64,20,1.986400038,PASS
"NVIDIA GeForce RTX 4090",89,12080,20265017,transform,4096,16,bf16,0.25,128,3,1,64,20,1.503199991,PASS
"NVIDIA GeForce RTX 4090",89,12080,20265017,transform,4096,16,bf16,0.25,256,3,0,64,20,1.284749992,PASS
"NVIDIA GeForce RTX 4090",89,12080,20265017,transform,4096,16,bf16,0.25,32,4,0,64,20,2.930399962,PASS
"NVIDIA GeForce RTX 4090",89,12080,20265017,transform,4096,16,bf16,0.25,64,4,1,64,20,1.98400002,PASS
"NVIDIA GeForce RTX 4090",89,12080,20265017,transform,4096,16,bf16,0.25,128,4,2,64,20,1.502399985,PASS
"NVIDIA GeForce RTX 4090",89,12080,20265017,transform,4096,16,bf16,0.25,256,4,3,64,20,1.284800004,PASS
"NVIDIA GeForce RTX 4090",89,12080,20265017,fused_int4,4096,16,bf16,0.25,32,0,0,64,20,3.178400174,PASS
"NVIDIA GeForce RTX 4090",89,12080,20265017,fused_int4,4096,16,bf16,0.25,64,0,1,64,20,2.217574976,PASS
"NVIDIA GeForce RTX 4090",89,12080,20265017,fused_int4,4096,16,bf16,0.25,128,0,2,64,20,1.760799997,PASS
"NVIDIA GeForce RTX 4090",89,12080,20265017,fused_int4,4096,16,bf16,0.25,256,0,3,64,20,1.621574908,PASS
"NVIDIA GeForce RTX 4090",89,12080,20265017,fused_int4,4096,16,bf16,0.25,32,1,1,64,20,3.180624917,PASS
"NVIDIA GeForce RTX 4090",89,12080,20265017,fused_int4,4096,16,bf16,0.25,64,1,0,64,20,2.21679993,PASS
"NVIDIA GeForce RTX 4090",89,12080,20265017,fused_int4,4096,16,bf16,0.25,128,1,3,64,20,1.760799997,PASS
"NVIDIA GeForce RTX 4090",89,12080,20265017,fused_int4,4096,16,bf16,0.25,256,1,2,64,20,1.621549949,PASS
"NVIDIA GeForce RTX 4090",89,12080,20265017,fused_int4,4096,16,bf16,0.25,32,2,2,64,20,3.180800006,PASS
"NVIDIA GeForce RTX 4090",89,12080,20265017,fused_int4,4096,16,bf16,0.25,64,2,3,64,20,2.21679993,PASS
"NVIDIA GeForce RTX 4090",89,12080,20265017,fused_int4,4096,16,bf16,0.25,128,2,0,64,20,1.75999999,PASS
"NVIDIA GeForce RTX 4090",89,12080,20265017,fused_int4,4096,16,bf16,0.25,256,2,1,64,20,1.620000042,PASS
"NVIDIA GeForce RTX 4090",89,12080,20265017,fused_int4,4096,16,bf16,0.25,32,3,3,64,20,3.180000186,PASS
"NVIDIA GeForce RTX 4090",89,12080,20265017,fused_int4,4096,16,bf16,0.25,64,3,2,64,20,2.217599936,PASS
"NVIDIA GeForce RTX 4090",89,12080,20265017,fused_int4,4096,16,bf16,0.25,128,3,1,64,20,1.761600003,PASS
"NVIDIA GeForce RTX 4090",89,12080,20265017,fused_int4,4096,16,bf16,0.25,256,3,0,64,20,1.620800048,PASS
"NVIDIA GeForce RTX 4090",89,12080,20265017,fused_int4,4096,16,bf16,0.25,32,4,0,64,20,3.178400174,PASS
"NVIDIA GeForce RTX 4090",89,12080,20265017,fused_int4,4096,16,bf16,0.25,64,4,1,64,20,2.217599936,PASS
"NVIDIA GeForce RTX 4090",89,12080,20265017,fused_int4,4096,16,bf16,0.25,128,4,2,64,20,1.760799997,PASS
"NVIDIA GeForce RTX 4090",89,12080,20265017,fused_int4,4096,16,bf16,0.25,256,4,3,64,20,1.621600054,PASS
"NVIDIA GeForce RTX 4090",89,12080,20277305,transform,16384,16,bf16,1,32,0,0,64,20,8.607900143,PASS
"NVIDIA GeForce RTX 4090",89,12080,20277305,transform,16384,16,bf16,1,64,0,1,64,20,4.833599925,PASS
"NVIDIA GeForce RTX 4090",89,12080,20277305,transform,16384,16,bf16,1,128,0,2,64,20,2.940000035,PASS
"NVIDIA GeForce RTX 4090",89,12080,20277305,transform,16384,16,bf16,1,256,0,3,64,20,2.180800028,PASS
"NVIDIA GeForce RTX 4090",89,12080,20277305,transform,16384,16,bf16,1,32,1,1,64,20,8.60799998,PASS
"NVIDIA GeForce RTX 4090",89,12080,20277305,transform,16384,16,bf16,1,64,1,0,64,20,4.836799949,PASS
"NVIDIA GeForce RTX 4090",89,12080,20277305,transform,16384,16,bf16,1,128,1,3,64,20,2.941600047,PASS
"NVIDIA GeForce RTX 4090",89,12080,20277305,transform,16384,16,bf16,1,256,1,2,64,20,2.18240004,PASS
"NVIDIA GeForce RTX 4090",89,12080,20277305,transform,16384,16,bf16,1,32,2,2,64,20,8.606400341,PASS
"NVIDIA GeForce RTX 4090",89,12080,20277305,transform,16384,16,bf16,1,64,2,3,64,20,4.831999913,PASS
"NVIDIA GeForce RTX 4090",89,12080,20277305,transform,16384,16,bf16,1,128,2,0,64,20,2.940800041,PASS
"NVIDIA GeForce RTX 4090",89,12080,20277305,transform,16384,16,bf16,1,256,2,1,64,20,2.180800028,PASS
"NVIDIA GeForce RTX 4090",89,12080,20277305,transform,16384,16,bf16,1,32,3,3,64,20,8.60799998,PASS
"NVIDIA GeForce RTX 4090",89,12080,20277305,transform,16384,16,bf16,1,64,3,2,64,20,4.834400117,PASS
"NVIDIA GeForce RTX 4090",89,12080,20277305,transform,16384,16,bf16,1,128,3,1,64,20,2.939200029,PASS
"NVIDIA GeForce RTX 4090",89,12080,20277305,transform,16384,16,bf16,1,256,3,0,64,20,2.180800028,PASS
"NVIDIA GeForce RTX 4090",89,12080,20277305,transform,16384,16,bf16,1,32,4,0,64,20,8.606400341,PASS
"NVIDIA GeForce RTX 4090",89,12080,20277305,transform,16384,16,bf16,1,64,4,1,64,20,4.832800105,PASS
"NVIDIA GeForce RTX 4090",89,12080,20277305,transform,16384,16,bf16,1,128,4,2,64,20,2.939200029,PASS
"NVIDIA GeForce RTX 4090",89,12080,20277305,transform,16384,16,bf16,1,256,4,3,64,20,2.181600034,PASS
"NVIDIA GeForce RTX 4090",89,12080,20277305,fused_int4,16384,16,bf16,1,32,0,0,64,20,8.863999695,PASS
"NVIDIA GeForce RTX 4090",89,12080,20277305,fused_int4,16384,16,bf16,1,64,0,1,64,20,5.079200119,PASS
"NVIDIA GeForce RTX 4090",89,12080,20277305,fused_int4,16384,16,bf16,1,128,0,2,64,20,3.324000165,PASS
"NVIDIA GeForce RTX 4090",89,12080,20277305,fused_int4,16384,16,bf16,1,256,0,3,64,20,3.243200108,PASS
"NVIDIA GeForce RTX 4090",89,12080,20277305,fused_int4,16384,16,bf16,1,32,1,1,64,20,8.867199719,PASS
"NVIDIA GeForce RTX 4090",89,12080,20277305,fused_int4,16384,16,bf16,1,64,1,0,64,20,5.079999939,PASS
"NVIDIA GeForce RTX 4090",89,12080,20277305,fused_int4,16384,16,bf16,1,128,1,3,64,20,3.325600177,PASS
"NVIDIA GeForce RTX 4090",89,12080,20277305,fused_int4,16384,16,bf16,1,256,1,2,64,20,3.243200108,PASS
"NVIDIA GeForce RTX 4090",89,12080,20277305,fused_int4,16384,16,bf16,1,32,2,2,64,20,8.87280032,PASS
"NVIDIA GeForce RTX 4090",89,12080,20277305,fused_int4,16384,16,bf16,1,64,2,3,64,20,5.078399926,PASS
"NVIDIA GeForce RTX 4090",89,12080,20277305,fused_int4,16384,16,bf16,1,128,2,0,64,20,3.324799985,PASS
"NVIDIA GeForce RTX 4090",89,12080,20277305,fused_int4,16384,16,bf16,1,256,2,1,64,20,3.246400133,PASS
"NVIDIA GeForce RTX 4090",89,12080,20277305,fused_int4,16384,16,bf16,1,32,3,3,64,20,8.866400272,PASS
"NVIDIA GeForce RTX 4090",89,12080,20277305,fused_int4,16384,16,bf16,1,64,3,2,64,20,5.082400143,PASS
"NVIDIA GeForce RTX 4090",89,12080,20277305,fused_int4,16384,16,bf16,1,128,3,1,64,20,3.32705006,PASS
"NVIDIA GeForce RTX 4090",89,12080,20277305,fused_int4,16384,16,bf16,1,256,3,0,64,20,3.243999928,PASS
"NVIDIA GeForce RTX 4090",89,12080,20277305,fused_int4,16384,16,bf16,1,32,4,0,64,20,8.862400055,PASS
"NVIDIA GeForce RTX 4090",89,12080,20277305,fused_int4,16384,16,bf16,1,64,4,1,64,20,5.076799914,PASS
"NVIDIA GeForce RTX 4090",89,12080,20277305,fused_int4,16384,16,bf16,1,128,4,2,64,20,3.322400153,PASS
"NVIDIA GeForce RTX 4090",89,12080,20277305,fused_int4,16384,16,bf16,1,256,4,3,64,20,3.243875131,PASS
"NVIDIA GeForce RTX 4090",89,12080,20277305,transform,16384,16,bf16,0.25,32,0,0,64,20,8.606400341,PASS
"NVIDIA GeForce RTX 4090",89,12080,20277305,transform,16384,16,bf16,0.25,64,0,1,64,20,4.831999913,PASS
"NVIDIA GeForce RTX 4090",89,12080,20277305,transform,16384,16,bf16,0.25,128,0,2,64,20,2.939200029,PASS
"NVIDIA GeForce RTX 4090",89,12080,20277305,transform,16384,16,bf16,0.25,256,0,3,64,20,2.182349935,PASS
"NVIDIA GeForce RTX 4090",89,12080,20277305,transform,16384,16,bf16,0.25,32,1,1,64,20,8.606400341,PASS
"NVIDIA GeForce RTX 4090",89,12080,20277305,transform,16384,16,bf16,0.25,64,1,0,64,20,4.834400117,PASS
"NVIDIA GeForce RTX 4090",89,12080,20277305,transform,16384,16,bf16,0.25,128,1,3,64,20,2.940800041,PASS
"NVIDIA GeForce RTX 4090",89,12080,20277305,transform,16384,16,bf16,0.25,256,1,2,64,20,2.180675045,PASS
"NVIDIA GeForce RTX 4090",89,12080,20277305,transform,16384,16,bf16,0.25,32,2,2,64,20,8.607199788,PASS
"NVIDIA GeForce RTX 4090",89,12080,20277305,transform,16384,16,bf16,0.25,64,2,3,64,20,4.832674935,PASS
"NVIDIA GeForce RTX 4090",89,12080,20277305,transform,16384,16,bf16,0.25,128,2,0,64,20,2.940000035,PASS
"NVIDIA GeForce RTX 4090",89,12080,20277305,transform,16384,16,bf16,0.25,256,2,1,64,20,2.180650085,PASS
"NVIDIA GeForce RTX 4090",89,12080,20277305,transform,16384,16,bf16,0.25,32,3,3,64,20,8.60632509,PASS
"NVIDIA GeForce RTX 4090",89,12080,20277305,transform,16384,16,bf16,0.25,64,3,2,64,20,4.834400117,PASS
"NVIDIA GeForce RTX 4090",89,12080,20277305,transform,16384,16,bf16,0.25,128,3,1,64,20,2.941600047,PASS
"NVIDIA GeForce RTX 4090",89,12080,20277305,transform,16384,16,bf16,0.25,256,3,0,64,20,2.180800028,PASS
"NVIDIA GeForce RTX 4090",89,12080,20277305,transform,16384,16,bf16,0.25,32,4,0,64,20,8.605600148,PASS
"NVIDIA GeForce RTX 4090",89,12080,20277305,transform,16384,16,bf16,0.25,64,4,1,64,20,4.832800105,PASS
"NVIDIA GeForce RTX 4090",89,12080,20277305,transform,16384,16,bf16,0.25,128,4,2,64,20,2.940000035,PASS
"NVIDIA GeForce RTX 4090",89,12080,20277305,transform,16384,16,bf16,0.25,256,4,3,64,20,2.180800028,PASS
"NVIDIA GeForce RTX 4090",89,12080,20277305,fused_int4,16384,16,bf16,0.25,32,0,0,64,20,8.864799887,PASS
"NVIDIA GeForce RTX 4090",89,12080,20277305,fused_int4,16384,16,bf16,0.25,64,0,1,64,20,5.078275129,PASS
"NVIDIA GeForce RTX 4090",89,12080,20277305,fused_int4,16384,16,bf16,0.25,128,0,2,64,20,3.322400153,PASS
"NVIDIA GeForce RTX 4090",89,12080,20277305,fused_int4,16384,16,bf16,0.25,256,0,3,64,20,3.243200108,PASS
"NVIDIA GeForce RTX 4090",89,12080,20277305,fused_int4,16384,16,bf16,0.25,32,1,1,64,20,8.867975324,PASS
"NVIDIA GeForce RTX 4090",89,12080,20277305,fused_int4,16384,16,bf16,0.25,64,1,0,64,20,5.079999939,PASS
"NVIDIA GeForce RTX 4090",89,12080,20277305,fused_int4,16384,16,bf16,0.25,128,1,3,64,20,3.325574845,PASS
"NVIDIA GeForce RTX 4090",89,12080,20277305,fused_int4,16384,16,bf16,0.25,256,1,2,64,20,3.244800121,PASS
"NVIDIA GeForce RTX 4090",89,12080,20277305,fused_int4,16384,16,bf16,0.25,32,2,2,64,20,8.875200152,PASS
"NVIDIA GeForce RTX 4090",89,12080,20277305,fused_int4,16384,16,bf16,0.25,64,2,3,64,20,5.079200119,PASS
"NVIDIA GeForce RTX 4090",89,12080,20277305,fused_int4,16384,16,bf16,0.25,128,2,0,64,20,3.326375037,PASS
"NVIDIA GeForce RTX 4090",89,12080,20277305,fused_int4,16384,16,bf16,0.25,256,2,1,64,20,3.24559994,PASS
"NVIDIA GeForce RTX 4090",89,12080,20277305,fused_int4,16384,16,bf16,0.25,32,3,3,64,20,8.876799792,PASS
"NVIDIA GeForce RTX 4090",89,12080,20277305,fused_int4,16384,16,bf16,0.25,64,3,2,64,20,5.088799819,PASS
"NVIDIA GeForce RTX 4090",89,12080,20277305,fused_int4,16384,16,bf16,0.25,128,3,1,64,20,3.332750127,PASS
"NVIDIA GeForce RTX 4090",89,12080,20277305,fused_int4,16384,16,bf16,0.25,256,3,0,64,20,3.255999833,PASS
"NVIDIA GeForce RTX 4090",89,12080,20277305,fused_int4,16384,16,bf16,0.25,32,4,0,64,20,8.862400055,PASS
"NVIDIA GeForce RTX 4090",89,12080,20277305,fused_int4,16384,16,bf16,0.25,64,4,1,64,20,5.077524856,PASS
"NVIDIA GeForce RTX 4090",89,12080,20277305,fused_int4,16384,16,bf16,0.25,128,4,2,64,20,3.323199973,PASS
"NVIDIA GeForce RTX 4090",89,12080,20277305,fused_int4,16384,16,bf16,0.25,256,4,3,64,20,3.244800121,PASS
"NVIDIA GeForce RTX 4090",89,12080,20260970,transform,1,64,bf16,1,32,0,0,64,20,0.8631999604,PASS
"NVIDIA GeForce RTX 4090",89,12080,20260970,transform,1,64,bf16,1,64,0,1,64,20,0.8639999665,PASS
"NVIDIA GeForce RTX 4090",89,12080,20260970,transform,1,64,bf16,1,128,0,2,64,20,0.8559999987,PASS
"NVIDIA GeForce RTX 4090",89,12080,20260970,transform,1,64,bf16,1,256,0,3,64,20,0.8527750149,PASS
"NVIDIA GeForce RTX 4090",89,12080,20260970,transform,1,64,bf16,1,32,1,1,64,20,0.8623999543,PASS
"NVIDIA GeForce RTX 4090",89,12080,20260970,transform,1,64,bf16,1,64,1,0,64,20,0.863124989,PASS
"NVIDIA GeForce RTX 4090",89,12080,20260970,transform,1,64,bf16,1,128,1,3,64,20,0.8551999927,PASS
"NVIDIA GeForce RTX 4090",89,12080,20260970,transform,1,64,bf16,1,256,1,2,64,20,0.8519999683,PASS
"NVIDIA GeForce RTX 4090",89,12080,20260970,transform,1,64,bf16,1,32,2,2,64,20,0.8639750071,PASS
"NVIDIA GeForce RTX 4090",89,12080,20260970,transform,1,64,bf16,1,64,2,3,64,20,0.8631999604,PASS
"NVIDIA GeForce RTX 4090",89,12080,20260970,transform,1,64,bf16,1,128,2,0,64,20,0.8558999747,PASS
"NVIDIA GeForce RTX 4090",89,12080,20260970,transform,1,64,bf16,1,256,2,1,64,20,0.8503999561,PASS
"NVIDIA GeForce RTX 4090",89,12080,20260970,transform,1,64,bf16,1,32,3,3,64,20,0.8623999543,PASS
"NVIDIA GeForce RTX 4090",89,12080,20260970,transform,1,64,bf16,1,64,3,2,64,20,0.8623999543,PASS
"NVIDIA GeForce RTX 4090",89,12080,20260970,transform,1,64,bf16,1,128,3,1,64,20,0.8559999987,PASS
"NVIDIA GeForce RTX 4090",89,12080,20260970,transform,1,64,bf16,1,256,3,0,64,20,0.8511999622,PASS
"NVIDIA GeForce RTX 4090",89,12080,20260970,transform,1,64,bf16,1,32,4,0,64,20,0.8623999543,PASS
"NVIDIA GeForce RTX 4090",89,12080,20260970,transform,1,64,bf16,1,64,4,1,64,20,0.8623999543,PASS
"NVIDIA GeForce RTX 4090",89,12080,20260970,transform,1,64,bf16,1,128,4,2,64,20,0.8559999987,PASS
"NVIDIA GeForce RTX 4090",89,12080,20260970,transform,1,64,bf16,1,256,4,3,64,20,0.8503999561,PASS
"NVIDIA GeForce RTX 4090",89,12080,20260970,fused_int4,1,64,bf16,1,32,0,0,64,20,1.046399958,PASS
"NVIDIA GeForce RTX 4090",89,12080,20260970,fused_int4,1,64,bf16,1,64,0,1,64,20,1.044800039,PASS
"NVIDIA GeForce RTX 4090",89,12080,20260970,fused_int4,1,64,bf16,1,128,0,2,64,20,1.039125025,PASS
"NVIDIA GeForce RTX 4090",89,12080,20260970,fused_int4,1,64,bf16,1,256,0,3,64,20,1.032800041,PASS
"NVIDIA GeForce RTX 4090",89,12080,20260970,fused_int4,1,64,bf16,1,32,1,1,64,20,1.046399958,PASS
"NVIDIA GeForce RTX 4090",89,12080,20260970,fused_int4,1,64,bf16,1,64,1,0,64,20,1.044800039,PASS
"NVIDIA GeForce RTX 4090",89,12080,20260970,fused_int4,1,64,bf16,1,128,1,3,64,20,1.035999972,PASS
"NVIDIA GeForce RTX 4090",89,12080,20260970,fused_int4,1,64,bf16,1,256,1,2,64,20,1.032800041,PASS
"NVIDIA GeForce RTX 4090",89,12080,20260970,fused_int4,1,64,bf16,1,32,2,2,64,20,1.046399958,PASS
"NVIDIA GeForce RTX 4090",89,12080,20260970,fused_int4,1,64,bf16,1,64,2,3,64,20,1.044800039,PASS
"NVIDIA GeForce RTX 4090",89,12080,20260970,fused_int4,1,64,bf16,1,128,2,0,64,20,1.035999972,PASS
"NVIDIA GeForce RTX 4090",89,12080,20260970,fused_int4,1,64,bf16,1,256,2,1,64,20,1.032800041,PASS
"NVIDIA GeForce RTX 4090",89,12080,20260970,fused_int4,1,64,bf16,1,32,3,3,64,20,1.046399958,PASS
"NVIDIA GeForce RTX 4090",89,12080,20260970,fused_int4,1,64,bf16,1,64,3,2,64,20,1.044800039,PASS
"NVIDIA GeForce RTX 4090",89,12080,20260970,fused_int4,1,64,bf16,1,128,3,1,64,20,1.035999972,PASS
"NVIDIA GeForce RTX 4090",89,12080,20260970,fused_int4,1,64,bf16,1,256,3,0,64,20,1.032800041,PASS
"NVIDIA GeForce RTX 4090",89,12080,20260970,fused_int4,1,64,bf16,1,32,4,0,64,20,1.045600045,PASS
"NVIDIA GeForce RTX 4090",89,12080,20260970,fused_int4,1,64,bf16,1,64,4,1,64,20,1.044674963,PASS
"NVIDIA GeForce RTX 4090",89,12080,20260970,fused_int4,1,64,bf16,1,128,4,2,64,20,1.035999972,PASS
"NVIDIA GeForce RTX 4090",89,12080,20260970,fused_int4,1,64,bf16,1,256,4,3,64,20,1.033574995,PASS
"NVIDIA GeForce RTX 4090",89,12080,20260970,transform,1,64,bf16,0.125,32,0,0,64,20,0.8631999604,PASS
"NVIDIA GeForce RTX 4090",89,12080,20260970,transform,1,64,bf16,0.125,64,0,1,64,20,0.8623999543,PASS
"NVIDIA GeForce RTX 4090",89,12080,20260970,transform,1,64,bf16,0.125,128,0,2,64,20,0.8551750332,PASS
"NVIDIA GeForce RTX 4090",89,12080,20260970,transform,1,64,bf16,0.125,256,0,3,64,20,0.8511750028,PASS
"NVIDIA GeForce RTX 4090",89,12080,20260970,transform,1,64,bf16,0.125,32,1,1,64,20,0.8623999543,PASS
"NVIDIA GeForce RTX 4090",89,12080,20260970,transform,1,64,bf16,0.125,64,1,0,64,20,0.8639999665,PASS
"NVIDIA GeForce RTX 4090",89,12080,20260970,transform,1,64,bf16,0.125,128,1,3,64,20,0.8535499685,PASS
"NVIDIA GeForce RTX 4090",89,12080,20260970,transform,1,64,bf16,0.125,256,1,2,64,20,0.8503999561,PASS
"NVIDIA GeForce RTX 4090",89,12080,20260970,transform,1,64,bf16,0.125,32,2,2,64,20,0.8631999604,PASS
"NVIDIA GeForce RTX 4090",89,12080,20260970,transform,1,64,bf16,0.125,64,2,3,64,20,0.8623999543,PASS
"NVIDIA GeForce RTX 4090",89,12080,20260970,transform,1,64,bf16,0.125,128,2,0,64,20,0.8559750393,PASS
"NVIDIA GeForce RTX 4090",89,12080,20260970,transform,1,64,bf16,0.125,256,2,1,64,20,0.8511999622,PASS
"NVIDIA GeForce RTX 4090",89,12080,20260970,transform,1,64,bf16,0.125,32,3,3,64,20,0.8623999543,PASS
"NVIDIA GeForce RTX 4090",89,12080,20260970,transform,1,64,bf16,0.125,64,3,2,64,20,0.863124989,PASS
"NVIDIA GeForce RTX 4090",89,12080,20260970,transform,1,64,bf16,0.125,128,3,1,64,20,0.8527999744,PASS
"NVIDIA GeForce RTX 4090",89,12080,20260970,transform,1,64,bf16,0.125,256,3,0,64,20,0.8503999561,PASS
"NVIDIA GeForce RTX 4090",89,12080,20260970,transform,1,64,bf16,0.125,32,4,0,64,20,0.8623999543,PASS
"NVIDIA GeForce RTX 4090",89,12080,20260970,transform,1,64,bf16,0.125,64,4,1,64,20,0.8631999604,PASS
"NVIDIA GeForce RTX 4090",89,12080,20260970,transform,1,64,bf16,0.125,128,4,2,64,20,0.8551999927,PASS
"NVIDIA GeForce RTX 4090",89,12080,20260970,transform,1,64,bf16,0.125,256,4,3,64,20,0.8519999683,PASS
"NVIDIA GeForce RTX 4090",89,12080,20260970,fused_int4,1,64,bf16,0.125,32,0,0,64,20,1.047199965,PASS
"NVIDIA GeForce RTX 4090",89,12080,20260970,fused_int4,1,64,bf16,0.125,64,0,1,64,20,1.044800039,PASS
"NVIDIA GeForce RTX 4090",89,12080,20260970,fused_int4,1,64,bf16,0.125,128,0,2,64,20,1.035999972,PASS
"NVIDIA GeForce RTX 4090",89,12080,20260970,fused_int4,1,64,bf16,0.125,256,0,3,64,20,1.032800041,PASS
"NVIDIA GeForce RTX 4090",89,12080,20260970,fused_int4,1,64,bf16,0.125,32,1,1,64,20,1.046399958,PASS
"NVIDIA GeForce RTX 4090",89,12080,20260970,fused_int4,1,64,bf16,0.125,64,1,0,64,20,1.044800039,PASS
"NVIDIA GeForce RTX 4090",89,12080,20260970,fused_int4,1,64,bf16,0.125,128,1,3,64,20,1.035999972,PASS
"NVIDIA GeForce RTX 4090",89,12080,20260970,fused_int4,1,64,bf16,0.125,256,1,2,64,20,1.032750029,PASS
"NVIDIA GeForce RTX 4090",89,12080,20260970,fused_int4,1,64,bf16,0.125,32,2,2,64,20,1.046399958,PASS
"NVIDIA GeForce RTX 4090",89,12080,20260970,fused_int4,1,64,bf16,0.125,64,2,3,64,20,1.044800039,PASS
"NVIDIA GeForce RTX 4090",89,12080,20260970,fused_int4,1,64,bf16,0.125,128,2,0,64,20,1.035874989,PASS
"NVIDIA GeForce RTX 4090",89,12080,20260970,fused_int4,1,64,bf16,0.125,256,2,1,64,20,1.032800041,PASS
"NVIDIA GeForce RTX 4090",89,12080,20260970,fused_int4,1,64,bf16,0.125,32,3,3,64,20,1.047124993,PASS
"NVIDIA GeForce RTX 4090",89,12080,20260970,fused_int4,1,64,bf16,0.125,64,3,2,64,20,1.044800039,PASS
"NVIDIA GeForce RTX 4090",89,12080,20260970,fused_int4,1,64,bf16,0.125,128,3,1,64,20,1.035999972,PASS
"NVIDIA GeForce RTX 4090",89,12080,20260970,fused_int4,1,64,bf16,0.125,256,3,0,64,20,1.033599954,PASS
"NVIDIA GeForce RTX 4090",89,12080,20260970,fused_int4,1,64,bf16,0.125,32,4,0,64,20,1.047199965,PASS
"NVIDIA GeForce RTX 4090",89,12080,20260970,fused_int4,1,64,bf16,0.125,64,4,1,64,20,1.044800039,PASS
"NVIDIA GeForce RTX 4090",89,12080,20260970,fused_int4,1,64,bf16,0.125,128,4,2,64,20,1.035999972,PASS
"NVIDIA GeForce RTX 4090",89,12080,20260970,fused_int4,1,64,bf16,0.125,256,4,3,64,20,1.033599954,PASS
"NVIDIA GeForce RTX 4090",89,12080,20260986,transform,17,64,bf16,1,32,0,0,64,20,0.886400044,PASS
"NVIDIA GeForce RTX 4090",89,12080,20260986,transform,17,64,bf16,1,64,0,1,64,20,0.8919999935,PASS
"NVIDIA GeForce RTX 4090",89,12080,20260986,transform,17,64,bf16,1,128,0,2,64,20,0.8751999587,PASS
"NVIDIA GeForce RTX 4090",89,12080,20260986,transform,17,64,bf16,1,256,0,3,64,20,0.8887999691,PASS
"NVIDIA GeForce RTX 4090",89,12080,20260986,transform,17,64,bf16,1,32,1,1,64,20,0.886400044,PASS
"NVIDIA GeForce RTX 4090",89,12080,20260986,transform,17,64,bf16,1,64,1,0,64,20,0.8927499875,PASS
"NVIDIA GeForce RTX 4090",89,12080,20260986,transform,17,64,bf16,1,128,1,3,64,20,0.8728000335,PASS
"NVIDIA GeForce RTX 4090",89,12080,20260986,transform,17,64,bf16,1,256,1,2,64,20,0.8887999691,PASS
"NVIDIA GeForce RTX 4090",89,12080,20260986,transform,17,64,bf16,1,32,2,2,64,20,0.8871999569,PASS
"NVIDIA GeForce RTX 4090",89,12080,20260986,transform,17,64,bf16,1,64,2,3,64,20,0.8919999935,PASS
"NVIDIA GeForce RTX 4090",89,12080,20260986,transform,17,64,bf16,1,128,2,0,64,20,0.8759999648,PASS
"NVIDIA GeForce RTX 4090",89,12080,20260986,transform,17,64,bf16,1,256,2,1,64,20,0.887999963,PASS
"NVIDIA GeForce RTX 4090",89,12080,20260986,transform,17,64,bf16,1,32,3,3,64,20,0.887999963,PASS
"NVIDIA GeForce RTX 4090",89,12080,20260986,transform,17,64,bf16,1,64,3,2,64,20,0.8927999996,PASS
"NVIDIA GeForce RTX 4090",89,12080,20260986,transform,17,64,bf16,1,128,3,1,64,20,0.8743500337,PASS
"NVIDIA GeForce RTX 4090",89,12080,20260986,transform,17,64,bf16,1,256,3,0,64,20,0.8887999691,PASS
"NVIDIA GeForce RTX 4090",89,12080,20260986,transform,17,64,bf16,1,32,4,0,64,20,0.887999963,PASS
"NVIDIA GeForce RTX 4090",89,12080,20260986,transform,17,64,bf16,1,64,4,1,64,20,0.8927999996,PASS
"NVIDIA GeForce RTX 4090",89,12080,20260986,transform,17,64,bf16,1,128,4,2,64,20,0.8751999587,PASS
"NVIDIA GeForce RTX 4090",89,12080,20260986,transform,17,64,bf16,1,256,4,3,64,20,0.8887999691,PASS
"NVIDIA GeForce RTX 4090",89,12080,20260986,fused_int4,17,64,bf16,1,32,0,0,64,20,1.188000012,PASS
"NVIDIA GeForce RTX 4090",89,12080,20260986,fused_int4,17,64,bf16,1,64,0,1,64,20,1.188724954,PASS
"NVIDIA GeForce RTX 4090",89,12080,20260986,fused_int4,17,64,bf16,1,128,0,2,64,20,1.174400002,PASS
"NVIDIA GeForce RTX 4090",89,12080,20260986,fused_int4,17,64,bf16,1,256,0,3,64,20,1.19040003,PASS
"NVIDIA GeForce RTX 4090",89,12080,20260986,fused_int4,17,64,bf16,1,32,1,1,64,20,1.188000012,PASS
"NVIDIA GeForce RTX 4090",89,12080,20260986,fused_int4,17,64,bf16,1,64,1,0,64,20,1.188800018,PASS
"NVIDIA GeForce RTX 4090",89,12080,20260986,fused_int4,17,64,bf16,1,128,1,3,64,20,1.175200008,PASS
"NVIDIA GeForce RTX 4090",89,12080,20260986,fused_int4,17,64,bf16,1,256,1,2,64,20,1.190374978,PASS
"NVIDIA GeForce RTX 4090",89,12080,20260986,fused_int4,17,64,bf16,1,32,2,2,64,20,1.188000012,PASS
"NVIDIA GeForce RTX 4090",89,12080,20260986,fused_int4,17,64,bf16,1,64,2,3,64,20,1.188000012,PASS
"NVIDIA GeForce RTX 4090",89,12080,20260986,fused_int4,17,64,bf16,1,128,2,0,64,20,1.175200008,PASS
"NVIDIA GeForce RTX 4090",89,12080,20260986,fused_int4,17,64,bf16,1,256,2,1,64,20,1.189600024,PASS
"NVIDIA GeForce RTX 4090",89,12080,20260986,fused_int4,17,64,bf16,1,32,3,3,64,20,1.187899988,PASS
"NVIDIA GeForce RTX 4090",89,12080,20260986,fused_int4,17,64,bf16,1,64,3,2,64,20,1.188800018,PASS
"NVIDIA GeForce RTX 4090",89,12080,20260986,fused_int4,17,64,bf16,1,128,3,1,64,20,1.174400002,PASS
"NVIDIA GeForce RTX 4090",89,12080,20260986,fused_int4,17,64,bf16,1,256,3,0,64,20,1.189600024,PASS
"NVIDIA GeForce RTX 4090",89,12080,20260986,fused_int4,17,64,bf16,1,32,4,0,64,20,1.188000012,PASS
"NVIDIA GeForce RTX 4090",89,12080,20260986,fused_int4,17,64,bf16,1,64,4,1,64,20,1.189600024,PASS
"NVIDIA GeForce RTX 4090",89,12080,20260986,fused_int4,17,64,bf16,1,128,4,2,64,20,1.174400002,PASS
"NVIDIA GeForce RTX 4090",89,12080,20260986,fused_int4,17,64,bf16,1,256,4,3,64,20,1.19040003,PASS
"NVIDIA GeForce RTX 4090",89,12080,20260986,transform,17,64,bf16,0.125,32,0,0,64,20,0.886400044,PASS
"NVIDIA GeForce RTX 4090",89,12080,20260986,transform,17,64,bf16,0.125,64,0,1,64,20,0.8934499696,PASS
"NVIDIA GeForce RTX 4090",89,12080,20260986,transform,17,64,bf16,0.125,128,0,2,64,20,0.8751999587,PASS
"NVIDIA GeForce RTX 4090",89,12080,20260986,transform,17,64,bf16,0.125,256,0,3,64,20,0.8887999691,PASS
"NVIDIA GeForce RTX 4090",89,12080,20260986,transform,17,64,bf16,0.125,32,1,1,64,20,0.8863000199,PASS
"NVIDIA GeForce RTX 4090",89,12080,20260986,transform,17,64,bf16,0.125,64,1,0,64,20,0.8927750401,PASS
"NVIDIA GeForce RTX 4090",89,12080,20260986,transform,17,64,bf16,0.125,128,1,3,64,20,0.8734500036,PASS
"NVIDIA GeForce RTX 4090",89,12080,20260986,transform,17,64,bf16,0.125,256,1,2,64,20,0.8887249976,PASS
"NVIDIA GeForce RTX 4090",89,12080,20260986,transform,17,64,bf16,0.125,32,2,2,64,20,0.8863500319,PASS
"NVIDIA GeForce RTX 4090",89,12080,20260986,transform,17,64,bf16,0.125,64,2,3,64,20,0.8936000057,PASS
"NVIDIA GeForce RTX 4090",89,12080,20260986,transform,17,64,bf16,0.125,128,2,0,64,20,0.8744000457,PASS
"NVIDIA GeForce RTX 4090",89,12080,20260986,transform,17,64,bf16,0.125,256,2,1,64,20,0.8895999752,PASS
"NVIDIA GeForce RTX 4090",89,12080,20260986,transform,17,64,bf16,0.125,32,3,3,64,20,0.886400044,PASS
"NVIDIA GeForce RTX 4090",89,12080,20260986,transform,17,64,bf16,0.125,64,3,2,64,20,0.8935499936,PASS
"NVIDIA GeForce RTX 4090",89,12080,20260986,transform,17,64,bf16,0.125,128,3,1,64,20,0.8744000457,PASS
"NVIDIA GeForce RTX 4090",89,12080,20260986,transform,17,64,bf16,0.125,256,3,0,64,20,0.8895999752,PASS
"NVIDIA GeForce RTX 4090",89,12080,20260986,transform,17,64,bf16,0.125,32,4,0,64,20,0.8863249794,PASS
"NVIDIA GeForce RTX 4090",89,12080,20260986,transform,17,64,bf16,0.125,64,4,1,64,20,0.8936000057,PASS
"NVIDIA GeForce RTX 4090",89,12080,20260986,transform,17,64,bf16,0.125,128,4,2,64,20,0.8759999648,PASS
"NVIDIA GeForce RTX 4090",89,12080,20260986,transform,17,64,bf16,0.125,256,4,3,64,20,0.8887999691,PASS
"NVIDIA GeForce RTX 4090",89,12080,20260986,fused_int4,17,64,bf16,0.125,32,0,0,64,20,1.188800018,PASS
"NVIDIA GeForce RTX 4090",89,12080,20260986,fused_int4,17,64,bf16,0.125,64,0,1,64,20,1.188000012,PASS
"NVIDIA GeForce RTX 4090",89,12080,20260986,fused_int4,17,64,bf16,0.125,128,0,2,64,20,1.176000014,PASS
"NVIDIA GeForce RTX 4090",89,12080,20260986,fused_int4,17,64,bf16,0.125,256,0,3,64,20,1.19040003,PASS
"NVIDIA GeForce RTX 4090",89,12080,20260986,fused_int4,17,64,bf16,0.125,32,1,1,64,20,1.188000012,PASS
"NVIDIA GeForce RTX 4090",89,12080,20260986,fused_int4,17,64,bf16,0.125,64,1,0,64,20,1.188000012,PASS
"NVIDIA GeForce RTX 4090",89,12080,20260986,fused_int4,17,64,bf16,0.125,128,1,3,64,20,1.175174955,PASS
"NVIDIA GeForce RTX 4090",89,12080,20260986,fused_int4,17,64,bf16,0.125,256,1,2,64,20,1.19040003,PASS
"NVIDIA GeForce RTX 4090",89,12080,20260986,fused_int4,17,64,bf16,0.125,32,2,2,64,20,1.18952496,PASS
"NVIDIA GeForce RTX 4090",89,12080,20260986,fused_int4,17,64,bf16,0.125,64,2,3,64,20,1.189600024,PASS
"NVIDIA GeForce RTX 4090",89,12080,20260986,fused_int4,17,64,bf16,0.125,128,2,0,64,20,1.174400002,PASS
"NVIDIA GeForce RTX 4090",89,12080,20260986,fused_int4,17,64,bf16,0.125,256,2,1,64,20,1.191200037,PASS
"NVIDIA GeForce RTX 4090",89,12080,20260986,fused_int4,17,64,bf16,0.125,32,3,3,64,20,1.188000012,PASS
"NVIDIA GeForce RTX 4090",89,12080,20260986,fused_int4,17,64,bf16,0.125,64,3,2,64,20,1.188800018,PASS
"NVIDIA GeForce RTX 4090",89,12080,20260986,fused_int4,17,64,bf16,0.125,128,3,1,64,20,1.173599996,PASS
"NVIDIA GeForce RTX 4090",89,12080,20260986,fused_int4,17,64,bf16,0.125,256,3,0,64,20,1.19040003,PASS
"NVIDIA GeForce RTX 4090",89,12080,20260986,fused_int4,17,64,bf16,0.125,32,4,0,64,20,1.188724954,PASS
"NVIDIA GeForce RTX 4090",89,12080,20260986,fused_int4,17,64,bf16,0.125,64,4,1,64,20,1.188800018,PASS
"NVIDIA GeForce RTX 4090",89,12080,20260986,fused_int4,17,64,bf16,0.125,128,4,2,64,20,1.175200008,PASS
"NVIDIA GeForce RTX 4090",89,12080,20260986,fused_int4,17,64,bf16,0.125,256,4,3,64,20,1.19040003,PASS
"NVIDIA GeForce RTX 4090",89,12080,20265065,transform,4096,64,bf16,1,32,0,0,64,20,2.953599952,PASS
"NVIDIA GeForce RTX 4090",89,12080,20265065,transform,4096,64,bf16,1,64,0,1,64,20,2.01030001,PASS
"NVIDIA GeForce RTX 4090",89,12080,20265065,transform,4096,64,bf16,1,128,0,2,64,20,1.535999961,PASS
"NVIDIA GeForce RTX 4090",89,12080,20265065,transform,4096,64,bf16,1,256,0,3,64,20,1.392675005,PASS
"NVIDIA GeForce RTX 4090",89,12080,20265065,transform,4096,64,bf16,1,32,1,1,64,20,2.952774987,PASS
"NVIDIA GeForce RTX 4090",89,12080,20265065,transform,4096,64,bf16,1,64,1,0,64,20,2.011200041,PASS
"NVIDIA GeForce RTX 4090",89,12080,20265065,transform,4096,64,bf16,1,128,1,3,64,20,1.536799967,PASS
"NVIDIA GeForce RTX 4090",89,12080,20265065,transform,4096,64,bf16,1,256,1,2,64,20,1.392799988,PASS
"NVIDIA GeForce RTX 4090",89,12080,20265065,transform,4096,64,bf16,1,32,2,2,64,20,2.95199994,PASS
"NVIDIA GeForce RTX 4090",89,12080,20265065,transform,4096,64,bf16,1,64,2,3,64,20,2.011200041,PASS
"NVIDIA GeForce RTX 4090",89,12080,20265065,transform,4096,64,bf16,1,128,2,0,64,20,1.535999961,PASS
"NVIDIA GeForce RTX 4090",89,12080,20265065,transform,4096,64,bf16,1,256,2,1,64,20,1.392799988,PASS
"NVIDIA GeForce RTX 4090",89,12080,20265065,transform,4096,64,bf16,1,32,3,3,64,20,2.952799946,PASS
"NVIDIA GeForce RTX 4090",89,12080,20265065,transform,4096,64,bf16,1,64,3,2,64,20,2.011200041,PASS
"NVIDIA GeForce RTX 4090",89,12080,20265065,transform,4096,64,bf16,1,128,3,1,64,20,1.536775008,PASS
"NVIDIA GeForce RTX 4090",89,12080,20265065,transform,4096,64,bf16,1,256,3,0,64,20,1.393599994,PASS
"NVIDIA GeForce RTX 4090",89,12080,20265065,transform,4096,64,bf16,1,32,4,0,64,20,2.952799946,PASS
"NVIDIA GeForce RTX 4090",89,12080,20265065,transform,4096,64,bf16,1,64,4,1,64,20,2.011200041,PASS
"NVIDIA GeForce RTX 4090",89,12080,20265065,transform,4096,64,bf16,1,128,4,2,64,20,1.536799967,PASS
"NVIDIA GeForce RTX 4090",89,12080,20265065,transform,4096,64,bf16,1,256,4,3,64,20,1.393599994,PASS
"NVIDIA GeForce RTX 4090",89,12080,20265065,fused_int4,4096,64,bf16,1,32,0,0,64,20,3.148800135,PASS
"NVIDIA GeForce RTX 4090",89,12080,20265065,fused_int4,4096,64,bf16,1,64,0,1,64,20,2.191974968,PASS
"NVIDIA GeForce RTX 4090",89,12080,20265065,fused_int4,4096,64,bf16,1,128,0,2,64,20,1.814400032,PASS
"NVIDIA GeForce RTX 4090",89,12080,20265065,fused_int4,4096,64,bf16,1,256,0,3,64,20,1.651199907,PASS
"NVIDIA GeForce RTX 4090",89,12080,20265065,fused_int4,4096,64,bf16,1,32,1,1,64,20,3.148800135,PASS
"NVIDIA GeForce RTX 4090",89,12080,20265065,fused_int4,4096,64,bf16,1,64,1,0,64,20,2.191999927,PASS
"NVIDIA GeForce RTX 4090",89,12080,20265065,fused_int4,4096,64,bf16,1,128,1,3,64,20,1.813600026,PASS
"NVIDIA GeForce RTX 4090",89,12080,20265065,fused_int4,4096,64,bf16,1,256,1,2,64,20,1.650400087,PASS
"NVIDIA GeForce RTX 4090",89,12080,20265065,fused_int4,4096,64,bf16,1,32,2,2,64,20,3.147999942,PASS
"NVIDIA GeForce RTX 4090",89,12080,20265065,fused_int4,4096,64,bf16,1,64,2,3,64,20,2.191999927,PASS
"NVIDIA GeForce RTX 4090",89,12080,20265065,fused_int4,4096,64,bf16,1,128,2,0,64,20,1.813500002,PASS
"NVIDIA GeForce RTX 4090",89,12080,20265065,fused_int4,4096,64,bf16,1,256,2,1,64,20,1.651100069,PASS
"NVIDIA GeForce RTX 4090",89,12080,20265065,fused_int4,4096,64,bf16,1,32,3,3,64,20,3.148800135,PASS
"NVIDIA GeForce RTX 4090",89,12080,20265065,fused_int4,4096,64,bf16,1,64,3,2,64,20,2.191999927,PASS
"NVIDIA GeForce RTX 4090",89,12080,20265065,fused_int4,4096,64,bf16,1,128,3,1,64,20,1.813600026,PASS
"NVIDIA GeForce RTX 4090",89,12080,20265065,fused_int4,4096,64,bf16,1,256,3,0,64,20,1.651199907,PASS
"NVIDIA GeForce RTX 4090",89,12080,20265065,fused_int4,4096,64,bf16,1,32,4,0,64,20,3.148800135,PASS
"NVIDIA GeForce RTX 4090",89,12080,20265065,fused_int4,4096,64,bf16,1,64,4,1,64,20,2.191199921,PASS
"NVIDIA GeForce RTX 4090",89,12080,20265065,fused_int4,4096,64,bf16,1,128,4,2,64,20,1.814400032,PASS
"NVIDIA GeForce RTX 4090",89,12080,20265065,fused_int4,4096,64,bf16,1,256,4,3,64,20,1.651199907,PASS
"NVIDIA GeForce RTX 4090",89,12080,20265065,transform,4096,64,bf16,0.125,32,0,0,64,20,2.95199994,PASS
"NVIDIA GeForce RTX 4090",89,12080,20265065,transform,4096,64,bf16,0.125,64,0,1,64,20,2.011200041,PASS
"NVIDIA GeForce RTX 4090",89,12080,20265065,transform,4096,64,bf16,0.125,128,0,2,64,20,1.535999961,PASS
"NVIDIA GeForce RTX 4090",89,12080,20265065,transform,4096,64,bf16,0.125,256,0,3,64,20,1.393475011,PASS
"NVIDIA GeForce RTX 4090",89,12080,20265065,transform,4096,64,bf16,0.125,32,1,1,64,20,2.95199994,PASS
"NVIDIA GeForce RTX 4090",89,12080,20265065,transform,4096,64,bf16,0.125,64,1,0,64,20,2.011149935,PASS
"NVIDIA GeForce RTX 4090",89,12080,20265065,transform,4096,64,bf16,0.125,128,1,3,64,20,1.536724996,PASS
"NVIDIA GeForce RTX 4090",89,12080,20265065,transform,4096,64,bf16,0.125,256,1,2,64,20,1.391999982,PASS
"NVIDIA GeForce RTX 4090",89,12080,20265065,transform,4096,64,bf16,0.125,32,2,2,64,20,2.952799946,PASS
"NVIDIA GeForce RTX 4090",89,12080,20265065,transform,4096,64,bf16,0.125,64,2,3,64,20,2.009600028,PASS
"NVIDIA GeForce RTX 4090",89,12080,20265065,transform,4096,64,bf16,0.125,128,2,0,64,20,1.535999961,PASS
"NVIDIA GeForce RTX 4090",89,12080,20265065,transform,4096,64,bf16,0.125,256,2,1,64,20,1.393475011,PASS
"NVIDIA GeForce RTX 4090",89,12080,20265065,transform,4096,64,bf16,0.125,32,3,3,64,20,2.95199994,PASS
"NVIDIA GeForce RTX 4090",89,12080,20265065,transform,4096,64,bf16,0.125,64,3,2,64,20,2.011200041,PASS
"NVIDIA GeForce RTX 4090",89,12080,20265065,transform,4096,64,bf16,0.125,128,3,1,64,20,1.536799967,PASS
"NVIDIA GeForce RTX 4090",89,12080,20265065,transform,4096,64,bf16,0.125,256,3,0,64,20,1.392799988,PASS
"NVIDIA GeForce RTX 4090",89,12080,20265065,transform,4096,64,bf16,0.125,32,4,0,64,20,2.95199994,PASS
"NVIDIA GeForce RTX 4090",89,12080,20265065,transform,4096,64,bf16,0.125,64,4,1,64,20,2.010400034,PASS
"NVIDIA GeForce RTX 4090",89,12080,20265065,transform,4096,64,bf16,0.125,128,4,2,64,20,1.535999961,PASS
"NVIDIA GeForce RTX 4090",89,12080,20265065,transform,4096,64,bf16,0.125,256,4,3,64,20,1.392799988,PASS
"NVIDIA GeForce RTX 4090",89,12080,20265065,fused_int4,4096,64,bf16,0.125,32,0,0,64,20,3.150400147,PASS
"NVIDIA GeForce RTX 4090",89,12080,20265065,fused_int4,4096,64,bf16,0.125,64,0,1,64,20,2.190399915,PASS
"NVIDIA GeForce RTX 4090",89,12080,20265065,fused_int4,4096,64,bf16,0.125,128,0,2,64,20,1.813600026,PASS
"NVIDIA GeForce RTX 4090",89,12080,20265065,fused_int4,4096,64,bf16,0.125,256,0,3,64,20,1.651125029,PASS
"NVIDIA GeForce RTX 4090",89,12080,20265065,fused_int4,4096,64,bf16,0.125,32,1,1,64,20,3.147999942,PASS
"NVIDIA GeForce RTX 4090",89,12080,20265065,fused_int4,4096,64,bf16,0.125,64,1,0,64,20,2.192799933,PASS
"NVIDIA GeForce RTX 4090",89,12080,20265065,fused_int4,4096,64,bf16,0.125,128,1,3,64,20,1.81280002,PASS
"NVIDIA GeForce RTX 4090",89,12080,20265065,fused_int4,4096,64,bf16,0.125,256,1,2,64,20,1.650400087,PASS
"NVIDIA GeForce RTX 4090",89,12080,20265065,fused_int4,4096,64,bf16,0.125,32,2,2,64,20,3.148800135,PASS
"NVIDIA GeForce RTX 4090",89,12080,20265065,fused_int4,4096,64,bf16,0.125,64,2,3,64,20,2.191199921,PASS
"NVIDIA GeForce RTX 4090",89,12080,20265065,fused_int4,4096,64,bf16,0.125,128,2,0,64,20,1.81280002,PASS
"NVIDIA GeForce RTX 4090",89,12080,20265065,fused_int4,4096,64,bf16,0.125,256,2,1,64,20,1.650400087,PASS
"NVIDIA GeForce RTX 4090",89,12080,20265065,fused_int4,4096,64,bf16,0.125,32,3,3,64,20,3.148800135,PASS
"NVIDIA GeForce RTX 4090",89,12080,20265065,fused_int4,4096,64,bf16,0.125,64,3,2,64,20,2.191999927,PASS
"NVIDIA GeForce RTX 4090",89,12080,20265065,fused_int4,4096,64,bf16,0.125,128,3,1,64,20,1.813600026,PASS
"NVIDIA GeForce RTX 4090",89,12080,20265065,fused_int4,4096,64,bf16,0.125,256,3,0,64,20,1.651199907,PASS
"NVIDIA GeForce RTX 4090",89,12080,20265065,fused_int4,4096,64,bf16,0.125,32,4,0,64,20,3.148800135,PASS
"NVIDIA GeForce RTX 4090",89,12080,20265065,fused_int4,4096,64,bf16,0.125,64,4,1,64,20,2.191199921,PASS
"NVIDIA GeForce RTX 4090",89,12080,20265065,fused_int4,4096,64,bf16,0.125,128,4,2,64,20,1.814400032,PASS
"NVIDIA GeForce RTX 4090",89,12080,20265065,fused_int4,4096,64,bf16,0.125,256,4,3,64,20,1.651999913,PASS
"NVIDIA GeForce RTX 4090",89,12080,20277353,transform,16384,64,bf16,1,32,0,0,64,20,8.629474789,PASS
"NVIDIA GeForce RTX 4090",89,12080,20277353,transform,16384,64,bf16,1,64,0,1,64,20,4.864000157,PASS
"NVIDIA GeForce RTX 4090",89,12080,20277353,transform,16384,64,bf16,1,128,0,2,64,20,2.974399924,PASS
"NVIDIA GeForce RTX 4090",89,12080,20277353,transform,16384,64,bf16,1,256,0,3,64,20,2.552774921,PASS
"NVIDIA GeForce RTX 4090",89,12080,20277353,transform,16384,64,bf16,1,32,1,1,64,20,8.630274981,PASS
"NVIDIA GeForce RTX 4090",89,12080,20277353,transform,16384,64,bf16,1,64,1,0,64,20,4.867900163,PASS
"NVIDIA GeForce RTX 4090",89,12080,20277353,transform,16384,64,bf16,1,128,1,3,64,20,2.978325076,PASS
"NVIDIA GeForce RTX 4090",89,12080,20277353,transform,16384,64,bf16,1,256,1,2,64,20,2.555200085,PASS
"NVIDIA GeForce RTX 4090",89,12080,20277353,transform,16384,64,bf16,1,32,2,2,64,20,8.643999696,PASS
"NVIDIA GeForce RTX 4090",89,12080,20277353,transform,16384,64,bf16,1,64,2,3,64,20,4.866249859,PASS
"NVIDIA GeForce RTX 4090",89,12080,20277353,transform,16384,64,bf16,1,128,2,0,64,20,2.979199961,PASS
"NVIDIA GeForce RTX 4090",89,12080,20277353,transform,16384,64,bf16,1,256,2,1,64,20,2.555100061,PASS
"NVIDIA GeForce RTX 4090",89,12080,20277353,transform,16384,64,bf16,1,32,3,3,64,20,8.632799983,PASS
"NVIDIA GeForce RTX 4090",89,12080,20277353,transform,16384,64,bf16,1,64,3,2,64,20,4.869600013,PASS
"NVIDIA GeForce RTX 4090",89,12080,20277353,transform,16384,64,bf16,1,128,3,1,64,20,2.979199961,PASS
"NVIDIA GeForce RTX 4090",89,12080,20277353,transform,16384,64,bf16,1,256,3,0,64,20,2.552000061,PASS
"NVIDIA GeForce RTX 4090",89,12080,20277353,transform,16384,64,bf16,1,32,4,0,64,20,8.628000319,PASS
"NVIDIA GeForce RTX 4090",89,12080,20277353,transform,16384,64,bf16,1,64,4,1,64,20,4.864000157,PASS
"NVIDIA GeForce RTX 4090",89,12080,20277353,transform,16384,64,bf16,1,128,4,2,64,20,2.97519993,PASS
"NVIDIA GeForce RTX 4090",89,12080,20277353,transform,16384,64,bf16,1,256,4,3,64,20,2.554349974,PASS
"NVIDIA GeForce RTX 4090",89,12080,20277353,fused_int4,16384,64,bf16,1,32,0,0,64,20,8.839199692,PASS
"NVIDIA GeForce RTX 4090",89,12080,20277353,fused_int4,16384,64,bf16,1,64,0,1,64,20,5.055199936,PASS
"NVIDIA GeForce RTX 4090",89,12080,20277353,fused_int4,16384,64,bf16,1,128,0,2,64,20,3.506400064,PASS
"NVIDIA GeForce RTX 4090",89,12080,20277353,fused_int4,16384,64,bf16,1,256,0,3,64,20,3.51199992,PASS
"NVIDIA GeForce RTX 4090",89,12080,20277353,fused_int4,16384,64,bf16,1,32,1,1,64,20,8.844000101,PASS
"NVIDIA GeForce RTX 4090",89,12080,20277353,fused_int4,16384,64,bf16,1,64,1,0,64,20,5.057600141,PASS
"NVIDIA GeForce RTX 4090",89,12080,20277353,fused_int4,16384,64,bf16,1,128,1,3,64,20,3.507199883,PASS
"NVIDIA GeForce RTX 4090",89,12080,20277353,fused_int4,16384,64,bf16,1,256,1,2,64,20,3.510399908,PASS
"NVIDIA GeForce RTX 4090",89,12080,20277353,fused_int4,16384,64,bf16,1,32,2,2,64,20,8.838400245,PASS
"NVIDIA GeForce RTX 4090",89,12080,20277353,fused_int4,16384,64,bf16,1,64,2,3,64,20,5.055199936,PASS
"NVIDIA GeForce RTX 4090",89,12080,20277353,fused_int4,16384,64,bf16,1,128,2,0,64,20,3.505599871,PASS
"NVIDIA GeForce RTX 4090",89,12080,20277353,fused_int4,16384,64,bf16,1,256,2,1,64,20,3.51199992,PASS
"NVIDIA GeForce RTX 4090",89,12080,20277353,fused_int4,16384,64,bf16,1,32,3,3,64,20,8.841600269,PASS
"NVIDIA GeForce RTX 4090",89,12080,20277353,fused_int4,16384,64,bf16,1,64,3,2,64,20,5.056000128,PASS
"NVIDIA GeForce RTX 4090",89,12080,20277353,fused_int4,16384,64,bf16,1,128,3,1,64,20,3.508000076,PASS
"NVIDIA GeForce RTX 4090",89,12080,20277353,fused_int4,16384,64,bf16,1,256,3,0,64,20,3.5112001,PASS
"NVIDIA GeForce RTX 4090",89,12080,20277353,fused_int4,16384,64,bf16,1,32,4,0,64,20,8.838400245,PASS
"NVIDIA GeForce RTX 4090",89,12080,20277353,fused_int4,16384,64,bf16,1,64,4,1,64,20,5.055199936,PASS
"NVIDIA GeForce RTX 4090",89,12080,20277353,fused_int4,16384,64,bf16,1,128,4,2,64,20,3.506400064,PASS
"NVIDIA GeForce RTX 4090",89,12080,20277353,fused_int4,16384,64,bf16,1,256,4,3,64,20,3.51199992,PASS
"NVIDIA GeForce RTX 4090",89,12080,20277353,transform,16384,64,bf16,0.125,32,0,0,64,20,8.627200127,PASS
"NVIDIA GeForce RTX 4090",89,12080,20277353,transform,16384,64,bf16,0.125,64,0,1,64,20,4.864000157,PASS
"NVIDIA GeForce RTX 4090",89,12080,20277353,transform,16384,64,bf16,0.125,128,0,2,64,20,2.97519993,PASS
"NVIDIA GeForce RTX 4090",89,12080,20277353,transform,16384,64,bf16,0.125,256,0,3,64,20,2.552800067,PASS
"NVIDIA GeForce RTX 4090",89,12080,20277353,transform,16384,64,bf16,0.125,32,1,1,64,20,8.629599959,PASS
"NVIDIA GeForce RTX 4090",89,12080,20277353,transform,16384,64,bf16,0.125,64,1,0,64,20,4.867200181,PASS
"NVIDIA GeForce RTX 4090",89,12080,20277353,transform,16384,64,bf16,0.125,128,1,3,64,20,2.978399955,PASS
"NVIDIA GeForce RTX 4090",89,12080,20277353,transform,16384,64,bf16,0.125,256,1,2,64,20,2.556674927,PASS
"NVIDIA GeForce RTX 4090",89,12080,20277353,transform,16384,64,bf16,0.125,32,2,2,64,20,8.642400056,PASS
"NVIDIA GeForce RTX 4090",89,12080,20277353,transform,16384,64,bf16,0.125,64,2,3,64,20,4.867200181,PASS
"NVIDIA GeForce RTX 4090",89,12080,20277353,transform,16384,64,bf16,0.125,128,2,0,64,20,2.979150042,PASS
"NVIDIA GeForce RTX 4090",89,12080,20277353,transform,16384,64,bf16,0.125,256,2,1,64,20,2.556000091,PASS
"NVIDIA GeForce RTX 4090",89,12080,20277353,transform,16384,64,bf16,0.125,32,3,3,64,20,8.631200343,PASS
"NVIDIA GeForce RTX 4090",89,12080,20277353,transform,16384,64,bf16,0.125,64,3,2,64,20,4.868799821,PASS
"NVIDIA GeForce RTX 4090",89,12080,20277353,transform,16384,64,bf16,0.125,128,3,1,64,20,2.977599949,PASS
"NVIDIA GeForce RTX 4090",89,12080,20277353,transform,16384,64,bf16,0.125,256,3,0,64,20,2.552000061,PASS
"NVIDIA GeForce RTX 4090",89,12080,20277353,transform,16384,64,bf16,0.125,32,4,0,64,20,8.627200127,PASS
"NVIDIA GeForce RTX 4090",89,12080,20277353,transform,16384,64,bf16,0.125,64,4,1,64,20,4.862400144,PASS
"NVIDIA GeForce RTX 4090",89,12080,20277353,transform,16384,64,bf16,0.125,128,4,2,64,20,2.975999936,PASS
"NVIDIA GeForce RTX 4090",89,12080,20277353,transform,16384,64,bf16,0.125,256,4,3,64,20,2.555200085,PASS
"NVIDIA GeForce RTX 4090",89,12080,20277353,fused_int4,16384,64,bf16,0.125,32,0,0,64,20,8.839999884,PASS
"NVIDIA GeForce RTX 4090",89,12080,20277353,fused_int4,16384,64,bf16,0.125,64,0,1,64,20,5.056000128,PASS
"NVIDIA GeForce RTX 4090",89,12080,20277353,fused_int4,16384,64,bf16,0.125,128,0,2,64,20,3.506400064,PASS
"NVIDIA GeForce RTX 4090",89,12080,20277353,fused_int4,16384,64,bf16,0.125,256,0,3,64,20,3.5112001,PASS
"NVIDIA GeForce RTX 4090",89,12080,20277353,fused_int4,16384,64,bf16,0.125,32,1,1,64,20,8.843199909,PASS
"NVIDIA GeForce RTX 4090",89,12080,20277353,fused_int4,16384,64,bf16,0.125,64,1,0,64,20,5.056000128,PASS
"NVIDIA GeForce RTX 4090",89,12080,20277353,fused_int4,16384,64,bf16,0.125,128,1,3,64,20,3.505524993,PASS
"NVIDIA GeForce RTX 4090",89,12080,20277353,fused_int4,16384,64,bf16,0.125,256,1,2,64,20,3.509600088,PASS
"NVIDIA GeForce RTX 4090",89,12080,20277353,fused_int4,16384,64,bf16,0.125,32,2,2,64,20,8.843124658,PASS
"NVIDIA GeForce RTX 4090",89,12080,20277353,fused_int4,16384,64,bf16,0.125,64,2,3,64,20,5.055199936,PASS
"NVIDIA GeForce RTX 4090",89,12080,20277353,fused_int4,16384,64,bf16,0.125,128,2,0,64,20,3.506350145,PASS
"NVIDIA GeForce RTX 4090",89,12080,20277353,fused_int4,16384,64,bf16,0.125,256,2,1,64,20,3.510399908,PASS
"NVIDIA GeForce RTX 4090",89,12080,20277353,fused_int4,16384,64,bf16,0.125,32,3,3,64,20,8.844800293,PASS
"NVIDIA GeForce RTX 4090",89,12080,20277353,fused_int4,16384,64,bf16,0.125,64,3,2,64,20,5.059099942,PASS
"NVIDIA GeForce RTX 4090",89,12080,20277353,fused_int4,16384,64,bf16,0.125,128,3,1,64,20,3.505599871,PASS
"NVIDIA GeForce RTX 4090",89,12080,20277353,fused_int4,16384,64,bf16,0.125,256,3,0,64,20,3.510399908,PASS
"NVIDIA GeForce RTX 4090",89,12080,20277353,fused_int4,16384,64,bf16,0.125,32,4,0,64,20,8.865600079,PASS
"NVIDIA GeForce RTX 4090",89,12080,20277353,fused_int4,16384,64,bf16,0.125,64,4,1,64,20,5.075199902,PASS
"NVIDIA GeForce RTX 4090",89,12080,20277353,fused_int4,16384,64,bf16,0.125,128,4,2,64,20,3.516000137,PASS
"NVIDIA GeForce RTX 4090",89,12080,20277353,fused_int4,16384,64,bf16,0.125,256,4,3,64,20,3.523200005,PASS
"NVIDIA GeForce RTX 4090",89,12080,20261162,transform,1,256,bf16,1,32,0,0,64,20,0.9639999829,PASS
"NVIDIA GeForce RTX 4090",89,12080,20261162,transform,1,256,bf16,1,64,0,1,64,20,0.9631999768,PASS
"NVIDIA GeForce RTX 4090",89,12080,20261162,transform,1,256,bf16,1,128,0,2,64,20,0.9560000151,PASS
"NVIDIA GeForce RTX 4090",89,12080,20261162,transform,1,256,bf16,1,256,0,3,64,20,0.9503999725,PASS
"NVIDIA GeForce RTX 4090",89,12080,20261162,transform,1,256,bf16,1,32,1,1,64,20,0.9639999829,PASS
"NVIDIA GeForce RTX 4090",89,12080,20261162,transform,1,256,bf16,1,64,1,0,64,20,0.9631999768,PASS
"NVIDIA GeForce RTX 4090",89,12080,20261162,transform,1,256,bf16,1,128,1,3,64,20,0.9568000212,PASS
"NVIDIA GeForce RTX 4090",89,12080,20261162,transform,1,256,bf16,1,256,1,2,64,20,0.9511999786,PASS
"NVIDIA GeForce RTX 4090",89,12080,20261162,transform,1,256,bf16,1,32,2,2,64,20,0.9631999768,PASS
"NVIDIA GeForce RTX 4090",89,12080,20261162,transform,1,256,bf16,1,64,2,3,64,20,0.9631499648,PASS
"NVIDIA GeForce RTX 4090",89,12080,20261162,transform,1,256,bf16,1,128,2,0,64,20,0.9560000151,PASS
"NVIDIA GeForce RTX 4090",89,12080,20261162,transform,1,256,bf16,1,256,2,1,64,20,0.9503999725,PASS
"NVIDIA GeForce RTX 4090",89,12080,20261162,transform,1,256,bf16,1,32,3,3,64,20,0.9631999768,PASS
"NVIDIA GeForce RTX 4090",89,12080,20261162,transform,1,256,bf16,1,64,3,2,64,20,0.9623999707,PASS
"NVIDIA GeForce RTX 4090",89,12080,20261162,transform,1,256,bf16,1,128,3,1,64,20,0.955200009,PASS
"NVIDIA GeForce RTX 4090",89,12080,20261162,transform,1,256,bf16,1,256,3,0,64,20,0.9511999786,PASS
"NVIDIA GeForce RTX 4090",89,12080,20261162,transform,1,256,bf16,1,32,4,0,64,20,0.9630749933,PASS
"NVIDIA GeForce RTX 4090",89,12080,20261162,transform,1,256,bf16,1,64,4,1,64,20,0.9623999707,PASS
"NVIDIA GeForce RTX 4090",89,12080,20261162,transform,1,256,bf16,1,128,4,2,64,20,0.954400003,PASS
"NVIDIA GeForce RTX 4090",89,12080,20261162,transform,1,256,bf16,1,256,4,3,64,20,0.9511999786,PASS
"NVIDIA GeForce RTX 4090",89,12080,20261162,fused_int4,1,256,bf16,1,32,0,0,64,20,1.343199983,PASS
"NVIDIA GeForce RTX 4090",89,12080,20261162,fused_int4,1,256,bf16,1,64,0,1,64,20,1.343199983,PASS
"NVIDIA GeForce RTX 4090",89,12080,20261162,fused_int4,1,256,bf16,1,128,0,2,64,20,1.334400009,PASS
"NVIDIA GeForce RTX 4090",89,12080,20261162,fused_int4,1,256,bf16,1,256,0,3,64,20,1.330399979,PASS
"NVIDIA GeForce RTX 4090",89,12080,20261162,fused_int4,1,256,bf16,1,32,1,1,64,20,1.343199983,PASS
"NVIDIA GeForce RTX 4090",89,12080,20261162,fused_int4,1,256,bf16,1,64,1,0,64,20,1.343199983,PASS
"NVIDIA GeForce RTX 4090",89,12080,20261162,fused_int4,1,256,bf16,1,128,1,3,64,20,1.333600003,PASS
"NVIDIA GeForce RTX 4090",89,12080,20261162,fused_int4,1,256,bf16,1,256,1,2,64,20,1.331199985,PASS
"NVIDIA GeForce RTX 4090",89,12080,20261162,fused_int4,1,256,bf16,1,32,2,2,64,20,1.342399977,PASS
"NVIDIA GeForce RTX 4090",89,12080,20261162,fused_int4,1,256,bf16,1,64,2,3,64,20,1.343199983,PASS
"NVIDIA GeForce RTX 4090",89,12080,20261162,fused_int4,1,256,bf16,1,128,2,0,64,20,1.332799997,PASS
"NVIDIA GeForce RTX 4090",89,12080,20261162,fused_int4,1,256,bf16,1,256,2,1,64,20,1.329599973,PASS
"NVIDIA GeForce RTX 4090",89,12080,20261162,fused_int4,1,256,bf16,1,32,3,3,64,20,1.341575012,PASS
"NVIDIA GeForce RTX 4090",89,12080,20261162,fused_int4,1,256,bf16,1,64,3,2,64,20,1.343125012,PASS
"NVIDIA GeForce RTX 4090",89,12080,20261162,fused_int4,1,256,bf16,1,128,3,1,64,20,1.331999991,PASS
"NVIDIA GeForce RTX 4090",89,12080,20261162,fused_int4,1,256,bf16,1,256,3,0,64,20,1.330299955,PASS
"NVIDIA GeForce RTX 4090",89,12080,20261162,fused_int4,1,256,bf16,1,32,4,0,64,20,1.341575012,PASS
"NVIDIA GeForce RTX 4090",89,12080,20261162,fused_int4,1,256,bf16,1,64,4,1,64,20,1.343199983,PASS
"NVIDIA GeForce RTX 4090",89,12080,20261162,fused_int4,1,256,bf16,1,128,4,2,64,20,1.334299985,PASS
"NVIDIA GeForce RTX 4090",89,12080,20261162,fused_int4,1,256,bf16,1,256,4,3,64,20,1.329599973,PASS
"NVIDIA GeForce RTX 4090",89,12080,20261162,transform,1,256,bf16,0.0625,32,0,0,64,20,0.9631750174,PASS
"NVIDIA GeForce RTX 4090",89,12080,20261162,transform,1,256,bf16,0.0625,64,0,1,64,20,0.9623999707,PASS
"NVIDIA GeForce RTX 4090",89,12080,20261162,transform,1,256,bf16,0.0625,128,0,2,64,20,0.954400003,PASS
"NVIDIA GeForce RTX 4090",89,12080,20261162,transform,1,256,bf16,0.0625,256,0,3,64,20,0.9519999847,PASS
"NVIDIA GeForce RTX 4090",89,12080,20261162,transform,1,256,bf16,0.0625,32,1,1,64,20,0.9623000398,PASS
"NVIDIA GeForce RTX 4090",89,12080,20261162,transform,1,256,bf16,0.0625,64,1,0,64,20,0.9615999646,PASS
"NVIDIA GeForce RTX 4090",89,12080,20261162,transform,1,256,bf16,0.0625,128,1,3,64,20,0.9527999908,PASS
"NVIDIA GeForce RTX 4090",89,12080,20261162,transform,1,256,bf16,0.0625,256,1,2,64,20,0.9519999847,PASS
"NVIDIA GeForce RTX 4090",89,12080,20261162,transform,1,256,bf16,0.0625,32,2,2,64,20,0.9630249813,PASS
"NVIDIA GeForce RTX 4090",89,12080,20261162,transform,1,256,bf16,0.0625,64,2,3,64,20,0.9615999646,PASS
"NVIDIA GeForce RTX 4090",89,12080,20261162,transform,1,256,bf16,0.0625,128,2,0,64,20,0.9535999969,PASS
"NVIDIA GeForce RTX 4090",89,12080,20261162,transform,1,256,bf16,0.0625,256,2,1,64,20,0.9519999847,PASS
"NVIDIA GeForce RTX 4090",89,12080,20261162,transform,1,256,bf16,0.0625,32,3,3,64,20,0.9631999768,PASS
"NVIDIA GeForce RTX 4090",89,12080,20261162,transform,1,256,bf16,0.0625,64,3,2,64,20,0.9623999707,PASS
"NVIDIA GeForce RTX 4090",89,12080,20261162,transform,1,256,bf16,0.0625,128,3,1,64,20,0.9535999969,PASS
"NVIDIA GeForce RTX 4090",89,12080,20261162,transform,1,256,bf16,0.0625,256,3,0,64,20,0.9519999847,PASS
"NVIDIA GeForce RTX 4090",89,12080,20261162,transform,1,256,bf16,0.0625,32,4,0,64,20,0.9623999707,PASS
"NVIDIA GeForce RTX 4090",89,12080,20261162,transform,1,256,bf16,0.0625,64,4,1,64,20,0.9623249993,PASS
"NVIDIA GeForce RTX 4090",89,12080,20261162,transform,1,256,bf16,0.0625,128,4,2,64,20,0.9560000151,PASS
"NVIDIA GeForce RTX 4090",89,12080,20261162,transform,1,256,bf16,0.0625,256,4,3,64,20,0.9511999786,PASS
"NVIDIA GeForce RTX 4090",89,12080,20261162,fused_int4,1,256,bf16,0.0625,32,0,0,64,20,1.342399977,PASS
"NVIDIA GeForce RTX 4090",89,12080,20261162,fused_int4,1,256,bf16,0.0625,64,0,1,64,20,1.342399977,PASS
"NVIDIA GeForce RTX 4090",89,12080,20261162,fused_int4,1,256,bf16,0.0625,128,0,2,64,20,1.332725026,PASS
"NVIDIA GeForce RTX 4090",89,12080,20261162,fused_int4,1,256,bf16,0.0625,256,0,3,64,20,1.328799967,PASS
"NVIDIA GeForce RTX 4090",89,12080,20261162,fused_int4,1,256,bf16,0.0625,32,1,1,64,20,1.340799965,PASS
"NVIDIA GeForce RTX 4090",89,12080,20261162,fused_int4,1,256,bf16,0.0625,64,1,0,64,20,1.342399977,PASS
"NVIDIA GeForce RTX 4090",89,12080,20261162,fused_int4,1,256,bf16,0.0625,128,1,3,64,20,1.327999961,PASS
"NVIDIA GeForce RTX 4090",89,12080,20261162,fused_int4,1,256,bf16,0.0625,256,1,2,64,20,1.329599973,PASS
"NVIDIA GeForce RTX 4090",89,12080,20261162,fused_int4,1,256,bf16,0.0625,32,2,2,64,20,1.335099991,PASS
"NVIDIA GeForce RTX 4090",89,12080,20261162,fused_int4,1,256,bf16,0.0625,64,2,3,64,20,1.336000022,PASS
"NVIDIA GeForce RTX 4090",89,12080,20261162,fused_int4,1,256,bf16,0.0625,128,2,0,64,20,1.327999961,PASS
"NVIDIA GeForce RTX 4090",89,12080,20261162,fused_int4,1,256,bf16,0.0625,256,2,1,64,20,1.323200017,PASS
"NVIDIA GeForce RTX 4090",89,12080,20261162,fused_int4,1,256,bf16,0.0625,32,3,3,64,20,1.335200015,PASS
"NVIDIA GeForce RTX 4090",89,12080,20261162,fused_int4,1,256,bf16,0.0625,64,3,2,64,20,1.334400009,PASS
"NVIDIA GeForce RTX 4090",89,12080,20261162,fused_int4,1,256,bf16,0.0625,128,3,1,64,20,1.327174995,PASS
"NVIDIA GeForce RTX 4090",89,12080,20261162,fused_int4,1,256,bf16,0.0625,256,3,0,64,20,1.323200017,PASS
"NVIDIA GeForce RTX 4090",89,12080,20261162,fused_int4,1,256,bf16,0.0625,32,4,0,64,20,1.336800028,PASS
"NVIDIA GeForce RTX 4090",89,12080,20261162,fused_int4,1,256,bf16,0.0625,64,4,1,64,20,1.335200015,PASS
"NVIDIA GeForce RTX 4090",89,12080,20261162,fused_int4,1,256,bf16,0.0625,128,4,2,64,20,1.326400042,PASS
"NVIDIA GeForce RTX 4090",89,12080,20261162,fused_int4,1,256,bf16,0.0625,256,4,3,64,20,1.322400011,PASS
"NVIDIA GeForce RTX 4090",89,12080,20261178,transform,17,256,bf16,1,32,0,0,64,20,0.9727999568,PASS
"NVIDIA GeForce RTX 4090",89,12080,20261178,transform,17,256,bf16,1,64,0,1,64,20,0.9775999933,PASS
"NVIDIA GeForce RTX 4090",89,12080,20261178,transform,17,256,bf16,1,128,0,2,64,20,1.003200002,PASS
"NVIDIA GeForce RTX 4090",89,12080,20261178,transform,17,256,bf16,1,256,0,3,64,20,1.143999957,PASS
"NVIDIA GeForce RTX 4090",89,12080,20261178,transform,17,256,bf16,1,32,1,1,64,20,0.9727999568,PASS
"NVIDIA GeForce RTX 4090",89,12080,20261178,transform,17,256,bf16,1,64,1,0,64,20,0.9767999873,PASS
"NVIDIA GeForce RTX 4090",89,12080,20261178,transform,17,256,bf16,1,128,1,3,64,20,1.003200002,PASS
"NVIDIA GeForce RTX 4090",89,12080,20261178,transform,17,256,bf16,1,256,1,2,64,20,1.144799963,PASS
"NVIDIA GeForce RTX 4090",89,12080,20261178,transform,17,256,bf16,1,32,2,2,64,20,0.9727999568,PASS
"NVIDIA GeForce RTX 4090",89,12080,20261178,transform,17,256,bf16,1,64,2,3,64,20,0.9767999873,PASS
"NVIDIA GeForce RTX 4090",89,12080,20261178,transform,17,256,bf16,1,128,2,0,64,20,1.004000008,PASS
"NVIDIA GeForce RTX 4090",89,12080,20261178,transform,17,256,bf16,1,256,2,1,64,20,1.145599969,PASS
"NVIDIA GeForce RTX 4090",89,12080,20261178,transform,17,256,bf16,1,32,3,3,64,20,0.9720000438,PASS
"NVIDIA GeForce RTX 4090",89,12080,20261178,transform,17,256,bf16,1,64,3,2,64,20,0.9775999933,PASS
"NVIDIA GeForce RTX 4090",89,12080,20261178,transform,17,256,bf16,1,128,3,1,64,20,1.003200002,PASS
"NVIDIA GeForce RTX 4090",89,12080,20261178,transform,17,256,bf16,1,256,3,0,64,20,1.146399975,PASS
"NVIDIA GeForce RTX 4090",89,12080,20261178,transform,17,256,bf16,1,32,4,0,64,20,0.9727999568,PASS
"NVIDIA GeForce RTX 4090",89,12080,20261178,transform,17,256,bf16,1,64,4,1,64,20,0.9775999933,PASS
"NVIDIA GeForce RTX 4090",89,12080,20261178,transform,17,256,bf16,1,128,4,2,64,20,1.003200002,PASS
"NVIDIA GeForce RTX 4090",89,12080,20261178,transform,17,256,bf16,1,256,4,3,64,20,1.144799963,PASS
"NVIDIA GeForce RTX 4090",89,12080,20261178,fused_int4,17,256,bf16,1,32,0,0,64,20,1.922399923,PASS
"NVIDIA GeForce RTX 4090",89,12080,20261178,fused_int4,17,256,bf16,1,64,0,1,64,20,1.929599978,PASS
"NVIDIA GeForce RTX 4090",89,12080,20261178,fused_int4,17,256,bf16,1,128,0,2,64,20,1.958400011,PASS
"NVIDIA GeForce RTX 4090",89,12080,20261178,fused_int4,17,256,bf16,1,256,0,3,64,20,2.101599984,PASS
"NVIDIA GeForce RTX 4090",89,12080,20261178,fused_int4,17,256,bf16,1,32,1,1,64,20,1.920799911,PASS
"NVIDIA GeForce RTX 4090",89,12080,20261178,fused_int4,17,256,bf16,1,64,1,0,64,20,1.930399984,PASS
"NVIDIA GeForce RTX 4090",89,12080,20261178,fused_int4,17,256,bf16,1,128,1,3,64,20,1.956799999,PASS
"NVIDIA GeForce RTX 4090",89,12080,20261178,fused_int4,17,256,bf16,1,256,1,2,64,20,2.100724913,PASS
"NVIDIA GeForce RTX 4090",89,12080,20261178,fused_int4,17,256,bf16,1,32,2,2,64,20,1.921599917,PASS
"NVIDIA GeForce RTX 4090",89,12080,20261178,fused_int4,17,256,bf16,1,64,2,3,64,20,1.929599978,PASS
"NVIDIA GeForce RTX 4090",89,12080,20261178,fused_int4,17,256,bf16,1,128,2,0,64,20,1.958275028,PASS
"NVIDIA GeForce RTX 4090",89,12080,20261178,fused_int4,17,256,bf16,1,256,2,1,64,20,2.099999972,PASS
"NVIDIA GeForce RTX 4090",89,12080,20261178,fused_int4,17,256,bf16,1,32,3,3,64,20,1.923100092,PASS
"NVIDIA GeForce RTX 4090",89,12080,20261178,fused_int4,17,256,bf16,1,64,3,2,64,20,1.930275001,PASS
"NVIDIA GeForce RTX 4090",89,12080,20261178,fused_int4,17,256,bf16,1,128,3,1,64,20,1.957600005,PASS
"NVIDIA GeForce RTX 4090",89,12080,20261178,fused_int4,17,256,bf16,1,256,3,0,64,20,2.100799978,PASS
"NVIDIA GeForce RTX 4090",89,12080,20261178,fused_int4,17,256,bf16,1,32,4,0,64,20,1.922399923,PASS
"NVIDIA GeForce RTX 4090",89,12080,20261178,fused_int4,17,256,bf16,1,64,4,1,64,20,1.929599978,PASS
"NVIDIA GeForce RTX 4090",89,12080,20261178,fused_int4,17,256,bf16,1,128,4,2,64,20,1.957600005,PASS
"NVIDIA GeForce RTX 4090",89,12080,20261178,fused_int4,17,256,bf16,1,256,4,3,64,20,2.10239999,PASS
"NVIDIA GeForce RTX 4090",89,12080,20261178,transform,17,256,bf16,0.0625,32,0,0,64,20,0.9719249792,PASS
"NVIDIA GeForce RTX 4090",89,12080,20261178,transform,17,256,bf16,0.0625,64,0,1,64,20,0.9775999933,PASS
"NVIDIA GeForce RTX 4090",89,12080,20261178,transform,17,256,bf16,0.0625,128,0,2,64,20,1.004000008,PASS
"NVIDIA GeForce RTX 4090",89,12080,20261178,transform,17,256,bf16,0.0625,256,0,3,64,20,1.145500038,PASS
"NVIDIA GeForce RTX 4090",89,12080,20261178,transform,17,256,bf16,0.0625,32,1,1,64,20,0.9720000438,PASS
"NVIDIA GeForce RTX 4090",89,12080,20261178,transform,17,256,bf16,0.0625,64,1,0,64,20,0.9783499874,PASS
"NVIDIA GeForce RTX 4090",89,12080,20261178,transform,17,256,bf16,0.0625,128,1,3,64,20,1.003200002,PASS
"NVIDIA GeForce RTX 4090",89,12080,20261178,transform,17,256,bf16,0.0625,256,1,2,64,20,1.143999957,PASS
"NVIDIA GeForce RTX 4090",89,12080,20261178,transform,17,256,bf16,0.0625,32,2,2,64,20,0.9720000438,PASS
"NVIDIA GeForce RTX 4090",89,12080,20261178,transform,17,256,bf16,0.0625,64,2,3,64,20,0.9783999994,PASS
"NVIDIA GeForce RTX 4090",89,12080,20261178,transform,17,256,bf16,0.0625,128,2,0,64,20,1.004000008,PASS
"NVIDIA GeForce RTX 4090",89,12080,20261178,transform,17,256,bf16,0.0625,256,2,1,64,20,1.144724991,PASS
"NVIDIA GeForce RTX 4090",89,12080,20261178,transform,17,256,bf16,0.0625,32,3,3,64,20,0.9720000438,PASS
"NVIDIA GeForce RTX 4090",89,12080,20261178,transform,17,256,bf16,0.0625,64,3,2,64,20,0.9775999933,PASS
"NVIDIA GeForce RTX 4090",89,12080,20261178,transform,17,256,bf16,0.0625,128,3,1,64,20,1.003200002,PASS
"NVIDIA GeForce RTX 4090",89,12080,20261178,transform,17,256,bf16,0.0625,256,3,0,64,20,1.144799963,PASS
"NVIDIA GeForce RTX 4090",89,12080,20261178,transform,17,256,bf16,0.0625,32,4,0,64,20,0.9720000438,PASS
"NVIDIA GeForce RTX 4090",89,12080,20261178,transform,17,256,bf16,0.0625,64,4,1,64,20,0.9767999873,PASS
"NVIDIA GeForce RTX 4090",89,12080,20261178,transform,17,256,bf16,0.0625,128,4,2,64,20,1.003200002,PASS
"NVIDIA GeForce RTX 4090",89,12080,20261178,transform,17,256,bf16,0.0625,256,4,3,64,20,1.146399975,PASS
"NVIDIA GeForce RTX 4090",89,12080,20261178,fused_int4,17,256,bf16,0.0625,32,0,0,64,20,1.922399923,PASS
"NVIDIA GeForce RTX 4090",89,12080,20261178,fused_int4,17,256,bf16,0.0625,64,0,1,64,20,1.929575019,PASS
"NVIDIA GeForce RTX 4090",89,12080,20261178,fused_int4,17,256,bf16,0.0625,128,0,2,64,20,1.958275028,PASS
"NVIDIA GeForce RTX 4090",89,12080,20261178,fused_int4,17,256,bf16,0.0625,256,0,3,64,20,2.100799978,PASS
"NVIDIA GeForce RTX 4090",89,12080,20261178,fused_int4,17,256,bf16,0.0625,32,1,1,64,20,1.922399923,PASS
"NVIDIA GeForce RTX 4090",89,12080,20261178,fused_int4,17,256,bf16,0.0625,64,1,0,64,20,1.93119999,PASS
"NVIDIA GeForce RTX 4090",89,12080,20261178,fused_int4,17,256,bf16,0.0625,128,1,3,64,20,1.958350092,PASS
"NVIDIA GeForce RTX 4090",89,12080,20261178,fused_int4,17,256,bf16,0.0625,256,1,2,64,20,2.101599984,PASS
"NVIDIA GeForce RTX 4090",89,12080,20261178,fused_int4,17,256,bf16,0.0625,32,2,2,64,20,1.922399923,PASS
"NVIDIA GeForce RTX 4090",89,12080,20261178,fused_int4,17,256,bf16,0.0625,64,2,3,64,20,1.930399984,PASS
"NVIDIA GeForce RTX 4090",89,12080,20261178,fused_int4,17,256,bf16,0.0625,128,2,0,64,20,1.957600005,PASS
"NVIDIA GeForce RTX 4090",89,12080,20261178,fused_int4,17,256,bf16,0.0625,256,2,1,64,20,2.101599984,PASS
"NVIDIA GeForce RTX 4090",89,12080,20261178,fused_int4,17,256,bf16,0.0625,32,3,3,64,20,1.922399923,PASS
"NVIDIA GeForce RTX 4090",89,12080,20261178,fused_int4,17,256,bf16,0.0625,64,3,2,64,20,1.931175031,PASS
"NVIDIA GeForce RTX 4090",89,12080,20261178,fused_int4,17,256,bf16,0.0625,128,3,1,64,20,1.957600005,PASS
"NVIDIA GeForce RTX 4090",89,12080,20261178,fused_int4,17,256,bf16,0.0625,256,3,0,64,20,2.101599984,PASS
"NVIDIA GeForce RTX 4090",89,12080,20261178,fused_int4,17,256,bf16,0.0625,32,4,0,64,20,1.923199929,PASS
"NVIDIA GeForce RTX 4090",89,12080,20261178,fused_int4,17,256,bf16,0.0625,64,4,1,64,20,1.930399984,PASS
"NVIDIA GeForce RTX 4090",89,12080,20261178,fused_int4,17,256,bf16,0.0625,128,4,2,64,20,1.958400011,PASS
"NVIDIA GeForce RTX 4090",89,12080,20261178,fused_int4,17,256,bf16,0.0625,256,4,3,64,20,2.101599984,PASS
"NVIDIA GeForce RTX 4090",89,12080,20265257,transform,4096,256,bf16,1,32,0,0,64,20,3.051999956,PASS
"NVIDIA GeForce RTX 4090",89,12080,20265257,transform,4096,256,bf16,1,64,0,1,64,20,2.435999922,PASS
"NVIDIA GeForce RTX 4090",89,12080,20265257,transform,4096,256,bf16,1,128,0,2,64,20,2.432000078,PASS
"NVIDIA GeForce RTX 4090",89,12080,20265257,transform,4096,256,bf16,1,256,0,3,64,20,2.385599911,PASS
"NVIDIA GeForce RTX 4090",89,12080,20265257,transform,4096,256,bf16,1,32,1,1,64,20,3.057499975,PASS
"NVIDIA GeForce RTX 4090",89,12080,20265257,transform,4096,256,bf16,1,64,1,0,64,20,2.436799929,PASS
"NVIDIA GeForce RTX 4090",89,12080,20265257,transform,4096,256,bf16,1,128,1,3,64,20,2.43439991,PASS
"NVIDIA GeForce RTX 4090",89,12080,20265257,transform,4096,256,bf16,1,256,1,2,64,20,2.386399917,PASS
"NVIDIA GeForce RTX 4090",89,12080,20265257,transform,4096,256,bf16,1,32,2,2,64,20,3.058275022,PASS
"NVIDIA GeForce RTX 4090",89,12080,20265257,transform,4096,256,bf16,1,64,2,3,64,20,2.436799929,PASS
"NVIDIA GeForce RTX 4090",89,12080,20265257,transform,4096,256,bf16,1,128,2,0,64,20,2.433449961,PASS
"NVIDIA GeForce RTX 4090",89,12080,20265257,transform,4096,256,bf16,1,256,2,1,64,20,2.387199923,PASS
"NVIDIA GeForce RTX 4090",89,12080,20265257,transform,4096,256,bf16,1,32,3,3,64,20,3.057599999,PASS
"NVIDIA GeForce RTX 4090",89,12080,20265257,transform,4096,256,bf16,1,64,3,2,64,20,2.437550016,PASS
"NVIDIA GeForce RTX 4090",89,12080,20265257,transform,4096,256,bf16,1,128,3,1,64,20,2.432649955,PASS
"NVIDIA GeForce RTX 4090",89,12080,20265257,transform,4096,256,bf16,1,256,3,0,64,20,2.386399917,PASS
"NVIDIA GeForce RTX 4090",89,12080,20265257,transform,4096,256,bf16,1,32,4,0,64,20,3.056799993,PASS
"NVIDIA GeForce RTX 4090",89,12080,20265257,transform,4096,256,bf16,1,64,4,1,64,20,2.437499911,PASS
"NVIDIA GeForce RTX 4090",89,12080,20265257,transform,4096,256,bf16,1,128,4,2,64,20,2.43360009,PASS
"NVIDIA GeForce RTX 4090",89,12080,20265257,transform,4096,256,bf16,1,256,4,3,64,20,2.385599911,PASS
"NVIDIA GeForce RTX 4090",89,12080,20265257,fused_int4,4096,256,bf16,1,32,0,0,64,20,3.503999859,PASS
"NVIDIA GeForce RTX 4090",89,12080,20265257,fused_int4,4096,256,bf16,1,64,0,1,64,20,3.059200011,PASS
"NVIDIA GeForce RTX 4090",89,12080,20265257,fused_int4,4096,256,bf16,1,128,0,2,64,20,3.027199954,PASS
"NVIDIA GeForce RTX 4090",89,12080,20265257,fused_int4,4096,256,bf16,1,256,0,3,64,20,3.052799962,PASS
"NVIDIA GeForce RTX 4090",89,12080,20265257,fused_int4,4096,256,bf16,1,32,1,1,64,20,3.510399908,PASS
"NVIDIA GeForce RTX 4090",89,12080,20265257,fused_int4,4096,256,bf16,1,64,1,0,64,20,3.063975088,PASS
"NVIDIA GeForce RTX 4090",89,12080,20265257,fused_int4,4096,256,bf16,1,128,1,3,64,20,3.028799966,PASS
"NVIDIA GeForce RTX 4090",89,12080,20265257,fused_int4,4096,256,bf16,1,256,1,2,64,20,3.05432491,PASS
"NVIDIA GeForce RTX 4090",89,12080,20265257,fused_int4,4096,256,bf16,1,32,2,2,64,20,3.5112001,PASS
"NVIDIA GeForce RTX 4090",89,12080,20265257,fused_int4,4096,256,bf16,1,64,2,3,64,20,3.067174926,PASS
"NVIDIA GeForce RTX 4090",89,12080,20265257,fused_int4,4096,256,bf16,1,128,2,0,64,20,3.03199999,PASS
"NVIDIA GeForce RTX 4090",89,12080,20265257,fused_int4,4096,256,bf16,1,256,2,1,64,20,3.056799993,PASS
"NVIDIA GeForce RTX 4090",89,12080,20265257,fused_int4,4096,256,bf16,1,32,3,3,64,20,3.512724862,PASS
"NVIDIA GeForce RTX 4090",89,12080,20265257,fused_int4,4096,256,bf16,1,64,3,2,64,20,3.067200072,PASS
"NVIDIA GeForce RTX 4090",89,12080,20265257,fused_int4,4096,256,bf16,1,128,3,1,64,20,3.03199999,PASS
"NVIDIA GeForce RTX 4090",89,12080,20265257,fused_int4,4096,256,bf16,1,256,3,0,64,20,3.056799993,PASS
"NVIDIA GeForce RTX 4090",89,12080,20265257,fused_int4,4096,256,bf16,1,32,4,0,64,20,3.511925042,PASS
"NVIDIA GeForce RTX 4090",89,12080,20265257,fused_int4,4096,256,bf16,1,64,4,1,64,20,3.066400066,PASS
"NVIDIA GeForce RTX 4090",89,12080,20265257,fused_int4,4096,256,bf16,1,128,4,2,64,20,3.035850078,PASS
"NVIDIA GeForce RTX 4090",89,12080,20265257,fused_int4,4096,256,bf16,1,256,4,3,64,20,3.067200072,PASS
"NVIDIA GeForce RTX 4090",89,12080,20265257,transform,4096,256,bf16,0.0625,32,0,0,64,20,3.068800084,PASS
"NVIDIA GeForce RTX 4090",89,12080,20265257,transform,4096,256,bf16,0.0625,64,0,1,64,20,2.449600026,PASS
"NVIDIA GeForce RTX 4090",89,12080,20265257,transform,4096,256,bf16,0.0625,128,0,2,64,20,2.44880002,PASS
"NVIDIA GeForce RTX 4090",89,12080,20265257,transform,4096,256,bf16,0.0625,256,0,3,64,20,2.397600003,PASS
"NVIDIA GeForce RTX 4090",89,12080,20265257,transform,4096,256,bf16,0.0625,32,1,1,64,20,3.071199916,PASS
"NVIDIA GeForce RTX 4090",89,12080,20265257,transform,4096,256,bf16,0.0625,64,1,0,64,20,2.450400032,PASS
"NVIDIA GeForce RTX 4090",89,12080,20265257,transform,4096,256,bf16,0.0625,128,1,3,64,20,2.44880002,PASS
"NVIDIA GeForce RTX 4090",89,12080,20265257,transform,4096,256,bf16,0.0625,256,1,2,64,20,2.397600003,PASS
"NVIDIA GeForce RTX 4090",89,12080,20265257,transform,4096,256,bf16,0.0625,32,2,2,64,20,3.071199916,PASS
"NVIDIA GeForce RTX 4090",89,12080,20265257,transform,4096,256,bf16,0.0625,64,2,3,64,20,2.450400032,PASS
"NVIDIA GeForce RTX 4090",89,12080,20265257,transform,4096,256,bf16,0.0625,128,2,0,64,20,2.448000014,PASS
"NVIDIA GeForce RTX 4090",89,12080,20265257,transform,4096,256,bf16,0.0625,256,2,1,64,20,2.398400009,PASS
"NVIDIA GeForce RTX 4090",89,12080,20265257,transform,4096,256,bf16,0.0625,32,3,3,64,20,3.07039991,PASS
"NVIDIA GeForce RTX 4090",89,12080,20265257,transform,4096,256,bf16,0.0625,64,3,2,64,20,2.449600026,PASS
"NVIDIA GeForce RTX 4090",89,12080,20265257,transform,4096,256,bf16,0.0625,128,3,1,64,20,2.449600026,PASS
"NVIDIA GeForce RTX 4090",89,12080,20265257,transform,4096,256,bf16,0.0625,256,3,0,64,20,2.398400009,PASS
"NVIDIA GeForce RTX 4090",89,12080,20265257,transform,4096,256,bf16,0.0625,32,4,0,64,20,3.071999922,PASS
"NVIDIA GeForce RTX 4090",89,12080,20265257,transform,4096,256,bf16,0.0625,64,4,1,64,20,2.451200038,PASS
"NVIDIA GeForce RTX 4090",89,12080,20265257,transform,4096,256,bf16,0.0625,128,4,2,64,20,2.44880002,PASS
"NVIDIA GeForce RTX 4090",89,12080,20265257,transform,4096,256,bf16,0.0625,256,4,3,64,20,2.399050072,PASS
"NVIDIA GeForce RTX 4090",89,12080,20265257,fused_int4,4096,256,bf16,0.0625,32,0,0,64,20,3.521599993,PASS
"NVIDIA GeForce RTX 4090",89,12080,20265257,fused_int4,4096,256,bf16,0.0625,64,0,1,64,20,3.073599935,PASS
"NVIDIA GeForce RTX 4090",89,12080,20265257,fused_int4,4096,256,bf16,0.0625,128,0,2,64,20,3.040800057,PASS
"NVIDIA GeForce RTX 4090",89,12080,20265257,fused_int4,4096,256,bf16,0.0625,256,0,3,64,20,3.067200072,PASS
"NVIDIA GeForce RTX 4090",89,12080,20265257,fused_int4,4096,256,bf16,0.0625,32,1,1,64,20,3.527975082,PASS
"NVIDIA GeForce RTX 4090",89,12080,20265257,fused_int4,4096,256,bf16,0.0625,64,1,0,64,20,3.078399971,PASS
"NVIDIA GeForce RTX 4090",89,12080,20265257,fused_int4,4096,256,bf16,0.0625,128,1,3,64,20,3.044000082,PASS
"NVIDIA GeForce RTX 4090",89,12080,20265257,fused_int4,4096,256,bf16,0.0625,256,1,2,64,20,3.068800084,PASS
"NVIDIA GeForce RTX 4090",89,12080,20265257,fused_int4,4096,256,bf16,0.0625,32,2,2,64,20,3.528799862,PASS
"NVIDIA GeForce RTX 4090",89,12080,20265257,fused_int4,4096,256,bf16,0.0625,64,2,3,64,20,3.079199977,PASS
"NVIDIA GeForce RTX 4090",89,12080,20265257,fused_int4,4096,256,bf16,0.0625,128,2,0,64,20,3.046399914,PASS
"NVIDIA GeForce RTX 4090",89,12080,20265257,fused_int4,4096,256,bf16,0.0625,256,2,1,64,20,3.06960009,PASS
"NVIDIA GeForce RTX 4090",89,12080,20265257,fused_int4,4096,256,bf16,0.0625,32,3,3,64,20,3.530399874,PASS
"NVIDIA GeForce RTX 4090",89,12080,20265257,fused_int4,4096,256,bf16,0.0625,64,3,2,64,20,3.079199977,PASS
"NVIDIA GeForce RTX 4090",89,12080,20265257,fused_int4,4096,256,bf16,0.0625,128,3,1,64,20,3.046399914,PASS
"NVIDIA GeForce RTX 4090",89,12080,20265257,fused_int4,4096,256,bf16,0.0625,256,3,0,64,20,3.07039991,PASS
"NVIDIA GeForce RTX 4090",89,12080,20265257,fused_int4,4096,256,bf16,0.0625,32,4,0,64,20,3.528000042,PASS
"NVIDIA GeForce RTX 4090",89,12080,20265257,fused_int4,4096,256,bf16,0.0625,64,4,1,64,20,3.079999983,PASS
"NVIDIA GeForce RTX 4090",89,12080,20265257,fused_int4,4096,256,bf16,0.0625,128,4,2,64,20,3.045599908,PASS
"NVIDIA GeForce RTX 4090",89,12080,20265257,fused_int4,4096,256,bf16,0.0625,256,4,3,64,20,3.06960009,PASS
"NVIDIA GeForce RTX 4090",89,12080,20277545,transform,16384,256,bf16,1,32,0,0,64,20,8.75120014,PASS
"NVIDIA GeForce RTX 4090",89,12080,20277545,transform,16384,256,bf16,1,64,0,1,64,20,6.716799736,PASS
"NVIDIA GeForce RTX 4090",89,12080,20277545,transform,16384,256,bf16,1,128,0,2,64,20,6.691200286,PASS
"NVIDIA GeForce RTX 4090",89,12080,20277545,transform,16384,256,bf16,1,256,0,3,64,20,6.663200259,PASS
"NVIDIA GeForce RTX 4090",89,12080,20277545,transform,16384,256,bf16,1,32,1,1,64,20,8.754400164,PASS
"NVIDIA GeForce RTX 4090",89,12080,20277545,transform,16384,256,bf16,1,64,1,0,64,20,6.723199785,PASS
"NVIDIA GeForce RTX 4090",89,12080,20277545,transform,16384,256,bf16,1,128,1,3,64,20,6.727200001,PASS
"NVIDIA GeForce RTX 4090",89,12080,20277545,transform,16384,256,bf16,1,256,1,2,64,20,6.679199636,PASS
"NVIDIA GeForce RTX 4090",89,12080,20277545,transform,16384,256,bf16,1,32,2,2,64,20,8.795975149,PASS
"NVIDIA GeForce RTX 4090",89,12080,20277545,transform,16384,256,bf16,1,64,2,3,64,20,6.755849719,PASS
"NVIDIA GeForce RTX 4090",89,12080,20277545,transform,16384,256,bf16,1,128,2,0,64,20,6.728000194,PASS
"NVIDIA GeForce RTX 4090",89,12080,20277545,transform,16384,256,bf16,1,256,2,1,64,20,6.692799926,PASS
"NVIDIA GeForce RTX 4090",89,12080,20277545,transform,16384,256,bf16,1,32,3,3,64,20,8.795200288,PASS
"NVIDIA GeForce RTX 4090",89,12080,20277545,transform,16384,256,bf16,1,64,3,2,64,20,6.754399836,PASS
"NVIDIA GeForce RTX 4090",89,12080,20277545,transform,16384,256,bf16,1,128,3,1,64,20,6.727974862,PASS
"NVIDIA GeForce RTX 4090",89,12080,20277545,transform,16384,256,bf16,1,256,3,0,64,20,6.692799926,PASS
"NVIDIA GeForce RTX 4090",89,12080,20277545,transform,16384,256,bf16,1,32,4,0,64,20,8.790399879,PASS
"NVIDIA GeForce RTX 4090",89,12080,20277545,transform,16384,256,bf16,1,64,4,1,64,20,6.746400148,PASS
"NVIDIA GeForce RTX 4090",89,12080,20277545,transform,16384,256,bf16,1,128,4,2,64,20,6.725600362,PASS
"NVIDIA GeForce RTX 4090",89,12080,20277545,transform,16384,256,bf16,1,256,4,3,64,20,6.69599995,PASS
"NVIDIA GeForce RTX 4090",89,12080,20277545,fused_int4,16384,256,bf16,1,32,0,0,64,20,9.232799709,PASS
"NVIDIA GeForce RTX 4090",89,12080,20277545,fused_int4,16384,256,bf16,1,64,0,1,64,20,8.509574831,PASS
"NVIDIA GeForce RTX 4090",89,12080,20277545,fused_int4,16384,256,bf16,1,128,0,2,64,20,8.487199992,PASS
"NVIDIA GeForce RTX 4090",89,12080,20277545,fused_int4,16384,256,bf16,1,256,0,3,64,20,8.488799632,PASS
"NVIDIA GeForce RTX 4090",89,12080,20277545,fused_int4,16384,256,bf16,1,32,1,1,64,20,9.463199973,PASS
"NVIDIA GeForce RTX 4090",89,12080,20277545,fused_int4,16384,256,bf16,1,64,1,0,64,20,8.769574761,PASS
"NVIDIA GeForce RTX 4090",89,12080,20277545,fused_int4,16384,256,bf16,1,128,1,3,64,20,8.575999737,PASS
"NVIDIA GeForce RTX 4090",89,12080,20277545,fused_int4,16384,256,bf16,1,256,1,2,64,20,8.524800092,PASS
"NVIDIA GeForce RTX 4090",89,12080,20277545,fused_int4,16384,256,bf16,1,32,2,2,64,20,9.394399822,PASS
"NVIDIA GeForce RTX 4090",89,12080,20277545,fused_int4,16384,256,bf16,1,64,2,3,64,20,8.650399745,PASS
"NVIDIA GeForce RTX 4090",89,12080,20277545,fused_int4,16384,256,bf16,1,128,2,0,64,20,8.5992001,PASS
"NVIDIA GeForce RTX 4090",89,12080,20277545,fused_int4,16384,256,bf16,1,256,2,1,64,20,8.556000143,PASS
"NVIDIA GeForce RTX 4090",89,12080,20277545,fused_int4,16384,256,bf16,1,32,3,3,64,20,9.399200231,PASS
"NVIDIA GeForce RTX 4090",89,12080,20277545,fused_int4,16384,256,bf16,1,64,3,2,64,20,8.651199937,PASS
"NVIDIA GeForce RTX 4090",89,12080,20277545,fused_int4,16384,256,bf16,1,128,3,1,64,20,8.583875,PASS
"NVIDIA GeForce RTX 4090",89,12080,20277545,fused_int4,16384,256,bf16,1,256,3,0,64,20,8.528000116,PASS
"NVIDIA GeForce RTX 4090",89,12080,20277545,fused_int4,16384,256,bf16,1,32,4,0,64,20,9.398400038,PASS
"NVIDIA GeForce RTX 4090",89,12080,20277545,fused_int4,16384,256,bf16,1,64,4,1,64,20,8.652000129,PASS
"NVIDIA GeForce RTX 4090",89,12080,20277545,fused_int4,16384,256,bf16,1,128,4,2,64,20,8.5239999,PASS
"NVIDIA GeForce RTX 4090",89,12080,20277545,fused_int4,16384,256,bf16,1,256,4,3,64,20,8.462399989,PASS
"NVIDIA GeForce RTX 4090",89,12080,20277545,transform,16384,256,bf16,0.0625,32,0,0,64,20,8.792799711,PASS
"NVIDIA GeForce RTX 4090",89,12080,20277545,transform,16384,256,bf16,0.0625,64,0,1,64,20,6.741599739,PASS
"NVIDIA GeForce RTX 4090",89,12080,20277545,transform,16384,256,bf16,0.0625,128,0,2,64,20,6.719200313,PASS
"NVIDIA GeForce RTX 4090",89,12080,20277545,transform,16384,256,bf16,0.0625,256,0,3,64,20,6.688799709,PASS
"NVIDIA GeForce RTX 4090",89,12080,20277545,transform,16384,256,bf16,0.0625,32,1,1,64,20,8.776000142,PASS
"NVIDIA GeForce RTX 4090",89,12080,20277545,transform,16384,256,bf16,0.0625,64,1,0,64,20,6.749600172,PASS
"NVIDIA GeForce RTX 4090",89,12080,20277545,transform,16384,256,bf16,0.0625,128,1,3,64,20,6.723199785,PASS
"NVIDIA GeForce RTX 4090",89,12080,20277545,transform,16384,256,bf16,0.0625,256,1,2,64,20,6.686274707,PASS
"NVIDIA GeForce RTX 4090",89,12080,20277545,transform,16384,256,bf16,0.0625,32,2,2,64,20,8.79919976,PASS
"NVIDIA GeForce RTX 4090",89,12080,20277545,transform,16384,256,bf16,0.0625,64,2,3,64,20,6.763199717,PASS
"NVIDIA GeForce RTX 4090",89,12080,20277545,transform,16384,256,bf16,0.0625,128,2,0,64,20,6.722400337,PASS
"NVIDIA GeForce RTX 4090",89,12080,20277545,transform,16384,256,bf16,0.0625,256,2,1,64,20,6.690400094,PASS
"NVIDIA GeForce RTX 4090",89,12080,20277545,transform,16384,256,bf16,0.0625,32,3,3,64,20,8.809600025,PASS
"NVIDIA GeForce RTX 4090",89,12080,20277545,transform,16384,256,bf16,0.0625,64,3,2,64,20,6.760674715,PASS
"NVIDIA GeForce RTX 4090",89,12080,20277545,transform,16384,256,bf16,0.0625,128,3,1,64,20,6.731200218,PASS
"NVIDIA GeForce RTX 4090",89,12080,20277545,transform,16384,256,bf16,0.0625,256,3,0,64,20,6.703975052,PASS
"NVIDIA GeForce RTX 4090",89,12080,20277545,transform,16384,256,bf16,0.0625,32,4,0,64,20,8.807200193,PASS
"NVIDIA GeForce RTX 4090",89,12080,20277545,transform,16384,256,bf16,0.0625,64,4,1,64,20,6.756000221,PASS
"NVIDIA GeForce RTX 4090",89,12080,20277545,transform,16384,256,bf16,0.0625,128,4,2,64,20,6.729599833,PASS
"NVIDIA GeForce RTX 4090",89,12080,20277545,transform,16384,256,bf16,0.0625,256,4,3,64,20,6.703200191,PASS
"NVIDIA GeForce RTX 4090",89,12080,20277545,fused_int4,16384,256,bf16,0.0625,32,0,0,64,20,9.235999733,PASS
"NVIDIA GeForce RTX 4090",89,12080,20277545,fused_int4,16384,256,bf16,0.0625,64,0,1,64,20,8.5239999,PASS
"NVIDIA GeForce RTX 4090",89,12080,20277545,fused_int4,16384,256,bf16,0.0625,128,0,2,64,20,8.468800038,PASS
"NVIDIA GeForce RTX 4090",89,12080,20277545,fused_int4,16384,256,bf16,0.0625,256,0,3,64,20,8.413600177,PASS
"NVIDIA GeForce RTX 4090",89,12080,20277545,fused_int4,16384,256,bf16,0.0625,32,1,1,64,20,9.296800196,PASS
"NVIDIA GeForce RTX 4090",89,12080,20277545,fused_int4,16384,256,bf16,0.0625,64,1,0,64,20,8.534400165,PASS
"NVIDIA GeForce RTX 4090",89,12080,20277545,fused_int4,16384,256,bf16,0.0625,128,1,3,64,20,8.613599837,PASS
"NVIDIA GeForce RTX 4090",89,12080,20277545,fused_int4,16384,256,bf16,0.0625,256,1,2,64,20,8.529599756,PASS
"NVIDIA GeForce RTX 4090",89,12080,20277545,fused_int4,16384,256,bf16,0.0625,32,2,2,64,20,9.424000233,PASS
"NVIDIA GeForce RTX 4090",89,12080,20277545,fused_int4,16384,256,bf16,0.0625,64,2,3,64,20,8.675999939,PASS
"NVIDIA GeForce RTX 4090",89,12080,20277545,fused_int4,16384,256,bf16,0.0625,128,2,0,64,20,8.614400029,PASS
"NVIDIA GeForce RTX 4090",89,12080,20277545,fused_int4,16384,256,bf16,0.0625,256,2,1,64,20,8.563199639,PASS
"NVIDIA GeForce RTX 4090",89,12080,20277545,fused_int4,16384,256,bf16,0.0625,32,3,3,64,20,9.395074844,PASS
"NVIDIA GeForce RTX 4090",89,12080,20277545,fused_int4,16384,256,bf16,0.0625,64,3,2,64,20,8.6368002,PASS
"NVIDIA GeForce RTX 4090",89,12080,20277545,fused_int4,16384,256,bf16,0.0625,128,3,1,64,20,8.553600311,PASS
"NVIDIA GeForce RTX 4090",89,12080,20277545,fused_int4,16384,256,bf16,0.0625,256,3,0,64,20,8.554399759,PASS
"NVIDIA GeForce RTX 4090",89,12080,20277545,fused_int4,16384,256,bf16,0.0625,32,4,0,64,20,9.399049729,PASS
"NVIDIA GeForce RTX 4090",89,12080,20277545,fused_int4,16384,256,bf16,0.0625,64,4,1,64,20,8.658400178,PASS
"NVIDIA GeForce RTX 4090",89,12080,20277545,fused_int4,16384,256,bf16,0.0625,128,4,2,64,20,8.577474952,PASS
"NVIDIA GeForce RTX 4090",89,12080,20277545,fused_int4,16384,256,bf16,0.0625,256,4,3,64,20,8.526399732,PASS
