gpu,sm,cuda_runtime,seed,mode,rows,dim,dtype,scale,threads,group,order,captured_calls,replays,mean_us,check_status
"NVIDIA GeForce RTX 4090",89,12080,20260922,transform,1,16,fp16,1,32,0,0,64,20,0.8712000214,PASS
"NVIDIA GeForce RTX 4090",89,12080,20260922,transform,1,16,fp16,1,64,0,1,64,20,0.8712000214,PASS
"NVIDIA GeForce RTX 4090",89,12080,20260922,transform,1,16,fp16,1,128,0,2,64,20,0.8622249588,PASS
"NVIDIA GeForce RTX 4090",89,12080,20260922,transform,1,16,fp16,1,256,0,3,64,20,0.8608000353,PASS
"NVIDIA GeForce RTX 4090",89,12080,20260922,transform,1,16,fp16,1,32,1,1,64,20,0.8712000214,PASS
"NVIDIA GeForce RTX 4090",89,12080,20260922,transform,1,16,fp16,1,64,1,0,64,20,0.8720000274,PASS
"NVIDIA GeForce RTX 4090",89,12080,20260922,transform,1,16,fp16,1,128,1,3,64,20,0.8616000414,PASS
"NVIDIA GeForce RTX 4090",89,12080,20260922,transform,1,16,fp16,1,256,1,2,64,20,0.8608000353,PASS
"NVIDIA GeForce RTX 4090",89,12080,20260922,transform,1,16,fp16,1,32,2,2,64,20,0.8712000214,PASS
"NVIDIA GeForce RTX 4090",89,12080,20260922,transform,1,16,fp16,1,64,2,3,64,20,0.8712000214,PASS
"NVIDIA GeForce RTX 4090",89,12080,20260922,transform,1,16,fp16,1,128,2,0,64,20,0.8616000414,PASS
"NVIDIA GeForce RTX 4090",89,12080,20260922,transform,1,16,fp16,1,256,2,1,64,20,0.8600000292,PASS
"NVIDIA GeForce RTX 4090",89,12080,20260922,transform,1,16,fp16,1,32,3,3,64,20,0.8712000214,PASS
"NVIDIA GeForce RTX 4090",89,12080,20260922,transform,1,16,fp16,1,64,3,2,64,20,0.8712000214,PASS
"NVIDIA GeForce RTX 4090",89,12080,20260922,transform,1,16,fp16,1,128,3,1,64,20,0.8616000414,PASS
"NVIDIA GeForce RTX 4090",89,12080,20260922,transform,1,16,fp16,1,256,3,0,64,20,0.8600000292,PASS
"NVIDIA GeForce RTX 4090",89,12080,20260922,transform,1,16,fp16,1,32,4,0,64,20,0.8711249568,PASS
"NVIDIA GeForce RTX 4090",89,12080,20260922,transform,1,16,fp16,1,64,4,1,64,20,0.8712000214,PASS
"NVIDIA GeForce RTX 4090",89,12080,20260922,transform,1,16,fp16,1,128,4,2,64,20,0.8616000414,PASS
"NVIDIA GeForce RTX 4090",89,12080,20260922,transform,1,16,fp16,1,256,4,3,64,20,0.8608000353,PASS
"NVIDIA GeForce RTX 4090",89,12080,20260922,fused_int4,1,16,fp16,1,32,0,0,64,20,1.078400016,PASS
"NVIDIA GeForce RTX 4090",89,12080,20260922,fused_int4,1,16,fp16,1,64,0,1,64,20,1.07760001,PASS
"NVIDIA GeForce RTX 4090",89,12080,20260922,fused_int4,1,16,fp16,1,128,0,2,64,20,1.068800036,PASS
"NVIDIA GeForce RTX 4090",89,12080,20260922,fused_int4,1,16,fp16,1,256,0,3,64,20,1.064800005,PASS
"NVIDIA GeForce RTX 4090",89,12080,20260922,fused_int4,1,16,fp16,1,32,1,1,64,20,1.078400016,PASS
"NVIDIA GeForce RTX 4090",89,12080,20260922,fused_int4,1,16,fp16,1,64,1,0,64,20,1.078400016,PASS
"NVIDIA GeForce RTX 4090",89,12080,20260922,fused_int4,1,16,fp16,1,128,1,3,64,20,1.069600042,PASS
"NVIDIA GeForce RTX 4090",89,12080,20260922,fused_int4,1,16,fp16,1,256,1,2,64,20,1.065600011,PASS
"NVIDIA GeForce RTX 4090",89,12080,20260922,fused_int4,1,16,fp16,1,32,2,2,64,20,1.078400016,PASS
"NVIDIA GeForce RTX 4090",89,12080,20260922,fused_int4,1,16,fp16,1,64,2,3,64,20,1.078400016,PASS
"NVIDIA GeForce RTX 4090",89,12080,20260922,fused_int4,1,16,fp16,1,128,2,0,64,20,1.070324983,PASS
"NVIDIA GeForce RTX 4090",89,12080,20260922,fused_int4,1,16,fp16,1,256,2,1,64,20,1.065600011,PASS
"NVIDIA GeForce RTX 4090",89,12080,20260922,fused_int4,1,16,fp16,1,32,3,3,64,20,1.078400016,PASS
"NVIDIA GeForce RTX 4090",89,12080,20260922,fused_int4,1,16,fp16,1,64,3,2,64,20,1.078400016,PASS
"NVIDIA GeForce RTX 4090",89,12080,20260922,fused_int4,1,16,fp16,1,128,3,1,64,20,1.069600042,PASS
"NVIDIA GeForce RTX 4090",89,12080,20260922,fused_int4,1,16,fp16,1,256,3,0,64,20,1.065600011,PASS
"NVIDIA GeForce RTX 4090",89,12080,20260922,fused_int4,1,16,fp16,1,32,4,0,64,20,1.078400016,PASS
"NVIDIA GeForce RTX 4090",89,12080,20260922,fused_int4,1,16,fp16,1,64,4,1,64,20,1.078400016,PASS
"NVIDIA GeForce RTX 4090",89,12080,20260922,fused_int4,1,16,fp16,1,128,4,2,64,20,1.070274971,PASS
"NVIDIA GeForce RTX 4090",89,12080,20260922,fused_int4,1,16,fp16,1,256,4,3,64,20,1.065600011,PASS
"NVIDIA GeForce RTX 4090",89,12080,20260922,transform,1,16,fp16,0.25,32,0,0,64,20,0.8712000214,PASS
"NVIDIA GeForce RTX 4090",89,12080,20260922,transform,1,16,fp16,0.25,64,0,1,64,20,0.8704000153,PASS
"NVIDIA GeForce RTX 4090",89,12080,20260922,transform,1,16,fp16,0.25,128,0,2,64,20,0.8616000414,PASS
"NVIDIA GeForce RTX 4090",89,12080,20260922,transform,1,16,fp16,0.25,256,0,3,64,20,0.858400017,PASS
"NVIDIA GeForce RTX 4090",89,12080,20260922,transform,1,16,fp16,0.25,32,1,1,64,20,0.8712000214,PASS
"NVIDIA GeForce RTX 4090",89,12080,20260922,transform,1,16,fp16,0.25,64,1,0,64,20,0.8704000153,PASS
"NVIDIA GeForce RTX 4090",89,12080,20260922,transform,1,16,fp16,0.25,128,1,3,64,20,0.8616000414,PASS
"NVIDIA GeForce RTX 4090",89,12080,20260922,transform,1,16,fp16,0.25,256,1,2,64,20,0.8592000231,PASS
"NVIDIA GeForce RTX 4090",89,12080,20260922,transform,1,16,fp16,0.25,32,2,2,64,20,0.8712000214,PASS
"NVIDIA GeForce RTX 4090",89,12080,20260922,transform,1,16,fp16,0.25,64,2,3,64,20,0.8710999973,PASS
"NVIDIA GeForce RTX 4090",89,12080,20260922,transform,1,16,fp16,0.25,128,2,0,64,20,0.8608000353,PASS
"NVIDIA GeForce RTX 4090",89,12080,20260922,transform,1,16,fp16,0.25,256,2,1,64,20,0.8591249585,PASS
"NVIDIA GeForce RTX 4090",89,12080,20260922,transform,1,16,fp16,0.25,32,3,3,64,20,0.8712000214,PASS
"NVIDIA GeForce RTX 4090",89,12080,20260922,transform,1,16,fp16,0.25,64,3,2,64,20,0.8704000153,PASS
"NVIDIA GeForce RTX 4090",89,12080,20260922,transform,1,16,fp16,0.25,128,3,1,64,20,0.8623999543,PASS
"NVIDIA GeForce RTX 4090",89,12080,20260922,transform,1,16,fp16,0.25,256,3,0,64,20,0.8592000231,PASS
"NVIDIA GeForce RTX 4090",89,12080,20260922,transform,1,16,fp16,0.25,32,4,0,64,20,0.8710999973,PASS
"NVIDIA GeForce RTX 4090",89,12080,20260922,transform,1,16,fp16,0.25,64,4,1,64,20,0.8704000153,PASS
"NVIDIA GeForce RTX 4090",89,12080,20260922,transform,1,16,fp16,0.25,128,4,2,64,20,0.8616000414,PASS
"NVIDIA GeForce RTX 4090",89,12080,20260922,transform,1,16,fp16,0.25,256,4,3,64,20,0.8592000231,PASS
"NVIDIA GeForce RTX 4090",89,12080,20260922,fused_int4,1,16,fp16,0.25,32,0,0,64,20,1.078299992,PASS
"NVIDIA GeForce RTX 4090",89,12080,20260922,fused_int4,1,16,fp16,0.25,64,0,1,64,20,1.078400016,PASS
"NVIDIA GeForce RTX 4090",89,12080,20260922,fused_int4,1,16,fp16,0.25,128,0,2,64,20,1.070324983,PASS
"NVIDIA GeForce RTX 4090",89,12080,20260922,fused_int4,1,16,fp16,0.25,256,0,3,64,20,1.066400018,PASS
"NVIDIA GeForce RTX 4090",89,12080,20260922,fused_int4,1,16,fp16,0.25,32,1,1,64,20,1.078325044,PASS
"NVIDIA GeForce RTX 4090",89,12080,20260922,fused_int4,1,16,fp16,0.25,64,1,0,64,20,1.07760001,PASS
"NVIDIA GeForce RTX 4090",89,12080,20260922,fused_int4,1,16,fp16,0.25,128,1,3,64,20,1.070250012,PASS
"NVIDIA GeForce RTX 4090",89,12080,20260922,fused_int4,1,16,fp16,0.25,256,1,2,64,20,1.065600011,PASS
"NVIDIA GeForce RTX 4090",89,12080,20260922,fused_int4,1,16,fp16,0.25,32,2,2,64,20,1.079200022,PASS
"NVIDIA GeForce RTX 4090",89,12080,20260922,fused_int4,1,16,fp16,0.25,64,2,3,64,20,1.079200022,PASS
"NVIDIA GeForce RTX 4090",89,12080,20260922,fused_int4,1,16,fp16,0.25,128,2,0,64,20,1.069600042,PASS
"NVIDIA GeForce RTX 4090",89,12080,20260922,fused_int4,1,16,fp16,0.25,256,2,1,64,20,1.067200024,PASS
"NVIDIA GeForce RTX 4090",89,12080,20260922,fused_int4,1,16,fp16,0.25,32,3,3,64,20,1.078400016,PASS
"NVIDIA GeForce RTX 4090",89,12080,20260922,fused_int4,1,16,fp16,0.25,64,3,2,64,20,1.078400016,PASS
"NVIDIA GeForce RTX 4090",89,12080,20260922,fused_int4,1,16,fp16,0.25,128,3,1,64,20,1.070350036,PASS
"NVIDIA GeForce RTX 4090",89,12080,20260922,fused_int4,1,16,fp16,0.25,256,3,0,64,20,1.065600011,PASS
"NVIDIA GeForce RTX 4090",89,12080,20260922,fused_int4,1,16,fp16,0.25,32,4,0,64,20,1.078400016,PASS
"NVIDIA GeForce RTX 4090",89,12080,20260922,fused_int4,1,16,fp16,0.25,64,4,1,64,20,1.078400016,PASS
"NVIDIA GeForce RTX 4090",89,12080,20260922,fused_int4,1,16,fp16,0.25,128,4,2,64,20,1.069600042,PASS
"NVIDIA GeForce RTX 4090",89,12080,20260922,fused_int4,1,16,fp16,0.25,256,4,3,64,20,1.067974977,PASS
"NVIDIA GeForce RTX 4090",89,12080,20260938,transform,17,16,fp16,1,32,0,0,64,20,0.8767999709,PASS
"NVIDIA GeForce RTX 4090",89,12080,20260938,transform,17,16,fp16,1,64,0,1,64,20,0.8744000457,PASS
"NVIDIA GeForce RTX 4090",89,12080,20260938,transform,17,16,fp16,1,128,0,2,64,20,0.8663499728,PASS
"NVIDIA GeForce RTX 4090",89,12080,20260938,transform,17,16,fp16,1,256,0,3,64,20,0.8663999848,PASS
"NVIDIA GeForce RTX 4090",89,12080,20260938,transform,17,16,fp16,1,32,1,1,64,20,0.8766500279,PASS
"NVIDIA GeForce RTX 4090",89,12080,20260938,transform,17,16,fp16,1,64,1,0,64,20,0.8751999587,PASS
"NVIDIA GeForce RTX 4090",89,12080,20260938,transform,17,16,fp16,1,128,1,3,64,20,0.8663999848,PASS
"NVIDIA GeForce RTX 4090",89,12080,20260938,transform,17,16,fp16,1,256,1,2,64,20,0.8663999848,PASS
"NVIDIA GeForce RTX 4090",89,12080,20260938,transform,17,16,fp16,1,32,2,2,64,20,0.8766749874,PASS
"NVIDIA GeForce RTX 4090",89,12080,20260938,transform,17,16,fp16,1,64,2,3,64,20,0.8759999648,PASS
"NVIDIA GeForce RTX 4090",89,12080,20260938,transform,17,16,fp16,1,128,2,0,64,20,0.8655999787,PASS
"NVIDIA GeForce RTX 4090",89,12080,20260938,transform,17,16,fp16,1,256,2,1,64,20,0.8662750013,PASS
"NVIDIA GeForce RTX 4090",89,12080,20260938,transform,17,16,fp16,1,32,3,3,64,20,0.8767999709,PASS
"NVIDIA GeForce RTX 4090",89,12080,20260938,transform,17,16,fp16,1,64,3,2,64,20,0.8759999648,PASS
"NVIDIA GeForce RTX 4090",89,12080,20260938,transform,17,16,fp16,1,128,3,1,64,20,0.8663999848,PASS
"NVIDIA GeForce RTX 4090",89,12080,20260938,transform,17,16,fp16,1,256,3,0,64,20,0.8663999848,PASS
"NVIDIA GeForce RTX 4090",89,12080,20260938,transform,17,16,fp16,1,32,4,0,64,20,0.8759999648,PASS
"NVIDIA GeForce RTX 4090",89,12080,20260938,transform,17,16,fp16,1,64,4,1,64,20,0.8759999648,PASS
"NVIDIA GeForce RTX 4090",89,12080,20260938,transform,17,16,fp16,1,128,4,2,64,20,0.8655999787,PASS
"NVIDIA GeForce RTX 4090",89,12080,20260938,transform,17,16,fp16,1,256,4,3,64,20,0.8662750013,PASS
"NVIDIA GeForce RTX 4090",89,12080,20260938,fused_int4,17,16,fp16,1,32,0,0,64,20,1.109599974,PASS
"NVIDIA GeForce RTX 4090",89,12080,20260938,fused_int4,17,16,fp16,1,64,0,1,64,20,1.114299987,PASS
"NVIDIA GeForce RTX 4090",89,12080,20260938,fused_int4,17,16,fp16,1,128,0,2,64,20,1.076800004,PASS
"NVIDIA GeForce RTX 4090",89,12080,20260938,fused_int4,17,16,fp16,1,256,0,3,64,20,1.09120002,PASS
"NVIDIA GeForce RTX 4090",89,12080,20260938,fused_int4,17,16,fp16,1,32,1,1,64,20,1.108799968,PASS
"NVIDIA GeForce RTX 4090",89,12080,20260938,fused_int4,17,16,fp16,1,64,1,0,64,20,1.113600004,PASS
"NVIDIA GeForce RTX 4090",89,12080,20260938,fused_int4,17,16,fp16,1,128,1,3,64,20,1.07760001,PASS
"NVIDIA GeForce RTX 4090",89,12080,20260938,fused_int4,17,16,fp16,1,256,1,2,64,20,1.090400014,PASS
"NVIDIA GeForce RTX 4090",89,12080,20260938,fused_int4,17,16,fp16,1,32,2,2,64,20,1.109599974,PASS
"NVIDIA GeForce RTX 4090",89,12080,20260938,fused_int4,17,16,fp16,1,64,2,3,64,20,1.114400011,PASS
"NVIDIA GeForce RTX 4090",89,12080,20260938,fused_int4,17,16,fp16,1,128,2,0,64,20,1.077499986,PASS
"NVIDIA GeForce RTX 4090",89,12080,20260938,fused_int4,17,16,fp16,1,256,2,1,64,20,1.09120002,PASS
"NVIDIA GeForce RTX 4090",89,12080,20260938,fused_int4,17,16,fp16,1,32,3,3,64,20,1.109599974,PASS
"NVIDIA GeForce RTX 4090",89,12080,20260938,fused_int4,17,16,fp16,1,64,3,2,64,20,1.114400011,PASS
"NVIDIA GeForce RTX 4090",89,12080,20260938,fused_int4,17,16,fp16,1,128,3,1,64,20,1.078400016,PASS
"NVIDIA GeForce RTX 4090",89,12080,20260938,fused_int4,17,16,fp16,1,256,3,0,64,20,1.09120002,PASS
"NVIDIA GeForce RTX 4090",89,12080,20260938,fused_int4,17,16,fp16,1,32,4,0,64,20,1.109525003,PASS
"NVIDIA GeForce RTX 4090",89,12080,20260938,fused_int4,17,16,fp16,1,64,4,1,64,20,1.114400011,PASS
"NVIDIA GeForce RTX 4090",89,12080,20260938,fused_int4,17,16,fp16,1,128,4,2,64,20,1.076800004,PASS
"NVIDIA GeForce RTX 4090",89,12080,20260938,fused_int4,17,16,fp16,1,256,4,3,64,20,1.090400014,PASS
"NVIDIA GeForce RTX 4090",89,12080,20260938,transform,17,16,fp16,0.25,32,0,0,64,20,0.8751999587,PASS
"NVIDIA GeForce RTX 4090",89,12080,20260938,transform,17,16,fp16,0.25,64,0,1,64,20,0.8759999648,PASS
"NVIDIA GeForce RTX 4090",89,12080,20260938,transform,17,16,fp16,0.25,128,0,2,64,20,0.8688000031,PASS
"NVIDIA GeForce RTX 4090",89,12080,20260938,transform,17,16,fp16,0.25,256,0,3,64,20,0.8663999848,PASS
"NVIDIA GeForce RTX 4090",89,12080,20260938,transform,17,16,fp16,0.25,32,1,1,64,20,0.8750749752,PASS
"NVIDIA GeForce RTX 4090",89,12080,20260938,transform,17,16,fp16,0.25,64,1,0,64,20,0.8759999648,PASS
"NVIDIA GeForce RTX 4090",89,12080,20260938,transform,17,16,fp16,0.25,128,1,3,64,20,0.8663999848,PASS
"NVIDIA GeForce RTX 4090",89,12080,20260938,transform,17,16,fp16,0.25,256,1,2,64,20,0.8663999848,PASS
"NVIDIA GeForce RTX 4090",89,12080,20260938,transform,17,16,fp16,0.25,32,2,2,64,20,0.8744000457,PASS
"NVIDIA GeForce RTX 4090",89,12080,20260938,transform,17,16,fp16,0.25,64,2,3,64,20,0.8767999709,PASS
"NVIDIA GeForce RTX 4090",89,12080,20260938,transform,17,16,fp16,0.25,128,2,0,64,20,0.8663999848,PASS
"NVIDIA GeForce RTX 4090",89,12080,20260938,transform,17,16,fp16,0.25,256,2,1,64,20,0.8671999909,PASS
"NVIDIA GeForce RTX 4090",89,12080,20260938,transform,17,16,fp16,0.25,32,3,3,64,20,0.8744000457,PASS
"NVIDIA GeForce RTX 4090",89,12080,20260938,transform,17,16,fp16,0.25,64,3,2,64,20,0.8751999587,PASS
"NVIDIA GeForce RTX 4090",89,12080,20260938,transform,17,16,fp16,0.25,128,3,1,64,20,0.8663999848,PASS
"NVIDIA GeForce RTX 4090",89,12080,20260938,transform,17,16,fp16,0.25,256,3,0,64,20,0.8671999909,PASS
"NVIDIA GeForce RTX 4090",89,12080,20260938,transform,17,16,fp16,0.25,32,4,0,64,20,0.8750500157,PASS
"NVIDIA GeForce RTX 4090",89,12080,20260938,transform,17,16,fp16,0.25,64,4,1,64,20,0.8767999709,PASS
"NVIDIA GeForce RTX 4090",89,12080,20260938,transform,17,16,fp16,0.25,128,4,2,64,20,0.8663999848,PASS
"NVIDIA GeForce RTX 4090",89,12080,20260938,transform,17,16,fp16,0.25,256,4,3,64,20,0.8663999848,PASS
"NVIDIA GeForce RTX 4090",89,12080,20260938,fused_int4,17,16,fp16,0.25,32,0,0,64,20,1.110325009,PASS
"NVIDIA GeForce RTX 4090",89,12080,20260938,fused_int4,17,16,fp16,0.25,64,0,1,64,20,1.114400011,PASS
"NVIDIA GeForce RTX 4090",89,12080,20260938,fused_int4,17,16,fp16,0.25,128,0,2,64,20,1.076800004,PASS
"NVIDIA GeForce RTX 4090",89,12080,20260938,fused_int4,17,16,fp16,0.25,256,0,3,64,20,1.09120002,PASS
"NVIDIA GeForce RTX 4090",89,12080,20260938,fused_int4,17,16,fp16,0.25,32,1,1,64,20,1.109599974,PASS
"NVIDIA GeForce RTX 4090",89,12080,20260938,fused_int4,17,16,fp16,0.25,64,1,0,64,20,1.113575045,PASS
"NVIDIA GeForce RTX 4090",89,12080,20260938,fused_int4,17,16,fp16,0.25,128,1,3,64,20,1.07760001,PASS
"NVIDIA GeForce RTX 4090",89,12080,20260938,fused_int4,17,16,fp16,0.25,256,1,2,64,20,1.09120002,PASS
"NVIDIA GeForce RTX 4090",89,12080,20260938,fused_int4,17,16,fp16,0.25,32,2,2,64,20,1.109599974,PASS
"NVIDIA GeForce RTX 4090",89,12080,20260938,fused_int4,17,16,fp16,0.25,64,2,3,64,20,1.113549992,PASS
"NVIDIA GeForce RTX 4090",89,12080,20260938,fused_int4,17,16,fp16,0.25,128,2,0,64,20,1.07760001,PASS
"NVIDIA GeForce RTX 4090",89,12080,20260938,fused_int4,17,16,fp16,0.25,256,2,1,64,20,1.090400014,PASS
"NVIDIA GeForce RTX 4090",89,12080,20260938,fused_int4,17,16,fp16,0.25,32,3,3,64,20,1.108799968,PASS
"NVIDIA GeForce RTX 4090",89,12080,20260938,fused_int4,17,16,fp16,0.25,64,3,2,64,20,1.114325039,PASS
"NVIDIA GeForce RTX 4090",89,12080,20260938,fused_int4,17,16,fp16,0.25,128,3,1,64,20,1.076800004,PASS
"NVIDIA GeForce RTX 4090",89,12080,20260938,fused_int4,17,16,fp16,0.25,256,3,0,64,20,1.09120002,PASS
"NVIDIA GeForce RTX 4090",89,12080,20260938,fused_int4,17,16,fp16,0.25,32,4,0,64,20,1.109599974,PASS
"NVIDIA GeForce RTX 4090",89,12080,20260938,fused_int4,17,16,fp16,0.25,64,4,1,64,20,1.113600004,PASS
"NVIDIA GeForce RTX 4090",89,12080,20260938,fused_int4,17,16,fp16,0.25,128,4,2,64,20,1.076649968,PASS
"NVIDIA GeForce RTX 4090",89,12080,20260938,fused_int4,17,16,fp16,0.25,256,4,3,64,20,1.09120002,PASS
"NVIDIA GeForce RTX 4090",89,12080,20265017,transform,4096,16,fp16,1,32,0,0,64,20,2.931199968,PASS
"NVIDIA GeForce RTX 4090",89,12080,20265017,transform,4096,16,fp16,1,64,0,1,64,20,1.985500008,PASS
"NVIDIA GeForce RTX 4090",89,12080,20265017,transform,4096,16,fp16,1,128,0,2,64,20,1.503999997,PASS
"NVIDIA GeForce RTX 4090",89,12080,20265017,transform,4096,16,fp16,1,256,0,3,64,20,1.282399986,PASS
"NVIDIA GeForce RTX 4090",89,12080,20265017,transform,4096,16,fp16,1,32,1,1,64,20,2.930399962,PASS
"NVIDIA GeForce RTX 4090",89,12080,20265017,transform,4096,16,fp16,1,64,1,0,64,20,1.986400038,PASS
"NVIDIA GeForce RTX 4090",89,12080,20265017,transform,4096,16,fp16,1,128,1,3,64,20,1.503999997,PASS
"NVIDIA GeForce RTX 4090",89,12080,20265017,transform,4096,16,fp16,1,256,1,2,64,20,1.28159998,PASS
"NVIDIA GeForce RTX 4090",89,12080,20265017,transform,4096,16,fp16,1,32,2,2,64,20,2.931199968,PASS
"NVIDIA GeForce RTX 4090",89,12080,20265017,transform,4096,16,fp16,1,64,2,3,64,20,1.98710002,PASS
"NVIDIA GeForce RTX 4090",89,12080,20265017,transform,4096,16,fp16,1,128,2,0,64,20,1.504800003,PASS
"NVIDIA GeForce RTX 4090",89,12080,20265017,transform,4096,16,fp16,1,256,2,1,64,20,1.280799974,PASS
"NVIDIA GeForce RTX 4090",89,12080,20265017,transform,4096,16,fp16,1,32,3,3,64,20,2.930399962,PASS
"NVIDIA GeForce RTX 4090",89,12080,20265017,transform,4096,16,fp16,1,64,3,2,64,20,1.986400038,PASS
"NVIDIA GeForce RTX 4090",89,12080,20265017,transform,4096,16,fp16,1,128,3,1,64,20,1.504800003,PASS
"NVIDIA GeForce RTX 4090",89,12080,20265017,transform,4096,16,fp16,1,256,3,0,64,20,1.282399986,PASS
"NVIDIA GeForce RTX 4090",89,12080,20265017,transform,4096,16,fp16,1,32,4,0,64,20,2.931150049,PASS
"NVIDIA GeForce RTX 4090",89,12080,20265017,transform,4096,16,fp16,1,64,4,1,64,20,1.985600032,PASS
"NVIDIA GeForce RTX 4090",89,12080,20265017,transform,4096,16,fp16,1,128,4,2,64,20,1.504800003,PASS
"NVIDIA GeForce RTX 4090",89,12080,20265017,transform,4096,16,fp16,1,256,4,3,64,20,1.280799974,PASS
"NVIDIA GeForce RTX 4090",89,12080,20265017,fused_int4,4096,16,fp16,1,32,0,0,64,20,3.178400174,PASS
"NVIDIA GeForce RTX 4090",89,12080,20265017,fused_int4,4096,16,fp16,1,64,0,1,64,20,2.21677497,PASS
"NVIDIA GeForce RTX 4090",89,12080,20265017,fused_int4,4096,16,fp16,1,128,0,2,64,20,1.766300015,PASS
"NVIDIA GeForce RTX 4090",89,12080,20265017,fused_int4,4096,16,fp16,1,256,0,3,64,20,1.602274925,PASS
"NVIDIA GeForce RTX 4090",89,12080,20265017,fused_int4,4096,16,fp16,1,32,1,1,64,20,3.180000186,PASS
"NVIDIA GeForce RTX 4090",89,12080,20265017,fused_int4,4096,16,fp16,1,64,1,0,64,20,2.218274958,PASS
"NVIDIA GeForce RTX 4090",89,12080,20265017,fused_int4,4096,16,fp16,1,128,1,3,64,20,1.765600033,PASS
"NVIDIA GeForce RTX 4090",89,12080,20265017,fused_int4,4096,16,fp16,1,256,1,2,64,20,1.602399908,PASS
"NVIDIA GeForce RTX 4090",89,12080,20265017,fused_int4,4096,16,fp16,1,32,2,2,64,20,3.180000186,PASS
"NVIDIA GeForce RTX 4090",89,12080,20265017,fused_int4,4096,16,fp16,1,64,2,3,64,20,2.217599936,PASS
"NVIDIA GeForce RTX 4090",89,12080,20265017,fused_int4,4096,16,fp16,1,128,2,0,64,20,1.766300015,PASS
"NVIDIA GeForce RTX 4090",89,12080,20265017,fused_int4,4096,16,fp16,1,256,2,1,64,20,1.602399908,PASS
"NVIDIA GeForce RTX 4090",89,12080,20265017,fused_int4,4096,16,fp16,1,32,3,3,64,20,3.180800006,PASS
"NVIDIA GeForce RTX 4090",89,12080,20265017,fused_int4,4096,16,fp16,1,64,3,2,64,20,2.218399942,PASS
"NVIDIA GeForce RTX 4090",89,12080,20265017,fused_int4,4096,16,fp16,1,128,3,1,64,20,1.765600033,PASS
"NVIDIA GeForce RTX 4090",89,12080,20265017,fused_int4,4096,16,fp16,1,256,3,0,64,20,1.601600088,PASS
"NVIDIA GeForce RTX 4090",89,12080,20265017,fused_int4,4096,16,fp16,1,32,4,0,64,20,3.179125115,PASS
"NVIDIA GeForce RTX 4090",89,12080,20265017,fused_int4,4096,16,fp16,1,64,4,1,64,20,2.217599936,PASS
"NVIDIA GeForce RTX 4090",89,12080,20265017,fused_int4,4096,16,fp16,1,128,4,2,64,20,1.765600033,PASS
"NVIDIA GeForce RTX 4090",89,12080,20265017,fused_int4,4096,16,fp16,1,256,4,3,64,20,1.600800082,PASS
"NVIDIA GeForce RTX 4090",89,12080,20265017,transform,4096,16,fp16,0.25,32,0,0,64,20,2.931999974,PASS
"NVIDIA GeForce RTX 4090",89,12080,20265017,transform,4096,16,fp16,0.25,64,0,1,64,20,1.985450089,PASS
"NVIDIA GeForce RTX 4090",89,12080,20265017,transform,4096,16,fp16,0.25,128,0,2,64,20,1.504800003,PASS
"NVIDIA GeForce RTX 4090",89,12080,20265017,transform,4096,16,fp16,0.25,256,0,3,64,20,1.28159998,PASS
"NVIDIA GeForce RTX 4090",89,12080,20265017,transform,4096,16,fp16,0.25,32,1,1,64,20,2.931999974,PASS
"NVIDIA GeForce RTX 4090",89,12080,20265017,transform,4096,16,fp16,0.25,64,1,0,64,20,1.987200044,PASS
"NVIDIA GeForce RTX 4090",89,12080,20265017,transform,4096,16,fp16,0.25,128,1,3,64,20,1.504800003,PASS
"NVIDIA GeForce RTX 4090",89,12080,20265017,transform,4096,16,fp16,0.25,256,1,2,64,20,1.28159998,PASS
"NVIDIA GeForce RTX 4090",89,12080,20265017,transform,4096,16,fp16,0.25,32,2,2,64,20,2.93279998,PASS
"NVIDIA GeForce RTX 4090",89,12080,20265017,transform,4096,16,fp16,0.25,64,2,3,64,20,1.986400038,PASS
"NVIDIA GeForce RTX 4090",89,12080,20265017,transform,4096,16,fp16,0.25,128,2,0,64,20,1.505574957,PASS
"NVIDIA GeForce RTX 4090",89,12080,20265017,transform,4096,16,fp16,0.25,256,2,1,64,20,1.282399986,PASS
"NVIDIA GeForce RTX 4090",89,12080,20265017,transform,4096,16,fp16,0.25,32,3,3,64,20,2.931999974,PASS
"NVIDIA GeForce RTX 4090",89,12080,20265017,transform,4096,16,fp16,0.25,64,3,2,64,20,1.986400038,PASS
"NVIDIA GeForce RTX 4090",89,12080,20265017,transform,4096,16,fp16,0.25,128,3,1,64,20,1.504800003,PASS
"NVIDIA GeForce RTX 4090",89,12080,20265017,transform,4096,16,fp16,0.25,256,3,0,64,20,1.280799974,PASS
"NVIDIA GeForce RTX 4090",89,12080,20265017,transform,4096,16,fp16,0.25,32,4,0,64,20,2.930399962,PASS
"NVIDIA GeForce RTX 4090",89,12080,20265017,transform,4096,16,fp16,0.25,64,4,1,64,20,1.985600032,PASS
"NVIDIA GeForce RTX 4090",89,12080,20265017,transform,4096,16,fp16,0.25,128,4,2,64,20,1.503999997,PASS
"NVIDIA GeForce RTX 4090",89,12080,20265017,transform,4096,16,fp16,0.25,256,4,3,64,20,1.280799974,PASS
"NVIDIA GeForce RTX 4090",89,12080,20265017,fused_int4,4096,16,fp16,0.25,32,0,0,64,20,3.178400174,PASS
"NVIDIA GeForce RTX 4090",89,12080,20265017,fused_int4,4096,16,fp16,0.25,64,0,1,64,20,2.217599936,PASS
"NVIDIA GeForce RTX 4090",89,12080,20265017,fused_int4,4096,16,fp16,0.25,128,0,2,64,20,1.765600033,PASS
"NVIDIA GeForce RTX 4090",89,12080,20265017,fused_int4,4096,16,fp16,0.25,256,0,3,64,20,1.601600088,PASS
"NVIDIA GeForce RTX 4090",89,12080,20265017,fused_int4,4096,16,fp16,0.25,32,1,1,64,20,3.179199994,PASS
"NVIDIA GeForce RTX 4090",89,12080,20265017,fused_int4,4096,16,fp16,0.25,64,1,0,64,20,2.217550017,PASS
"NVIDIA GeForce RTX 4090",89,12080,20265017,fused_int4,4096,16,fp16,0.25,128,1,3,64,20,1.765600033,PASS
"NVIDIA GeForce RTX 4090",89,12080,20265017,fused_int4,4096,16,fp16,0.25,256,1,2,64,20,1.601600088,PASS
"NVIDIA GeForce RTX 4090",89,12080,20265017,fused_int4,4096,16,fp16,0.25,32,2,2,64,20,3.180800006,PASS
"NVIDIA GeForce RTX 4090",89,12080,20265017,fused_int4,4096,16,fp16,0.25,64,2,3,64,20,2.217599936,PASS
"NVIDIA GeForce RTX 4090",89,12080,20265017,fused_int4,4096,16,fp16,0.25,128,2,0,64,20,1.766400039,PASS
"NVIDIA GeForce RTX 4090",89,12080,20265017,fused_int4,4096,16,fp16,0.25,256,2,1,64,20,1.600800082,PASS
"NVIDIA GeForce RTX 4090",89,12080,20265017,fused_int4,4096,16,fp16,0.25,32,3,3,64,20,3.181599826,PASS
"NVIDIA GeForce RTX 4090",89,12080,20265017,fused_int4,4096,16,fp16,0.25,64,3,2,64,20,2.218399942,PASS
"NVIDIA GeForce RTX 4090",89,12080,20265017,fused_int4,4096,16,fp16,0.25,128,3,1,64,20,1.766400039,PASS
"NVIDIA GeForce RTX 4090",89,12080,20265017,fused_int4,4096,16,fp16,0.25,256,3,0,64,20,1.59920007,PASS
"NVIDIA GeForce RTX 4090",89,12080,20265017,fused_int4,4096,16,fp16,0.25,32,4,0,64,20,3.179199994,PASS
"NVIDIA GeForce RTX 4090",89,12080,20265017,fused_int4,4096,16,fp16,0.25,64,4,1,64,20,2.217599936,PASS
"NVIDIA GeForce RTX 4090",89,12080,20265017,fused_int4,4096,16,fp16,0.25,128,4,2,64,20,1.765600033,PASS
"NVIDIA GeForce RTX 4090",89,12080,20265017,fused_int4,4096,16,fp16,0.25,256,4,3,64,20,1.601600088,PASS
"NVIDIA GeForce RTX 4090",89,12080,20277305,transform,16384,16,fp16,1,32,0,0,64,20,8.60799998,PASS
"NVIDIA GeForce RTX 4090",89,12080,20277305,transform,16384,16,fp16,1,64,0,1,64,20,4.832800105,PASS
"NVIDIA GeForce RTX 4090",89,12080,20277305,transform,16384,16,fp16,1,128,0,2,64,20,2.940800041,PASS
"NVIDIA GeForce RTX 4090",89,12080,20277305,transform,16384,16,fp16,1,256,0,3,64,20,2.187200077,PASS
"NVIDIA GeForce RTX 4090",89,12080,20277305,transform,16384,16,fp16,1,32,1,1,64,20,8.607199788,PASS
"NVIDIA GeForce RTX 4090",89,12080,20277305,transform,16384,16,fp16,1,64,1,0,64,20,4.833599925,PASS
"NVIDIA GeForce RTX 4090",89,12080,20277305,transform,16384,16,fp16,1,128,1,3,64,20,2.942400053,PASS
"NVIDIA GeForce RTX 4090",89,12080,20277305,transform,16384,16,fp16,1,256,1,2,64,20,2.187125012,PASS
"NVIDIA GeForce RTX 4090",89,12080,20277305,transform,16384,16,fp16,1,32,2,2,64,20,8.60799998,PASS
"NVIDIA GeForce RTX 4090",89,12080,20277305,transform,16384,16,fp16,1,64,2,3,64,20,4.831999913,PASS
"NVIDIA GeForce RTX 4090",89,12080,20277305,transform,16384,16,fp16,1,128,2,0,64,20,2.942324989,PASS
"NVIDIA GeForce RTX 4090",89,12080,20277305,transform,16384,16,fp16,1,256,2,1,64,20,2.187200077,PASS
"NVIDIA GeForce RTX 4090",89,12080,20277305,transform,16384,16,fp16,1,32,3,3,64,20,8.605600148,PASS
"NVIDIA GeForce RTX 4090",89,12080,20277305,transform,16384,16,fp16,1,64,3,2,64,20,4.833599925,PASS
"NVIDIA GeForce RTX 4090",89,12080,20277305,transform,16384,16,fp16,1,128,3,1,64,20,2.942400053,PASS
"NVIDIA GeForce RTX 4090",89,12080,20277305,transform,16384,16,fp16,1,256,3,0,64,20,2.187200077,PASS
"NVIDIA GeForce RTX 4090",89,12080,20277305,transform,16384,16,fp16,1,32,4,0,64,20,8.607199788,PASS
"NVIDIA GeForce RTX 4090",89,12080,20277305,transform,16384,16,fp16,1,64,4,1,64,20,4.831999913,PASS
"NVIDIA GeForce RTX 4090",89,12080,20277305,transform,16384,16,fp16,1,128,4,2,64,20,2.941449918,PASS
"NVIDIA GeForce RTX 4090",89,12080,20277305,transform,16384,16,fp16,1,256,4,3,64,20,2.186400071,PASS
"NVIDIA GeForce RTX 4090",89,12080,20277305,fused_int4,16384,16,fp16,1,32,0,0,64,20,8.862400055,PASS
"NVIDIA GeForce RTX 4090",89,12080,20277305,fused_int4,16384,16,fp16,1,64,0,1,64,20,5.076799914,PASS
"NVIDIA GeForce RTX 4090",89,12080,20277305,fused_int4,16384,16,fp16,1,128,0,2,64,20,3.303999826,PASS
"NVIDIA GeForce RTX 4090",89,12080,20277305,fused_int4,16384,16,fp16,1,256,0,3,64,20,3.251999989,PASS
"NVIDIA GeForce RTX 4090",89,12080,20277305,fused_int4,16384,16,fp16,1,32,1,1,64,20,8.865600079,PASS
"NVIDIA GeForce RTX 4090",89,12080,20277305,fused_int4,16384,16,fp16,1,64,1,0,64,20,5.081550032,PASS
"NVIDIA GeForce RTX 4090",89,12080,20277305,fused_int4,16384,16,fp16,1,128,1,3,64,20,3.306400031,PASS
"NVIDIA GeForce RTX 4090",89,12080,20277305,fused_int4,16384,16,fp16,1,256,1,2,64,20,3.253600001,PASS
"NVIDIA GeForce RTX 4090",89,12080,20277305,fused_int4,16384,16,fp16,1,32,2,2,64,20,8.869549632,PASS
"NVIDIA GeForce RTX 4090",89,12080,20277305,fused_int4,16384,16,fp16,1,64,2,3,64,20,5.078399926,PASS
"NVIDIA GeForce RTX 4090",89,12080,20277305,fused_int4,16384,16,fp16,1,128,2,0,64,20,3.307199851,PASS
"NVIDIA GeForce RTX 4090",89,12080,20277305,fused_int4,16384,16,fp16,1,256,2,1,64,20,3.255999833,PASS
"NVIDIA GeForce RTX 4090",89,12080,20277305,fused_int4,16384,16,fp16,1,32,3,3,64,20,8.865600079,PASS
"NVIDIA GeForce RTX 4090",89,12080,20277305,fused_int4,16384,16,fp16,1,64,3,2,64,20,5.084799975,PASS
"NVIDIA GeForce RTX 4090",89,12080,20277305,fused_int4,16384,16,fp16,1,128,3,1,64,20,3.308000043,PASS
"NVIDIA GeForce RTX 4090",89,12080,20277305,fused_int4,16384,16,fp16,1,256,3,0,64,20,3.252800182,PASS
"NVIDIA GeForce RTX 4090",89,12080,20277305,fused_int4,16384,16,fp16,1,32,4,0,64,20,8.862274885,PASS
"NVIDIA GeForce RTX 4090",89,12080,20277305,fused_int4,16384,16,fp16,1,64,4,1,64,20,5.077600107,PASS
"NVIDIA GeForce RTX 4090",89,12080,20277305,fused_int4,16384,16,fp16,1,128,4,2,64,20,3.304800019,PASS
"NVIDIA GeForce RTX 4090",89,12080,20277305,fused_int4,16384,16,fp16,1,256,4,3,64,20,3.254374862,PASS
"NVIDIA GeForce RTX 4090",89,12080,20277305,transform,16384,16,fp16,0.25,32,0,0,64,20,8.607199788,PASS
"NVIDIA GeForce RTX 4090",89,12080,20277305,transform,16384,16,fp16,0.25,64,0,1,64,20,4.833599925,PASS
"NVIDIA GeForce RTX 4090",89,12080,20277305,transform,16384,16,fp16,0.25,128,0,2,64,20,2.940800041,PASS
"NVIDIA GeForce RTX 4090",89,12080,20277305,transform,16384,16,fp16,0.25,256,0,3,64,20,2.185600065,PASS
"NVIDIA GeForce RTX 4090",89,12080,20277305,transform,16384,16,fp16,0.25,32,1,1,64,20,8.606400341,PASS
"NVIDIA GeForce RTX 4090",89,12080,20277305,transform,16384,16,fp16,0.25,64,1,0,64,20,4.833599925,PASS
"NVIDIA GeForce RTX 4090",89,12080,20277305,transform,16384,16,fp16,0.25,128,1,3,64,20,2.943075076,PASS
"NVIDIA GeForce RTX 4090",89,12080,20277305,transform,16384,16,fp16,0.25,256,1,2,64,20,2.186400071,PASS
"NVIDIA GeForce RTX 4090",89,12080,20277305,transform,16384,16,fp16,0.25,32,2,2,64,20,8.607199788,PASS
"NVIDIA GeForce RTX 4090",89,12080,20277305,transform,16384,16,fp16,0.25,64,2,3,64,20,4.833599925,PASS
"NVIDIA GeForce RTX 4090",89,12080,20277305,transform,16384,16,fp16,0.25,128,2,0,64,20,2.942400053,PASS
"NVIDIA GeForce RTX 4090",89,12080,20277305,transform,16384,16,fp16,0.25,256,2,1,64,20,2.187200077,PASS
"NVIDIA GeForce RTX 4090",89,12080,20277305,transform,16384,16,fp16,0.25,32,3,3,64,20,8.606400341,PASS
"NVIDIA GeForce RTX 4090",89,12080,20277305,transform,16384,16,fp16,0.25,64,3,2,64,20,4.832699895,PASS
"NVIDIA GeForce RTX 4090",89,12080,20277305,transform,16384,16,fp16,0.25,128,3,1,64,20,2.942400053,PASS
"NVIDIA GeForce RTX 4090",89,12080,20277305,transform,16384,16,fp16,0.25,256,3,0,64,20,2.187125012,PASS
"NVIDIA GeForce RTX 4090",89,12080,20277305,transform,16384,16,fp16,0.25,32,4,0,64,20,8.606400341,PASS
"NVIDIA GeForce RTX 4090",89,12080,20277305,transform,16384,16,fp16,0.25,64,4,1,64,20,4.831200093,PASS
"NVIDIA GeForce RTX 4090",89,12080,20277305,transform,16384,16,fp16,0.25,128,4,2,64,20,2.941600047,PASS
"NVIDIA GeForce RTX 4090",89,12080,20277305,transform,16384,16,fp16,0.25,256,4,3,64,20,2.186400071,PASS
"NVIDIA GeForce RTX 4090",89,12080,20277305,fused_int4,16384,16,fp16,0.25,32,0,0,64,20,8.863999695,PASS
"NVIDIA GeForce RTX 4090",89,12080,20277305,fused_int4,16384,16,fp16,0.25,64,0,1,64,20,5.077449977,PASS
"NVIDIA GeForce RTX 4090",89,12080,20277305,fused_int4,16384,16,fp16,0.25,128,0,2,64,20,3.304800019,PASS
"NVIDIA GeForce RTX 4090",89,12080,20277305,fused_int4,16384,16,fp16,0.25,256,0,3,64,20,3.251999989,PASS
"NVIDIA GeForce RTX 4090",89,12080,20277305,fused_int4,16384,16,fp16,0.25,32,1,1,64,20,8.87439996,PASS
"NVIDIA GeForce RTX 4090",89,12080,20277305,fused_int4,16384,16,fp16,0.25,64,1,0,64,20,5.103199929,PASS
"NVIDIA GeForce RTX 4090",89,12080,20277305,fused_int4,16384,16,fp16,0.25,128,1,3,64,20,3.313599899,PASS
"NVIDIA GeForce RTX 4090",89,12080,20277305,fused_int4,16384,16,fp16,0.25,256,1,2,64,20,3.261600062,PASS
"NVIDIA GeForce RTX 4090",89,12080,20277305,fused_int4,16384,16,fp16,0.25,32,2,2,64,20,8.868800104,PASS
"NVIDIA GeForce RTX 4090",89,12080,20277305,fused_int4,16384,16,fp16,0.25,64,2,3,64,20,5.078325048,PASS
"NVIDIA GeForce RTX 4090",89,12080,20277305,fused_int4,16384,16,fp16,0.25,128,2,0,64,20,3.307199851,PASS
"NVIDIA GeForce RTX 4090",89,12080,20277305,fused_int4,16384,16,fp16,0.25,256,2,1,64,20,3.255999833,PASS
"NVIDIA GeForce RTX 4090",89,12080,20277305,fused_int4,16384,16,fp16,0.25,32,3,3,64,20,8.867199719,PASS
"NVIDIA GeForce RTX 4090",89,12080,20277305,fused_int4,16384,16,fp16,0.25,64,3,2,64,20,5.084000155,PASS
"NVIDIA GeForce RTX 4090",89,12080,20277305,fused_int4,16384,16,fp16,0.25,128,3,1,64,20,3.308799863,PASS
"NVIDIA GeForce RTX 4090",89,12080,20277305,fused_int4,16384,16,fp16,0.25,256,3,0,64,20,3.254399821,PASS
"NVIDIA GeForce RTX 4090",89,12080,20277305,fused_int4,16384,16,fp16,0.25,32,4,0,64,20,8.863200247,PASS
"NVIDIA GeForce RTX 4090",89,12080,20277305,fused_int4,16384,16,fp16,0.25,64,4,1,64,20,5.078399926,PASS
"NVIDIA GeForce RTX 4090",89,12080,20277305,fused_int4,16384,16,fp16,0.25,128,4,2,64,20,3.303200006,PASS
"NVIDIA GeForce RTX 4090",89,12080,20277305,fused_int4,16384,16,fp16,0.25,256,4,3,64,20,3.253600001,PASS
"NVIDIA GeForce RTX 4090",89,12080,20260970,transform,1,64,fp16,1,32,0,0,64,20,0.8871999569,PASS
"NVIDIA GeForce RTX 4090",89,12080,20260970,transform,1,64,fp16,1,64,0,1,64,20,0.8871999569,PASS
"NVIDIA GeForce RTX 4090",89,12080,20260970,transform,1,64,fp16,1,128,0,2,64,20,0.878399983,PASS
"NVIDIA GeForce RTX 4090",89,12080,20260970,transform,1,64,fp16,1,256,0,3,64,20,0.8728000335,PASS
"NVIDIA GeForce RTX 4090",89,12080,20260970,transform,1,64,fp16,1,32,1,1,64,20,0.8871999569,PASS
"NVIDIA GeForce RTX 4090",89,12080,20260970,transform,1,64,fp16,1,64,1,0,64,20,0.8871999569,PASS
"NVIDIA GeForce RTX 4090",89,12080,20260970,transform,1,64,fp16,1,128,1,3,64,20,0.878399983,PASS
"NVIDIA GeForce RTX 4090",89,12080,20260970,transform,1,64,fp16,1,256,1,2,64,20,0.8720000274,PASS
"NVIDIA GeForce RTX 4090",89,12080,20260970,transform,1,64,fp16,1,32,2,2,64,20,0.8871999569,PASS
"NVIDIA GeForce RTX 4090",89,12080,20260970,transform,1,64,fp16,1,64,2,3,64,20,0.8871999569,PASS
"NVIDIA GeForce RTX 4090",89,12080,20260970,transform,1,64,fp16,1,128,2,0,64,20,0.8791999891,PASS
"NVIDIA GeForce RTX 4090",89,12080,20260970,transform,1,64,fp16,1,256,2,1,64,20,0.8720000274,PASS
"NVIDIA GeForce RTX 4090",89,12080,20260970,transform,1,64,fp16,1,32,3,3,64,20,0.8871999569,PASS
"NVIDIA GeForce RTX 4090",89,12080,20260970,transform,1,64,fp16,1,64,3,2,64,20,0.8871999569,PASS
"NVIDIA GeForce RTX 4090",89,12080,20260970,transform,1,64,fp16,1,128,3,1,64,20,0.877599977,PASS
"NVIDIA GeForce RTX 4090",89,12080,20260970,transform,1,64,fp16,1,256,3,0,64,20,0.8720000274,PASS
"NVIDIA GeForce RTX 4090",89,12080,20260970,transform,1,64,fp16,1,32,4,0,64,20,0.8871999569,PASS
"NVIDIA GeForce RTX 4090",89,12080,20260970,transform,1,64,fp16,1,64,4,1,64,20,0.887999963,PASS
"NVIDIA GeForce RTX 4090",89,12080,20260970,transform,1,64,fp16,1,128,4,2,64,20,0.878399983,PASS
"NVIDIA GeForce RTX 4090",89,12080,20260970,transform,1,64,fp16,1,256,4,3,64,20,0.8728000335,PASS
"NVIDIA GeForce RTX 4090",89,12080,20260970,fused_int4,1,64,fp16,1,32,0,0,64,20,1.032000035,PASS
"NVIDIA GeForce RTX 4090",89,12080,20260970,fused_int4,1,64,fp16,1,64,0,1,64,20,1.032800041,PASS
"NVIDIA GeForce RTX 4090",89,12080,20260970,fused_int4,1,64,fp16,1,128,0,2,64,20,1.023199968,PASS
"NVIDIA GeForce RTX 4090",89,12080,20260970,fused_int4,1,64,fp16,1,256,0,3,64,20,1.020000037,PASS
"NVIDIA GeForce RTX 4090",89,12080,20260970,fused_int4,1,64,fp16,1,32,1,1,64,20,1.031200029,PASS
"NVIDIA GeForce RTX 4090",89,12080,20260970,fused_int4,1,64,fp16,1,64,1,0,64,20,1.033599954,PASS
"NVIDIA GeForce RTX 4090",89,12080,20260970,fused_int4,1,64,fp16,1,128,1,3,64,20,1.023199968,PASS
"NVIDIA GeForce RTX 4090",89,12080,20260970,fused_int4,1,64,fp16,1,256,1,2,64,20,1.020800043,PASS
"NVIDIA GeForce RTX 4090",89,12080,20260970,fused_int4,1,64,fp16,1,32,2,2,64,20,1.031200029,PASS
"NVIDIA GeForce RTX 4090",89,12080,20260970,fused_int4,1,64,fp16,1,64,2,3,64,20,1.032800041,PASS
"NVIDIA GeForce RTX 4090",89,12080,20260970,fused_int4,1,64,fp16,1,128,2,0,64,20,1.023199968,PASS
"NVIDIA GeForce RTX 4090",89,12080,20260970,fused_int4,1,64,fp16,1,256,2,1,64,20,1.02077499,PASS
"NVIDIA GeForce RTX 4090",89,12080,20260970,fused_int4,1,64,fp16,1,32,3,3,64,20,1.031200029,PASS
"NVIDIA GeForce RTX 4090",89,12080,20260970,fused_int4,1,64,fp16,1,64,3,2,64,20,1.032800041,PASS
"NVIDIA GeForce RTX 4090",89,12080,20260970,fused_int4,1,64,fp16,1,128,3,1,64,20,1.023199968,PASS
"NVIDIA GeForce RTX 4090",89,12080,20260970,fused_int4,1,64,fp16,1,256,3,0,64,20,1.021599956,PASS
"NVIDIA GeForce RTX 4090",89,12080,20260970,fused_int4,1,64,fp16,1,32,4,0,64,20,1.032000035,PASS
"NVIDIA GeForce RTX 4090",89,12080,20260970,fused_int4,1,64,fp16,1,64,4,1,64,20,1.033599954,PASS
"NVIDIA GeForce RTX 4090",89,12080,20260970,fused_int4,1,64,fp16,1,128,4,2,64,20,1.023199968,PASS
"NVIDIA GeForce RTX 4090",89,12080,20260970,fused_int4,1,64,fp16,1,256,4,3,64,20,1.021474972,PASS
"NVIDIA GeForce RTX 4090",89,12080,20260970,transform,1,64,fp16,0.125,32,0,0,64,20,0.886400044,PASS
"NVIDIA GeForce RTX 4090",89,12080,20260970,transform,1,64,fp16,0.125,64,0,1,64,20,0.8871999569,PASS
"NVIDIA GeForce RTX 4090",89,12080,20260970,transform,1,64,fp16,0.125,128,0,2,64,20,0.877599977,PASS
"NVIDIA GeForce RTX 4090",89,12080,20260970,transform,1,64,fp16,0.125,256,0,3,64,20,0.8720000274,PASS
"NVIDIA GeForce RTX 4090",89,12080,20260970,transform,1,64,fp16,0.125,32,1,1,64,20,0.8863249794,PASS
"NVIDIA GeForce RTX 4090",89,12080,20260970,transform,1,64,fp16,0.125,64,1,0,64,20,0.8840000257,PASS
"NVIDIA GeForce RTX 4090",89,12080,20260970,transform,1,64,fp16,0.125,128,1,3,64,20,0.877599977,PASS
"NVIDIA GeForce RTX 4090",89,12080,20260970,transform,1,64,fp16,0.125,256,1,2,64,20,0.8720000274,PASS
"NVIDIA GeForce RTX 4090",89,12080,20260970,transform,1,64,fp16,0.125,32,2,2,64,20,0.886400044,PASS
"NVIDIA GeForce RTX 4090",89,12080,20260970,transform,1,64,fp16,0.125,64,2,3,64,20,0.886400044,PASS
"NVIDIA GeForce RTX 4090",89,12080,20260970,transform,1,64,fp16,0.125,128,2,0,64,20,0.878399983,PASS
"NVIDIA GeForce RTX 4090",89,12080,20260970,transform,1,64,fp16,0.125,256,2,1,64,20,0.8728000335,PASS
"NVIDIA GeForce RTX 4090",89,12080,20260970,transform,1,64,fp16,0.125,32,3,3,64,20,0.886400044,PASS
"NVIDIA GeForce RTX 4090",89,12080,20260970,transform,1,64,fp16,0.125,64,3,2,64,20,0.8856000379,PASS
"NVIDIA GeForce RTX 4090",89,12080,20260970,transform,1,64,fp16,0.125,128,3,1,64,20,0.878399983,PASS
"NVIDIA GeForce RTX 4090",89,12080,20260970,transform,1,64,fp16,0.125,256,3,0,64,20,0.8728000335,PASS
"NVIDIA GeForce RTX 4090",89,12080,20260970,transform,1,64,fp16,0.125,32,4,0,64,20,0.887100026,PASS
"NVIDIA GeForce RTX 4090",89,12080,20260970,transform,1,64,fp16,0.125,64,4,1,64,20,0.8871999569,PASS
"NVIDIA GeForce RTX 4090",89,12080,20260970,transform,1,64,fp16,0.125,128,4,2,64,20,0.878399983,PASS
"NVIDIA GeForce RTX 4090",89,12080,20260970,transform,1,64,fp16,0.125,256,4,3,64,20,0.8727000095,PASS
"NVIDIA GeForce RTX 4090",89,12080,20260970,fused_int4,1,64,fp16,0.125,32,0,0,64,20,1.032000035,PASS
"NVIDIA GeForce RTX 4090",89,12080,20260970,fused_int4,1,64,fp16,0.125,64,0,1,64,20,1.032800041,PASS
"NVIDIA GeForce RTX 4090",89,12080,20260970,fused_int4,1,64,fp16,0.125,128,0,2,64,20,1.023949962,PASS
"NVIDIA GeForce RTX 4090",89,12080,20260970,fused_int4,1,64,fp16,0.125,256,0,3,64,20,1.022250019,PASS
"NVIDIA GeForce RTX 4090",89,12080,20260970,fused_int4,1,64,fp16,0.125,32,1,1,64,20,1.031974982,PASS
"NVIDIA GeForce RTX 4090",89,12080,20260970,fused_int4,1,64,fp16,0.125,64,1,0,64,20,1.032800041,PASS
"NVIDIA GeForce RTX 4090",89,12080,20260970,fused_int4,1,64,fp16,0.125,128,1,3,64,20,1.023999974,PASS
"NVIDIA GeForce RTX 4090",89,12080,20260970,fused_int4,1,64,fp16,0.125,256,1,2,64,20,1.022399962,PASS
"NVIDIA GeForce RTX 4090",89,12080,20260970,fused_int4,1,64,fp16,0.125,32,2,2,64,20,1.032000035,PASS
"NVIDIA GeForce RTX 4090",89,12080,20260970,fused_int4,1,64,fp16,0.125,64,2,3,64,20,1.033599954,PASS
"NVIDIA GeForce RTX 4090",89,12080,20260970,fused_int4,1,64,fp16,0.125,128,2,0,64,20,1.023199968,PASS
"NVIDIA GeForce RTX 4090",89,12080,20260970,fused_int4,1,64,fp16,0.125,256,2,1,64,20,1.022399962,PASS
"NVIDIA GeForce RTX 4090",89,12080,20260970,fused_int4,1,64,fp16,0.125,32,3,3,64,20,1.032000035,PASS
"NVIDIA GeForce RTX 4090",89,12080,20260970,fused_int4,1,64,fp16,0.125,64,3,2,64,20,1.033599954,PASS
"NVIDIA GeForce RTX 4090",89,12080,20260970,fused_int4,1,64,fp16,0.125,128,3,1,64,20,1.023999974,PASS
"NVIDIA GeForce RTX 4090",89,12080,20260970,fused_int4,1,64,fp16,0.125,256,3,0,64,20,1.021599956,PASS
"NVIDIA GeForce RTX 4090",89,12080,20260970,fused_int4,1,64,fp16,0.125,32,4,0,64,20,1.031200029,PASS
"NVIDIA GeForce RTX 4090",89,12080,20260970,fused_int4,1,64,fp16,0.125,64,4,1,64,20,1.032800041,PASS
"NVIDIA GeForce RTX 4090",89,12080,20260970,fused_int4,1,64,fp16,0.125,128,4,2,64,20,1.022399962,PASS
"NVIDIA GeForce RTX 4090",89,12080,20260970,fused_int4,1,64,fp16,0.125,256,4,3,64,20,1.021599956,PASS
"NVIDIA GeForce RTX 4090",89,12080,20260986,transform,17,64,fp16,1,32,0,0,64,20,0.8887999691,PASS
"NVIDIA GeForce RTX 4090",89,12080,20260986,transform,17,64,fp16,1,64,0,1,64,20,0.8944000117,PASS
"NVIDIA GeForce RTX 4090",89,12080,20260986,transform,17,64,fp16,1,128,0,2,64,20,0.878399983,PASS
"NVIDIA GeForce RTX 4090",89,12080,20260986,transform,17,64,fp16,1,256,0,3,64,20,0.8903999813,PASS
"NVIDIA GeForce RTX 4090",89,12080,20260986,transform,17,64,fp16,1,32,1,1,64,20,0.8895999752,PASS
"NVIDIA GeForce RTX 4090",89,12080,20260986,transform,17,64,fp16,1,64,1,0,64,20,0.8952000178,PASS
"NVIDIA GeForce RTX 4090",89,12080,20260986,transform,17,64,fp16,1,128,1,3,64,20,0.877599977,PASS
"NVIDIA GeForce RTX 4090",89,12080,20260986,transform,17,64,fp16,1,256,1,2,64,20,0.8895999752,PASS
"NVIDIA GeForce RTX 4090",89,12080,20260986,transform,17,64,fp16,1,32,2,2,64,20,0.887999963,PASS
"NVIDIA GeForce RTX 4090",89,12080,20260986,transform,17,64,fp16,1,64,2,3,64,20,0.8952000178,PASS
"NVIDIA GeForce RTX 4090",89,12080,20260986,transform,17,64,fp16,1,128,2,0,64,20,0.877599977,PASS
"NVIDIA GeForce RTX 4090",89,12080,20260986,transform,17,64,fp16,1,256,2,1,64,20,0.8903999813,PASS
"NVIDIA GeForce RTX 4090",89,12080,20260986,transform,17,64,fp16,1,32,3,3,64,20,0.8887999691,PASS
"NVIDIA GeForce RTX 4090",89,12080,20260986,transform,17,64,fp16,1,64,3,2,64,20,0.8952000178,PASS
"NVIDIA GeForce RTX 4090",89,12080,20260986,transform,17,64,fp16,1,128,3,1,64,20,0.877599977,PASS
"NVIDIA GeForce RTX 4090",89,12080,20260986,transform,17,64,fp16,1,256,3,0,64,20,0.8895999752,PASS
"NVIDIA GeForce RTX 4090",89,12080,20260986,transform,17,64,fp16,1,32,4,0,64,20,0.8887999691,PASS
"NVIDIA GeForce RTX 4090",89,12080,20260986,transform,17,64,fp16,1,64,4,1,64,20,0.8952000178,PASS
"NVIDIA GeForce RTX 4090",89,12080,20260986,transform,17,64,fp16,1,128,4,2,64,20,0.877599977,PASS
"NVIDIA GeForce RTX 4090",89,12080,20260986,transform,17,64,fp16,1,256,4,3,64,20,0.8903999813,PASS
"NVIDIA GeForce RTX 4090",89,12080,20260986,fused_int4,17,64,fp16,1,32,0,0,64,20,1.191200037,PASS
"NVIDIA GeForce RTX 4090",89,12080,20260986,fused_int4,17,64,fp16,1,64,0,1,64,20,1.192000043,PASS
"NVIDIA GeForce RTX 4090",89,12080,20260986,fused_int4,17,64,fp16,1,128,0,2,64,20,1.178400032,PASS
"NVIDIA GeForce RTX 4090",89,12080,20260986,fused_int4,17,64,fp16,1,256,0,3,64,20,1.192799956,PASS
"NVIDIA GeForce RTX 4090",89,12080,20260986,fused_int4,17,64,fp16,1,32,1,1,64,20,1.191200037,PASS
"NVIDIA GeForce RTX 4090",89,12080,20260986,fused_int4,17,64,fp16,1,64,1,0,64,20,1.191150025,PASS
"NVIDIA GeForce RTX 4090",89,12080,20260986,fused_int4,17,64,fp16,1,128,1,3,64,20,1.178400032,PASS
"NVIDIA GeForce RTX 4090",89,12080,20260986,fused_int4,17,64,fp16,1,256,1,2,64,20,1.192799956,PASS
"NVIDIA GeForce RTX 4090",89,12080,20260986,fused_int4,17,64,fp16,1,32,2,2,64,20,1.191200037,PASS
"NVIDIA GeForce RTX 4090",89,12080,20260986,fused_int4,17,64,fp16,1,64,2,3,64,20,1.192000043,PASS
"NVIDIA GeForce RTX 4090",89,12080,20260986,fused_int4,17,64,fp16,1,128,2,0,64,20,1.178400032,PASS
"NVIDIA GeForce RTX 4090",89,12080,20260986,fused_int4,17,64,fp16,1,256,2,1,64,20,1.192799956,PASS
"NVIDIA GeForce RTX 4090",89,12080,20260986,fused_int4,17,64,fp16,1,32,3,3,64,20,1.191200037,PASS
"NVIDIA GeForce RTX 4090",89,12080,20260986,fused_int4,17,64,fp16,1,64,3,2,64,20,1.191200037,PASS
"NVIDIA GeForce RTX 4090",89,12080,20260986,fused_int4,17,64,fp16,1,128,3,1,64,20,1.177600026,PASS
"NVIDIA GeForce RTX 4090",89,12080,20260986,fused_int4,17,64,fp16,1,256,3,0,64,20,1.194274984,PASS
"NVIDIA GeForce RTX 4090",89,12080,20260986,fused_int4,17,64,fp16,1,32,4,0,64,20,1.191200037,PASS
"NVIDIA GeForce RTX 4090",89,12080,20260986,fused_int4,17,64,fp16,1,64,4,1,64,20,1.192799956,PASS
"NVIDIA GeForce RTX 4090",89,12080,20260986,fused_int4,17,64,fp16,1,128,4,2,64,20,1.178400032,PASS
"NVIDIA GeForce RTX 4090",89,12080,20260986,fused_int4,17,64,fp16,1,256,4,3,64,20,1.193599962,PASS
"NVIDIA GeForce RTX 4090",89,12080,20260986,transform,17,64,fp16,0.125,32,0,0,64,20,0.8887999691,PASS
"NVIDIA GeForce RTX 4090",89,12080,20260986,transform,17,64,fp16,0.125,64,0,1,64,20,0.8952000178,PASS
"NVIDIA GeForce RTX 4090",89,12080,20260986,transform,17,64,fp16,0.125,128,0,2,64,20,0.878399983,PASS
"NVIDIA GeForce RTX 4090",89,12080,20260986,transform,17,64,fp16,0.125,256,0,3,64,20,0.8911499754,PASS
"NVIDIA GeForce RTX 4090",89,12080,20260986,transform,17,64,fp16,0.125,32,1,1,64,20,0.887999963,PASS
"NVIDIA GeForce RTX 4090",89,12080,20260986,transform,17,64,fp16,0.125,64,1,0,64,20,0.8944000117,PASS
"NVIDIA GeForce RTX 4090",89,12080,20260986,transform,17,64,fp16,0.125,128,1,3,64,20,0.878399983,PASS
"NVIDIA GeForce RTX 4090",89,12080,20260986,transform,17,64,fp16,0.125,256,1,2,64,20,0.8895999752,PASS
"NVIDIA GeForce RTX 4090",89,12080,20260986,transform,17,64,fp16,0.125,32,2,2,64,20,0.887999963,PASS
"NVIDIA GeForce RTX 4090",89,12080,20260986,transform,17,64,fp16,0.125,64,2,3,64,20,0.8944000117,PASS
"NVIDIA GeForce RTX 4090",89,12080,20260986,transform,17,64,fp16,0.125,128,2,0,64,20,0.877599977,PASS
"NVIDIA GeForce RTX 4090",89,12080,20260986,transform,17,64,fp16,0.125,256,2,1,64,20,0.8903750218,PASS
"NVIDIA GeForce RTX 4090",89,12080,20260986,transform,17,64,fp16,0.125,32,3,3,64,20,0.887999963,PASS
"NVIDIA GeForce RTX 4090",89,12080,20260986,transform,17,64,fp16,0.125,64,3,2,64,20,0.8944000117,PASS
"NVIDIA GeForce RTX 4090",89,12080,20260986,transform,17,64,fp16,0.125,128,3,1,64,20,0.878399983,PASS
"NVIDIA GeForce RTX 4090",89,12080,20260986,transform,17,64,fp16,0.125,256,3,0,64,20,0.8903999813,PASS
"NVIDIA GeForce RTX 4090",89,12080,20260986,transform,17,64,fp16,0.125,32,4,0,64,20,0.887999963,PASS
"NVIDIA GeForce RTX 4090",89,12080,20260986,transform,17,64,fp16,0.125,64,4,1,64,20,0.8952000178,PASS
"NVIDIA GeForce RTX 4090",89,12080,20260986,transform,17,64,fp16,0.125,128,4,2,64,20,0.877599977,PASS
"NVIDIA GeForce RTX 4090",89,12080,20260986,transform,17,64,fp16,0.125,256,4,3,64,20,0.8895999752,PASS
"NVIDIA GeForce RTX 4090",89,12080,20260986,fused_int4,17,64,fp16,0.125,32,0,0,64,20,1.192000043,PASS
"NVIDIA GeForce RTX 4090",89,12080,20260986,fused_int4,17,64,fp16,0.125,64,0,1,64,20,1.193550043,PASS
"NVIDIA GeForce RTX 4090",89,12080,20260986,fused_int4,17,64,fp16,0.125,128,0,2,64,20,1.178400032,PASS
"NVIDIA GeForce RTX 4090",89,12080,20260986,fused_int4,17,64,fp16,0.125,256,0,3,64,20,1.192799956,PASS
"NVIDIA GeForce RTX 4090",89,12080,20260986,fused_int4,17,64,fp16,0.125,32,1,1,64,20,1.191200037,PASS
"NVIDIA GeForce RTX 4090",89,12080,20260986,fused_int4,17,64,fp16,0.125,64,1,0,64,20,1.192000043,PASS
"NVIDIA GeForce RTX 4090",89,12080,20260986,fused_int4,17,64,fp16,0.125,128,1,3,64,20,1.178300008,PASS
"NVIDIA GeForce RTX 4090",89,12080,20260986,fused_int4,17,64,fp16,0.125,256,1,2,64,20,1.192799956,PASS
"NVIDIA GeForce RTX 4090",89,12080,20260986,fused_int4,17,64,fp16,0.125,32,2,2,64,20,1.191200037,PASS
"NVIDIA GeForce RTX 4090",89,12080,20260986,fused_int4,17,64,fp16,0.125,64,2,3,64,20,1.193599962,PASS
"NVIDIA GeForce RTX 4090",89,12080,20260986,fused_int4,17,64,fp16,0.125,128,2,0,64,20,1.178400032,PASS
"NVIDIA GeForce RTX 4090",89,12080,20260986,fused_int4,17,64,fp16,0.125,256,2,1,64,20,1.193599962,PASS
"NVIDIA GeForce RTX 4090",89,12080,20260986,fused_int4,17,64,fp16,0.125,32,3,3,64,20,1.191200037,PASS
"NVIDIA GeForce RTX 4090",89,12080,20260986,fused_int4,17,64,fp16,0.125,64,3,2,64,20,1.192000043,PASS
"NVIDIA GeForce RTX 4090",89,12080,20260986,fused_int4,17,64,fp16,0.125,128,3,1,64,20,1.178400032,PASS
"NVIDIA GeForce RTX 4090",89,12080,20260986,fused_int4,17,64,fp16,0.125,256,3,0,64,20,1.192799956,PASS
"NVIDIA GeForce RTX 4090",89,12080,20260986,fused_int4,17,64,fp16,0.125,32,4,0,64,20,1.191124972,PASS
"NVIDIA GeForce RTX 4090",89,12080,20260986,fused_int4,17,64,fp16,0.125,64,4,1,64,20,1.192000043,PASS
"NVIDIA GeForce RTX 4090",89,12080,20260986,fused_int4,17,64,fp16,0.125,128,4,2,64,20,1.17837498,PASS
"NVIDIA GeForce RTX 4090",89,12080,20260986,fused_int4,17,64,fp16,0.125,256,4,3,64,20,1.193599962,PASS
"NVIDIA GeForce RTX 4090",89,12080,20265065,transform,4096,64,fp16,1,32,0,0,64,20,2.953599952,PASS
"NVIDIA GeForce RTX 4090",89,12080,20265065,transform,4096,64,fp16,1,64,0,1,64,20,2.012000047,PASS
"NVIDIA GeForce RTX 4090",89,12080,20265065,transform,4096,64,fp16,1,128,0,2,64,20,1.539199986,PASS
"NVIDIA GeForce RTX 4090",89,12080,20265065,transform,4096,64,fp16,1,256,0,3,64,20,1.396000013,PASS
"NVIDIA GeForce RTX 4090",89,12080,20265065,transform,4096,64,fp16,1,32,1,1,64,20,2.953499928,PASS
"NVIDIA GeForce RTX 4090",89,12080,20265065,transform,4096,64,fp16,1,64,1,0,64,20,2.012800053,PASS
"NVIDIA GeForce RTX 4090",89,12080,20265065,transform,4096,64,fp16,1,128,1,3,64,20,1.538399979,PASS
"NVIDIA GeForce RTX 4090",89,12080,20265065,transform,4096,64,fp16,1,256,1,2,64,20,1.396000013,PASS
"NVIDIA GeForce RTX 4090",89,12080,20265065,transform,4096,64,fp16,1,32,2,2,64,20,2.955199964,PASS
"NVIDIA GeForce RTX 4090",89,12080,20265065,transform,4096,64,fp16,1,64,2,3,64,20,2.012000047,PASS
"NVIDIA GeForce RTX 4090",89,12080,20265065,transform,4096,64,fp16,1,128,2,0,64,20,1.538399979,PASS
"NVIDIA GeForce RTX 4090",89,12080,20265065,transform,4096,64,fp16,1,256,2,1,64,20,1.396000013,PASS
"NVIDIA GeForce RTX 4090",89,12080,20265065,transform,4096,64,fp16,1,32,3,3,64,20,2.955199964,PASS
"NVIDIA GeForce RTX 4090",89,12080,20265065,transform,4096,64,fp16,1,64,3,2,64,20,2.013600059,PASS
"NVIDIA GeForce RTX 4090",89,12080,20265065,transform,4096,64,fp16,1,128,3,1,64,20,1.539199986,PASS
"NVIDIA GeForce RTX 4090",89,12080,20265065,transform,4096,64,fp16,1,256,3,0,64,20,1.396750007,PASS
"NVIDIA GeForce RTX 4090",89,12080,20265065,transform,4096,64,fp16,1,32,4,0,64,20,2.953599952,PASS
"NVIDIA GeForce RTX 4090",89,12080,20265065,transform,4096,64,fp16,1,64,4,1,64,20,2.013600059,PASS
"NVIDIA GeForce RTX 4090",89,12080,20265065,transform,4096,64,fp16,1,128,4,2,64,20,1.539199986,PASS
"NVIDIA GeForce RTX 4090",89,12080,20265065,transform,4096,64,fp16,1,256,4,3,64,20,1.396800019,PASS
"NVIDIA GeForce RTX 4090",89,12080,20265065,fused_int4,4096,64,fp16,1,32,0,0,64,20,3.150400147,PASS
"NVIDIA GeForce RTX 4090",89,12080,20265065,fused_int4,4096,64,fp16,1,64,0,1,64,20,2.193599939,PASS
"NVIDIA GeForce RTX 4090",89,12080,20265065,fused_int4,4096,64,fp16,1,128,0,2,64,20,1.816000044,PASS
"NVIDIA GeForce RTX 4090",89,12080,20265065,fused_int4,4096,64,fp16,1,256,0,3,64,20,1.651199907,PASS
"NVIDIA GeForce RTX 4090",89,12080,20265065,fused_int4,4096,64,fp16,1,32,1,1,64,20,3.152000159,PASS
"NVIDIA GeForce RTX 4090",89,12080,20265065,fused_int4,4096,64,fp16,1,64,1,0,64,20,2.192799933,PASS
"NVIDIA GeForce RTX 4090",89,12080,20265065,fused_int4,4096,64,fp16,1,128,1,3,64,20,1.815975085,PASS
"NVIDIA GeForce RTX 4090",89,12080,20265065,fused_int4,4096,64,fp16,1,256,1,2,64,20,1.651199907,PASS
"NVIDIA GeForce RTX 4090",89,12080,20265065,fused_int4,4096,64,fp16,1,32,2,2,64,20,3.152000159,PASS
"NVIDIA GeForce RTX 4090",89,12080,20265065,fused_int4,4096,64,fp16,1,64,2,3,64,20,2.193599939,PASS
"NVIDIA GeForce RTX 4090",89,12080,20265065,fused_int4,4096,64,fp16,1,128,2,0,64,20,1.816000044,PASS
"NVIDIA GeForce RTX 4090",89,12080,20265065,fused_int4,4096,64,fp16,1,256,2,1,64,20,1.651100069,PASS
"NVIDIA GeForce RTX 4090",89,12080,20265065,fused_int4,4096,64,fp16,1,32,3,3,64,20,3.152000159,PASS
"NVIDIA GeForce RTX 4090",89,12080,20265065,fused_int4,4096,64,fp16,1,64,3,2,64,20,2.193599939,PASS
"NVIDIA GeForce RTX 4090",89,12080,20265065,fused_int4,4096,64,fp16,1,128,3,1,64,20,1.816000044,PASS
"NVIDIA GeForce RTX 4090",89,12080,20265065,fused_int4,4096,64,fp16,1,256,3,0,64,20,1.650400087,PASS
"NVIDIA GeForce RTX 4090",89,12080,20265065,fused_int4,4096,64,fp16,1,32,4,0,64,20,3.152700141,PASS
"NVIDIA GeForce RTX 4090",89,12080,20265065,fused_int4,4096,64,fp16,1,64,4,1,64,20,2.193599939,PASS
"NVIDIA GeForce RTX 4090",89,12080,20265065,fused_int4,4096,64,fp16,1,128,4,2,64,20,1.816000044,PASS
"NVIDIA GeForce RTX 4090",89,12080,20265065,fused_int4,4096,64,fp16,1,256,4,3,64,20,1.651199907,PASS
"NVIDIA GeForce RTX 4090",89,12080,20265065,transform,4096,64,fp16,0.125,32,0,0,64,20,2.953599952,PASS
"NVIDIA GeForce RTX 4090",89,12080,20265065,transform,4096,64,fp16,0.125,64,0,1,64,20,2.012000047,PASS
"NVIDIA GeForce RTX 4090",89,12080,20265065,transform,4096,64,fp16,0.125,128,0,2,64,20,1.539125014,PASS
"NVIDIA GeForce RTX 4090",89,12080,20265065,transform,4096,64,fp16,0.125,256,0,3,64,20,1.396000013,PASS
"NVIDIA GeForce RTX 4090",89,12080,20265065,transform,4096,64,fp16,0.125,32,1,1,64,20,2.954350039,PASS
"NVIDIA GeForce RTX 4090",89,12080,20265065,transform,4096,64,fp16,0.125,64,1,0,64,20,2.012800053,PASS
"NVIDIA GeForce RTX 4090",89,12080,20265065,transform,4096,64,fp16,0.125,128,1,3,64,20,1.538399979,PASS
"NVIDIA GeForce RTX 4090",89,12080,20265065,transform,4096,64,fp16,0.125,256,1,2,64,20,1.396000013,PASS
"NVIDIA GeForce RTX 4090",89,12080,20265065,transform,4096,64,fp16,0.125,32,2,2,64,20,2.953599952,PASS
"NVIDIA GeForce RTX 4090",89,12080,20265065,transform,4096,64,fp16,0.125,64,2,3,64,20,2.012800053,PASS
"NVIDIA GeForce RTX 4090",89,12080,20265065,transform,4096,64,fp16,0.125,128,2,0,64,20,1.539199986,PASS
"NVIDIA GeForce RTX 4090",89,12080,20265065,transform,4096,64,fp16,0.125,256,2,1,64,20,1.396800019,PASS
"NVIDIA GeForce RTX 4090",89,12080,20265065,transform,4096,64,fp16,0.125,32,3,3,64,20,2.953599952,PASS
"NVIDIA GeForce RTX 4090",89,12080,20265065,transform,4096,64,fp16,0.125,64,3,2,64,20,2.012800053,PASS
"NVIDIA GeForce RTX 4090",89,12080,20265065,transform,4096,64,fp16,0.125,128,3,1,64,20,1.538399979,PASS
"NVIDIA GeForce RTX 4090",89,12080,20265065,transform,4096,64,fp16,0.125,256,3,0,64,20,1.396800019,PASS
"NVIDIA GeForce RTX 4090",89,12080,20265065,transform,4096,64,fp16,0.125,32,4,0,64,20,2.952799946,PASS
"NVIDIA GeForce RTX 4090",89,12080,20265065,transform,4096,64,fp16,0.125,64,4,1,64,20,2.011200041,PASS
"NVIDIA GeForce RTX 4090",89,12080,20265065,transform,4096,64,fp16,0.125,128,4,2,64,20,1.538399979,PASS
"NVIDIA GeForce RTX 4090",89,12080,20265065,transform,4096,64,fp16,0.125,256,4,3,64,20,1.396000013,PASS
"NVIDIA GeForce RTX 4090",89,12080,20265065,fused_int4,4096,64,fp16,0.125,32,0,0,64,20,3.151974827,PASS
"NVIDIA GeForce RTX 4090",89,12080,20265065,fused_int4,4096,64,fp16,0.125,64,0,1,64,20,2.193599939,PASS
"NVIDIA GeForce RTX 4090",89,12080,20265065,fused_int4,4096,64,fp16,0.125,128,0,2,64,20,1.81680005,PASS
"NVIDIA GeForce RTX 4090",89,12080,20265065,fused_int4,4096,64,fp16,0.125,256,0,3,64,20,1.651199907,PASS
"NVIDIA GeForce RTX 4090",89,12080,20265065,fused_int4,4096,64,fp16,0.125,32,1,1,64,20,3.152000159,PASS
"NVIDIA GeForce RTX 4090",89,12080,20265065,fused_int4,4096,64,fp16,0.125,64,1,0,64,20,2.193599939,PASS
"NVIDIA GeForce RTX 4090",89,12080,20265065,fused_int4,4096,64,fp16,0.125,128,1,3,64,20,1.816000044,PASS
"NVIDIA GeForce RTX 4090",89,12080,20265065,fused_int4,4096,64,fp16,0.125,256,1,2,64,20,1.651199907,PASS
"NVIDIA GeForce RTX 4090",89,12080,20265065,fused_int4,4096,64,fp16,0.125,32,2,2,64,20,3.152000159,PASS
"NVIDIA GeForce RTX 4090",89,12080,20265065,fused_int4,4096,64,fp16,0.125,64,2,3,64,20,2.192799933,PASS
"NVIDIA GeForce RTX 4090",89,12080,20265065,fused_int4,4096,64,fp16,0.125,128,2,0,64,20,1.816000044,PASS
"NVIDIA GeForce RTX 4090",89,12080,20265065,fused_int4,4096,64,fp16,0.125,256,2,1,64,20,1.650400087,PASS
"NVIDIA GeForce RTX 4090",89,12080,20265065,fused_int4,4096,64,fp16,0.125,32,3,3,64,20,3.153499961,PASS
"NVIDIA GeForce RTX 4090",89,12080,20265065,fused_int4,4096,64,fp16,0.125,64,3,2,64,20,2.194399945,PASS
"NVIDIA GeForce RTX 4090",89,12080,20265065,fused_int4,4096,64,fp16,0.125,128,3,1,64,20,1.816000044,PASS
"NVIDIA GeForce RTX 4090",89,12080,20265065,fused_int4,4096,64,fp16,0.125,256,3,0,64,20,1.650400087,PASS
"NVIDIA GeForce RTX 4090",89,12080,20265065,fused_int4,4096,64,fp16,0.125,32,4,0,64,20,3.152000159,PASS
"NVIDIA GeForce RTX 4090",89,12080,20265065,fused_int4,4096,64,fp16,0.125,64,4,1,64,20,2.193599939,PASS
"NVIDIA GeForce RTX 4090",89,12080,20265065,fused_int4,4096,64,fp16,0.125,128,4,2,64,20,1.816000044,PASS
"NVIDIA GeForce RTX 4090",89,12080,20265065,fused_int4,4096,64,fp16,0.125,256,4,3,64,20,1.651199907,PASS
"NVIDIA GeForce RTX 4090",89,12080,20277353,transform,16384,64,fp16,1,32,0,0,64,20,8.627200127,PASS
"NVIDIA GeForce RTX 4090",89,12080,20277353,transform,16384,64,fp16,1,64,0,1,64,20,4.863899946,PASS
"NVIDIA GeForce RTX 4090",89,12080,20277353,transform,16384,64,fp16,1,128,0,2,64,20,2.974399924,PASS
"NVIDIA GeForce RTX 4090",89,12080,20277353,transform,16384,64,fp16,1,256,0,3,64,20,2.563099936,PASS
"NVIDIA GeForce RTX 4090",89,12080,20277353,transform,16384,64,fp16,1,32,1,1,64,20,8.629599959,PASS
"NVIDIA GeForce RTX 4090",89,12080,20277353,transform,16384,64,fp16,1,64,1,0,64,20,4.869600013,PASS
"NVIDIA GeForce RTX 4090",89,12080,20277353,transform,16384,64,fp16,1,128,1,3,64,20,2.977599949,PASS
"NVIDIA GeForce RTX 4090",89,12080,20277353,transform,16384,64,fp16,1,256,1,2,64,20,2.563899942,PASS
"NVIDIA GeForce RTX 4090",89,12080,20277353,transform,16384,64,fp16,1,32,2,2,64,20,8.639200032,PASS
"NVIDIA GeForce RTX 4090",89,12080,20277353,transform,16384,64,fp16,1,64,2,3,64,20,4.866399989,PASS
"NVIDIA GeForce RTX 4090",89,12080,20277353,transform,16384,64,fp16,1,128,2,0,64,20,2.979199961,PASS
"NVIDIA GeForce RTX 4090",89,12080,20277353,transform,16384,64,fp16,1,256,2,1,64,20,2.563999966,PASS
"NVIDIA GeForce RTX 4090",89,12080,20277353,transform,16384,64,fp16,1,32,3,3,64,20,8.633600175,PASS
"NVIDIA GeForce RTX 4090",89,12080,20277353,transform,16384,64,fp16,1,64,3,2,64,20,4.871999845,PASS
"NVIDIA GeForce RTX 4090",89,12080,20277353,transform,16384,64,fp16,1,128,3,1,64,20,2.977599949,PASS
"NVIDIA GeForce RTX 4090",89,12080,20277353,transform,16384,64,fp16,1,256,3,0,64,20,2.559999935,PASS
"NVIDIA GeForce RTX 4090",89,12080,20277353,transform,16384,64,fp16,1,32,4,0,64,20,8.628799766,PASS
"NVIDIA GeForce RTX 4090",89,12080,20277353,transform,16384,64,fp16,1,64,4,1,64,20,4.865600169,PASS
"NVIDIA GeForce RTX 4090",89,12080,20277353,transform,16384,64,fp16,1,128,4,2,64,20,2.975999936,PASS
"NVIDIA GeForce RTX 4090",89,12080,20277353,transform,16384,64,fp16,1,256,4,3,64,20,2.563999966,PASS
"NVIDIA GeForce RTX 4090",89,12080,20277353,fused_int4,16384,64,fp16,1,32,0,0,64,20,8.838400245,PASS
"NVIDIA GeForce RTX 4090",89,12080,20277353,fused_int4,16384,64,fp16,1,64,0,1,64,20,5.056000128,PASS
"NVIDIA GeForce RTX 4090",89,12080,20277353,fused_int4,16384,64,fp16,1,128,0,2,64,20,3.498400003,PASS
"NVIDIA GeForce RTX 4090",89,12080,20277353,fused_int4,16384,64,fp16,1,256,0,3,64,20,3.507125005,PASS
"NVIDIA GeForce RTX 4090",89,12080,20277353,fused_int4,16384,64,fp16,1,32,1,1,64,20,8.842275292,PASS
"NVIDIA GeForce RTX 4090",89,12080,20277353,fused_int4,16384,64,fp16,1,64,1,0,64,20,5.059999973,PASS
"NVIDIA GeForce RTX 4090",89,12080,20277353,fused_int4,16384,64,fp16,1,128,1,3,64,20,3.496799991,PASS
"NVIDIA GeForce RTX 4090",89,12080,20277353,fused_int4,16384,64,fp16,1,256,1,2,64,20,3.504699841,PASS
"NVIDIA GeForce RTX 4090",89,12080,20277353,fused_int4,16384,64,fp16,1,32,2,2,64,20,8.839199692,PASS
"NVIDIA GeForce RTX 4090",89,12080,20277353,fused_int4,16384,64,fp16,1,64,2,3,64,20,5.060800165,PASS
"NVIDIA GeForce RTX 4090",89,12080,20277353,fused_int4,16384,64,fp16,1,128,2,0,64,20,3.497450054,PASS
"NVIDIA GeForce RTX 4090",89,12080,20277353,fused_int4,16384,64,fp16,1,256,2,1,64,20,3.506400064,PASS
"NVIDIA GeForce RTX 4090",89,12080,20277353,fused_int4,16384,64,fp16,1,32,3,3,64,20,8.884800225,PASS
"NVIDIA GeForce RTX 4090",89,12080,20277353,fused_int4,16384,64,fp16,1,64,3,2,64,20,5.083949864,PASS
"NVIDIA GeForce RTX 4090",89,12080,20277353,fused_int4,16384,64,fp16,1,128,3,1,64,20,3.51199992,PASS
"NVIDIA GeForce RTX 4090",89,12080,20277353,fused_int4,16384,64,fp16,1,256,3,0,64,20,3.515199944,PASS
"NVIDIA GeForce RTX 4090",89,12080,20277353,fused_int4,16384,64,fp16,1,32,4,0,64,20,8.880700171,PASS
"NVIDIA GeForce RTX 4090",89,12080,20277353,fused_int4,16384,64,fp16,1,64,4,1,64,20,5.080800131,PASS
"NVIDIA GeForce RTX 4090",89,12080,20277353,fused_int4,16384,64,fp16,1,128,4,2,64,20,3.5112001,PASS
"NVIDIA GeForce RTX 4090",89,12080,20277353,fused_int4,16384,64,fp16,1,256,4,3,64,20,3.51745002,PASS
"NVIDIA GeForce RTX 4090",89,12080,20277353,transform,16384,64,fp16,0.125,32,0,0,64,20,8.681599796,PASS
"NVIDIA GeForce RTX 4090",89,12080,20277353,transform,16384,64,fp16,0.125,64,0,1,64,20,4.887999967,PASS
"NVIDIA GeForce RTX 4090",89,12080,20277353,transform,16384,64,fp16,0.125,128,0,2,64,20,2.988800034,PASS
"NVIDIA GeForce RTX 4090",89,12080,20277353,transform,16384,64,fp16,0.125,256,0,3,64,20,2.562399954,PASS
"NVIDIA GeForce RTX 4090",89,12080,20277353,transform,16384,64,fp16,0.125,32,1,1,64,20,8.680000156,PASS
"NVIDIA GeForce RTX 4090",89,12080,20277353,transform,16384,64,fp16,0.125,64,1,0,64,20,4.892800003,PASS
"NVIDIA GeForce RTX 4090",89,12080,20277353,transform,16384,64,fp16,0.125,128,1,3,64,20,2.990400046,PASS
"NVIDIA GeForce RTX 4090",89,12080,20277353,transform,16384,64,fp16,0.125,256,1,2,64,20,2.560799941,PASS
"NVIDIA GeForce RTX 4090",89,12080,20277353,transform,16384,64,fp16,0.125,32,2,2,64,20,8.68479982,PASS
"NVIDIA GeForce RTX 4090",89,12080,20277353,transform,16384,64,fp16,0.125,64,2,3,64,20,4.890400171,PASS
"NVIDIA GeForce RTX 4090",89,12080,20277353,transform,16384,64,fp16,0.125,128,2,0,64,20,2.991200052,PASS
"NVIDIA GeForce RTX 4090",89,12080,20277353,transform,16384,64,fp16,0.125,256,2,1,64,20,2.563150041,PASS
"NVIDIA GeForce RTX 4090",89,12080,20277353,transform,16384,64,fp16,0.125,32,3,3,64,20,8.682250232,PASS
"NVIDIA GeForce RTX 4090",89,12080,20277353,transform,16384,64,fp16,0.125,64,3,2,64,20,4.895199835,PASS
"NVIDIA GeForce RTX 4090",89,12080,20277353,transform,16384,64,fp16,0.125,128,3,1,64,20,2.991200052,PASS
"NVIDIA GeForce RTX 4090",89,12080,20277353,transform,16384,64,fp16,0.125,256,3,0,64,20,2.561599948,PASS
"NVIDIA GeForce RTX 4090",89,12080,20277353,transform,16384,64,fp16,0.125,32,4,0,64,20,8.680699766,PASS
"NVIDIA GeForce RTX 4090",89,12080,20277353,transform,16384,64,fp16,0.125,64,4,1,64,20,4.888749868,PASS
"NVIDIA GeForce RTX 4090",89,12080,20277353,transform,16384,64,fp16,0.125,128,4,2,64,20,2.988000028,PASS
"NVIDIA GeForce RTX 4090",89,12080,20277353,transform,16384,64,fp16,0.125,256,4,3,64,20,2.56319996,PASS
"NVIDIA GeForce RTX 4090",89,12080,20277353,fused_int4,16384,64,fp16,0.125,32,0,0,64,20,8.878400177,PASS
"NVIDIA GeForce RTX 4090",89,12080,20277353,fused_int4,16384,64,fp16,0.125,64,0,1,64,20,5.053599924,PASS
"NVIDIA GeForce RTX 4090",89,12080,20277353,fused_int4,16384,64,fp16,0.125,128,0,2,64,20,3.494274989,PASS
"NVIDIA GeForce RTX 4090",89,12080,20277353,fused_int4,16384,64,fp16,0.125,256,0,3,64,20,3.503099829,PASS
"NVIDIA GeForce RTX 4090",89,12080,20277353,fused_int4,16384,64,fp16,0.125,32,1,1,64,20,8.846300095,PASS
"NVIDIA GeForce RTX 4090",89,12080,20277353,fused_int4,16384,64,fp16,0.125,64,1,0,64,20,5.060674995,PASS
"NVIDIA GeForce RTX 4090",89,12080,20277353,fused_int4,16384,64,fp16,0.125,128,1,3,64,20,3.491950035,PASS
"NVIDIA GeForce RTX 4090",89,12080,20277353,fused_int4,16384,64,fp16,0.125,256,1,2,64,20,3.502399847,PASS
"NVIDIA GeForce RTX 4090",89,12080,20277353,fused_int4,16384,64,fp16,0.125,32,2,2,64,20,8.839999884,PASS
"NVIDIA GeForce RTX 4090",89,12080,20277353,fused_int4,16384,64,fp16,0.125,64,2,3,64,20,5.061599985,PASS
"NVIDIA GeForce RTX 4090",89,12080,20277353,fused_int4,16384,64,fp16,0.125,128,2,0,64,20,3.491999954,PASS
"NVIDIA GeForce RTX 4090",89,12080,20277353,fused_int4,16384,64,fp16,0.125,256,2,1,64,20,3.502300009,PASS
"NVIDIA GeForce RTX 4090",89,12080,20277353,fused_int4,16384,64,fp16,0.125,32,3,3,64,20,8.882399648,PASS
"NVIDIA GeForce RTX 4090",89,12080,20277353,fused_int4,16384,64,fp16,0.125,64,3,2,64,20,5.083199963,PASS
"NVIDIA GeForce RTX 4090",89,12080,20277353,fused_int4,16384,64,fp16,0.125,128,3,1,64,20,3.508799896,PASS
"NVIDIA GeForce RTX 4090",89,12080,20277353,fused_int4,16384,64,fp16,0.125,256,3,0,64,20,3.519200161,PASS
"NVIDIA GeForce RTX 4090",89,12080,20277353,fused_int4,16384,64,fp16,0.125,32,4,0,64,20,8.878275007,PASS
"NVIDIA GeForce RTX 4090",89,12080,20277353,fused_int4,16384,64,fp16,0.125,64,4,1,64,20,5.080775172,PASS
"NVIDIA GeForce RTX 4090",89,12080,20277353,fused_int4,16384,64,fp16,0.125,128,4,2,64,20,3.508774936,PASS
"NVIDIA GeForce RTX 4090",89,12080,20277353,fused_int4,16384,64,fp16,0.125,256,4,3,64,20,3.516000137,PASS
"NVIDIA GeForce RTX 4090",89,12080,20261162,transform,1,256,fp16,1,32,0,0,64,20,0.9479999542,PASS
"NVIDIA GeForce RTX 4090",89,12080,20261162,transform,1,256,fp16,1,64,0,1,64,20,0.9472000413,PASS
"NVIDIA GeForce RTX 4090",89,12080,20261162,transform,1,256,fp16,1,128,0,2,64,20,0.9390749969,PASS
"NVIDIA GeForce RTX 4090",89,12080,20261162,transform,1,256,fp16,1,256,0,3,64,20,0.935200043,PASS
"NVIDIA GeForce RTX 4090",89,12080,20261162,transform,1,256,fp16,1,32,1,1,64,20,0.9479999542,PASS
"NVIDIA GeForce RTX 4090",89,12080,20261162,transform,1,256,fp16,1,64,1,0,64,20,0.9472000413,PASS
"NVIDIA GeForce RTX 4090",89,12080,20261162,transform,1,256,fp16,1,128,1,3,64,20,0.9391999803,PASS
"NVIDIA GeForce RTX 4090",89,12080,20261162,transform,1,256,fp16,1,256,1,2,64,20,0.935200043,PASS
"NVIDIA GeForce RTX 4090",89,12080,20261162,transform,1,256,fp16,1,32,2,2,64,20,0.9479999542,PASS
"NVIDIA GeForce RTX 4090",89,12080,20261162,transform,1,256,fp16,1,64,2,3,64,20,0.9472000413,PASS
"NVIDIA GeForce RTX 4090",89,12080,20261162,transform,1,256,fp16,1,128,2,0,64,20,0.9391999803,PASS
"NVIDIA GeForce RTX 4090",89,12080,20261162,transform,1,256,fp16,1,256,2,1,64,20,0.935200043,PASS
"NVIDIA GeForce RTX 4090",89,12080,20261162,transform,1,256,fp16,1,32,3,3,64,20,0.9479999542,PASS
"NVIDIA GeForce RTX 4090",89,12080,20261162,transform,1,256,fp16,1,64,3,2,64,20,0.9472000413,PASS
"NVIDIA GeForce RTX 4090",89,12080,20261162,transform,1,256,fp16,1,128,3,1,64,20,0.9383999743,PASS
"NVIDIA GeForce RTX 4090",89,12080,20261162,transform,1,256,fp16,1,256,3,0,64,20,0.935200043,PASS
"NVIDIA GeForce RTX 4090",89,12080,20261162,transform,1,256,fp16,1,32,4,0,64,20,0.9479999542,PASS
"NVIDIA GeForce RTX 4090",89,12080,20261162,transform,1,256,fp16,1,64,4,1,64,20,0.9479000233,PASS
"NVIDIA GeForce RTX 4090",89,12080,20261162,transform,1,256,fp16,1,128,4,2,64,20,0.9391999803,PASS
"NVIDIA GeForce RTX 4090",89,12080,20261162,transform,1,256,fp16,1,256,4,3,64,20,0.935200043,PASS
"NVIDIA GeForce RTX 4090",89,12080,20261162,fused_int4,1,256,fp16,1,32,0,0,64,20,1.345600002,PASS
"NVIDIA GeForce RTX 4090",89,12080,20261162,fused_int4,1,256,fp16,1,64,0,1,64,20,1.346400008,PASS
"NVIDIA GeForce RTX 4090",89,12080,20261162,fused_int4,1,256,fp16,1,128,0,2,64,20,1.338274963,PASS
"NVIDIA GeForce RTX 4090",89,12080,20261162,fused_int4,1,256,fp16,1,256,0,3,64,20,1.335200015,PASS
"NVIDIA GeForce RTX 4090",89,12080,20261162,fused_int4,1,256,fp16,1,32,1,1,64,20,1.346325036,PASS
"NVIDIA GeForce RTX 4090",89,12080,20261162,fused_int4,1,256,fp16,1,64,1,0,64,20,1.345600002,PASS
"NVIDIA GeForce RTX 4090",89,12080,20261162,fused_int4,1,256,fp16,1,128,1,3,64,20,1.337600034,PASS
"NVIDIA GeForce RTX 4090",89,12080,20261162,fused_int4,1,256,fp16,1,256,1,2,64,20,1.335200015,PASS
"NVIDIA GeForce RTX 4090",89,12080,20261162,fused_int4,1,256,fp16,1,32,2,2,64,20,1.346400008,PASS
"NVIDIA GeForce RTX 4090",89,12080,20261162,fused_int4,1,256,fp16,1,64,2,3,64,20,1.346400008,PASS
"NVIDIA GeForce RTX 4090",89,12080,20261162,fused_int4,1,256,fp16,1,128,2,0,64,20,1.337600034,PASS
"NVIDIA GeForce RTX 4090",89,12080,20261162,fused_int4,1,256,fp16,1,256,2,1,64,20,1.335200015,PASS
"NVIDIA GeForce RTX 4090",89,12080,20261162,fused_int4,1,256,fp16,1,32,3,3,64,20,1.344799995,PASS
"NVIDIA GeForce RTX 4090",89,12080,20261162,fused_int4,1,256,fp16,1,64,3,2,64,20,1.346400008,PASS
"NVIDIA GeForce RTX 4090",89,12080,20261162,fused_int4,1,256,fp16,1,128,3,1,64,20,1.337600034,PASS
"NVIDIA GeForce RTX 4090",89,12080,20261162,fused_int4,1,256,fp16,1,256,3,0,64,20,1.335200015,PASS
"NVIDIA GeForce RTX 4090",89,12080,20261162,fused_int4,1,256,fp16,1,32,4,0,64,20,1.346374955,PASS
"NVIDIA GeForce RTX 4090",89,12080,20261162,fused_int4,1,256,fp16,1,64,4,1,64,20,1.345600002,PASS
"NVIDIA GeForce RTX 4090",89,12080,20261162,fused_int4,1,256,fp16,1,128,4,2,64,20,1.336800028,PASS
"NVIDIA GeForce RTX 4090",89,12080,20261162,fused_int4,1,256,fp16,1,256,4,3,64,20,1.335200015,PASS
"NVIDIA GeForce RTX 4090",89,12080,20261162,transform,1,256,fp16,0.0625,32,0,0,64,20,0.9479999542,PASS
"NVIDIA GeForce RTX 4090",89,12080,20261162,transform,1,256,fp16,0.0625,64,0,1,64,20,0.9487500414,PASS
"NVIDIA GeForce RTX 4090",89,12080,20261162,transform,1,256,fp16,0.0625,128,0,2,64,20,0.9391999803,PASS
"NVIDIA GeForce RTX 4090",89,12080,20261162,transform,1,256,fp16,0.0625,256,0,3,64,20,0.935200043,PASS
"NVIDIA GeForce RTX 4090",89,12080,20261162,transform,1,256,fp16,0.0625,32,1,1,64,20,0.9479000233,PASS
"NVIDIA GeForce RTX 4090",89,12080,20261162,transform,1,256,fp16,0.0625,64,1,0,64,20,0.9487249888,PASS
"NVIDIA GeForce RTX 4090",89,12080,20261162,transform,1,256,fp16,0.0625,128,1,3,64,20,0.9391999803,PASS
"NVIDIA GeForce RTX 4090",89,12080,20261162,transform,1,256,fp16,0.0625,256,1,2,64,20,0.9350749664,PASS
"NVIDIA GeForce RTX 4090",89,12080,20261162,transform,1,256,fp16,0.0625,32,2,2,64,20,0.9463500232,PASS
"NVIDIA GeForce RTX 4090",89,12080,20261162,transform,1,256,fp16,0.0625,64,2,3,64,20,0.9432000108,PASS
"NVIDIA GeForce RTX 4090",89,12080,20261162,transform,1,256,fp16,0.0625,128,2,0,64,20,0.9391999803,PASS
"NVIDIA GeForce RTX 4090",89,12080,20261162,transform,1,256,fp16,0.0625,256,2,1,64,20,0.9328000247,PASS
"NVIDIA GeForce RTX 4090",89,12080,20261162,transform,1,256,fp16,0.0625,32,3,3,64,20,0.9415999986,PASS
"NVIDIA GeForce RTX 4090",89,12080,20261162,transform,1,256,fp16,0.0625,64,3,2,64,20,0.9415999986,PASS
"NVIDIA GeForce RTX 4090",89,12080,20261162,transform,1,256,fp16,0.0625,128,3,1,64,20,0.9328000247,PASS
"NVIDIA GeForce RTX 4090",89,12080,20261162,transform,1,256,fp16,0.0625,256,3,0,64,20,0.9312000126,PASS
"NVIDIA GeForce RTX 4090",89,12080,20261162,transform,1,256,fp16,0.0625,32,4,0,64,20,0.9415999986,PASS
"NVIDIA GeForce RTX 4090",89,12080,20261162,transform,1,256,fp16,0.0625,64,4,1,64,20,0.9415999986,PASS
"NVIDIA GeForce RTX 4090",89,12080,20261162,transform,1,256,fp16,0.0625,128,4,2,64,20,0.9320000187,PASS
"NVIDIA GeForce RTX 4090",89,12080,20261162,transform,1,256,fp16,0.0625,256,4,3,64,20,0.935999956,PASS
"NVIDIA GeForce RTX 4090",89,12080,20261162,fused_int4,1,256,fp16,0.0625,32,0,0,64,20,1.339150034,PASS
"NVIDIA GeForce RTX 4090",89,12080,20261162,fused_int4,1,256,fp16,0.0625,64,0,1,64,20,1.337600034,PASS
"NVIDIA GeForce RTX 4090",89,12080,20261162,fused_int4,1,256,fp16,0.0625,128,0,2,64,20,1.329599973,PASS
"NVIDIA GeForce RTX 4090",89,12080,20261162,fused_int4,1,256,fp16,0.0625,256,0,3,64,20,1.327050012,PASS
"NVIDIA GeForce RTX 4090",89,12080,20261162,fused_int4,1,256,fp16,0.0625,32,1,1,64,20,1.339200046,PASS
"NVIDIA GeForce RTX 4090",89,12080,20261162,fused_int4,1,256,fp16,0.0625,64,1,0,64,20,1.33840004,PASS
"NVIDIA GeForce RTX 4090",89,12080,20261162,fused_int4,1,256,fp16,0.0625,128,1,3,64,20,1.329599973,PASS
"NVIDIA GeForce RTX 4090",89,12080,20261162,fused_int4,1,256,fp16,0.0625,256,1,2,64,20,1.325600035,PASS
"NVIDIA GeForce RTX 4090",89,12080,20261162,fused_int4,1,256,fp16,0.0625,32,2,2,64,20,1.33840004,PASS
"NVIDIA GeForce RTX 4090",89,12080,20261162,fused_int4,1,256,fp16,0.0625,64,2,3,64,20,1.339124981,PASS
"NVIDIA GeForce RTX 4090",89,12080,20261162,fused_int4,1,256,fp16,0.0625,128,2,0,64,20,1.329599973,PASS
"NVIDIA GeForce RTX 4090",89,12080,20261162,fused_int4,1,256,fp16,0.0625,256,2,1,64,20,1.327199955,PASS
"NVIDIA GeForce RTX 4090",89,12080,20261162,fused_int4,1,256,fp16,0.0625,32,3,3,64,20,1.33840004,PASS
"NVIDIA GeForce RTX 4090",89,12080,20261162,fused_int4,1,256,fp16,0.0625,64,3,2,64,20,1.339150034,PASS
"NVIDIA GeForce RTX 4090",89,12080,20261162,fused_int4,1,256,fp16,0.0625,128,3,1,64,20,1.329599973,PASS
"NVIDIA GeForce RTX 4090",89,12080,20261162,fused_int4,1,256,fp16,0.0625,256,3,0,64,20,1.326400042,PASS
"NVIDIA GeForce RTX 4090",89,12080,20261162,fused_int4,1,256,fp16,0.0625,32,4,0,64,20,1.339074969,PASS
"NVIDIA GeForce RTX 4090",89,12080,20261162,fused_int4,1,256,fp16,0.0625,64,4,1,64,20,1.339900028,PASS
"NVIDIA GeForce RTX 4090",89,12080,20261162,fused_int4,1,256,fp16,0.0625,128,4,2,64,20,1.329599973,PASS
"NVIDIA GeForce RTX 4090",89,12080,20261162,fused_int4,1,256,fp16,0.0625,256,4,3,64,20,1.327199955,PASS
"NVIDIA GeForce RTX 4090",89,12080,20261178,transform,17,256,fp16,1,32,0,0,64,20,0.954400003,PASS
"NVIDIA GeForce RTX 4090",89,12080,20261178,transform,17,256,fp16,1,64,0,1,64,20,0.9615999646,PASS
"NVIDIA GeForce RTX 4090",89,12080,20261178,transform,17,256,fp16,1,128,0,2,64,20,0.9840000421,PASS
"NVIDIA GeForce RTX 4090",89,12080,20261178,transform,17,256,fp16,1,256,0,3,64,20,1.137549989,PASS
"NVIDIA GeForce RTX 4090",89,12080,20261178,transform,17,256,fp16,1,32,1,1,64,20,0.954400003,PASS
"NVIDIA GeForce RTX 4090",89,12080,20261178,transform,17,256,fp16,1,64,1,0,64,20,0.9607999586,PASS
"NVIDIA GeForce RTX 4090",89,12080,20261178,transform,17,256,fp16,1,128,1,3,64,20,0.983200036,PASS
"NVIDIA GeForce RTX 4090",89,12080,20261178,transform,17,256,fp16,1,256,1,2,64,20,1.138325036,PASS
"NVIDIA GeForce RTX 4090",89,12080,20261178,transform,17,256,fp16,1,32,2,2,64,20,0.954400003,PASS
"NVIDIA GeForce RTX 4090",89,12080,20261178,transform,17,256,fp16,1,64,2,3,64,20,0.9623999707,PASS
"NVIDIA GeForce RTX 4090",89,12080,20261178,transform,17,256,fp16,1,128,2,0,64,20,0.9840000421,PASS
"NVIDIA GeForce RTX 4090",89,12080,20261178,transform,17,256,fp16,1,256,2,1,64,20,1.137600001,PASS
"NVIDIA GeForce RTX 4090",89,12080,20261178,transform,17,256,fp16,1,32,3,3,64,20,0.954400003,PASS
"NVIDIA GeForce RTX 4090",89,12080,20261178,transform,17,256,fp16,1,64,3,2,64,20,0.9615999646,PASS
"NVIDIA GeForce RTX 4090",89,12080,20261178,transform,17,256,fp16,1,128,3,1,64,20,0.983200036,PASS
"NVIDIA GeForce RTX 4090",89,12080,20261178,transform,17,256,fp16,1,256,3,0,64,20,1.138325036,PASS
"NVIDIA GeForce RTX 4090",89,12080,20261178,transform,17,256,fp16,1,32,4,0,64,20,0.954400003,PASS
"NVIDIA GeForce RTX 4090",89,12080,20261178,transform,17,256,fp16,1,64,4,1,64,20,0.9615999646,PASS
"NVIDIA GeForce RTX 4090",89,12080,20261178,transform,17,256,fp16,1,128,4,2,64,20,0.983200036,PASS
"NVIDIA GeForce RTX 4090",89,12080,20261178,transform,17,256,fp16,1,256,4,3,64,20,1.136799995,PASS
"NVIDIA GeForce RTX 4090",89,12080,20261178,fused_int4,17,256,fp16,1,32,0,0,64,20,1.924799941,PASS
"NVIDIA GeForce RTX 4090",89,12080,20261178,fused_int4,17,256,fp16,1,64,0,1,64,20,1.933600008,PASS
"NVIDIA GeForce RTX 4090",89,12080,20261178,fused_int4,17,256,fp16,1,128,0,2,64,20,1.961600035,PASS
"NVIDIA GeForce RTX 4090",89,12080,20261178,fused_int4,17,256,fp16,1,256,0,3,64,20,2.094399929,PASS
"NVIDIA GeForce RTX 4090",89,12080,20261178,fused_int4,17,256,fp16,1,32,1,1,64,20,1.923199929,PASS
"NVIDIA GeForce RTX 4090",89,12080,20261178,fused_int4,17,256,fp16,1,64,1,0,64,20,1.931999996,PASS
"NVIDIA GeForce RTX 4090",89,12080,20261178,fused_int4,17,256,fp16,1,128,1,3,64,20,1.960800029,PASS
"NVIDIA GeForce RTX 4090",89,12080,20261178,fused_int4,17,256,fp16,1,256,1,2,64,20,2.093599923,PASS
"NVIDIA GeForce RTX 4090",89,12080,20261178,fused_int4,17,256,fp16,1,32,2,2,64,20,1.923999935,PASS
"NVIDIA GeForce RTX 4090",89,12080,20261178,fused_int4,17,256,fp16,1,64,2,3,64,20,1.933600008,PASS
"NVIDIA GeForce RTX 4090",89,12080,20261178,fused_int4,17,256,fp16,1,128,2,0,64,20,1.960800029,PASS
"NVIDIA GeForce RTX 4090",89,12080,20261178,fused_int4,17,256,fp16,1,256,2,1,64,20,2.093599923,PASS
"NVIDIA GeForce RTX 4090",89,12080,20261178,fused_int4,17,256,fp16,1,32,3,3,64,20,1.923199929,PASS
"NVIDIA GeForce RTX 4090",89,12080,20261178,fused_int4,17,256,fp16,1,64,3,2,64,20,1.933575049,PASS
"NVIDIA GeForce RTX 4090",89,12080,20261178,fused_int4,17,256,fp16,1,128,3,1,64,20,1.961600035,PASS
"NVIDIA GeForce RTX 4090",89,12080,20261178,fused_int4,17,256,fp16,1,256,3,0,64,20,2.094399929,PASS
"NVIDIA GeForce RTX 4090",89,12080,20261178,fused_int4,17,256,fp16,1,32,4,0,64,20,1.923199929,PASS
"NVIDIA GeForce RTX 4090",89,12080,20261178,fused_int4,17,256,fp16,1,64,4,1,64,20,1.933600008,PASS
"NVIDIA GeForce RTX 4090",89,12080,20261178,fused_int4,17,256,fp16,1,128,4,2,64,20,1.960800029,PASS
"NVIDIA GeForce RTX 4090",89,12080,20261178,fused_int4,17,256,fp16,1,256,4,3,64,20,2.093599923,PASS
"NVIDIA GeForce RTX 4090",89,12080,20261178,transform,17,256,fp16,0.0625,32,0,0,64,20,0.9543250315,PASS
"NVIDIA GeForce RTX 4090",89,12080,20261178,transform,17,256,fp16,0.0625,64,0,1,64,20,0.9607999586,PASS
"NVIDIA GeForce RTX 4090",89,12080,20261178,transform,17,256,fp16,0.0625,128,0,2,64,20,0.9840000421,PASS
"NVIDIA GeForce RTX 4090",89,12080,20261178,transform,17,256,fp16,0.0625,256,0,3,64,20,1.136799995,PASS
"NVIDIA GeForce RTX 4090",89,12080,20261178,transform,17,256,fp16,0.0625,32,1,1,64,20,0.954400003,PASS
"NVIDIA GeForce RTX 4090",89,12080,20261178,transform,17,256,fp16,0.0625,64,1,0,64,20,0.9607999586,PASS
"NVIDIA GeForce RTX 4090",89,12080,20261178,transform,17,256,fp16,0.0625,128,1,3,64,20,0.983200036,PASS
"NVIDIA GeForce RTX 4090",89,12080,20261178,transform,17,256,fp16,0.0625,256,1,2,64,20,1.137600001,PASS
"NVIDIA GeForce RTX 4090",89,12080,20261178,transform,17,256,fp16,0.0625,32,2,2,64,20,0.954400003,PASS
"NVIDIA GeForce RTX 4090",89,12080,20261178,transform,17,256,fp16,0.0625,64,2,3,64,20,0.9607999586,PASS
"NVIDIA GeForce RTX 4090",89,12080,20261178,transform,17,256,fp16,0.0625,128,2,0,64,20,0.9839500301,PASS
"NVIDIA GeForce RTX 4090",89,12080,20261178,transform,17,256,fp16,0.0625,256,2,1,64,20,1.136799995,PASS
"NVIDIA GeForce RTX 4090",89,12080,20261178,transform,17,256,fp16,0.0625,32,3,3,64,20,0.954400003,PASS
"NVIDIA GeForce RTX 4090",89,12080,20261178,transform,17,256,fp16,0.0625,64,3,2,64,20,0.9615500458,PASS
"NVIDIA GeForce RTX 4090",89,12080,20261178,transform,17,256,fp16,0.0625,128,3,1,64,20,0.9840000421,PASS
"NVIDIA GeForce RTX 4090",89,12080,20261178,transform,17,256,fp16,0.0625,256,3,0,64,20,1.138400007,PASS
"NVIDIA GeForce RTX 4090",89,12080,20261178,transform,17,256,fp16,0.0625,32,4,0,64,20,0.954400003,PASS
"NVIDIA GeForce RTX 4090",89,12080,20261178,transform,17,256,fp16,0.0625,64,4,1,64,20,0.9607999586,PASS
"NVIDIA GeForce RTX 4090",89,12080,20261178,transform,17,256,fp16,0.0625,128,4,2,64,20,0.9840000421,PASS
"NVIDIA GeForce RTX 4090",89,12080,20261178,transform,17,256,fp16,0.0625,256,4,3,64,20,1.137600001,PASS
"NVIDIA GeForce RTX 4090",89,12080,20261178,fused_int4,17,256,fp16,0.0625,32,0,0,64,20,1.923199929,PASS
"NVIDIA GeForce RTX 4090",89,12080,20261178,fused_int4,17,256,fp16,0.0625,64,0,1,64,20,1.932800002,PASS
"NVIDIA GeForce RTX 4090",89,12080,20261178,fused_int4,17,256,fp16,0.0625,128,0,2,64,20,1.960724965,PASS
"NVIDIA GeForce RTX 4090",89,12080,20261178,fused_int4,17,256,fp16,0.0625,256,0,3,64,20,2.093599923,PASS
"NVIDIA GeForce RTX 4090",89,12080,20261178,fused_int4,17,256,fp16,0.0625,32,1,1,64,20,1.923974976,PASS
"NVIDIA GeForce RTX 4090",89,12080,20261178,fused_int4,17,256,fp16,0.0625,64,1,0,64,20,1.932800002,PASS
"NVIDIA GeForce RTX 4090",89,12080,20261178,fused_int4,17,256,fp16,0.0625,128,1,3,64,20,1.960000023,PASS
"NVIDIA GeForce RTX 4090",89,12080,20261178,fused_int4,17,256,fp16,0.0625,256,1,2,64,20,2.094399929,PASS
"NVIDIA GeForce RTX 4090",89,12080,20261178,fused_int4,17,256,fp16,0.0625,32,2,2,64,20,1.923125051,PASS
"NVIDIA GeForce RTX 4090",89,12080,20261178,fused_int4,17,256,fp16,0.0625,64,2,3,64,20,1.932800002,PASS
"NVIDIA GeForce RTX 4090",89,12080,20261178,fused_int4,17,256,fp16,0.0625,128,2,0,64,20,1.960800029,PASS
"NVIDIA GeForce RTX 4090",89,12080,20261178,fused_int4,17,256,fp16,0.0625,256,2,1,64,20,2.094399929,PASS
"NVIDIA GeForce RTX 4090",89,12080,20261178,fused_int4,17,256,fp16,0.0625,32,3,3,64,20,1.923999935,PASS
"NVIDIA GeForce RTX 4090",89,12080,20261178,fused_int4,17,256,fp16,0.0625,64,3,2,64,20,1.932800002,PASS
"NVIDIA GeForce RTX 4090",89,12080,20261178,fused_int4,17,256,fp16,0.0625,128,3,1,64,20,1.960800029,PASS
"NVIDIA GeForce RTX 4090",89,12080,20261178,fused_int4,17,256,fp16,0.0625,256,3,0,64,20,2.093599923,PASS
"NVIDIA GeForce RTX 4090",89,12080,20261178,fused_int4,17,256,fp16,0.0625,32,4,0,64,20,1.923199929,PASS
"NVIDIA GeForce RTX 4090",89,12080,20261178,fused_int4,17,256,fp16,0.0625,64,4,1,64,20,1.932800002,PASS
"NVIDIA GeForce RTX 4090",89,12080,20261178,fused_int4,17,256,fp16,0.0625,128,4,2,64,20,1.960675046,PASS
"NVIDIA GeForce RTX 4090",89,12080,20261178,fused_int4,17,256,fp16,0.0625,256,4,3,64,20,2.094399929,PASS
"NVIDIA GeForce RTX 4090",89,12080,20265257,transform,4096,256,fp16,1,32,0,0,64,20,3.029575013,PASS
"NVIDIA GeForce RTX 4090",89,12080,20265257,transform,4096,256,fp16,1,64,0,1,64,20,2.428800054,PASS
"NVIDIA GeForce RTX 4090",89,12080,20265257,transform,4096,256,fp16,1,128,0,2,64,20,2.411999926,PASS
"NVIDIA GeForce RTX 4090",89,12080,20265257,transform,4096,256,fp16,1,256,0,3,64,20,2.384000085,PASS
"NVIDIA GeForce RTX 4090",89,12080,20265257,transform,4096,256,fp16,1,32,1,1,64,20,3.029599972,PASS
"NVIDIA GeForce RTX 4090",89,12080,20265257,transform,4096,256,fp16,1,64,1,0,64,20,2.428800054,PASS
"NVIDIA GeForce RTX 4090",89,12080,20265257,transform,4096,256,fp16,1,128,1,3,64,20,2.411999926,PASS
"NVIDIA GeForce RTX 4090",89,12080,20265257,transform,4096,256,fp16,1,256,1,2,64,20,2.383200079,PASS
"NVIDIA GeForce RTX 4090",89,12080,20265257,transform,4096,256,fp16,1,32,2,2,64,20,3.032799996,PASS
"NVIDIA GeForce RTX 4090",89,12080,20265257,transform,4096,256,fp16,1,64,2,3,64,20,2.42960006,PASS
"NVIDIA GeForce RTX 4090",89,12080,20265257,transform,4096,256,fp16,1,128,2,0,64,20,2.411900088,PASS
"NVIDIA GeForce RTX 4090",89,12080,20265257,transform,4096,256,fp16,1,256,2,1,64,20,2.384800091,PASS
"NVIDIA GeForce RTX 4090",89,12080,20265257,transform,4096,256,fp16,1,32,3,3,64,20,3.033600003,PASS
"NVIDIA GeForce RTX 4090",89,12080,20265257,transform,4096,256,fp16,1,64,3,2,64,20,2.42960006,PASS
"NVIDIA GeForce RTX 4090",89,12080,20265257,transform,4096,256,fp16,1,128,3,1,64,20,2.411999926,PASS
"NVIDIA GeForce RTX 4090",89,12080,20265257,transform,4096,256,fp16,1,256,3,0,64,20,2.384800091,PASS
"NVIDIA GeForce RTX 4090",89,12080,20265257,transform,4096,256,fp16,1,32,4,0,64,20,3.034400009,PASS
"NVIDIA GeForce RTX 4090",89,12080,20265257,transform,4096,256,fp16,1,64,4,1,64,20,2.430400066,PASS
"NVIDIA GeForce RTX 4090",89,12080,20265257,transform,4096,256,fp16,1,128,4,2,64,20,2.41119992,PASS
"NVIDIA GeForce RTX 4090",89,12080,20265257,transform,4096,256,fp16,1,256,4,3,64,20,2.385500073,PASS
"NVIDIA GeForce RTX 4090",89,12080,20265257,fused_int4,4096,256,fp16,1,32,0,0,64,20,3.519900143,PASS
"NVIDIA GeForce RTX 4090",89,12080,20265257,fused_int4,4096,256,fp16,1,64,0,1,64,20,3.082400002,PASS
"NVIDIA GeForce RTX 4090",89,12080,20265257,fused_int4,4096,256,fp16,1,128,0,2,64,20,3.053499945,PASS
"NVIDIA GeForce RTX 4090",89,12080,20265257,fused_int4,4096,256,fp16,1,256,0,3,64,20,3.058350086,PASS
"NVIDIA GeForce RTX 4090",89,12080,20265257,fused_int4,4096,256,fp16,1,32,1,1,64,20,3.523999825,PASS
"NVIDIA GeForce RTX 4090",89,12080,20265257,fused_int4,4096,256,fp16,1,64,1,0,64,20,3.085600026,PASS
"NVIDIA GeForce RTX 4090",89,12080,20265257,fused_int4,4096,256,fp16,1,128,1,3,64,20,3.055999987,PASS
"NVIDIA GeForce RTX 4090",89,12080,20265257,fused_int4,4096,256,fp16,1,256,1,2,64,20,3.059200011,PASS
"NVIDIA GeForce RTX 4090",89,12080,20265257,fused_int4,4096,256,fp16,1,32,2,2,64,20,3.525599837,PASS
"NVIDIA GeForce RTX 4090",89,12080,20265257,fused_int4,4096,256,fp16,1,64,2,3,64,20,3.087100014,PASS
"NVIDIA GeForce RTX 4090",89,12080,20265257,fused_int4,4096,256,fp16,1,128,2,0,64,20,3.055199981,PASS
"NVIDIA GeForce RTX 4090",89,12080,20265257,fused_int4,4096,256,fp16,1,256,2,1,64,20,3.059200011,PASS
"NVIDIA GeForce RTX 4090",89,12080,20265257,fused_int4,4096,256,fp16,1,32,3,3,64,20,3.524800017,PASS
"NVIDIA GeForce RTX 4090",89,12080,20265257,fused_int4,4096,256,fp16,1,64,3,2,64,20,3.086400032,PASS
"NVIDIA GeForce RTX 4090",89,12080,20265257,fused_int4,4096,256,fp16,1,128,3,1,64,20,3.059099987,PASS
"NVIDIA GeForce RTX 4090",89,12080,20265257,fused_int4,4096,256,fp16,1,256,3,0,64,20,3.060800023,PASS
"NVIDIA GeForce RTX 4090",89,12080,20265257,fused_int4,4096,256,fp16,1,32,4,0,64,20,3.525599837,PASS
"NVIDIA GeForce RTX 4090",89,12080,20265257,fused_int4,4096,256,fp16,1,64,4,1,64,20,3.086400032,PASS
"NVIDIA GeForce RTX 4090",89,12080,20265257,fused_int4,4096,256,fp16,1,128,4,2,64,20,3.056699969,PASS
"NVIDIA GeForce RTX 4090",89,12080,20265257,fused_int4,4096,256,fp16,1,256,4,3,64,20,3.060800023,PASS
"NVIDIA GeForce RTX 4090",89,12080,20265257,transform,4096,256,fp16,0.0625,32,0,0,64,20,3.04240007,PASS
"NVIDIA GeForce RTX 4090",89,12080,20265257,transform,4096,256,fp16,0.0625,64,0,1,64,20,2.436799929,PASS
"NVIDIA GeForce RTX 4090",89,12080,20265257,transform,4096,256,fp16,0.0625,128,0,2,64,20,2.423200011,PASS
"NVIDIA GeForce RTX 4090",89,12080,20265257,transform,4096,256,fp16,0.0625,256,0,3,64,20,2.396799996,PASS
"NVIDIA GeForce RTX 4090",89,12080,20265257,transform,4096,256,fp16,0.0625,32,1,1,64,20,3.043200076,PASS
"NVIDIA GeForce RTX 4090",89,12080,20265257,transform,4096,256,fp16,0.0625,64,1,0,64,20,2.438399941,PASS
"NVIDIA GeForce RTX 4090",89,12080,20265257,transform,4096,256,fp16,0.0625,128,1,3,64,20,2.426400036,PASS
"NVIDIA GeForce RTX 4090",89,12080,20265257,transform,4096,256,fp16,0.0625,256,1,2,64,20,2.397600003,PASS
"NVIDIA GeForce RTX 4090",89,12080,20265257,transform,4096,256,fp16,0.0625,32,2,2,64,20,3.043200076,PASS
"NVIDIA GeForce RTX 4090",89,12080,20265257,transform,4096,256,fp16,0.0625,64,2,3,64,20,2.437599935,PASS
"NVIDIA GeForce RTX 4090",89,12080,20265257,transform,4096,256,fp16,0.0625,128,2,0,64,20,2.424800023,PASS
"NVIDIA GeForce RTX 4090",89,12080,20265257,transform,4096,256,fp16,0.0625,256,2,1,64,20,2.397600003,PASS
"NVIDIA GeForce RTX 4090",89,12080,20265257,transform,4096,256,fp16,0.0625,32,3,3,64,20,3.043200076,PASS
"NVIDIA GeForce RTX 4090",89,12080,20265257,transform,4096,256,fp16,0.0625,64,3,2,64,20,2.439199947,PASS
"NVIDIA GeForce RTX 4090",89,12080,20265257,transform,4096,256,fp16,0.0625,128,3,1,64,20,2.42557507,PASS
"NVIDIA GeForce RTX 4090",89,12080,20265257,transform,4096,256,fp16,0.0625,256,3,0,64,20,2.396799996,PASS
"NVIDIA GeForce RTX 4090",89,12080,20265257,transform,4096,256,fp16,0.0625,32,4,0,64,20,3.046399914,PASS
"NVIDIA GeForce RTX 4090",89,12080,20265257,transform,4096,256,fp16,0.0625,64,4,1,64,20,2.439999953,PASS
"NVIDIA GeForce RTX 4090",89,12080,20265257,transform,4096,256,fp16,0.0625,128,4,2,64,20,2.426400036,PASS
"NVIDIA GeForce RTX 4090",89,12080,20265257,transform,4096,256,fp16,0.0625,256,4,3,64,20,2.398400009,PASS
"NVIDIA GeForce RTX 4090",89,12080,20265257,fused_int4,4096,256,fp16,0.0625,32,0,0,64,20,3.519200161,PASS
"NVIDIA GeForce RTX 4090",89,12080,20265257,fused_int4,4096,256,fp16,0.0625,64,0,1,64,20,3.08387503,PASS
"NVIDIA GeForce RTX 4090",89,12080,20265257,fused_int4,4096,256,fp16,0.0625,128,0,2,64,20,3.052799962,PASS
"NVIDIA GeForce RTX 4090",89,12080,20265257,fused_int4,4096,256,fp16,0.0625,256,0,3,64,20,3.051150031,PASS
"NVIDIA GeForce RTX 4090",89,12080,20265257,fused_int4,4096,256,fp16,0.0625,32,1,1,64,20,3.511974961,PASS
"NVIDIA GeForce RTX 4090",89,12080,20265257,fused_int4,4096,256,fp16,0.0625,64,1,0,64,20,3.078399971,PASS
"NVIDIA GeForce RTX 4090",89,12080,20265257,fused_int4,4096,256,fp16,0.0625,128,1,3,64,20,3.04719992,PASS
"NVIDIA GeForce RTX 4090",89,12080,20265257,fused_int4,4096,256,fp16,0.0625,256,1,2,64,20,3.048799932,PASS
"NVIDIA GeForce RTX 4090",89,12080,20265257,fused_int4,4096,256,fp16,0.0625,32,2,2,64,20,3.512800112,PASS
"NVIDIA GeForce RTX 4090",89,12080,20265257,fused_int4,4096,256,fp16,0.0625,64,2,3,64,20,3.078399971,PASS
"NVIDIA GeForce RTX 4090",89,12080,20265257,fused_int4,4096,256,fp16,0.0625,128,2,0,64,20,3.04719992,PASS
"NVIDIA GeForce RTX 4090",89,12080,20265257,fused_int4,4096,256,fp16,0.0625,256,2,1,64,20,3.048799932,PASS
"NVIDIA GeForce RTX 4090",89,12080,20265257,fused_int4,4096,256,fp16,0.0625,32,3,3,64,20,3.513574973,PASS
"NVIDIA GeForce RTX 4090",89,12080,20265257,fused_int4,4096,256,fp16,0.0625,64,3,2,64,20,3.079999983,PASS
"NVIDIA GeForce RTX 4090",89,12080,20265257,fused_int4,4096,256,fp16,0.0625,128,3,1,64,20,3.047999926,PASS
"NVIDIA GeForce RTX 4090",89,12080,20265257,fused_int4,4096,256,fp16,0.0625,256,3,0,64,20,3.05119995,PASS
"NVIDIA GeForce RTX 4090",89,12080,20265257,fused_int4,4096,256,fp16,0.0625,32,4,0,64,20,3.513599932,PASS
"NVIDIA GeForce RTX 4090",89,12080,20265257,fused_int4,4096,256,fp16,0.0625,64,4,1,64,20,3.080799989,PASS
"NVIDIA GeForce RTX 4090",89,12080,20265257,fused_int4,4096,256,fp16,0.0625,128,4,2,64,20,3.04719992,PASS
"NVIDIA GeForce RTX 4090",89,12080,20265257,fused_int4,4096,256,fp16,0.0625,256,4,3,64,20,3.053599969,PASS
"NVIDIA GeForce RTX 4090",89,12080,20277545,transform,16384,256,fp16,1,32,0,0,64,20,8.749599755,PASS
"NVIDIA GeForce RTX 4090",89,12080,20277545,transform,16384,256,fp16,1,64,0,1,64,20,6.720799953,PASS
"NVIDIA GeForce RTX 4090",89,12080,20277545,transform,16384,256,fp16,1,128,0,2,64,20,6.692799926,PASS
"NVIDIA GeForce RTX 4090",89,12080,20277545,transform,16384,256,fp16,1,256,0,3,64,20,6.670399755,PASS
"NVIDIA GeForce RTX 4090",89,12080,20277545,transform,16384,256,fp16,1,32,1,1,64,20,8.755200356,PASS
"NVIDIA GeForce RTX 4090",89,12080,20277545,transform,16384,256,fp16,1,64,1,0,64,20,6.727849692,PASS
"NVIDIA GeForce RTX 4090",89,12080,20277545,transform,16384,256,fp16,1,128,1,3,64,20,6.698399782,PASS
"NVIDIA GeForce RTX 4090",89,12080,20277545,transform,16384,256,fp16,1,256,1,2,64,20,6.668800116,PASS
"NVIDIA GeForce RTX 4090",89,12080,20277545,transform,16384,256,fp16,1,32,2,2,64,20,8.792799711,PASS
"NVIDIA GeForce RTX 4090",89,12080,20277545,transform,16384,256,fp16,1,64,2,3,64,20,6.73360005,PASS
"NVIDIA GeForce RTX 4090",89,12080,20277545,transform,16384,256,fp16,1,128,2,0,64,20,6.704799831,PASS
"NVIDIA GeForce RTX 4090",89,12080,20277545,transform,16384,256,fp16,1,256,2,1,64,20,6.691999733,PASS
"NVIDIA GeForce RTX 4090",89,12080,20277545,transform,16384,256,fp16,1,32,3,3,64,20,8.787199855,PASS
"NVIDIA GeForce RTX 4090",89,12080,20277545,transform,16384,256,fp16,1,64,3,2,64,20,6.738399714,PASS
"NVIDIA GeForce RTX 4090",89,12080,20277545,transform,16384,256,fp16,1,128,3,1,64,20,6.709524989,PASS
"NVIDIA GeForce RTX 4090",89,12080,20277545,transform,16384,256,fp16,1,256,3,0,64,20,6.679199636,PASS
"NVIDIA GeForce RTX 4090",89,12080,20277545,transform,16384,256,fp16,1,32,4,0,64,20,8.784800023,PASS
"NVIDIA GeForce RTX 4090",89,12080,20277545,transform,16384,256,fp16,1,64,4,1,64,20,6.734249741,PASS
"NVIDIA GeForce RTX 4090",89,12080,20277545,transform,16384,256,fp16,1,128,4,2,64,20,6.705600023,PASS
"NVIDIA GeForce RTX 4090",89,12080,20277545,transform,16384,256,fp16,1,256,4,3,64,20,6.684000045,PASS
"NVIDIA GeForce RTX 4090",89,12080,20277545,fused_int4,16384,256,fp16,1,32,0,0,64,20,9.234400094,PASS
"NVIDIA GeForce RTX 4090",89,12080,20277545,fused_int4,16384,256,fp16,1,64,0,1,64,20,8.547174931,PASS
"NVIDIA GeForce RTX 4090",89,12080,20277545,fused_int4,16384,256,fp16,1,128,0,2,64,20,8.474375308,PASS
"NVIDIA GeForce RTX 4090",89,12080,20277545,fused_int4,16384,256,fp16,1,256,0,3,64,20,8.476799726,PASS
"NVIDIA GeForce RTX 4090",89,12080,20277545,fused_int4,16384,256,fp16,1,32,1,1,64,20,9.49279964,PASS
"NVIDIA GeForce RTX 4090",89,12080,20277545,fused_int4,16384,256,fp16,1,64,1,0,64,20,8.620800078,PASS
"NVIDIA GeForce RTX 4090",89,12080,20277545,fused_int4,16384,256,fp16,1,128,1,3,64,20,8.778324723,PASS
"NVIDIA GeForce RTX 4090",89,12080,20277545,fused_int4,16384,256,fp16,1,256,1,2,64,20,8.758399636,PASS
"NVIDIA GeForce RTX 4090",89,12080,20277545,fused_int4,16384,256,fp16,1,32,2,2,64,20,9.598399699,PASS
"NVIDIA GeForce RTX 4090",89,12080,20277545,fused_int4,16384,256,fp16,1,64,2,3,64,20,8.801600337,PASS
"NVIDIA GeForce RTX 4090",89,12080,20277545,fused_int4,16384,256,fp16,1,128,2,0,64,20,8.780799806,PASS
"NVIDIA GeForce RTX 4090",89,12080,20277545,fused_int4,16384,256,fp16,1,256,2,1,64,20,8.776800334,PASS
"NVIDIA GeForce RTX 4090",89,12080,20277545,fused_int4,16384,256,fp16,1,32,3,3,64,20,9.507974982,PASS
"NVIDIA GeForce RTX 4090",89,12080,20277545,fused_int4,16384,256,fp16,1,64,3,2,64,20,8.724000305,PASS
"NVIDIA GeForce RTX 4090",89,12080,20277545,fused_int4,16384,256,fp16,1,128,3,1,64,20,8.622399718,PASS
"NVIDIA GeForce RTX 4090",89,12080,20277545,fused_int4,16384,256,fp16,1,256,3,0,64,20,8.650399745,PASS
"NVIDIA GeForce RTX 4090",89,12080,20277545,fused_int4,16384,256,fp16,1,32,4,0,64,20,9.455999732,PASS
"NVIDIA GeForce RTX 4090",89,12080,20277545,fused_int4,16384,256,fp16,1,64,4,1,64,20,8.73600021,PASS
"NVIDIA GeForce RTX 4090",89,12080,20277545,fused_int4,16384,256,fp16,1,128,4,2,64,20,8.628799766,PASS
"NVIDIA GeForce RTX 4090",89,12080,20277545,fused_int4,16384,256,fp16,1,256,4,3,64,20,8.637599647,PASS
"NVIDIA GeForce RTX 4090",89,12080,20277545,transform,16384,256,fp16,0.0625,32,0,0,64,20,8.749599755,PASS
"NVIDIA GeForce RTX 4090",89,12080,20277545,transform,16384,256,fp16,0.0625,64,0,1,64,20,6.721574813,PASS
"NVIDIA GeForce RTX 4090",89,12080,20277545,transform,16384,256,fp16,0.0625,128,0,2,64,20,6.691875309,PASS
"NVIDIA GeForce RTX 4090",89,12080,20277545,transform,16384,256,fp16,0.0625,256,0,3,64,20,6.67200014,PASS
"NVIDIA GeForce RTX 4090",89,12080,20277545,transform,16384,256,fp16,0.0625,32,1,1,64,20,8.755899966,PASS
"NVIDIA GeForce RTX 4090",89,12080,20277545,transform,16384,256,fp16,0.0625,64,1,0,64,20,6.728799641,PASS
"NVIDIA GeForce RTX 4090",89,12080,20277545,transform,16384,256,fp16,0.0625,128,1,3,64,20,6.696800143,PASS
"NVIDIA GeForce RTX 4090",89,12080,20277545,transform,16384,256,fp16,0.0625,256,1,2,64,20,6.663999707,PASS
"NVIDIA GeForce RTX 4090",89,12080,20277545,transform,16384,256,fp16,0.0625,32,2,2,64,20,8.756799996,PASS
"NVIDIA GeForce RTX 4090",89,12080,20277545,transform,16384,256,fp16,0.0625,64,2,3,64,20,6.745599955,PASS
"NVIDIA GeForce RTX 4090",89,12080,20277545,transform,16384,256,fp16,0.0625,128,2,0,64,20,6.69599995,PASS
"NVIDIA GeForce RTX 4090",89,12080,20277545,transform,16384,256,fp16,0.0625,256,2,1,64,20,6.670399755,PASS
"NVIDIA GeForce RTX 4090",89,12080,20277545,transform,16384,256,fp16,0.0625,32,3,3,64,20,8.787950128,PASS
"NVIDIA GeForce RTX 4090",89,12080,20277545,transform,16384,256,fp16,0.0625,64,3,2,64,20,6.743200123,PASS
"NVIDIA GeForce RTX 4090",89,12080,20277545,transform,16384,256,fp16,0.0625,128,3,1,64,20,6.716000289,PASS
"NVIDIA GeForce RTX 4090",89,12080,20277545,transform,16384,256,fp16,0.0625,256,3,0,64,20,6.691999733,PASS
"NVIDIA GeForce RTX 4090",89,12080,20277545,transform,16384,256,fp16,0.0625,32,4,0,64,20,8.785600215,PASS
"NVIDIA GeForce RTX 4090",89,12080,20277545,transform,16384,256,fp16,0.0625,64,4,1,64,20,6.741599739,PASS
"NVIDIA GeForce RTX 4090",89,12080,20277545,transform,16384,256,fp16,0.0625,128,4,2,64,20,6.715200096,PASS
"NVIDIA GeForce RTX 4090",89,12080,20277545,transform,16384,256,fp16,0.0625,256,4,3,64,20,6.689599901,PASS
"NVIDIA GeForce RTX 4090",89,12080,20277545,fused_int4,16384,256,fp16,0.0625,32,0,0,64,20,9.244800359,PASS
"NVIDIA GeForce RTX 4090",89,12080,20277545,fused_int4,16384,256,fp16,0.0625,64,0,1,64,20,8.540800214,PASS
"NVIDIA GeForce RTX 4090",89,12080,20277545,fused_int4,16384,256,fp16,0.0625,128,0,2,64,20,8.473599702,PASS
"NVIDIA GeForce RTX 4090",89,12080,20277545,fused_int4,16384,256,fp16,0.0625,256,0,3,64,20,8.443199843,PASS
"NVIDIA GeForce RTX 4090",89,12080,20277545,fused_int4,16384,256,fp16,0.0625,32,1,1,64,20,9.284000099,PASS
"NVIDIA GeForce RTX 4090",89,12080,20277545,fused_int4,16384,256,fp16,0.0625,64,1,0,64,20,8.537600189,PASS
"NVIDIA GeForce RTX 4090",89,12080,20277545,fused_int4,16384,256,fp16,0.0625,128,1,3,64,20,8.644799888,PASS
"NVIDIA GeForce RTX 4090",89,12080,20277545,fused_int4,16384,256,fp16,0.0625,256,1,2,64,20,8.503150195,PASS
"NVIDIA GeForce RTX 4090",89,12080,20277545,fused_int4,16384,256,fp16,0.0625,32,2,2,64,20,9.508799762,PASS
"NVIDIA GeForce RTX 4090",89,12080,20277545,fused_int4,16384,256,fp16,0.0625,64,2,3,64,20,8.743924648,PASS
"NVIDIA GeForce RTX 4090",89,12080,20277545,fused_int4,16384,256,fp16,0.0625,128,2,0,64,20,8.724799752,PASS
"NVIDIA GeForce RTX 4090",89,12080,20277545,fused_int4,16384,256,fp16,0.0625,256,2,1,64,20,8.647999913,PASS
"NVIDIA GeForce RTX 4090",89,12080,20277545,fused_int4,16384,256,fp16,0.0625,32,3,3,64,20,9.526400268,PASS
"NVIDIA GeForce RTX 4090",89,12080,20277545,fused_int4,16384,256,fp16,0.0625,64,3,2,64,20,8.806350082,PASS
"NVIDIA GeForce RTX 4090",89,12080,20277545,fused_int4,16384,256,fp16,0.0625,128,3,1,64,20,8.647999913,PASS
"NVIDIA GeForce RTX 4090",89,12080,20277545,fused_int4,16384,256,fp16,0.0625,256,3,0,64,20,8.590400219,PASS
"NVIDIA GeForce RTX 4090",89,12080,20277545,fused_int4,16384,256,fp16,0.0625,32,4,0,64,20,9.526400268,PASS
"NVIDIA GeForce RTX 4090",89,12080,20277545,fused_int4,16384,256,fp16,0.0625,64,4,1,64,20,8.808799833,PASS
"NVIDIA GeForce RTX 4090",89,12080,20277545,fused_int4,16384,256,fp16,0.0625,128,4,2,64,20,8.739174902,PASS
"NVIDIA GeForce RTX 4090",89,12080,20277545,fused_int4,16384,256,fp16,0.0625,256,4,3,64,20,8.696799725,PASS
"NVIDIA GeForce RTX 4090",89,12080,20260922,transform,1,16,bf16,1,32,0,0,64,20,0.89680003,PASS
"NVIDIA GeForce RTX 4090",89,12080,20260922,transform,1,16,bf16,1,64,0,1,64,20,0.8942499757,PASS
"NVIDIA GeForce RTX 4090",89,12080,20260922,transform,1,16,bf16,1,128,0,2,64,20,0.886400044,PASS
"NVIDIA GeForce RTX 4090",89,12080,20260922,transform,1,16,bf16,1,256,0,3,64,20,0.8808000013,PASS
"NVIDIA GeForce RTX 4090",89,12080,20260922,transform,1,16,bf16,1,32,1,1,64,20,0.8952000178,PASS
"NVIDIA GeForce RTX 4090",89,12080,20260922,transform,1,16,bf16,1,64,1,0,64,20,0.8936000057,PASS
"NVIDIA GeForce RTX 4090",89,12080,20260922,transform,1,16,bf16,1,128,1,3,64,20,0.886400044,PASS
"NVIDIA GeForce RTX 4090",89,12080,20260922,transform,1,16,bf16,1,256,1,2,64,20,0.8806750178,PASS
"NVIDIA GeForce RTX 4090",89,12080,20260922,transform,1,16,bf16,1,32,2,2,64,20,0.8952000178,PASS
"NVIDIA GeForce RTX 4090",89,12080,20260922,transform,1,16,bf16,1,64,2,3,64,20,0.8936000057,PASS
"NVIDIA GeForce RTX 4090",89,12080,20260922,transform,1,16,bf16,1,128,2,0,64,20,0.886400044,PASS
"NVIDIA GeForce RTX 4090",89,12080,20260922,transform,1,16,bf16,1,256,2,1,64,20,0.8807250299,PASS
"NVIDIA GeForce RTX 4090",89,12080,20260922,transform,1,16,bf16,1,32,3,3,64,20,0.8960000239,PASS
"NVIDIA GeForce RTX 4090",89,12080,20260922,transform,1,16,bf16,1,64,3,2,64,20,0.8943250403,PASS
"NVIDIA GeForce RTX 4090",89,12080,20260922,transform,1,16,bf16,1,128,3,1,64,20,0.8855000138,PASS
"NVIDIA GeForce RTX 4090",89,12080,20260922,transform,1,16,bf16,1,256,3,0,64,20,0.8806999773,PASS
"NVIDIA GeForce RTX 4090",89,12080,20260922,transform,1,16,bf16,1,32,4,0,64,20,0.8952000178,PASS
"NVIDIA GeForce RTX 4090",89,12080,20260922,transform,1,16,bf16,1,64,4,1,64,20,0.8936000057,PASS
"NVIDIA GeForce RTX 4090",89,12080,20260922,transform,1,16,bf16,1,128,4,2,64,20,0.886400044,PASS
"NVIDIA GeForce RTX 4090",89,12080,20260922,transform,1,16,bf16,1,256,4,3,64,20,0.8824000135,PASS
"NVIDIA GeForce RTX 4090",89,12080,20260922,fused_int4,1,16,bf16,1,32,0,0,64,20,1.104700007,PASS
"NVIDIA GeForce RTX 4090",89,12080,20260922,fused_int4,1,16,bf16,1,64,0,1,64,20,1.106400043,PASS
"NVIDIA GeForce RTX 4090",89,12080,20260922,fused_int4,1,16,bf16,1,128,0,2,64,20,1.095199957,PASS
"NVIDIA GeForce RTX 4090",89,12080,20260922,fused_int4,1,16,bf16,1,256,0,3,64,20,1.092700008,PASS
"NVIDIA GeForce RTX 4090",89,12080,20260922,fused_int4,1,16,bf16,1,32,1,1,64,20,1.104000024,PASS
"NVIDIA GeForce RTX 4090",89,12080,20260922,fused_int4,1,16,bf16,1,64,1,0,64,20,1.106400043,PASS
"NVIDIA GeForce RTX 4090",89,12080,20260922,fused_int4,1,16,bf16,1,128,1,3,64,20,1.094400045,PASS
"NVIDIA GeForce RTX 4090",89,12080,20260922,fused_int4,1,16,bf16,1,256,1,2,64,20,1.093450002,PASS
"NVIDIA GeForce RTX 4090",89,12080,20260922,fused_int4,1,16,bf16,1,32,2,2,64,20,1.104000024,PASS
"NVIDIA GeForce RTX 4090",89,12080,20260922,fused_int4,1,16,bf16,1,64,2,3,64,20,1.106400043,PASS
"NVIDIA GeForce RTX 4090",89,12080,20260922,fused_int4,1,16,bf16,1,128,2,0,64,20,1.095999964,PASS
"NVIDIA GeForce RTX 4090",89,12080,20260922,fused_int4,1,16,bf16,1,256,2,1,64,20,1.092800032,PASS
"NVIDIA GeForce RTX 4090",89,12080,20260922,fused_int4,1,16,bf16,1,32,3,3,64,20,1.090400014,PASS
"NVIDIA GeForce RTX 4090",89,12080,20260922,fused_int4,1,16,bf16,1,64,3,2,64,20,1.106300019,PASS
"NVIDIA GeForce RTX 4090",89,12080,20260922,fused_int4,1,16,bf16,1,128,3,1,64,20,1.094400045,PASS
"NVIDIA GeForce RTX 4090",89,12080,20260922,fused_int4,1,16,bf16,1,256,3,0,64,20,1.094400045,PASS
"NVIDIA GeForce RTX 4090",89,12080,20260922,fused_int4,1,16,bf16,1,32,4,0,64,20,1.083124988,PASS
"NVIDIA GeForce RTX 4090",89,12080,20260922,fused_int4,1,16,bf16,1,64,4,1,64,20,1.082400046,PASS
"NVIDIA GeForce RTX 4090",89,12080,20260922,fused_int4,1,16,bf16,1,128,4,2,64,20,1.073599979,PASS
"NVIDIA GeForce RTX 4090",89,12080,20260922,fused_int4,1,16,bf16,1,256,4,3,64,20,1.071199961,PASS
"NVIDIA GeForce RTX 4090",89,12080,20260922,transform,1,16,bf16,0.25,32,0,0,64,20,0.8766749874,PASS
"NVIDIA GeForce RTX 4090",89,12080,20260922,transform,1,16,bf16,0.25,64,0,1,64,20,0.8782749996,PASS
"NVIDIA GeForce RTX 4090",89,12080,20260922,transform,1,16,bf16,0.25,128,0,2,64,20,0.8688000031,PASS
"NVIDIA GeForce RTX 4090",89,12080,20260922,transform,1,16,bf16,0.25,256,0,3,64,20,0.8631999604,PASS
"NVIDIA GeForce RTX 4090",89,12080,20260922,transform,1,16,bf16,0.25,32,1,1,64,20,0.8767999709,PASS
"NVIDIA GeForce RTX 4090",89,12080,20260922,transform,1,16,bf16,0.25,64,1,0,64,20,0.8767999709,PASS
"NVIDIA GeForce RTX 4090",89,12080,20260922,transform,1,16,bf16,0.25,128,1,3,64,20,0.8694750257,PASS
"NVIDIA GeForce RTX 4090",89,12080,20260922,transform,1,16,bf16,0.25,256,1,2,64,20,0.8631999604,PASS
"NVIDIA GeForce RTX 4090",89,12080,20260922,transform,1,16,bf16,0.25,32,2,2,64,20,0.8767999709,PASS
"NVIDIA GeForce RTX 4090",89,12080,20260922,transform,1,16,bf16,0.25,64,2,3,64,20,0.877599977,PASS
"NVIDIA GeForce RTX 4090",89,12080,20260922,transform,1,16,bf16,0.25,128,2,0,64,20,0.8688000031,PASS
"NVIDIA GeForce RTX 4090",89,12080,20260922,transform,1,16,bf16,0.25,256,2,1,64,20,0.8639999665,PASS
"NVIDIA GeForce RTX 4090",89,12080,20260922,transform,1,16,bf16,0.25,32,3,3,64,20,0.8767750114,PASS
"NVIDIA GeForce RTX 4090",89,12080,20260922,transform,1,16,bf16,0.25,64,3,2,64,20,0.877599977,PASS
"NVIDIA GeForce RTX 4090",89,12080,20260922,transform,1,16,bf16,0.25,128,3,1,64,20,0.8688000031,PASS
"NVIDIA GeForce RTX 4090",89,12080,20260922,transform,1,16,bf16,0.25,256,3,0,64,20,0.8631999604,PASS
"NVIDIA GeForce RTX 4090",89,12080,20260922,transform,1,16,bf16,0.25,32,4,0,64,20,0.8759999648,PASS
"NVIDIA GeForce RTX 4090",89,12080,20260922,transform,1,16,bf16,0.25,64,4,1,64,20,0.877599977,PASS
"NVIDIA GeForce RTX 4090",89,12080,20260922,transform,1,16,bf16,0.25,128,4,2,64,20,0.8695749566,PASS
"NVIDIA GeForce RTX 4090",89,12080,20260922,transform,1,16,bf16,0.25,256,4,3,64,20,0.8639999665,PASS
"NVIDIA GeForce RTX 4090",89,12080,20260922,fused_int4,1,16,bf16,0.25,32,0,0,64,20,1.083199959,PASS
"NVIDIA GeForce RTX 4090",89,12080,20260922,fused_int4,1,16,bf16,0.25,64,0,1,64,20,1.08227497,PASS
"NVIDIA GeForce RTX 4090",89,12080,20260922,fused_int4,1,16,bf16,0.25,128,0,2,64,20,1.072799973,PASS
"NVIDIA GeForce RTX 4090",89,12080,20260922,fused_int4,1,16,bf16,0.25,256,0,3,64,20,1.071199961,PASS
"NVIDIA GeForce RTX 4090",89,12080,20260922,fused_int4,1,16,bf16,0.25,32,1,1,64,20,1.083199959,PASS
"NVIDIA GeForce RTX 4090",89,12080,20260922,fused_int4,1,16,bf16,0.25,64,1,0,64,20,1.082400046,PASS
"NVIDIA GeForce RTX 4090",89,12080,20260922,fused_int4,1,16,bf16,0.25,128,1,3,64,20,1.073599979,PASS
"NVIDIA GeForce RTX 4090",89,12080,20260922,fused_int4,1,16,bf16,0.25,256,1,2,64,20,1.071199961,PASS
"NVIDIA GeForce RTX 4090",89,12080,20260922,fused_int4,1,16,bf16,0.25,32,2,2,64,20,1.083999965,PASS
"NVIDIA GeForce RTX 4090",89,12080,20260922,fused_int4,1,16,bf16,0.25,64,2,3,64,20,1.082400046,PASS
"NVIDIA GeForce RTX 4090",89,12080,20260922,fused_int4,1,16,bf16,0.25,128,2,0,64,20,1.07357502,PASS
"NVIDIA GeForce RTX 4090",89,12080,20260922,fused_int4,1,16,bf16,0.25,256,2,1,64,20,1.071999967,PASS
"NVIDIA GeForce RTX 4090",89,12080,20260922,fused_int4,1,16,bf16,0.25,32,3,3,64,20,1.078400016,PASS
"NVIDIA GeForce RTX 4090",89,12080,20260922,fused_int4,1,16,bf16,0.25,64,3,2,64,20,1.080000028,PASS
"NVIDIA GeForce RTX 4090",89,12080,20260922,fused_int4,1,16,bf16,0.25,128,3,1,64,20,1.069600042,PASS
"NVIDIA GeForce RTX 4090",89,12080,20260922,fused_int4,1,16,bf16,0.25,256,3,0,64,20,1.069600042,PASS
"NVIDIA GeForce RTX 4090",89,12080,20260922,fused_int4,1,16,bf16,0.25,32,4,0,64,20,1.076800004,PASS
"NVIDIA GeForce RTX 4090",89,12080,20260922,fused_int4,1,16,bf16,0.25,64,4,1,64,20,1.07760001,PASS
"NVIDIA GeForce RTX 4090",89,12080,20260922,fused_int4,1,16,bf16,0.25,128,4,2,64,20,1.067924965,PASS
"NVIDIA GeForce RTX 4090",89,12080,20260922,fused_int4,1,16,bf16,0.25,256,4,3,64,20,1.066400018,PASS
"NVIDIA GeForce RTX 4090",89,12080,20260938,transform,17,16,bf16,1,32,0,0,64,20,0.877599977,PASS
"NVIDIA GeForce RTX 4090",89,12080,20260938,transform,17,16,bf16,1,64,0,1,64,20,0.8758749813,PASS
"NVIDIA GeForce RTX 4090",89,12080,20260938,transform,17,16,bf16,1,128,0,2,64,20,0.8688000031,PASS
"NVIDIA GeForce RTX 4090",89,12080,20260938,transform,17,16,bf16,1,256,0,3,64,20,0.8688000031,PASS
"NVIDIA GeForce RTX 4090",89,12080,20260938,transform,17,16,bf16,1,32,1,1,64,20,0.8759999648,PASS
"NVIDIA GeForce RTX 4090",89,12080,20260938,transform,17,16,bf16,1,64,1,0,64,20,0.8751999587,PASS
"NVIDIA GeForce RTX 4090",89,12080,20260938,transform,17,16,bf16,1,128,1,3,64,20,0.8704000153,PASS
"NVIDIA GeForce RTX 4090",89,12080,20260938,transform,17,16,bf16,1,256,1,2,64,20,0.8704000153,PASS
"NVIDIA GeForce RTX 4090",89,12080,20260938,transform,17,16,bf16,1,32,2,2,64,20,0.878399983,PASS
"NVIDIA GeForce RTX 4090",89,12080,20260938,transform,17,16,bf16,1,64,2,3,64,20,0.8782749996,PASS
"NVIDIA GeForce RTX 4090",89,12080,20260938,transform,17,16,bf16,1,128,2,0,64,20,0.8696000092,PASS
"NVIDIA GeForce RTX 4090",89,12080,20260938,transform,17,16,bf16,1,256,2,1,64,20,0.8720000274,PASS
"NVIDIA GeForce RTX 4090",89,12080,20260938,transform,17,16,bf16,1,32,3,3,64,20,0.877599977,PASS
"NVIDIA GeForce RTX 4090",89,12080,20260938,transform,17,16,bf16,1,64,3,2,64,20,0.8767999709,PASS
"NVIDIA GeForce RTX 4090",89,12080,20260938,transform,17,16,bf16,1,128,3,1,64,20,0.8696000092,PASS
"NVIDIA GeForce RTX 4090",89,12080,20260938,transform,17,16,bf16,1,256,3,0,64,20,0.8720000274,PASS
"NVIDIA GeForce RTX 4090",89,12080,20260938,transform,17,16,bf16,1,32,4,0,64,20,0.8783750236,PASS
"NVIDIA GeForce RTX 4090",89,12080,20260938,transform,17,16,bf16,1,64,4,1,64,20,0.877599977,PASS
"NVIDIA GeForce RTX 4090",89,12080,20260938,transform,17,16,bf16,1,128,4,2,64,20,0.8704000153,PASS
"NVIDIA GeForce RTX 4090",89,12080,20260938,transform,17,16,bf16,1,256,4,3,64,20,0.8840000257,PASS
"NVIDIA GeForce RTX 4090",89,12080,20260938,fused_int4,17,16,bf16,1,32,0,0,64,20,1.104800031,PASS
"NVIDIA GeForce RTX 4090",89,12080,20260938,fused_int4,17,16,bf16,1,64,0,1,64,20,1.099999994,PASS
"NVIDIA GeForce RTX 4090",89,12080,20260938,fused_int4,17,16,bf16,1,128,0,2,64,20,1.093600038,PASS
"NVIDIA GeForce RTX 4090",89,12080,20260938,fused_int4,17,16,bf16,1,256,0,3,64,20,1.108799968,PASS
"NVIDIA GeForce RTX 4090",89,12080,20260938,fused_int4,17,16,bf16,1,32,1,1,64,20,1.10392496,PASS
"NVIDIA GeForce RTX 4090",89,12080,20260938,fused_int4,17,16,bf16,1,64,1,0,64,20,1.1008,PASS
"NVIDIA GeForce RTX 4090",89,12080,20260938,fused_int4,17,16,bf16,1,128,1,3,64,20,1.094400045,PASS
"NVIDIA GeForce RTX 4090",89,12080,20260938,fused_int4,17,16,bf16,1,256,1,2,64,20,1.108799968,PASS
"NVIDIA GeForce RTX 4090",89,12080,20260938,fused_int4,17,16,bf16,1,32,2,2,64,20,1.102400012,PASS
"NVIDIA GeForce RTX 4090",89,12080,20260938,fused_int4,17,16,bf16,1,64,2,3,64,20,1.099999994,PASS
"NVIDIA GeForce RTX 4090",89,12080,20260938,fused_int4,17,16,bf16,1,128,2,0,64,20,1.093600038,PASS
"NVIDIA GeForce RTX 4090",89,12080,20260938,fused_int4,17,16,bf16,1,256,2,1,64,20,1.109599974,PASS
"NVIDIA GeForce RTX 4090",89,12080,20260938,fused_int4,17,16,bf16,1,32,3,3,64,20,1.099999994,PASS
"NVIDIA GeForce RTX 4090",89,12080,20260938,fused_int4,17,16,bf16,1,64,3,2,64,20,1.097599976,PASS
"NVIDIA GeForce RTX 4090",89,12080,20260938,fused_int4,17,16,bf16,1,128,3,1,64,20,1.092800032,PASS
"NVIDIA GeForce RTX 4090",89,12080,20260938,fused_int4,17,16,bf16,1,256,3,0,64,20,1.108799968,PASS
"NVIDIA GeForce RTX 4090",89,12080,20260938,fused_int4,17,16,bf16,1,32,4,0,64,20,1.101600006,PASS
"NVIDIA GeForce RTX 4090",89,12080,20260938,fused_int4,17,16,bf16,1,64,4,1,64,20,1.099199988,PASS
"NVIDIA GeForce RTX 4090",89,12080,20260938,fused_int4,17,16,bf16,1,128,4,2,64,20,1.093600038,PASS
"NVIDIA GeForce RTX 4090",89,12080,20260938,fused_int4,17,16,bf16,1,256,4,3,64,20,1.107999962,PASS
"NVIDIA GeForce RTX 4090",89,12080,20260938,transform,17,16,bf16,0.25,32,0,0,64,20,0.8848000318,PASS
"NVIDIA GeForce RTX 4090",89,12080,20260938,transform,17,16,bf16,0.25,64,0,1,64,20,0.8894749917,PASS
"NVIDIA GeForce RTX 4090",89,12080,20260938,transform,17,16,bf16,0.25,128,0,2,64,20,0.8519000374,PASS
"NVIDIA GeForce RTX 4090",89,12080,20260938,transform,17,16,bf16,0.25,256,0,3,64,20,0.8527999744,PASS
"NVIDIA GeForce RTX 4090",89,12080,20260938,transform,17,16,bf16,0.25,32,1,1,64,20,0.8824000135,PASS
"NVIDIA GeForce RTX 4090",89,12080,20260938,transform,17,16,bf16,0.25,64,1,0,64,20,0.8895999752,PASS
"NVIDIA GeForce RTX 4090",89,12080,20260938,transform,17,16,bf16,0.25,128,1,3,64,20,0.8503999561,PASS
"NVIDIA GeForce RTX 4090",89,12080,20260938,transform,17,16,bf16,0.25,256,1,2,64,20,0.8559999987,PASS
"NVIDIA GeForce RTX 4090",89,12080,20260938,transform,17,16,bf16,0.25,32,2,2,64,20,0.8840000257,PASS
"NVIDIA GeForce RTX 4090",89,12080,20260938,transform,17,16,bf16,0.25,64,2,3,64,20,0.8895999752,PASS
"NVIDIA GeForce RTX 4090",89,12080,20260938,transform,17,16,bf16,0.25,128,2,0,64,20,0.8503999561,PASS
"NVIDIA GeForce RTX 4090",89,12080,20260938,transform,17,16,bf16,0.25,256,2,1,64,20,0.8527000435,PASS
"NVIDIA GeForce RTX 4090",89,12080,20260938,transform,17,16,bf16,0.25,32,3,3,64,20,0.8838750422,PASS
"NVIDIA GeForce RTX 4090",89,12080,20260938,transform,17,16,bf16,0.25,64,3,2,64,20,0.8895999752,PASS
"NVIDIA GeForce RTX 4090",89,12080,20260938,transform,17,16,bf16,0.25,128,3,1,64,20,0.8510749787,PASS
"NVIDIA GeForce RTX 4090",89,12080,20260938,transform,17,16,bf16,0.25,256,3,0,64,20,0.8519999683,PASS
"NVIDIA GeForce RTX 4090",89,12080,20260938,transform,17,16,bf16,0.25,32,4,0,64,20,0.8856000379,PASS
"NVIDIA GeForce RTX 4090",89,12080,20260938,transform,17,16,bf16,0.25,64,4,1,64,20,0.8895999752,PASS
"NVIDIA GeForce RTX 4090",89,12080,20260938,transform,17,16,bf16,0.25,128,4,2,64,20,0.8519999683,PASS
"NVIDIA GeForce RTX 4090",89,12080,20260938,transform,17,16,bf16,0.25,256,4,3,64,20,0.8527999744,PASS
"NVIDIA GeForce RTX 4090",89,12080,20260938,fused_int4,17,16,bf16,0.25,32,0,0,64,20,1.1008,PASS
"NVIDIA GeForce RTX 4090",89,12080,20260938,fused_int4,17,16,bf16,0.25,64,0,1,64,20,1.098399982,PASS
"NVIDIA GeForce RTX 4090",89,12080,20260938,fused_int4,17,16,bf16,0.25,128,0,2,64,20,1.094400045,PASS
"NVIDIA GeForce RTX 4090",89,12080,20260938,fused_int4,17,16,bf16,0.25,256,0,3,64,20,1.107199956,PASS
"NVIDIA GeForce RTX 4090",89,12080,20260938,fused_int4,17,16,bf16,0.25,32,1,1,64,20,1.101600006,PASS
"NVIDIA GeForce RTX 4090",89,12080,20260938,fused_int4,17,16,bf16,0.25,64,1,0,64,20,1.098399982,PASS
"NVIDIA GeForce RTX 4090",89,12080,20260938,fused_int4,17,16,bf16,0.25,128,1,3,64,20,1.092800032,PASS
"NVIDIA GeForce RTX 4090",89,12080,20260938,fused_int4,17,16,bf16,0.25,256,1,2,64,20,1.107199956,PASS
"NVIDIA GeForce RTX 4090",89,12080,20260938,fused_int4,17,16,bf16,0.25,32,2,2,64,20,1.101475023,PASS
"NVIDIA GeForce RTX 4090",89,12080,20260938,fused_int4,17,16,bf16,0.25,64,2,3,64,20,1.097599976,PASS
"NVIDIA GeForce RTX 4090",89,12080,20260938,fused_int4,17,16,bf16,0.25,128,2,0,64,20,1.093450002,PASS
"NVIDIA GeForce RTX 4090",89,12080,20260938,fused_int4,17,16,bf16,0.25,256,2,1,64,20,1.107874978,PASS
"NVIDIA GeForce RTX 4090",89,12080,20260938,fused_int4,17,16,bf16,0.25,32,3,3,64,20,1.1008,PASS
"NVIDIA GeForce RTX 4090",89,12080,20260938,fused_int4,17,16,bf16,0.25,64,3,2,64,20,1.097599976,PASS
"NVIDIA GeForce RTX 4090",89,12080,20260938,fused_int4,17,16,bf16,0.25,128,3,1,64,20,1.093600038,PASS
"NVIDIA GeForce RTX 4090",89,12080,20260938,fused_int4,17,16,bf16,0.25,256,3,0,64,20,1.107999962,PASS
"NVIDIA GeForce RTX 4090",89,12080,20260938,fused_int4,17,16,bf16,0.25,32,4,0,64,20,1.1008,PASS
"NVIDIA GeForce RTX 4090",89,12080,20260938,fused_int4,17,16,bf16,0.25,64,4,1,64,20,1.097599976,PASS
"NVIDIA GeForce RTX 4090",89,12080,20260938,fused_int4,17,16,bf16,0.25,128,4,2,64,20,1.093600038,PASS
"NVIDIA GeForce RTX 4090",89,12080,20260938,fused_int4,17,16,bf16,0.25,256,4,3,64,20,1.107999962,PASS
"NVIDIA GeForce RTX 4090",89,12080,20265017,transform,4096,16,bf16,1,32,0,0,64,20,2.941600047,PASS
"NVIDIA GeForce RTX 4090",89,12080,20265017,transform,4096,16,bf16,1,64,0,1,64,20,1.989600062,PASS
"NVIDIA GeForce RTX 4090",89,12080,20265017,transform,4096,16,bf16,1,128,0,2,64,20,1.511199959,PASS
"NVIDIA GeForce RTX 4090",89,12080,20265017,transform,4096,16,bf16,1,256,0,3,64,20,1.288000029,PASS
"NVIDIA GeForce RTX 4090",89,12080,20265017,transform,4096,16,bf16,1,32,1,1,64,20,2.939200029,PASS
"NVIDIA GeForce RTX 4090",89,12080,20265017,transform,4096,16,bf16,1,64,1,0,64,20,1.991200075,PASS
"NVIDIA GeForce RTX 4090",89,12080,20265017,transform,4096,16,bf16,1,128,1,3,64,20,1.511199959,PASS
"NVIDIA GeForce RTX 4090",89,12080,20265017,transform,4096,16,bf16,1,256,1,2,64,20,1.288800035,PASS
"NVIDIA GeForce RTX 4090",89,12080,20265017,transform,4096,16,bf16,1,32,2,2,64,20,2.940000035,PASS
"NVIDIA GeForce RTX 4090",89,12080,20265017,transform,4096,16,bf16,1,64,2,3,64,20,1.991200075,PASS
"NVIDIA GeForce RTX 4090",89,12080,20265017,transform,4096,16,bf16,1,128,2,0,64,20,1.511199959,PASS
"NVIDIA GeForce RTX 4090",89,12080,20265017,transform,4096,16,bf16,1,256,2,1,64,20,1.288800035,PASS
"NVIDIA GeForce RTX 4090",89,12080,20265017,transform,4096,16,bf16,1,32,3,3,64,20,2.940800041,PASS
"NVIDIA GeForce RTX 4090",89,12080,20265017,transform,4096,16,bf16,1,64,3,2,64,20,1.990400068,PASS
"NVIDIA GeForce RTX 4090",89,12080,20265017,transform,4096,16,bf16,1,128,3,1,64,20,1.511999965,PASS
"NVIDIA GeForce RTX 4090",89,12080,20265017,transform,4096,16,bf16,1,256,3,0,64,20,1.288800035,PASS
"NVIDIA GeForce RTX 4090",89,12080,20265017,transform,4096,16,bf16,1,32,4,0,64,20,2.93994993,PASS
"NVIDIA GeForce RTX 4090",89,12080,20265017,transform,4096,16,bf16,1,64,4,1,64,20,1.989600062,PASS
"NVIDIA GeForce RTX 4090",89,12080,20265017,transform,4096,16,bf16,1,128,4,2,64,20,1.51115004,PASS
"NVIDIA GeForce RTX 4090",89,12080,20265017,transform,4096,16,bf16,1,256,4,3,64,20,1.289600041,PASS
"NVIDIA GeForce RTX 4090",89,12080,20265017,fused_int4,4096,16,bf16,1,32,0,0,64,20,3.187200055,PASS
"NVIDIA GeForce RTX 4090",89,12080,20265017,fused_int4,4096,16,bf16,1,64,0,1,64,20,2.228800021,PASS
"NVIDIA GeForce RTX 4090",89,12080,20265017,fused_int4,4096,16,bf16,1,128,0,2,64,20,1.766400039,PASS
"NVIDIA GeForce RTX 4090",89,12080,20265017,fused_int4,4096,16,bf16,1,256,0,3,64,20,1.633599959,PASS
"NVIDIA GeForce RTX 4090",89,12080,20265017,fused_int4,4096,16,bf16,1,32,1,1,64,20,3.187999874,PASS
"NVIDIA GeForce RTX 4090",89,12080,20265017,fused_int4,4096,16,bf16,1,64,1,0,64,20,2.228749916,PASS
"NVIDIA GeForce RTX 4090",89,12080,20265017,fused_int4,4096,16,bf16,1,128,1,3,64,20,1.765600033,PASS
"NVIDIA GeForce RTX 4090",89,12080,20265017,fused_int4,4096,16,bf16,1,256,1,2,64,20,1.632799953,PASS
"NVIDIA GeForce RTX 4090",89,12080,20265017,fused_int4,4096,16,bf16,1,32,2,2,64,20,3.187924996,PASS
"NVIDIA GeForce RTX 4090",89,12080,20265017,fused_int4,4096,16,bf16,1,64,2,3,64,20,2.228000015,PASS
"NVIDIA GeForce RTX 4090",89,12080,20265017,fused_int4,4096,16,bf16,1,128,2,0,64,20,1.765600033,PASS
"NVIDIA GeForce RTX 4090",89,12080,20265017,fused_int4,4096,16,bf16,1,256,2,1,64,20,1.632799953,PASS
"NVIDIA GeForce RTX 4090",89,12080,20265017,fused_int4,4096,16,bf16,1,32,3,3,64,20,3.188800067,PASS
"NVIDIA GeForce RTX 4090",89,12080,20265017,fused_int4,4096,16,bf16,1,64,3,2,64,20,2.228800021,PASS
"NVIDIA GeForce RTX 4090",89,12080,20265017,fused_int4,4096,16,bf16,1,128,3,1,64,20,1.765600033,PASS
"NVIDIA GeForce RTX 4090",89,12080,20265017,fused_int4,4096,16,bf16,1,256,3,0,64,20,1.632725075,PASS
"NVIDIA GeForce RTX 4090",89,12080,20265017,fused_int4,4096,16,bf16,1,32,4,0,64,20,3.186399862,PASS
"NVIDIA GeForce RTX 4090",89,12080,20265017,fused_int4,4096,16,bf16,1,64,4,1,64,20,2.228000015,PASS
"NVIDIA GeForce RTX 4090",89,12080,20265017,fused_int4,4096,16,bf16,1,128,4,2,64,20,1.764800027,PASS
"NVIDIA GeForce RTX 4090",89,12080,20265017,fused_int4,4096,16,bf16,1,256,4,3,64,20,1.632799953,PASS
"NVIDIA GeForce RTX 4090",89,12080,20265017,transform,4096,16,bf16,0.25,32,0,0,64,20,2.942400053,PASS
"NVIDIA GeForce RTX 4090",89,12080,20265017,transform,4096,16,bf16,0.25,64,0,1,64,20,1.990374923,PASS
"NVIDIA GeForce RTX 4090",89,12080,20265017,transform,4096,16,bf16,0.25,128,0,2,64,20,1.511199959,PASS
"NVIDIA GeForce RTX 4090",89,12080,20265017,transform,4096,16,bf16,0.25,256,0,3,64,20,1.289600041,PASS
"NVIDIA GeForce RTX 4090",89,12080,20265017,transform,4096,16,bf16,0.25,32,1,1,64,20,2.940800041,PASS
"NVIDIA GeForce RTX 4090",89,12080,20265017,transform,4096,16,bf16,0.25,64,1,0,64,20,1.992000081,PASS
"NVIDIA GeForce RTX 4090",89,12080,20265017,transform,4096,16,bf16,0.25,128,1,3,64,20,1.511999965,PASS
"NVIDIA GeForce RTX 4090",89,12080,20265017,transform,4096,16,bf16,0.25,256,1,2,64,20,1.289600041,PASS
"NVIDIA GeForce RTX 4090",89,12080,20265017,transform,4096,16,bf16,0.25,32,2,2,64,20,2.942400053,PASS
"NVIDIA GeForce RTX 4090",89,12080,20265017,transform,4096,16,bf16,0.25,64,2,3,64,20,1.990400068,PASS
"NVIDIA GeForce RTX 4090",89,12080,20265017,transform,4096,16,bf16,0.25,128,2,0,64,20,1.511199959,PASS
"NVIDIA GeForce RTX 4090",89,12080,20265017,transform,4096,16,bf16,0.25,256,2,1,64,20,1.289600041,PASS
"NVIDIA GeForce RTX 4090",89,12080,20265017,transform,4096,16,bf16,0.25,32,3,3,64,20,2.941600047,PASS
"NVIDIA GeForce RTX 4090",89,12080,20265017,transform,4096,16,bf16,0.25,64,3,2,64,20,1.991174929,PASS
"NVIDIA GeForce RTX 4090",89,12080,20265017,transform,4096,16,bf16,0.25,128,3,1,64,20,1.51115004,PASS
"NVIDIA GeForce RTX 4090",89,12080,20265017,transform,4096,16,bf16,0.25,256,3,0,64,20,1.288800035,PASS
"NVIDIA GeForce RTX 4090",89,12080,20265017,transform,4096,16,bf16,0.25,32,4,0,64,20,2.941524982,PASS
"NVIDIA GeForce RTX 4090",89,12080,20265017,transform,4096,16,bf16,0.25,64,4,1,64,20,1.991200075,PASS
"NVIDIA GeForce RTX 4090",89,12080,20265017,transform,4096,16,bf16,0.25,128,4,2,64,20,1.512799971,PASS
"NVIDIA GeForce RTX 4090",89,12080,20265017,transform,4096,16,bf16,0.25,256,4,3,64,20,1.309600007,PASS
"NVIDIA GeForce RTX 4090",89,12080,20265017,fused_int4,4096,16,bf16,0.25,32,0,0,64,20,3.18479985,PASS
"NVIDIA GeForce RTX 4090",89,12080,20265017,fused_int4,4096,16,bf16,0.25,64,0,1,64,20,2.228000015,PASS
"NVIDIA GeForce RTX 4090",89,12080,20265017,fused_int4,4096,16,bf16,0.25,128,0,2,64,20,1.765600033,PASS
"NVIDIA GeForce RTX 4090",89,12080,20265017,fused_int4,4096,16,bf16,0.25,256,0,3,64,20,1.633599959,PASS
"NVIDIA GeForce RTX 4090",89,12080,20265017,fused_int4,4096,16,bf16,0.25,32,1,1,64,20,3.187825158,PASS
"NVIDIA GeForce RTX 4090",89,12080,20265017,fused_int4,4096,16,bf16,0.25,64,1,0,64,20,2.228800021,PASS
"NVIDIA GeForce RTX 4090",89,12080,20265017,fused_int4,4096,16,bf16,0.25,128,1,3,64,20,1.765600033,PASS
"NVIDIA GeForce RTX 4090",89,12080,20265017,fused_int4,4096,16,bf16,0.25,256,1,2,64,20,1.633599959,PASS
"NVIDIA GeForce RTX 4090",89,12080,20265017,fused_int4,4096,16,bf16,0.25,32,2,2,64,20,3.188750148,PASS
"NVIDIA GeForce RTX 4090",89,12080,20265017,fused_int4,4096,16,bf16,0.25,64,2,3,64,20,2.228800021,PASS
"NVIDIA GeForce RTX 4090",89,12080,20265017,fused_int4,4096,16,bf16,0.25,128,2,0,64,20,1.765600033,PASS
"NVIDIA GeForce RTX 4090",89,12080,20265017,fused_int4,4096,16,bf16,0.25,256,2,1,64,20,1.633599959,PASS
"NVIDIA GeForce RTX 4090",89,12080,20265017,fused_int4,4096,16,bf16,0.25,32,3,3,64,20,3.187949955,PASS
"NVIDIA GeForce RTX 4090",89,12080,20265017,fused_int4,4096,16,bf16,0.25,64,3,2,64,20,2.228800021,PASS
"NVIDIA GeForce RTX 4090",89,12080,20265017,fused_int4,4096,16,bf16,0.25,128,3,1,64,20,1.765600033,PASS
"NVIDIA GeForce RTX 4090",89,12080,20265017,fused_int4,4096,16,bf16,0.25,256,3,0,64,20,1.633599959,PASS
"NVIDIA GeForce RTX 4090",89,12080,20265017,fused_int4,4096,16,bf16,0.25,32,4,0,64,20,3.187949955,PASS
"NVIDIA GeForce RTX 4090",89,12080,20265017,fused_int4,4096,16,bf16,0.25,64,4,1,64,20,2.228000015,PASS
"NVIDIA GeForce RTX 4090",89,12080,20265017,fused_int4,4096,16,bf16,0.25,128,4,2,64,20,1.765600033,PASS
"NVIDIA GeForce RTX 4090",89,12080,20265017,fused_int4,4096,16,bf16,0.25,256,4,3,64,20,1.632799953,PASS
"NVIDIA GeForce RTX 4090",89,12080,20277305,transform,16384,16,bf16,1,32,0,0,64,20,8.639924973,PASS
"NVIDIA GeForce RTX 4090",89,12080,20277305,transform,16384,16,bf16,1,64,0,1,64,20,4.849600047,PASS
"NVIDIA GeForce RTX 4090",89,12080,20277305,transform,16384,16,bf16,1,128,0,2,64,20,2.949500084,PASS
"NVIDIA GeForce RTX 4090",89,12080,20277305,transform,16384,16,bf16,1,256,0,3,64,20,2.190399915,PASS
"NVIDIA GeForce RTX 4090",89,12080,20277305,transform,16384,16,bf16,1,32,1,1,64,20,8.638399839,PASS
"NVIDIA GeForce RTX 4090",89,12080,20277305,transform,16384,16,bf16,1,64,1,0,64,20,4.849600047,PASS
"NVIDIA GeForce RTX 4090",89,12080,20277305,transform,16384,16,bf16,1,128,1,3,64,20,2.948649973,PASS
"NVIDIA GeForce RTX 4090",89,12080,20277305,transform,16384,16,bf16,1,256,1,2,64,20,2.189599909,PASS
"NVIDIA GeForce RTX 4090",89,12080,20277305,transform,16384,16,bf16,1,32,2,2,64,20,8.639200032,PASS
"NVIDIA GeForce RTX 4090",89,12080,20277305,transform,16384,16,bf16,1,64,2,3,64,20,4.849600047,PASS
"NVIDIA GeForce RTX 4090",89,12080,20277305,transform,16384,16,bf16,1,128,2,0,64,20,2.94799991,PASS
"NVIDIA GeForce RTX 4090",89,12080,20277305,transform,16384,16,bf16,1,256,2,1,64,20,2.190399915,PASS
"NVIDIA GeForce RTX 4090",89,12080,20277305,transform,16384,16,bf16,1,32,3,3,64,20,8.637599647,PASS
"NVIDIA GeForce RTX 4090",89,12080,20277305,transform,16384,16,bf16,1,64,3,2,64,20,4.851200059,PASS
"NVIDIA GeForce RTX 4090",89,12080,20277305,transform,16384,16,bf16,1,128,3,1,64,20,2.94799991,PASS
"NVIDIA GeForce RTX 4090",89,12080,20277305,transform,16384,16,bf16,1,256,3,0,64,20,2.189599909,PASS
"NVIDIA GeForce RTX 4090",89,12080,20277305,transform,16384,16,bf16,1,32,4,0,64,20,8.639200032,PASS
"NVIDIA GeForce RTX 4090",89,12080,20277305,transform,16384,16,bf16,1,64,4,1,64,20,4.849600047,PASS
"NVIDIA GeForce RTX 4090",89,12080,20277305,transform,16384,16,bf16,1,128,4,2,64,20,2.946400084,PASS
"NVIDIA GeForce RTX 4090",89,12080,20277305,transform,16384,16,bf16,1,256,4,3,64,20,2.190399915,PASS
"NVIDIA GeForce RTX 4090",89,12080,20277305,fused_int4,16384,16,bf16,1,32,0,0,64,20,8.890400082,PASS
"NVIDIA GeForce RTX 4090",89,12080,20277305,fused_int4,16384,16,bf16,1,64,0,1,64,20,5.088,PASS
"NVIDIA GeForce RTX 4090",89,12080,20277305,fused_int4,16384,16,bf16,1,128,0,2,64,20,3.331200033,PASS
"NVIDIA GeForce RTX 4090",89,12080,20277305,fused_int4,16384,16,bf16,1,256,0,3,64,20,3.254399821,PASS
"NVIDIA GeForce RTX 4090",89,12080,20277305,fused_int4,16384,16,bf16,1,32,1,1,64,20,8.892799914,PASS
"NVIDIA GeForce RTX 4090",89,12080,20277305,fused_int4,16384,16,bf16,1,64,1,0,64,20,5.091200024,PASS
"NVIDIA GeForce RTX 4090",89,12080,20277305,fused_int4,16384,16,bf16,1,128,1,3,64,20,3.33510004,PASS
"NVIDIA GeForce RTX 4090",89,12080,20277305,fused_int4,16384,16,bf16,1,256,1,2,64,20,3.253600001,PASS
"NVIDIA GeForce RTX 4090",89,12080,20277305,fused_int4,16384,16,bf16,1,32,2,2,64,20,8.89839977,PASS
"NVIDIA GeForce RTX 4090",89,12080,20277305,fused_int4,16384,16,bf16,1,64,2,3,64,20,5.090374872,PASS
"NVIDIA GeForce RTX 4090",89,12080,20277305,fused_int4,16384,16,bf16,1,128,2,0,64,20,3.335924819,PASS
"NVIDIA GeForce RTX 4090",89,12080,20277305,fused_int4,16384,16,bf16,1,256,2,1,64,20,3.255999833,PASS
"NVIDIA GeForce RTX 4090",89,12080,20277305,fused_int4,16384,16,bf16,1,32,3,3,64,20,8.893600106,PASS
"NVIDIA GeForce RTX 4090",89,12080,20277305,fused_int4,16384,16,bf16,1,64,3,2,64,20,5.094400048,PASS
"NVIDIA GeForce RTX 4090",89,12080,20277305,fused_int4,16384,16,bf16,1,128,3,1,64,20,3.338399902,PASS
"NVIDIA GeForce RTX 4090",89,12080,20277305,fused_int4,16384,16,bf16,1,256,3,0,64,20,3.252800182,PASS
"NVIDIA GeForce RTX 4090",89,12080,20277305,fused_int4,16384,16,bf16,1,32,4,0,64,20,8.890400082,PASS
"NVIDIA GeForce RTX 4090",89,12080,20277305,fused_int4,16384,16,bf16,1,64,4,1,64,20,5.087950081,PASS
"NVIDIA GeForce RTX 4090",89,12080,20277305,fused_int4,16384,16,bf16,1,128,4,2,64,20,3.332800046,PASS
"NVIDIA GeForce RTX 4090",89,12080,20277305,fused_int4,16384,16,bf16,1,256,4,3,64,20,3.253600001,PASS
"NVIDIA GeForce RTX 4090",89,12080,20277305,transform,16384,16,bf16,0.25,32,0,0,64,20,8.639200032,PASS
"NVIDIA GeForce RTX 4090",89,12080,20277305,transform,16384,16,bf16,0.25,64,0,1,64,20,4.848799855,PASS
"NVIDIA GeForce RTX 4090",89,12080,20277305,transform,16384,16,bf16,0.25,128,0,2,64,20,2.94720009,PASS
"NVIDIA GeForce RTX 4090",89,12080,20277305,transform,16384,16,bf16,0.25,256,0,3,64,20,2.190399915,PASS
"NVIDIA GeForce RTX 4090",89,12080,20277305,transform,16384,16,bf16,0.25,32,1,1,64,20,8.638399839,PASS
"NVIDIA GeForce RTX 4090",89,12080,20277305,transform,16384,16,bf16,0.25,64,1,0,64,20,4.849600047,PASS
"NVIDIA GeForce RTX 4090",89,12080,20277305,transform,16384,16,bf16,0.25,128,1,3,64,20,2.948725037,PASS
"NVIDIA GeForce RTX 4090",89,12080,20277305,transform,16384,16,bf16,0.25,256,1,2,64,20,2.191199921,PASS
"NVIDIA GeForce RTX 4090",89,12080,20277305,transform,16384,16,bf16,0.25,32,2,2,64,20,8.640000224,PASS
"NVIDIA GeForce RTX 4090",89,12080,20277305,transform,16384,16,bf16,0.25,64,2,3,64,20,4.850399867,PASS
"NVIDIA GeForce RTX 4090",89,12080,20277305,transform,16384,16,bf16,0.25,128,2,0,64,20,2.950399928,PASS
"NVIDIA GeForce RTX 4090",89,12080,20277305,transform,16384,16,bf16,0.25,256,2,1,64,20,2.191199921,PASS
"NVIDIA GeForce RTX 4090",89,12080,20277305,transform,16384,16,bf16,0.25,32,3,3,64,20,8.638399839,PASS
"NVIDIA GeForce RTX 4090",89,12080,20277305,transform,16384,16,bf16,0.25,64,3,2,64,20,4.853599891,PASS
"NVIDIA GeForce RTX 4090",89,12080,20277305,transform,16384,16,bf16,0.25,128,3,1,64,20,2.94799991,PASS
"NVIDIA GeForce RTX 4090",89,12080,20277305,transform,16384,16,bf16,0.25,256,3,0,64,20,2.189599909,PASS
"NVIDIA GeForce RTX 4090",89,12080,20277305,transform,16384,16,bf16,0.25,32,4,0,64,20,8.638375252,PASS
"NVIDIA GeForce RTX 4090",89,12080,20277305,transform,16384,16,bf16,0.25,64,4,1,64,20,4.848799855,PASS
"NVIDIA GeForce RTX 4090",89,12080,20277305,transform,16384,16,bf16,0.25,128,4,2,64,20,2.945600078,PASS
"NVIDIA GeForce RTX 4090",89,12080,20277305,transform,16384,16,bf16,0.25,256,4,3,64,20,2.189599909,PASS
"NVIDIA GeForce RTX 4090",89,12080,20277305,fused_int4,16384,16,bf16,0.25,32,0,0,64,20,8.891899884,PASS
"NVIDIA GeForce RTX 4090",89,12080,20277305,fused_int4,16384,16,bf16,0.25,64,0,1,64,20,5.088,PASS
"NVIDIA GeForce RTX 4090",89,12080,20277305,fused_int4,16384,16,bf16,0.25,128,0,2,64,20,3.331999853,PASS
"NVIDIA GeForce RTX 4090",89,12080,20277305,fused_int4,16384,16,bf16,0.25,256,0,3,64,20,3.254250064,PASS
"NVIDIA GeForce RTX 4090",89,12080,20277305,fused_int4,16384,16,bf16,0.25,32,1,1,64,20,8.893600106,PASS
"NVIDIA GeForce RTX 4090",89,12080,20277305,fused_int4,16384,16,bf16,0.25,64,1,0,64,20,5.091999844,PASS
"NVIDIA GeForce RTX 4090",89,12080,20277305,fused_int4,16384,16,bf16,0.25,128,1,3,64,20,3.334350139,PASS
"NVIDIA GeForce RTX 4090",89,12080,20277305,fused_int4,16384,16,bf16,0.25,256,1,2,64,20,3.255200014,PASS
"NVIDIA GeForce RTX 4090",89,12080,20277305,fused_int4,16384,16,bf16,0.25,32,2,2,64,20,8.897525072,PASS
"NVIDIA GeForce RTX 4090",89,12080,20277305,fused_int4,16384,16,bf16,0.25,64,2,3,64,20,5.089600012,PASS
"NVIDIA GeForce RTX 4090",89,12080,20277305,fused_int4,16384,16,bf16,0.25,128,2,0,64,20,3.334400058,PASS
"NVIDIA GeForce RTX 4090",89,12080,20277305,fused_int4,16384,16,bf16,0.25,256,2,1,64,20,3.255200014,PASS
"NVIDIA GeForce RTX 4090",89,12080,20277305,fused_int4,16384,16,bf16,0.25,32,3,3,64,20,8.894400299,PASS
"NVIDIA GeForce RTX 4090",89,12080,20277305,fused_int4,16384,16,bf16,0.25,64,3,2,64,20,5.093599856,PASS
"NVIDIA GeForce RTX 4090",89,12080,20277305,fused_int4,16384,16,bf16,0.25,128,3,1,64,20,3.335199878,PASS
"NVIDIA GeForce RTX 4090",89,12080,20277305,fused_int4,16384,16,bf16,0.25,256,3,0,64,20,3.251200169,PASS
"NVIDIA GeForce RTX 4090",89,12080,20277305,fused_int4,16384,16,bf16,0.25,32,4,0,64,20,8.891999722,PASS
"NVIDIA GeForce RTX 4090",89,12080,20277305,fused_int4,16384,16,bf16,0.25,64,4,1,64,20,5.090399832,PASS
"NVIDIA GeForce RTX 4090",89,12080,20277305,fused_int4,16384,16,bf16,0.25,128,4,2,64,20,3.332800046,PASS
"NVIDIA GeForce RTX 4090",89,12080,20277305,fused_int4,16384,16,bf16,0.25,256,4,3,64,20,3.253600001,PASS
"NVIDIA GeForce RTX 4090",89,12080,20260970,transform,1,64,bf16,1,32,0,0,64,20,0.8663999848,PASS
"NVIDIA GeForce RTX 4090",89,12080,20260970,transform,1,64,bf16,1,64,0,1,64,20,0.8671750315,PASS
"NVIDIA GeForce RTX 4090",89,12080,20260970,transform,1,64,bf16,1,128,0,2,64,20,0.8568000048,PASS
"NVIDIA GeForce RTX 4090",89,12080,20260970,transform,1,64,bf16,1,256,0,3,64,20,0.8543999866,PASS
"NVIDIA GeForce RTX 4090",89,12080,20260970,transform,1,64,bf16,1,32,1,1,64,20,0.8655999787,PASS
"NVIDIA GeForce RTX 4090",89,12080,20260970,transform,1,64,bf16,1,64,1,0,64,20,0.8655999787,PASS
"NVIDIA GeForce RTX 4090",89,12080,20260970,transform,1,64,bf16,1,128,1,3,64,20,0.8567499928,PASS
"NVIDIA GeForce RTX 4090",89,12080,20260970,transform,1,64,bf16,1,256,1,2,64,20,0.8551250212,PASS
"NVIDIA GeForce RTX 4090",89,12080,20260970,transform,1,64,bf16,1,32,2,2,64,20,0.8655999787,PASS
"NVIDIA GeForce RTX 4090",89,12080,20260970,transform,1,64,bf16,1,64,2,3,64,20,0.8671999909,PASS
"NVIDIA GeForce RTX 4090",89,12080,20260970,transform,1,64,bf16,1,128,2,0,64,20,0.8568000048,PASS
"NVIDIA GeForce RTX 4090",89,12080,20260970,transform,1,64,bf16,1,256,2,1,64,20,0.8543999866,PASS
"NVIDIA GeForce RTX 4090",89,12080,20260970,transform,1,64,bf16,1,32,3,3,64,20,0.8655999787,PASS
"NVIDIA GeForce RTX 4090",89,12080,20260970,transform,1,64,bf16,1,64,3,2,64,20,0.8647000417,PASS
"NVIDIA GeForce RTX 4090",89,12080,20260970,transform,1,64,bf16,1,128,3,1,64,20,0.8566750214,PASS
"NVIDIA GeForce RTX 4090",89,12080,20260970,transform,1,64,bf16,1,256,3,0,64,20,0.8551499806,PASS
"NVIDIA GeForce RTX 4090",89,12080,20260970,transform,1,64,bf16,1,32,4,0,64,20,0.8655999787,PASS
"NVIDIA GeForce RTX 4090",89,12080,20260970,transform,1,64,bf16,1,64,4,1,64,20,0.8670999669,PASS
"NVIDIA GeForce RTX 4090",89,12080,20260970,transform,1,64,bf16,1,128,4,2,64,20,0.8568000048,PASS
"NVIDIA GeForce RTX 4090",89,12080,20260970,transform,1,64,bf16,1,256,4,3,64,20,0.8550750092,PASS
"NVIDIA GeForce RTX 4090",89,12080,20260970,fused_int4,1,64,bf16,1,32,0,0,64,20,1.050399989,PASS
"NVIDIA GeForce RTX 4090",89,12080,20260970,fused_int4,1,64,bf16,1,64,0,1,64,20,1.048799977,PASS
"NVIDIA GeForce RTX 4090",89,12080,20260970,fused_int4,1,64,bf16,1,128,0,2,64,20,1.040000003,PASS
"NVIDIA GeForce RTX 4090",89,12080,20260970,fused_int4,1,64,bf16,1,256,0,3,64,20,1.038399991,PASS
"NVIDIA GeForce RTX 4090",89,12080,20260970,fused_int4,1,64,bf16,1,32,1,1,64,20,1.048799977,PASS
"NVIDIA GeForce RTX 4090",89,12080,20260970,fused_int4,1,64,bf16,1,64,1,0,64,20,1.048674993,PASS
"NVIDIA GeForce RTX 4090",89,12080,20260970,fused_int4,1,64,bf16,1,128,1,3,64,20,1.040699985,PASS
"NVIDIA GeForce RTX 4090",89,12080,20260970,fused_int4,1,64,bf16,1,256,1,2,64,20,1.038399991,PASS
"NVIDIA GeForce RTX 4090",89,12080,20260970,fused_int4,1,64,bf16,1,32,2,2,64,20,1.050399989,PASS
"NVIDIA GeForce RTX 4090",89,12080,20260970,fused_int4,1,64,bf16,1,64,2,3,64,20,1.048799977,PASS
"NVIDIA GeForce RTX 4090",89,12080,20260970,fused_int4,1,64,bf16,1,128,2,0,64,20,1.040000003,PASS
"NVIDIA GeForce RTX 4090",89,12080,20260970,fused_int4,1,64,bf16,1,256,2,1,64,20,1.039199997,PASS
"NVIDIA GeForce RTX 4090",89,12080,20260970,fused_int4,1,64,bf16,1,32,3,3,64,20,1.048799977,PASS
"NVIDIA GeForce RTX 4090",89,12080,20260970,fused_int4,1,64,bf16,1,64,3,2,64,20,1.048799977,PASS
"NVIDIA GeForce RTX 4090",89,12080,20260970,fused_int4,1,64,bf16,1,128,3,1,64,20,1.040000003,PASS
"NVIDIA GeForce RTX 4090",89,12080,20260970,fused_int4,1,64,bf16,1,256,3,0,64,20,1.039199997,PASS
"NVIDIA GeForce RTX 4090",89,12080,20260970,fused_int4,1,64,bf16,1,32,4,0,64,20,1.049599983,PASS
"NVIDIA GeForce RTX 4090",89,12080,20260970,fused_int4,1,64,bf16,1,64,4,1,64,20,1.048799977,PASS
"NVIDIA GeForce RTX 4090",89,12080,20260970,fused_int4,1,64,bf16,1,128,4,2,64,20,1.040000003,PASS
"NVIDIA GeForce RTX 4090",89,12080,20260970,fused_int4,1,64,bf16,1,256,4,3,64,20,1.038399991,PASS
"NVIDIA GeForce RTX 4090",89,12080,20260970,transform,1,64,bf16,0.125,32,0,0,64,20,0.8663999848,PASS
"NVIDIA GeForce RTX 4090",89,12080,20260970,transform,1,64,bf16,0.125,64,0,1,64,20,0.8655999787,PASS
"NVIDIA GeForce RTX 4090",89,12080,20260970,transform,1,64,bf16,0.125,128,0,2,64,20,0.8568000048,PASS
"NVIDIA GeForce RTX 4090",89,12080,20260970,transform,1,64,bf16,0.125,256,0,3,64,20,0.8535999805,PASS
"NVIDIA GeForce RTX 4090",89,12080,20260970,transform,1,64,bf16,0.125,32,1,1,64,20,0.8662999608,PASS
"NVIDIA GeForce RTX 4090",89,12080,20260970,transform,1,64,bf16,0.125,64,1,0,64,20,0.8663999848,PASS
"NVIDIA GeForce RTX 4090",89,12080,20260970,transform,1,64,bf16,0.125,128,1,3,64,20,0.8568000048,PASS
"NVIDIA GeForce RTX 4090",89,12080,20260970,transform,1,64,bf16,0.125,256,1,2,64,20,0.8543999866,PASS
"NVIDIA GeForce RTX 4090",89,12080,20260970,transform,1,64,bf16,0.125,32,2,2,64,20,0.8663750254,PASS
"NVIDIA GeForce RTX 4090",89,12080,20260970,transform,1,64,bf16,0.125,64,2,3,64,20,0.8655999787,PASS
"NVIDIA GeForce RTX 4090",89,12080,20260970,transform,1,64,bf16,0.125,128,2,0,64,20,0.8568000048,PASS
"NVIDIA GeForce RTX 4090",89,12080,20260970,transform,1,64,bf16,0.125,256,2,1,64,20,0.8543999866,PASS
"NVIDIA GeForce RTX 4090",89,12080,20260970,transform,1,64,bf16,0.125,32,3,3,64,20,0.8655999787,PASS
"NVIDIA GeForce RTX 4090",89,12080,20260970,transform,1,64,bf16,0.125,64,3,2,64,20,0.8670999669,PASS
"NVIDIA GeForce RTX 4090",89,12080,20260970,transform,1,64,bf16,0.125,128,3,1,64,20,0.8568000048,PASS
"NVIDIA GeForce RTX 4090",89,12080,20260970,transform,1,64,bf16,0.125,256,3,0,64,20,0.8535999805,PASS
"NVIDIA GeForce RTX 4090",89,12080,20260970,transform,1,64,bf16,0.125,32,4,0,64,20,0.8646749891,PASS
"NVIDIA GeForce RTX 4090",89,12080,20260970,transform,1,64,bf16,0.125,64,4,1,64,20,0.8655999787,PASS
"NVIDIA GeForce RTX 4090",89,12080,20260970,transform,1,64,bf16,0.125,128,4,2,64,20,0.8568000048,PASS
"NVIDIA GeForce RTX 4090",89,12080,20260970,transform,1,64,bf16,0.125,256,4,3,64,20,0.8543999866,PASS
"NVIDIA GeForce RTX 4090",89,12080,20260970,fused_int4,1,64,bf16,0.125,32,0,0,64,20,1.049599983,PASS
"NVIDIA GeForce RTX 4090",89,12080,20260970,fused_int4,1,64,bf16,0.125,64,0,1,64,20,1.047999971,PASS
"NVIDIA GeForce RTX 4090",89,12080,20260970,fused_int4,1,64,bf16,0.125,128,0,2,64,20,1.040699985,PASS
"NVIDIA GeForce RTX 4090",89,12080,20260970,fused_int4,1,64,bf16,0.125,256,0,3,64,20,1.038399991,PASS
"NVIDIA GeForce RTX 4090",89,12080,20260970,fused_int4,1,64,bf16,0.125,32,1,1,64,20,1.050399989,PASS
"NVIDIA GeForce RTX 4090",89,12080,20260970,fused_int4,1,64,bf16,0.125,64,1,0,64,20,1.048799977,PASS
"NVIDIA GeForce RTX 4090",89,12080,20260970,fused_int4,1,64,bf16,0.125,128,1,3,64,20,1.040000003,PASS
"NVIDIA GeForce RTX 4090",89,12080,20260970,fused_int4,1,64,bf16,0.125,256,1,2,64,20,1.038399991,PASS
"NVIDIA GeForce RTX 4090",89,12080,20260970,fused_int4,1,64,bf16,0.125,32,2,2,64,20,1.048799977,PASS
"NVIDIA GeForce RTX 4090",89,12080,20260970,fused_int4,1,64,bf16,0.125,64,2,3,64,20,1.047999971,PASS
"NVIDIA GeForce RTX 4090",89,12080,20260970,fused_int4,1,64,bf16,0.125,128,2,0,64,20,1.040000003,PASS
"NVIDIA GeForce RTX 4090",89,12080,20260970,fused_int4,1,64,bf16,0.125,256,2,1,64,20,1.038399991,PASS
"NVIDIA GeForce RTX 4090",89,12080,20260970,fused_int4,1,64,bf16,0.125,32,3,3,64,20,1.050375029,PASS
"NVIDIA GeForce RTX 4090",89,12080,20260970,fused_int4,1,64,bf16,0.125,64,3,2,64,20,1.048799977,PASS
"NVIDIA GeForce RTX 4090",89,12080,20260970,fused_int4,1,64,bf16,0.125,128,3,1,64,20,1.040000003,PASS
"NVIDIA GeForce RTX 4090",89,12080,20260970,fused_int4,1,64,bf16,0.125,256,3,0,64,20,1.038399991,PASS
"NVIDIA GeForce RTX 4090",89,12080,20260970,fused_int4,1,64,bf16,0.125,32,4,0,64,20,1.049575023,PASS
"NVIDIA GeForce RTX 4090",89,12080,20260970,fused_int4,1,64,bf16,0.125,64,4,1,64,20,1.047999971,PASS
"NVIDIA GeForce RTX 4090",89,12080,20260970,fused_int4,1,64,bf16,0.125,128,4,2,64,20,1.040000003,PASS
"NVIDIA GeForce RTX 4090",89,12080,20260970,fused_int4,1,64,bf16,0.125,256,4,3,64,20,1.039149985,PASS
"NVIDIA GeForce RTX 4090",89,12080,20260986,transform,17,64,bf16,1,32,0,0,64,20,0.8895999752,PASS
"NVIDIA GeForce RTX 4090",89,12080,20260986,transform,17,64,bf16,1,64,0,1,64,20,0.8960000239,PASS
"NVIDIA GeForce RTX 4090",89,12080,20260986,transform,17,64,bf16,1,128,0,2,64,20,0.8791999891,PASS
"NVIDIA GeForce RTX 4090",89,12080,20260986,transform,17,64,bf16,1,256,0,3,64,20,0.8911999874,PASS
"NVIDIA GeForce RTX 4090",89,12080,20260986,transform,17,64,bf16,1,32,1,1,64,20,0.8903999813,PASS
"NVIDIA GeForce RTX 4090",89,12080,20260986,transform,17,64,bf16,1,64,1,0,64,20,0.89680003,PASS
"NVIDIA GeForce RTX 4090",89,12080,20260986,transform,17,64,bf16,1,128,1,3,64,20,0.877599977,PASS
"NVIDIA GeForce RTX 4090",89,12080,20260986,transform,17,64,bf16,1,256,1,2,64,20,0.8911999874,PASS
"NVIDIA GeForce RTX 4090",89,12080,20260986,transform,17,64,bf16,1,32,2,2,64,20,0.8911999874,PASS
"NVIDIA GeForce RTX 4090",89,12080,20260986,transform,17,64,bf16,1,64,2,3,64,20,0.8960000239,PASS
"NVIDIA GeForce RTX 4090",89,12080,20260986,transform,17,64,bf16,1,128,2,0,64,20,0.877599977,PASS
"NVIDIA GeForce RTX 4090",89,12080,20260986,transform,17,64,bf16,1,256,2,1,64,20,0.8911250159,PASS
"NVIDIA GeForce RTX 4090",89,12080,20260986,transform,17,64,bf16,1,32,3,3,64,20,0.8910500444,PASS
"NVIDIA GeForce RTX 4090",89,12080,20260986,transform,17,64,bf16,1,64,3,2,64,20,0.89680003,PASS
"NVIDIA GeForce RTX 4090",89,12080,20260986,transform,17,64,bf16,1,128,3,1,64,20,0.8767999709,PASS
"NVIDIA GeForce RTX 4090",89,12080,20260986,transform,17,64,bf16,1,256,3,0,64,20,0.8911999874,PASS
"NVIDIA GeForce RTX 4090",89,12080,20260986,transform,17,64,bf16,1,32,4,0,64,20,0.8911499754,PASS
"NVIDIA GeForce RTX 4090",89,12080,20260986,transform,17,64,bf16,1,64,4,1,64,20,0.8960000239,PASS
"NVIDIA GeForce RTX 4090",89,12080,20260986,transform,17,64,bf16,1,128,4,2,64,20,0.878399983,PASS
"NVIDIA GeForce RTX 4090",89,12080,20260986,transform,17,64,bf16,1,256,4,3,64,20,0.8911999874,PASS
"NVIDIA GeForce RTX 4090",89,12080,20260986,fused_int4,17,64,bf16,1,32,0,0,64,20,1.192000043,PASS
"NVIDIA GeForce RTX 4090",89,12080,20260986,fused_int4,17,64,bf16,1,64,0,1,64,20,1.192000043,PASS
"NVIDIA GeForce RTX 4090",89,12080,20260986,fused_int4,17,64,bf16,1,128,0,2,64,20,1.17680002,PASS
"NVIDIA GeForce RTX 4090",89,12080,20260986,fused_int4,17,64,bf16,1,256,0,3,64,20,1.195199974,PASS
"NVIDIA GeForce RTX 4090",89,12080,20260986,fused_int4,17,64,bf16,1,32,1,1,64,20,1.191100013,PASS
"NVIDIA GeForce RTX 4090",89,12080,20260986,fused_int4,17,64,bf16,1,64,1,0,64,20,1.192000043,PASS
"NVIDIA GeForce RTX 4090",89,12080,20260986,fused_int4,17,64,bf16,1,128,1,3,64,20,1.177600026,PASS
"NVIDIA GeForce RTX 4090",89,12080,20260986,fused_int4,17,64,bf16,1,256,1,2,64,20,1.195199974,PASS
"NVIDIA GeForce RTX 4090",89,12080,20260986,fused_int4,17,64,bf16,1,32,2,2,64,20,1.191200037,PASS
"NVIDIA GeForce RTX 4090",89,12080,20260986,fused_int4,17,64,bf16,1,64,2,3,64,20,1.192799956,PASS
"NVIDIA GeForce RTX 4090",89,12080,20260986,fused_int4,17,64,bf16,1,128,2,0,64,20,1.177600026,PASS
"NVIDIA GeForce RTX 4090",89,12080,20260986,fused_int4,17,64,bf16,1,256,2,1,64,20,1.19599998,PASS
"NVIDIA GeForce RTX 4090",89,12080,20260986,fused_int4,17,64,bf16,1,32,3,3,64,20,1.191950031,PASS
"NVIDIA GeForce RTX 4090",89,12080,20260986,fused_int4,17,64,bf16,1,64,3,2,64,20,1.192799956,PASS
"NVIDIA GeForce RTX 4090",89,12080,20260986,fused_int4,17,64,bf16,1,128,3,1,64,20,1.17680002,PASS
"NVIDIA GeForce RTX 4090",89,12080,20260986,fused_int4,17,64,bf16,1,256,3,0,64,20,1.195899956,PASS
"NVIDIA GeForce RTX 4090",89,12080,20260986,fused_int4,17,64,bf16,1,32,4,0,64,20,1.192700025,PASS
"NVIDIA GeForce RTX 4090",89,12080,20260986,fused_int4,17,64,bf16,1,64,4,1,64,20,1.192799956,PASS
"NVIDIA GeForce RTX 4090",89,12080,20260986,fused_int4,17,64,bf16,1,128,4,2,64,20,1.17680002,PASS
"NVIDIA GeForce RTX 4090",89,12080,20260986,fused_int4,17,64,bf16,1,256,4,3,64,20,1.195199974,PASS
"NVIDIA GeForce RTX 4090",89,12080,20260986,transform,17,64,bf16,0.125,32,0,0,64,20,0.8894749917,PASS
"NVIDIA GeForce RTX 4090",89,12080,20260986,transform,17,64,bf16,0.125,64,0,1,64,20,0.89680003,PASS
"NVIDIA GeForce RTX 4090",89,12080,20260986,transform,17,64,bf16,0.125,128,0,2,64,20,0.878399983,PASS
"NVIDIA GeForce RTX 4090",89,12080,20260986,transform,17,64,bf16,0.125,256,0,3,64,20,0.8903999813,PASS
"NVIDIA GeForce RTX 4090",89,12080,20260986,transform,17,64,bf16,0.125,32,1,1,64,20,0.8895000443,PASS
"NVIDIA GeForce RTX 4090",89,12080,20260986,transform,17,64,bf16,0.125,64,1,0,64,20,0.8960000239,PASS
"NVIDIA GeForce RTX 4090",89,12080,20260986,transform,17,64,bf16,0.125,128,1,3,64,20,0.8767999709,PASS
"NVIDIA GeForce RTX 4090",89,12080,20260986,transform,17,64,bf16,0.125,256,1,2,64,20,0.8903999813,PASS
"NVIDIA GeForce RTX 4090",89,12080,20260986,transform,17,64,bf16,0.125,32,2,2,64,20,0.8887999691,PASS
"NVIDIA GeForce RTX 4090",89,12080,20260986,transform,17,64,bf16,0.125,64,2,3,64,20,0.8960000239,PASS
"NVIDIA GeForce RTX 4090",89,12080,20260986,transform,17,64,bf16,0.125,128,2,0,64,20,0.8767999709,PASS
"NVIDIA GeForce RTX 4090",89,12080,20260986,transform,17,64,bf16,0.125,256,2,1,64,20,0.8911750279,PASS
"NVIDIA GeForce RTX 4090",89,12080,20260986,transform,17,64,bf16,0.125,32,3,3,64,20,0.8887999691,PASS
"NVIDIA GeForce RTX 4090",89,12080,20260986,transform,17,64,bf16,0.125,64,3,2,64,20,0.8960000239,PASS
"NVIDIA GeForce RTX 4090",89,12080,20260986,transform,17,64,bf16,0.125,128,3,1,64,20,0.8767999709,PASS
"NVIDIA GeForce RTX 4090",89,12080,20260986,transform,17,64,bf16,0.125,256,3,0,64,20,0.8911999874,PASS
"NVIDIA GeForce RTX 4090",89,12080,20260986,transform,17,64,bf16,0.125,32,4,0,64,20,0.8887999691,PASS
"NVIDIA GeForce RTX 4090",89,12080,20260986,transform,17,64,bf16,0.125,64,4,1,64,20,0.89680003,PASS
"NVIDIA GeForce RTX 4090",89,12080,20260986,transform,17,64,bf16,0.125,128,4,2,64,20,0.877599977,PASS
"NVIDIA GeForce RTX 4090",89,12080,20260986,transform,17,64,bf16,0.125,256,4,3,64,20,0.8911999874,PASS
"NVIDIA GeForce RTX 4090",89,12080,20260986,fused_int4,17,64,bf16,0.125,32,0,0,64,20,1.192799956,PASS
"NVIDIA GeForce RTX 4090",89,12080,20260986,fused_int4,17,64,bf16,0.125,64,0,1,64,20,1.192799956,PASS
"NVIDIA GeForce RTX 4090",89,12080,20260986,fused_int4,17,64,bf16,0.125,128,0,2,64,20,1.177524962,PASS
"NVIDIA GeForce RTX 4090",89,12080,20260986,fused_int4,17,64,bf16,0.125,256,0,3,64,20,1.195874996,PASS
"NVIDIA GeForce RTX 4090",89,12080,20260986,fused_int4,17,64,bf16,0.125,32,1,1,64,20,1.191924978,PASS
"NVIDIA GeForce RTX 4090",89,12080,20260986,fused_int4,17,64,bf16,0.125,64,1,0,64,20,1.192674972,PASS
"NVIDIA GeForce RTX 4090",89,12080,20260986,fused_int4,17,64,bf16,0.125,128,1,3,64,20,1.177600026,PASS
"NVIDIA GeForce RTX 4090",89,12080,20260986,fused_int4,17,64,bf16,0.125,256,1,2,64,20,1.196799986,PASS
"NVIDIA GeForce RTX 4090",89,12080,20260986,fused_int4,17,64,bf16,0.125,32,2,2,64,20,1.192000043,PASS
"NVIDIA GeForce RTX 4090",89,12080,20260986,fused_int4,17,64,bf16,0.125,64,2,3,64,20,1.192799956,PASS
"NVIDIA GeForce RTX 4090",89,12080,20260986,fused_int4,17,64,bf16,0.125,128,2,0,64,20,1.177600026,PASS
"NVIDIA GeForce RTX 4090",89,12080,20260986,fused_int4,17,64,bf16,0.125,256,2,1,64,20,1.19599998,PASS
"NVIDIA GeForce RTX 4090",89,12080,20260986,fused_int4,17,64,bf16,0.125,32,3,3,64,20,1.192799956,PASS
"NVIDIA GeForce RTX 4090",89,12080,20260986,fused_int4,17,64,bf16,0.125,64,3,2,64,20,1.192000043,PASS
"NVIDIA GeForce RTX 4090",89,12080,20260986,fused_int4,17,64,bf16,0.125,128,3,1,64,20,1.17680002,PASS
"NVIDIA GeForce RTX 4090",89,12080,20260986,fused_int4,17,64,bf16,0.125,256,3,0,64,20,1.19599998,PASS
"NVIDIA GeForce RTX 4090",89,12080,20260986,fused_int4,17,64,bf16,0.125,32,4,0,64,20,1.191200037,PASS
"NVIDIA GeForce RTX 4090",89,12080,20260986,fused_int4,17,64,bf16,0.125,64,4,1,64,20,1.192700025,PASS
"NVIDIA GeForce RTX 4090",89,12080,20260986,fused_int4,17,64,bf16,0.125,128,4,2,64,20,1.177600026,PASS
"NVIDIA GeForce RTX 4090",89,12080,20260986,fused_int4,17,64,bf16,0.125,256,4,3,64,20,1.197475009,PASS
"NVIDIA GeForce RTX 4090",89,12080,20265065,transform,4096,64,bf16,1,32,0,0,64,20,2.961600013,PASS
"NVIDIA GeForce RTX 4090",89,12080,20265065,transform,4096,64,bf16,1,64,0,1,64,20,2.018399909,PASS
"NVIDIA GeForce RTX 4090",89,12080,20265065,transform,4096,64,bf16,1,128,0,2,64,20,1.543200016,PASS
"NVIDIA GeForce RTX 4090",89,12080,20265065,transform,4096,64,bf16,1,256,0,3,64,20,1.397600025,PASS
"NVIDIA GeForce RTX 4090",89,12080,20265065,transform,4096,64,bf16,1,32,1,1,64,20,2.960800007,PASS
"NVIDIA GeForce RTX 4090",89,12080,20265065,transform,4096,64,bf16,1,64,1,0,64,20,2.019999921,PASS
"NVIDIA GeForce RTX 4090",89,12080,20265065,transform,4096,64,bf16,1,128,1,3,64,20,1.544000022,PASS
"NVIDIA GeForce RTX 4090",89,12080,20265065,transform,4096,64,bf16,1,256,1,2,64,20,1.398400031,PASS
"NVIDIA GeForce RTX 4090",89,12080,20265065,transform,4096,64,bf16,1,32,2,2,64,20,2.960800007,PASS
"NVIDIA GeForce RTX 4090",89,12080,20265065,transform,4096,64,bf16,1,64,2,3,64,20,2.018399909,PASS
"NVIDIA GeForce RTX 4090",89,12080,20265065,transform,4096,64,bf16,1,128,2,0,64,20,1.543200016,PASS
"NVIDIA GeForce RTX 4090",89,12080,20265065,transform,4096,64,bf16,1,256,2,1,64,20,1.397600025,PASS
"NVIDIA GeForce RTX 4090",89,12080,20265065,transform,4096,64,bf16,1,32,3,3,64,20,2.960800007,PASS
"NVIDIA GeForce RTX 4090",89,12080,20265065,transform,4096,64,bf16,1,64,3,2,64,20,2.019174956,PASS
"NVIDIA GeForce RTX 4090",89,12080,20265065,transform,4096,64,bf16,1,128,3,1,64,20,1.544000022,PASS
"NVIDIA GeForce RTX 4090",89,12080,20265065,transform,4096,64,bf16,1,256,3,0,64,20,1.397600025,PASS
"NVIDIA GeForce RTX 4090",89,12080,20265065,transform,4096,64,bf16,1,32,4,0,64,20,2.960000001,PASS
"NVIDIA GeForce RTX 4090",89,12080,20265065,transform,4096,64,bf16,1,64,4,1,64,20,2.019199915,PASS
"NVIDIA GeForce RTX 4090",89,12080,20265065,transform,4096,64,bf16,1,128,4,2,64,20,1.544000022,PASS
"NVIDIA GeForce RTX 4090",89,12080,20265065,transform,4096,64,bf16,1,256,4,3,64,20,1.398374978,PASS
"NVIDIA GeForce RTX 4090",89,12080,20265065,fused_int4,4096,64,bf16,1,32,0,0,64,20,3.16159986,PASS
"NVIDIA GeForce RTX 4090",89,12080,20265065,fused_int4,4096,64,bf16,1,64,0,1,64,20,2.201499976,PASS
"NVIDIA GeForce RTX 4090",89,12080,20265065,fused_int4,4096,64,bf16,1,128,0,2,64,20,1.821600087,PASS
"NVIDIA GeForce RTX 4090",89,12080,20265065,fused_int4,4096,64,bf16,1,256,0,3,64,20,1.657599956,PASS
"NVIDIA GeForce RTX 4090",89,12080,20265065,fused_int4,4096,64,bf16,1,32,1,1,64,20,3.16080004,PASS
"NVIDIA GeForce RTX 4090",89,12080,20265065,fused_int4,4096,64,bf16,1,64,1,0,64,20,2.200799994,PASS
"NVIDIA GeForce RTX 4090",89,12080,20265065,fused_int4,4096,64,bf16,1,128,1,3,64,20,1.820000075,PASS
"NVIDIA GeForce RTX 4090",89,12080,20265065,fused_int4,4096,64,bf16,1,256,1,2,64,20,1.657599956,PASS
"NVIDIA GeForce RTX 4090",89,12080,20265065,fused_int4,4096,64,bf16,1,32,2,2,64,20,3.159999847,PASS
"NVIDIA GeForce RTX 4090",89,12080,20265065,fused_int4,4096,64,bf16,1,64,2,3,64,20,2.200799994,PASS
"NVIDIA GeForce RTX 4090",89,12080,20265065,fused_int4,4096,64,bf16,1,128,2,0,64,20,1.820000075,PASS
"NVIDIA GeForce RTX 4090",89,12080,20265065,fused_int4,4096,64,bf16,1,256,2,1,64,20,1.658350043,PASS
"NVIDIA GeForce RTX 4090",89,12080,20265065,fused_int4,4096,64,bf16,1,32,3,3,64,20,3.16159986,PASS
"NVIDIA GeForce RTX 4090",89,12080,20265065,fused_int4,4096,64,bf16,1,64,3,2,64,20,2.2016,PASS
"NVIDIA GeForce RTX 4090",89,12080,20265065,fused_int4,4096,64,bf16,1,128,3,1,64,20,1.821600087,PASS
"NVIDIA GeForce RTX 4090",89,12080,20265065,fused_int4,4096,64,bf16,1,256,3,0,64,20,1.658399962,PASS
"NVIDIA GeForce RTX 4090",89,12080,20265065,fused_int4,4096,64,bf16,1,32,4,0,64,20,3.16159986,PASS
"NVIDIA GeForce RTX 4090",89,12080,20265065,fused_int4,4096,64,bf16,1,64,4,1,64,20,2.2016,PASS
"NVIDIA GeForce RTX 4090",89,12080,20265065,fused_int4,4096,64,bf16,1,128,4,2,64,20,1.820800081,PASS
"NVIDIA GeForce RTX 4090",89,12080,20265065,fused_int4,4096,64,bf16,1,256,4,3,64,20,1.657599956,PASS
"NVIDIA GeForce RTX 4090",89,12080,20265065,transform,4096,64,bf16,0.125,32,0,0,64,20,2.962324955,PASS
"NVIDIA GeForce RTX 4090",89,12080,20265065,transform,4096,64,bf16,0.125,64,0,1,64,20,2.018399909,PASS
"NVIDIA GeForce RTX 4090",89,12080,20265065,transform,4096,64,bf16,0.125,128,0,2,64,20,1.543200016,PASS
"NVIDIA GeForce RTX 4090",89,12080,20265065,transform,4096,64,bf16,0.125,256,0,3,64,20,1.396750007,PASS
"NVIDIA GeForce RTX 4090",89,12080,20265065,transform,4096,64,bf16,0.125,32,1,1,64,20,2.961600013,PASS
"NVIDIA GeForce RTX 4090",89,12080,20265065,transform,4096,64,bf16,0.125,64,1,0,64,20,2.019199915,PASS
"NVIDIA GeForce RTX 4090",89,12080,20265065,transform,4096,64,bf16,0.125,128,1,3,64,20,1.544000022,PASS
"NVIDIA GeForce RTX 4090",89,12080,20265065,transform,4096,64,bf16,0.125,256,1,2,64,20,1.397600025,PASS
"NVIDIA GeForce RTX 4090",89,12080,20265065,transform,4096,64,bf16,0.125,32,2,2,64,20,2.960800007,PASS
"NVIDIA GeForce RTX 4090",89,12080,20265065,transform,4096,64,bf16,0.125,64,2,3,64,20,2.019199915,PASS
"NVIDIA GeForce RTX 4090",89,12080,20265065,transform,4096,64,bf16,0.125,128,2,0,64,20,1.544000022,PASS
"NVIDIA GeForce RTX 4090",89,12080,20265065,transform,4096,64,bf16,0.125,256,2,1,64,20,1.398400031,PASS
"NVIDIA GeForce RTX 4090",89,12080,20265065,transform,4096,64,bf16,0.125,32,3,3,64,20,2.960000001,PASS
"NVIDIA GeForce RTX 4090",89,12080,20265065,transform,4096,64,bf16,0.125,64,3,2,64,20,2.018399909,PASS
"NVIDIA GeForce RTX 4090",89,12080,20265065,transform,4096,64,bf16,0.125,128,3,1,64,20,1.54395001,PASS
"NVIDIA GeForce RTX 4090",89,12080,20265065,transform,4096,64,bf16,0.125,256,3,0,64,20,1.397600025,PASS
"NVIDIA GeForce RTX 4090",89,12080,20265065,transform,4096,64,bf16,0.125,32,4,0,64,20,2.960800007,PASS
"NVIDIA GeForce RTX 4090",89,12080,20265065,transform,4096,64,bf16,0.125,64,4,1,64,20,2.018399909,PASS
"NVIDIA GeForce RTX 4090",89,12080,20265065,transform,4096,64,bf16,0.125,128,4,2,64,20,1.543200016,PASS
"NVIDIA GeForce RTX 4090",89,12080,20265065,transform,4096,64,bf16,0.125,256,4,3,64,20,1.398400031,PASS
"NVIDIA GeForce RTX 4090",89,12080,20265065,fused_int4,4096,64,bf16,0.125,32,0,0,64,20,3.162400052,PASS
"NVIDIA GeForce RTX 4090",89,12080,20265065,fused_int4,4096,64,bf16,0.125,64,0,1,64,20,2.200675011,PASS
"NVIDIA GeForce RTX 4090",89,12080,20265065,fused_int4,4096,64,bf16,0.125,128,0,2,64,20,1.820000075,PASS
"NVIDIA GeForce RTX 4090",89,12080,20265065,fused_int4,4096,64,bf16,0.125,256,0,3,64,20,1.658399962,PASS
"NVIDIA GeForce RTX 4090",89,12080,20265065,fused_int4,4096,64,bf16,0.125,32,1,1,64,20,3.16159986,PASS
"NVIDIA GeForce RTX 4090",89,12080,20265065,fused_int4,4096,64,bf16,0.125,64,1,0,64,20,2.200799994,PASS
"NVIDIA GeForce RTX 4090",89,12080,20265065,fused_int4,4096,64,bf16,0.125,128,1,3,64,20,1.820000075,PASS
"NVIDIA GeForce RTX 4090",89,12080,20265065,fused_int4,4096,64,bf16,0.125,256,1,2,64,20,1.658299938,PASS
"NVIDIA GeForce RTX 4090",89,12080,20265065,fused_int4,4096,64,bf16,0.125,32,2,2,64,20,3.16080004,PASS
"NVIDIA GeForce RTX 4090",89,12080,20265065,fused_int4,4096,64,bf16,0.125,64,2,3,64,20,2.201499976,PASS
"NVIDIA GeForce RTX 4090",89,12080,20265065,fused_int4,4096,64,bf16,0.125,128,2,0,64,20,1.820800081,PASS
"NVIDIA GeForce RTX 4090",89,12080,20265065,fused_int4,4096,64,bf16,0.125,256,2,1,64,20,1.658399962,PASS
"NVIDIA GeForce RTX 4090",89,12080,20265065,fused_int4,4096,64,bf16,0.125,32,3,3,64,20,3.16080004,PASS
"NVIDIA GeForce RTX 4090",89,12080,20265065,fused_int4,4096,64,bf16,0.125,64,3,2,64,20,2.200799994,PASS
"NVIDIA GeForce RTX 4090",89,12080,20265065,fused_int4,4096,64,bf16,0.125,128,3,1,64,20,1.821600087,PASS
"NVIDIA GeForce RTX 4090",89,12080,20265065,fused_int4,4096,64,bf16,0.125,256,3,0,64,20,1.658399962,PASS
"NVIDIA GeForce RTX 4090",89,12080,20265065,fused_int4,4096,64,bf16,0.125,32,4,0,64,20,3.159999847,PASS
"NVIDIA GeForce RTX 4090",89,12080,20265065,fused_int4,4096,64,bf16,0.125,64,4,1,64,20,2.200799994,PASS
"NVIDIA GeForce RTX 4090",89,12080,20265065,fused_int4,4096,64,bf16,0.125,128,4,2,64,20,1.821600087,PASS
"NVIDIA GeForce RTX 4090",89,12080,20265065,fused_int4,4096,64,bf16,0.125,256,4,3,64,20,1.657599956,PASS
"NVIDIA GeForce RTX 4090",89,12080,20277353,transform,16384,64,bf16,1,32,0,0,64,20,8.659999818,PASS
"NVIDIA GeForce RTX 4090",89,12080,20277353,transform,16384,64,bf16,1,64,0,1,64,20,4.875199869,PASS
"NVIDIA GeForce RTX 4090",89,12080,20277353,transform,16384,64,bf16,1,128,0,2,64,20,2.98560001,PASS
"NVIDIA GeForce RTX 4090",89,12080,20277353,transform,16384,64,bf16,1,256,0,3,64,20,2.554400079,PASS
"NVIDIA GeForce RTX 4090",89,12080,20277353,transform,16384,64,bf16,1,32,1,1,64,20,8.659999818,PASS
"NVIDIA GeForce RTX 4090",89,12080,20277353,transform,16384,64,bf16,1,64,1,0,64,20,4.879150167,PASS
"NVIDIA GeForce RTX 4090",89,12080,20277353,transform,16384,64,bf16,1,128,1,3,64,20,2.986400016,PASS
"NVIDIA GeForce RTX 4090",89,12080,20277353,transform,16384,64,bf16,1,256,1,2,64,20,2.554400079,PASS
"NVIDIA GeForce RTX 4090",89,12080,20277353,transform,16384,64,bf16,1,32,2,2,64,20,8.666399866,PASS
"NVIDIA GeForce RTX 4090",89,12080,20277353,transform,16384,64,bf16,1,64,2,3,64,20,4.879200086,PASS
"NVIDIA GeForce RTX 4090",89,12080,20277353,transform,16384,64,bf16,1,128,2,0,64,20,2.988000028,PASS
"NVIDIA GeForce RTX 4090",89,12080,20277353,transform,16384,64,bf16,1,256,2,1,64,20,2.557500079,PASS
"NVIDIA GeForce RTX 4090",89,12080,20277353,transform,16384,64,bf16,1,32,3,3,64,20,8.65920037,PASS
"NVIDIA GeForce RTX 4090",89,12080,20277353,transform,16384,64,bf16,1,64,3,2,64,20,4.879200086,PASS
"NVIDIA GeForce RTX 4090",89,12080,20277353,transform,16384,64,bf16,1,128,3,1,64,20,2.987200022,PASS
"NVIDIA GeForce RTX 4090",89,12080,20277353,transform,16384,64,bf16,1,256,3,0,64,20,2.560799941,PASS
"NVIDIA GeForce RTX 4090",89,12080,20277353,transform,16384,64,bf16,1,32,4,0,64,20,8.657599986,PASS
"NVIDIA GeForce RTX 4090",89,12080,20277353,transform,16384,64,bf16,1,64,4,1,64,20,4.876000062,PASS
"NVIDIA GeForce RTX 4090",89,12080,20277353,transform,16384,64,bf16,1,128,4,2,64,20,2.986400016,PASS
"NVIDIA GeForce RTX 4090",89,12080,20277353,transform,16384,64,bf16,1,256,4,3,64,20,2.556000091,PASS
"NVIDIA GeForce RTX 4090",89,12080,20277353,fused_int4,16384,64,bf16,1,32,0,0,64,20,8.863200247,PASS
"NVIDIA GeForce RTX 4090",89,12080,20277353,fused_int4,16384,64,bf16,1,64,0,1,64,20,5.066400021,PASS
"NVIDIA GeForce RTX 4090",89,12080,20277353,fused_int4,16384,64,bf16,1,128,0,2,64,20,3.515199944,PASS
"NVIDIA GeForce RTX 4090",89,12080,20277353,fused_int4,16384,64,bf16,1,256,0,3,64,20,3.519200161,PASS
"NVIDIA GeForce RTX 4090",89,12080,20277353,fused_int4,16384,64,bf16,1,32,1,1,64,20,8.864799887,PASS
"NVIDIA GeForce RTX 4090",89,12080,20277353,fused_int4,16384,64,bf16,1,64,1,0,64,20,5.068000033,PASS
"NVIDIA GeForce RTX 4090",89,12080,20277353,fused_int4,16384,64,bf16,1,128,1,3,64,20,3.516000137,PASS
"NVIDIA GeForce RTX 4090",89,12080,20277353,fused_int4,16384,64,bf16,1,256,1,2,64,20,3.520724922,PASS
"NVIDIA GeForce RTX 4090",89,12080,20277353,fused_int4,16384,64,bf16,1,32,2,2,64,20,8.863999695,PASS
"NVIDIA GeForce RTX 4090",89,12080,20277353,fused_int4,16384,64,bf16,1,64,2,3,64,20,5.067199841,PASS
"NVIDIA GeForce RTX 4090",89,12080,20277353,fused_int4,16384,64,bf16,1,128,2,0,64,20,3.516799957,PASS
"NVIDIA GeForce RTX 4090",89,12080,20277353,fused_int4,16384,64,bf16,1,256,2,1,64,20,3.522400185,PASS
"NVIDIA GeForce RTX 4090",89,12080,20277353,fused_int4,16384,64,bf16,1,32,3,3,64,20,8.902399987,PASS
"NVIDIA GeForce RTX 4090",89,12080,20277353,fused_int4,16384,64,bf16,1,64,3,2,64,20,5.071175098,PASS
"NVIDIA GeForce RTX 4090",89,12080,20277353,fused_int4,16384,64,bf16,1,128,3,1,64,20,3.516675159,PASS
"NVIDIA GeForce RTX 4090",89,12080,20277353,fused_int4,16384,64,bf16,1,256,3,0,64,20,3.521599993,PASS
"NVIDIA GeForce RTX 4090",89,12080,20277353,fused_int4,16384,64,bf16,1,32,4,0,64,20,8.878400177,PASS
"NVIDIA GeForce RTX 4090",89,12080,20277353,fused_int4,16384,64,bf16,1,64,4,1,64,20,5.079999939,PASS
"NVIDIA GeForce RTX 4090",89,12080,20277353,fused_int4,16384,64,bf16,1,128,4,2,64,20,3.523999825,PASS
"NVIDIA GeForce RTX 4090",89,12080,20277353,fused_int4,16384,64,bf16,1,256,4,3,64,20,3.525599837,PASS
"NVIDIA GeForce RTX 4090",89,12080,20277353,transform,16384,64,bf16,0.125,32,0,0,64,20,8.679950237,PASS
"NVIDIA GeForce RTX 4090",89,12080,20277353,transform,16384,64,bf16,0.125,64,0,1,64,20,4.885600135,PASS
"NVIDIA GeForce RTX 4090",89,12080,20277353,transform,16384,64,bf16,0.125,128,0,2,64,20,2.987200022,PASS
"NVIDIA GeForce RTX 4090",89,12080,20277353,transform,16384,64,bf16,0.125,256,0,3,64,20,2.558399923,PASS
"NVIDIA GeForce RTX 4090",89,12080,20277353,transform,16384,64,bf16,0.125,32,1,1,64,20,8.687199652,PASS
"NVIDIA GeForce RTX 4090",89,12080,20277353,transform,16384,64,bf16,0.125,64,1,0,64,20,4.890400171,PASS
"NVIDIA GeForce RTX 4090",89,12080,20277353,transform,16384,64,bf16,0.125,128,1,3,64,20,2.990400046,PASS
"NVIDIA GeForce RTX 4090",89,12080,20277353,transform,16384,64,bf16,0.125,256,1,2,64,20,2.558325045,PASS
"NVIDIA GeForce RTX 4090",89,12080,20277353,transform,16384,64,bf16,0.125,32,2,2,64,20,8.683999628,PASS
"NVIDIA GeForce RTX 4090",89,12080,20277353,transform,16384,64,bf16,0.125,64,2,3,64,20,4.889599979,PASS
"NVIDIA GeForce RTX 4090",89,12080,20277353,transform,16384,64,bf16,0.125,128,2,0,64,20,2.992000058,PASS
"NVIDIA GeForce RTX 4090",89,12080,20277353,transform,16384,64,bf16,0.125,256,2,1,64,20,2.559999935,PASS
"NVIDIA GeForce RTX 4090",89,12080,20277353,transform,16384,64,bf16,0.125,32,3,3,64,20,8.680000156,PASS
"NVIDIA GeForce RTX 4090",89,12080,20277353,transform,16384,64,bf16,0.125,64,3,2,64,20,4.894350097,PASS
"NVIDIA GeForce RTX 4090",89,12080,20277353,transform,16384,64,bf16,0.125,128,3,1,64,20,2.98960004,PASS
"NVIDIA GeForce RTX 4090",89,12080,20277353,transform,16384,64,bf16,0.125,256,3,0,64,20,2.556799911,PASS
"NVIDIA GeForce RTX 4090",89,12080,20277353,transform,16384,64,bf16,0.125,32,4,0,64,20,8.680000156,PASS
"NVIDIA GeForce RTX 4090",89,12080,20277353,transform,16384,64,bf16,0.125,64,4,1,64,20,4.885600135,PASS
"NVIDIA GeForce RTX 4090",89,12080,20277353,transform,16384,64,bf16,0.125,128,4,2,64,20,2.988000028,PASS
"NVIDIA GeForce RTX 4090",89,12080,20277353,transform,16384,64,bf16,0.125,256,4,3,64,20,2.557599917,PASS
"NVIDIA GeForce RTX 4090",89,12080,20277353,fused_int4,16384,64,bf16,0.125,32,0,0,64,20,8.879200369,PASS
"NVIDIA GeForce RTX 4090",89,12080,20277353,fused_int4,16384,64,bf16,0.125,64,0,1,64,20,5.079850182,PASS
"NVIDIA GeForce RTX 4090",89,12080,20277353,fused_int4,16384,64,bf16,0.125,128,0,2,64,20,3.522400185,PASS
"NVIDIA GeForce RTX 4090",89,12080,20277353,fused_int4,16384,64,bf16,0.125,256,0,3,64,20,3.52640003,PASS
"NVIDIA GeForce RTX 4090",89,12080,20277353,fused_int4,16384,64,bf16,0.125,32,1,1,64,20,8.873599768,PASS
"NVIDIA GeForce RTX 4090",89,12080,20277353,fused_int4,16384,64,bf16,0.125,64,1,0,64,20,5.078399926,PASS
"NVIDIA GeForce RTX 4090",89,12080,20277353,fused_int4,16384,64,bf16,0.125,128,1,3,64,20,3.524800017,PASS
"NVIDIA GeForce RTX 4090",89,12080,20277353,fused_int4,16384,64,bf16,0.125,256,1,2,64,20,3.53519991,PASS
"NVIDIA GeForce RTX 4090",89,12080,20277353,fused_int4,16384,64,bf16,0.125,32,2,2,64,20,8.866400272,PASS
"NVIDIA GeForce RTX 4090",89,12080,20277353,fused_int4,16384,64,bf16,0.125,64,2,3,64,20,5.071200058,PASS
"NVIDIA GeForce RTX 4090",89,12080,20277353,fused_int4,16384,64,bf16,0.125,128,2,0,64,20,3.522400185,PASS
"NVIDIA GeForce RTX 4090",89,12080,20277353,fused_int4,16384,64,bf16,0.125,256,2,1,64,20,3.520800173,PASS
"NVIDIA GeForce RTX 4090",89,12080,20277353,fused_int4,16384,64,bf16,0.125,32,3,3,64,20,8.866400272,PASS
"NVIDIA GeForce RTX 4090",89,12080,20277353,fused_int4,16384,64,bf16,0.125,64,3,2,64,20,5.07280007,PASS
"NVIDIA GeForce RTX 4090",89,12080,20277353,fused_int4,16384,64,bf16,0.125,128,3,1,64,20,3.519200161,PASS
"NVIDIA GeForce RTX 4090",89,12080,20277353,fused_int4,16384,64,bf16,0.125,256,3,0,64,20,3.522400185,PASS
"NVIDIA GeForce RTX 4090",89,12080,20277353,fused_int4,16384,64,bf16,0.125,32,4,0,64,20,8.86387527,PASS
"NVIDIA GeForce RTX 4090",89,12080,20277353,fused_int4,16384,64,bf16,0.125,64,4,1,64,20,5.070399866,PASS
"NVIDIA GeForce RTX 4090",89,12080,20277353,fused_int4,16384,64,bf16,0.125,128,4,2,64,20,3.516799957,PASS
"NVIDIA GeForce RTX 4090",89,12080,20277353,fused_int4,16384,64,bf16,0.125,256,4,3,64,20,3.522400185,PASS
"NVIDIA GeForce RTX 4090",89,12080,20261162,transform,1,256,bf16,1,32,0,0,64,20,0.9615999646,PASS
"NVIDIA GeForce RTX 4090",89,12080,20261162,transform,1,256,bf16,1,64,0,1,64,20,0.9623999707,PASS
"NVIDIA GeForce RTX 4090",89,12080,20261162,transform,1,256,bf16,1,128,0,2,64,20,0.9527999908,PASS
"NVIDIA GeForce RTX 4090",89,12080,20261162,transform,1,256,bf16,1,256,0,3,64,20,0.9511999786,PASS
"NVIDIA GeForce RTX 4090",89,12080,20261162,transform,1,256,bf16,1,32,1,1,64,20,0.9615999646,PASS
"NVIDIA GeForce RTX 4090",89,12080,20261162,transform,1,256,bf16,1,64,1,0,64,20,0.9615999646,PASS
"NVIDIA GeForce RTX 4090",89,12080,20261162,transform,1,256,bf16,1,128,1,3,64,20,0.9519999847,PASS
"NVIDIA GeForce RTX 4090",89,12080,20261162,transform,1,256,bf16,1,256,1,2,64,20,0.9519999847,PASS
"NVIDIA GeForce RTX 4090",89,12080,20261162,transform,1,256,bf16,1,32,2,2,64,20,0.9623999707,PASS
"NVIDIA GeForce RTX 4090",89,12080,20261162,transform,1,256,bf16,1,64,2,3,64,20,0.9623999707,PASS
"NVIDIA GeForce RTX 4090",89,12080,20261162,transform,1,256,bf16,1,128,2,0,64,20,0.9519999847,PASS
"NVIDIA GeForce RTX 4090",89,12080,20261162,transform,1,256,bf16,1,256,2,1,64,20,0.9511999786,PASS
"NVIDIA GeForce RTX 4090",89,12080,20261162,transform,1,256,bf16,1,32,3,3,64,20,0.9623000398,PASS
"NVIDIA GeForce RTX 4090",89,12080,20261162,transform,1,256,bf16,1,64,3,2,64,20,0.9615999646,PASS
"NVIDIA GeForce RTX 4090",89,12080,20261162,transform,1,256,bf16,1,128,3,1,64,20,0.9519999847,PASS
"NVIDIA GeForce RTX 4090",89,12080,20261162,transform,1,256,bf16,1,256,3,0,64,20,0.9503999725,PASS
"NVIDIA GeForce RTX 4090",89,12080,20261162,transform,1,256,bf16,1,32,4,0,64,20,0.9615999646,PASS
"NVIDIA GeForce RTX 4090",89,12080,20261162,transform,1,256,bf16,1,64,4,1,64,20,0.9615999646,PASS
"NVIDIA GeForce RTX 4090",89,12080,20261162,transform,1,256,bf16,1,128,4,2,64,20,0.9527750313,PASS
"NVIDIA GeForce RTX 4090",89,12080,20261162,transform,1,256,bf16,1,256,4,3,64,20,0.9511999786,PASS
"NVIDIA GeForce RTX 4090",89,12080,20261162,fused_int4,1,256,bf16,1,32,0,0,64,20,1.342399977,PASS
"NVIDIA GeForce RTX 4090",89,12080,20261162,fused_int4,1,256,bf16,1,64,0,1,64,20,1.343999989,PASS
"NVIDIA GeForce RTX 4090",89,12080,20261162,fused_int4,1,256,bf16,1,128,0,2,64,20,1.332675014,PASS
"NVIDIA GeForce RTX 4090",89,12080,20261162,fused_int4,1,256,bf16,1,256,0,3,64,20,1.328799967,PASS
"NVIDIA GeForce RTX 4090",89,12080,20261162,fused_int4,1,256,bf16,1,32,1,1,64,20,1.340799965,PASS
"NVIDIA GeForce RTX 4090",89,12080,20261162,fused_int4,1,256,bf16,1,64,1,0,64,20,1.340799965,PASS
"NVIDIA GeForce RTX 4090",89,12080,20261162,fused_int4,1,256,bf16,1,128,1,3,64,20,1.332799997,PASS
"NVIDIA GeForce RTX 4090",89,12080,20261162,fused_int4,1,256,bf16,1,256,1,2,64,20,1.328799967,PASS
"NVIDIA GeForce RTX 4090",89,12080,20261162,fused_int4,1,256,bf16,1,32,2,2,64,20,1.340799965,PASS
"NVIDIA GeForce RTX 4090",89,12080,20261162,fused_int4,1,256,bf16,1,64,2,3,64,20,1.341599971,PASS
"NVIDIA GeForce RTX 4090",89,12080,20261162,fused_int4,1,256,bf16,1,128,2,0,64,20,1.332799997,PASS
"NVIDIA GeForce RTX 4090",89,12080,20261162,fused_int4,1,256,bf16,1,256,2,1,64,20,1.328799967,PASS
"NVIDIA GeForce RTX 4090",89,12080,20261162,fused_int4,1,256,bf16,1,32,3,3,64,20,1.340799965,PASS
"NVIDIA GeForce RTX 4090",89,12080,20261162,fused_int4,1,256,bf16,1,64,3,2,64,20,1.340799965,PASS
"NVIDIA GeForce RTX 4090",89,12080,20261162,fused_int4,1,256,bf16,1,128,3,1,64,20,1.331199985,PASS
"NVIDIA GeForce RTX 4090",89,12080,20261162,fused_int4,1,256,bf16,1,256,3,0,64,20,1.328799967,PASS
"NVIDIA GeForce RTX 4090",89,12080,20261162,fused_int4,1,256,bf16,1,32,4,0,64,20,1.340724993,PASS
"NVIDIA GeForce RTX 4090",89,12080,20261162,fused_int4,1,256,bf16,1,64,4,1,64,20,1.340799965,PASS
"NVIDIA GeForce RTX 4090",89,12080,20261162,fused_int4,1,256,bf16,1,128,4,2,64,20,1.332749985,PASS
"NVIDIA GeForce RTX 4090",89,12080,20261162,fused_int4,1,256,bf16,1,256,4,3,64,20,1.328799967,PASS
"NVIDIA GeForce RTX 4090",89,12080,20261162,transform,1,256,bf16,0.0625,32,0,0,64,20,0.9623999707,PASS
"NVIDIA GeForce RTX 4090",89,12080,20261162,transform,1,256,bf16,0.0625,64,0,1,64,20,0.9615999646,PASS
"NVIDIA GeForce RTX 4090",89,12080,20261162,transform,1,256,bf16,0.0625,128,0,2,64,20,0.9519999847,PASS
"NVIDIA GeForce RTX 4090",89,12080,20261162,transform,1,256,bf16,0.0625,256,0,3,64,20,0.9503999725,PASS
"NVIDIA GeForce RTX 4090",89,12080,20261162,transform,1,256,bf16,0.0625,32,1,1,64,20,0.9615999646,PASS
"NVIDIA GeForce RTX 4090",89,12080,20261162,transform,1,256,bf16,0.0625,64,1,0,64,20,0.9615999646,PASS
"NVIDIA GeForce RTX 4090",89,12080,20261162,transform,1,256,bf16,0.0625,128,1,3,64,20,0.9527999908,PASS
"NVIDIA GeForce RTX 4090",89,12080,20261162,transform,1,256,bf16,0.0625,256,1,2,64,20,0.9511999786,PASS
"NVIDIA GeForce RTX 4090",89,12080,20261162,transform,1,256,bf16,0.0625,32,2,2,64,20,0.9623999707,PASS
"NVIDIA GeForce RTX 4090",89,12080,20261162,transform,1,256,bf16,0.0625,64,2,3,64,20,0.9623999707,PASS
"NVIDIA GeForce RTX 4090",89,12080,20261162,transform,1,256,bf16,0.0625,128,2,0,64,20,0.9519999847,PASS
"NVIDIA GeForce RTX 4090",89,12080,20261162,transform,1,256,bf16,0.0625,256,2,1,64,20,0.9510500357,PASS
"NVIDIA GeForce RTX 4090",89,12080,20261162,transform,1,256,bf16,0.0625,32,3,3,64,20,0.9623750113,PASS
"NVIDIA GeForce RTX 4090",89,12080,20261162,transform,1,256,bf16,0.0625,64,3,2,64,20,0.9623999707,PASS
"NVIDIA GeForce RTX 4090",89,12080,20261162,transform,1,256,bf16,0.0625,128,3,1,64,20,0.9527999908,PASS
"NVIDIA GeForce RTX 4090",89,12080,20261162,transform,1,256,bf16,0.0625,256,3,0,64,20,0.9511999786,PASS
"NVIDIA GeForce RTX 4090",89,12080,20261162,transform,1,256,bf16,0.0625,32,4,0,64,20,0.9623999707,PASS
"NVIDIA GeForce RTX 4090",89,12080,20261162,transform,1,256,bf16,0.0625,64,4,1,64,20,0.9623999707,PASS
"NVIDIA GeForce RTX 4090",89,12080,20261162,transform,1,256,bf16,0.0625,128,4,2,64,20,0.9527999908,PASS
"NVIDIA GeForce RTX 4090",89,12080,20261162,transform,1,256,bf16,0.0625,256,4,3,64,20,0.9511999786,PASS
"NVIDIA GeForce RTX 4090",89,12080,20261162,fused_int4,1,256,bf16,0.0625,32,0,0,64,20,1.340799965,PASS
"NVIDIA GeForce RTX 4090",89,12080,20261162,fused_int4,1,256,bf16,0.0625,64,0,1,64,20,1.340799965,PASS
"NVIDIA GeForce RTX 4090",89,12080,20261162,fused_int4,1,256,bf16,0.0625,128,0,2,64,20,1.332749985,PASS
"NVIDIA GeForce RTX 4090",89,12080,20261162,fused_int4,1,256,bf16,0.0625,256,0,3,64,20,1.329599973,PASS
"NVIDIA GeForce RTX 4090",89,12080,20261162,fused_int4,1,256,bf16,0.0625,32,1,1,64,20,1.341599971,PASS
"NVIDIA GeForce RTX 4090",89,12080,20261162,fused_int4,1,256,bf16,0.0625,64,1,0,64,20,1.340799965,PASS
"NVIDIA GeForce RTX 4090",89,12080,20261162,fused_int4,1,256,bf16,0.0625,128,1,3,64,20,1.331999991,PASS
"NVIDIA GeForce RTX 4090",89,12080,20261162,fused_int4,1,256,bf16,0.0625,256,1,2,64,20,1.327999961,PASS
"NVIDIA GeForce RTX 4090",89,12080,20261162,fused_int4,1,256,bf16,0.0625,32,2,2,64,20,1.341599971,PASS
"NVIDIA GeForce RTX 4090",89,12080,20261162,fused_int4,1,256,bf16,0.0625,64,2,3,64,20,1.340799965,PASS
"NVIDIA GeForce RTX 4090",89,12080,20261162,fused_int4,1,256,bf16,0.0625,128,2,0,64,20,1.332749985,PASS
"NVIDIA GeForce RTX 4090",89,12080,20261162,fused_int4,1,256,bf16,0.0625,256,2,1,64,20,1.329599973,PASS
"NVIDIA GeForce RTX 4090",89,12080,20261162,fused_int4,1,256,bf16,0.0625,32,3,3,64,20,1.340799965,PASS
"NVIDIA GeForce RTX 4090",89,12080,20261162,fused_int4,1,256,bf16,0.0625,64,3,2,64,20,1.341474988,PASS
"NVIDIA GeForce RTX 4090",89,12080,20261162,fused_int4,1,256,bf16,0.0625,128,3,1,64,20,1.331999991,PASS
"NVIDIA GeForce RTX 4090",89,12080,20261162,fused_int4,1,256,bf16,0.0625,256,3,0,64,20,1.327999961,PASS
"NVIDIA GeForce RTX 4090",89,12080,20261162,fused_int4,1,256,bf16,0.0625,32,4,0,64,20,1.34150004,PASS
"NVIDIA GeForce RTX 4090",89,12080,20261162,fused_int4,1,256,bf16,0.0625,64,4,1,64,20,1.340799965,PASS
"NVIDIA GeForce RTX 4090",89,12080,20261162,fused_int4,1,256,bf16,0.0625,128,4,2,64,20,1.331999991,PASS
"NVIDIA GeForce RTX 4090",89,12080,20261162,fused_int4,1,256,bf16,0.0625,256,4,3,64,20,1.328799967,PASS
"NVIDIA GeForce RTX 4090",89,12080,20261178,transform,17,256,bf16,1,32,0,0,64,20,0.9767999873,PASS
"NVIDIA GeForce RTX 4090",89,12080,20261178,transform,17,256,bf16,1,64,0,1,64,20,0.9792000055,PASS
"NVIDIA GeForce RTX 4090",89,12080,20261178,transform,17,256,bf16,1,128,0,2,64,20,1.006400026,PASS
"NVIDIA GeForce RTX 4090",89,12080,20261178,transform,17,256,bf16,1,256,0,3,64,20,1.149599999,PASS
"NVIDIA GeForce RTX 4090",89,12080,20261178,transform,17,256,bf16,1,32,1,1,64,20,0.9767999873,PASS
"NVIDIA GeForce RTX 4090",89,12080,20261178,transform,17,256,bf16,1,64,1,0,64,20,0.9800000116,PASS
"NVIDIA GeForce RTX 4090",89,12080,20261178,transform,17,256,bf16,1,128,1,3,64,20,1.007200032,PASS
"NVIDIA GeForce RTX 4090",89,12080,20261178,transform,17,256,bf16,1,256,1,2,64,20,1.149599999,PASS
"NVIDIA GeForce RTX 4090",89,12080,20261178,transform,17,256,bf16,1,32,2,2,64,20,0.9767999873,PASS
"NVIDIA GeForce RTX 4090",89,12080,20261178,transform,17,256,bf16,1,64,2,3,64,20,0.9800000116,PASS
"NVIDIA GeForce RTX 4090",89,12080,20261178,transform,17,256,bf16,1,128,2,0,64,20,1.00560002,PASS
"NVIDIA GeForce RTX 4090",89,12080,20261178,transform,17,256,bf16,1,256,2,1,64,20,1.148799993,PASS
"NVIDIA GeForce RTX 4090",89,12080,20261178,transform,17,256,bf16,1,32,3,3,64,20,0.9759999812,PASS
"NVIDIA GeForce RTX 4090",89,12080,20261178,transform,17,256,bf16,1,64,3,2,64,20,0.9800000116,PASS
"NVIDIA GeForce RTX 4090",89,12080,20261178,transform,17,256,bf16,1,128,3,1,64,20,1.006400026,PASS
"NVIDIA GeForce RTX 4090",89,12080,20261178,transform,17,256,bf16,1,256,3,0,64,20,1.149599999,PASS
"NVIDIA GeForce RTX 4090",89,12080,20261178,transform,17,256,bf16,1,32,4,0,64,20,0.9759250097,PASS
"NVIDIA GeForce RTX 4090",89,12080,20261178,transform,17,256,bf16,1,64,4,1,64,20,0.979974959,PASS
"NVIDIA GeForce RTX 4090",89,12080,20261178,transform,17,256,bf16,1,128,4,2,64,20,1.00560002,PASS
"NVIDIA GeForce RTX 4090",89,12080,20261178,transform,17,256,bf16,1,256,4,3,64,20,1.149599999,PASS
"NVIDIA GeForce RTX 4090",89,12080,20261178,fused_int4,17,256,bf16,1,32,0,0,64,20,1.927999966,PASS
"NVIDIA GeForce RTX 4090",89,12080,20261178,fused_int4,17,256,bf16,1,64,0,1,64,20,1.936800033,PASS
"NVIDIA GeForce RTX 4090",89,12080,20261178,fused_int4,17,256,bf16,1,128,0,2,64,20,1.964675076,PASS
"NVIDIA GeForce RTX 4090",89,12080,20261178,fused_int4,17,256,bf16,1,256,0,3,64,20,2.108800039,PASS
"NVIDIA GeForce RTX 4090",89,12080,20261178,fused_int4,17,256,bf16,1,32,1,1,64,20,1.927999966,PASS
"NVIDIA GeForce RTX 4090",89,12080,20261178,fused_int4,17,256,bf16,1,64,1,0,64,20,1.936800033,PASS
"NVIDIA GeForce RTX 4090",89,12080,20261178,fused_int4,17,256,bf16,1,128,1,3,64,20,1.96480006,PASS
"NVIDIA GeForce RTX 4090",89,12080,20261178,fused_int4,17,256,bf16,1,256,1,2,64,20,2.109600045,PASS
"NVIDIA GeForce RTX 4090",89,12080,20261178,fused_int4,17,256,bf16,1,32,2,2,64,20,1.927999966,PASS
"NVIDIA GeForce RTX 4090",89,12080,20261178,fused_int4,17,256,bf16,1,64,2,3,64,20,1.936800033,PASS
"NVIDIA GeForce RTX 4090",89,12080,20261178,fused_int4,17,256,bf16,1,128,2,0,64,20,1.964724995,PASS
"NVIDIA GeForce RTX 4090",89,12080,20261178,fused_int4,17,256,bf16,1,256,2,1,64,20,2.108000033,PASS
"NVIDIA GeForce RTX 4090",89,12080,20261178,fused_int4,17,256,bf16,1,32,3,3,64,20,1.928799972,PASS
"NVIDIA GeForce RTX 4090",89,12080,20261178,fused_int4,17,256,bf16,1,64,3,2,64,20,1.936800033,PASS
"NVIDIA GeForce RTX 4090",89,12080,20261178,fused_int4,17,256,bf16,1,128,3,1,64,20,1.96480006,PASS
"NVIDIA GeForce RTX 4090",89,12080,20261178,fused_int4,17,256,bf16,1,256,3,0,64,20,2.108800039,PASS
"NVIDIA GeForce RTX 4090",89,12080,20261178,fused_int4,17,256,bf16,1,32,4,0,64,20,1.928799972,PASS
"NVIDIA GeForce RTX 4090",89,12080,20261178,fused_int4,17,256,bf16,1,64,4,1,64,20,1.937500015,PASS
"NVIDIA GeForce RTX 4090",89,12080,20261178,fused_int4,17,256,bf16,1,128,4,2,64,20,1.96480006,PASS
"NVIDIA GeForce RTX 4090",89,12080,20261178,fused_int4,17,256,bf16,1,256,4,3,64,20,2.109600045,PASS
"NVIDIA GeForce RTX 4090",89,12080,20261178,transform,17,256,bf16,0.0625,32,0,0,64,20,0.9767999873,PASS
"NVIDIA GeForce RTX 4090",89,12080,20261178,transform,17,256,bf16,0.0625,64,0,1,64,20,0.9814750403,PASS
"NVIDIA GeForce RTX 4090",89,12080,20261178,transform,17,256,bf16,0.0625,128,0,2,64,20,1.006400026,PASS
"NVIDIA GeForce RTX 4090",89,12080,20261178,transform,17,256,bf16,0.0625,256,0,3,64,20,1.148799993,PASS
"NVIDIA GeForce RTX 4090",89,12080,20261178,transform,17,256,bf16,0.0625,32,1,1,64,20,0.9751999751,PASS
"NVIDIA GeForce RTX 4090",89,12080,20261178,transform,17,256,bf16,0.0625,64,1,0,64,20,0.9816000238,PASS
"NVIDIA GeForce RTX 4090",89,12080,20261178,transform,17,256,bf16,0.0625,128,1,3,64,20,1.006400026,PASS
"NVIDIA GeForce RTX 4090",89,12080,20261178,transform,17,256,bf16,0.0625,256,1,2,64,20,1.149599999,PASS
"NVIDIA GeForce RTX 4090",89,12080,20261178,transform,17,256,bf16,0.0625,32,2,2,64,20,0.9759999812,PASS
"NVIDIA GeForce RTX 4090",89,12080,20261178,transform,17,256,bf16,0.0625,64,2,3,64,20,0.9807500057,PASS
"NVIDIA GeForce RTX 4090",89,12080,20261178,transform,17,256,bf16,0.0625,128,2,0,64,20,1.006400026,PASS
"NVIDIA GeForce RTX 4090",89,12080,20261178,transform,17,256,bf16,0.0625,256,2,1,64,20,1.149599999,PASS
"NVIDIA GeForce RTX 4090",89,12080,20261178,transform,17,256,bf16,0.0625,32,3,3,64,20,0.9759999812,PASS
"NVIDIA GeForce RTX 4090",89,12080,20261178,transform,17,256,bf16,0.0625,64,3,2,64,20,0.9808000177,PASS
"NVIDIA GeForce RTX 4090",89,12080,20261178,transform,17,256,bf16,0.0625,128,3,1,64,20,1.00560002,PASS
"NVIDIA GeForce RTX 4090",89,12080,20261178,transform,17,256,bf16,0.0625,256,3,0,64,20,1.148799993,PASS
"NVIDIA GeForce RTX 4090",89,12080,20261178,transform,17,256,bf16,0.0625,32,4,0,64,20,0.9775999933,PASS
"NVIDIA GeForce RTX 4090",89,12080,20261178,transform,17,256,bf16,0.0625,64,4,1,64,20,0.9831000119,PASS
"NVIDIA GeForce RTX 4090",89,12080,20261178,transform,17,256,bf16,0.0625,128,4,2,64,20,1.008000039,PASS
"NVIDIA GeForce RTX 4090",89,12080,20261178,transform,17,256,bf16,0.0625,256,4,3,64,20,1.149599999,PASS
"NVIDIA GeForce RTX 4090",89,12080,20261178,fused_int4,17,256,bf16,0.0625,32,0,0,64,20,1.929599978,PASS
"NVIDIA GeForce RTX 4090",89,12080,20261178,fused_int4,17,256,bf16,0.0625,64,0,1,64,20,1.936800033,PASS
"NVIDIA GeForce RTX 4090",89,12080,20261178,fused_int4,17,256,bf16,0.0625,128,0,2,64,20,1.96480006,PASS
"NVIDIA GeForce RTX 4090",89,12080,20261178,fused_int4,17,256,bf16,0.0625,256,0,3,64,20,2.108800039,PASS
"NVIDIA GeForce RTX 4090",89,12080,20261178,fused_int4,17,256,bf16,0.0625,32,1,1,64,20,1.927999966,PASS
"NVIDIA GeForce RTX 4090",89,12080,20261178,fused_int4,17,256,bf16,0.0625,64,1,0,64,20,1.936800033,PASS
"NVIDIA GeForce RTX 4090",89,12080,20261178,fused_int4,17,256,bf16,0.0625,128,1,3,64,20,1.96480006,PASS
"NVIDIA GeForce RTX 4090",89,12080,20261178,fused_int4,17,256,bf16,0.0625,256,1,2,64,20,2.109600045,PASS
"NVIDIA GeForce RTX 4090",89,12080,20261178,fused_int4,17,256,bf16,0.0625,32,2,2,64,20,1.928799972,PASS
"NVIDIA GeForce RTX 4090",89,12080,20261178,fused_int4,17,256,bf16,0.0625,64,2,3,64,20,1.937600039,PASS
"NVIDIA GeForce RTX 4090",89,12080,20261178,fused_int4,17,256,bf16,0.0625,128,2,0,64,20,1.96480006,PASS
"NVIDIA GeForce RTX 4090",89,12080,20261178,fused_int4,17,256,bf16,0.0625,256,2,1,64,20,2.108800039,PASS
"NVIDIA GeForce RTX 4090",89,12080,20261178,fused_int4,17,256,bf16,0.0625,32,3,3,64,20,1.927999966,PASS
"NVIDIA GeForce RTX 4090",89,12080,20261178,fused_int4,17,256,bf16,0.0625,64,3,2,64,20,1.936800033,PASS
"NVIDIA GeForce RTX 4090",89,12080,20261178,fused_int4,17,256,bf16,0.0625,128,3,1,64,20,1.96480006,PASS
"NVIDIA GeForce RTX 4090",89,12080,20261178,fused_int4,17,256,bf16,0.0625,256,3,0,64,20,2.109600045,PASS
"NVIDIA GeForce RTX 4090",89,12080,20261178,fused_int4,17,256,bf16,0.0625,32,4,0,64,20,1.927999966,PASS
"NVIDIA GeForce RTX 4090",89,12080,20261178,fused_int4,17,256,bf16,0.0625,64,4,1,64,20,1.937475055,PASS
"NVIDIA GeForce RTX 4090",89,12080,20261178,fused_int4,17,256,bf16,0.0625,128,4,2,64,20,1.96480006,PASS
"NVIDIA GeForce RTX 4090",89,12080,20261178,fused_int4,17,256,bf16,0.0625,256,4,3,64,20,2.109600045,PASS
"NVIDIA GeForce RTX 4090",89,12080,20265257,transform,4096,256,bf16,1,32,0,0,64,20,3.06560006,PASS
"NVIDIA GeForce RTX 4090",89,12080,20265257,transform,4096,256,bf16,1,64,0,1,64,20,2.44880002,PASS
"NVIDIA GeForce RTX 4090",89,12080,20265257,transform,4096,256,bf16,1,128,0,2,64,20,2.446250059,PASS
"NVIDIA GeForce RTX 4090",89,12080,20265257,transform,4096,256,bf16,1,256,0,3,64,20,2.397600003,PASS
"NVIDIA GeForce RTX 4090",89,12080,20265257,transform,4096,256,bf16,1,32,1,1,64,20,3.07039991,PASS
"NVIDIA GeForce RTX 4090",89,12080,20265257,transform,4096,256,bf16,1,64,1,0,64,20,2.449600026,PASS
"NVIDIA GeForce RTX 4090",89,12080,20265257,transform,4096,256,bf16,1,128,1,3,64,20,2.446400002,PASS
"NVIDIA GeForce RTX 4090",89,12080,20265257,transform,4096,256,bf16,1,256,1,2,64,20,2.396799996,PASS
"NVIDIA GeForce RTX 4090",89,12080,20265257,transform,4096,256,bf16,1,32,2,2,64,20,3.072799928,PASS
"NVIDIA GeForce RTX 4090",89,12080,20265257,transform,4096,256,bf16,1,64,2,3,64,20,2.450400032,PASS
"NVIDIA GeForce RTX 4090",89,12080,20265257,transform,4096,256,bf16,1,128,2,0,64,20,2.447200008,PASS
"NVIDIA GeForce RTX 4090",89,12080,20265257,transform,4096,256,bf16,1,256,2,1,64,20,2.397575043,PASS
"NVIDIA GeForce RTX 4090",89,12080,20265257,transform,4096,256,bf16,1,32,3,3,64,20,3.071199916,PASS
"NVIDIA GeForce RTX 4090",89,12080,20265257,transform,4096,256,bf16,1,64,3,2,64,20,2.44880002,PASS
"NVIDIA GeForce RTX 4090",89,12080,20265257,transform,4096,256,bf16,1,128,3,1,64,20,2.445599996,PASS
"NVIDIA GeForce RTX 4090",89,12080,20265257,transform,4096,256,bf16,1,256,3,0,64,20,2.39599999,PASS
"NVIDIA GeForce RTX 4090",89,12080,20265257,transform,4096,256,bf16,1,32,4,0,64,20,3.072674945,PASS
"NVIDIA GeForce RTX 4090",89,12080,20265257,transform,4096,256,bf16,1,64,4,1,64,20,2.449600026,PASS
"NVIDIA GeForce RTX 4090",89,12080,20265257,transform,4096,256,bf16,1,128,4,2,64,20,2.446375042,PASS
"NVIDIA GeForce RTX 4090",89,12080,20265257,transform,4096,256,bf16,1,256,4,3,64,20,2.396799996,PASS
"NVIDIA GeForce RTX 4090",89,12080,20265257,fused_int4,4096,256,bf16,1,32,0,0,64,20,3.520800173,PASS
"NVIDIA GeForce RTX 4090",89,12080,20265257,fused_int4,4096,256,bf16,1,64,0,1,64,20,3.071999922,PASS
"NVIDIA GeForce RTX 4090",89,12080,20265257,fused_int4,4096,256,bf16,1,128,0,2,64,20,3.037600033,PASS
"NVIDIA GeForce RTX 4090",89,12080,20265257,fused_int4,4096,256,bf16,1,256,0,3,64,20,3.065475076,PASS
"NVIDIA GeForce RTX 4090",89,12080,20265257,fused_int4,4096,256,bf16,1,32,1,1,64,20,3.527199849,PASS
"NVIDIA GeForce RTX 4090",89,12080,20265257,fused_int4,4096,256,bf16,1,64,1,0,64,20,3.074399941,PASS
"NVIDIA GeForce RTX 4090",89,12080,20265257,fused_int4,4096,256,bf16,1,128,1,3,64,20,3.044000082,PASS
"NVIDIA GeForce RTX 4090",89,12080,20265257,fused_int4,4096,256,bf16,1,256,1,2,64,20,3.067200072,PASS
"NVIDIA GeForce RTX 4090",89,12080,20265257,fused_int4,4096,256,bf16,1,32,2,2,64,20,3.527199849,PASS
"NVIDIA GeForce RTX 4090",89,12080,20265257,fused_int4,4096,256,bf16,1,64,2,3,64,20,3.077525087,PASS
"NVIDIA GeForce RTX 4090",89,12080,20265257,fused_int4,4096,256,bf16,1,128,2,0,64,20,3.041600063,PASS
"NVIDIA GeForce RTX 4090",89,12080,20265257,fused_int4,4096,256,bf16,1,256,2,1,64,20,3.068000078,PASS
"NVIDIA GeForce RTX 4090",89,12080,20265257,fused_int4,4096,256,bf16,1,32,3,3,64,20,3.528000042,PASS
"NVIDIA GeForce RTX 4090",89,12080,20265257,fused_int4,4096,256,bf16,1,64,3,2,64,20,3.077599965,PASS
"NVIDIA GeForce RTX 4090",89,12080,20265257,fused_int4,4096,256,bf16,1,128,3,1,64,20,3.043200076,PASS
"NVIDIA GeForce RTX 4090",89,12080,20265257,fused_int4,4096,256,bf16,1,256,3,0,64,20,3.068000078,PASS
"NVIDIA GeForce RTX 4090",89,12080,20265257,fused_int4,4096,256,bf16,1,32,4,0,64,20,3.528774902,PASS
"NVIDIA GeForce RTX 4090",89,12080,20265257,fused_int4,4096,256,bf16,1,64,4,1,64,20,3.089600056,PASS
"NVIDIA GeForce RTX 4090",89,12080,20265257,fused_int4,4096,256,bf16,1,128,4,2,64,20,3.055999987,PASS
"NVIDIA GeForce RTX 4090",89,12080,20265257,fused_int4,4096,256,bf16,1,256,4,3,64,20,3.081599995,PASS
"NVIDIA GeForce RTX 4090",89,12080,20265257,transform,4096,256,bf16,0.0625,32,0,0,64,20,3.06960009,PASS
"NVIDIA GeForce RTX 4090",89,12080,20265257,transform,4096,256,bf16,0.0625,64,0,1,64,20,2.450400032,PASS
"NVIDIA GeForce RTX 4090",89,12080,20265257,transform,4096,256,bf16,0.0625,128,0,2,64,20,2.449600026,PASS
"NVIDIA GeForce RTX 4090",89,12080,20265257,transform,4096,256,bf16,0.0625,256,0,3,64,20,2.399975061,PASS
"NVIDIA GeForce RTX 4090",89,12080,20265257,transform,4096,256,bf16,0.0625,32,1,1,64,20,3.07275001,PASS
"NVIDIA GeForce RTX 4090",89,12080,20265257,transform,4096,256,bf16,0.0625,64,1,0,64,20,2.451149933,PASS
"NVIDIA GeForce RTX 4090",89,12080,20265257,transform,4096,256,bf16,0.0625,128,1,3,64,20,2.444799989,PASS
"NVIDIA GeForce RTX 4090",89,12080,20265257,transform,4096,256,bf16,0.0625,256,1,2,64,20,2.397600003,PASS
"NVIDIA GeForce RTX 4090",89,12080,20265257,transform,4096,256,bf16,0.0625,32,2,2,64,20,3.071925044,PASS
"NVIDIA GeForce RTX 4090",89,12080,20265257,transform,4096,256,bf16,0.0625,64,2,3,64,20,2.453600056,PASS
"NVIDIA GeForce RTX 4090",89,12080,20265257,transform,4096,256,bf16,0.0625,128,2,0,64,20,2.444799989,PASS
"NVIDIA GeForce RTX 4090",89,12080,20265257,transform,4096,256,bf16,0.0625,256,2,1,64,20,2.396799996,PASS
"NVIDIA GeForce RTX 4090",89,12080,20265257,transform,4096,256,bf16,0.0625,32,3,3,64,20,3.072799928,PASS
"NVIDIA GeForce RTX 4090",89,12080,20265257,transform,4096,256,bf16,0.0625,64,3,2,64,20,2.453600056,PASS
"NVIDIA GeForce RTX 4090",89,12080,20265257,transform,4096,256,bf16,0.0625,128,3,1,64,20,2.449600026,PASS
"NVIDIA GeForce RTX 4090",89,12080,20265257,transform,4096,256,bf16,0.0625,256,3,0,64,20,2.400800027,PASS
"NVIDIA GeForce RTX 4090",89,12080,20265257,transform,4096,256,bf16,0.0625,32,4,0,64,20,3.071199916,PASS
"NVIDIA GeForce RTX 4090",89,12080,20265257,transform,4096,256,bf16,0.0625,64,4,1,64,20,2.449500002,PASS
"NVIDIA GeForce RTX 4090",89,12080,20265257,transform,4096,256,bf16,0.0625,128,4,2,64,20,2.446400002,PASS
"NVIDIA GeForce RTX 4090",89,12080,20265257,transform,4096,256,bf16,0.0625,256,4,3,64,20,2.39599999,PASS
"NVIDIA GeForce RTX 4090",89,12080,20265257,fused_int4,4096,256,bf16,0.0625,32,0,0,64,20,3.519200161,PASS
"NVIDIA GeForce RTX 4090",89,12080,20265257,fused_int4,4096,256,bf16,0.0625,64,0,1,64,20,3.071999922,PASS
"NVIDIA GeForce RTX 4090",89,12080,20265257,fused_int4,4096,256,bf16,0.0625,128,0,2,64,20,3.038349934,PASS
"NVIDIA GeForce RTX 4090",89,12080,20265257,fused_int4,4096,256,bf16,0.0625,256,0,3,64,20,3.064800054,PASS
"NVIDIA GeForce RTX 4090",89,12080,20265257,fused_int4,4096,256,bf16,0.0625,32,1,1,64,20,3.523999825,PASS
"NVIDIA GeForce RTX 4090",89,12080,20265257,fused_int4,4096,256,bf16,0.0625,64,1,0,64,20,3.074399941,PASS
"NVIDIA GeForce RTX 4090",89,12080,20265257,fused_int4,4096,256,bf16,0.0625,128,1,3,64,20,3.040000051,PASS
"NVIDIA GeForce RTX 4090",89,12080,20265257,fused_int4,4096,256,bf16,0.0625,256,1,2,64,20,3.06560006,PASS
"NVIDIA GeForce RTX 4090",89,12080,20265257,fused_int4,4096,256,bf16,0.0625,32,2,2,64,20,3.530324996,PASS
"NVIDIA GeForce RTX 4090",89,12080,20265257,fused_int4,4096,256,bf16,0.0625,64,2,3,64,20,3.077599965,PASS
"NVIDIA GeForce RTX 4090",89,12080,20265257,fused_int4,4096,256,bf16,0.0625,128,2,0,64,20,3.041600063,PASS
"NVIDIA GeForce RTX 4090",89,12080,20265257,fused_int4,4096,256,bf16,0.0625,256,2,1,64,20,3.068000078,PASS
"NVIDIA GeForce RTX 4090",89,12080,20265257,fused_int4,4096,256,bf16,0.0625,32,3,3,64,20,3.525599837,PASS
"NVIDIA GeForce RTX 4090",89,12080,20265257,fused_int4,4096,256,bf16,0.0625,64,3,2,64,20,3.076699935,PASS
"NVIDIA GeForce RTX 4090",89,12080,20265257,fused_int4,4096,256,bf16,0.0625,128,3,1,64,20,3.04240007,PASS
"NVIDIA GeForce RTX 4090",89,12080,20265257,fused_int4,4096,256,bf16,0.0625,256,3,0,64,20,3.067974932,PASS
"NVIDIA GeForce RTX 4090",89,12080,20265257,fused_int4,4096,256,bf16,0.0625,32,4,0,64,20,3.528000042,PASS
"NVIDIA GeForce RTX 4090",89,12080,20265257,fused_int4,4096,256,bf16,0.0625,64,4,1,64,20,3.086400032,PASS
"NVIDIA GeForce RTX 4090",89,12080,20265257,fused_int4,4096,256,bf16,0.0625,128,4,2,64,20,3.043200076,PASS
"NVIDIA GeForce RTX 4090",89,12080,20265257,fused_int4,4096,256,bf16,0.0625,256,4,3,64,20,3.068749979,PASS
"NVIDIA GeForce RTX 4090",89,12080,20277545,transform,16384,256,bf16,1,32,0,0,64,20,8.804000169,PASS
"NVIDIA GeForce RTX 4090",89,12080,20277545,transform,16384,256,bf16,1,64,0,1,64,20,6.761600077,PASS
"NVIDIA GeForce RTX 4090",89,12080,20277545,transform,16384,256,bf16,1,128,0,2,64,20,6.737550348,PASS
"NVIDIA GeForce RTX 4090",89,12080,20277545,transform,16384,256,bf16,1,256,0,3,64,20,6.705600023,PASS
"NVIDIA GeForce RTX 4090",89,12080,20277545,transform,16384,256,bf16,1,32,1,1,64,20,8.825600147,PASS
"NVIDIA GeForce RTX 4090",89,12080,20277545,transform,16384,256,bf16,1,64,1,0,64,20,6.767199934,PASS
"NVIDIA GeForce RTX 4090",89,12080,20277545,transform,16384,256,bf16,1,128,1,3,64,20,6.725600362,PASS
"NVIDIA GeForce RTX 4090",89,12080,20277545,transform,16384,256,bf16,1,256,1,2,64,20,6.716799736,PASS
"NVIDIA GeForce RTX 4090",89,12080,20277545,transform,16384,256,bf16,1,32,2,2,64,20,8.808799833,PASS
"NVIDIA GeForce RTX 4090",89,12080,20277545,transform,16384,256,bf16,1,64,2,3,64,20,6.751199812,PASS
"NVIDIA GeForce RTX 4090",89,12080,20277545,transform,16384,256,bf16,1,128,2,0,64,20,6.73519969,PASS
"NVIDIA GeForce RTX 4090",89,12080,20277545,transform,16384,256,bf16,1,256,2,1,64,20,6.695199758,PASS
"NVIDIA GeForce RTX 4090",89,12080,20277545,transform,16384,256,bf16,1,32,3,3,64,20,8.811999857,PASS
"NVIDIA GeForce RTX 4090",89,12080,20277545,transform,16384,256,bf16,1,64,3,2,64,20,6.756000221,PASS
"NVIDIA GeForce RTX 4090",89,12080,20277545,transform,16384,256,bf16,1,128,3,1,64,20,6.730400026,PASS
"NVIDIA GeForce RTX 4090",89,12080,20277545,transform,16384,256,bf16,1,256,3,0,64,20,6.693600118,PASS
"NVIDIA GeForce RTX 4090",89,12080,20277545,transform,16384,256,bf16,1,32,4,0,64,20,8.809600025,PASS
"NVIDIA GeForce RTX 4090",89,12080,20277545,transform,16384,256,bf16,1,64,4,1,64,20,6.749600172,PASS
"NVIDIA GeForce RTX 4090",89,12080,20277545,transform,16384,256,bf16,1,128,4,2,64,20,6.727200001,PASS
"NVIDIA GeForce RTX 4090",89,12080,20277545,transform,16384,256,bf16,1,256,4,3,64,20,6.696800143,PASS
"NVIDIA GeForce RTX 4090",89,12080,20277545,fused_int4,16384,256,bf16,1,32,0,0,64,20,9.232799709,PASS
"NVIDIA GeForce RTX 4090",89,12080,20277545,fused_int4,16384,256,bf16,1,64,0,1,64,20,8.611200005,PASS
"NVIDIA GeForce RTX 4090",89,12080,20277545,fused_int4,16384,256,bf16,1,128,0,2,64,20,8.613599837,PASS
"NVIDIA GeForce RTX 4090",89,12080,20277545,fused_int4,16384,256,bf16,1,256,0,3,64,20,8.526399732,PASS
"NVIDIA GeForce RTX 4090",89,12080,20277545,fused_int4,16384,256,bf16,1,32,1,1,64,20,9.375099838,PASS
"NVIDIA GeForce RTX 4090",89,12080,20277545,fused_int4,16384,256,bf16,1,64,1,0,64,20,8.608724922,PASS
"NVIDIA GeForce RTX 4090",89,12080,20277545,fused_int4,16384,256,bf16,1,128,1,3,64,20,8.580800146,PASS
"NVIDIA GeForce RTX 4090",89,12080,20277545,fused_int4,16384,256,bf16,1,256,1,2,64,20,8.497600257,PASS
"NVIDIA GeForce RTX 4090",89,12080,20277545,fused_int4,16384,256,bf16,1,32,2,2,64,20,9.487999976,PASS
"NVIDIA GeForce RTX 4090",89,12080,20277545,fused_int4,16384,256,bf16,1,64,2,3,64,20,8.735200018,PASS
"NVIDIA GeForce RTX 4090",89,12080,20277545,fused_int4,16384,256,bf16,1,128,2,0,64,20,8.583199978,PASS
"NVIDIA GeForce RTX 4090",89,12080,20277545,fused_int4,16384,256,bf16,1,256,2,1,64,20,8.554250002,PASS
"NVIDIA GeForce RTX 4090",89,12080,20277545,fused_int4,16384,256,bf16,1,32,3,3,64,20,9.463199973,PASS
"NVIDIA GeForce RTX 4090",89,12080,20277545,fused_int4,16384,256,bf16,1,64,3,2,64,20,8.719874918,PASS
"NVIDIA GeForce RTX 4090",89,12080,20277545,fused_int4,16384,256,bf16,1,128,3,1,64,20,8.618350327,PASS
"NVIDIA GeForce RTX 4090",89,12080,20277545,fused_int4,16384,256,bf16,1,256,3,0,64,20,8.578400314,PASS
"NVIDIA GeForce RTX 4090",89,12080,20277545,fused_int4,16384,256,bf16,1,32,4,0,64,20,9.468799829,PASS
"NVIDIA GeForce RTX 4090",89,12080,20277545,fused_int4,16384,256,bf16,1,64,4,1,64,20,8.656799793,PASS
"NVIDIA GeForce RTX 4090",89,12080,20277545,fused_int4,16384,256,bf16,1,128,4,2,64,20,8.54799971,PASS
"NVIDIA GeForce RTX 4090",89,12080,20277545,fused_int4,16384,256,bf16,1,256,4,3,64,20,8.578400314,PASS
"NVIDIA GeForce RTX 4090",89,12080,20277545,transform,16384,256,bf16,0.0625,32,0,0,64,20,8.787199855,PASS
"NVIDIA GeForce RTX 4090",89,12080,20277545,transform,16384,256,bf16,0.0625,64,0,1,64,20,6.74720034,PASS
"NVIDIA GeForce RTX 4090",89,12080,20277545,transform,16384,256,bf16,0.0625,128,0,2,64,20,6.724800169,PASS
"NVIDIA GeForce RTX 4090",89,12080,20277545,transform,16384,256,bf16,0.0625,256,0,3,64,20,6.69509992,PASS
"NVIDIA GeForce RTX 4090",89,12080,20277545,transform,16384,256,bf16,0.0625,32,1,1,64,20,8.78880024,PASS
"NVIDIA GeForce RTX 4090",89,12080,20277545,transform,16384,256,bf16,0.0625,64,1,0,64,20,6.754399836,PASS
"NVIDIA GeForce RTX 4090",89,12080,20277545,transform,16384,256,bf16,0.0625,128,1,3,64,20,6.742399931,PASS
"NVIDIA GeForce RTX 4090",89,12080,20277545,transform,16384,256,bf16,0.0625,256,1,2,64,20,6.689599901,PASS
"NVIDIA GeForce RTX 4090",89,12080,20277545,transform,16384,256,bf16,0.0625,32,2,2,64,20,8.81190002,PASS
"NVIDIA GeForce RTX 4090",89,12080,20277545,transform,16384,256,bf16,0.0625,64,2,3,64,20,6.765600294,PASS
"NVIDIA GeForce RTX 4090",89,12080,20277545,transform,16384,256,bf16,0.0625,128,2,0,64,20,6.739199907,PASS
"NVIDIA GeForce RTX 4090",89,12080,20277545,transform,16384,256,bf16,0.0625,256,2,1,64,20,6.710399687,PASS
"NVIDIA GeForce RTX 4090",89,12080,20277545,transform,16384,256,bf16,0.0625,32,3,3,64,20,8.808799833,PASS
"NVIDIA GeForce RTX 4090",89,12080,20277545,transform,16384,256,bf16,0.0625,64,3,2,64,20,6.770399958,PASS
"NVIDIA GeForce RTX 4090",89,12080,20277545,transform,16384,256,bf16,0.0625,128,3,1,64,20,6.741599739,PASS
"NVIDIA GeForce RTX 4090",89,12080,20277545,transform,16384,256,bf16,0.0625,256,3,0,64,20,6.708800048,PASS
"NVIDIA GeForce RTX 4090",89,12080,20277545,transform,16384,256,bf16,0.0625,32,4,0,64,20,8.818324655,PASS
"NVIDIA GeForce RTX 4090",89,12080,20277545,transform,16384,256,bf16,0.0625,64,4,1,64,20,6.767199934,PASS
"NVIDIA GeForce RTX 4090",89,12080,20277545,transform,16384,256,bf16,0.0625,128,4,2,64,20,6.739199907,PASS
"NVIDIA GeForce RTX 4090",89,12080,20277545,transform,16384,256,bf16,0.0625,256,4,3,64,20,6.710325181,PASS
"NVIDIA GeForce RTX 4090",89,12080,20277545,fused_int4,16384,256,bf16,0.0625,32,0,0,64,20,9.247975051,PASS
"NVIDIA GeForce RTX 4090",89,12080,20277545,fused_int4,16384,256,bf16,0.0625,64,0,1,64,20,8.528000116,PASS
"NVIDIA GeForce RTX 4090",89,12080,20277545,fused_int4,16384,256,bf16,0.0625,128,0,2,64,20,8.467199653,PASS
"NVIDIA GeForce RTX 4090",89,12080,20277545,fused_int4,16384,256,bf16,0.0625,256,0,3,64,20,8.432800323,PASS
"NVIDIA GeForce RTX 4090",89,12080,20277545,fused_int4,16384,256,bf16,0.0625,32,1,1,64,20,9.370300174,PASS
"NVIDIA GeForce RTX 4090",89,12080,20277545,fused_int4,16384,256,bf16,0.0625,64,1,0,64,20,8.558399975,PASS
"NVIDIA GeForce RTX 4090",89,12080,20277545,fused_int4,16384,256,bf16,0.0625,128,1,3,64,20,8.670400083,PASS
"NVIDIA GeForce RTX 4090",89,12080,20277545,fused_int4,16384,256,bf16,0.0625,256,1,2,64,20,8.62160027,PASS
"NVIDIA GeForce RTX 4090",89,12080,20277545,fused_int4,16384,256,bf16,0.0625,32,2,2,64,20,9.499199688,PASS
"NVIDIA GeForce RTX 4090",89,12080,20277545,fused_int4,16384,256,bf16,0.0625,64,2,3,64,20,8.679124713,PASS
"NVIDIA GeForce RTX 4090",89,12080,20277545,fused_int4,16384,256,bf16,0.0625,128,2,0,64,20,8.679199964,PASS
"NVIDIA GeForce RTX 4090",89,12080,20277545,fused_int4,16384,256,bf16,0.0625,256,2,1,64,20,8.64560008,PASS
"NVIDIA GeForce RTX 4090",89,12080,20277545,fused_int4,16384,256,bf16,0.0625,32,3,3,64,20,9.46720019,PASS
"NVIDIA GeForce RTX 4090",89,12080,20277545,fused_int4,16384,256,bf16,0.0625,64,3,2,64,20,8.710350096,PASS
"NVIDIA GeForce RTX 4090",89,12080,20277545,fused_int4,16384,256,bf16,0.0625,128,3,1,64,20,8.547200263,PASS
"NVIDIA GeForce RTX 4090",89,12080,20277545,fused_int4,16384,256,bf16,0.0625,256,3,0,64,20,8.495999873,PASS
"NVIDIA GeForce RTX 4090",89,12080,20277545,fused_int4,16384,256,bf16,0.0625,32,4,0,64,20,9.465599805,PASS
"NVIDIA GeForce RTX 4090",89,12080,20277545,fused_int4,16384,256,bf16,0.0625,64,4,1,64,20,8.62160027,PASS
"NVIDIA GeForce RTX 4090",89,12080,20277545,fused_int4,16384,256,bf16,0.0625,128,4,2,64,20,8.535200357,PASS
"NVIDIA GeForce RTX 4090",89,12080,20277545,fused_int4,16384,256,bf16,0.0625,256,4,3,64,20,8.567199856,PASS
