dtype,batch,seq,heads,dim,rows,method,group,order,repeats,kernel_us,logical_io_bytes,logical_GBs,input_working_set_bytes,seed,input_read_only,scale
fp16,1,1,1,64,1,baseline_transform,0,0,100,15.6799995899,256,0.0163265310392,128,2909,true,1
fp16,1,1,1,64,1,optimized_transform,0,1,100,15.5711996555,256,0.0164406086662,128,2909,true,1
fp16,1,1,1,64,1,baseline_split,0,2,100,35.1167988777,420,0.0119600878617,128,2909,true,1
fp16,1,1,1,64,1,optimized_split,0,3,100,30.8543992043,420,0.0136123214463,128,2909,true,1
fp16,1,1,1,64,1,baseline_fused,0,4,100,22.0032000542,164,0.00745346129637,128,2909,true,1
fp16,1,1,1,64,1,optimized_fused,0,5,100,18.0032002926,164,0.00910949149788,128,2909,true,1
fp16,1,1,1,64,1,warp32_transform,0,6,100,15.232000351,256,0.0168067223018,128,2909,true,1
fp16,1,1,1,64,1,warp32_split,0,7,100,29.587199688,420,0.014195327859,128,2909,true,1
fp16,1,1,1,64,1,warp32_fused,0,8,100,15.2768003941,164,0.0107352322325,128,2909,true,1
fp16,1,1,1,64,1,optimized_transform,1,0,100,15.5648005009,256,0.0164473678918,128,2909,true,1
fp16,1,1,1,64,1,baseline_split,1,1,100,35.276799202,420,0.011905842069,128,2909,true,1
fp16,1,1,1,64,1,optimized_split,1,2,100,30.8671998978,420,0.0136066763876,128,2909,true,1
fp16,1,1,1,64,1,baseline_fused,1,3,100,22.0415997505,164,0.00744047627469,128,2909,true,1
fp16,1,1,1,64,1,optimized_fused,1,4,100,17.945599556,164,0.00913873061129,128,2909,true,1
fp16,1,1,1,64,1,warp32_transform,1,5,100,15.2512001991,256,0.0167855641954,128,2909,true,1
fp16,1,1,1,64,1,warp32_split,1,6,100,29.8304009438,420,0.0140795962076,128,2909,true,1
fp16,1,1,1,64,1,warp32_fused,1,7,100,15.2576005459,164,0.0107487412262,128,2909,true,1
fp16,1,1,1,64,1,baseline_transform,1,8,100,15.724799633,256,0.0162800166599,128,2909,true,1
fp16,1,1,1,64,1,baseline_split,2,0,100,35.4047989845,420,0.0118627986049,128,2909,true,1
fp16,1,1,1,64,1,optimized_split,2,1,100,31.0335993767,420,0.0135337185643,128,2909,true,1
fp16,1,1,1,64,1,baseline_fused,2,2,100,22.1119999886,164,0.00741678726867,128,2909,true,1
fp16,1,1,1,64,1,optimized_fused,2,3,100,17.8815996647,164,0.0091714389694,128,2909,true,1
fp16,1,1,1,64,1,warp32_transform,2,4,100,15.1999998093,256,0.0168421054745,128,2909,true,1
fp16,1,1,1,64,1,warp32_split,2,5,100,29.8496007919,420,0.0140705399354,128,2909,true,1
fp16,1,1,1,64,1,warp32_fused,2,6,100,15.1999998093,164,0.0107894738196,128,2909,true,1
fp16,1,1,1,64,1,baseline_transform,2,7,100,15.6607997417,256,0.0163465470616,128,2909,true,1
fp16,1,1,1,64,1,optimized_transform,2,8,100,15.5200004578,256,0.0164948448743,128,2909,true,1
fp16,1,1,1,64,1,optimized_split,3,0,100,31.0335993767,420,0.0135337185643,128,2909,true,1
fp16,1,1,1,64,1,baseline_fused,3,1,100,22.0736002922,164,0.0074296896668,128,2909,true,1
fp16,1,1,1,64,1,optimized_fused,3,2,100,17.8944003582,164,0.00916487821425,128,2909,true,1
fp16,1,1,1,64,1,warp32_transform,3,3,100,15.1999998093,256,0.0168421054745,128,2909,true,1
fp16,1,1,1,64,1,warp32_split,3,4,100,29.8431992531,420,0.0140735581476,128,2909,true,1
fp16,1,1,1,64,1,warp32_fused,3,5,100,15.2383995056,164,0.0107622851035,128,2909,true,1
fp16,1,1,1,64,1,baseline_transform,3,6,100,15.6224000454,256,0.0163867267037,128,2909,true,1
fp16,1,1,1,64,1,optimized_transform,3,7,100,15.5392003059,256,0.0164744642555,128,2909,true,1
fp16,1,1,1,64,1,baseline_split,3,8,100,35.3983998299,420,0.0118649431053,128,2909,true,1
fp16,1,1,1,64,1,baseline_fused,4,0,100,22.0352005959,164,0.00744263703371,128,2909,true,1
fp16,1,1,1,64,1,optimized_fused,4,1,100,17.9584002495,164,0.00913221655168,128,2909,true,1
fp16,1,1,1,64,1,warp32_transform,4,2,100,15.2831995487,256,0.0167504192551,128,2909,true,1
fp16,1,1,1,64,1,warp32_split,4,3,100,29.9456000328,420,0.0140254327694,128,2909,true,1
fp16,1,1,1,64,1,warp32_fused,4,4,100,15.2831995487,164,0.0107307373353,128,2909,true,1
fp16,1,1,1,64,1,baseline_transform,4,5,100,15.7311999798,256,0.0162733930234,128,2909,true,1
fp16,1,1,1,64,1,optimized_transform,4,6,100,15.5071997643,256,0.016508460837,128,2909,true,1
fp16,1,1,1,64,1,baseline_split,4,7,100,35.3920006752,420,0.0118670883812,128,2909,true,1
fp16,1,1,1,64,1,optimized_split,4,8,100,31.0335993767,420,0.0135337185643,128,2909,true,1
fp16,1,17,1,64,17,baseline_transform,0,0,100,17.427200079,4352,0.249724567359,2176,2909,true,1
fp16,1,17,1,64,17,optimized_transform,0,1,100,17.0560002327,4352,0.255159471191,2176,2909,true,1
fp16,1,17,1,64,17,baseline_split,0,2,100,38.3039999008,7140,0.186403509255,2176,2909,true,1
fp16,1,17,1,64,17,optimized_split,0,3,100,34.1375994682,7140,0.209153546565,2176,2909,true,1
fp16,1,17,1,64,17,baseline_fused,0,4,100,23.6287999153,2788,0.11799160389,2176,2909,true,1
fp16,1,17,1,64,17,optimized_fused,0,5,100,19.3599998951,2788,0.144008265243,2176,2909,true,1
fp16,1,17,1,64,17,warp32_transform,0,6,100,18.1184005737,4352,0.240197802355,2176,2909,true,1
fp16,1,17,1,64,17,warp32_split,0,7,100,34.7519993782,7140,0.205455804781,2176,2909,true,1
fp16,1,17,1,64,17,warp32_fused,0,8,100,17.5935995579,2788,0.158466719151,2176,2909,true,1
fp16,1,17,1,64,17,optimized_transform,1,0,100,17.0560002327,4352,0.255159471191,2176,2909,true,1
fp16,1,17,1,64,17,baseline_split,1,1,100,38.4448003769,7140,0.185720823883,2176,2909,true,1
fp16,1,17,1,64,17,optimized_split,1,2,100,34.1504001617,7140,0.209075148935,2176,2909,true,1
fp16,1,17,1,64,17,baseline_fused,1,3,100,23.6287999153,2788,0.11799160389,2176,2909,true,1
fp16,1,17,1,64,17,optimized_fused,1,4,100,19.3599998951,2788,0.144008265243,2176,2909,true,1
fp16,1,17,1,64,17,warp32_transform,1,5,100,18.112000227,4352,0.240282682501,2176,2909,true,1
fp16,1,17,1,64,17,warp32_split,1,6,100,34.7648000717,7140,0.205380154215,2176,2909,true,1
fp16,1,17,1,64,17,warp32_fused,1,7,100,17.6127994061,2788,0.158293973361,2176,2909,true,1
fp16,1,17,1,64,17,baseline_transform,1,8,100,17.3375999928,4352,0.251015134841,2176,2909,true,1
fp16,1,17,1,64,17,baseline_split,2,0,100,38.4127998352,7140,0.185875542284,2176,2909,true,1
fp16,1,17,1,64,17,optimized_split,2,1,100,34.1504001617,7140,0.209075148935,2176,2909,true,1
fp16,1,17,1,64,17,baseline_fused,2,2,100,23.5840010643,2788,0.11821573415,2176,2909,true,1
fp16,1,17,1,64,17,optimized_fused,2,3,100,19.38560009,2788,0.143818091112,2176,2909,true,1
fp16,1,17,1,64,17,warp32_transform,2,4,100,17.945599556,4352,0.242510705002,2176,2909,true,1
fp16,1,17,1,64,17,warp32_split,2,5,100,34.8223996162,7140,0.205040436003,2176,2909,true,1
fp16,1,17,1,64,17,warp32_fused,2,6,100,17.5168001652,2788,0.159161489182,2176,2909,true,1
fp16,1,17,1,64,17,baseline_transform,2,7,100,17.3824000359,4352,0.250368187996,2176,2909,true,1
fp16,1,17,1,64,17,optimized_transform,2,8,100,17.0560002327,4352,0.255159471191,2176,2909,true,1
fp16,1,17,1,64,17,optimized_split,3,0,100,34.1312003136,7140,0.209192760126,2176,2909,true,1
fp16,1,17,1,64,17,baseline_fused,3,1,100,23.590400219,2788,0.118183666836,2176,2909,true,1
fp16,1,17,1,64,17,optimized_fused,3,2,100,19.3408000469,2788,0.144151224005,2176,2909,true,1
fp16,1,17,1,64,17,warp32_transform,3,3,100,17.9840004444,4352,0.241992876582,2176,2909,true,1
fp16,1,17,1,64,17,warp32_split,3,4,100,34.7968006134,7140,0.20519127834,2176,2909,true,1
fp16,1,17,1,64,17,warp32_fused,3,5,100,17.5168001652,2788,0.159161489182,2176,2909,true,1
fp16,1,17,1,64,17,baseline_transform,3,6,100,17.401599884,4352,0.250091947235,2176,2909,true,1
fp16,1,17,1,64,17,optimized_transform,3,7,100,16.9983994961,4352,0.256024103975,2176,2909,true,1
fp16,1,17,1,64,17,baseline_split,3,8,100,38.438398838,7140,0.185751753867,2176,2909,true,1
fp16,1,17,1,64,17,baseline_fused,4,0,100,23.6096000671,2788,0.118087557268,2176,2909,true,1
fp16,1,17,1,64,17,optimized_fused,4,1,100,19.3599998951,2788,0.144008265243,2176,2909,true,1
fp16,1,17,1,64,17,warp32_transform,4,2,100,18.1695997715,4352,0.239520961096,2176,2909,true,1
fp16,1,17,1,64,17,warp32_split,4,3,100,34.8927998543,7140,0.204626743334,2176,2909,true,1
fp16,1,17,1,64,17,warp32_fused,4,4,100,17.6191997528,2788,0.158236471526,2176,2909,true,1
fp16,1,17,1,64,17,baseline_transform,4,5,100,17.3440003395,4352,0.250922504313,2176,2909,true,1
fp16,1,17,1,64,17,optimized_transform,4,6,100,17.0687997341,4352,0.254968132956,2176,2909,true,1
fp16,1,17,1,64,17,baseline_split,4,7,100,38.4256005287,7140,0.185813621694,2176,2909,true,1
fp16,1,17,1,64,17,optimized_split,4,8,100,34.1504001617,7140,0.209075148935,2176,2909,true,1
fp16,1,257,1,64,257,baseline_transform,0,0,100,38.4895992279,65792,1.70934489628,32896,2909,true,1
fp16,1,257,1,64,257,optimized_transform,0,1,100,36.672000885,65792,1.79406627433,32896,2909,true,1
fp16,1,257,1,64,257,baseline_split,0,2,100,76.0640001297,107940,1.41906815071,32896,2909,true,1
fp16,1,257,1,64,257,optimized_split,0,3,100,71.4368009567,107940,1.51098591418,32896,2909,true,1
fp16,1,257,1,64,257,baseline_fused,0,4,100,42.0671987534,42148,1.00192076604,32896,2909,true,1
fp16,1,257,1,64,257,optimized_fused,0,5,100,37.4911999702,42148,1.12421048229,32896,2909,true,1
fp16,1,257,1,64,257,warp32_transform,0,6,100,21.6831994057,65792,3.03423857195,32896,2909,true,1
fp16,1,257,1,64,257,warp32_split,0,7,100,43.4240007401,107940,2.48572213892,32896,2909,true,1
fp16,1,257,1,64,257,warp32_fused,0,8,100,21.5423989296,42148,1.95651376329,32896,2909,true,1
fp16,1,257,1,64,257,optimized_transform,1,0,100,36.6400003433,65792,1.79563317095,32896,2909,true,1
fp16,1,257,1,64,257,baseline_split,1,1,100,76.3967990875,107940,1.41288642049,32896,2909,true,1
fp16,1,257,1,64,257,optimized_split,1,2,100,71.3471984863,107940,1.51288350895,32896,2909,true,1
fp16,1,257,1,64,257,baseline_fused,1,3,100,42.073597908,42148,1.00176837959,32896,2909,true,1
fp16,1,257,1,64,257,optimized_fused,1,4,100,37.4783992767,42148,1.12459445476,32896,2909,true,1
fp16,1,257,1,64,257,warp32_transform,1,5,100,21.7984008789,65792,3.01820304918,32896,2909,true,1
fp16,1,257,1,64,257,warp32_split,1,6,100,43.4367990494,107940,2.48498974055,32896,2909,true,1
fp16,1,257,1,64,257,warp32_fused,1,7,100,21.1520004272,42148,1.99262477064,32896,2909,true,1
fp16,1,257,1,64,257,baseline_transform,1,8,100,38.585600853,65792,1.70509201737,32896,2909,true,1
fp16,1,257,1,64,257,baseline_split,2,0,100,76.7104005814,107940,1.40711036811,32896,2909,true,1
fp16,1,257,1,64,257,optimized_split,2,1,100,71.1552000046,107940,1.51696573115,32896,2909,true,1
fp16,1,257,1,64,257,baseline_fused,2,2,100,41.9199991226,42148,1.00543895234,32896,2909,true,1
fp16,1,257,1,64,257,optimized_fused,2,3,100,37.4911999702,42148,1.12421048229,32896,2909,true,1
fp16,1,257,1,64,257,warp32_transform,2,4,100,21.7088007927,65792,3.03066026669,32896,2909,true,1
fp16,1,257,1,64,257,warp32_split,2,5,100,43.0592012405,107940,2.50678128925,32896,2909,true,1
fp16,1,257,1,64,257,warp32_fused,2,6,100,21.7407989502,42148,1.93865920459,32896,2909,true,1
fp16,1,257,1,64,257,baseline_transform,2,7,100,38.5536003113,65792,1.70650729034,32896,2909,true,1
fp16,1,257,1,64,257,optimized_transform,2,8,100,36.5567994118,65792,1.79971991691,32896,2909,true,1
fp16,1,257,1,64,257,optimized_split,3,0,100,71.3151979446,107940,1.51356236975,32896,2909,true,1
fp16,1,257,1,64,257,baseline_fused,3,1,100,41.9199991226,42148,1.00543895234,32896,2909,true,1
fp16,1,257,1,64,257,optimized_fused,3,2,100,37.5424003601,42148,1.12267728211,32896,2909,true,1
fp16,1,257,1,64,257,warp32_transform,3,3,100,21.721599102,65792,3.0288746096,32896,2909,true,1
fp16,1,257,1,64,257,warp32_split,3,4,100,43.0208015442,107940,2.50901880313,32896,2909,true,1
fp16,1,257,1,64,257,warp32_fused,3,5,100,21.8048000336,42148,1.93296888461,32896,2909,true,1
fp16,1,257,1,64,257,baseline_transform,3,6,100,38.4448003769,65792,1.71133675699,32896,2909,true,1
fp16,1,257,1,64,257,optimized_transform,3,7,100,36.5759992599,65792,1.7987751895,32896,2909,true,1
fp16,1,257,1,64,257,baseline_split,3,8,100,76.4608001709,107940,1.41170377185,32896,2909,true,1
fp16,1,257,1,64,257,baseline_fused,4,0,100,42.1055984497,42148,1.0010070288,32896,2909,true,1
fp16,1,257,1,64,257,optimized_fused,4,1,100,37.4464011192,42148,1.12555542696,32896,2909,true,1
fp16,1,257,1,64,257,warp32_transform,4,2,100,21.5039992332,65792,3.05952391862,32896,2909,true,1
fp16,1,257,1,64,257,warp32_split,4,3,100,43.398399353,107940,2.48718850486,32896,2909,true,1
fp16,1,257,1,64,257,warp32_fused,4,4,100,21.1199998856,42148,1.99564395021,32896,2909,true,1
fp16,1,257,1,64,257,baseline_transform,4,5,100,38.5791993141,65792,1.70537494737,32896,2909,true,1
fp16,1,257,1,64,257,optimized_transform,4,6,100,37.6767992973,65792,1.74622051838,32896,2909,true,1
fp16,1,257,1,64,257,baseline_split,4,7,100,76.8255996704,107940,1.40500042256,32896,2909,true,1
fp16,1,257,1,64,257,optimized_split,4,8,100,71.30879879,107940,1.51369819478,32896,2909,true,1
fp16,4,64,16,64,4096,baseline_transform,0,0,100,165.139198303,1048576,6.34964933083,524288,2909,true,1
fp16,4,64,16,64,4096,optimized_transform,0,1,100,161.843204498,1048576,6.47896217361,524288,2909,true,1
fp16,4,64,16,64,4096,baseline_split,0,2,100,306.464004517,1720320,5.61344880523,524288,2909,true,1
fp16,4,64,16,64,4096,optimized_split,0,3,100,281.478404999,1720320,6.11172995672,524288,2909,true,1
fp16,4,64,16,64,4096,baseline_fused,0,4,100,157.728004456,671744,4.25887591946,524288,2909,true,1
fp16,4,64,16,64,4096,optimized_fused,0,5,100,129.363203049,671744,5.19269764639,524288,2909,true,1
fp16,4,64,16,64,4096,warp32_transform,0,6,100,88.1344032288,1048576,11.8974652529,524288,2909,true,1
fp16,4,64,16,64,4096,warp32_split,0,7,100,235.334396362,1720320,7.31010862242,524288,2909,true,1
fp16,4,64,16,64,4096,warp32_fused,0,8,100,143.596801758,671744,4.67798719593,524288,2909,true,1
fp16,4,64,16,64,4096,optimized_transform,1,0,100,161.894397736,1048576,6.47691343658,524288,2909,true,1
fp16,4,64,16,64,4096,baseline_split,1,1,100,306.950397491,1720320,5.60455374568,524288,2909,true,1
fp16,4,64,16,64,4096,optimized_split,1,2,100,281.273593903,1720320,6.11618025045,524288,2909,true,1
fp16,4,64,16,64,4096,baseline_fused,1,3,100,157.612800598,671744,4.26198885783,524288,2909,true,1
fp16,4,64,16,64,4096,optimized_fused,1,4,100,129.30560112,671744,5.19501084394,524288,2909,true,1
fp16,4,64,16,64,4096,warp32_transform,1,5,100,87.7952003479,1048576,11.9434319398,524288,2909,true,1
fp16,4,64,16,64,4096,warp32_split,1,6,100,234.720001221,1720320,7.32924331567,524288,2909,true,1
fp16,4,64,16,64,4096,warp32_fused,1,7,100,142.950401306,671744,4.69914035821,524288,2909,true,1
fp16,4,64,16,64,4096,baseline_transform,1,8,100,165.286407471,1048576,6.34399413748,524288,2909,true,1
fp16,4,64,16,64,4096,baseline_split,2,0,100,307.6927948,1720320,5.59103114884,524288,2909,true,1
fp16,4,64,16,64,4096,optimized_split,2,1,100,279.257602692,1720320,6.16033362536,524288,2909,true,1
fp16,4,64,16,64,4096,baseline_fused,2,2,100,158.291196823,671744,4.2437230464,524288,2909,true,1
fp16,4,64,16,64,4096,optimized_fused,2,3,100,129.900798798,671744,5.17120761549,524288,2909,true,1
fp16,4,64,16,64,4096,warp32_transform,2,4,100,87.7248001099,1048576,11.9530166918,524288,2909,true,1
fp16,4,64,16,64,4096,warp32_split,2,5,100,234.976005554,1720320,7.32125816822,524288,2909,true,1
fp16,4,64,16,64,4096,warp32_fused,2,6,100,143.180799484,671744,4.69157877606,524288,2909,true,1
fp16,4,64,16,64,4096,baseline_transform,2,7,100,165.119991302,1048576,6.3503879314,524288,2909,true,1
fp16,4,64,16,64,4096,optimized_transform,2,8,100,161.721591949,1048576,6.4838342695,524288,2909,true,1
fp16,4,64,16,64,4096,optimized_split,3,0,100,280.979194641,1720320,6.12258855036,524288,2909,true,1
fp16,4,64,16,64,4096,baseline_fused,3,1,100,155.603199005,671744,4.31703206807,524288,2909,true,1
fp16,4,64,16,64,4096,optimized_fused,3,2,100,130.143995285,671744,5.16154432272,524288,2909,true,1
fp16,4,64,16,64,4096,warp32_transform,3,3,100,87.8592014313,1048576,11.9347317403,524288,2909,true,1
fp16,4,64,16,64,4096,warp32_split,3,4,100,235.635204315,1720320,7.30077666026,524288,2909,true,1
fp16,4,64,16,64,4096,warp32_fused,3,5,100,144.211196899,671744,4.658057172,524288,2909,true,1
fp16,4,64,16,64,4096,baseline_transform,3,6,100,163.680000305,1048576,6.40625609754,524288,2909,true,1
fp16,4,64,16,64,4096,optimized_transform,3,7,100,161.747207642,1048576,6.48280743321,524288,2909,true,1
fp16,4,64,16,64,4096,baseline_split,3,8,100,306.758403778,1720320,5.60806151946,524288,2909,true,1
fp16,4,64,16,64,4096,baseline_fused,4,0,100,157.164802551,671744,4.27413765102,524288,2909,true,1
fp16,4,64,16,64,4096,optimized_fused,4,1,100,129.664001465,671744,5.18065147158,524288,2909,true,1
fp16,4,64,16,64,4096,warp32_transform,4,2,100,88.1984043121,1048576,11.8888318692,524288,2909,true,1
fp16,4,64,16,64,4096,warp32_split,4,3,100,234.636802673,1720320,7.33184215093,524288,2909,true,1
fp16,4,64,16,64,4096,warp32_fused,4,4,100,144.287996292,671744,4.65557785306,524288,2909,true,1
fp16,4,64,16,64,4096,baseline_transform,4,5,100,165.151996613,1048576,6.34915727032,524288,2909,true,1
fp16,4,64,16,64,4096,optimized_transform,4,6,100,162.003192902,1048576,6.47256378852,524288,2909,true,1
fp16,4,64,16,64,4096,baseline_split,4,7,100,306.995201111,1720320,5.60373580361,524288,2909,true,1
fp16,4,64,16,64,4096,optimized_split,4,8,100,280.729598999,1720320,6.12803212107,524288,2909,true,1
fp16,16,64,16,64,16384,baseline_transform,0,0,100,463.315200806,4194304,9.0528089575,2097152,2909,true,1
fp16,16,64,16,64,16384,optimized_transform,0,1,100,461.190414429,4194304,9.09451686067,2097152,2909,true,1
fp16,16,64,16,64,16384,baseline_split,0,2,100,970.284805298,6881280,7.09202077826,2097152,2909,true,1
fp16,16,64,16,64,16384,optimized_split,0,3,100,905.203170776,6881280,7.60191769335,2097152,2909,true,1
fp16,16,64,16,64,16384,baseline_fused,0,4,100,563.545608521,2686976,4.7679832109,2097152,2909,true,1
fp16,16,64,16,64,16384,optimized_fused,0,5,100,476.24961853,2686976,5.64194887608,2097152,2909,true,1
fp16,16,64,16,64,16384,warp32_transform,0,6,100,339.891204834,4194304,12.3401369037,2097152,2909,true,1
fp16,16,64,16,64,16384,warp32_split,0,7,100,839.827194214,6881280,8.19368561462,2097152,2909,true,1
fp16,16,64,16,64,16384,warp32_fused,0,8,100,526.59198761,2686976,5.10257668788,2097152,2909,true,1
fp16,16,64,16,64,16384,optimized_transform,1,0,100,462.086410522,4194304,9.07688238496,2097152,2909,true,1
fp16,16,64,16,64,16384,baseline_split,1,1,100,973.971176147,6881280,7.06517828096,2097152,2909,true,1
fp16,16,64,16,64,16384,optimized_split,1,2,100,905.222396851,6881280,7.60175623575,2097152,2909,true,1
fp16,16,64,16,64,16384,baseline_fused,1,3,100,564.511985779,2686976,4.75982099174,2097152,2909,true,1
fp16,16,64,16,64,16384,optimized_fused,1,4,100,475.008010864,2686976,5.65669617889,2097152,2909,true,1
fp16,16,64,16,64,16384,warp32_transform,1,5,100,343.308792114,4194304,12.2172927007,2097152,2909,true,1
fp16,16,64,16,64,16384,warp32_split,1,6,100,839.001617432,6881280,8.20174819336,2097152,2909,true,1
fp16,16,64,16,64,16384,warp32_fused,1,7,100,526.681594849,2686976,5.10170855842,2097152,2909,true,1
fp16,16,64,16,64,16384,baseline_transform,1,8,100,461.80480957,4194304,9.08241731805,2097152,2909,true,1
fp16,16,64,16,64,16384,baseline_split,2,0,100,972.921600342,6881280,7.07280010803,2097152,2909,true,1
fp16,16,64,16,64,16384,optimized_split,2,1,100,904.742431641,6881280,7.60578896197,2097152,2909,true,1
fp16,16,64,16,64,16384,baseline_fused,2,2,100,561.465606689,2686976,4.78564665046,2097152,2909,true,1
fp16,16,64,16,64,16384,optimized_fused,2,3,100,474.431991577,2686976,5.66356410972,2097152,2909,true,1
fp16,16,64,16,64,16384,warp32_transform,2,4,100,337.151985168,4194304,12.440395384,2097152,2909,true,1
fp16,16,64,16,64,16384,warp32_split,2,5,100,835.155181885,6881280,8.23952260521,2097152,2909,true,1
fp16,16,64,16,64,16384,warp32_fused,2,6,100,526.892814636,2686976,5.09966339521,2097152,2909,true,1
fp16,16,64,16,64,16384,baseline_transform,2,7,100,461.184005737,4194304,9.09464323962,2097152,2909,true,1
fp16,16,64,16,64,16384,optimized_transform,2,8,100,462.284812927,4194304,9.07298678804,2097152,2909,true,1
fp16,16,64,16,64,16384,optimized_split,3,0,100,904.467163086,6881280,7.60810373317,2097152,2909,true,1
fp16,16,64,16,64,16384,baseline_fused,3,1,100,560.601615906,2686976,4.79302221714,2097152,2909,true,1
fp16,16,64,16,64,16384,optimized_fused,3,2,100,475.999984741,2686976,5.64490774398,2097152,2909,true,1
fp16,16,64,16,64,16384,warp32_transform,3,3,100,338.182411194,4194304,12.4024900798,2097152,2909,true,1
fp16,16,64,16,64,16384,warp32_split,3,4,100,837.625579834,6881280,8.2152218911,2097152,2909,true,1
fp16,16,64,16,64,16384,warp32_fused,3,5,100,524.326400757,2686976,5.12462465388,2097152,2909,true,1
fp16,16,64,16,64,16384,baseline_transform,3,6,100,463.052787781,4194304,9.05793920408,2097152,2909,true,1
fp16,16,64,16,64,16384,optimized_transform,3,7,100,461.926383972,4194304,9.0800269167,2097152,2909,true,1
fp16,16,64,16,64,16384,baseline_split,3,8,100,975.110397339,6881280,7.05692403525,2097152,2909,true,1
fp16,16,64,16,64,16384,baseline_fused,4,0,100,560.57598114,2686976,4.79324139885,2097152,2909,true,1
fp16,16,64,16,64,16384,optimized_fused,4,1,100,475.372810364,2686976,5.65235524923,2097152,2909,true,1
fp16,16,64,16,64,16384,warp32_transform,4,2,100,342.918395996,4194304,12.2312015015,2097152,2909,true,1
fp16,16,64,16,64,16384,warp32_split,4,3,100,844.48638916,6881280,8.14847946436,2097152,2909,true,1
fp16,16,64,16,64,16384,warp32_fused,4,4,100,526.822395325,2686976,5.10034505717,2097152,2909,true,1
fp16,16,64,16,64,16384,baseline_transform,4,5,100,464.81918335,4194304,9.02351742408,2097152,2909,true,1
fp16,16,64,16,64,16384,optimized_transform,4,6,100,461.939201355,4194304,9.07977497406,2097152,2909,true,1
fp16,16,64,16,64,16384,baseline_split,4,7,100,972.256011963,6881280,7.07764201541,2097152,2909,true,1
fp16,16,64,16,64,16384,optimized_split,4,8,100,904.35836792,6881280,7.60901899523,2097152,2909,true,1
fp16,1,1,1,128,1,baseline_transform,0,0,100,16.2176001072,512,0.0315706390968,256,2909,true,1
fp16,1,1,1,128,1,optimized_transform,0,1,100,16.0767996311,512,0.0318471344887,256,2909,true,1
fp16,1,1,1,128,1,baseline_split,0,2,100,41.2928009033,836,0.0202456598175,256,2909,true,1
fp16,1,1,1,128,1,optimized_split,0,3,100,31.7375993729,836,0.0263409966891,256,2909,true,1
fp16,1,1,1,128,1,baseline_fused,0,4,100,27.910399437,324,0.0116085762489,256,2909,true,1
fp16,1,1,1,128,1,optimized_fused,0,5,100,18.5023999214,324,0.0175112418592,256,2909,true,1
fp16,1,1,1,128,1,warp32_transform,0,6,100,15.2831995487,512,0.0335008385101,256,2909,true,1
fp16,1,1,1,128,1,warp32_split,0,7,100,30.1056003571,836,0.0277689197387,256,2909,true,1
fp16,1,1,1,128,1,warp32_fused,0,8,100,15.513600111,324,0.0208849008407,256,2909,true,1
fp16,1,1,1,128,1,optimized_transform,1,0,100,16.031999588,512,0.0319361285652,256,2909,true,1
fp16,1,1,1,128,1,baseline_split,1,1,100,41.2799978256,836,0.0202519390512,256,2909,true,1
fp16,1,1,1,128,1,optimized_split,1,2,100,31.8720006943,836,0.0262299191073,256,2909,true,1
fp16,1,1,1,128,1,baseline_fused,1,3,100,27.9168009758,324,0.0116059143123,256,2909,true,1
fp16,1,1,1,128,1,optimized_fused,1,4,100,18.4959995747,324,0.0175173014409,256,2909,true,1
fp16,1,1,1,128,1,warp32_transform,1,5,100,15.2831995487,512,0.0335008385101,256,2909,true,1
fp16,1,1,1,128,1,warp32_split,1,6,100,30.2144002914,836,0.0276689258081,256,2909,true,1
fp16,1,1,1,128,1,warp32_fused,1,7,100,15.4944002628,324,0.0209107803144,256,2909,true,1
fp16,1,1,1,128,1,baseline_transform,1,8,100,16.2240004539,512,0.0315581845213,256,2909,true,1
fp16,1,1,1,128,1,baseline_split,2,0,100,41.273598671,836,0.0202550789589,256,2909,true,1
fp16,1,1,1,128,1,optimized_split,2,1,100,31.8847990036,836,0.0262193906226,256,2909,true,1
fp16,1,1,1,128,1,baseline_fused,2,2,100,27.9487991333,324,0.0115926268765,256,2909,true,1
fp16,1,1,1,128,1,optimized_fused,2,3,100,18.3871996403,324,0.0176209540517,256,2909,true,1
fp16,1,1,1,128,1,warp32_transform,2,4,100,15.2128005028,512,0.0336558676298,256,2909,true,1
fp16,1,1,1,128,1,warp32_split,2,5,100,30.0543999672,836,0.0278162266062,256,2909,true,1
fp16,1,1,1,128,1,warp32_fused,2,6,100,15.4879999161,324,0.020919421601,256,2909,true,1
fp16,1,1,1,128,1,baseline_transform,2,7,100,16.1663997173,512,0.0316706260486,256,2909,true,1
fp16,1,1,1,128,1,optimized_transform,2,8,100,16.0640001297,512,0.0318725097028,256,2909,true,1
fp16,1,1,1,128,1,optimized_split,3,0,100,32.0000004768,836,0.0261249996107,256,2909,true,1
fp16,1,1,1,128,1,baseline_fused,3,1,100,27.936000824,324,0.0115979378022,256,2909,true,1
fp16,1,1,1,128,1,optimized_fused,3,2,100,18.4319996834,324,0.017578125302,256,2909,true,1
fp16,1,1,1,128,1,warp32_transform,3,3,100,15.1935994625,512,0.0336984005182,256,2909,true,1
fp16,1,1,1,128,1,warp32_split,3,4,100,30.0864005089,836,0.0277866406702,256,2909,true,1
fp16,1,1,1,128,1,warp32_fused,3,5,100,15.5007994175,324,0.0209021477714,256,2909,true,1
fp16,1,1,1,128,1,baseline_transform,3,6,100,16.1919999123,512,0.031620553531,256,2909,true,1
fp16,1,1,1,128,1,optimized_transform,3,7,100,16.0575997829,512,0.0318852136634,256,2909,true,1
fp16,1,1,1,128,1,baseline_split,3,8,100,41.2799978256,836,0.0202519390512,256,2909,true,1
fp16,1,1,1,128,1,baseline_fused,4,0,100,27.910399437,324,0.0116085762489,256,2909,true,1
fp16,1,1,1,128,1,optimized_fused,4,1,100,18.5407996178,324,0.0174749744714,256,2909,true,1
fp16,1,1,1,128,1,warp32_transform,4,2,100,15.2831995487,512,0.0335008385101,256,2909,true,1
fp16,1,1,1,128,1,warp32_split,4,3,100,30.2144002914,836,0.0276689258081,256,2909,true,1
fp16,1,1,1,128,1,warp32_fused,4,4,100,15.5007994175,324,0.0209021477714,256,2909,true,1
fp16,1,1,1,128,1,baseline_transform,4,5,100,16.2240004539,512,0.0315581845213,256,2909,true,1
fp16,1,1,1,128,1,optimized_transform,4,6,100,15.9679996967,512,0.0320641288655,256,2909,true,1
fp16,1,1,1,128,1,baseline_split,4,7,100,41.2799978256,836,0.0202519390512,256,2909,true,1
fp16,1,1,1,128,1,optimized_split,4,8,100,31.756799221,836,0.0263250711818,256,2909,true,1
fp16,1,17,1,128,17,baseline_transform,0,0,100,18.3679997921,8704,0.473867601182,4352,2909,true,1
fp16,1,17,1,128,17,optimized_transform,0,1,100,18.2335996628,8704,0.477360486189,4352,2909,true,1
fp16,1,17,1,128,17,baseline_split,0,2,100,44.7295999527,14212,0.317731435448,4352,2909,true,1
fp16,1,17,1,128,17,optimized_split,0,3,100,35.6223988533,14212,0.398962463436,4352,2909,true,1
fp16,1,17,1,128,17,baseline_fused,0,4,100,29.3632006645,5508,0.187581730716,4352,2909,true,1
fp16,1,17,1,128,17,optimized_fused,0,5,100,19.903999567,5508,0.27672830184,4352,2909,true,1
fp16,1,17,1,128,17,warp32_transform,0,6,100,20.3392004967,8704,0.427942091501,4352,2909,true,1
fp16,1,17,1,128,17,warp32_split,0,7,100,37.5359988213,14212,0.378623200296,4352,2909,true,1
fp16,1,17,1,128,17,warp32_fused,0,8,100,18.2335996628,5508,0.302079682666,4352,2909,true,1
fp16,1,17,1,128,17,optimized_transform,1,0,100,18.2591998577,8704,0.476691205958,4352,2909,true,1
fp16,1,17,1,128,17,baseline_split,1,1,100,44.7295999527,14212,0.317731435448,4352,2909,true,1
fp16,1,17,1,128,17,optimized_split,1,2,100,35.6159996986,14212,0.399034145335,4352,2909,true,1
fp16,1,17,1,128,17,baseline_fused,1,3,100,29.4079995155,5508,0.18729597697,4352,2909,true,1
fp16,1,17,1,128,17,optimized_fused,1,4,100,19.903999567,5508,0.27672830184,4352,2909,true,1
fp16,1,17,1,128,17,warp32_transform,1,5,100,20.2816009521,8704,0.429157442775,4352,2909,true,1
fp16,1,17,1,128,17,warp32_split,1,6,100,37.4079990387,14212,0.379918743724,4352,2909,true,1
fp16,1,17,1,128,17,warp32_fused,1,7,100,18.2272005081,5508,0.302185735958,4352,2909,true,1
fp16,1,17,1,128,17,baseline_transform,1,8,100,18.2783997059,8704,0.476190483853,4352,2909,true,1
fp16,1,17,1,128,17,baseline_split,2,0,100,44.7359991074,14212,0.31768598631,4352,2909,true,1
fp16,1,17,1,128,17,optimized_split,2,1,100,35.6351995468,14212,0.398819150187,4352,2909,true,1
fp16,1,17,1,128,17,baseline_fused,2,2,100,29.3375992775,5508,0.187745423472,4352,2909,true,1
fp16,1,17,1,128,17,optimized_fused,2,3,100,19.9168002605,5508,0.276550446254,4352,2909,true,1
fp16,1,17,1,128,17,warp32_transform,2,4,100,20.1343989372,8704,0.432295000568,4352,2909,true,1
fp16,1,17,1,128,17,warp32_split,2,5,100,37.3183989525,14212,0.38083091448,4352,2909,true,1
fp16,1,17,1,128,17,warp32_fused,2,6,100,18.1503999233,5508,0.303464387742,4352,2909,true,1
fp16,1,17,1,128,17,baseline_transform,2,7,100,18.3615994453,8704,0.474032778349,4352,2909,true,1
fp16,1,17,1,128,17,optimized_transform,2,8,100,18.2016003132,8704,0.478199710478,4352,2909,true,1
fp16,1,17,1,128,17,optimized_split,3,0,100,35.6288003922,14212,0.398890780593,4352,2909,true,1
fp16,1,17,1,128,17,baseline_fused,3,1,100,29.3440008163,5508,0.18770446588,4352,2909,true,1
fp16,1,17,1,128,17,optimized_fused,3,2,100,19.9551999569,5508,0.276018281546,4352,2909,true,1
fp16,1,17,1,128,17,warp32_transform,3,3,100,20.1279997826,8704,0.432432437104,4352,2909,true,1
fp16,1,17,1,128,17,warp32_split,3,4,100,37.3183989525,14212,0.38083091448,4352,2909,true,1
fp16,1,17,1,128,17,warp32_fused,3,5,100,18.1376004219,5508,0.30367853916,4352,2909,true,1
fp16,1,17,1,128,17,baseline_transform,3,6,100,18.3679997921,8704,0.473867601182,4352,2909,true,1
fp16,1,17,1,128,17,optimized_transform,3,7,100,18.2016003132,8704,0.478199710478,4352,2909,true,1
fp16,1,17,1,128,17,baseline_split,3,8,100,44.7295999527,14212,0.317731435448,4352,2909,true,1
fp16,1,17,1,128,17,baseline_fused,4,0,100,29.3887996674,5508,0.187418338358,4352,2909,true,1
fp16,1,17,1,128,17,optimized_fused,4,1,100,19.903999567,5508,0.27672830184,4352,2909,true,1
fp16,1,17,1,128,17,warp32_transform,4,2,100,20.2880001068,8704,0.42902207976,4352,2909,true,1
fp16,1,17,1,128,17,warp32_split,4,3,100,37.3952007294,14212,0.380048768901,4352,2909,true,1
fp16,1,17,1,128,17,warp32_fused,4,4,100,18.2335996628,5508,0.302079682666,4352,2909,true,1
fp16,1,17,1,128,17,baseline_transform,4,5,100,18.2783997059,8704,0.476190483853,4352,2909,true,1
fp16,1,17,1,128,17,optimized_transform,4,6,100,18.2464003563,8704,0.477025595736,4352,2909,true,1
fp16,1,17,1,128,17,baseline_split,4,7,100,44.742398262,14212,0.317640550173,4352,2909,true,1
fp16,1,17,1,128,17,optimized_split,4,8,100,35.6223988533,14212,0.398962463436,4352,2909,true,1
fp16,1,257,1,128,257,baseline_transform,0,0,100,43.4111976624,131584,3.03110734294,65792,2909,true,1
fp16,1,257,1,128,257,optimized_transform,0,1,100,43.2639980316,131584,3.04142025672,65792,2909,true,1
fp16,1,257,1,128,257,baseline_split,0,2,100,103.827199936,214852,2.06932287621,65792,2909,true,1
fp16,1,257,1,128,257,optimized_split,0,3,100,77.8624010086,214852,2.75938061525,65792,2909,true,1
fp16,1,257,1,128,257,baseline_fused,0,4,100,69.4271993637,83268,1.19935703533,65792,2909,true,1
fp16,1,257,1,128,257,optimized_fused,0,5,100,38.8544011116,83268,2.14307768535,65792,2909,true,1
fp16,1,257,1,128,257,warp32_transform,0,6,100,25.5872011185,131584,5.14257106085,65792,2909,true,1
fp16,1,257,1,128,257,warp32_split,0,7,100,54.3232011795,214852,3.95506883495,65792,2909,true,1
fp16,1,257,1,128,257,warp32_fused,0,8,100,24.9151992798,83268,3.34205635142,65792,2909,true,1
fp16,1,257,1,128,257,optimized_transform,1,0,100,43.3215999603,131584,3.03737627697,65792,2909,true,1
fp16,1,257,1,128,257,baseline_split,1,1,100,104.134397507,214852,2.0632183519,65792,2909,true,1
fp16,1,257,1,128,257,optimized_split,1,2,100,77.8367996216,214852,2.76028820615,65792,2909,true,1
fp16,1,257,1,128,257,baseline_fused,1,3,100,69.324798584,83268,1.20112862498,65792,2909,true,1
fp16,1,257,1,128,257,optimized_fused,1,4,100,38.8544011116,83268,2.14307768535,65792,2909,true,1
fp16,1,257,1,128,257,warp32_transform,1,5,100,25.5232000351,131584,5.15546639211,65792,2909,true,1
fp16,1,257,1,128,257,warp32_split,1,6,100,54.5792007446,214852,3.93651788719,65792,2909,true,1
fp16,1,257,1,128,257,warp32_fused,1,7,100,25.1200008392,83268,3.31480880645,65792,2909,true,1
fp16,1,257,1,128,257,baseline_transform,1,8,100,42.643198967,131584,3.08569720817,65792,2909,true,1
fp16,1,257,1,128,257,baseline_split,2,0,100,103.750400543,214852,2.07085465574,65792,2909,true,1
fp16,1,257,1,128,257,optimized_split,2,1,100,78.3616018295,214852,2.74180204314,65792,2909,true,1
fp16,1,257,1,128,257,baseline_fused,2,2,100,69.5488023758,83268,1.19726001247,65792,2909,true,1
fp16,1,257,1,128,257,optimized_fused,2,3,100,38.6495995522,83268,2.15443370604,65792,2909,true,1
fp16,1,257,1,128,257,warp32_transform,2,4,100,25.4207992554,131584,5.17623378707,65792,2909,true,1
fp16,1,257,1,128,257,warp32_split,2,5,100,55.96159935,214852,3.8392755478,65792,2909,true,1
fp16,1,257,1,128,257,warp32_fused,2,6,100,25.644800663,83268,3.24697396148,65792,2909,true,1
fp16,1,257,1,128,257,baseline_transform,2,7,100,43.379201889,131584,3.03334303698,65792,2909,true,1
fp16,1,257,1,128,257,optimized_transform,2,8,100,43.3920001984,131584,3.03244836372,65792,2909,true,1
fp16,1,257,1,128,257,optimized_split,3,0,100,78.2208013535,214852,2.74673739315,65792,2909,true,1
fp16,1,257,1,128,257,baseline_fused,3,1,100,69.5039987564,83268,1.19803178939,65792,2909,true,1
fp16,1,257,1,128,257,optimized_fused,3,2,100,38.5920000076,83268,2.1576492533,65792,2909,true,1
fp16,1,257,1,128,257,warp32_transform,3,3,100,25.4272007942,131584,5.17493062114,65792,2909,true,1
fp16,1,257,1,128,257,warp32_split,3,4,100,56.0896015167,214852,3.83051393111,65792,2909,true,1
fp16,1,257,1,128,257,warp32_fused,3,5,100,26.1631989479,83268,3.18263833738,65792,2909,true,1
fp16,1,257,1,128,257,baseline_transform,3,6,100,43.3152008057,131584,3.0378250026,65792,2909,true,1
fp16,1,257,1,128,257,optimized_transform,3,7,100,43.327999115,131584,3.03692768389,65792,2909,true,1
fp16,1,257,1,128,257,baseline_split,3,8,100,104.134397507,214852,2.0632183519,65792,2909,true,1
fp16,1,257,1,128,257,baseline_fused,4,0,100,69.30560112,83268,1.20146133436,65792,2909,true,1
fp16,1,257,1,128,257,optimized_fused,4,1,100,38.9055991173,83268,2.14025749222,65792,2909,true,1
fp16,1,257,1,128,257,warp32_transform,4,2,100,25.926399231,131584,5.07529020239,65792,2909,true,1
fp16,1,257,1,128,257,warp32_split,4,3,100,54.5535993576,214852,3.93836525051,65792,2909,true,1
fp16,1,257,1,128,257,warp32_fused,4,4,100,24.960000515,83268,3.33605762348,65792,2909,true,1
fp16,1,257,1,128,257,baseline_transform,4,5,100,42.5791978836,131584,3.09033534074,65792,2909,true,1
fp16,1,257,1,128,257,optimized_transform,4,6,100,43.2000017166,131584,3.04592580489,65792,2909,true,1
fp16,1,257,1,128,257,baseline_split,4,7,100,103.961601257,214852,2.0666476603,65792,2909,true,1
fp16,1,257,1,128,257,optimized_split,4,8,100,78.0352020264,214852,2.75327024754,65792,2909,true,1
fp16,4,64,16,128,4096,baseline_transform,0,0,100,229.14560318,2097152,9.15204992327,1048576,2909,true,1
fp16,4,64,16,128,4096,optimized_transform,0,1,100,237.056007385,2097152,8.84665199221,1048576,2909,true,1
fp16,4,64,16,128,4096,baseline_split,0,2,100,426.572799683,3424256,8.0273660265,1048576,2909,true,1
fp16,4,64,16,128,4096,optimized_split,0,3,100,403.494415283,3424256,8.48650159779,1048576,2909,true,1
fp16,4,64,16,128,4096,baseline_fused,0,4,100,209.356803894,1327104,6.33895806258,1048576,2909,true,1
fp16,4,64,16,128,4096,optimized_fused,0,5,100,175.174407959,1327104,7.57590115738,1048576,2909,true,1
fp16,4,64,16,128,4096,warp32_transform,0,6,100,141.280002594,2097152,14.8439408373,1048576,2909,true,1
fp16,4,64,16,128,4096,warp32_split,0,7,100,318.080005646,3424256,10.765392163,1048576,2909,true,1
fp16,4,64,16,128,4096,warp32_fused,0,8,100,176.940803528,1327104,7.50027112763,1048576,2909,true,1
fp16,4,64,16,128,4096,optimized_transform,1,0,100,237.343997955,2097152,8.83591756297,1048576,2909,true,1
fp16,4,64,16,128,4096,baseline_split,1,1,100,427.436790466,3424256,8.01114007118,1048576,2909,true,1
fp16,4,64,16,128,4096,optimized_split,1,2,100,402.304000854,3424256,8.51161309042,1048576,2909,true,1
fp16,4,64,16,128,4096,baseline_fused,1,3,100,209.881591797,1327104,6.32310813272,1048576,2909,true,1
fp16,4,64,16,128,4096,optimized_fused,1,4,100,175.270404816,1327104,7.57175178203,1048576,2909,true,1
fp16,4,64,16,128,4096,warp32_transform,1,5,100,141.260795593,2097152,14.8459591438,1048576,2909,true,1
fp16,4,64,16,128,4096,warp32_split,1,6,100,319.839992523,3424256,10.7061533268,1048576,2909,true,1
fp16,4,64,16,128,4096,warp32_fused,1,7,100,176.832008362,1327104,7.5048856386,1048576,2909,true,1
fp16,4,64,16,128,4096,baseline_transform,1,8,100,229.759998322,2097152,9.12757666835,1048576,2909,true,1
fp16,4,64,16,128,4096,baseline_split,2,0,100,426.476783752,3424256,8.02917328787,1048576,2909,true,1
fp16,4,64,16,128,4096,optimized_split,2,1,100,401.094398499,3424256,8.53728202842,1048576,2909,true,1
fp16,4,64,16,128,4096,baseline_fused,2,2,100,209.836807251,1327104,6.32445764585,1048576,2909,true,1
fp16,4,64,16,128,4096,optimized_fused,2,3,100,174.931201935,1327104,7.58643389699,1048576,2909,true,1
fp16,4,64,16,128,4096,warp32_transform,2,4,100,141.100797653,2097152,14.862793371,1048576,2909,true,1
fp16,4,64,16,128,4096,warp32_split,2,5,100,318.809604645,3424256,10.7407554544,1048576,2909,true,1
fp16,4,64,16,128,4096,warp32_fused,2,6,100,177.260799408,1327104,7.48673143996,1048576,2909,true,1
fp16,4,64,16,128,4096,baseline_transform,2,7,100,229.651203156,2097152,9.13190077467,1048576,2909,true,1
fp16,4,64,16,128,4096,optimized_transform,2,8,100,238.099193573,2097152,8.80789207443,1048576,2909,true,1
fp16,4,64,16,128,4096,optimized_split,3,0,100,401.10080719,3424256,8.53714562179,1048576,2909,true,1
fp16,4,64,16,128,4096,baseline_fused,3,1,100,209.983997345,1327104,6.32002446272,1048576,2909,true,1
fp16,4,64,16,128,4096,optimized_fused,3,2,100,175.219192505,1327104,7.57396482102,1048576,2909,true,1
fp16,4,64,16,128,4096,warp32_transform,3,3,100,140.51199913,2097152,14.9250741074,1048576,2909,true,1
fp16,4,64,16,128,4096,warp32_split,3,4,100,317.555198669,3424256,10.7831835673,1048576,2909,true,1
fp16,4,64,16,128,4096,warp32_fused,3,5,100,177.356796265,1327104,7.48267914143,1048576,2909,true,1
fp16,4,64,16,128,4096,baseline_transform,3,6,100,228.281593323,2097152,9.18668899001,1048576,2909,true,1
fp16,4,64,16,128,4096,optimized_transform,3,7,100,237.267208099,2097152,8.83877724528,1048576,2909,true,1
fp16,4,64,16,128,4096,baseline_split,3,8,100,426.995201111,3424256,8.01942502185,1048576,2909,true,1
fp16,4,64,16,128,4096,baseline_fused,4,0,100,209.568004608,1327104,6.33256971875,1048576,2909,true,1
fp16,4,64,16,128,4096,optimized_fused,4,1,100,175.44960022,1327104,7.56401837529,1048576,2909,true,1
fp16,4,64,16,128,4096,warp32_transform,4,2,100,141.657600403,2097152,14.8043733201,1048576,2909,true,1
fp16,4,64,16,128,4096,warp32_split,4,3,100,317.728004456,3424256,10.7773188135,1048576,2909,true,1
fp16,4,64,16,128,4096,warp32_fused,4,4,100,178.24640274,1327104,7.44533398484,1048576,2909,true,1
fp16,4,64,16,128,4096,baseline_transform,4,5,100,230.355205536,2097152,9.10399222419,1048576,2909,true,1
fp16,4,64,16,128,4096,optimized_transform,4,6,100,234.265594482,2097152,8.95202731171,1048576,2909,true,1
fp16,4,64,16,128,4096,baseline_split,4,7,100,428.012809753,3424256,8.00035868546,1048576,2909,true,1
fp16,4,64,16,128,4096,optimized_split,4,8,100,401.427192688,3424256,8.53020438668,1048576,2909,true,1
fp16,16,64,16,128,16384,baseline_transform,0,0,100,833.689575195,8388608,10.0620281812,4194304,2909,true,1
fp16,16,64,16,128,16384,optimized_transform,0,1,100,874.118423462,8388608,9.59664934961,4194304,2909,true,1
fp16,16,64,16,128,16384,baseline_split,0,2,100,1549.92004395,13697024,8.83724554277,4194304,2909,true,1
fp16,16,64,16,128,16384,optimized_split,0,3,100,1469.41436768,13697024,9.32141695447,4194304,2909,true,1
fp16,16,64,16,128,16384,baseline_fused,0,4,100,731.628799438,5308416,7.2556137813,4194304,2909,true,1
fp16,16,64,16,128,16384,optimized_fused,0,5,100,639.385604858,5308416,8.30237021238,4194304,2909,true,1
fp16,16,64,16,128,16384,warp32_transform,0,6,100,545.267181396,8388608,15.3843992197,4194304,2909,true,1
fp16,16,64,16,128,16384,warp32_split,0,7,100,1259.28321838,13697024,10.8768415238,4194304,2909,true,1
fp16,16,64,16,128,16384,warp32_fused,0,8,100,715.020828247,5308416,7.42414177362,4194304,2909,true,1
fp16,16,64,16,128,16384,optimized_transform,1,0,100,876.99836731,8388608,9.56513525303,4194304,2909,true,1
fp16,16,64,16,128,16384,baseline_split,1,1,100,1547.98080444,13697024,8.84831643951,4194304,2909,true,1
fp16,16,64,16,128,16384,optimized_split,1,2,100,1467.56484985,13697024,9.33316439227,4194304,2909,true,1
fp16,16,64,16,128,16384,baseline_fused,1,3,100,731.212768555,5308416,7.25974193598,4194304,2909,true,1
fp16,16,64,16,128,16384,optimized_fused,1,4,100,638.028793335,5308416,8.32002576601,4194304,2909,true,1
fp16,16,64,16,128,16384,warp32_transform,1,5,100,545.356788635,8388608,15.3818714185,4194304,2909,true,1
fp16,16,64,16,128,16384,warp32_split,1,6,100,1256.3584137,13697024,10.9021628308,4194304,2909,true,1
fp16,16,64,16,128,16384,warp32_fused,1,7,100,716.492767334,5308416,7.40888986186,4194304,2909,true,1
fp16,16,64,16,128,16384,baseline_transform,1,8,100,832.505569458,8388608,10.0763385949,4194304,2909,true,1
fp16,16,64,16,128,16384,baseline_split,2,0,100,1547.19360352,13697024,8.85281839899,4194304,2909,true,1
fp16,16,64,16,128,16384,optimized_split,2,1,100,1468.00003052,13697024,9.3303976262,4194304,2909,true,1
fp16,16,64,16,128,16384,baseline_fused,2,2,100,730.643234253,5308416,7.26540088396,4194304,2909,true,1
fp16,16,64,16,128,16384,optimized_fused,2,3,100,638.553581238,5308416,8.3131880487,4194304,2909,true,1
fp16,16,64,16,128,16384,warp32_transform,2,4,100,544.588813782,8388608,15.4035628124,4194304,2909,true,1
fp16,16,64,16,128,16384,warp32_split,2,5,100,1255.18081665,13697024,10.9123911219,4194304,2909,true,1
fp16,16,64,16,128,16384,warp32_fused,2,6,100,714.201583862,5308416,7.43265783771,4194304,2909,true,1
fp16,16,64,16,128,16384,baseline_transform,2,7,100,832.185592651,8388608,10.0802129646,4194304,2909,true,1
fp16,16,64,16,128,16384,optimized_transform,2,8,100,873.964767456,8388608,9.59833658331,4194304,2909,true,1
fp16,16,64,16,128,16384,optimized_split,3,0,100,1471.45599365,13697024,9.30848361017,4194304,2909,true,1
fp16,16,64,16,128,16384,baseline_fused,3,1,100,730.956802368,5308416,7.26228414976,4194304,2909,true,1
fp16,16,64,16,128,16384,optimized_fused,3,2,100,638.29120636,5308416,8.31660525338,4194304,2909,true,1
fp16,16,64,16,128,16384,warp32_transform,3,3,100,542.355194092,8388608,15.4670003927,4194304,2909,true,1
fp16,16,64,16,128,16384,warp32_split,3,4,100,1254.56001282,13697024,10.9177909865,4194304,2909,true,1
fp16,16,64,16,128,16384,warp32_fused,3,5,100,714.060821533,5308416,7.43412303255,4194304,2909,true,1
fp16,16,64,16,128,16384,baseline_transform,3,6,100,831.193618774,8388608,10.0922430232,4194304,2909,true,1
fp16,16,64,16,128,16384,optimized_transform,3,7,100,873.324813843,8388608,9.60537003763,4194304,2909,true,1
fp16,16,64,16,128,16384,baseline_split,3,8,100,1545.61920166,13697024,8.86183607533,4194304,2909,true,1
fp16,16,64,16,128,16384,baseline_fused,4,0,100,731.513595581,5308416,7.25675644591,4194304,2909,true,1
fp16,16,64,16,128,16384,optimized_fused,4,1,100,638.310394287,5308416,8.3163552521,4194304,2909,true,1
fp16,16,64,16,128,16384,warp32_transform,4,2,100,544.601593018,8388608,15.4032013633,4194304,2909,true,1
fp16,16,64,16,128,16384,warp32_split,4,3,100,1254.22721863,13697024,10.9206878918,4194304,2909,true,1
fp16,16,64,16,128,16384,warp32_fused,4,4,100,723.68637085,5308416,7.33524384848,4194304,2909,true,1
fp16,16,64,16,128,16384,baseline_transform,4,5,100,832.211227417,8388608,10.0799024618,4194304,2909,true,1
fp16,16,64,16,128,16384,optimized_transform,4,6,100,874.44480896,8388608,9.59306741151,4194304,2909,true,1
fp16,16,64,16,128,16384,baseline_split,4,7,100,1549.00482178,13697024,8.84246698747,4194304,2909,true,1
fp16,16,64,16,128,16384,optimized_split,4,8,100,1470.22079468,13697024,9.31630408819,4194304,2909,true,1
fp16,1,1,1,256,1,baseline_transform,0,0,100,17.8880000114,1024,0.0572450804643,512,2909,true,1
fp16,1,1,1,256,1,optimized_transform,0,1,100,17.5551998615,1024,0.0583302957572,512,2909,true,1
fp16,1,1,1,256,1,baseline_split,0,2,100,54.1695976257,1668,0.0307921799886,512,2909,true,1
fp16,1,1,1,256,1,optimized_split,0,3,100,33.8111996651,1668,0.0493327659628,512,2909,true,1
fp16,1,1,1,256,1,baseline_fused,0,4,100,39.7183990479,644,0.0162141479878,512,2909,true,1
fp16,1,1,1,256,1,optimized_fused,0,5,100,19.2703998089,644,0.0334191301886,512,2909,true,1
fp16,1,1,1,256,1,warp32_transform,0,6,100,16.0575997829,1024,0.0637704273267,512,2909,true,1
fp16,1,1,1,256,1,warp32_split,0,7,100,32.0320010185,1668,0.0520729254172,512,2909,true,1
fp16,1,1,1,256,1,warp32_fused,0,8,100,17.3824000359,644,0.0370489689957,512,2909,true,1
fp16,1,1,1,256,1,optimized_transform,1,0,100,17.5616002083,1024,0.0583090372093,512,2909,true,1
fp16,1,1,1,256,1,baseline_split,1,1,100,54.1567993164,1668,0.0307994567821,512,2909,true,1
fp16,1,1,1,256,1,optimized_split,1,2,100,33.8048005104,1668,0.0493421045182,512,2909,true,1
fp16,1,1,1,256,1,baseline_fused,1,3,100,39.6799993515,644,0.0162298389749,512,2909,true,1
fp16,1,1,1,256,1,optimized_fused,1,4,100,19.2384004593,644,0.033474716433,512,2909,true,1
fp16,1,1,1,256,1,warp32_transform,1,5,100,16.102399826,1024,0.0635930054565,512,2909,true,1
fp16,1,1,1,256,1,warp32_split,1,6,100,31.9167995453,1668,0.0522608790281,512,2909,true,1
fp16,1,1,1,256,1,warp32_fused,1,7,100,17.3567998409,644,0.0371036139094,512,2909,true,1
fp16,1,1,1,256,1,baseline_transform,1,8,100,17.9519999027,1024,0.0570409985266,512,2909,true,1
fp16,1,1,1,256,1,baseline_split,2,0,100,54.1440010071,1668,0.0308067370156,512,2909,true,1
fp16,1,1,1,256,1,optimized_split,2,1,100,33.8048005104,1668,0.0493421045182,512,2909,true,1
fp16,1,1,1,256,1,baseline_fused,2,2,100,39.7887992859,644,0.0161854595152,512,2909,true,1
fp16,1,1,1,256,1,optimized_fused,2,3,100,19.1424000263,644,0.0336425944038,512,2909,true,1
fp16,1,1,1,256,1,warp32_transform,2,4,100,16.2240004539,1024,0.0631163690427,512,2909,true,1
fp16,1,1,1,256,1,warp32_split,2,5,100,31.9232010841,1668,0.0522503991878,512,2909,true,1
fp16,1,1,1,256,1,warp32_fused,2,6,100,17.4463999271,644,0.0369130595819,512,2909,true,1
fp16,1,1,1,256,1,baseline_transform,2,7,100,17.8815996647,1024,0.0572655701504,512,2909,true,1
fp16,1,1,1,256,1,optimized_transform,2,8,100,17.5551998615,1024,0.0583302957572,512,2909,true,1
fp16,1,1,1,256,1,optimized_split,3,0,100,33.7919998169,1668,0.049360795722,512,2909,true,1
fp16,1,1,1,256,1,baseline_fused,3,1,100,39.8079991341,644,0.016177653085,512,2909,true,1
fp16,1,1,1,256,1,optimized_fused,3,2,100,19.1424000263,644,0.0336425944038,512,2909,true,1
fp16,1,1,1,256,1,warp32_transform,3,3,100,16.1663997173,1024,0.0633412520972,512,2909,true,1
fp16,1,1,1,256,1,warp32_split,3,4,100,31.9296002388,1668,0.0522399274506,512,2909,true,1
fp16,1,1,1,256,1,warp32_fused,3,5,100,17.427200079,644,0.036953727339,512,2909,true,1
fp16,1,1,1,256,1,baseline_transform,3,6,100,17.8431999683,1024,0.057388809284,512,2909,true,1
fp16,1,1,1,256,1,optimized_transform,3,7,100,17.5551998615,1024,0.0583302957572,512,2909,true,1
fp16,1,1,1,256,1,baseline_split,3,8,100,54.1504001617,1668,0.0308030964687,512,2909,true,1
fp16,1,1,1,256,1,baseline_fused,4,0,100,39.7119998932,644,0.0162167607205,512,2909,true,1
fp16,1,1,1,256,1,optimized_fused,4,1,100,19.2639994621,644,0.0334302334915,512,2909,true,1
fp16,1,1,1,256,1,warp32_transform,4,2,100,16.1152005196,1024,0.0635424919943,512,2909,true,1
fp16,1,1,1,256,1,warp32_split,4,3,100,32.0320010185,1668,0.0520729254172,512,2909,true,1
fp16,1,1,1,256,1,warp32_fused,4,4,100,17.3632001877,644,0.0370899369378,512,2909,true,1
fp16,1,1,1,256,1,baseline_transform,4,5,100,17.9647994041,1024,0.0570003581428,512,2909,true,1
fp16,1,1,1,256,1,optimized_transform,4,6,100,17.4528002739,1024,0.0586725329993,512,2909,true,1
fp16,1,1,1,256,1,baseline_split,4,7,100,54.1567993164,1668,0.0307994567821,512,2909,true,1
fp16,1,1,1,256,1,optimized_split,4,8,100,33.7983989716,1668,0.049351450091,512,2909,true,1
fp16,1,17,1,256,17,baseline_transform,0,0,100,19.8399996758,17408,0.877419369179,8704,2909,true,1
fp16,1,17,1,256,17,optimized_transform,0,1,100,19.315199852,17408,0.901259118901,8704,2909,true,1
fp16,1,17,1,256,17,baseline_split,0,2,100,57.0431995392,28356,0.497096941074,8704,2909,true,1
fp16,1,17,1,256,17,optimized_split,0,3,100,36.9151997566,28356,0.76813887469,8704,2909,true,1
fp16,1,17,1,256,17,baseline_fused,0,4,100,40.9280014038,10948,0.267494126869,8704,2909,true,1
fp16,1,17,1,256,17,optimized_fused,0,5,100,20.3200006485,10948,0.538779510364,8704,2909,true,1
fp16,1,17,1,256,17,warp32_transform,0,6,100,22.598400116,17408,0.770320018703,8704,2909,true,1
fp16,1,17,1,256,17,warp32_split,0,7,100,44.1344022751,28356,0.642491991242,8704,2909,true,1
fp16,1,17,1,256,17,warp32_fused,0,8,100,23.590400219,10948,0.464087081965,8704,2909,true,1
fp16,1,17,1,256,17,optimized_transform,1,0,100,19.3280005455,17408,0.900662226236,8704,2909,true,1
fp16,1,17,1,256,17,baseline_split,1,1,100,57.0368003845,28356,0.497152712088,8704,2909,true,1
fp16,1,17,1,256,17,optimized_split,1,2,100,36.908800602,28356,0.768272052669,8704,2909,true,1
fp16,1,17,1,256,17,baseline_fused,1,3,100,40.9216022491,10948,0.267535956519,8704,2909,true,1
fp16,1,17,1,256,17,optimized_fused,1,4,100,20.3135991096,10948,0.538949298985,8704,2909,true,1
fp16,1,17,1,256,17,warp32_transform,1,5,100,22.6175999641,17408,0.769666101956,8704,2909,true,1
fp16,1,17,1,256,17,warp32_split,1,6,100,44.1215991974,28356,0.642678427705,8704,2909,true,1
fp16,1,17,1,256,17,warp32_fused,1,7,100,23.5775995255,10948,0.464339043005,8704,2909,true,1
fp16,1,17,1,256,17,baseline_transform,1,8,100,19.7119998932,17408,0.883116887902,8704,2909,true,1
fp16,1,17,1,256,17,baseline_split,2,0,100,56.9856023788,28356,0.497599372759,8704,2909,true,1
fp16,1,17,1,256,17,optimized_split,2,1,100,36.9280004501,28356,0.767872607624,8704,2909,true,1
fp16,1,17,1,256,17,baseline_fused,2,2,100,40.8640003204,10948,0.267913075425,8704,2909,true,1
fp16,1,17,1,256,17,optimized_fused,2,3,100,20.3584003448,10948,0.537763272878,8704,2909,true,1
fp16,1,17,1,256,17,warp32_transform,2,4,100,22.4959993362,17408,0.773826480869,8704,2909,true,1
fp16,1,17,1,256,17,warp32_split,2,5,100,44.064002037,28356,0.643518488769,8704,2909,true,1
fp16,1,17,1,256,17,warp32_fused,2,6,100,23.4624004364,10948,0.466618922036,8704,2909,true,1
fp16,1,17,1,256,17,baseline_transform,2,7,100,19.8399996758,17408,0.877419369179,8704,2909,true,1
fp16,1,17,1,256,17,optimized_transform,2,8,100,19.2960000038,17408,0.902155887052,8704,2909,true,1
fp16,1,17,1,256,17,optimized_split,3,0,100,36.9215989113,28356,0.768005742875,8704,2909,true,1
fp16,1,17,1,256,17,baseline_fused,3,1,100,40.8767986298,10948,0.267829193259,8704,2909,true,1
fp16,1,17,1,256,17,optimized_fused,3,2,100,20.3647994995,10948,0.537594293539,8704,2909,true,1
fp16,1,17,1,256,17,warp32_transform,3,3,100,22.4512004852,17408,0.77537056477,8704,2909,true,1
fp16,1,17,1,256,17,warp32_split,3,4,100,44.083199501,28356,0.643238247699,8704,2909,true,1
fp16,1,17,1,256,17,warp32_fused,3,5,100,23.4559988976,10948,0.466746270232,8704,2909,true,1
fp16,1,17,1,256,17,baseline_transform,3,6,100,19.8143994808,17408,0.878552994596,8704,2909,true,1
fp16,1,17,1,256,17,optimized_transform,3,7,100,19.2960000038,17408,0.902155887052,8704,2909,true,1
fp16,1,17,1,256,17,baseline_split,3,8,100,57.0495986938,28356,0.497041182571,8704,2909,true,1
fp16,1,17,1,256,17,baseline_fused,4,0,100,40.9280014038,10948,0.267494126869,8704,2909,true,1
fp16,1,17,1,256,17,optimized_fused,4,1,100,20.307199955,10948,0.539119131356,8704,2909,true,1
fp16,1,17,1,256,17,warp32_transform,4,2,100,22.6496005058,17408,0.768578677382,8704,2909,true,1
fp16,1,17,1,256,17,warp32_split,4,3,100,44.3200016022,28356,0.639801420914,8704,2909,true,1
fp16,1,17,1,256,17,warp32_fused,4,4,100,23.5840010643,10948,0.464213004831,8704,2909,true,1
fp16,1,17,1,256,17,baseline_transform,4,5,100,19.7695994377,17408,0.880543890373,8704,2909,true,1
fp16,1,17,1,256,17,optimized_transform,4,6,100,19.3343997002,17408,0.900364131804,8704,2909,true,1
fp16,1,17,1,256,17,baseline_split,4,7,100,56.9984006882,28356,0.49748764277,8704,2909,true,1
fp16,1,17,1,256,17,optimized_split,4,8,100,36.9280004501,28356,0.767872607624,8704,2909,true,1
fp16,1,257,1,256,257,baseline_transform,0,0,100,50.009598732,263168,5.2623497623,131584,2909,true,1
fp16,1,257,1,256,257,optimized_transform,0,1,100,52.6463985443,263168,4.99878448055,131584,2909,true,1
fp16,1,257,1,256,257,baseline_split,0,2,100,149.433603287,428676,2.86867204278,131584,2909,true,1
fp16,1,257,1,256,257,optimized_split,0,3,100,91.6351985931,428676,4.67807138066,131584,2909,true,1
fp16,1,257,1,256,257,baseline_fused,0,4,100,109.440002441,165508,1.51231721772,131584,2909,true,1
fp16,1,257,1,256,257,optimized_fused,0,5,100,46.2336015701,165508,3.57982061486,131584,2909,true,1
fp16,1,257,1,256,257,warp32_transform,0,6,100,32.8383994102,263168,8.01403249629,131584,2909,true,1
fp16,1,257,1,256,257,warp32_split,0,7,100,71.9680023193,428676,5.95648046611,131584,2909,true,1
fp16,1,257,1,256,257,warp32_fused,0,8,100,38.9439988136,165508,4.24989741788,131584,2909,true,1
fp16,1,257,1,256,257,optimized_transform,1,0,100,52.4927997589,263168,5.01341138611,131584,2909,true,1
fp16,1,257,1,256,257,baseline_split,1,1,100,150.105600357,428676,2.85582948924,131584,2909,true,1
fp16,1,257,1,256,257,optimized_split,1,2,100,91.6479969025,428676,4.67741810502,131584,2909,true,1
fp16,1,257,1,256,257,baseline_fused,1,3,100,109.388799667,165508,1.51302510406,131584,2909,true,1
fp16,1,257,1,256,257,optimized_fused,1,4,100,46.3999986649,165508,3.56698286126,131584,2909,true,1
fp16,1,257,1,256,257,warp32_transform,1,5,100,32.7360010147,263168,8.03910043508,131584,2909,true,1
fp16,1,257,1,256,257,warp32_split,1,6,100,72.1152019501,428676,5.94432225672,131584,2909,true,1
fp16,1,257,1,256,257,warp32_fused,1,7,100,39.8463988304,165508,4.15365013798,131584,2909,true,1
fp16,1,257,1,256,257,baseline_transform,1,8,100,49.2416000366,263168,5.3444242227,131584,2909,true,1
fp16,1,257,1,256,257,baseline_split,2,0,100,150.707197189,428676,2.84442951627,131584,2909,true,1
fp16,1,257,1,256,257,optimized_split,2,1,100,91.1680030823,428676,4.70204441807,131584,2909,true,1
fp16,1,257,1,256,257,baseline_fused,2,2,100,108.915195465,165508,1.51960430584,131584,2909,true,1
fp16,1,257,1,256,257,optimized_fused,2,3,100,46.0288000107,165508,3.59574874778,131584,2909,true,1
fp16,1,257,1,256,257,warp32_transform,2,4,100,32.6272010803,263168,8.06590793222,131584,2909,true,1
fp16,1,257,1,256,257,warp32_split,2,5,100,69.6960020065,428676,6.1506540929,131584,2909,true,1
fp16,1,257,1,256,257,warp32_fused,2,6,100,39.3535995483,165508,4.20566357079,131584,2909,true,1
fp16,1,257,1,256,257,baseline_transform,2,7,100,49.875202179,263168,5.27652998891,131584,2909,true,1
fp16,1,257,1,256,257,optimized_transform,2,8,100,52.7551984787,263168,4.98847521361,131584,2909,true,1
fp16,1,257,1,256,257,optimized_split,3,0,100,91.334400177,428676,4.69347802328,131584,2909,true,1
fp16,1,257,1,256,257,baseline_fused,3,1,100,109.043197632,165508,1.51782049311,131584,2909,true,1
fp16,1,257,1,256,257,optimized_fused,3,2,100,46.048002243,165508,3.59424930373,131584,2909,true,1
fp16,1,257,1,256,257,warp32_transform,3,3,100,32.4991989136,263168,8.09767652119,131584,2909,true,1
fp16,1,257,1,256,257,warp32_split,3,4,100,71.2703990936,428676,6.01478321227,131584,2909,true,1
fp16,1,257,1,256,257,warp32_fused,3,5,100,39.5391988754,165508,4.18592193841,131584,2909,true,1
fp16,1,257,1,256,257,baseline_transform,3,6,100,50.2655982971,263168,5.23554894233,131584,2909,true,1
fp16,1,257,1,256,257,optimized_transform,3,7,100,52.1727991104,263168,5.04416102811,131584,2909,true,1
fp16,1,257,1,256,257,baseline_split,3,8,100,149.612798691,428676,2.8652361546,131584,2909,true,1
fp16,1,257,1,256,257,baseline_fused,4,0,100,109.337596893,165508,1.51373365341,131584,2909,true,1
fp16,1,257,1,256,257,optimized_fused,4,1,100,46.1439990997,165508,3.58677191464,131584,2909,true,1
fp16,1,257,1,256,257,warp32_transform,4,2,100,33.5488009453,263168,7.84433400255,131584,2909,true,1
fp16,1,257,1,256,257,warp32_split,4,3,100,71.6544008255,428676,5.98254950235,131584,2909,true,1
fp16,1,257,1,256,257,warp32_fused,4,4,100,40.8383989334,165508,4.05275437634,131584,2909,true,1
fp16,1,257,1,256,257,baseline_transform,4,5,100,49.1584014893,263168,5.35346943813,131584,2909,true,1
fp16,1,257,1,256,257,optimized_transform,4,6,100,52.4032020569,263168,5.02198319321,131584,2909,true,1
fp16,1,257,1,256,257,baseline_split,4,7,100,150.816001892,428676,2.84237743092,131584,2909,true,1
fp16,1,257,1,256,257,optimized_split,4,8,100,91.0272026062,428676,4.70931751967,131584,2909,true,1
fp16,4,64,16,256,4096,baseline_transform,0,0,100,444.057617188,4194304,9.44540491517,2097152,2909,true,1
fp16,4,64,16,256,4096,optimized_transform,0,1,100,388.947181702,4194304,10.783736706,2097152,2909,true,1
fp16,4,64,16,256,4096,baseline_split,0,2,100,1102.86720276,6832128,6.19487820738,2097152,2909,true,1
fp16,4,64,16,256,4096,optimized_split,0,3,100,704.364776611,6832128,9.69970138608,2097152,2909,true,1
fp16,4,64,16,256,4096,baseline_fused,0,4,100,655.187225342,2637824,4.02606140348,2097152,2909,true,1
fp16,4,64,16,256,4096,optimized_fused,0,5,100,352.896003723,2637824,7.47479136111,2097152,2909,true,1
fp16,4,64,16,256,4096,warp32_transform,0,6,100,225.58719635,4194304,18.5928282627,2097152,2909,true,1
fp16,4,64,16,256,4096,warp32_split,0,7,100,562.739181519,6832128,12.1408429062,2097152,2909,true,1
fp16,4,64,16,256,4096,warp32_fused,0,8,100,330.956802368,2637824,7.97029697267,2097152,2909,true,1
fp16,4,64,16,256,4096,optimized_transform,1,0,100,387.635192871,4194304,10.8202353066,2097152,2909,true,1
fp16,4,64,16,256,4096,baseline_split,1,1,100,1104.10881042,6832128,6.1879118575,2097152,2909,true,1
fp16,4,64,16,256,4096,optimized_split,1,2,100,703.3984375,6832128,9.7130269784,2097152,2909,true,1
fp16,4,64,16,256,4096,baseline_fused,1,3,100,654.003219604,2637824,4.03335017463,2097152,2909,true,1
fp16,4,64,16,256,4096,optimized_fused,1,4,100,351.884803772,2637824,7.49627142668,2097152,2909,true,1
fp16,4,64,16,256,4096,warp32_transform,1,5,100,226.547203064,4194304,18.5140400909,2097152,2909,true,1
fp16,4,64,16,256,4096,warp32_split,1,6,100,564.121589661,6832128,12.1110911641,2097152,2909,true,1
fp16,4,64,16,256,4096,warp32_fused,1,7,100,328.953590393,2637824,8.01883328541,2097152,2909,true,1
fp16,4,64,16,256,4096,baseline_transform,1,8,100,441.06880188,4194304,9.50940982931,2097152,2909,true,1
fp16,4,64,16,256,4096,baseline_split,2,0,100,1100.78720093,6832128,6.20658379226,2097152,2909,true,1
fp16,4,64,16,256,4096,optimized_split,2,1,100,705.446395874,6832128,9.68482940725,2097152,2909,true,1
fp16,4,64,16,256,4096,baseline_fused,2,2,100,652.998428345,2637824,4.03955643,2097152,2909,true,1
fp16,4,64,16,256,4096,optimized_fused,2,3,100,352.972793579,2637824,7.47316520702,2097152,2909,true,1
fp16,4,64,16,256,4096,warp32_transform,2,4,100,227.37279892,4194304,18.446815186,2097152,2909,true,1
fp16,4,64,16,256,4096,warp32_split,2,5,100,563.539199829,6832128,12.1236073765,2097152,2909,true,1
fp16,4,64,16,256,4096,warp32_fused,2,6,100,331.078414917,2637824,7.96736930332,2097152,2909,true,1
fp16,4,64,16,256,4096,baseline_transform,2,7,100,441.849594116,4194304,9.49260575511,2097152,2909,true,1
fp16,4,64,16,256,4096,optimized_transform,2,8,100,388.019218445,4194304,10.8095264374,2097152,2909,true,1
fp16,4,64,16,256,4096,optimized_split,3,0,100,705.939178467,6832128,9.67806888809,2097152,2909,true,1
fp16,4,64,16,256,4096,baseline_fused,3,1,100,654.86076355,2637824,4.02806847932,2097152,2909,true,1
fp16,4,64,16,256,4096,optimized_fused,3,2,100,352.313613892,2637824,7.48714751855,2097152,2909,true,1
fp16,4,64,16,256,4096,warp32_transform,3,3,100,227.526397705,4194304,18.4343620886,2097152,2909,true,1
fp16,4,64,16,256,4096,warp32_split,3,4,100,563.302383423,6832128,12.128704229,2097152,2909,true,1
fp16,4,64,16,256,4096,warp32_fused,3,5,100,332.083206177,2637824,7.9432622636,2097152,2909,true,1
fp16,4,64,16,256,4096,baseline_transform,3,6,100,441.209602356,4194304,9.5063751505,2097152,2909,true,1
fp16,4,64,16,256,4096,optimized_transform,3,7,100,387.763214111,4194304,10.816662972,2097152,2909,true,1
fp16,4,64,16,256,4096,baseline_split,3,8,100,1104.85122681,6832128,6.18375382516,2097152,2909,true,1
fp16,4,64,16,256,4096,baseline_fused,4,0,100,654.207992554,2637824,4.03208769997,2097152,2909,true,1
fp16,4,64,16,256,4096,optimized_fused,4,1,100,352.748794556,2637824,7.4779107419,2097152,2909,true,1
fp16,4,64,16,256,4096,warp32_transform,4,2,100,227.110404968,4194304,18.4681278719,2097152,2909,true,1
fp16,4,64,16,256,4096,warp32_split,4,3,100,562.681617737,6832128,12.1420849458,2097152,2909,true,1
fp16,4,64,16,256,4096,warp32_fused,4,4,100,330.252799988,2637824,7.98728731474,2097152,2909,true,1
fp16,4,64,16,256,4096,baseline_transform,4,5,100,441.542396545,4194304,9.49921011621,2097152,2909,true,1
fp16,4,64,16,256,4096,optimized_transform,4,6,100,384.697608948,4194304,10.9028595511,2097152,2909,true,1
fp16,4,64,16,256,4096,baseline_split,4,7,100,1103.19358826,6832128,6.19304542079,2097152,2909,true,1
fp16,4,64,16,256,4096,optimized_split,4,8,100,705.497589111,6832128,9.68412664401,2097152,2909,true,1
fp16,16,64,16,256,16384,baseline_transform,0,0,100,1682.98233032,16777216,9.96874161881,8388608,2909,true,1
fp16,16,64,16,256,16384,optimized_transform,0,1,100,1482.25921631,16777216,11.3186788218,8388608,2909,true,1
fp16,16,64,16,256,16384,baseline_split,0,2,100,3950.77758789,27328512,6.91724891924,8388608,2909,true,1
fp16,16,64,16,256,16384,optimized_split,0,3,100,2080.47363281,27328512,13.1357165835,8388608,2909,true,1
fp16,16,64,16,256,16384,baseline_fused,0,4,100,2367.43041992,10551296,4.45685580079,8388608,2909,true,1
fp16,16,64,16,256,16384,optimized_fused,0,5,100,725.561599731,10551296,14.5422470041,8388608,2909,true,1
fp16,16,64,16,256,16384,warp32_transform,0,6,100,877.760009766,16777216,19.1136709503,8388608,2909,true,1
fp16,16,64,16,256,16384,warp32_split,0,7,100,2219.72473145,27328512,12.3116671238,8388608,2909,true,1
fp16,16,64,16,256,16384,warp32_fused,0,8,100,1321.42715454,10551296,7.98477310213,8388608,2909,true,1
fp16,16,64,16,256,16384,optimized_transform,1,0,100,1484.11514282,16777216,11.3045245048,8388608,2909,true,1
fp16,16,64,16,256,16384,baseline_split,1,1,100,3946.34887695,27328512,6.92501166321,8388608,2909,true,1
fp16,16,64,16,256,16384,optimized_split,1,2,100,2082.69439697,27328512,13.1217100501,8388608,2909,true,1
fp16,16,64,16,256,16384,baseline_fused,1,3,100,2367.32803345,10551296,4.45704855893,8388608,2909,true,1
fp16,16,64,16,256,16384,optimized_fused,1,4,100,725.311965942,10551296,14.5472520728,8388608,2909,true,1
fp16,16,64,16,256,16384,warp32_transform,1,5,100,876.985626221,16777216,19.1305484359,8388608,2909,true,1
fp16,16,64,16,256,16384,warp32_split,1,6,100,2220.03845215,27328512,12.3099273229,8388608,2909,true,1
fp16,16,64,16,256,16384,warp32_fused,1,7,100,1323.73123169,10551296,7.97087486297,8388608,2909,true,1
fp16,16,64,16,256,16384,baseline_transform,1,8,100,1678.20159912,16777216,9.9971398006,8388608,2909,true,1
fp16,16,64,16,256,16384,baseline_split,2,0,100,3954.68811035,27328512,6.91040892162,8388608,2909,true,1
fp16,16,64,16,256,16384,optimized_split,2,1,100,2082.11837769,27328512,13.125340179,8388608,2909,true,1
fp16,16,64,16,256,16384,baseline_fused,2,2,100,2366.67526245,10551296,4.45827789195,8388608,2909,true,1
fp16,16,64,16,256,16384,optimized_fused,2,3,100,725.696029663,10551296,14.5395531582,8388608,2909,true,1
fp16,16,64,16,256,16384,warp32_transform,2,4,100,877.580795288,16777216,19.1175742337,8388608,2909,true,1
fp16,16,64,16,256,16384,warp32_split,2,5,100,2221.70883179,27328512,12.3006721713,8388608,2909,true,1
fp16,16,64,16,256,16384,warp32_fused,2,6,100,1321.75354004,10551296,7.98280139253,8388608,2909,true,1
fp16,16,64,16,256,16384,baseline_transform,2,7,100,1679.2767334,16777216,9.99073926669,8388608,2909,true,1
fp16,16,64,16,256,16384,optimized_transform,2,8,100,1484.49279785,16777216,11.3016486333,8388608,2909,true,1
fp16,16,64,16,256,16384,optimized_split,3,0,100,2080.87677002,27328512,13.1331717446,8388608,2909,true,1
fp16,16,64,16,256,16384,baseline_fused,3,1,100,2366.56646729,10551296,4.45848284671,8388608,2909,true,1
fp16,16,64,16,256,16384,optimized_fused,3,2,100,724.851226807,10551296,14.5564987818,8388608,2909,true,1
fp16,16,64,16,256,16384,warp32_transform,3,3,100,877.203216553,16777216,19.1258031017,8388608,2909,true,1
fp16,16,64,16,256,16384,warp32_split,3,4,100,2223.70559692,27328512,12.2896268453,8388608,2909,true,1
fp16,16,64,16,256,16384,warp32_fused,3,5,100,1325.45272827,10551296,7.96052229924,8388608,2909,true,1
fp16,16,64,16,256,16384,baseline_transform,3,6,100,1676.88323975,16777216,10.0049995148,8388608,2909,true,1
fp16,16,64,16,256,16384,optimized_transform,3,7,100,1482.55355835,16777216,11.3164316429,8388608,2909,true,1
fp16,16,64,16,256,16384,baseline_split,3,8,100,3948.00628662,27328512,6.92210447907,8388608,2909,true,1
fp16,16,64,16,256,16384,baseline_fused,4,0,100,2367.08480835,10551296,4.45750653411,8388608,2909,true,1
fp16,16,64,16,256,16384,optimized_fused,4,1,100,725.09437561,10551296,14.5516174927,8388608,2909,true,1
fp16,16,64,16,256,16384,warp32_transform,4,2,100,876.806411743,16777216,19.1344586163,8388608,2909,true,1
fp16,16,64,16,256,16384,warp32_split,4,3,100,2216.44165039,27328512,12.3299036522,8388608,2909,true,1
fp16,16,64,16,256,16384,warp32_fused,4,4,100,1324.53125,10551296,7.96606044591,8388608,2909,true,1
fp16,16,64,16,256,16384,baseline_transform,4,5,100,1676.88323975,16777216,10.0049995148,8388608,2909,true,1
fp16,16,64,16,256,16384,optimized_transform,4,6,100,1482.5920105,16777216,11.3161381427,8388608,2909,true,1
fp16,16,64,16,256,16384,baseline_split,4,7,100,3948.16009521,27328512,6.92183481443,8388608,2909,true,1
fp16,16,64,16,256,16384,optimized_split,4,8,100,2082.13119507,27328512,13.1252593807,8388608,2909,true,1
bf16,1,1,1,64,1,baseline_transform,0,0,100,15.8975994587,256,0.0161030601296,128,2909,true,1
bf16,1,1,1,64,1,optimized_transform,0,1,100,15.7887995243,256,0.0162140256202,128,2909,true,1
bf16,1,1,1,64,1,baseline_split,0,2,100,35.1487994194,420,0.011949199032,128,2909,true,1
bf16,1,1,1,64,1,optimized_split,0,3,100,31.1488008499,420,0.0134836651345,128,2909,true,1
bf16,1,1,1,64,1,baseline_fused,0,4,100,22.1567988396,164,0.00740179125999,128,2909,true,1
bf16,1,1,1,64,1,optimized_fused,0,5,100,17.9711997509,164,0.0091257123772,128,2909,true,1
bf16,1,1,1,64,1,warp32_transform,0,6,100,15.2768003941,256,0.01675743568,128,2909,true,1
bf16,1,1,1,64,1,warp32_split,0,7,100,29.8368000984,420,0.0140765765301,128,2909,true,1
bf16,1,1,1,64,1,warp32_fused,0,8,100,15.2831995487,164,0.0107307373353,128,2909,true,1
bf16,1,1,1,64,1,optimized_transform,1,0,100,15.7887995243,256,0.0162140256202,128,2909,true,1
bf16,1,1,1,64,1,baseline_split,1,1,100,35.2575993538,420,0.0119123255042,128,2909,true,1
bf16,1,1,1,64,1,optimized_split,1,2,100,31.2703990936,420,0.013431232481,128,2909,true,1
bf16,1,1,1,64,1,baseline_fused,1,3,100,22.1311998367,164,0.00741035285976,128,2909,true,1
bf16,1,1,1,64,1,optimized_fused,1,4,100,17.9200005531,164,0.0091517854318,128,2909,true,1
bf16,1,1,1,64,1,warp32_transform,1,5,100,15.2831995487,256,0.0167504192551,128,2909,true,1
bf16,1,1,1,64,1,warp32_split,1,6,100,29.9711990356,420,0.0140134533657,128,2909,true,1
bf16,1,1,1,64,1,warp32_fused,1,7,100,15.2831995487,164,0.0107307373353,128,2909,true,1
bf16,1,1,1,64,1,baseline_transform,1,8,100,15.9552001953,256,0.0160449255958,128,2909,true,1
bf16,1,1,1,64,1,baseline_split,2,0,100,35.2575993538,420,0.0119123255042,128,2909,true,1
bf16,1,1,1,64,1,optimized_split,2,1,100,31.2576007843,420,0.0134367318496,128,2909,true,1
bf16,1,1,1,64,1,baseline_fused,2,2,100,22.2144007683,164,0.00738259841941,128,2909,true,1
bf16,1,1,1,64,1,optimized_fused,2,3,100,17.8623998165,164,0.00918129712047,128,2909,true,1
bf16,1,1,1,64,1,warp32_transform,2,4,100,15.1935994625,256,0.0168492002591,128,2909,true,1
bf16,1,1,1,64,1,warp32_split,2,5,100,29.8623991013,420,0.0140645096389,128,2909,true,1
bf16,1,1,1,64,1,warp32_fused,2,6,100,15.2639997005,164,0.0107442350116,128,2909,true,1
bf16,1,1,1,64,1,baseline_transform,2,7,100,15.8975994587,256,0.0161030601296,128,2909,true,1
bf16,1,1,1,64,1,optimized_transform,2,8,100,15.7439994812,256,0.0162601631374,128,2909,true,1
bf16,1,1,1,64,1,optimized_split,3,0,100,31.2768006325,420,0.0134284834608,128,2909,true,1
bf16,1,1,1,64,1,baseline_fused,3,1,100,22.2207999229,164,0.00738047237582,128,2909,true,1
bf16,1,1,1,64,1,optimized_fused,3,2,100,17.8559994698,164,0.00918458808636,128,2909,true,1
bf16,1,1,1,64,1,warp32_transform,3,3,100,15.1935994625,256,0.0168492002591,128,2909,true,1
bf16,1,1,1,64,1,warp32_split,3,4,100,29.8496007919,420,0.0140705399354,128,2909,true,1
bf16,1,1,1,64,1,warp32_fused,3,5,100,15.3216004372,164,0.0107038426353,128,2909,true,1
bf16,1,1,1,64,1,baseline_transform,3,6,100,15.8527994156,256,0.01614856741,128,2909,true,1
bf16,1,1,1,64,1,optimized_transform,3,7,100,15.7439994812,256,0.0162601631374,128,2909,true,1
bf16,1,1,1,64,1,baseline_split,3,8,100,35.2575993538,420,0.0119123255042,128,2909,true,1
bf16,1,1,1,64,1,baseline_fused,4,0,100,22.1632003784,164,0.0073996533533,128,2909,true,1
bf16,1,1,1,64,1,optimized_fused,4,1,100,17.9200005531,164,0.0091517854318,128,2909,true,1
bf16,1,1,1,64,1,warp32_transform,4,2,100,15.2576005459,256,0.0167785228896,128,2909,true,1
bf16,1,1,1,64,1,warp32_split,4,3,100,29.9584007263,420,0.0140194399506,128,2909,true,1
bf16,1,1,1,64,1,warp32_fused,4,4,100,15.2768003941,164,0.0107352322325,128,2909,true,1
bf16,1,1,1,64,1,baseline_transform,4,5,100,15.9552001953,256,0.0160449255958,128,2909,true,1
bf16,1,1,1,64,1,optimized_transform,4,6,100,15.6672000885,256,0.0163398691887,128,2909,true,1
bf16,1,1,1,64,1,baseline_split,4,7,100,35.2575993538,420,0.0119123255042,128,2909,true,1
bf16,1,1,1,64,1,optimized_split,4,8,100,31.2703990936,420,0.013431232481,128,2909,true,1
bf16,1,17,1,64,17,baseline_transform,0,0,100,17.5935995579,4352,0.247362683553,2176,2909,true,1
bf16,1,17,1,64,17,optimized_transform,0,1,100,17.2992002964,4352,0.251572322734,2176,2909,true,1
bf16,1,17,1,64,17,baseline_split,0,2,100,38.4064006805,7140,0.185906512287,2176,2909,true,1
bf16,1,17,1,64,17,optimized_split,0,3,100,34.3488001823,7140,0.207867522653,2176,2909,true,1
bf16,1,17,1,64,17,baseline_fused,0,4,100,23.8655996323,2788,0.116820865302,2176,2909,true,1
bf16,1,17,1,64,17,optimized_fused,0,5,100,19.3728005886,2788,0.143913110923,2176,2909,true,1
bf16,1,17,1,64,17,warp32_transform,0,6,100,17.7664005756,4352,0.244956764398,2176,2909,true,1
bf16,1,17,1,64,17,warp32_split,0,7,100,34.5792007446,7140,0.20648250527,2176,2909,true,1
bf16,1,17,1,64,17,warp32_fused,0,8,100,17.9263997078,2788,0.155524815102,2176,2909,true,1
bf16,1,17,1,64,17,optimized_transform,1,0,100,17.2927999496,4352,0.251665433745,2176,2909,true,1
bf16,1,17,1,64,17,baseline_split,1,1,100,38.4191989899,7140,0.185844582597,2176,2909,true,1
bf16,1,17,1,64,17,optimized_split,1,2,100,34.3359994888,7140,0.207945017075,2176,2909,true,1
bf16,1,17,1,64,17,baseline_fused,1,3,100,23.8527989388,2788,0.116883557655,2176,2909,true,1
bf16,1,17,1,64,17,optimized_fused,1,4,100,19.3599998951,2788,0.144008265243,2176,2909,true,1
bf16,1,17,1,64,17,warp32_transform,1,5,100,17.7664005756,4352,0.244956764398,2176,2909,true,1
bf16,1,17,1,64,17,warp32_split,1,6,100,34.5855998993,7140,0.206444301119,2176,2909,true,1
bf16,1,17,1,64,17,warp32_fused,1,7,100,17.9071998596,2788,0.155691566624,2176,2909,true,1
bf16,1,17,1,64,17,baseline_transform,1,8,100,17.5360000134,4352,0.248175182293,2176,2909,true,1
bf16,1,17,1,64,17,baseline_split,2,0,100,38.4191989899,7140,0.185844582597,2176,2909,true,1
bf16,1,17,1,64,17,optimized_split,2,1,100,34.3359994888,7140,0.207945017075,2176,2909,true,1
bf16,1,17,1,64,17,baseline_fused,2,2,100,23.8271999359,2788,0.117009132735,2176,2909,true,1
bf16,1,17,1,64,17,optimized_fused,2,3,100,19.4495999813,2788,0.143344850417,2176,2909,true,1
bf16,1,17,1,64,17,warp32_transform,2,4,100,17.5743997097,4352,0.247632924702,2176,2909,true,1
bf16,1,17,1,64,17,warp32_split,2,5,100,34.5088005066,7140,0.206903743253,2176,2909,true,1
bf16,1,17,1,64,17,warp32_fused,2,6,100,17.804800272,2788,0.156586985387,2176,2909,true,1
bf16,1,17,1,64,17,baseline_transform,2,7,100,17.5551998615,4352,0.247903756968,2176,2909,true,1
bf16,1,17,1,64,17,optimized_transform,2,8,100,17.2927999496,4352,0.251665433745,2176,2909,true,1
bf16,1,17,1,64,17,optimized_split,3,0,100,34.4639992714,7140,0.20717270633,2176,2909,true,1
bf16,1,17,1,64,17,baseline_fused,3,1,100,23.8143992424,2788,0.117072027374,2176,2909,true,1
bf16,1,17,1,64,17,optimized_fused,3,2,100,19.4175994396,2788,0.143581085225,2176,2909,true,1
bf16,1,17,1,64,17,warp32_transform,3,3,100,17.6064002514,4352,0.247182839073,2176,2909,true,1
bf16,1,17,1,64,17,warp32_split,3,4,100,34.6560001373,7140,0.206024929932,2176,2909,true,1
bf16,1,17,1,64,17,warp32_fused,3,5,100,17.7919995785,2788,0.156699644,2176,2909,true,1
bf16,1,17,1,64,17,baseline_transform,3,6,100,17.5808000565,4352,0.24754277314,2176,2909,true,1
bf16,1,17,1,64,17,optimized_transform,3,7,100,17.2544002533,4352,0.252225515585,2176,2909,true,1
bf16,1,17,1,64,17,baseline_split,3,8,100,38.4256005287,7140,0.185813621694,2176,2909,true,1
bf16,1,17,1,64,17,baseline_fused,4,0,100,23.8592004776,2788,0.116852197232,2176,2909,true,1
bf16,1,17,1,64,17,optimized_fused,4,1,100,19.3216001987,2788,0.144294466883,2176,2909,true,1
bf16,1,17,1,64,17,warp32_transform,4,2,100,17.8175997734,4352,0.244252876669,2176,2909,true,1
bf16,1,17,1,64,17,warp32_split,4,3,100,34.7135996819,7140,0.205683077106,2176,2909,true,1
bf16,1,17,1,64,17,warp32_fused,4,4,100,17.9392004013,2788,0.155413838835,2176,2909,true,1
bf16,1,17,1,64,17,baseline_transform,4,5,100,17.5039994717,4352,0.248628892331,2176,2909,true,1
bf16,1,17,1,64,17,optimized_transform,4,6,100,17.3440003395,4352,0.250922504313,2176,2909,true,1
bf16,1,17,1,64,17,baseline_split,4,7,100,38.4319996834,7140,0.18578268263,2176,2909,true,1
bf16,1,17,1,64,17,optimized_split,4,8,100,34.3424010277,7140,0.207906255426,2176,2909,true,1
bf16,1,257,1,64,257,baseline_transform,0,0,100,36.031999588,65792,1.82593252532,32896,2909,true,1
bf16,1,257,1,64,257,optimized_transform,0,1,100,36.8639993668,65792,1.78472225288,32896,2909,true,1
bf16,1,257,1,64,257,baseline_split,0,2,100,73.8112020493,107940,1.46237965245,32896,2909,true,1
bf16,1,257,1,64,257,optimized_split,0,3,100,71.1679983139,107940,1.51669293162,32896,2909,true,1
bf16,1,257,1,64,257,baseline_fused,0,4,100,42.1248006821,42148,1.00055072825,32896,2909,true,1
bf16,1,257,1,64,257,optimized_fused,0,5,100,38.1568002701,42148,1.10459995864,32896,2909,true,1
bf16,1,257,1,64,257,warp32_transform,0,6,100,23.4112000465,65792,2.81027883531,32896,2909,true,1
bf16,1,257,1,64,257,warp32_split,0,7,100,44.1408014297,107940,2.44535659761,32896,2909,true,1
bf16,1,257,1,64,257,warp32_fused,0,8,100,23.2191991806,42148,1.81522194939,32896,2909,true,1
bf16,1,257,1,64,257,optimized_transform,1,0,100,36.8831992149,65792,1.78379320125,32896,2909,true,1
bf16,1,257,1,64,257,baseline_split,1,1,100,74.2015981674,107940,1.45468564918,32896,2909,true,1
bf16,1,257,1,64,257,optimized_split,1,2,100,71.3280010223,107940,1.51329069163,32896,2909,true,1
bf16,1,257,1,64,257,baseline_fused,1,3,100,42.1184015274,42148,1.00070274444,32896,2909,true,1
bf16,1,257,1,64,257,optimized_fused,1,4,100,38.1247997284,42148,1.10552711884,32896,2909,true,1
bf16,1,257,1,64,257,warp32_transform,1,5,100,23.4752011299,65792,2.8026170952,32896,2909,true,1
bf16,1,257,1,64,257,warp32_split,1,6,100,43.5391998291,107940,2.47914523978,32896,2909,true,1
bf16,1,257,1,64,257,warp32_fused,1,7,100,23.4175992012,42148,1.79984291463,32896,2909,true,1
bf16,1,257,1,64,257,baseline_transform,1,8,100,36.0831999779,65792,1.82334161162,32896,2909,true,1
bf16,1,257,1,64,257,baseline_split,2,0,100,74.3039989471,107940,1.45268089914,32896,2909,true,1
bf16,1,257,1,64,257,optimized_split,2,1,100,70.7456016541,107940,1.52574856212,32896,2909,true,1
bf16,1,257,1,64,257,baseline_fused,2,2,100,41.958398819,42148,1.00451878971,32896,2909,true,1
bf16,1,257,1,64,257,optimized_fused,2,3,100,37.9776000977,42148,1.10981209691,32896,2909,true,1
bf16,1,257,1,64,257,warp32_transform,2,4,100,23.398399353,65792,2.81181627031,32896,2909,true,1
bf16,1,257,1,64,257,warp32_split,2,5,100,44.2367982864,107940,2.44005000771,32896,2909,true,1
bf16,1,257,1,64,257,warp32_fused,2,6,100,23.3599996567,42148,1.80428084844,32896,2909,true,1
bf16,1,257,1,64,257,baseline_transform,2,7,100,36.0191988945,65792,1.82658143488,32896,2909,true,1
bf16,1,257,1,64,257,optimized_transform,2,8,100,36.9151997566,65792,1.78224689108,32896,2909,true,1
bf16,1,257,1,64,257,optimized_split,3,0,100,70.8479976654,107940,1.52354341064,32896,2909,true,1
bf16,1,257,1,64,257,baseline_fused,3,1,100,41.9903993607,42148,1.00375325412,32896,2909,true,1
bf16,1,257,1,64,257,optimized_fused,3,2,100,38.0031991005,42148,1.10906452608,32896,2909,true,1
bf16,1,257,1,64,257,warp32_transform,3,3,100,23.3791995049,65792,2.814125436,32896,2909,true,1
bf16,1,257,1,64,257,warp32_split,3,4,100,45.292801857,107940,2.38316013968,32896,2909,true,1
bf16,1,257,1,64,257,warp32_fused,3,5,100,23.2448005676,42148,1.81322269801,32896,2909,true,1
bf16,1,257,1,64,257,baseline_transform,3,6,100,35.9744000435,65792,1.82885607322,32896,2909,true,1
bf16,1,257,1,64,257,optimized_transform,3,7,100,37.0368003845,65792,1.77639535049,32896,2909,true,1
bf16,1,257,1,64,257,baseline_split,3,8,100,74.2015981674,107940,1.45468564918,32896,2909,true,1
bf16,1,257,1,64,257,baseline_fused,4,0,100,42.1184015274,42148,1.00070274444,32896,2909,true,1
bf16,1,257,1,64,257,optimized_fused,4,1,100,38.041601181,42148,1.10794495214,32896,2909,true,1
bf16,1,257,1,64,257,warp32_transform,4,2,100,23.3920001984,65792,2.81258547547,32896,2909,true,1
bf16,1,257,1,64,257,warp32_split,4,3,100,44.4095993042,107940,2.43055559364,32896,2909,true,1
bf16,1,257,1,64,257,warp32_fused,4,4,100,23.6671996117,42148,1.78086130559,32896,2909,true,1
bf16,1,257,1,64,257,baseline_transform,4,5,100,36.031999588,65792,1.82593252532,32896,2909,true,1
bf16,1,257,1,64,257,optimized_transform,4,6,100,36.8768000603,65792,1.78410273919,32896,2909,true,1
bf16,1,257,1,64,257,baseline_split,4,7,100,74.1824007034,107940,1.45506210336,32896,2909,true,1
bf16,1,257,1,64,257,optimized_split,4,8,100,70.2527999878,107940,1.53645121645,32896,2909,true,1
bf16,4,64,16,64,4096,baseline_transform,0,0,100,167.238407135,1048576,6.26994730435,524288,2909,true,1
bf16,4,64,16,64,4096,optimized_transform,0,1,100,158.886404037,1048576,6.59953258022,524288,2909,true,1
bf16,4,64,16,64,4096,baseline_split,0,2,100,306.816005707,1720320,5.60700865666,524288,2909,true,1
bf16,4,64,16,64,4096,optimized_split,0,3,100,274.259204865,1720320,6.27260624069,524288,2909,true,1
bf16,4,64,16,64,4096,baseline_fused,0,4,100,159.206399918,671744,4.2193278684,524288,2909,true,1
bf16,4,64,16,64,4096,optimized_fused,0,5,100,129.183998108,671744,5.19990099268,524288,2909,true,1
bf16,4,64,16,64,4096,warp32_transform,0,6,100,96.0447978973,1048576,10.9175720388,524288,2909,true,1
bf16,4,64,16,64,4096,warp32_split,0,7,100,242.912006378,1720320,7.08207068745,524288,2909,true,1
bf16,4,64,16,64,4096,warp32_fused,0,8,100,143.507204056,671744,4.68090786396,524288,2909,true,1
bf16,4,64,16,64,4096,optimized_transform,1,0,100,158.796796799,1048576,6.60325662192,524288,2909,true,1
bf16,4,64,16,64,4096,baseline_split,1,1,100,307.596797943,1720320,5.59277603507,524288,2909,true,1
bf16,4,64,16,64,4096,optimized_split,1,2,100,274.41280365,1720320,6.26909523578,524288,2909,true,1
bf16,4,64,16,64,4096,baseline_fused,1,3,100,158.566398621,671744,4.23635780243,524288,2909,true,1
bf16,4,64,16,64,4096,optimized_fused,1,4,100,129.888000488,671744,5.17171715228,524288,2909,true,1
bf16,4,64,16,64,4096,warp32_transform,1,5,100,96.639995575,1048576,10.8503316227,524288,2909,true,1
bf16,4,64,16,64,4096,warp32_split,1,6,100,243.308792114,1720320,7.07052131183,524288,2909,true,1
bf16,4,64,16,64,4096,warp32_fused,1,7,100,143.596801758,671744,4.67798719593,524288,2909,true,1
bf16,4,64,16,64,4096,baseline_transform,1,8,100,167.430400848,1048576,6.26275750812,524288,2909,true,1
bf16,4,64,16,64,4096,baseline_split,2,0,100,307.443199158,1720320,5.59557018894,524288,2909,true,1
bf16,4,64,16,64,4096,optimized_split,2,1,100,275.475196838,1720320,6.2449179445,524288,2909,true,1
bf16,4,64,16,64,4096,baseline_fused,2,2,100,158.188800812,671744,4.24647001907,524288,2909,true,1
bf16,4,64,16,64,4096,optimized_fused,2,3,100,129.299201965,671744,5.19526795053,524288,2909,true,1
bf16,4,64,16,64,4096,warp32_transform,2,4,100,96.2368011475,1048576,10.8957902538,524288,2909,true,1
bf16,4,64,16,64,4096,warp32_split,2,5,100,242.579193115,1720320,7.09178713107,524288,2909,true,1
bf16,4,64,16,64,4096,warp32_fused,2,6,100,143.17440033,671744,4.69178846535,524288,2909,true,1
bf16,4,64,16,64,4096,baseline_transform,2,7,100,166.796798706,1048576,6.28654751251,524288,2909,true,1
bf16,4,64,16,64,4096,optimized_transform,2,8,100,158.617601395,1048576,6.61071653322,524288,2909,true,1
bf16,4,64,16,64,4096,optimized_split,3,0,100,274.892807007,1720320,6.25814847151,524288,2909,true,1
bf16,4,64,16,64,4096,baseline_fused,3,1,100,158.828802109,671744,4.22935885105,524288,2909,true,1
bf16,4,64,16,64,4096,optimized_fused,3,2,100,128.806400299,671744,5.21514457698,524288,2909,true,1
bf16,4,64,16,64,4096,warp32_transform,3,3,100,94.8287963867,1048576,11.0575694299,524288,2909,true,1
bf16,4,64,16,64,4096,warp32_split,3,4,100,242.873592377,1720320,7.08319082023,524288,2909,true,1
bf16,4,64,16,64,4096,warp32_fused,3,5,100,142.579202652,671744,4.7113743625,524288,2909,true,1
bf16,4,64,16,64,4096,baseline_transform,3,6,100,166.566390991,1048576,6.2952435588,524288,2909,true,1
bf16,4,64,16,64,4096,optimized_transform,3,7,100,157.855997086,1048576,6.64261110987,524288,2909,true,1
bf16,4,64,16,64,4096,baseline_split,3,8,100,307.366409302,1720320,5.59696813945,524288,2909,true,1
bf16,4,64,16,64,4096,baseline_fused,4,0,100,159.09119606,671744,4.22238324078,524288,2909,true,1
bf16,4,64,16,64,4096,optimized_fused,4,1,100,128.74879837,671744,5.21747782117,524288,2909,true,1
bf16,4,64,16,64,4096,warp32_transform,4,2,100,96.5248012543,1048576,10.8632805908,524288,2909,true,1
bf16,4,64,16,64,4096,warp32_split,4,3,100,242.796802521,1720320,7.08543103591,524288,2909,true,1
bf16,4,64,16,64,4096,warp32_fused,4,4,100,143.212795258,671744,4.6905306107,524288,2909,true,1
bf16,4,64,16,64,4096,baseline_transform,4,5,100,166.495990753,1048576,6.29790540455,524288,2909,true,1
bf16,4,64,16,64,4096,optimized_transform,4,6,100,157.536001205,1048576,6.65610395069,524288,2909,true,1
bf16,4,64,16,64,4096,baseline_split,4,7,100,308.121604919,1720320,5.58325016011,524288,2909,true,1
bf16,4,64,16,64,4096,optimized_split,4,8,100,274.976005554,1720320,6.25625496498,524288,2909,true,1
bf16,16,64,16,64,16384,baseline_transform,0,0,100,467.884788513,4194304,8.96439487449,2097152,2909,true,1
bf16,16,64,16,64,16384,optimized_transform,0,1,100,462.816009521,4194304,9.06257327688,2097152,2909,true,1
bf16,16,64,16,64,16384,baseline_split,0,2,100,976.556777954,6881280,7.04647200792,2097152,2909,true,1
bf16,16,64,16,64,16384,optimized_split,0,3,100,903.724822998,6881280,7.61435320231,2097152,2909,true,1
bf16,16,64,16,64,16384,baseline_fused,0,4,100,567.526397705,2686976,4.73453924058,2097152,2909,true,1
bf16,16,64,16,64,16384,optimized_fused,0,5,100,475.315208435,2686976,5.65304024007,2097152,2909,true,1
bf16,16,64,16,64,16384,warp32_transform,0,6,100,325.52318573,4194304,12.8848087751,2097152,2909,true,1
bf16,16,64,16,64,16384,warp32_split,0,7,100,834.451217651,6881280,8.24647367568,2097152,2909,true,1
bf16,16,64,16,64,16384,warp32_fused,0,8,100,503.462409973,2686976,5.33699427559,2097152,2909,true,1
bf16,16,64,16,64,16384,optimized_transform,1,0,100,461.350402832,4194304,9.09136303827,2097152,2909,true,1
bf16,16,64,16,64,16384,baseline_split,1,1,100,976.550369263,6881280,7.04651825097,2097152,2909,true,1
bf16,16,64,16,64,16384,optimized_split,1,2,100,904.793624878,6881280,7.60535862631,2097152,2909,true,1
bf16,16,64,16,64,16384,baseline_fused,1,3,100,568.473587036,2686976,4.72665056262,2097152,2909,true,1
bf16,16,64,16,64,16384,optimized_fused,1,4,100,477.760009766,2686976,5.62411241016,2097152,2909,true,1
bf16,16,64,16,64,16384,warp32_transform,1,5,100,324.806404114,4194304,12.9132429253,2097152,2909,true,1
bf16,16,64,16,64,16384,warp32_split,1,6,100,833.759994507,6881280,8.2533103595,2097152,2909,true,1
bf16,16,64,16,64,16384,warp32_fused,1,7,100,501.523208618,2686976,5.35763042234,2097152,2909,true,1
bf16,16,64,16,64,16384,baseline_transform,1,8,100,467.443199158,4194304,8.97286345712,2097152,2909,true,1
bf16,16,64,16,64,16384,baseline_split,2,0,100,975.507202148,6881280,7.05405350657,2097152,2909,true,1
bf16,16,64,16,64,16384,optimized_split,2,1,100,904.083175659,6881280,7.61133509091,2097152,2909,true,1
bf16,16,64,16,64,16384,baseline_fused,2,2,100,569.056015015,2686976,4.72181284285,2097152,2909,true,1
bf16,16,64,16,64,16384,optimized_fused,2,3,100,475.884819031,2686976,5.64627383045,2097152,2909,true,1
bf16,16,64,16,64,16384,warp32_transform,2,4,100,332.793617249,4194304,12.6033186414,2097152,2909,true,1
bf16,16,64,16,64,16384,warp32_split,2,5,100,839.276809692,6881280,8.19905890468,2097152,2909,true,1
bf16,16,64,16,64,16384,warp32_fused,2,6,100,505.446395874,2686976,5.31604542427,2097152,2909,true,1
bf16,16,64,16,64,16384,baseline_transform,2,7,100,467.718391418,4194304,8.96758407827,2097152,2909,true,1
bf16,16,64,16,64,16384,optimized_transform,2,8,100,460.787200928,4194304,9.10247505043,2097152,2909,true,1
bf16,16,64,16,64,16384,optimized_split,3,0,100,904.345626831,6881280,7.60912619671,2097152,2909,true,1
bf16,16,64,16,64,16384,baseline_fused,3,1,100,567.36000061,2686976,4.73592780088,2097152,2909,true,1
bf16,16,64,16,64,16384,optimized_fused,3,2,100,476.524810791,2686976,5.63869066028,2097152,2909,true,1
bf16,16,64,16,64,16384,warp32_transform,3,3,100,330.892791748,4194304,12.675718857,2097152,2909,true,1
bf16,16,64,16,64,16384,warp32_split,3,4,100,834.771194458,6881280,8.24331271333,2097152,2909,true,1
bf16,16,64,16,64,16384,warp32_fused,3,5,100,502.77759552,2686976,5.34426359476,2097152,2909,true,1
bf16,16,64,16,64,16384,baseline_transform,3,6,100,465.65120697,4194304,9.00739424105,2097152,2909,true,1
bf16,16,64,16,64,16384,optimized_transform,3,7,100,460.134391785,4194304,9.11538905782,2097152,2909,true,1
bf16,16,64,16,64,16384,baseline_split,3,8,100,976.947174072,6881280,7.04365617981,2097152,2909,true,1
bf16,16,64,16,64,16384,baseline_fused,4,0,100,566.982383728,2686976,4.73908198405,2097152,2909,true,1
bf16,16,64,16,64,16384,optimized_fused,4,1,100,477.657585144,2686976,5.62531839454,2097152,2909,true,1
bf16,16,64,16,64,16384,warp32_transform,4,2,100,327.219200134,4194304,12.8180253429,2097152,2909,true,1
bf16,16,64,16,64,16384,warp32_split,4,3,100,832.083206177,6881280,8.26994217516,2097152,2909,true,1
bf16,16,64,16,64,16384,warp32_fused,4,4,100,502.707214355,2686976,5.34501181457,2097152,2909,true,1
bf16,16,64,16,64,16384,baseline_transform,4,5,100,464.319992065,4194304,9.03321862439,2097152,2909,true,1
bf16,16,64,16,64,16384,optimized_transform,4,6,100,462.04158783,4194304,9.07776293407,2097152,2909,true,1
bf16,16,64,16,64,16384,baseline_split,4,7,100,974.611206055,6881280,7.06053855861,2097152,2909,true,1
bf16,16,64,16,64,16384,optimized_split,4,8,100,906.278381348,6881280,7.59289876226,2097152,2909,true,1
bf16,1,1,1,128,1,baseline_transform,0,0,100,16.4031994343,512,0.0312134228479,256,2909,true,1
bf16,1,1,1,128,1,optimized_transform,0,1,100,16.4672005177,512,0.0310921093996,256,2909,true,1
bf16,1,1,1,128,1,baseline_split,0,2,100,41.1520004272,836,0.0203149298046,256,2909,true,1
bf16,1,1,1,128,1,optimized_split,0,3,100,32.0959997177,836,0.0260468596508,256,2909,true,1
bf16,1,1,1,128,1,baseline_fused,0,4,100,27.9936003685,324,0.0115740739217,256,2909,true,1
bf16,1,1,1,128,1,optimized_fused,0,5,100,18.6495995522,324,0.0173730271845,256,2909,true,1
bf16,1,1,1,128,1,warp32_transform,0,6,100,15.2831995487,512,0.0335008385101,256,2909,true,1
bf16,1,1,1,128,1,warp32_split,0,7,100,30.07999897,836,0.0277925541431,256,2909,true,1
bf16,1,1,1,128,1,warp32_fused,0,8,100,15.9423995018,324,0.0203231640233,256,2909,true,1
bf16,1,1,1,128,1,optimized_transform,1,0,100,16.4224004745,512,0.0311769281716,256,2909,true,1
bf16,1,1,1,128,1,baseline_split,1,1,100,41.1456012726,836,0.0203180892767,256,2909,true,1
bf16,1,1,1,128,1,optimized_split,1,2,100,32.2368001938,836,0.0259330949404,256,2909,true,1
bf16,1,1,1,128,1,baseline_fused,1,3,100,27.980799675,324,0.0115793688445,256,2909,true,1
bf16,1,1,1,128,1,optimized_fused,1,4,100,18.604799509,324,0.0174148611407,256,2909,true,1
bf16,1,1,1,128,1,warp32_transform,1,5,100,15.232000351,512,0.0336134446037,256,2909,true,1
bf16,1,1,1,128,1,warp32_split,1,6,100,30.0735998154,836,0.0277984679298,256,2909,true,1
bf16,1,1,1,128,1,warp32_fused,1,7,100,15.9360003471,324,0.0203313248583,256,2909,true,1
bf16,1,1,1,128,1,baseline_transform,1,8,100,16.4543998241,512,0.0311162974932,256,2909,true,1
bf16,1,1,1,128,1,baseline_split,2,0,100,41.1327981949,836,0.0203244135261,256,2909,true,1
bf16,1,1,1,128,1,optimized_split,2,1,100,32.2304010391,836,0.0259382438023,256,2909,true,1
bf16,1,1,1,128,1,baseline_fused,2,2,100,28.0575990677,324,0.0115476737414,256,2909,true,1
bf16,1,1,1,128,1,optimized_fused,2,3,100,18.5280001163,324,0.0174870465223,256,2909,true,1
bf16,1,1,1,128,1,warp32_transform,2,4,100,15.1935994625,512,0.0336984005182,256,2909,true,1
bf16,1,1,1,128,1,warp32_split,2,5,100,30.0096011162,836,0.0278577511498,256,2909,true,1
bf16,1,1,1,128,1,warp32_fused,2,6,100,16.0192000866,324,0.0202257290157,256,2909,true,1
bf16,1,1,1,128,1,baseline_transform,2,7,100,16.4031994343,512,0.0312134228479,256,2909,true,1
bf16,1,1,1,128,1,optimized_transform,2,8,100,16.4224004745,512,0.0311769281716,256,2909,true,1
bf16,1,1,1,128,1,optimized_split,3,0,100,32.2368001938,836,0.0259330949404,256,2909,true,1
bf16,1,1,1,128,1,baseline_fused,3,1,100,28.0640006065,324,0.0115450396593,256,2909,true,1
bf16,1,1,1,128,1,optimized_fused,3,2,100,18.5344004631,324,0.0174810078505,256,2909,true,1
bf16,1,1,1,128,1,warp32_transform,3,3,100,15.2383995056,512,0.0335993291035,256,2909,true,1
bf16,1,1,1,128,1,warp32_split,3,4,100,30.0096011162,836,0.0278577511498,256,2909,true,1
bf16,1,1,1,128,1,warp32_fused,3,5,100,16.0127997398,324,0.0202338132784,256,2909,true,1
bf16,1,1,1,128,1,baseline_transform,3,6,100,16.3584005833,512,0.0312989034224,256,2909,true,1
bf16,1,1,1,128,1,optimized_transform,3,7,100,16.4800000191,512,0.0310679611291,256,2909,true,1
bf16,1,1,1,128,1,baseline_split,3,8,100,41.1392021179,836,0.0203212497317,256,2909,true,1
bf16,1,1,1,128,1,baseline_fused,4,0,100,27.9679989815,324,0.0115846686141,256,2909,true,1
bf16,1,1,1,128,1,optimized_fused,4,1,100,18.6432003975,324,0.0173789903607,256,2909,true,1
bf16,1,1,1,128,1,warp32_transform,4,2,100,15.232000351,512,0.0336134446037,256,2909,true,1
bf16,1,1,1,128,1,warp32_split,4,3,100,30.07999897,836,0.0277925541431,256,2909,true,1
bf16,1,1,1,128,1,warp32_fused,4,4,100,15.891200304,324,0.0203886423808,256,2909,true,1
bf16,1,1,1,128,1,baseline_transform,4,5,100,16.4991998672,512,0.0310318078525,256,2909,true,1
bf16,1,1,1,128,1,optimized_transform,4,6,100,16.3199996948,512,0.0313725496063,256,2909,true,1
bf16,1,1,1,128,1,baseline_split,4,7,100,41.1520004272,836,0.0203149298046,256,2909,true,1
bf16,1,1,1,128,1,optimized_split,4,8,100,32.2368001938,836,0.0259330949404,256,2909,true,1
bf16,1,17,1,128,17,baseline_transform,0,0,100,18.5280001163,8704,0.469775472007,4352,2909,true,1
bf16,1,17,1,128,17,optimized_transform,0,1,100,18.4767997265,8704,0.471077249786,4352,2909,true,1
bf16,1,17,1,128,17,baseline_split,0,2,100,44.7103977203,14212,0.317867894822,4352,2909,true,1
bf16,1,17,1,128,17,optimized_split,0,3,100,35.8015990257,14212,0.396965509551,4352,2909,true,1
bf16,1,17,1,128,17,baseline_fused,0,4,100,29.6447992325,5508,0.185799875277,4352,2909,true,1
bf16,1,17,1,128,17,optimized_fused,0,5,100,20.0896000862,5508,0.274171709559,4352,2909,true,1
bf16,1,17,1,128,17,warp32_transform,0,6,100,19.8336005211,8704,0.438851230806,4352,2909,true,1
bf16,1,17,1,128,17,warp32_split,0,7,100,36.8319988251,14212,0.385860133942,4352,2909,true,1
bf16,1,17,1,128,17,warp32_fused,0,8,100,18.8095998764,5508,0.292829195527,4352,2909,true,1
bf16,1,17,1,128,17,optimized_transform,1,0,100,18.419200182,8704,0.472550377542,4352,2909,true,1
bf16,1,17,1,128,17,baseline_split,1,1,100,44.723200798,14212,0.317776897592,4352,2909,true,1
bf16,1,17,1,128,17,optimized_split,1,2,100,35.7951998711,14212,0.397036475594,4352,2909,true,1
bf16,1,17,1,128,17,baseline_fused,1,3,100,29.6447992325,5508,0.185799875277,4352,2909,true,1
bf16,1,17,1,128,17,optimized_fused,1,4,100,20.0832009315,5508,0.274259069497,4352,2909,true,1
bf16,1,17,1,128,17,warp32_transform,1,5,100,19.8720002174,8704,0.438003215819,4352,2909,true,1
bf16,1,17,1,128,17,warp32_split,1,6,100,36.8192005157,14212,0.385994258455,4352,2909,true,1
bf16,1,17,1,128,17,warp32_fused,1,7,100,18.7583994865,5508,0.29362846249,4352,2909,true,1
bf16,1,17,1,128,17,baseline_transform,1,8,100,18.4127998352,8704,0.472714637529,4352,2909,true,1
bf16,1,17,1,128,17,baseline_split,2,0,100,44.6655988693,14212,0.318186711021,4352,2909,true,1
bf16,1,17,1,128,17,optimized_split,2,1,100,35.7951998711,14212,0.397036475594,4352,2909,true,1
bf16,1,17,1,128,17,baseline_fused,2,2,100,29.5679998398,5508,0.186282468542,4352,2909,true,1
bf16,1,17,1,128,17,optimized_fused,2,3,100,20.0896000862,5508,0.274171709559,4352,2909,true,1
bf16,1,17,1,128,17,warp32_transform,2,4,100,19.7503995895,8704,0.44069994435,4352,2909,true,1
bf16,1,17,1,128,17,warp32_split,2,5,100,36.8063998222,14212,0.386128501256,4352,2909,true,1
bf16,1,17,1,128,17,warp32_fused,2,6,100,18.6688005924,5508,0.295037700613,4352,2909,true,1
bf16,1,17,1,128,17,baseline_transform,2,7,100,18.5215997696,8704,0.469937808196,4352,2909,true,1
bf16,1,17,1,128,17,optimized_transform,2,8,100,18.4256005287,8704,0.472386231669,4352,2909,true,1
bf16,1,17,1,128,17,optimized_split,3,0,100,35.7631993294,14212,0.397391739735,4352,2909,true,1
bf16,1,17,1,128,17,baseline_fused,3,1,100,29.5808005333,5508,0.186201857309,4352,2909,true,1
bf16,1,17,1,128,17,optimized_fused,3,2,100,20.1151990891,5508,0.273822793183,4352,2909,true,1
bf16,1,17,1,128,17,warp32_transform,3,3,100,19.7376000881,8704,0.440985730846,4352,2909,true,1
bf16,1,17,1,128,17,warp32_split,3,4,100,36.8000006676,14212,0.386195645168,4352,2909,true,1
bf16,1,17,1,128,17,warp32_fused,3,5,100,18.6624002457,5508,0.295138885004,4352,2909,true,1
bf16,1,17,1,128,17,baseline_transform,3,6,100,18.5151994228,8704,0.470100256618,4352,2909,true,1
bf16,1,17,1,128,17,optimized_transform,3,7,100,18.419200182,8704,0.472550377542,4352,2909,true,1
bf16,1,17,1,128,17,baseline_split,3,8,100,44.7168016434,14212,0.317822372748,4352,2909,true,1
bf16,1,17,1,128,17,baseline_fused,4,0,100,29.6192002296,5508,0.185960456639,4352,2909,true,1
bf16,1,17,1,128,17,optimized_fused,4,1,100,20.0640010834,5508,0.274521516277,4352,2909,true,1
bf16,1,17,1,128,17,warp32_transform,4,2,100,19.8591995239,8704,0.438285540639,4352,2909,true,1
bf16,1,17,1,128,17,warp32_split,4,3,100,36.9472002983,14212,0.384657020972,4352,2909,true,1
bf16,1,17,1,128,17,warp32_fused,4,4,100,18.7904000282,5508,0.293128405554,4352,2909,true,1
bf16,1,17,1,128,17,baseline_transform,4,5,100,18.419200182,8704,0.472550377542,4352,2909,true,1
bf16,1,17,1,128,17,optimized_transform,4,6,100,18.48960042,8704,0.470751114263,4352,2909,true,1
bf16,1,17,1,128,17,baseline_split,4,7,100,44.6655988693,14212,0.318186711021,4352,2909,true,1
bf16,1,17,1,128,17,optimized_split,4,8,100,35.7696008682,14212,0.397320620165,4352,2909,true,1
bf16,1,257,1,128,257,baseline_transform,0,0,100,44.2112016678,131584,2.97625929711,65792,2909,true,1
bf16,1,257,1,128,257,optimized_transform,0,1,100,42.1248006821,131584,3.12367056626,65792,2909,true,1
bf16,1,257,1,128,257,baseline_split,0,2,100,103.795204163,214852,2.06996076296,65792,2909,true,1
bf16,1,257,1,128,257,optimized_split,0,3,100,75.942401886,214852,2.82914412323,65792,2909,true,1
bf16,1,257,1,128,257,baseline_fused,0,4,100,68.4672021866,83268,1.21617354501,65792,2909,true,1
bf16,1,257,1,128,257,optimized_fused,0,5,100,39.6031999588,83268,2.10255737129,65792,2909,true,1
bf16,1,257,1,128,257,warp32_transform,0,6,100,28.2112002373,131584,4.66424678473,65792,2909,true,1
bf16,1,257,1,128,257,warp32_split,0,7,100,55.8975982666,214852,3.84367140383,65792,2909,true,1
bf16,1,257,1,128,257,warp32_fused,0,8,100,28.1471991539,83268,2.95830500025,65792,2909,true,1
bf16,1,257,1,128,257,optimized_transform,1,0,100,41.9456005096,131584,3.1370155249,65792,2909,true,1
bf16,1,257,1,128,257,baseline_split,1,1,100,103.744001389,214852,2.07098239054,65792,2909,true,1
bf16,1,257,1,128,257,optimized_split,1,2,100,76.620798111,214852,2.80409504073,65792,2909,true,1
bf16,1,257,1,128,257,baseline_fused,1,3,100,68.4607982635,83268,1.21628730766,65792,2909,true,1
bf16,1,257,1,128,257,optimized_fused,1,4,100,39.6031999588,83268,2.10255737129,65792,2909,true,1
bf16,1,257,1,128,257,warp32_transform,1,5,100,28.4479999542,131584,4.62542182972,65792,2909,true,1
bf16,1,257,1,128,257,warp32_split,1,6,100,56.3136005402,214852,3.81527726764,65792,2909,true,1
bf16,1,257,1,128,257,warp32_fused,1,7,100,28.1087994576,83268,2.96234636864,65792,2909,true,1
bf16,1,257,1,128,257,baseline_transform,1,8,100,43.3215999603,131584,3.03737627697,65792,2909,true,1
bf16,1,257,1,128,257,baseline_split,2,0,100,102.502403259,214852,2.09606792786,65792,2909,true,1
bf16,1,257,1,128,257,optimized_split,2,1,100,76.2559986115,214852,2.81750949318,65792,2909,true,1
bf16,1,257,1,128,257,baseline_fused,2,2,100,68.4863996506,83268,1.21583263867,65792,2909,true,1
bf16,1,257,1,128,257,optimized_fused,2,3,100,39.692800045,83268,2.09781118756,65792,2909,true,1
bf16,1,257,1,128,257,warp32_transform,2,4,100,27.5135993958,131584,4.78250766493,65792,2909,true,1
bf16,1,257,1,128,257,warp32_split,2,5,100,56.7551994324,214852,3.78559149027,65792,2909,true,1
bf16,1,257,1,128,257,warp32_fused,2,6,100,28.243200779,83268,2.94824940883,65792,2909,true,1
bf16,1,257,1,128,257,baseline_transform,2,7,100,44.1535997391,131584,2.98014206718,65792,2909,true,1
bf16,1,257,1,128,257,optimized_transform,2,8,100,42.2656011581,131584,3.11326460276,65792,2909,true,1
bf16,1,257,1,128,257,optimized_split,3,0,100,76.5696001053,214852,2.80596998945,65792,2909,true,1
bf16,1,257,1,128,257,baseline_fused,3,1,100,68.7296009064,83268,1.21153038723,65792,2909,true,1
bf16,1,257,1,128,257,optimized_fused,3,2,100,39.6736001968,83268,2.0988264132,65792,2909,true,1
bf16,1,257,1,128,257,warp32_transform,3,3,100,26.9632005692,131584,4.8801328189,65792,2909,true,1
bf16,1,257,1,128,257,warp32_split,3,4,100,56.7360019684,214852,3.78687240105,65792,2909,true,1
bf16,1,257,1,128,257,warp32_fused,3,5,100,28.2112002373,83268,2.95159366846,65792,2909,true,1
bf16,1,257,1,128,257,baseline_transform,3,6,100,44.1344022751,131584,2.98143836139,65792,2909,true,1
bf16,1,257,1,128,257,optimized_transform,3,7,100,42.1632003784,131584,3.12082571577,65792,2909,true,1
bf16,1,257,1,128,257,baseline_split,3,8,100,103.64159584,214852,2.07302867403,65792,2909,true,1
bf16,1,257,1,128,257,baseline_fused,4,0,100,68.4800004959,83268,1.21594625288,65792,2909,true,1
bf16,1,257,1,128,257,optimized_fused,4,1,100,39.6864008904,83268,2.09814944495,65792,2909,true,1
bf16,1,257,1,128,257,warp32_transform,4,2,100,28.1599998474,131584,4.67272729805,65792,2909,true,1
bf16,1,257,1,128,257,warp32_split,4,3,100,56.1920022964,214852,3.82353344283,65792,2909,true,1
bf16,1,257,1,128,257,warp32_fused,4,4,100,28.2367992401,83268,2.94891780375,65792,2909,true,1
bf16,1,257,1,128,257,baseline_transform,4,5,100,43.2959985733,131584,3.03917231005,65792,2909,true,1
bf16,1,257,1,128,257,optimized_transform,4,6,100,42.3999977112,131584,3.10339639394,65792,2909,true,1
bf16,1,257,1,128,257,baseline_split,4,7,100,102.911996841,214852,2.0877254994,65792,2909,true,1
bf16,1,257,1,128,257,optimized_split,4,8,100,76.2688016891,214852,2.817036524,65792,2909,true,1
bf16,4,64,16,128,4096,baseline_transform,0,0,100,236.85760498,2097152,8.85406233915,1048576,2909,true,1
bf16,4,64,16,128,4096,optimized_transform,0,1,100,227.891197205,2097152,9.20242653391,1048576,2909,true,1
bf16,4,64,16,128,4096,baseline_split,0,2,100,434.028816223,3424256,7.88946694783,1048576,2909,true,1
bf16,4,64,16,128,4096,optimized_split,0,3,100,393.753585815,3424256,8.69644397754,1048576,2909,true,1
bf16,4,64,16,128,4096,baseline_fused,0,4,100,210.53440094,1327104,6.30350191738,1048576,2909,true,1
bf16,4,64,16,128,4096,optimized_fused,0,5,100,177.555198669,1327104,7.47431790195,1048576,2909,true,1
bf16,4,64,16,128,4096,warp32_transform,0,6,100,132.870397568,2097152,15.783440393,1048576,2909,true,1
bf16,4,64,16,128,4096,warp32_split,0,7,100,303.609600067,3424256,11.2784839453,1048576,2909,true,1
bf16,4,64,16,128,4096,warp32_fused,0,8,100,178.412799835,1327104,7.43839007754,1048576,2909,true,1
bf16,4,64,16,128,4096,optimized_transform,1,0,100,228.883209229,2097152,9.16254192288,1048576,2909,true,1
bf16,4,64,16,128,4096,baseline_split,1,1,100,435.046386719,3424256,7.8710135391,1048576,2909,true,1
bf16,4,64,16,128,4096,optimized_split,1,2,100,395.641593933,3424256,8.65494440551,1048576,2909,true,1
bf16,4,64,16,128,4096,baseline_fused,1,3,100,210.662403107,1327104,6.29967179919,1048576,2909,true,1
bf16,4,64,16,128,4096,optimized_fused,1,4,100,177.152004242,1327104,7.49132930039,1048576,2909,true,1
bf16,4,64,16,128,4096,warp32_transform,1,5,100,132.364797592,2097152,15.8437291346,1048576,2909,true,1
bf16,4,64,16,128,4096,warp32_split,1,6,100,304.134407043,3424256,11.2590220662,1048576,2909,true,1
bf16,4,64,16,128,4096,warp32_fused,1,7,100,178.969593048,1327104,7.41524846426,1048576,2909,true,1
bf16,4,64,16,128,4096,baseline_transform,1,8,100,237.017593384,2097152,8.84808579,1048576,2909,true,1
bf16,4,64,16,128,4096,baseline_split,2,0,100,435.276794434,3424256,7.8668471276,1048576,2909,true,1
bf16,4,64,16,128,4096,optimized_split,2,1,100,394.163208008,3424256,8.68740646116,1048576,2909,true,1
bf16,4,64,16,128,4096,baseline_fused,2,2,100,210.726394653,1327104,6.29775877001,1048576,2909,true,1
bf16,4,64,16,128,4096,optimized_fused,2,3,100,177.292804718,1327104,7.48537991776,1048576,2909,true,1
bf16,4,64,16,128,4096,warp32_transform,2,4,100,132.217597961,2097152,15.8613681714,1048576,2909,true,1
bf16,4,64,16,128,4096,warp32_split,2,5,100,304.223995209,3424256,11.2557064989,1048576,2909,true,1
bf16,4,64,16,128,4096,warp32_fused,2,6,100,180.35200119,1327104,7.35841017145,1048576,2909,true,1
bf16,4,64,16,128,4096,baseline_transform,2,7,100,235.820808411,2097152,8.89298961417,1048576,2909,true,1
bf16,4,64,16,128,4096,optimized_transform,2,8,100,228.345603943,2097152,9.18411374595,1048576,2909,true,1
bf16,4,64,16,128,4096,optimized_split,3,0,100,394.297599792,3424256,8.68444545897,1048576,2909,true,1
bf16,4,64,16,128,4096,baseline_fused,3,1,100,210.873603821,1327104,6.29336235524,1048576,2909,true,1
bf16,4,64,16,128,4096,optimized_fused,3,2,100,177.612800598,1327104,7.47189389239,1048576,2909,true,1
bf16,4,64,16,128,4096,warp32_transform,3,3,100,132.646398544,2097152,15.8100937757,1048576,2909,true,1
bf16,4,64,16,128,4096,warp32_split,3,4,100,304.51839447,3424256,11.2448248191,1048576,2909,true,1
bf16,4,64,16,128,4096,warp32_fused,3,5,100,178.143997192,1327104,7.44961391299,1048576,2909,true,1
bf16,4,64,16,128,4096,baseline_transform,3,6,100,235.795192719,2097152,8.89395570716,1048576,2909,true,1
bf16,4,64,16,128,4096,optimized_transform,3,7,100,228.435192108,2097152,9.18051190207,1048576,2909,true,1
bf16,4,64,16,128,4096,baseline_split,3,8,100,434.892807007,3424256,7.87379313897,1048576,2909,true,1
bf16,4,64,16,128,4096,baseline_fused,4,0,100,210.483207703,1327104,6.30503504049,1048576,2909,true,1
bf16,4,64,16,128,4096,optimized_fused,4,1,100,177.113609314,1327104,7.49295328089,1048576,2909,true,1
bf16,4,64,16,128,4096,warp32_transform,4,2,100,132.691202164,2097152,15.8047554458,1048576,2909,true,1
bf16,4,64,16,128,4096,warp32_split,4,3,100,304.588794708,3424256,11.2422257794,1048576,2909,true,1
bf16,4,64,16,128,4096,warp32_fused,4,4,100,179.00800705,1327104,7.41365719821,1048576,2909,true,1
bf16,4,64,16,128,4096,baseline_transform,4,5,100,236.409606934,2097152,8.87084085626,1048576,2909,true,1
bf16,4,64,16,128,4096,optimized_transform,4,6,100,230.144004822,2097152,9.11234686137,1048576,2909,true,1
bf16,4,64,16,128,4096,baseline_split,4,7,100,434.406394958,3424256,7.8826095558,1048576,2909,true,1
bf16,4,64,16,128,4096,optimized_split,4,8,100,392.934417725,3424256,8.71457384626,1048576,2909,true,1
bf16,16,64,16,128,16384,baseline_transform,0,0,100,833.388824463,8388608,10.0656593342,4194304,2909,true,1
bf16,16,64,16,128,16384,optimized_transform,0,1,100,864.844818115,8388608,9.69955282646,4194304,2909,true,1
bf16,16,64,16,128,16384,baseline_split,0,2,100,1550.66238403,13697024,8.83301493674,4194304,2909,true,1
bf16,16,64,16,128,16384,optimized_split,0,3,100,1460.80001831,13697024,9.37638542464,4194304,2909,true,1
bf16,16,64,16,128,16384,baseline_fused,0,4,100,734.348831177,5308416,7.22873895161,4194304,2909,true,1
bf16,16,64,16,128,16384,optimized_fused,0,5,100,648.384017944,5308416,8.18714812995,4194304,2909,true,1
bf16,16,64,16,128,16384,warp32_transform,0,6,100,526.470413208,8388608,15.933674124,4194304,2909,true,1
bf16,16,64,16,128,16384,warp32_split,0,7,100,1226.56639099,13697024,11.1669650339,4194304,2909,true,1
bf16,16,64,16,128,16384,warp32_fused,0,8,100,724.140777588,5308416,7.33064089787,4194304,2909,true,1
bf16,16,64,16,128,16384,optimized_transform,1,0,100,867.155227661,8388608,9.67370977238,4194304,2909,true,1
bf16,16,64,16,128,16384,baseline_split,1,1,100,1549.77920532,13697024,8.83804864136,4194304,2909,true,1
bf16,16,64,16,128,16384,optimized_split,1,2,100,1461.67037964,13697024,9.37080219371,4194304,2909,true,1
bf16,16,64,16,128,16384,baseline_fused,1,3,100,735.795211792,5308416,7.21452914469,4194304,2909,true,1
bf16,16,64,16,128,16384,optimized_fused,1,4,100,648.947219849,5308416,8.18004274868,4194304,2909,true,1
bf16,16,64,16,128,16384,warp32_transform,1,5,100,525.894393921,8388608,15.9511264942,4194304,2909,true,1
bf16,16,64,16,128,16384,warp32_split,1,6,100,1225.70877075,13697024,11.1747784848,4194304,2909,true,1
bf16,16,64,16,128,16384,warp32_fused,1,7,100,718.700790405,5308416,7.38612795598,4194304,2909,true,1
bf16,16,64,16,128,16384,baseline_transform,1,8,100,833.945617676,8388608,10.0589388831,4194304,2909,true,1
bf16,16,64,16,128,16384,baseline_split,2,0,100,1550.45120239,13697024,8.83421805141,4194304,2909,true,1
bf16,16,64,16,128,16384,optimized_split,2,1,100,1460.03204346,13697024,9.38131739052,4194304,2909,true,1
bf16,16,64,16,128,16384,baseline_fused,2,2,100,735.603179932,5308416,7.21641252352,4194304,2909,true,1
bf16,16,64,16,128,16384,optimized_fused,2,3,100,648.384017944,5308416,8.18714812995,4194304,2909,true,1
bf16,16,64,16,128,16384,warp32_transform,2,4,100,525.324783325,8388608,15.9684223289,4194304,2909,true,1
bf16,16,64,16,128,16384,warp32_split,2,5,100,1226.00318909,13697024,11.1720949194,4194304,2909,true,1
bf16,16,64,16,128,16384,warp32_fused,2,6,100,719.993591309,5308416,7.37286562558,4194304,2909,true,1
bf16,16,64,16,128,16384,baseline_transform,2,7,100,834.643173218,8388608,10.0505320946,4194304,2909,true,1
bf16,16,64,16,128,16384,optimized_transform,2,8,100,865.369567871,8388608,9.69367113364,4194304,2909,true,1
bf16,16,64,16,128,16384,optimized_split,3,0,100,1460.85754395,13697024,9.37601620142,4194304,2909,true,1
bf16,16,64,16,128,16384,baseline_fused,3,1,100,735.001602173,5308416,7.22231895047,4194304,2909,true,1
bf16,16,64,16,128,16384,optimized_fused,3,2,100,648.601608276,5308416,8.1844015375,4194304,2909,true,1
bf16,16,64,16,128,16384,warp32_transform,3,3,100,527.398414612,8388608,15.9056374983,4194304,2909,true,1
bf16,16,64,16,128,16384,warp32_split,3,4,100,1224.6975708,13697024,11.1840051998,4194304,2909,true,1
bf16,16,64,16,128,16384,warp32_fused,3,5,100,722.111968994,5308416,7.35123668895,4194304,2909,true,1
bf16,16,64,16,128,16384,baseline_transform,3,6,100,833.510437012,8388608,10.0641907138,4194304,2909,true,1
bf16,16,64,16,128,16384,optimized_transform,3,7,100,865.222396851,8388608,9.69531999002,4194304,2909,true,1
bf16,16,64,16,128,16384,baseline_split,3,8,100,1550.14404297,13697024,8.83596854249,4194304,2909,true,1
bf16,16,64,16,128,16384,baseline_fused,4,0,100,736.454391479,5308416,7.20807162184,4194304,2909,true,1
bf16,16,64,16,128,16384,optimized_fused,4,1,100,649.49760437,5308416,8.17311097729,4194304,2909,true,1
bf16,16,64,16,128,16384,warp32_transform,4,2,100,525.350418091,8388608,15.9676431409,4194304,2909,true,1
bf16,16,64,16,128,16384,warp32_split,4,3,100,1222.37442017,13697024,11.2052606583,4194304,2909,true,1
bf16,16,64,16,128,16384,warp32_fused,4,4,100,716.281585693,5308416,7.41107422839,4194304,2909,true,1
bf16,16,64,16,128,16384,baseline_transform,4,5,100,833.4400177,8388608,10.065041061,4194304,2909,true,1
bf16,16,64,16,128,16384,optimized_transform,4,6,100,866.905593872,8388608,9.67649540999,4194304,2909,true,1
bf16,16,64,16,128,16384,baseline_split,4,7,100,1547.59674072,13697024,8.85051230697,4194304,2909,true,1
bf16,16,64,16,128,16384,optimized_split,4,8,100,1462.53433228,13697024,9.36526664553,4194304,2909,true,1
bf16,1,1,1,256,1,baseline_transform,0,0,100,18.1568002701,1024,0.056397602263,512,2909,true,1
bf16,1,1,1,256,1,optimized_transform,0,1,100,17.8175997734,1024,0.0574712650987,512,2909,true,1
bf16,1,1,1,256,1,baseline_split,0,2,100,54.0352010727,1668,0.0308687664131,512,2909,true,1
bf16,1,1,1,256,1,optimized_split,0,3,100,34.0095996857,1668,0.0490449759896,512,2909,true,1
bf16,1,1,1,256,1,baseline_fused,0,4,100,39.8399996758,644,0.0161646587661,512,2909,true,1
bf16,1,1,1,256,1,optimized_fused,0,5,100,19.3408000469,644,0.0332974850284,512,2909,true,1
bf16,1,1,1,256,1,warp32_transform,0,6,100,15.9871995449,1024,0.0640512428161,512,2909,true,1
bf16,1,1,1,256,1,warp32_split,0,7,100,31.9167995453,1668,0.0522608790281,512,2909,true,1
bf16,1,1,1,256,1,warp32_fused,0,8,100,18.1631994247,644,0.0354563083816,512,2909,true,1
bf16,1,1,1,256,1,optimized_transform,1,0,100,17.7664005756,1024,0.0576368857406,512,2909,true,1
bf16,1,1,1,256,1,baseline_split,1,1,100,54.0416002274,1668,0.0308651111918,512,2909,true,1
bf16,1,1,1,256,1,optimized_split,1,2,100,34.0224003792,1668,0.0490265231556,512,2909,true,1
bf16,1,1,1,256,1,baseline_fused,1,3,100,39.8336005211,644,0.0161672555726,512,2909,true,1
bf16,1,1,1,256,1,optimized_fused,1,4,100,19.3280005455,644,0.0333195354835,512,2909,true,1
bf16,1,1,1,256,1,warp32_transform,1,5,100,15.9360003471,1024,0.0642570267127,512,2909,true,1
bf16,1,1,1,256,1,warp32_split,1,6,100,31.8016004562,1668,0.0524501904329,512,2909,true,1
bf16,1,1,1,256,1,warp32_fused,1,7,100,18.1631994247,644,0.0354563083816,512,2909,true,1
bf16,1,1,1,256,1,baseline_transform,1,8,100,18.1887996197,1024,0.0562983825987,512,2909,true,1
bf16,1,1,1,256,1,baseline_split,2,0,100,54.0095996857,1668,0.0308833986867,512,2909,true,1
bf16,1,1,1,256,1,optimized_split,2,1,100,34.0287995338,1668,0.0490173036619,512,2909,true,1
bf16,1,1,1,256,1,baseline_fused,2,2,100,39.9232006073,644,0.0161309712198,512,2909,true,1
bf16,1,1,1,256,1,optimized_fused,2,3,100,19.2576003075,644,0.0334413421048,512,2909,true,1
bf16,1,1,1,256,1,warp32_transform,2,4,100,16.0256004333,1024,0.0638977618504,512,2909,true,1
bf16,1,1,1,256,1,warp32_split,2,5,100,31.8079996109,1668,0.0524396384684,512,2909,true,1
bf16,1,1,1,256,1,warp32_fused,2,6,100,18.1439995766,644,0.0354938279888,512,2909,true,1
bf16,1,1,1,256,1,baseline_transform,2,7,100,18.1631994247,1024,0.0563777325819,512,2909,true,1
bf16,1,1,1,256,1,optimized_transform,2,8,100,17.7664005756,1024,0.0576368857406,512,2909,true,1
bf16,1,1,1,256,1,optimized_split,3,0,100,34.0159988403,1668,0.0490357495551,512,2909,true,1
bf16,1,1,1,256,1,baseline_fused,3,1,100,39.9359989166,644,0.0161258017195,512,2909,true,1
bf16,1,1,1,256,1,optimized_fused,3,2,100,19.244799614,644,0.0334635856397,512,2909,true,1
bf16,1,1,1,256,1,warp32_transform,3,3,100,16.031999588,1024,0.0638722571304,512,2909,true,1
bf16,1,1,1,256,1,warp32_split,3,4,100,31.7824006081,1668,0.0524818757579,512,2909,true,1
bf16,1,1,1,256,1,warp32_fused,3,5,100,18.1760001183,644,0.0354313377976,512,2909,true,1
bf16,1,1,1,256,1,baseline_transform,3,6,100,18.1376004219,1024,0.0564573028505,512,2909,true,1
bf16,1,1,1,256,1,optimized_transform,3,7,100,17.7664005756,1024,0.0576368857406,512,2909,true,1
bf16,1,1,1,256,1,baseline_split,3,8,100,54.0416002274,1668,0.0308651111918,512,2909,true,1
bf16,1,1,1,256,1,baseline_fused,4,0,100,39.8271989822,644,0.0161698541815,512,2909,true,1
bf16,1,1,1,256,1,optimized_fused,4,1,100,19.3343997002,644,0.0333085076334,512,2909,true,1
bf16,1,1,1,256,1,warp32_transform,4,2,100,15.9487998486,1024,0.0642054580736,512,2909,true,1
bf16,1,1,1,256,1,warp32_split,4,3,100,31.8016004562,1668,0.0524501904329,512,2909,true,1
bf16,1,1,1,256,1,warp32_fused,4,4,100,18.1568002701,644,0.0354688045482,512,2909,true,1
bf16,1,1,1,256,1,baseline_transform,4,5,100,18.2400000095,1024,0.0561403508478,512,2909,true,1
bf16,1,1,1,256,1,optimized_transform,4,6,100,17.6960003376,1024,0.0578661833445,512,2909,true,1
bf16,1,1,1,256,1,baseline_split,4,7,100,54.3423986435,1668,0.0306942652816,512,2909,true,1
bf16,1,1,1,256,1,optimized_split,4,8,100,34.0224003792,1668,0.0490265231556,512,2909,true,1
bf16,1,17,1,256,17,baseline_transform,0,0,100,19.9360001087,17408,0.873194216747,8704,2909,true,1
bf16,1,17,1,256,17,optimized_transform,0,1,100,19.6415996552,17408,0.886282192165,8704,2909,true,1
bf16,1,17,1,256,17,baseline_split,0,2,100,56.9536018372,28356,0.497878959106,8704,2909,true,1
bf16,1,17,1,256,17,optimized_split,0,3,100,37.1968007088,28356,0.762323626218,8704,2909,true,1
bf16,1,17,1,256,17,baseline_fused,0,4,100,41.1456012726,10948,0.26607947536,8704,2909,true,1
bf16,1,17,1,256,17,optimized_fused,0,5,100,20.4543995857,10948,0.535239372543,8704,2909,true,1
bf16,1,17,1,256,17,warp32_transform,0,6,100,22.6112008095,17408,0.769883923754,8704,2909,true,1
bf16,1,17,1,256,17,warp32_split,0,7,100,44.1215991974,28356,0.642678427705,8704,2909,true,1
bf16,1,17,1,256,17,warp32_fused,0,8,100,24.2111992836,10948,0.452187430774,8704,2909,true,1
bf16,1,17,1,256,17,optimized_transform,1,0,100,19.6159994602,17408,0.887438849869,8704,2909,true,1
bf16,1,17,1,256,17,baseline_split,1,1,100,56.9600009918,28356,0.497823025039,8704,2909,true,1
bf16,1,17,1,256,17,optimized_split,1,2,100,37.1968007088,28356,0.762323626218,8704,2909,true,1
bf16,1,17,1,256,17,baseline_fused,1,3,100,41.1520004272,10948,0.266038099882,8704,2909,true,1
bf16,1,17,1,256,17,optimized_fused,1,4,100,20.4351997375,10948,0.53574225555,8704,2909,true,1
bf16,1,17,1,256,17,warp32_transform,1,5,100,22.6559996605,17408,0.768361593435,8704,2909,true,1
bf16,1,17,1,256,17,warp32_split,1,6,100,44.1088008881,28356,0.642864902901,8704,2909,true,1
bf16,1,17,1,256,17,warp32_fused,1,7,100,24.1856002808,10948,0.452666043965,8704,2909,true,1
bf16,1,17,1,256,17,baseline_transform,1,8,100,19.8847997189,17408,0.87544256146,8704,2909,true,1
bf16,1,17,1,256,17,baseline_split,2,0,100,56.9664001465,28356,0.49776710354,8704,2909,true,1
bf16,1,17,1,256,17,optimized_split,2,1,100,37.1456003189,28356,0.763374390414,8704,2909,true,1
bf16,1,17,1,256,17,baseline_fused,2,2,100,41.0879993439,10948,0.266452496467,8704,2909,true,1
bf16,1,17,1,256,17,optimized_fused,2,3,100,20.4927992821,10948,0.534236433457,8704,2909,true,1
bf16,1,17,1,256,17,warp32_transform,2,4,100,22.5088000298,17408,0.773386407849,8704,2909,true,1
bf16,1,17,1,256,17,warp32_split,2,5,100,44.1279983521,28356,0.642585230669,8704,2909,true,1
bf16,1,17,1,256,17,warp32_fused,2,6,100,24.0768003464,10948,0.454711583038,8704,2909,true,1
bf16,1,17,1,256,17,baseline_transform,2,7,100,19.929599762,17408,0.873474641133,8704,2909,true,1
bf16,1,17,1,256,17,optimized_transform,2,8,100,19.622399807,17408,0.887149389027,8704,2909,true,1
bf16,1,17,1,256,17,optimized_split,3,0,100,37.1392011642,28356,0.763505921266,8704,2909,true,1
bf16,1,17,1,256,17,baseline_fused,3,1,100,41.0816001892,10948,0.266494000954,8704,2909,true,1
bf16,1,17,1,256,17,optimized_fused,3,2,100,20.4800009727,10948,0.534570287109,8704,2909,true,1
bf16,1,17,1,256,17,warp32_transform,3,3,100,22.4959993362,17408,0.773826480869,8704,2909,true,1
bf16,1,17,1,256,17,warp32_split,3,4,100,44.1152000427,28356,0.642771651778,8704,2909,true,1
bf16,1,17,1,256,17,warp32_fused,3,5,100,24.0960001945,10948,0.45434926592,8704,2909,true,1
bf16,1,17,1,256,17,baseline_transform,3,6,100,19.929599762,17408,0.873474641133,8704,2909,true,1
bf16,1,17,1,256,17,optimized_transform,3,7,100,19.5840001106,17408,0.888888883868,8704,2909,true,1
bf16,1,17,1,256,17,baseline_split,3,8,100,56.9471979141,28356,0.497934947436,8704,2909,true,1
bf16,1,17,1,256,17,baseline_fused,4,0,100,41.1456012726,10948,0.26607947536,8704,2909,true,1
bf16,1,17,1,256,17,optimized_fused,4,1,100,20.4608011246,10948,0.535071913037,8704,2909,true,1
bf16,1,17,1,256,17,warp32_transform,4,2,100,22.6496005058,17408,0.768578677382,8704,2909,true,1
bf16,1,17,1,256,17,warp32_split,4,3,100,44.1215991974,28356,0.642678427705,8704,2909,true,1
bf16,1,17,1,256,17,warp32_fused,4,4,100,24.2048001289,10948,0.452306978024,8704,2909,true,1
bf16,1,17,1,256,17,baseline_transform,4,5,100,19.8912000656,17408,0.875160872274,8704,2909,true,1
bf16,1,17,1,256,17,optimized_transform,4,6,100,19.6992003918,17408,0.883690690678,8704,2909,true,1
bf16,1,17,1,256,17,baseline_split,4,7,100,56.9727993011,28356,0.497711194602,8704,2909,true,1
bf16,1,17,1,256,17,optimized_split,4,8,100,37.1456003189,28356,0.763374390414,8704,2909,true,1
bf16,1,257,1,256,257,baseline_transform,0,0,100,51.6096019745,263168,5.09920615412,131584,2909,true,1
bf16,1,257,1,256,257,optimized_transform,0,1,100,50.1567983627,263168,5.24690587499,131584,2909,true,1
bf16,1,257,1,256,257,baseline_split,0,2,100,154.003200531,428676,2.78355253996,131584,2909,true,1
bf16,1,257,1,256,257,optimized_split,0,3,100,90.5408000946,428676,4.73461687496,131584,2909,true,1
bf16,1,257,1,256,257,baseline_fused,0,4,100,109.401597977,165508,1.51284810333,131584,2909,true,1
bf16,1,257,1,256,257,optimized_fused,0,5,100,45.8112001419,165508,3.6128282928,131584,2909,true,1
bf16,1,257,1,256,257,warp32_transform,0,6,100,32.985599041,263168,7.97826953735,131584,2909,true,1
bf16,1,257,1,256,257,warp32_split,0,7,100,68.0832004547,428676,6.29635500589,131584,2909,true,1
bf16,1,257,1,256,257,warp32_fused,0,8,100,40.2559995651,165508,4.11138716683,131584,2909,true,1
bf16,1,257,1,256,257,optimized_transform,1,0,100,50.1567983627,263168,5.24690587499,131584,2909,true,1
bf16,1,257,1,256,257,baseline_split,1,1,100,154.336004257,428676,2.77755020329,131584,2909,true,1
bf16,1,257,1,256,257,optimized_split,1,2,100,90.7520008087,428676,4.7235983359,131584,2909,true,1
bf16,1,257,1,256,257,baseline_fused,1,3,100,109.555196762,165508,1.51072705715,131584,2909,true,1
bf16,1,257,1,256,257,optimized_fused,1,4,100,45.9200000763,165508,3.60426828669,131584,2909,true,1
bf16,1,257,1,256,257,warp32_transform,1,5,100,35.4047989845,263168,7.43311662679,131584,2909,true,1
bf16,1,257,1,256,257,warp32_split,1,6,100,71.2383985519,428676,6.01748507425,131584,2909,true,1
bf16,1,257,1,256,257,warp32_fused,1,7,100,40.9984016418,165508,4.03693786518,131584,2909,true,1
bf16,1,257,1,256,257,baseline_transform,1,8,100,51.0464000702,263168,5.15546639211,131584,2909,true,1
bf16,1,257,1,256,257,baseline_split,2,0,100,152.691202164,428676,2.80747020081,131584,2909,true,1
bf16,1,257,1,256,257,optimized_split,2,1,100,89.9584007263,428676,4.76526924155,131584,2909,true,1
bf16,1,257,1,256,257,baseline_fused,2,2,100,109.971199036,165508,1.50501223458,131584,2909,true,1
bf16,1,257,1,256,257,optimized_fused,2,3,100,45.907201767,165508,3.60527310813,131584,2909,true,1
bf16,1,257,1,256,257,warp32_transform,2,4,100,33.4208011627,263168,7.87437735914,131584,2909,true,1
bf16,1,257,1,256,257,warp32_split,2,5,100,68.8191986084,428676,6.22901760945,131584,2909,true,1
bf16,1,257,1,256,257,warp32_fused,2,6,100,39.4880008698,165508,4.19134917835,131584,2909,true,1
bf16,1,257,1,256,257,baseline_transform,2,7,100,51.0271978378,263168,5.15740646461,131584,2909,true,1
bf16,1,257,1,256,257,optimized_transform,2,8,100,50.2016019821,263168,5.24222314845,131584,2909,true,1
bf16,1,257,1,256,257,optimized_split,3,0,100,90.0479984283,428676,4.76052780164,131584,2909,true,1
bf16,1,257,1,256,257,baseline_fused,3,1,100,109.734401703,165508,1.5082599206,131584,2909,true,1
bf16,1,257,1,256,257,optimized_fused,3,2,100,45.7600021362,165508,3.61687046052,131584,2909,true,1
bf16,1,257,1,256,257,warp32_transform,3,3,100,34.0991997719,263168,7.71771776935,131584,2909,true,1
bf16,1,257,1,256,257,warp32_split,3,4,100,72.4671983719,428676,5.91544877725,131584,2909,true,1
bf16,1,257,1,256,257,warp32_fused,3,5,100,39.8144006729,165508,4.15698835604,131584,2909,true,1
bf16,1,257,1,256,257,baseline_transform,3,6,100,50.8735990524,263168,5.1729778294,131584,2909,true,1
bf16,1,257,1,256,257,optimized_transform,3,7,100,50.1760005951,263168,5.24489789698,131584,2909,true,1
bf16,1,257,1,256,257,baseline_split,3,8,100,153.727998734,428676,2.78853561831,131584,2909,true,1
bf16,1,257,1,256,257,baseline_fused,4,0,100,109.574403763,165508,1.51046224589,131584,2909,true,1
bf16,1,257,1,256,257,optimized_fused,4,1,100,45.6767988205,165508,3.62345882973,131584,2909,true,1
bf16,1,257,1,256,257,warp32_transform,4,2,100,34.5535993576,263168,7.61622536849,131584,2909,true,1
bf16,1,257,1,256,257,warp32_split,4,3,100,70.5280017853,428676,6.07809648861,131584,2909,true,1
bf16,1,257,1,256,257,warp32_fused,4,4,100,40.2048015594,165508,4.11662273113,131584,2909,true,1
bf16,1,257,1,256,257,baseline_transform,4,5,100,50.8864021301,263168,5.17167630219,131584,2909,true,1
bf16,1,257,1,256,257,optimized_transform,4,6,100,50.8992004395,263168,5.17037591412,131584,2909,true,1
bf16,1,257,1,256,257,baseline_split,4,7,100,152.403202057,428676,2.8127755468,131584,2909,true,1
bf16,1,257,1,256,257,optimized_split,4,8,100,89.6000003815,428676,4.78433033677,131584,2909,true,1
bf16,4,64,16,256,4096,baseline_transform,0,0,100,449.107208252,4194304,9.33920436576,2097152,2909,true,1
bf16,4,64,16,256,4096,optimized_transform,0,1,100,395.968017578,4194304,10.5925322597,2097152,2909,true,1
bf16,4,64,16,256,4096,baseline_split,0,2,100,1108.62083435,6832128,6.16272740716,2097152,2909,true,1
bf16,4,64,16,256,4096,optimized_split,0,3,100,709.817581177,6832128,9.62518847261,2097152,2909,true,1
bf16,4,64,16,256,4096,baseline_fused,0,4,100,659.916763306,2637824,3.99720714289,2097152,2909,true,1
bf16,4,64,16,256,4096,optimized_fused,0,5,100,355.18081665,2637824,7.42670740181,2097152,2909,true,1
bf16,4,64,16,256,4096,warp32_transform,0,6,100,228.326396942,4194304,18.369772642,2097152,2909,true,1
bf16,4,64,16,256,4096,warp32_split,0,7,100,564.166412354,6832128,12.1101289449,2097152,2909,true,1
bf16,4,64,16,256,4096,warp32_fused,0,8,100,341.16481781,2637824,7.7318171813,2097152,2909,true,1
bf16,4,64,16,256,4096,optimized_transform,1,0,100,393.779182434,4194304,10.651411215,2097152,2909,true,1
bf16,4,64,16,256,4096,baseline_split,1,1,100,1111.37283325,6832128,6.14746716456,2097152,2909,true,1
bf16,4,64,16,256,4096,optimized_split,1,2,100,711.750411987,6832128,9.59905029197,2097152,2909,true,1
bf16,4,64,16,256,4096,baseline_fused,1,3,100,657.260818481,2637824,4.01335957633,2097152,2909,true,1
bf16,4,64,16,256,4096,optimized_fused,1,4,100,355.494384766,2637824,7.42015658486,2097152,2909,true,1
bf16,4,64,16,256,4096,warp32_transform,1,5,100,228.531208038,4194304,18.353309537,2097152,2909,true,1
bf16,4,64,16,256,4096,warp32_split,1,6,100,565.081596375,6832128,12.0905158544,2097152,2909,true,1
bf16,4,64,16,256,4096,warp32_fused,1,7,100,341.484794617,2637824,7.72457234285,2097152,2909,true,1
bf16,4,64,16,256,4096,baseline_transform,1,8,100,451.007995605,4194304,9.29984399582,2097152,2909,true,1
bf16,4,64,16,256,4096,baseline_split,2,0,100,1108.48640442,6832128,6.16347478216,2097152,2909,true,1
bf16,4,64,16,256,4096,optimized_split,2,1,100,710.96321106,6832128,9.60967866371,2097152,2909,true,1
bf16,4,64,16,256,4096,baseline_fused,2,2,100,654.931182861,2637824,4.02763537457,2097152,2909,true,1
bf16,4,64,16,256,4096,optimized_fused,2,3,100,355.308799744,2637824,7.42403228376,2097152,2909,true,1
bf16,4,64,16,256,4096,warp32_transform,2,4,100,228.556804657,4194304,18.3512541064,2097152,2909,true,1
bf16,4,64,16,256,4096,warp32_split,2,5,100,562.316818237,6832128,12.149962047,2097152,2909,true,1
bf16,4,64,16,256,4096,warp32_fused,2,6,100,340.185585022,2637824,7.7540734121,2097152,2909,true,1
bf16,4,64,16,256,4096,baseline_transform,2,7,100,451.014404297,4194304,9.29971184964,2097152,2909,true,1
bf16,4,64,16,256,4096,optimized_transform,2,8,100,395.763206482,4194304,10.5980139925,2097152,2909,true,1
bf16,4,64,16,256,4096,optimized_split,3,0,100,714.028778076,6832128,9.56842106338,2097152,2909,true,1
bf16,4,64,16,256,4096,baseline_fused,3,1,100,657.510375977,2637824,4.01183630917,2097152,2909,true,1
bf16,4,64,16,256,4096,optimized_fused,3,2,100,355.411186218,2637824,7.42189357647,2097152,2909,true,1
bf16,4,64,16,256,4096,warp32_transform,3,3,100,227.014408112,4194304,18.4759374301,2097152,2909,true,1
bf16,4,64,16,256,4096,warp32_split,3,4,100,562.931213379,6832128,12.1367013191,2097152,2909,true,1
bf16,4,64,16,256,4096,warp32_fused,3,5,100,338.809585571,2637824,7.78556484921,2097152,2909,true,1
bf16,4,64,16,256,4096,baseline_transform,3,6,100,448.998413086,4194304,9.34146731427,2097152,2909,true,1
bf16,4,64,16,256,4096,optimized_transform,3,7,100,394.809608459,4194304,10.6236117615,2097152,2909,true,1
bf16,4,64,16,256,4096,baseline_split,3,8,100,1111.48162842,6832128,6.14686543198,2097152,2909,true,1
bf16,4,64,16,256,4096,baseline_fused,4,0,100,656.787185669,2637824,4.01625375397,2097152,2909,true,1
bf16,4,64,16,256,4096,optimized_fused,4,1,100,354.796791077,2637824,7.43474593441,2097152,2909,true,1
bf16,4,64,16,256,4096,warp32_transform,4,2,100,228.640003204,4194304,18.3445763699,2097152,2909,true,1
bf16,4,64,16,256,4096,warp32_split,4,3,100,564.460792542,6832128,12.1038132148,2097152,2909,true,1
bf16,4,64,16,256,4096,warp32_fused,4,4,100,340.819206238,2637824,7.739657718,2097152,2909,true,1
bf16,4,64,16,256,4096,baseline_transform,4,5,100,448.876800537,4194304,9.34399816382,2097152,2909,true,1
bf16,4,64,16,256,4096,optimized_transform,4,6,100,392.313613892,4194304,10.6912017618,2097152,2909,true,1
bf16,4,64,16,256,4096,baseline_split,4,7,100,1108.43521118,6832128,6.16375944311,2097152,2909,true,1
bf16,4,64,16,256,4096,optimized_split,4,8,100,711.276779175,6832128,9.60544221326,2097152,2909,true,1
bf16,16,64,16,256,16384,baseline_transform,0,0,100,1690.96954346,16777216,9.92165474826,8388608,2909,true,1
bf16,16,64,16,256,16384,optimized_transform,0,1,100,1479.18716431,16777216,11.3421860363,8388608,2909,true,1
bf16,16,64,16,256,16384,baseline_split,0,2,100,3961.65771484,27328512,6.89825168328,8388608,2909,true,1
bf16,16,64,16,256,16384,optimized_split,0,3,100,2073.81759644,27328512,13.1778764183,8388608,2909,true,1
bf16,16,64,16,256,16384,baseline_fused,0,4,100,2377.86880493,10551296,4.43729106422,8388608,2909,true,1
bf16,16,64,16,256,16384,optimized_fused,0,5,100,738.291168213,10551296,14.2915105236,8388608,2909,true,1
bf16,16,64,16,256,16384,warp32_transform,0,6,100,863.807983398,16777216,19.4223905341,8388608,2909,true,1
bf16,16,64,16,256,16384,warp32_split,0,7,100,2230.72006226,27328512,12.2509823005,8388608,2909,true,1
bf16,16,64,16,256,16384,warp32_fused,0,8,100,1332.32635498,10551296,7.91945303833,8388608,2909,true,1
bf16,16,64,16,256,16384,optimized_transform,1,0,100,1480.39672852,16777216,11.3329188567,8388608,2909,true,1
bf16,16,64,16,256,16384,baseline_split,1,1,100,3953.77288818,27328512,6.91200854801,8388608,2909,true,1
bf16,16,64,16,256,16384,optimized_split,1,2,100,2073.88153076,27328512,13.1774701663,8388608,2909,true,1
bf16,16,64,16,256,16384,baseline_fused,1,3,100,2376.40960693,10551296,4.44001571497,8388608,2909,true,1
bf16,16,64,16,256,16384,optimized_fused,1,4,100,738.835220337,10551296,14.2809867607,8388608,2909,true,1
bf16,16,64,16,256,16384,warp32_transform,1,5,100,865.670394897,16777216,19.3806050188,8388608,2909,true,1
bf16,16,64,16,256,16384,warp32_split,1,6,100,2225.51040649,27328512,12.2796603962,8388608,2909,true,1
bf16,16,64,16,256,16384,warp32_fused,1,7,100,1332.48641968,10551296,7.91850171543,8388608,2909,true,1
bf16,16,64,16,256,16384,baseline_transform,1,8,100,1692.94723511,16777216,9.91006432574,8388608,2909,true,1
bf16,16,64,16,256,16384,baseline_split,2,0,100,3958.79669189,27328512,6.90323705078,8388608,2909,true,1
bf16,16,64,16,256,16384,optimized_split,2,1,100,2074.88647461,27328512,13.1710878327,8388608,2909,true,1
bf16,16,64,16,256,16384,baseline_fused,2,2,100,2377.04956055,10551296,4.43882036585,8388608,2909,true,1
bf16,16,64,16,256,16384,optimized_fused,2,3,100,739.014434814,10551296,14.2775235543,8388608,2909,true,1
bf16,16,64,16,256,16384,warp32_transform,2,4,100,862.854385376,16777216,19.4438555153,8388608,2909,true,1
bf16,16,64,16,256,16384,warp32_split,2,5,100,2223.69918823,27328512,12.289662264,8388608,2909,true,1
bf16,16,64,16,256,16384,warp32_fused,2,6,100,1329.54879761,10551296,7.93599754969,8388608,2909,true,1
bf16,16,64,16,256,16384,baseline_transform,2,7,100,1691.00799561,16777216,9.92142913789,8388608,2909,true,1
bf16,16,64,16,256,16384,optimized_transform,2,8,100,1480.66558838,16777216,11.3308610207,8388608,2909,true,1
bf16,16,64,16,256,16384,optimized_split,3,0,100,2077.54241943,27328512,13.1542498215,8388608,2909,true,1
bf16,16,64,16,256,16384,baseline_fused,3,1,100,2376.35192871,10551296,4.44012348193,8388608,2909,true,1
bf16,16,64,16,256,16384,optimized_fused,3,2,100,739.129562378,10551296,14.2752996728,8388608,2909,true,1
bf16,16,64,16,256,16384,warp32_transform,3,3,100,864.262390137,16777216,19.4121787451,8388608,2909,true,1
bf16,16,64,16,256,16384,warp32_split,3,4,100,2224.44152832,27328512,12.2855609608,8388608,2909,true,1
bf16,16,64,16,256,16384,warp32_fused,3,5,100,1332.42874146,10551296,7.91884449181,8388608,2909,true,1
bf16,16,64,16,256,16384,baseline_transform,3,6,100,1692.32635498,16777216,9.91370012683,8388608,2909,true,1
bf16,16,64,16,256,16384,optimized_transform,3,7,100,1478.36166382,16777216,11.3485193851,8388608,2909,true,1
bf16,16,64,16,256,16384,baseline_split,3,8,100,3964.60784912,27328512,6.89311857314,8388608,2909,true,1
bf16,16,64,16,256,16384,baseline_fused,4,0,100,2377.45285034,10551296,4.43806740415,8388608,2909,true,1
bf16,16,64,16,256,16384,optimized_fused,4,1,100,738.911972046,10551296,14.2795033768,8388608,2909,true,1
bf16,16,64,16,256,16384,warp32_transform,4,2,100,863.788833618,16777216,19.4228211191,8388608,2909,true,1
bf16,16,64,16,256,16384,warp32_split,4,3,100,2227.27676392,27328512,12.2699219256,8388608,2909,true,1
bf16,16,64,16,256,16384,warp32_fused,4,4,100,1332.01278687,10551296,7.92131735074,8388608,2909,true,1
bf16,16,64,16,256,16384,baseline_transform,4,5,100,1684.83200073,16777216,9.95779756837,8388608,2909,true,1
bf16,16,64,16,256,16384,optimized_transform,4,6,100,1474.36798096,16777216,11.3792595992,8388608,2909,true,1
bf16,16,64,16,256,16384,baseline_split,4,7,100,3951.24481201,27328512,6.91643097308,8388608,2909,true,1
bf16,16,64,16,256,16384,optimized_split,4,8,100,2076.4352417,27328512,13.1612638098,8388608,2909,true,1
