dtype,batch,seq,heads,dim,rows,method,group,order,repeats,kernel_us,logical_io_bytes,logical_GBs,input_working_set_bytes,seed,input_read_only,scale
fp16,1,1,1,64,1,baseline_transform,0,0,100,15.6863999367,256,0.0163198695069,128,2909,true,1
fp16,1,1,1,64,1,optimized_transform,0,1,100,15.5776000023,256,0.0164338537363,128,2909,true,1
fp16,1,1,1,64,1,baseline_split,0,2,100,34.9760007858,420,0.012008233948,128,2909,true,1
fp16,1,1,1,64,1,optimized_split,0,3,100,30.604801178,420,0.0137233369875,128,2909,true,1
fp16,1,1,1,64,1,baseline_fused,0,4,100,22.0479989052,164,0.00743831676994,128,2909,true,1
fp16,1,1,1,64,1,optimized_fused,0,5,100,17.9903995991,164,0.00911597316651,128,2909,true,1
fp16,1,1,1,64,1,warp32_transform,0,6,100,15.2768003941,256,0.01675743568,128,2909,true,1
fp16,1,1,1,64,1,warp32_split,0,7,100,29.5808005333,420,0.0141983987055,128,2909,true,1
fp16,1,1,1,64,1,warp32_fused,0,8,100,15.2831995487,164,0.0107307373353,128,2909,true,1
fp16,1,1,1,64,1,optimized_transform,1,0,100,15.513600111,256,0.0165016500469,128,2909,true,1
fp16,1,1,1,64,1,baseline_split,1,1,100,35.1103997231,420,0.0119622676846,128,2909,true,1
fp16,1,1,1,64,1,optimized_split,1,2,100,30.8671998978,420,0.0136066763876,128,2909,true,1
fp16,1,1,1,64,1,baseline_fused,1,3,100,22.0479989052,164,0.00743831676994,128,2909,true,1
fp16,1,1,1,64,1,optimized_fused,1,4,100,17.9967999458,164,0.00911273117963,128,2909,true,1
fp16,1,1,1,64,1,warp32_transform,1,5,100,15.2576005459,256,0.0167785228896,128,2909,true,1
fp16,1,1,1,64,1,warp32_split,1,6,100,29.8304009438,420,0.0140795962076,128,2909,true,1
fp16,1,1,1,64,1,warp32_fused,1,7,100,15.2639997005,164,0.0107442350116,128,2909,true,1
fp16,1,1,1,64,1,baseline_transform,1,8,100,15.7760000229,256,0.0162271805038,128,2909,true,1
fp16,1,1,1,64,1,baseline_split,2,0,100,35.3855991364,420,0.0118692352327,128,2909,true,1
fp16,1,1,1,64,1,optimized_split,2,1,100,30.912001133,420,0.0135869560238,128,2909,true,1
fp16,1,1,1,64,1,baseline_fused,2,2,100,22.1183991432,164,0.00741464149092,128,2909,true,1
fp16,1,1,1,64,1,optimized_fused,2,3,100,17.8431999683,164,0.0091911764869,128,2909,true,1
fp16,1,1,1,64,1,warp32_transform,2,4,100,15.2512001991,256,0.0167855641954,128,2909,true,1
fp16,1,1,1,64,1,warp32_split,2,5,100,29.8368000984,420,0.0140765765301,128,2909,true,1
fp16,1,1,1,64,1,warp32_fused,2,6,100,15.2512001991,164,0.0107532520627,128,2909,true,1
fp16,1,1,1,64,1,baseline_transform,2,7,100,15.6736004353,256,0.0163331967698,128,2909,true,1
fp16,1,1,1,64,1,optimized_transform,2,8,100,15.5519998074,256,0.0164609055537,128,2909,true,1
fp16,1,1,1,64,1,optimized_split,3,0,100,31.0080003738,420,0.0135448914776,128,2909,true,1
fp16,1,1,1,64,1,baseline_fused,3,1,100,22.1440005302,164,0.00740606918682,128,2909,true,1
fp16,1,1,1,64,1,optimized_fused,3,2,100,17.8431999683,164,0.0091911764869,128,2909,true,1
fp16,1,1,1,64,1,warp32_transform,3,3,100,15.232000351,256,0.0168067223018,128,2909,true,1
fp16,1,1,1,64,1,warp32_split,3,4,100,29.8304009438,420,0.0140795962076,128,2909,true,1
fp16,1,1,1,64,1,warp32_fused,3,5,100,15.2512001991,164,0.0107532520627,128,2909,true,1
fp16,1,1,1,64,1,baseline_transform,3,6,100,15.6288003922,256,0.016380015969,128,2909,true,1
fp16,1,1,1,64,1,optimized_transform,3,7,100,15.5584001541,256,0.0164541339382,128,2909,true,1
fp16,1,1,1,64,1,baseline_split,3,8,100,35.4112005234,420,0.011860654081,128,2909,true,1
fp16,1,1,1,64,1,baseline_fused,4,0,100,22.0607995987,164,0.00743400071545,128,2909,true,1
fp16,1,1,1,64,1,optimized_fused,4,1,100,17.9967999458,164,0.00911273117963,128,2909,true,1
fp16,1,1,1,64,1,warp32_transform,4,2,100,15.2831995487,256,0.0167504192551,128,2909,true,1
fp16,1,1,1,64,1,warp32_split,4,3,100,29.9456000328,420,0.0140254327694,128,2909,true,1
fp16,1,1,1,64,1,warp32_fused,4,4,100,15.2895998955,164,0.0107262453642,128,2909,true,1
fp16,1,1,1,64,1,baseline_transform,4,5,100,15.7376003265,256,0.0162667747743,128,2909,true,1
fp16,1,1,1,64,1,optimized_transform,4,6,100,15.5071997643,256,0.016508460837,128,2909,true,1
fp16,1,1,1,64,1,baseline_split,4,7,100,35.4112005234,420,0.011860654081,128,2909,true,1
fp16,1,1,1,64,1,optimized_split,4,8,100,31.0400009155,420,0.013530927436,128,2909,true,1
fp16,1,17,1,64,17,baseline_transform,0,0,100,17.427200079,4352,0.249724567359,2176,2909,true,1
fp16,1,17,1,64,17,optimized_transform,0,1,100,17.0560002327,4352,0.255159471191,2176,2909,true,1
fp16,1,17,1,64,17,baseline_split,0,2,100,38.3103990555,7140,0.186372373456,2176,2909,true,1
fp16,1,17,1,64,17,optimized_split,0,3,100,34.0159988403,7140,0.20990123011,2176,2909,true,1
fp16,1,17,1,64,17,baseline_fused,0,4,100,23.6287999153,2788,0.11799160389,2176,2909,true,1
fp16,1,17,1,64,17,optimized_fused,0,5,100,19.3599998951,2788,0.144008265243,2176,2909,true,1
fp16,1,17,1,64,17,warp32_transform,0,6,100,18.1184005737,4352,0.240197802355,2176,2909,true,1
fp16,1,17,1,64,17,warp32_split,0,7,100,34.7584009171,7140,0.205417965488,2176,2909,true,1
fp16,1,17,1,64,17,warp32_fused,0,8,100,17.6320004463,2788,0.158121593094,2176,2909,true,1
fp16,1,17,1,64,17,optimized_transform,1,0,100,17.0047998428,4352,0.255927740416,2176,2909,true,1
fp16,1,17,1,64,17,baseline_split,1,1,100,38.4511995316,7140,0.185689915711,2176,2909,true,1
fp16,1,17,1,64,17,optimized_split,1,2,100,34.0159988403,7140,0.20990123011,2176,2909,true,1
fp16,1,17,1,64,17,baseline_fused,1,3,100,23.5840010643,2788,0.11821573415,2176,2909,true,1
fp16,1,17,1,64,17,optimized_fused,1,4,100,19.3599998951,2788,0.144008265243,2176,2909,true,1
fp16,1,17,1,64,17,warp32_transform,1,5,100,18.1439995766,4352,0.239858912123,2176,2909,true,1
fp16,1,17,1,64,17,warp32_split,1,6,100,34.7456002235,7140,0.205493643916,2176,2909,true,1
fp16,1,17,1,64,17,warp32_fused,1,7,100,17.6256000996,2788,0.158179011452,2176,2909,true,1
fp16,1,17,1,64,17,baseline_transform,1,8,100,17.3375999928,4352,0.251015134841,2176,2909,true,1
fp16,1,17,1,64,17,baseline_split,2,0,100,38.4319996834,7140,0.18578268263,2176,2909,true,1
fp16,1,17,1,64,17,optimized_split,2,1,100,34.1567993164,7140,0.209035979451,2176,2909,true,1
fp16,1,17,1,64,17,baseline_fused,2,2,100,23.5967993736,2788,0.118151616914,2176,2909,true,1
fp16,1,17,1,64,17,optimized_fused,2,3,100,19.3599998951,2788,0.144008265243,2176,2909,true,1
fp16,1,17,1,64,17,warp32_transform,2,4,100,18.0032002926,4352,0.241734798773,2176,2909,true,1
fp16,1,17,1,64,17,warp32_split,2,5,100,34.8288011551,7140,0.205002749541,2176,2909,true,1
fp16,1,17,1,64,17,warp32_fused,2,6,100,17.497600317,2788,0.159336134641,2176,2909,true,1
fp16,1,17,1,64,17,baseline_transform,2,7,100,17.3759996891,4352,0.250460409638,2176,2909,true,1
fp16,1,17,1,64,17,optimized_transform,2,8,100,17.0431995392,4352,0.255351114677,2176,2909,true,1
fp16,1,17,1,64,17,optimized_split,3,0,100,34.2783999443,7140,0.208294436485,2176,2909,true,1
fp16,1,17,1,64,17,baseline_fused,3,1,100,23.5840010643,2788,0.11821573415,2176,2909,true,1
fp16,1,17,1,64,17,optimized_fused,3,2,100,19.3983995914,2788,0.143723196692,2176,2909,true,1
fp16,1,17,1,64,17,warp32_transform,3,3,100,17.945599556,4352,0.242510705002,2176,2909,true,1
fp16,1,17,1,64,17,warp32_split,3,4,100,34.8288011551,7140,0.205002749541,2176,2909,true,1
fp16,1,17,1,64,17,warp32_fused,3,5,100,17.5103998184,2788,0.159219665394,2176,2909,true,1
fp16,1,17,1,64,17,baseline_transform,3,6,100,17.3759996891,4352,0.250460409638,2176,2909,true,1
fp16,1,17,1,64,17,optimized_transform,3,7,100,16.9920003414,4352,0.256120522161,2176,2909,true,1
fp16,1,17,1,64,17,baseline_split,3,8,100,38.4511995316,7140,0.185689915711,2176,2909,true,1
fp16,1,17,1,64,17,baseline_fused,4,0,100,23.6287999153,2788,0.11799160389,2176,2909,true,1
fp16,1,17,1,64,17,optimized_fused,4,1,100,19.3087995052,2788,0.144390126338,2176,2909,true,1
fp16,1,17,1,64,17,warp32_transform,4,2,100,18.1376004219,4352,0.239943537114,2176,2909,true,1
fp16,1,17,1,64,17,warp32_split,4,3,100,34.8864006996,7140,0.204664277679,2176,2909,true,1
fp16,1,17,1,64,17,warp32_fused,4,4,100,17.6447999477,2788,0.158006892017,2176,2909,true,1
fp16,1,17,1,64,17,baseline_transform,4,5,100,17.3824000359,4352,0.250368187996,2176,2909,true,1
fp16,1,17,1,64,17,optimized_transform,4,6,100,17.0431995392,4352,0.255351114677,2176,2909,true,1
fp16,1,17,1,64,17,baseline_split,4,7,100,38.4448003769,7140,0.185720823883,2176,2909,true,1
fp16,1,17,1,64,17,optimized_split,4,8,100,34.003200531,7140,0.209980233875,2176,2909,true,1
fp16,1,257,1,64,257,baseline_transform,0,0,100,38.4960007668,65792,1.70906064759,32896,2909,true,1
fp16,1,257,1,64,257,optimized_transform,0,1,100,36.7039990425,65792,1.79250222636,32896,2909,true,1
fp16,1,257,1,64,257,baseline_split,0,2,100,76.1728000641,107940,1.41704125238,32896,2909,true,1
fp16,1,257,1,64,257,optimized_split,0,3,100,71.3727998734,107940,1.51234083841,32896,2909,true,1
fp16,1,257,1,64,257,baseline_fused,0,4,100,42.0351982117,42148,1.00268350794,32896,2909,true,1
fp16,1,257,1,64,257,optimized_fused,0,5,100,37.4720001221,42148,1.12478650359,32896,2909,true,1
fp16,1,257,1,64,257,warp32_transform,0,6,100,21.6831994057,65792,3.03423857195,32896,2909,true,1
fp16,1,257,1,64,257,warp32_split,0,7,100,43.4751987457,107940,2.48279486038,32896,2909,true,1
fp16,1,257,1,64,257,warp32_fused,0,8,100,21.913599968,42148,1.9233717902,32896,2909,true,1
fp16,1,257,1,64,257,optimized_transform,1,0,100,36.7743992805,65792,1.78907069285,32896,2909,true,1
fp16,1,257,1,64,257,baseline_split,1,1,100,76.4608001709,107940,1.41170377185,32896,2909,true,1
fp16,1,257,1,64,257,optimized_split,1,2,100,71.2383985519,107940,1.51519408345,32896,2909,true,1
fp16,1,257,1,64,257,baseline_fused,1,3,100,42.054400444,42148,1.00222567805,32896,2909,true,1
fp16,1,257,1,64,257,optimized_fused,1,4,100,37.4464011192,42148,1.12555542696,32896,2909,true,1
fp16,1,257,1,64,257,warp32_transform,1,5,100,21.6384005547,65792,3.04052047811,32896,2909,true,1
fp16,1,257,1,64,257,warp32_split,1,6,100,43.443198204,107940,2.48462370319,32896,2909,true,1
fp16,1,257,1,64,257,warp32_fused,1,7,100,21.6192007065,42148,1.94956328739,32896,2909,true,1
fp16,1,257,1,64,257,baseline_transform,1,8,100,38.5536003113,65792,1.70650729034,32896,2909,true,1
fp16,1,257,1,64,257,baseline_split,2,0,100,76.7808008194,107940,1.40582019005,32896,2909,true,1
fp16,1,257,1,64,257,optimized_split,2,1,100,71.2703990936,107940,1.51451375848,32896,2909,true,1
fp16,1,257,1,64,257,baseline_fused,2,2,100,41.8879985809,42148,1.00620706235,32896,2909,true,1
fp16,1,257,1,64,257,optimized_fused,2,3,100,37.356801033,42148,1.1282550656,32896,2909,true,1
fp16,1,257,1,64,257,warp32_transform,2,4,100,21.747200489,65792,3.02530893727,32896,2909,true,1
fp16,1,257,1,64,257,warp32_split,2,5,100,43.4944009781,107940,2.4816987376,32896,2909,true,1
fp16,1,257,1,64,257,warp32_fused,2,6,100,21.6000008583,42148,1.95129621876,32896,2909,true,1
fp16,1,257,1,64,257,baseline_transform,2,7,100,38.5215997696,65792,1.70792491468,32896,2909,true,1
fp16,1,257,1,64,257,optimized_transform,2,8,100,36.716799736,65792,1.79187730066,32896,2909,true,1
fp16,1,257,1,64,257,optimized_split,3,0,100,71.263999939,107940,1.51464975433,32896,2909,true,1
fp16,1,257,1,64,257,baseline_fused,3,1,100,41.8879985809,42148,1.00620706235,32896,2909,true,1
fp16,1,257,1,64,257,optimized_fused,3,2,100,37.4399995804,42148,1.12574787586,32896,2909,true,1
fp16,1,257,1,64,257,warp32_transform,3,3,100,21.5104007721,65792,3.0586133981,32896,2909,true,1
fp16,1,257,1,64,257,warp32_split,3,4,100,43.0079984665,107940,2.50976571449,32896,2909,true,1
fp16,1,257,1,64,257,warp32_fused,3,5,100,21.8111991882,42148,1.9324017738,32896,2909,true,1
fp16,1,257,1,64,257,baseline_transform,3,6,100,38.4064006805,65792,1.71304779501,32896,2909,true,1
fp16,1,257,1,64,257,optimized_transform,3,7,100,36.6336011887,65792,1.79594683201,32896,2909,true,1
fp16,1,257,1,64,257,baseline_split,3,8,100,76.012802124,107940,1.42002395628,32896,2909,true,1
fp16,1,257,1,64,257,baseline_fused,4,0,100,42.0607995987,42148,1.00207319885,32896,2909,true,1
fp16,1,257,1,64,257,optimized_fused,4,1,100,37.401599884,42148,1.12690366537,32896,2909,true,1
fp16,1,257,1,64,257,warp32_transform,4,2,100,21.747200489,65792,3.02530893727,32896,2909,true,1
fp16,1,257,1,64,257,warp32_split,4,3,100,43.5584020615,107940,2.47805233644,32896,2909,true,1
fp16,1,257,1,64,257,warp32_fused,4,4,100,21.9456005096,42148,1.92056717616,32896,2909,true,1
fp16,1,257,1,64,257,baseline_transform,4,5,100,38.5536003113,65792,1.70650729034,32896,2909,true,1
fp16,1,257,1,64,257,optimized_transform,4,6,100,37.5487995148,65792,1.75217319462,32896,2909,true,1
fp16,1,257,1,64,257,baseline_split,4,7,100,76.7104005814,107940,1.40711036811,32896,2909,true,1
fp16,1,257,1,64,257,optimized_split,4,8,100,71.1040019989,107940,1.51805801313,32896,2909,true,1
fp16,4,64,16,64,4096,baseline_transform,0,0,100,164.601593018,1048576,6.37038792139,524288,2909,true,1
fp16,4,64,16,64,4096,optimized_transform,0,1,100,161.625595093,1048576,6.48768531617,524288,2909,true,1
fp16,4,64,16,64,4096,baseline_split,0,2,100,306.860809326,1720320,5.60618999793,524288,2909,true,1
fp16,4,64,16,64,4096,optimized_split,0,3,100,281.203193665,1720320,6.11771145833,524288,2909,true,1
fp16,4,64,16,64,4096,baseline_fused,0,4,100,157.54240036,671744,4.26389339292,524288,2909,true,1
fp16,4,64,16,64,4096,optimized_fused,0,5,100,130.227203369,671744,5.15824637726,524288,2909,true,1
fp16,4,64,16,64,4096,warp32_transform,0,6,100,88.9599990845,1048576,11.787050481,524288,2909,true,1
fp16,4,64,16,64,4096,warp32_split,0,7,100,234.630393982,1720320,7.33204241277,524288,2909,true,1
fp16,4,64,16,64,4096,warp32_fused,0,8,100,143.622398376,671744,4.67715347741,524288,2909,true,1
fp16,4,64,16,64,4096,optimized_transform,1,0,100,161.70879364,1048576,6.48434742722,524288,2909,true,1
fp16,4,64,16,64,4096,baseline_split,1,1,100,306.476802826,1720320,5.61321439058,524288,2909,true,1
fp16,4,64,16,64,4096,optimized_split,1,2,100,280.915203094,1720320,6.12398325562,524288,2909,true,1
fp16,4,64,16,64,4096,baseline_fused,1,3,100,157.760000229,671744,4.25801216421,524288,2909,true,1
fp16,4,64,16,64,4096,optimized_fused,1,4,100,129.535999298,671744,5.18577077909,524288,2909,true,1
fp16,4,64,16,64,4096,warp32_transform,1,5,100,87.8015995026,1048576,11.9425614788,524288,2909,true,1
fp16,4,64,16,64,4096,warp32_split,1,6,100,236.947193146,1720320,7.26035188331,524288,2909,true,1
fp16,4,64,16,64,4096,warp32_fused,1,7,100,143.353595734,671744,4.68592361818,524288,2909,true,1
fp16,4,64,16,64,4096,baseline_transform,1,8,100,166.175994873,1048576,6.31003293106,524288,2909,true,1
fp16,4,64,16,64,4096,baseline_split,2,0,100,307.36000061,1720320,5.59708484053,524288,2909,true,1
fp16,4,64,16,64,4096,optimized_split,2,1,100,280.332794189,1720320,6.13670621368,524288,2909,true,1
fp16,4,64,16,64,4096,baseline_fused,2,2,100,157.516803741,671744,4.26458627933,524288,2909,true,1
fp16,4,64,16,64,4096,optimized_fused,2,3,100,129.868803024,671744,5.17248164576,524288,2909,true,1
fp16,4,64,16,64,4096,warp32_transform,2,4,100,87.5648021698,1048576,11.9748571802,524288,2909,true,1
fp16,4,64,16,64,4096,warp32_split,2,5,100,236.383991241,1720320,7.2776501952,524288,2909,true,1
fp16,4,64,16,64,4096,warp32_fused,2,6,100,143.897600174,671744,4.66820849818,524288,2909,true,1
fp16,4,64,16,64,4096,baseline_transform,2,7,100,165.023994446,1048576,6.35408204438,524288,2909,true,1
fp16,4,64,16,64,4096,optimized_transform,2,8,100,161.881599426,1048576,6.47742549935,524288,2909,true,1
fp16,4,64,16,64,4096,optimized_split,3,0,100,280.313606262,1720320,6.13712628131,524288,2909,true,1
fp16,4,64,16,64,4096,baseline_fused,3,1,100,156.319999695,671744,4.29723644647,524288,2909,true,1
fp16,4,64,16,64,4096,optimized_fused,3,2,100,129.292802811,671744,5.19552508258,524288,2909,true,1
fp16,4,64,16,64,4096,warp32_transform,3,3,100,87.1424007416,1048576,12.0329023653,524288,2909,true,1
fp16,4,64,16,64,4096,warp32_split,3,4,100,234.34879303,1720320,7.34085282778,524288,2909,true,1
fp16,4,64,16,64,4096,warp32_fused,3,5,100,143.020801544,671744,4.69682726392,524288,2909,true,1
fp16,4,64,16,64,4096,baseline_transform,3,6,100,165.081596375,1048576,6.35186491425,524288,2909,true,1
fp16,4,64,16,64,4096,optimized_transform,3,7,100,161.382408142,1048576,6.49746160112,524288,2909,true,1
fp16,4,64,16,64,4096,baseline_split,3,8,100,306.092796326,1720320,5.62025640803,524288,2909,true,1
fp16,4,64,16,64,4096,baseline_fused,4,0,100,157.561597824,671744,4.26337387585,524288,2909,true,1
fp16,4,64,16,64,4096,optimized_fused,4,1,100,130.073604584,671744,5.1643375468,524288,2909,true,1
fp16,4,64,16,64,4096,warp32_transform,4,2,100,88.2880020142,1048576,11.8767666736,524288,2909,true,1
fp16,4,64,16,64,4096,warp32_split,4,3,100,237.228794098,1720320,7.25173352814,524288,2909,true,1
fp16,4,64,16,64,4096,warp32_fused,4,4,100,142.720003128,671744,4.70672635424,524288,2909,true,1
fp16,4,64,16,64,4096,baseline_transform,4,5,100,162.508792877,1048576,6.45242624374,524288,2909,true,1
fp16,4,64,16,64,4096,optimized_transform,4,6,100,161.369590759,1048576,6.49797768629,524288,2909,true,1
fp16,4,64,16,64,4096,baseline_split,4,7,100,306.899204254,1720320,5.60548862999,524288,2909,true,1
fp16,4,64,16,64,4096,optimized_split,4,8,100,280.633602142,1720320,6.13012834838,524288,2909,true,1
fp16,16,64,16,64,16384,baseline_transform,0,0,100,462.04158783,4194304,9.07776293407,2097152,2909,true,1
fp16,16,64,16,64,16384,optimized_transform,0,1,100,461.625595093,4194304,9.08594333717,2097152,2909,true,1
fp16,16,64,16,64,16384,baseline_split,0,2,100,971.78237915,6881280,7.08109155675,2097152,2909,true,1
fp16,16,64,16,64,16384,optimized_split,0,3,100,904.460830688,6881280,7.60815699975,2097152,2909,true,1
fp16,16,64,16,64,16384,baseline_fused,0,4,100,562.950401306,2686976,4.77302439747,2097152,2909,true,1
fp16,16,64,16,64,16384,optimized_fused,0,5,100,475.859184265,2686976,5.64657799796,2097152,2909,true,1
fp16,16,64,16,64,16384,warp32_transform,0,6,100,341.395187378,4194304,12.2857736578,2097152,2909,true,1
fp16,16,64,16,64,16384,warp32_split,0,7,100,840.19203186,6881280,8.19012766018,2097152,2909,true,1
fp16,16,64,16,64,16384,warp32_fused,0,8,100,524.85118866,2686976,5.11950064715,2097152,2909,true,1
fp16,16,64,16,64,16384,optimized_transform,1,0,100,461.16481781,4194304,9.09502164523,2097152,2909,true,1
fp16,16,64,16,64,16384,baseline_split,1,1,100,974.867172241,6881280,7.05868470694,2097152,2909,true,1
fp16,16,64,16,64,16384,optimized_split,1,2,100,907.21282959,6881280,7.58507791729,2097152,2909,true,1
fp16,16,64,16,64,16384,baseline_fused,1,3,100,561.651191711,2686976,4.784065341,2097152,2909,true,1
fp16,16,64,16,64,16384,optimized_fused,1,4,100,475.744018555,2686976,5.64794489306,2097152,2909,true,1
fp16,16,64,16,64,16384,warp32_transform,1,5,100,341.612815857,4194304,12.2779468606,2097152,2909,true,1
fp16,16,64,16,64,16384,warp32_split,1,6,100,846.790390015,6881280,8.12630856602,2097152,2909,true,1
fp16,16,64,16,64,16384,warp32_fused,1,7,100,527.430381775,2686976,5.09446572068,2097152,2909,true,1
fp16,16,64,16,64,16384,baseline_transform,1,8,100,461.70879364,4194304,9.08430607728,2097152,2909,true,1
fp16,16,64,16,64,16384,baseline_split,2,0,100,974.96963501,6881280,7.05794288653,2097152,2909,true,1
fp16,16,64,16,64,16384,optimized_split,2,1,100,904.345626831,6881280,7.60912619671,2097152,2909,true,1
fp16,16,64,16,64,16384,baseline_fused,2,2,100,562.668800354,2686976,4.77541317078,2097152,2909,true,1
fp16,16,64,16,64,16384,optimized_fused,2,3,100,474.399986267,2686976,5.66394620106,2097152,2909,true,1
fp16,16,64,16,64,16384,warp32_transform,2,4,100,338.438415527,4194304,12.3931084876,2097152,2909,true,1
fp16,16,64,16,64,16384,warp32_split,2,5,100,836.480026245,6881280,8.22647258045,2097152,2909,true,1
fp16,16,64,16,64,16384,warp32_fused,2,6,100,527.769584656,2686976,5.09119145574,2097152,2909,true,1
fp16,16,64,16,64,16384,baseline_transform,2,7,100,460.908813477,4194304,9.10007332766,2097152,2909,true,1
fp16,16,64,16,64,16384,optimized_transform,2,8,100,462.054405212,4194304,9.07751111706,2097152,2909,true,1
fp16,16,64,16,64,16384,optimized_split,3,0,100,903.763198853,6881280,7.61402987944,2097152,2909,true,1
fp16,16,64,16,64,16384,baseline_fused,3,1,100,565.817604065,2686976,4.74883775389,2097152,2909,true,1
fp16,16,64,16,64,16384,optimized_fused,3,2,100,475.315208435,2686976,5.65304024007,2097152,2909,true,1
fp16,16,64,16,64,16384,warp32_transform,3,3,100,337.318382263,4194304,12.4342586131,2097152,2909,true,1
fp16,16,64,16,64,16384,warp32_split,3,4,100,836.256027222,6881280,8.22867611832,2097152,2909,true,1
fp16,16,64,16,64,16384,warp32_fused,3,5,100,526.572799683,2686976,5.10276262203,2097152,2909,true,1
fp16,16,64,16,64,16384,baseline_transform,3,6,100,464.332809448,4194304,9.03296927259,2097152,2909,true,1
fp16,16,64,16,64,16384,optimized_transform,3,7,100,462.003211975,4194304,9.07851696976,2097152,2909,true,1
fp16,16,64,16,64,16384,baseline_split,3,8,100,973.401565552,6881280,7.06931264909,2097152,2909,true,1
fp16,16,64,16,64,16384,baseline_fused,4,0,100,563.103981018,2686976,4.77172261354,2097152,2909,true,1
fp16,16,64,16,64,16384,optimized_fused,4,1,100,476.031990051,2686976,5.64452821692,2097152,2909,true,1
fp16,16,64,16,64,16384,warp32_transform,4,2,100,342.611198425,4194304,12.2421684384,2097152,2909,true,1
fp16,16,64,16,64,16384,warp32_split,4,3,100,839.680023193,6881280,8.19512172486,2097152,2909,true,1
fp16,16,64,16,64,16384,warp32_fused,4,4,100,525.055999756,2686976,5.11750365913,2097152,2909,true,1
fp16,16,64,16,64,16384,baseline_transform,4,5,100,464.236793518,4194304,9.03483751948,2097152,2909,true,1
fp16,16,64,16,64,16384,optimized_transform,4,6,100,462.003211975,4194304,9.07851696976,2097152,2909,true,1
fp16,16,64,16,64,16384,baseline_split,4,7,100,975.468826294,6881280,7.05433101962,2097152,2909,true,1
fp16,16,64,16,64,16384,optimized_split,4,8,100,905.478363037,6881280,7.5996073246,2097152,2909,true,1
fp16,1,1,1,128,1,baseline_transform,0,0,100,16.2111997604,512,0.0315831035066,256,2909,true,1
fp16,1,1,1,128,1,optimized_transform,0,1,100,16.0767996311,512,0.0318471344887,256,2909,true,1
fp16,1,1,1,128,1,baseline_split,0,2,100,41.2864017487,836,0.0202487977782,256,2909,true,1
fp16,1,1,1,128,1,optimized_split,0,3,100,31.7440009117,836,0.0263356847275,256,2909,true,1
fp16,1,1,1,128,1,baseline_fused,0,4,100,27.8976011276,324,0.0116139018017,256,2909,true,1
fp16,1,1,1,128,1,optimized_fused,0,5,100,18.5471999645,324,0.0174689441328,256,2909,true,1
fp16,1,1,1,128,1,warp32_transform,0,6,100,15.2768003941,512,0.03351487136,256,2909,true,1
fp16,1,1,1,128,1,warp32_split,0,7,100,30.0864005089,836,0.0277866406702,256,2909,true,1
fp16,1,1,1,128,1,warp32_fused,0,8,100,15.5200004578,324,0.020876288044,256,2909,true,1
fp16,1,1,1,128,1,optimized_transform,1,0,100,16.031999588,512,0.0319361285652,256,2909,true,1
fp16,1,1,1,128,1,baseline_split,1,1,100,41.2864017487,836,0.0202487977782,256,2909,true,1
fp16,1,1,1,128,1,optimized_split,1,2,100,31.8720006943,836,0.0262299191073,256,2909,true,1
fp16,1,1,1,128,1,baseline_fused,1,3,100,27.8719997406,324,0.0116245695686,256,2909,true,1
fp16,1,1,1,128,1,optimized_fused,1,4,100,18.5407996178,324,0.0174749744714,256,2909,true,1
fp16,1,1,1,128,1,warp32_transform,1,5,100,15.2768003941,512,0.03351487136,256,2909,true,1
fp16,1,1,1,128,1,warp32_split,1,6,100,30.2144002914,836,0.0276689258081,256,2909,true,1
fp16,1,1,1,128,1,warp32_fused,1,7,100,15.4879999161,324,0.020919421601,256,2909,true,1
fp16,1,1,1,128,1,baseline_transform,1,8,100,16.2303996086,512,0.0315457420856,256,2909,true,1
fp16,1,1,1,128,1,baseline_split,2,0,100,41.254401207,836,0.0202645045266,256,2909,true,1
fp16,1,1,1,128,1,optimized_split,2,1,100,31.8783998489,836,0.0262246538083,256,2909,true,1
fp16,1,1,1,128,1,baseline_fused,2,2,100,27.8976011276,324,0.0116139018017,256,2909,true,1
fp16,1,1,1,128,1,optimized_fused,2,3,100,18.4319996834,324,0.017578125302,256,2909,true,1
fp16,1,1,1,128,1,warp32_transform,2,4,100,15.1935994625,512,0.0336984005182,256,2909,true,1
fp16,1,1,1,128,1,warp32_split,2,5,100,30.0864005089,836,0.0277866406702,256,2909,true,1
fp16,1,1,1,128,1,warp32_fused,2,6,100,15.4944002628,324,0.0209107803144,256,2909,true,1
fp16,1,1,1,128,1,baseline_transform,2,7,100,16.1663997173,512,0.0316706260486,256,2909,true,1
fp16,1,1,1,128,1,optimized_transform,2,8,100,16.031999588,512,0.0319361285652,256,2909,true,1
fp16,1,1,1,128,1,optimized_split,3,0,100,31.8847990036,836,0.0262193906226,256,2909,true,1
fp16,1,1,1,128,1,baseline_fused,3,1,100,27.9552006721,324,0.0115899722488,256,2909,true,1
fp16,1,1,1,128,1,optimized_fused,3,2,100,18.3871996403,324,0.0176209540517,256,2909,true,1
fp16,1,1,1,128,1,warp32_transform,3,3,100,15.2512001991,512,0.0335711283909,256,2909,true,1
fp16,1,1,1,128,1,warp32_split,3,4,100,30.07999897,836,0.0277925541431,256,2909,true,1
fp16,1,1,1,128,1,warp32_fused,3,5,100,15.4815995693,324,0.0209280700324,256,2909,true,1
fp16,1,1,1,128,1,baseline_transform,3,6,100,16.1536002159,512,0.031695720654,256,2909,true,1
fp16,1,1,1,128,1,optimized_transform,3,7,100,16.0575997829,512,0.0318852136634,256,2909,true,1
fp16,1,1,1,128,1,baseline_split,3,8,100,41.2799978256,836,0.0202519390512,256,2909,true,1
fp16,1,1,1,128,1,baseline_fused,4,0,100,27.9040002823,324,0.0116112384146,256,2909,true,1
fp16,1,1,1,128,1,optimized_fused,4,1,100,18.5471999645,324,0.0174689441328,256,2909,true,1
fp16,1,1,1,128,1,warp32_transform,4,2,100,15.232000351,512,0.0336134446037,256,2909,true,1
fp16,1,1,1,128,1,warp32_split,4,3,100,30.1119995117,836,0.0277630185161,256,2909,true,1
fp16,1,1,1,128,1,warp32_fused,4,4,100,15.4688000679,324,0.0209453867513,256,2909,true,1
fp16,1,1,1,128,1,baseline_transform,4,5,100,16.2624001503,512,0.0314836675563,256,2909,true,1
fp16,1,1,1,128,1,optimized_transform,4,6,100,15.9296000004,512,0.0321414222572,256,2909,true,1
fp16,1,1,1,128,1,baseline_split,4,7,100,41.2799978256,836,0.0202519390512,256,2909,true,1
fp16,1,1,1,128,1,optimized_split,4,8,100,31.8847990036,836,0.0262193906226,256,2909,true,1
fp16,1,17,1,128,17,baseline_transform,0,0,100,18.3679997921,8704,0.473867601182,4352,2909,true,1
fp16,1,17,1,128,17,optimized_transform,0,1,100,18.2464003563,8704,0.477025595736,4352,2909,true,1
fp16,1,17,1,128,17,baseline_split,0,2,100,44.7359991074,14212,0.31768598631,4352,2909,true,1
fp16,1,17,1,128,17,optimized_split,0,3,100,35.6223988533,14212,0.398962463436,4352,2909,true,1
fp16,1,17,1,128,17,baseline_fused,0,4,100,29.4079995155,5508,0.18729597697,4352,2909,true,1
fp16,1,17,1,128,17,optimized_fused,0,5,100,19.903999567,5508,0.27672830184,4352,2909,true,1
fp16,1,17,1,128,17,warp32_transform,0,6,100,20.2816009521,8704,0.429157442775,4352,2909,true,1
fp16,1,17,1,128,17,warp32_split,0,7,100,37.4079990387,14212,0.379918743724,4352,2909,true,1
fp16,1,17,1,128,17,warp32_fused,0,8,100,18.2272005081,5508,0.302185735958,4352,2909,true,1
fp16,1,17,1,128,17,optimized_transform,1,0,100,18.2079994678,8704,0.478031648417,4352,2909,true,1
fp16,1,17,1,128,17,baseline_split,1,1,100,44.7359991074,14212,0.31768598631,4352,2909,true,1
fp16,1,17,1,128,17,optimized_split,1,2,100,35.4751992226,14212,0.400617905225,4352,2909,true,1
fp16,1,17,1,128,17,baseline_fused,1,3,100,29.4016003609,5508,0.187336741279,4352,2909,true,1
fp16,1,17,1,128,17,optimized_fused,1,4,100,19.903999567,5508,0.27672830184,4352,2909,true,1
fp16,1,17,1,128,17,warp32_transform,1,5,100,20.2816009521,8704,0.429157442775,4352,2909,true,1
fp16,1,17,1,128,17,warp32_split,1,6,100,37.4079990387,14212,0.379918743724,4352,2909,true,1
fp16,1,17,1,128,17,warp32_fused,1,7,100,18.2208001614,5508,0.302291883519,4352,2909,true,1
fp16,1,17,1,128,17,baseline_transform,1,8,100,18.2783997059,8704,0.476190483853,4352,2909,true,1
fp16,1,17,1,128,17,baseline_split,2,0,100,44.742398262,14212,0.317640550173,4352,2909,true,1
fp16,1,17,1,128,17,optimized_split,2,1,100,35.6159996986,14212,0.399034145335,4352,2909,true,1
fp16,1,17,1,128,17,baseline_fused,2,2,100,29.30560112,5508,0.187950418674,4352,2909,true,1
fp16,1,17,1,128,17,optimized_fused,2,3,100,19.9679994583,5508,0.275841353637,4352,2909,true,1
fp16,1,17,1,128,17,warp32_transform,2,4,100,20.1343989372,8704,0.432295000568,4352,2909,true,1
fp16,1,17,1,128,17,warp32_split,2,5,100,37.3183989525,14212,0.38083091448,4352,2909,true,1
fp16,1,17,1,128,17,warp32_fused,2,6,100,18.1439995766,5508,0.303571435656,4352,2909,true,1
fp16,1,17,1,128,17,baseline_transform,2,7,100,18.3744001389,8704,0.473702539088,4352,2909,true,1
fp16,1,17,1,128,17,optimized_transform,2,8,100,18.2079994678,8704,0.478031648417,4352,2909,true,1
fp16,1,17,1,128,17,optimized_split,3,0,100,35.609600544,14212,0.399105852997,4352,2909,true,1
fp16,1,17,1,128,17,baseline_fused,3,1,100,29.350399971,5508,0.187663541398,4352,2909,true,1
fp16,1,17,1,128,17,optimized_fused,3,2,100,19.9679994583,5508,0.275841353637,4352,2909,true,1
fp16,1,17,1,128,17,warp32_transform,3,3,100,20.1343989372,8704,0.432295000568,4352,2909,true,1
fp16,1,17,1,128,17,warp32_split,3,4,100,37.3248004913,14212,0.380765598554,4352,2909,true,1
fp16,1,17,1,128,17,warp32_fused,3,5,100,18.1631994247,5508,0.303250538146,4352,2909,true,1
fp16,1,17,1,128,17,baseline_transform,3,6,100,18.3615994453,8704,0.474032778349,4352,2909,true,1
fp16,1,17,1,128,17,optimized_transform,3,7,100,18.2016003132,8704,0.478199710478,4352,2909,true,1
fp16,1,17,1,128,17,baseline_split,3,8,100,44.7295999527,14212,0.317731435448,4352,2909,true,1
fp16,1,17,1,128,17,baseline_fused,4,0,100,29.395198822,5508,0.187377538534,4352,2909,true,1
fp16,1,17,1,128,17,optimized_fused,4,1,100,19.8591995239,5508,0.277352568686,4352,2909,true,1
fp16,1,17,1,128,17,warp32_transform,4,2,100,20.3327989578,8704,0.428076823956,4352,2909,true,1
fp16,1,17,1,128,17,warp32_split,4,3,100,37.5424003601,14212,0.378558639396,4352,2909,true,1
fp16,1,17,1,128,17,warp32_fused,4,4,100,18.2464003563,5508,0.301867759802,4352,2909,true,1
fp16,1,17,1,128,17,baseline_transform,4,5,100,18.3168005943,8704,0.475192157887,4352,2909,true,1
fp16,1,17,1,128,17,optimized_transform,4,6,100,18.2464003563,8704,0.477025595736,4352,2909,true,1
fp16,1,17,1,128,17,baseline_split,4,7,100,44.7359991074,14212,0.31768598631,4352,2909,true,1
fp16,1,17,1,128,17,optimized_split,4,8,100,35.6223988533,14212,0.398962463436,4352,2909,true,1
fp16,1,257,1,128,257,baseline_transform,0,0,100,43.3215999603,131584,3.03737627697,65792,2909,true,1
fp16,1,257,1,128,257,optimized_transform,0,1,100,43.3472013474,131584,3.03558236541,65792,2909,true,1
fp16,1,257,1,128,257,baseline_split,0,2,100,104.057598114,214852,2.06474110391,65792,2909,true,1
fp16,1,257,1,128,257,optimized_split,0,3,100,77.8367996216,214852,2.76028820615,65792,2909,true,1
fp16,1,257,1,128,257,baseline_fused,0,4,100,69.4528007507,83268,1.19891493359,65792,2909,true,1
fp16,1,257,1,128,257,optimized_fused,0,5,100,39.0016007423,83268,2.13498929313,65792,2909,true,1
fp16,1,257,1,128,257,warp32_transform,0,6,100,25.6319999695,131584,5.13358302734,65792,2909,true,1
fp16,1,257,1,128,257,warp32_split,0,7,100,54.092798233,214852,3.97191506112,65792,2909,true,1
fp16,1,257,1,128,257,warp32_fused,0,8,100,25.7471990585,83268,3.23406052094,65792,2909,true,1
fp16,1,257,1,128,257,optimized_transform,1,0,100,43.3152008057,131584,3.0378250026,65792,2909,true,1
fp16,1,257,1,128,257,baseline_split,1,1,100,104.166402817,214852,2.06258442444,65792,2909,true,1
fp16,1,257,1,128,257,optimized_split,1,2,100,77.7536010742,214852,2.76324179243,65792,2909,true,1
fp16,1,257,1,128,257,baseline_fused,1,3,100,69.350399971,83268,1.20068521645,65792,2909,true,1
fp16,1,257,1,128,257,optimized_fused,1,4,100,38.7712001801,83268,2.14767661598,65792,2909,true,1
fp16,1,257,1,128,257,warp32_transform,1,5,100,25.5168008804,131584,5.15675929034,65792,2909,true,1
fp16,1,257,1,128,257,warp32_split,1,6,100,53.8687992096,214852,3.98843120976,65792,2909,true,1
fp16,1,257,1,128,257,warp32_fused,1,7,100,25.4207992554,83268,3.27558544338,65792,2909,true,1
fp16,1,257,1,128,257,baseline_transform,1,8,100,42.6176023483,131584,3.08755051315,65792,2909,true,1
fp16,1,257,1,128,257,baseline_split,2,0,100,103.865604401,214852,2.06855774094,65792,2909,true,1
fp16,1,257,1,128,257,optimized_split,2,1,100,78.1120014191,214852,2.75056324376,65792,2909,true,1
fp16,1,257,1,128,257,baseline_fused,2,2,100,69.4975996017,83268,1.19814210098,65792,2909,true,1
fp16,1,257,1,128,257,optimized_fused,2,3,100,38.7199997902,83268,2.15051654058,65792,2909,true,1
fp16,1,257,1,128,257,warp32_transform,2,4,100,25.5423998833,131584,5.15159110347,65792,2909,true,1
fp16,1,257,1,128,257,warp32_split,2,5,100,55.2960014343,214852,3.88548890384,65792,2909,true,1
fp16,1,257,1,128,257,warp32_fused,2,6,100,25.7536005974,83268,3.23325663474,65792,2909,true,1
fp16,1,257,1,128,257,baseline_transform,2,7,100,43.2064008713,131584,3.04547468307,65792,2909,true,1
fp16,1,257,1,128,257,optimized_transform,2,8,100,43.398399353,131584,3.03200122497,65792,2909,true,1
fp16,1,257,1,128,257,optimized_split,3,0,100,78.2656002045,214852,2.74516517396,65792,2909,true,1
fp16,1,257,1,128,257,baseline_fused,3,1,100,69.7088003159,83268,1.19451202176,65792,2909,true,1
fp16,1,257,1,128,257,optimized_fused,3,2,100,38.656001091,83268,2.15407692596,65792,2909,true,1
fp16,1,257,1,128,257,warp32_transform,3,3,100,25.3888010979,131584,5.18275752734,65792,2909,true,1
fp16,1,257,1,128,257,warp32_split,3,4,100,55.0911998749,214852,3.89993321053,65792,2909,true,1
fp16,1,257,1,128,257,warp32_fused,3,5,100,25.4015994072,83268,3.27806130099,65792,2909,true,1
fp16,1,257,1,128,257,baseline_transform,3,6,100,43.2064008713,131584,3.04547468307,65792,2909,true,1
fp16,1,257,1,128,257,optimized_transform,3,7,100,43.308801651,131584,3.03827386083,65792,2909,true,1
fp16,1,257,1,128,257,baseline_split,3,8,100,104.185600281,214852,2.06220436818,65792,2909,true,1
fp16,1,257,1,128,257,baseline_fused,4,0,100,69.3887996674,83268,1.20002075838,65792,2909,true,1
fp16,1,257,1,128,257,optimized_fused,4,1,100,38.8608002663,83268,2.14272478769,65792,2909,true,1
fp16,1,257,1,128,257,warp32_transform,4,2,100,26.1055994034,131584,5.04045120615,65792,2909,true,1
fp16,1,257,1,128,257,warp32_split,4,3,100,54.3423986435,214852,3.95367163326,65792,2909,true,1
fp16,1,257,1,128,257,warp32_fused,4,4,100,25.4399991035,83268,3.27311332289,65792,2909,true,1
fp16,1,257,1,128,257,baseline_transform,4,5,100,43.0592012405,131584,3.05588576214,65792,2909,true,1
fp16,1,257,1,128,257,optimized_transform,4,6,100,43.2320022583,131584,3.04367119556,65792,2909,true,1
fp16,1,257,1,128,257,baseline_split,4,7,100,103.775997162,214852,2.07034387407,65792,2909,true,1
fp16,1,257,1,128,257,optimized_split,4,8,100,78.1568002701,214852,2.74898664297,65792,2909,true,1
fp16,4,64,16,128,4096,baseline_transform,0,0,100,229.299201965,2097152,9.14591931426,1048576,2909,true,1
fp16,4,64,16,128,4096,optimized_transform,0,1,100,238.048000336,2097152,8.80978624917,1048576,2909,true,1
fp16,4,64,16,128,4096,baseline_split,0,2,100,427.967987061,3424256,8.00119659304,1048576,2909,true,1
fp16,4,64,16,128,4096,optimized_split,0,3,100,402.886390686,3424256,8.49930918284,1048576,2909,true,1
fp16,4,64,16,128,4096,baseline_fused,0,4,100,209.638404846,1327104,6.33044313123,1048576,2909,true,1
fp16,4,64,16,128,4096,optimized_fused,0,5,100,175.424003601,1327104,7.56512206287,1048576,2909,true,1
fp16,4,64,16,128,4096,warp32_transform,0,6,100,141.017599106,2097152,14.8715622255,1048576,2909,true,1
fp16,4,64,16,128,4096,warp32_split,0,7,100,319.014396667,3424256,10.7338604018,1048576,2909,true,1
fp16,4,64,16,128,4096,warp32_fused,0,8,100,177.887992859,1327104,7.46033489204,1048576,2909,true,1
fp16,4,64,16,128,4096,optimized_transform,1,0,100,236.761608124,2097152,8.85765228839,1048576,2909,true,1
fp16,4,64,16,128,4096,baseline_split,1,1,100,427.456016541,3424256,8.01077974692,1048576,2909,true,1
fp16,4,64,16,128,4096,optimized_split,1,2,100,403.187217712,3424256,8.49296765763,1048576,2909,true,1
fp16,4,64,16,128,4096,baseline_fused,1,3,100,209.593601227,1327104,6.33179635367,1048576,2909,true,1
fp16,4,64,16,128,4096,optimized_fused,1,4,100,175.923194885,1327104,7.54365563259,1048576,2909,true,1
fp16,4,64,16,128,4096,warp32_transform,1,5,100,141.196804047,2097152,14.8526874539,1048576,2909,true,1
fp16,4,64,16,128,4096,warp32_split,1,6,100,318.361606598,3424256,10.7558698318,1048576,2909,true,1
fp16,4,64,16,128,4096,warp32_fused,1,7,100,177.555198669,1327104,7.47431790195,1048576,2909,true,1
fp16,4,64,16,128,4096,baseline_transform,1,8,100,230.809593201,2097152,9.08606947796,1048576,2909,true,1
fp16,4,64,16,128,4096,baseline_split,2,0,100,428.467216492,3424256,7.99187398289,1048576,2909,true,1
fp16,4,64,16,128,4096,optimized_split,2,1,100,401.10080719,3424256,8.53714562179,1048576,2909,true,1
fp16,4,64,16,128,4096,baseline_fused,2,2,100,209.89440918,1327104,6.32272200668,1048576,2909,true,1
fp16,4,64,16,128,4096,optimized_fused,2,3,100,175.072002411,1327104,7.58033255875,1048576,2909,true,1
fp16,4,64,16,128,4096,warp32_transform,2,4,100,140.697603226,2097152,14.9053853934,1048576,2909,true,1
fp16,4,64,16,128,4096,warp32_split,2,5,100,318.310394287,3424256,10.7576003218,1048576,2909,true,1
fp16,4,64,16,128,4096,warp32_fused,2,6,100,177.100791931,1327104,7.49349557124,1048576,2909,true,1
fp16,4,64,16,128,4096,baseline_transform,2,7,100,229.740791321,2097152,9.1283397604,1048576,2909,true,1
fp16,4,64,16,128,4096,optimized_transform,2,8,100,236.646404266,2097152,8.86196435776,1048576,2909,true,1
fp16,4,64,16,128,4096,optimized_split,3,0,100,400.908813477,3424256,8.54123402852,1048576,2909,true,1
fp16,4,64,16,128,4096,baseline_fused,3,1,100,209.49760437,1327104,6.33469773552,1048576,2909,true,1
fp16,4,64,16,128,4096,optimized_fused,3,2,100,175.615997314,1327104,7.55685142751,1048576,2909,true,1
fp16,4,64,16,128,4096,warp32_transform,3,3,100,140.307197571,2097152,14.9468597214,1048576,2909,true,1
fp16,4,64,16,128,4096,warp32_split,3,4,100,319.334392548,3424256,10.7231043067,1048576,2909,true,1
fp16,4,64,16,128,4096,warp32_fused,3,5,100,178.208007812,1327104,7.44693808258,1048576,2909,true,1
fp16,4,64,16,128,4096,baseline_transform,3,6,100,227.520008087,2097152,9.2174398974,1048576,2909,true,1
fp16,4,64,16,128,4096,optimized_transform,3,7,100,236.48639679,2097152,8.8679603921,1048576,2909,true,1
fp16,4,64,16,128,4096,baseline_split,3,8,100,427.334403992,3424256,8.01305948694,1048576,2909,true,1
fp16,4,64,16,128,4096,baseline_fused,4,0,100,209.606399536,1327104,6.33140974196,1048576,2909,true,1
fp16,4,64,16,128,4096,optimized_fused,4,1,100,175.347194672,1327104,7.56843588222,1048576,2909,true,1
fp16,4,64,16,128,4096,warp32_transform,4,2,100,141.209602356,2097152,14.8513413041,1048576,2909,true,1
fp16,4,64,16,128,4096,warp32_split,4,3,100,318.003196716,3424256,10.767992383,1048576,2909,true,1
fp16,4,64,16,128,4096,warp32_fused,4,4,100,177.318401337,1327104,7.48429937331,1048576,2909,true,1
fp16,4,64,16,128,4096,baseline_transform,4,5,100,229.875202179,2097152,9.12300230787,1048576,2909,true,1
fp16,4,64,16,128,4096,optimized_transform,4,6,100,237.721595764,2097152,8.82188256081,1048576,2909,true,1
fp16,4,64,16,128,4096,baseline_split,4,7,100,427.641601562,3424256,8.00730328268,1048576,2909,true,1
fp16,4,64,16,128,4096,optimized_split,4,8,100,400.492782593,3424256,8.5501066407,1048576,2909,true,1
fp16,16,64,16,128,16384,baseline_transform,0,0,100,832.249603271,8388608,10.0794376675,4194304,2909,true,1
fp16,16,64,16,128,16384,optimized_transform,0,1,100,876.352005005,8388608,9.57219011549,4194304,2909,true,1
fp16,16,64,16,128,16384,baseline_split,0,2,100,1547.05917358,13697024,8.85358765448,4194304,2909,true,1
fp16,16,64,16,128,16384,optimized_split,0,3,100,1466.5536499,13697024,9.33959968046,4194304,2909,true,1
fp16,16,64,16,128,16384,baseline_fused,0,4,100,731.23840332,5308416,7.25948743378,4194304,2909,true,1
fp16,16,64,16,128,16384,optimized_fused,0,5,100,638.35521698,5308416,8.31577131164,4194304,2909,true,1
fp16,16,64,16,128,16384,warp32_transform,0,6,100,545.152015686,8388608,15.3876492403,4194304,2909,true,1
fp16,16,64,16,128,16384,warp32_split,0,7,100,1260.47363281,13697024,10.8665692351,4194304,2909,true,1
fp16,16,64,16,128,16384,warp32_fused,0,8,100,717.760009766,5308416,7.3958090835,4194304,2909,true,1
fp16,16,64,16,128,16384,optimized_transform,1,0,100,872.499237061,8388608,9.61445883696,4194304,2909,true,1
fp16,16,64,16,128,16384,baseline_split,1,1,100,1548.48632812,13697024,8.8454277905,4194304,2909,true,1
fp16,16,64,16,128,16384,optimized_split,1,2,100,1467.75039673,13697024,9.33198453261,4194304,2909,true,1
fp16,16,64,16,128,16384,baseline_fused,1,3,100,730.732803345,5308416,7.26451033223,4194304,2909,true,1
fp16,16,64,16,128,16384,optimized_fused,1,4,100,638.041610718,5308416,8.31985862807,4194304,2909,true,1
fp16,16,64,16,128,16384,warp32_transform,1,5,100,544.102401733,8388608,15.4173331588,4194304,2909,true,1
fp16,16,64,16,128,16384,warp32_split,1,6,100,1254.55360413,13697024,10.9178467584,4194304,2909,true,1
fp16,16,64,16,128,16384,warp32_fused,1,7,100,717.619171143,5308416,7.39726057144,4194304,2909,true,1
fp16,16,64,16,128,16384,baseline_transform,1,8,100,833.465576172,8388608,10.0647324135,4194304,2909,true,1
fp16,16,64,16,128,16384,baseline_split,2,0,100,1547.30239868,13697024,8.85219593253,4194304,2909,true,1
fp16,16,64,16,128,16384,optimized_split,2,1,100,1466.35513306,13697024,9.34086408621,4194304,2909,true,1
fp16,16,64,16,128,16384,baseline_fused,2,2,100,731.475219727,5308416,7.25713716178,4194304,2909,true,1
fp16,16,64,16,128,16384,optimized_fused,2,3,100,638.675193787,5308416,8.31160510326,4194304,2909,true,1
fp16,16,64,16,128,16384,warp32_transform,2,4,100,544.313583374,8388608,15.4113515742,4194304,2909,true,1
fp16,16,64,16,128,16384,warp32_split,2,5,100,1256.89598083,13697024,10.8975000389,4194304,2909,true,1
fp16,16,64,16,128,16384,warp32_fused,2,6,100,716.422424316,5308416,7.4096173149,4194304,2909,true,1
fp16,16,64,16,128,16384,baseline_transform,2,7,100,832.134399414,8388608,10.0808331033,4194304,2909,true,1
fp16,16,64,16,128,16384,optimized_transform,2,8,100,874.611206055,8388608,9.59124230507,4194304,2909,true,1
fp16,16,64,16,128,16384,optimized_split,3,0,100,1470.61767578,13697024,9.31378986229,4194304,2909,true,1
fp16,16,64,16,128,16384,baseline_fused,3,1,100,731.872024536,5308416,7.25320250267,4194304,2909,true,1
fp16,16,64,16,128,16384,optimized_fused,3,2,100,638.636817932,5308416,8.31210454979,4194304,2909,true,1
fp16,16,64,16,128,16384,warp32_transform,3,3,100,542.643203735,8388608,15.458791232,4194304,2909,true,1
fp16,16,64,16,128,16384,warp32_split,3,4,100,1251.46881104,13697024,10.9447585743,4194304,2909,true,1
fp16,16,64,16,128,16384,warp32_fused,3,5,100,716.153564453,5308416,7.41239904887,4194304,2909,true,1
fp16,16,64,16,128,16384,baseline_transform,3,6,100,831.116790771,8388608,10.0931759449,4194304,2909,true,1
fp16,16,64,16,128,16384,optimized_transform,3,7,100,873.241577148,8388608,9.60628561388,4194304,2909,true,1
fp16,16,64,16,128,16384,baseline_split,3,8,100,1548.10241699,13697024,8.84762135222,4194304,2909,true,1
fp16,16,64,16,128,16384,baseline_fused,4,0,100,732.735977173,5308416,7.24465041348,4194304,2909,true,1
fp16,16,64,16,128,16384,optimized_fused,4,1,100,638.630409241,5308416,8.31218796222,4194304,2909,true,1
fp16,16,64,16,128,16384,warp32_transform,4,2,100,544.684791565,8388608,15.4008485823,4194304,2909,true,1
fp16,16,64,16,128,16384,warp32_split,4,3,100,1257.0880127,13697024,10.8958353446,4194304,2909,true,1
fp16,16,64,16,128,16384,warp32_fused,4,4,100,712.91519165,5308416,7.44606940934,4194304,2909,true,1
fp16,16,64,16,128,16384,baseline_transform,4,5,100,834.265594482,8388608,10.0550808465,4194304,2909,true,1
fp16,16,64,16,128,16384,optimized_transform,4,6,100,871.142425537,8388608,9.62943343602,4194304,2909,true,1
fp16,16,64,16,128,16384,baseline_split,4,7,100,1547.98080444,13697024,8.84831643951,4194304,2909,true,1
fp16,16,64,16,128,16384,optimized_split,4,8,100,1466.45767212,13697024,9.34021094534,4194304,2909,true,1
fp16,1,1,1,256,1,baseline_transform,0,0,100,17.8880000114,1024,0.0572450804643,512,2909,true,1
fp16,1,1,1,256,1,optimized_transform,0,1,100,17.5616002083,1024,0.0583090372093,512,2909,true,1
fp16,1,1,1,256,1,baseline_split,0,2,100,54.1567993164,1668,0.0307994567821,512,2909,true,1
fp16,1,1,1,256,1,optimized_split,0,3,100,33.6768007278,1668,0.0495296454518,512,2909,true,1
fp16,1,1,1,256,1,baseline_fused,0,4,100,39.7119998932,644,0.0162167607205,512,2909,true,1
fp16,1,1,1,256,1,optimized_fused,0,5,100,19.2703998089,644,0.0334191301886,512,2909,true,1
fp16,1,1,1,256,1,warp32_transform,0,6,100,16.0640001297,1024,0.0637450194056,512,2909,true,1
fp16,1,1,1,256,1,warp32_split,0,7,100,31.9167995453,1668,0.0522608790281,512,2909,true,1
fp16,1,1,1,256,1,warp32_fused,0,8,100,17.3824000359,644,0.0370489689957,512,2909,true,1
fp16,1,1,1,256,1,optimized_transform,1,0,100,17.5232005119,1024,0.0584368134864,512,2909,true,1
fp16,1,1,1,256,1,baseline_split,1,1,100,54.1567993164,1668,0.0307994567821,512,2909,true,1
fp16,1,1,1,256,1,optimized_split,1,2,100,33.8175988197,1668,0.0493234309417,512,2909,true,1
fp16,1,1,1,256,1,baseline_fused,1,3,100,39.6799993515,644,0.0162298389749,512,2909,true,1
fp16,1,1,1,256,1,optimized_fused,1,4,100,19.2511999607,644,0.0334524601747,512,2909,true,1
fp16,1,1,1,256,1,warp32_transform,1,5,100,16.0640001297,1024,0.0637450194056,512,2909,true,1
fp16,1,1,1,256,1,warp32_split,1,6,100,31.9039988518,1668,0.0522818474182,512,2909,true,1
fp16,1,1,1,256,1,warp32_fused,1,7,100,17.3375999928,644,0.0371447028579,512,2909,true,1
fp16,1,1,1,256,1,baseline_transform,1,8,100,17.9903995991,1024,0.0569192470885,512,2909,true,1
fp16,1,1,1,256,1,baseline_split,2,0,100,54.1311979294,1668,0.0308140234062,512,2909,true,1
fp16,1,1,1,256,1,optimized_split,2,1,100,33.7919998169,1668,0.049360795722,512,2909,true,1
fp16,1,1,1,256,1,baseline_fused,2,2,100,39.7887992859,644,0.0161854595152,512,2909,true,1
fp16,1,1,1,256,1,optimized_fused,2,3,100,19.1359996796,644,0.0336538467174,512,2909,true,1
fp16,1,1,1,256,1,warp32_transform,2,4,100,16.1663997173,1024,0.0633412520972,512,2909,true,1
fp16,1,1,1,256,1,warp32_split,2,5,100,31.9359993935,1668,0.0522294599098,512,2909,true,1
fp16,1,1,1,256,1,warp32_fused,2,6,100,17.4463999271,644,0.0369130595819,512,2909,true,1
fp16,1,1,1,256,1,baseline_transform,2,7,100,17.9007995129,1024,0.0572041488574,512,2909,true,1
fp16,1,1,1,256,1,optimized_transform,2,8,100,17.5232005119,1024,0.0584368134864,512,2909,true,1
fp16,1,1,1,256,1,optimized_split,3,0,100,33.8175988197,1668,0.0493234309417,512,2909,true,1
fp16,1,1,1,256,1,baseline_fused,3,1,100,39.7632002831,644,0.016195879492,512,2909,true,1
fp16,1,1,1,256,1,optimized_fused,3,2,100,19.1424000263,644,0.0336425944038,512,2909,true,1
fp16,1,1,1,256,1,warp32_transform,3,3,100,16.1855995655,1024,0.0632661147865,512,2909,true,1
fp16,1,1,1,256,1,warp32_split,3,4,100,32.0447993279,1668,0.052052128114,512,2909,true,1
fp16,1,1,1,256,1,warp32_fused,3,5,100,17.427200079,644,0.036953727339,512,2909,true,1
fp16,1,1,1,256,1,baseline_transform,3,6,100,17.8880000114,1024,0.0572450804643,512,2909,true,1
fp16,1,1,1,256,1,optimized_transform,3,7,100,17.5039994717,1024,0.0585009158426,512,2909,true,1
fp16,1,1,1,256,1,baseline_split,3,8,100,54.1504001617,1668,0.0308030964687,512,2909,true,1
fp16,1,1,1,256,1,baseline_fused,4,0,100,39.7119998932,644,0.0162167607205,512,2909,true,1
fp16,1,1,1,256,1,optimized_fused,4,1,100,19.2128002644,644,0.0335193199918,512,2909,true,1
fp16,1,1,1,256,1,warp32_transform,4,2,100,16.0575997829,1024,0.0637704273267,512,2909,true,1
fp16,1,1,1,256,1,warp32_split,4,3,100,31.9167995453,1668,0.0522608790281,512,2909,true,1
fp16,1,1,1,256,1,warp32_fused,4,4,100,17.3440003395,644,0.0371309955831,512,2909,true,1
fp16,1,1,1,256,1,baseline_transform,4,5,100,18.0032002926,1024,0.0568787761819,512,2909,true,1
fp16,1,1,1,256,1,optimized_transform,4,6,100,17.4207997322,1024,0.0587803095002,512,2909,true,1
fp16,1,1,1,256,1,baseline_split,4,7,100,54.1695976257,1668,0.0307921799886,512,2909,true,1
fp16,1,1,1,256,1,optimized_split,4,8,100,33.6640000343,1668,0.0495484790369,512,2909,true,1
fp16,1,17,1,256,17,baseline_transform,0,0,100,19.8336005211,17408,0.877702461613,8704,2909,true,1
fp16,1,17,1,256,17,optimized_transform,0,1,100,19.3472003937,17408,0.899768423637,8704,2909,true,1
fp16,1,17,1,256,17,baseline_split,0,2,100,57.0495986938,28356,0.497041182571,8704,2909,true,1
fp16,1,17,1,256,17,optimized_split,0,3,100,36.9151997566,28356,0.76813887469,8704,2909,true,1
fp16,1,17,1,256,17,baseline_fused,0,4,100,40.9280014038,10948,0.267494126869,8704,2909,true,1
fp16,1,17,1,256,17,optimized_fused,0,5,100,20.3392004967,10948,0.538270911966,8704,2909,true,1
fp16,1,17,1,256,17,warp32_transform,0,6,100,22.6496005058,17408,0.768578677382,8704,2909,true,1
fp16,1,17,1,256,17,warp32_split,0,7,100,44.3007993698,28356,0.640078743575,8704,2909,true,1
fp16,1,17,1,256,17,warp32_fused,0,8,100,23.590400219,10948,0.464087081965,8704,2909,true,1
fp16,1,17,1,256,17,optimized_transform,1,0,100,19.2895996571,17408,0.902455225069,8704,2909,true,1
fp16,1,17,1,256,17,baseline_split,1,1,100,57.0431995392,28356,0.497096941074,8704,2909,true,1
fp16,1,17,1,256,17,optimized_split,1,2,100,36.908800602,28356,0.768272052669,8704,2909,true,1
fp16,1,17,1,256,17,baseline_fused,1,3,100,40.9216022491,10948,0.267535956519,8704,2909,true,1
fp16,1,17,1,256,17,optimized_fused,1,4,100,20.3263998032,10948,0.538609891866,8704,2909,true,1
fp16,1,17,1,256,17,warp32_transform,1,5,100,22.6367998123,17408,0.769013294473,8704,2909,true,1
fp16,1,17,1,256,17,warp32_split,1,6,100,44.2944002151,28356,0.640171214923,8704,2909,true,1
fp16,1,17,1,256,17,warp32_fused,1,7,100,23.5967993736,10948,0.463961227396,8704,2909,true,1
fp16,1,17,1,256,17,baseline_transform,1,8,100,19.7567999363,17408,0.881114353343,8704,2909,true,1
fp16,1,17,1,256,17,baseline_split,2,0,100,56.9791984558,28356,0.497655298222,8704,2909,true,1
fp16,1,17,1,256,17,optimized_split,2,1,100,36.9151997566,28356,0.76813887469,8704,2909,true,1
fp16,1,17,1,256,17,baseline_fused,2,2,100,40.8576011658,10948,0.267955036214,8704,2909,true,1
fp16,1,17,1,256,17,optimized_fused,2,3,100,20.3647994995,10948,0.537594293539,8704,2909,true,1
fp16,1,17,1,256,17,warp32_transform,2,4,100,22.4512004852,17408,0.77537056477,8704,2909,true,1
fp16,1,17,1,256,17,warp32_split,2,5,100,44.0895986557,28356,0.643144888241,8704,2909,true,1
fp16,1,17,1,256,17,warp32_fused,2,6,100,23.4752011299,10948,0.46636448137,8704,2909,true,1
fp16,1,17,1,256,17,baseline_transform,2,7,100,19.788800478,17408,0.879689500097,8704,2909,true,1
fp16,1,17,1,256,17,optimized_transform,2,8,100,19.3280005455,17408,0.900662226236,8704,2909,true,1
fp16,1,17,1,256,17,optimized_split,3,0,100,36.9023990631,28356,0.76840532648,8704,2909,true,1
fp16,1,17,1,256,17,baseline_fused,3,1,100,40.8767986298,10948,0.267829193259,8704,2909,true,1
fp16,1,17,1,256,17,optimized_fused,3,2,100,20.3647994995,10948,0.537594293539,8704,2909,true,1
fp16,1,17,1,256,17,warp32_transform,3,3,100,22.4896001816,17408,0.774046664211,8704,2909,true,1
fp16,1,17,1,256,17,warp32_split,3,4,100,44.2687988281,28356,0.640541436647,8704,2909,true,1
fp16,1,17,1,256,17,warp32_fused,3,5,100,23.4495997429,10948,0.46687364049,8704,2909,true,1
fp16,1,17,1,256,17,baseline_transform,3,6,100,19.788800478,17408,0.879689500097,8704,2909,true,1
fp16,1,17,1,256,17,optimized_transform,3,7,100,19.3408000469,17408,0.900066179153,8704,2909,true,1
fp16,1,17,1,256,17,baseline_split,3,8,100,57.0304012299,28356,0.497208495618,8704,2909,true,1
fp16,1,17,1,256,17,baseline_fused,4,0,100,40.9280014038,10948,0.267494126869,8704,2909,true,1
fp16,1,17,1,256,17,optimized_fused,4,1,100,20.3135991096,10948,0.538949298985,8704,2909,true,1
fp16,1,17,1,256,17,warp32_transform,4,2,100,22.6112008095,17408,0.769883923754,8704,2909,true,1
fp16,1,17,1,256,17,warp32_split,4,3,100,44.1215991974,28356,0.642678427705,8704,2909,true,1
fp16,1,17,1,256,17,warp32_fused,4,4,100,23.6032009125,10948,0.463835394216,8704,2909,true,1
fp16,1,17,1,256,17,baseline_transform,4,5,100,19.7311997414,17408,0.88225755292,8704,2909,true,1
fp16,1,17,1,256,17,optimized_transform,4,6,100,19.3664002419,17408,0.898876393269,8704,2909,true,1
fp16,1,17,1,256,17,baseline_split,4,7,100,56.9791984558,28356,0.497655298222,8704,2909,true,1
fp16,1,17,1,256,17,optimized_split,4,8,100,36.9215989113,28356,0.768005742875,8704,2909,true,1
fp16,1,257,1,256,257,baseline_transform,0,0,100,50.009598732,263168,5.2623497623,131584,2909,true,1
fp16,1,257,1,256,257,optimized_transform,0,1,100,52.4032020569,263168,5.02198319321,131584,2909,true,1
fp16,1,257,1,256,257,baseline_split,0,2,100,149.65760231,428676,2.86437837693,131584,2909,true,1
fp16,1,257,1,256,257,optimized_split,0,3,100,92.012796402,428676,4.65887373021,131584,2909,true,1
fp16,1,257,1,256,257,baseline_fused,0,4,100,109.516801834,165508,1.51125669512,131584,2909,true,1
fp16,1,257,1,256,257,optimized_fused,0,5,100,46.1375999451,165508,3.58726938976,131584,2909,true,1
fp16,1,257,1,256,257,warp32_transform,0,6,100,32.1088004112,263168,8.19613304233,131584,2909,true,1
fp16,1,257,1,256,257,warp32_split,0,7,100,70.7840013504,428676,6.05611426059,131584,2909,true,1
fp16,1,257,1,256,257,warp32_fused,0,8,100,38.3360004425,165508,4.31729961628,131584,2909,true,1
fp16,1,257,1,256,257,optimized_transform,1,0,100,52.2495985031,263168,5.03674683709,131584,2909,true,1
fp16,1,257,1,256,257,baseline_split,1,1,100,149.510402679,428676,2.86719848464,131584,2909,true,1
fp16,1,257,1,256,257,optimized_split,1,2,100,91.8463993073,428676,4.66731415965,131584,2909,true,1
fp16,1,257,1,256,257,baseline_fused,1,3,100,109.382400513,165508,1.51311361996,131584,2909,true,1
fp16,1,257,1,256,257,optimized_fused,1,4,100,46.3999986649,165508,3.56698286126,131584,2909,true,1
fp16,1,257,1,256,257,warp32_transform,1,5,100,32.7679991722,263168,8.03125020289,131584,2909,true,1
fp16,1,257,1,256,257,warp32_split,1,6,100,71.6096019745,428676,5.98629217563,131584,2909,true,1
fp16,1,257,1,256,257,warp32_fused,1,7,100,39.1423988342,165508,4.22835607753,131584,2909,true,1
fp16,1,257,1,256,257,baseline_transform,1,8,100,49.6576023102,263168,5.29965177046,131584,2909,true,1
fp16,1,257,1,256,257,baseline_split,2,0,100,150.559997559,428676,2.84721046062,131584,2909,true,1
fp16,1,257,1,256,257,optimized_split,2,1,100,91.2384033203,428676,4.69841628525,131584,2909,true,1
fp16,1,257,1,256,257,baseline_fused,2,2,100,108.704004288,165508,1.52255660759,131584,2909,true,1
fp16,1,257,1,256,257,optimized_fused,2,3,100,46.2271976471,165508,3.58031653278,131584,2909,true,1
fp16,1,257,1,256,257,warp32_transform,2,4,100,32.7103996277,263168,8.04539238271,131584,2909,true,1
fp16,1,257,1,256,257,warp32_split,2,5,100,69.6063995361,428676,6.15857166664,131584,2909,true,1
fp16,1,257,1,256,257,warp32_fused,2,6,100,39.5327997208,165508,4.18659951152,131584,2909,true,1
fp16,1,257,1,256,257,baseline_transform,2,7,100,49.9520015717,263168,5.26841751521,131584,2909,true,1
fp16,1,257,1,256,257,optimized_transform,2,8,100,52.2240018845,263168,5.03921550444,131584,2909,true,1
fp16,1,257,1,256,257,optimized_split,3,0,100,91.244802475,428676,4.69808677724,131584,2909,true,1
fp16,1,257,1,256,257,baseline_fused,3,1,100,108.889598846,165508,1.51996151839,131584,2909,true,1
fp16,1,257,1,256,257,optimized_fused,3,2,100,46.0544013977,165508,3.59374989093,131584,2909,true,1
fp16,1,257,1,256,257,warp32_transform,3,3,100,32.9983997345,263168,7.97517461809,131584,2909,true,1
fp16,1,257,1,256,257,warp32_split,3,4,100,69.6384000778,428676,6.15574165289,131584,2909,true,1
fp16,1,257,1,256,257,warp32_fused,3,5,100,39.6991991997,165508,4.16905134956,131584,2909,true,1
fp16,1,257,1,256,257,baseline_transform,3,6,100,50.1376008987,263168,5.24891489187,131584,2909,true,1
fp16,1,257,1,256,257,optimized_transform,3,7,100,52.1920013428,263168,5.04230520442,131584,2909,true,1
fp16,1,257,1,256,257,baseline_split,3,8,100,149.875202179,428676,2.86021966121,131584,2909,true,1
fp16,1,257,1,256,257,baseline_fused,4,0,100,109.292802811,165508,1.51435406306,131584,2909,true,1
fp16,1,257,1,256,257,optimized_fused,4,1,100,46.3679981232,165508,3.56944458892,131584,2909,true,1
fp16,1,257,1,256,257,warp32_transform,4,2,100,32.4672007561,263168,8.10565721317,131584,2909,true,1
fp16,1,257,1,256,257,warp32_split,4,3,100,69.8367977142,428676,6.13825395824,131584,2909,true,1
fp16,1,257,1,256,257,warp32_fused,4,4,100,40.3904008865,165508,4.09770629573,131584,2909,true,1
fp16,1,257,1,256,257,baseline_transform,4,5,100,49.4975996017,263168,5.31678307872,131584,2909,true,1
fp16,1,257,1,256,257,optimized_transform,4,6,100,52.1856021881,263168,5.04292350697,131584,2909,true,1
fp16,1,257,1,256,257,baseline_split,4,7,100,150.553598404,428676,2.84733147892,131584,2909,true,1
fp16,1,257,1,256,257,optimized_split,4,8,100,90.8800029755,428676,4.7169452681,131584,2909,true,1
fp16,4,64,16,256,4096,baseline_transform,0,0,100,443.737602234,4194304,9.45221675802,2097152,2909,true,1
fp16,4,64,16,256,4096,optimized_transform,0,1,100,387.558403015,4194304,10.8223792011,2097152,2909,true,1
fp16,4,64,16,256,4096,baseline_split,0,2,100,1102.59841919,6832128,6.19638835055,2097152,2909,true,1
fp16,4,64,16,256,4096,optimized_split,0,3,100,706.380767822,6832128,9.67201870609,2097152,2909,true,1
fp16,4,64,16,256,4096,baseline_fused,0,4,100,654.38079834,2637824,4.03102292532,2097152,2909,true,1
fp16,4,64,16,256,4096,optimized_fused,0,5,100,352.383995056,2637824,7.485652121,2097152,2909,true,1
fp16,4,64,16,256,4096,warp32_transform,0,6,100,227.494392395,4194304,18.436955548,2097152,2909,true,1
fp16,4,64,16,256,4096,warp32_split,0,7,100,562.860794067,6832128,12.1382197375,2097152,2909,true,1
fp16,4,64,16,256,4096,warp32_fused,0,8,100,330.16960144,2637824,7.98930000973,2097152,2909,true,1
fp16,4,64,16,256,4096,optimized_transform,1,0,100,388.102416992,4194304,10.8072091705,2097152,2909,true,1
fp16,4,64,16,256,4096,baseline_split,1,1,100,1107.88482666,6832128,6.16682152837,2097152,2909,true,1
fp16,4,64,16,256,4096,optimized_split,1,2,100,704.838409424,6832128,9.69318344269,2097152,2909,true,1
fp16,4,64,16,256,4096,baseline_fused,1,3,100,655.142364502,2637824,4.02633708783,2097152,2909,true,1
fp16,4,64,16,256,4096,optimized_fused,1,4,100,353.267211914,2637824,7.46693695604,2097152,2909,true,1
fp16,4,64,16,256,4096,warp32_transform,1,5,100,225.98400116,4194304,18.5601811565,2097152,2909,true,1
fp16,4,64,16,256,4096,warp32_split,1,6,100,563.199996948,6832128,12.1309091566,2097152,2909,true,1
fp16,4,64,16,256,4096,warp32_fused,1,7,100,330.681610107,2637824,7.97692983031,2097152,2909,true,1
fp16,4,64,16,256,4096,baseline_transform,1,8,100,442.271995544,4194304,9.48353963682,2097152,2909,true,1
fp16,4,64,16,256,4096,baseline_split,2,0,100,1105.88798523,6832128,6.17795662061,2097152,2909,true,1
fp16,4,64,16,256,4096,optimized_split,2,1,100,705.203170776,6832128,9.68816971211,2097152,2909,true,1
fp16,4,64,16,256,4096,baseline_fused,2,2,100,655.92956543,2637824,4.0215049588,2097152,2909,true,1
fp16,4,64,16,256,4096,optimized_fused,2,3,100,352.288017273,2637824,7.48769152133,2097152,2909,true,1
fp16,4,64,16,256,4096,warp32_transform,2,4,100,227.916793823,4194304,18.4027860766,2097152,2909,true,1
fp16,4,64,16,256,4096,warp32_split,2,5,100,562.560005188,6832128,12.1447097856,2097152,2909,true,1
fp16,4,64,16,256,4096,warp32_fused,2,6,100,330.489616394,2637824,7.98156392561,2097152,2909,true,1
fp16,4,64,16,256,4096,baseline_transform,2,7,100,443.27041626,4194304,9.46217894573,2097152,2909,true,1
fp16,4,64,16,256,4096,optimized_transform,2,8,100,387.775993347,4194304,10.8163065067,2097152,2909,true,1
fp16,4,64,16,256,4096,optimized_split,3,0,100,704.000015259,6832128,9.70472706238,2097152,2909,true,1
fp16,4,64,16,256,4096,baseline_fused,3,1,100,655.744018555,2637824,4.0226428688,2097152,2909,true,1
fp16,4,64,16,256,4096,optimized_fused,3,2,100,352.588806152,2637824,7.48130387004,2097152,2909,true,1
fp16,4,64,16,256,4096,warp32_transform,3,3,100,226.668796539,4194304,18.5041084791,2097152,2909,true,1
fp16,4,64,16,256,4096,warp32_split,3,4,100,563.737602234,6832128,12.1193405814,2097152,2909,true,1
fp16,4,64,16,256,4096,warp32_fused,3,5,100,330.07358551,2637824,7.99162403717,2097152,2909,true,1
fp16,4,64,16,256,4096,baseline_transform,3,6,100,441.535987854,4194304,9.49934799287,2097152,2909,true,1
fp16,4,64,16,256,4096,optimized_transform,3,7,100,387.807998657,4194304,10.8154138505,2097152,2909,true,1
fp16,4,64,16,256,4096,baseline_split,3,8,100,1102.5151825,6832128,6.19685615987,2097152,2909,true,1
fp16,4,64,16,256,4096,baseline_fused,4,0,100,654.809570312,2637824,4.0283833951,2097152,2909,true,1
fp16,4,64,16,256,4096,optimized_fused,4,1,100,353.190383911,2637824,7.4685612071,2097152,2909,true,1
fp16,4,64,16,256,4096,warp32_transform,4,2,100,226.540794373,4194304,18.514563841,2097152,2909,true,1
fp16,4,64,16,256,4096,warp32_split,4,3,100,563.468818665,6832128,12.1251216992,2097152,2909,true,1
fp16,4,64,16,256,4096,warp32_fused,4,4,100,330.323181152,2637824,7.98558548267,2097152,2909,true,1
fp16,4,64,16,256,4096,baseline_transform,4,5,100,442.617607117,4194304,9.47613455172,2097152,2909,true,1
fp16,4,64,16,256,4096,optimized_transform,4,6,100,384.985618591,4194304,10.894703068,2097152,2909,true,1
fp16,4,64,16,256,4096,baseline_split,4,7,100,1105.78559875,6832128,6.17852864759,2097152,2909,true,1
fp16,4,64,16,256,4096,optimized_split,4,8,100,705.446395874,6832128,9.68482940725,2097152,2909,true,1
fp16,16,64,16,256,16384,baseline_transform,0,0,100,1677.04956055,16777216,10.0040072725,8388608,2909,true,1
fp16,16,64,16,256,16384,optimized_transform,0,1,100,1482.64953613,16777216,11.3156990854,8388608,2909,true,1
fp16,16,64,16,256,16384,baseline_split,0,2,100,3947.41119385,27328512,6.92314802233,8388608,2909,true,1
fp16,16,64,16,256,16384,optimized_split,0,3,100,2081.98394775,27328512,13.1261876584,8388608,2909,true,1
fp16,16,64,16,256,16384,baseline_fused,0,4,100,2365.69595337,10551296,4.46012345119,8388608,2909,true,1
fp16,16,64,16,256,16384,optimized_fused,0,5,100,725.7472229,10551296,14.5385275576,8388608,2909,true,1
fp16,16,64,16,256,16384,warp32_transform,0,6,100,876.966400146,16777216,19.1309678423,8388608,2909,true,1
fp16,16,64,16,256,16384,warp32_split,0,7,100,2223.45596313,27328512,12.291006637,8388608,2909,true,1
fp16,16,64,16,256,16384,warp32_fused,0,8,100,1322.48962402,10551296,7.97835824821,8388608,2909,true,1
fp16,16,64,16,256,16384,optimized_transform,1,0,100,1483.55834961,16777216,11.3087671977,8388608,2909,true,1
fp16,16,64,16,256,16384,baseline_split,1,1,100,3952.33276367,27328512,6.91452709934,8388608,2909,true,1
fp16,16,64,16,256,16384,optimized_split,1,2,100,2080.31356812,27328512,13.1367272794,8388608,2909,true,1
fp16,16,64,16,256,16384,baseline_fused,1,3,100,2367.23846436,10551296,4.45721720007,8388608,2909,true,1
fp16,16,64,16,256,16384,optimized_fused,1,4,100,725.036773682,10551296,14.5527735737,8388608,2909,true,1
fp16,16,64,16,256,16384,warp32_transform,1,5,100,876.787185669,16777216,19.1348781942,8388608,2909,true,1
fp16,16,64,16,256,16384,warp32_split,1,6,100,2220.90240479,27328512,12.3051386414,8388608,2909,true,1
fp16,16,64,16,256,16384,warp32_fused,1,7,100,1325.14556885,10551296,7.96236749233,8388608,2909,true,1
fp16,16,64,16,256,16384,baseline_transform,1,8,100,1679.71206665,16777216,9.98814995326,8388608,2909,true,1
fp16,16,64,16,256,16384,baseline_split,2,0,100,3948.18572998,27328512,6.92178987237,8388608,2909,true,1
fp16,16,64,16,256,16384,optimized_split,2,1,100,2080.806427,27328512,13.13361572,8388608,2909,true,1
fp16,16,64,16,256,16384,baseline_fused,2,2,100,2365.54885864,10551296,4.4604007909,8388608,2909,true,1
fp16,16,64,16,256,16384,optimized_fused,2,3,100,725.4271698,10551296,14.5449418484,8388608,2909,true,1
fp16,16,64,16,256,16384,warp32_transform,2,4,100,876.742401123,16777216,19.1358556156,8388608,2909,true,1
fp16,16,64,16,256,16384,warp32_split,2,5,100,2217.52319336,27328512,12.3238900418,8388608,2909,true,1
fp16,16,64,16,256,16384,warp32_fused,2,6,100,1321.11999512,10551296,7.98662955598,8388608,2909,true,1
fp16,16,64,16,256,16384,baseline_transform,2,7,100,1677.6512146,16777216,10.0004195473,8388608,2909,true,1
fp16,16,64,16,256,16384,optimized_transform,2,8,100,1483.93600464,16777216,11.3058891674,8388608,2909,true,1
fp16,16,64,16,256,16384,optimized_split,3,0,100,2079.14886475,27328512,13.1440862477,8388608,2909,true,1
fp16,16,64,16,256,16384,baseline_fused,3,1,100,2366.63040161,10551296,4.45836240117,8388608,2909,true,1
fp16,16,64,16,256,16384,optimized_fused,3,2,100,725.248031616,10551296,14.5485344876,8388608,2909,true,1
fp16,16,64,16,256,16384,warp32_transform,3,3,100,877.177581787,16777216,19.126362037,8388608,2909,true,1
fp16,16,64,16,256,16384,warp32_split,3,4,100,2221.1328125,27328512,12.3038621762,8388608,2909,true,1
fp16,16,64,16,256,16384,warp32_fused,3,5,100,1321.46560669,10551296,7.98454076034,8388608,2909,true,1
fp16,16,64,16,256,16384,baseline_transform,3,6,100,1679.53277588,16777216,9.98921619212,8388608,2909,true,1
fp16,16,64,16,256,16384,optimized_transform,3,7,100,1484.01275635,16777216,11.3053044377,8388608,2909,true,1
fp16,16,64,16,256,16384,baseline_split,3,8,100,3947.31506348,27328512,6.92331662422,8388608,2909,true,1
fp16,16,64,16,256,16384,baseline_fused,4,0,100,2365.41442871,10551296,4.46065428194,8388608,2909,true,1
fp16,16,64,16,256,16384,optimized_fused,4,1,100,725.484771729,10551296,14.5437870114,8388608,2909,true,1
fp16,16,64,16,256,16384,warp32_transform,4,2,100,876.908798218,16777216,19.1322245074,8388608,2909,true,1
fp16,16,64,16,256,16384,warp32_split,4,3,100,2219.5904541,27328512,12.3124119359,8388608,2909,true,1
fp16,16,64,16,256,16384,warp32_fused,4,4,100,1322.32955933,10551296,7.97932400859,8388608,2909,true,1
fp16,16,64,16,256,16384,baseline_transform,4,5,100,1678.08639526,16777216,9.99782612347,8388608,2909,true,1
fp16,16,64,16,256,16384,optimized_transform,4,6,100,1483.20007324,16777216,11.3114989021,8388608,2909,true,1
fp16,16,64,16,256,16384,baseline_split,4,7,100,3943.86566162,27328512,6.92937192713,8388608,2909,true,1
fp16,16,64,16,256,16384,optimized_split,4,8,100,2080.09597778,27328512,13.1381014587,8388608,2909,true,1
bf16,1,1,1,64,1,baseline_transform,0,0,100,15.8975994587,256,0.0161030601296,128,2909,true,1
bf16,1,1,1,64,1,optimized_transform,0,1,100,15.7951998711,256,0.0162074555618,128,2909,true,1
bf16,1,1,1,64,1,baseline_split,0,2,100,35.1424002647,420,0.0119513748872,128,2909,true,1
bf16,1,1,1,64,1,optimized_split,0,3,100,31.1488008499,420,0.0134836651345,128,2909,true,1
bf16,1,1,1,64,1,baseline_fused,0,4,100,22.1632003784,164,0.0073996533533,128,2909,true,1
bf16,1,1,1,64,1,optimized_fused,0,5,100,17.9776000977,164,0.00912246346059,128,2909,true,1
bf16,1,1,1,64,1,warp32_transform,0,6,100,15.2831995487,256,0.0167504192551,128,2909,true,1
bf16,1,1,1,64,1,warp32_split,0,7,100,29.8496007919,420,0.0140705399354,128,2909,true,1
bf16,1,1,1,64,1,warp32_fused,0,8,100,15.232000351,164,0.0107668064746,128,2909,true,1
bf16,1,1,1,64,1,optimized_transform,1,0,100,15.7951998711,256,0.0162074555618,128,2909,true,1
bf16,1,1,1,64,1,baseline_split,1,1,100,35.1360011101,420,0.0119535515349,128,2909,true,1
bf16,1,1,1,64,1,optimized_split,1,2,100,31.263999939,420,0.0134339816025,128,2909,true,1
bf16,1,1,1,64,1,baseline_fused,1,3,100,22.1440005302,164,0.00740606918682,128,2909,true,1
bf16,1,1,1,64,1,optimized_fused,1,4,100,17.9071998596,164,0.00915832744849,128,2909,true,1
bf16,1,1,1,64,1,warp32_transform,1,5,100,15.2831995487,256,0.0167504192551,128,2909,true,1
bf16,1,1,1,64,1,warp32_split,1,6,100,29.9519991875,420,0.0140224362778,128,2909,true,1
bf16,1,1,1,64,1,warp32_fused,1,7,100,15.2831995487,164,0.0107307373353,128,2909,true,1
bf16,1,1,1,64,1,baseline_transform,1,8,100,15.9552001953,256,0.0160449255958,128,2909,true,1
bf16,1,1,1,64,1,baseline_split,2,0,100,35.2512001991,420,0.0119144879501,128,2909,true,1
bf16,1,1,1,64,1,optimized_split,2,1,100,31.2703990936,420,0.013431232481,128,2909,true,1
bf16,1,1,1,64,1,baseline_fused,2,2,100,22.2144007683,164,0.00738259841941,128,2909,true,1
bf16,1,1,1,64,1,optimized_fused,2,3,100,17.804800272,164,0.00921099914038,128,2909,true,1
bf16,1,1,1,64,1,warp32_transform,2,4,100,15.1872003078,256,0.0168562997005,128,2909,true,1
bf16,1,1,1,64,1,warp32_split,2,5,100,29.8431992531,420,0.0140735581476,128,2909,true,1
bf16,1,1,1,64,1,warp32_fused,2,6,100,15.302400589,164,0.010717272695,128,2909,true,1
bf16,1,1,1,64,1,baseline_transform,2,7,100,15.8527994156,256,0.01614856741,128,2909,true,1
bf16,1,1,1,64,1,optimized_transform,2,8,100,15.7824003696,256,0.0162205997823,128,2909,true,1
bf16,1,1,1,64,1,optimized_split,3,0,100,31.2768006325,420,0.0134284834608,128,2909,true,1
bf16,1,1,1,64,1,baseline_fused,3,1,100,22.2528004646,164,0.00736985892003,128,2909,true,1
bf16,1,1,1,64,1,optimized_fused,3,2,100,17.8175997734,164,0.00920438230096,128,2909,true,1
bf16,1,1,1,64,1,warp32_transform,3,3,100,15.2447998524,256,0.0167926114137,128,2909,true,1
bf16,1,1,1,64,1,warp32_split,3,4,100,29.8368000984,420,0.0140765765301,128,2909,true,1
bf16,1,1,1,64,1,warp32_fused,3,5,100,15.2960002422,164,0.0107217571524,128,2909,true,1
bf16,1,1,1,64,1,baseline_transform,3,6,100,15.8527994156,256,0.01614856741,128,2909,true,1
bf16,1,1,1,64,1,optimized_transform,3,7,100,15.7439994812,256,0.0162601631374,128,2909,true,1
bf16,1,1,1,64,1,baseline_split,3,8,100,35.2640008926,420,0.0119101630379,128,2909,true,1
bf16,1,1,1,64,1,baseline_fused,4,0,100,22.1375989914,164,0.00740821080298,128,2909,true,1
bf16,1,1,1,64,1,optimized_fused,4,1,100,17.9200005531,164,0.0091517854318,128,2909,true,1
bf16,1,1,1,64,1,warp32_transform,4,2,100,15.2831995487,256,0.0167504192551,128,2909,true,1
bf16,1,1,1,64,1,warp32_split,4,3,100,29.9456000328,420,0.0140254327694,128,2909,true,1
bf16,1,1,1,64,1,warp32_fused,4,4,100,15.2704000473,164,0.0107397317354,128,2909,true,1
bf16,1,1,1,64,1,baseline_transform,4,5,100,15.9552001953,256,0.0160449255958,128,2909,true,1
bf16,1,1,1,64,1,optimized_transform,4,6,100,15.6799995899,256,0.0163265310392,128,2909,true,1
bf16,1,1,1,64,1,baseline_split,4,7,100,35.2448010445,420,0.0119166511813,128,2909,true,1
bf16,1,1,1,64,1,optimized_split,4,8,100,31.263999939,420,0.0134339816025,128,2909,true,1
bf16,1,17,1,64,17,baseline_transform,0,0,100,17.5935995579,4352,0.247362683553,2176,2909,true,1
bf16,1,17,1,64,17,optimized_transform,0,1,100,17.3055994511,4352,0.251479297918,2176,2909,true,1
bf16,1,17,1,64,17,baseline_split,0,2,100,38.2848000526,7140,0.186496990716,2176,2909,true,1
bf16,1,17,1,64,17,optimized_split,0,3,100,34.3359994888,7140,0.207945017075,2176,2909,true,1
bf16,1,17,1,64,17,baseline_fused,0,4,100,23.8720011711,2788,0.116789538506,2176,2909,true,1
bf16,1,17,1,64,17,optimized_fused,0,5,100,19.3728005886,2788,0.143913110923,2176,2909,true,1
bf16,1,17,1,64,17,warp32_transform,0,6,100,17.7664005756,4352,0.244956764398,2176,2909,true,1
bf16,1,17,1,64,17,warp32_split,0,7,100,34.5855998993,7140,0.206444301119,2176,2909,true,1
bf16,1,17,1,64,17,warp32_fused,0,8,100,17.8944003582,2788,0.155802929642,2176,2909,true,1
bf16,1,17,1,64,17,optimized_transform,1,0,100,17.2992002964,4352,0.251572322734,2176,2909,true,1
bf16,1,17,1,64,17,baseline_split,1,1,100,38.4127998352,7140,0.185875542284,2176,2909,true,1
bf16,1,17,1,64,17,optimized_split,1,2,100,34.3359994888,7140,0.207945017075,2176,2909,true,1
bf16,1,17,1,64,17,baseline_fused,1,3,100,23.8527989388,2788,0.116883557655,2176,2909,true,1
bf16,1,17,1,64,17,optimized_fused,1,4,100,19.3728005886,2788,0.143913110923,2176,2909,true,1
bf16,1,17,1,64,17,warp32_transform,1,5,100,17.7664005756,4352,0.244956764398,2176,2909,true,1
bf16,1,17,1,64,17,warp32_split,1,6,100,34.5792007446,7140,0.20648250527,2176,2909,true,1
bf16,1,17,1,64,17,warp32_fused,1,7,100,17.9071998596,2788,0.155691566624,2176,2909,true,1
bf16,1,17,1,64,17,baseline_transform,1,8,100,17.5039994717,4352,0.248628892331,2176,2909,true,1
bf16,1,17,1,64,17,baseline_split,2,0,100,38.4127998352,7140,0.185875542284,2176,2909,true,1
bf16,1,17,1,64,17,optimized_split,2,1,100,34.3359994888,7140,0.207945017075,2176,2909,true,1
bf16,1,17,1,64,17,baseline_fused,2,2,100,23.8080000877,2788,0.117103494192,2176,2909,true,1
bf16,1,17,1,64,17,optimized_fused,2,3,100,19.4495999813,2788,0.143344850417,2176,2909,true,1
bf16,1,17,1,64,17,warp32_transform,2,4,100,17.5743997097,4352,0.247632924702,2176,2909,true,1
bf16,1,17,1,64,17,warp32_split,2,5,100,34.5215988159,7140,0.206827037127,2176,2909,true,1
bf16,1,17,1,64,17,warp32_fused,2,6,100,17.8240001202,2788,0.156418311333,2176,2909,true,1
bf16,1,17,1,64,17,baseline_transform,2,7,100,17.5616002083,4352,0.24781340814,2176,2909,true,1
bf16,1,17,1,64,17,optimized_transform,2,8,100,17.3055994511,4352,0.251479297918,2176,2909,true,1
bf16,1,17,1,64,17,optimized_split,3,0,100,34.4576001167,7140,0.207211180576,2176,2909,true,1
bf16,1,17,1,64,17,baseline_fused,3,1,100,23.8143992424,2788,0.117072027374,2176,2909,true,1
bf16,1,17,1,64,17,optimized_fused,3,2,100,19.4623994827,2788,0.143250579276,2176,2909,true,1
bf16,1,17,1,64,17,warp32_transform,3,3,100,17.5743997097,4352,0.247632924702,2176,2909,true,1
bf16,1,17,1,64,17,warp32_split,3,4,100,34.4896006584,7140,0.207018923493,2176,2909,true,1
bf16,1,17,1,64,17,warp32_fused,3,5,100,17.804800272,2788,0.156586985387,2176,2909,true,1
bf16,1,17,1,64,17,baseline_transform,3,6,100,17.5872004032,4352,0.247452687194,2176,2909,true,1
bf16,1,17,1,64,17,optimized_transform,3,7,100,17.2544002533,4352,0.252225515585,2176,2909,true,1
bf16,1,17,1,64,17,baseline_split,3,8,100,38.4256005287,7140,0.185813621694,2176,2909,true,1
bf16,1,17,1,64,17,baseline_fused,4,0,100,23.8655996323,2788,0.116820865302,2176,2909,true,1
bf16,1,17,1,64,17,optimized_fused,4,1,100,19.3280005455,2788,0.144246684671,2176,2909,true,1
bf16,1,17,1,64,17,warp32_transform,4,2,100,17.7919995785,4352,0.244604322342,2176,2909,true,1
bf16,1,17,1,64,17,warp32_split,4,3,100,34.7072005272,7140,0.20572100001,2176,2909,true,1
bf16,1,17,1,64,17,warp32_fused,4,4,100,17.945599556,2788,0.155358420392,2176,2909,true,1
bf16,1,17,1,64,17,baseline_transform,4,5,100,17.497600317,4352,0.248719819927,2176,2909,true,1
bf16,1,17,1,64,17,optimized_transform,4,6,100,17.3375999928,4352,0.251015134841,2176,2909,true,1
bf16,1,17,1,64,17,baseline_split,4,7,100,38.4319996834,7140,0.18578268263,2176,2909,true,1
bf16,1,17,1,64,17,optimized_split,4,8,100,34.3232011795,7140,0.20802255485,2176,2909,true,1
bf16,1,257,1,64,257,baseline_transform,0,0,100,36.0640001297,65792,1.82431232707,32896,2909,true,1
bf16,1,257,1,64,257,optimized_transform,0,1,100,37.0368003845,65792,1.77639535049,32896,2909,true,1
bf16,1,257,1,64,257,baseline_split,0,2,100,73.8367986679,107940,1.46187269691,32896,2909,true,1
bf16,1,257,1,64,257,optimized_split,0,3,100,71.2383985519,107940,1.51519408345,32896,2909,true,1
bf16,1,257,1,64,257,baseline_fused,0,4,100,42.1248006821,42148,1.00055072825,32896,2909,true,1
bf16,1,257,1,64,257,optimized_fused,0,5,100,38.1184005737,42148,1.10571271002,32896,2909,true,1
bf16,1,257,1,64,257,warp32_transform,0,6,100,23.3663988113,65792,2.8156670838,32896,2909,true,1
bf16,1,257,1,64,257,warp32_split,0,7,100,43.8528013229,107940,2.46141630053,32896,2909,true,1
bf16,1,257,1,64,257,warp32_fused,0,8,100,23.1680011749,42148,1.81923333315,32896,2909,true,1
bf16,1,257,1,64,257,optimized_transform,1,0,100,36.8512010574,65792,1.78534208146,32896,2909,true,1
bf16,1,257,1,64,257,baseline_split,1,1,100,74.1631984711,107940,1.45543884602,32896,2909,true,1
bf16,1,257,1,64,257,optimized_split,1,2,100,71.263999939,107940,1.51464975433,32896,2909,true,1
bf16,1,257,1,64,257,baseline_fused,1,3,100,42.1120023727,42148,1.00085480683,32896,2909,true,1
bf16,1,257,1,64,257,optimized_fused,1,4,100,38.1439995766,42148,1.10497064985,32896,2909,true,1
bf16,1,257,1,64,257,warp32_transform,1,5,100,23.3920001984,65792,2.81258547547,32896,2909,true,1
bf16,1,257,1,64,257,warp32_split,1,6,100,43.9103984833,107940,2.45818766689,32896,2909,true,1
bf16,1,257,1,64,257,warp32_fused,1,7,100,23.731200695,42148,1.7760584701,32896,2909,true,1
bf16,1,257,1,64,257,baseline_transform,1,8,100,36.0384011269,65792,1.82560818302,32896,2909,true,1
bf16,1,257,1,64,257,baseline_split,2,0,100,74.1887998581,107940,1.45493659699,32896,2909,true,1
bf16,1,257,1,64,257,optimized_split,2,1,100,70.5024003983,107940,1.53101170159,32896,2909,true,1
bf16,1,257,1,64,257,baseline_fused,2,2,100,41.9967985153,42148,1.00360030979,32896,2909,true,1
bf16,1,257,1,64,257,optimized_fused,2,3,100,37.945599556,42148,1.11074803121,32896,2909,true,1
bf16,1,257,1,64,257,warp32_transform,2,4,100,23.4240007401,65792,2.80874308066,32896,2909,true,1
bf16,1,257,1,64,257,warp32_split,2,5,100,44.012799263,107940,2.4524684139,32896,2909,true,1
bf16,1,257,1,64,257,warp32_fused,2,6,100,22.9631996155,42148,1.83545850342,32896,2909,true,1
bf16,1,257,1,64,257,baseline_transform,2,7,100,36.0256004333,65792,1.82625686203,32896,2909,true,1
bf16,1,257,1,64,257,optimized_transform,2,8,100,36.9215989113,65792,1.78193799673,32896,2909,true,1
bf16,1,257,1,64,257,optimized_split,3,0,100,70.7776021957,107940,1.52505872835,32896,2909,true,1
bf16,1,257,1,64,257,baseline_fused,3,1,100,41.9967985153,42148,1.00360030979,32896,2909,true,1
bf16,1,257,1,64,257,optimized_fused,3,2,100,38.0288004875,42148,1.10831789222,32896,2909,true,1
bf16,1,257,1,64,257,warp32_transform,3,3,100,23.3791995049,65792,2.814125436,32896,2909,true,1
bf16,1,257,1,64,257,warp32_split,3,4,100,44.4352006912,107940,2.42915522651,32896,2909,true,1
bf16,1,257,1,64,257,warp32_fused,3,5,100,22.5535988808,42148,1.86879265801,32896,2909,true,1
bf16,1,257,1,64,257,baseline_transform,3,6,100,35.9999990463,65792,1.82755560397,32896,2909,true,1
bf16,1,257,1,64,257,optimized_transform,3,7,100,36.8959999084,65792,1.78317433227,32896,2909,true,1
bf16,1,257,1,64,257,baseline_split,3,8,100,74.1120004654,107940,1.45644429137,32896,2909,true,1
bf16,1,257,1,64,257,baseline_fused,4,0,100,42.073597908,42148,1.00176837959,32896,2909,true,1
bf16,1,257,1,64,257,optimized_fused,4,1,100,38.1055998802,42148,1.10608414859,32896,2909,true,1
bf16,1,257,1,64,257,warp32_transform,4,2,100,23.3024001122,65792,2.8234001512,32896,2909,true,1
bf16,1,257,1,64,257,warp32_split,4,3,100,43.5455989838,107940,2.47878092205,32896,2909,true,1
bf16,1,257,1,64,257,warp32_fused,4,4,100,23.63519907,42148,1.78327247743,32896,2909,true,1
bf16,1,257,1,64,257,baseline_transform,4,5,100,36.0511994362,65792,1.82496008535,32896,2909,true,1
bf16,1,257,1,64,257,optimized_transform,4,6,100,36.9727993011,65792,1.77947034695,32896,2909,true,1
bf16,1,257,1,64,257,baseline_split,4,7,100,74.2208003998,107940,1.4543092963,32896,2909,true,1
bf16,1,257,1,64,257,optimized_split,4,8,100,70.623998642,107940,1.52837565241,32896,2909,true,1
bf16,4,64,16,64,4096,baseline_transform,0,0,100,166.560001373,1048576,6.29548505856,524288,2909,true,1
bf16,4,64,16,64,4096,optimized_transform,0,1,100,157.900800705,1048576,6.64072629979,524288,2909,true,1
bf16,4,64,16,64,4096,baseline_split,0,2,100,307.161598206,1720320,5.60070012023,524288,2909,true,1
bf16,4,64,16,64,4096,optimized_split,0,3,100,273.657608032,1720320,6.28639566197,524288,2909,true,1
bf16,4,64,16,64,4096,baseline_fused,0,4,100,158.835201263,671744,4.22918845858,524288,2909,true,1
bf16,4,64,16,64,4096,optimized_fused,0,5,100,129.331197739,671744,5.19398267197,524288,2909,true,1
bf16,4,64,16,64,4096,warp32_transform,0,6,100,96.031999588,1048576,10.9190270378,524288,2909,true,1
bf16,4,64,16,64,4096,warp32_split,0,7,100,243.123207092,1720320,7.07591850476,524288,2909,true,1
bf16,4,64,16,64,4096,warp32_fused,0,8,100,144.185600281,671744,4.65888409586,524288,2909,true,1
bf16,4,64,16,64,4096,optimized_transform,1,0,100,158.041601181,1048576,6.63481002574,524288,2909,true,1
bf16,4,64,16,64,4096,baseline_split,1,1,100,307.231998444,1720320,5.59941675579,524288,2909,true,1
bf16,4,64,16,64,4096,optimized_split,1,2,100,274.297599792,1720320,6.27172822986,524288,2909,true,1
bf16,4,64,16,64,4096,baseline_fused,1,3,100,158.515195847,671744,4.23772620923,524288,2909,true,1
bf16,4,64,16,64,4096,optimized_fused,1,4,100,128.294401169,671744,5.23595725051,524288,2909,true,1
bf16,4,64,16,64,4096,warp32_transform,1,5,100,95.4559993744,1048576,10.9849145876,524288,2909,true,1
bf16,4,64,16,64,4096,warp32_split,1,6,100,242.367992401,1720320,7.09796695082,524288,2909,true,1
bf16,4,64,16,64,4096,warp32_fused,1,7,100,143.244800568,671744,4.68948260138,524288,2909,true,1
bf16,4,64,16,64,4096,baseline_transform,1,8,100,166.905593872,1048576,6.28244971108,524288,2909,true,1
bf16,4,64,16,64,4096,baseline_split,2,0,100,307.955207825,1720320,5.58626695146,524288,2909,true,1
bf16,4,64,16,64,4096,optimized_split,2,1,100,275.014400482,1720320,6.25538152542,524288,2909,true,1
bf16,4,64,16,64,4096,baseline_fused,2,2,100,158.489599228,671744,4.23841061667,524288,2909,true,1
bf16,4,64,16,64,4096,optimized_fused,2,3,100,129.017601013,671744,5.20660742972,524288,2909,true,1
bf16,4,64,16,64,4096,warp32_transform,2,4,100,96.0447978973,1048576,10.9175720388,524288,2909,true,1
bf16,4,64,16,64,4096,warp32_split,2,5,100,243.699207306,1720320,7.05919407379,524288,2909,true,1
bf16,4,64,16,64,4096,warp32_fused,2,6,100,142.905597687,671744,4.70061362797,524288,2909,true,1
bf16,4,64,16,64,4096,baseline_transform,2,7,100,166.457595825,1048576,6.29935807256,524288,2909,true,1
bf16,4,64,16,64,4096,optimized_transform,2,8,100,158.937597275,1048576,6.59740689415,524288,2909,true,1
bf16,4,64,16,64,4096,optimized_split,3,0,100,274.44480896,1720320,6.26836414403,524288,2909,true,1
bf16,4,64,16,64,4096,baseline_fused,3,1,100,159.577598572,671744,4.2095131523,524288,2909,true,1
bf16,4,64,16,64,4096,optimized_fused,3,2,100,129.068803787,671744,5.20454192097,524288,2909,true,1
bf16,4,64,16,64,4096,warp32_transform,3,3,100,96.4671993256,1048576,10.8697672093,524288,2909,true,1
bf16,4,64,16,64,4096,warp32_split,3,4,100,243.993606567,1720320,7.05067654928,524288,2909,true,1
bf16,4,64,16,64,4096,warp32_fused,3,5,100,141.561603546,671744,4.74524152858,524288,2909,true,1
bf16,4,64,16,64,4096,baseline_transform,3,6,100,165.93919754,1048576,6.31903742782,524288,2909,true,1
bf16,4,64,16,64,4096,optimized_transform,3,7,100,157.600002289,1048576,6.6534009186,524288,2909,true,1
bf16,4,64,16,64,4096,baseline_split,3,8,100,306.726398468,1720320,5.60864669162,524288,2909,true,1
bf16,4,64,16,64,4096,baseline_fused,4,0,100,159.29599762,671744,4.21695466326,524288,2909,true,1
bf16,4,64,16,64,4096,optimized_fused,4,1,100,129.203195572,671744,5.19912837315,524288,2909,true,1
bf16,4,64,16,64,4096,warp32_transform,4,2,100,97.3631954193,1048576,10.7697369163,524288,2909,true,1
bf16,4,64,16,64,4096,warp32_split,4,3,100,242.572803497,1720320,7.09197393606,524288,2909,true,1
bf16,4,64,16,64,4096,warp32_fused,4,4,100,144.780797958,671744,4.63973130051,524288,2909,true,1
bf16,4,64,16,64,4096,baseline_transform,4,5,100,166.495990753,1048576,6.29790540455,524288,2909,true,1
bf16,4,64,16,64,4096,optimized_transform,4,6,100,157.740802765,1048576,6.64746204926,524288,2909,true,1
bf16,4,64,16,64,4096,baseline_split,4,7,100,308.019199371,1720320,5.58510639438,524288,2909,true,1
bf16,4,64,16,64,4096,optimized_split,4,8,100,273.638401031,1720320,6.28683691147,524288,2909,true,1
bf16,16,64,16,64,16384,baseline_transform,0,0,100,466.528015137,4194304,8.99046544669,2097152,2909,true,1
bf16,16,64,16,64,16384,optimized_transform,0,1,100,461.356811523,4194304,9.09123675047,2097152,2909,true,1
bf16,16,64,16,64,16384,baseline_split,0,2,100,974.560012817,6881280,7.0609094458,2097152,2909,true,1
bf16,16,64,16,64,16384,optimized_split,0,3,100,904.051208496,6881280,7.61160422699,2097152,2909,true,1
bf16,16,64,16,64,16384,baseline_fused,0,4,100,565.958404541,2686976,4.74765632676,2097152,2909,true,1
bf16,16,64,16,64,16384,optimized_fused,0,5,100,477.075195312,2686976,5.63218550535,2097152,2909,true,1
bf16,16,64,16,64,16384,warp32_transform,0,6,100,324.755210876,4194304,12.9152785222,2097152,2909,true,1
bf16,16,64,16,64,16384,warp32_split,0,7,100,835.980834961,6881280,8.23138487418,2097152,2909,true,1
bf16,16,64,16,64,16384,warp32_fused,0,8,100,503.596801758,2686976,5.33557002471,2097152,2909,true,1
bf16,16,64,16,64,16384,optimized_transform,1,0,100,462.899208069,4194304,9.06094442783,2097152,2909,true,1
bf16,16,64,16,64,16384,baseline_split,1,1,100,979.552001953,6881280,7.0249256663,2097152,2909,true,1
bf16,16,64,16,64,16384,optimized_split,1,2,100,904.031982422,6881280,7.61176610319,2097152,2909,true,1
bf16,16,64,16,64,16384,baseline_fused,1,3,100,566.297607422,2686976,4.74481255931,2097152,2909,true,1
bf16,16,64,16,64,16384,optimized_fused,1,4,100,477.446403503,2686976,5.62780655647,2097152,2909,true,1
bf16,16,64,16,64,16384,warp32_transform,1,5,100,326.208000183,4194304,12.8577594591,2097152,2909,true,1
bf16,16,64,16,64,16384,warp32_split,1,6,100,835.750427246,6881280,8.23365418152,2097152,2909,true,1
bf16,16,64,16,64,16384,warp32_fused,1,7,100,504.876785278,2686976,5.32204307734,2097152,2909,true,1
bf16,16,64,16,64,16384,baseline_transform,1,8,100,468.140792847,4194304,8.95949266565,2097152,2909,true,1
bf16,16,64,16,64,16384,baseline_split,2,0,100,975.782394409,6881280,7.05206410715,2097152,2909,true,1
bf16,16,64,16,64,16384,optimized_split,2,1,100,903.219223022,6881280,7.61861553054,2097152,2909,true,1
bf16,16,64,16,64,16384,baseline_fused,2,2,100,568.563194275,2686976,4.72590562853,2097152,2909,true,1
bf16,16,64,16,64,16384,optimized_fused,2,3,100,477.459182739,2686976,5.62765592775,2097152,2909,true,1
bf16,16,64,16,64,16384,warp32_transform,2,4,100,330.003204346,4194304,12.7098887064,2097152,2909,true,1
bf16,16,64,16,64,16384,warp32_split,2,5,100,837.811203003,6881280,8.21340174891,2097152,2909,true,1
bf16,16,64,16,64,16384,warp32_fused,2,6,100,504.179191589,2686976,5.32940677605,2097152,2909,true,1
bf16,16,64,16,64,16384,baseline_transform,2,7,100,466.457595825,4194304,8.99182270273,2097152,2909,true,1
bf16,16,64,16,64,16384,optimized_transform,2,8,100,462.342414856,4194304,9.07185641038,2097152,2909,true,1
bf16,16,64,16,64,16384,optimized_split,3,0,100,904.665603638,6881280,7.60643487752,2097152,2909,true,1
bf16,16,64,16,64,16384,baseline_fused,3,1,100,567.251205444,2686976,4.73683612165,2097152,2909,true,1
bf16,16,64,16,64,16384,optimized_fused,3,2,100,477.2864151,2686976,5.62969302078,2097152,2909,true,1
bf16,16,64,16,64,16384,warp32_transform,3,3,100,330.860786438,4194304,12.6769450232,2097152,2909,true,1
bf16,16,64,16,64,16384,warp32_split,3,4,100,838.777618408,6881280,8.20393850406,2097152,2909,true,1
bf16,16,64,16,64,16384,warp32_fused,3,5,100,504.812812805,2686976,5.32271751398,2097152,2909,true,1
bf16,16,64,16,64,16384,baseline_transform,3,6,100,466.188812256,4194304,8.99700698458,2097152,2909,true,1
bf16,16,64,16,64,16384,optimized_transform,3,7,100,460.895996094,4194304,9.10032639803,2097152,2909,true,1
bf16,16,64,16,64,16384,baseline_split,3,8,100,971.155166626,6881280,7.08566482111,2097152,2909,true,1
bf16,16,64,16,64,16384,baseline_fused,4,0,100,567.11681366,2686976,4.73795862736,2097152,2909,true,1
bf16,16,64,16,64,16384,optimized_fused,4,1,100,476.537590027,2686976,5.63853944838,2097152,2909,true,1
bf16,16,64,16,64,16384,warp32_transform,4,2,100,325.798416138,4194304,12.8739238506,2097152,2909,true,1
bf16,16,64,16,64,16384,warp32_split,4,3,100,832.83203125,6881280,8.26250641401,2097152,2909,true,1
bf16,16,64,16,64,16384,warp32_fused,4,4,100,506.169586182,2686976,5.308450119,2097152,2909,true,1
bf16,16,64,16,64,16384,baseline_transform,4,5,100,467.801589966,4194304,8.96598919278,2097152,2909,true,1
bf16,16,64,16,64,16384,optimized_transform,4,6,100,462.90561676,4194304,9.06081898369,2097152,2909,true,1
bf16,16,64,16,64,16384,baseline_split,4,7,100,970.553588867,6881280,7.09005672529,2097152,2909,true,1
bf16,16,64,16,64,16384,optimized_split,4,8,100,906.476821899,6881280,7.59123656971,2097152,2909,true,1
bf16,1,1,1,128,1,baseline_transform,0,0,100,16.3968002796,512,0.0312256044636,256,2909,true,1
bf16,1,1,1,128,1,optimized_transform,0,1,100,16.4672005177,512,0.0310921093996,256,2909,true,1
bf16,1,1,1,128,1,baseline_split,0,2,100,41.0239982605,836,0.0203783159967,256,2909,true,1
bf16,1,1,1,128,1,optimized_split,0,3,100,32.2239995003,836,0.0259433966287,256,2909,true,1
bf16,1,1,1,128,1,baseline_fused,0,4,100,27.9871988297,324,0.0115767212708,256,2909,true,1
bf16,1,1,1,128,1,optimized_fused,0,5,100,18.6559998989,324,0.0173670669895,256,2909,true,1
bf16,1,1,1,128,1,warp32_transform,0,6,100,15.2831995487,512,0.0335008385101,256,2909,true,1
bf16,1,1,1,128,1,warp32_split,0,7,100,30.0607991219,836,0.0278103052621,256,2909,true,1
bf16,1,1,1,128,1,warp32_fused,0,8,100,15.9423995018,324,0.0203231640233,256,2909,true,1
bf16,1,1,1,128,1,optimized_transform,1,0,100,16.4287996292,512,0.0311647844977,256,2909,true,1
bf16,1,1,1,128,1,baseline_split,1,1,100,41.1520004272,836,0.0203149298046,256,2909,true,1
bf16,1,1,1,128,1,optimized_split,1,2,100,32.2304010391,836,0.0259382438023,256,2909,true,1
bf16,1,1,1,128,1,baseline_fused,1,3,100,27.9744005203,324,0.0115820176295,256,2909,true,1
bf16,1,1,1,128,1,optimized_fused,1,4,100,18.6176002026,324,0.0174028874009,256,2909,true,1
bf16,1,1,1,128,1,warp32_transform,1,5,100,15.2768003941,512,0.03351487136,256,2909,true,1
bf16,1,1,1,128,1,warp32_split,1,6,100,30.1823997498,836,0.027698261468,256,2909,true,1
bf16,1,1,1,128,1,warp32_fused,1,7,100,15.916800499,324,0.0203558497841,256,2909,true,1
bf16,1,1,1,128,1,baseline_transform,1,8,100,16.4543998241,512,0.0311162974932,256,2909,true,1
bf16,1,1,1,128,1,baseline_split,2,0,100,41.1327981949,836,0.0203244135261,256,2909,true,1
bf16,1,1,1,128,1,optimized_split,2,1,100,32.2368001938,836,0.0259330949404,256,2909,true,1
bf16,1,1,1,128,1,baseline_fused,2,2,100,28.0320000648,324,0.0115582191513,256,2909,true,1
bf16,1,1,1,128,1,optimized_fused,2,3,100,18.5280001163,324,0.0174870465223,256,2909,true,1
bf16,1,1,1,128,1,warp32_transform,2,4,100,15.1935994625,512,0.0336984005182,256,2909,true,1
bf16,1,1,1,128,1,warp32_split,2,5,100,30.0160002708,836,0.0278518121154,256,2909,true,1
bf16,1,1,1,128,1,warp32_fused,2,6,100,16.0064005852,324,0.0202419024987,256,2909,true,1
bf16,1,1,1,128,1,baseline_transform,2,7,100,16.3520002365,512,0.0313111541459,256,2909,true,1
bf16,1,1,1,128,1,optimized_transform,2,8,100,16.4224004745,512,0.0311769281716,256,2909,true,1
bf16,1,1,1,128,1,optimized_split,3,0,100,32.2368001938,836,0.0259330949404,256,2909,true,1
bf16,1,1,1,128,1,baseline_fused,3,1,100,28.0575990677,324,0.0115476737414,256,2909,true,1
bf16,1,1,1,128,1,optimized_fused,3,2,100,18.5344004631,324,0.0174810078505,256,2909,true,1
bf16,1,1,1,128,1,warp32_transform,3,3,100,15.2447998524,512,0.0335852228273,256,2909,true,1
bf16,1,1,1,128,1,warp32_split,3,4,100,30.1184010506,836,0.0277571176038,256,2909,true,1
bf16,1,1,1,128,1,warp32_fused,3,5,100,16.031999588,324,0.0202095813577,256,2909,true,1
bf16,1,1,1,128,1,baseline_transform,3,6,100,16.3520002365,512,0.0313111541459,256,2909,true,1
bf16,1,1,1,128,1,optimized_transform,3,7,100,16.4735996723,512,0.0310800316983,256,2909,true,1
bf16,1,1,1,128,1,baseline_split,3,8,100,41.1392021179,836,0.0203212497317,256,2909,true,1
bf16,1,1,1,128,1,baseline_fused,4,0,100,27.9936003685,324,0.0115740739217,256,2909,true,1
bf16,1,1,1,128,1,optimized_fused,4,1,100,18.6368000507,324,0.0173849587439,256,2909,true,1
bf16,1,1,1,128,1,warp32_transform,4,2,100,15.2383995056,512,0.0335993291035,256,2909,true,1
bf16,1,1,1,128,1,warp32_split,4,3,100,30.0735998154,836,0.0277984679298,256,2909,true,1
bf16,1,1,1,128,1,warp32_fused,4,4,100,15.9231996536,324,0.0203476692529,256,2909,true,1
bf16,1,1,1,128,1,baseline_transform,4,5,100,16.4608001709,512,0.0311041987439,256,2909,true,1
bf16,1,1,1,128,1,optimized_transform,4,6,100,16.3264000416,512,0.0313602508021,256,2909,true,1
bf16,1,1,1,128,1,baseline_split,4,7,100,41.1456012726,836,0.0203180892767,256,2909,true,1
bf16,1,1,1,128,1,optimized_split,4,8,100,32.2496008873,836,0.0259228014301,256,2909,true,1
bf16,1,17,1,128,17,baseline_transform,0,0,100,18.5280001163,8704,0.469775472007,4352,2909,true,1
bf16,1,17,1,128,17,optimized_transform,0,1,100,18.4832000732,8704,0.470914125558,4352,2909,true,1
bf16,1,17,1,128,17,baseline_split,0,2,100,44.7168016434,14212,0.317822372748,4352,2909,true,1
bf16,1,17,1,128,17,optimized_split,0,3,100,35.7888007164,14212,0.397107467015,4352,2909,true,1
bf16,1,17,1,128,17,baseline_fused,0,4,100,29.6447992325,5508,0.185799875277,4352,2909,true,1
bf16,1,17,1,128,17,optimized_fused,0,5,100,20.1087999344,5508,0.273909930875,4352,2909,true,1
bf16,1,17,1,128,17,warp32_transform,0,6,100,19.8720002174,8704,0.438003215819,4352,2909,true,1
bf16,1,17,1,128,17,warp32_split,0,7,100,36.9472002983,14212,0.384657020972,4352,2909,true,1
bf16,1,17,1,128,17,warp32_fused,0,8,100,18.8031995296,5508,0.2929288705,4352,2909,true,1
bf16,1,17,1,128,17,optimized_transform,1,0,100,18.4256005287,8704,0.472386231669,4352,2909,true,1
bf16,1,17,1,128,17,baseline_split,1,1,100,44.7295999527,14212,0.317731435448,4352,2909,true,1
bf16,1,17,1,128,17,optimized_split,1,2,100,35.7951998711,14212,0.397036475594,4352,2909,true,1
bf16,1,17,1,128,17,baseline_fused,1,3,100,29.6384000778,5508,0.185839990875,4352,2909,true,1
bf16,1,17,1,128,17,optimized_fused,1,4,100,20.0959992409,5508,0.274084405258,4352,2909,true,1
bf16,1,17,1,128,17,warp32_transform,1,5,100,19.8272001743,8704,0.438992894784,4352,2909,true,1
bf16,1,17,1,128,17,warp32_split,1,6,100,36.8127989769,14212,0.386061380688,4352,2909,true,1
bf16,1,17,1,128,17,warp32_fused,1,7,100,18.796800375,5508,0.293028594767,4352,2909,true,1
bf16,1,17,1,128,17,baseline_transform,1,8,100,18.3871996403,8704,0.473372790326,4352,2909,true,1
bf16,1,17,1,128,17,baseline_split,2,0,100,44.671998024,14212,0.318141131551,4352,2909,true,1
bf16,1,17,1,128,17,optimized_split,2,1,100,35.7823991776,14212,0.397178510292,4352,2909,true,1
bf16,1,17,1,128,17,baseline_fused,2,2,100,29.5616006851,5508,0.186322792824,4352,2909,true,1
bf16,1,17,1,128,17,optimized_fused,2,3,100,20.0575995445,5508,0.274609131954,4352,2909,true,1
bf16,1,17,1,128,17,warp32_transform,2,4,100,19.7567999363,8704,0.440557176672,4352,2909,true,1
bf16,1,17,1,128,17,warp32_split,2,5,100,36.7935991287,14212,0.386262837465,4352,2909,true,1
bf16,1,17,1,128,17,warp32_fused,2,6,100,18.6688005924,5508,0.295037700613,4352,2909,true,1
bf16,1,17,1,128,17,baseline_transform,2,7,100,18.5215997696,8704,0.469937808196,4352,2909,true,1
bf16,1,17,1,128,17,optimized_transform,2,8,100,18.419200182,8704,0.472550377542,4352,2909,true,1
bf16,1,17,1,128,17,optimized_split,3,0,100,35.7696008682,14212,0.397320620165,4352,2909,true,1
bf16,1,17,1,128,17,baseline_fused,3,1,100,29.5743989944,5508,0.18624216171,4352,2909,true,1
bf16,1,17,1,128,17,optimized_fused,3,2,100,20.0575995445,5508,0.274609131954,4352,2909,true,1
bf16,1,17,1,128,17,warp32_transform,3,3,100,19.7376000881,8704,0.440985730846,4352,2909,true,1
bf16,1,17,1,128,17,warp32_split,3,4,100,36.8000006676,14212,0.386195645168,4352,2909,true,1
bf16,1,17,1,128,17,warp32_fused,3,5,100,18.6495995522,5508,0.295341462137,4352,2909,true,1
bf16,1,17,1,128,17,baseline_transform,3,6,100,18.5151994228,8704,0.470100256618,4352,2909,true,1
bf16,1,17,1,128,17,optimized_transform,3,7,100,18.4256005287,8704,0.472386231669,4352,2909,true,1
bf16,1,17,1,128,17,baseline_split,3,8,100,44.7295999527,14212,0.317731435448,4352,2909,true,1
bf16,1,17,1,128,17,baseline_fused,4,0,100,29.6255993843,5508,0.185920289023,4352,2909,true,1
bf16,1,17,1,128,17,optimized_fused,4,1,100,20.0512003899,5508,0.274696770912,4352,2909,true,1
bf16,1,17,1,128,17,warp32_transform,4,2,100,19.8784005642,8704,0.437862189762,4352,2909,true,1
bf16,1,17,1,128,17,warp32_split,4,3,100,36.9408011436,14212,0.384723654063,4352,2909,true,1
bf16,1,17,1,128,17,warp32_fused,4,4,100,18.8031995296,5508,0.2929288705,4352,2909,true,1
bf16,1,17,1,128,17,baseline_transform,4,5,100,18.4448003769,8704,0.471894508054,4352,2909,true,1
bf16,1,17,1,128,17,optimized_transform,4,6,100,18.48960042,8704,0.470751114263,4352,2909,true,1
bf16,1,17,1,128,17,baseline_split,4,7,100,44.671998024,14212,0.318141131551,4352,2909,true,1
bf16,1,17,1,128,17,optimized_split,4,8,100,35.7760000229,14212,0.397249552519,4352,2909,true,1
bf16,1,257,1,128,257,baseline_transform,0,0,100,43.968000412,131584,2.99272195158,65792,2909,true,1
bf16,1,257,1,128,257,optimized_transform,0,1,100,42.2208023071,131584,3.11656796673,65792,2909,true,1
bf16,1,257,1,128,257,baseline_split,0,2,100,103.571195602,214852,2.0744377696,65792,2909,true,1
bf16,1,257,1,128,257,optimized_split,0,3,100,76.4480018616,214852,2.81043316723,65792,2909,true,1
bf16,1,257,1,128,257,baseline_fused,0,4,100,68.4223985672,83268,1.21696990669,65792,2909,true,1
bf16,1,257,1,128,257,optimized_fused,0,5,100,39.5648002625,83268,2.10459801257,65792,2909,true,1
bf16,1,257,1,128,257,warp32_transform,0,6,100,28.3008003235,131584,4.64947982022,65792,2909,true,1
bf16,1,257,1,128,257,warp32_split,0,7,100,56.3840007782,214852,3.81051356829,65792,2909,true,1
bf16,1,257,1,128,257,warp32_fused,0,8,100,28.6527991295,83268,2.90610350576,65792,2909,true,1
bf16,1,257,1,128,257,optimized_transform,1,0,100,42.1695995331,131584,3.12035213654,65792,2909,true,1
bf16,1,257,1,128,257,baseline_split,1,1,100,103.680000305,214852,2.07226079637,65792,2909,true,1
bf16,1,257,1,128,257,optimized_split,1,2,100,76.4864015579,214852,2.80902220034,65792,2909,true,1
bf16,1,257,1,128,257,baseline_fused,1,3,100,68.4479999542,83268,1.21651472732,65792,2909,true,1
bf16,1,257,1,128,257,optimized_fused,1,4,100,39.6287989616,83268,2.10119918296,65792,2909,true,1
bf16,1,257,1,128,257,warp32_transform,1,5,100,28.28799963,131584,4.65158377125,65792,2909,true,1
bf16,1,257,1,128,257,warp32_split,1,6,100,56.4735984802,214852,3.80446803076,65792,2909,true,1
bf16,1,257,1,128,257,warp32_fused,1,7,100,28.6527991295,83268,2.90610350576,65792,2909,true,1
bf16,1,257,1,128,257,baseline_transform,1,8,100,43.1935977936,131584,3.04637739669,65792,2909,true,1
bf16,1,257,1,128,257,baseline_split,2,0,100,102.483196259,214852,2.09646076473,65792,2909,true,1
bf16,1,257,1,128,257,optimized_split,2,1,100,76.646399498,214852,2.80315841849,65792,2909,true,1
bf16,1,257,1,128,257,baseline_fused,2,2,100,68.639998436,83268,1.21311191575,65792,2909,true,1
bf16,1,257,1,128,257,optimized_fused,2,3,100,39.7440004349,83268,2.09510867273,65792,2909,true,1
bf16,1,257,1,128,257,warp32_transform,2,4,100,27.2063994408,131584,4.83650915611,65792,2909,true,1
bf16,1,257,1,128,257,warp32_split,2,5,100,57.1072006226,214852,3.76225760776,65792,2909,true,1
bf16,1,257,1,128,257,warp32_fused,2,6,100,28.7296009064,83268,2.89833472701,65792,2909,true,1
bf16,1,257,1,128,257,baseline_transform,2,7,100,44.03840065,131584,2.98793775564,65792,2909,true,1
bf16,1,257,1,128,257,optimized_transform,2,8,100,42.0416021347,131584,3.12985217781,65792,2909,true,1
bf16,1,257,1,128,257,optimized_split,3,0,100,76.7040014267,214852,2.80105334798,65792,2909,true,1
bf16,1,257,1,128,257,baseline_fused,3,1,100,68.6976003647,83268,1.21209473923,65792,2909,true,1
bf16,1,257,1,128,257,optimized_fused,3,2,100,39.7183990479,83268,2.09645912212,65792,2909,true,1
bf16,1,257,1,128,257,warp32_transform,3,3,100,27.1232008934,131584,4.85134481425,65792,2909,true,1
bf16,1,257,1,128,257,warp32_split,3,4,100,57.0175981522,214852,3.76816995038,65792,2909,true,1
bf16,1,257,1,128,257,warp32_fused,3,5,100,28.7296009064,83268,2.89833472701,65792,2909,true,1
bf16,1,257,1,128,257,baseline_transform,3,6,100,44.2303991318,131584,2.9749675016,65792,2909,true,1
bf16,1,257,1,128,257,optimized_transform,3,7,100,42.2272014618,131584,3.11609567873,65792,2909,true,1
bf16,1,257,1,128,257,baseline_split,3,8,100,103.673601151,214852,2.0723887047,65792,2909,true,1
bf16,1,257,1,128,257,baseline_fused,4,0,100,68.4479999542,83268,1.21651472732,65792,2909,true,1
bf16,1,257,1,128,257,optimized_fused,4,1,100,39.6095991135,83268,2.10221769126,65792,2909,true,1
bf16,1,257,1,128,257,warp32_transform,4,2,100,28.2304000854,131584,4.66107457215,65792,2909,true,1
bf16,1,257,1,128,257,warp32_split,4,3,100,56.3967990875,214852,3.80964883604,65792,2909,true,1
bf16,1,257,1,128,257,warp32_fused,4,4,100,28.8127994537,83268,2.88996562565,65792,2909,true,1
bf16,1,257,1,128,257,baseline_transform,4,5,100,42.9120016098,131584,3.06636826677,65792,2909,true,1
bf16,1,257,1,128,257,optimized_transform,4,6,100,42.1504020691,131584,3.12177330561,65792,2909,true,1
bf16,1,257,1,128,257,baseline_split,4,7,100,102.662401199,214852,2.09280123482,65792,2909,true,1
bf16,1,257,1,128,257,optimized_split,4,8,100,76.6847991943,214852,2.80175474484,65792,2909,true,1
bf16,4,64,16,128,4096,baseline_transform,0,0,100,237.51039505,2097152,8.82972721913,1048576,2909,true,1
bf16,4,64,16,128,4096,optimized_transform,0,1,100,228.211193085,2097152,9.18952296622,1048576,2909,true,1
bf16,4,64,16,128,4096,baseline_split,0,2,100,434.34879303,3424256,7.88365492192,1048576,2909,true,1
bf16,4,64,16,128,4096,optimized_split,0,3,100,395.289611816,3424256,8.66265112373,1048576,2909,true,1
bf16,4,64,16,128,4096,baseline_fused,0,4,100,210.483207703,1327104,6.30503504049,1048576,2909,true,1
bf16,4,64,16,128,4096,optimized_fused,0,5,100,176.735992432,1327104,7.50896284193,1048576,2909,true,1
bf16,4,64,16,128,4096,warp32_transform,0,6,100,133.420801163,2097152,15.7183286393,1048576,2909,true,1
bf16,4,64,16,128,4096,warp32_split,0,7,100,304.601593018,3424256,11.2417534199,1048576,2909,true,1
bf16,4,64,16,128,4096,warp32_fused,0,8,100,179.724807739,1327104,7.38408913435,1048576,2909,true,1
bf16,4,64,16,128,4096,optimized_transform,1,0,100,227.775993347,2097152,9.20708090955,1048576,2909,true,1
bf16,4,64,16,128,4096,baseline_split,1,1,100,435.500793457,3424256,7.8628008294,1048576,2909,true,1
bf16,4,64,16,128,4096,optimized_split,1,2,100,395.302391052,3424256,8.66237107973,1048576,2909,true,1
bf16,4,64,16,128,4096,baseline_fused,1,3,100,211.155204773,1327104,6.28496939693,1048576,2909,true,1
bf16,4,64,16,128,4096,optimized_fused,1,4,100,177.183990479,1327104,7.48997692408,1048576,2909,true,1
bf16,4,64,16,128,4096,warp32_transform,1,5,100,132.211198807,2097152,15.8621358775,1048576,2909,true,1
bf16,4,64,16,128,4096,warp32_split,1,6,100,305.184001923,3424256,11.220299814,1048576,2909,true,1
bf16,4,64,16,128,4096,warp32_fused,1,7,100,178.880004883,1327104,7.4189622304,1048576,2909,true,1
bf16,4,64,16,128,4096,baseline_transform,1,8,100,236.371192932,2097152,8.87228250611,1048576,2909,true,1
bf16,4,64,16,128,4096,baseline_split,2,0,100,434.739189148,3424256,7.87657539388,1048576,2909,true,1
bf16,4,64,16,128,4096,optimized_split,2,1,100,392.492790222,3424256,8.72437936519,1048576,2909,true,1
bf16,4,64,16,128,4096,baseline_fused,2,2,100,210.636806488,1327104,6.30043733632,1048576,2909,true,1
bf16,4,64,16,128,4096,optimized_fused,2,3,100,177.19039917,1327104,7.48970602367,1048576,2909,true,1
bf16,4,64,16,128,4096,warp32_transform,2,4,100,132.057600021,2097152,15.8805854389,1048576,2909,true,1
bf16,4,64,16,128,4096,warp32_split,2,5,100,304.703998566,3424256,11.2379752682,1048576,2909,true,1
bf16,4,64,16,128,4096,warp32_fused,2,6,100,178.809604645,1327104,7.42188319602,1048576,2909,true,1
bf16,4,64,16,128,4096,baseline_transform,2,7,100,236.55040741,2097152,8.86556071902,1048576,2909,true,1
bf16,4,64,16,128,4096,optimized_transform,2,8,100,227.846393585,2097152,9.20423609521,1048576,2909,true,1
bf16,4,64,16,128,4096,optimized_split,3,0,100,393.158416748,3424256,8.70960878397,1048576,2909,true,1
bf16,4,64,16,128,4096,baseline_fused,3,1,100,211.040000916,1327104,6.28840027598,1048576,2909,true,1
bf16,4,64,16,128,4096,optimized_fused,3,2,100,177.452793121,1327104,7.47863122725,1048576,2909,true,1
bf16,4,64,16,128,4096,warp32_transform,3,3,100,132.614402771,2097152,15.8139082647,1048576,2909,true,1
bf16,4,64,16,128,4096,warp32_split,3,4,100,305.93919754,3424256,11.1926030647,1048576,2909,true,1
bf16,4,64,16,128,4096,warp32_fused,3,5,100,179.148807526,1327104,7.40783049762,1048576,2909,true,1
bf16,4,64,16,128,4096,baseline_transform,3,6,100,236.934394836,2097152,8.85119275928,1048576,2909,true,1
bf16,4,64,16,128,4096,optimized_transform,3,7,100,228.268795013,2097152,9.1872040586,1048576,2909,true,1
bf16,4,64,16,128,4096,baseline_split,3,8,100,434.963188171,3424256,7.87251908465,1048576,2909,true,1
bf16,4,64,16,128,4096,baseline_fused,4,0,100,210.675201416,1327104,6.29928910038,1048576,2909,true,1
bf16,4,64,16,128,4096,optimized_fused,4,1,100,176.915206909,1327104,7.50135628918,1048576,2909,true,1
bf16,4,64,16,128,4096,warp32_transform,4,2,100,132.95999527,2097152,15.7728044119,1048576,2909,true,1
bf16,4,64,16,128,4096,warp32_split,4,3,100,303.769607544,3424256,11.2725431214,1048576,2909,true,1
bf16,4,64,16,128,4096,warp32_fused,4,4,100,178.393592834,1327104,7.43919094242,1048576,2909,true,1
bf16,4,64,16,128,4096,baseline_transform,4,5,100,237.235202789,2097152,8.83996968132,1048576,2909,true,1
bf16,4,64,16,128,4096,optimized_transform,4,6,100,228.524799347,2097152,9.17691211629,1048576,2909,true,1
bf16,4,64,16,128,4096,baseline_split,4,7,100,434.867210388,3424256,7.8742565965,1048576,2909,true,1
bf16,4,64,16,128,4096,optimized_split,4,8,100,394.496002197,3424256,8.68007782317,1048576,2909,true,1
bf16,16,64,16,128,16384,baseline_transform,0,0,100,834.156799316,8388608,10.0563922837,4194304,2909,true,1
bf16,16,64,16,128,16384,optimized_transform,0,1,100,866.585617065,8388608,9.68006834501,4194304,2909,true,1
bf16,16,64,16,128,16384,baseline_split,0,2,100,1549.49752808,13697024,8.83965527651,4194304,2909,true,1
bf16,16,64,16,128,16384,optimized_split,0,3,100,1461.65115356,13697024,9.37092545413,4194304,2909,true,1
bf16,16,64,16,128,16384,baseline_fused,0,4,100,734.86076355,5308416,7.22370313304,4194304,2909,true,1
bf16,16,64,16,128,16384,optimized_fused,0,5,100,649.068832397,5308416,8.17851009791,4194304,2909,true,1
bf16,16,64,16,128,16384,warp32_transform,0,6,100,526.393585205,8388608,15.9359996698,4194304,2909,true,1
bf16,16,64,16,128,16384,warp32_split,0,7,100,1222.63038635,13697024,11.2029147589,4194304,2909,true,1
bf16,16,64,16,128,16384,warp32_fused,0,8,100,716.697616577,5308416,7.40677222474,4194304,2909,true,1
bf16,16,64,16,128,16384,optimized_transform,1,0,100,865.996780396,8388608,9.68665033162,4194304,2909,true,1
bf16,16,64,16,128,16384,baseline_split,1,1,100,1548.32641602,13697024,8.84634135175,4194304,2909,true,1
bf16,16,64,16,128,16384,optimized_split,1,2,100,1462.00317383,13697024,9.36866912822,4194304,2909,true,1
bf16,16,64,16,128,16384,baseline_fused,1,3,100,734.041595459,5308416,7.23176456599,4194304,2909,true,1
bf16,16,64,16,128,16384,optimized_fused,1,4,100,648.927993774,5308416,8.1802851024,4194304,2909,true,1
bf16,16,64,16,128,16384,warp32_transform,1,5,100,525.004806519,8388608,15.978154668,4194304,2909,true,1
bf16,16,64,16,128,16384,warp32_split,1,6,100,1221.07521057,13697024,11.2171829232,4194304,2909,true,1
bf16,16,64,16,128,16384,warp32_fused,1,7,100,719.193572998,5308416,7.38106707193,4194304,2909,true,1
bf16,16,64,16,128,16384,baseline_transform,1,8,100,833.811187744,8388608,10.0605606201,4194304,2909,true,1
bf16,16,64,16,128,16384,baseline_split,2,0,100,1550.17593384,13697024,8.83578676524,4194304,2909,true,1
bf16,16,64,16,128,16384,optimized_split,2,1,100,1459.90402222,13697024,9.38214005274,4194304,2909,true,1
bf16,16,64,16,128,16384,baseline_fused,2,2,100,735.366363525,5308416,7.21873648742,4194304,2909,true,1
bf16,16,64,16,128,16384,optimized_fused,2,3,100,648.083190918,5308416,8.19094843747,4194304,2909,true,1
bf16,16,64,16,128,16384,warp32_transform,2,4,100,525.171203613,8388608,15.9730920932,4194304,2909,true,1
bf16,16,64,16,128,16384,warp32_split,2,5,100,1221.34399414,13697024,11.2147143358,4194304,2909,true,1
bf16,16,64,16,128,16384,warp32_fused,2,6,100,719.020767212,5308416,7.38284099997,4194304,2909,true,1
bf16,16,64,16,128,16384,baseline_transform,2,7,100,836.134414673,8388608,10.032607022,4194304,2909,true,1
bf16,16,64,16,128,16384,optimized_transform,2,8,100,866.886367798,8388608,9.6767100183,4194304,2909,true,1
bf16,16,64,16,128,16384,optimized_split,3,0,100,1461.55517578,13697024,9.37154082649,4194304,2909,true,1
bf16,16,64,16,128,16384,baseline_fused,3,1,100,735.302429199,5308416,7.21936415439,4194304,2909,true,1
bf16,16,64,16,128,16384,optimized_fused,3,2,100,648.595199585,5308416,8.18448240659,4194304,2909,true,1
bf16,16,64,16,128,16384,warp32_transform,3,3,100,527.603187561,8388608,15.8994642143,4194304,2909,true,1
bf16,16,64,16,128,16384,warp32_split,3,4,100,1230.12481689,13697024,11.1346619562,4194304,2909,true,1
bf16,16,64,16,128,16384,warp32_fused,3,5,100,720.505599976,5308416,7.36762628934,4194304,2909,true,1
bf16,16,64,16,128,16384,baseline_transform,3,6,100,833.926391602,8388608,10.0591707907,4194304,2909,true,1
bf16,16,64,16,128,16384,optimized_transform,3,7,100,862.956771851,8388608,9.72077428862,4194304,2909,true,1
bf16,16,64,16,128,16384,baseline_split,3,8,100,1549.28634644,13697024,8.8408602009,4194304,2909,true,1
bf16,16,64,16,128,16384,baseline_fused,4,0,100,735.334396362,5308416,7.21905030726,4194304,2909,true,1
bf16,16,64,16,128,16384,optimized_fused,4,1,100,650.246429443,5308416,8.16369880653,4194304,2909,true,1
bf16,16,64,16,128,16384,warp32_transform,4,2,100,529.523200989,8388608,15.8418138891,4194304,2909,true,1
bf16,16,64,16,128,16384,warp32_split,4,3,100,1230.99517822,13697024,11.1267893184,4194304,2909,true,1
bf16,16,64,16,128,16384,warp32_fused,4,4,100,720.806427002,5308416,7.36455142621,4194304,2909,true,1
bf16,16,64,16,128,16384,baseline_transform,4,5,100,833.676834106,8388608,10.0621819593,4194304,2909,true,1
bf16,16,64,16,128,16384,optimized_transform,4,6,100,865.215988159,8388608,9.69539180367,4194304,2909,true,1
bf16,16,64,16,128,16384,baseline_split,4,7,100,1548.27514648,13697024,8.8466342892,4194304,2909,true,1
bf16,16,64,16,128,16384,optimized_split,4,8,100,1461.5423584,13697024,9.3716230127,4194304,2909,true,1
bf16,1,1,1,256,1,baseline_transform,0,0,100,18.1568002701,1024,0.056397602263,512,2909,true,1
bf16,1,1,1,256,1,optimized_transform,0,1,100,17.8111994267,1024,0.0574919170501,512,2909,true,1
bf16,1,1,1,256,1,baseline_split,0,2,100,54.0416002274,1668,0.0308651111918,512,2909,true,1
bf16,1,1,1,256,1,optimized_split,0,3,100,34.0224003792,1668,0.0490265231556,512,2909,true,1
bf16,1,1,1,256,1,baseline_fused,0,4,100,39.7887992859,644,0.0161854595152,512,2909,true,1
bf16,1,1,1,256,1,optimized_fused,0,5,100,19.3472003937,644,0.0332864697163,512,2909,true,1
bf16,1,1,1,256,1,warp32_transform,0,6,100,15.9935998917,1024,0.0640256106778,512,2909,true,1
bf16,1,1,1,256,1,warp32_split,0,7,100,31.9104003906,1668,0.0522713591676,512,2909,true,1
bf16,1,1,1,256,1,warp32_fused,0,8,100,18.1439995766,644,0.0354938279888,512,2909,true,1
bf16,1,1,1,256,1,optimized_transform,1,0,100,17.804800272,1024,0.0575125799985,512,2909,true,1
bf16,1,1,1,256,1,baseline_split,1,1,100,54.0352010727,1668,0.0308687664131,512,2909,true,1
bf16,1,1,1,256,1,optimized_split,1,2,100,34.0159988403,1668,0.0490357495551,512,2909,true,1
bf16,1,1,1,256,1,baseline_fused,1,3,100,39.8336005211,644,0.0161672555726,512,2909,true,1
bf16,1,1,1,256,1,optimized_fused,1,4,100,19.315199852,644,0.0333416172204,512,2909,true,1
bf16,1,1,1,256,1,warp32_transform,1,5,100,15.9679996967,1024,0.064128257731,512,2909,true,1
bf16,1,1,1,256,1,warp32_split,1,6,100,31.7824006081,1668,0.0524818757579,512,2909,true,1
bf16,1,1,1,256,1,warp32_fused,1,7,100,18.1439995766,644,0.0354938279888,512,2909,true,1
bf16,1,1,1,256,1,baseline_transform,1,8,100,18.1887996197,1024,0.0562983825987,512,2909,true,1
bf16,1,1,1,256,1,baseline_split,2,0,100,54.022397995,1668,0.030876082179,512,2909,true,1
bf16,1,1,1,256,1,optimized_split,2,1,100,34.0095996857,1668,0.0490449759896,512,2909,true,1
bf16,1,1,1,256,1,baseline_fused,2,2,100,39.9359989166,644,0.0161258017195,512,2909,true,1
bf16,1,1,1,256,1,optimized_fused,2,3,100,19.244799614,644,0.0334635856397,512,2909,true,1
bf16,1,1,1,256,1,warp32_transform,2,4,100,16.0767996311,1024,0.0636942689774,512,2909,true,1
bf16,1,1,1,256,1,warp32_split,2,5,100,31.7887997627,1668,0.0524713110419,512,2909,true,1
bf16,1,1,1,256,1,warp32_fused,2,6,100,18.1760001183,644,0.0354313377976,512,2909,true,1
bf16,1,1,1,256,1,baseline_transform,2,7,100,18.0991995335,1024,0.0565770877384,512,2909,true,1
bf16,1,1,1,256,1,optimized_transform,2,8,100,17.804800272,1024,0.0575125799985,512,2909,true,1
bf16,1,1,1,256,1,optimized_split,3,0,100,34.003200531,1668,0.0490542058969,512,2909,true,1
bf16,1,1,1,256,1,baseline_fused,3,1,100,39.929599762,644,0.0161283860554,512,2909,true,1
bf16,1,1,1,256,1,optimized_fused,3,2,100,19.2384004593,644,0.033474716433,512,2909,true,1
bf16,1,1,1,256,1,warp32_transform,3,3,100,16.031999588,1024,0.0638722571304,512,2909,true,1
bf16,1,1,1,256,1,warp32_split,3,4,100,31.7951989174,1668,0.0524607505785,512,2909,true,1
bf16,1,1,1,256,1,warp32_fused,3,5,100,18.182400465,644,0.0354188656904,512,2909,true,1
bf16,1,1,1,256,1,baseline_transform,3,6,100,18.112000227,1024,0.056537101765,512,2909,true,1
bf16,1,1,1,256,1,optimized_transform,3,7,100,17.8111994267,1024,0.0574919170501,512,2909,true,1
bf16,1,1,1,256,1,baseline_split,3,8,100,54.022397995,1668,0.030876082179,512,2909,true,1
bf16,1,1,1,256,1,baseline_fused,4,0,100,39.8399996758,644,0.0161646587661,512,2909,true,1
bf16,1,1,1,256,1,optimized_fused,4,1,100,19.3599998951,644,0.0332644629902,512,2909,true,1
bf16,1,1,1,256,1,warp32_transform,4,2,100,15.9935998917,1024,0.0640256106778,512,2909,true,1
bf16,1,1,1,256,1,warp32_split,4,3,100,31.7887997627,1668,0.0524713110419,512,2909,true,1
bf16,1,1,1,256,1,warp32_fused,4,4,100,18.1631994247,644,0.0354563083816,512,2909,true,1
bf16,1,1,1,256,1,baseline_transform,4,5,100,18.1887996197,1024,0.0562983825987,512,2909,true,1
bf16,1,1,1,256,1,optimized_transform,4,6,100,17.7023994923,1024,0.0578452655781,512,2909,true,1
bf16,1,1,1,256,1,baseline_split,4,7,100,54.022397995,1668,0.030876082179,512,2909,true,1
bf16,1,1,1,256,1,optimized_split,4,8,100,34.0224003792,1668,0.0490265231556,512,2909,true,1
bf16,1,17,1,256,17,baseline_transform,0,0,100,19.9360001087,17408,0.873194216747,8704,2909,true,1
bf16,1,17,1,256,17,optimized_transform,0,1,100,19.6415996552,17408,0.886282192165,8704,2909,true,1
bf16,1,17,1,256,17,baseline_split,0,2,100,56.9536018372,28356,0.497878959106,8704,2909,true,1
bf16,1,17,1,256,17,optimized_split,0,3,100,37.1903991699,28356,0.76245484407,8704,2909,true,1
bf16,1,17,1,256,17,baseline_fused,0,4,100,41.1520004272,10948,0.266038099882,8704,2909,true,1
bf16,1,17,1,256,17,optimized_fused,0,5,100,20.4608011246,10948,0.535071913037,8704,2909,true,1
bf16,1,17,1,256,17,warp32_transform,0,6,100,22.6112008095,17408,0.769883923754,8704,2909,true,1
bf16,1,17,1,256,17,warp32_split,0,7,100,44.1152000427,28356,0.642771651778,8704,2909,true,1
bf16,1,17,1,256,17,warp32_fused,0,8,100,24.2111992836,10948,0.452187430774,8704,2909,true,1
bf16,1,17,1,256,17,optimized_transform,1,0,100,19.6736001968,17408,0.884840589716,8704,2909,true,1
bf16,1,17,1,256,17,baseline_split,1,1,100,57.2991991043,28356,0.494876026947,8704,2909,true,1
bf16,1,17,1,256,17,optimized_split,1,2,100,37.2095990181,28356,0.762061423618,8704,2909,true,1
bf16,1,17,1,256,17,baseline_fused,1,3,100,41.1456012726,10948,0.26607947536,8704,2909,true,1
bf16,1,17,1,256,17,optimized_fused,1,4,100,20.422399044,10948,0.536078057058,8704,2909,true,1
bf16,1,17,1,256,17,warp32_transform,1,5,100,22.6047992706,17408,0.770101950103,8704,2909,true,1
bf16,1,17,1,256,17,warp32_split,1,6,100,44.1215991974,28356,0.642678427705,8704,2909,true,1
bf16,1,17,1,256,17,warp32_fused,1,7,100,24.2111992836,10948,0.452187430774,8704,2909,true,1
bf16,1,17,1,256,17,baseline_transform,1,8,100,19.8591995239,17408,0.876571081278,8704,2909,true,1
bf16,1,17,1,256,17,baseline_split,2,0,100,56.9664001465,28356,0.49776710354,8704,2909,true,1
bf16,1,17,1,256,17,optimized_split,2,1,100,37.1327996254,28356,0.763637546483,8704,2909,true,1
bf16,1,17,1,256,17,baseline_fused,2,2,100,41.1007976532,10948,0.266369526265,8704,2909,true,1
bf16,1,17,1,256,17,optimized_fused,2,3,100,20.4864001274,10948,0.534403308142,8704,2909,true,1
bf16,1,17,1,256,17,warp32_transform,2,4,100,22.5216007233,17408,0.772946835081,8704,2909,true,1
bf16,1,17,1,256,17,warp32_split,2,5,100,44.1152000427,28356,0.642771651778,8704,2909,true,1
bf16,1,17,1,256,17,warp32_fused,2,6,100,24.0639996529,10948,0.45495346401,8704,2909,true,1
bf16,1,17,1,256,17,baseline_transform,2,7,100,19.8912000656,17408,0.875160872274,8704,2909,true,1
bf16,1,17,1,256,17,optimized_transform,2,8,100,19.6415996552,17408,0.886282192165,8704,2909,true,1
bf16,1,17,1,256,17,optimized_split,3,0,100,37.1264004707,28356,0.763769168044,8704,2909,true,1
bf16,1,17,1,256,17,baseline_fused,3,1,100,41.0943984985,10948,0.266411004906,8704,2909,true,1
bf16,1,17,1,256,17,optimized_fused,3,2,100,20.5055999756,10948,0.533902934468,8704,2909,true,1
bf16,1,17,1,256,17,warp32_transform,3,3,100,22.5343990326,17408,0.772507843445,8704,2909,true,1
bf16,1,17,1,256,17,warp32_split,3,4,100,44.1088008881,28356,0.642864902901,8704,2909,true,1
bf16,1,17,1,256,17,warp32_fused,3,5,100,24.0639996529,10948,0.45495346401,8704,2909,true,1
bf16,1,17,1,256,17,baseline_transform,3,6,100,19.929599762,17408,0.873474641133,8704,2909,true,1
bf16,1,17,1,256,17,optimized_transform,3,7,100,19.5904004574,17408,0.888598476477,8704,2909,true,1
bf16,1,17,1,256,17,baseline_split,3,8,100,56.9536018372,28356,0.497878959106,8704,2909,true,1
bf16,1,17,1,256,17,baseline_fused,4,0,100,41.1327981949,10948,0.266162295794,8704,2909,true,1
bf16,1,17,1,256,17,optimized_fused,4,1,100,20.4480004311,10948,0.535406874472,8704,2909,true,1
bf16,1,17,1,256,17,warp32_transform,4,2,100,22.6496005058,17408,0.768578677382,8704,2909,true,1
bf16,1,17,1,256,17,warp32_split,4,3,100,44.3007993698,28356,0.640078743575,8704,2909,true,1
bf16,1,17,1,256,17,warp32_fused,4,4,100,24.2176008224,10948,0.452067902195,8704,2909,true,1
bf16,1,17,1,256,17,baseline_transform,4,5,100,19.8591995239,17408,0.876571081278,8704,2909,true,1
bf16,1,17,1,256,17,optimized_transform,4,6,100,19.7311997414,17408,0.88225755292,8704,2909,true,1
bf16,1,17,1,256,17,baseline_split,4,7,100,56.9600009918,28356,0.497823025039,8704,2909,true,1
bf16,1,17,1,256,17,optimized_split,4,8,100,37.1392011642,28356,0.763505921266,8704,2909,true,1
bf16,1,257,1,256,257,baseline_transform,0,0,100,51.4304018021,263168,5.11697343942,131584,2909,true,1
bf16,1,257,1,256,257,optimized_transform,0,1,100,50.2848005295,263168,5.2335496458,131584,2909,true,1
bf16,1,257,1,256,257,baseline_split,0,2,100,154.387197495,428676,2.77662919566,131584,2909,true,1
bf16,1,257,1,256,257,optimized_split,0,3,100,90.656003952,428676,4.72860021744,131584,2909,true,1
bf16,1,257,1,256,257,baseline_fused,0,4,100,109.510402679,165508,1.51134500422,131584,2909,true,1
bf16,1,257,1,256,257,optimized_fused,0,5,100,45.8623981476,165508,3.60879514995,131584,2909,true,1
bf16,1,257,1,256,257,warp32_transform,0,6,100,33.5039997101,263168,7.85482337265,131584,2909,true,1
bf16,1,257,1,256,257,warp32_split,0,7,100,69.7728013992,428676,6.14388402649,131584,2909,true,1
bf16,1,257,1,256,257,warp32_fused,0,8,100,39.1743993759,165508,4.22490204411,131584,2909,true,1
bf16,1,257,1,256,257,optimized_transform,1,0,100,50.1567983627,263168,5.24690587499,131584,2909,true,1
bf16,1,257,1,256,257,baseline_split,1,1,100,153.766403198,428676,2.78783915786,131584,2909,true,1
bf16,1,257,1,256,257,optimized_split,1,2,100,90.5088043213,428676,4.73629060968,131584,2909,true,1
bf16,1,257,1,256,257,baseline_fused,1,3,100,109.440002441,165508,1.51231721772,131584,2909,true,1
bf16,1,257,1,256,257,optimized_fused,1,4,100,45.926399231,165508,3.60376608599,131584,2909,true,1
bf16,1,257,1,256,257,warp32_transform,1,5,100,34.5535993576,263168,7.61622536849,131584,2909,true,1
bf16,1,257,1,256,257,warp32_split,1,6,100,70.8288002014,428676,6.05228379954,131584,2909,true,1
bf16,1,257,1,256,257,warp32_fused,1,7,100,39.929599762,165508,4.14499521625,131584,2909,true,1
bf16,1,257,1,256,257,baseline_transform,1,8,100,50.7327985764,263168,5.18733457221,131584,2909,true,1
bf16,1,257,1,256,257,baseline_split,2,0,100,152.262401581,428676,2.81537658378,131584,2909,true,1
bf16,1,257,1,256,257,optimized_split,2,1,100,89.8303985596,428676,4.77205942391,131584,2909,true,1
bf16,1,257,1,256,257,baseline_fused,2,2,100,109.804801941,165508,1.50729291501,131584,2909,true,1
bf16,1,257,1,256,257,optimized_fused,2,3,100,45.8688020706,165508,3.60829131193,131584,2909,true,1
bf16,1,257,1,256,257,warp32_transform,2,4,100,33.3951997757,263168,7.88041400464,131584,2909,true,1
bf16,1,257,1,256,257,warp32_split,2,5,100,71.2703990936,428676,6.01478321227,131584,2909,true,1
bf16,1,257,1,256,257,warp32_fused,2,6,100,39.315199852,165508,4.20977130024,131584,2909,true,1
bf16,1,257,1,256,257,baseline_transform,2,7,100,51.7695999146,263168,5.08344666434,131584,2909,true,1
bf16,1,257,1,256,257,optimized_transform,2,8,100,50.2848005295,263168,5.2335496458,131584,2909,true,1
bf16,1,257,1,256,257,optimized_split,3,0,100,89.8495960236,428676,4.77103981511,131584,2909,true,1
bf16,1,257,1,256,257,baseline_fused,3,1,100,109.881601334,165508,1.5062394249,131584,2909,true,1
bf16,1,257,1,256,257,optimized_fused,3,2,100,45.5999994278,165508,3.62956144905,131584,2909,true,1
bf16,1,257,1,256,257,warp32_transform,3,3,100,33.2224011421,263168,7.92140215496,131584,2909,true,1
bf16,1,257,1,256,257,warp32_split,3,4,100,69.3376016617,428676,6.18244631667,131584,2909,true,1
bf16,1,257,1,256,257,warp32_fused,3,5,100,39.9103999138,165508,4.14698926489,131584,2909,true,1
bf16,1,257,1,256,257,baseline_transform,3,6,100,51.0527992249,263168,5.15482018608,131584,2909,true,1
bf16,1,257,1,256,257,optimized_transform,3,7,100,50.0928020477,263168,5.25360908638,131584,2909,true,1
bf16,1,257,1,256,257,baseline_split,3,8,100,154.463996887,428676,2.77524865754,131584,2909,true,1
bf16,1,257,1,256,257,baseline_fused,4,0,100,109.388799667,165508,1.51302510406,131584,2909,true,1
bf16,1,257,1,256,257,optimized_fused,4,1,100,45.996799469,165508,3.5982503546,131584,2909,true,1
bf16,1,257,1,256,257,warp32_transform,4,2,100,33.6127996445,263168,7.82939840726,131584,2909,true,1
bf16,1,257,1,256,257,warp32_split,4,3,100,71.3216018677,428676,6.0104651154,131584,2909,true,1
bf16,1,257,1,256,257,warp32_fused,4,4,100,39.5391988754,165508,4.18592193841,131584,2909,true,1
bf16,1,257,1,256,257,baseline_transform,4,5,100,50.9503984451,263168,5.16518041136,131584,2909,true,1
bf16,1,257,1,256,257,optimized_transform,4,6,100,51.1231994629,263168,5.14772163646,131584,2909,true,1
bf16,1,257,1,256,257,baseline_split,4,7,100,151.859197617,428676,2.82285173851,131584,2909,true,1
bf16,1,257,1,256,257,optimized_split,4,8,100,89.9711990356,428676,4.76459138696,131584,2909,true,1
bf16,4,64,16,256,4096,baseline_transform,0,0,100,449.100799561,4194304,9.33933763668,2097152,2909,true,1
bf16,4,64,16,256,4096,optimized_transform,0,1,100,394.259185791,4194304,10.6384433164,2097152,2909,true,1
bf16,4,64,16,256,4096,baseline_split,0,2,100,1108.3455658,6832128,6.1642579813,2097152,2909,true,1
bf16,4,64,16,256,4096,optimized_split,0,3,100,711.391983032,6832128,9.60388669391,2097152,2909,true,1
bf16,4,64,16,256,4096,baseline_fused,0,4,100,657.747192383,2637824,4.01039188087,2097152,2909,true,1
bf16,4,64,16,256,4096,optimized_fused,0,5,100,355.187187195,2637824,7.42657419833,2097152,2909,true,1
bf16,4,64,16,256,4096,warp32_transform,0,6,100,229.004802704,4194304,18.3153538724,2097152,2909,true,1
bf16,4,64,16,256,4096,warp32_split,0,7,100,563.436813354,6832128,12.1258104513,2097152,2909,true,1
bf16,4,64,16,256,4096,warp32_fused,0,8,100,341.683197021,2637824,7.72008697821,2097152,2909,true,1
bf16,4,64,16,256,4096,optimized_transform,1,0,100,395.206413269,4194304,10.612945183,2097152,2909,true,1
bf16,4,64,16,256,4096,baseline_split,1,1,100,1108.45443726,6832128,6.16365253308,2097152,2909,true,1
bf16,4,64,16,256,4096,optimized_split,1,2,100,711.385574341,6832128,9.60397321288,2097152,2909,true,1
bf16,4,64,16,256,4096,baseline_fused,1,3,100,659.583969116,2637824,3.99922394041,2097152,2909,true,1
bf16,4,64,16,256,4096,optimized_fused,1,4,100,355.596809387,2637824,7.41801931391,2097152,2909,true,1
bf16,4,64,16,256,4096,warp32_transform,1,5,100,227.820796967,4194304,18.4105404592,2097152,2909,true,1
bf16,4,64,16,256,4096,warp32_split,1,6,100,563.744010925,6832128,12.1192028076,2097152,2909,true,1
bf16,4,64,16,256,4096,warp32_fused,1,7,100,339.993591309,2637824,7.75845212213,2097152,2909,true,1
bf16,4,64,16,256,4096,baseline_transform,1,8,100,449.676818848,4194304,9.32737429238,2097152,2909,true,1
bf16,4,64,16,256,4096,baseline_split,2,0,100,1107.5328064,6832128,6.16878160226,2097152,2909,true,1
bf16,4,64,16,256,4096,optimized_split,2,1,100,712.275238037,6832128,9.59197741989,2097152,2909,true,1
bf16,4,64,16,256,4096,baseline_fused,2,2,100,659.347229004,2637824,4.0006598708,2097152,2909,true,1
bf16,4,64,16,256,4096,optimized_fused,2,3,100,355.302391052,2637824,7.42416619316,2097152,2909,true,1
bf16,4,64,16,256,4096,warp32_transform,2,4,100,227.936000824,4194304,18.401235368,2097152,2909,true,1
bf16,4,64,16,256,4096,warp32_split,2,5,100,564.793586731,6832128,12.0966812664,2097152,2909,true,1
bf16,4,64,16,256,4096,warp32_fused,2,6,100,340.908813477,2637824,7.73762336356,2097152,2909,true,1
bf16,4,64,16,256,4096,baseline_transform,2,7,100,450.233612061,4194304,9.31583935016,2097152,2909,true,1
bf16,4,64,16,256,4096,optimized_transform,2,8,100,394.323196411,4194304,10.6367163742,2097152,2909,true,1
bf16,4,64,16,256,4096,optimized_split,3,0,100,712.76802063,6832128,9.58534586605,2097152,2909,true,1
bf16,4,64,16,256,4096,baseline_fused,3,1,100,656.851196289,2637824,4.01586236716,2097152,2909,true,1
bf16,4,64,16,256,4096,optimized_fused,3,2,100,354.598388672,2637824,7.43890577134,2097152,2909,true,1
bf16,4,64,16,256,4096,warp32_transform,3,3,100,227.827205658,4194304,18.4100225778,2097152,2909,true,1
bf16,4,64,16,256,4096,warp32_split,3,4,100,563.38558197,6832128,12.12691311,2097152,2909,true,1
bf16,4,64,16,256,4096,warp32_fused,3,5,100,340.006408691,2637824,7.75815964809,2097152,2909,true,1
bf16,4,64,16,256,4096,baseline_transform,3,6,100,451.097602844,4194304,9.29799664985,2097152,2909,true,1
bf16,4,64,16,256,4096,optimized_transform,3,7,100,393.043212891,4194304,10.6713558775,2097152,2909,true,1
bf16,4,64,16,256,4096,baseline_split,3,8,100,1108.33282471,6832128,6.16432884392,2097152,2909,true,1
bf16,4,64,16,256,4096,baseline_fused,4,0,100,655.839996338,2637824,4.02205418201,2097152,2909,true,1
bf16,4,64,16,256,4096,optimized_fused,4,1,100,356.339187622,2637824,7.40256500444,2097152,2909,true,1
bf16,4,64,16,256,4096,warp32_transform,4,2,100,229.120006561,4194304,18.3061447272,2097152,2909,true,1
bf16,4,64,16,256,4096,warp32_split,4,3,100,564.217605591,6832128,12.1090301549,2097152,2909,true,1
bf16,4,64,16,256,4096,warp32_fused,4,4,100,341.03679657,2637824,7.73471961539,2097152,2909,true,1
bf16,4,64,16,256,4096,baseline_transform,4,5,100,449.40158844,4194304,9.33308672664,2097152,2909,true,1
bf16,4,64,16,256,4096,optimized_transform,4,6,100,392.300796509,4194304,10.6915510683,2097152,2909,true,1
bf16,4,64,16,256,4096,baseline_split,4,7,100,1109.19036865,6832128,6.15956304083,2097152,2909,true,1
bf16,4,64,16,256,4096,optimized_split,4,8,100,712.102432251,6832128,9.59430510356,2097152,2909,true,1
bf16,16,64,16,256,16384,baseline_transform,0,0,100,1683.74404907,16777216,9.96423180188,8388608,2909,true,1
bf16,16,64,16,256,16384,optimized_transform,0,1,100,1478.23364258,16777216,11.3495022145,8388608,2909,true,1
bf16,16,64,16,256,16384,baseline_split,0,2,100,3956.33270264,27328512,6.90753636108,8388608,2909,true,1
bf16,16,64,16,256,16384,optimized_split,0,3,100,2073.96484375,27328512,13.1769408157,8388608,2909,true,1
bf16,16,64,16,256,16384,baseline_fused,0,4,100,2377.07519531,10551296,4.43877249689,8388608,2909,true,1
bf16,16,64,16,256,16384,optimized_fused,0,5,100,739.718399048,10551296,14.2639361324,8388608,2909,true,1
bf16,16,64,16,256,16384,warp32_transform,0,6,100,863.519973755,16777216,19.4288684801,8388608,2909,true,1
bf16,16,64,16,256,16384,warp32_split,0,7,100,2225.87524414,27328512,12.2776476678,8388608,2909,true,1
bf16,16,64,16,256,16384,warp32_fused,0,8,100,1333.26721191,10551296,7.91386445696,8388608,2909,true,1
bf16,16,64,16,256,16384,optimized_transform,1,0,100,1477.68966675,16777216,11.3536802602,8388608,2909,true,1
bf16,16,64,16,256,16384,baseline_split,1,1,100,3960.42236328,27328512,6.90040341489,8388608,2909,true,1
bf16,16,64,16,256,16384,optimized_split,1,2,100,2075.3024292,27328512,13.1684479406,8388608,2909,true,1
bf16,16,64,16,256,16384,baseline_fused,1,3,100,2377.83035278,10551296,4.43736282012,8388608,2909,true,1
bf16,16,64,16,256,16384,optimized_fused,1,4,100,739.296035767,10551296,14.2720851858,8388608,2909,true,1
bf16,16,64,16,256,16384,warp32_transform,1,5,100,861.663970947,16777216,19.4707177806,8388608,2909,true,1
bf16,16,64,16,256,16384,warp32_split,1,6,100,2227.34725952,27328512,12.2695335822,8388608,2909,true,1
bf16,16,64,16,256,16384,warp32_fused,1,7,100,1334.95681763,10551296,7.90384816998,8388608,2909,true,1
bf16,16,64,16,256,16384,baseline_transform,1,8,100,1689.27352905,16777216,9.93161599437,8388608,2909,true,1
bf16,16,64,16,256,16384,baseline_split,2,0,100,3956.62078857,27328512,6.90703341572,8388608,2909,true,1
bf16,16,64,16,256,16384,optimized_split,2,1,100,2075.9552002,27328512,13.1643072054,8388608,2909,true,1
bf16,16,64,16,256,16384,baseline_fused,2,2,100,2376.49917603,10551296,4.43984837295,8388608,2909,true,1
bf16,16,64,16,256,16384,optimized_fused,2,3,100,738.310394287,10551296,14.2911383635,8388608,2909,true,1
bf16,16,64,16,256,16384,warp32_transform,2,4,100,863.545608521,16777216,19.4282917248,8388608,2909,true,1
bf16,16,64,16,256,16384,warp32_split,2,5,100,2228.35845947,27328512,12.2639658282,8388608,2909,true,1
bf16,16,64,16,256,16384,warp32_fused,2,6,100,1331.32156372,10551296,7.92543010459,8388608,2909,true,1
bf16,16,64,16,256,16384,baseline_transform,2,7,100,1692.52487183,16777216,9.9125373454,8388608,2909,true,1
bf16,16,64,16,256,16384,optimized_transform,2,8,100,1479.56481934,16777216,11.3392909731,8388608,2909,true,1
bf16,16,64,16,256,16384,optimized_split,3,0,100,2077.07519531,27328512,13.1572087817,8388608,2909,true,1
bf16,16,64,16,256,16384,baseline_fused,3,1,100,2375.18722534,10551296,4.44230075315,8388608,2909,true,1
bf16,16,64,16,256,16384,optimized_fused,3,2,100,738.815994263,10551296,14.2813583923,8388608,2909,true,1
bf16,16,64,16,256,16384,warp32_transform,3,3,100,861.734390259,16777216,19.4691266702,8388608,2909,true,1
bf16,16,64,16,256,16384,warp32_split,3,4,100,2224.92156982,27328512,12.28291027,8388608,2909,true,1
bf16,16,64,16,256,16384,warp32_fused,3,5,100,1333.52966309,10551296,7.91230693405,8388608,2909,true,1
bf16,16,64,16,256,16384,baseline_transform,3,6,100,1693.49121094,16777216,9.90688105828,8388608,2909,true,1
bf16,16,64,16,256,16384,optimized_transform,3,7,100,1479.69284058,16777216,11.3383099113,8388608,2909,true,1
bf16,16,64,16,256,16384,baseline_split,3,8,100,3959.12322998,27328512,6.90266768992,8388608,2909,true,1
bf16,16,64,16,256,16384,baseline_fused,4,0,100,2375.52642822,10551296,4.44166643429,8388608,2909,true,1
bf16,16,64,16,256,16384,optimized_fused,4,1,100,739.168014526,10551296,14.2745570596,8388608,2909,true,1
bf16,16,64,16,256,16384,warp32_transform,4,2,100,862.796783447,16777216,19.4451536235,8388608,2909,true,1
bf16,16,64,16,256,16384,warp32_split,4,3,100,2224.26239014,27328512,12.2865504183,8388608,2909,true,1
bf16,16,64,16,256,16384,warp32_fused,4,4,100,1332.39685059,10551296,7.91903402906,8388608,2909,true,1
bf16,16,64,16,256,16384,baseline_transform,4,5,100,1694.54727173,16777216,9.90070697933,8388608,2909,true,1
bf16,16,64,16,256,16384,optimized_transform,4,6,100,1476.23046875,16777216,11.3649029438,8388608,2909,true,1
bf16,16,64,16,256,16384,baseline_split,4,7,100,3966.84173584,27328512,6.88923678328,8388608,2909,true,1
bf16,16,64,16,256,16384,optimized_split,4,8,100,2075.37918091,27328512,13.1679609449,8388608,2909,true,1
