dtype,batch,seq,heads,dim,rows,method,group,order,repeats,kernel_us,logical_io_bytes,logical_GBs,input_working_set_bytes,seed,input_read_only,scale
fp16,1,1,1,64,1,baseline_transform,0,0,100,15.6799995899,256,0.0163265310392,128,2909,true,1
fp16,1,1,1,64,1,optimized_transform,0,1,100,15.5711996555,256,0.0164406086662,128,2909,true,1
fp16,1,1,1,64,1,baseline_split,0,2,100,35.1103997231,420,0.0119622676846,128,2909,true,1
fp16,1,1,1,64,1,optimized_split,0,3,100,30.8608007431,420,0.0136094978058,128,2909,true,1
fp16,1,1,1,64,1,baseline_fused,0,4,100,22.0415997505,164,0.00744047627469,128,2909,true,1
fp16,1,1,1,64,1,optimized_fused,0,5,100,18.0032002926,164,0.00910949149788,128,2909,true,1
fp16,1,1,1,64,1,warp32_transform,0,6,100,15.2383995056,256,0.0167996645518,128,2909,true,1
fp16,1,1,1,64,1,warp32_split,0,7,100,29.587199688,420,0.014195327859,128,2909,true,1
fp16,1,1,1,64,1,warp32_fused,0,8,100,15.2831995487,164,0.0107307373353,128,2909,true,1
fp16,1,1,1,64,1,optimized_transform,1,0,100,15.5776000023,256,0.0164338537363,128,2909,true,1
fp16,1,1,1,64,1,baseline_split,1,1,100,35.2704000473,420,0.0119080021615,128,2909,true,1
fp16,1,1,1,64,1,optimized_split,1,2,100,30.8671998978,420,0.0136066763876,128,2909,true,1
fp16,1,1,1,64,1,baseline_fused,1,3,100,22.054400444,164,0.00743615771447,128,2909,true,1
fp16,1,1,1,64,1,optimized_fused,1,4,100,17.9903995991,164,0.00911597316651,128,2909,true,1
fp16,1,1,1,64,1,warp32_transform,1,5,100,15.2512001991,256,0.0167855641954,128,2909,true,1
fp16,1,1,1,64,1,warp32_split,1,6,100,29.8304009438,420,0.0140795962076,128,2909,true,1
fp16,1,1,1,64,1,warp32_fused,1,7,100,15.2639997005,164,0.0107442350116,128,2909,true,1
fp16,1,1,1,64,1,baseline_transform,1,8,100,15.724799633,256,0.0162800166599,128,2909,true,1
fp16,1,1,1,64,1,baseline_split,2,0,100,35.4112005234,420,0.011860654081,128,2909,true,1
fp16,1,1,1,64,1,optimized_split,2,1,100,31.0400009155,420,0.013530927436,128,2909,true,1
fp16,1,1,1,64,1,baseline_fused,2,2,100,22.1183991432,164,0.00741464149092,128,2909,true,1
fp16,1,1,1,64,1,optimized_fused,2,3,100,17.8944003582,164,0.00916487821425,128,2909,true,1
fp16,1,1,1,64,1,warp32_transform,2,4,100,15.1999998093,256,0.0168421054745,128,2909,true,1
fp16,1,1,1,64,1,warp32_split,2,5,100,29.8368000984,420,0.0140765765301,128,2909,true,1
fp16,1,1,1,64,1,warp32_fused,2,6,100,15.2447998524,164,0.0107577666869,128,2909,true,1
fp16,1,1,1,64,1,baseline_transform,2,7,100,15.6288003922,256,0.016380015969,128,2909,true,1
fp16,1,1,1,64,1,optimized_transform,2,8,100,15.5200004578,256,0.0164948448743,128,2909,true,1
fp16,1,1,1,64,1,optimized_split,3,0,100,31.0335993767,420,0.0135337185643,128,2909,true,1
fp16,1,1,1,64,1,baseline_fused,3,1,100,22.1311998367,164,0.00741035285976,128,2909,true,1
fp16,1,1,1,64,1,optimized_fused,3,2,100,17.8367996216,164,0.00919447454024,128,2909,true,1
fp16,1,1,1,64,1,warp32_transform,3,3,100,15.2256000042,256,0.016813787301,128,2909,true,1
fp16,1,1,1,64,1,warp32_split,3,4,100,29.8431992531,420,0.0140735581476,128,2909,true,1
fp16,1,1,1,64,1,warp32_fused,3,5,100,15.2191996574,164,0.0107758623115,128,2909,true,1
fp16,1,1,1,64,1,baseline_transform,3,6,100,15.6224000454,256,0.0163867267037,128,2909,true,1
fp16,1,1,1,64,1,optimized_transform,3,7,100,15.5455994606,256,0.0164676827451,128,2909,true,1
fp16,1,1,1,64,1,baseline_split,3,8,100,35.3983998299,420,0.0118649431053,128,2909,true,1
fp16,1,1,1,64,1,baseline_fused,4,0,100,22.0415997505,164,0.00744047627469,128,2909,true,1
fp16,1,1,1,64,1,optimized_fused,4,1,100,17.945599556,164,0.00913873061129,128,2909,true,1
fp16,1,1,1,64,1,warp32_transform,4,2,100,15.2831995487,256,0.0167504192551,128,2909,true,1
fp16,1,1,1,64,1,warp32_split,4,3,100,29.9519991875,420,0.0140224362778,128,2909,true,1
fp16,1,1,1,64,1,warp32_fused,4,4,100,15.2895998955,164,0.0107262453642,128,2909,true,1
fp16,1,1,1,64,1,baseline_transform,4,5,100,15.7311999798,256,0.0162733930234,128,2909,true,1
fp16,1,1,1,64,1,optimized_transform,4,6,100,15.5071997643,256,0.016508460837,128,2909,true,1
fp16,1,1,1,64,1,baseline_split,4,7,100,35.3920006752,420,0.0118670883812,128,2909,true,1
fp16,1,1,1,64,1,optimized_split,4,8,100,31.0400009155,420,0.013530927436,128,2909,true,1
fp16,1,17,1,64,17,baseline_transform,0,0,100,17.4207997322,4352,0.249816315376,2176,2909,true,1
fp16,1,17,1,64,17,optimized_transform,0,1,100,17.0624005795,4352,0.255063757279,2176,2909,true,1
fp16,1,17,1,64,17,baseline_split,0,2,100,38.3295989037,7140,0.186279016849,2176,2909,true,1
fp16,1,17,1,64,17,optimized_split,0,3,100,34.1440010071,7140,0.209114333101,2176,2909,true,1
fp16,1,17,1,64,17,baseline_fused,0,4,100,23.6287999153,2788,0.11799160389,2176,2909,true,1
fp16,1,17,1,64,17,optimized_fused,0,5,100,19.3599998951,2788,0.144008265243,2176,2909,true,1
fp16,1,17,1,64,17,warp32_transform,0,6,100,18.1184005737,4352,0.240197802355,2176,2909,true,1
fp16,1,17,1,64,17,warp32_split,0,7,100,34.7648000717,7140,0.205380154215,2176,2909,true,1
fp16,1,17,1,64,17,warp32_fused,0,8,100,17.6447999477,2788,0.158006892017,2176,2909,true,1
fp16,1,17,1,64,17,optimized_transform,1,0,100,17.0047998428,4352,0.255927740416,2176,2909,true,1
fp16,1,17,1,64,17,baseline_split,1,1,100,38.4511995316,7140,0.185689915711,2176,2909,true,1
fp16,1,17,1,64,17,optimized_split,1,2,100,34.1504001617,7140,0.209075148935,2176,2909,true,1
fp16,1,17,1,64,17,baseline_fused,1,3,100,23.63519907,2788,0.11795965804,2176,2909,true,1
fp16,1,17,1,64,17,optimized_fused,1,4,100,19.3599998951,2788,0.144008265243,2176,2909,true,1
fp16,1,17,1,64,17,warp32_transform,1,5,100,18.1184005737,4352,0.240197802355,2176,2909,true,1
fp16,1,17,1,64,17,warp32_split,1,6,100,34.7648000717,7140,0.205380154215,2176,2909,true,1
fp16,1,17,1,64,17,warp32_fused,1,7,100,17.6127994061,2788,0.158293973361,2176,2909,true,1
fp16,1,17,1,64,17,baseline_transform,1,8,100,17.3440003395,4352,0.250922504313,2176,2909,true,1
fp16,1,17,1,64,17,baseline_split,2,0,100,38.4319996834,7140,0.18578268263,2176,2909,true,1
fp16,1,17,1,64,17,optimized_split,2,1,100,34.1504001617,7140,0.209075148935,2176,2909,true,1
fp16,1,17,1,64,17,baseline_fused,2,2,100,23.5391998291,2788,0.118440729517,2176,2909,true,1
fp16,1,17,1,64,17,optimized_fused,2,3,100,19.411200285,2788,0.143628418597,2176,2909,true,1
fp16,1,17,1,64,17,warp32_transform,2,4,100,17.9840004444,4352,0.241992876582,2176,2909,true,1
fp16,1,17,1,64,17,warp32_split,2,5,100,34.8095989227,7140,0.205115836464,2176,2909,true,1
fp16,1,17,1,64,17,warp32_fused,2,6,100,17.5232005119,2788,0.159103355469,2176,2909,true,1
fp16,1,17,1,64,17,baseline_transform,2,7,100,17.3759996891,4352,0.250460409638,2176,2909,true,1
fp16,1,17,1,64,17,optimized_transform,2,8,100,17.0495998859,4352,0.255255256963,2176,2909,true,1
fp16,1,17,1,64,17,optimized_split,3,0,100,34.1312003136,7140,0.209192760126,2176,2909,true,1
fp16,1,17,1,64,17,baseline_fused,3,1,100,23.5775995255,2788,0.118247830827,2176,2909,true,1
fp16,1,17,1,64,17,optimized_fused,3,2,100,19.38560009,2788,0.143818091112,2176,2909,true,1
fp16,1,17,1,64,17,warp32_transform,3,3,100,17.9584002495,4352,0.242337844103,2176,2909,true,1
fp16,1,17,1,64,17,warp32_split,3,4,100,34.8160004616,7140,0.205078122281,2176,2909,true,1
fp16,1,17,1,64,17,warp32_fused,3,5,100,17.4720001221,2788,0.159569595955,2176,2909,true,1
fp16,1,17,1,64,17,baseline_transform,3,6,100,17.427200079,4352,0.249724567359,2176,2909,true,1
fp16,1,17,1,64,17,optimized_transform,3,7,100,16.9920003414,4352,0.256120522161,2176,2909,true,1
fp16,1,17,1,64,17,baseline_split,3,8,100,38.4448003769,7140,0.185720823883,2176,2909,true,1
fp16,1,17,1,64,17,baseline_fused,4,0,100,23.6287999153,2788,0.11799160389,2176,2909,true,1
fp16,1,17,1,64,17,optimized_fused,4,1,100,19.3087995052,2788,0.144390126338,2176,2909,true,1
fp16,1,17,1,64,17,warp32_transform,4,2,100,18.112000227,4352,0.240282682501,2176,2909,true,1
fp16,1,17,1,64,17,warp32_split,4,3,100,34.8864006996,7140,0.204664277679,2176,2909,true,1
fp16,1,17,1,64,17,warp32_fused,4,4,100,17.638399601,2788,0.158064227088,2176,2909,true,1
fp16,1,17,1,64,17,baseline_transform,4,5,100,17.3824000359,4352,0.250368187996,2176,2909,true,1
fp16,1,17,1,64,17,optimized_transform,4,6,100,17.0368003845,4352,0.255447026541,2176,2909,true,1
fp16,1,17,1,64,17,baseline_split,4,7,100,38.4319996834,7140,0.18578268263,2176,2909,true,1
fp16,1,17,1,64,17,optimized_split,4,8,100,34.1440010071,7140,0.209114333101,2176,2909,true,1
fp16,1,257,1,64,257,baseline_transform,0,0,100,38.4895992279,65792,1.70934489628,32896,2909,true,1
fp16,1,257,1,64,257,optimized_transform,0,1,100,36.6143989563,65792,1.79688870705,32896,2909,true,1
fp16,1,257,1,64,257,baseline_split,0,2,100,76.1407995224,107940,1.41763680809,32896,2909,true,1
fp16,1,257,1,64,257,optimized_split,0,3,100,71.0400009155,107940,1.51942565609,32896,2909,true,1
fp16,1,257,1,64,257,baseline_fused,0,4,100,42.054400444,42148,1.00222567805,32896,2909,true,1
fp16,1,257,1,64,257,optimized_fused,0,5,100,37.4207997322,42148,1.12632547411,32896,2909,true,1
fp16,1,257,1,64,257,warp32_transform,0,6,100,21.676800251,65792,3.03513430203,32896,2909,true,1
fp16,1,257,1,64,257,warp32_split,0,7,100,43.379201889,107940,2.48828921003,32896,2909,true,1
fp16,1,257,1,64,257,warp32_fused,0,8,100,21.8623995781,42148,1.92787620816,32896,2909,true,1
fp16,1,257,1,64,257,optimized_transform,1,0,100,36.5567994118,65792,1.79971991691,32896,2909,true,1
fp16,1,257,1,64,257,baseline_split,1,1,100,76.5055990219,107940,1.4108771303,32896,2909,true,1
fp16,1,257,1,64,257,optimized_split,1,2,100,71.1999988556,107940,1.51601126032,32896,2909,true,1
fp16,1,257,1,64,257,baseline_fused,1,3,100,42.0480012894,42148,1.00237820366,32896,2909,true,1
fp16,1,257,1,64,257,optimized_fused,1,4,100,37.3824000359,42148,1.12748245055,32896,2909,true,1
fp16,1,257,1,64,257,warp32_transform,1,5,100,21.6576004028,65792,3.0378250026,32896,2909,true,1
fp16,1,257,1,64,257,warp32_split,1,6,100,43.0719995499,107940,2.50603643035,32896,2909,true,1
fp16,1,257,1,64,257,warp32_fused,1,7,100,21.2928009033,42148,1.97944836808,32896,2909,true,1
fp16,1,257,1,64,257,baseline_transform,1,8,100,38.585600853,65792,1.70509201737,32896,2909,true,1
fp16,1,257,1,64,257,baseline_split,2,0,100,76.761598587,107940,1.4061718618,32896,2909,true,1
fp16,1,257,1,64,257,optimized_split,2,1,100,71.2383985519,107940,1.51519408345,32896,2909,true,1
fp16,1,257,1,64,257,baseline_fused,2,2,100,41.8624019623,42148,1.00682230413,32896,2909,true,1
fp16,1,257,1,64,257,optimized_fused,2,3,100,37.4656009674,42148,1.12497861803,32896,2909,true,1
fp16,1,257,1,64,257,warp32_transform,2,4,100,21.7023992538,65792,3.03155421806,32896,2909,true,1
fp16,1,257,1,64,257,warp32_split,2,5,100,43.0719995499,107940,2.50603643035,32896,2909,true,1
fp16,1,257,1,64,257,warp32_fused,2,6,100,21.9264006615,42148,1.92224892041,32896,2909,true,1
fp16,1,257,1,64,257,baseline_transform,2,7,100,38.5152006149,65792,1.70820867994,32896,2909,true,1
fp16,1,257,1,64,257,optimized_transform,2,8,100,36.4608001709,65792,1.80445847847,32896,2909,true,1
fp16,1,257,1,64,257,optimized_split,3,0,100,71.263999939,107940,1.51464975433,32896,2909,true,1
fp16,1,257,1,64,257,baseline_fused,3,1,100,41.8431997299,42148,1.00728434422,32896,2909,true,1
fp16,1,257,1,64,257,optimized_fused,3,2,100,37.5167989731,42148,1.12344339479,32896,2909,true,1
fp16,1,257,1,64,257,warp32_transform,3,3,100,21.6960000992,65792,3.03244836372,32896,2909,true,1
fp16,1,257,1,64,257,warp32_split,3,4,100,42.9824018478,107940,2.51126031491,32896,2909,true,1
fp16,1,257,1,64,257,warp32_fused,3,5,100,21.8752002716,42148,1.92674807438,32896,2909,true,1
fp16,1,257,1,64,257,baseline_transform,3,6,100,38.4448003769,65792,1.71133675699,32896,2909,true,1
fp16,1,257,1,64,257,optimized_transform,3,7,100,36.7616009712,65792,1.78969354603,32896,2909,true,1
fp16,1,257,1,64,257,baseline_split,3,8,100,76.4991998672,107940,1.41099515011,32896,2909,true,1
fp16,1,257,1,64,257,baseline_fused,4,0,100,42.1248006821,42148,1.00055072825,32896,2909,true,1
fp16,1,257,1,64,257,optimized_fused,4,1,100,37.4079990387,42148,1.12671089294,32896,2909,true,1
fp16,1,257,1,64,257,warp32_transform,4,2,100,21.6447997093,65792,3.03962156655,32896,2909,true,1
fp16,1,257,1,64,257,warp32_split,4,3,100,43.5391998291,107940,2.47914523978,32896,2909,true,1
fp16,1,257,1,64,257,warp32_fused,4,4,100,21.299200058,42148,1.97885366048,32896,2909,true,1
fp16,1,257,1,64,257,baseline_transform,4,5,100,38.5279989243,65792,1.70764124369,32896,2909,true,1
fp16,1,257,1,64,257,optimized_transform,4,6,100,37.6448011398,65792,1.74770480937,32896,2909,true,1
fp16,1,257,1,64,257,baseline_split,4,7,100,76.7871999741,107940,1.40570303431,32896,2909,true,1
fp16,1,257,1,64,257,optimized_split,4,8,100,71.1424016953,107940,1.51723862883,32896,2909,true,1
fp16,4,64,16,64,4096,baseline_transform,0,0,100,165.369606018,1048576,6.34080243189,524288,2909,true,1
fp16,4,64,16,64,4096,optimized_transform,0,1,100,161.491203308,1048576,6.49308431989,524288,2909,true,1
fp16,4,64,16,64,4096,baseline_split,0,2,100,306.713600159,1720320,5.60888072492,524288,2909,true,1
fp16,4,64,16,64,4096,optimized_split,0,3,100,279.526405334,1720320,6.15440962703,524288,2909,true,1
fp16,4,64,16,64,4096,baseline_fused,0,4,100,157.254400253,671744,4.27170240653,524288,2909,true,1
fp16,4,64,16,64,4096,optimized_fused,0,5,100,128.851203918,671744,5.213331188,524288,2909,true,1
fp16,4,64,16,64,4096,warp32_transform,0,6,100,88.0768013,1048576,11.9052461547,524288,2909,true,1
fp16,4,64,16,64,4096,warp32_split,0,7,100,235.718402863,1720320,7.29819979734,524288,2909,true,1
fp16,4,64,16,64,4096,warp32_fused,0,8,100,143.302402496,671744,4.68759761384,524288,2909,true,1
fp16,4,64,16,64,4096,optimized_transform,1,0,100,162.604808807,1048576,6.44861617372,524288,2909,true,1
fp16,4,64,16,64,4096,baseline_split,1,1,100,306.30399704,1720320,5.61638116585,524288,2909,true,1
fp16,4,64,16,64,4096,optimized_split,1,2,100,280.652809143,1720320,6.12970882156,524288,2909,true,1
fp16,4,64,16,64,4096,baseline_fused,1,3,100,157.145595551,671744,4.27466005424,524288,2909,true,1
fp16,4,64,16,64,4096,optimized_fused,1,4,100,129.183998108,671744,5.19990099268,524288,2909,true,1
fp16,4,64,16,64,4096,warp32_transform,1,5,100,88.025598526,1048576,11.9121712043,524288,2909,true,1
fp16,4,64,16,64,4096,warp32_split,1,6,100,236.639995575,1720320,7.26977701221,524288,2909,true,1
fp16,4,64,16,64,4096,warp32_fused,1,7,100,143.392000198,671744,4.68466859428,524288,2909,true,1
fp16,4,64,16,64,4096,baseline_transform,1,8,100,164.697608948,1048576,6.36667409259,524288,2909,true,1
fp16,4,64,16,64,4096,baseline_split,2,0,100,306.771202087,1720320,5.60782755452,524288,2909,true,1
fp16,4,64,16,64,4096,optimized_split,2,1,100,279.993591309,1720320,6.14414062822,524288,2909,true,1
fp16,4,64,16,64,4096,baseline_fused,2,2,100,158.003196716,671744,4.25145828667,524288,2909,true,1
fp16,4,64,16,64,4096,optimized_fused,2,3,100,129.83039856,671744,5.17401169104,524288,2909,true,1
fp16,4,64,16,64,4096,warp32_transform,2,4,100,87.7056026459,1048576,11.955633031,524288,2909,true,1
fp16,4,64,16,64,4096,warp32_split,2,5,100,235.366401672,1720320,7.30911458805,524288,2909,true,1
fp16,4,64,16,64,4096,warp32_fused,2,6,100,143.155202866,671744,4.6924176457,524288,2909,true,1
fp16,4,64,16,64,4096,baseline_transform,2,7,100,165.631999969,1048576,6.33075734274,524288,2909,true,1
fp16,4,64,16,64,4096,optimized_transform,2,8,100,160.99199295,1048576,6.5132183333,524288,2909,true,1
fp16,4,64,16,64,4096,optimized_split,3,0,100,280.294399261,1720320,6.1375468241,524288,2909,true,1
fp16,4,64,16,64,4096,baseline_fused,3,1,100,157.612800598,671744,4.26198885783,524288,2909,true,1
fp16,4,64,16,64,4096,optimized_fused,3,2,100,129.100799561,671744,5.20325205023,524288,2909,true,1
fp16,4,64,16,64,4096,warp32_transform,3,3,100,87.8015995026,1048576,11.9425614788,524288,2909,true,1
fp16,4,64,16,64,4096,warp32_split,3,4,100,234.598407745,1720320,7.33304209749,524288,2909,true,1
fp16,4,64,16,64,4096,warp32_fused,3,5,100,143.8463974,671744,4.66987016806,524288,2909,true,1
fp16,4,64,16,64,4096,baseline_transform,3,6,100,165.203208923,1048576,6.34718905785,524288,2909,true,1
fp16,4,64,16,64,4096,optimized_transform,3,7,100,161.695995331,1048576,6.48486066618,524288,2909,true,1
fp16,4,64,16,64,4096,baseline_split,3,8,100,306.988792419,1720320,5.60385278707,524288,2909,true,1
fp16,4,64,16,64,4096,baseline_fused,4,0,100,157.580795288,671744,4.26285448536,524288,2909,true,1
fp16,4,64,16,64,4096,optimized_fused,4,1,100,128.838396072,671744,5.21384944611,524288,2909,true,1
fp16,4,64,16,64,4096,warp32_transform,4,2,100,88.1087970734,1048576,11.9009228911,524288,2909,true,1
fp16,4,64,16,64,4096,warp32_split,4,3,100,234.38079834,1720320,7.33985041516,524288,2909,true,1
fp16,4,64,16,64,4096,warp32_fused,4,4,100,142.77759552,671744,4.70482779566,524288,2909,true,1
fp16,4,64,16,64,4096,baseline_transform,4,5,100,165.190391541,1048576,6.34768154625,524288,2909,true,1
fp16,4,64,16,64,4096,optimized_transform,4,6,100,161.913604736,1048576,6.47614511274,524288,2909,true,1
fp16,4,64,16,64,4096,baseline_split,4,7,100,307.05280304,1720320,5.60268456425,524288,2909,true,1
fp16,4,64,16,64,4096,optimized_split,4,8,100,279.206409454,1720320,6.16146313891,524288,2909,true,1
fp16,16,64,16,64,16384,baseline_transform,0,0,100,462.04158783,4194304,9.07776293407,2097152,2909,true,1
fp16,16,64,16,64,16384,optimized_transform,0,1,100,462.086410522,4194304,9.07688238496,2097152,2909,true,1
fp16,16,64,16,64,16384,baseline_split,0,2,100,974.694366455,6881280,7.05993615725,2097152,2909,true,1
fp16,16,64,16,64,16384,optimized_split,0,3,100,905.523223877,6881280,7.59923082982,2097152,2909,true,1
fp16,16,64,16,64,16384,baseline_fused,0,4,100,563.129615784,2686976,4.77150539536,2097152,2909,true,1
fp16,16,64,16,64,16384,optimized_fused,0,5,100,475.756797791,2686976,5.64779318441,2097152,2909,true,1
fp16,16,64,16,64,16384,warp32_transform,0,6,100,344.876785278,4194304,12.1617463948,2097152,2909,true,1
fp16,16,64,16,64,16384,warp32_split,0,7,100,840.953598022,6881280,8.18271069436,2097152,2909,true,1
fp16,16,64,16,64,16384,warp32_fused,0,8,100,524.492797852,2686976,5.12299884957,2097152,2909,true,1
fp16,16,64,16,64,16384,optimized_transform,1,0,100,462.636795044,4194304,9.06608390196,2097152,2909,true,1
fp16,16,64,16,64,16384,baseline_split,1,1,100,973.24798584,6881280,7.0704281952,2097152,2909,true,1
fp16,16,64,16,64,16384,optimized_split,1,2,100,907.251205444,6881280,7.58475707578,2097152,2909,true,1
fp16,16,64,16,64,16384,baseline_fused,1,3,100,562.854385376,2686976,4.77383861584,2097152,2909,true,1
fp16,16,64,16,64,16384,optimized_fused,1,4,100,476.48639679,2686976,5.6391452476,2097152,2909,true,1
fp16,16,64,16,64,16384,warp32_transform,1,5,100,341.222381592,4194304,12.2919955615,2097152,2909,true,1
fp16,16,64,16,64,16384,warp32_split,1,6,100,840.838394165,6881280,8.18383181329,2097152,2909,true,1
fp16,16,64,16,64,16384,warp32_fused,1,7,100,529.395217896,2686976,5.07555774811,2097152,2909,true,1
fp16,16,64,16,64,16384,baseline_transform,1,8,100,464.691200256,4194304,9.02600263936,2097152,2909,true,1
fp16,16,64,16,64,16384,baseline_split,2,0,100,973.728027344,6881280,7.06694252067,2097152,2909,true,1
fp16,16,64,16,64,16384,optimized_split,2,1,100,904.095993042,6881280,7.6112271849,2097152,2909,true,1
fp16,16,64,16,64,16384,baseline_fused,2,2,100,562.38079071,2686976,4.77785878249,2097152,2909,true,1
fp16,16,64,16,64,16384,optimized_fused,2,3,100,474.451217651,2686976,5.66333460646,2097152,2909,true,1
fp16,16,64,16,64,16384,warp32_transform,2,4,100,339.526405334,4194304,12.3533955949,2097152,2909,true,1
fp16,16,64,16,64,16384,warp32_split,2,5,100,834.009628296,6881280,8.25083999817,2097152,2909,true,1
fp16,16,64,16,64,16384,warp32_fused,2,6,100,526.700782776,2686976,5.10152270107,2097152,2909,true,1
fp16,16,64,16,64,16384,baseline_transform,2,7,100,461.433601379,4194304,9.08972382475,2097152,2909,true,1
fp16,16,64,16,64,16384,optimized_transform,2,8,100,462.572784424,4194304,9.06733846269,2097152,2909,true,1
fp16,16,64,16,64,16384,optimized_split,3,0,100,903.097610474,6881280,7.61964146532,2097152,2909,true,1
fp16,16,64,16,64,16384,baseline_fused,3,1,100,562.092781067,2686976,4.7803069004,2097152,2909,true,1
fp16,16,64,16,64,16384,optimized_fused,3,2,100,475.999984741,2686976,5.64490774398,2097152,2909,true,1
fp16,16,64,16,64,16384,warp32_transform,3,3,100,339.199981689,4194304,12.3652836864,2097152,2909,true,1
fp16,16,64,16,64,16384,warp32_split,3,4,100,835.219192505,6881280,8.23889113391,2097152,2909,true,1
fp16,16,64,16,64,16384,warp32_fused,3,5,100,525.792007446,2686976,5.1103401382,2097152,2909,true,1
fp16,16,64,16,64,16384,baseline_transform,3,6,100,462.086410522,4194304,9.07688238496,2097152,2909,true,1
fp16,16,64,16,64,16384,optimized_transform,3,7,100,462.918395996,4194304,9.06056885248,2097152,2909,true,1
fp16,16,64,16,64,16384,baseline_split,3,8,100,970.476837158,6881280,7.09061745374,2097152,2909,true,1
fp16,16,64,16,64,16384,baseline_fused,4,0,100,561.216011047,2686976,4.78777502264,2097152,2909,true,1
fp16,16,64,16,64,16384,optimized_fused,4,1,100,475.769615173,2686976,5.64764103109,2097152,2909,true,1
fp16,16,64,16,64,16384,warp32_transform,4,2,100,344.422416687,4194304,12.1777904015,2097152,2909,true,1
fp16,16,64,16,64,16384,warp32_split,4,3,100,842.982406616,6881280,8.16301733701,2097152,2909,true,1
fp16,16,64,16,64,16384,warp32_fused,4,4,100,524.364814758,2686976,5.12424923331,2097152,2909,true,1
fp16,16,64,16,64,16384,baseline_transform,4,5,100,465.312004089,4194304,9.01396044619,2097152,2909,true,1
fp16,16,64,16,64,16384,optimized_transform,4,6,100,461.612815857,4194304,9.08619487137,2097152,2909,true,1
fp16,16,64,16,64,16384,baseline_split,4,7,100,973.011169434,6881280,7.07214903196,2097152,2909,true,1
fp16,16,64,16,64,16384,optimized_split,4,8,100,902.483215332,6881280,7.62482878695,2097152,2909,true,1
fp16,1,1,1,128,1,baseline_transform,0,0,100,16.198400259,512,0.0316080595499,256,2909,true,1
fp16,1,1,1,128,1,optimized_transform,0,1,100,16.0831999779,512,0.0318344608476,256,2909,true,1
fp16,1,1,1,128,1,baseline_split,0,2,100,41.273598671,836,0.0202550789589,256,2909,true,1
fp16,1,1,1,128,1,optimized_split,0,3,100,31.7504000664,836,0.0263303768851,256,2909,true,1
fp16,1,1,1,128,1,baseline_fused,0,4,100,27.910399437,324,0.0116085762489,256,2909,true,1
fp16,1,1,1,128,1,optimized_fused,0,5,100,18.5471999645,324,0.0174689441328,256,2909,true,1
fp16,1,1,1,128,1,warp32_transform,0,6,100,15.2831995487,512,0.0335008385101,256,2909,true,1
fp16,1,1,1,128,1,warp32_split,0,7,100,30.0864005089,836,0.0277866406702,256,2909,true,1
fp16,1,1,1,128,1,warp32_fused,0,8,100,15.513600111,324,0.0208849008407,256,2909,true,1
fp16,1,1,1,128,1,optimized_transform,1,0,100,16.031999588,512,0.0319361285652,256,2909,true,1
fp16,1,1,1,128,1,baseline_split,1,1,100,41.2928009033,836,0.0202456598175,256,2909,true,1
fp16,1,1,1,128,1,optimized_split,1,2,100,31.8847990036,836,0.0262193906226,256,2909,true,1
fp16,1,1,1,128,1,baseline_fused,1,3,100,27.9040002823,324,0.0116112384146,256,2909,true,1
fp16,1,1,1,128,1,optimized_fused,1,4,100,18.48960042,324,0.0175233640879,256,2909,true,1
fp16,1,1,1,128,1,warp32_transform,1,5,100,15.2639997005,512,0.0335429775973,256,2909,true,1
fp16,1,1,1,128,1,warp32_split,1,6,100,30.1119995117,836,0.0277630185161,256,2909,true,1
fp16,1,1,1,128,1,warp32_fused,1,7,100,15.5263996124,324,0.0208676839504,256,2909,true,1
fp16,1,1,1,128,1,baseline_transform,1,8,100,16.2240004539,512,0.0315581845213,256,2909,true,1
fp16,1,1,1,128,1,baseline_split,2,0,100,41.2864017487,836,0.0202487977782,256,2909,true,1
fp16,1,1,1,128,1,optimized_split,2,1,100,31.8847990036,836,0.0262193906226,256,2909,true,1
fp16,1,1,1,128,1,baseline_fused,2,2,100,27.9487991333,324,0.0115926268765,256,2909,true,1
fp16,1,1,1,128,1,optimized_fused,2,3,100,18.3871996403,324,0.0176209540517,256,2909,true,1
fp16,1,1,1,128,1,warp32_transform,2,4,100,15.2447998524,512,0.0335852228273,256,2909,true,1
fp16,1,1,1,128,1,warp32_split,2,5,100,30.0607991219,836,0.0278103052621,256,2909,true,1
fp16,1,1,1,128,1,warp32_fused,2,6,100,15.5071997643,324,0.0208935207469,256,2909,true,1
fp16,1,1,1,128,1,baseline_transform,2,7,100,16.1536002159,512,0.031695720654,256,2909,true,1
fp16,1,1,1,128,1,optimized_transform,2,8,100,16.0704004765,512,0.0318598158615,256,2909,true,1
fp16,1,1,1,128,1,optimized_split,3,0,100,31.8720006943,836,0.0262299191073,256,2909,true,1
fp16,1,1,1,128,1,baseline_fused,3,1,100,27.936000824,324,0.0115979378022,256,2909,true,1
fp16,1,1,1,128,1,optimized_fused,3,2,100,18.4319996834,324,0.017578125302,256,2909,true,1
fp16,1,1,1,128,1,warp32_transform,3,3,100,15.1935994625,512,0.0336984005182,256,2909,true,1
fp16,1,1,1,128,1,warp32_split,3,4,100,30.0735998154,836,0.0277984679298,256,2909,true,1
fp16,1,1,1,128,1,warp32_fused,3,5,100,15.443199873,324,0.0209801079223,256,2909,true,1
fp16,1,1,1,128,1,baseline_transform,3,6,100,16.2047994137,512,0.0315955777625,256,2909,true,1
fp16,1,1,1,128,1,optimized_transform,3,7,100,16.0575997829,512,0.0318852136634,256,2909,true,1
fp16,1,1,1,128,1,baseline_split,3,8,100,41.2799978256,836,0.0202519390512,256,2909,true,1
fp16,1,1,1,128,1,baseline_fused,4,0,100,27.8976011276,324,0.0116139018017,256,2909,true,1
fp16,1,1,1,128,1,optimized_fused,4,1,100,18.4959995747,324,0.0175173014409,256,2909,true,1
fp16,1,1,1,128,1,warp32_transform,4,2,100,15.2831995487,512,0.0335008385101,256,2909,true,1
fp16,1,1,1,128,1,warp32_split,4,3,100,30.2080011368,836,0.0276747870941,256,2909,true,1
fp16,1,1,1,128,1,warp32_fused,4,4,100,15.5007994175,324,0.0209021477714,256,2909,true,1
fp16,1,1,1,128,1,baseline_transform,4,5,100,16.2303996086,512,0.0315457420856,256,2909,true,1
fp16,1,1,1,128,1,optimized_transform,4,6,100,15.9487998486,512,0.0321027290368,256,2909,true,1
fp16,1,1,1,128,1,baseline_split,4,7,100,41.2864017487,836,0.0202487977782,256,2909,true,1
fp16,1,1,1,128,1,optimized_split,4,8,100,31.8912005424,836,0.0262141275894,256,2909,true,1
fp16,1,17,1,128,17,baseline_transform,0,0,100,18.3679997921,8704,0.473867601182,4352,2909,true,1
fp16,1,17,1,128,17,optimized_transform,0,1,100,18.252799511,8704,0.476858357797,4352,2909,true,1
fp16,1,17,1,128,17,baseline_split,0,2,100,44.7359991074,14212,0.31768598631,4352,2909,true,1
fp16,1,17,1,128,17,optimized_split,0,3,100,35.6031990051,14212,0.399177613168,4352,2909,true,1
fp16,1,17,1,128,17,baseline_fused,0,4,100,29.4079995155,5508,0.18729597697,4352,2909,true,1
fp16,1,17,1,128,17,optimized_fused,0,5,100,19.9103999138,5508,0.27663934546,4352,2909,true,1
fp16,1,17,1,128,17,warp32_transform,0,6,100,20.3327989578,8704,0.428076823956,4352,2909,true,1
fp16,1,17,1,128,17,warp32_split,0,7,100,37.5359988213,14212,0.378623200296,4352,2909,true,1
fp16,1,17,1,128,17,warp32_fused,0,8,100,18.2400000095,5508,0.301973684053,4352,2909,true,1
fp16,1,17,1,128,17,optimized_transform,1,0,100,18.2272005081,8704,0.477528076576,4352,2909,true,1
fp16,1,17,1,128,17,baseline_split,1,1,100,44.7359991074,14212,0.31768598631,4352,2909,true,1
fp16,1,17,1,128,17,optimized_split,1,2,100,35.4751992226,14212,0.400617905225,4352,2909,true,1
fp16,1,17,1,128,17,baseline_fused,1,3,100,29.4016003609,5508,0.187336741279,4352,2909,true,1
fp16,1,17,1,128,17,optimized_fused,1,4,100,19.9103999138,5508,0.27663934546,4352,2909,true,1
fp16,1,17,1,128,17,warp32_transform,1,5,100,20.2880001068,8704,0.42902207976,4352,2909,true,1
fp16,1,17,1,128,17,warp32_split,1,6,100,37.401599884,14212,0.379983745189,4352,2909,true,1
fp16,1,17,1,128,17,warp32_fused,1,7,100,18.2272005081,5508,0.302185735958,4352,2909,true,1
fp16,1,17,1,128,17,baseline_transform,1,8,100,18.2848000526,8704,0.47602379982,4352,2909,true,1
fp16,1,17,1,128,17,baseline_split,2,0,100,44.742398262,14212,0.317640550173,4352,2909,true,1
fp16,1,17,1,128,17,optimized_split,2,1,100,35.6223988533,14212,0.398962463436,4352,2909,true,1
fp16,1,17,1,128,17,baseline_fused,2,2,100,29.3440008163,5508,0.18770446588,4352,2909,true,1
fp16,1,17,1,128,17,optimized_fused,2,3,100,19.9616003036,5508,0.27592978099,4352,2909,true,1
fp16,1,17,1,128,17,warp32_transform,2,4,100,20.0832009315,8704,0.433397048093,4352,2909,true,1
fp16,1,17,1,128,17,warp32_split,2,5,100,37.331199646,14212,0.380700329343,4352,2909,true,1
fp16,1,17,1,128,17,warp32_fused,2,6,100,18.0991995335,5508,0.304322850843,4352,2909,true,1
fp16,1,17,1,128,17,baseline_transform,2,7,100,18.3744001389,8704,0.473702539088,4352,2909,true,1
fp16,1,17,1,128,17,optimized_transform,2,8,100,18.2016003132,8704,0.478199710478,4352,2909,true,1
fp16,1,17,1,128,17,optimized_split,3,0,100,35.6223988533,14212,0.398962463436,4352,2909,true,1
fp16,1,17,1,128,17,baseline_fused,3,1,100,29.3440008163,5508,0.18770446588,4352,2909,true,1
fp16,1,17,1,128,17,optimized_fused,3,2,100,19.9616003036,5508,0.27592978099,4352,2909,true,1
fp16,1,17,1,128,17,warp32_transform,3,3,100,20.1279997826,8704,0.432432437104,4352,2909,true,1
fp16,1,17,1,128,17,warp32_split,3,4,100,37.4591994286,14212,0.37939945906,4352,2909,true,1
fp16,1,17,1,128,17,warp32_fused,3,5,100,18.1376004219,5508,0.30367853916,4352,2909,true,1
fp16,1,17,1,128,17,baseline_transform,3,6,100,18.3679997921,8704,0.473867601182,4352,2909,true,1
fp16,1,17,1,128,17,optimized_transform,3,7,100,18.2016003132,8704,0.478199710478,4352,2909,true,1
fp16,1,17,1,128,17,baseline_split,3,8,100,44.7295999527,14212,0.317731435448,4352,2909,true,1
fp16,1,17,1,128,17,baseline_fused,4,0,100,29.395198822,5508,0.187377538534,4352,2909,true,1
fp16,1,17,1,128,17,optimized_fused,4,1,100,19.903999567,5508,0.27672830184,4352,2909,true,1
fp16,1,17,1,128,17,warp32_transform,4,2,100,20.3327989578,8704,0.428076823956,4352,2909,true,1
fp16,1,17,1,128,17,warp32_split,4,3,100,37.3952007294,14212,0.380048768901,4352,2909,true,1
fp16,1,17,1,128,17,warp32_fused,4,4,100,18.2335996628,5508,0.302079682666,4352,2909,true,1
fp16,1,17,1,128,17,baseline_transform,4,5,100,18.2848000526,8704,0.47602379982,4352,2909,true,1
fp16,1,17,1,128,17,optimized_transform,4,6,100,18.2783997059,8704,0.476190483853,4352,2909,true,1
fp16,1,17,1,128,17,baseline_split,4,7,100,44.742398262,14212,0.317640550173,4352,2909,true,1
fp16,1,17,1,128,17,optimized_split,4,8,100,35.6159996986,14212,0.399034145335,4352,2909,true,1
fp16,1,257,1,128,257,baseline_transform,0,0,100,43.4880018234,131584,3.02575410418,65792,2909,true,1
fp16,1,257,1,128,257,optimized_transform,0,1,100,43.3215999603,131584,3.03737627697,65792,2909,true,1
fp16,1,257,1,128,257,baseline_split,0,2,100,104.102401733,214852,2.06385248008,65792,2909,true,1
fp16,1,257,1,128,257,optimized_split,0,3,100,77.7983999252,214852,2.76165062786,65792,2909,true,1
fp16,1,257,1,128,257,baseline_fused,0,4,100,69.4144010544,83268,1.19957816728,65792,2909,true,1
fp16,1,257,1,128,257,optimized_fused,0,5,100,38.9120006561,83268,2.13990539155,65792,2909,true,1
fp16,1,257,1,128,257,warp32_transform,0,6,100,25.5360007286,131584,5.15288205849,65792,2909,true,1
fp16,1,257,1,128,257,warp32_split,0,7,100,53.5487985611,214852,4.0122655554,65792,2909,true,1
fp16,1,257,1,128,257,warp32_fused,0,8,100,25.5232000351,83268,3.26244357626,65792,2909,true,1
fp16,1,257,1,128,257,optimized_transform,1,0,100,43.308801651,131584,3.03827386083,65792,2909,true,1
fp16,1,257,1,128,257,baseline_split,1,1,100,104.166402817,214852,2.06258442444,65792,2909,true,1
fp16,1,257,1,128,257,optimized_split,1,2,100,77.8879976273,214852,2.75847378987,65792,2909,true,1
fp16,1,257,1,128,257,baseline_fused,1,3,100,69.4080018997,83268,1.19968876384,65792,2909,true,1
fp16,1,257,1,128,257,optimized_fused,1,4,100,38.9120006561,83268,2.13990539155,65792,2909,true,1
fp16,1,257,1,128,257,warp32_transform,1,5,100,25.5679988861,131584,5.14643326551,65792,2909,true,1
fp16,1,257,1,128,257,warp32_split,1,6,100,53.5936021805,214852,4.00891134872,65792,2909,true,1
fp16,1,257,1,128,257,warp32_fused,1,7,100,25.3952002525,83268,3.27888731618,65792,2909,true,1
fp16,1,257,1,128,257,baseline_transform,1,8,100,42.5087976456,131584,3.0954533482,65792,2909,true,1
fp16,1,257,1,128,257,baseline_split,2,0,100,103.865604401,214852,2.06855774094,65792,2909,true,1
fp16,1,257,1,128,257,optimized_split,2,1,100,78.0991983414,214852,2.75101415332,65792,2909,true,1
fp16,1,257,1,128,257,baseline_fused,2,2,100,69.4271993637,83268,1.19935703533,65792,2909,true,1
fp16,1,257,1,128,257,optimized_fused,2,3,100,38.5664010048,83268,2.159081424,65792,2909,true,1
fp16,1,257,1,128,257,warp32_transform,2,4,100,25.4656004906,131584,5.16712731941,65792,2909,true,1
fp16,1,257,1,128,257,warp32_split,2,5,100,55.0207996368,214852,3.90492325481,65792,2909,true,1
fp16,1,257,1,128,257,warp32_fused,2,6,100,28.5888004303,83268,2.91260908981,65792,2909,true,1
fp16,1,257,1,128,257,baseline_transform,2,7,100,43.5391998291,131584,3.02219610182,65792,2909,true,1
fp16,1,257,1,128,257,optimized_transform,2,8,100,43.1807994843,131584,3.04728030911,65792,2909,true,1
fp16,1,257,1,128,257,optimized_split,3,0,100,78.1440019608,214852,2.74943686795,65792,2909,true,1
fp16,1,257,1,128,257,baseline_fused,3,1,100,69.5103979111,83268,1.19792149811,65792,2909,true,1
fp16,1,257,1,128,257,optimized_fused,3,2,100,38.4895992279,83268,2.16338963435,65792,2909,true,1
fp16,1,257,1,128,257,warp32_transform,3,3,100,25.4784011841,131584,5.16453128473,65792,2909,true,1
fp16,1,257,1,128,257,warp32_split,3,4,100,54.9760007858,214852,3.9081052992,65792,2909,true,1
fp16,1,257,1,128,257,warp32_fused,3,5,100,26.7456007004,83268,3.11333444826,65792,2909,true,1
fp16,1,257,1,128,257,baseline_transform,3,6,100,43.4751987457,131584,3.02664516313,65792,2909,true,1
fp16,1,257,1,128,257,optimized_transform,3,7,100,43.283200264,131584,3.04007095588,65792,2909,true,1
fp16,1,257,1,128,257,baseline_split,3,8,100,104.089603424,214852,2.06410624051,65792,2909,true,1
fp16,1,257,1,128,257,baseline_fused,4,0,100,69.4335985184,83268,1.19924649992,65792,2909,true,1
fp16,1,257,1,128,257,optimized_fused,4,1,100,38.9824008942,83268,2.13604083099,65792,2909,true,1
fp16,1,257,1,128,257,warp32_transform,4,2,100,25.6575989723,131584,5.12846116825,65792,2909,true,1
fp16,1,257,1,128,257,warp32_split,4,3,100,53.7215995789,214852,3.99935969302,65792,2909,true,1
fp16,1,257,1,128,257,warp32_fused,4,4,100,25.4015994072,83268,3.27806130099,65792,2909,true,1
fp16,1,257,1,128,257,baseline_transform,4,5,100,43.0208015442,131584,3.0586133981,65792,2909,true,1
fp16,1,257,1,128,257,optimized_transform,4,6,100,43.1616020203,131584,3.04863568174,65792,2909,true,1
fp16,1,257,1,128,257,baseline_split,4,7,100,103.852796555,214852,2.0688128498,65792,2909,true,1
fp16,1,257,1,128,257,optimized_split,4,8,100,78.2847976685,214852,2.74449198821,65792,2909,true,1
fp16,4,64,16,128,4096,baseline_transform,0,0,100,230.048007965,2097152,9.11614935748,1048576,2909,true,1
fp16,4,64,16,128,4096,optimized_transform,0,1,100,237.113609314,2097152,8.84450287804,1048576,2909,true,1
fp16,4,64,16,128,4096,baseline_split,0,2,100,427.321586609,3424256,8.01329983625,1048576,2909,true,1
fp16,4,64,16,128,4096,optimized_split,0,3,100,403.014411926,3424256,8.49660929899,1048576,2909,true,1
fp16,4,64,16,128,4096,baseline_fused,0,4,100,209.599990845,1327104,6.33160333,1048576,2909,true,1
fp16,4,64,16,128,4096,optimized_fused,0,5,100,175.782394409,1327104,7.54969804832,1048576,2909,true,1
fp16,4,64,16,128,4096,warp32_transform,0,6,100,141.196804047,2097152,14.8526874539,1048576,2909,true,1
fp16,4,64,16,128,4096,warp32_split,0,7,100,318.97600174,3424256,10.7351524294,1048576,2909,true,1
fp16,4,64,16,128,4096,warp32_fused,0,8,100,178.329601288,1327104,7.44186041137,1048576,2909,true,1
fp16,4,64,16,128,4096,optimized_transform,1,0,100,237.280006409,2097152,8.83830050303,1048576,2909,true,1
fp16,4,64,16,128,4096,baseline_split,1,1,100,428.390388489,3424256,7.99330725435,1048576,2909,true,1
fp16,4,64,16,128,4096,optimized_split,1,2,100,402.393608093,3424256,8.50971767724,1048576,2909,true,1
fp16,4,64,16,128,4096,baseline_fused,1,3,100,209.657592773,1327104,6.32986376713,1048576,2909,true,1
fp16,4,64,16,128,4096,optimized_fused,1,4,100,175.123195648,1327104,7.57811662292,1048576,2909,true,1
fp16,4,64,16,128,4096,warp32_transform,1,5,100,141.471996307,2097152,14.8237959083,1048576,2909,true,1
fp16,4,64,16,128,4096,warp32_split,1,6,100,319.020805359,3424256,10.7336447733,1048576,2909,true,1
fp16,4,64,16,128,4096,warp32_fused,1,7,100,176.928005219,1327104,7.50081366916,1048576,2909,true,1
fp16,4,64,16,128,4096,baseline_transform,1,8,100,229.990406036,2097152,9.11843253004,1048576,2909,true,1
fp16,4,64,16,128,4096,baseline_split,2,0,100,428.134384155,3424256,7.99808687816,1048576,2909,true,1
fp16,4,64,16,128,4096,optimized_split,2,1,100,401.907196045,3424256,8.52001664488,1048576,2909,true,1
fp16,4,64,16,128,4096,baseline_fused,2,2,100,209.657592773,1327104,6.32986376713,1048576,2909,true,1
fp16,4,64,16,128,4096,optimized_fused,2,3,100,175.321598053,1327104,7.56954085942,1048576,2909,true,1
fp16,4,64,16,128,4096,warp32_transform,2,4,100,140.435199738,2097152,14.9332361397,1048576,2909,true,1
fp16,4,64,16,128,4096,warp32_split,2,5,100,318.297595978,3424256,10.7580328701,1048576,2909,true,1
fp16,4,64,16,128,4096,warp32_fused,2,6,100,177.139205933,1327104,7.491870549,1048576,2909,true,1
fp16,4,64,16,128,4096,baseline_transform,2,7,100,229.683208466,2097152,9.13062828585,1048576,2909,true,1
fp16,4,64,16,128,4096,optimized_transform,2,8,100,237.728004456,2097152,8.82164473976,1048576,2909,true,1
fp16,4,64,16,128,4096,optimized_split,3,0,100,402.278404236,3424256,8.51215467682,1048576,2909,true,1
fp16,4,64,16,128,4096,baseline_fused,3,1,100,209.260807037,1327104,6.34186601298,1048576,2909,true,1
fp16,4,64,16,128,4096,optimized_fused,3,2,100,175.820808411,1327104,7.54804856147,1048576,2909,true,1
fp16,4,64,16,128,4096,warp32_transform,3,3,100,140.595197678,2097152,14.9162420527,1048576,2909,true,1
fp16,4,64,16,128,4096,warp32_split,3,4,100,317.83039093,3424256,10.7738469879,1048576,2909,true,1
fp16,4,64,16,128,4096,warp32_fused,3,5,100,177.164802551,1327104,7.49078812997,1048576,2909,true,1
fp16,4,64,16,128,4096,baseline_transform,3,6,100,227.833595276,2097152,9.20475313336,1048576,2909,true,1
fp16,4,64,16,128,4096,optimized_transform,3,7,100,236.128005981,2097152,8.88142002167,1048576,2909,true,1
fp16,4,64,16,128,4096,baseline_split,3,8,100,428.268814087,3424256,7.99557634683,1048576,2909,true,1
fp16,4,64,16,128,4096,baseline_fused,4,0,100,209.708805084,1327104,6.32831797152,1048576,2909,true,1
fp16,4,64,16,128,4096,optimized_fused,4,1,100,175.200004578,1327104,7.57479432263,1048576,2909,true,1
fp16,4,64,16,128,4096,warp32_transform,4,2,100,141.209602356,2097152,14.8513413041,1048576,2909,true,1
fp16,4,64,16,128,4096,warp32_split,4,3,100,318.892803192,3424256,10.737953211,1048576,2909,true,1
fp16,4,64,16,128,4096,warp32_fused,4,4,100,176.947193146,1327104,7.50000029052,1048576,2909,true,1
fp16,4,64,16,128,4096,baseline_transform,4,5,100,230.841598511,2097152,9.08480972896,1048576,2909,true,1
fp16,4,64,16,128,4096,optimized_transform,4,6,100,236.672000885,2097152,8.86100591603,1048576,2909,true,1
fp16,4,64,16,128,4096,baseline_split,4,7,100,429.183998108,3424256,7.97852672769,1048576,2909,true,1
fp16,4,64,16,128,4096,optimized_split,4,8,100,401.478385925,3424256,8.52911668484,1048576,2909,true,1
fp16,16,64,16,128,16384,baseline_transform,0,0,100,833.331222534,8388608,10.0663550977,4194304,2909,true,1
fp16,16,64,16,128,16384,optimized_transform,0,1,100,872.134399414,8388608,9.61848082777,4194304,2909,true,1
fp16,16,64,16,128,16384,baseline_split,0,2,100,1547.58407593,13697024,8.85058473595,4194304,2909,true,1
fp16,16,64,16,128,16384,optimized_split,0,3,100,1469.58724976,13697024,9.32032038402,4194304,2909,true,1
fp16,16,64,16,128,16384,baseline_fused,0,4,100,731.891174316,5308416,7.25301272414,4194304,2909,true,1
fp16,16,64,16,128,16384,optimized_fused,0,5,100,638.041610718,5308416,8.31985862807,4194304,2909,true,1
fp16,16,64,16,128,16384,warp32_transform,0,6,100,545.107192993,8388608,15.3889145251,4194304,2909,true,1
fp16,16,64,16,128,16384,warp32_split,0,7,100,1260.076828,13697024,10.8699911748,4194304,2909,true,1
fp16,16,64,16,128,16384,warp32_fused,0,8,100,715.628814697,5308416,7.41783434509,4194304,2909,true,1
fp16,16,64,16,128,16384,optimized_transform,1,0,100,873.190383911,8388608,9.60684880934,4194304,2909,true,1
fp16,16,64,16,128,16384,baseline_split,1,1,100,1547.23846436,13697024,8.85256171918,4194304,2909,true,1
fp16,16,64,16,128,16384,optimized_split,1,2,100,1469.10079956,13697024,9.32340653827,4194304,2909,true,1
fp16,16,64,16,128,16384,baseline_fused,1,3,100,731.744003296,5308416,7.25447147649,4194304,2909,true,1
fp16,16,64,16,128,16384,optimized_fused,1,4,100,637.913589478,5308416,8.32152831914,4194304,2909,true,1
fp16,16,64,16,128,16384,warp32_transform,1,5,100,544.659194946,8388608,15.4015723554,4194304,2909,true,1
fp16,16,64,16,128,16384,warp32_split,1,6,100,1259.02076721,13697024,10.8791088731,4194304,2909,true,1
fp16,16,64,16,128,16384,warp32_fused,1,7,100,725.439987183,5308416,7.31751225986,4194304,2909,true,1
fp16,16,64,16,128,16384,baseline_transform,1,8,100,833.70880127,8388608,10.0617961418,4194304,2909,true,1
fp16,16,64,16,128,16384,baseline_split,2,0,100,1547.76321411,13697024,8.84956036887,4194304,2909,true,1
fp16,16,64,16,128,16384,optimized_split,2,1,100,1469.48486328,13697024,9.32096977809,4194304,2909,true,1
fp16,16,64,16,128,16384,baseline_fused,2,2,100,732.531204224,5308416,7.2466755947,4194304,2909,true,1
fp16,16,64,16,128,16384,optimized_fused,2,3,100,638.124809265,5308416,8.31877388706,4194304,2909,true,1
fp16,16,64,16,128,16384,warp32_transform,2,4,100,544.480018616,8388608,15.4066406722,4194304,2909,true,1
fp16,16,64,16,128,16384,warp32_split,2,5,100,1262.43843079,13697024,10.8496570335,4194304,2909,true,1
fp16,16,64,16,128,16384,warp32_fused,2,6,100,725.318374634,5308416,7.31873917117,4194304,2909,true,1
fp16,16,64,16,128,16384,baseline_transform,2,7,100,832.057571411,8388608,10.0817639166,4194304,2909,true,1
fp16,16,64,16,128,16384,optimized_transform,2,8,100,872.716827393,8388608,9.61206170971,4194304,2909,true,1
fp16,16,64,16,128,16384,optimized_split,3,0,100,1469.24804688,13697024,9.32247215107,4194304,2909,true,1
fp16,16,64,16,128,16384,baseline_fused,3,1,100,731.30241394,5308416,7.25885201362,4194304,2909,true,1
fp16,16,64,16,128,16384,optimized_fused,3,2,100,638.854408264,5308416,8.30927349226,4194304,2909,true,1
fp16,16,64,16,128,16384,warp32_transform,3,3,100,542.387199402,8388608,15.4660877123,4194304,2909,true,1
fp16,16,64,16,128,16384,warp32_split,3,4,100,1255.96801758,13697024,10.9055515812,4194304,2909,true,1
fp16,16,64,16,128,16384,warp32_fused,3,5,100,716.755218506,5308416,7.40617698057,4194304,2909,true,1
fp16,16,64,16,128,16384,baseline_transform,3,6,100,831.11038208,8388608,10.0932537733,4194304,2909,true,1
fp16,16,64,16,128,16384,optimized_transform,3,7,100,872.710418701,8388608,9.61213229525,4194304,2909,true,1
fp16,16,64,16,128,16384,baseline_split,3,8,100,1547.60955811,13697024,8.85043900657,4194304,2909,true,1
fp16,16,64,16,128,16384,baseline_fused,4,0,100,732.492828369,5308416,7.24705525352,4194304,2909,true,1
fp16,16,64,16,128,16384,optimized_fused,4,1,100,638.502388,5308416,8.31385457559,4194304,2909,true,1
fp16,16,64,16,128,16384,warp32_transform,4,2,100,544.390411377,8388608,15.4091766216,4194304,2909,true,1
fp16,16,64,16,128,16384,warp32_split,4,3,100,1260.17921448,13697024,10.8691080147,4194304,2909,true,1
fp16,16,64,16,128,16384,warp32_fused,4,4,100,717.222366333,5308416,7.40135312168,4194304,2909,true,1
fp16,16,64,16,128,16384,baseline_transform,4,5,100,833.98399353,8388608,10.05847602,4194304,2909,true,1
fp16,16,64,16,128,16384,optimized_transform,4,6,100,872.870407104,8388608,9.61037048767,4194304,2909,true,1
fp16,16,64,16,128,16384,baseline_split,4,7,100,1548.01925659,13697024,8.84809665104,4194304,2909,true,1
fp16,16,64,16,128,16384,optimized_split,4,8,100,1466.98242188,13697024,9.3368698873,4194304,2909,true,1
fp16,1,1,1,256,1,baseline_transform,0,0,100,17.8944003582,1024,0.0572246054353,512,2909,true,1
fp16,1,1,1,256,1,optimized_transform,0,1,100,17.5616002083,1024,0.0583090372093,512,2909,true,1
fp16,1,1,1,256,1,baseline_split,0,2,100,54.1695976257,1668,0.0307921799886,512,2909,true,1
fp16,1,1,1,256,1,optimized_split,0,3,100,33.7983989716,1668,0.049351450091,512,2909,true,1
fp16,1,1,1,256,1,baseline_fused,0,4,100,39.7056007385,644,0.0162193742954,512,2909,true,1
fp16,1,1,1,256,1,optimized_fused,0,5,100,19.2511999607,644,0.0334524601747,512,2909,true,1
fp16,1,1,1,256,1,warp32_transform,0,6,100,16.1088001728,1024,0.0635677386904,512,2909,true,1
fp16,1,1,1,256,1,warp32_split,0,7,100,31.9039988518,1668,0.0522818474182,512,2909,true,1
fp16,1,1,1,256,1,warp32_fused,0,8,100,17.3888003826,644,0.0370353322731,512,2909,true,1
fp16,1,1,1,256,1,optimized_transform,1,0,100,17.5232005119,1024,0.0584368134864,512,2909,true,1
fp16,1,1,1,256,1,baseline_split,1,1,100,54.1760015488,1668,0.0307885401712,512,2909,true,1
fp16,1,1,1,256,1,optimized_split,1,2,100,33.8048005104,1668,0.0493421045182,512,2909,true,1
fp16,1,1,1,256,1,baseline_fused,1,3,100,39.6799993515,644,0.0162298389749,512,2909,true,1
fp16,1,1,1,256,1,optimized_fused,1,4,100,19.2320001125,644,0.0334858567092,512,2909,true,1
fp16,1,1,1,256,1,warp32_transform,1,5,100,16.0640001297,1024,0.0637450194056,512,2909,true,1
fp16,1,1,1,256,1,warp32_split,1,6,100,32.0255994797,1668,0.0520833341795,512,2909,true,1
fp16,1,1,1,256,1,warp32_fused,1,7,100,17.3696005344,644,0.0370762700457,512,2909,true,1
fp16,1,1,1,256,1,baseline_transform,1,8,100,17.9519999027,1024,0.0570409985266,512,2909,true,1
fp16,1,1,1,256,1,baseline_split,2,0,100,54.1504001617,1668,0.0308030964687,512,2909,true,1
fp16,1,1,1,256,1,optimized_split,2,1,100,33.7919998169,1668,0.049360795722,512,2909,true,1
fp16,1,1,1,256,1,baseline_fused,2,2,100,39.8144006729,644,0.016175051969,512,2909,true,1
fp16,1,1,1,256,1,optimized_fused,2,3,100,19.1424000263,644,0.0336425944038,512,2909,true,1
fp16,1,1,1,256,1,warp32_transform,2,4,100,16.1728000641,1024,0.0633161849489,512,2909,true,1
fp16,1,1,1,256,1,warp32_split,2,5,100,31.9359993935,1668,0.0522294599098,512,2909,true,1
fp16,1,1,1,256,1,warp32_fused,2,6,100,17.4336004257,644,0.0369401606251,512,2909,true,1
fp16,1,1,1,256,1,baseline_transform,2,7,100,17.8944003582,1024,0.0572246054353,512,2909,true,1
fp16,1,1,1,256,1,optimized_transform,2,8,100,17.5232005119,1024,0.0584368134864,512,2909,true,1
fp16,1,1,1,256,1,optimized_split,3,0,100,33.7983989716,1668,0.049351450091,512,2909,true,1
fp16,1,1,1,256,1,baseline_fused,3,1,100,39.8015999794,644,0.0161802540685,512,2909,true,1
fp16,1,1,1,256,1,optimized_fused,3,2,100,19.1167998314,644,0.0336876467652,512,2909,true,1
fp16,1,1,1,256,1,warp32_transform,3,3,100,16.1728000641,1024,0.0633161849489,512,2909,true,1
fp16,1,1,1,256,1,warp32_split,3,4,100,31.9232010841,1668,0.0522503991878,512,2909,true,1
fp16,1,1,1,256,1,warp32_fused,3,5,100,17.3888003826,644,0.0370353322731,512,2909,true,1
fp16,1,1,1,256,1,baseline_transform,3,6,100,17.8944003582,1024,0.0572246054353,512,2909,true,1
fp16,1,1,1,256,1,optimized_transform,3,7,100,17.5103998184,1024,0.0584795327702,512,2909,true,1
fp16,1,1,1,256,1,baseline_split,3,8,100,54.1760015488,1668,0.0307885401712,512,2909,true,1
fp16,1,1,1,256,1,baseline_fused,4,0,100,39.6864008904,644,0.0162272210518,512,2909,true,1
fp16,1,1,1,256,1,optimized_fused,4,1,100,19.2639994621,644,0.0334302334915,512,2909,true,1
fp16,1,1,1,256,1,warp32_transform,4,2,100,16.0640001297,1024,0.0637450194056,512,2909,true,1
fp16,1,1,1,256,1,warp32_split,4,3,100,31.9167995453,1668,0.0522608790281,512,2909,true,1
fp16,1,1,1,256,1,warp32_fused,4,4,100,17.3888003826,644,0.0370353322731,512,2909,true,1
fp16,1,1,1,256,1,baseline_transform,4,5,100,17.9584002495,1024,0.0570206692007,512,2909,true,1
fp16,1,1,1,256,1,optimized_transform,4,6,100,17.4528002739,1024,0.0586725329993,512,2909,true,1
fp16,1,1,1,256,1,baseline_split,4,7,100,54.1440010071,1668,0.0308067370156,512,2909,true,1
fp16,1,1,1,256,1,optimized_split,4,8,100,33.7983989716,1668,0.049351450091,512,2909,true,1
fp16,1,17,1,256,17,baseline_transform,0,0,100,19.8336005211,17408,0.877702461613,8704,2909,true,1
fp16,1,17,1,256,17,optimized_transform,0,1,100,19.3408000469,17408,0.900066179153,8704,2909,true,1
fp16,1,17,1,256,17,baseline_split,0,2,100,57.0368003845,28356,0.497152712088,8704,2909,true,1
fp16,1,17,1,256,17,optimized_split,0,3,100,36.9215989113,28356,0.768005742875,8704,2909,true,1
fp16,1,17,1,256,17,baseline_fused,0,4,100,40.9216022491,10948,0.267535956519,8704,2909,true,1
fp16,1,17,1,256,17,optimized_fused,0,5,100,20.3200006485,10948,0.538779510364,8704,2909,true,1
fp16,1,17,1,256,17,warp32_transform,0,6,100,22.6112008095,17408,0.769883923754,8704,2909,true,1
fp16,1,17,1,256,17,warp32_split,0,7,100,44.1215991974,28356,0.642678427705,8704,2909,true,1
fp16,1,17,1,256,17,warp32_fused,0,8,100,23.4240007401,10948,0.467383865015,8704,2909,true,1
fp16,1,17,1,256,17,optimized_transform,1,0,100,19.2960000038,17408,0.902155887052,8704,2909,true,1
fp16,1,17,1,256,17,baseline_split,1,1,100,57.0431995392,28356,0.497096941074,8704,2909,true,1
fp16,1,17,1,256,17,optimized_split,1,2,100,36.9151997566,28356,0.76813887469,8704,2909,true,1
fp16,1,17,1,256,17,baseline_fused,1,3,100,40.9344005585,10948,0.267452310297,8704,2909,true,1
fp16,1,17,1,256,17,optimized_fused,1,4,100,20.3200006485,10948,0.538779510364,8704,2909,true,1
fp16,1,17,1,256,17,warp32_transform,1,5,100,22.6304006577,17408,0.769230746876,8704,2909,true,1
fp16,1,17,1,256,17,warp32_split,1,6,100,44.2880010605,28356,0.640263712992,8704,2909,true,1
fp16,1,17,1,256,17,warp32_fused,1,7,100,23.4240007401,10948,0.467383865015,8704,2909,true,1
fp16,1,17,1,256,17,baseline_transform,1,8,100,19.7440004349,17408,0.881685555945,8704,2909,true,1
fp16,1,17,1,256,17,baseline_split,2,0,100,57.3184013367,28356,0.494710238575,8704,2909,true,1
fp16,1,17,1,256,17,optimized_split,2,1,100,36.908800602,28356,0.768272052669,8704,2909,true,1
fp16,1,17,1,256,17,baseline_fused,2,2,100,40.8703994751,10948,0.267871127775,8704,2909,true,1
fp16,1,17,1,256,17,optimized_fused,2,3,100,20.3584003448,10948,0.537763272878,8704,2909,true,1
fp16,1,17,1,256,17,warp32_transform,2,4,100,22.4575996399,17408,0.775149627705,8704,2909,true,1
fp16,1,17,1,256,17,warp32_split,2,5,100,44.0895986557,28356,0.643144888241,8704,2909,true,1
fp16,1,17,1,256,17,warp32_fused,2,6,100,23.3087992668,10948,0.469693864308,8704,2909,true,1
fp16,1,17,1,256,17,baseline_transform,2,7,100,19.8464000225,17408,0.877136406616,8704,2909,true,1
fp16,1,17,1,256,17,optimized_transform,2,8,100,19.2895996571,17408,0.902455225069,8704,2909,true,1
fp16,1,17,1,256,17,optimized_split,3,0,100,36.9215989113,28356,0.768005742875,8704,2909,true,1
fp16,1,17,1,256,17,baseline_fused,3,1,100,40.8576011658,10948,0.267955036214,8704,2909,true,1
fp16,1,17,1,256,17,optimized_fused,3,2,100,20.3455996513,10948,0.5381016135,8704,2909,true,1
fp16,1,17,1,256,17,warp32_transform,3,3,100,22.4896001816,17408,0.774046664211,8704,2909,true,1
fp16,1,17,1,256,17,warp32_split,3,4,100,44.083199501,28356,0.643238247699,8704,2909,true,1
fp16,1,17,1,256,17,warp32_fused,3,5,100,23.2895994186,10948,0.470081077961,8704,2909,true,1
fp16,1,17,1,256,17,baseline_transform,3,6,100,19.788800478,17408,0.879689500097,8704,2909,true,1
fp16,1,17,1,256,17,optimized_transform,3,7,100,19.3280005455,17408,0.900662226236,8704,2909,true,1
fp16,1,17,1,256,17,baseline_split,3,8,100,57.0304012299,28356,0.497208495618,8704,2909,true,1
fp16,1,17,1,256,17,baseline_fused,4,0,100,40.9280014038,10948,0.267494126869,8704,2909,true,1
fp16,1,17,1,256,17,optimized_fused,4,1,100,20.3263998032,10948,0.538609891866,8704,2909,true,1
fp16,1,17,1,256,17,warp32_transform,4,2,100,22.6496005058,17408,0.768578677382,8704,2909,true,1
fp16,1,17,1,256,17,warp32_split,4,3,100,44.1152000427,28356,0.642771651778,8704,2909,true,1
fp16,1,17,1,256,17,warp32_fused,4,4,100,23.4303998947,10948,0.467256216249,8704,2909,true,1
fp16,1,17,1,256,17,baseline_transform,4,5,100,19.7632002831,17408,0.880829002929,8704,2909,true,1
fp16,1,17,1,256,17,optimized_transform,4,6,100,19.3343997002,17408,0.900364131804,8704,2909,true,1
fp16,1,17,1,256,17,baseline_split,4,7,100,56.9984006882,28356,0.49748764277,8704,2909,true,1
fp16,1,17,1,256,17,optimized_split,4,8,100,36.9215989113,28356,0.768005742875,8704,2909,true,1
fp16,1,257,1,256,257,baseline_transform,0,0,100,50.1119995117,263168,5.25159647518,131584,2909,true,1
fp16,1,257,1,256,257,optimized_transform,0,1,100,52.5952005386,263168,5.003650472,131584,2909,true,1
fp16,1,257,1,256,257,baseline_split,0,2,100,149.945602417,428676,2.85887677324,131584,2909,true,1
fp16,1,257,1,256,257,optimized_split,0,3,100,91.9104003906,428676,4.6640641122,131584,2909,true,1
fp16,1,257,1,256,257,baseline_fused,0,4,100,109.612798691,165508,1.50993316453,131584,2909,true,1
fp16,1,257,1,256,257,optimized_fused,0,5,100,46.2207984924,165508,3.5808122187,131584,2909,true,1
fp16,1,257,1,256,257,warp32_transform,0,6,100,33.0367994308,263168,7.96590482534,131584,2909,true,1
fp16,1,257,1,256,257,warp32_split,0,7,100,72.0959997177,428676,5.94590548267,131584,2909,true,1
fp16,1,257,1,256,257,warp32_fused,0,8,100,39.1104006767,165508,4.23181550524,131584,2909,true,1
fp16,1,257,1,256,257,optimized_transform,1,0,100,52.044801712,263168,5.05656648393,131584,2909,true,1
fp16,1,257,1,256,257,baseline_split,1,1,100,149.555196762,428676,2.86633971457,131584,2909,true,1
fp16,1,257,1,256,257,optimized_split,1,2,100,91.8272018433,428676,4.66828991187,131584,2909,true,1
fp16,1,257,1,256,257,baseline_fused,1,3,100,109.414396286,165508,1.512671144,131584,2909,true,1
fp16,1,257,1,256,257,optimized_fused,1,4,100,46.4319992065,165508,3.5645245268,131584,2909,true,1
fp16,1,257,1,256,257,warp32_transform,1,5,100,32.4927997589,263168,8.09927128326,131584,2909,true,1
fp16,1,257,1,256,257,warp32_split,1,6,100,72.5568008423,428676,5.90814362022,131584,2909,true,1
fp16,1,257,1,256,257,warp32_fused,1,7,100,39.5391988754,165508,4.18592193841,131584,2909,true,1
fp16,1,257,1,256,257,baseline_transform,1,8,100,49.5423984528,263168,5.3119753629,131584,2909,true,1
fp16,1,257,1,256,257,baseline_split,2,0,100,150.361604691,428676,2.8509671793,131584,2909,true,1
fp16,1,257,1,256,257,optimized_split,2,1,100,90.643196106,428676,4.72926836669,131584,2909,true,1
fp16,1,257,1,256,257,baseline_fused,2,2,100,108.806400299,165508,1.52112375324,131584,2909,true,1
fp16,1,257,1,256,257,optimized_fused,2,3,100,46.2975978851,165508,3.5748722949,131584,2909,true,1
fp16,1,257,1,256,257,warp32_transform,2,4,100,32.4544000626,263168,8.10885425374,131584,2909,true,1
fp16,1,257,1,256,257,warp32_split,2,5,100,71.5776014328,428676,5.988968496,131584,2909,true,1
fp16,1,257,1,256,257,warp32_fused,2,6,100,39.737598896,165508,4.16502266363,131584,2909,true,1
fp16,1,257,1,256,257,baseline_transform,2,7,100,49.9840021133,263168,5.26504459173,131584,2909,true,1
fp16,1,257,1,256,257,optimized_transform,2,8,100,52.7424001694,263168,4.98968570173,131584,2909,true,1
fp16,1,257,1,256,257,optimized_split,3,0,100,91.3216018677,428676,4.69413579299,131584,2909,true,1
fp16,1,257,1,256,257,baseline_fused,3,1,100,109.107198715,165508,1.5169301563,131584,2909,true,1
fp16,1,257,1,256,257,optimized_fused,3,2,100,46.04159832,165508,3.59474922764,131584,2909,true,1
fp16,1,257,1,256,257,warp32_transform,3,3,100,32.300798893,263168,8.14741458476,131584,2909,true,1
fp16,1,257,1,256,257,warp32_split,3,4,100,70.8864021301,428676,6.0473657446,131584,2909,true,1
fp16,1,257,1,256,257,warp32_fused,3,5,100,39.3792009354,165508,4.20292936547,131584,2909,true,1
fp16,1,257,1,256,257,baseline_transform,3,6,100,50.1056003571,263168,5.25226717422,131584,2909,true,1
fp16,1,257,1,256,257,optimized_transform,3,7,100,52.5759983063,263168,5.00547794579,131584,2909,true,1
fp16,1,257,1,256,257,baseline_split,3,8,100,148.985595703,428676,2.87729829167,131584,2909,true,1
fp16,1,257,1,256,257,baseline_fused,4,0,100,109.459199905,165508,1.51205198049,131584,2909,true,1
fp16,1,257,1,256,257,optimized_fused,4,1,100,46.2656021118,165508,3.57734455936,131584,2909,true,1
fp16,1,257,1,256,257,warp32_transform,4,2,100,33.2096004486,263168,7.92445547206,131584,2909,true,1
fp16,1,257,1,256,257,warp32_split,4,3,100,71.1168003082,428676,6.02777400195,131584,2909,true,1
fp16,1,257,1,256,257,warp32_fused,4,4,100,38.7840008736,165508,4.26742977187,131584,2909,true,1
fp16,1,257,1,256,257,baseline_transform,4,5,100,49.6511983871,263168,5.3003353101,131584,2909,true,1
fp16,1,257,1,256,257,optimized_transform,4,6,100,52.8704023361,263168,4.97760539681,131584,2909,true,1
fp16,1,257,1,256,257,baseline_split,4,7,100,150.598402023,428676,2.84648438656,131584,2909,true,1
fp16,1,257,1,256,257,optimized_split,4,8,100,91.2063980103,428676,4.70006501026,131584,2909,true,1
fp16,4,64,16,256,4096,baseline_transform,0,0,100,441.375999451,4194304,9.50279128276,2097152,2909,true,1
fp16,4,64,16,256,4096,optimized_transform,0,1,100,386.547203064,4194304,10.8506903342,2097152,2909,true,1
fp16,4,64,16,256,4096,baseline_split,0,2,100,1098.88000488,6832128,6.21735582561,2097152,2909,true,1
fp16,4,64,16,256,4096,optimized_split,0,3,100,704.00642395,6832128,9.70463871859,2097152,2909,true,1
fp16,4,64,16,256,4096,baseline_fused,0,4,100,655.731201172,2637824,4.02272149821,2097152,2909,true,1
fp16,4,64,16,256,4096,optimized_fused,0,5,100,353.24798584,2637824,7.46734335577,2097152,2909,true,1
fp16,4,64,16,256,4096,warp32_transform,0,6,100,226.041603088,4194304,18.5554514863,2097152,2909,true,1
fp16,4,64,16,256,4096,warp32_split,0,7,100,563.072013855,6832128,12.1336664439,2097152,2909,true,1
fp16,4,64,16,256,4096,warp32_fused,0,8,100,330.975990295,2637824,7.96983490448,2097152,2909,true,1
fp16,4,64,16,256,4096,optimized_transform,1,0,100,387.929611206,4194304,10.8120233126,2097152,2909,true,1
fp16,4,64,16,256,4096,baseline_split,1,1,100,1102.98881531,6832128,6.19419517694,2097152,2909,true,1
fp16,4,64,16,256,4096,optimized_split,1,2,100,703.507232666,6832128,9.71152488953,2097152,2909,true,1
fp16,4,64,16,256,4096,baseline_fused,1,3,100,657.094421387,2637824,4.01437588594,2097152,2909,true,1
fp16,4,64,16,256,4096,optimized_fused,1,4,100,353.216018677,2637824,7.46801917388,2097152,2909,true,1
fp16,4,64,16,256,4096,warp32_transform,1,5,100,226.784000397,4194304,18.4947085891,2097152,2909,true,1
fp16,4,64,16,256,4096,warp32_split,1,6,100,560.435218811,6832128,12.1907542044,2097152,2909,true,1
fp16,4,64,16,256,4096,warp32_fused,1,7,100,330.783996582,2637824,7.97446075764,2097152,2909,true,1
fp16,4,64,16,256,4096,baseline_transform,1,8,100,444.236793518,4194304,9.441595251,2097152,2909,true,1
fp16,4,64,16,256,4096,baseline_split,2,0,100,1104.6144104,6832128,6.18507954964,2097152,2909,true,1
fp16,4,64,16,256,4096,optimized_split,2,1,100,705.465621948,6832128,9.68456546633,2097152,2909,true,1
fp16,4,64,16,256,4096,baseline_fused,2,2,100,655.980834961,2637824,4.02119064981,2097152,2909,true,1
fp16,4,64,16,256,4096,optimized_fused,2,3,100,353.043212891,2637824,7.47167458171,2097152,2909,true,1
fp16,4,64,16,256,4096,warp32_transform,2,4,100,227.500801086,4194304,18.4364361794,2097152,2909,true,1
fp16,4,64,16,256,4096,warp32_split,2,5,100,561.80480957,6832128,12.1610350848,2097152,2909,true,1
fp16,4,64,16,256,4096,warp32_fused,2,6,100,330.649604797,2637824,7.9777019592,2097152,2909,true,1
fp16,4,64,16,256,4096,baseline_transform,2,7,100,443.257598877,4194304,9.46245255722,2097152,2909,true,1
fp16,4,64,16,256,4096,optimized_transform,2,8,100,387.859191895,4194304,10.8139863323,2097152,2909,true,1
fp16,4,64,16,256,4096,optimized_split,3,0,100,704.332809448,6832128,9.70014162105,2097152,2909,true,1
fp16,4,64,16,256,4096,baseline_fused,3,1,100,655.014419556,2637824,4.02712355827,2097152,2909,true,1
fp16,4,64,16,256,4096,optimized_fused,3,2,100,352.435188293,2637824,7.484564787,2097152,2909,true,1
fp16,4,64,16,256,4096,warp32_transform,3,3,100,227.206401825,4194304,18.460324913,2097152,2909,true,1
fp16,4,64,16,256,4096,warp32_split,3,4,100,562.579193115,6832128,12.1442955652,2097152,2909,true,1
fp16,4,64,16,256,4096,warp32_fused,3,5,100,330.444793701,2637824,7.98264657299,2097152,2909,true,1
fp16,4,64,16,256,4096,baseline_transform,3,6,100,441.862411499,4194304,9.49233039708,2097152,2909,true,1
fp16,4,64,16,256,4096,optimized_transform,3,7,100,387.379188538,4194304,10.8273859931,2097152,2909,true,1
fp16,4,64,16,256,4096,baseline_split,3,8,100,1102.50236511,6832128,6.19692820278,2097152,2909,true,1
fp16,4,64,16,256,4096,baseline_fused,4,0,100,654.694366455,2637824,4.02909225305,2097152,2909,true,1
fp16,4,64,16,256,4096,optimized_fused,4,1,100,353.075218201,2637824,7.47099729469,2097152,2909,true,1
fp16,4,64,16,256,4096,warp32_transform,4,2,100,226.796798706,4194304,18.4936649191,2097152,2909,true,1
fp16,4,64,16,256,4096,warp32_split,4,3,100,563.334388733,6832128,12.1280151481,2097152,2909,true,1
fp16,4,64,16,256,4096,warp32_fused,4,4,100,330.764808655,2637824,7.9749233624,2097152,2909,true,1
fp16,4,64,16,256,4096,baseline_transform,4,5,100,441.753616333,4194304,9.49466817005,2097152,2909,true,1
fp16,4,64,16,256,4096,optimized_transform,4,6,100,384.467201233,4194304,10.9093935362,2097152,2909,true,1
fp16,4,64,16,256,4096,baseline_split,4,7,100,1104.76799011,6832128,6.18421972862,2097152,2909,true,1
fp16,4,64,16,256,4096,optimized_split,4,8,100,704.774398804,6832128,9.694063819,2097152,2909,true,1
fp16,16,64,16,256,16384,baseline_transform,0,0,100,1682.69439697,16777216,9.97044741468,8388608,2909,true,1
fp16,16,64,16,256,16384,optimized_transform,0,1,100,1482.84164429,16777216,11.3142330907,8388608,2909,true,1
fp16,16,64,16,256,16384,baseline_split,0,2,100,3954.58557129,27328512,6.91058810269,8388608,2909,true,1
fp16,16,64,16,256,16384,optimized_split,0,3,100,2080.82565308,27328512,13.1334943702,8388608,2909,true,1
fp16,16,64,16,256,16384,baseline_fused,0,4,100,2366.1567688,10551296,4.45925483008,8388608,2909,true,1
fp16,16,64,16,256,16384,optimized_fused,0,5,100,725.580825806,10551296,14.541861671,8388608,2909,true,1
fp16,16,64,16,256,16384,warp32_transform,0,6,100,877.055969238,16777216,19.1290140977,8388608,2909,true,1
fp16,16,64,16,256,16384,warp32_split,0,7,100,2221.36322021,27328512,12.3025859757,8388608,2909,true,1
fp16,16,64,16,256,16384,warp32_fused,0,8,100,1320.8895874,10551296,7.98802269367,8388608,2909,true,1
fp16,16,64,16,256,16384,optimized_transform,1,0,100,1484.57595825,16777216,11.3010155572,8388608,2909,true,1
fp16,16,64,16,256,16384,baseline_split,1,1,100,3947.449646,27328512,6.92308058387,8388608,2909,true,1
fp16,16,64,16,256,16384,optimized_split,1,2,100,2081.38885498,27328512,13.1299405849,8388608,2909,true,1
fp16,16,64,16,256,16384,baseline_fused,1,3,100,2365.79833984,10551296,4.45993042699,8388608,2909,true,1
fp16,16,64,16,256,16384,optimized_fused,1,4,100,725.184020996,10551296,14.5498186591,8388608,2909,true,1
fp16,16,64,16,256,16384,warp32_transform,1,5,100,877.113571167,16777216,19.1277578543,8388608,2909,true,1
fp16,16,64,16,256,16384,warp32_split,1,6,100,2220.35202026,27328512,12.3081888595,8388608,2909,true,1
fp16,16,64,16,256,16384,warp32_fused,1,7,100,1322.42553711,10551296,7.97874489256,8388608,2909,true,1
fp16,16,64,16,256,16384,baseline_transform,1,8,100,1677.17758179,16777216,10.003243653,8388608,2909,true,1
fp16,16,64,16,256,16384,baseline_split,2,0,100,3946.93115234,27328512,6.92399004319,8388608,2909,true,1
fp16,16,64,16,256,16384,optimized_split,2,1,100,2080.87036133,27328512,13.1332121923,8388608,2909,true,1
fp16,16,64,16,256,16384,baseline_fused,2,2,100,2366.56646729,10551296,4.45848284671,8388608,2909,true,1
fp16,16,64,16,256,16384,optimized_fused,2,3,100,726.067199707,10551296,14.5321204487,8388608,2909,true,1
fp16,16,64,16,256,16384,warp32_transform,2,4,100,877.401580811,16777216,19.1214791117,8388608,2909,true,1
fp16,16,64,16,256,16384,warp32_split,2,5,100,2221.75354004,27328512,12.3004246454,8388608,2909,true,1
fp16,16,64,16,256,16384,warp32_fused,2,6,100,1322.77755737,10551296,7.97662157268,8388608,2909,true,1
fp16,16,64,16,256,16384,baseline_transform,2,7,100,1682.12478638,16777216,9.9738236639,8388608,2909,true,1
fp16,16,64,16,256,16384,optimized_transform,2,8,100,1481.68319702,16777216,11.3230790723,8388608,2909,true,1
fp16,16,64,16,256,16384,optimized_split,3,0,100,2080.35842896,27328512,13.1364439991,8388608,2909,true,1
fp16,16,64,16,256,16384,baseline_fused,3,1,100,2367.25753784,10551296,4.45718128735,8388608,2909,true,1
fp16,16,64,16,256,16384,optimized_fused,3,2,100,724.921569824,10551296,14.5550862869,8388608,2909,true,1
fp16,16,64,16,256,16384,warp32_transform,3,3,100,877.376022339,16777216,19.1220361314,8388608,2909,true,1
fp16,16,64,16,256,16384,warp32_split,3,4,100,2223.61602783,27328512,12.2901218816,8388608,2909,true,1
fp16,16,64,16,256,16384,warp32_fused,3,5,100,1326.38717651,10551296,7.95491406041,8388608,2909,true,1
fp16,16,64,16,256,16384,baseline_transform,3,6,100,1683.06564331,16777216,9.96824815876,8388608,2909,true,1
fp16,16,64,16,256,16384,optimized_transform,3,7,100,1481.50405884,16777216,11.3244482186,8388608,2909,true,1
fp16,16,64,16,256,16384,baseline_split,3,8,100,3952.95349121,27328512,6.91344131945,8388608,2909,true,1
fp16,16,64,16,256,16384,baseline_fused,4,0,100,2367.32803345,10551296,4.45704855893,8388608,2909,true,1
fp16,16,64,16,256,16384,optimized_fused,4,1,100,726.028823853,10551296,14.532888576,8388608,2909,true,1
fp16,16,64,16,256,16384,warp32_transform,4,2,100,876.134414673,16777216,19.1491347892,8388608,2909,true,1
fp16,16,64,16,256,16384,warp32_split,4,3,100,2220.39047241,27328512,12.3079757095,8388608,2909,true,1
fp16,16,64,16,256,16384,warp32_fused,4,4,100,1324.12796021,10551296,7.9684866698,8388608,2909,true,1
fp16,16,64,16,256,16384,baseline_transform,4,5,100,1681.90078735,16777216,9.97515199835,8388608,2909,true,1
fp16,16,64,16,256,16384,optimized_transform,4,6,100,1483.87207031,16777216,11.3063762946,8388608,2909,true,1
fp16,16,64,16,256,16384,baseline_split,4,7,100,3958.51531982,27328512,6.90372773427,8388608,2909,true,1
fp16,16,64,16,256,16384,optimized_split,4,8,100,2080.72967529,27328512,13.1341001787,8388608,2909,true,1
bf16,1,1,1,64,1,baseline_transform,0,0,100,15.8975994587,256,0.0161030601296,128,2909,true,1
bf16,1,1,1,64,1,optimized_transform,0,1,100,15.7951998711,256,0.0162074555618,128,2909,true,1
bf16,1,1,1,64,1,baseline_split,0,2,100,35.1424002647,420,0.0119513748872,128,2909,true,1
bf16,1,1,1,64,1,optimized_split,0,3,100,31.263999939,420,0.0134339816025,128,2909,true,1
bf16,1,1,1,64,1,baseline_fused,0,4,100,22.1567988396,164,0.00740179125999,128,2909,true,1
bf16,1,1,1,64,1,optimized_fused,0,5,100,17.9776000977,164,0.00912246346059,128,2909,true,1
bf16,1,1,1,64,1,warp32_transform,0,6,100,15.2831995487,256,0.0167504192551,128,2909,true,1
bf16,1,1,1,64,1,warp32_split,0,7,100,29.9519991875,420,0.0140224362778,128,2909,true,1
bf16,1,1,1,64,1,warp32_fused,0,8,100,15.2831995487,164,0.0107307373353,128,2909,true,1
bf16,1,1,1,64,1,optimized_transform,1,0,100,15.7439994812,256,0.0162601631374,128,2909,true,1
bf16,1,1,1,64,1,baseline_split,1,1,100,35.2575993538,420,0.0119123255042,128,2909,true,1
bf16,1,1,1,64,1,optimized_split,1,2,100,31.2831997871,420,0.0134257365889,128,2909,true,1
bf16,1,1,1,64,1,baseline_fused,1,3,100,22.1119999886,164,0.00741678726867,128,2909,true,1
bf16,1,1,1,64,1,optimized_fused,1,4,100,17.9328000546,164,0.00914525336262,128,2909,true,1
bf16,1,1,1,64,1,warp32_transform,1,5,100,15.232000351,256,0.0168067223018,128,2909,true,1
bf16,1,1,1,64,1,warp32_split,1,6,100,29.8496007919,420,0.0140705399354,128,2909,true,1
bf16,1,1,1,64,1,warp32_fused,1,7,100,15.2576005459,164,0.0107487412262,128,2909,true,1
bf16,1,1,1,64,1,baseline_transform,1,8,100,15.9552001953,256,0.0160449255958,128,2909,true,1
bf16,1,1,1,64,1,baseline_split,2,0,100,35.2448010445,420,0.0119166511813,128,2909,true,1
bf16,1,1,1,64,1,optimized_split,2,1,100,31.2768006325,420,0.0134284834608,128,2909,true,1
bf16,1,1,1,64,1,baseline_fused,2,2,100,22.2399997711,164,0.00737410079531,128,2909,true,1
bf16,1,1,1,64,1,optimized_fused,2,3,100,17.8623998165,164,0.00918129712047,128,2909,true,1
bf16,1,1,1,64,1,warp32_transform,2,4,100,15.1999998093,256,0.0168421054745,128,2909,true,1
bf16,1,1,1,64,1,warp32_split,2,5,100,29.8304009438,420,0.0140795962076,128,2909,true,1
bf16,1,1,1,64,1,warp32_fused,2,6,100,15.3087997437,164,0.0107127928215,128,2909,true,1
bf16,1,1,1,64,1,baseline_transform,2,7,100,15.8783996105,256,0.0161225316329,128,2909,true,1
bf16,1,1,1,64,1,optimized_transform,2,8,100,15.750399828,256,0.0162535556428,128,2909,true,1
bf16,1,1,1,64,1,optimized_split,3,0,100,31.2511992455,420,0.0134394842483,128,2909,true,1
bf16,1,1,1,64,1,baseline_fused,3,1,100,22.2528004646,164,0.00736985892003,128,2909,true,1
bf16,1,1,1,64,1,optimized_fused,3,2,100,17.8431999683,164,0.0091911764869,128,2909,true,1
bf16,1,1,1,64,1,warp32_transform,3,3,100,15.1935994625,256,0.0168492002591,128,2909,true,1
bf16,1,1,1,64,1,warp32_split,3,4,100,29.8368000984,420,0.0140765765301,128,2909,true,1
bf16,1,1,1,64,1,warp32_fused,3,5,100,15.2704000473,164,0.0107397317354,128,2909,true,1
bf16,1,1,1,64,1,baseline_transform,3,6,100,15.8847999573,256,0.0161160354986,128,2909,true,1
bf16,1,1,1,64,1,optimized_transform,3,7,100,15.7376003265,256,0.0162667747743,128,2909,true,1
bf16,1,1,1,64,1,baseline_split,3,8,100,35.2512001991,420,0.0119144879501,128,2909,true,1
bf16,1,1,1,64,1,baseline_fused,4,0,100,22.1632003784,164,0.0073996533533,128,2909,true,1
bf16,1,1,1,64,1,optimized_fused,4,1,100,17.9711997509,164,0.0091257123772,128,2909,true,1
bf16,1,1,1,64,1,warp32_transform,4,2,100,15.232000351,256,0.0168067223018,128,2909,true,1
bf16,1,1,1,64,1,warp32_split,4,3,100,29.8496007919,420,0.0140705399354,128,2909,true,1
bf16,1,1,1,64,1,warp32_fused,4,4,100,15.2639997005,164,0.0107442350116,128,2909,true,1
bf16,1,1,1,64,1,baseline_transform,4,5,100,16.0064005852,256,0.0159936019743,128,2909,true,1
bf16,1,1,1,64,1,optimized_transform,4,6,100,15.6607997417,256,0.0163465470616,128,2909,true,1
bf16,1,1,1,64,1,baseline_split,4,7,100,35.2640008926,420,0.0119101630379,128,2909,true,1
bf16,1,1,1,64,1,optimized_split,4,8,100,31.2703990936,420,0.013431232481,128,2909,true,1
bf16,1,17,1,64,17,baseline_transform,0,0,100,17.5872004032,4352,0.247452687194,2176,2909,true,1
bf16,1,17,1,64,17,optimized_transform,0,1,100,17.3055994511,4352,0.251479297918,2176,2909,true,1
bf16,1,17,1,64,17,baseline_split,0,2,100,38.2848000526,7140,0.186496990716,2176,2909,true,1
bf16,1,17,1,64,17,optimized_split,0,3,100,34.3359994888,7140,0.207945017075,2176,2909,true,1
bf16,1,17,1,64,17,baseline_fused,0,4,100,23.8655996323,2788,0.116820865302,2176,2909,true,1
bf16,1,17,1,64,17,optimized_fused,0,5,100,19.3216001987,2788,0.144294466883,2176,2909,true,1
bf16,1,17,1,64,17,warp32_transform,0,6,100,17.8175997734,4352,0.244252876669,2176,2909,true,1
bf16,1,17,1,64,17,warp32_split,0,7,100,34.7135996819,7140,0.205683077106,2176,2909,true,1
bf16,1,17,1,64,17,warp32_fused,0,8,100,17.945599556,2788,0.155358420392,2176,2909,true,1
bf16,1,17,1,64,17,optimized_transform,1,0,100,17.3119997978,4352,0.251386324562,2176,2909,true,1
bf16,1,17,1,64,17,baseline_split,1,1,100,38.4256005287,7140,0.185813621694,2176,2909,true,1
bf16,1,17,1,64,17,optimized_split,1,2,100,34.3296003342,7140,0.207983778736,2176,2909,true,1
bf16,1,17,1,64,17,baseline_fused,1,3,100,23.8463997841,2788,0.116914923227,2176,2909,true,1
bf16,1,17,1,64,17,optimized_fused,1,4,100,19.3216001987,2788,0.144294466883,2176,2909,true,1
bf16,1,17,1,64,17,warp32_transform,1,5,100,17.804800272,4352,0.244428464994,2176,2909,true,1
bf16,1,17,1,64,17,warp32_split,1,6,100,34.7135996819,7140,0.205683077106,2176,2909,true,1
bf16,1,17,1,64,17,warp32_fused,1,7,100,17.9200005531,2788,0.155580352341,2176,2909,true,1
bf16,1,17,1,64,17,baseline_transform,1,8,100,17.5360000134,4352,0.248175182293,2176,2909,true,1
bf16,1,17,1,64,17,baseline_split,2,0,100,38.4191989899,7140,0.185844582597,2176,2909,true,1
bf16,1,17,1,64,17,optimized_split,2,1,100,34.3424010277,7140,0.207906255426,2176,2909,true,1
bf16,1,17,1,64,17,baseline_fused,2,2,100,23.8271999359,2788,0.117009132735,2176,2909,true,1
bf16,1,17,1,64,17,optimized_fused,2,3,100,19.4495999813,2788,0.143344850417,2176,2909,true,1
bf16,1,17,1,64,17,warp32_transform,2,4,100,17.5743997097,4352,0.247632924702,2176,2909,true,1
bf16,1,17,1,64,17,warp32_split,2,5,100,34.5088005066,7140,0.206903743253,2176,2909,true,1
bf16,1,17,1,64,17,warp32_fused,2,6,100,17.7727997303,2788,0.156868925679,2176,2909,true,1
bf16,1,17,1,64,17,baseline_transform,2,7,100,17.6064002514,4352,0.247182839073,2176,2909,true,1
bf16,1,17,1,64,17,optimized_transform,2,8,100,17.260799408,4352,0.252132007165,2176,2909,true,1
bf16,1,17,1,64,17,optimized_split,3,0,100,34.3424010277,7140,0.207906255426,2176,2909,true,1
bf16,1,17,1,64,17,baseline_fused,3,1,100,23.8271999359,2788,0.117009132735,2176,2909,true,1
bf16,1,17,1,64,17,optimized_fused,3,2,100,19.4175994396,2788,0.143581085225,2176,2909,true,1
bf16,1,17,1,64,17,warp32_transform,3,3,100,17.6191997528,4352,0.247003272626,2176,2909,true,1
bf16,1,17,1,64,17,warp32_split,3,4,100,34.5023989677,7140,0.206942131957,2176,2909,true,1
bf16,1,17,1,64,17,warp32_fused,3,5,100,17.8240001202,2788,0.156418311333,2176,2909,true,1
bf16,1,17,1,64,17,baseline_transform,3,6,100,17.5424003601,4352,0.248084635549,2176,2909,true,1
bf16,1,17,1,64,17,optimized_transform,3,7,100,17.2863996029,4352,0.251758613706,2176,2909,true,1
bf16,1,17,1,64,17,baseline_split,3,8,100,38.4191989899,7140,0.185844582597,2176,2909,true,1
bf16,1,17,1,64,17,baseline_fused,4,0,100,23.8527989388,2788,0.116883557655,2176,2909,true,1
bf16,1,17,1,64,17,optimized_fused,4,1,100,19.3664002419,2788,0.143960672359,2176,2909,true,1
bf16,1,17,1,64,17,warp32_transform,4,2,100,17.7727997303,4352,0.244868566914,2176,2909,true,1
bf16,1,17,1,64,17,warp32_split,4,3,100,34.5855998993,7140,0.206444301119,2176,2909,true,1
bf16,1,17,1,64,17,warp32_fused,4,4,100,17.9519999027,2788,0.155303031145,2176,2909,true,1
bf16,1,17,1,64,17,baseline_transform,4,5,100,17.5039994717,4352,0.248628892331,2176,2909,true,1
bf16,1,17,1,64,17,optimized_transform,4,6,100,17.331199646,4352,0.251107833785,2176,2909,true,1
bf16,1,17,1,64,17,baseline_split,4,7,100,38.4256005287,7140,0.185813621694,2176,2909,true,1
bf16,1,17,1,64,17,optimized_split,4,8,100,34.3296003342,7140,0.207983778736,2176,2909,true,1
bf16,1,257,1,64,257,baseline_transform,0,0,100,36.102399826,65792,1.82237192865,32896,2909,true,1
bf16,1,257,1,64,257,optimized_transform,0,1,100,36.8704009056,65792,1.78441238457,32896,2909,true,1
bf16,1,257,1,64,257,baseline_split,0,2,100,73.7599992752,107940,1.46339480831,32896,2909,true,1
bf16,1,257,1,64,257,optimized_split,0,3,100,71.0847997665,107940,1.51846808818,32896,2909,true,1
bf16,1,257,1,64,257,baseline_fused,0,4,100,42.1184015274,42148,1.00070274444,32896,2909,true,1
bf16,1,257,1,64,257,optimized_fused,0,5,100,38.1376004219,42148,1.10515605423,32896,2909,true,1
bf16,1,257,1,64,257,warp32_transform,0,6,100,23.3599996567,65792,2.81643839756,32896,2909,true,1
bf16,1,257,1,64,257,warp32_split,0,7,100,44.4479990005,107940,2.42845577815,32896,2909,true,1
bf16,1,257,1,64,257,warp32_fused,0,8,100,23.2256007195,42148,1.8147216302,32896,2909,true,1
bf16,1,257,1,64,257,optimized_transform,1,0,100,36.8576002121,65792,1.78503211336,32896,2909,true,1
bf16,1,257,1,64,257,baseline_split,1,1,100,74.092798233,107940,1.45682175021,32896,2909,true,1
bf16,1,257,1,64,257,optimized_split,1,2,100,71.5903997421,107940,1.5077440605,32896,2909,true,1
bf16,1,257,1,64,257,baseline_fused,1,3,100,42.1120023727,42148,1.00085480683,32896,2909,true,1
bf16,1,257,1,64,257,optimized_fused,1,4,100,38.2080006599,42148,1.10311974644,32896,2909,true,1
bf16,1,257,1,64,257,warp32_transform,1,5,100,23.4432005882,65792,2.80644273602,32896,2909,true,1
bf16,1,257,1,64,257,warp32_split,1,6,100,43.8079977036,107940,2.46393365728,32896,2909,true,1
bf16,1,257,1,64,257,warp32_fused,1,7,100,23.4816002846,42148,1.79493729087,32896,2909,true,1
bf16,1,257,1,64,257,baseline_transform,1,8,100,36.0511994362,65792,1.82496008535,32896,2909,true,1
bf16,1,257,1,64,257,baseline_split,2,0,100,74.2144012451,107940,1.45443469447,32896,2909,true,1
bf16,1,257,1,64,257,optimized_split,2,1,100,70.604801178,107940,1.52879121815,32896,2909,true,1
bf16,1,257,1,64,257,baseline_fused,2,2,100,42.009601593,42148,1.00329444702,32896,2909,true,1
bf16,1,257,1,64,257,optimized_fused,2,3,100,38.0608010292,42148,1.10738604707,32896,2909,true,1
bf16,1,257,1,64,257,warp32_transform,2,4,100,23.3344006538,65792,2.81952817113,32896,2909,true,1
bf16,1,257,1,64,257,warp32_split,2,5,100,43.6416006088,107940,2.47332816611,32896,2909,true,1
bf16,1,257,1,64,257,warp32_fused,2,6,100,23.2768011093,42148,1.81072991096,32896,2909,true,1
bf16,1,257,1,64,257,baseline_transform,2,7,100,35.9807991982,65792,1.82853081272,32896,2909,true,1
bf16,1,257,1,64,257,optimized_transform,2,8,100,36.9023990631,65792,1.78286511637,32896,2909,true,1
bf16,1,257,1,64,257,optimized_split,3,0,100,70.6623983383,107940,1.52754509525,32896,2909,true,1
bf16,1,257,1,64,257,baseline_fused,3,1,100,41.958398819,42148,1.00451878971,32896,2909,true,1
bf16,1,257,1,64,257,optimized_fused,3,2,100,38.0223989487,42148,1.10850449118,32896,2909,true,1
bf16,1,257,1,64,257,warp32_transform,3,3,100,23.3407998085,65792,2.81875516434,32896,2909,true,1
bf16,1,257,1,64,257,warp32_split,3,4,100,43.993601799,107940,2.45353859621,32896,2909,true,1
bf16,1,257,1,64,257,warp32_fused,3,5,100,23.4303998947,42148,1.79885960929,32896,2909,true,1
bf16,1,257,1,64,257,baseline_transform,3,6,100,36.0768008232,65792,1.82366502846,32896,2909,true,1
bf16,1,257,1,64,257,optimized_transform,3,7,100,36.8127989769,65792,1.7872045003,32896,2909,true,1
bf16,1,257,1,64,257,baseline_split,3,8,100,73.8240003586,107940,1.46212613074,32896,2909,true,1
bf16,1,257,1,64,257,baseline_fused,4,0,100,42.1311998367,42148,1.00039875824,32896,2909,true,1
bf16,1,257,1,64,257,optimized_fused,4,1,100,38.1504011154,42148,1.10478523863,32896,2909,true,1
bf16,1,257,1,64,257,warp32_transform,4,2,100,23.398399353,65792,2.81181627031,32896,2909,true,1
bf16,1,257,1,64,257,warp32_split,4,3,100,43.9103984833,107940,2.45818766689,32896,2909,true,1
bf16,1,257,1,64,257,warp32_fused,4,4,100,23.2448005676,42148,1.81322269801,32896,2909,true,1
bf16,1,257,1,64,257,baseline_transform,4,5,100,35.987200737,65792,1.82820554677,32896,2909,true,1
bf16,1,257,1,64,257,optimized_transform,4,6,100,36.6912007332,65792,1.79312747158,32896,2909,true,1
bf16,1,257,1,64,257,baseline_split,4,7,100,74.1824007034,107940,1.45506210336,32896,2909,true,1
bf16,1,257,1,64,257,optimized_split,4,8,100,70.6559991837,107940,1.52768344156,32896,2909,true,1
bf16,4,64,16,64,4096,baseline_transform,0,0,100,166.195201874,1048576,6.30930368734,524288,2909,true,1
bf16,4,64,16,64,4096,optimized_transform,0,1,100,158.112001419,1048576,6.63185584009,524288,2909,true,1
bf16,4,64,16,64,4096,baseline_split,0,2,100,307.123203278,1720320,5.60140029031,524288,2909,true,1
bf16,4,64,16,64,4096,optimized_split,0,3,100,273.798408508,1720320,6.28316289117,524288,2909,true,1
bf16,4,64,16,64,4096,baseline_fused,0,4,100,159.404802322,671744,4.21407630268,524288,2909,true,1
bf16,4,64,16,64,4096,optimized_fused,0,5,100,128.876800537,671744,5.21229575223,524288,2909,true,1
bf16,4,64,16,64,4096,warp32_transform,0,6,100,95.7952022552,1048576,10.9460179144,524288,2909,true,1
bf16,4,64,16,64,4096,warp32_split,0,7,100,242.348804474,1720320,7.0985289312,524288,2909,true,1
bf16,4,64,16,64,4096,warp32_fused,0,8,100,144.825601578,671744,4.63829594134,524288,2909,true,1
bf16,4,64,16,64,4096,optimized_transform,1,0,100,157.836799622,1048576,6.64341904115,524288,2909,true,1
bf16,4,64,16,64,4096,baseline_split,1,1,100,308.0768013,1720320,5.58406213237,524288,2909,true,1
bf16,4,64,16,64,4096,optimized_split,1,2,100,274.451198578,1720320,6.26821820751,524288,2909,true,1
bf16,4,64,16,64,4096,baseline_fused,1,3,100,158.905601501,671744,4.22731479352,524288,2909,true,1
bf16,4,64,16,64,4096,optimized_fused,1,4,100,129.664001465,671744,5.18065147158,524288,2909,true,1
bf16,4,64,16,64,4096,warp32_transform,1,5,100,96.2880039215,1048576,10.8899962331,524288,2909,true,1
bf16,4,64,16,64,4096,warp32_split,1,6,100,243.366394043,1720320,7.0688478036,524288,2909,true,1
bf16,4,64,16,64,4096,warp32_fused,1,7,100,144.224004745,671744,4.65764351216,524288,2909,true,1
bf16,4,64,16,64,4096,baseline_transform,1,8,100,166.220798492,1048576,6.30833210711,524288,2909,true,1
bf16,4,64,16,64,4096,baseline_split,2,0,100,308.569602966,1720320,5.57514409541,524288,2909,true,1
bf16,4,64,16,64,4096,optimized_split,2,1,100,274.214401245,1720320,6.27363111561,524288,2909,true,1
bf16,4,64,16,64,4096,baseline_fused,2,2,100,158.643198013,671744,4.23430697573,524288,2909,true,1
bf16,4,64,16,64,4096,optimized_fused,2,3,100,129.100799561,671744,5.20325205023,524288,2909,true,1
bf16,4,64,16,64,4096,warp32_transform,2,4,100,94.3552017212,1048576,11.1130704071,524288,2909,true,1
bf16,4,64,16,64,4096,warp32_split,2,5,100,242.688007355,1720320,7.08860738011,524288,2909,true,1
bf16,4,64,16,64,4096,warp32_fused,2,6,100,142.643203735,671744,4.70926046534,524288,2909,true,1
bf16,4,64,16,64,4096,baseline_transform,2,7,100,165.375995636,1048576,6.34055744286,524288,2909,true,1
bf16,4,64,16,64,4096,optimized_transform,2,8,100,157.926397324,1048576,6.63964997474,524288,2909,true,1
bf16,4,64,16,64,4096,optimized_split,3,0,100,273.855991364,1720320,6.28184174987,524288,2909,true,1
bf16,4,64,16,64,4096,baseline_fused,3,1,100,157.817602158,671744,4.25645803013,524288,2909,true,1
bf16,4,64,16,64,4096,optimized_fused,3,2,100,128.876800537,671744,5.21229575223,524288,2909,true,1
bf16,4,64,16,64,4096,warp32_transform,3,3,100,96.5184020996,1048576,10.8640008246,524288,2909,true,1
bf16,4,64,16,64,4096,warp32_split,3,4,100,242.764797211,1720320,7.08636515576,524288,2909,true,1
bf16,4,64,16,64,4096,warp32_fused,3,5,100,142.687997818,671744,4.7077820859,524288,2909,true,1
bf16,4,64,16,64,4096,baseline_transform,3,6,100,166.643199921,1048576,6.29234196474,524288,2909,true,1
bf16,4,64,16,64,4096,optimized_transform,3,7,100,157.35039711,1048576,6.66395521879,524288,2909,true,1
bf16,4,64,16,64,4096,baseline_split,3,8,100,307.795200348,1720320,5.58917097491,524288,2909,true,1
bf16,4,64,16,64,4096,baseline_fused,4,0,100,159.020795822,671744,4.22425253582,524288,2909,true,1
bf16,4,64,16,64,4096,optimized_fused,4,1,100,130.105600357,671744,5.16306752481,524288,2909,true,1
bf16,4,64,16,64,4096,warp32_transform,4,2,100,96.8128013611,1048576,10.8309643483,524288,2909,true,1
bf16,4,64,16,64,4096,warp32_split,4,3,100,242.681598663,1720320,7.08879457477,524288,2909,true,1
bf16,4,64,16,64,4096,warp32_fused,4,4,100,143.411197662,671744,4.68404149013,524288,2909,true,1
bf16,4,64,16,64,4096,baseline_transform,4,5,100,166.771202087,1048576,6.28751239348,524288,2909,true,1
bf16,4,64,16,64,4096,optimized_transform,4,6,100,158.726396561,1048576,6.60618537761,524288,2909,true,1
bf16,4,64,16,64,4096,baseline_split,4,7,100,308.537597656,1720320,5.57572241785,524288,2909,true,1
bf16,4,64,16,64,4096,optimized_split,4,8,100,273.862400055,1720320,6.28169474764,524288,2909,true,1
bf16,16,64,16,64,16384,baseline_transform,0,0,100,465.881614685,4194304,9.00293951895,2097152,2909,true,1
bf16,16,64,16,64,16384,optimized_transform,0,1,100,461.823997498,4194304,9.08203996052,2097152,2909,true,1
bf16,16,64,16,64,16384,baseline_split,0,2,100,972.019195557,6881280,7.07936636587,2097152,2909,true,1
bf16,16,64,16,64,16384,optimized_split,0,3,100,904.48638916,6881280,7.60794201269,2097152,2909,true,1
bf16,16,64,16,64,16384,baseline_fused,0,4,100,570.041618347,2686976,4.71364881707,2097152,2909,true,1
bf16,16,64,16,64,16384,optimized_fused,0,5,100,476.716804504,2686976,5.63641972469,2097152,2909,true,1
bf16,16,64,16,64,16384,warp32_transform,0,6,100,324.934387207,4194304,12.9081567391,2097152,2909,true,1
bf16,16,64,16,64,16384,warp32_split,0,7,100,828.95362854,6881280,8.30116397719,2097152,2909,true,1
bf16,16,64,16,64,16384,warp32_fused,0,8,100,506.009597778,2686976,5.31012852681,2097152,2909,true,1
bf16,16,64,16,64,16384,optimized_transform,1,0,100,461.587181091,4194304,9.08669948347,2097152,2909,true,1
bf16,16,64,16,64,16384,baseline_split,1,1,100,977.177581787,6881280,7.04199536323,2097152,2909,true,1
bf16,16,64,16,64,16384,optimized_split,1,2,100,906.022415161,6881280,7.59504388065,2097152,2909,true,1
bf16,16,64,16,64,16384,baseline_fused,1,3,100,568.627204895,2686976,4.72537363121,2097152,2909,true,1
bf16,16,64,16,64,16384,optimized_fused,1,4,100,475.936012268,2686976,5.64566649873,2097152,2909,true,1
bf16,16,64,16,64,16384,warp32_transform,1,5,100,326.406402588,4194304,12.8499440169,2097152,2909,true,1
bf16,16,64,16,64,16384,warp32_split,1,6,100,835.065612793,6881280,8.24040637596,2097152,2909,true,1
bf16,16,64,16,64,16384,warp32_fused,1,7,100,506.380805969,2686976,5.30623587689,2097152,2909,true,1
bf16,16,64,16,64,16384,baseline_transform,1,8,100,466.918411255,4194304,8.98294841004,2097152,2909,true,1
bf16,16,64,16,64,16384,baseline_split,2,0,100,974.521636963,6881280,7.06118749856,2097152,2909,true,1
bf16,16,64,16,64,16384,optimized_split,2,1,100,906.611175537,6881280,7.59011159985,2097152,2909,true,1
bf16,16,64,16,64,16384,baseline_fused,2,2,100,568.576011658,2686976,4.72579909266,2097152,2909,true,1
bf16,16,64,16,64,16384,optimized_fused,2,3,100,474.963188171,2686976,5.65723000628,2097152,2909,true,1
bf16,16,64,16,64,16384,warp32_transform,2,4,100,330.694389343,4194304,12.6833237429,2097152,2909,true,1
bf16,16,64,16,64,16384,warp32_split,2,5,100,840.102386475,6881280,8.19100160979,2097152,2909,true,1
bf16,16,64,16,64,16384,warp32_fused,2,6,100,501.606407166,2686976,5.35674178323,2097152,2909,true,1
bf16,16,64,16,64,16384,baseline_transform,2,7,100,465.484809875,4194304,9.01061411891,2097152,2909,true,1
bf16,16,64,16,64,16384,optimized_transform,2,8,100,463.756790161,4194304,9.04418887008,2097152,2909,true,1
bf16,16,64,16,64,16384,optimized_split,3,0,100,903.104019165,6881280,7.61958739411,2097152,2909,true,1
bf16,16,64,16,64,16384,baseline_fused,3,1,100,565.971183777,2686976,4.74754912798,2097152,2909,true,1
bf16,16,64,16,64,16384,optimized_fused,3,2,100,476.160011292,2686976,5.64301061887,2097152,2909,true,1
bf16,16,64,16,64,16384,warp32_transform,3,3,100,329.241600037,4194304,12.7392893229,2097152,2909,true,1
bf16,16,64,16,64,16384,warp32_split,3,4,100,837.132797241,6881280,8.22005782437,2097152,2909,true,1
bf16,16,64,16,64,16384,warp32_fused,3,5,100,504.198417664,2686976,5.32920355532,2097152,2909,true,1
bf16,16,64,16,64,16384,baseline_transform,3,6,100,465.318412781,4194304,9.01383629961,2097152,2909,true,1
bf16,16,64,16,64,16384,optimized_transform,3,7,100,461.484794617,4194304,9.08871548733,2097152,2909,true,1
bf16,16,64,16,64,16384,baseline_split,3,8,100,973.50402832,6881280,7.06856859326,2097152,2909,true,1
bf16,16,64,16,64,16384,baseline_fused,4,0,100,568.36479187,2686976,4.72755532791,2097152,2909,true,1
bf16,16,64,16,64,16384,optimized_fused,4,1,100,477.215995789,2686976,5.63052375384,2097152,2909,true,1
bf16,16,64,16,64,16384,warp32_transform,4,2,100,326.105613708,4194304,12.8617963742,2097152,2909,true,1
bf16,16,64,16,64,16384,warp32_split,4,3,100,833.158416748,6881280,8.25926961989,2097152,2909,true,1
bf16,16,64,16,64,16384,warp32_fused,4,4,100,501.241607666,2686976,5.36064037563,2097152,2909,true,1
bf16,16,64,16,64,16384,baseline_transform,4,5,100,469.113616943,4194304,8.94091292282,2097152,2909,true,1
bf16,16,64,16,64,16384,optimized_transform,4,6,100,459.788818359,4194304,9.1222401079,2097152,2909,true,1
bf16,16,64,16,64,16384,baseline_split,4,7,100,973.939208984,6881280,7.06541017809,2097152,2909,true,1
bf16,16,64,16,64,16384,optimized_split,4,8,100,903.231964111,6881280,7.61850806151,2097152,2909,true,1
bf16,1,1,1,128,1,baseline_transform,0,0,100,16.3968002796,512,0.0312256044636,256,2909,true,1
bf16,1,1,1,128,1,optimized_transform,0,1,100,16.4672005177,512,0.0310921093996,256,2909,true,1
bf16,1,1,1,128,1,baseline_split,0,2,100,41.1520004272,836,0.0203149298046,256,2909,true,1
bf16,1,1,1,128,1,optimized_split,0,3,100,32.2239995003,836,0.0259433966287,256,2909,true,1
bf16,1,1,1,128,1,baseline_fused,0,4,100,27.9871988297,324,0.0115767212708,256,2909,true,1
bf16,1,1,1,128,1,optimized_fused,0,5,100,18.5984003544,324,0.0174208530748,256,2909,true,1
bf16,1,1,1,128,1,warp32_transform,0,6,100,15.2831995487,512,0.0335008385101,256,2909,true,1
bf16,1,1,1,128,1,warp32_split,0,7,100,30.0543999672,836,0.0278162266062,256,2909,true,1
bf16,1,1,1,128,1,warp32_fused,0,8,100,15.9360003471,324,0.0203313248583,256,2909,true,1
bf16,1,1,1,128,1,optimized_transform,1,0,100,16.4224004745,512,0.0311769281716,256,2909,true,1
bf16,1,1,1,128,1,baseline_split,1,1,100,41.1520004272,836,0.0203149298046,256,2909,true,1
bf16,1,1,1,128,1,optimized_split,1,2,100,32.2304010391,836,0.0259382438023,256,2909,true,1
bf16,1,1,1,128,1,baseline_fused,1,3,100,27.9615998268,324,0.0115873198246,256,2909,true,1
bf16,1,1,1,128,1,optimized_fused,1,4,100,18.5920000076,324,0.017426850251,256,2909,true,1
bf16,1,1,1,128,1,warp32_transform,1,5,100,15.2768003941,512,0.03351487136,256,2909,true,1
bf16,1,1,1,128,1,warp32_split,1,6,100,30.07999897,836,0.0277925541431,256,2909,true,1
bf16,1,1,1,128,1,warp32_fused,1,7,100,15.9104001522,324,0.0203640384214,256,2909,true,1
bf16,1,1,1,128,1,baseline_transform,1,8,100,16.4543998241,512,0.0311162974932,256,2909,true,1
bf16,1,1,1,128,1,baseline_split,2,0,100,41.1520004272,836,0.0203149298046,256,2909,true,1
bf16,1,1,1,128,1,optimized_split,2,1,100,32.2496008873,836,0.0259228014301,256,2909,true,1
bf16,1,1,1,128,1,baseline_fused,2,2,100,28.0575990677,324,0.0115476737414,256,2909,true,1
bf16,1,1,1,128,1,optimized_fused,2,3,100,18.48960042,324,0.0175233640879,256,2909,true,1
bf16,1,1,1,128,1,warp32_transform,2,4,100,15.232000351,512,0.0336134446037,256,2909,true,1
bf16,1,1,1,128,1,warp32_split,2,5,100,29.9903988838,836,0.0278755878919,256,2909,true,1
bf16,1,1,1,128,1,warp32_fused,2,6,100,16.0192000866,324,0.0202257290157,256,2909,true,1
bf16,1,1,1,128,1,baseline_transform,2,7,100,16.3520002365,512,0.0313111541459,256,2909,true,1
bf16,1,1,1,128,1,optimized_transform,2,8,100,16.4608001709,512,0.0311041987439,256,2909,true,1
bf16,1,1,1,128,1,optimized_split,3,0,100,32.2176003456,836,0.0259485495826,256,2909,true,1
bf16,1,1,1,128,1,baseline_fused,3,1,100,28.0640006065,324,0.0115450396593,256,2909,true,1
bf16,1,1,1,128,1,optimized_fused,3,2,100,18.5280001163,324,0.0174870465223,256,2909,true,1
bf16,1,1,1,128,1,warp32_transform,3,3,100,15.1999998093,512,0.033684210949,256,2909,true,1
bf16,1,1,1,128,1,warp32_split,3,4,100,30.1248002052,836,0.0277512213958,256,2909,true,1
bf16,1,1,1,128,1,warp32_fused,3,5,100,16.0383999348,324,0.0202015164429,256,2909,true,1
bf16,1,1,1,128,1,baseline_transform,3,6,100,16.3776004314,512,0.0312622109779,256,2909,true,1
bf16,1,1,1,128,1,optimized_transform,3,7,100,16.4160001278,512,0.0311890835779,256,2909,true,1
bf16,1,1,1,128,1,baseline_split,3,8,100,41.1520004272,836,0.0203149298046,256,2909,true,1
bf16,1,1,1,128,1,baseline_fused,4,0,100,27.9871988297,324,0.0115767212708,256,2909,true,1
bf16,1,1,1,128,1,optimized_fused,4,1,100,18.6432003975,324,0.0173789903607,256,2909,true,1
bf16,1,1,1,128,1,warp32_transform,4,2,100,15.2576005459,512,0.0335570457793,256,2909,true,1
bf16,1,1,1,128,1,warp32_split,4,3,100,30.1760005951,836,0.0277041351907,256,2909,true,1
bf16,1,1,1,128,1,warp32_fused,4,4,100,15.9296000004,324,0.0203394937721,256,2909,true,1
bf16,1,1,1,128,1,baseline_transform,4,5,100,16.4543998241,512,0.0311162974932,256,2909,true,1
bf16,1,1,1,128,1,optimized_transform,4,6,100,16.3647997379,512,0.0312866645605,256,2909,true,1
bf16,1,1,1,128,1,baseline_split,4,7,100,41.1327981949,836,0.0203244135261,256,2909,true,1
bf16,1,1,1,128,1,optimized_split,4,8,100,32.2368001938,836,0.0259330949404,256,2909,true,1
bf16,1,17,1,128,17,baseline_transform,0,0,100,18.5280001163,8704,0.469775472007,4352,2909,true,1
bf16,1,17,1,128,17,optimized_transform,0,1,100,18.4767997265,8704,0.471077249786,4352,2909,true,1
bf16,1,17,1,128,17,baseline_split,0,2,100,44.742398262,14212,0.317640550173,4352,2909,true,1
bf16,1,17,1,128,17,optimized_split,0,3,100,35.7951998711,14212,0.397036475594,4352,2909,true,1
bf16,1,17,1,128,17,baseline_fused,0,4,100,29.6384000778,5508,0.185839990875,4352,2909,true,1
bf16,1,17,1,128,17,optimized_fused,0,5,100,20.0896000862,5508,0.274171709559,4352,2909,true,1
bf16,1,17,1,128,17,warp32_transform,0,6,100,19.8720002174,8704,0.438003215819,4352,2909,true,1
bf16,1,17,1,128,17,warp32_split,0,7,100,36.9472002983,14212,0.384657020972,4352,2909,true,1
bf16,1,17,1,128,17,warp32_fused,0,8,100,18.796800375,5508,0.293028594767,4352,2909,true,1
bf16,1,17,1,128,17,optimized_transform,1,0,100,18.4640002251,8704,0.471403807079,4352,2909,true,1
bf16,1,17,1,128,17,baseline_split,1,1,100,44.7168016434,14212,0.317822372748,4352,2909,true,1
bf16,1,17,1,128,17,optimized_split,1,2,100,35.8015990257,14212,0.396965509551,4352,2909,true,1
bf16,1,17,1,128,17,baseline_fused,1,3,100,29.6384000778,5508,0.185839990875,4352,2909,true,1
bf16,1,17,1,128,17,optimized_fused,1,4,100,20.070400238,5508,0.274433989092,4352,2909,true,1
bf16,1,17,1,128,17,warp32_transform,1,5,100,19.8272001743,8704,0.438992894784,4352,2909,true,1
bf16,1,17,1,128,17,warp32_split,1,6,100,36.8192005157,14212,0.385994258455,4352,2909,true,1
bf16,1,17,1,128,17,warp32_fused,1,7,100,18.8095998764,5508,0.292829195527,4352,2909,true,1
bf16,1,17,1,128,17,baseline_transform,1,8,100,18.393599987,8704,0.473208072707,4352,2909,true,1
bf16,1,17,1,128,17,baseline_split,2,0,100,44.6655988693,14212,0.318186711021,4352,2909,true,1
bf16,1,17,1,128,17,optimized_split,2,1,100,35.7760000229,14212,0.397249552519,4352,2909,true,1
bf16,1,17,1,128,17,baseline_fused,2,2,100,29.5935988426,5508,0.186121330808,4352,2909,true,1
bf16,1,17,1,128,17,optimized_fused,2,3,100,20.0896000862,5508,0.274171709559,4352,2909,true,1
bf16,1,17,1,128,17,warp32_transform,2,4,100,19.7055995464,8704,0.441701861417,4352,2909,true,1
bf16,1,17,1,128,17,warp32_split,2,5,100,36.8255996704,14212,0.385927184545,4352,2909,true,1
bf16,1,17,1,128,17,warp32_fused,2,6,100,18.6368000507,5508,0.295544298646,4352,2909,true,1
bf16,1,17,1,128,17,baseline_transform,2,7,100,18.5151994228,8704,0.470100256618,4352,2909,true,1
bf16,1,17,1,128,17,optimized_transform,2,8,100,18.4256005287,8704,0.472386231669,4352,2909,true,1
bf16,1,17,1,128,17,optimized_split,3,0,100,35.7696008682,14212,0.397320620165,4352,2909,true,1
bf16,1,17,1,128,17,baseline_fused,3,1,100,29.5104002953,5508,0.186646061893,4352,2909,true,1
bf16,1,17,1,128,17,optimized_fused,3,2,100,20.070400238,5508,0.274433989092,4352,2909,true,1
bf16,1,17,1,128,17,warp32_transform,3,3,100,19.7440004349,8704,0.440842777972,4352,2909,true,1
bf16,1,17,1,128,17,warp32_split,3,4,100,36.8063998222,14212,0.386128501256,4352,2909,true,1
bf16,1,17,1,128,17,warp32_fused,3,5,100,18.6624002457,5508,0.295138885004,4352,2909,true,1
bf16,1,17,1,128,17,baseline_transform,3,6,100,18.5280001163,8704,0.469775472007,4352,2909,true,1
bf16,1,17,1,128,17,optimized_transform,3,7,100,18.4256005287,8704,0.472386231669,4352,2909,true,1
bf16,1,17,1,128,17,baseline_split,3,8,100,44.723200798,14212,0.317776897592,4352,2909,true,1
bf16,1,17,1,128,17,baseline_fused,4,0,100,29.6384000778,5508,0.185839990875,4352,2909,true,1
bf16,1,17,1,128,17,optimized_fused,4,1,100,20.0896000862,5508,0.274171709559,4352,2909,true,1
bf16,1,17,1,128,17,warp32_transform,4,2,100,19.8272001743,8704,0.438992894784,4352,2909,true,1
bf16,1,17,1,128,17,warp32_split,4,3,100,36.8127989769,14212,0.386061380688,4352,2909,true,1
bf16,1,17,1,128,17,warp32_fused,4,4,100,18.8095998764,5508,0.292829195527,4352,2909,true,1
bf16,1,17,1,128,17,baseline_transform,4,5,100,18.4000003338,8704,0.47304346968,4352,2909,true,1
bf16,1,17,1,128,17,optimized_transform,4,6,100,18.5215997696,8704,0.469937808196,4352,2909,true,1
bf16,1,17,1,128,17,baseline_split,4,7,100,44.6848011017,14212,0.318049977836,4352,2909,true,1
bf16,1,17,1,128,17,optimized_split,4,8,100,35.7696008682,14212,0.397320620165,4352,2909,true,1
bf16,1,257,1,128,257,baseline_transform,0,0,100,44.1344022751,131584,2.98143836139,65792,2909,true,1
bf16,1,257,1,128,257,optimized_transform,0,1,100,42.3551988602,131584,3.10667883852,65792,2909,true,1
bf16,1,257,1,128,257,baseline_split,0,2,100,103.801603317,214852,2.06983315415,65792,2909,true,1
bf16,1,257,1,128,257,optimized_split,0,3,100,76.4544010162,214852,2.81019793686,65792,2909,true,1
bf16,1,257,1,128,257,baseline_fused,0,4,100,68.4991979599,83268,1.21560547393,65792,2909,true,1
bf16,1,257,1,128,257,optimized_fused,0,5,100,39.5199990273,83268,2.10698385753,65792,2909,true,1
bf16,1,257,1,128,257,warp32_transform,0,6,100,28.2048010826,131584,4.66530501721,65792,2909,true,1
bf16,1,257,1,128,257,warp32_split,0,7,100,56.9471979141,214852,3.77282830182,65792,2909,true,1
bf16,1,257,1,128,257,warp32_fused,0,8,100,28.8768005371,83268,2.88356045168,65792,2909,true,1
bf16,1,257,1,128,257,optimized_transform,1,0,100,41.939201355,131584,3.13749417606,65792,2909,true,1
bf16,1,257,1,128,257,baseline_split,1,1,100,103.744001389,214852,2.07098239054,65792,2909,true,1
bf16,1,257,1,128,257,optimized_split,1,2,100,76.5375995636,214852,2.80714317179,65792,2909,true,1
bf16,1,257,1,128,257,baseline_fused,1,3,100,68.4416007996,83268,1.21662846905,65792,2909,true,1
bf16,1,257,1,128,257,optimized_fused,1,4,100,39.5391988754,83268,2.10596072678,65792,2909,true,1
bf16,1,257,1,128,257,warp32_transform,1,5,100,28.3071994781,131584,4.64842875402,65792,2909,true,1
bf16,1,257,1,128,257,warp32_split,1,6,100,56.716799736,214852,3.78815449743,65792,2909,true,1
bf16,1,257,1,128,257,warp32_fused,1,7,100,28.9215993881,83268,2.87909388698,65792,2909,true,1
bf16,1,257,1,128,257,baseline_transform,1,8,100,43.0208015442,131584,3.0586133981,65792,2909,true,1
bf16,1,257,1,128,257,baseline_split,2,0,100,102.841596603,214852,2.08915465236,65792,2909,true,1
bf16,1,257,1,128,257,optimized_split,2,1,100,77.0175981522,214852,2.78964814737,65792,2909,true,1
bf16,1,257,1,128,257,baseline_fused,2,2,100,68.5888004303,83268,1.2140174413,65792,2909,true,1
bf16,1,257,1,128,257,optimized_fused,2,3,100,39.6864008904,83268,2.09814944495,65792,2909,true,1
bf16,1,257,1,128,257,warp32_transform,2,4,100,27.2896003723,131584,4.82176353647,65792,2909,true,1
bf16,1,257,1,128,257,warp32_split,2,5,100,56.8959999084,214852,3.77622329067,65792,2909,true,1
bf16,1,257,1,128,257,warp32_fused,2,6,100,28.9472007751,83268,2.87654756834,65792,2909,true,1
bf16,1,257,1,128,257,baseline_transform,2,7,100,44.012799263,131584,2.98967578076,65792,2909,true,1
bf16,1,257,1,128,257,optimized_transform,2,8,100,42.2336006165,131584,3.11562353385,65792,2909,true,1
bf16,1,257,1,128,257,optimized_split,3,0,100,76.6400003433,214852,2.80339247178,65792,2909,true,1
bf16,1,257,1,128,257,baseline_fused,3,1,100,68.5695981979,83268,1.21435741478,65792,2909,true,1
bf16,1,257,1,128,257,optimized_fused,3,2,100,39.7695994377,83268,2.09376008754,65792,2909,true,1
bf16,1,257,1,128,257,warp32_transform,3,3,100,26.7775988579,131584,4.91395814458,65792,2909,true,1
bf16,1,257,1,128,257,warp32_split,3,4,100,57.0559978485,214852,3.76563390532,65792,2909,true,1
bf16,1,257,1,128,257,warp32_fused,3,5,100,28.8895988464,83268,2.88228301274,65792,2909,true,1
bf16,1,257,1,128,257,baseline_transform,3,6,100,44.1663980484,131584,2.9792784971,65792,2909,true,1
bf16,1,257,1,128,257,optimized_transform,3,7,100,42.2079992294,131584,3.11751332454,65792,2909,true,1
bf16,1,257,1,128,257,baseline_split,3,8,100,103.936004639,214852,2.06715661957,65792,2909,true,1
bf16,1,257,1,128,257,baseline_fused,4,0,100,68.5375976562,83268,1.21492440423,65792,2909,true,1
bf16,1,257,1,128,257,optimized_fused,4,1,100,39.4944000244,83268,2.10834953686,65792,2909,true,1
bf16,1,257,1,128,257,warp32_transform,4,2,100,28.1407999992,131584,4.67591539699,65792,2909,true,1
bf16,1,257,1,128,257,warp32_split,4,3,100,56.7871999741,214852,3.78345824584,65792,2909,true,1
bf16,1,257,1,128,257,warp32_fused,4,4,100,29.0560007095,83268,2.86577636174,65792,2909,true,1
bf16,1,257,1,128,257,baseline_transform,4,5,100,42.9952001572,131584,3.06043464198,65792,2909,true,1
bf16,1,257,1,128,257,optimized_transform,4,6,100,41.9328022003,131584,3.13797297332,65792,2909,true,1
bf16,1,257,1,128,257,baseline_split,4,7,100,102.956800461,214852,2.08681698575,65792,2909,true,1
bf16,1,257,1,128,257,optimized_split,4,8,100,76.5888023376,214852,2.80526648077,65792,2909,true,1
bf16,4,64,16,128,4096,baseline_transform,0,0,100,236.985607147,2097152,8.84928002694,1048576,2909,true,1
bf16,4,64,16,128,4096,optimized_transform,0,1,100,227.251205444,2097152,9.22834268755,1048576,2909,true,1
bf16,4,64,16,128,4096,baseline_split,0,2,100,436.044807434,3424256,7.85299111839,1048576,2909,true,1
bf16,4,64,16,128,4096,optimized_split,0,3,100,395.027198792,3424256,8.66840564517,1048576,2909,true,1
bf16,4,64,16,128,4096,baseline_fused,0,4,100,210.694408417,1327104,6.29871485424,1048576,2909,true,1
bf16,4,64,16,128,4096,optimized_fused,0,5,100,177.414398193,1327104,7.48024970642,1048576,2909,true,1
bf16,4,64,16,128,4096,warp32_transform,0,6,100,132.531204224,2097152,15.8238356943,1048576,2909,true,1
bf16,4,64,16,128,4096,warp32_split,0,7,100,304.793605804,3424256,11.2346713802,1048576,2909,true,1
bf16,4,64,16,128,4096,warp32_fused,0,8,100,179.116802216,1327104,7.40915415854,1048576,2909,true,1
bf16,4,64,16,128,4096,optimized_transform,1,0,100,228.249607086,2097152,9.18797638591,1048576,2909,true,1
bf16,4,64,16,128,4096,baseline_split,1,1,100,435.680007935,3424256,7.85956651129,1048576,2909,true,1
bf16,4,64,16,128,4096,optimized_split,1,2,100,395.603218079,3424256,8.65578398637,1048576,2909,true,1
bf16,4,64,16,128,4096,baseline_fused,1,3,100,210.911998749,1327104,6.29221669641,1048576,2909,true,1
bf16,4,64,16,128,4096,optimized_fused,1,4,100,177.024002075,1327104,7.49674611602,1048576,2909,true,1
bf16,4,64,16,128,4096,warp32_transform,1,5,100,131.833600998,2097152,15.9075682081,1048576,2909,true,1
bf16,4,64,16,128,4096,warp32_split,1,6,100,304.736003876,3424256,11.2367949847,1048576,2909,true,1
bf16,4,64,16,128,4096,warp32_fused,1,7,100,179.404792786,1327104,7.39726057144,1048576,2909,true,1
bf16,4,64,16,128,4096,baseline_transform,1,8,100,235.993595123,2097152,8.88647846101,1048576,2909,true,1
bf16,4,64,16,128,4096,baseline_split,2,0,100,435.571212769,3424256,7.86152964112,1048576,2909,true,1
bf16,4,64,16,128,4096,optimized_split,2,1,100,393.862380981,3424256,8.69404179061,1048576,2909,true,1
bf16,4,64,16,128,4096,baseline_fused,2,2,100,210.85439682,1327104,6.29393562579,1048576,2909,true,1
bf16,4,64,16,128,4096,optimized_fused,2,3,100,176.832008362,1327104,7.5048856386,1048576,2909,true,1
bf16,4,64,16,128,4096,warp32_transform,2,4,100,132.185602188,2097152,15.8652074453,1048576,2909,true,1
bf16,4,64,16,128,4096,warp32_split,2,5,100,305.542392731,3424256,11.2071387849,1048576,2909,true,1
bf16,4,64,16,128,4096,warp32_fused,2,6,100,179.571208954,1327104,7.39040521992,1048576,2909,true,1
bf16,4,64,16,128,4096,baseline_transform,2,7,100,236.313591003,2097152,8.8744451434,1048576,2909,true,1
bf16,4,64,16,128,4096,optimized_transform,2,8,100,228.127994537,2097152,9.19287439603,1048576,2909,true,1
bf16,4,64,16,128,4096,optimized_split,3,0,100,393.126411438,3424256,8.71031785291,1048576,2909,true,1
bf16,4,64,16,128,4096,baseline_fused,3,1,100,210.681591034,1327104,6.29909805355,1048576,2909,true,1
bf16,4,64,16,128,4096,optimized_fused,3,2,100,177.86239624,1327104,7.46140852734,1048576,2909,true,1
bf16,4,64,16,128,4096,warp32_transform,3,3,100,132.838401794,2097152,15.7872420299,1048576,2909,true,1
bf16,4,64,16,128,4096,warp32_split,3,4,100,305.804805756,3424256,11.1975218687,1048576,2909,true,1
bf16,4,64,16,128,4096,warp32_fused,3,5,100,178.598403931,1327104,7.43065990957,1048576,2909,true,1
bf16,4,64,16,128,4096,baseline_transform,3,6,100,236.47359848,2097152,8.86844033955,1048576,2909,true,1
bf16,4,64,16,128,4096,optimized_transform,3,7,100,228.416004181,2097152,9.18128310457,1048576,2909,true,1
bf16,4,64,16,128,4096,baseline_split,3,8,100,434.662399292,3424256,7.87796691312,1048576,2909,true,1
bf16,4,64,16,128,4096,baseline_fused,4,0,100,210.643196106,1327104,6.30024621983,1048576,2909,true,1
bf16,4,64,16,128,4096,optimized_fused,4,1,100,176.735992432,1327104,7.50896284193,1048576,2909,true,1
bf16,4,64,16,128,4096,warp32_transform,4,2,100,131.987199783,2097152,15.8890559345,1048576,2909,true,1
bf16,4,64,16,128,4096,warp32_split,4,3,100,303.680000305,3424256,11.2758693248,1048576,2909,true,1
bf16,4,64,16,128,4096,warp32_fused,4,4,100,178.918399811,1327104,7.41737016094,1048576,2909,true,1
bf16,4,64,16,128,4096,baseline_transform,4,5,100,237.331199646,2097152,8.83639404818,1048576,2909,true,1
bf16,4,64,16,128,4096,optimized_transform,4,6,100,229.344005585,2097152,9.14413260836,1048576,2909,true,1
bf16,4,64,16,128,4096,baseline_split,4,7,100,434.655990601,3424256,7.8780830681,1048576,2909,true,1
bf16,4,64,16,128,4096,optimized_split,4,8,100,393.811187744,3424256,8.69517196709,1048576,2909,true,1
bf16,16,64,16,128,16384,baseline_transform,0,0,100,834.796829224,8388608,10.048682154,4194304,2909,true,1
bf16,16,64,16,128,16384,optimized_transform,0,1,100,864.454421997,8388608,9.7039332399,4194304,2909,true,1
bf16,16,64,16,128,16384,baseline_split,0,2,100,1549.17755127,13697024,8.84148107412,4194304,2909,true,1
bf16,16,64,16,128,16384,optimized_split,0,3,100,1460.7232666,13697024,9.37687809401,4194304,2909,true,1
bf16,16,64,16,128,16384,baseline_fused,0,4,100,734.713592529,5308416,7.22515011833,4194304,2909,true,1
bf16,16,64,16,128,16384,optimized_fused,0,5,100,649.523162842,5308416,8.1727893687,4194304,2909,true,1
bf16,16,64,16,128,16384,warp32_transform,0,6,100,525.094413757,8388608,15.9754279997,4194304,2909,true,1
bf16,16,64,16,128,16384,warp32_split,0,7,100,1224.2880249,13697024,11.1877464464,4194304,2909,true,1
bf16,16,64,16,128,16384,warp32_fused,0,8,100,719.289627075,5308416,7.38008140279,4194304,2909,true,1
bf16,16,64,16,128,16384,optimized_transform,1,0,100,864.825592041,8388608,9.69976845875,4194304,2909,true,1
bf16,16,64,16,128,16384,baseline_split,1,1,100,1549.86877441,13697024,8.83753787812,4194304,2909,true,1
bf16,16,64,16,128,16384,optimized_split,1,2,100,1459.72473145,13697024,9.38329241462,4194304,2909,true,1
bf16,16,64,16,128,16384,baseline_fused,1,3,100,734.393615723,5308416,7.22829813107,4194304,2909,true,1
bf16,16,64,16,128,16384,optimized_fused,1,4,100,648.441619873,5308416,8.18642085472,4194304,2909,true,1
bf16,16,64,16,128,16384,warp32_transform,1,5,100,524.691200256,8388608,15.9877047603,4194304,2909,true,1
bf16,16,64,16,128,16384,warp32_split,1,6,100,1229.57443237,13697024,11.1396460754,4194304,2909,true,1
bf16,16,64,16,128,16384,warp32_fused,1,7,100,719.276809692,5308416,7.38021291451,4194304,2909,true,1
bf16,16,64,16,128,16384,baseline_transform,1,8,100,834.617614746,8388608,10.0508398718,4194304,2909,true,1
bf16,16,64,16,128,16384,baseline_split,2,0,100,1550.57281494,13697024,8.83352517729,4194304,2909,true,1
bf16,16,64,16,128,16384,optimized_split,2,1,100,1459.87197876,13697024,9.38234598601,4194304,2909,true,1
bf16,16,64,16,128,16384,baseline_fused,2,2,100,734.873580933,5308416,7.22357713998,4194304,2909,true,1
bf16,16,64,16,128,16384,optimized_fused,2,3,100,648.723220825,5308416,8.18286725308,4194304,2909,true,1
bf16,16,64,16,128,16384,warp32_transform,2,4,100,525.580787659,8388608,15.9606442948,4194304,2909,true,1
bf16,16,64,16,128,16384,warp32_split,2,5,100,1224.15359497,13697024,11.1889750243,4194304,2909,true,1
bf16,16,64,16,128,16384,warp32_fused,2,6,100,719.980773926,5308416,7.37299688026,4194304,2909,true,1
bf16,16,64,16,128,16384,baseline_transform,2,7,100,833.273620605,8388608,10.0670509573,4194304,2909,true,1
bf16,16,64,16,128,16384,optimized_transform,2,8,100,865.708770752,8388608,9.68987294967,4194304,2909,true,1
bf16,16,64,16,128,16384,optimized_split,3,0,100,1459.16152954,13697024,9.38691414398,4194304,2909,true,1
bf16,16,64,16,128,16384,baseline_fused,3,1,100,734.52796936,5308416,7.22697599197,4194304,2909,true,1
bf16,16,64,16,128,16384,optimized_fused,3,2,100,648.966369629,5308416,8.17980137096,4194304,2909,true,1
bf16,16,64,16,128,16384,warp32_transform,3,3,100,524.9792099,8388608,15.9789337212,4194304,2909,true,1
bf16,16,64,16,128,16384,warp32_split,3,4,100,1220.58883667,13697024,11.221652688,4194304,2909,true,1
bf16,16,64,16,128,16384,warp32_fused,3,5,100,720.006408691,5308416,7.37273437558,4194304,2909,true,1
bf16,16,64,16,128,16384,baseline_transform,3,6,100,834.195175171,8388608,10.0559296549,4194304,2909,true,1
bf16,16,64,16,128,16384,optimized_transform,3,7,100,866.393585205,8388608,9.68221388437,4194304,2909,true,1
bf16,16,64,16,128,16384,baseline_split,3,8,100,1549.54238892,13697024,8.83939935943,4194304,2909,true,1
bf16,16,64,16,128,16384,baseline_fused,4,0,100,734.246368408,5308416,7.22974770922,4194304,2909,true,1
bf16,16,64,16,128,16384,optimized_fused,4,1,100,647.462387085,5308416,8.19880213258,4194304,2909,true,1
bf16,16,64,16,128,16384,warp32_transform,4,2,100,526.905593872,8388608,15.9205142203,4194304,2909,true,1
bf16,16,64,16,128,16384,warp32_split,4,3,100,1226.89277649,13697024,11.1639943298,4194304,2909,true,1
bf16,16,64,16,128,16384,warp32_fused,4,4,100,716.921615601,5308416,7.40445801115,4194304,2909,true,1
bf16,16,64,16,128,16384,baseline_transform,4,5,100,834.079971313,8388608,10.0573185888,4194304,2909,true,1
bf16,16,64,16,128,16384,optimized_transform,4,6,100,868.544006348,8388608,9.65824176863,4194304,2909,true,1
bf16,16,64,16,128,16384,baseline_split,4,7,100,1549.41436768,13697024,8.84012971982,4194304,2909,true,1
bf16,16,64,16,128,16384,optimized_split,4,8,100,1458.17596436,13697024,9.39325865658,4194304,2909,true,1
bf16,1,1,1,256,1,baseline_transform,0,0,100,18.1312000751,1024,0.0564772323815,512,2909,true,1
bf16,1,1,1,256,1,optimized_transform,0,1,100,17.8240001202,1024,0.0574506279789,512,2909,true,1
bf16,1,1,1,256,1,baseline_split,0,2,100,54.047999382,1668,0.030861456836,512,2909,true,1
bf16,1,1,1,256,1,optimized_split,0,3,100,34.0159988403,1668,0.0490357495551,512,2909,true,1
bf16,1,1,1,256,1,baseline_fused,0,4,100,39.8336005211,644,0.0161672555726,512,2909,true,1
bf16,1,1,1,256,1,optimized_fused,0,5,100,19.3535995483,644,0.0332754637395,512,2909,true,1
bf16,1,1,1,256,1,warp32_transform,0,6,100,15.9935998917,1024,0.0640256106778,512,2909,true,1
bf16,1,1,1,256,1,warp32_split,0,7,100,31.9104003906,1668,0.0522713591676,512,2909,true,1
bf16,1,1,1,256,1,warp32_fused,0,8,100,18.1376004219,644,0.0355063506208,512,2909,true,1
bf16,1,1,1,256,1,optimized_transform,1,0,100,17.8175997734,1024,0.0574712650987,512,2909,true,1
bf16,1,1,1,256,1,baseline_split,1,1,100,54.028801918,1668,0.0308724225003,512,2909,true,1
bf16,1,1,1,256,1,optimized_split,1,2,100,34.0224003792,1668,0.0490265231556,512,2909,true,1
bf16,1,1,1,256,1,baseline_fused,1,3,100,39.8271989822,644,0.0161698541815,512,2909,true,1
bf16,1,1,1,256,1,optimized_fused,1,4,100,19.3472003937,644,0.0332864697163,512,2909,true,1
bf16,1,1,1,256,1,warp32_transform,1,5,100,15.9744000435,1024,0.0641025639281,512,2909,true,1
bf16,1,1,1,256,1,warp32_split,1,6,100,31.7887997627,1668,0.0524713110419,512,2909,true,1
bf16,1,1,1,256,1,warp32_fused,1,7,100,18.1695997715,644,0.0354438186916,512,2909,true,1
bf16,1,1,1,256,1,baseline_transform,1,8,100,18.182400465,1024,0.0563181963773,512,2909,true,1
bf16,1,1,1,256,1,baseline_split,2,0,100,54.022397995,1668,0.030876082179,512,2909,true,1
bf16,1,1,1,256,1,optimized_split,2,1,100,34.0159988403,1668,0.0490357495551,512,2909,true,1
bf16,1,1,1,256,1,baseline_fused,2,2,100,39.929599762,644,0.0161283860554,512,2909,true,1
bf16,1,1,1,256,1,optimized_fused,2,3,100,19.244799614,644,0.0334635856397,512,2909,true,1
bf16,1,1,1,256,1,warp32_transform,2,4,100,16.0383999348,1024,0.0638467680171,512,2909,true,1
bf16,1,1,1,256,1,warp32_split,2,5,100,31.7951989174,1668,0.0524607505785,512,2909,true,1
bf16,1,1,1,256,1,warp32_fused,2,6,100,18.1760001183,644,0.0354313377976,512,2909,true,1
bf16,1,1,1,256,1,baseline_transform,2,7,100,18.112000227,1024,0.056537101765,512,2909,true,1
bf16,1,1,1,256,1,optimized_transform,2,8,100,17.7983999252,1024,0.0575332616584,512,2909,true,1
bf16,1,1,1,256,1,optimized_split,3,0,100,34.003200531,1668,0.0490542058969,512,2909,true,1
bf16,1,1,1,256,1,baseline_fused,3,1,100,39.9424004555,644,0.0161232172492,512,2909,true,1
bf16,1,1,1,256,1,optimized_fused,3,2,100,19.244799614,644,0.0334635856397,512,2909,true,1
bf16,1,1,1,256,1,warp32_transform,3,3,100,16.031999588,1024,0.0638722571304,512,2909,true,1
bf16,1,1,1,256,1,warp32_split,3,4,100,31.8079996109,1668,0.0524396384684,512,2909,true,1
bf16,1,1,1,256,1,warp32_fused,3,5,100,18.1887996197,644,0.0354064046812,512,2909,true,1
bf16,1,1,1,256,1,baseline_transform,3,6,100,18.086400032,1024,0.0566171265805,512,2909,true,1
bf16,1,1,1,256,1,optimized_transform,3,7,100,17.7664005756,1024,0.0576368857406,512,2909,true,1
bf16,1,1,1,256,1,baseline_split,3,8,100,54.028801918,1668,0.0308724225003,512,2909,true,1
bf16,1,1,1,256,1,baseline_fused,4,0,100,39.8399996758,644,0.0161646587661,512,2909,true,1
bf16,1,1,1,256,1,optimized_fused,4,1,100,19.3408000469,644,0.0332974850284,512,2909,true,1
bf16,1,1,1,256,1,warp32_transform,4,2,100,15.9744000435,1024,0.0641025639281,512,2909,true,1
bf16,1,1,1,256,1,warp32_split,4,3,100,31.9232010841,1668,0.0522503991878,512,2909,true,1
bf16,1,1,1,256,1,warp32_fused,4,4,100,18.1503999233,644,0.0354813118565,512,2909,true,1
bf16,1,1,1,256,1,baseline_transform,4,5,100,18.1887996197,1024,0.0562983825987,512,2909,true,1
bf16,1,1,1,256,1,optimized_transform,4,6,100,17.7023994923,1024,0.0578452655781,512,2909,true,1
bf16,1,1,1,256,1,baseline_split,4,7,100,54.0095996857,1668,0.0308833986867,512,2909,true,1
bf16,1,1,1,256,1,optimized_split,4,8,100,34.0287995338,1668,0.0490173036619,512,2909,true,1
bf16,1,17,1,256,17,baseline_transform,0,0,100,19.9360001087,17408,0.873194216747,8704,2909,true,1
bf16,1,17,1,256,17,optimized_transform,0,1,100,19.6352005005,17408,0.886571033464,8704,2909,true,1
bf16,1,17,1,256,17,baseline_split,0,2,100,56.9600009918,28356,0.497823025039,8704,2909,true,1
bf16,1,17,1,256,17,optimized_split,0,3,100,37.2031998634,28356,0.762192502368,8704,2909,true,1
bf16,1,17,1,256,17,baseline_fused,0,4,100,41.1456012726,10948,0.26607947536,8704,2909,true,1
bf16,1,17,1,256,17,optimized_fused,0,5,100,20.4543995857,10948,0.535239372543,8704,2909,true,1
bf16,1,17,1,256,17,warp32_transform,0,6,100,22.6112008095,17408,0.769883923754,8704,2909,true,1
bf16,1,17,1,256,17,warp32_split,0,7,100,44.1152000427,28356,0.642771651778,8704,2909,true,1
bf16,1,17,1,256,17,warp32_fused,0,8,100,24.2111992836,10948,0.452187430774,8704,2909,true,1
bf16,1,17,1,256,17,optimized_transform,1,0,100,19.6736001968,17408,0.884840589716,8704,2909,true,1
bf16,1,17,1,256,17,baseline_split,1,1,100,56.9471979141,28356,0.497934947436,8704,2909,true,1
bf16,1,17,1,256,17,optimized_split,1,2,100,37.1903991699,28356,0.76245484407,8704,2909,true,1
bf16,1,17,1,256,17,baseline_fused,1,3,100,41.0816001892,10948,0.266494000954,8704,2909,true,1
bf16,1,17,1,256,17,optimized_fused,1,4,100,20.4288005829,10948,0.535910072428,8704,2909,true,1
bf16,1,17,1,256,17,warp32_transform,1,5,100,22.6112008095,17408,0.769883923754,8704,2909,true,1
bf16,1,17,1,256,17,warp32_split,1,6,100,44.1152000427,28356,0.642771651778,8704,2909,true,1
bf16,1,17,1,256,17,warp32_fused,1,7,100,24.2111992836,10948,0.452187430774,8704,2909,true,1
bf16,1,17,1,256,17,baseline_transform,1,8,100,19.8528003693,17408,0.876853626502,8704,2909,true,1
bf16,1,17,1,256,17,baseline_split,2,0,100,57.305598259,28356,0.494820765536,8704,2909,true,1
bf16,1,17,1,256,17,optimized_split,2,1,100,37.1392011642,28356,0.763505921266,8704,2909,true,1
bf16,1,17,1,256,17,baseline_fused,2,2,100,41.0879993439,10948,0.266452496467,8704,2909,true,1
bf16,1,17,1,256,17,optimized_fused,2,3,100,20.5055999756,10948,0.533902934468,8704,2909,true,1
bf16,1,17,1,256,17,warp32_transform,2,4,100,22.5343990326,17408,0.772507843445,8704,2909,true,1
bf16,1,17,1,256,17,warp32_split,2,5,100,44.1088008881,28356,0.642864902901,8704,2909,true,1
bf16,1,17,1,256,17,warp32_fused,2,6,100,24.0704011917,10948,0.45483246884,8704,2909,true,1
bf16,1,17,1,256,17,baseline_transform,2,7,100,19.9168002605,17408,0.874035978283,8704,2909,true,1
bf16,1,17,1,256,17,optimized_transform,2,8,100,19.6607995033,17408,0.885416689034,8704,2909,true,1
bf16,1,17,1,256,17,optimized_split,3,0,100,37.1456003189,28356,0.763374390414,8704,2909,true,1
bf16,1,17,1,256,17,baseline_fused,3,1,100,41.1007976532,10948,0.266369526265,8704,2909,true,1
bf16,1,17,1,256,17,optimized_fused,3,2,100,20.5055999756,10948,0.533902934468,8704,2909,true,1
bf16,1,17,1,256,17,warp32_transform,3,3,100,22.5343990326,17408,0.772507843445,8704,2909,true,1
bf16,1,17,1,256,17,warp32_split,3,4,100,44.1152000427,28356,0.642771651778,8704,2909,true,1
bf16,1,17,1,256,17,warp32_fused,3,5,100,24.0896010399,10948,0.454469959128,8704,2909,true,1
bf16,1,17,1,256,17,baseline_transform,3,6,100,19.9360001087,17408,0.873194216747,8704,2909,true,1
bf16,1,17,1,256,17,optimized_transform,3,7,100,19.5904004574,17408,0.888598476477,8704,2909,true,1
bf16,1,17,1,256,17,baseline_split,3,8,100,56.9600009918,28356,0.497823025039,8704,2909,true,1
bf16,1,17,1,256,17,baseline_fused,4,0,100,41.1583995819,10948,0.265996737269,8704,2909,true,1
bf16,1,17,1,256,17,optimized_fused,4,1,100,20.4480004311,10948,0.535406874472,8704,2909,true,1
bf16,1,17,1,256,17,warp32_transform,4,2,100,22.6304006577,17408,0.769230746876,8704,2909,true,1
bf16,1,17,1,256,17,warp32_split,4,3,100,44.3135976791,28356,0.639893881001,8704,2909,true,1
bf16,1,17,1,256,17,warp32_fused,4,4,100,24.1919994354,10948,0.452546306857,8704,2909,true,1
bf16,1,17,1,256,17,baseline_transform,4,5,100,19.8912000656,17408,0.875160872274,8704,2909,true,1
bf16,1,17,1,256,17,optimized_transform,4,6,100,19.7376000881,17408,0.881971461691,8704,2909,true,1
bf16,1,17,1,256,17,baseline_split,4,7,100,56.9600009918,28356,0.497823025039,8704,2909,true,1
bf16,1,17,1,256,17,optimized_split,4,8,100,37.1456003189,28356,0.763374390414,8704,2909,true,1
bf16,1,257,1,256,257,baseline_transform,0,0,100,51.0656023026,263168,5.15352777866,131584,2909,true,1
bf16,1,257,1,256,257,optimized_transform,0,1,100,50.2464008331,263168,5.23754926993,131584,2909,true,1
bf16,1,257,1,256,257,baseline_split,0,2,100,154.003200531,428676,2.78355253996,131584,2909,true,1
bf16,1,257,1,256,257,optimized_split,0,3,100,90.713596344,428676,4.72559811623,131584,2909,true,1
bf16,1,257,1,256,257,baseline_fused,0,4,100,109.65760231,165508,1.50931623994,131584,2909,true,1
bf16,1,257,1,256,257,optimized_fused,0,5,100,45.7919979095,165508,3.6143432817,131584,2909,true,1
bf16,1,257,1,256,257,warp32_transform,0,6,100,33.9264011383,263168,7.75702671578,131584,2909,true,1
bf16,1,257,1,256,257,warp32_split,0,7,100,70.9119987488,428676,6.0451828684,131584,2909,true,1
bf16,1,257,1,256,257,warp32_fused,0,8,100,39.3919992447,165508,4.20156384985,131584,2909,true,1
bf16,1,257,1,256,257,optimized_transform,1,0,100,50.035200119,263168,5.25965718882,131584,2909,true,1
bf16,1,257,1,256,257,baseline_split,1,1,100,154.374399185,428676,2.7768593903,131584,2909,true,1
bf16,1,257,1,256,257,optimized_split,1,2,100,90.4895973206,428676,4.73729591791,131584,2909,true,1
bf16,1,257,1,256,257,baseline_fused,1,3,100,109.593601227,165508,1.51019765887,131584,2909,true,1
bf16,1,257,1,256,257,optimized_fused,1,4,100,45.7855987549,165508,3.6148484349,131584,2909,true,1
bf16,1,257,1,256,257,warp32_transform,1,5,100,33.9456009865,263168,7.75263929205,131584,2909,true,1
bf16,1,257,1,256,257,warp32_split,1,6,100,69.6384000778,428676,6.15574165289,131584,2909,true,1
bf16,1,257,1,256,257,warp32_fused,1,7,100,38.9759993553,165508,4.24640811621,131584,2909,true,1
bf16,1,257,1,256,257,baseline_transform,1,8,100,51.4368009567,263168,5.11633684648,131584,2909,true,1
bf16,1,257,1,256,257,baseline_split,2,0,100,151.808004379,428676,2.82380367065,131584,2909,true,1
bf16,1,257,1,256,257,optimized_split,2,1,100,89.7472000122,428676,4.77648327682,131584,2909,true,1
bf16,1,257,1,256,257,baseline_fused,2,2,100,109.804801941,165508,1.50729291501,131584,2909,true,1
bf16,1,257,1,256,257,optimized_fused,2,3,100,45.9583997726,165508,3.60125680656,131584,2909,true,1
bf16,1,257,1,256,257,warp32_transform,2,4,100,33.9199995995,263168,7.75849065765,131584,2909,true,1
bf16,1,257,1,256,257,warp32_split,2,5,100,72.4800014496,428676,5.91440385522,131584,2909,true,1
bf16,1,257,1,256,257,warp32_fused,2,6,100,40.659198761,165508,4.07061636834,131584,2909,true,1
bf16,1,257,1,256,257,baseline_transform,2,7,100,51.3664007187,263168,5.12334904369,131584,2909,true,1
bf16,1,257,1,256,257,optimized_transform,2,8,100,50.2335977554,263168,5.23888416835,131584,2909,true,1
bf16,1,257,1,256,257,optimized_split,3,0,100,89.9711990356,428676,4.76459138696,131584,2909,true,1
bf16,1,257,1,256,257,baseline_fused,3,1,100,109.759998322,165508,1.50790818632,131584,2909,true,1
bf16,1,257,1,256,257,optimized_fused,3,2,100,45.7471990585,165508,3.61788269897,131584,2909,true,1
bf16,1,257,1,256,257,warp32_transform,3,3,100,33.9391994476,263168,7.75410157821,131584,2909,true,1
bf16,1,257,1,256,257,warp32_split,3,4,100,72.5952005386,428676,5.90501846981,131584,2909,true,1
bf16,1,257,1,256,257,warp32_fused,3,5,100,39.7952008247,165508,4.15899396334,131584,2909,true,1
bf16,1,257,1,256,257,baseline_transform,3,6,100,51.379199028,263168,5.12207284229,131584,2909,true,1
bf16,1,257,1,256,257,optimized_transform,3,7,100,50.2207994461,263168,5.24021924984,131584,2909,true,1
bf16,1,257,1,256,257,baseline_split,3,8,100,154.489603043,428676,2.77478866899,131584,2909,true,1
bf16,1,257,1,256,257,baseline_fused,4,0,100,109.427204132,165508,1.51249409425,131584,2909,true,1
bf16,1,257,1,256,257,optimized_fused,4,1,100,45.5552005768,165508,3.63313074917,131584,2909,true,1
bf16,1,257,1,256,257,warp32_transform,4,2,100,32.7679991722,263168,8.03125020289,131584,2909,true,1
bf16,1,257,1,256,257,warp32_split,4,3,100,71.5647983551,428676,5.99003993378,131584,2909,true,1
bf16,1,257,1,256,257,warp32_fused,4,4,100,39.3280005455,165508,4.20840108076,131584,2909,true,1
bf16,1,257,1,256,257,baseline_transform,4,5,100,51.0207986832,263168,5.15805331928,131584,2909,true,1
bf16,1,257,1,256,257,optimized_transform,4,6,100,51.0784006119,263168,5.15223650011,131584,2909,true,1
bf16,1,257,1,256,257,baseline_split,4,7,100,152.11520195,428676,2.81810098205,131584,2909,true,1
bf16,1,257,1,256,257,optimized_split,4,8,100,89.1903972626,428676,4.80630217105,131584,2909,true,1
bf16,4,64,16,256,4096,baseline_transform,0,0,100,449.990386963,4194304,9.32087467092,2097152,2909,true,1
bf16,4,64,16,256,4096,optimized_transform,0,1,100,395.206413269,4194304,10.612945183,2097152,2909,true,1
bf16,4,64,16,256,4096,baseline_split,0,2,100,1107.03361511,6832128,6.17156327209,2097152,2909,true,1
bf16,4,64,16,256,4096,optimized_split,0,3,100,710.400009155,6832128,9.61729717335,2097152,2909,true,1
bf16,4,64,16,256,4096,baseline_fused,0,4,100,657.939224243,2637824,4.00922137304,2097152,2909,true,1
bf16,4,64,16,256,4096,optimized_fused,0,5,100,355.795211792,2637824,7.41388279711,2097152,2909,true,1
bf16,4,64,16,256,4096,warp32_transform,0,6,100,227.833595276,4194304,18.4095062667,2097152,2909,true,1
bf16,4,64,16,256,4096,warp32_split,0,7,100,564.844818115,6832128,12.0955840983,2097152,2909,true,1
bf16,4,64,16,256,4096,warp32_fused,0,8,100,341.759986877,2637824,7.71835235629,2097152,2909,true,1
bf16,4,64,16,256,4096,optimized_transform,1,0,100,394.022407532,4194304,10.6448362322,2097152,2909,true,1
bf16,4,64,16,256,4096,baseline_split,1,1,100,1110.4447937,6832128,6.15260482894,2097152,2909,true,1
bf16,4,64,16,256,4096,optimized_split,1,2,100,711.251220703,6832128,9.60578738023,2097152,2909,true,1
bf16,4,64,16,256,4096,baseline_fused,1,3,100,658.579177856,2637824,4.00532553821,2097152,2909,true,1
bf16,4,64,16,256,4096,optimized_fused,1,4,100,355.372810364,2637824,7.4226950489,2097152,2909,true,1
bf16,4,64,16,256,4096,warp32_transform,1,5,100,227.974395752,4194304,18.3981362739,2097152,2909,true,1
bf16,4,64,16,256,4096,warp32_split,1,6,100,566.060791016,6832128,12.0696011956,2097152,2909,true,1
bf16,4,64,16,256,4096,warp32_fused,1,7,100,340.665588379,2637824,7.7431477965,2097152,2909,true,1
bf16,4,64,16,256,4096,baseline_transform,1,8,100,449.702415466,4194304,9.32684338742,2097152,2909,true,1
bf16,4,64,16,256,4096,baseline_split,2,0,100,1109.70237732,6832128,6.15672106291,2097152,2909,true,1
bf16,4,64,16,256,4096,optimized_split,2,1,100,712.895965576,6832128,9.58362556376,2097152,2909,true,1
bf16,4,64,16,256,4096,baseline_fused,2,2,100,657.772827148,2637824,4.01023558762,2097152,2909,true,1
bf16,4,64,16,256,4096,optimized_fused,2,3,100,355.929603577,2637824,7.41108346564,2097152,2909,true,1
bf16,4,64,16,256,4096,warp32_transform,2,4,100,227.609596252,4194304,18.4276237428,2097152,2909,true,1
bf16,4,64,16,256,4096,warp32_split,2,5,100,565.120010376,6832128,12.0896940023,2097152,2909,true,1
bf16,4,64,16,256,4096,warp32_fused,2,6,100,339.833602905,2637824,7.76210468138,2097152,2909,true,1
bf16,4,64,16,256,4096,baseline_transform,2,7,100,451.379203796,4194304,9.29219592911,2097152,2909,true,1
bf16,4,64,16,256,4096,optimized_transform,2,8,100,392.91519165,4194304,10.6748328625,2097152,2909,true,1
bf16,4,64,16,256,4096,optimized_split,3,0,100,711.615982056,6832128,9.60086362909,2097152,2909,true,1
bf16,4,64,16,256,4096,baseline_fused,3,1,100,655.436782837,2637824,4.02452848097,2097152,2909,true,1
bf16,4,64,16,256,4096,optimized_fused,3,2,100,355.05279541,2637824,7.42938524664,2097152,2909,true,1
bf16,4,64,16,256,4096,warp32_transform,3,3,100,228.505592346,4194304,18.3553669603,2097152,2909,true,1
bf16,4,64,16,256,4096,warp32_split,3,4,100,562.451210022,6832128,12.1470589418,2097152,2909,true,1
bf16,4,64,16,256,4096,warp32_fused,3,5,100,339.628791809,2637824,7.76678557183,2097152,2909,true,1
bf16,4,64,16,256,4096,baseline_transform,3,6,100,450.636787415,4194304,9.3075046626,2097152,2909,true,1
bf16,4,64,16,256,4096,optimized_transform,3,7,100,393.587188721,4194304,10.6566070243,2097152,2909,true,1
bf16,4,64,16,256,4096,baseline_split,3,8,100,1111.78237915,6832128,6.14520262969,2097152,2909,true,1
bf16,4,64,16,256,4096,baseline_fused,4,0,100,658.873596191,2637824,4.00353575443,2097152,2909,true,1
bf16,4,64,16,256,4096,optimized_fused,4,1,100,356.166381836,2637824,7.40615660131,2097152,2909,true,1
bf16,4,64,16,256,4096,warp32_transform,4,2,100,228.42880249,4194304,18.3615373993,2097152,2909,true,1
bf16,4,64,16,256,4096,warp32_split,4,3,100,564.704017639,6832128,12.0985999508,2097152,2909,true,1
bf16,4,64,16,256,4096,warp32_fused,4,4,100,340.851211548,2637824,7.73893097819,2097152,2909,true,1
bf16,4,64,16,256,4096,baseline_transform,4,5,100,451.404800415,4194304,9.29166902112,2097152,2909,true,1
bf16,4,64,16,256,4096,optimized_transform,4,6,100,390.355186462,4194304,10.7448399444,2097152,2909,true,1
bf16,4,64,16,256,4096,baseline_split,4,7,100,1104.92797852,6832128,6.18332428253,2097152,2909,true,1
bf16,4,64,16,256,4096,optimized_split,4,8,100,711.436767578,6832128,9.60328213463,2097152,2909,true,1
bf16,16,64,16,256,16384,baseline_transform,0,0,100,1691.60324097,16777216,9.91793796187,8388608,2909,true,1
bf16,16,64,16,256,16384,optimized_transform,0,1,100,1478.3039856,16777216,11.3489621644,8388608,2909,true,1
bf16,16,64,16,256,16384,baseline_split,0,2,100,3955.39825439,27328512,6.90916824106,8388608,2909,true,1
bf16,16,64,16,256,16384,optimized_split,0,3,100,2071.51367188,27328512,13.1925327701,8388608,2909,true,1
bf16,16,64,16,256,16384,baseline_fused,0,4,100,2375.83999634,10551296,4.44108021427,8388608,2909,true,1
bf16,16,64,16,256,16384,optimized_fused,0,5,100,738.681564331,10551296,14.283957404,8388608,2909,true,1
bf16,16,64,16,256,16384,warp32_transform,0,6,100,865.081634521,16777216,19.3937951408,8388608,2909,true,1
bf16,16,64,16,256,16384,warp32_split,0,7,100,2223.29605103,27328512,12.2918906762,8388608,2909,true,1
bf16,16,64,16,256,16384,warp32_fused,0,8,100,1334.86724854,10551296,7.90437851523,8388608,2909,true,1
bf16,16,64,16,256,16384,optimized_transform,1,0,100,1479.85275269,16777216,11.3370846995,8388608,2909,true,1
bf16,16,64,16,256,16384,baseline_split,1,1,100,3961.70227051,27328512,6.89817410143,8388608,2909,true,1
bf16,16,64,16,256,16384,optimized_split,1,2,100,2073.74725342,27328512,13.1783234215,8388608,2909,true,1
bf16,16,64,16,256,16384,baseline_fused,1,3,100,2376.30722046,10551296,4.44020701918,8388608,2909,true,1
bf16,16,64,16,256,16384,optimized_fused,1,4,100,739.436798096,10551296,14.2693682911,8388608,2909,true,1
bf16,16,64,16,256,16384,warp32_transform,1,5,100,862.892837524,16777216,19.4429890601,8388608,2909,true,1
bf16,16,64,16,256,16384,warp32_split,1,6,100,2224.90234375,27328512,12.2830164105,8388608,2909,true,1
bf16,16,64,16,256,16384,warp32_fused,1,7,100,1331.30874634,10551296,7.9255064079,8388608,2909,true,1
bf16,16,64,16,256,16384,baseline_transform,1,8,100,1691.61605835,16777216,9.9178628136,8388608,2909,true,1
bf16,16,64,16,256,16384,baseline_split,2,0,100,3949.46563721,27328512,6.91954672109,8388608,2909,true,1
bf16,16,64,16,256,16384,optimized_split,2,1,100,2076.02554321,27328512,13.1638611525,8388608,2909,true,1
bf16,16,64,16,256,16384,baseline_fused,2,2,100,2373.01116943,10551296,4.44637435167,8388608,2909,true,1
bf16,16,64,16,256,16384,optimized_fused,2,3,100,738.84803772,10551296,14.2807390171,8388608,2909,true,1
bf16,16,64,16,256,16384,warp32_transform,2,4,100,862.796783447,16777216,19.4451536235,8388608,2909,true,1
bf16,16,64,16,256,16384,warp32_split,2,5,100,2225.21606445,27328512,12.2812846971,8388608,2909,true,1
bf16,16,64,16,256,16384,warp32_fused,2,6,100,1331.20635986,10551296,7.92611597881,8388608,2909,true,1
bf16,16,64,16,256,16384,baseline_transform,2,7,100,1687.35992432,16777216,9.94287926258,8388608,2909,true,1
bf16,16,64,16,256,16384,optimized_transform,2,8,100,1478.00323486,16777216,11.3512715022,8388608,2909,true,1
bf16,16,64,16,256,16384,optimized_split,3,0,100,2076.89605713,27328512,13.1583436283,8388608,2909,true,1
bf16,16,64,16,256,16384,baseline_fused,3,1,100,2376.00646973,10551296,4.44076905279,8388608,2909,true,1
bf16,16,64,16,256,16384,optimized_fused,3,2,100,738.796768188,10551296,14.2817300431,8388608,2909,true,1
bf16,16,64,16,256,16384,warp32_transform,3,3,100,863.94241333,16777216,19.419368399,8388608,2909,true,1
bf16,16,64,16,256,16384,warp32_split,3,4,100,2226.61117554,27328512,12.2735897045,8388608,2909,true,1
bf16,16,64,16,256,16384,warp32_fused,3,5,100,1331.43035889,10551296,7.92478249394,8388608,2909,true,1
bf16,16,64,16,256,16384,baseline_transform,3,6,100,1692.43515015,16777216,9.91306284235,8388608,2909,true,1
bf16,16,64,16,256,16384,optimized_transform,3,7,100,1477.2479248,16777216,11.357075355,8388608,2909,true,1
bf16,16,64,16,256,16384,baseline_split,3,8,100,3955.50720215,27328512,6.90897793971,8388608,2909,true,1
bf16,16,64,16,256,16384,baseline_fused,4,0,100,2376.75521851,10551296,4.4393700781,8388608,2909,true,1
bf16,16,64,16,256,16384,optimized_fused,4,1,100,739.008026123,10551296,14.2776473692,8388608,2909,true,1
bf16,16,64,16,256,16384,warp32_transform,4,2,100,863.046417236,16777216,19.4395291666,8388608,2909,true,1
bf16,16,64,16,256,16384,warp32_split,4,3,100,2228.06396484,27328512,12.2655868194,8388608,2909,true,1
bf16,16,64,16,256,16384,warp32_fused,4,4,100,1336.6784668,10551296,7.89366797034,8388608,2909,true,1
bf16,16,64,16,256,16384,baseline_transform,4,5,100,1698.1312561,16777216,9.87981108039,8388608,2909,true,1
bf16,16,64,16,256,16384,optimized_transform,4,6,100,1475.39840698,16777216,11.3713122643,8388608,2909,true,1
bf16,16,64,16,256,16384,baseline_split,4,7,100,3957.4206543,27328512,6.90563738033,8388608,2909,true,1
bf16,16,64,16,256,16384,optimized_split,4,8,100,2076.68487549,27328512,13.1596817228,8388608,2909,true,1
