dtype,batch,seq,heads,dim,rows,method,group,order,repeats,kernel_us,logical_io_bytes,logical_GBs,input_working_set_bytes,seed,input_read_only,scale
fp16,1,1,1,64,1,baseline_transform,0,0,100,15.6799995899,256,0.0163265310392,128,2909,true,1
fp16,1,1,1,64,1,optimized_transform,0,1,100,15.5648005009,256,0.0164473678918,128,2909,true,1
fp16,1,1,1,64,1,baseline_split,0,2,100,35.0720000267,420,0.0119753649544,128,2909,true,1
fp16,1,1,1,64,1,optimized_split,0,3,100,30.7392001152,420,0.0136633353642,128,2909,true,1
fp16,1,1,1,64,1,baseline_fused,0,4,100,22.1119999886,164,0.00741678726867,128,2909,true,1
fp16,1,1,1,64,1,optimized_fused,0,5,100,18.1631994247,164,0.00902924623382,128,2909,true,1
fp16,1,1,1,64,1,warp32_transform,0,6,100,15.2831995487,256,0.0167504192551,128,2909,true,1
fp16,1,1,1,64,1,warp32_split,0,7,100,29.92000103,420,0.0140374326719,128,2909,true,1
fp16,1,1,1,64,1,warp32_fused,0,8,100,15.2768003941,164,0.0107352322325,128,2909,true,1
fp16,1,1,1,64,1,optimized_transform,1,0,100,15.5200004578,256,0.0164948448743,128,2909,true,1
fp16,1,1,1,64,1,baseline_split,1,1,100,35.0848007202,420,0.0119709957411,128,2909,true,1
fp16,1,1,1,64,1,optimized_split,1,2,100,30.8351993561,420,0.0136207972956,128,2909,true,1
fp16,1,1,1,64,1,baseline_fused,1,3,100,22.0928001404,164,0.00742323286129,128,2909,true,1
fp16,1,1,1,64,1,optimized_fused,1,4,100,18.1247997284,164,0.00904837584181,128,2909,true,1
fp16,1,1,1,64,1,warp32_transform,1,5,100,15.2576005459,256,0.0167785228896,128,2909,true,1
fp16,1,1,1,64,1,warp32_split,1,6,100,30.0735998154,420,0.0139657374767,128,2909,true,1
fp16,1,1,1,64,1,warp32_fused,1,7,100,15.2639997005,164,0.0107442350116,128,2909,true,1
fp16,1,1,1,64,1,baseline_transform,1,8,100,15.7760000229,256,0.0162271805038,128,2909,true,1
fp16,1,1,1,64,1,baseline_split,2,0,100,35.3600001335,420,0.0118778280094,128,2909,true,1
fp16,1,1,1,64,1,optimized_split,2,1,100,30.8992004395,420,0.013592584728,128,2909,true,1
fp16,1,1,1,64,1,baseline_fused,2,2,100,22.2144007683,164,0.00738259841941,128,2909,true,1
fp16,1,1,1,64,1,optimized_fused,2,3,100,18.112000227,164,0.00905477020455,128,2909,true,1
fp16,1,1,1,64,1,warp32_transform,2,4,100,15.2447998524,256,0.0167926114137,128,2909,true,1
fp16,1,1,1,64,1,warp32_split,2,5,100,29.9264001846,420,0.0140344310511,128,2909,true,1
fp16,1,1,1,64,1,warp32_fused,2,6,100,15.2447998524,164,0.0107577666869,128,2909,true,1
fp16,1,1,1,64,1,baseline_transform,2,7,100,15.6288003922,256,0.016380015969,128,2909,true,1
fp16,1,1,1,64,1,optimized_transform,2,8,100,15.5519998074,256,0.0164609055537,128,2909,true,1
fp16,1,1,1,64,1,optimized_split,3,0,100,30.8800005913,420,0.013601036009,128,2909,true,1
fp16,1,1,1,64,1,baseline_fused,3,1,100,22.2144007683,164,0.00738259841941,128,2909,true,1
fp16,1,1,1,64,1,optimized_fused,3,2,100,18.1055998802,164,0.00905797107442,128,2909,true,1
fp16,1,1,1,64,1,warp32_transform,3,3,100,15.2191996574,256,0.0168208582424,128,2909,true,1
fp16,1,1,1,64,1,warp32_split,3,4,100,29.9264001846,420,0.0140344310511,128,2909,true,1
fp16,1,1,1,64,1,warp32_fused,3,5,100,15.2191996574,164,0.0107758623115,128,2909,true,1
fp16,1,1,1,64,1,baseline_transform,3,6,100,15.6224000454,256,0.0163867267037,128,2909,true,1
fp16,1,1,1,64,1,optimized_transform,3,7,100,15.5648005009,256,0.0164473678918,128,2909,true,1
fp16,1,1,1,64,1,baseline_split,3,8,100,35.3791999817,420,0.0118713820611,128,2909,true,1
fp16,1,1,1,64,1,baseline_fused,4,0,100,22.099199295,164,0.00742108335286,128,2909,true,1
fp16,1,1,1,64,1,optimized_fused,4,1,100,18.1376004219,164,0.00904198990964,128,2909,true,1
fp16,1,1,1,64,1,warp32_transform,4,2,100,15.232000351,256,0.0168067223018,128,2909,true,1
fp16,1,1,1,64,1,warp32_split,4,3,100,30.07999897,420,0.0139627664355,128,2909,true,1
fp16,1,1,1,64,1,warp32_fused,4,4,100,15.232000351,164,0.0107668064746,128,2909,true,1
fp16,1,1,1,64,1,baseline_transform,4,5,100,15.7632005215,256,0.0162403567506,128,2909,true,1
fp16,1,1,1,64,1,optimized_transform,4,6,100,15.4752004147,256,0.0165425967445,128,2909,true,1
fp16,1,1,1,64,1,baseline_split,4,7,100,35.3663992882,420,0.0118756788492,128,2909,true,1
fp16,1,1,1,64,1,optimized_split,4,8,100,30.8992004395,420,0.013592584728,128,2909,true,1
fp16,1,17,1,64,17,baseline_transform,0,0,100,17.427200079,4352,0.249724567359,2176,2909,true,1
fp16,1,17,1,64,17,optimized_transform,0,1,100,17.0495998859,4352,0.255255256963,2176,2909,true,1
fp16,1,17,1,64,17,baseline_split,0,2,100,38.4064006805,7140,0.185906512287,2176,2909,true,1
fp16,1,17,1,64,17,optimized_split,0,3,100,34.003200531,7140,0.209980233875,2176,2909,true,1
fp16,1,17,1,64,17,baseline_fused,0,4,100,23.7247991562,2788,0.117514166575,2176,2909,true,1
fp16,1,17,1,64,17,optimized_fused,0,5,100,19.5071995258,2788,0.142921591401,2176,2909,true,1
fp16,1,17,1,64,17,warp32_transform,0,6,100,18.1247997284,4352,0.240112997948,2176,2909,true,1
fp16,1,17,1,64,17,warp32_split,0,7,100,34.8223996162,7140,0.205040436003,2176,2909,true,1
fp16,1,17,1,64,17,warp32_fused,0,8,100,17.4720001221,2788,0.159569595955,2176,2909,true,1
fp16,1,17,1,64,17,optimized_transform,1,0,100,17.0047998428,4352,0.255927740416,2176,2909,true,1
fp16,1,17,1,64,17,baseline_split,1,1,100,38.4064006805,7140,0.185906512287,2176,2909,true,1
fp16,1,17,1,64,17,optimized_split,1,2,100,34.0095996857,7140,0.20994072456,2176,2909,true,1
fp16,1,17,1,64,17,baseline_fused,1,3,100,23.7247991562,2788,0.117514166575,2176,2909,true,1
fp16,1,17,1,64,17,optimized_fused,1,4,100,19.4560003281,2788,0.143297694952,2176,2909,true,1
fp16,1,17,1,64,17,warp32_transform,1,5,100,18.1439995766,4352,0.239858912123,2176,2909,true,1
fp16,1,17,1,64,17,warp32_split,1,6,100,34.6815991402,7140,0.205872859874,2176,2909,true,1
fp16,1,17,1,64,17,warp32_fused,1,7,100,17.4463999271,2788,0.159803742414,2176,2909,true,1
fp16,1,17,1,64,17,baseline_transform,1,8,100,17.3888003826,4352,0.250276034243,2176,2909,true,1
fp16,1,17,1,64,17,baseline_split,2,0,100,38.3680009842,7140,0.186092572374,2176,2909,true,1
fp16,1,17,1,64,17,optimized_split,2,1,100,34.0159988403,7140,0.20990123011,2176,2909,true,1
fp16,1,17,1,64,17,baseline_fused,2,2,100,23.6416006088,2788,0.117927717591,2176,2909,true,1
fp16,1,17,1,64,17,optimized_fused,2,3,100,19.5008003712,2788,0.142968490879,2176,2909,true,1
fp16,1,17,1,64,17,warp32_transform,2,4,100,18.0032002926,4352,0.241734798773,2176,2909,true,1
fp16,1,17,1,64,17,warp32_split,2,5,100,34.7519993782,7140,0.205455804781,2176,2909,true,1
fp16,1,17,1,64,17,warp32_fused,2,6,100,17.3503994942,2788,0.160687942715,2176,2909,true,1
fp16,1,17,1,64,17,baseline_transform,2,7,100,17.4336004257,4352,0.249632886709,2176,2909,true,1
fp16,1,17,1,64,17,optimized_transform,2,8,100,17.0047998428,4352,0.255927740416,2176,2909,true,1
fp16,1,17,1,64,17,optimized_split,3,0,100,33.9967989922,7140,0.210019772792,2176,2909,true,1
fp16,1,17,1,64,17,baseline_fused,3,1,100,23.6543989182,2788,0.117863912317,2176,2909,true,1
fp16,1,17,1,64,17,optimized_fused,3,2,100,19.5519995689,2788,0.142594111163,2176,2909,true,1
fp16,1,17,1,64,17,warp32_transform,3,3,100,17.9519999027,4352,0.242424243738,2176,2909,true,1
fp16,1,17,1,64,17,warp32_split,3,4,100,34.7584009171,7140,0.205417965488,2176,2909,true,1
fp16,1,17,1,64,17,warp32_fused,3,5,100,17.331199646,2788,0.160865956018,2176,2909,true,1
fp16,1,17,1,64,17,baseline_transform,3,6,100,17.3759996891,4352,0.250460409638,2176,2909,true,1
fp16,1,17,1,64,17,optimized_transform,3,7,100,17.0304000378,4352,0.25554302837,2176,2909,true,1
fp16,1,17,1,64,17,baseline_split,3,8,100,38.4127998352,7140,0.185875542284,2176,2909,true,1
fp16,1,17,1,64,17,baseline_fused,4,0,100,23.7120008469,2788,0.117577593642,2176,2909,true,1
fp16,1,17,1,64,17,optimized_fused,4,1,100,19.5071995258,2788,0.142921591401,2176,2909,true,1
fp16,1,17,1,64,17,warp32_transform,4,2,100,18.0991995335,4352,0.240452622888,2176,2909,true,1
fp16,1,17,1,64,17,warp32_split,4,3,100,34.7007989883,7140,0.205758951037,2176,2909,true,1
fp16,1,17,1,64,17,warp32_fused,4,4,100,17.4144005775,2788,0.160097385356,2176,2909,true,1
fp16,1,17,1,64,17,baseline_transform,4,5,100,17.3759996891,4352,0.250460409638,2176,2909,true,1
fp16,1,17,1,64,17,optimized_transform,4,6,100,17.0368003845,4352,0.255447026541,2176,2909,true,1
fp16,1,17,1,64,17,baseline_split,4,7,100,38.3999991417,7140,0.185937504156,2176,2909,true,1
fp16,1,17,1,64,17,optimized_split,4,8,100,34.003200531,7140,0.209980233875,2176,2909,true,1
fp16,1,257,1,64,257,baseline_transform,0,0,100,38.4832000732,65792,1.70962913362,32896,2909,true,1
fp16,1,257,1,64,257,optimized_transform,0,1,100,36.5887999535,65792,1.79814588299,32896,2909,true,1
fp16,1,257,1,64,257,baseline_split,0,2,100,76.1535978317,107940,1.41739856124,32896,2909,true,1
fp16,1,257,1,64,257,optimized_split,0,3,100,70.9568023682,107940,1.52120721901,32896,2909,true,1
fp16,1,257,1,64,257,baseline_fused,0,4,100,42.4832010269,42148,0.992109798254,32896,2909,true,1
fp16,1,257,1,64,257,optimized_fused,0,5,100,38.0927991867,42148,1.1064558368,32896,2909,true,1
fp16,1,257,1,64,257,warp32_transform,0,6,100,21.7792010307,65792,3.02086380061,32896,2909,true,1
fp16,1,257,1,64,257,warp32_split,0,7,100,41.984000206,107940,2.57097940812,32896,2909,true,1
fp16,1,257,1,64,257,warp32_fused,0,8,100,21.7407989502,42148,1.93865920459,32896,2909,true,1
fp16,1,257,1,64,257,optimized_transform,1,0,100,36.7680001259,65792,1.78938206524,32896,2909,true,1
fp16,1,257,1,64,257,baseline_split,1,1,100,76.4544010162,107940,1.41182193,32896,2909,true,1
fp16,1,257,1,64,257,optimized_split,1,2,100,70.5344009399,107940,1.53031710147,32896,2909,true,1
fp16,1,257,1,64,257,baseline_fused,1,3,100,42.3744010925,42148,0.994657125843,32896,2909,true,1
fp16,1,257,1,64,257,optimized_fused,1,4,100,38.0672001839,42148,1.10719989378,32896,2909,true,1
fp16,1,257,1,64,257,warp32_transform,1,5,100,21.6576004028,65792,3.0378250026,32896,2909,true,1
fp16,1,257,1,64,257,warp32_split,1,6,100,42.073597908,107940,2.56550438676,32896,2909,true,1
fp16,1,257,1,64,257,warp32_fused,1,7,100,22.7008008957,42148,1.85667458138,32896,2909,true,1
fp16,1,257,1,64,257,baseline_transform,1,8,100,38.5023999214,65792,1.70877659923,32896,2909,true,1
fp16,1,257,1,64,257,baseline_split,2,0,100,76.761598587,107940,1.4061718618,32896,2909,true,1
fp16,1,257,1,64,257,optimized_split,2,1,100,70.7776021957,107940,1.52505872835,32896,2909,true,1
fp16,1,257,1,64,257,baseline_fused,2,2,100,41.8815994263,42148,1.00636080229,32896,2909,true,1
fp16,1,257,1,64,257,optimized_fused,2,3,100,38.278400898,42148,1.10109092886,32896,2909,true,1
fp16,1,257,1,64,257,warp32_transform,2,4,100,21.5488004684,65792,3.05316298679,32896,2909,true,1
fp16,1,257,1,64,257,warp32_split,2,5,100,41.8943977356,107940,2.57647814109,32896,2909,true,1
fp16,1,257,1,64,257,warp32_fused,2,6,100,21.299200058,42148,1.97885366048,32896,2909,true,1
fp16,1,257,1,64,257,baseline_transform,2,7,100,38.4127998352,65792,1.71276241988,32896,2909,true,1
fp16,1,257,1,64,257,optimized_transform,2,8,100,36.6143989563,65792,1.79688870705,32896,2909,true,1
fp16,1,257,1,64,257,optimized_split,3,0,100,71.1040019989,107940,1.51805801313,32896,2909,true,1
fp16,1,257,1,64,257,baseline_fused,3,1,100,41.9008016586,42148,1.00589960888,32896,2909,true,1
fp16,1,257,1,64,257,optimized_fused,3,2,100,38.252799511,42148,1.10182785414,32896,2909,true,1
fp16,1,257,1,64,257,warp32_transform,3,3,100,21.7343997955,65792,3.02709072341,32896,2909,true,1
fp16,1,257,1,64,257,warp32_split,3,4,100,42.1248006821,107940,2.56238601138,32896,2909,true,1
fp16,1,257,1,64,257,warp32_fused,3,5,100,21.5231990814,42148,1.95825907852,32896,2909,true,1
fp16,1,257,1,64,257,baseline_transform,3,6,100,38.4832000732,65792,1.70962913362,32896,2909,true,1
fp16,1,257,1,64,257,optimized_transform,3,7,100,36.5375995636,65792,1.8006656372,32896,2909,true,1
fp16,1,257,1,64,257,baseline_split,3,8,100,76.4608001709,107940,1.41170377185,32896,2909,true,1
fp16,1,257,1,64,257,baseline_fused,4,0,100,42.3999977112,42148,0.994056657434,32896,2909,true,1
fp16,1,257,1,64,257,optimized_fused,4,1,100,38.0800008774,42148,1.10682770559,32896,2909,true,1
fp16,1,257,1,64,257,warp32_transform,4,2,100,21.676800251,65792,3.03513430203,32896,2909,true,1
fp16,1,257,1,64,257,warp32_split,4,3,100,42.2463989258,107940,2.55501066942,32896,2909,true,1
fp16,1,257,1,64,257,warp32_fused,4,4,100,22.1311998367,42148,1.90446068496,32896,2909,true,1
fp16,1,257,1,64,257,baseline_transform,4,5,100,38.585600853,65792,1.70509201737,32896,2909,true,1
fp16,1,257,1,64,257,optimized_transform,4,6,100,37.5552010536,65792,1.75187452481,32896,2909,true,1
fp16,1,257,1,64,257,baseline_split,4,7,100,76.8064022064,107940,1.40535159699,32896,2909,true,1
fp16,1,257,1,64,257,optimized_split,4,8,100,70.9952020645,107940,1.52038443248,32896,2909,true,1
fp16,4,64,16,64,4096,baseline_transform,0,0,100,164.640007019,1048576,6.36890157493,524288,2909,true,1
fp16,4,64,16,64,4096,optimized_transform,0,1,100,162.259197235,1048576,6.46235170559,524288,2909,true,1
fp16,4,64,16,64,4096,baseline_split,0,2,100,304.364795685,1720320,5.65216485083,524288,2909,true,1
fp16,4,64,16,64,4096,optimized_split,0,3,100,279.795207977,1720320,6.14849701121,524288,2909,true,1
fp16,4,64,16,64,4096,baseline_fused,0,4,100,157.420797348,671744,4.26718712722,524288,2909,true,1
fp16,4,64,16,64,4096,optimized_fused,0,5,100,128.281602859,671744,5.23647962784,524288,2909,true,1
fp16,4,64,16,64,4096,warp32_transform,0,6,100,88.0512046814,1048576,11.9087070278,524288,2909,true,1
fp16,4,64,16,64,4096,warp32_split,0,7,100,240.940799713,1720320,7.14001116477,524288,2909,true,1
fp16,4,64,16,64,4096,warp32_fused,0,8,100,148.012800217,671744,4.53841829231,524288,2909,true,1
fp16,4,64,16,64,4096,optimized_transform,1,0,100,161.408004761,1048576,6.49643121204,524288,2909,true,1
fp16,4,64,16,64,4096,baseline_split,1,1,100,303.55840683,1720320,5.6671795651,524288,2909,true,1
fp16,4,64,16,64,4096,optimized_split,1,2,100,279.808006287,1720320,6.14821578135,524288,2909,true,1
fp16,4,64,16,64,4096,baseline_fused,1,3,100,157.024002075,671744,4.27797019005,524288,2909,true,1
fp16,4,64,16,64,4096,optimized_fused,1,4,100,128.179197311,671744,5.24066318162,524288,2909,true,1
fp16,4,64,16,64,4096,warp32_transform,1,5,100,87.9232025146,1048576,11.9260442069,524288,2909,true,1
fp16,4,64,16,64,4096,warp32_split,1,6,100,241.292800903,1720320,7.12959522025,524288,2909,true,1
fp16,4,64,16,64,4096,warp32_fused,1,7,100,147.743997574,671744,4.54667540496,524288,2909,true,1
fp16,4,64,16,64,4096,baseline_transform,1,8,100,165.203208923,1048576,6.34718905785,524288,2909,true,1
fp16,4,64,16,64,4096,baseline_split,2,0,100,303.769607544,1720320,5.66323936719,524288,2909,true,1
fp16,4,64,16,64,4096,optimized_split,2,1,100,279.891204834,1720320,6.14638820473,524288,2909,true,1
fp16,4,64,16,64,4096,baseline_fused,2,2,100,157.235202789,671744,4.27222395547,524288,2909,true,1
fp16,4,64,16,64,4096,optimized_fused,2,3,100,128.23679924,671744,5.23830915915,524288,2909,true,1
fp16,4,64,16,64,4096,warp32_transform,2,4,100,87.3344039917,1048576,12.0064482274,524288,2909,true,1
fp16,4,64,16,64,4096,warp32_split,2,5,100,240.3647995,1720320,7.15712119072,524288,2909,true,1
fp16,4,64,16,64,4096,warp32_fused,2,6,100,150.495996475,671744,4.46353401906,524288,2909,true,1
fp16,4,64,16,64,4096,baseline_transform,2,7,100,165.107192993,1048576,6.35088018269,524288,2909,true,1
fp16,4,64,16,64,4096,optimized_transform,2,8,100,161.843204498,1048576,6.47896217361,524288,2909,true,1
fp16,4,64,16,64,4096,optimized_split,3,0,100,280.31999588,1720320,6.13698639157,524288,2909,true,1
fp16,4,64,16,64,4096,baseline_fused,3,1,100,157.337598801,671744,4.26944357306,524288,2909,true,1
fp16,4,64,16,64,4096,optimized_fused,3,2,100,126.694402695,671744,5.30208111576,524288,2909,true,1
fp16,4,64,16,64,4096,warp32_transform,3,3,100,87.1807956696,1048576,12.0276030053,524288,2909,true,1
fp16,4,64,16,64,4096,warp32_split,3,4,100,240.895996094,1720320,7.14133911686,524288,2909,true,1
fp16,4,64,16,64,4096,warp32_fused,3,5,100,149.094400406,671744,4.50549449323,524288,2909,true,1
fp16,4,64,16,64,4096,baseline_transform,3,6,100,165.721607208,1048576,6.32733424243,524288,2909,true,1
fp16,4,64,16,64,4096,optimized_transform,3,7,100,161.830406189,1048576,6.4794745604,524288,2909,true,1
fp16,4,64,16,64,4096,baseline_split,3,8,100,303.993606567,1720320,5.65906638441,524288,2909,true,1
fp16,4,64,16,64,4096,baseline_fused,4,0,100,157.446403503,671744,4.26649313705,524288,2909,true,1
fp16,4,64,16,64,4096,optimized_fused,4,1,100,128.531198502,671744,5.22631087107,524288,2909,true,1
fp16,4,64,16,64,4096,warp32_transform,4,2,100,88.3391952515,1048576,11.8698839967,524288,2909,true,1
fp16,4,64,16,64,4096,warp32_split,4,3,100,240.377597809,1720320,7.15674012754,524288,2909,true,1
fp16,4,64,16,64,4096,warp32_fused,4,4,100,148.435201645,671744,4.52550333449,524288,2909,true,1
fp16,4,64,16,64,4096,baseline_transform,4,5,100,164.5952034,1048576,6.37063522109,524288,2909,true,1
fp16,4,64,16,64,4096,optimized_transform,4,6,100,161.45280838,1048576,6.49462843366,524288,2909,true,1
fp16,4,64,16,64,4096,baseline_split,4,7,100,304.294395447,1720320,5.6534725113,524288,2909,true,1
fp16,4,64,16,64,4096,optimized_split,4,8,100,279.833602905,1720320,6.1476533988,524288,2909,true,1
fp16,16,64,16,64,16384,baseline_transform,0,0,100,465.491218567,4194304,9.01049006448,2097152,2909,true,1
fp16,16,64,16,64,16384,optimized_transform,0,1,100,462.592010498,4194304,9.0669616094,2097152,2909,true,1
fp16,16,64,16,64,16384,baseline_split,0,2,100,971.852798462,6881280,7.08057846918,2097152,2909,true,1
fp16,16,64,16,64,16384,optimized_split,0,3,100,903.41758728,6881280,7.61694270389,2097152,2909,true,1
fp16,16,64,16,64,16384,baseline_fused,0,4,100,562.572784424,2686976,4.77622820441,2097152,2909,true,1
fp16,16,64,16,64,16384,optimized_fused,0,5,100,477.388801575,2686976,5.62848560992,2097152,2909,true,1
fp16,16,64,16,64,16384,warp32_transform,0,6,100,343.264007568,4194304,12.2188866514,2097152,2909,true,1
fp16,16,64,16,64,16384,warp32_split,0,7,100,890.086364746,6881280,7.73102506964,2097152,2909,true,1
fp16,16,64,16,64,16384,warp32_fused,0,8,100,543.391990662,2686976,4.94482076692,2097152,2909,true,1
fp16,16,64,16,64,16384,optimized_transform,1,0,100,461.318397522,4194304,9.09199377812,2097152,2909,true,1
fp16,16,64,16,64,16384,baseline_split,1,1,100,973.132781982,6881280,7.07126522445,2097152,2909,true,1
fp16,16,64,16,64,16384,optimized_split,1,2,100,903.513565063,6881280,7.61613357683,2097152,2909,true,1
fp16,16,64,16,64,16384,baseline_fused,1,3,100,561.843185425,2686976,4.78243052457,2097152,2909,true,1
fp16,16,64,16,64,16384,optimized_fused,1,4,100,473.555183411,2686976,5.67405044677,2097152,2909,true,1
fp16,16,64,16,64,16384,warp32_transform,1,5,100,344.351997375,4194304,12.1802807359,2097152,2909,true,1
fp16,16,64,16,64,16384,warp32_split,1,6,100,886.918411255,6881280,7.75863925326,2097152,2909,true,1
fp16,16,64,16,64,16384,warp32_fused,1,7,100,544.710388184,2686976,4.93285249977,2097152,2909,true,1
fp16,16,64,16,64,16384,baseline_transform,1,8,100,464.838409424,4194304,9.02314420445,2097152,2909,true,1
fp16,16,64,16,64,16384,baseline_split,2,0,100,971.449584961,6881280,7.08351736058,2097152,2909,true,1
fp16,16,64,16,64,16384,optimized_split,2,1,100,904.985580444,6881280,7.60374546147,2097152,2909,true,1
fp16,16,64,16,64,16384,baseline_fused,2,2,100,563.680000305,2686976,4.76684643511,2097152,2909,true,1
fp16,16,64,16,64,16384,optimized_fused,2,3,100,475.001602173,2686976,5.65677249868,2097152,2909,true,1
fp16,16,64,16,64,16384,warp32_transform,2,4,100,338.483200073,4194304,12.3914687615,2097152,2909,true,1
fp16,16,64,16,64,16384,warp32_split,2,5,100,880.505599976,6881280,7.81514620712,2097152,2909,true,1
fp16,16,64,16,64,16384,warp32_fused,2,6,100,547.654418945,2686976,4.90633492043,2097152,2909,true,1
fp16,16,64,16,64,16384,baseline_transform,2,7,100,460.415992737,4194304,9.10981387738,2097152,2909,true,1
fp16,16,64,16,64,16384,optimized_transform,2,8,100,463.17440033,4194304,9.05556092266,2097152,2909,true,1
fp16,16,64,16,64,16384,optimized_split,3,0,100,904.42237854,6881280,7.60848046585,2097152,2909,true,1
fp16,16,64,16,64,16384,baseline_fused,3,1,100,561.651191711,2686976,4.784065341,2097152,2909,true,1
fp16,16,64,16,64,16384,optimized_fused,3,2,100,476.019210815,2686976,5.64467975021,2097152,2909,true,1
fp16,16,64,16,64,16384,warp32_transform,3,3,100,340.108795166,4194304,12.3322420932,2097152,2909,true,1
fp16,16,64,16,64,16384,warp32_split,3,4,100,884.076766968,6881280,7.78357746421,2097152,2909,true,1
fp16,16,64,16,64,16384,warp32_fused,3,5,100,550.111999512,2686976,4.88441626866,2097152,2909,true,1
fp16,16,64,16,64,16384,baseline_transform,3,6,100,463.526382446,4194304,9.04868451686,2097152,2909,true,1
fp16,16,64,16,64,16384,optimized_transform,3,7,100,461.945610046,4194304,9.07964900798,2097152,2909,true,1
fp16,16,64,16,64,16384,baseline_split,3,8,100,972.582397461,6881280,7.07526685447,2097152,2909,true,1
fp16,16,64,16,64,16384,baseline_fused,4,0,100,563.839988708,2686976,4.76549385253,2097152,2909,true,1
fp16,16,64,16,64,16384,optimized_fused,4,1,100,474.995193481,2686976,5.65684882052,2097152,2909,true,1
fp16,16,64,16,64,16384,warp32_transform,4,2,100,343.001594543,4194304,12.2282346984,2097152,2909,true,1
fp16,16,64,16,64,16384,warp32_split,4,3,100,885.587234497,6881280,7.7703017071,2097152,2909,true,1
fp16,16,64,16,64,16384,warp32_fused,4,4,100,542.227210999,2686976,4.95544293148,2097152,2909,true,1
fp16,16,64,16,64,16384,baseline_transform,4,5,100,462.489585876,4194304,9.06896961161,2097152,2909,true,1
fp16,16,64,16,64,16384,optimized_transform,4,6,100,461.497612,4194304,9.08846306231,2097152,2909,true,1
fp16,16,64,16,64,16384,baseline_split,4,7,100,970.841598511,6881280,7.0879533907,2097152,2909,true,1
fp16,16,64,16,64,16384,optimized_split,4,8,100,904.435195923,6881280,7.60837264076,2097152,2909,true,1
fp16,1,1,1,128,1,baseline_transform,0,0,100,16.2111997604,512,0.0315831035066,256,2909,true,1
fp16,1,1,1,128,1,optimized_transform,0,1,100,16.0767996311,512,0.0318471344887,256,2909,true,1
fp16,1,1,1,128,1,baseline_split,0,2,100,41.2608003616,836,0.0202613616962,256,2909,true,1
fp16,1,1,1,128,1,optimized_split,0,3,100,31.6160011292,836,0.0264423067479,256,2909,true,1
fp16,1,1,1,128,1,baseline_fused,0,4,100,27.936000824,324,0.0115979378022,256,2909,true,1
fp16,1,1,1,128,1,optimized_fused,0,5,100,18.7904000282,324,0.0172428473855,256,2909,true,1
fp16,1,1,1,128,1,warp32_transform,0,6,100,15.2383995056,512,0.0335993291035,256,2909,true,1
fp16,1,1,1,128,1,warp32_split,0,7,100,30.7583999634,836,0.02717956724,256,2909,true,1
fp16,1,1,1,128,1,warp32_fused,0,8,100,16.2432003021,324,0.0199468081396,256,2909,true,1
fp16,1,1,1,128,1,optimized_transform,1,0,100,16.0767996311,512,0.0318471344887,256,2909,true,1
fp16,1,1,1,128,1,baseline_split,1,1,100,41.254401207,836,0.0202645045266,256,2909,true,1
fp16,1,1,1,128,1,optimized_split,1,2,100,31.756799221,836,0.0263250711818,256,2909,true,1
fp16,1,1,1,128,1,baseline_fused,1,3,100,27.9295992851,324,0.0116005960806,256,2909,true,1
fp16,1,1,1,128,1,optimized_fused,1,4,100,18.7904000282,324,0.0172428473855,256,2909,true,1
fp16,1,1,1,128,1,warp32_transform,1,5,100,15.2256000042,512,0.0336275746019,256,2909,true,1
fp16,1,1,1,128,1,warp32_split,1,6,100,30.7583999634,836,0.02717956724,256,2909,true,1
fp16,1,1,1,128,1,warp32_fused,1,7,100,16.2495994568,324,0.01993895301,256,2909,true,1
fp16,1,1,1,128,1,baseline_transform,1,8,100,16.2751996517,512,0.0314589074762,256,2909,true,1
fp16,1,1,1,128,1,baseline_split,2,0,100,41.4527988434,836,0.0201675163879,256,2909,true,1
fp16,1,1,1,128,1,optimized_split,2,1,100,31.7375993729,836,0.0263409966891,256,2909,true,1
fp16,1,1,1,128,1,baseline_fused,2,2,100,28.0320000648,324,0.0115582191513,256,2909,true,1
fp16,1,1,1,128,1,optimized_fused,2,3,100,18.6751997471,324,0.0173492120239,256,2909,true,1
fp16,1,1,1,128,1,warp32_transform,2,4,100,15.1935994625,512,0.0336984005182,256,2909,true,1
fp16,1,1,1,128,1,warp32_split,2,5,100,30.5983996391,836,0.0273216903452,256,2909,true,1
fp16,1,1,1,128,1,warp32_fused,2,6,100,16.4031994343,324,0.0197522441459,256,2909,true,1
fp16,1,1,1,128,1,baseline_transform,2,7,100,16.1792004108,512,0.0316455688167,256,2909,true,1
fp16,1,1,1,128,1,optimized_transform,2,8,100,16.0256004333,512,0.0319488809252,256,2909,true,1
fp16,1,1,1,128,1,optimized_split,3,0,100,31.7375993729,836,0.0263409966891,256,2909,true,1
fp16,1,1,1,128,1,baseline_fused,3,1,100,28.0128002167,324,0.0115661411031,256,2909,true,1
fp16,1,1,1,128,1,optimized_fused,3,2,100,18.6943995953,324,0.0173313937337,256,2909,true,1
fp16,1,1,1,128,1,warp32_transform,3,3,100,15.1999998093,512,0.033684210949,256,2909,true,1
fp16,1,1,1,128,1,warp32_split,3,4,100,30.6112003326,836,0.027310265227,256,2909,true,1
fp16,1,1,1,128,1,warp32_fused,3,5,100,16.3776004314,324,0.0197831178845,256,2909,true,1
fp16,1,1,1,128,1,baseline_transform,3,6,100,16.1663997173,512,0.0316706260486,256,2909,true,1
fp16,1,1,1,128,1,optimized_transform,3,7,100,16.0256004333,512,0.0319488809252,256,2909,true,1
fp16,1,1,1,128,1,baseline_split,3,8,100,41.254401207,836,0.0202645045266,256,2909,true,1
fp16,1,1,1,128,1,baseline_fused,4,0,100,27.9295992851,324,0.0116005960806,256,2909,true,1
fp16,1,1,1,128,1,optimized_fused,4,1,100,18.7839996815,324,0.0172487226094,256,2909,true,1
fp16,1,1,1,128,1,warp32_transform,4,2,100,15.2383995056,512,0.0335993291035,256,2909,true,1
fp16,1,1,1,128,1,warp32_split,4,3,100,30.8735990524,836,0.0270781517432,256,2909,true,1
fp16,1,1,1,128,1,warp32_fused,4,4,100,16.2815999985,324,0.0198997641528,256,2909,true,1
fp16,1,1,1,128,1,baseline_transform,4,5,100,16.2751996517,512,0.0314589074762,256,2909,true,1
fp16,1,1,1,128,1,optimized_transform,4,6,100,15.9360003471,512,0.0321285133564,256,2909,true,1
fp16,1,1,1,128,1,baseline_split,4,7,100,41.2351989746,836,0.020273941215,256,2909,true,1
fp16,1,1,1,128,1,optimized_split,4,8,100,31.7375993729,836,0.0263409966891,256,2909,true,1
fp16,1,17,1,128,17,baseline_transform,0,0,100,18.3679997921,8704,0.473867601182,4352,2909,true,1
fp16,1,17,1,128,17,optimized_transform,0,1,100,18.2464003563,8704,0.477025595736,4352,2909,true,1
fp16,1,17,1,128,17,baseline_split,0,2,100,44.697599411,14212,0.317958910261,4352,2909,true,1
fp16,1,17,1,128,17,optimized_split,0,3,100,35.4751992226,14212,0.400617905225,4352,2909,true,1
fp16,1,17,1,128,17,baseline_fused,0,4,100,29.4975996017,5508,0.186727058282,4352,2909,true,1
fp16,1,17,1,128,17,optimized_fused,0,5,100,20.1151990891,5508,0.273822793183,4352,2909,true,1
fp16,1,17,1,128,17,warp32_transform,0,6,100,20.2816009521,8704,0.429157442775,4352,2909,true,1
fp16,1,17,1,128,17,warp32_split,0,7,100,37.6832008362,14212,0.377144183207,4352,2909,true,1
fp16,1,17,1,128,17,warp32_fused,0,8,100,18.3487999439,5508,0.300183119159,4352,2909,true,1
fp16,1,17,1,128,17,optimized_transform,1,0,100,18.2591998577,8704,0.476691205958,4352,2909,true,1
fp16,1,17,1,128,17,baseline_split,1,1,100,44.697599411,14212,0.317958910261,4352,2909,true,1
fp16,1,17,1,128,17,optimized_split,1,2,100,35.3344011307,14212,0.402214259906,4352,2909,true,1
fp16,1,17,1,128,17,baseline_fused,1,3,100,29.4528007507,5508,0.187011077371,4352,2909,true,1
fp16,1,17,1,128,17,optimized_fused,1,4,100,20.0575995445,5508,0.274609131954,4352,2909,true,1
fp16,1,17,1,128,17,warp32_transform,1,5,100,20.3263998032,8704,0.428211591049,4352,2909,true,1
fp16,1,17,1,128,17,warp32_split,1,6,100,37.8175997734,14212,0.375803860773,4352,2909,true,1
fp16,1,17,1,128,17,warp32_fused,1,7,100,18.3423995972,5508,0.300287864236,4352,2909,true,1
fp16,1,17,1,128,17,baseline_transform,1,8,100,18.323199749,8704,0.475026202805,4352,2909,true,1
fp16,1,17,1,128,17,baseline_split,2,0,100,44.6655988693,14212,0.318186711021,4352,2909,true,1
fp16,1,17,1,128,17,optimized_split,2,1,100,35.5008006096,14212,0.400328999796,4352,2909,true,1
fp16,1,17,1,128,17,baseline_fused,2,2,100,29.4271993637,5508,0.187173775252,4352,2909,true,1
fp16,1,17,1,128,17,optimized_fused,2,3,100,20.1408004761,5508,0.273474731381,4352,2909,true,1
fp16,1,17,1,128,17,warp32_transform,2,4,100,20.0896000862,8704,0.433258997822,4352,2909,true,1
fp16,1,17,1,128,17,warp32_split,2,5,100,37.6063990593,14212,0.377914407003,4352,2909,true,1
fp16,1,17,1,128,17,warp32_fused,2,6,100,18.2272005081,5508,0.302185735958,4352,2909,true,1
fp16,1,17,1,128,17,baseline_transform,2,7,100,18.323199749,8704,0.475026202805,4352,2909,true,1
fp16,1,17,1,128,17,optimized_transform,2,8,100,18.2335996628,8704,0.477360486189,4352,2909,true,1
fp16,1,17,1,128,17,optimized_split,3,0,100,35.4879999161,14212,0.400473400406,4352,2909,true,1
fp16,1,17,1,128,17,baseline_fused,3,1,100,29.4400000572,5508,0.187092390941,4352,2909,true,1
fp16,1,17,1,128,17,optimized_fused,3,2,100,20.1408004761,5508,0.273474731381,4352,2909,true,1
fp16,1,17,1,128,17,warp32_transform,3,3,100,20.1024007797,8704,0.432983109598,4352,2909,true,1
fp16,1,17,1,128,17,warp32_split,3,4,100,37.6128005981,14212,0.377850087576,4352,2909,true,1
fp16,1,17,1,128,17,warp32_fused,3,5,100,18.2143998146,5508,0.302398105678,4352,2909,true,1
fp16,1,17,1,128,17,baseline_transform,3,6,100,18.3168005943,8704,0.475192157887,4352,2909,true,1
fp16,1,17,1,128,17,optimized_transform,3,7,100,18.2335996628,8704,0.477360486189,4352,2909,true,1
fp16,1,17,1,128,17,baseline_split,3,8,100,44.6848011017,14212,0.318049977836,4352,2909,true,1
fp16,1,17,1,128,17,baseline_fused,4,0,100,29.4783997536,5508,0.186848677202,4352,2909,true,1
fp16,1,17,1,128,17,optimized_fused,4,1,100,20.1151990891,5508,0.273822793183,4352,2909,true,1
fp16,1,17,1,128,17,warp32_transform,4,2,100,20.307199955,8704,0.428616452258,4352,2909,true,1
fp16,1,17,1,128,17,warp32_split,4,3,100,37.8112006187,14212,0.37586746169,4352,2909,true,1
fp16,1,17,1,128,17,warp32_fused,4,4,100,18.3487999439,5508,0.300183119159,4352,2909,true,1
fp16,1,17,1,128,17,baseline_transform,4,5,100,18.3039999008,8704,0.475524478101,4352,2909,true,1
fp16,1,17,1,128,17,optimized_transform,4,6,100,18.2464003563,8704,0.477025595736,4352,2909,true,1
fp16,1,17,1,128,17,baseline_split,4,7,100,44.6848011017,14212,0.318049977836,4352,2909,true,1
fp16,1,17,1,128,17,optimized_split,4,8,100,35.4943990707,14212,0.40040120053,4352,2909,true,1
fp16,1,257,1,128,257,baseline_transform,0,0,100,43.353600502,131584,3.03513430203,65792,2909,true,1
fp16,1,257,1,128,257,optimized_transform,0,1,100,43.3663988113,131584,3.03423857195,65792,2909,true,1
fp16,1,257,1,128,257,baseline_split,0,2,100,103.385601044,214852,2.07816173462,65792,2909,true,1
fp16,1,257,1,128,257,optimized_split,0,3,100,77.7727985382,214852,2.76255971289,65792,2909,true,1
fp16,1,257,1,128,257,baseline_fused,0,4,100,69.0751981735,83268,1.20546885426,65792,2909,true,1
fp16,1,257,1,128,257,optimized_fused,0,5,100,39.7952008247,83268,2.09241311199,65792,2909,true,1
fp16,1,257,1,128,257,warp32_transform,0,6,100,25.9008002281,131584,5.08030635506,65792,2909,true,1
fp16,1,257,1,128,257,warp32_split,0,7,100,54.777598381,214852,3.92226030987,65792,2909,true,1
fp16,1,257,1,128,257,warp32_fused,0,8,100,29.3440008163,83268,2.83764986653,65792,2909,true,1
fp16,1,257,1,128,257,optimized_transform,1,0,100,43.327999115,131584,3.03692768389,65792,2909,true,1
fp16,1,257,1,128,257,baseline_split,1,1,100,103.155202866,214852,2.08280332966,65792,2909,true,1
fp16,1,257,1,128,257,optimized_split,1,2,100,77.7152013779,214852,2.76460713208,65792,2909,true,1
fp16,1,257,1,128,257,baseline_fused,1,3,100,68.7743997574,83268,1.2107412103,65792,2909,true,1
fp16,1,257,1,128,257,optimized_fused,1,4,100,39.7311997414,83268,2.09578367988,65792,2909,true,1
fp16,1,257,1,128,257,warp32_transform,1,5,100,25.9904003143,131584,5.06279235443,65792,2909,true,1
fp16,1,257,1,128,257,warp32_split,1,6,100,54.5344018936,214852,3.93975165289,65792,2909,true,1
fp16,1,257,1,128,257,warp32_fused,1,7,100,29.4783997536,83268,2.82471235535,65792,2909,true,1
fp16,1,257,1,128,257,baseline_transform,1,8,100,42.5023984909,131584,3.09591939919,65792,2909,true,1
fp16,1,257,1,128,257,baseline_split,2,0,100,102.815999985,214852,2.0896747591,65792,2909,true,1
fp16,1,257,1,128,257,optimized_split,2,1,100,77.9583978653,214852,2.75598275341,65792,2909,true,1
fp16,1,257,1,128,257,baseline_fused,2,2,100,68.7936019897,83268,1.21040325832,65792,2909,true,1
fp16,1,257,1,128,257,optimized_fused,2,3,100,39.8528003693,83268,2.08938893198,65792,2909,true,1
fp16,1,257,1,128,257,warp32_transform,2,4,100,25.5168008804,131584,5.15675929034,65792,2909,true,1
fp16,1,257,1,128,257,warp32_split,2,5,100,55.6735992432,214852,3.85913616006,65792,2909,true,1
fp16,1,257,1,128,257,warp32_fused,2,6,100,30.4383993149,83268,2.73562348462,65792,2909,true,1
fp16,1,257,1,128,257,baseline_transform,2,7,100,43.4111976624,131584,3.03110734294,65792,2909,true,1
fp16,1,257,1,128,257,optimized_transform,2,8,100,43.398399353,131584,3.03200122497,65792,2909,true,1
fp16,1,257,1,128,257,optimized_split,3,0,100,77.7279996872,214852,2.76415192549,65792,2909,true,1
fp16,1,257,1,128,257,baseline_fused,3,1,100,68.8895988464,83268,1.20871657542,65792,2909,true,1
fp16,1,257,1,128,257,optimized_fused,3,2,100,39.8912000656,83268,2.08737766382,65792,2909,true,1
fp16,1,257,1,128,257,warp32_transform,3,3,100,25.4144001007,131584,5.17753712378,65792,2909,true,1
fp16,1,257,1,128,257,warp32_split,3,4,100,55.302400589,214852,3.88503930592,65792,2909,true,1
fp16,1,257,1,128,257,warp32_fused,3,5,100,30.9439992905,83268,2.69092560462,65792,2909,true,1
fp16,1,257,1,128,257,baseline_transform,3,6,100,43.2000017166,131584,3.04592580489,65792,2909,true,1
fp16,1,257,1,128,257,optimized_transform,3,7,100,43.2000017166,131584,3.04592580489,65792,2909,true,1
fp16,1,257,1,128,257,baseline_split,3,8,100,103.135995865,214852,2.0831912098,65792,2909,true,1
fp16,1,257,1,128,257,baseline_fused,4,0,100,68.8000011444,83268,1.21029067754,65792,2909,true,1
fp16,1,257,1,128,257,optimized_fused,4,1,100,39.5840001106,83268,2.10357719703,65792,2909,true,1
fp16,1,257,1,128,257,warp32_transform,4,2,100,25.6256008148,131584,5.13486497159,65792,2909,true,1
fp16,1,257,1,128,257,warp32_split,4,3,100,54.9631977081,214852,3.90901564972,65792,2909,true,1
fp16,1,257,1,128,257,warp32_fused,4,4,100,29.7600007057,83268,2.79798380462,65792,2909,true,1
fp16,1,257,1,128,257,baseline_transform,4,5,100,42.7648019791,131584,3.07692293453,65792,2909,true,1
fp16,1,257,1,128,257,optimized_transform,4,6,100,43.1680011749,131584,3.04818375692,65792,2909,true,1
fp16,1,257,1,128,257,baseline_split,4,7,100,103.123197556,214852,2.08344974839,65792,2909,true,1
fp16,1,257,1,128,257,optimized_split,4,8,100,77.945599556,214852,2.75643527311,65792,2909,true,1
fp16,4,64,16,128,4096,baseline_transform,0,0,100,228.633594513,2097152,9.17254528788,1048576,2909,true,1
fp16,4,64,16,128,4096,optimized_transform,0,1,100,237.049598694,2097152,8.84689116352,1048576,2909,true,1
fp16,4,64,16,128,4096,baseline_split,0,2,100,427.142410278,3424256,8.01666122961,1048576,2909,true,1
fp16,4,64,16,128,4096,optimized_split,0,3,100,403.17440033,3424256,8.49323765894,1048576,2909,true,1
fp16,4,64,16,128,4096,baseline_fused,0,4,100,209.86240387,1327104,6.32368626076,1048576,2909,true,1
fp16,4,64,16,128,4096,optimized_fused,0,5,100,175.225601196,1327104,7.57368781125,1048576,2909,true,1
fp16,4,64,16,128,4096,warp32_transform,0,6,100,141.408004761,2097152,14.8305041398,1048576,2909,true,1
fp16,4,64,16,128,4096,warp32_split,0,7,100,317.395191193,3424256,10.788619661,1048576,2909,true,1
fp16,4,64,16,128,4096,warp32_fused,0,8,100,179.033603668,1327104,7.41259726001,1048576,2909,true,1
fp16,4,64,16,128,4096,optimized_transform,1,0,100,237.292804718,2097152,8.8378238122,1048576,2909,true,1
fp16,4,64,16,128,4096,baseline_split,1,1,100,428.153610229,3424256,7.99772772712,1048576,2909,true,1
fp16,4,64,16,128,4096,optimized_split,1,2,100,403.212814331,3424256,8.49242850994,1048576,2909,true,1
fp16,4,64,16,128,4096,baseline_fused,1,3,100,209.676799774,1327104,6.32928393332,1048576,2909,true,1
fp16,4,64,16,128,4096,optimized_fused,1,4,100,175.104007721,1327104,7.57894703424,1048576,2909,true,1
fp16,4,64,16,128,4096,warp32_transform,1,5,100,141.267204285,2097152,14.8452856459,1048576,2909,true,1
fp16,4,64,16,128,4096,warp32_split,1,6,100,316.371192932,3424256,10.8235391733,1048576,2909,true,1
fp16,4,64,16,128,4096,warp32_fused,1,7,100,179.584007263,1327104,7.3898785322,1048576,2909,true,1
fp16,4,64,16,128,4096,baseline_transform,1,8,100,230.188808441,2097152,9.11057324725,1048576,2909,true,1
fp16,4,64,16,128,4096,baseline_split,2,0,100,428.966407776,3424256,7.98257378184,1048576,2909,true,1
fp16,4,64,16,128,4096,optimized_split,2,1,100,403.103981018,3424256,8.49472136532,1048576,2909,true,1
fp16,4,64,16,128,4096,baseline_fused,2,2,100,209.612808228,1327104,6.33121616576,1048576,2909,true,1
fp16,4,64,16,128,4096,optimized_fused,2,3,100,175.72479248,1327104,7.55217281106,1048576,2909,true,1
fp16,4,64,16,128,4096,warp32_transform,2,4,100,140.825595856,2097152,14.8918382859,1048576,2909,true,1
fp16,4,64,16,128,4096,warp32_split,2,5,100,316.319999695,3424256,10.8252908552,1048576,2909,true,1
fp16,4,64,16,128,4096,warp32_fused,2,6,100,179.456005096,1327104,7.395149576,1048576,2909,true,1
fp16,4,64,16,128,4096,baseline_transform,2,7,100,229.254398346,2097152,9.14770671852,1048576,2909,true,1
fp16,4,64,16,128,4096,optimized_transform,2,8,100,236.863994598,2097152,8.85382349291,1048576,2909,true,1
fp16,4,64,16,128,4096,optimized_split,3,0,100,403.795204163,3424256,8.48017996425,1048576,2909,true,1
fp16,4,64,16,128,4096,baseline_fused,3,1,100,209.612808228,1327104,6.33121616576,1048576,2909,true,1
fp16,4,64,16,128,4096,optimized_fused,3,2,100,176.006393433,1327104,7.54008973264,1048576,2909,true,1
fp16,4,64,16,128,4096,warp32_transform,3,3,100,140.627202988,2097152,14.9128472688,1048576,2909,true,1
fp16,4,64,16,128,4096,warp32_split,3,4,100,316.908798218,3424256,10.8051780804,1048576,2909,true,1
fp16,4,64,16,128,4096,warp32_fused,3,5,100,178.624000549,1327104,7.42959510435,1048576,2909,true,1
fp16,4,64,16,128,4096,baseline_transform,3,6,100,229.286403656,2097152,9.14642982122,1048576,2909,true,1
fp16,4,64,16,128,4096,optimized_transform,3,7,100,237.318401337,2097152,8.83687058478,1048576,2909,true,1
fp16,4,64,16,128,4096,baseline_split,3,8,100,427.436790466,3424256,8.01114007118,1048576,2909,true,1
fp16,4,64,16,128,4096,baseline_fused,4,0,100,209.78559494,1327104,6.32600155591,1048576,2909,true,1
fp16,4,64,16,128,4096,optimized_fused,4,1,100,175.686397552,1327104,7.55382328107,1048576,2909,true,1
fp16,4,64,16,128,4096,warp32_transform,4,2,100,140.799999237,2097152,14.8945455353,1048576,2909,true,1
fp16,4,64,16,128,4096,warp32_split,4,3,100,315.12960434,3424256,10.8661831603,1048576,2909,true,1
fp16,4,64,16,128,4096,warp32_fused,4,4,100,180.051193237,1327104,7.3707037212,1048576,2909,true,1
fp16,4,64,16,128,4096,baseline_transform,4,5,100,230.950393677,2097152,9.08053009399,1048576,2909,true,1
fp16,4,64,16,128,4096,optimized_transform,4,6,100,237.22240448,2097152,8.84044660367,1048576,2909,true,1
fp16,4,64,16,128,4096,baseline_split,4,7,100,429.158401489,3424256,7.97900259698,1048576,2909,true,1
fp16,4,64,16,128,4096,optimized_split,4,8,100,402.112007141,3424256,8.51567707303,1048576,2909,true,1
fp16,16,64,16,128,16384,baseline_transform,0,0,100,834.003219604,8388608,10.0582441444,4194304,2909,true,1
fp16,16,64,16,128,16384,optimized_transform,0,1,100,873.824005127,8388608,9.59988275761,4194304,2909,true,1
fp16,16,64,16,128,16384,baseline_split,0,2,100,1548.30718994,13697024,8.84645120102,4194304,2909,true,1
fp16,16,64,16,128,16384,optimized_split,0,3,100,1467.88482666,13697024,9.33112990286,4194304,2909,true,1
fp16,16,64,16,128,16384,baseline_fused,0,4,100,732.76802063,5308416,7.24433360975,4194304,2909,true,1
fp16,16,64,16,128,16384,optimized_fused,0,5,100,639.455986023,5308416,8.30145641925,4194304,2909,true,1
fp16,16,64,16,128,16384,warp32_transform,0,6,100,544.255981445,8388608,15.4129826515,4194304,2909,true,1
fp16,16,64,16,128,16384,warp32_split,0,7,100,1214.16320801,13697024,11.2810402339,4194304,2909,true,1
fp16,16,64,16,128,16384,warp32_fused,0,8,100,669.196777344,5308416,7.93251877433,4194304,2909,true,1
fp16,16,64,16,128,16384,optimized_transform,1,0,100,874.259185791,8388608,9.59510421662,4194304,2909,true,1
fp16,16,64,16,128,16384,baseline_split,1,1,100,1549.45281982,13697024,8.83991033787,4194304,2909,true,1
fp16,16,64,16,128,16384,optimized_split,1,2,100,1470.8416748,13697024,9.31237143646,4194304,2909,true,1
fp16,16,64,16,128,16384,baseline_fused,1,3,100,733.427200317,5308416,7.23782264648,4194304,2909,true,1
fp16,16,64,16,128,16384,optimized_fused,1,4,100,640.140762329,5308416,8.29257612136,4194304,2909,true,1
fp16,16,64,16,128,16384,warp32_transform,1,5,100,544.921607971,8388608,15.394155558,4194304,2909,true,1
fp16,16,64,16,128,16384,warp32_split,1,6,100,1214.03518677,13697024,11.282229831,4194304,2909,true,1
fp16,16,64,16,128,16384,warp32_fused,1,7,100,668.806381226,5308416,7.93714914961,4194304,2909,true,1
fp16,16,64,16,128,16384,baseline_transform,1,8,100,832.857589722,8388608,10.0720796731,4194304,2909,true,1
fp16,16,64,16,128,16384,baseline_split,2,0,100,1549.93286133,13697024,8.83717246195,4194304,2909,true,1
fp16,16,64,16,128,16384,optimized_split,2,1,100,1468.53759766,13697024,9.32698217728,4194304,2909,true,1
fp16,16,64,16,128,16384,baseline_fused,2,2,100,731.769638062,5308416,7.25421734367,4194304,2909,true,1
fp16,16,64,16,128,16384,optimized_fused,2,3,100,640.345611572,5308416,8.28992329153,4194304,2909,true,1
fp16,16,64,16,128,16384,warp32_transform,2,4,100,544.556808472,8388608,15.404468128,4194304,2909,true,1
fp16,16,64,16,128,16384,warp32_split,2,5,100,1212.5567627,13697024,11.2959858222,4194304,2909,true,1
fp16,16,64,16,128,16384,warp32_fused,2,6,100,669.132766724,5308416,7.93327761543,4194304,2909,true,1
fp16,16,64,16,128,16384,baseline_transform,2,7,100,832.313613892,8388608,10.0786624897,4194304,2909,true,1
fp16,16,64,16,128,16384,optimized_transform,2,8,100,872.793579102,8388608,9.61121644437,4194304,2909,true,1
fp16,16,64,16,128,16384,optimized_split,3,0,100,1471.44958496,13697024,9.30852415196,4194304,2909,true,1
fp16,16,64,16,128,16384,baseline_fused,3,1,100,731.244812012,5308416,7.25942381102,4194304,2909,true,1
fp16,16,64,16,128,16384,optimized_fused,3,2,100,639.104003906,5308416,8.30602838905,4194304,2909,true,1
fp16,16,64,16,128,16384,warp32_transform,3,3,100,544.006385803,8388608,15.4200542841,4194304,2909,true,1
fp16,16,64,16,128,16384,warp32_split,3,4,100,1214.0096283,13697024,11.2824673551,4194304,2909,true,1
fp16,16,64,16,128,16384,warp32_fused,3,5,100,669.337615967,5308416,7.930849654,4194304,2909,true,1
fp16,16,64,16,128,16384,baseline_transform,3,6,100,832.550430298,8388608,10.0757956452,4194304,2909,true,1
fp16,16,64,16,128,16384,optimized_transform,3,7,100,872.563171387,8388608,9.61375436768,4194304,2909,true,1
fp16,16,64,16,128,16384,baseline_split,3,8,100,1547.47512817,13697024,8.8512078486,4194304,2909,true,1
fp16,16,64,16,128,16384,baseline_fused,4,0,100,731.136016846,5308416,7.2605040344,4194304,2909,true,1
fp16,16,64,16,128,16384,optimized_fused,4,1,100,640.422363281,5308416,8.28892978191,4194304,2909,true,1
fp16,16,64,16,128,16384,warp32_transform,4,2,100,544.326400757,8388608,15.4109886795,4194304,2909,true,1
fp16,16,64,16,128,16384,warp32_split,4,3,100,1212.61436462,13697024,11.2954492373,4194304,2909,true,1
fp16,16,64,16,128,16384,warp32_fused,4,4,100,668.748779297,5308416,7.93783280708,4194304,2909,true,1
fp16,16,64,16,128,16384,baseline_transform,4,5,100,834.534378052,8388608,10.0518423454,4194304,2909,true,1
fp16,16,64,16,128,16384,optimized_transform,4,6,100,874.809570312,8388608,9.58906747786,4194304,2909,true,1
fp16,16,64,16,128,16384,baseline_split,4,7,100,1552.0640564,13697024,8.82503782209,4194304,2909,true,1
fp16,16,64,16,128,16384,optimized_split,4,8,100,1469.45922852,13697024,9.32113238272,4194304,2909,true,1
fp16,1,1,1,256,1,baseline_transform,0,0,100,17.8944003582,1024,0.0572246054353,512,2909,true,1
fp16,1,1,1,256,1,optimized_transform,0,1,100,17.5551998615,1024,0.0583302957572,512,2909,true,1
fp16,1,1,1,256,1,baseline_split,0,2,100,54.1311979294,1668,0.0308140234062,512,2909,true,1
fp16,1,1,1,256,1,optimized_split,0,3,100,33.5360002518,1668,0.0497375950464,512,2909,true,1
fp16,1,1,1,256,1,baseline_fused,0,4,100,39.7887992859,644,0.0161854595152,512,2909,true,1
fp16,1,1,1,256,1,optimized_fused,0,5,100,19.5008003712,644,0.0330242855546,512,2909,true,1
fp16,1,1,1,256,1,warp32_transform,0,6,100,16.0575997829,1024,0.0637704273267,512,2909,true,1
fp16,1,1,1,256,1,warp32_split,0,7,100,33.9967989922,1668,0.0490634427196,512,2909,true,1
fp16,1,1,1,256,1,warp32_fused,0,8,100,18.6816000938,644,0.0344724218892,512,2909,true,1
fp16,1,1,1,256,1,optimized_transform,1,0,100,17.5168001652,1024,0.0584581653238,512,2909,true,1
fp16,1,1,1,256,1,baseline_split,1,1,100,54.1120004654,1668,0.0308249553824,512,2909,true,1
fp16,1,1,1,256,1,optimized_split,1,2,100,33.6768007278,1668,0.0495296454518,512,2909,true,1
fp16,1,1,1,256,1,baseline_fused,1,3,100,39.7568011284,644,0.01619848634,512,2909,true,1
fp16,1,1,1,256,1,optimized_fused,1,4,100,19.5008003712,644,0.0330242855546,512,2909,true,1
fp16,1,1,1,256,1,warp32_transform,1,5,100,16.0640001297,1024,0.0637450194056,512,2909,true,1
fp16,1,1,1,256,1,warp32_split,1,6,100,33.9903998375,1668,0.0490726795794,512,2909,true,1
fp16,1,1,1,256,1,warp32_fused,1,7,100,18.630399704,644,0.0345671596011,512,2909,true,1
fp16,1,1,1,256,1,baseline_transform,1,8,100,18.0224001408,1024,0.0568181813744,512,2909,true,1
fp16,1,1,1,256,1,baseline_split,2,0,100,54.0992021561,1668,0.0308322476769,512,2909,true,1
fp16,1,1,1,256,1,optimized_split,2,1,100,33.6576008797,1668,0.0495578994463,512,2909,true,1
fp16,1,1,1,256,1,baseline_fused,2,2,100,39.8848009109,644,0.0161465015568,512,2909,true,1
fp16,1,1,1,256,1,optimized_fused,2,3,100,19.38560009,644,0.0332205346757,512,2909,true,1
fp16,1,1,1,256,1,warp32_transform,2,4,100,16.1600005627,1024,0.0633663344273,512,2909,true,1
fp16,1,1,1,256,1,warp32_split,2,5,100,33.9840006828,1668,0.0490819199178,512,2909,true,1
fp16,1,1,1,256,1,warp32_fused,2,6,100,18.7520003319,644,0.0343430028052,512,2909,true,1
fp16,1,1,1,256,1,baseline_transform,2,7,100,17.8880000114,1024,0.0572450804643,512,2909,true,1
fp16,1,1,1,256,1,optimized_transform,2,8,100,17.5168001652,1024,0.0584581653238,512,2909,true,1
fp16,1,1,1,256,1,optimized_split,3,0,100,33.670399189,1668,0.0495390622082,512,2909,true,1
fp16,1,1,1,256,1,baseline_fused,3,1,100,39.8848009109,644,0.0161465015568,512,2909,true,1
fp16,1,1,1,256,1,optimized_fused,3,2,100,19.3920004368,644,0.0332095702091,512,2909,true,1
fp16,1,1,1,256,1,warp32_transform,3,3,100,16.1663997173,1024,0.0633412520972,512,2909,true,1
fp16,1,1,1,256,1,warp32_split,3,4,100,33.977599144,1668,0.0490911671814,512,2909,true,1
fp16,1,1,1,256,1,warp32_fused,3,5,100,18.7455999851,644,0.0343547286036,512,2909,true,1
fp16,1,1,1,256,1,baseline_transform,3,6,100,17.87520051,1024,0.0572860706891,512,2909,true,1
fp16,1,1,1,256,1,optimized_transform,3,7,100,17.5103998184,1024,0.0584795327702,512,2909,true,1
fp16,1,1,1,256,1,baseline_split,3,8,100,54.1311979294,1668,0.0308140234062,512,2909,true,1
fp16,1,1,1,256,1,baseline_fused,4,0,100,39.7887992859,644,0.0161854595152,512,2909,true,1
fp16,1,1,1,256,1,optimized_fused,4,1,100,19.5008003712,644,0.0330242855546,512,2909,true,1
fp16,1,1,1,256,1,warp32_transform,4,2,100,16.0640001297,1024,0.0637450194056,512,2909,true,1
fp16,1,1,1,256,1,warp32_split,4,3,100,34.003200531,1668,0.0490542058969,512,2909,true,1
fp16,1,1,1,256,1,warp32_fused,4,4,100,18.6943995953,644,0.0344488196435,512,2909,true,1
fp16,1,1,1,256,1,baseline_transform,4,5,100,17.9776000977,1024,0.0569597718515,512,2909,true,1
fp16,1,1,1,256,1,optimized_transform,4,6,100,17.4336004257,1024,0.0587371498138,512,2909,true,1
fp16,1,1,1,256,1,baseline_split,4,7,100,54.1056013107,1668,0.0308286010984,512,2909,true,1
fp16,1,1,1,256,1,optimized_split,4,8,100,33.6640000343,1668,0.0495484790369,512,2909,true,1
fp16,1,17,1,256,17,baseline_transform,0,0,100,19.8336005211,17408,0.877702461613,8704,2909,true,1
fp16,1,17,1,256,17,optimized_transform,0,1,100,19.3408000469,17408,0.900066179153,8704,2909,true,1
fp16,1,17,1,256,17,baseline_split,0,2,100,56.9920015335,28356,0.497543501492,8704,2909,true,1
fp16,1,17,1,256,17,optimized_split,0,3,100,36.7680001259,28356,0.771214096576,8704,2909,true,1
fp16,1,17,1,256,17,baseline_fused,0,4,100,40.9984016418,10948,0.267034800421,8704,2909,true,1
fp16,1,17,1,256,17,optimized_fused,0,5,100,20.5055999756,10948,0.533902934468,8704,2909,true,1
fp16,1,17,1,256,17,warp32_transform,0,6,100,22.5855994225,17408,0.770756607978,8704,2909,true,1
fp16,1,17,1,256,17,warp32_split,0,7,100,44.1728019714,28356,0.641933468887,8704,2909,true,1
fp16,1,17,1,256,17,warp32_fused,0,8,100,23.1807994843,10948,0.472287420778,8704,2909,true,1
fp16,1,17,1,256,17,optimized_transform,1,0,100,19.2895996571,17408,0.902455225069,8704,2909,true,1
fp16,1,17,1,256,17,baseline_split,1,1,100,56.9920015335,28356,0.497543501492,8704,2909,true,1
fp16,1,17,1,256,17,optimized_split,1,2,100,36.7743992805,28356,0.771079896742,8704,2909,true,1
fp16,1,17,1,256,17,baseline_fused,1,3,100,41.0111999512,10948,0.266951467234,8704,2909,true,1
fp16,1,17,1,256,17,optimized_fused,1,4,100,20.4992008209,10948,0.534069600841,8704,2909,true,1
fp16,1,17,1,256,17,warp32_transform,1,5,100,22.6304006577,17408,0.769230746876,8704,2909,true,1
fp16,1,17,1,256,17,warp32_split,1,6,100,44.3520021439,28356,0.639339795936,8704,2909,true,1
fp16,1,17,1,256,17,warp32_fused,1,7,100,23.1680011749,10948,0.472548318577,8704,2909,true,1
fp16,1,17,1,256,17,baseline_transform,1,8,100,19.7695994377,17408,0.880543890373,8704,2909,true,1
fp16,1,17,1,256,17,baseline_split,2,0,100,56.9664001465,28356,0.49776710354,8704,2909,true,1
fp16,1,17,1,256,17,optimized_split,2,1,100,36.7871999741,28356,0.770811587182,8704,2909,true,1
fp16,1,17,1,256,17,baseline_fused,2,2,100,40.9280014038,10948,0.267494126869,8704,2909,true,1
fp16,1,17,1,256,17,optimized_fused,2,3,100,20.5568003654,10948,0.53257315367,8704,2909,true,1
fp16,1,17,1,256,17,warp32_transform,2,4,100,22.4512004852,17408,0.77537056477,8704,2909,true,1
fp16,1,17,1,256,17,warp32_split,2,5,100,44.1344022751,28356,0.642491991242,8704,2909,true,1
fp16,1,17,1,256,17,warp32_fused,2,6,100,23.0848002434,10948,0.474251450503,8704,2909,true,1
fp16,1,17,1,256,17,baseline_transform,2,7,100,19.8399996758,17408,0.877419369179,8704,2909,true,1
fp16,1,17,1,256,17,optimized_transform,2,8,100,19.2895996571,17408,0.902455225069,8704,2909,true,1
fp16,1,17,1,256,17,optimized_split,3,0,100,36.7808008194,28356,0.770945693631,8704,2909,true,1
fp16,1,17,1,256,17,baseline_fused,3,1,100,40.9535980225,10948,0.267326938991,8704,2909,true,1
fp16,1,17,1,256,17,optimized_fused,3,2,100,20.5503988266,10948,0.53273905253,8704,2909,true,1
fp16,1,17,1,256,17,warp32_transform,3,3,100,22.4512004852,17408,0.77537056477,8704,2909,true,1
fp16,1,17,1,256,17,warp32_split,3,4,100,44.1279983521,28356,0.642585230669,8704,2909,true,1
fp16,1,17,1,256,17,warp32_fused,3,5,100,23.046400547,10948,0.47504164382,8704,2909,true,1
fp16,1,17,1,256,17,baseline_transform,3,6,100,19.7951996326,17408,0.879405124629,8704,2909,true,1
fp16,1,17,1,256,17,optimized_transform,3,7,100,19.3280005455,17408,0.900662226236,8704,2909,true,1
fp16,1,17,1,256,17,baseline_split,3,8,100,57.0175981522,28356,0.497320141833,8704,2909,true,1
fp16,1,17,1,256,17,baseline_fused,4,0,100,41.0048007965,10948,0.266993127325,8704,2909,true,1
fp16,1,17,1,256,17,optimized_fused,4,1,100,20.5055999756,10948,0.533902934468,8704,2909,true,1
fp16,1,17,1,256,17,warp32_transform,4,2,100,22.6047992706,17408,0.770101950103,8704,2909,true,1
fp16,1,17,1,256,17,warp32_split,4,3,100,44.1728019714,28356,0.641933468887,8704,2909,true,1
fp16,1,17,1,256,17,warp32_fused,4,4,100,23.1872010231,10948,0.472157031333,8704,2909,true,1
fp16,1,17,1,256,17,baseline_transform,4,5,100,19.7695994377,17408,0.880543890373,8704,2909,true,1
fp16,1,17,1,256,17,optimized_transform,4,6,100,19.3343997002,17408,0.900364131804,8704,2909,true,1
fp16,1,17,1,256,17,baseline_split,4,7,100,56.9856023788,28356,0.497599372759,8704,2909,true,1
fp16,1,17,1,256,17,optimized_split,4,8,100,36.7871999741,28356,0.770811587182,8704,2909,true,1
fp16,1,257,1,256,257,baseline_transform,0,0,100,50.1567983627,263168,5.24690587499,131584,2909,true,1
fp16,1,257,1,256,257,optimized_transform,0,1,100,52.3456001282,263168,5.02750946318,131584,2909,true,1
fp16,1,257,1,256,257,baseline_split,0,2,100,148.972797394,428676,2.87754548145,131584,2909,true,1
fp16,1,257,1,256,257,optimized_split,0,3,100,92.0320034027,428676,4.65790142723,131584,2909,true,1
fp16,1,257,1,256,257,baseline_fused,0,4,100,108.447999954,165508,1.52615078259,131584,2909,true,1
fp16,1,257,1,256,257,optimized_fused,0,5,100,45.8752012253,165508,3.60778798958,131584,2909,true,1
fp16,1,257,1,256,257,warp32_transform,0,6,100,32.4927997589,263168,8.09927128326,131584,2909,true,1
fp16,1,257,1,256,257,warp32_split,0,7,100,72.4927997589,428676,5.91335969125,131584,2909,true,1
fp16,1,257,1,256,257,warp32_fused,0,8,100,37.3183989525,165508,4.43502413409,131584,2909,true,1
fp16,1,257,1,256,257,optimized_transform,1,0,100,52.6143980026,263168,5.00182478543,131584,2909,true,1
fp16,1,257,1,256,257,baseline_split,1,1,100,149.126396179,428676,2.87458163667,131584,2909,true,1
fp16,1,257,1,256,257,optimized_split,1,2,100,91.4175987244,428676,4.68920652021,131584,2909,true,1
fp16,1,257,1,256,257,baseline_fused,1,3,100,108.607997894,165508,1.5239025045,131584,2909,true,1
fp16,1,257,1,256,257,optimized_fused,1,4,100,45.7471990585,165508,3.61788269897,131584,2909,true,1
fp16,1,257,1,256,257,warp32_transform,1,5,100,33.2543992996,263168,7.91377999731,131584,2909,true,1
fp16,1,257,1,256,257,warp32_split,1,6,100,72.4416017532,428676,5.91753895034,131584,2909,true,1
fp16,1,257,1,256,257,warp32_fused,1,7,100,37.7024006844,165508,4.38985308616,131584,2909,true,1
fp16,1,257,1,256,257,baseline_transform,1,8,100,49.6511983871,263168,5.3003353101,131584,2909,true,1
fp16,1,257,1,256,257,baseline_split,2,0,100,149.836797714,428676,2.8609527602,131584,2909,true,1
fp16,1,257,1,256,257,optimized_split,2,1,100,91.5904045105,428676,4.68035928317,131584,2909,true,1
fp16,1,257,1,256,257,baseline_fused,2,2,100,108.025598526,165508,1.5321183336,131584,2909,true,1
fp16,1,257,1,256,257,optimized_fused,2,3,100,45.8304023743,165508,3.61131457342,131584,2909,true,1
fp16,1,257,1,256,257,warp32_transform,2,4,100,32.9791998863,263168,7.9798176095,131584,2909,true,1
fp16,1,257,1,256,257,warp32_split,2,5,100,73.1583976746,428676,5.85955971735,131584,2909,true,1
fp16,1,257,1,256,257,warp32_fused,2,6,100,37.260799408,165508,4.44188000874,131584,2909,true,1
fp16,1,257,1,256,257,baseline_transform,2,7,100,50.2016019821,263168,5.24222314845,131584,2909,true,1
fp16,1,257,1,256,257,optimized_transform,2,8,100,52.2111988068,263168,5.04045120615,131584,2909,true,1
fp16,1,257,1,256,257,optimized_split,3,0,100,91.6736030579,428676,4.67611161448,131584,2909,true,1
fp16,1,257,1,256,257,baseline_fused,3,1,100,108.095998764,165508,1.531120503,131584,2909,true,1
fp16,1,257,1,256,257,optimized_fused,3,2,100,45.7919979095,165508,3.6143432817,131584,2909,true,1
fp16,1,257,1,256,257,warp32_transform,3,3,100,32.1984004974,263168,8.17332525636,131584,2909,true,1
fp16,1,257,1,256,257,warp32_split,3,4,100,71.2447977066,428676,6.01694458823,131584,2909,true,1
fp16,1,257,1,256,257,warp32_fused,3,5,100,37.5808000565,165508,4.40405738439,131584,2909,true,1
fp16,1,257,1,256,257,baseline_transform,3,6,100,50.2591991425,263168,5.2362155484,131584,2909,true,1
fp16,1,257,1,256,257,optimized_transform,3,7,100,52.5568008423,263168,5.00730630066,131584,2909,true,1
fp16,1,257,1,256,257,baseline_split,3,8,100,148.607997894,428676,2.884609214,131584,2909,true,1
fp16,1,257,1,256,257,baseline_fused,4,0,100,108.537597656,165508,1.52489094631,131584,2909,true,1
fp16,1,257,1,256,257,optimized_fused,4,1,100,45.7344007492,165508,3.61889512683,131584,2909,true,1
fp16,1,257,1,256,257,warp32_transform,4,2,100,32.9216003418,263168,7.99377907719,131584,2909,true,1
fp16,1,257,1,256,257,warp32_split,4,3,100,71.9871997833,428676,5.95489199872,131584,2909,true,1
fp16,1,257,1,256,257,warp32_fused,4,4,100,37.9520010948,165508,4.36098216762,131584,2909,true,1
fp16,1,257,1,256,257,baseline_transform,4,5,100,49.3696022034,263168,5.3305675609,131584,2909,true,1
fp16,1,257,1,256,257,optimized_transform,4,6,100,52.5311994553,263168,5.00974664064,131584,2909,true,1
fp16,1,257,1,256,257,baseline_split,4,7,100,150.873603821,428676,2.84129224161,131584,2909,true,1
fp16,1,257,1,256,257,optimized_split,4,8,100,91.4303970337,428676,4.68855013111,131584,2909,true,1
fp16,4,64,16,256,4096,baseline_transform,0,0,100,440.806388855,4194304,9.51507080216,2097152,2909,true,1
fp16,4,64,16,256,4096,optimized_transform,0,1,100,388.019218445,4194304,10.8095264374,2097152,2909,true,1
fp16,4,64,16,256,4096,baseline_split,0,2,100,1103.43040466,6832128,6.19171627964,2097152,2909,true,1
fp16,4,64,16,256,4096,optimized_split,0,3,100,705.369567871,6832128,9.68588426719,2097152,2909,true,1
fp16,4,64,16,256,4096,baseline_fused,0,4,100,657.183990479,2637824,4.01382875757,2097152,2909,true,1
fp16,4,64,16,256,4096,optimized_fused,0,5,100,353.95198822,2637824,7.45249098123,2097152,2909,true,1
fp16,4,64,16,256,4096,warp32_transform,0,6,100,227.916793823,4194304,18.4027860766,2097152,2909,true,1
fp16,4,64,16,256,4096,warp32_split,0,7,100,580.46081543,6832128,11.7701795167,2097152,2909,true,1
fp16,4,64,16,256,4096,warp32_fused,0,8,100,349.785614014,2637824,7.54125925801,2097152,2909,true,1
fp16,4,64,16,256,4096,optimized_transform,1,0,100,388.115196228,4194304,10.806853328,2097152,2909,true,1
fp16,4,64,16,256,4096,baseline_split,1,1,100,1103.46878052,6832128,6.1915009474,2097152,2909,true,1
fp16,4,64,16,256,4096,optimized_split,1,2,100,707.321624756,6832128,9.65915329163,2097152,2909,true,1
fp16,4,64,16,256,4096,baseline_fused,1,3,100,656.006393433,2637824,4.02103398139,2097152,2909,true,1
fp16,4,64,16,256,4096,optimized_fused,1,4,100,354.207992554,2637824,7.44710468271,2097152,2909,true,1
fp16,4,64,16,256,4096,warp32_transform,1,5,100,226.956806183,4194304,18.4806266467,2097152,2909,true,1
fp16,4,64,16,256,4096,warp32_split,1,6,100,579.443206787,6832128,11.7908501126,2097152,2909,true,1
fp16,4,64,16,256,4096,warp32_fused,1,7,100,350.303993225,2637824,7.53009971629,2097152,2909,true,1
fp16,4,64,16,256,4096,baseline_transform,1,8,100,441.926383972,4194304,9.49095630431,2097152,2909,true,1
fp16,4,64,16,256,4096,baseline_split,2,0,100,1105.93276978,6832128,6.17770644538,2097152,2909,true,1
fp16,4,64,16,256,4096,optimized_split,2,1,100,705.081634521,6832128,9.68983968025,2097152,2909,true,1
fp16,4,64,16,256,4096,baseline_fused,2,2,100,654.764785767,2637824,4.02865892812,2097152,2909,true,1
fp16,4,64,16,256,4096,optimized_fused,2,3,100,353.100814819,2637824,7.47045571489,2097152,2909,true,1
fp16,4,64,16,256,4096,warp32_transform,2,4,100,227.660808563,4194304,18.4234784479,2097152,2909,true,1
fp16,4,64,16,256,4096,warp32_split,2,5,100,582.284812927,6832128,11.733309625,2097152,2909,true,1
fp16,4,64,16,256,4096,warp32_fused,2,6,100,352.505607605,2637824,7.48306961107,2097152,2909,true,1
fp16,4,64,16,256,4096,baseline_transform,2,7,100,441.952018738,4194304,9.49040579559,2097152,2909,true,1
fp16,4,64,16,256,4096,optimized_transform,2,8,100,387.775993347,4194304,10.8163065067,2097152,2909,true,1
fp16,4,64,16,256,4096,optimized_split,3,0,100,705.055999756,6832128,9.69019198811,2097152,2909,true,1
fp16,4,64,16,256,4096,baseline_fused,3,1,100,657.075195312,2637824,4.01449334691,2097152,2909,true,1
fp16,4,64,16,256,4096,optimized_fused,3,2,100,353.27999115,2637824,7.46666685372,2097152,2909,true,1
fp16,4,64,16,256,4096,warp32_transform,3,3,100,227.276802063,4194304,18.4546067259,2097152,2909,true,1
fp16,4,64,16,256,4096,warp32_split,3,4,100,581.715202332,6832128,11.7447987823,2097152,2909,true,1
fp16,4,64,16,256,4096,warp32_fused,3,5,100,351.552009583,2637824,7.50336771829,2097152,2909,true,1
fp16,4,64,16,256,4096,baseline_transform,3,6,100,443.488006592,4194304,9.45753647823,2097152,2909,true,1
fp16,4,64,16,256,4096,optimized_transform,3,7,100,386.04801178,4194304,10.8647211539,2097152,2909,true,1
fp16,4,64,16,256,4096,baseline_split,3,8,100,1104.12162781,6832128,6.18784002408,2097152,2909,true,1
fp16,4,64,16,256,4096,baseline_fused,4,0,100,657.017593384,2637824,4.01484530485,2097152,2909,true,1
fp16,4,64,16,256,4096,optimized_fused,4,1,100,352.793617249,2637824,7.47696066775,2097152,2909,true,1
fp16,4,64,16,256,4096,warp32_transform,4,2,100,226.508808136,4194304,18.5171783584,2097152,2909,true,1
fp16,4,64,16,256,4096,warp32_split,4,3,100,581.715202332,6832128,11.7447987823,2097152,2909,true,1
fp16,4,64,16,256,4096,warp32_fused,4,4,100,350.886383057,2637824,7.51760150115,2097152,2909,true,1
fp16,4,64,16,256,4096,baseline_transform,4,5,100,439.29599762,4194304,9.54778559952,2097152,2909,true,1
fp16,4,64,16,256,4096,optimized_transform,4,6,100,386.431999207,4194304,10.8539251631,2097152,2909,true,1
fp16,4,64,16,256,4096,baseline_split,4,7,100,1105.87516785,6832128,6.17802822474,2097152,2909,true,1
fp16,4,64,16,256,4096,optimized_split,4,8,100,705.753631592,6832128,9.68061331061,2097152,2909,true,1
fp16,16,64,16,256,16384,baseline_transform,0,0,100,1672.31994629,16777216,10.0323003605,8388608,2909,true,1
fp16,16,64,16,256,16384,optimized_transform,0,1,100,1482.1824646,16777216,11.3192649358,8388608,2909,true,1
fp16,16,64,16,256,16384,baseline_split,0,2,100,3953.90075684,27328512,6.91178501452,8388608,2909,true,1
fp16,16,64,16,256,16384,optimized_split,0,3,100,2081.72805786,27328512,13.1278011539,8388608,2909,true,1
fp16,16,64,16,256,16384,baseline_fused,0,4,100,2369.65118408,10551296,4.4526789727,8388608,2909,true,1
fp16,16,64,16,256,16384,optimized_fused,0,5,100,725.01121521,10551296,14.5532865956,8388608,2909,true,1
fp16,16,64,16,256,16384,warp32_transform,0,6,100,877.38243103,16777216,19.1218964577,8388608,2909,true,1
fp16,16,64,16,256,16384,warp32_split,0,7,100,2281.08795166,27328512,11.9804727302,8388608,2909,true,1
fp16,16,64,16,256,16384,warp32_fused,0,8,100,1417.03674316,10551296,7.44602851754,8388608,2909,true,1
fp16,16,64,16,256,16384,optimized_transform,1,0,100,1482.9119873,16777216,11.3136963917,8388608,2909,true,1
fp16,16,64,16,256,16384,baseline_split,1,1,100,3948.92791748,27328512,6.92048894563,8388608,2909,true,1
fp16,16,64,16,256,16384,optimized_split,1,2,100,2081.71524048,27328512,13.1278819834,8388608,2909,true,1
fp16,16,64,16,256,16384,baseline_fused,1,3,100,2369.715271,10551296,4.45255855382,8388608,2909,true,1
fp16,16,64,16,256,16384,optimized_fused,1,4,100,725.657577515,10551296,14.5403236002,8388608,2909,true,1
fp16,16,64,16,256,16384,warp32_transform,1,5,100,876.524810791,16777216,19.14060594,8388608,2909,true,1
fp16,16,64,16,256,16384,warp32_split,1,6,100,2279.30236816,27328512,11.989858117,8388608,2909,true,1
fp16,16,64,16,256,16384,warp32_fused,1,7,100,1416.26235962,10551296,7.45009985497,8388608,2909,true,1
fp16,16,64,16,256,16384,baseline_transform,1,8,100,1683.04641724,16777216,9.96836202982,8388608,2909,true,1
fp16,16,64,16,256,16384,baseline_split,2,0,100,3951.00799561,27328512,6.91684553167,8388608,2909,true,1
fp16,16,64,16,256,16384,optimized_split,2,1,100,2081.7855835,27328512,13.1274383955,8388608,2909,true,1
fp16,16,64,16,256,16384,baseline_fused,2,2,100,2368.80645752,10551296,4.45426681716,8388608,2909,true,1
fp16,16,64,16,256,16384,optimized_fused,2,3,100,725.062408447,10551296,14.5522590567,8388608,2909,true,1
fp16,16,64,16,256,16384,warp32_transform,2,4,100,877.695999146,16777216,19.1150649158,8388608,2909,true,1
fp16,16,64,16,256,16384,warp32_split,2,5,100,2283.38562012,27328512,11.9684173182,8388608,2909,true,1
fp16,16,64,16,256,16384,warp32_fused,2,6,100,1416.94076538,10551296,7.44653288111,8388608,2909,true,1
fp16,16,64,16,256,16384,baseline_transform,2,7,100,1681.02401733,16777216,9.98035472843,8388608,2909,true,1
fp16,16,64,16,256,16384,optimized_transform,2,8,100,1483.6416626,16777216,11.3081321609,8388608,2909,true,1
fp16,16,64,16,256,16384,optimized_split,3,0,100,2081.22238159,27328512,13.1309908262,8388608,2909,true,1
fp16,16,64,16,256,16384,baseline_fused,3,1,100,2369.67041016,10551296,4.45264284635,8388608,2909,true,1
fp16,16,64,16,256,16384,optimized_fused,3,2,100,725.087966919,10551296,14.5517461072,8388608,2909,true,1
fp16,16,64,16,256,16384,warp32_transform,3,3,100,877.452774048,16777216,19.120363507,8388608,2909,true,1
fp16,16,64,16,256,16384,warp32_split,3,4,100,2281.63833618,27328512,11.97758276,8388608,2909,true,1
fp16,16,64,16,256,16384,warp32_fused,3,5,100,1415.53283691,10551296,7.45393941055,8388608,2909,true,1
fp16,16,64,16,256,16384,baseline_transform,3,6,100,1680.46722412,16777216,9.98366154316,8388608,2909,true,1
fp16,16,64,16,256,16384,optimized_transform,3,7,100,1483.54553223,16777216,11.3088649021,8388608,2909,true,1
fp16,16,64,16,256,16384,baseline_split,3,8,100,3944.69116211,27328512,6.9279218263,8388608,2909,true,1
fp16,16,64,16,256,16384,baseline_fused,4,0,100,2368.11523438,10551296,4.45556696179,8388608,2909,true,1
fp16,16,64,16,256,16384,optimized_fused,4,1,100,725.420837402,10551296,14.5450688152,8388608,2909,true,1
fp16,16,64,16,256,16384,warp32_transform,4,2,100,877.324829102,16777216,19.1231519313,8388608,2909,true,1
fp16,16,64,16,256,16384,warp32_split,4,3,100,2282.47039795,27328512,11.9732163995,8388608,2909,true,1
fp16,16,64,16,256,16384,warp32_fused,4,4,100,1413.15200806,10551296,7.4664975458,8388608,2909,true,1
fp16,16,64,16,256,16384,baseline_transform,4,5,100,1679.60327148,16777216,9.98879692892,8388608,2909,true,1
fp16,16,64,16,256,16384,optimized_transform,4,6,100,1482.20153809,16777216,11.3191192756,8388608,2909,true,1
fp16,16,64,16,256,16384,baseline_split,4,7,100,3946.53442383,27328512,6.92468608281,8388608,2909,true,1
fp16,16,64,16,256,16384,optimized_split,4,8,100,2080.10238647,27328512,13.1380609809,8388608,2909,true,1
bf16,1,1,1,64,1,baseline_transform,0,0,100,16.2303996086,256,0.0157728710428,128,2909,true,1
bf16,1,1,1,64,1,optimized_transform,0,1,100,15.7439994812,256,0.0162601631374,128,2909,true,1
bf16,1,1,1,64,1,baseline_split,0,2,100,35.8976006508,420,0.0116999463024,128,2909,true,1
bf16,1,1,1,64,1,optimized_split,0,3,100,30.956799984,420,0.0135672937842,128,2909,true,1
bf16,1,1,1,64,1,baseline_fused,0,4,100,22.5408005714,164,0.00727569544304,128,2909,true,1
bf16,1,1,1,64,1,optimized_fused,0,5,100,17.7983999252,164,0.00921431143749,128,2909,true,1
bf16,1,1,1,64,1,warp32_transform,0,6,100,15.232000351,256,0.0168067223018,128,2909,true,1
bf16,1,1,1,64,1,warp32_split,0,7,100,30.07999897,420,0.0139627664355,128,2909,true,1
bf16,1,1,1,64,1,warp32_fused,0,8,100,15.4688000679,164,0.0106019858864,128,2909,true,1
bf16,1,1,1,64,1,optimized_transform,1,0,100,15.7568001747,256,0.016246953516,128,2909,true,1
bf16,1,1,1,64,1,baseline_split,1,1,100,36.0127997398,420,0.0116625200771,128,2909,true,1
bf16,1,1,1,64,1,optimized_split,1,2,100,31.0784006119,420,0.0135142089596,128,2909,true,1
bf16,1,1,1,64,1,baseline_fused,1,3,100,22.5279998779,164,0.0072798295849,128,2909,true,1
bf16,1,1,1,64,1,optimized_fused,1,4,100,17.7535998821,164,0.00923756314713,128,2909,true,1
bf16,1,1,1,64,1,warp32_transform,1,5,100,15.2831995487,256,0.0167504192551,128,2909,true,1
bf16,1,1,1,64,1,warp32_split,1,6,100,30.1760005951,420,0.0139183454307,128,2909,true,1
bf16,1,1,1,64,1,warp32_fused,1,7,100,15.5071997643,164,0.0105757327237,128,2909,true,1
bf16,1,1,1,64,1,baseline_transform,1,8,100,16.2880003452,256,0.0157170920048,128,2909,true,1
bf16,1,1,1,64,1,baseline_split,2,0,100,36.0127997398,420,0.0116625200771,128,2909,true,1
bf16,1,1,1,64,1,optimized_split,2,1,100,31.0847997665,420,0.0135114269081,128,2909,true,1
bf16,1,1,1,64,1,baseline_fused,2,2,100,22.5728011131,164,0.00726538098564,128,2909,true,1
bf16,1,1,1,64,1,optimized_fused,2,3,100,17.6895999908,164,0.00927098408584,128,2909,true,1
bf16,1,1,1,64,1,warp32_transform,2,4,100,15.1872003078,256,0.0168562997005,128,2909,true,1
bf16,1,1,1,64,1,warp32_split,2,5,100,29.9392008781,420,0.0140284305419,128,2909,true,1
bf16,1,1,1,64,1,warp32_fused,2,6,100,15.4623997211,164,0.0106063743635,128,2909,true,1
bf16,1,1,1,64,1,baseline_transform,2,7,100,16.1919999123,256,0.0158102767655,128,2909,true,1
bf16,1,1,1,64,1,optimized_transform,2,8,100,15.6991994381,256,0.0163065639754,128,2909,true,1
bf16,1,1,1,64,1,optimized_split,3,0,100,31.0911989212,420,0.0135086460019,128,2909,true,1
bf16,1,1,1,64,1,baseline_fused,3,1,100,22.6239991188,164,0.00724893946198,128,2909,true,1
bf16,1,1,1,64,1,optimized_fused,3,2,100,17.6447999477,164,0.00929452305981,128,2909,true,1
bf16,1,1,1,64,1,warp32_transform,3,3,100,15.2128005028,256,0.0168279338149,128,2909,true,1
bf16,1,1,1,64,1,warp32_split,3,4,100,29.9264001846,420,0.0140344310511,128,2909,true,1
bf16,1,1,1,64,1,warp32_fused,3,5,100,15.4560005665,164,0.0106107656567,128,2909,true,1
bf16,1,1,1,64,1,baseline_transform,3,6,100,16.1855995655,256,0.0158165286966,128,2909,true,1
bf16,1,1,1,64,1,optimized_transform,3,7,100,15.6991994381,256,0.0163065639754,128,2909,true,1
bf16,1,1,1,64,1,baseline_split,3,8,100,36.0127997398,420,0.0116625200771,128,2909,true,1
bf16,1,1,1,64,1,baseline_fused,4,0,100,22.5343990326,164,0.00727776231187,128,2909,true,1
bf16,1,1,1,64,1,optimized_fused,4,1,100,17.7535998821,164,0.00923756314713,128,2909,true,1
bf16,1,1,1,64,1,warp32_transform,4,2,100,15.2704000473,256,0.0167644592943,128,2909,true,1
bf16,1,1,1,64,1,warp32_split,4,3,100,30.1760005951,420,0.0139183454307,128,2909,true,1
bf16,1,1,1,64,1,warp32_fused,4,4,100,15.513600111,164,0.0105713695613,128,2909,true,1
bf16,1,1,1,64,1,baseline_transform,4,5,100,16.2880003452,256,0.0157170920048,128,2909,true,1
bf16,1,1,1,64,1,optimized_transform,4,6,100,15.6288003922,256,0.016380015969,128,2909,true,1
bf16,1,1,1,64,1,baseline_split,4,7,100,36.0064005852,420,0.0116645927717,128,2909,true,1
bf16,1,1,1,64,1,optimized_split,4,8,100,31.0911989212,420,0.0135086460019,128,2909,true,1
bf16,1,17,1,64,17,baseline_transform,0,0,100,17.7983999252,4352,0.244516362048,2176,2909,true,1
bf16,1,17,1,64,17,optimized_transform,0,1,100,17.3055994511,4352,0.251479297918,2176,2909,true,1
bf16,1,17,1,64,17,baseline_split,0,2,100,38.6944007874,7140,0.184522821254,2176,2909,true,1
bf16,1,17,1,64,17,optimized_split,0,3,100,34.2783999443,7140,0.208294436485,2176,2909,true,1
bf16,1,17,1,64,17,baseline_fused,0,4,100,24.0192008018,2788,0.116073803746,2176,2909,true,1
bf16,1,17,1,64,17,optimized_fused,0,5,100,19.315199852,2788,0.144342280761,2176,2909,true,1
bf16,1,17,1,64,17,warp32_transform,0,6,100,17.7983999252,4352,0.244516362048,2176,2909,true,1
bf16,1,17,1,64,17,warp32_split,0,7,100,34.3616008759,7140,0.207790085968,2176,2909,true,1
bf16,1,17,1,64,17,warp32_fused,0,8,100,17.8367996216,2788,0.156306067184,2176,2909,true,1
bf16,1,17,1,64,17,optimized_transform,1,0,100,17.2544002533,4352,0.252225515585,2176,2909,true,1
bf16,1,17,1,64,17,baseline_split,1,1,100,38.6752009392,7140,0.184614425436,2176,2909,true,1
bf16,1,17,1,64,17,optimized_split,1,2,100,34.2655992508,7140,0.208372249606,2176,2909,true,1
bf16,1,17,1,64,17,baseline_fused,1,3,100,24.012799263,2788,0.1161047477,2176,2909,true,1
bf16,1,17,1,64,17,optimized_fused,1,4,100,19.3087995052,2788,0.144390126338,2176,2909,true,1
bf16,1,17,1,64,17,warp32_transform,1,5,100,17.7919995785,4352,0.244604322342,2176,2909,true,1
bf16,1,17,1,64,17,warp32_split,1,6,100,34.3616008759,7140,0.207790085968,2176,2909,true,1
bf16,1,17,1,64,17,warp32_fused,1,7,100,17.8111994267,2788,0.156530727281,2176,2909,true,1
bf16,1,17,1,64,17,baseline_transform,1,8,100,17.708799839,4352,0.245753525906,2176,2909,true,1
bf16,1,17,1,64,17,baseline_split,2,0,100,38.8351988792,7140,0.183853828641,2176,2909,true,1
bf16,1,17,1,64,17,optimized_split,2,1,100,34.2655992508,7140,0.208372249606,2176,2909,true,1
bf16,1,17,1,64,17,baseline_fused,2,2,100,23.968000412,2788,0.11632176035,2176,2909,true,1
bf16,1,17,1,64,17,optimized_fused,2,3,100,19.3599998951,2788,0.144008265243,2176,2909,true,1
bf16,1,17,1,64,17,warp32_transform,2,4,100,17.6895999908,4352,0.246020260619,2176,2909,true,1
bf16,1,17,1,64,17,warp32_split,2,5,100,34.3296003342,7140,0.207983778736,2176,2909,true,1
bf16,1,17,1,64,17,warp32_fused,2,6,100,17.7216005325,2788,0.157322133228,2176,2909,true,1
bf16,1,17,1,64,17,baseline_transform,2,7,100,17.7535998821,4352,0.245133383026,2176,2909,true,1
bf16,1,17,1,64,17,optimized_transform,2,8,100,17.2992002964,4352,0.251572322734,2176,2909,true,1
bf16,1,17,1,64,17,optimized_split,3,0,100,34.240000248,7140,0.208528035873,2176,2909,true,1
bf16,1,17,1,64,17,baseline_fused,3,1,100,24.012799263,2788,0.1161047477,2176,2909,true,1
bf16,1,17,1,64,17,optimized_fused,3,2,100,19.3535995483,2788,0.144055889605,2176,2909,true,1
bf16,1,17,1,64,17,warp32_transform,3,3,100,17.638399601,4352,0.246734403259,2176,2909,true,1
bf16,1,17,1,64,17,warp32_split,3,4,100,34.3616008759,7140,0.207790085968,2176,2909,true,1
bf16,1,17,1,64,17,warp32_fused,3,5,100,17.6639997959,2788,0.157835146751,2176,2909,true,1
bf16,1,17,1,64,17,baseline_transform,3,6,100,17.7727997303,4352,0.244868566914,2176,2909,true,1
bf16,1,17,1,64,17,optimized_transform,3,7,100,17.260799408,4352,0.252132007165,2176,2909,true,1
bf16,1,17,1,64,17,baseline_split,3,8,100,38.8416004181,7140,0.183823527433,2176,2909,true,1
bf16,1,17,1,64,17,baseline_fused,4,0,100,24.0000009537,2788,0.116166662051,2176,2909,true,1
bf16,1,17,1,64,17,optimized_fused,4,1,100,19.2639994621,2788,0.144725917662,2176,2909,true,1
bf16,1,17,1,64,17,warp32_transform,4,2,100,17.8367996216,4352,0.243989958531,2176,2909,true,1
bf16,1,17,1,64,17,warp32_split,4,3,100,34.4896006584,7140,0.207018923493,2176,2909,true,1
bf16,1,17,1,64,17,warp32_fused,4,4,100,17.8496003151,2788,0.156193973578,2176,2909,true,1
bf16,1,17,1,64,17,baseline_transform,4,5,100,17.7408003807,4352,0.245310240046,2176,2909,true,1
bf16,1,17,1,64,17,optimized_transform,4,6,100,17.3440003395,4352,0.250922504313,2176,2909,true,1
bf16,1,17,1,64,17,baseline_split,4,7,100,38.8287997246,7140,0.18388412855,2176,2909,true,1
bf16,1,17,1,64,17,optimized_split,4,8,100,34.2720007896,7140,0.208333328533,2176,2909,true,1
bf16,1,257,1,64,257,baseline_transform,0,0,100,38.937599659,65792,1.68967785832,32896,2909,true,1
bf16,1,257,1,64,257,optimized_transform,0,1,100,37.5232005119,65792,1.75336855872,32896,2909,true,1
bf16,1,257,1,64,257,baseline_split,0,2,100,76.5439987183,107940,1.41016933799,32896,2909,true,1
bf16,1,257,1,64,257,optimized_split,0,3,100,71.0591983795,107940,1.51901516569,32896,2909,true,1
bf16,1,257,1,64,257,baseline_fused,0,4,100,42.6304006577,42148,0.988684116259,32896,2909,true,1
bf16,1,257,1,64,257,optimized_fused,0,5,100,37.4783992767,42148,1.12459445476,32896,2909,true,1
bf16,1,257,1,64,257,warp32_transform,0,6,100,21.7023992538,65792,3.03155421806,32896,2909,true,1
bf16,1,257,1,64,257,warp32_split,0,7,100,44.7936010361,107940,2.40971918987,32896,2909,true,1
bf16,1,257,1,64,257,warp32_fused,0,8,100,21.3247990608,42148,1.97647817828,32896,2909,true,1
bf16,1,257,1,64,257,optimized_transform,1,0,100,37.401599884,65792,1.75906913619,32896,2909,true,1
bf16,1,257,1,64,257,baseline_split,1,1,100,76.9727993011,107940,1.40231355726,32896,2909,true,1
bf16,1,257,1,64,257,optimized_split,1,2,100,71.0080003738,107940,1.52011040209,32896,2909,true,1
bf16,1,257,1,64,257,baseline_fused,1,3,100,42.5920009613,42148,0.989575484803,32896,2909,true,1
bf16,1,257,1,64,257,optimized_fused,1,4,100,37.3632001877,42148,1.12806183058,32896,2909,true,1
bf16,1,257,1,64,257,warp32_transform,1,5,100,21.5872001648,65792,3.04773196606,32896,2909,true,1
bf16,1,257,1,64,257,warp32_split,1,6,100,44.7616004944,107940,2.41144192361,32896,2909,true,1
bf16,1,257,1,64,257,warp32_fused,1,7,100,21.4655995369,42148,1.96351375733,32896,2909,true,1
bf16,1,257,1,64,257,baseline_transform,1,8,100,38.1376004219,65792,1.72512164562,32896,2909,true,1
bf16,1,257,1,64,257,baseline_split,2,0,100,77.5744009018,107940,1.3914383965,32896,2909,true,1
bf16,1,257,1,64,257,optimized_split,2,1,100,71.360001564,107940,1.51261207447,32896,2909,true,1
bf16,1,257,1,64,257,baseline_fused,2,2,100,42.553601265,42148,0.99046846206,32896,2909,true,1
bf16,1,257,1,64,257,optimized_fused,2,3,100,38.2848000526,42148,1.10090688581,32896,2909,true,1
bf16,1,257,1,64,257,warp32_transform,2,4,100,21.6831994057,65792,3.03423857195,32896,2909,true,1
bf16,1,257,1,64,257,warp32_split,2,5,100,44.6655988693,107940,2.4166249358,32896,2909,true,1
bf16,1,257,1,64,257,warp32_fused,2,6,100,21.4271998405,42148,1.96703257139,32896,2909,true,1
bf16,1,257,1,64,257,baseline_transform,2,7,100,38.7840008736,65792,1.69636959875,32896,2909,true,1
bf16,1,257,1,64,257,optimized_transform,2,8,100,37.6191997528,65792,1.74889419319,32896,2909,true,1
bf16,1,257,1,64,257,optimized_split,3,0,100,71.5903997421,107940,1.5077440605,32896,2909,true,1
bf16,1,257,1,64,257,baseline_fused,3,1,100,42.5152015686,42148,0.991363052389,32896,2909,true,1
bf16,1,257,1,64,257,optimized_fused,3,2,100,38.2207989693,42148,1.10275036463,32896,2909,true,1
bf16,1,257,1,64,257,warp32_transform,3,3,100,21.4655995369,65792,3.06499708461,32896,2909,true,1
bf16,1,257,1,64,257,warp32_split,3,4,100,44.678401947,107940,2.41593242587,32896,2909,true,1
bf16,1,257,1,64,257,warp32_fused,3,5,100,21.2608003616,42148,1.98242772064,32896,2909,true,1
bf16,1,257,1,64,257,baseline_transform,3,6,100,38.8863992691,65792,1.69190259928,32896,2909,true,1
bf16,1,257,1,64,257,optimized_transform,3,7,100,37.59360075,65792,1.75008508596,32896,2909,true,1
bf16,1,257,1,64,257,baseline_split,3,8,100,76.9471979141,107940,1.40278012619,32896,2909,true,1
bf16,1,257,1,64,257,baseline_fused,4,0,100,42.5920009613,42148,0.989575484803,32896,2909,true,1
bf16,1,257,1,64,257,optimized_fused,4,1,100,37.4336004257,42148,1.12594031888,32896,2909,true,1
bf16,1,257,1,64,257,warp32_transform,4,2,100,21.6960000992,65792,3.03244836372,32896,2909,true,1
bf16,1,257,1,64,257,warp32_split,4,3,100,44.8063993454,107940,2.40903088793,32896,2909,true,1
bf16,1,257,1,64,257,warp32_fused,4,4,100,21.4592003822,42148,1.96409927906,32896,2909,true,1
bf16,1,257,1,64,257,baseline_transform,4,5,100,38.4064006805,65792,1.71304779501,32896,2909,true,1
bf16,1,257,1,64,257,optimized_transform,4,6,100,37.4464011192,65792,1.75696456892,32896,2909,true,1
bf16,1,257,1,64,257,baseline_split,4,7,100,77.4783992767,107940,1.39316249442,32896,2909,true,1
bf16,1,257,1,64,257,optimized_split,4,8,100,71.4688014984,107940,1.51030936208,32896,2909,true,1
bf16,4,64,16,64,4096,baseline_transform,0,0,100,164.729595184,1048576,6.36543784878,524288,2909,true,1
bf16,4,64,16,64,4096,optimized_transform,0,1,100,157.54240036,1048576,6.65583358895,524288,2909,true,1
bf16,4,64,16,64,4096,baseline_split,0,2,100,303.443202972,1720320,5.66933114055,524288,2909,true,1
bf16,4,64,16,64,4096,optimized_split,0,3,100,275.859203339,1720320,6.23622478126,524288,2909,true,1
bf16,4,64,16,64,4096,baseline_fused,0,4,100,155.635204315,671744,4.3161443001,524288,2909,true,1
bf16,4,64,16,64,4096,optimized_fused,0,5,100,130.547199249,671744,5.14560253964,524288,2909,true,1
bf16,4,64,16,64,4096,warp32_transform,0,6,100,91.334400177,1048576,11.4806250215,524288,2909,true,1
bf16,4,64,16,64,4096,warp32_split,0,7,100,244.467201233,1720320,7.03701760941,524288,2909,true,1
bf16,4,64,16,64,4096,warp32_fused,0,8,100,149.254398346,671744,4.5006646869,524288,2909,true,1
bf16,4,64,16,64,4096,optimized_transform,1,0,100,157.312002182,1048576,6.66558168134,524288,2909,true,1
bf16,4,64,16,64,4096,baseline_split,1,1,100,304.134407043,1720320,5.6564464926,524288,2909,true,1
bf16,4,64,16,64,4096,optimized_split,1,2,100,275.148792267,1720320,6.25232618987,524288,2909,true,1
bf16,4,64,16,64,4096,baseline_fused,1,3,100,156.409597397,671744,4.29477481676,524288,2909,true,1
bf16,4,64,16,64,4096,optimized_fused,1,4,100,130.143995285,671744,5.16154432272,524288,2909,true,1
bf16,4,64,16,64,4096,warp32_transform,1,5,100,91.7951965332,1048576,11.4229942263,524288,2909,true,1
bf16,4,64,16,64,4096,warp32_split,1,6,100,245.126399994,1720320,7.01809352254,524288,2909,true,1
bf16,4,64,16,64,4096,warp32_fused,1,7,100,148.051204681,671744,4.53724102715,524288,2909,true,1
bf16,4,64,16,64,4096,baseline_transform,1,8,100,165.190391541,1048576,6.34768154625,524288,2909,true,1
bf16,4,64,16,64,4096,baseline_split,2,0,100,304.204807281,1720320,5.65513745616,524288,2909,true,1
bf16,4,64,16,64,4096,optimized_split,2,1,100,275.09759903,1720320,6.25348969264,524288,2909,true,1
bf16,4,64,16,64,4096,baseline_fused,2,2,100,155.296001434,671744,4.3255717713,524288,2909,true,1
bf16,4,64,16,64,4096,optimized_fused,2,3,100,131.41119957,671744,5.11177131173,524288,2909,true,1
bf16,4,64,16,64,4096,warp32_transform,2,4,100,90.4767990112,1048576,11.5894462609,524288,2909,true,1
bf16,4,64,16,64,4096,warp32_split,2,5,100,245.228805542,1720320,7.01516282395,524288,2909,true,1
bf16,4,64,16,64,4096,warp32_fused,2,6,100,148.352003098,671744,4.52804132047,524288,2909,true,1
bf16,4,64,16,64,4096,baseline_transform,2,7,100,164.371204376,1048576,6.37931688813,524288,2909,true,1
bf16,4,64,16,64,4096,optimized_transform,2,8,100,157.945604324,1048576,6.63884255903,524288,2909,true,1
bf16,4,64,16,64,4096,optimized_split,3,0,100,276.543998718,1720320,6.22078225517,524288,2909,true,1
bf16,4,64,16,64,4096,baseline_fused,3,1,100,155.551996231,671744,4.31845309784,524288,2909,true,1
bf16,4,64,16,64,4096,optimized_fused,3,2,100,130.822401047,671744,5.13477810088,524288,2909,true,1
bf16,4,64,16,64,4096,warp32_transform,3,3,100,91.3407993317,1048576,11.4798207118,524288,2909,true,1
bf16,4,64,16,64,4096,warp32_split,3,4,100,245.446395874,1720320,7.00894382203,524288,2909,true,1
bf16,4,64,16,64,4096,warp32_fused,3,5,100,148.934402466,671744,4.51033467673,524288,2909,true,1
bf16,4,64,16,64,4096,baseline_transform,3,6,100,164.294395447,1048576,6.38229926924,524288,2909,true,1
bf16,4,64,16,64,4096,optimized_transform,3,7,100,157.369604111,1048576,6.66314188134,524288,2909,true,1
bf16,4,64,16,64,4096,baseline_split,3,8,100,303.456001282,1720320,5.66909203553,524288,2909,true,1
bf16,4,64,16,64,4096,baseline_fused,4,0,100,155.724802017,671744,4.31366096664,524288,2909,true,1
bf16,4,64,16,64,4096,optimized_fused,4,1,100,130.457601547,671744,5.14913651664,524288,2909,true,1
bf16,4,64,16,64,4096,warp32_transform,4,2,100,91.9871997833,1048576,11.3991512131,524288,2909,true,1
bf16,4,64,16,64,4096,warp32_split,4,3,100,243.519992828,1720320,7.06438916994,524288,2909,true,1
bf16,4,64,16,64,4096,warp32_fused,4,4,100,147.648000717,671744,4.54963153403,524288,2909,true,1
bf16,4,64,16,64,4096,baseline_transform,4,5,100,164.934406281,1048576,6.35753341978,524288,2909,true,1
bf16,4,64,16,64,4096,optimized_transform,4,6,100,157.472000122,1048576,6.65880917996,524288,2909,true,1
bf16,4,64,16,64,4096,baseline_split,4,7,100,304.543991089,1720320,5.64883908512,524288,2909,true,1
bf16,4,64,16,64,4096,optimized_split,4,8,100,275.283203125,1720320,6.24927340452,524288,2909,true,1
bf16,16,64,16,64,16384,baseline_transform,0,0,100,468.710403442,4194304,8.94860444572,2097152,2909,true,1
bf16,16,64,16,64,16384,optimized_transform,0,1,100,462.04158783,4194304,9.07776293407,2097152,2909,true,1
bf16,16,64,16,64,16384,baseline_split,0,2,100,974.2527771,6881280,7.06313614059,2097152,2909,true,1
bf16,16,64,16,64,16384,optimized_split,0,3,100,904.364776611,6881280,7.60896507467,2097152,2909,true,1
bf16,16,64,16,64,16384,baseline_fused,0,4,100,567.244796753,2686976,4.73688963809,2097152,2909,true,1
bf16,16,64,16,64,16384,optimized_fused,0,5,100,476.665611267,2686976,5.63702506849,2097152,2909,true,1
bf16,16,64,16,64,16384,warp32_transform,0,6,100,343.724784851,4194304,12.2025067288,2097152,2909,true,1
bf16,16,64,16,64,16384,warp32_split,0,7,100,889.919967651,6881280,7.73247061549,2097152,2909,true,1
bf16,16,64,16,64,16384,warp32_fused,0,8,100,536.972808838,2686976,5.00393307776,2097152,2909,true,1
bf16,16,64,16,64,16384,optimized_transform,1,0,100,462.899208069,4194304,9.06094442783,2097152,2909,true,1
bf16,16,64,16,64,16384,baseline_split,1,1,100,975.251235962,6881280,7.05590492609,2097152,2909,true,1
bf16,16,64,16,64,16384,optimized_split,1,2,100,907.539215088,6881280,7.58235003579,2097152,2909,true,1
bf16,16,64,16,64,16384,baseline_fused,1,3,100,566.982383728,2686976,4.73908198405,2097152,2909,true,1
bf16,16,64,16,64,16384,optimized_fused,1,4,100,476.716804504,2686976,5.63641972469,2097152,2909,true,1
bf16,16,64,16,64,16384,warp32_transform,1,5,100,343.571205139,4194304,12.2079613695,2097152,2909,true,1
bf16,16,64,16,64,16384,warp32_split,1,6,100,892.761611938,6881280,7.70785829944,2097152,2909,true,1
bf16,16,64,16,64,16384,warp32_fused,1,7,100,538.265609741,2686976,4.99191468185,2097152,2909,true,1
bf16,16,64,16,64,16384,baseline_transform,1,8,100,466.399993896,4194304,8.99293322232,2097152,2909,true,1
bf16,16,64,16,64,16384,baseline_split,2,0,100,974.284820557,6881280,7.06290383963,2097152,2909,true,1
bf16,16,64,16,64,16384,optimized_split,2,1,100,904.377593994,6881280,7.60885723585,2097152,2909,true,1
bf16,16,64,16,64,16384,baseline_fused,2,2,100,567.456016541,2686976,4.7351264621,2097152,2909,true,1
bf16,16,64,16,64,16384,optimized_fused,2,3,100,476.128005981,2686976,5.64338994187,2097152,2909,true,1
bf16,16,64,16,64,16384,warp32_transform,2,4,100,338.886413574,4194304,12.3767251563,2097152,2909,true,1
bf16,16,64,16,64,16384,warp32_split,2,5,100,886.950378418,6881280,7.75835961903,2097152,2909,true,1
bf16,16,64,16,64,16384,warp32_fused,2,6,100,534.918403625,2686976,5.0231511606,2097152,2909,true,1
bf16,16,64,16,64,16384,baseline_transform,2,7,100,465.670394897,4194304,9.00702309178,2097152,2909,true,1
bf16,16,64,16,64,16384,optimized_transform,2,8,100,461.920013428,4194304,9.08015214339,2097152,2909,true,1
bf16,16,64,16,64,16384,optimized_split,3,0,100,905.676803589,6881280,7.59794219387,2097152,2909,true,1
bf16,16,64,16,64,16384,baseline_fused,3,1,100,567.436790466,2686976,4.73528689917,2097152,2909,true,1
bf16,16,64,16,64,16384,optimized_fused,3,2,100,475.404815674,2686976,5.6519747201,2097152,2909,true,1
bf16,16,64,16,64,16384,warp32_transform,3,3,100,335.0207901,4194304,12.5195334855,2097152,2909,true,1
bf16,16,64,16,64,16384,warp32_split,3,4,100,887.916793823,6881280,7.74991536129,2097152,2909,true,1
bf16,16,64,16,64,16384,warp32_fused,3,5,100,535.731201172,2686976,5.01553016536,2097152,2909,true,1
bf16,16,64,16,64,16384,baseline_transform,3,6,100,469.728012085,4194304,8.92921838189,2097152,2909,true,1
bf16,16,64,16,64,16384,optimized_transform,3,7,100,462.975997925,4194304,9.05944156673,2097152,2909,true,1
bf16,16,64,16,64,16384,baseline_split,3,8,100,975.456008911,6881280,7.05442371274,2097152,2909,true,1
bf16,16,64,16,64,16384,baseline_fused,4,0,100,568.467216492,2686976,4.72670353197,2097152,2909,true,1
bf16,16,64,16,64,16384,optimized_fused,4,1,100,478.124809265,2686976,5.61982132684,2097152,2909,true,1
bf16,16,64,16,64,16384,warp32_transform,4,2,100,340.486412048,4194304,12.3185650046,2097152,2909,true,1
bf16,16,64,16,64,16384,warp32_split,4,3,100,894.540786743,6881280,7.69252794504,2097152,2909,true,1
bf16,16,64,16,64,16384,warp32_fused,4,4,100,534.182395935,2686976,5.03007216345,2097152,2909,true,1
bf16,16,64,16,64,16384,baseline_transform,4,5,100,466.649589539,4194304,8.98812319571,2097152,2909,true,1
bf16,16,64,16,64,16384,optimized_transform,4,6,100,462.636795044,4194304,9.06608390196,2097152,2909,true,1
bf16,16,64,16,64,16384,baseline_split,4,7,100,974.124832153,6881280,7.06406383747,2097152,2909,true,1
bf16,16,64,16,64,16384,optimized_split,4,8,100,905.132827759,6881280,7.60250848159,2097152,2909,true,1
bf16,1,1,1,128,1,baseline_transform,0,0,100,16.7296004295,512,0.0306044368577,256,2909,true,1
bf16,1,1,1,128,1,optimized_transform,0,1,100,16.435199976,512,0.0311526480206,256,2909,true,1
bf16,1,1,1,128,1,baseline_split,0,2,100,41.9199991226,836,0.019942748509,256,2909,true,1
bf16,1,1,1,128,1,optimized_split,0,3,100,32.0384001732,836,0.0260936874339,256,2909,true,1
bf16,1,1,1,128,1,baseline_fused,0,4,100,28.3392000198,324,0.0114329268213,256,2909,true,1
bf16,1,1,1,128,1,optimized_fused,0,5,100,18.4704005718,324,0.0175415794985,256,2909,true,1
bf16,1,1,1,128,1,warp32_transform,0,6,100,15.232000351,512,0.0336134446037,256,2909,true,1
bf16,1,1,1,128,1,warp32_split,0,7,100,30.649600029,836,0.0272760492538,256,2909,true,1
bf16,1,1,1,128,1,warp32_fused,0,8,100,16.8063998222,324,0.0192783703486,256,2909,true,1
bf16,1,1,1,128,1,optimized_transform,1,0,100,16.4224004745,512,0.0311769281716,256,2909,true,1
bf16,1,1,1,128,1,baseline_split,1,1,100,41.9008016586,836,0.0199518855704,256,2909,true,1
bf16,1,1,1,128,1,optimized_split,1,2,100,32.0512008667,836,0.0260832660678,256,2909,true,1
bf16,1,1,1,128,1,baseline_fused,1,3,100,28.3392000198,324,0.0114329268213,256,2909,true,1
bf16,1,1,1,128,1,optimized_fused,1,4,100,18.4448003769,324,0.017565926081,256,2909,true,1
bf16,1,1,1,128,1,warp32_transform,1,5,100,15.232000351,512,0.0336134446037,256,2909,true,1
bf16,1,1,1,128,1,warp32_split,1,6,100,30.649600029,836,0.0272760492538,256,2909,true,1
bf16,1,1,1,128,1,warp32_fused,1,7,100,16.7551994324,324,0.0193372810218,256,2909,true,1
bf16,1,1,1,128,1,baseline_transform,1,8,100,16.8447995186,512,0.0303951376468,256,2909,true,1
bf16,1,1,1,128,1,baseline_split,2,0,100,41.9072008133,836,0.0199488389531,256,2909,true,1
bf16,1,1,1,128,1,optimized_split,2,1,100,32.0447993279,836,0.0260884766806,256,2909,true,1
bf16,1,1,1,128,1,baseline_fused,2,2,100,28.4159994125,324,0.0114020272627,256,2909,true,1
bf16,1,1,1,128,1,optimized_fused,2,3,100,18.3487999439,324,0.0176578305388,256,2909,true,1
bf16,1,1,1,128,1,warp32_transform,2,4,100,15.1999998093,512,0.033684210949,256,2909,true,1
bf16,1,1,1,128,1,warp32_split,2,5,100,30.5024003983,836,0.0274076790379,256,2909,true,1
bf16,1,1,1,128,1,warp32_fused,2,6,100,16.8447995186,324,0.0192344230421,256,2909,true,1
bf16,1,1,1,128,1,baseline_transform,2,7,100,16.7359995842,512,0.0305927349857,256,2909,true,1
bf16,1,1,1,128,1,optimized_transform,2,8,100,16.3903999329,512,0.0312377978632,256,2909,true,1
bf16,1,1,1,128,1,optimized_split,3,0,100,32.0512008667,836,0.0260832660678,256,2909,true,1
bf16,1,1,1,128,1,baseline_fused,3,1,100,28.4159994125,324,0.0114020272627,256,2909,true,1
bf16,1,1,1,128,1,optimized_fused,3,2,100,18.3552002907,324,0.0176516733606,256,2909,true,1
bf16,1,1,1,128,1,warp32_transform,3,3,100,15.2191996574,512,0.0336417164847,256,2909,true,1
bf16,1,1,1,128,1,warp32_split,3,4,100,30.4832005501,836,0.0274249417684,256,2909,true,1
bf16,1,1,1,128,1,warp32_fused,3,5,100,16.8959999084,324,0.0191761364675,256,2909,true,1
bf16,1,1,1,128,1,baseline_transform,3,6,100,16.6911995411,512,0.0306748474691,256,2909,true,1
bf16,1,1,1,128,1,optimized_transform,3,7,100,16.435199976,512,0.0311526480206,256,2909,true,1
bf16,1,1,1,128,1,baseline_split,3,8,100,41.9072008133,836,0.0199488389531,256,2909,true,1
bf16,1,1,1,128,1,baseline_fused,4,0,100,28.3455991745,324,0.0114303457833,256,2909,true,1
bf16,1,1,1,128,1,optimized_fused,4,1,100,18.4640002251,324,0.0175476600981,256,2909,true,1
bf16,1,1,1,128,1,warp32_transform,4,2,100,15.232000351,512,0.0336134446037,256,2909,true,1
bf16,1,1,1,128,1,warp32_split,4,3,100,30.649600029,836,0.0272760492538,256,2909,true,1
bf16,1,1,1,128,1,warp32_fused,4,4,100,16.7615997791,324,0.0193298971619,256,2909,true,1
bf16,1,1,1,128,1,baseline_transform,4,5,100,16.8384003639,512,0.0304066888145,256,2909,true,1
bf16,1,1,1,128,1,optimized_transform,4,6,100,16.2751996517,512,0.0314589074762,256,2909,true,1
bf16,1,1,1,128,1,baseline_split,4,7,100,41.9199991226,836,0.019942748509,256,2909,true,1
bf16,1,1,1,128,1,optimized_split,4,8,100,32.0447993279,836,0.0260884766806,256,2909,true,1
bf16,1,17,1,128,17,baseline_transform,0,0,100,18.796800375,8704,0.463057532472,4352,2909,true,1
bf16,1,17,1,128,17,optimized_transform,0,1,100,18.4959995747,8704,0.470588246116,4352,2909,true,1
bf16,1,17,1,128,17,baseline_split,0,2,100,45.2095985413,14212,0.314358022601,4352,2909,true,1
bf16,1,17,1,128,17,optimized_split,0,3,100,35.7184004784,14212,0.397890157724,4352,2909,true,1
bf16,1,17,1,128,17,baseline_fused,0,4,100,29.8431992531,5508,0.184564662565,4352,2909,true,1
bf16,1,17,1,128,17,optimized_fused,0,5,100,19.9872004986,5508,0.275576362002,4352,2909,true,1
bf16,1,17,1,128,17,warp32_transform,0,6,100,19.9487996101,8704,0.436316979974,4352,2909,true,1
bf16,1,17,1,128,17,warp32_split,0,7,100,37.1264004707,14212,0.382800374391,4352,2909,true,1
bf16,1,17,1,128,17,warp32_fused,0,8,100,18.9056003094,5508,0.291342243032,4352,2909,true,1
bf16,1,17,1,128,17,optimized_transform,1,0,100,18.4511995316,8704,0.471730847911,4352,2909,true,1
bf16,1,17,1,128,17,baseline_split,1,1,100,45.1968002319,14212,0.314447038885,4352,2909,true,1
bf16,1,17,1,128,17,optimized_split,1,2,100,35.724799633,14212,0.397818886208,4352,2909,true,1
bf16,1,17,1,128,17,baseline_fused,1,3,100,29.8496007919,5508,0.184525080868,4352,2909,true,1
bf16,1,17,1,128,17,optimized_fused,1,4,100,19.9679994583,5508,0.275841353637,4352,2909,true,1
bf16,1,17,1,128,17,warp32_transform,1,5,100,19.8976004124,8704,0.437439682153,4352,2909,true,1
bf16,1,17,1,128,17,warp32_split,1,6,100,37.0047998428,14212,0.384058285962,4352,2909,true,1
bf16,1,17,1,128,17,warp32_fused,1,7,100,18.8800001144,5508,0.291737286367,4352,2909,true,1
bf16,1,17,1,128,17,baseline_transform,1,8,100,18.6751997471,8704,0.466072658814,4352,2909,true,1
bf16,1,17,1,128,17,baseline_split,2,0,100,45.1520013809,14212,0.314759026518,4352,2909,true,1
bf16,1,17,1,128,17,optimized_split,2,1,100,35.724799633,14212,0.397818886208,4352,2909,true,1
bf16,1,17,1,128,17,baseline_fused,2,2,100,29.8304009438,5508,0.184643847409,4352,2909,true,1
bf16,1,17,1,128,17,optimized_fused,2,3,100,19.9935996532,5508,0.275488160988,4352,2909,true,1
bf16,1,17,1,128,17,warp32_transform,2,4,100,19.8207998276,8704,0.439134650252,4352,2909,true,1
bf16,1,17,1,128,17,warp32_split,2,5,100,36.9984006882,14212,0.384124711762,4352,2909,true,1
bf16,1,17,1,128,17,warp32_fused,2,6,100,18.7520003319,5508,0.293728663743,4352,2909,true,1
bf16,1,17,1,128,17,baseline_transform,2,7,100,18.7904000282,8704,0.46321525816,4352,2909,true,1
bf16,1,17,1,128,17,optimized_transform,2,8,100,18.4575998783,8704,0.471567270793,4352,2909,true,1
bf16,1,17,1,128,17,optimized_split,3,0,100,35.7312011719,14212,0.397747613679,4352,2909,true,1
bf16,1,17,1,128,17,baseline_fused,3,1,100,29.8239994049,5508,0.18468348008,4352,2909,true,1
bf16,1,17,1,128,17,optimized_fused,3,2,100,19.9935996532,5508,0.275488160988,4352,2909,true,1
bf16,1,17,1,128,17,warp32_transform,3,3,100,19.8080003262,8704,0.439418409566,4352,2909,true,1
bf16,1,17,1,128,17,warp32_split,3,4,100,36.9919991493,14212,0.384191185306,4352,2909,true,1
bf16,1,17,1,128,17,warp32_fused,3,5,100,18.7776005268,5508,0.29332821263,4352,2909,true,1
bf16,1,17,1,128,17,baseline_transform,3,6,100,18.8031995296,8704,0.462899943506,4352,2909,true,1
bf16,1,17,1,128,17,optimized_transform,3,7,100,18.4448003769,8704,0.471894508054,4352,2909,true,1
bf16,1,17,1,128,17,baseline_split,3,8,100,45.2159976959,14212,0.314313533356,4352,2909,true,1
bf16,1,17,1,128,17,baseline_fused,4,0,100,29.8623991013,5508,0.184445997836,4352,2909,true,1
bf16,1,17,1,128,17,optimized_fused,4,1,100,19.9743998051,5508,0.275752966485,4352,2909,true,1
bf16,1,17,1,128,17,warp32_transform,4,2,100,19.8912000656,8704,0.437580436137,4352,2909,true,1
bf16,1,17,1,128,17,warp32_split,4,3,100,37.0047998428,14212,0.384058285962,4352,2909,true,1
bf16,1,17,1,128,17,warp32_fused,4,4,100,18.8608002663,5508,0.292034268018,4352,2909,true,1
bf16,1,17,1,128,17,baseline_transform,4,5,100,18.7135994434,8704,0.465116292903,4352,2909,true,1
bf16,1,17,1,128,17,optimized_transform,4,6,100,18.4959995747,8704,0.470588246116,4352,2909,true,1
bf16,1,17,1,128,17,baseline_split,4,7,100,45.1520013809,14212,0.314759026518,4352,2909,true,1
bf16,1,17,1,128,17,optimized_split,4,8,100,35.7376003265,14212,0.397676393215,4352,2909,true,1
bf16,1,257,1,128,257,baseline_transform,0,0,100,43.0656003952,131584,3.05543168544,65792,2909,true,1
bf16,1,257,1,128,257,optimized_transform,0,1,100,42.1632003784,131584,3.12082571577,65792,2909,true,1
bf16,1,257,1,128,257,baseline_split,0,2,100,102.739200592,214852,2.09123682842,65792,2909,true,1
bf16,1,257,1,128,257,optimized_split,0,3,100,77.7663993835,214852,2.76278703532,65792,2909,true,1
bf16,1,257,1,128,257,baseline_fused,0,4,100,69.1007995605,83268,1.20502223606,65792,2909,true,1
bf16,1,257,1,128,257,optimized_fused,0,5,100,40.0320005417,83268,2.08003594308,65792,2909,true,1
bf16,1,257,1,128,257,warp32_transform,0,6,100,24.1856002808,131584,5.44059268625,65792,2909,true,1
bf16,1,257,1,128,257,warp32_split,0,7,100,53.9200019836,214852,3.98464377032,65792,2909,true,1
bf16,1,257,1,128,257,warp32_fused,0,8,100,29.7151994705,83268,2.80220228986,65792,2909,true,1
bf16,1,257,1,128,257,optimized_transform,1,0,100,42.00319767,131584,3.13271387178,65792,2909,true,1
bf16,1,257,1,128,257,baseline_split,1,1,100,103.039999008,214852,2.08513200765,65792,2909,true,1
bf16,1,257,1,128,257,optimized_split,1,2,100,77.5551986694,214852,2.77031074236,65792,2909,true,1
bf16,1,257,1,128,257,baseline_fused,1,3,100,69.0816020966,83268,1.20535710628,65792,2909,true,1
bf16,1,257,1,128,257,optimized_fused,1,4,100,39.9359989166,83268,2.08503611425,65792,2909,true,1
bf16,1,257,1,128,257,warp32_transform,1,5,100,24.1023993492,131584,5.45937348782,65792,2909,true,1
bf16,1,257,1,128,257,warp32_split,1,6,100,53.8687992096,214852,3.98843120976,65792,2909,true,1
bf16,1,257,1,128,257,warp32_fused,1,7,100,29.9584007263,83268,2.77945410907,65792,2909,true,1
bf16,1,257,1,128,257,baseline_transform,1,8,100,42.3680019379,131584,3.10574003922,65792,2909,true,1
bf16,1,257,1,128,257,baseline_split,2,0,100,102.553596497,214852,2.09502160177,65792,2909,true,1
bf16,1,257,1,128,257,optimized_split,2,1,100,76.3711977005,214852,2.81325953329,65792,2909,true,1
bf16,1,257,1,128,257,baseline_fused,2,2,100,68.9792013168,83268,1.20714647909,65792,2909,true,1
bf16,1,257,1,128,257,optimized_fused,2,3,100,39.8463988304,83268,2.08972460358,65792,2909,true,1
bf16,1,257,1,128,257,warp32_transform,2,4,100,25.4399991035,131584,5.17232722629,65792,2909,true,1
bf16,1,257,1,128,257,warp32_split,2,5,100,56.0383987427,214852,3.83401390512,65792,2909,true,1
bf16,1,257,1,128,257,warp32_fused,2,6,100,29.6255993843,83268,2.81067731052,65792,2909,true,1
bf16,1,257,1,128,257,baseline_transform,2,7,100,42.8991985321,131584,3.06728341094,65792,2909,true,1
bf16,1,257,1,128,257,optimized_transform,2,8,100,42.1632003784,131584,3.12082571577,65792,2909,true,1
bf16,1,257,1,128,257,optimized_split,3,0,100,76.5823984146,214852,2.80550106092,65792,2909,true,1
bf16,1,257,1,128,257,baseline_fused,3,1,100,68.9663982391,83268,1.20737057648,65792,2909,true,1
bf16,1,257,1,128,257,optimized_fused,3,2,100,39.6479988098,83268,2.10018166111,65792,2909,true,1
bf16,1,257,1,128,257,warp32_transform,3,3,100,25.6511998177,131584,5.12974055543,65792,2909,true,1
bf16,1,257,1,128,257,warp32_split,3,4,100,56.0896015167,214852,3.83051393111,65792,2909,true,1
bf16,1,257,1,128,257,warp32_fused,3,5,100,29.4271993637,83268,2.82962707293,65792,2909,true,1
bf16,1,257,1,128,257,baseline_transform,3,6,100,42.9440021515,131584,3.06408330402,65792,2909,true,1
bf16,1,257,1,128,257,optimized_transform,3,7,100,42.2272014618,131584,3.11609567873,65792,2909,true,1
bf16,1,257,1,128,257,baseline_split,3,8,100,102.96959877,214852,2.08655761085,65792,2909,true,1
bf16,1,257,1,128,257,baseline_fused,4,0,100,69.260802269,83268,1.20223845627,65792,2909,true,1
bf16,1,257,1,128,257,optimized_fused,4,1,100,39.9040007591,83268,2.08670805974,65792,2909,true,1
bf16,1,257,1,128,257,warp32_transform,4,2,100,24.3519997597,131584,5.40341661049,65792,2909,true,1
bf16,1,257,1,128,257,warp32_split,4,3,100,53.8687992096,214852,3.98843120976,65792,2909,true,1
bf16,1,257,1,128,257,warp32_fused,4,4,100,30.0288009644,83268,2.77293789049,65792,2909,true,1
bf16,1,257,1,128,257,baseline_transform,4,5,100,42.1055984497,131584,3.1250951143,65792,2909,true,1
bf16,1,257,1,128,257,optimized_transform,4,6,100,43.1232023239,131584,3.05135038469,65792,2909,true,1
bf16,1,257,1,128,257,baseline_split,4,7,100,102.342395782,214852,2.09934503055,65792,2909,true,1
bf16,1,257,1,128,257,optimized_split,4,8,100,76.6656017303,214852,2.80245631875,65792,2909,true,1
bf16,4,64,16,128,4096,baseline_transform,0,0,100,234.214401245,2097152,8.95398399437,1048576,2909,true,1
bf16,4,64,16,128,4096,optimized_transform,0,1,100,228.544006348,2097152,9.17614088208,1048576,2909,true,1
bf16,4,64,16,128,4096,baseline_split,0,2,100,433.267211914,3424256,7.90333518401,1048576,2909,true,1
bf16,4,64,16,128,4096,optimized_split,0,3,100,394.035186768,3424256,8.69022898206,1048576,2909,true,1
bf16,4,64,16,128,4096,baseline_fused,0,4,100,211.25120163,1327104,6.28211337859,1048576,2909,true,1
bf16,4,64,16,128,4096,optimized_fused,0,5,100,177.990398407,1327104,7.45604263981,1048576,2909,true,1
bf16,4,64,16,128,4096,warp32_transform,0,6,100,137.971200943,2097152,15.1999256777,1048576,2909,true,1
bf16,4,64,16,128,4096,warp32_split,0,7,100,318.080005646,3424256,10.765392163,1048576,2909,true,1
bf16,4,64,16,128,4096,warp32_fused,0,8,100,181.484794617,1327104,7.31248038053,1048576,2909,true,1
bf16,4,64,16,128,4096,optimized_transform,1,0,100,228.025608063,2097152,9.19700211663,1048576,2909,true,1
bf16,4,64,16,128,4096,baseline_split,1,1,100,431.360015869,3424256,7.93827863971,1048576,2909,true,1
bf16,4,64,16,128,4096,optimized_split,1,2,100,395.174407959,3424256,8.66517651709,1048576,2909,true,1
bf16,4,64,16,128,4096,baseline_fused,1,3,100,211.756801605,1327104,6.26711392475,1048576,2909,true,1
bf16,4,64,16,128,4096,optimized_fused,1,4,100,178.092803955,1327104,7.45175532378,1048576,2909,true,1
bf16,4,64,16,128,4096,warp32_transform,1,5,100,137.977600098,2097152,15.1992207323,1048576,2909,true,1
bf16,4,64,16,128,4096,warp32_split,1,6,100,317.753601074,3424256,10.7764506474,1048576,2909,true,1
bf16,4,64,16,128,4096,warp32_fused,1,7,100,181.939201355,1327104,7.29421691486,1048576,2909,true,1
bf16,4,64,16,128,4096,baseline_transform,1,8,100,234.694404602,2097152,8.93567106364,1048576,2909,true,1
bf16,4,64,16,128,4096,baseline_split,2,0,100,435.596809387,3424256,7.86106768049,1048576,2909,true,1
bf16,4,64,16,128,4096,optimized_split,2,1,100,393.727989197,3424256,8.69700934136,1048576,2909,true,1
bf16,4,64,16,128,4096,baseline_fused,2,2,100,211.321601868,1327104,6.2800205387,1048576,2909,true,1
bf16,4,64,16,128,4096,optimized_fused,2,3,100,177.292804718,1327104,7.48537991776,1048576,2909,true,1
bf16,4,64,16,128,4096,warp32_transform,2,4,100,138.924798965,2097152,15.0955913963,1048576,2909,true,1
bf16,4,64,16,128,4096,warp32_split,2,5,100,320.825614929,3424256,10.6732624848,1048576,2909,true,1
bf16,4,64,16,128,4096,warp32_fused,2,6,100,181.267204285,1327104,7.32125816822,1048576,2909,true,1
bf16,4,64,16,128,4096,baseline_transform,2,7,100,234.233608246,2097152,8.95324977361,1048576,2909,true,1
bf16,4,64,16,128,4096,optimized_transform,2,8,100,227.398395538,2097152,9.22236937968,1048576,2909,true,1
bf16,4,64,16,128,4096,optimized_split,3,0,100,393.152008057,3424256,8.70975075754,1048576,2909,true,1
bf16,4,64,16,128,4096,baseline_fused,3,1,100,210.848007202,1327104,6.2941263596,1048576,2909,true,1
bf16,4,64,16,128,4096,optimized_fused,3,2,100,177.919998169,1327104,7.45899288252,1048576,2909,true,1
bf16,4,64,16,128,4096,warp32_transform,3,3,100,138.598403931,2097152,15.1311410559,1048576,2909,true,1
bf16,4,64,16,128,4096,warp32_split,3,4,100,319.436798096,3424256,10.7196666771,1048576,2909,true,1
bf16,4,64,16,128,4096,warp32_fused,3,5,100,182.054405212,1327104,7.28960114122,1048576,2909,true,1
bf16,4,64,16,128,4096,baseline_transform,3,6,100,234.451198578,2097152,8.94494040858,1048576,2909,true,1
bf16,4,64,16,128,4096,optimized_transform,3,7,100,228.038406372,2097152,9.19648594885,1048576,2909,true,1
bf16,4,64,16,128,4096,baseline_split,3,8,100,432.876815796,3424256,7.91046291935,1048576,2909,true,1
bf16,4,64,16,128,4096,baseline_fused,4,0,100,211.679992676,1327104,6.26938797203,1048576,2909,true,1
bf16,4,64,16,128,4096,optimized_fused,4,1,100,177.93920517,1327104,7.45818774864,1048576,2909,true,1
bf16,4,64,16,128,4096,warp32_transform,4,2,100,139.059200287,2097152,15.0810014416,1048576,2909,true,1
bf16,4,64,16,128,4096,warp32_split,4,3,100,318.265590668,3424256,10.7591147155,1048576,2909,true,1
bf16,4,64,16,128,4096,warp32_fused,4,4,100,182.233600616,1327104,7.28243307223,1048576,2909,true,1
bf16,4,64,16,128,4096,baseline_transform,4,5,100,234.707202911,2097152,8.93518381194,1048576,2909,true,1
bf16,4,64,16,128,4096,optimized_transform,4,6,100,228.351993561,2097152,9.18385676121,1048576,2909,true,1
bf16,4,64,16,128,4096,baseline_split,4,7,100,433.907203674,3424256,7.89167815377,1048576,2909,true,1
bf16,4,64,16,128,4096,optimized_split,4,8,100,392.684783936,3424256,8.72011379122,1048576,2909,true,1
bf16,16,64,16,128,16384,baseline_transform,0,0,100,831.014404297,8388608,10.094419491,4194304,2909,true,1
bf16,16,64,16,128,16384,optimized_transform,0,1,100,865.120010376,8388608,9.69646742578,4194304,2909,true,1
bf16,16,64,16,128,16384,baseline_split,0,2,100,1546.57913208,13697024,8.85633571273,4194304,2909,true,1
bf16,16,64,16,128,16384,optimized_split,0,3,100,1460.75515747,13697024,9.37667338017,4194304,2909,true,1
bf16,16,64,16,128,16384,baseline_fused,0,4,100,735.347213745,5308416,7.21892447646,4194304,2909,true,1
bf16,16,64,16,128,16384,optimized_fused,0,5,100,649.452819824,5308416,8.17367457337,4194304,2909,true,1
bf16,16,64,16,128,16384,warp32_transform,0,6,100,529.06879425,8388608,15.8554201101,4194304,2909,true,1
bf16,16,64,16,128,16384,warp32_split,0,7,100,1202.50236511,13697024,11.3904341458,4194304,2909,true,1
bf16,16,64,16,128,16384,warp32_fused,0,8,100,682.080001831,5308416,7.78268822682,4194304,2909,true,1
bf16,16,64,16,128,16384,optimized_transform,1,0,100,866.342391968,8388608,9.68278601829,4194304,2909,true,1
bf16,16,64,16,128,16384,baseline_split,1,1,100,1547.56484985,13697024,8.85069469063,4194304,2909,true,1
bf16,16,64,16,128,16384,optimized_split,1,2,100,1459.14245605,13697024,9.38703684699,4194304,2909,true,1
bf16,16,64,16,128,16384,baseline_fused,1,3,100,735.526428223,5308416,7.21716555152,4194304,2909,true,1
bf16,16,64,16,128,16384,optimized_fused,1,4,100,650.060806274,5308416,8.16602992945,4194304,2909,true,1
bf16,16,64,16,128,16384,warp32_transform,1,5,100,531.193618774,8388608,15.7919969358,4194304,2909,true,1
bf16,16,64,16,128,16384,warp32_split,1,6,100,1204.32640076,13697024,11.3731825454,4194304,2909,true,1
bf16,16,64,16,128,16384,warp32_fused,1,7,100,682.649612427,5308416,7.7761942633,4194304,2909,true,1
bf16,16,64,16,128,16384,baseline_transform,1,8,100,832.678375244,8388608,10.0742474518,4194304,2909,true,1
bf16,16,64,16,128,16384,baseline_split,2,0,100,1547.54562378,13697024,8.85080464804,4194304,2909,true,1
bf16,16,64,16,128,16384,optimized_split,2,1,100,1457.95196533,13697024,9.39470183222,4194304,2909,true,1
bf16,16,64,16,128,16384,baseline_fused,2,2,100,736.172790527,5308416,7.21082885473,4194304,2909,true,1
bf16,16,64,16,128,16384,optimized_fused,2,3,100,648.639984131,5308416,8.18391731912,4194304,2909,true,1
bf16,16,64,16,128,16384,warp32_transform,2,4,100,530.176010132,8388608,15.8223077614,4194304,2909,true,1
bf16,16,64,16,128,16384,warp32_split,2,5,100,1204.80636597,13697024,11.3686517493,4194304,2909,true,1
bf16,16,64,16,128,16384,warp32_fused,2,6,100,682.438430786,5308416,7.77860061879,4194304,2909,true,1
bf16,16,64,16,128,16384,baseline_transform,2,7,100,831.897583008,8388608,10.0837028155,4194304,2909,true,1
bf16,16,64,16,128,16384,optimized_transform,2,8,100,866.022415161,8388608,9.68636360115,4194304,2909,true,1
bf16,16,64,16,128,16384,optimized_split,3,0,100,1460.4095459,13697024,9.37889240622,4194304,2909,true,1
bf16,16,64,16,128,16384,baseline_fused,3,1,100,735.263977051,5308416,7.21974170596,4194304,2909,true,1
bf16,16,64,16,128,16384,optimized_fused,3,2,100,648.448028564,5308416,8.18633994732,4194304,2909,true,1
bf16,16,64,16,128,16384,warp32_transform,3,3,100,532.089614868,8388608,15.7654044838,4194304,2909,true,1
bf16,16,64,16,128,16384,warp32_split,3,4,100,1206.54716492,13697024,11.3522491273,4194304,2909,true,1
bf16,16,64,16,128,16384,warp32_fused,3,5,100,681.312026978,5308416,7.79146087227,4194304,2909,true,1
bf16,16,64,16,128,16384,baseline_transform,3,6,100,831.462402344,8388608,10.0889805436,4194304,2909,true,1
bf16,16,64,16,128,16384,optimized_transform,3,7,100,866.707229614,8388608,9.67871008037,4194304,2909,true,1
bf16,16,64,16,128,16384,baseline_split,3,8,100,1546.97601318,13697024,8.85406359457,4194304,2909,true,1
bf16,16,64,16,128,16384,baseline_fused,4,0,100,735.987167358,5308416,7.21264749636,4194304,2909,true,1
bf16,16,64,16,128,16384,optimized_fused,4,1,100,649.03678894,5308416,8.17891387739,4194304,2909,true,1
bf16,16,64,16,128,16384,warp32_transform,4,2,100,531.244812012,8388608,15.790475145,4194304,2909,true,1
bf16,16,64,16,128,16384,warp32_split,4,3,100,1201.85600281,13697024,11.3965599606,4194304,2909,true,1
bf16,16,64,16,128,16384,warp32_fused,4,4,100,683.078384399,5308416,7.77131310438,4194304,2909,true,1
bf16,16,64,16,128,16384,baseline_transform,4,5,100,833.011169434,8388608,10.0702227147,4194304,2909,true,1
bf16,16,64,16,128,16384,optimized_transform,4,6,100,865.772781372,8388608,9.68915653216,4194304,2909,true,1
bf16,16,64,16,128,16384,baseline_split,4,7,100,1546.5536499,13697024,8.85648163636,4194304,2909,true,1
bf16,16,64,16,128,16384,optimized_split,4,8,100,1457.58712769,13697024,9.39705334922,4194304,2909,true,1
bf16,1,1,1,256,1,baseline_transform,0,0,100,18.4704005718,1024,0.0554400537237,512,2909,true,1
bf16,1,1,1,256,1,optimized_transform,0,1,100,17.734400034,1024,0.0577408876556,512,2909,true,1
bf16,1,1,1,256,1,baseline_split,0,2,100,54.7840023041,1668,0.0304468445139,512,2909,true,1
bf16,1,1,1,256,1,optimized_split,0,3,100,33.8111996651,1668,0.0493327659628,512,2909,true,1
bf16,1,1,1,256,1,baseline_fused,0,4,100,40.1728010178,644,0.0160307467661,512,2909,true,1
bf16,1,1,1,256,1,optimized_fused,0,5,100,19.1872000694,644,0.0335640425737,512,2909,true,1
bf16,1,1,1,256,1,warp32_transform,0,6,100,15.8272004128,1024,0.0646987447745,512,2909,true,1
bf16,1,1,1,256,1,warp32_split,0,7,100,33.7727999687,1668,0.049388857351,512,2909,true,1
bf16,1,1,1,256,1,warp32_fused,0,8,100,19.8528003693,644,0.0324387485907,512,2909,true,1
bf16,1,1,1,256,1,optimized_transform,1,0,100,17.6895999908,1024,0.0578871201457,512,2909,true,1
bf16,1,1,1,256,1,baseline_split,1,1,100,54.7968006134,1668,0.0304397333663,512,2909,true,1
bf16,1,1,1,256,1,optimized_split,1,2,100,33.8175988197,1668,0.0493234309417,512,2909,true,1
bf16,1,1,1,256,1,baseline_fused,1,3,100,40.1599979401,644,0.0160358573962,512,2909,true,1
bf16,1,1,1,256,1,optimized_fused,1,4,100,19.174400568,644,0.0335864476032,512,2909,true,1
bf16,1,1,1,256,1,warp32_transform,1,5,100,15.8335995674,1024,0.0646725967548,512,2909,true,1
bf16,1,1,1,256,1,warp32_split,1,6,100,33.7856006622,1668,0.0493701448933,512,2909,true,1
bf16,1,1,1,256,1,warp32_fused,1,7,100,19.8399996758,644,0.0324596779499,512,2909,true,1
bf16,1,1,1,256,1,baseline_transform,1,8,100,18.5215997696,1024,0.0552868009642,512,2909,true,1
bf16,1,1,1,256,1,baseline_split,2,0,100,54.7648000717,1668,0.030457520119,512,2909,true,1
bf16,1,1,1,256,1,optimized_split,2,1,100,33.8111996651,1668,0.0493327659628,512,2909,true,1
bf16,1,1,1,256,1,baseline_fused,2,2,100,40.2432012558,644,0.016002703063,512,2909,true,1
bf16,1,1,1,256,1,optimized_fused,2,3,100,19.0655994415,644,0.0337781144503,512,2909,true,1
bf16,1,1,1,256,1,warp32_transform,2,4,100,15.9231996536,1024,0.0643086830709,512,2909,true,1
bf16,1,1,1,256,1,warp32_split,2,5,100,33.9264011383,1668,0.0491652501897,512,2909,true,1
bf16,1,1,1,256,1,warp32_fused,2,6,100,19.929599762,644,0.0323137447662,512,2909,true,1
bf16,1,1,1,256,1,baseline_transform,2,7,100,18.419200182,1024,0.0555941620637,512,2909,true,1
bf16,1,1,1,256,1,optimized_transform,2,8,100,17.7279996872,1024,0.0577617338712,512,2909,true,1
bf16,1,1,1,256,1,optimized_split,3,0,100,33.7983989716,1668,0.049351450091,512,2909,true,1
bf16,1,1,1,256,1,baseline_fused,3,1,100,40.2559995651,644,0.0159976154351,512,2909,true,1
bf16,1,1,1,256,1,optimized_fused,3,2,100,19.0527999401,644,0.033800806287,512,2909,true,1
bf16,1,1,1,256,1,warp32_transform,3,3,100,15.916800499,1024,0.0643345375892,512,2909,true,1
bf16,1,1,1,256,1,warp32_split,3,4,100,33.7727999687,1668,0.049388857351,512,2909,true,1
bf16,1,1,1,256,1,warp32_fused,3,5,100,19.9487996101,644,0.0322826441984,512,2909,true,1
bf16,1,1,1,256,1,baseline_transform,3,6,100,18.4256005287,1024,0.0555748507846,512,2909,true,1
bf16,1,1,1,256,1,optimized_transform,3,7,100,17.7216005325,1024,0.0577825912575,512,2909,true,1
bf16,1,1,1,256,1,baseline_split,3,8,100,55.1168012619,1668,0.0302630044163,512,2909,true,1
bf16,1,1,1,256,1,baseline_fused,4,0,100,40.1599979401,644,0.0160358573962,512,2909,true,1
bf16,1,1,1,256,1,optimized_fused,4,1,100,19.174400568,644,0.0335864476032,512,2909,true,1
bf16,1,1,1,256,1,warp32_transform,4,2,100,15.7824003696,1024,0.0648823991292,512,2909,true,1
bf16,1,1,1,256,1,warp32_split,4,3,100,33.9264011383,1668,0.0491652501897,512,2909,true,1
bf16,1,1,1,256,1,warp32_fused,4,4,100,19.8528003693,644,0.0324387485907,512,2909,true,1
bf16,1,1,1,256,1,baseline_transform,4,5,100,18.5536003113,1024,0.0551914444,512,2909,true,1
bf16,1,1,1,256,1,optimized_transform,4,6,100,17.5999999046,1024,0.0581818184971,512,2909,true,1
bf16,1,1,1,256,1,baseline_split,4,7,100,54.7840023041,1668,0.0304468445139,512,2909,true,1
bf16,1,1,1,256,1,optimized_split,4,8,100,33.8111996651,1668,0.0493327659628,512,2909,true,1
bf16,1,17,1,256,17,baseline_transform,0,0,100,20.1663994789,17408,0.863218048329,8704,2909,true,1
bf16,1,17,1,256,17,optimized_transform,0,1,100,19.6288001537,17408,0.886860116954,8704,2909,true,1
bf16,1,17,1,256,17,baseline_split,0,2,100,57.4208021164,28356,0.493828002307,8704,2909,true,1
bf16,1,17,1,256,17,optimized_split,0,3,100,36.9984006882,28356,0.766411506243,8704,2909,true,1
bf16,1,17,1,256,17,baseline_fused,0,4,100,41.2608003616,10948,0.265336588337,8704,2909,true,1
bf16,1,17,1,256,17,optimized_fused,0,5,100,20.3968000412,10948,0.536750861796,8704,2909,true,1
bf16,1,17,1,256,17,warp32_transform,0,6,100,22.4575996399,17408,0.775149627705,8704,2909,true,1
bf16,1,17,1,256,17,warp32_split,0,7,100,44.2303991318,28356,0.641097538268,8704,2909,true,1
bf16,1,17,1,256,17,warp32_fused,0,8,100,24.0511989594,10948,0.455195602452,8704,2909,true,1
bf16,1,17,1,256,17,optimized_transform,1,0,100,19.6671998501,17408,0.885128545634,8704,2909,true,1
bf16,1,17,1,256,17,baseline_split,1,1,100,57.4143981934,28356,0.493883083203,8704,2909,true,1
bf16,1,17,1,256,17,optimized_split,1,2,100,37.2799992561,28356,0.760622332774,8704,2909,true,1
bf16,1,17,1,256,17,baseline_fused,1,3,100,41.2415981293,10948,0.26546012998,8704,2909,true,1
bf16,1,17,1,256,17,optimized_fused,1,4,100,20.3839993477,10948,0.537087929275,8704,2909,true,1
bf16,1,17,1,256,17,warp32_transform,1,5,100,22.4128007889,17408,0.776699001788,8704,2909,true,1
bf16,1,17,1,256,17,warp32_split,1,6,100,44.057598114,28356,0.643612026389,8704,2909,true,1
bf16,1,17,1,256,17,warp32_fused,1,7,100,24.0447998047,10948,0.45531674578,8704,2909,true,1
bf16,1,17,1,256,17,baseline_transform,1,8,100,20.1151990891,17408,0.865415247591,8704,2909,true,1
bf16,1,17,1,256,17,baseline_split,2,0,100,57.7088022232,28356,0.491363516614,8704,2909,true,1
bf16,1,17,1,256,17,optimized_split,2,1,100,37.0560002327,28356,0.765220202449,8704,2909,true,1
bf16,1,17,1,256,17,baseline_fused,2,2,100,41.1904001236,10948,0.265790086213,8704,2909,true,1
bf16,1,17,1,256,17,optimized_fused,2,3,100,20.4159998894,10948,0.53624608441,8704,2909,true,1
bf16,1,17,1,256,17,warp32_transform,2,4,100,22.2975993156,17408,0.78071184945,8704,2909,true,1
bf16,1,17,1,256,17,warp32_split,2,5,100,44.0447998047,28356,0.643799043831,8704,2909,true,1
bf16,1,17,1,256,17,warp32_fused,2,6,100,23.9296007156,10948,0.457508678481,8704,2909,true,1
bf16,1,17,1,256,17,baseline_transform,2,7,100,20.1151990891,17408,0.865415247591,8704,2909,true,1
bf16,1,17,1,256,17,optimized_transform,2,8,100,19.6480000019,17408,0.885993485256,8704,2909,true,1
bf16,1,17,1,256,17,optimized_split,3,0,100,37.1968007088,28356,0.762323626218,8704,2909,true,1
bf16,1,17,1,256,17,baseline_fused,3,1,100,41.2287998199,10948,0.265542534534,8704,2909,true,1
bf16,1,17,1,256,17,optimized_fused,3,2,100,20.4288005829,10948,0.535910072428,8704,2909,true,1
bf16,1,17,1,256,17,warp32_transform,3,3,100,22.3167991638,17408,0.780040178352,8704,2909,true,1
bf16,1,17,1,256,17,warp32_split,3,4,100,44.0511989594,28356,0.643705521527,8704,2909,true,1
bf16,1,17,1,256,17,warp32_fused,3,5,100,23.9104008675,10948,0.457876054052,8704,2909,true,1
bf16,1,17,1,256,17,baseline_transform,3,6,100,20.1151990891,17408,0.865415247591,8704,2909,true,1
bf16,1,17,1,256,17,optimized_transform,3,7,100,19.6352005005,17408,0.886571033464,8704,2909,true,1
bf16,1,17,1,256,17,baseline_split,3,8,100,57.4079990387,28356,0.493938135361,8704,2909,true,1
bf16,1,17,1,256,17,baseline_fused,4,0,100,41.2671995163,10948,0.265295443556,8704,2909,true,1
bf16,1,17,1,256,17,optimized_fused,4,1,100,20.3839993477,10948,0.537087929275,8704,2909,true,1
bf16,1,17,1,256,17,warp32_transform,4,2,100,22.4128007889,17408,0.776699001788,8704,2909,true,1
bf16,1,17,1,256,17,warp32_split,4,3,100,44.057598114,28356,0.643612026389,8704,2909,true,1
bf16,1,17,1,256,17,warp32_fused,4,4,100,24.0255999565,10948,0.455680608177,8704,2909,true,1
bf16,1,17,1,256,17,baseline_transform,4,5,100,20.0640010834,17408,0.867623557618,8704,2909,true,1
bf16,1,17,1,256,17,optimized_transform,4,6,100,19.7632002831,17408,0.880829002929,8704,2909,true,1
bf16,1,17,1,256,17,baseline_split,4,7,100,57.3695993423,28356,0.494268747299,8704,2909,true,1
bf16,1,17,1,256,17,optimized_split,4,8,100,37.0560002327,28356,0.765220202449,8704,2909,true,1
bf16,1,257,1,256,257,baseline_transform,0,0,100,51.0975980759,263168,5.15030079514,131584,2909,true,1
bf16,1,257,1,256,257,optimized_transform,0,1,100,52.4096012115,263168,5.02137001458,131584,2909,true,1
bf16,1,257,1,256,257,baseline_split,0,2,100,151.494398117,428676,2.82964918392,131584,2909,true,1
bf16,1,257,1,256,257,optimized_split,0,3,100,90.8736038208,428676,4.71727742685,131584,2909,true,1
bf16,1,257,1,256,257,baseline_fused,0,4,100,110.419197083,165508,1.49890602697,131584,2909,true,1
bf16,1,257,1,256,257,optimized_fused,0,5,100,46.8351984024,165508,3.53383791776,131584,2909,true,1
bf16,1,257,1,256,257,warp32_transform,0,6,100,36.5759992599,263168,7.195100758,131584,2909,true,1
bf16,1,257,1,256,257,warp32_split,0,7,100,75.232000351,428676,5.69805399299,131584,2909,true,1
bf16,1,257,1,256,257,warp32_fused,0,8,100,37.4144005775,165508,4.42364430393,131584,2909,true,1
bf16,1,257,1,256,257,optimized_transform,1,0,100,52.4351978302,263168,5.01891879673,131584,2909,true,1
bf16,1,257,1,256,257,baseline_split,1,1,100,152.697601318,428676,2.80735254712,131584,2909,true,1
bf16,1,257,1,256,257,optimized_split,1,2,100,91.315202713,428676,4.69446474698,131584,2909,true,1
bf16,1,257,1,256,257,baseline_fused,1,3,100,110.355195999,165508,1.4997753255,131584,2909,true,1
bf16,1,257,1,256,257,optimized_fused,1,4,100,46.8800020218,165508,3.5304605986,131584,2909,true,1
bf16,1,257,1,256,257,warp32_transform,1,5,100,36.9215989113,263168,7.12775198692,131584,2909,true,1
bf16,1,257,1,256,257,warp32_split,1,6,100,76.1535978317,428676,5.62909714321,131584,2909,true,1
bf16,1,257,1,256,257,warp32_fused,1,7,100,37.6448011398,165508,4.39656991108,131584,2909,true,1
bf16,1,257,1,256,257,baseline_transform,1,8,100,52.4416017532,263168,5.01830590985,131584,2909,true,1
bf16,1,257,1,256,257,baseline_split,2,0,100,155.731201172,428676,2.7526661117,131584,2909,true,1
bf16,1,257,1,256,257,optimized_split,2,1,100,90.1632022858,428676,4.75444515204,131584,2909,true,1
bf16,1,257,1,256,257,baseline_fused,2,2,100,110.361604691,165508,1.49968823364,131584,2909,true,1
bf16,1,257,1,256,257,optimized_fused,2,3,100,46.4960002899,165508,3.55961800946,131584,2909,true,1
bf16,1,257,1,256,257,warp32_transform,2,4,100,36.5183997154,263168,7.20644940772,131584,2909,true,1
bf16,1,257,1,256,257,warp32_split,2,5,100,74.3807983398,428676,5.76326161547,131584,2909,true,1
bf16,1,257,1,256,257,warp32_fused,2,6,100,37.331199646,165508,4.43350338509,131584,2909,true,1
bf16,1,257,1,256,257,baseline_transform,2,7,100,51.423997879,263168,5.11761066534,131584,2909,true,1
bf16,1,257,1,256,257,optimized_transform,2,8,100,52.7360010147,263168,4.99029116612,131584,2909,true,1
bf16,1,257,1,256,257,optimized_split,3,0,100,89.9328041077,428676,4.76662552951,131584,2909,true,1
bf16,1,257,1,256,257,baseline_fused,3,1,100,110.508804321,165508,1.49769062308,131584,2909,true,1
bf16,1,257,1,256,257,optimized_fused,3,2,100,46.611199379,165508,3.55082045099,131584,2909,true,1
bf16,1,257,1,256,257,warp32_transform,3,3,100,36.6079998016,263168,7.18881122776,131584,2909,true,1
bf16,1,257,1,256,257,warp32_split,3,4,100,73.9455986023,428676,5.79718073966,131584,2909,true,1
bf16,1,257,1,256,257,warp32_fused,3,5,100,37.5871992111,165508,4.40330760136,131584,2909,true,1
bf16,1,257,1,256,257,baseline_transform,3,6,100,51.8463993073,263168,5.07591662133,131584,2909,true,1
bf16,1,257,1,256,257,optimized_transform,3,7,100,52.9343986511,263168,4.97158760099,131584,2909,true,1
bf16,1,257,1,256,257,baseline_split,3,8,100,152.313604355,428676,2.81443014769,131584,2909,true,1
bf16,1,257,1,256,257,baseline_fused,4,0,100,110.399999619,165508,1.49916667185,131584,2909,true,1
bf16,1,257,1,256,257,optimized_fused,4,1,100,46.681599617,165508,3.54546548014,131584,2909,true,1
bf16,1,257,1,256,257,warp32_transform,4,2,100,36.742401123,263168,7.16251502232,131584,2909,true,1
bf16,1,257,1,256,257,warp32_split,4,3,100,75.1295995712,428676,5.70582037501,131584,2909,true,1
bf16,1,257,1,256,257,warp32_fused,4,4,100,37.7024006844,165508,4.38985308616,131584,2909,true,1
bf16,1,257,1,256,257,baseline_transform,4,5,100,52.1280002594,263168,5.0484959847,131584,2909,true,1
bf16,1,257,1,256,257,optimized_transform,4,6,100,52.72960186,263168,4.99089677746,131584,2909,true,1
bf16,1,257,1,256,257,baseline_split,4,7,100,155.827198029,428676,2.75097034037,131584,2909,true,1
bf16,1,257,1,256,257,optimized_split,4,8,100,89.9135971069,428676,4.76764375793,131584,2909,true,1
bf16,4,64,16,256,4096,baseline_transform,0,0,100,448.108787537,4194304,9.36001282871,2097152,2909,true,1
bf16,4,64,16,256,4096,optimized_transform,0,1,100,394.873580933,4194304,10.621890657,2097152,2909,true,1
bf16,4,64,16,256,4096,baseline_split,0,2,100,1108.79997253,6832128,6.16173175436,2097152,2909,true,1
bf16,4,64,16,256,4096,optimized_split,0,3,100,712.217636108,6832128,9.59275318894,2097152,2909,true,1
bf16,4,64,16,256,4096,baseline_fused,0,4,100,658.054428101,2637824,4.00851948921,2097152,2909,true,1
bf16,4,64,16,256,4096,optimized_fused,0,5,100,353.849601746,2637824,7.45464736144,2097152,2909,true,1
bf16,4,64,16,256,4096,warp32_transform,0,6,100,229.375991821,4194304,18.2857149377,2097152,2909,true,1
bf16,4,64,16,256,4096,warp32_split,0,7,100,570.943984985,6832128,11.9663717977,2097152,2909,true,1
bf16,4,64,16,256,4096,warp32_fused,0,8,100,356.24961853,2637824,7.40442617422,2097152,2909,true,1
bf16,4,64,16,256,4096,optimized_transform,1,0,100,394.84161377,4194304,10.6227506264,2097152,2909,true,1
bf16,4,64,16,256,4096,baseline_split,1,1,100,1108.29437256,6832128,6.16454271461,2097152,2909,true,1
bf16,4,64,16,256,4096,optimized_split,1,2,100,714.348831177,6832128,9.56413407823,2097152,2909,true,1
bf16,4,64,16,256,4096,baseline_fused,1,3,100,654.707183838,2637824,4.0290133744,2097152,2909,true,1
bf16,4,64,16,256,4096,optimized_fused,1,4,100,355.923194885,2637824,7.41121690833,2097152,2909,true,1
bf16,4,64,16,256,4096,warp32_transform,1,5,100,229.939193726,4194304,18.2409267948,2097152,2909,true,1
bf16,4,64,16,256,4096,warp32_split,1,6,100,572.108802795,6832128,11.942008175,2097152,2909,true,1
bf16,4,64,16,256,4096,warp32_fused,1,7,100,356.313591003,2637824,7.40309678497,2097152,2909,true,1
bf16,4,64,16,256,4096,baseline_transform,1,8,100,448.403205872,4194304,9.35386711129,2097152,2909,true,1
bf16,4,64,16,256,4096,baseline_split,2,0,100,1108.5823822,6832128,6.16294116674,2097152,2909,true,1
bf16,4,64,16,256,4096,optimized_split,2,1,100,712.91519165,6832128,9.58336711017,2097152,2909,true,1
bf16,4,64,16,256,4096,baseline_fused,2,2,100,658.944015503,2637824,4.00310790893,2097152,2909,true,1
bf16,4,64,16,256,4096,optimized_fused,2,3,100,354.924812317,2637824,7.43206422448,2097152,2909,true,1
bf16,4,64,16,256,4096,warp32_transform,2,4,100,228.236808777,4194304,18.3769831977,2097152,2909,true,1
bf16,4,64,16,256,4096,warp32_split,2,5,100,570.59841156,6832128,11.9736190315,2097152,2909,true,1
bf16,4,64,16,256,4096,warp32_fused,2,6,100,355.737609863,2637824,7.41508327167,2097152,2909,true,1
bf16,4,64,16,256,4096,baseline_transform,2,7,100,448.255996704,4194304,9.35693896086,2097152,2909,true,1
bf16,4,64,16,256,4096,optimized_transform,2,8,100,394.463996887,4194304,10.6329196913,2097152,2909,true,1
bf16,4,64,16,256,4096,optimized_split,3,0,100,712.17918396,6832128,9.59327112316,2097152,2909,true,1
bf16,4,64,16,256,4096,baseline_fused,3,1,100,658.13117981,2637824,4.00805201292,2097152,2909,true,1
bf16,4,64,16,256,4096,optimized_fused,3,2,100,355.507202148,2637824,7.41988906008,2097152,2909,true,1
bf16,4,64,16,256,4096,warp32_transform,3,3,100,230.144004822,4194304,18.2246937227,2097152,2909,true,1
bf16,4,64,16,256,4096,warp32_split,3,4,100,572.33921051,6832128,11.9372006575,2097152,2909,true,1
bf16,4,64,16,256,4096,warp32_fused,3,5,100,355.462417603,2637824,7.42082388848,2097152,2909,true,1
bf16,4,64,16,256,4096,baseline_transform,3,6,100,450.150413513,4194304,9.31756113977,2097152,2909,true,1
bf16,4,64,16,256,4096,optimized_transform,3,7,100,394.784011841,4194304,10.6243005649,2097152,2909,true,1
bf16,4,64,16,256,4096,baseline_split,3,8,100,1108.70399475,6832128,6.16226516035,2097152,2909,true,1
bf16,4,64,16,256,4096,baseline_fused,4,0,100,655.904006958,2637824,4.02166166393,2097152,2909,true,1
bf16,4,64,16,256,4096,optimized_fused,4,1,100,355.187187195,2637824,7.42657419833,2097152,2909,true,1
bf16,4,64,16,256,4096,warp32_transform,4,2,100,228.281593323,4194304,18.37337798,2097152,2909,true,1
bf16,4,64,16,256,4096,warp32_split,4,3,100,572.492790222,6832128,11.9339983257,2097152,2909,true,1
bf16,4,64,16,256,4096,warp32_fused,4,4,100,356.921615601,2637824,7.39048543071,2097152,2909,true,1
bf16,4,64,16,256,4096,baseline_transform,4,5,100,449.024009705,4194304,9.34093480382,2097152,2909,true,1
bf16,4,64,16,256,4096,optimized_transform,4,6,100,395.391998291,4194304,10.6079637882,2097152,2909,true,1
bf16,4,64,16,256,4096,baseline_split,4,7,100,1106.98242188,6832128,6.17184868069,2097152,2909,true,1
bf16,4,64,16,256,4096,optimized_split,4,8,100,713.875198364,6832128,9.57047956793,2097152,2909,true,1
bf16,16,64,16,256,16384,baseline_transform,0,0,100,1695.08483887,16777216,9.8975671396,8388608,2909,true,1
bf16,16,64,16,256,16384,optimized_transform,0,1,100,1480.39047241,16777216,11.3329667494,8388608,2909,true,1
bf16,16,64,16,256,16384,baseline_split,0,2,100,3956.95373535,27328512,6.90645224276,8388608,2909,true,1
bf16,16,64,16,256,16384,optimized_split,0,3,100,2076.78085327,27328512,13.1590735522,8388608,2909,true,1
bf16,16,64,16,256,16384,baseline_fused,0,4,100,2377.51037598,10551296,4.4379600218,8388608,2909,true,1
bf16,16,64,16,256,16384,optimized_fused,0,5,100,738.694381714,10551296,14.2837095573,8388608,2909,true,1
bf16,16,64,16,256,16384,warp32_transform,0,6,100,866.777572632,16777216,19.3558492164,8388608,2909,true,1
bf16,16,64,16,256,16384,warp32_split,0,7,100,2220.79360962,27328512,12.3057414618,8388608,2909,true,1
bf16,16,64,16,256,16384,warp32_fused,0,8,100,1365.22247314,10551296,7.72862753694,8388608,2909,true,1
bf16,16,64,16,256,16384,optimized_transform,1,0,100,1479.58404541,16777216,11.3391436276,8388608,2909,true,1
bf16,16,64,16,256,16384,baseline_split,1,1,100,3962.17590332,27328512,6.89734950361,8388608,2909,true,1
bf16,16,64,16,256,16384,optimized_split,1,2,100,2075.80795288,27328512,13.1652410147,8388608,2909,true,1
bf16,16,64,16,256,16384,baseline_fused,1,3,100,2377.41439819,10551296,4.43813918517,8388608,2909,true,1
bf16,16,64,16,256,16384,optimized_fused,1,4,100,739.091186523,10551296,14.2760408897,8388608,2909,true,1
bf16,16,64,16,256,16384,warp32_transform,1,5,100,865.779190063,16777216,19.3781696217,8388608,2909,true,1
bf16,16,64,16,256,16384,warp32_split,1,6,100,2223.34075928,27328512,12.2916435036,8388608,2909,true,1
bf16,16,64,16,256,16384,warp32_fused,1,7,100,1365.90713501,10551296,7.72475355722,8388608,2909,true,1
bf16,16,64,16,256,16384,baseline_transform,1,8,100,1700.12161255,16777216,9.86824464566,8388608,2909,true,1
bf16,16,64,16,256,16384,baseline_split,2,0,100,3956.65283203,27328512,6.90697747823,8388608,2909,true,1
bf16,16,64,16,256,16384,optimized_split,2,1,100,2077.30560303,27328512,13.1557494286,8388608,2909,true,1
bf16,16,64,16,256,16384,baseline_fused,2,2,100,2375.7951355,10551296,4.44116407275,8388608,2909,true,1
bf16,16,64,16,256,16384,optimized_fused,2,3,100,738.99520874,10551296,14.2778950056,8388608,2909,true,1
bf16,16,64,16,256,16384,warp32_transform,2,4,100,866.77116394,16777216,19.3559923287,8388608,2909,true,1
bf16,16,64,16,256,16384,warp32_split,2,5,100,2223.48800659,27328512,12.2908295071,8388608,2909,true,1
bf16,16,64,16,256,16384,warp32_fused,2,6,100,1364.55673218,10551296,7.73239818557,8388608,2909,true,1
bf16,16,64,16,256,16384,baseline_transform,2,7,100,1686.61117554,16777216,9.94729327265,8388608,2909,true,1
bf16,16,64,16,256,16384,optimized_transform,2,8,100,1480.70404053,16777216,11.3305667715,8388608,2909,true,1
bf16,16,64,16,256,16384,optimized_split,3,0,100,2079.73754883,27328512,13.1403657233,8388608,2909,true,1
bf16,16,64,16,256,16384,baseline_fused,3,1,100,2377.26715088,10551296,4.43841408236,8388608,2909,true,1
bf16,16,64,16,256,16384,optimized_fused,3,2,100,738.233566284,10551296,14.292625643,8388608,2909,true,1
bf16,16,64,16,256,16384,warp32_transform,3,3,100,867.987213135,16777216,19.3288746034,8388608,2909,true,1
bf16,16,64,16,256,16384,warp32_split,3,4,100,2223.62884521,27328512,12.2900510392,8388608,2909,true,1
bf16,16,64,16,256,16384,warp32_fused,3,5,100,1363.41125488,10551296,7.73889460147,8388608,2909,true,1
bf16,16,64,16,256,16384,baseline_transform,3,6,100,1697.79846191,16777216,9.88174767286,8388608,2909,true,1
bf16,16,64,16,256,16384,optimized_transform,3,7,100,1482.3487854,16777216,11.3179949046,8388608,2909,true,1
bf16,16,64,16,256,16384,baseline_split,3,8,100,3959.09759521,27328512,6.90271238401,8388608,2909,true,1
bf16,16,64,16,256,16384,baseline_fused,4,0,100,2377.10083008,10551296,4.43872462896,8388608,2909,true,1
bf16,16,64,16,256,16384,optimized_fused,4,1,100,738.521575928,10551296,14.2870517855,8388608,2909,true,1
bf16,16,64,16,256,16384,warp32_transform,4,2,100,866.886367798,16777216,19.3534200366,8388608,2909,true,1
bf16,16,64,16,256,16384,warp32_split,4,3,100,2219.21920776,27328512,12.3144716414,8388608,2909,true,1
bf16,16,64,16,256,16384,warp32_fused,4,4,100,1363.08486938,10551296,7.74074765041,8388608,2909,true,1
bf16,16,64,16,256,16384,baseline_transform,4,5,100,1690.35522461,16777216,9.92526053444,8388608,2909,true,1
bf16,16,64,16,256,16384,optimized_transform,4,6,100,1480.89599609,16777216,11.3290980894,8388608,2909,true,1
bf16,16,64,16,256,16384,baseline_split,4,7,100,3953.6895752,27328512,6.91215419932,8388608,2909,true,1
bf16,16,64,16,256,16384,optimized_split,4,8,100,2077.61276245,27328512,13.1538044499,8388608,2909,true,1
