dtype,batch,seq,heads,dim,rows,method,group,order,repeats,kernel_us,logical_io_bytes,logical_GBs,input_working_set_bytes,seed,input_read_only,scale
fp16,1,1,1,64,1,baseline_transform,0,0,100,15.6863999367,256,0.0163198695069,128,2909,true,1
fp16,1,1,1,64,1,optimized_transform,0,1,100,15.5200004578,256,0.0164948448743,128,2909,true,1
fp16,1,1,1,64,1,baseline_split,0,2,100,34.9632000923,420,0.0120126303911,128,2909,true,1
fp16,1,1,1,64,1,optimized_split,0,3,100,30.720000267,420,0.0136718748812,128,2909,true,1
fp16,1,1,1,64,1,baseline_fused,0,4,100,22.1056008339,164,0.00741893428875,128,2909,true,1
fp16,1,1,1,64,1,optimized_fused,0,5,100,18.1695997715,164,0.00902606562954,128,2909,true,1
fp16,1,1,1,64,1,warp32_transform,0,6,100,15.2768003941,256,0.01675743568,128,2909,true,1
fp16,1,1,1,64,1,warp32_split,0,7,100,29.8176002502,420,0.0140856405772,128,2909,true,1
fp16,1,1,1,64,1,warp32_fused,0,8,100,15.2831995487,164,0.0107307373353,128,2909,true,1
fp16,1,1,1,64,1,optimized_transform,1,0,100,15.5071997643,256,0.016508460837,128,2909,true,1
fp16,1,1,1,64,1,baseline_split,1,1,100,35.0720000267,420,0.0119753649544,128,2909,true,1
fp16,1,1,1,64,1,optimized_split,1,2,100,30.720000267,420,0.0136718748812,128,2909,true,1
fp16,1,1,1,64,1,baseline_fused,1,3,100,22.1119999886,164,0.00741678726867,128,2909,true,1
fp16,1,1,1,64,1,optimized_fused,1,4,100,18.1503999233,164,0.00903561357837,128,2909,true,1
fp16,1,1,1,64,1,warp32_transform,1,5,100,15.2576005459,256,0.0167785228896,128,2909,true,1
fp16,1,1,1,64,1,warp32_split,1,6,100,30.07999897,420,0.0139627664355,128,2909,true,1
fp16,1,1,1,64,1,warp32_fused,1,7,100,15.2831995487,164,0.0107307373353,128,2909,true,1
fp16,1,1,1,64,1,baseline_transform,1,8,100,15.7760000229,256,0.0162271805038,128,2909,true,1
fp16,1,1,1,64,1,baseline_split,2,0,100,35.3600001335,420,0.0118778280094,128,2909,true,1
fp16,1,1,1,64,1,optimized_split,2,1,100,30.9055995941,420,0.0135897703172,128,2909,true,1
fp16,1,1,1,64,1,baseline_fused,2,2,100,22.2144007683,164,0.00738259841941,128,2909,true,1
fp16,1,1,1,64,1,optimized_fused,2,3,100,18.112000227,164,0.00905477020455,128,2909,true,1
fp16,1,1,1,64,1,warp32_transform,2,4,100,15.2447998524,256,0.0167926114137,128,2909,true,1
fp16,1,1,1,64,1,warp32_split,2,5,100,29.9392008781,420,0.0140284305419,128,2909,true,1
fp16,1,1,1,64,1,warp32_fused,2,6,100,15.2512001991,164,0.0107532520627,128,2909,true,1
fp16,1,1,1,64,1,baseline_transform,2,7,100,15.6288003922,256,0.016380015969,128,2909,true,1
fp16,1,1,1,64,1,optimized_transform,2,8,100,15.5584001541,256,0.0164541339382,128,2909,true,1
fp16,1,1,1,64,1,optimized_split,3,0,100,30.8735990524,420,0.0136038561389,128,2909,true,1
fp16,1,1,1,64,1,baseline_fused,3,1,100,22.2016000748,164,0.00738685497656,128,2909,true,1
fp16,1,1,1,64,1,optimized_fused,3,2,100,18.112000227,164,0.00905477020455,128,2909,true,1
fp16,1,1,1,64,1,warp32_transform,3,3,100,15.232000351,256,0.0168067223018,128,2909,true,1
fp16,1,1,1,64,1,warp32_split,3,4,100,29.9327993393,420,0.0140314307138,128,2909,true,1
fp16,1,1,1,64,1,warp32_fused,3,5,100,15.2383995056,164,0.0107622851035,128,2909,true,1
fp16,1,1,1,64,1,baseline_transform,3,6,100,15.6224000454,256,0.0163867267037,128,2909,true,1
fp16,1,1,1,64,1,optimized_transform,3,7,100,15.5519998074,256,0.0164609055537,128,2909,true,1
fp16,1,1,1,64,1,baseline_split,3,8,100,35.372800827,420,0.0118735296663,128,2909,true,1
fp16,1,1,1,64,1,baseline_fused,4,0,100,22.1056008339,164,0.00741893428875,128,2909,true,1
fp16,1,1,1,64,1,optimized_fused,4,1,100,18.1631994247,164,0.00902924623382,128,2909,true,1
fp16,1,1,1,64,1,warp32_transform,4,2,100,15.232000351,256,0.0168067223018,128,2909,true,1
fp16,1,1,1,64,1,warp32_split,4,3,100,30.0672006607,420,0.0139687097824,128,2909,true,1
fp16,1,1,1,64,1,warp32_fused,4,4,100,15.2831995487,164,0.0107307373353,128,2909,true,1
fp16,1,1,1,64,1,baseline_transform,4,5,100,15.5711996555,256,0.0164406086662,128,2909,true,1
fp16,1,1,1,64,1,optimized_transform,4,6,100,15.4752004147,256,0.0165425967445,128,2909,true,1
fp16,1,1,1,64,1,baseline_split,4,7,100,35.3663992882,420,0.0118756788492,128,2909,true,1
fp16,1,1,1,64,1,optimized_split,4,8,100,30.8927989006,420,0.0135954013539,128,2909,true,1
fp16,1,17,1,64,17,baseline_transform,0,0,100,17.427200079,4352,0.249724567359,2176,2909,true,1
fp16,1,17,1,64,17,optimized_transform,0,1,100,17.0495998859,4352,0.255255256963,2176,2909,true,1
fp16,1,17,1,64,17,baseline_split,0,2,100,38.4191989899,7140,0.185844582597,2176,2909,true,1
fp16,1,17,1,64,17,optimized_split,0,3,100,34.0095996857,7140,0.20994072456,2176,2909,true,1
fp16,1,17,1,64,17,baseline_fused,0,4,100,23.7184000015,2788,0.117545871552,2176,2909,true,1
fp16,1,17,1,64,17,optimized_fused,0,5,100,19.5071995258,2788,0.142921591401,2176,2909,true,1
fp16,1,17,1,64,17,warp32_transform,0,6,100,18.1312000751,4352,0.240028237621,2176,2909,true,1
fp16,1,17,1,64,17,warp32_split,0,7,100,34.8288011551,7140,0.205002749541,2176,2909,true,1
fp16,1,17,1,64,17,warp32_fused,0,8,100,17.4720001221,2788,0.159569595955,2176,2909,true,1
fp16,1,17,1,64,17,optimized_transform,1,0,100,17.0047998428,4352,0.255927740416,2176,2909,true,1
fp16,1,17,1,64,17,baseline_split,1,1,100,38.4064006805,7140,0.185906512287,2176,2909,true,1
fp16,1,17,1,64,17,optimized_split,1,2,100,34.0159988403,7140,0.20990123011,2176,2909,true,1
fp16,1,17,1,64,17,baseline_fused,1,3,100,23.7184000015,2788,0.117545871552,2176,2909,true,1
fp16,1,17,1,64,17,optimized_fused,1,4,100,19.4495999813,2788,0.143344850417,2176,2909,true,1
fp16,1,17,1,64,17,warp32_transform,1,5,100,18.1184005737,4352,0.240197802355,2176,2909,true,1
fp16,1,17,1,64,17,warp32_split,1,6,100,34.6943998337,7140,0.205796901927,2176,2909,true,1
fp16,1,17,1,64,17,warp32_fused,1,7,100,17.4591994286,2788,0.159686588804,2176,2909,true,1
fp16,1,17,1,64,17,baseline_transform,1,8,100,17.3440003395,4352,0.250922504313,2176,2909,true,1
fp16,1,17,1,64,17,baseline_split,2,0,100,38.3872008324,7140,0.1859994958,2176,2909,true,1
fp16,1,17,1,64,17,optimized_split,2,1,100,34.0095996857,7140,0.20994072456,2176,2909,true,1
fp16,1,17,1,64,17,baseline_fused,2,2,100,23.6543989182,2788,0.117863912317,2176,2909,true,1
fp16,1,17,1,64,17,optimized_fused,2,3,100,19.5071995258,2788,0.142921591401,2176,2909,true,1
fp16,1,17,1,64,17,warp32_transform,2,4,100,17.9840004444,4352,0.241992876582,2176,2909,true,1
fp16,1,17,1,64,17,warp32_split,2,5,100,34.7456002235,7140,0.205493643916,2176,2909,true,1
fp16,1,17,1,64,17,warp32_fused,2,6,100,17.3567998409,2788,0.160628688788,2176,2909,true,1
fp16,1,17,1,64,17,baseline_transform,2,7,100,17.4336004257,4352,0.249632886709,2176,2909,true,1
fp16,1,17,1,64,17,optimized_transform,2,8,100,17.0112001896,4352,0.255831449368,2176,2909,true,1
fp16,1,17,1,64,17,optimized_split,3,0,100,33.9967989922,7140,0.210019772792,2176,2909,true,1
fp16,1,17,1,64,17,baseline_fused,3,1,100,23.6671996117,2788,0.117800164183,2176,2909,true,1
fp16,1,17,1,64,17,optimized_fused,3,2,100,19.5519995689,2788,0.142594111163,2176,2909,true,1
fp16,1,17,1,64,17,warp32_transform,3,3,100,17.9519999027,4352,0.242424243738,2176,2909,true,1
fp16,1,17,1,64,17,warp32_split,3,4,100,34.7711992264,7140,0.20534235686,2176,2909,true,1
fp16,1,17,1,64,17,warp32_fused,3,5,100,17.3375999928,2788,0.160806570758,2176,2909,true,1
fp16,1,17,1,64,17,baseline_transform,3,6,100,17.3824000359,4352,0.250368187996,2176,2909,true,1
fp16,1,17,1,64,17,optimized_transform,3,7,100,17.0431995392,4352,0.255351114677,2176,2909,true,1
fp16,1,17,1,64,17,baseline_split,3,8,100,38.3999991417,7140,0.185937504156,2176,2909,true,1
fp16,1,17,1,64,17,baseline_fused,4,0,100,23.7184000015,2788,0.117545871552,2176,2909,true,1
fp16,1,17,1,64,17,optimized_fused,4,1,100,19.4879996777,2788,0.143062399739,2176,2909,true,1
fp16,1,17,1,64,17,warp32_transform,4,2,100,18.1055998802,4352,0.240367622658,2176,2909,true,1
fp16,1,17,1,64,17,warp32_split,4,3,100,34.6943998337,7140,0.205796901927,2176,2909,true,1
fp16,1,17,1,64,17,warp32_fused,4,4,100,17.4207997322,2788,0.160038577038,2176,2909,true,1
fp16,1,17,1,64,17,baseline_transform,4,5,100,17.3759996891,4352,0.250460409638,2176,2909,true,1
fp16,1,17,1,64,17,optimized_transform,4,6,100,17.0368003845,4352,0.255447026541,2176,2909,true,1
fp16,1,17,1,64,17,baseline_split,4,7,100,38.3999991417,7140,0.185937504156,2176,2909,true,1
fp16,1,17,1,64,17,optimized_split,4,8,100,34.0095996857,7140,0.20994072456,2176,2909,true,1
fp16,1,257,1,64,257,baseline_transform,0,0,100,38.4640002251,65792,1.71048251911,32896,2909,true,1
fp16,1,257,1,64,257,optimized_transform,0,1,100,36.4159989357,65792,1.80667843593,32896,2909,true,1
fp16,1,257,1,64,257,baseline_split,0,2,100,76.1151981354,107940,1.41811363097,32896,2909,true,1
fp16,1,257,1,64,257,optimized_split,0,3,100,71.1999988556,107940,1.51601126032,32896,2909,true,1
fp16,1,257,1,64,257,baseline_fused,0,4,100,42.4768018723,42148,0.992259260166,32896,2909,true,1
fp16,1,257,1,64,257,optimized_fused,0,5,100,38.041601181,42148,1.10794495214,32896,2909,true,1
fp16,1,257,1,64,257,warp32_transform,0,6,100,21.5359997749,65792,3.05497774367,32896,2909,true,1
fp16,1,257,1,64,257,warp32_split,0,7,100,41.9263982773,107940,2.57451163074,32896,2909,true,1
fp16,1,257,1,64,257,warp32_fused,0,8,100,21.8239998817,42148,1.93126833891,32896,2909,true,1
fp16,1,257,1,64,257,optimized_transform,1,0,100,36.4159989357,65792,1.80667843593,32896,2909,true,1
fp16,1,257,1,64,257,baseline_split,1,1,100,76.5184020996,107940,1.410641062,32896,2909,true,1
fp16,1,257,1,64,257,optimized_split,1,2,100,71.1615991592,107940,1.51682931912,32896,2909,true,1
fp16,1,257,1,64,257,baseline_fused,1,3,100,42.2463989258,42148,0.997670832822,32896,2909,true,1
fp16,1,257,1,64,257,optimized_fused,1,4,100,38.041601181,42148,1.10794495214,32896,2909,true,1
fp16,1,257,1,64,257,warp32_transform,1,5,100,21.651198864,65792,3.03872318634,32896,2909,true,1
fp16,1,257,1,64,257,warp32_split,1,6,100,42.0223999023,107940,2.56863006994,32896,2909,true,1
fp16,1,257,1,64,257,warp32_fused,1,7,100,21.5551996231,42148,1.95535187504,32896,2909,true,1
fp16,1,257,1,64,257,baseline_transform,1,8,100,38.6111998558,65792,1.7039615512,32896,2909,true,1
fp16,1,257,1,64,257,baseline_split,2,0,100,76.742401123,107940,1.40652362215,32896,2909,true,1
fp16,1,257,1,64,257,optimized_split,2,1,100,70.9503984451,107940,1.52134452188,32896,2909,true,1
fp16,1,257,1,64,257,baseline_fused,2,2,100,41.8368005753,42148,1.00743841356,32896,2909,true,1
fp16,1,257,1,64,257,optimized_fused,2,3,100,38.252799511,42148,1.10182785414,32896,2909,true,1
fp16,1,257,1,64,257,warp32_transform,2,4,100,21.6704010963,65792,3.03603056111,32896,2909,true,1
fp16,1,257,1,64,257,warp32_split,2,5,100,42.1248006821,107940,2.56238601138,32896,2909,true,1
fp16,1,257,1,64,257,warp32_fused,2,6,100,21.3120007515,42148,1.97766509543,32896,2909,true,1
fp16,1,257,1,64,257,baseline_transform,2,7,100,38.4256005287,65792,1.71219184853,32896,2909,true,1
fp16,1,257,1,64,257,optimized_transform,2,8,100,36.6592001915,65792,1.79469272806,32896,2909,true,1
fp16,1,257,1,64,257,optimized_split,3,0,100,71.1679983139,107940,1.51669293162,32896,2909,true,1
fp16,1,257,1,64,257,baseline_fused,3,1,100,41.8559980392,42148,1.00697634687,32896,2909,true,1
fp16,1,257,1,64,257,optimized_fused,3,2,100,38.2272005081,42148,1.10256569772,32896,2909,true,1
fp16,1,257,1,64,257,warp32_transform,3,3,100,21.6447997093,65792,3.03962156655,32896,2909,true,1
fp16,1,257,1,64,257,warp32_split,3,4,100,42.0800018311,107940,2.56511395682,32896,2909,true,1
fp16,1,257,1,64,257,warp32_fused,3,5,100,21.2543988228,42148,1.98302480119,32896,2909,true,1
fp16,1,257,1,64,257,baseline_transform,3,6,100,38.4895992279,65792,1.70934489628,32896,2909,true,1
fp16,1,257,1,64,257,optimized_transform,3,7,100,36.742401123,65792,1.79062875558,32896,2909,true,1
fp16,1,257,1,64,257,baseline_split,3,8,100,76.4351987839,107940,1.41217661127,32896,2909,true,1
fp16,1,257,1,64,257,baseline_fused,4,0,100,42.3935985565,42148,0.994206706558,32896,2909,true,1
fp16,1,257,1,64,257,optimized_fused,4,1,100,38.0800008774,42148,1.10682770559,32896,2909,true,1
fp16,1,257,1,64,257,warp32_transform,4,2,100,21.7856001854,65792,3.01997647254,32896,2909,true,1
fp16,1,257,1,64,257,warp32_split,4,3,100,42.1695995331,107940,2.559663862,32896,2909,true,1
fp16,1,257,1,64,257,warp32_fused,4,4,100,22.0736002922,42148,1.90943024437,32896,2909,true,1
fp16,1,257,1,64,257,baseline_transform,4,5,100,38.5279989243,65792,1.70764124369,32896,2909,true,1
fp16,1,257,1,64,257,optimized_transform,4,6,100,37.708799839,65792,1.7447386361,32896,2909,true,1
fp16,1,257,1,64,257,baseline_split,4,7,100,76.7999982834,107940,1.40546878141,32896,2909,true,1
fp16,1,257,1,64,257,optimized_split,4,8,100,71.1808013916,107940,1.5164201286,32896,2909,true,1
fp16,4,64,16,64,4096,baseline_transform,0,0,100,164.780807495,1048576,6.36345953112,524288,2909,true,1
fp16,4,64,16,64,4096,optimized_transform,0,1,100,161.42080307,1048576,6.49591614003,524288,2909,true,1
fp16,4,64,16,64,4096,baseline_split,0,2,100,303.699207306,1720320,5.66455215758,524288,2909,true,1
fp16,4,64,16,64,4096,optimized_split,0,3,100,279.129600525,1720320,6.1631586072,524288,2909,true,1
fp16,4,64,16,64,4096,baseline_fused,0,4,100,156.710395813,671744,4.28653119351,524288,2909,true,1
fp16,4,64,16,64,4096,optimized_fused,0,5,100,128.671998978,671744,5.22059193404,524288,2909,true,1
fp16,4,64,16,64,4096,warp32_transform,0,6,100,88.1599998474,1048576,11.8940109099,524288,2909,true,1
fp16,4,64,16,64,4096,warp32_split,0,7,100,241.939201355,1720320,7.11054674218,524288,2909,true,1
fp16,4,64,16,64,4096,warp32_fused,0,8,100,147.654399872,671744,4.54943435877,524288,2909,true,1
fp16,4,64,16,64,4096,optimized_transform,1,0,100,161.574401855,1048576,6.48974087454,524288,2909,true,1
fp16,4,64,16,64,4096,baseline_split,1,1,100,303.840007782,1720320,5.66192718516,524288,2909,true,1
fp16,4,64,16,64,4096,optimized_split,1,2,100,279.878406525,1720320,6.14666926742,524288,2909,true,1
fp16,4,64,16,64,4096,baseline_fused,1,3,100,156.831998825,671744,4.28320754076,524288,2909,true,1
fp16,4,64,16,64,4096,optimized_fused,1,4,100,129.548797607,671744,5.18525846944,524288,2909,true,1
fp16,4,64,16,64,4096,warp32_transform,1,5,100,87.4112033844,1048576,11.9958993745,524288,2909,true,1
fp16,4,64,16,64,4096,warp32_split,1,6,100,241.152000427,1720320,7.13375794914,524288,2909,true,1
fp16,4,64,16,64,4096,warp32_fused,1,7,100,147.379198074,671744,4.55792953671,524288,2909,true,1
fp16,4,64,16,64,4096,baseline_transform,1,8,100,164.409599304,1048576,6.37782711251,524288,2909,true,1
fp16,4,64,16,64,4096,baseline_split,2,0,100,304.409599304,1720320,5.6513329538,524288,2909,true,1
fp16,4,64,16,64,4096,optimized_split,2,1,100,280.191993713,1720320,6.13978999614,524288,2909,true,1
fp16,4,64,16,64,4096,baseline_fused,2,2,100,157.401599884,671744,4.2677075741,524288,2909,true,1
fp16,4,64,16,64,4096,optimized_fused,2,3,100,128.313598633,671744,5.23517387991,524288,2909,true,1
fp16,4,64,16,64,4096,warp32_transform,2,4,100,88.1919956207,1048576,11.8896958008,524288,2909,true,1
fp16,4,64,16,64,4096,warp32_split,2,5,100,240.863990784,1720320,7.14228803734,524288,2909,true,1
fp16,4,64,16,64,4096,warp32_fused,2,6,100,150.963201523,671744,4.44972015182,524288,2909,true,1
fp16,4,64,16,64,4096,baseline_transform,2,7,100,165.036792755,1048576,6.35358929664,524288,2909,true,1
fp16,4,64,16,64,4096,optimized_transform,2,8,100,161.536006927,1048576,6.49128339832,524288,2909,true,1
fp16,4,64,16,64,4096,optimized_split,3,0,100,280.166397095,1720320,6.14035094087,524288,2909,true,1
fp16,4,64,16,64,4096,baseline_fused,3,1,100,156.364803314,671744,4.29600514798,524288,2909,true,1
fp16,4,64,16,64,4096,optimized_fused,3,2,100,126.431999207,671744,5.31308532821,524288,2909,true,1
fp16,4,64,16,64,4096,warp32_transform,3,3,100,87.5584030151,1048576,11.9757323557,524288,2909,true,1
fp16,4,64,16,64,4096,warp32_split,3,4,100,240.505599976,1720320,7.15293115909,524288,2909,true,1
fp16,4,64,16,64,4096,warp32_fused,3,5,100,148.723201752,671744,4.5167397695,524288,2909,true,1
fp16,4,64,16,64,4096,baseline_transform,3,6,100,165.177593231,1048576,6.34817337805,524288,2909,true,1
fp16,4,64,16,64,4096,optimized_transform,3,7,100,161.964797974,1048576,6.47409815663,524288,2909,true,1
fp16,4,64,16,64,4096,baseline_split,3,8,100,303.545608521,1720320,5.66741850882,524288,2909,true,1
fp16,4,64,16,64,4096,baseline_fused,4,0,100,156.902399063,671744,4.28128571654,524288,2909,true,1
fp16,4,64,16,64,4096,optimized_fused,4,1,100,128.243198395,671744,5.23804777492,524288,2909,true,1
fp16,4,64,16,64,4096,warp32_transform,4,2,100,88.1599998474,1048576,11.8940109099,524288,2909,true,1
fp16,4,64,16,64,4096,warp32_split,4,3,100,241.497592926,1720320,7.12354926257,524288,2909,true,1
fp16,4,64,16,64,4096,warp32_fused,4,4,100,148.403196335,671744,4.52647932518,524288,2909,true,1
fp16,4,64,16,64,4096,baseline_transform,4,5,100,164.812793732,1048576,6.36222453523,524288,2909,true,1
fp16,4,64,16,64,4096,optimized_transform,4,6,100,161.728000641,1048576,6.48357733877,524288,2909,true,1
fp16,4,64,16,64,4096,baseline_split,4,7,100,305.222396851,1720320,5.63628363367,524288,2909,true,1
fp16,4,64,16,64,4096,optimized_split,4,8,100,279.539203644,1720320,6.15412785604,524288,2909,true,1
fp16,16,64,16,64,16384,baseline_transform,0,0,100,463.193588257,4194304,9.05518579345,2097152,2909,true,1
fp16,16,64,16,64,16384,optimized_transform,0,1,100,461.932792664,4194304,9.07990094363,2097152,2909,true,1
fp16,16,64,16,64,16384,baseline_split,0,2,100,970.892791748,6881280,7.08757965708,2097152,2909,true,1
fp16,16,64,16,64,16384,optimized_split,0,3,100,902.732772827,6881280,7.6227209282,2097152,2909,true,1
fp16,16,64,16,64,16384,baseline_fused,0,4,100,561.52961731,2686976,4.78510111875,2097152,2909,true,1
fp16,16,64,16,64,16384,optimized_fused,0,5,100,477.22240448,2686976,5.63044814069,2097152,2909,true,1
fp16,16,64,16,64,16384,warp32_transform,0,6,100,341.996803284,4194304,12.2641614183,2097152,2909,true,1
fp16,16,64,16,64,16384,warp32_split,0,7,100,891.136016846,6881280,7.72191884282,2097152,2909,true,1
fp16,16,64,16,64,16384,warp32_fused,0,8,100,545.612792969,2686976,4.92469391229,2097152,2909,true,1
fp16,16,64,16,64,16384,optimized_transform,1,0,100,461.094398499,4194304,9.09641065616,2097152,2909,true,1
fp16,16,64,16,64,16384,baseline_split,1,1,100,969.740829468,6881280,7.09599904521,2097152,2909,true,1
fp16,16,64,16,64,16384,optimized_split,1,2,100,904.755172729,6881280,7.60568185451,2097152,2909,true,1
fp16,16,64,16,64,16384,baseline_fused,1,3,100,563.155212402,2686976,4.77128852015,2097152,2909,true,1
fp16,16,64,16,64,16384,optimized_fused,1,4,100,475.359992981,2686976,5.65250765667,2097152,2909,true,1
fp16,16,64,16,64,16384,warp32_transform,1,5,100,339.648017883,4194304,12.3489724043,2097152,2909,true,1
fp16,16,64,16,64,16384,warp32_split,1,6,100,888.819198608,6881280,7.7420469886,2097152,2909,true,1
fp16,16,64,16,64,16384,warp32_fused,1,7,100,545.279998779,2686976,4.92769954155,2097152,2909,true,1
fp16,16,64,16,64,16384,baseline_transform,1,8,100,464.115180969,4194304,9.03720492668,2097152,2909,true,1
fp16,16,64,16,64,16384,baseline_split,2,0,100,969.504013062,6881280,7.09773235313,2097152,2909,true,1
fp16,16,64,16,64,16384,optimized_split,2,1,100,905.830383301,6881280,7.5966539949,2097152,2909,true,1
fp16,16,64,16,64,16384,baseline_fused,2,2,100,562.816009521,2686976,4.7741641221,2097152,2909,true,1
fp16,16,64,16,64,16384,optimized_fused,2,3,100,474.771194458,2686976,5.65951774532,2097152,2909,true,1
fp16,16,64,16,64,16384,warp32_transform,2,4,100,337.823982239,4194304,12.4156490377,2097152,2909,true,1
fp16,16,64,16,64,16384,warp32_split,2,5,100,882.470397949,6881280,7.79774598218,2097152,2909,true,1
fp16,16,64,16,64,16384,warp32_fused,2,6,100,551.552009583,2686976,4.87166387452,2097152,2909,true,1
fp16,16,64,16,64,16384,baseline_transform,2,7,100,461.075210571,4194304,9.09678920886,2097152,2909,true,1
fp16,16,64,16,64,16384,optimized_transform,2,8,100,462.271995544,4194304,9.0732383541,2097152,2909,true,1
fp16,16,64,16,64,16384,optimized_split,3,0,100,903.558425903,6881280,7.61575544284,2097152,2909,true,1
fp16,16,64,16,64,16384,baseline_fused,3,1,100,561.158409119,2686976,4.78826647937,2097152,2909,true,1
fp16,16,64,16,64,16384,optimized_fused,3,2,100,476.198387146,2686976,5.64255586018,2097152,2909,true,1
fp16,16,64,16,64,16384,warp32_transform,3,3,100,338.47038269,4194304,12.3919380085,2097152,2909,true,1
fp16,16,64,16,64,16384,warp32_split,3,4,100,878.380813599,6881280,7.83405089623,2097152,2909,true,1
fp16,16,64,16,64,16384,warp32_fused,3,5,100,550.239982605,2686976,4.88328017764,2097152,2909,true,1
fp16,16,64,16,64,16384,baseline_transform,3,6,100,463.199996948,4194304,9.05506050871,2097152,2909,true,1
fp16,16,64,16,64,16384,optimized_transform,3,7,100,461.343994141,4194304,9.09148932959,2097152,2909,true,1
fp16,16,64,16,64,16384,baseline_split,3,8,100,971.385574341,6881280,7.08398413747,2097152,2909,true,1
fp16,16,64,16,64,16384,baseline_fused,4,0,100,561.849594116,2686976,4.78237597417,2097152,2909,true,1
fp16,16,64,16,64,16384,optimized_fused,4,1,100,474.367980957,2686976,5.66432834396,2097152,2909,true,1
fp16,16,64,16,64,16384,warp32_transform,4,2,100,343.705596924,4194304,12.2031879537,2097152,2909,true,1
fp16,16,64,16,64,16384,warp32_split,4,3,100,886.412811279,6881280,7.76306469451,2097152,2909,true,1
fp16,16,64,16,64,16384,warp32_fused,4,4,100,545.753593445,2686976,4.92342337691,2097152,2909,true,1
fp16,16,64,16,64,16384,baseline_transform,4,5,100,461.375999451,4194304,9.09085865973,2097152,2909,true,1
fp16,16,64,16,64,16384,optimized_transform,4,6,100,461.363182068,4194304,9.09111121785,2097152,2909,true,1
fp16,16,64,16,64,16384,baseline_split,4,7,100,971.129608154,6881280,7.0858513037,2097152,2909,true,1
fp16,16,64,16,64,16384,optimized_split,4,8,100,904.774398804,6881280,7.60552023698,2097152,2909,true,1
fp16,1,1,1,128,1,baseline_transform,0,0,100,16.2111997604,512,0.0315831035066,256,2909,true,1
fp16,1,1,1,128,1,optimized_transform,0,1,100,16.0767996311,512,0.0318471344887,256,2909,true,1
fp16,1,1,1,128,1,baseline_split,0,2,100,41.1263990402,836,0.020327575949,256,2909,true,1
fp16,1,1,1,128,1,optimized_split,0,3,100,31.7312002182,836,0.0263463088144,256,2909,true,1
fp16,1,1,1,128,1,baseline_fused,0,4,100,27.9295992851,324,0.0116005960806,256,2909,true,1
fp16,1,1,1,128,1,optimized_fused,0,5,100,18.7520003319,324,0.0172781566908,256,2909,true,1
fp16,1,1,1,128,1,warp32_transform,0,6,100,15.2768003941,512,0.03351487136,256,2909,true,1
fp16,1,1,1,128,1,warp32_split,0,7,100,30.7520008087,836,0.0271852230104,256,2909,true,1
fp16,1,1,1,128,1,warp32_fused,0,8,100,16.2880003452,324,0.0198919445686,256,2909,true,1
fp16,1,1,1,128,1,optimized_transform,1,0,100,16.031999588,512,0.0319361285652,256,2909,true,1
fp16,1,1,1,128,1,baseline_split,1,1,100,41.254401207,836,0.0202645045266,256,2909,true,1
fp16,1,1,1,128,1,optimized_split,1,2,100,31.71200037,836,0.0263622600355,256,2909,true,1
fp16,1,1,1,128,1,baseline_fused,1,3,100,27.9040002823,324,0.0116112384146,256,2909,true,1
fp16,1,1,1,128,1,optimized_fused,1,4,100,18.7520003319,324,0.0172781566908,256,2909,true,1
fp16,1,1,1,128,1,warp32_transform,1,5,100,15.2576005459,512,0.0335570457793,256,2909,true,1
fp16,1,1,1,128,1,warp32_split,1,6,100,30.8735990524,836,0.0270781517432,256,2909,true,1
fp16,1,1,1,128,1,warp32_fused,1,7,100,16.2688004971,324,0.0199154203199,256,2909,true,1
fp16,1,1,1,128,1,baseline_transform,1,8,100,16.2303996086,512,0.0315457420856,256,2909,true,1
fp16,1,1,1,128,1,baseline_split,2,0,100,41.254401207,836,0.0202645045266,256,2909,true,1
fp16,1,1,1,128,1,optimized_split,2,1,100,31.7375993729,836,0.0263409966891,256,2909,true,1
fp16,1,1,1,128,1,baseline_fused,2,2,100,28.0256009102,324,0.0115608582681,256,2909,true,1
fp16,1,1,1,128,1,optimized_fused,2,3,100,18.6432003975,324,0.0173789903607,256,2909,true,1
fp16,1,1,1,128,1,warp32_transform,2,4,100,15.2383995056,512,0.0335993291035,256,2909,true,1
fp16,1,1,1,128,1,warp32_split,2,5,100,30.604801178,836,0.0273159755274,256,2909,true,1
fp16,1,1,1,128,1,warp32_fused,2,6,100,16.3903999329,324,0.0197676689603,256,2909,true,1
fp16,1,1,1,128,1,baseline_transform,2,7,100,16.1663997173,512,0.0316706260486,256,2909,true,1
fp16,1,1,1,128,1,optimized_transform,2,8,100,16.0640001297,512,0.0318725097028,256,2909,true,1
fp16,1,1,1,128,1,optimized_split,3,0,100,31.7375993729,836,0.0263409966891,256,2909,true,1
fp16,1,1,1,128,1,baseline_fused,3,1,100,28.0128002167,324,0.0115661411031,256,2909,true,1
fp16,1,1,1,128,1,optimized_fused,3,2,100,18.6943995953,324,0.0173313937337,256,2909,true,1
fp16,1,1,1,128,1,warp32_transform,3,3,100,15.1935994625,512,0.0336984005182,256,2909,true,1
fp16,1,1,1,128,1,warp32_split,3,4,100,30.6112003326,836,0.027310265227,256,2909,true,1
fp16,1,1,1,128,1,warp32_fused,3,5,100,16.3903999329,324,0.0197676689603,256,2909,true,1
fp16,1,1,1,128,1,baseline_transform,3,6,100,16.198400259,512,0.0316080595499,256,2909,true,1
fp16,1,1,1,128,1,optimized_transform,3,7,100,16.0383999348,512,0.0319233840085,256,2909,true,1
fp16,1,1,1,128,1,baseline_split,3,8,100,41.2480020523,836,0.0202676483322,256,2909,true,1
fp16,1,1,1,128,1,baseline_fused,4,0,100,27.936000824,324,0.0115979378022,256,2909,true,1
fp16,1,1,1,128,1,optimized_fused,4,1,100,18.796800375,324,0.0172369761628,256,2909,true,1
fp16,1,1,1,128,1,warp32_transform,4,2,100,15.2831995487,512,0.0335008385101,256,2909,true,1
fp16,1,1,1,128,1,warp32_split,4,3,100,30.8671998978,836,0.027083765381,256,2909,true,1
fp16,1,1,1,128,1,warp32_fused,4,4,100,16.2751996517,324,0.0199075898873,256,2909,true,1
fp16,1,1,1,128,1,baseline_transform,4,5,100,16.2240004539,512,0.0315581845213,256,2909,true,1
fp16,1,1,1,128,1,optimized_transform,4,6,100,15.9552001953,512,0.0320898511916,256,2909,true,1
fp16,1,1,1,128,1,baseline_split,4,7,100,41.2351989746,836,0.020273941215,256,2909,true,1
fp16,1,1,1,128,1,optimized_split,4,8,100,31.7183995247,836,0.0263569414765,256,2909,true,1
fp16,1,17,1,128,17,baseline_transform,0,0,100,18.3679997921,8704,0.473867601182,4352,2909,true,1
fp16,1,17,1,128,17,optimized_transform,0,1,100,18.252799511,8704,0.476858357797,4352,2909,true,1
fp16,1,17,1,128,17,baseline_split,0,2,100,44.7039985657,14212,0.317913396027,4352,2909,true,1
fp16,1,17,1,128,17,optimized_split,0,3,100,35.3344011307,14212,0.402214259906,4352,2909,true,1
fp16,1,17,1,128,17,baseline_fused,0,4,100,29.4847989082,5508,0.186808124998,4352,2909,true,1
fp16,1,17,1,128,17,optimized_fused,0,5,100,20.1151990891,5508,0.273822793183,4352,2909,true,1
fp16,1,17,1,128,17,warp32_transform,0,6,100,20.3263998032,8704,0.428211591049,4352,2909,true,1
fp16,1,17,1,128,17,warp32_split,0,7,100,37.4528002739,14212,0.379464282939,4352,2909,true,1
fp16,1,17,1,128,17,warp32_fused,0,8,100,18.3552002907,5508,0.300078447131,4352,2909,true,1
fp16,1,17,1,128,17,optimized_transform,1,0,100,18.252799511,8704,0.476858357797,4352,2909,true,1
fp16,1,17,1,128,17,baseline_split,1,1,100,44.678401947,14212,0.318095531189,4352,2909,true,1
fp16,1,17,1,128,17,optimized_split,1,2,100,35.3408002853,14212,0.402141431016,4352,2909,true,1
fp16,1,17,1,128,17,baseline_fused,1,3,100,29.4783997536,5508,0.186848677202,4352,2909,true,1
fp16,1,17,1,128,17,optimized_fused,1,4,100,20.1024007797,5508,0.273997124043,4352,2909,true,1
fp16,1,17,1,128,17,warp32_transform,1,5,100,20.2816009521,8704,0.429157442775,4352,2909,true,1
fp16,1,17,1,128,17,warp32_split,1,6,100,37.4783992767,14212,0.379205096116,4352,2909,true,1
fp16,1,17,1,128,17,warp32_fused,1,7,100,18.3296000957,5508,0.300497554296,4352,2909,true,1
fp16,1,17,1,128,17,baseline_transform,1,8,100,18.2720005512,8704,0.47635725358,4352,2909,true,1
fp16,1,17,1,128,17,baseline_split,2,0,100,44.678401947,14212,0.318095531189,4352,2909,true,1
fp16,1,17,1,128,17,optimized_split,2,1,100,35.5008006096,14212,0.400328999796,4352,2909,true,1
fp16,1,17,1,128,17,baseline_fused,2,2,100,29.4271993637,5508,0.187173775252,4352,2909,true,1
fp16,1,17,1,128,17,optimized_fused,2,3,100,20.1024007797,5508,0.273997124043,4352,2909,true,1
fp16,1,17,1,128,17,warp32_transform,2,4,100,20.1279997826,8704,0.432432437104,4352,2909,true,1
fp16,1,17,1,128,17,warp32_split,2,5,100,37.4144005775,14212,0.379853740288,4352,2909,true,1
fp16,1,17,1,128,17,warp32_fused,2,6,100,18.182400465,5508,0.302930298483,4352,2909,true,1
fp16,1,17,1,128,17,baseline_transform,2,7,100,18.3679997921,8704,0.473867601182,4352,2909,true,1
fp16,1,17,1,128,17,optimized_transform,2,8,100,18.2016003132,8704,0.478199710478,4352,2909,true,1
fp16,1,17,1,128,17,optimized_split,3,0,100,35.4879999161,14212,0.400473400406,4352,2909,true,1
fp16,1,17,1,128,17,baseline_fused,3,1,100,29.4271993637,5508,0.187173775252,4352,2909,true,1
fp16,1,17,1,128,17,optimized_fused,3,2,100,20.1408004761,5508,0.273474731381,4352,2909,true,1
fp16,1,17,1,128,17,warp32_transform,3,3,100,20.1024007797,8704,0.432983109598,4352,2909,true,1
fp16,1,17,1,128,17,warp32_split,3,4,100,37.5424003601,14212,0.378558639396,4352,2909,true,1
fp16,1,17,1,128,17,warp32_fused,3,5,100,18.2016003132,5508,0.302610754287,4352,2909,true,1
fp16,1,17,1,128,17,baseline_transform,3,6,100,18.3423995972,8704,0.474528970645,4352,2909,true,1
fp16,1,17,1,128,17,optimized_transform,3,7,100,18.2016003132,8704,0.478199710478,4352,2909,true,1
fp16,1,17,1,128,17,baseline_split,3,8,100,44.6912002563,14212,0.318004437529,4352,2909,true,1
fp16,1,17,1,128,17,baseline_fused,4,0,100,29.4783997536,5508,0.186848677202,4352,2909,true,1
fp16,1,17,1,128,17,optimized_fused,4,1,100,20.1087999344,5508,0.273909930875,4352,2909,true,1
fp16,1,17,1,128,17,warp32_transform,4,2,100,20.2943992615,8704,0.42888680211,4352,2909,true,1
fp16,1,17,1,128,17,warp32_split,4,3,100,37.4783992767,14212,0.379205096116,4352,2909,true,1
fp16,1,17,1,128,17,warp32_fused,4,4,100,18.3104002476,5508,0.300812648851,4352,2909,true,1
fp16,1,17,1,128,17,baseline_transform,4,5,100,18.2783997059,8704,0.476190483853,4352,2909,true,1
fp16,1,17,1,128,17,optimized_transform,4,6,100,18.2848000526,8704,0.47602379982,4352,2909,true,1
fp16,1,17,1,128,17,baseline_split,4,7,100,44.6912002563,14212,0.318004437529,4352,2909,true,1
fp16,1,17,1,128,17,optimized_split,4,8,100,35.4879999161,14212,0.400473400406,4352,2909,true,1
fp16,1,257,1,128,257,baseline_transform,0,0,100,43.4367990494,131584,3.02932082657,65792,2909,true,1
fp16,1,257,1,128,257,optimized_transform,0,1,100,43.372797966,131584,3.03379090515,65792,2909,true,1
fp16,1,257,1,128,257,baseline_split,0,2,100,103.244800568,214852,2.08099583532,65792,2909,true,1
fp16,1,257,1,128,257,optimized_split,0,3,100,77.7727985382,214852,2.76255971289,65792,2909,true,1
fp16,1,257,1,128,257,baseline_fused,0,4,100,68.8447999954,83268,1.20950311433,65792,2909,true,1
fp16,1,257,1,128,257,optimized_fused,0,5,100,39.7056007385,83268,2.09713487395,65792,2909,true,1
fp16,1,257,1,128,257,warp32_transform,0,6,100,25.8175992966,131584,5.09667837387,65792,2909,true,1
fp16,1,257,1,128,257,warp32_split,0,7,100,54.3423986435,214852,3.95367163326,65792,2909,true,1
fp16,1,257,1,128,257,warp32_fused,0,8,100,30.07999897,83268,2.76821817989,65792,2909,true,1
fp16,1,257,1,128,257,optimized_transform,1,0,100,43.308801651,131584,3.03827386083,65792,2909,true,1
fp16,1,257,1,128,257,baseline_split,1,1,100,103.423995972,214852,2.0773902418,65792,2909,true,1
fp16,1,257,1,128,257,optimized_split,1,2,100,77.6895999908,214852,2.76551816492,65792,2909,true,1
fp16,1,257,1,128,257,baseline_fused,1,3,100,68.9472007751,83268,1.20770675334,65792,2909,true,1
fp16,1,257,1,128,257,optimized_fused,1,4,100,39.7568011284,83268,2.09443410025,65792,2909,true,1
fp16,1,257,1,128,257,warp32_transform,1,5,100,25.8303999901,131584,5.09415262832,65792,2909,true,1
fp16,1,257,1,128,257,warp32_split,1,6,100,54.6048021317,214852,3.93467225615,65792,2909,true,1
fp16,1,257,1,128,257,warp32_fused,1,7,100,30.1695990562,83268,2.75999690433,65792,2909,true,1
fp16,1,257,1,128,257,baseline_transform,1,8,100,42.4832010269,131584,3.09731839455,65792,2909,true,1
fp16,1,257,1,128,257,baseline_split,2,0,100,102.918395996,214852,2.08759569094,65792,2909,true,1
fp16,1,257,1,128,257,optimized_split,2,1,100,77.7088022232,214852,2.7648347916,65792,2909,true,1
fp16,1,257,1,128,257,baseline_fused,2,2,100,68.8768005371,83268,1.20894117251,65792,2909,true,1
fp16,1,257,1,128,257,optimized_fused,2,3,100,39.8271989822,83268,2.0907320155,65792,2909,true,1
fp16,1,257,1,128,257,warp32_transform,2,4,100,25.4207992554,131584,5.17623378707,65792,2909,true,1
fp16,1,257,1,128,257,warp32_split,2,5,100,56.7360019684,214852,3.78687240105,65792,2909,true,1
fp16,1,257,1,128,257,warp32_fused,2,6,100,31.1615991592,83268,2.6721350074,65792,2909,true,1
fp16,1,257,1,128,257,baseline_transform,2,7,100,43.3408021927,131584,3.03603056111,65792,2909,true,1
fp16,1,257,1,128,257,optimized_transform,2,8,100,43.3152008057,131584,3.0378250026,65792,2909,true,1
fp16,1,257,1,128,257,optimized_split,3,0,100,77.8431987762,214852,2.76006129473,65792,2909,true,1
fp16,1,257,1,128,257,baseline_fused,3,1,100,68.8959980011,83268,1.20860430817,65792,2909,true,1
fp16,1,257,1,128,257,optimized_fused,3,2,100,39.8144006729,83268,2.09140407975,65792,2909,true,1
fp16,1,257,1,128,257,warp32_transform,3,3,100,25.4527997971,131584,5.16972596528,65792,2909,true,1
fp16,1,257,1,128,257,warp32_split,3,4,100,56.5119981766,214852,3.80188290863,65792,2909,true,1
fp16,1,257,1,128,257,warp32_fused,3,5,100,31.1743998528,83268,2.6710377872,65792,2909,true,1
fp16,1,257,1,128,257,baseline_transform,3,6,100,43.3472013474,131584,3.03558236541,65792,2909,true,1
fp16,1,257,1,128,257,optimized_transform,3,7,100,43.2895994186,131584,3.03962156655,65792,2909,true,1
fp16,1,257,1,128,257,baseline_split,3,8,100,103.430404663,214852,2.07726152382,65792,2909,true,1
fp16,1,257,1,128,257,baseline_fused,4,0,100,68.8959980011,83268,1.20860430817,65792,2909,true,1
fp16,1,257,1,128,257,optimized_fused,4,1,100,39.6095991135,83268,2.10221769126,65792,2909,true,1
fp16,1,257,1,128,257,warp32_transform,4,2,100,25.8048009872,131584,5.09920615412,65792,2909,true,1
fp16,1,257,1,128,257,warp32_split,4,3,100,54.57280159,214852,3.93697947953,65792,2909,true,1
fp16,1,257,1,128,257,warp32_fused,4,4,100,30.1119995117,83268,2.76527634665,65792,2909,true,1
fp16,1,257,1,128,257,baseline_transform,4,5,100,42.8543996811,131584,3.07048986753,65792,2909,true,1
fp16,1,257,1,128,257,optimized_transform,4,6,100,43.2704019547,131584,3.0409701333,65792,2909,true,1
fp16,1,257,1,128,257,baseline_split,4,7,100,103.020801544,214852,2.08552056264,65792,2909,true,1
fp16,1,257,1,128,257,optimized_split,4,8,100,77.9199981689,214852,2.75734092722,65792,2909,true,1
fp16,4,64,16,128,4096,baseline_transform,0,0,100,229.824008942,2097152,9.12503445422,1048576,2909,true,1
fp16,4,64,16,128,4096,optimized_transform,0,1,100,235.73759079,2097152,8.89612892443,1048576,2909,true,1
fp16,4,64,16,128,4096,baseline_split,0,2,100,428.281593323,3424256,7.99533777166,1048576,2909,true,1
fp16,4,64,16,128,4096,optimized_split,0,3,100,403.059196472,3424256,8.49566522727,1048576,2909,true,1
fp16,4,64,16,128,4096,baseline_fused,0,4,100,209.587192535,1327104,6.33198996535,1048576,2909,true,1
fp16,4,64,16,128,4096,optimized_fused,0,5,100,175.46880722,1327104,7.56319040986,1048576,2909,true,1
fp16,4,64,16,128,4096,warp32_transform,0,6,100,141.510400772,2097152,14.8197728828,1048576,2909,true,1
fp16,4,64,16,128,4096,warp32_split,0,7,100,315.46880722,3424256,10.8544994675,1048576,2909,true,1
fp16,4,64,16,128,4096,warp32_fused,0,8,100,179.884796143,1327104,7.37752177204,1048576,2909,true,1
fp16,4,64,16,128,4096,optimized_transform,1,0,100,237.683200836,2097152,8.82330763227,1048576,2909,true,1
fp16,4,64,16,128,4096,baseline_split,1,1,100,429.299201965,3424256,7.97638566371,1048576,2909,true,1
fp16,4,64,16,128,4096,optimized_split,1,2,100,402.259216309,3424256,8.51256071004,1048576,2909,true,1
fp16,4,64,16,128,4096,baseline_fused,1,3,100,209.580802917,1327104,6.33218301259,1048576,2909,true,1
fp16,4,64,16,128,4096,optimized_fused,1,4,100,175.750408173,1327104,7.55107207886,1048576,2909,true,1
fp16,4,64,16,128,4096,warp32_transform,1,5,100,140.588798523,2097152,14.9169209925,1048576,2909,true,1
fp16,4,64,16,128,4096,warp32_split,1,6,100,316.480007172,3424256,10.8198177528,1048576,2909,true,1
fp16,4,64,16,128,4096,warp32_fused,1,7,100,179.782390594,1327104,7.38172406993,1048576,2909,true,1
fp16,4,64,16,128,4096,baseline_transform,1,8,100,230.444793701,2097152,9.1004529385,1048576,2909,true,1
fp16,4,64,16,128,4096,baseline_split,2,0,100,430.041618347,3424256,7.96261537002,1048576,2909,true,1
fp16,4,64,16,128,4096,optimized_split,2,1,100,403.660812378,3424256,8.48300329137,1048576,2909,true,1
fp16,4,64,16,128,4096,baseline_fused,2,2,100,210.003204346,1327104,6.31944643004,1048576,2909,true,1
fp16,4,64,16,128,4096,optimized_fused,2,3,100,176.012802124,1327104,7.53981519517,1048576,2909,true,1
fp16,4,64,16,128,4096,warp32_transform,2,4,100,140.748796463,2097152,14.8999639976,1048576,2909,true,1
fp16,4,64,16,128,4096,warp32_split,2,5,100,315.180797577,3424256,10.8644182207,1048576,2909,true,1
fp16,4,64,16,128,4096,warp32_fused,2,6,100,180,1327104,7.3728,1048576,2909,true,1
fp16,4,64,16,128,4096,baseline_transform,2,7,100,230.662403107,2097152,9.09186747278,1048576,2909,true,1
fp16,4,64,16,128,4096,optimized_transform,2,8,100,237.337608337,2097152,8.8361554441,1048576,2909,true,1
fp16,4,64,16,128,4096,optimized_split,3,0,100,403.936004639,3424256,8.47722401736,1048576,2909,true,1
fp16,4,64,16,128,4096,baseline_fused,3,1,100,209.727993011,1327104,6.32773899633,1048576,2909,true,1
fp16,4,64,16,128,4096,optimized_fused,3,2,100,175.532798767,1327104,7.56043320292,1048576,2909,true,1
fp16,4,64,16,128,4096,warp32_transform,3,3,100,140.748796463,2097152,14.8999639976,1048576,2909,true,1
fp16,4,64,16,128,4096,warp32_split,3,4,100,316.556797028,3424256,10.8171930982,1048576,2909,true,1
fp16,4,64,16,128,4096,warp32_fused,3,5,100,177.804794312,1327104,7.46382573731,1048576,2909,true,1
fp16,4,64,16,128,4096,baseline_transform,3,6,100,228.659191132,2097152,9.17151849275,1048576,2909,true,1
fp16,4,64,16,128,4096,optimized_transform,3,7,100,236.998405457,2097152,8.84880215105,1048576,2909,true,1
fp16,4,64,16,128,4096,baseline_split,3,8,100,428.550415039,3424256,7.99032244477,1048576,2909,true,1
fp16,4,64,16,128,4096,baseline_fused,4,0,100,209.631996155,1327104,6.33063666016,1048576,2909,true,1
fp16,4,64,16,128,4096,optimized_fused,4,1,100,176.224002838,1327104,7.53077888725,1048576,2909,true,1
fp16,4,64,16,128,4096,warp32_transform,4,2,100,140.326404572,2097152,14.9448138888,1048576,2909,true,1
fp16,4,64,16,128,4096,warp32_split,4,3,100,315.347194672,3424256,10.8586854675,1048576,2909,true,1
fp16,4,64,16,128,4096,warp32_fused,4,4,100,179.487991333,1327104,7.39383169951,1048576,2909,true,1
fp16,4,64,16,128,4096,baseline_transform,4,5,100,229.472007751,2097152,9.13903190437,1048576,2909,true,1
fp16,4,64,16,128,4096,optimized_transform,4,6,100,237.15839386,2097152,8.84283269872,1048576,2909,true,1
fp16,4,64,16,128,4096,baseline_split,4,7,100,428.844795227,3424256,7.98483749392,1048576,2909,true,1
fp16,4,64,16,128,4096,optimized_split,4,8,100,403.059196472,3424256,8.49566522727,1048576,2909,true,1
fp16,16,64,16,128,16384,baseline_transform,0,0,100,831.78237915,8388608,10.0850994326,4194304,2909,true,1
fp16,16,64,16,128,16384,optimized_transform,0,1,100,874.38079834,8388608,9.59376968928,4194304,2909,true,1
fp16,16,64,16,128,16384,baseline_split,0,2,100,1548.22402954,13697024,8.84692637412,4194304,2909,true,1
fp16,16,64,16,128,16384,optimized_split,0,3,100,1470.38726807,13697024,9.31524932069,4194304,2909,true,1
fp16,16,64,16,128,16384,baseline_fused,0,4,100,732.063980103,5308416,7.25130062984,4194304,2909,true,1
fp16,16,64,16,128,16384,optimized_fused,0,5,100,640.115203857,5308416,8.29290722672,4194304,2909,true,1
fp16,16,64,16,128,16384,warp32_transform,0,6,100,544.806404114,8388608,15.3974107805,4194304,2909,true,1
fp16,16,64,16,128,16384,warp32_split,0,7,100,1214.15679932,13697024,11.2810997786,4194304,2909,true,1
fp16,16,64,16,128,16384,warp32_fused,0,8,100,669.203186035,5308416,7.93244280777,4194304,2909,true,1
fp16,16,64,16,128,16384,optimized_transform,1,0,100,873.036804199,8388608,9.60853879201,4194304,2909,true,1
fp16,16,64,16,128,16384,baseline_split,1,1,100,1548.08319092,13697024,8.84773123328,4194304,2909,true,1
fp16,16,64,16,128,16384,optimized_split,1,2,100,1471.4944458,13697024,9.30824036685,4194304,2909,true,1
fp16,16,64,16,128,16384,baseline_fused,1,3,100,732.019195557,5308416,7.25174426056,4194304,2909,true,1
fp16,16,64,16,128,16384,optimized_fused,1,4,100,640.864028931,5308416,8.28321728223,4194304,2909,true,1
fp16,16,64,16,128,16384,warp32_transform,1,5,100,544.55039978,8388608,15.4046494198,4194304,2909,true,1
fp16,16,64,16,128,16384,warp32_split,1,6,100,1213.6831665,13697024,11.2855021624,4194304,2909,true,1
fp16,16,64,16,128,16384,warp32_fused,1,7,100,669.913635254,5308416,7.92403038339,4194304,2909,true,1
fp16,16,64,16,128,16384,baseline_transform,1,8,100,833.043212891,8388608,10.0698353581,4194304,2909,true,1
fp16,16,64,16,128,16384,baseline_split,2,0,100,1549.35043335,13697024,8.84049450994,4194304,2909,true,1
fp16,16,64,16,128,16384,optimized_split,2,1,100,1469.46563721,13697024,9.32109173103,4194304,2909,true,1
fp16,16,64,16,128,16384,baseline_fused,2,2,100,732.76802063,5308416,7.24433360975,4194304,2909,true,1
fp16,16,64,16,128,16384,optimized_fused,2,3,100,641.395187378,5308416,8.27635770343,4194304,2909,true,1
fp16,16,64,16,128,16384,warp32_transform,2,4,100,545.753593445,8388608,15.3706876157,4194304,2909,true,1
fp16,16,64,16,128,16384,warp32_split,2,5,100,1214.18243408,13697024,11.2808616033,4194304,2909,true,1
fp16,16,64,16,128,16384,warp32_fused,2,6,100,667.852783203,5308416,7.94848226063,4194304,2909,true,1
fp16,16,64,16,128,16384,baseline_transform,2,7,100,834.2527771,8388608,10.0552353319,4194304,2909,true,1
fp16,16,64,16,128,16384,optimized_transform,2,8,100,873.516769409,8388608,9.60325925474,4194304,2909,true,1
fp16,16,64,16,128,16384,optimized_split,3,0,100,1467.6991272,13697024,9.33231051664,4194304,2909,true,1
fp16,16,64,16,128,16384,baseline_fused,3,1,100,732.275238037,5308416,7.24920866398,4194304,2909,true,1
fp16,16,64,16,128,16384,optimized_fused,3,2,100,639.199981689,5308416,8.30478121412,4194304,2909,true,1
fp16,16,64,16,128,16384,warp32_transform,3,3,100,544.448013306,8388608,15.4075463497,4194304,2909,true,1
fp16,16,64,16,128,16384,warp32_split,3,4,100,1212.49282837,13697024,11.2965814556,4194304,2909,true,1
fp16,16,64,16,128,16384,warp32_fused,3,5,100,669.196777344,5308416,7.93251877433,4194304,2909,true,1
fp16,16,64,16,128,16384,baseline_transform,3,6,100,831.788787842,8388608,10.0850217298,4194304,2909,true,1
fp16,16,64,16,128,16384,optimized_transform,3,7,100,872.793579102,8388608,9.61121644437,4194304,2909,true,1
fp16,16,64,16,128,16384,baseline_split,3,8,100,1546.43203735,13697024,8.85717811656,4194304,2909,true,1
fp16,16,64,16,128,16384,baseline_fused,4,0,100,732.416000366,5308416,7.24781544552,4194304,2909,true,1
fp16,16,64,16,128,16384,optimized_fused,4,1,100,640.723190308,5308416,8.28503803249,4194304,2909,true,1
fp16,16,64,16,128,16384,warp32_transform,4,2,100,544.179191589,8388608,15.4151575982,4194304,2909,true,1
fp16,16,64,16,128,16384,warp32_split,4,3,100,1213.88801575,13697024,11.2835976814,4194304,2909,true,1
fp16,16,64,16,128,16384,warp32_fused,4,4,100,669.913635254,5308416,7.92403038339,4194304,2909,true,1
fp16,16,64,16,128,16384,baseline_transform,4,5,100,832.838363647,8388608,10.072312187,4194304,2909,true,1
fp16,16,64,16,128,16384,optimized_transform,4,6,100,872.876815796,8388608,9.610299928,4194304,2909,true,1
fp16,16,64,16,128,16384,baseline_split,4,7,100,1551.32797241,13697024,8.82922518228,4194304,2909,true,1
fp16,16,64,16,128,16384,optimized_split,4,8,100,1469.74075317,13697024,9.31934694634,4194304,2909,true,1
fp16,1,1,1,256,1,baseline_transform,0,0,100,17.8944003582,1024,0.0572246054353,512,2909,true,1
fp16,1,1,1,256,1,optimized_transform,0,1,100,17.5616002083,1024,0.0583090372093,512,2909,true,1
fp16,1,1,1,256,1,baseline_split,0,2,100,54.1183996201,1668,0.0308213105286,512,2909,true,1
fp16,1,1,1,256,1,optimized_split,0,3,100,33.5360002518,1668,0.0497375950464,512,2909,true,1
fp16,1,1,1,256,1,baseline_fused,0,4,100,39.7824001312,644,0.0161880630097,512,2909,true,1
fp16,1,1,1,256,1,optimized_fused,0,5,100,19.5008003712,644,0.0330242855546,512,2909,true,1
fp16,1,1,1,256,1,warp32_transform,0,6,100,16.102399826,1024,0.0635930054565,512,2909,true,1
fp16,1,1,1,256,1,warp32_split,0,7,100,33.9903998375,1668,0.0490726795794,512,2909,true,1
fp16,1,1,1,256,1,warp32_fused,0,8,100,18.6751997471,644,0.0344842362449,512,2909,true,1
fp16,1,1,1,256,1,optimized_transform,1,0,100,17.5232005119,1024,0.0584368134864,512,2909,true,1
fp16,1,1,1,256,1,baseline_split,1,1,100,54.1056013107,1668,0.0308286010984,512,2909,true,1
fp16,1,1,1,256,1,optimized_split,1,2,100,33.6640000343,1668,0.0495484790369,512,2909,true,1
fp16,1,1,1,256,1,baseline_fused,1,3,100,39.7695994377,644,0.0161932734829,512,2909,true,1
fp16,1,1,1,256,1,optimized_fused,1,4,100,19.4944000244,644,0.0330351279954,512,2909,true,1
fp16,1,1,1,256,1,warp32_transform,1,5,100,16.0511994362,1024,0.0637958555104,512,2909,true,1
fp16,1,1,1,256,1,warp32_split,1,6,100,33.9967989922,1668,0.0490634427196,512,2909,true,1
fp16,1,1,1,256,1,warp32_fused,1,7,100,18.6240005493,644,0.0345790367808,512,2909,true,1
fp16,1,1,1,256,1,baseline_transform,1,8,100,18.0032002926,1024,0.0568787761819,512,2909,true,1
fp16,1,1,1,256,1,baseline_split,2,0,100,54.1056013107,1668,0.0308286010984,512,2909,true,1
fp16,1,1,1,256,1,optimized_split,2,1,100,33.6511993408,1668,0.0495673269504,512,2909,true,1
fp16,1,1,1,256,1,baseline_fused,2,2,100,39.8912000656,644,0.0161439114126,512,2909,true,1
fp16,1,1,1,256,1,optimized_fused,2,3,100,19.3920004368,644,0.0332095702091,512,2909,true,1
fp16,1,1,1,256,1,warp32_transform,2,4,100,16.1600005627,1024,0.0633663344273,512,2909,true,1
fp16,1,1,1,256,1,warp32_split,2,5,100,33.9903998375,1668,0.0490726795794,512,2909,true,1
fp16,1,1,1,256,1,warp32_fused,2,6,100,18.7264001369,644,0.0343899519016,512,2909,true,1
fp16,1,1,1,256,1,baseline_transform,2,7,100,17.8944003582,1024,0.0572246054353,512,2909,true,1
fp16,1,1,1,256,1,optimized_transform,2,8,100,17.5168001652,1024,0.0584581653238,512,2909,true,1
fp16,1,1,1,256,1,optimized_split,3,0,100,33.670399189,1668,0.0495390622082,512,2909,true,1
fp16,1,1,1,256,1,baseline_fused,3,1,100,39.8848009109,644,0.0161465015568,512,2909,true,1
fp16,1,1,1,256,1,optimized_fused,3,2,100,19.3920004368,644,0.0332095702091,512,2909,true,1
fp16,1,1,1,256,1,warp32_transform,3,3,100,16.1663997173,1024,0.0633412520972,512,2909,true,1
fp16,1,1,1,256,1,warp32_split,3,4,100,33.977599144,1668,0.0490911671814,512,2909,true,1
fp16,1,1,1,256,1,warp32_fused,3,5,100,18.7647998333,644,0.0343195773854,512,2909,true,1
fp16,1,1,1,256,1,baseline_transform,3,6,100,17.8815996647,1024,0.0572655701504,512,2909,true,1
fp16,1,1,1,256,1,optimized_transform,3,7,100,17.5103998184,1024,0.0584795327702,512,2909,true,1
fp16,1,1,1,256,1,baseline_split,3,8,100,54.1376018524,1668,0.0308103784232,512,2909,true,1
fp16,1,1,1,256,1,baseline_fused,4,0,100,39.7887992859,644,0.0161854595152,512,2909,true,1
fp16,1,1,1,256,1,optimized_fused,4,1,100,19.4879996777,644,0.0330459775581,512,2909,true,1
fp16,1,1,1,256,1,warp32_transform,4,2,100,16.0704004765,1024,0.0637196317229,512,2909,true,1
fp16,1,1,1,256,1,warp32_split,4,3,100,34.003200531,1668,0.0490542058969,512,2909,true,1
fp16,1,1,1,256,1,warp32_fused,4,4,100,18.6688005924,644,0.0344960564987,512,2909,true,1
fp16,1,1,1,256,1,baseline_transform,4,5,100,17.9647994041,1024,0.0570003581428,512,2909,true,1
fp16,1,1,1,256,1,optimized_transform,4,6,100,17.4528002739,1024,0.0586725329993,512,2909,true,1
fp16,1,1,1,256,1,baseline_split,4,7,100,54.1120004654,1668,0.0308249553824,512,2909,true,1
fp16,1,1,1,256,1,optimized_split,4,8,100,33.6831998825,1668,0.0495202357798,512,2909,true,1
fp16,1,17,1,256,17,baseline_transform,0,0,100,19.8336005211,17408,0.877702461613,8704,2909,true,1
fp16,1,17,1,256,17,optimized_transform,0,1,100,19.3408000469,17408,0.900066179153,8704,2909,true,1
fp16,1,17,1,256,17,baseline_split,0,2,100,56.9920015335,28356,0.497543501492,8704,2909,true,1
fp16,1,17,1,256,17,optimized_split,0,3,100,36.7808008194,28356,0.770945693631,8704,2909,true,1
fp16,1,17,1,256,17,baseline_fused,0,4,100,41.0048007965,10948,0.266993127325,8704,2909,true,1
fp16,1,17,1,256,17,optimized_fused,0,5,100,20.5119991302,10948,0.533736372085,8704,2909,true,1
fp16,1,17,1,256,17,warp32_transform,0,6,100,22.6047992706,17408,0.770101950103,8704,2909,true,1
fp16,1,17,1,256,17,warp32_split,0,7,100,44.1728019714,28356,0.641933468887,8704,2909,true,1
fp16,1,17,1,256,17,warp32_fused,0,8,100,23.1807994843,10948,0.472287420778,8704,2909,true,1
fp16,1,17,1,256,17,optimized_transform,1,0,100,19.2895996571,17408,0.902455225069,8704,2909,true,1
fp16,1,17,1,256,17,baseline_split,1,1,100,57.0175981522,28356,0.497320141833,8704,2909,true,1
fp16,1,17,1,256,17,optimized_split,1,2,100,36.7743992805,28356,0.771079896742,8704,2909,true,1
fp16,1,17,1,256,17,baseline_fused,1,3,100,40.9984016418,10948,0.267034800421,8704,2909,true,1
fp16,1,17,1,256,17,optimized_fused,1,4,100,20.4992008209,10948,0.534069600841,8704,2909,true,1
fp16,1,17,1,256,17,warp32_transform,1,5,100,22.6496005058,17408,0.768578677382,8704,2909,true,1
fp16,1,17,1,256,17,warp32_split,1,6,100,44.3520021439,28356,0.639339795936,8704,2909,true,1
fp16,1,17,1,256,17,warp32_fused,1,7,100,23.1872010231,10948,0.472157031333,8704,2909,true,1
fp16,1,17,1,256,17,baseline_transform,1,8,100,19.7440004349,17408,0.881685555945,8704,2909,true,1
fp16,1,17,1,256,17,baseline_split,2,0,100,56.9791984558,28356,0.497655298222,8704,2909,true,1
fp16,1,17,1,256,17,optimized_split,2,1,100,36.7935991287,28356,0.770677527382,8704,2909,true,1
fp16,1,17,1,256,17,baseline_fused,2,2,100,40.9344005585,10948,0.267452310297,8704,2909,true,1
fp16,1,17,1,256,17,optimized_fused,2,3,100,20.5376005173,10948,0.533071036745,8704,2909,true,1
fp16,1,17,1,256,17,warp32_transform,2,4,100,22.4512004852,17408,0.77537056477,8704,2909,true,1
fp16,1,17,1,256,17,warp32_split,2,5,100,44.1535997391,28356,0.642212643308,8704,2909,true,1
fp16,1,17,1,256,17,warp32_fused,2,6,100,23.0784010887,10948,0.474382950444,8704,2909,true,1
fp16,1,17,1,256,17,baseline_transform,2,7,100,19.8207998276,17408,0.878269300504,8704,2909,true,1
fp16,1,17,1,256,17,optimized_transform,2,8,100,19.2960000038,17408,0.902155887052,8704,2909,true,1
fp16,1,17,1,256,17,optimized_split,3,0,100,36.7935991287,28356,0.770677527382,8704,2909,true,1
fp16,1,17,1,256,17,baseline_fused,3,1,100,40.9344005585,10948,0.267452310297,8704,2909,true,1
fp16,1,17,1,256,17,optimized_fused,3,2,100,20.5311989784,10948,0.533237245984,8704,2909,true,1
fp16,1,17,1,256,17,warp32_transform,3,3,100,22.4512004852,17408,0.77537056477,8704,2909,true,1
fp16,1,17,1,256,17,warp32_split,3,4,100,44.1344022751,28356,0.642491991242,8704,2909,true,1
fp16,1,17,1,256,17,warp32_fused,3,5,100,23.0527997017,10948,0.474909778494,8704,2909,true,1
fp16,1,17,1,256,17,baseline_transform,3,6,100,19.7951996326,17408,0.879405124629,8704,2909,true,1
fp16,1,17,1,256,17,optimized_transform,3,7,100,19.3280005455,17408,0.900662226236,8704,2909,true,1
fp16,1,17,1,256,17,baseline_split,3,8,100,56.9920015335,28356,0.497543501492,8704,2909,true,1
fp16,1,17,1,256,17,baseline_fused,4,0,100,40.9984016418,10948,0.267034800421,8704,2909,true,1
fp16,1,17,1,256,17,optimized_fused,4,1,100,20.4927992821,10948,0.534236433457,8704,2909,true,1
fp16,1,17,1,256,17,warp32_transform,4,2,100,22.598400116,17408,0.770320018703,8704,2909,true,1
fp16,1,17,1,256,17,warp32_split,4,3,100,44.1728019714,28356,0.641933468887,8704,2909,true,1
fp16,1,17,1,256,17,warp32_fused,4,4,100,23.1552004814,10948,0.472809553465,8704,2909,true,1
fp16,1,17,1,256,17,baseline_transform,4,5,100,19.7567999363,17408,0.881114353343,8704,2909,true,1
fp16,1,17,1,256,17,optimized_transform,4,6,100,19.3343997002,17408,0.900364131804,8704,2909,true,1
fp16,1,17,1,256,17,baseline_split,4,7,100,56.9791984558,28356,0.497655298222,8704,2909,true,1
fp16,1,17,1,256,17,optimized_split,4,8,100,36.8000006676,28356,0.770543464283,8704,2909,true,1
fp16,1,257,1,256,257,baseline_transform,0,0,100,49.8559999466,263168,5.27856226496,131584,2909,true,1
fp16,1,257,1,256,257,optimized_transform,0,1,100,52.1152019501,263168,5.04973578059,131584,2909,true,1
fp16,1,257,1,256,257,baseline_split,0,2,100,149.177598953,428676,2.87359498348,131584,2909,true,1
fp16,1,257,1,256,257,optimized_split,0,3,100,91.8208026886,428676,4.66861525328,131584,2909,true,1
fp16,1,257,1,256,257,baseline_fused,0,4,100,108.659200668,165508,1.52318440576,131584,2909,true,1
fp16,1,257,1,256,257,optimized_fused,0,5,100,45.926399231,165508,3.60376608599,131584,2909,true,1
fp16,1,257,1,256,257,warp32_transform,0,6,100,32.6207995415,263168,8.06749079419,131584,2909,true,1
fp16,1,257,1,256,257,warp32_split,0,7,100,72.2047996521,428676,5.93694604881,131584,2909,true,1
fp16,1,257,1,256,257,warp32_fused,0,8,100,37.6512002945,165508,4.39582267512,131584,2909,true,1
fp16,1,257,1,256,257,optimized_transform,1,0,100,52.1152019501,263168,5.04973578059,131584,2909,true,1
fp16,1,257,1,256,257,baseline_split,1,1,100,149.100799561,428676,2.87507512544,131584,2909,true,1
fp16,1,257,1,256,257,optimized_split,1,2,100,92.2560024261,428676,4.64659196938,131584,2909,true,1
fp16,1,257,1,256,257,baseline_fused,1,3,100,108.58880043,165508,1.52417191593,131584,2909,true,1
fp16,1,257,1,256,257,optimized_fused,1,4,100,45.9200000763,165508,3.60426828669,131584,2909,true,1
fp16,1,257,1,256,257,warp32_transform,1,5,100,32.6975989342,263168,8.04854205135,131584,2909,true,1
fp16,1,257,1,256,257,warp32_split,1,6,100,72.8959989548,428676,5.88065197194,131584,2909,true,1
fp16,1,257,1,256,257,warp32_fused,1,7,100,38.5279989243,165508,4.29578500366,131584,2909,true,1
fp16,1,257,1,256,257,baseline_transform,1,8,100,49.1520023346,263168,5.35416641236,131584,2909,true,1
fp16,1,257,1,256,257,baseline_split,2,0,100,150.617599487,428676,2.84612157848,131584,2909,true,1
fp16,1,257,1,256,257,optimized_split,2,1,100,91.6928005219,428676,4.67513259013,131584,2909,true,1
fp16,1,257,1,256,257,baseline_fused,2,2,100,108.4416008,165508,1.52624084097,131584,2909,true,1
fp16,1,257,1,256,257,optimized_fused,2,3,100,45.8943986893,165508,3.60627886467,131584,2909,true,1
fp16,1,257,1,256,257,warp32_transform,2,4,100,32.5184011459,263168,8.0928948142,131584,2909,true,1
fp16,1,257,1,256,257,warp32_split,2,5,100,72.044801712,428676,5.95013088819,131584,2909,true,1
fp16,1,257,1,256,257,warp32_fused,2,6,100,37.9904007912,165508,4.35657420173,131584,2909,true,1
fp16,1,257,1,256,257,baseline_transform,2,7,100,47.9935979843,263168,5.48339801667,131584,2909,true,1
fp16,1,257,1,256,257,optimized_transform,2,8,100,52.2495985031,263168,5.03674683709,131584,2909,true,1
fp16,1,257,1,256,257,optimized_split,3,0,100,91.9999980927,428676,4.65952183573,131584,2909,true,1
fp16,1,257,1,256,257,baseline_fused,3,1,100,108.390398026,165508,1.52696182517,131584,2909,true,1
fp16,1,257,1,256,257,optimized_fused,3,2,100,45.6767988205,165508,3.62345882973,131584,2909,true,1
fp16,1,257,1,256,257,warp32_transform,3,3,100,32.7807998657,263168,8.02811405085,131584,2909,true,1
fp16,1,257,1,256,257,warp32_split,3,4,100,71.8400001526,428676,5.96709352853,131584,2909,true,1
fp16,1,257,1,256,257,warp32_fused,3,5,100,38.7712001801,165508,4.26883870583,131584,2909,true,1
fp16,1,257,1,256,257,baseline_transform,3,6,100,49.8880004883,263168,5.27517634349,131584,2909,true,1
fp16,1,257,1,256,257,optimized_transform,3,7,100,52.2879981995,263168,5.03304790893,131584,2909,true,1
fp16,1,257,1,256,257,baseline_split,3,8,100,148.889598846,428676,2.87915343531,131584,2909,true,1
fp16,1,257,1,256,257,baseline_fused,4,0,100,108.537597656,165508,1.52489094631,131584,2909,true,1
fp16,1,257,1,256,257,optimized_fused,4,1,100,45.8368015289,165508,3.61081040734,131584,2909,true,1
fp16,1,257,1,256,257,warp32_transform,4,2,100,32.7679991722,263168,8.03125020289,131584,2909,true,1
fp16,1,257,1,256,257,warp32_split,4,3,100,71.7759990692,428676,5.97241425489,131584,2909,true,1
fp16,1,257,1,256,257,warp32_fused,4,4,100,39.6799993515,165508,4.17106861656,131584,2909,true,1
fp16,1,257,1,256,257,baseline_transform,4,5,100,49.5616006851,263168,5.30991728197,131584,2909,true,1
fp16,1,257,1,256,257,optimized_transform,4,6,100,52.6208019257,263168,5.00121606607,131584,2909,true,1
fp16,1,257,1,256,257,baseline_split,4,7,100,150.316801071,428676,2.85181694225,131584,2909,true,1
fp16,1,257,1,256,257,optimized_split,4,8,100,91.8208026886,428676,4.66861525328,131584,2909,true,1
fp16,4,64,16,256,4096,baseline_transform,0,0,100,441.10080719,4194304,9.50871984733,2097152,2909,true,1
fp16,4,64,16,256,4096,optimized_transform,0,1,100,386.995201111,4194304,10.8381292273,2097152,2909,true,1
fp16,4,64,16,256,4096,baseline_split,0,2,100,1103.85917664,6832128,6.18931123155,2097152,2909,true,1
fp16,4,64,16,256,4096,optimized_split,0,3,100,705.964813232,6832128,9.67771746118,2097152,2909,true,1
fp16,4,64,16,256,4096,baseline_fused,0,4,100,656.825637817,2637824,4.01601863284,2097152,2909,true,1
fp16,4,64,16,256,4096,optimized_fused,0,5,100,352.787208557,2637824,7.47709649335,2097152,2909,true,1
fp16,4,64,16,256,4096,warp32_transform,0,6,100,227.75680542,4194304,18.415713165,2097152,2909,true,1
fp16,4,64,16,256,4096,warp32_split,0,7,100,580.300788879,6832128,11.7734253183,2097152,2909,true,1
fp16,4,64,16,256,4096,warp32_fused,0,8,100,350.579185486,2637824,7.52418885435,2097152,2909,true,1
fp16,4,64,16,256,4096,optimized_transform,1,0,100,387.26398468,4194304,10.8306069398,2097152,2909,true,1
fp16,4,64,16,256,4096,baseline_split,1,1,100,1103.43040466,6832128,6.19171627964,2097152,2909,true,1
fp16,4,64,16,256,4096,optimized_split,1,2,100,705.535964966,6832128,9.6835999003,2097152,2909,true,1
fp16,4,64,16,256,4096,baseline_fused,1,3,100,656.953582764,2637824,4.01523649343,2097152,2909,true,1
fp16,4,64,16,256,4096,optimized_fused,1,4,100,353.132781982,2637824,7.46977945574,2097152,2909,true,1
fp16,4,64,16,256,4096,warp32_transform,1,5,100,227.193603516,4194304,18.4613648232,2097152,2909,true,1
fp16,4,64,16,256,4096,warp32_split,1,6,100,580.761604309,6832128,11.7640834885,2097152,2909,true,1
fp16,4,64,16,256,4096,warp32_fused,1,7,100,350.656013489,2637824,7.52254032023,2097152,2909,true,1
fp16,4,64,16,256,4096,baseline_transform,1,8,100,443.507194519,4194304,9.45712730669,2097152,2909,true,1
fp16,4,64,16,256,4096,baseline_split,2,0,100,1103.34716797,6832128,6.19218338375,2097152,2909,true,1
fp16,4,64,16,256,4096,optimized_split,2,1,100,706.393585205,6832128,9.67184320908,2097152,2909,true,1
fp16,4,64,16,256,4096,baseline_fused,2,2,100,656.006393433,2637824,4.02103398139,2097152,2909,true,1
fp16,4,64,16,256,4096,optimized_fused,2,3,100,353.420791626,2637824,7.46369218366,2097152,2909,true,1
fp16,4,64,16,256,4096,warp32_transform,2,4,100,228.454399109,4194304,18.3594801254,2097152,2909,true,1
fp16,4,64,16,256,4096,warp32_split,2,5,100,581.664009094,6832128,11.745832462,2097152,2909,true,1
fp16,4,64,16,256,4096,warp32_fused,2,6,100,352.454414368,2637824,7.48415651066,2097152,2909,true,1
fp16,4,64,16,256,4096,baseline_transform,2,7,100,443.14239502,4194304,9.46491251376,2097152,2909,true,1
fp16,4,64,16,256,4096,optimized_transform,2,8,100,387.609596252,4194304,10.8209498437,2097152,2909,true,1
fp16,4,64,16,256,4096,optimized_split,3,0,100,706.09916687,6832128,9.67587602501,2097152,2909,true,1
fp16,4,64,16,256,4096,baseline_fused,3,1,100,657.785568237,2637824,4.01015791068,2097152,2909,true,1
fp16,4,64,16,256,4096,optimized_fused,3,2,100,353.081588745,2637824,7.47086249774,2097152,2909,true,1
fp16,4,64,16,256,4096,warp32_transform,3,3,100,228.262405396,4194304,18.3749224614,2097152,2909,true,1
fp16,4,64,16,256,4096,warp32_split,3,4,100,581.753616333,6832128,11.7440232569,2097152,2909,true,1
fp16,4,64,16,256,4096,warp32_fused,3,5,100,351.078414917,2637824,7.51348954513,2097152,2909,true,1
fp16,4,64,16,256,4096,baseline_transform,3,6,100,443.475189209,4194304,9.45780982129,2097152,2909,true,1
fp16,4,64,16,256,4096,optimized_transform,3,7,100,388.236808777,4194304,10.8034681544,2097152,2909,true,1
fp16,4,64,16,256,4096,baseline_split,3,8,100,1102.77763367,6832128,6.19538136377,2097152,2909,true,1
fp16,4,64,16,256,4096,baseline_fused,4,0,100,656.800003052,2637824,4.0161753772,2097152,2909,true,1
fp16,4,64,16,256,4096,optimized_fused,4,1,100,352.70401001,2637824,7.47886024865,2097152,2909,true,1
fp16,4,64,16,256,4096,warp32_transform,4,2,100,227.180805206,4194304,18.4624048506,2097152,2909,true,1
fp16,4,64,16,256,4096,warp32_split,4,3,100,579.840011597,6832128,11.7827812213,2097152,2909,true,1
fp16,4,64,16,256,4096,warp32_fused,4,4,100,350.758399963,2637824,7.52034448861,2097152,2909,true,1
fp16,4,64,16,256,4096,baseline_transform,4,5,100,439.206390381,4194304,9.54973354637,2097152,2909,true,1
fp16,4,64,16,256,4096,optimized_transform,4,6,100,387.366409302,4194304,10.8277431891,2097152,2909,true,1
fp16,4,64,16,256,4096,baseline_split,4,7,100,1104.10881042,6832128,6.1879118575,2097152,2909,true,1
fp16,4,64,16,256,4096,optimized_split,4,8,100,707.08480835,6832128,9.66238832927,2097152,2909,true,1
fp16,16,64,16,256,16384,baseline_transform,0,0,100,1680.85113525,16777216,9.98138124675,8388608,2909,true,1
fp16,16,64,16,256,16384,optimized_transform,0,1,100,1482.48321533,16777216,11.3169686014,8388608,2909,true,1
fp16,16,64,16,256,16384,baseline_split,0,2,100,3953.36975098,27328512,6.91271338666,8388608,2909,true,1
fp16,16,64,16,256,16384,optimized_split,0,3,100,2081.81121826,27328512,13.1272767484,8388608,2909,true,1
fp16,16,64,16,256,16384,baseline_fused,0,4,100,2367.42401123,10551296,4.45686786564,8388608,2909,true,1
fp16,16,64,16,256,16384,optimized_fused,0,5,100,725.433578491,10551296,14.5448133542,8388608,2909,true,1
fp16,16,64,16,256,16384,warp32_transform,0,6,100,876.774368286,16777216,19.135157923,8388608,2909,true,1
fp16,16,64,16,256,16384,warp32_split,0,7,100,2282.66235352,27328512,11.9722095377,8388608,2909,true,1
fp16,16,64,16,256,16384,warp32_fused,0,8,100,1417.44003296,10551296,7.44390997478,8388608,2909,true,1
fp16,16,64,16,256,16384,optimized_transform,1,0,100,1483.43673706,16777216,11.3096942936,8388608,2909,true,1
fp16,16,64,16,256,16384,baseline_split,1,1,100,3947.99987793,27328512,6.92211571555,8388608,2909,true,1
fp16,16,64,16,256,16384,optimized_split,1,2,100,2080.07034302,27328512,13.1382633726,8388608,2909,true,1
fp16,16,64,16,256,16384,baseline_fused,1,3,100,2366.94396973,10551296,4.45777176602,8388608,2909,true,1
fp16,16,64,16,256,16384,optimized_fused,1,4,100,725.625610352,10551296,14.5409641687,8388608,2909,true,1
fp16,16,64,16,256,16384,warp32_transform,1,5,100,876.377563477,16777216,19.1438219087,8388608,2909,true,1
fp16,16,64,16,256,16384,warp32_split,1,6,100,2280.9727478,27328512,11.9810778214,8388608,2909,true,1
fp16,16,64,16,256,16384,warp32_fused,1,7,100,1416.81274414,10551296,7.44720573953,8388608,2909,true,1
fp16,16,64,16,256,16384,baseline_transform,1,8,100,1681.9392395,16777216,9.97492394848,8388608,2909,true,1
fp16,16,64,16,256,16384,baseline_split,2,0,100,3952.85125732,27328512,6.91362012405,8388608,2909,true,1
fp16,16,64,16,256,16384,optimized_split,2,1,100,2079.0272522,27328512,13.1448551101,8388608,2909,true,1
fp16,16,64,16,256,16384,baseline_fused,2,2,100,2369.37606812,10551296,4.45319598775,8388608,2909,true,1
fp16,16,64,16,256,16384,optimized_fused,2,3,100,725.311965942,10551296,14.5472520728,8388608,2909,true,1
fp16,16,64,16,256,16384,warp32_transform,2,4,100,877.119979858,16777216,19.127618097,8388608,2909,true,1
fp16,16,64,16,256,16384,warp32_split,2,5,100,2280.89599609,27328512,11.9814809824,8388608,2909,true,1
fp16,16,64,16,256,16384,warp32_fused,2,6,100,1416.66564941,10551296,7.44797899516,8388608,2909,true,1
fp16,16,64,16,256,16384,baseline_transform,2,7,100,1680.23040771,16777216,9.98506866854,8388608,2909,true,1
fp16,16,64,16,256,16384,optimized_transform,2,8,100,1485.29281616,16777216,11.295561264,8388608,2909,true,1
fp16,16,64,16,256,16384,optimized_split,3,0,100,2078.11843872,27328512,13.1506036859,8388608,2909,true,1
fp16,16,64,16,256,16384,baseline_fused,3,1,100,2370.48324585,10551296,4.45111604078,8388608,2909,true,1
fp16,16,64,16,256,16384,optimized_fused,3,2,100,726.335983276,10551296,14.5267427787,8388608,2909,true,1
fp16,16,64,16,256,16384,warp32_transform,3,3,100,876.838378906,16777216,19.1337610255,8388608,2909,true,1
fp16,16,64,16,256,16384,warp32_split,3,4,100,2281.62567139,27328512,11.9776492449,8388608,2909,true,1
fp16,16,64,16,256,16384,warp32_fused,3,5,100,1418.71994019,10551296,7.43719440401,8388608,2909,true,1
fp16,16,64,16,256,16384,baseline_transform,3,6,100,1677.00485229,16777216,10.0042739751,8388608,2909,true,1
fp16,16,64,16,256,16384,optimized_transform,3,7,100,1482.4319458,16777216,11.3173599959,8388608,2909,true,1
fp16,16,64,16,256,16384,baseline_split,3,8,100,3953.33129883,27328512,6.91278062329,8388608,2909,true,1
fp16,16,64,16,256,16384,baseline_fused,4,0,100,2368.63357544,10551296,4.45459192566,8388608,2909,true,1
fp16,16,64,16,256,16384,optimized_fused,4,1,100,726.105575562,10551296,14.5313524026,8388608,2909,true,1
fp16,16,64,16,256,16384,warp32_transform,4,2,100,876.985626221,16777216,19.1305484359,8388608,2909,true,1
fp16,16,64,16,256,16384,warp32_split,4,3,100,2284.42245483,27328512,11.9629851922,8388608,2909,true,1
fp16,16,64,16,256,16384,warp32_fused,4,4,100,1417.62557983,10551296,7.44293567363,8388608,2909,true,1
fp16,16,64,16,256,16384,baseline_transform,4,5,100,1682.16323853,16777216,9.97359567476,8388608,2909,true,1
fp16,16,64,16,256,16384,optimized_transform,4,6,100,1482.9119873,16777216,11.3136963917,8388608,2909,true,1
fp16,16,64,16,256,16384,baseline_split,4,7,100,3951.76330566,27328512,6.91552349829,8388608,2909,true,1
fp16,16,64,16,256,16384,optimized_split,4,8,100,2081.55517578,27328512,13.128891474,8388608,2909,true,1
bf16,1,1,1,64,1,baseline_transform,0,0,100,16.2432003021,256,0.0157604409992,128,2909,true,1
bf16,1,1,1,64,1,optimized_transform,0,1,100,15.7439994812,256,0.0162601631374,128,2909,true,1
bf16,1,1,1,64,1,baseline_split,0,2,100,35.8976006508,420,0.0116999463024,128,2909,true,1
bf16,1,1,1,64,1,optimized_split,0,3,100,30.9759998322,420,0.013558884371,128,2909,true,1
bf16,1,1,1,64,1,baseline_fused,0,4,100,22.5279998779,164,0.0072798295849,128,2909,true,1
bf16,1,1,1,64,1,optimized_fused,0,5,100,17.7983999252,164,0.00921431143749,128,2909,true,1
bf16,1,1,1,64,1,warp32_transform,0,6,100,15.2831995487,256,0.0167504192551,128,2909,true,1
bf16,1,1,1,64,1,warp32_split,0,7,100,30.1760005951,420,0.0139183454307,128,2909,true,1
bf16,1,1,1,64,1,warp32_fused,0,8,100,15.5200004578,164,0.0105670099976,128,2909,true,1
bf16,1,1,1,64,1,optimized_transform,1,0,100,15.6991994381,256,0.0163065639754,128,2909,true,1
bf16,1,1,1,64,1,baseline_split,1,1,100,36.0191988945,420,0.0116604481191,128,2909,true,1
bf16,1,1,1,64,1,optimized_split,1,2,100,31.0911989212,420,0.0135086460019,128,2909,true,1
bf16,1,1,1,64,1,baseline_fused,1,3,100,22.5216007233,164,0.0072818980327,128,2909,true,1
bf16,1,1,1,64,1,optimized_fused,1,4,100,17.7919995785,164,0.00921762611766,128,2909,true,1
bf16,1,1,1,64,1,warp32_transform,1,5,100,15.2256000042,256,0.016813787301,128,2909,true,1
bf16,1,1,1,64,1,warp32_split,1,6,100,30.07999897,420,0.0139627664355,128,2909,true,1
bf16,1,1,1,64,1,warp32_fused,1,7,100,15.4688000679,164,0.0106019858864,128,2909,true,1
bf16,1,1,1,64,1,baseline_transform,1,8,100,16.3199996948,256,0.0156862748031,128,2909,true,1
bf16,1,1,1,64,1,baseline_split,2,0,100,36.0064005852,420,0.0116645927717,128,2909,true,1
bf16,1,1,1,64,1,optimized_split,2,1,100,31.0911989212,420,0.0135086460019,128,2909,true,1
bf16,1,1,1,64,1,baseline_fused,2,2,100,22.6239991188,164,0.00724893946198,128,2909,true,1
bf16,1,1,1,64,1,optimized_fused,2,3,100,17.6512002945,164,0.00929115285441,128,2909,true,1
bf16,1,1,1,64,1,warp32_transform,2,4,100,15.2256000042,256,0.016813787301,128,2909,true,1
bf16,1,1,1,64,1,warp32_split,2,5,100,29.9264001846,420,0.0140344310511,128,2909,true,1
bf16,1,1,1,64,1,warp32_fused,2,6,100,15.4560005665,164,0.0106107656567,128,2909,true,1
bf16,1,1,1,64,1,baseline_transform,2,7,100,16.1855995655,256,0.0158165286966,128,2909,true,1
bf16,1,1,1,64,1,optimized_transform,2,8,100,15.7055997849,256,0.0162999187237,128,2909,true,1
bf16,1,1,1,64,1,optimized_split,3,0,100,31.071999073,420,0.0135169931942,128,2909,true,1
bf16,1,1,1,64,1,baseline_fused,3,1,100,22.6175999641,164,0.00725099039067,128,2909,true,1
bf16,1,1,1,64,1,optimized_fused,3,2,100,17.6704001427,164,0.0092810575129,128,2909,true,1
bf16,1,1,1,64,1,warp32_transform,3,3,100,15.0271999836,256,0.0170357751464,128,2909,true,1
bf16,1,1,1,64,1,warp32_split,3,4,100,29.9264001846,420,0.0140344310511,128,2909,true,1
bf16,1,1,1,64,1,warp32_fused,3,5,100,15.443199873,164,0.0106195608002,128,2909,true,1
bf16,1,1,1,64,1,baseline_transform,3,6,100,16.1855995655,256,0.0158165286966,128,2909,true,1
bf16,1,1,1,64,1,optimized_transform,3,7,100,15.7439994812,256,0.0162601631374,128,2909,true,1
bf16,1,1,1,64,1,baseline_split,3,8,100,36.0256004333,420,0.0116583761255,128,2909,true,1
bf16,1,1,1,64,1,baseline_fused,4,0,100,22.5343990326,164,0.00727776231187,128,2909,true,1
bf16,1,1,1,64,1,optimized_fused,4,1,100,17.7727997303,164,0.00922758386347,128,2909,true,1
bf16,1,1,1,64,1,warp32_transform,4,2,100,15.2383995056,256,0.0167996645518,128,2909,true,1
bf16,1,1,1,64,1,warp32_split,4,3,100,30.0735998154,420,0.0139657374767,128,2909,true,1
bf16,1,1,1,64,1,warp32_fused,4,4,100,15.4688000679,164,0.0106019858864,128,2909,true,1
bf16,1,1,1,64,1,baseline_transform,4,5,100,16.339199543,256,0.015667842193,128,2909,true,1
bf16,1,1,1,64,1,optimized_transform,4,6,100,15.6224000454,256,0.0163867267037,128,2909,true,1
bf16,1,1,1,64,1,baseline_split,4,7,100,36.0191988945,420,0.0116604481191,128,2909,true,1
bf16,1,1,1,64,1,optimized_split,4,8,100,31.0847997665,420,0.0135114269081,128,2909,true,1
bf16,1,17,1,64,17,baseline_transform,0,0,100,17.7983999252,4352,0.244516362048,2176,2909,true,1
bf16,1,17,1,64,17,optimized_transform,0,1,100,17.3055994511,4352,0.251479297918,2176,2909,true,1
bf16,1,17,1,64,17,baseline_split,0,2,100,38.8544011116,7140,0.183762966247,2176,2909,true,1
bf16,1,17,1,64,17,optimized_split,0,3,100,34.1375994682,7140,0.209153546565,2176,2909,true,1
bf16,1,17,1,64,17,baseline_fused,0,4,100,24.012799263,2788,0.1161047477,2176,2909,true,1
bf16,1,17,1,64,17,optimized_fused,0,5,100,19.315199852,2788,0.144342280761,2176,2909,true,1
bf16,1,17,1,64,17,warp32_transform,0,6,100,17.8496003151,4352,0.243814983147,2176,2909,true,1
bf16,1,17,1,64,17,warp32_split,0,7,100,34.4896006584,7140,0.207018923493,2176,2909,true,1
bf16,1,17,1,64,17,warp32_fused,0,8,100,17.8367996216,2788,0.156306067184,2176,2909,true,1
bf16,1,17,1,64,17,optimized_transform,1,0,100,17.260799408,4352,0.252132007165,2176,2909,true,1
bf16,1,17,1,64,17,baseline_split,1,1,100,38.8351988792,7140,0.183853828641,2176,2909,true,1
bf16,1,17,1,64,17,optimized_split,1,2,100,34.2655992508,7140,0.208372249606,2176,2909,true,1
bf16,1,17,1,64,17,baseline_fused,1,3,100,23.9872002602,2788,0.116228654022,2176,2909,true,1
bf16,1,17,1,64,17,optimized_fused,1,4,100,19.2576003075,2788,0.144774008988,2176,2909,true,1
bf16,1,17,1,64,17,warp32_transform,1,5,100,17.8367996216,4352,0.243989958531,2176,2909,true,1
bf16,1,17,1,64,17,warp32_split,1,6,100,34.3616008759,7140,0.207790085968,2176,2909,true,1
bf16,1,17,1,64,17,warp32_fused,1,7,100,17.8304004669,2788,0.156362163888,2176,2909,true,1
bf16,1,17,1,64,17,baseline_transform,1,8,100,17.7535998821,4352,0.245133383026,2176,2909,true,1
bf16,1,17,1,64,17,baseline_split,2,0,100,38.8287997246,7140,0.18388412855,2176,2909,true,1
bf16,1,17,1,64,17,optimized_split,2,1,100,34.2528009415,7140,0.208450106378,2176,2909,true,1
bf16,1,17,1,64,17,baseline_fused,2,2,100,23.9808011055,2788,0.116259669047,2176,2909,true,1
bf16,1,17,1,64,17,optimized_fused,2,3,100,19.315199852,2788,0.144342280761,2176,2909,true,1
bf16,1,17,1,64,17,warp32_transform,2,4,100,17.6895999908,4352,0.246020260619,2176,2909,true,1
bf16,1,17,1,64,17,warp32_split,2,5,100,34.3167996407,7140,0.208061359881,2176,2909,true,1
bf16,1,17,1,64,17,warp32_fused,2,6,100,17.7216005325,2788,0.157322133228,2176,2909,true,1
bf16,1,17,1,64,17,baseline_transform,2,7,100,17.7856004238,4352,0.244692329542,2176,2909,true,1
bf16,1,17,1,64,17,optimized_transform,2,8,100,17.2544002533,4352,0.252225515585,2176,2909,true,1
bf16,1,17,1,64,17,optimized_split,3,0,100,34.2528009415,7140,0.208450106378,2176,2909,true,1
bf16,1,17,1,64,17,baseline_fused,3,1,100,23.9551997185,2788,0.116383918012,2176,2909,true,1
bf16,1,17,1,64,17,optimized_fused,3,2,100,19.3343997002,2788,0.144198942984,2176,2909,true,1
bf16,1,17,1,64,17,warp32_transform,3,3,100,17.6831996441,4352,0.246109306437,2176,2909,true,1
bf16,1,17,1,64,17,warp32_split,3,4,100,34.3296003342,7140,0.207983778736,2176,2909,true,1
bf16,1,17,1,64,17,warp32_fused,3,5,100,17.708799839,2788,0.157435852533,2176,2909,true,1
bf16,1,17,1,64,17,baseline_transform,3,6,100,17.7600002289,4352,0.245045041887,2176,2909,true,1
bf16,1,17,1,64,17,optimized_transform,3,7,100,17.2927999496,4352,0.251665433745,2176,2909,true,1
bf16,1,17,1,64,17,baseline_split,3,8,100,38.8351988792,7140,0.183853828641,2176,2909,true,1
bf16,1,17,1,64,17,baseline_fused,4,0,100,24.0000009537,2788,0.116166662051,2176,2909,true,1
bf16,1,17,1,64,17,optimized_fused,4,1,100,19.2832005024,2788,0.14458180838,2176,2909,true,1
bf16,1,17,1,64,17,warp32_transform,4,2,100,17.7856004238,4352,0.244692329542,2176,2909,true,1
bf16,1,17,1,64,17,warp32_split,4,3,100,34.5088005066,7140,0.206903743253,2176,2909,true,1
bf16,1,17,1,64,17,warp32_fused,4,4,100,17.8367996216,2788,0.156306067184,2176,2909,true,1
bf16,1,17,1,64,17,baseline_transform,4,5,100,17.7535998821,4352,0.245133383026,2176,2909,true,1
bf16,1,17,1,64,17,optimized_transform,4,6,100,17.3055994511,4352,0.251479297918,2176,2909,true,1
bf16,1,17,1,64,17,baseline_split,4,7,100,38.8287997246,7140,0.18388412855,2176,2909,true,1
bf16,1,17,1,64,17,optimized_split,4,8,100,34.2655992508,7140,0.208372249606,2176,2909,true,1
bf16,1,257,1,64,257,baseline_transform,0,0,100,38.8800001144,65792,1.69218106498,32896,2909,true,1
bf16,1,257,1,64,257,optimized_transform,0,1,100,37.664000988,65792,1.74681388791,32896,2909,true,1
bf16,1,257,1,64,257,baseline_split,0,2,100,76.9343996048,107940,1.40301348362,32896,2909,true,1
bf16,1,257,1,64,257,optimized_split,0,3,100,71.0080003738,107940,1.52011040209,32896,2909,true,1
bf16,1,257,1,64,257,baseline_fused,0,4,100,42.643198967,42148,0.988387386993,32896,2909,true,1
bf16,1,257,1,64,257,optimized_fused,0,5,100,37.4144005775,42148,1.12651811467,32896,2909,true,1
bf16,1,257,1,64,257,warp32_transform,0,6,100,21.7023992538,65792,3.03155421806,32896,2909,true,1
bf16,1,257,1,64,257,warp32_split,0,7,100,44.7168016434,107940,2.41385779021,32896,2909,true,1
bf16,1,257,1,64,257,warp32_fused,0,8,100,21.4335989952,42148,1.96644529971,32896,2909,true,1
bf16,1,257,1,64,257,optimized_transform,1,0,100,37.6320004463,65792,1.74829929899,32896,2909,true,1
bf16,1,257,1,64,257,baseline_split,1,1,100,76.9856023788,107940,1.40208034574,32896,2909,true,1
bf16,1,257,1,64,257,optimized_split,1,2,100,71.1295986176,107940,1.51751172645,32896,2909,true,1
bf16,1,257,1,64,257,baseline_fused,1,3,100,42.6176023483,42148,0.988981023745,32896,2909,true,1
bf16,1,257,1,64,257,optimized_fused,1,4,100,37.3824000359,42148,1.12748245055,32896,2909,true,1
bf16,1,257,1,64,257,warp32_transform,1,5,100,21.6960000992,65792,3.03244836372,32896,2909,true,1
bf16,1,257,1,64,257,warp32_split,1,6,100,44.697599411,107940,2.41489479127,32896,2909,true,1
bf16,1,257,1,64,257,warp32_fused,1,7,100,21.4655995369,42148,1.96351375733,32896,2909,true,1
bf16,1,257,1,64,257,baseline_transform,1,8,100,38.2911992073,65792,1.71820160669,32896,2909,true,1
bf16,1,257,1,64,257,baseline_split,2,0,100,77.5487995148,107940,1.39189775568,32896,2909,true,1
bf16,1,257,1,64,257,optimized_split,2,1,100,71.379199028,107940,1.51220525685,32896,2909,true,1
bf16,1,257,1,64,257,baseline_fused,2,2,100,42.5472021103,42148,0.990617429808,32896,2909,true,1
bf16,1,257,1,64,257,optimized_fused,2,3,100,38.2719993591,42148,1.10127510205,32896,2909,true,1
bf16,1,257,1,64,257,warp32_transform,2,4,100,21.4847993851,65792,3.06225805607,32896,2909,true,1
bf16,1,257,1,64,257,warp32_split,2,5,100,44.3391990662,107940,2.43441474527,32896,2909,true,1
bf16,1,257,1,64,257,warp32_fused,2,6,100,21.4271998405,42148,1.96703257139,32896,2909,true,1
bf16,1,257,1,64,257,baseline_transform,2,7,100,38.8800001144,65792,1.69218106498,32896,2909,true,1
bf16,1,257,1,64,257,optimized_transform,2,8,100,37.5167989731,65792,1.75366773821,32896,2909,true,1
bf16,1,257,1,64,257,optimized_split,3,0,100,71.3984012604,107940,1.51179855703,32896,2909,true,1
bf16,1,257,1,64,257,baseline_fused,3,1,100,42.5407981873,42148,0.990766553427,32896,2909,true,1
bf16,1,257,1,64,257,optimized_fused,3,2,100,38.278400898,42148,1.10109092886,32896,2909,true,1
bf16,1,257,1,64,257,warp32_transform,3,3,100,21.5743994713,65792,3.04954027052,32896,2909,true,1
bf16,1,257,1,64,257,warp32_split,3,4,100,44.3520021439,107940,2.43371200357,32896,2909,true,1
bf16,1,257,1,64,257,warp32_fused,3,5,100,21.343998909,42148,1.97470025086,32896,2909,true,1
bf16,1,257,1,64,257,baseline_transform,3,6,100,38.8416004181,65792,1.69385399396,32896,2909,true,1
bf16,1,257,1,64,257,optimized_transform,3,7,100,37.6191997528,65792,1.74889419319,32896,2909,true,1
bf16,1,257,1,64,257,baseline_split,3,8,100,76.8639993668,107940,1.40429851282,32896,2909,true,1
bf16,1,257,1,64,257,baseline_fused,4,0,100,42.6111984253,42148,0.989129655058,32896,2909,true,1
bf16,1,257,1,64,257,optimized_fused,4,1,100,37.3632001877,42148,1.12806183058,32896,2909,true,1
bf16,1,257,1,64,257,warp32_transform,4,2,100,21.5423989296,65792,3.05407026465,32896,2909,true,1
bf16,1,257,1,64,257,warp32_split,4,3,100,44.4736003876,107940,2.4270578289,32896,2909,true,1
bf16,1,257,1,64,257,warp32_fused,4,4,100,21.4592003822,42148,1.96409927906,32896,2909,true,1
bf16,1,257,1,64,257,baseline_transform,4,5,100,38.3615994453,65792,1.71504840651,32896,2909,true,1
bf16,1,257,1,64,257,optimized_transform,4,6,100,37.2031998634,65792,1.7684500323,32896,2909,true,1
bf16,1,257,1,64,257,baseline_split,4,7,100,77.5360012054,107940,1.39212750621,32896,2909,true,1
bf16,1,257,1,64,257,optimized_split,4,8,100,71.4304018021,107940,1.51112127717,32896,2909,true,1
bf16,4,64,16,64,4096,baseline_transform,0,0,100,164.851207733,1048576,6.36074199527,524288,2909,true,1
bf16,4,64,16,64,4096,optimized_transform,0,1,100,158.336000443,1048576,6.62247370825,524288,2909,true,1
bf16,4,64,16,64,4096,baseline_split,0,2,100,303.251209259,1720320,5.67292049454,524288,2909,true,1
bf16,4,64,16,64,4096,optimized_split,0,3,100,275.539207458,1720320,6.24346718519,524288,2909,true,1
bf16,4,64,16,64,4096,baseline_fused,0,4,100,154.771203995,671744,4.34023889885,524288,2909,true,1
bf16,4,64,16,64,4096,optimized_fused,0,5,100,130.508804321,671744,5.14711634585,524288,2909,true,1
bf16,4,64,16,64,4096,warp32_transform,0,6,100,91.9295978546,1048576,11.4062937777,524288,2909,true,1
bf16,4,64,16,64,4096,warp32_split,0,7,100,244.985599518,1720320,7.02212702863,524288,2909,true,1
bf16,4,64,16,64,4096,warp32_fused,0,8,100,148.627195358,671744,4.51965737751,524288,2909,true,1
bf16,4,64,16,64,4096,optimized_transform,1,0,100,157.305603027,1048576,6.66585283563,524288,2909,true,1
bf16,4,64,16,64,4096,baseline_split,1,1,100,303.680000305,1720320,5.66491042634,524288,2909,true,1
bf16,4,64,16,64,4096,optimized_split,1,2,100,275.180797577,1720320,6.25159900381,524288,2909,true,1
bf16,4,64,16,64,4096,baseline_fused,1,3,100,155.43680191,671744,4.3216535064,524288,2909,true,1
bf16,4,64,16,64,4096,optimized_fused,1,4,100,129.529600143,671744,5.18602697187,524288,2909,true,1
bf16,4,64,16,64,4096,warp32_transform,1,5,100,92.1535968781,1048576,11.3785683416,524288,2909,true,1
bf16,4,64,16,64,4096,warp32_split,1,6,100,244.217605591,1720320,7.04420959266,524288,2909,true,1
bf16,4,64,16,64,4096,warp32_fused,1,7,100,148.499202728,671744,4.52355290573,524288,2909,true,1
bf16,4,64,16,64,4096,baseline_transform,1,8,100,164.889602661,1048576,6.35926088169,524288,2909,true,1
bf16,4,64,16,64,4096,baseline_split,2,0,100,304.27520752,1720320,5.65382902545,524288,2909,true,1
bf16,4,64,16,64,4096,optimized_split,2,1,100,276.595191956,1720320,6.21963089032,524288,2909,true,1
bf16,4,64,16,64,4096,baseline_fused,2,2,100,155.27680397,671744,4.32610655825,524288,2909,true,1
bf16,4,64,16,64,4096,optimized_fused,2,3,100,131.180801392,671744,5.12074932364,524288,2909,true,1
bf16,4,64,16,64,4096,warp32_transform,2,4,100,91.0719966888,1048576,11.513703862,524288,2909,true,1
bf16,4,64,16,64,4096,warp32_split,2,5,100,244.390392303,1720320,7.0392292585,524288,2909,true,1
bf16,4,64,16,64,4096,warp32_fused,2,6,100,148.902397156,671744,4.511304135,524288,2909,true,1
bf16,4,64,16,64,4096,baseline_transform,2,7,100,165.548801422,1048576,6.33393894122,524288,2909,true,1
bf16,4,64,16,64,4096,optimized_transform,2,8,100,157.708797455,1048576,6.64881108044,524288,2909,true,1
bf16,4,64,16,64,4096,optimized_split,3,0,100,276.620807648,1720320,6.21905493889,524288,2909,true,1
bf16,4,64,16,64,4096,baseline_fused,3,1,100,155.648002625,671744,4.31578940091,524288,2909,true,1
bf16,4,64,16,64,4096,optimized_fused,3,2,100,130.310401917,671744,5.15495302079,524288,2909,true,1
bf16,4,64,16,64,4096,warp32_transform,3,3,100,91.2959957123,1048576,11.4854544476,524288,2909,true,1
bf16,4,64,16,64,4096,warp32_split,3,4,100,244.543991089,1720320,7.03480789833,524288,2909,true,1
bf16,4,64,16,64,4096,warp32_fused,3,5,100,147.455997467,671744,4.55555563381,524288,2909,true,1
bf16,4,64,16,64,4096,baseline_transform,3,6,100,164.94720459,1048576,6.35704013661,524288,2909,true,1
bf16,4,64,16,64,4096,optimized_transform,3,7,100,157.631998062,1048576,6.65205042689,524288,2909,true,1
bf16,4,64,16,64,4096,baseline_split,3,8,100,304.806404114,1720320,5.64397590333,524288,2909,true,1
bf16,4,64,16,64,4096,baseline_fused,4,0,100,154.931201935,671744,4.33575672047,524288,2909,true,1
bf16,4,64,16,64,4096,optimized_fused,4,1,100,130.713596344,671744,5.13905223931,524288,2909,true,1
bf16,4,64,16,64,4096,warp32_transform,4,2,100,92.1984004974,1048576,11.3730389502,524288,2909,true,1
bf16,4,64,16,64,4096,warp32_split,4,3,100,245.798397064,1720320,6.99890650447,524288,2909,true,1
bf16,4,64,16,64,4096,warp32_fused,4,4,100,147.910404205,671744,4.54156016684,524288,2909,true,1
bf16,4,64,16,64,4096,baseline_transform,4,5,100,165.158405304,1048576,6.34891090205,524288,2909,true,1
bf16,4,64,16,64,4096,optimized_transform,4,6,100,157.740802765,1048576,6.64746204926,524288,2909,true,1
bf16,4,64,16,64,4096,baseline_split,4,7,100,304.095993042,1720320,5.657161026,524288,2909,true,1
bf16,4,64,16,64,4096,optimized_split,4,8,100,277.081604004,1720320,6.20871243396,524288,2909,true,1
bf16,16,64,16,64,16384,baseline_transform,0,0,100,465.388793945,4194304,9.01247312906,2097152,2909,true,1
bf16,16,64,16,64,16384,optimized_transform,0,1,100,461.388816833,4194304,9.09060611565,2097152,2909,true,1
bf16,16,64,16,64,16384,baseline_split,0,2,100,974.604797363,6881280,7.06058498647,2097152,2909,true,1
bf16,16,64,16,64,16384,optimized_split,0,3,100,904.563217163,6881280,7.60729584117,2097152,2909,true,1
bf16,16,64,16,64,16384,baseline_fused,0,4,100,566.963195801,2686976,4.73924237041,2097152,2909,true,1
bf16,16,64,16,64,16384,optimized_fused,0,5,100,477.305603027,2686976,5.62946670426,2097152,2909,true,1
bf16,16,64,16,64,16384,warp32_transform,0,6,100,339.769592285,4194304,12.344553766,2097152,2909,true,1
bf16,16,64,16,64,16384,warp32_split,0,7,100,897.529602051,6881280,7.6669114693,2097152,2909,true,1
bf16,16,64,16,64,16384,warp32_fused,0,8,100,537.631988525,2686976,4.9977978568,2097152,2909,true,1
bf16,16,64,16,64,16384,optimized_transform,1,0,100,462.444801331,4194304,9.06984787791,2097152,2909,true,1
bf16,16,64,16,64,16384,baseline_split,1,1,100,974.214401245,6881280,7.06341436875,2097152,2909,true,1
bf16,16,64,16,64,16384,optimized_split,1,2,100,905.215988159,6881280,7.60181005419,2097152,2909,true,1
bf16,16,64,16,64,16384,baseline_fused,1,3,100,567.129592896,2686976,4.73785186606,2097152,2909,true,1
bf16,16,64,16,64,16384,optimized_fused,1,4,100,476.896018982,2686976,5.63430159416,2097152,2909,true,1
bf16,16,64,16,64,16384,warp32_transform,1,5,100,341.216011047,4194304,12.2922250545,2097152,2909,true,1
bf16,16,64,16,64,16384,warp32_split,1,6,100,897.536010742,6881280,7.66685672512,2097152,2909,true,1
bf16,16,64,16,64,16384,warp32_fused,1,7,100,535.35358429,2686976,5.01906791857,2097152,2909,true,1
bf16,16,64,16,64,16384,baseline_transform,1,8,100,468.057594299,4194304,8.96108524054,2097152,2909,true,1
bf16,16,64,16,64,16384,baseline_split,2,0,100,972.863998413,6881280,7.07321887872,2097152,2909,true,1
bf16,16,64,16,64,16384,optimized_split,2,1,100,904.083175659,6881280,7.61133509091,2097152,2909,true,1
bf16,16,64,16,64,16384,baseline_fused,2,2,100,566.150398254,2686976,4.74604629492,2097152,2909,true,1
bf16,16,64,16,64,16384,optimized_fused,2,3,100,478.406410217,2686976,5.61651337151,2097152,2909,true,1
bf16,16,64,16,64,16384,warp32_transform,2,4,100,336.02558136,4194304,12.4820972946,2097152,2909,true,1
bf16,16,64,16,64,16384,warp32_split,2,5,100,886.08001709,6881280,7.76598034859,2097152,2909,true,1
bf16,16,64,16,64,16384,warp32_fused,2,6,100,535.603218079,2686976,5.01672863288,2097152,2909,true,1
bf16,16,64,16,64,16384,baseline_transform,2,7,100,467.08480835,4194304,8.9797482706,2097152,2909,true,1
bf16,16,64,16,64,16384,optimized_transform,2,8,100,462.572784424,4194304,9.06733846269,2097152,2909,true,1
bf16,16,64,16,64,16384,optimized_split,3,0,100,904.870376587,6881280,7.60471353472,2097152,2909,true,1
bf16,16,64,16,64,16384,baseline_fused,3,1,100,566.847991943,2686976,4.74020555456,2097152,2909,true,1
bf16,16,64,16,64,16384,optimized_fused,3,2,100,476.038398743,2686976,5.64445222717,2097152,2909,true,1
bf16,16,64,16,64,16384,warp32_transform,3,3,100,338.809585571,4194304,12.3795316857,2097152,2909,true,1
bf16,16,64,16,64,16384,warp32_split,3,4,100,882.905578613,6881280,7.79390250406,2097152,2909,true,1
bf16,16,64,16,64,16384,warp32_fused,3,5,100,534.969596863,2686976,5.02267047652,2097152,2909,true,1
bf16,16,64,16,64,16384,baseline_transform,3,6,100,467.878417969,4194304,8.964516932,2097152,2909,true,1
bf16,16,64,16,64,16384,optimized_transform,3,7,100,462.067184448,4194304,9.0772600634,2097152,2909,true,1
bf16,16,64,16,64,16384,baseline_split,3,8,100,975.462417603,6881280,7.05437736588,2097152,2909,true,1
bf16,16,64,16,64,16384,baseline_fused,4,0,100,567.884788513,2686976,4.73155128355,2097152,2909,true,1
bf16,16,64,16,64,16384,optimized_fused,4,1,100,476.416015625,2686976,5.63997832121,2097152,2909,true,1
bf16,16,64,16,64,16384,warp32_transform,4,2,100,340.876808167,4194304,12.3044569167,2097152,2909,true,1
bf16,16,64,16,64,16384,warp32_split,4,3,100,896.480026245,6881280,7.67588769247,2097152,2909,true,1
bf16,16,64,16,64,16384,warp32_fused,4,4,100,534.592018127,2686976,5.02621795479,2097152,2909,true,1
bf16,16,64,16,64,16384,baseline_transform,4,5,100,470.937614441,4194304,8.90628370167,2097152,2909,true,1
bf16,16,64,16,64,16384,optimized_transform,4,6,100,461.926383972,4194304,9.0800269167,2097152,2909,true,1
bf16,16,64,16,64,16384,baseline_split,4,7,100,974.995193481,6881280,7.05775786999,2097152,2909,true,1
bf16,16,64,16,64,16384,optimized_split,4,8,100,905.459213257,6881280,7.59976805057,2097152,2909,true,1
bf16,1,1,1,128,1,baseline_transform,0,0,100,16.742399931,512,0.0305810398815,256,2909,true,1
bf16,1,1,1,128,1,optimized_transform,0,1,100,16.4287996292,512,0.0311647844977,256,2909,true,1
bf16,1,1,1,128,1,baseline_split,0,2,100,41.9263982773,836,0.0199397046813,256,2909,true,1
bf16,1,1,1,128,1,optimized_split,0,3,100,32.0384001732,836,0.0260936874339,256,2909,true,1
bf16,1,1,1,128,1,baseline_fused,0,4,100,28.3455991745,324,0.0114303457833,256,2909,true,1
bf16,1,1,1,128,1,optimized_fused,0,5,100,18.4767997265,324,0.017535504243,256,2909,true,1
bf16,1,1,1,128,1,warp32_transform,0,6,100,15.2831995487,512,0.0335008385101,256,2909,true,1
bf16,1,1,1,128,1,warp32_split,0,7,100,30.6240010262,836,0.02729884966,256,2909,true,1
bf16,1,1,1,128,1,warp32_fused,0,8,100,16.8063998222,324,0.0192783703486,256,2909,true,1
bf16,1,1,1,128,1,optimized_transform,1,0,100,16.3903999329,512,0.0312377978632,256,2909,true,1
bf16,1,1,1,128,1,baseline_split,1,1,100,41.9263982773,836,0.0199397046813,256,2909,true,1
bf16,1,1,1,128,1,optimized_split,1,2,100,32.063999176,836,0.0260728549614,256,2909,true,1
bf16,1,1,1,128,1,baseline_fused,1,3,100,28.28799963,324,0.0114536200593,256,2909,true,1
bf16,1,1,1,128,1,optimized_fused,1,4,100,18.4640002251,324,0.0175476600981,256,2909,true,1
bf16,1,1,1,128,1,warp32_transform,1,5,100,15.2768003941,512,0.03351487136,256,2909,true,1
bf16,1,1,1,128,1,warp32_split,1,6,100,30.7583999634,836,0.02717956724,256,2909,true,1
bf16,1,1,1,128,1,warp32_fused,1,7,100,16.7999994755,324,0.0192857148878,256,2909,true,1
bf16,1,1,1,128,1,baseline_transform,1,8,100,16.812800169,512,0.0304529878934,256,2909,true,1
bf16,1,1,1,128,1,baseline_split,2,0,100,41.9199991226,836,0.019942748509,256,2909,true,1
bf16,1,1,1,128,1,optimized_split,2,1,100,32.0512008667,836,0.0260832660678,256,2909,true,1
bf16,1,1,1,128,1,baseline_fused,2,2,100,28.3967995644,324,0.0114097364834,256,2909,true,1
bf16,1,1,1,128,1,optimized_fused,2,3,100,18.3487999439,324,0.0176578305388,256,2909,true,1
bf16,1,1,1,128,1,warp32_transform,2,4,100,15.2256000042,512,0.0336275746019,256,2909,true,1
bf16,1,1,1,128,1,warp32_split,2,5,100,30.4895997047,836,0.0274191858239,256,2909,true,1
bf16,1,1,1,128,1,warp32_fused,2,6,100,16.8895995617,324,0.0191834033019,256,2909,true,1
bf16,1,1,1,128,1,baseline_transform,2,7,100,16.6911995411,512,0.0306748474691,256,2909,true,1
bf16,1,1,1,128,1,optimized_transform,2,8,100,16.409599781,512,0.0312012484663,256,2909,true,1
bf16,1,1,1,128,1,optimized_split,3,0,100,32.0320010185,836,0.026098900269,256,2909,true,1
bf16,1,1,1,128,1,baseline_fused,3,1,100,28.4351992607,324,0.0113943284529,256,2909,true,1
bf16,1,1,1,128,1,optimized_fused,3,2,100,18.3423995972,324,0.0176639920139,256,2909,true,1
bf16,1,1,1,128,1,warp32_transform,3,3,100,15.1872003078,512,0.0337125994009,256,2909,true,1
bf16,1,1,1,128,1,warp32_split,3,4,100,30.4895997047,836,0.0274191858239,256,2909,true,1
bf16,1,1,1,128,1,warp32_fused,3,5,100,16.883200407,324,0.0191906742909,256,2909,true,1
bf16,1,1,1,128,1,baseline_transform,3,6,100,16.7232000828,512,0.0306161498676,256,2909,true,1
bf16,1,1,1,128,1,optimized_transform,3,7,100,16.3776004314,512,0.0312622109779,256,2909,true,1
bf16,1,1,1,128,1,baseline_split,3,8,100,41.9008016586,836,0.0199518855704,256,2909,true,1
bf16,1,1,1,128,1,baseline_fused,4,0,100,28.3455991745,324,0.0114303457833,256,2909,true,1
bf16,1,1,1,128,1,optimized_fused,4,1,100,18.4640002251,324,0.0175476600981,256,2909,true,1
bf16,1,1,1,128,1,warp32_transform,4,2,100,15.2704000473,512,0.0335289185885,256,2909,true,1
bf16,1,1,1,128,1,warp32_split,4,3,100,30.7520008087,836,0.0271852230104,256,2909,true,1
bf16,1,1,1,128,1,warp32_fused,4,4,100,16.7999994755,324,0.0192857148878,256,2909,true,1
bf16,1,1,1,128,1,baseline_transform,4,5,100,16.8255996704,512,0.0304298218209,256,2909,true,1
bf16,1,1,1,128,1,optimized_transform,4,6,100,16.3199996948,512,0.0313725496063,256,2909,true,1
bf16,1,1,1,128,1,baseline_split,4,7,100,41.9072008133,836,0.0199488389531,256,2909,true,1
bf16,1,1,1,128,1,optimized_split,4,8,100,32.063999176,836,0.0260728549614,256,2909,true,1
bf16,1,17,1,128,17,baseline_transform,0,0,100,18.796800375,8704,0.463057532472,4352,2909,true,1
bf16,1,17,1,128,17,optimized_transform,0,1,100,18.5023999214,8704,0.470425460317,4352,2909,true,1
bf16,1,17,1,128,17,baseline_split,0,2,100,45.2351999283,14212,0.314180108025,4352,2909,true,1
bf16,1,17,1,128,17,optimized_split,0,3,100,35.5776000023,14212,0.399464831779,4352,2909,true,1
bf16,1,17,1,128,17,baseline_fused,0,4,100,29.8559999466,5508,0.184485530877,4352,2909,true,1
bf16,1,17,1,128,17,optimized_fused,0,5,100,19.9424004555,5508,0.276195436567,4352,2909,true,1
bf16,1,17,1,128,17,warp32_transform,0,6,100,19.9424004555,8704,0.43645698618,4352,2909,true,1
bf16,1,17,1,128,17,warp32_split,0,7,100,37.1264004707,14212,0.382800374391,4352,2909,true,1
bf16,1,17,1,128,17,warp32_fused,0,8,100,18.9056003094,5508,0.291342243032,4352,2909,true,1
bf16,1,17,1,128,17,optimized_transform,1,0,100,18.5023999214,8704,0.470425460317,4352,2909,true,1
bf16,1,17,1,128,17,baseline_split,1,1,100,45.2031993866,14212,0.314402524442,4352,2909,true,1
bf16,1,17,1,128,17,optimized_split,1,2,100,35.7312011719,14212,0.397747613679,4352,2909,true,1
bf16,1,17,1,128,17,baseline_fused,1,3,100,29.8239994049,5508,0.18468348008,4352,2909,true,1
bf16,1,17,1,128,17,optimized_fused,1,4,100,19.9743998051,5508,0.275752966485,4352,2909,true,1
bf16,1,17,1,128,17,warp32_transform,1,5,100,19.9360001087,8704,0.436597108373,4352,2909,true,1
bf16,1,17,1,128,17,warp32_split,1,6,100,37.1392011642,14212,0.382668435359,4352,2909,true,1
bf16,1,17,1,128,17,warp32_fused,1,7,100,18.8991999626,5508,0.291440908128,4352,2909,true,1
bf16,1,17,1,128,17,baseline_transform,1,8,100,18.6751997471,8704,0.466072658814,4352,2909,true,1
bf16,1,17,1,128,17,baseline_split,2,0,100,45.1520013809,14212,0.314759026518,4352,2909,true,1
bf16,1,17,1,128,17,optimized_split,2,1,100,35.7312011719,14212,0.397747613679,4352,2909,true,1
bf16,1,17,1,128,17,baseline_fused,2,2,100,29.8496007919,5508,0.184525080868,4352,2909,true,1
bf16,1,17,1,128,17,optimized_fused,2,3,100,20.0512003899,5508,0.274696770912,4352,2909,true,1
bf16,1,17,1,128,17,warp32_transform,2,4,100,19.7695994377,8704,0.440271945186,4352,2909,true,1
bf16,1,17,1,128,17,warp32_split,2,5,100,37.0047998428,14212,0.384058285962,4352,2909,true,1
bf16,1,17,1,128,17,warp32_fused,2,6,100,18.7839996815,5508,0.293228284359,4352,2909,true,1
bf16,1,17,1,128,17,baseline_transform,2,7,100,18.7520003319,8704,0.464163814311,4352,2909,true,1
bf16,1,17,1,128,17,optimized_transform,2,8,100,18.5023999214,8704,0.470425460317,4352,2909,true,1
bf16,1,17,1,128,17,optimized_split,3,0,100,35.7119989395,14212,0.397961481352,4352,2909,true,1
bf16,1,17,1,128,17,baseline_fused,3,1,100,29.8304009438,5508,0.184643847409,4352,2909,true,1
bf16,1,17,1,128,17,optimized_fused,3,2,100,20.0512003899,5508,0.274696770912,4352,2909,true,1
bf16,1,17,1,128,17,warp32_transform,3,3,100,19.7632002831,8704,0.440414501464,4352,2909,true,1
bf16,1,17,1,128,17,warp32_split,3,4,100,37.0047998428,14212,0.384058285962,4352,2909,true,1
bf16,1,17,1,128,17,warp32_fused,3,5,100,18.796800375,5508,0.293028594767,4352,2909,true,1
bf16,1,17,1,128,17,baseline_transform,3,6,100,18.7583994865,8704,0.464005471589,4352,2909,true,1
bf16,1,17,1,128,17,optimized_transform,3,7,100,18.4959995747,8704,0.470588246116,4352,2909,true,1
bf16,1,17,1,128,17,baseline_split,3,8,100,45.1968002319,14212,0.314447038885,4352,2909,true,1
bf16,1,17,1,128,17,baseline_fused,4,0,100,29.8112010956,5508,0.184762766932,4352,2909,true,1
bf16,1,17,1,128,17,optimized_fused,4,1,100,19.9808001518,5508,0.275664635958,4352,2909,true,1
bf16,1,17,1,128,17,warp32_transform,4,2,100,19.8912000656,8704,0.437580436137,4352,2909,true,1
bf16,1,17,1,128,17,warp32_split,4,3,100,37.0047998428,14212,0.384058285962,4352,2909,true,1
bf16,1,17,1,128,17,warp32_fused,4,4,100,18.8864004612,5508,0.29163842053,4352,2909,true,1
bf16,1,17,1,128,17,baseline_transform,4,5,100,18.6751997471,8704,0.466072658814,4352,2909,true,1
bf16,1,17,1,128,17,optimized_transform,4,6,100,18.5471999645,8704,0.469289165839,4352,2909,true,1
bf16,1,17,1,128,17,baseline_split,4,7,100,45.1520013809,14212,0.314759026518,4352,2909,true,1
bf16,1,17,1,128,17,optimized_split,4,8,100,35.724799633,14212,0.397818886208,4352,2909,true,1
bf16,1,257,1,128,257,baseline_transform,0,0,100,42.9568004608,131584,3.06317040814,65792,2909,true,1
bf16,1,257,1,128,257,optimized_transform,0,1,100,42.6815986633,131584,3.08292107421,65792,2909,true,1
bf16,1,257,1,128,257,baseline_split,0,2,100,102.355203629,214852,2.09908233664,65792,2909,true,1
bf16,1,257,1,128,257,optimized_split,0,3,100,77.5744009018,214852,2.76962499874,65792,2909,true,1
bf16,1,257,1,128,257,baseline_fused,0,4,100,68.9919996262,83268,1.20692254828,65792,2909,true,1
bf16,1,257,1,128,257,optimized_fused,0,5,100,39.9808001518,83268,2.08269968795,65792,2909,true,1
bf16,1,257,1,128,257,warp32_transform,0,6,100,24.416000843,131584,5.3892527628,65792,2909,true,1
bf16,1,257,1,128,257,warp32_split,0,7,100,54.1951990128,214852,3.96441020448,65792,2909,true,1
bf16,1,257,1,128,257,warp32_fused,0,8,100,29.9711990356,83268,2.77826722584,65792,2909,true,1
bf16,1,257,1,128,257,optimized_transform,1,0,100,42.4191999435,131584,3.10199155512,65792,2909,true,1
bf16,1,257,1,128,257,baseline_split,1,1,100,102.867202759,214852,2.08863461082,65792,2909,true,1
bf16,1,257,1,128,257,optimized_split,1,2,100,77.8367996216,214852,2.76028820615,65792,2909,true,1
bf16,1,257,1,128,257,baseline_fused,1,3,100,69.0367984772,83268,1.20613936099,65792,2909,true,1
bf16,1,257,1,128,257,optimized_fused,1,4,100,39.9871993065,83268,2.08236639335,65792,2909,true,1
bf16,1,257,1,128,257,warp32_transform,1,5,100,24.4032001495,131584,5.39207969421,65792,2909,true,1
bf16,1,257,1,128,257,warp32_split,1,6,100,54.0607976913,214852,3.97426618132,65792,2909,true,1
bf16,1,257,1,128,257,warp32_fused,1,7,100,30.1695990562,83268,2.75999690433,65792,2909,true,1
bf16,1,257,1,128,257,baseline_transform,1,8,100,41.8688011169,131584,3.14276971133,65792,2909,true,1
bf16,1,257,1,128,257,baseline_split,2,0,100,102.259197235,214852,2.1010530672,65792,2909,true,1
bf16,1,257,1,128,257,optimized_split,2,1,100,76.8192005157,214852,2.79685285134,65792,2909,true,1
bf16,1,257,1,128,257,baseline_fused,2,2,100,68.9024019241,83268,1.20849197814,65792,2909,true,1
bf16,1,257,1,128,257,optimized_fused,2,3,100,39.6544003487,83268,2.09984262195,65792,2909,true,1
bf16,1,257,1,128,257,warp32_transform,2,4,100,25.4848003387,131584,5.16323448687,65792,2909,true,1
bf16,1,257,1,128,257,warp32_split,2,5,100,55.2831983566,214852,3.88638874716,65792,2909,true,1
bf16,1,257,1,128,257,warp32_fused,2,6,100,29.6512007713,83268,2.80825052052,65792,2909,true,1
bf16,1,257,1,128,257,baseline_transform,2,7,100,42.8287982941,131584,3.07232528675,65792,2909,true,1
bf16,1,257,1,128,257,optimized_transform,2,8,100,42.4575996399,131584,3.09918603774,65792,2909,true,1
bf16,1,257,1,128,257,optimized_split,3,0,100,76.7744016647,214852,2.79848485096,65792,2909,true,1
bf16,1,257,1,128,257,baseline_fused,3,1,100,68.9663982391,83268,1.20737057648,65792,2909,true,1
bf16,1,257,1,128,257,optimized_fused,3,2,100,39.8015999794,83268,2.09207670152,65792,2909,true,1
bf16,1,257,1,128,257,warp32_transform,3,3,100,25.644800663,131584,5.1310205811,65792,2909,true,1
bf16,1,257,1,128,257,warp32_split,3,4,100,55.9488010406,214852,3.84015378353,65792,2909,true,1
bf16,1,257,1,128,257,warp32_fused,3,5,100,29.2991995811,83268,2.84198890039,65792,2909,true,1
bf16,1,257,1,128,257,baseline_transform,3,6,100,42.9952001572,131584,3.06043464198,65792,2909,true,1
bf16,1,257,1,128,257,optimized_transform,3,7,100,42.2976016998,131584,3.110909241,65792,2909,true,1
bf16,1,257,1,128,257,baseline_split,3,8,100,102.745599747,214852,2.09110658296,65792,2909,true,1
bf16,1,257,1,128,257,baseline_fused,4,0,100,69.0751981735,83268,1.20546885426,65792,2909,true,1
bf16,1,257,1,128,257,optimized_fused,4,1,100,39.9359989166,83268,2.08503611425,65792,2909,true,1
bf16,1,257,1,128,257,warp32_transform,4,2,100,24.3519997597,131584,5.40341661049,65792,2909,true,1
bf16,1,257,1,128,257,warp32_split,4,3,100,54.1504001617,214852,3.96768997751,65792,2909,true,1
bf16,1,257,1,128,257,warp32_fused,4,4,100,30.0223994255,83268,2.77352915135,65792,2909,true,1
bf16,1,257,1,128,257,baseline_transform,4,5,100,41.9519996643,131584,3.13653701976,65792,2909,true,1
bf16,1,257,1,128,257,optimized_transform,4,6,100,43.2191991806,131584,3.04457284019,65792,2909,true,1
bf16,1,257,1,128,257,baseline_split,4,7,100,102.054395676,214852,2.10526943575,65792,2909,true,1
bf16,1,257,1,128,257,optimized_split,4,8,100,76.4096021652,214852,2.81184555228,65792,2909,true,1
bf16,4,64,16,128,4096,baseline_transform,0,0,100,234.470405579,2097152,8.94420767015,1048576,2909,true,1
bf16,4,64,16,128,4096,optimized_transform,0,1,100,228.038406372,2097152,9.19648594885,1048576,2909,true,1
bf16,4,64,16,128,4096,baseline_split,0,2,100,434.239997864,3424256,7.88563010512,1048576,2909,true,1
bf16,4,64,16,128,4096,optimized_split,0,3,100,392.998390198,3424256,8.71315528361,1048576,2909,true,1
bf16,4,64,16,128,4096,baseline_fused,0,4,100,211.411209106,1327104,6.27735873424,1048576,2909,true,1
bf16,4,64,16,128,4096,optimized_fused,0,5,100,177.632007599,1327104,7.47108597115,1048576,2909,true,1
bf16,4,64,16,128,4096,warp32_transform,0,6,100,137.459201813,2097152,15.2565413762,1048576,2909,true,1
bf16,4,64,16,128,4096,warp32_split,0,7,100,317.92640686,3424256,10.7705932131,1048576,2909,true,1
bf16,4,64,16,128,4096,warp32_fused,0,8,100,181.747207642,1327104,7.3019223636,1048576,2909,true,1
bf16,4,64,16,128,4096,optimized_transform,1,0,100,228.537597656,2097152,9.17639820103,1048576,2909,true,1
bf16,4,64,16,128,4096,baseline_split,1,1,100,432.774391174,3424256,7.9123350869,1048576,2909,true,1
bf16,4,64,16,128,4096,optimized_split,1,2,100,393.087997437,3424256,8.71116905713,1048576,2909,true,1
bf16,4,64,16,128,4096,baseline_fused,1,3,100,211.596794128,1327104,6.2718530565,1048576,2909,true,1
bf16,4,64,16,128,4096,optimized_fused,1,4,100,177.945594788,1327104,7.45791994224,1048576,2909,true,1
bf16,4,64,16,128,4096,warp32_transform,1,5,100,138.604803085,2097152,15.1304424761,1048576,2909,true,1
bf16,4,64,16,128,4096,warp32_split,1,6,100,320.326385498,3424256,10.6898967897,1048576,2909,true,1
bf16,4,64,16,128,4096,warp32_fused,1,7,100,181.516799927,1327104,7.3111910332,1048576,2909,true,1
bf16,4,64,16,128,4096,baseline_transform,1,8,100,234.790401459,2097152,8.93201760792,1048576,2909,true,1
bf16,4,64,16,128,4096,baseline_split,2,0,100,433.715209961,3424256,7.89517158116,1048576,2909,true,1
bf16,4,64,16,128,4096,optimized_split,2,1,100,393.830413818,3424256,8.69474748484,1048576,2909,true,1
bf16,4,64,16,128,4096,baseline_fused,2,2,100,211.430397034,1327104,6.27678904556,1048576,2909,true,1
bf16,4,64,16,128,4096,optimized_fused,2,3,100,176.652793884,1327104,7.51249935435,1048576,2909,true,1
bf16,4,64,16,128,4096,warp32_transform,2,4,100,138.816003799,2097152,15.107422362,1048576,2909,true,1
bf16,4,64,16,128,4096,warp32_split,2,5,100,321.459197998,3424256,10.6522259165,1048576,2909,true,1
bf16,4,64,16,128,4096,warp32_fused,2,6,100,181.132793427,1327104,7.32669095913,1048576,2909,true,1
bf16,4,64,16,128,4096,baseline_transform,2,7,100,234.617595673,2097152,8.93859641681,1048576,2909,true,1
bf16,4,64,16,128,4096,optimized_transform,2,8,100,228.307209015,2097152,9.18565825866,1048576,2909,true,1
bf16,4,64,16,128,4096,optimized_split,3,0,100,392.115211487,3424256,8.73278031479,1048576,2909,true,1
bf16,4,64,16,128,4096,baseline_fused,3,1,100,211.25120163,1327104,6.28211337859,1048576,2909,true,1
bf16,4,64,16,128,4096,optimized_fused,3,2,100,177.094402313,1327104,7.49376593876,1048576,2909,true,1
bf16,4,64,16,128,4096,warp32_transform,3,3,100,139.827203751,2097152,14.9981687665,1048576,2909,true,1
bf16,4,64,16,128,4096,warp32_split,3,4,100,320.851211548,3424256,10.6724110016,1048576,2909,true,1
bf16,4,64,16,128,4096,warp32_fused,3,5,100,181.715202332,1327104,7.30320844361,1048576,2909,true,1
bf16,4,64,16,128,4096,baseline_transform,3,6,100,234.291191101,2097152,8.95104929103,1048576,2909,true,1
bf16,4,64,16,128,4096,optimized_transform,3,7,100,228.588790894,2097152,9.17434311544,1048576,2909,true,1
bf16,4,64,16,128,4096,baseline_split,3,8,100,430.96321106,3424256,7.94558772565,1048576,2909,true,1
bf16,4,64,16,128,4096,baseline_fused,4,0,100,211.814403534,1327104,6.26540961265,1048576,2909,true,1
bf16,4,64,16,128,4096,optimized_fused,4,1,100,177.849597931,1327104,7.46194546088,1048576,2909,true,1
bf16,4,64,16,128,4096,warp32_transform,4,2,100,137.766399384,2097152,15.2225216699,1048576,2909,true,1
bf16,4,64,16,128,4096,warp32_split,4,3,100,318.367996216,3424256,10.7556539624,1048576,2909,true,1
bf16,4,64,16,128,4096,warp32_fused,4,4,100,182.790393829,1327104,7.26025023634,1048576,2909,true,1
bf16,4,64,16,128,4096,baseline_transform,4,5,100,235.756797791,2097152,8.89540416079,1048576,2909,true,1
bf16,4,64,16,128,4096,optimized_transform,4,6,100,228.031997681,2097152,9.19674441013,1048576,2909,true,1
bf16,4,64,16,128,4096,baseline_split,4,7,100,433.676795959,3424256,7.89587091563,1048576,2909,true,1
bf16,4,64,16,128,4096,optimized_split,4,8,100,393.548812866,3424256,8.70096894731,1048576,2909,true,1
bf16,16,64,16,128,16384,baseline_transform,0,0,100,833.343963623,8388608,10.066201192,4194304,2909,true,1
bf16,16,64,16,128,16384,optimized_transform,0,1,100,867.264022827,8388608,9.67249624014,4194304,2909,true,1
bf16,16,64,16,128,16384,baseline_split,0,2,100,1547.37915039,13697024,8.85175685387,4194304,2909,true,1
bf16,16,64,16,128,16384,optimized_split,0,3,100,1459.94247437,13697024,9.38189294476,4194304,2909,true,1
bf16,16,64,16,128,16384,baseline_fused,0,4,100,736.166381836,5308416,7.21089162855,4194304,2909,true,1
bf16,16,64,16,128,16384,optimized_fused,0,5,100,649.708786011,5308416,8.17045438556,4194304,2909,true,1
bf16,16,64,16,128,16384,warp32_transform,0,6,100,528.88961792,8388608,15.8607915825,4194304,2909,true,1
bf16,16,64,16,128,16384,warp32_split,0,7,100,1203.27041626,13697024,11.3831635972,4194304,2909,true,1
bf16,16,64,16,128,16384,warp32_fused,0,8,100,683.871994019,5308416,7.76229476632,4194304,2909,true,1
bf16,16,64,16,128,16384,optimized_transform,1,0,100,865.670394897,8388608,9.69030250941,4194304,2909,true,1
bf16,16,64,16,128,16384,baseline_split,1,1,100,1548.63998413,13697024,8.84455014746,4194304,2909,true,1
bf16,16,64,16,128,16384,optimized_split,1,2,100,1459.97436523,13697024,9.3816880119,4194304,2909,true,1
bf16,16,64,16,128,16384,baseline_fused,1,3,100,736.294403076,5308416,7.20963785386,4194304,2909,true,1
bf16,16,64,16,128,16384,optimized_fused,1,4,100,647.62878418,5308416,8.19669559117,4194304,2909,true,1
bf16,16,64,16,128,16384,warp32_transform,1,5,100,529.56161499,8388608,15.8406647358,4194304,2909,true,1
bf16,16,64,16,128,16384,warp32_split,1,6,100,1202.77122498,13697024,11.3878880003,4194304,2909,true,1
bf16,16,64,16,128,16384,warp32_fused,1,7,100,682.828826904,5308416,7.7741533322,4194304,2909,true,1
bf16,16,64,16,128,16384,baseline_transform,1,8,100,832.627182007,8388608,10.0748668567,4194304,2909,true,1
bf16,16,64,16,128,16384,baseline_split,2,0,100,1548.5824585,13697024,8.84487869849,4194304,2909,true,1
bf16,16,64,16,128,16384,optimized_split,2,1,100,1461.38885498,13697024,9.37260740242,4194304,2909,true,1
bf16,16,64,16,128,16384,baseline_fused,2,2,100,736.5184021,5308416,7.20744517023,4194304,2909,true,1
bf16,16,64,16,128,16384,optimized_fused,2,3,100,647.462387085,5308416,8.19880213258,4194304,2909,true,1
bf16,16,64,16,128,16384,warp32_transform,2,4,100,528.42880249,8388608,15.8746229586,4194304,2909,true,1
bf16,16,64,16,128,16384,warp32_split,2,5,100,1203.23196411,13697024,11.3835273734,4194304,2909,true,1
bf16,16,64,16,128,16384,warp32_fused,2,6,100,682.150421143,5308416,7.78188480938,4194304,2909,true,1
bf16,16,64,16,128,16384,baseline_transform,2,7,100,831.795196533,8388608,10.0849440282,4194304,2909,true,1
bf16,16,64,16,128,16384,optimized_transform,2,8,100,866.457595825,8388608,9.68149859891,4194304,2909,true,1
bf16,16,64,16,128,16384,optimized_split,3,0,100,1460.15365601,13697024,9.38053604404,4194304,2909,true,1
bf16,16,64,16,128,16384,baseline_fused,3,1,100,736.128005981,5308416,7.21126754704,4194304,2909,true,1
bf16,16,64,16,128,16384,optimized_fused,3,2,100,648.544006348,5308416,8.18512845396,4194304,2909,true,1
bf16,16,64,16,128,16384,warp32_transform,3,3,100,531.27040863,8388608,15.7897143596,4194304,2909,true,1
bf16,16,64,16,128,16384,warp32_split,3,4,100,1204.58877563,13697024,11.3707053204,4194304,2909,true,1
bf16,16,64,16,128,16384,warp32_fused,3,5,100,681.164779663,5308416,7.79314515149,4194304,2909,true,1
bf16,16,64,16,128,16384,baseline_transform,3,6,100,831.360015869,8388608,10.090223056,4194304,2909,true,1
bf16,16,64,16,128,16384,optimized_transform,3,7,100,867.379226685,8388608,9.67121155537,4194304,2909,true,1
bf16,16,64,16,128,16384,baseline_split,3,8,100,1545.87524414,13697024,8.86036829422,4194304,2909,true,1
bf16,16,64,16,128,16384,baseline_fused,4,0,100,735.673599243,5308416,7.21572176229,4194304,2909,true,1
bf16,16,64,16,128,16384,optimized_fused,4,1,100,648.921585083,5308416,8.18036589016,4194304,2909,true,1
bf16,16,64,16,128,16384,warp32_transform,4,2,100,530.611190796,8388608,15.8093310988,4194304,2909,true,1
bf16,16,64,16,128,16384,warp32_split,4,3,100,1201.67678833,13697024,11.3982596094,4194304,2909,true,1
bf16,16,64,16,128,16384,warp32_fused,4,4,100,685.324783325,5308416,7.74583982538,4194304,2909,true,1
bf16,16,64,16,128,16384,baseline_transform,4,5,100,832.63999939,8388608,10.0747117676,4194304,2909,true,1
bf16,16,64,16,128,16384,optimized_transform,4,6,100,865.856018066,8388608,9.68822509166,4194304,2909,true,1
bf16,16,64,16,128,16384,baseline_split,4,7,100,1547.9359436,13697024,8.84857287319,4194304,2909,true,1
bf16,16,64,16,128,16384,optimized_split,4,8,100,1460.58883667,13697024,9.37774112476,4194304,2909,true,1
bf16,1,1,1,256,1,baseline_transform,0,0,100,18.4704005718,1024,0.0554400537237,512,2909,true,1
bf16,1,1,1,256,1,optimized_transform,0,1,100,17.7408003807,1024,0.0577200564814,512,2909,true,1
bf16,1,1,1,256,1,baseline_split,0,2,100,54.7904014587,1668,0.0304432885248,512,2909,true,1
bf16,1,1,1,256,1,optimized_split,0,3,100,33.8175988197,1668,0.0493234309417,512,2909,true,1
bf16,1,1,1,256,1,baseline_fused,0,4,100,40.1664018631,644,0.0160333007222,512,2909,true,1
bf16,1,1,1,256,1,optimized_fused,0,5,100,19.1872000694,644,0.0335640425737,512,2909,true,1
bf16,1,1,1,256,1,warp32_transform,0,6,100,15.7824003696,1024,0.0648823991292,512,2909,true,1
bf16,1,1,1,256,1,warp32_split,0,7,100,33.7856006622,1668,0.0493701448933,512,2909,true,1
bf16,1,1,1,256,1,warp32_fused,0,8,100,19.8528003693,644,0.0324387485907,512,2909,true,1
bf16,1,1,1,256,1,optimized_transform,1,0,100,17.6960003376,1024,0.0578661833445,512,2909,true,1
bf16,1,1,1,256,1,baseline_split,1,1,100,54.7904014587,1668,0.0304432885248,512,2909,true,1
bf16,1,1,1,256,1,optimized_split,1,2,100,33.8175988197,1668,0.0493234309417,512,2909,true,1
bf16,1,1,1,256,1,baseline_fused,1,3,100,40.1664018631,644,0.0160333007222,512,2909,true,1
bf16,1,1,1,256,1,optimized_fused,1,4,100,19.1680002213,644,0.0335976623835,512,2909,true,1
bf16,1,1,1,256,1,warp32_transform,1,5,100,15.7824003696,1024,0.0648823991292,512,2909,true,1
bf16,1,1,1,256,1,warp32_split,1,6,100,33.7791991234,1668,0.049379501092,512,2909,true,1
bf16,1,1,1,256,1,warp32_fused,1,7,100,19.8272001743,644,0.0324806323806,512,2909,true,1
bf16,1,1,1,256,1,baseline_transform,1,8,100,18.5151994228,1024,0.0553059125432,512,2909,true,1
bf16,1,1,1,256,1,baseline_split,2,0,100,54.7520017624,1668,0.0304646395805,512,2909,true,1
bf16,1,1,1,256,1,optimized_split,2,1,100,33.8175988197,1668,0.0493234309417,512,2909,true,1
bf16,1,1,1,256,1,baseline_fused,2,2,100,40.2559995651,644,0.0159976154351,512,2909,true,1
bf16,1,1,1,256,1,optimized_fused,2,3,100,19.078400135,644,0.0337554509519,512,2909,true,1
bf16,1,1,1,256,1,warp32_transform,2,4,100,15.8847999573,1024,0.0644641419945,512,2909,true,1
bf16,1,1,1,256,1,warp32_split,2,5,100,33.7856006622,1668,0.0493701448933,512,2909,true,1
bf16,1,1,1,256,1,warp32_fused,2,6,100,19.929599762,644,0.0323137447662,512,2909,true,1
bf16,1,1,1,256,1,baseline_transform,2,7,100,18.4704005718,1024,0.0554400537237,512,2909,true,1
bf16,1,1,1,256,1,optimized_transform,2,8,100,17.6895999908,1024,0.0578871201457,512,2909,true,1
bf16,1,1,1,256,1,optimized_split,3,0,100,33.8111996651,1668,0.0493327659628,512,2909,true,1
bf16,1,1,1,256,1,baseline_fused,3,1,100,40.2432012558,644,0.016002703063,512,2909,true,1
bf16,1,1,1,256,1,optimized_fused,3,2,100,19.0463995934,644,0.0338121647004,512,2909,true,1
bf16,1,1,1,256,1,warp32_transform,3,3,100,15.8847999573,1024,0.0644641419945,512,2909,true,1
bf16,1,1,1,256,1,warp32_split,3,4,100,33.7856006622,1668,0.0493701448933,512,2909,true,1
bf16,1,1,1,256,1,warp32_fused,3,5,100,19.8912000656,644,0.0323761260193,512,2909,true,1
bf16,1,1,1,256,1,baseline_transform,3,6,100,18.4575998783,1024,0.0554785024462,512,2909,true,1
bf16,1,1,1,256,1,optimized_transform,3,7,100,17.6895999908,1024,0.0578871201457,512,2909,true,1
bf16,1,1,1,256,1,baseline_split,3,8,100,54.7904014587,1668,0.0304432885248,512,2909,true,1
bf16,1,1,1,256,1,baseline_fused,4,0,100,40.1664018631,644,0.0160333007222,512,2909,true,1
bf16,1,1,1,256,1,optimized_fused,4,1,100,19.174400568,644,0.0335864476032,512,2909,true,1
bf16,1,1,1,256,1,warp32_transform,4,2,100,15.8335995674,1024,0.0646725967548,512,2909,true,1
bf16,1,1,1,256,1,warp32_split,4,3,100,33.9264011383,1668,0.0491652501897,512,2909,true,1
bf16,1,1,1,256,1,warp32_fused,4,4,100,19.8591995239,644,0.0324282959756,512,2909,true,1
bf16,1,1,1,256,1,baseline_transform,4,5,100,18.5215997696,1024,0.0552868009642,512,2909,true,1
bf16,1,1,1,256,1,optimized_transform,4,6,100,17.6191997528,1024,0.0581184170885,512,2909,true,1
bf16,1,1,1,256,1,baseline_split,4,7,100,54.7584009171,1668,0.0304610794338,512,2909,true,1
bf16,1,1,1,256,1,optimized_split,4,8,100,33.8048005104,1668,0.0493421045182,512,2909,true,1
bf16,1,17,1,256,17,baseline_transform,0,0,100,20.1855993271,17408,0.862396984995,8704,2909,true,1
bf16,1,17,1,256,17,optimized_transform,0,1,100,19.6352005005,17408,0.886571033464,8704,2909,true,1
bf16,1,17,1,256,17,baseline_split,0,2,100,57.4079990387,28356,0.493938135361,8704,2909,true,1
bf16,1,17,1,256,17,optimized_split,0,3,100,37.1648001671,28356,0.762980020679,8704,2909,true,1
bf16,1,17,1,256,17,baseline_fused,0,4,100,41.254401207,10948,0.265377745882,8704,2909,true,1
bf16,1,17,1,256,17,optimized_fused,0,5,100,20.3968000412,10948,0.536750861796,8704,2909,true,1
bf16,1,17,1,256,17,warp32_transform,0,6,100,22.40639925,17408,0.776920905753,8704,2909,true,1
bf16,1,17,1,256,17,warp32_split,0,7,100,44.057598114,28356,0.643612026389,8704,2909,true,1
bf16,1,17,1,256,17,warp32_fused,0,8,100,24.0447998047,10948,0.45531674578,8704,2909,true,1
bf16,1,17,1,256,17,optimized_transform,1,0,100,19.6671998501,17408,0.885128545634,8704,2909,true,1
bf16,1,17,1,256,17,baseline_split,1,1,100,57.3952007294,28356,0.494048276505,8704,2909,true,1
bf16,1,17,1,256,17,optimized_split,1,2,100,37.1584010124,28356,0.763111415653,8704,2909,true,1
bf16,1,17,1,256,17,baseline_fused,1,3,100,41.2351989746,10948,0.265501325863,8704,2909,true,1
bf16,1,17,1,256,17,optimized_fused,1,4,100,20.3839993477,10948,0.537087929275,8704,2909,true,1
bf16,1,17,1,256,17,warp32_transform,1,5,100,22.4128007889,17408,0.776699001788,8704,2909,true,1
bf16,1,17,1,256,17,warp32_split,1,6,100,44.057598114,28356,0.643612026389,8704,2909,true,1
bf16,1,17,1,256,17,warp32_fused,1,7,100,24.03840065,10948,0.455437953606,8704,2909,true,1
bf16,1,17,1,256,17,baseline_transform,1,8,100,20.0575995445,17408,0.867900466422,8704,2909,true,1
bf16,1,17,1,256,17,baseline_split,2,0,100,57.3695993423,28356,0.494268747299,8704,2909,true,1
bf16,1,17,1,256,17,optimized_split,2,1,100,37.0560002327,28356,0.765220202449,8704,2909,true,1
bf16,1,17,1,256,17,baseline_fused,2,2,100,41.2224006653,10948,0.265583755999,8704,2909,true,1
bf16,1,17,1,256,17,optimized_fused,2,3,100,20.4096007347,10948,0.536414217128,8704,2909,true,1
bf16,1,17,1,256,17,warp32_transform,2,4,100,22.3295998573,17408,0.779593011573,8704,2909,true,1
bf16,1,17,1,256,17,warp32_split,2,5,100,44.03840065,28356,0.643892593315,8704,2909,true,1
bf16,1,17,1,256,17,warp32_fused,2,6,100,23.9168000221,10948,0.457753545201,8704,2909,true,1
bf16,1,17,1,256,17,baseline_transform,2,7,100,20.1343989372,17408,0.864590001136,8704,2909,true,1
bf16,1,17,1,256,17,optimized_transform,2,8,100,19.6607995033,17408,0.885416689034,8704,2909,true,1
bf16,1,17,1,256,17,optimized_split,3,0,100,37.0431995392,28356,0.765484632881,8704,2909,true,1
bf16,1,17,1,256,17,baseline_fused,3,1,100,41.2160015106,10948,0.265624990264,8704,2909,true,1
bf16,1,17,1,256,17,optimized_fused,3,2,100,20.4288005829,10948,0.535910072428,8704,2909,true,1
bf16,1,17,1,256,17,warp32_transform,3,3,100,22.3295998573,17408,0.779593011573,8704,2909,true,1
bf16,1,17,1,256,17,warp32_split,3,4,100,44.2687988281,28356,0.640541436647,8704,2909,true,1
bf16,1,17,1,256,17,warp32_fused,3,5,100,23.9104008675,10948,0.457876054052,8704,2909,true,1
bf16,1,17,1,256,17,baseline_transform,3,6,100,20.1600003242,17408,0.863492049604,8704,2909,true,1
bf16,1,17,1,256,17,optimized_transform,3,7,100,19.5775997639,17408,0.88917948114,8704,2909,true,1
bf16,1,17,1,256,17,baseline_split,3,8,100,57.4208021164,28356,0.493828002307,8704,2909,true,1
bf16,1,17,1,256,17,baseline_fused,4,0,100,41.2671995163,10948,0.265295443556,8704,2909,true,1
bf16,1,17,1,256,17,optimized_fused,4,1,100,20.3904008865,10948,0.536919311245,8704,2909,true,1
bf16,1,17,1,256,17,warp32_transform,4,2,100,22.4512004852,17408,0.77537056477,8704,2909,true,1
bf16,1,17,1,256,17,warp32_split,4,3,100,44.2432022095,28356,0.640912017755,8704,2909,true,1
bf16,1,17,1,256,17,warp32_fused,4,4,100,24.0255999565,10948,0.455680608177,8704,2909,true,1
bf16,1,17,1,256,17,baseline_transform,4,5,100,20.070400238,17408,0.867346928489,8704,2909,true,1
bf16,1,17,1,256,17,optimized_transform,4,6,100,19.7759997845,17408,0.88025890927,8704,2909,true,1
bf16,1,17,1,256,17,baseline_split,4,7,100,57.3632001877,28356,0.494323885474,8704,2909,true,1
bf16,1,17,1,256,17,optimized_split,4,8,100,37.0560002327,28356,0.765220202449,8704,2909,true,1
bf16,1,257,1,256,257,baseline_transform,0,0,100,51.360001564,263168,5.1239873829,131584,2909,true,1
bf16,1,257,1,256,257,optimized_transform,0,1,100,52.3712015152,263168,5.02505179156,131584,2909,true,1
bf16,1,257,1,256,257,baseline_split,0,2,100,152.006397247,428676,2.82011815136,131584,2909,true,1
bf16,1,257,1,256,257,optimized_split,0,3,100,90.8288002014,428676,4.7196043441,131584,2909,true,1
bf16,1,257,1,256,257,baseline_fused,0,4,100,110.643196106,165508,1.49587146634,131584,2909,true,1
bf16,1,257,1,256,257,optimized_fused,0,5,100,46.7712020874,165508,3.53867321372,131584,2909,true,1
bf16,1,257,1,256,257,warp32_transform,0,6,100,36.8319988251,263168,7.14509145295,131584,2909,true,1
bf16,1,257,1,256,257,warp32_split,0,7,100,74.8095989227,428676,5.73022721914,131584,2909,true,1
bf16,1,257,1,256,257,warp32_fused,0,8,100,37.1135997772,165508,4.45949735389,131584,2909,true,1
bf16,1,257,1,256,257,optimized_transform,1,0,100,52.3392009735,263168,5.02812414223,131584,2909,true,1
bf16,1,257,1,256,257,baseline_split,1,1,100,152.134399414,428676,2.81774537285,131584,2909,true,1
bf16,1,257,1,256,257,optimized_split,1,2,100,91.0079956055,428676,4.71031140888,131584,2909,true,1
bf16,1,257,1,256,257,baseline_fused,1,3,100,110.553598404,165508,1.49708378913,131584,2909,true,1
bf16,1,257,1,256,257,optimized_fused,1,4,100,46.8160009384,165508,3.53528701048,131584,2909,true,1
bf16,1,257,1,256,257,warp32_transform,1,5,100,36.6400003433,263168,7.18253268379,131584,2909,true,1
bf16,1,257,1,256,257,warp32_split,1,6,100,74.4063997269,428676,5.76127862084,131584,2909,true,1
bf16,1,257,1,256,257,warp32_fused,1,7,100,36.8576002121,165508,4.49047141017,131584,2909,true,1
bf16,1,257,1,256,257,baseline_transform,1,8,100,52.5248003006,263168,5.01035698363,131584,2909,true,1
bf16,1,257,1,256,257,baseline_split,2,0,100,156.185598373,428676,2.74465766668,131584,2909,true,1
bf16,1,257,1,256,257,optimized_split,2,1,100,89.6448040009,428676,4.78193917403,131584,2909,true,1
bf16,1,257,1,256,257,baseline_fused,2,2,100,110.355195999,165508,1.4997753255,131584,2909,true,1
bf16,1,257,1,256,257,optimized_fused,2,3,100,46.4703989029,165508,3.5615790677,131584,2909,true,1
bf16,1,257,1,256,257,warp32_transform,2,4,100,36.4863991737,263168,7.21276985287,131584,2909,true,1
bf16,1,257,1,256,257,warp32_split,2,5,100,74.7648000717,428676,5.73366075464,131584,2909,true,1
bf16,1,257,1,256,257,warp32_fused,2,6,100,36.8768000603,165508,4.48813345327,131584,2909,true,1
bf16,1,257,1,256,257,baseline_transform,2,7,100,51.0207986832,263168,5.15805331928,131584,2909,true,1
bf16,1,257,1,256,257,optimized_transform,2,8,100,52.6143980026,263168,5.00182478543,131584,2909,true,1
bf16,1,257,1,256,257,optimized_split,3,0,100,89.9775981903,428676,4.76425253198,131584,2909,true,1
bf16,1,257,1,256,257,baseline_fused,3,1,100,110.656003952,165508,1.49569832715,131584,2909,true,1
bf16,1,257,1,256,257,optimized_fused,3,2,100,46.6879987717,165508,3.54497953124,131584,2909,true,1
bf16,1,257,1,256,257,warp32_transform,3,3,100,36.7359995842,263168,7.16376314729,131584,2909,true,1
bf16,1,257,1,256,257,warp32_split,3,4,100,74.2208003998,428676,5.77568549101,131584,2909,true,1
bf16,1,257,1,256,257,warp32_fused,3,5,100,37.3887991905,165508,4.42667332419,131584,2909,true,1
bf16,1,257,1,256,257,baseline_transform,3,6,100,51.5072011948,263168,5.10934381787,131584,2909,true,1
bf16,1,257,1,256,257,optimized_transform,3,7,100,52.5375986099,263168,5.00913644634,131584,2909,true,1
bf16,1,257,1,256,257,baseline_split,3,8,100,152.59519577,428676,2.8092365414,131584,2909,true,1
bf16,1,257,1,256,257,baseline_fused,4,0,100,110.553598404,165508,1.49708378913,131584,2909,true,1
bf16,1,257,1,256,257,optimized_fused,4,1,100,46.8864011765,165508,3.52997875391,131584,2909,true,1
bf16,1,257,1,256,257,warp32_transform,4,2,100,36.6271996498,263168,7.18504287841,131584,2909,true,1
bf16,1,257,1,256,257,warp32_split,4,3,100,74.4511985779,428676,5.7578119384,131584,2909,true,1
bf16,1,257,1,256,257,warp32_fused,4,4,100,36.9408011436,165508,4.4803576229,131584,2909,true,1
bf16,1,257,1,256,257,baseline_transform,4,5,100,52.1280002594,263168,5.0484959847,131584,2909,true,1
bf16,1,257,1,256,257,optimized_transform,4,6,100,52.8512001038,263168,4.9794138919,131584,2909,true,1
bf16,1,257,1,256,257,baseline_split,4,7,100,156.038398743,428676,2.74724685369,131584,2909,true,1
bf16,1,257,1,256,257,optimized_split,4,8,100,89.6191978455,428676,4.78330547813,131584,2909,true,1
bf16,4,64,16,256,4096,baseline_transform,0,0,100,446.815986633,4194304,9.38709474476,2097152,2909,true,1
bf16,4,64,16,256,4096,optimized_transform,0,1,100,393.791999817,4194304,10.6510645263,2097152,2909,true,1
bf16,4,64,16,256,4096,baseline_split,0,2,100,1106.70722961,6832128,6.17338336389,2097152,2909,true,1
bf16,4,64,16,256,4096,optimized_split,0,3,100,712.083206177,6832128,9.59456414747,2097152,2909,true,1
bf16,4,64,16,256,4096,baseline_fused,0,4,100,656.72958374,2637824,4.01660602067,2097152,2909,true,1
bf16,4,64,16,256,4096,optimized_fused,0,5,100,355.232009888,2637824,7.42563712328,2097152,2909,true,1
bf16,4,64,16,256,4096,warp32_transform,0,6,100,229.772796631,4194304,18.2541365275,2097152,2909,true,1
bf16,4,64,16,256,4096,warp32_split,0,7,100,573.055992126,6832128,11.9222695406,2097152,2909,true,1
bf16,4,64,16,256,4096,warp32_fused,0,8,100,357.631988525,2637824,7.37580553372,2097152,2909,true,1
bf16,4,64,16,256,4096,optimized_transform,1,0,100,393.369598389,4194304,10.6625016706,2097152,2909,true,1
bf16,4,64,16,256,4096,baseline_split,1,1,100,1106.92481995,6832128,6.1721698501,2097152,2909,true,1
bf16,4,64,16,256,4096,optimized_split,1,2,100,711.712036133,6832128,9.59956787737,2097152,2909,true,1
bf16,4,64,16,256,4096,baseline_fused,1,3,100,658.444824219,2637824,4.00614281254,2097152,2909,true,1
bf16,4,64,16,256,4096,optimized_fused,1,4,100,354.905586243,2637824,7.43246683696,2097152,2909,true,1
bf16,4,64,16,256,4096,warp32_transform,1,5,100,229.062404633,4194304,18.3107481419,2097152,2909,true,1
bf16,4,64,16,256,4096,warp32_split,1,6,100,571.968002319,6832128,11.9449479207,2097152,2909,true,1
bf16,4,64,16,256,4096,warp32_fused,1,7,100,355.526390076,2637824,7.41948860516,2097152,2909,true,1
bf16,4,64,16,256,4096,baseline_transform,1,8,100,447.878417969,4194304,9.36482722035,2097152,2909,true,1
bf16,4,64,16,256,4096,baseline_split,2,0,100,1106.11198425,6832128,6.17670552102,2097152,2909,true,1
bf16,4,64,16,256,4096,optimized_split,2,1,100,711.609573364,6832128,9.6009500936,2097152,2909,true,1
bf16,4,64,16,256,4096,baseline_fused,2,2,100,656.742401123,2637824,4.01652763015,2097152,2909,true,1
bf16,4,64,16,256,4096,optimized_fused,2,3,100,352.396812439,2637824,7.48537985274,2097152,2909,true,1
bf16,4,64,16,256,4096,warp32_transform,2,4,100,229.132804871,4194304,18.3051222297,2097152,2909,true,1
bf16,4,64,16,256,4096,warp32_split,2,5,100,572.825584412,6832128,11.9270650368,2097152,2909,true,1
bf16,4,64,16,256,4096,warp32_fused,2,6,100,355.910415649,2637824,7.41148301374,2097152,2909,true,1
bf16,4,64,16,256,4096,baseline_transform,2,7,100,446.496009827,4194304,9.39382191036,2097152,2909,true,1
bf16,4,64,16,256,4096,optimized_transform,2,8,100,395.238418579,4194304,10.6120857762,2097152,2909,true,1
bf16,4,64,16,256,4096,optimized_split,3,0,100,714.438400269,6832128,9.56293502341,2097152,2909,true,1
bf16,4,64,16,256,4096,baseline_fused,3,1,100,658.003234863,2637824,4.00883135559,2097152,2909,true,1
bf16,4,64,16,256,4096,optimized_fused,3,2,100,355.135993958,2637824,7.42764474703,2097152,2909,true,1
bf16,4,64,16,256,4096,warp32_transform,3,3,100,229.420795441,4194304,18.2821439179,2097152,2909,true,1
bf16,4,64,16,256,4096,warp32_split,3,4,100,571.449584961,6832128,11.9557843418,2097152,2909,true,1
bf16,4,64,16,256,4096,warp32_fused,3,5,100,355.910415649,2637824,7.41148301374,2097152,2909,true,1
bf16,4,64,16,256,4096,baseline_transform,3,6,100,447.270393372,4194304,9.37755787586,2097152,2909,true,1
bf16,4,64,16,256,4096,optimized_transform,3,7,100,396.076812744,4194304,10.5896226819,2097152,2909,true,1
bf16,4,64,16,256,4096,baseline_split,3,8,100,1106.57920837,6832128,6.1740975687,2097152,2909,true,1
bf16,4,64,16,256,4096,baseline_fused,4,0,100,655.699234009,2637824,4.02291761708,2097152,2909,true,1
bf16,4,64,16,256,4096,optimized_fused,4,1,100,355.884819031,2637824,7.41201607639,2097152,2909,true,1
bf16,4,64,16,256,4096,warp32_transform,4,2,100,228.588790894,4194304,18.3486862309,2097152,2909,true,1
bf16,4,64,16,256,4096,warp32_split,4,3,100,573.273582458,6832128,11.9177443529,2097152,2909,true,1
bf16,4,64,16,256,4096,warp32_fused,4,4,100,356.921615601,2637824,7.39048543071,2097152,2909,true,1
bf16,4,64,16,256,4096,baseline_transform,4,5,100,446.777610779,4194304,9.38790104699,2097152,2909,true,1
bf16,4,64,16,256,4096,optimized_transform,4,6,100,394.092788696,4194304,10.6429351673,2097152,2909,true,1
bf16,4,64,16,256,4096,baseline_split,4,7,100,1108.38401794,6832128,6.16404413036,2097152,2909,true,1
bf16,4,64,16,256,4096,optimized_split,4,8,100,712.947235107,6832128,9.58293638515,2097152,2909,true,1
bf16,16,64,16,256,16384,baseline_transform,0,0,100,1693.43994141,16777216,9.90718099283,8388608,2909,true,1
bf16,16,64,16,256,16384,optimized_transform,0,1,100,1482.32955933,16777216,11.318141701,8388608,2909,true,1
bf16,16,64,16,256,16384,baseline_split,0,2,100,3957.87506104,27328512,6.90484453869,8388608,2909,true,1
bf16,16,64,16,256,16384,optimized_split,0,3,100,2078.60473633,27328512,13.1475270514,8388608,2909,true,1
bf16,16,64,16,256,16384,baseline_fused,0,4,100,2377.42721558,10551296,4.4381152579,8388608,2909,true,1
bf16,16,64,16,256,16384,optimized_fused,0,5,100,739.142379761,10551296,14.2750521265,8388608,2909,true,1
bf16,16,64,16,256,16384,warp32_transform,0,6,100,865.593566895,16777216,19.3823251947,8388608,2909,true,1
bf16,16,64,16,256,16384,warp32_split,0,7,100,2220.46722412,27328512,12.3075502773,8388608,2909,true,1
bf16,16,64,16,256,16384,warp32_fused,0,8,100,1362.8288269,10551296,7.74220194914,8388608,2909,true,1
bf16,16,64,16,256,16384,optimized_transform,1,0,100,1478.88000488,16777216,11.344541778,8388608,2909,true,1
bf16,16,64,16,256,16384,baseline_split,1,1,100,3949.5614624,27328512,6.91937883741,8388608,2909,true,1
bf16,16,64,16,256,16384,optimized_split,1,2,100,2078.15032959,27328512,13.1504018794,8388608,2909,true,1
bf16,16,64,16,256,16384,baseline_fused,1,3,100,2376.99203491,10551296,4.43892778984,8388608,2909,true,1
bf16,16,64,16,256,16384,optimized_fused,1,4,100,738.432006836,10551296,14.2887847525,8388608,2909,true,1
bf16,16,64,16,256,16384,warp32_transform,1,5,100,864.991989136,16777216,19.3958050603,8388608,2909,true,1
bf16,16,64,16,256,16384,warp32_split,1,6,100,2221.57440186,27328512,12.3014164987,8388608,2909,true,1
bf16,16,64,16,256,16384,warp32_fused,1,7,100,1364.46716309,10551296,7.73290577117,8388608,2909,true,1
bf16,16,64,16,256,16384,baseline_transform,1,8,100,1689.04953003,16777216,9.93293310926,8388608,2909,true,1
bf16,16,64,16,256,16384,baseline_split,2,0,100,3952.92144775,27328512,6.91349736169,8388608,2909,true,1
bf16,16,64,16,256,16384,optimized_split,2,1,100,2079.66720581,27328512,13.1408101852,8388608,2909,true,1
bf16,16,64,16,256,16384,baseline_fused,2,2,100,2376.3583374,10551296,4.44011150757,8388608,2909,true,1
bf16,16,64,16,256,16384,optimized_fused,2,3,100,738.591995239,10551296,14.2856896203,8388608,2909,true,1
bf16,16,64,16,256,16384,warp32_transform,2,4,100,865.990371704,16777216,19.3734440338,8388608,2909,true,1
bf16,16,64,16,256,16384,warp32_split,2,5,100,2222.19512939,27328512,12.2979803342,8388608,2909,true,1
bf16,16,64,16,256,16384,warp32_fused,2,6,100,1364.79354858,10551296,7.7310564744,8388608,2909,true,1
bf16,16,64,16,256,16384,baseline_transform,2,7,100,1683.85925293,16777216,9.96355008342,8388608,2909,true,1
bf16,16,64,16,256,16384,optimized_transform,2,8,100,1480.07034302,16777216,11.3354179949,8388608,2909,true,1
bf16,16,64,16,256,16384,optimized_split,3,0,100,2078.61114502,27328512,13.1474865154,8388608,2909,true,1
bf16,16,64,16,256,16384,baseline_fused,3,1,100,2377.71514893,10551296,4.43757781699,8388608,2909,true,1
bf16,16,64,16,256,16384,optimized_fused,3,2,100,739.174423218,10551296,14.2744332983,8388608,2909,true,1
bf16,16,64,16,256,16384,warp32_transform,3,3,100,866.604766846,16777216,19.3597088798,8388608,2909,true,1
bf16,16,64,16,256,16384,warp32_split,3,4,100,2225.44647217,27328512,12.2800131757,8388608,2909,true,1
bf16,16,64,16,256,16384,warp32_fused,3,5,100,1364.62081909,10551296,7.73203504767,8388608,2909,true,1
bf16,16,64,16,256,16384,baseline_transform,3,6,100,1688.8319397,16777216,9.93421287556,8388608,2909,true,1
bf16,16,64,16,256,16384,optimized_transform,3,7,100,1481.60644531,16777216,11.3236656422,8388608,2909,true,1
bf16,16,64,16,256,16384,baseline_split,3,8,100,3956.46728516,27328512,6.9073013955,8388608,2909,true,1
bf16,16,64,16,256,16384,baseline_fused,4,0,100,2377.59994507,10551296,4.4377928347,8388608,2909,true,1
bf16,16,64,16,256,16384,optimized_fused,4,1,100,739.366378784,10551296,14.2707273454,8388608,2909,true,1
bf16,16,64,16,256,16384,warp32_transform,4,2,100,865.13923645,16777216,19.3925038805,8388608,2909,true,1
bf16,16,64,16,256,16384,warp32_split,4,3,100,2219.70565796,27328512,12.3117729155,8388608,2909,true,1
bf16,16,64,16,256,16384,warp32_fused,4,4,100,1366.5536499,10551296,7.72109898558,8388608,2909,true,1
bf16,16,64,16,256,16384,baseline_transform,4,5,100,1691.31515503,16777216,9.91962730903,8388608,2909,true,1
bf16,16,64,16,256,16384,optimized_transform,4,6,100,1478.68804932,16777216,11.3460144672,8388608,2909,true,1
bf16,16,64,16,256,16384,baseline_split,4,7,100,3949.42718506,27328512,6.91961409072,8388608,2909,true,1
bf16,16,64,16,256,16384,optimized_split,4,8,100,2076.21124268,27328512,13.162683757,8388608,2909,true,1
