dtype,batch,seq,heads,dim,rows,method,group,order,repeats,kernel_us,logical_io_bytes,logical_GBs,input_working_set_bytes,seed,input_read_only,scale
fp16,1,1,1,64,1,baseline_transform,0,0,100,15.6799995899,256,0.0163265310392,128,2909,true,1
fp16,1,1,1,64,1,optimized_transform,0,1,100,15.5648005009,256,0.0164473678918,128,2909,true,1
fp16,1,1,1,64,1,baseline_split,0,2,100,35.0783991814,420,0.011973180356,128,2909,true,1
fp16,1,1,1,64,1,optimized_split,0,3,100,30.7328009605,420,0.0136661803309,128,2909,true,1
fp16,1,1,1,64,1,baseline_fused,0,4,100,22.1056008339,164,0.00741893428875,128,2909,true,1
fp16,1,1,1,64,1,optimized_fused,0,5,100,18.1695997715,164,0.00902606562954,128,2909,true,1
fp16,1,1,1,64,1,warp32_transform,0,6,100,15.2447998524,256,0.0167926114137,128,2909,true,1
fp16,1,1,1,64,1,warp32_split,0,7,100,29.8176002502,420,0.0140856405772,128,2909,true,1
fp16,1,1,1,64,1,warp32_fused,0,8,100,15.2831995487,164,0.0107307373353,128,2909,true,1
fp16,1,1,1,64,1,optimized_transform,1,0,100,15.5711996555,256,0.0164406086662,128,2909,true,1
fp16,1,1,1,64,1,baseline_split,1,1,100,35.065600872,420,0.0119775503501,128,2909,true,1
fp16,1,1,1,64,1,optimized_split,1,2,100,30.7328009605,420,0.0136661803309,128,2909,true,1
fp16,1,1,1,64,1,baseline_fused,1,3,100,22.0928001404,164,0.00742323286129,128,2909,true,1
fp16,1,1,1,64,1,optimized_fused,1,4,100,18.1695997715,164,0.00902606562954,128,2909,true,1
fp16,1,1,1,64,1,warp32_transform,1,5,100,15.2576005459,256,0.0167785228896,128,2909,true,1
fp16,1,1,1,64,1,warp32_split,1,6,100,30.0672006607,420,0.0139687097824,128,2909,true,1
fp16,1,1,1,64,1,warp32_fused,1,7,100,15.2639997005,164,0.0107442350116,128,2909,true,1
fp16,1,1,1,64,1,baseline_transform,1,8,100,15.7760000229,256,0.0162271805038,128,2909,true,1
fp16,1,1,1,64,1,baseline_split,2,0,100,35.3536009789,420,0.0118799779477,128,2909,true,1
fp16,1,1,1,64,1,optimized_split,2,1,100,30.7904005051,420,0.013640615033,128,2909,true,1
fp16,1,1,1,64,1,baseline_fused,2,2,100,22.1952009201,164,0.00738898469946,128,2909,true,1
fp16,1,1,1,64,1,optimized_fused,2,3,100,18.1184005737,164,0.0090515715961,128,2909,true,1
fp16,1,1,1,64,1,warp32_transform,2,4,100,15.2447998524,256,0.0167926114137,128,2909,true,1
fp16,1,1,1,64,1,warp32_split,2,5,100,29.9392008781,420,0.0140284305419,128,2909,true,1
fp16,1,1,1,64,1,warp32_fused,2,6,100,15.2512001991,164,0.0107532520627,128,2909,true,1
fp16,1,1,1,64,1,baseline_transform,2,7,100,15.6224000454,256,0.0163867267037,128,2909,true,1
fp16,1,1,1,64,1,optimized_transform,2,8,100,15.5455994606,256,0.0164676827451,128,2909,true,1
fp16,1,1,1,64,1,optimized_split,3,0,100,30.8800005913,420,0.013601036009,128,2909,true,1
fp16,1,1,1,64,1,baseline_fused,3,1,100,22.1887993813,164,0.00739111644493,128,2909,true,1
fp16,1,1,1,64,1,optimized_fused,3,2,100,18.1055998802,164,0.00905797107442,128,2909,true,1
fp16,1,1,1,64,1,warp32_transform,3,3,100,15.2128005028,256,0.0168279338149,128,2909,true,1
fp16,1,1,1,64,1,warp32_split,3,4,100,29.92000103,420,0.0140374326719,128,2909,true,1
fp16,1,1,1,64,1,warp32_fused,3,5,100,15.232000351,164,0.0107668064746,128,2909,true,1
fp16,1,1,1,64,1,baseline_transform,3,6,100,15.6224000454,256,0.0163867267037,128,2909,true,1
fp16,1,1,1,64,1,optimized_transform,3,7,100,15.5519998074,256,0.0164609055537,128,2909,true,1
fp16,1,1,1,64,1,baseline_split,3,8,100,35.3791999817,420,0.0118713820611,128,2909,true,1
fp16,1,1,1,64,1,baseline_fused,4,0,100,22.1119999886,164,0.00741678726867,128,2909,true,1
fp16,1,1,1,64,1,optimized_fused,4,1,100,18.1055998802,164,0.00905797107442,128,2909,true,1
fp16,1,1,1,64,1,warp32_transform,4,2,100,15.2895998955,256,0.0167434073978,128,2909,true,1
fp16,1,1,1,64,1,warp32_split,4,3,100,30.1823997498,420,0.0139153945174,128,2909,true,1
fp16,1,1,1,64,1,warp32_fused,4,4,100,15.2831995487,164,0.0107307373353,128,2909,true,1
fp16,1,1,1,64,1,baseline_transform,4,5,100,15.724799633,256,0.0162800166599,128,2909,true,1
fp16,1,1,1,64,1,optimized_transform,4,6,100,15.5071997643,256,0.016508460837,128,2909,true,1
fp16,1,1,1,64,1,baseline_split,4,7,100,35.3600001335,420,0.0118778280094,128,2909,true,1
fp16,1,1,1,64,1,optimized_split,4,8,100,30.8927989006,420,0.0135954013539,128,2909,true,1
fp16,1,17,1,64,17,baseline_transform,0,0,100,17.427200079,4352,0.249724567359,2176,2909,true,1
fp16,1,17,1,64,17,optimized_transform,0,1,100,17.0560002327,4352,0.255159471191,2176,2909,true,1
fp16,1,17,1,64,17,baseline_split,0,2,100,38.4064006805,7140,0.185906512287,2176,2909,true,1
fp16,1,17,1,64,17,optimized_split,0,3,100,33.9967989922,7140,0.210019772792,2176,2909,true,1
fp16,1,17,1,64,17,baseline_fused,0,4,100,23.7247991562,2788,0.117514166575,2176,2909,true,1
fp16,1,17,1,64,17,optimized_fused,0,5,100,19.5071995258,2788,0.142921591401,2176,2909,true,1
fp16,1,17,1,64,17,warp32_transform,0,6,100,18.112000227,4352,0.240282682501,2176,2909,true,1
fp16,1,17,1,64,17,warp32_split,0,7,100,34.6943998337,7140,0.205796901927,2176,2909,true,1
fp16,1,17,1,64,17,warp32_fused,0,8,100,17.4655997753,2788,0.159628070943,2176,2909,true,1
fp16,1,17,1,64,17,optimized_transform,1,0,100,17.0047998428,4352,0.255927740416,2176,2909,true,1
fp16,1,17,1,64,17,baseline_split,1,1,100,38.4064006805,7140,0.185906512287,2176,2909,true,1
fp16,1,17,1,64,17,optimized_split,1,2,100,33.8687992096,7140,0.210813496983,2176,2909,true,1
fp16,1,17,1,64,17,baseline_fused,1,3,100,23.6671996117,2788,0.117800164183,2176,2909,true,1
fp16,1,17,1,64,17,optimized_fused,1,4,100,19.5008003712,2788,0.142968490879,2176,2909,true,1
fp16,1,17,1,64,17,warp32_transform,1,5,100,18.1247997284,4352,0.240112997948,2176,2909,true,1
fp16,1,17,1,64,17,warp32_split,1,6,100,34.6943998337,7140,0.205796901927,2176,2909,true,1
fp16,1,17,1,64,17,warp32_fused,1,7,100,17.4591994286,2788,0.159686588804,2176,2909,true,1
fp16,1,17,1,64,17,baseline_transform,1,8,100,17.3375999928,4352,0.251015134841,2176,2909,true,1
fp16,1,17,1,64,17,baseline_split,2,0,100,38.3807992935,7140,0.186030518682,2176,2909,true,1
fp16,1,17,1,64,17,optimized_split,2,1,100,33.9967989922,7140,0.210019772792,2176,2909,true,1
fp16,1,17,1,64,17,baseline_fused,2,2,100,23.6736011505,2788,0.117768310038,2176,2909,true,1
fp16,1,17,1,64,17,optimized_fused,2,3,100,19.5135998726,2788,0.142874713954,2176,2909,true,1
fp16,1,17,1,64,17,warp32_transform,2,4,100,17.9647994041,4352,0.242251522107,2176,2909,true,1
fp16,1,17,1,64,17,warp32_split,2,5,100,34.7519993782,7140,0.205455804781,2176,2909,true,1
fp16,1,17,1,64,17,warp32_fused,2,6,100,17.3248004913,2788,0.160925374084,2176,2909,true,1
fp16,1,17,1,64,17,baseline_transform,2,7,100,17.3824000359,4352,0.250368187996,2176,2909,true,1
fp16,1,17,1,64,17,optimized_transform,2,8,100,17.0431995392,4352,0.255351114677,2176,2909,true,1
fp16,1,17,1,64,17,optimized_split,3,0,100,33.9967989922,7140,0.210019772792,2176,2909,true,1
fp16,1,17,1,64,17,baseline_fused,3,1,100,23.6671996117,2788,0.117800164183,2176,2909,true,1
fp16,1,17,1,64,17,optimized_fused,3,2,100,19.5519995689,2788,0.142594111163,2176,2909,true,1
fp16,1,17,1,64,17,warp32_transform,3,3,100,17.9519999027,4352,0.242424243738,2176,2909,true,1
fp16,1,17,1,64,17,warp32_split,3,4,100,34.7648000717,7140,0.205380154215,2176,2909,true,1
fp16,1,17,1,64,17,warp32_fused,3,5,100,17.331199646,2788,0.160865956018,2176,2909,true,1
fp16,1,17,1,64,17,baseline_transform,3,6,100,17.3824000359,4352,0.250368187996,2176,2909,true,1
fp16,1,17,1,64,17,optimized_transform,3,7,100,17.0047998428,4352,0.255927740416,2176,2909,true,1
fp16,1,17,1,64,17,baseline_split,3,8,100,38.4064006805,7140,0.185906512287,2176,2909,true,1
fp16,1,17,1,64,17,baseline_fused,4,0,100,23.731200695,2788,0.117482466894,2176,2909,true,1
fp16,1,17,1,64,17,optimized_fused,4,1,100,19.4560003281,2788,0.143297694952,2176,2909,true,1
fp16,1,17,1,64,17,warp32_transform,4,2,100,18.1312000751,4352,0.240028237621,2176,2909,true,1
fp16,1,17,1,64,17,warp32_split,4,3,100,34.6815991402,7140,0.205872859874,2176,2909,true,1
fp16,1,17,1,64,17,warp32_fused,4,4,100,17.4720001221,2788,0.159569595955,2176,2909,true,1
fp16,1,17,1,64,17,baseline_transform,4,5,100,17.3759996891,4352,0.250460409638,2176,2909,true,1
fp16,1,17,1,64,17,optimized_transform,4,6,100,17.0431995392,4352,0.255351114677,2176,2909,true,1
fp16,1,17,1,64,17,baseline_split,4,7,100,38.393599987,7140,0.185968494812,2176,2909,true,1
fp16,1,17,1,64,17,optimized_split,4,8,100,34.003200531,7140,0.209980233875,2176,2909,true,1
fp16,1,257,1,64,257,baseline_transform,0,0,100,38.5087990761,65792,1.70849264528,32896,2909,true,1
fp16,1,257,1,64,257,optimized_transform,0,1,100,36.8127989769,65792,1.7872045003,32896,2909,true,1
fp16,1,257,1,64,257,baseline_split,0,2,100,76.1407995224,107940,1.41763680809,32896,2909,true,1
fp16,1,257,1,64,257,optimized_split,0,3,100,70.7456016541,107940,1.52574856212,32896,2909,true,1
fp16,1,257,1,64,257,baseline_fused,0,4,100,42.3424005508,42148,0.995408844366,32896,2909,true,1
fp16,1,257,1,64,257,optimized_fused,0,5,100,38.0735993385,42148,1.10701380306,32896,2909,true,1
fp16,1,257,1,64,257,warp32_transform,0,6,100,21.6704010963,65792,3.03603056111,32896,2909,true,1
fp16,1,257,1,64,257,warp32_split,0,7,100,42.0480012894,107940,2.56706613133,32896,2909,true,1
fp16,1,257,1,64,257,warp32_fused,0,8,100,21.7151999474,42148,1.94094459651,32896,2909,true,1
fp16,1,257,1,64,257,optimized_transform,1,0,100,36.5824007988,65792,1.79846042259,32896,2909,true,1
fp16,1,257,1,64,257,baseline_split,1,1,100,76.0960006714,107940,1.41847139203,32896,2909,true,1
fp16,1,257,1,64,257,optimized_split,1,2,100,71.1168003082,107940,1.51778482064,32896,2909,true,1
fp16,1,257,1,64,257,baseline_fused,1,3,100,42.4512004852,42148,0.992857669942,32896,2909,true,1
fp16,1,257,1,64,257,optimized_fused,1,4,100,38.0735993385,42148,1.10701380306,32896,2909,true,1
fp16,1,257,1,64,257,warp32_transform,1,5,100,21.7280006409,65792,3.02798223764,32896,2909,true,1
fp16,1,257,1,64,257,warp32_split,1,6,100,42.1120023727,107940,2.5631647492,32896,2909,true,1
fp16,1,257,1,64,257,warp32_fused,1,7,100,22.4832010269,42148,1.87464409314,32896,2909,true,1
fp16,1,257,1,64,257,baseline_transform,1,8,100,38.5472011566,65792,1.70679058468,32896,2909,true,1
fp16,1,257,1,64,257,baseline_split,2,0,100,76.8255996704,107940,1.40500042256,32896,2909,true,1
fp16,1,257,1,64,257,optimized_split,2,1,100,71.1872005463,107940,1.51628381467,32896,2909,true,1
fp16,1,257,1,64,257,baseline_fused,2,2,100,41.8624019623,42148,1.00682230413,32896,2909,true,1
fp16,1,257,1,64,257,optimized_fused,2,3,100,38.2015991211,42148,1.10330459901,32896,2909,true,1
fp16,1,257,1,64,257,warp32_transform,2,4,100,21.7280006409,65792,3.02798223764,32896,2909,true,1
fp16,1,257,1,64,257,warp32_split,2,5,100,42.3487997055,107940,2.54883257024,32896,2909,true,1
fp16,1,257,1,64,257,warp32_fused,2,6,100,21.414399147,42148,1.96820838682,32896,2909,true,1
fp16,1,257,1,64,257,baseline_transform,2,7,100,38.4448003769,65792,1.71133675699,32896,2909,true,1
fp16,1,257,1,64,257,optimized_transform,2,8,100,36.4544010162,65792,1.80477523059,32896,2909,true,1
fp16,1,257,1,64,257,optimized_split,3,0,100,71.0591983795,107940,1.51901516569,32896,2909,true,1
fp16,1,257,1,64,257,baseline_fused,3,1,100,41.8943977356,42148,1.00605336938,32896,2909,true,1
fp16,1,257,1,64,257,optimized_fused,3,2,100,38.2399988174,42148,1.1021966868,32896,2909,true,1
fp16,1,257,1,64,257,warp32_transform,3,3,100,21.7600011826,65792,3.02352924745,32896,2909,true,1
fp16,1,257,1,64,257,warp32_split,3,4,100,42.1568012238,107940,2.56044094587,32896,2909,true,1
fp16,1,257,1,64,257,warp32_fused,3,5,100,22.2656011581,42148,1.89296483399,32896,2909,true,1
fp16,1,257,1,64,257,baseline_transform,3,6,100,38.4960007668,65792,1.70906064759,32896,2909,true,1
fp16,1,257,1,64,257,optimized_transform,3,7,100,36.6528010368,65792,1.79500606062,32896,2909,true,1
fp16,1,257,1,64,257,baseline_split,3,8,100,76.1344003677,107940,1.41775596154,32896,2909,true,1
fp16,1,257,1,64,257,baseline_fused,4,0,100,42.3999977112,42148,0.994056657434,32896,2909,true,1
fp16,1,257,1,64,257,optimized_fused,4,1,100,38.0288004875,42148,1.10831789222,32896,2909,true,1
fp16,1,257,1,64,257,warp32_transform,4,2,100,21.6831994057,65792,3.03423857195,32896,2909,true,1
fp16,1,257,1,64,257,warp32_split,4,3,100,42.2272014618,107940,2.55617223646,32896,2909,true,1
fp16,1,257,1,64,257,warp32_fused,4,4,100,22.7263998985,42148,1.85458322428,32896,2909,true,1
fp16,1,257,1,64,257,baseline_transform,4,5,100,38.585600853,65792,1.70509201737,32896,2909,true,1
fp16,1,257,1,64,257,optimized_transform,4,6,100,37.6575994492,65792,1.74711083453,32896,2909,true,1
fp16,1,257,1,64,257,baseline_split,4,7,100,76.5248012543,107940,1.41052310141,32896,2909,true,1
fp16,1,257,1,64,257,optimized_split,4,8,100,70.9248018265,107940,1.52189357207,32896,2909,true,1
fp16,4,64,16,64,4096,baseline_transform,0,0,100,164.960002899,1048576,6.35654692999,524288,2909,true,1
fp16,4,64,16,64,4096,optimized_transform,0,1,100,161.587200165,1048576,6.48922686284,524288,2909,true,1
fp16,4,64,16,64,4096,baseline_split,0,2,100,303.590393066,1720320,5.66658247194,524288,2909,true,1
fp16,4,64,16,64,4096,optimized_split,0,3,100,279.891204834,1720320,6.14638820473,524288,2909,true,1
fp16,4,64,16,64,4096,baseline_fused,0,4,100,157.209596634,671744,4.2729198114,524288,2909,true,1
fp16,4,64,16,64,4096,optimized_fused,0,5,100,128.76159668,671744,5.21695922792,524288,2909,true,1
fp16,4,64,16,64,4096,warp32_transform,0,6,100,88.1599998474,1048576,11.8940109099,524288,2909,true,1
fp16,4,64,16,64,4096,warp32_split,0,7,100,241.062393188,1720320,7.13640969562,524288,2909,true,1
fp16,4,64,16,64,4096,warp32_fused,0,8,100,147.692804337,671744,4.54825137228,524288,2909,true,1
fp16,4,64,16,64,4096,optimized_transform,1,0,100,162.015991211,1048576,6.47205249409,524288,2909,true,1
fp16,4,64,16,64,4096,baseline_split,1,1,100,304.153594971,1720320,5.65608964828,524288,2909,true,1
fp16,4,64,16,64,4096,optimized_split,1,2,100,278.54719162,1720320,6.17604503566,524288,2909,true,1
fp16,4,64,16,64,4096,baseline_fused,1,3,100,156.947202682,671744,4.2800635406,524288,2909,true,1
fp16,4,64,16,64,4096,optimized_fused,1,4,100,128.051204681,671744,5.24590144756,524288,2909,true,1
fp16,4,64,16,64,4096,warp32_transform,1,5,100,88.0383968353,1048576,11.9104395093,524288,2909,true,1
fp16,4,64,16,64,4096,warp32_split,1,6,100,240.787200928,1720320,7.14456579657,524288,2909,true,1
fp16,4,64,16,64,4096,warp32_fused,1,7,100,148.659200668,671744,4.51868432616,524288,2909,true,1
fp16,4,64,16,64,4096,baseline_transform,1,8,100,165.184001923,1048576,6.34792708613,524288,2909,true,1
fp16,4,64,16,64,4096,baseline_split,2,0,100,305.062408447,1720320,5.63923955349,524288,2909,true,1
fp16,4,64,16,64,4096,optimized_split,2,1,100,279.532794952,1720320,6.15426894827,524288,2909,true,1
fp16,4,64,16,64,4096,baseline_fused,2,2,100,157.196798325,671744,4.27326769476,524288,2909,true,1
fp16,4,64,16,64,4096,optimized_fused,2,3,100,128.0768013,671744,5.24485303491,524288,2909,true,1
fp16,4,64,16,64,4096,warp32_transform,2,4,100,87.5903987885,1048576,11.9713577573,524288,2909,true,1
fp16,4,64,16,64,4096,warp32_split,2,5,100,241.190395355,1720320,7.13262233128,524288,2909,true,1
fp16,4,64,16,64,4096,warp32_fused,2,6,100,149.843196869,671744,4.48297963496,524288,2909,true,1
fp16,4,64,16,64,4096,baseline_transform,2,7,100,165.132808685,1048576,6.34989502297,524288,2909,true,1
fp16,4,64,16,64,4096,optimized_transform,2,8,100,162.323207855,1048576,6.45980333838,524288,2909,true,1
fp16,4,64,16,64,4096,optimized_split,3,0,100,279.462394714,1720320,6.15581928924,524288,2909,true,1
fp16,4,64,16,64,4096,baseline_fused,3,1,100,156.243200302,671744,4.29934869934,524288,2909,true,1
fp16,4,64,16,64,4096,optimized_fused,3,2,100,127.014398575,671744,5.28872322774,524288,2909,true,1
fp16,4,64,16,64,4096,warp32_transform,3,3,100,87.6671981812,1048576,11.9608704482,524288,2909,true,1
fp16,4,64,16,64,4096,warp32_split,3,4,100,240.524806976,1720320,7.15235996497,524288,2909,true,1
fp16,4,64,16,64,4096,warp32_fused,3,5,100,149.427204132,671744,4.49545987226,524288,2909,true,1
fp16,4,64,16,64,4096,baseline_transform,3,6,100,164.678401947,1048576,6.36741665939,524288,2909,true,1
fp16,4,64,16,64,4096,optimized_transform,3,7,100,161.932792664,1048576,6.47537773389,524288,2909,true,1
fp16,4,64,16,64,4096,baseline_split,3,8,100,303.871994019,1720320,5.66133119821,524288,2909,true,1
fp16,4,64,16,64,4096,baseline_fused,4,0,100,156.940803528,671744,4.28023805728,524288,2909,true,1
fp16,4,64,16,64,4096,optimized_fused,4,1,100,128.831996918,671744,5.21410842082,524288,2909,true,1
fp16,4,64,16,64,4096,warp32_transform,4,2,100,88.095998764,1048576,11.9026518197,524288,2909,true,1
fp16,4,64,16,64,4096,warp32_split,4,3,100,242.028808594,1720320,7.10791417764,524288,2909,true,1
fp16,4,64,16,64,4096,warp32_fused,4,4,100,147.737598419,671744,4.54687234115,524288,2909,true,1
fp16,4,64,16,64,4096,baseline_transform,4,5,100,164.876804352,1048576,6.35975450957,524288,2909,true,1
fp16,4,64,16,64,4096,optimized_transform,4,6,100,161.760005951,1048576,6.48229451919,524288,2909,true,1
fp16,4,64,16,64,4096,baseline_split,4,7,100,305.516796112,1720320,5.63085245032,524288,2909,true,1
fp16,4,64,16,64,4096,optimized_split,4,8,100,279.302406311,1720320,6.15934543036,524288,2909,true,1
fp16,16,64,16,64,16384,baseline_transform,0,0,100,461.766395569,4194304,9.08317287756,2097152,2909,true,1
fp16,16,64,16,64,16384,optimized_transform,0,1,100,462.918395996,4194304,9.06056885248,2097152,2909,true,1
fp16,16,64,16,64,16384,baseline_split,0,2,100,971.007995605,6881280,7.08673876131,2097152,2909,true,1
fp16,16,64,16,64,16384,optimized_split,0,3,100,902.828826904,6881280,7.62190992903,2097152,2909,true,1
fp16,16,64,16,64,16384,baseline_fused,0,4,100,563.526382446,2686976,4.76814588225,2097152,2909,true,1
fp16,16,64,16,64,16384,optimized_fused,0,5,100,476.051216125,2686976,5.6443002538,2097152,2909,true,1
fp16,16,64,16,64,16384,warp32_transform,0,6,100,343.046417236,4194304,12.2266369484,2097152,2909,true,1
fp16,16,64,16,64,16384,warp32_split,0,7,100,887.513580322,6881280,7.75343628827,2097152,2909,true,1
fp16,16,64,16,64,16384,warp32_fused,0,8,100,544.588813782,2686976,4.93395371334,2097152,2909,true,1
fp16,16,64,16,64,16384,optimized_transform,1,0,100,462.227210999,4194304,9.07411744743,2097152,2909,true,1
fp16,16,64,16,64,16384,baseline_split,1,1,100,970.195236206,6881280,7.0926755185,2097152,2909,true,1
fp16,16,64,16,64,16384,optimized_split,1,2,100,904.40322876,6881280,7.60864156736,2097152,2909,true,1
fp16,16,64,16,64,16384,baseline_fused,1,3,100,561.478385925,2686976,4.78553772924,2097152,2909,true,1
fp16,16,64,16,64,16384,optimized_fused,1,4,100,476.006393433,2686976,5.64483174401,2097152,2909,true,1
fp16,16,64,16,64,16384,warp32_transform,1,5,100,340.601615906,4194304,12.3143984178,2097152,2909,true,1
fp16,16,64,16,64,16384,warp32_split,1,6,100,886.969604492,6881280,7.75819144777,2097152,2909,true,1
fp16,16,64,16,64,16384,warp32_fused,1,7,100,544.6144104,2686976,4.93372181986,2097152,2909,true,1
fp16,16,64,16,64,16384,baseline_transform,1,8,100,463.724784851,4194304,9.04481308099,2097152,2909,true,1
fp16,16,64,16,64,16384,baseline_split,2,0,100,969.849624634,6881280,7.0952030348,2097152,2909,true,1
fp16,16,64,16,64,16384,optimized_split,2,1,100,904.870376587,6881280,7.60471353472,2097152,2909,true,1
fp16,16,64,16,64,16384,baseline_fused,2,2,100,561.683197021,2686976,4.78379273984,2097152,2909,true,1
fp16,16,64,16,64,16384,optimized_fused,2,3,100,476.262397766,2686976,5.64179748937,2097152,2909,true,1
fp16,16,64,16,64,16384,warp32_transform,2,4,100,340.351982117,4194304,12.3234305084,2097152,2909,true,1
fp16,16,64,16,64,16384,warp32_split,2,5,100,883.731231689,6881280,7.786620811,2097152,2909,true,1
fp16,16,64,16,64,16384,warp32_fused,2,6,100,551.731185913,2686976,4.8700817873,2097152,2909,true,1
fp16,16,64,16,64,16384,baseline_transform,2,7,100,459.993591309,4194304,9.11817920782,2097152,2909,true,1
fp16,16,64,16,64,16384,optimized_transform,2,8,100,461.888008118,4194304,9.08078132856,2097152,2909,true,1
fp16,16,64,16,64,16384,optimized_split,3,0,100,903.4815979,6881280,7.61640305236,2097152,2909,true,1
fp16,16,64,16,64,16384,baseline_fused,3,1,100,564.198417664,2686976,4.76246638749,2097152,2909,true,1
fp16,16,64,16,64,16384,optimized_fused,3,2,100,475.980796814,2686976,5.64513530375,2097152,2909,true,1
fp16,16,64,16,64,16384,warp32_transform,3,3,100,337.625617981,4194304,12.4229435701,2097152,2909,true,1
fp16,16,64,16,64,16384,warp32_split,3,4,100,880.595169067,6881280,7.81435129526,2097152,2909,true,1
fp16,16,64,16,64,16384,warp32_fused,3,5,100,551.468811035,2686976,4.87239884873,2097152,2909,true,1
fp16,16,64,16,64,16384,baseline_transform,3,6,100,461.382408142,4194304,9.09073238594,2097152,2909,true,1
fp16,16,64,16,64,16384,optimized_transform,3,7,100,462.566413879,4194304,9.06746333964,2097152,2909,true,1
fp16,16,64,16,64,16384,baseline_split,3,8,100,971.296005249,6881280,7.08463739459,2097152,2909,true,1
fp16,16,64,16,64,16384,baseline_fused,4,0,100,563.321609497,2686976,4.76987915021,2097152,2909,true,1
fp16,16,64,16,64,16384,optimized_fused,4,1,100,478.19519043,2686976,5.61899419688,2097152,2909,true,1
fp16,16,64,16,64,16384,warp32_transform,4,2,100,341.024017334,4194304,12.299145476,2097152,2909,true,1
fp16,16,64,16,64,16384,warp32_split,4,3,100,886.092834473,6881280,7.76586801325,2097152,2909,true,1
fp16,16,64,16,64,16384,warp32_fused,4,4,100,545.817604065,2686976,4.92284598369,2097152,2909,true,1
fp16,16,64,16,64,16384,baseline_transform,4,5,100,463.328018188,4194304,9.05255852301,2097152,2909,true,1
fp16,16,64,16,64,16384,optimized_transform,4,6,100,461.119995117,4194304,9.09590571741,2097152,2909,true,1
fp16,16,64,16,64,16384,baseline_split,4,7,100,969.529571533,6881280,7.09754524467,2097152,2909,true,1
fp16,16,64,16,64,16384,optimized_split,4,8,100,906.073608398,6881280,7.59461476001,2097152,2909,true,1
fp16,1,1,1,128,1,baseline_transform,0,0,100,16.2111997604,512,0.0315831035066,256,2909,true,1
fp16,1,1,1,128,1,optimized_transform,0,1,100,16.0767996311,512,0.0318471344887,256,2909,true,1
fp16,1,1,1,128,1,baseline_split,0,2,100,41.1263990402,836,0.020327575949,256,2909,true,1
fp16,1,1,1,128,1,optimized_split,0,3,100,31.7312002182,836,0.0263463088144,256,2909,true,1
fp16,1,1,1,128,1,baseline_fused,0,4,100,27.936000824,324,0.0115979378022,256,2909,true,1
fp16,1,1,1,128,1,optimized_fused,0,5,100,18.7455999851,324,0.0172840560055,256,2909,true,1
fp16,1,1,1,128,1,warp32_transform,0,6,100,15.2831995487,512,0.0335008385101,256,2909,true,1
fp16,1,1,1,128,1,warp32_split,0,7,100,30.8671998978,836,0.027083765381,256,2909,true,1
fp16,1,1,1,128,1,warp32_fused,0,8,100,16.3007998466,324,0.0198763252753,256,2909,true,1
fp16,1,1,1,128,1,optimized_transform,1,0,100,16.031999588,512,0.0319361285652,256,2909,true,1
fp16,1,1,1,128,1,baseline_split,1,1,100,41.273598671,836,0.0202550789589,256,2909,true,1
fp16,1,1,1,128,1,optimized_split,1,2,100,31.7248010635,836,0.0263516230827,256,2909,true,1
fp16,1,1,1,128,1,baseline_fused,1,3,100,27.9295992851,324,0.0116005960806,256,2909,true,1
fp16,1,1,1,128,1,optimized_fused,1,4,100,18.7647998333,324,0.0172663712312,256,2909,true,1
fp16,1,1,1,128,1,warp32_transform,1,5,100,15.2831995487,512,0.0335008385101,256,2909,true,1
fp16,1,1,1,128,1,warp32_split,1,6,100,30.8800005913,836,0.0270725383417,256,2909,true,1
fp16,1,1,1,128,1,warp32_fused,1,7,100,16.2943994999,324,0.019884132582,256,2909,true,1
fp16,1,1,1,128,1,baseline_transform,1,8,100,16.2303996086,512,0.0315457420856,256,2909,true,1
fp16,1,1,1,128,1,baseline_split,2,0,100,41.2480020523,836,0.0202676483322,256,2909,true,1
fp16,1,1,1,128,1,optimized_split,2,1,100,31.7375993729,836,0.0263409966891,256,2909,true,1
fp16,1,1,1,128,1,baseline_fused,2,2,100,28.0320000648,324,0.0115582191513,256,2909,true,1
fp16,1,1,1,128,1,optimized_fused,2,3,100,18.6495995522,324,0.0173730271845,256,2909,true,1
fp16,1,1,1,128,1,warp32_transform,2,4,100,15.2447998524,512,0.0335852228273,256,2909,true,1
fp16,1,1,1,128,1,warp32_split,2,5,100,30.5983996391,836,0.0273216903452,256,2909,true,1
fp16,1,1,1,128,1,warp32_fused,2,6,100,16.4031994343,324,0.0197522441459,256,2909,true,1
fp16,1,1,1,128,1,baseline_transform,2,7,100,16.1663997173,512,0.0316706260486,256,2909,true,1
fp16,1,1,1,128,1,optimized_transform,2,8,100,16.0831999779,512,0.0318344608476,256,2909,true,1
fp16,1,1,1,128,1,optimized_split,3,0,100,31.8463993073,836,0.0262510053942,256,2909,true,1
fp16,1,1,1,128,1,baseline_fused,3,1,100,28.0191993713,324,0.0115634995742,256,2909,true,1
fp16,1,1,1,128,1,optimized_fused,3,2,100,18.6880004406,324,0.0173373283584,256,2909,true,1
fp16,1,1,1,128,1,warp32_transform,3,3,100,15.1935994625,512,0.0336984005182,256,2909,true,1
fp16,1,1,1,128,1,warp32_split,3,4,100,30.6112003326,836,0.027310265227,256,2909,true,1
fp16,1,1,1,128,1,warp32_fused,3,5,100,16.3903999329,324,0.0197676689603,256,2909,true,1
fp16,1,1,1,128,1,baseline_transform,3,6,100,16.1855995655,512,0.0316330573933,256,2909,true,1
fp16,1,1,1,128,1,optimized_transform,3,7,100,16.031999588,512,0.0319361285652,256,2909,true,1
fp16,1,1,1,128,1,baseline_split,3,8,100,41.1263990402,836,0.020327575949,256,2909,true,1
fp16,1,1,1,128,1,baseline_fused,4,0,100,27.936000824,324,0.0115979378022,256,2909,true,1
fp16,1,1,1,128,1,optimized_fused,4,1,100,18.7455999851,324,0.0172840560055,256,2909,true,1
fp16,1,1,1,128,1,warp32_transform,4,2,100,15.2831995487,512,0.0335008385101,256,2909,true,1
fp16,1,1,1,128,1,warp32_split,4,3,100,30.8863997459,836,0.0270669293565,256,2909,true,1
fp16,1,1,1,128,1,warp32_fused,4,4,100,16.2880003452,324,0.0198919445686,256,2909,true,1
fp16,1,1,1,128,1,baseline_transform,4,5,100,16.2240004539,512,0.0315581845213,256,2909,true,1
fp16,1,1,1,128,1,optimized_transform,4,6,100,15.9679996967,512,0.0320641288655,256,2909,true,1
fp16,1,1,1,128,1,baseline_split,4,7,100,41.2480020523,836,0.0202676483322,256,2909,true,1
fp16,1,1,1,128,1,optimized_split,4,8,100,31.7375993729,836,0.0263409966891,256,2909,true,1
fp16,1,17,1,128,17,baseline_transform,0,0,100,18.3679997921,8704,0.473867601182,4352,2909,true,1
fp16,1,17,1,128,17,optimized_transform,0,1,100,18.2464003563,8704,0.477025595736,4352,2909,true,1
fp16,1,17,1,128,17,baseline_split,0,2,100,44.697599411,14212,0.317958910261,4352,2909,true,1
fp16,1,17,1,128,17,optimized_split,0,3,100,35.3408002853,14212,0.402141431016,4352,2909,true,1
fp16,1,17,1,128,17,baseline_fused,0,4,100,29.4912004471,5508,0.186767575294,4352,2909,true,1
fp16,1,17,1,128,17,optimized_fused,0,5,100,20.1087999344,5508,0.273909930875,4352,2909,true,1
fp16,1,17,1,128,17,warp32_transform,0,6,100,20.3327989578,8704,0.428076823956,4352,2909,true,1
fp16,1,17,1,128,17,warp32_split,0,7,100,37.6063990593,14212,0.377914407003,4352,2909,true,1
fp16,1,17,1,128,17,warp32_fused,0,8,100,18.3423995972,5508,0.300287864236,4352,2909,true,1
fp16,1,17,1,128,17,optimized_transform,1,0,100,18.252799511,8704,0.476858357797,4352,2909,true,1
fp16,1,17,1,128,17,baseline_split,1,1,100,44.697599411,14212,0.317958910261,4352,2909,true,1
fp16,1,17,1,128,17,optimized_split,1,2,100,35.4816007614,14212,0.400545626325,4352,2909,true,1
fp16,1,17,1,128,17,baseline_fused,1,3,100,29.4912004471,5508,0.186767575294,4352,2909,true,1
fp16,1,17,1,128,17,optimized_fused,1,4,100,20.1151990891,5508,0.273822793183,4352,2909,true,1
fp16,1,17,1,128,17,warp32_transform,1,5,100,20.2880001068,8704,0.42902207976,4352,2909,true,1
fp16,1,17,1,128,17,warp32_split,1,6,100,37.4783992767,14212,0.379205096116,4352,2909,true,1
fp16,1,17,1,128,17,warp32_fused,1,7,100,18.323199749,5508,0.300602518962,4352,2909,true,1
fp16,1,17,1,128,17,baseline_transform,1,8,100,18.3296000957,8704,0.474860332715,4352,2909,true,1
fp16,1,17,1,128,17,baseline_split,2,0,100,44.6848011017,14212,0.318049977836,4352,2909,true,1
fp16,1,17,1,128,17,optimized_split,2,1,100,35.5071997643,14212,0.400256851973,4352,2909,true,1
fp16,1,17,1,128,17,baseline_fused,2,2,100,29.4400000572,5508,0.187092390941,4352,2909,true,1
fp16,1,17,1,128,17,optimized_fused,2,3,100,20.1536011696,5508,0.273301032091,4352,2909,true,1
fp16,1,17,1,128,17,warp32_transform,2,4,100,20.0832009315,8704,0.433397048093,4352,2909,true,1
fp16,1,17,1,128,17,warp32_split,2,5,100,37.401599884,14212,0.379983745189,4352,2909,true,1
fp16,1,17,1,128,17,warp32_fused,2,6,100,18.2335996628,5508,0.302079682666,4352,2909,true,1
fp16,1,17,1,128,17,baseline_transform,2,7,100,18.3296000957,8704,0.474860332715,4352,2909,true,1
fp16,1,17,1,128,17,optimized_transform,2,8,100,18.2079994678,8704,0.478031648417,4352,2909,true,1
fp16,1,17,1,128,17,optimized_split,3,0,100,35.4879999161,14212,0.400473400406,4352,2909,true,1
fp16,1,17,1,128,17,baseline_fused,3,1,100,29.4400000572,5508,0.187092390941,4352,2909,true,1
fp16,1,17,1,128,17,optimized_fused,3,2,100,20.1408004761,5508,0.273474731381,4352,2909,true,1
fp16,1,17,1,128,17,warp32_transform,3,3,100,20.1216006279,8704,0.432569961056,4352,2909,true,1
fp16,1,17,1,128,17,warp32_split,3,4,100,37.3952007294,14212,0.380048768901,4352,2909,true,1
fp16,1,17,1,128,17,warp32_fused,3,5,100,18.182400465,5508,0.302930298483,4352,2909,true,1
fp16,1,17,1,128,17,baseline_transform,3,6,100,18.3744001389,8704,0.473702539088,4352,2909,true,1
fp16,1,17,1,128,17,optimized_transform,3,7,100,18.2016003132,8704,0.478199710478,4352,2909,true,1
fp16,1,17,1,128,17,baseline_split,3,8,100,44.6848011017,14212,0.318049977836,4352,2909,true,1
fp16,1,17,1,128,17,baseline_fused,4,0,100,29.4783997536,5508,0.186848677202,4352,2909,true,1
fp16,1,17,1,128,17,optimized_fused,4,1,100,20.0896000862,5508,0.274171709559,4352,2909,true,1
fp16,1,17,1,128,17,warp32_transform,4,2,100,20.2880001068,8704,0.42902207976,4352,2909,true,1
fp16,1,17,1,128,17,warp32_split,4,3,100,37.4783992767,14212,0.379205096116,4352,2909,true,1
fp16,1,17,1,128,17,warp32_fused,4,4,100,18.3552002907,5508,0.300078447131,4352,2909,true,1
fp16,1,17,1,128,17,baseline_transform,4,5,100,18.2848000526,8704,0.47602379982,4352,2909,true,1
fp16,1,17,1,128,17,optimized_transform,4,6,100,18.2848000526,8704,0.47602379982,4352,2909,true,1
fp16,1,17,1,128,17,baseline_split,4,7,100,44.7039985657,14212,0.317913396027,4352,2909,true,1
fp16,1,17,1,128,17,optimized_split,4,8,100,35.4943990707,14212,0.40040120053,4352,2909,true,1
fp16,1,257,1,128,257,baseline_transform,0,0,100,43.327999115,131584,3.03692768389,65792,2909,true,1
fp16,1,257,1,128,257,optimized_transform,0,1,100,43.4496021271,131584,3.0284281917,65792,2909,true,1
fp16,1,257,1,128,257,baseline_split,0,2,100,102.860803604,214852,2.08876454851,65792,2909,true,1
fp16,1,257,1,128,257,optimized_split,0,3,100,77.7472019196,214852,2.76346922713,65792,2909,true,1
fp16,1,257,1,128,257,baseline_fused,0,4,100,68.8704013824,83268,1.20905350235,65792,2909,true,1
fp16,1,257,1,128,257,optimized_fused,0,5,100,39.8015999794,83268,2.09207670152,65792,2909,true,1
fp16,1,257,1,128,257,warp32_transform,0,6,100,25.7791996002,131584,5.10427018839,65792,2909,true,1
fp16,1,257,1,128,257,warp32_split,0,7,100,53.9455986023,214852,3.9827530988,65792,2909,true,1
fp16,1,257,1,128,257,warp32_fused,0,8,100,30.6304001808,83268,2.71847574659,65792,2909,true,1
fp16,1,257,1,128,257,optimized_transform,1,0,100,43.3408021927,131584,3.03603056111,65792,2909,true,1
fp16,1,257,1,128,257,baseline_split,1,1,100,103.52640152,214852,2.07533534293,65792,2909,true,1
fp16,1,257,1,128,257,optimized_split,1,2,100,77.5360012054,214852,2.77099665523,65792,2909,true,1
fp16,1,257,1,128,257,baseline_fused,1,3,100,68.8511991501,83268,1.20939070093,65792,2909,true,1
fp16,1,257,1,128,257,optimized_fused,1,4,100,39.7952008247,83268,2.09241311199,65792,2909,true,1
fp16,1,257,1,128,257,warp32_transform,1,5,100,25.9455990791,131584,5.07153446712,65792,2909,true,1
fp16,1,257,1,128,257,warp32_split,1,6,100,54.073600769,214852,3.97332518908,65792,2909,true,1
fp16,1,257,1,128,257,warp32_fused,1,7,100,30.5920004845,83268,2.72188803221,65792,2909,true,1
fp16,1,257,1,128,257,baseline_transform,1,8,100,42.4575996399,131584,3.09918603774,65792,2909,true,1
fp16,1,257,1,128,257,baseline_split,2,0,100,103.084802628,214852,2.08422574932,65792,2909,true,1
fp16,1,257,1,128,257,optimized_split,2,1,100,77.7279996872,214852,2.76415192549,65792,2909,true,1
fp16,1,257,1,128,257,baseline_fused,2,2,100,68.9215993881,83268,1.20815536405,65792,2909,true,1
fp16,1,257,1,128,257,optimized_fused,2,3,100,39.9359989166,83268,2.08503611425,65792,2909,true,1
fp16,1,257,1,128,257,warp32_transform,2,4,100,25.4976010323,131584,5.16064236136,65792,2909,true,1
fp16,1,257,1,128,257,warp32_split,2,5,100,55.1168012619,214852,3.89812171753,65792,2909,true,1
fp16,1,257,1,128,257,warp32_fused,2,6,100,30.9312009811,83268,2.69203902075,65792,2909,true,1
fp16,1,257,1,128,257,baseline_transform,2,7,100,43.5135984421,131584,3.02397422211,65792,2909,true,1
fp16,1,257,1,128,257,optimized_transform,2,8,100,43.302397728,131584,3.03872318634,65792,2909,true,1
fp16,1,257,1,128,257,optimized_split,3,0,100,77.8367996216,214852,2.76028820615,65792,2909,true,1
fp16,1,257,1,128,257,baseline_fused,3,1,100,68.6783981323,83268,1.21243363655,65792,2909,true,1
fp16,1,257,1,128,257,optimized_fused,3,2,100,39.7760009766,83268,2.09342311835,65792,2909,true,1
fp16,1,257,1,128,257,warp32_transform,3,3,100,25.4207992554,131584,5.17623378707,65792,2909,true,1
fp16,1,257,1,128,257,warp32_split,3,4,100,55.0080013275,214852,3.90583178474,65792,2909,true,1
fp16,1,257,1,128,257,warp32_fused,3,5,100,30.7904005051,83268,2.70434936325,65792,2909,true,1
fp16,1,257,1,128,257,baseline_transform,3,6,100,43.443198204,131584,3.0288746096,65792,2909,true,1
fp16,1,257,1,128,257,optimized_transform,3,7,100,43.327999115,131584,3.03692768389,65792,2909,true,1
fp16,1,257,1,128,257,baseline_split,3,8,100,103.475198746,214852,2.07636228395,65792,2909,true,1
fp16,1,257,1,128,257,baseline_fused,4,0,100,68.8255977631,83268,1.20984056378,65792,2909,true,1
fp16,1,257,1,128,257,optimized_fused,4,1,100,39.6352005005,83268,2.10085981523,65792,2909,true,1
fp16,1,257,1,128,257,warp32_transform,4,2,100,25.4591989517,131584,5.16842655771,65792,2909,true,1
fp16,1,257,1,128,257,warp32_split,4,3,100,54.2144012451,214852,3.96300604757,65792,2909,true,1
fp16,1,257,1,128,257,warp32_fused,4,4,100,30.8031988144,83268,2.70322574294,65792,2909,true,1
fp16,1,257,1,128,257,baseline_transform,4,5,100,42.8416013718,131584,3.07140713201,65792,2909,true,1
fp16,1,257,1,128,257,optimized_transform,4,6,100,43.1744003296,131584,3.04773196606,65792,2909,true,1
fp16,1,257,1,128,257,baseline_split,4,7,100,102.860803604,214852,2.08876454851,65792,2909,true,1
fp16,1,257,1,128,257,optimized_split,4,8,100,77.9583978653,214852,2.75598275341,65792,2909,true,1
fp16,4,64,16,128,4096,baseline_transform,0,0,100,228.665599823,2097152,9.17126144739,1048576,2909,true,1
fp16,4,64,16,128,4096,optimized_transform,0,1,100,237.299194336,2097152,8.83758584124,1048576,2909,true,1
fp16,4,64,16,128,4096,baseline_split,0,2,100,428.30078125,3424256,7.99497957955,1048576,2909,true,1
fp16,4,64,16,128,4096,optimized_split,0,3,100,402.739181519,3424256,8.50241584911,1048576,2909,true,1
fp16,4,64,16,128,4096,baseline_fused,0,4,100,210.086402893,1327104,6.31694379895,1048576,2909,true,1
fp16,4,64,16,128,4096,optimized_fused,0,5,100,175.296001434,1327104,7.5706461593,1048576,2909,true,1
fp16,4,64,16,128,4096,warp32_transform,0,6,100,141.292800903,2097152,14.8425962724,1048576,2909,true,1
fp16,4,64,16,128,4096,warp32_split,0,7,100,315.711994171,3424256,10.8461384528,1048576,2909,true,1
fp16,4,64,16,128,4096,warp32_fused,0,8,100,180.313606262,1327104,7.35997702841,1048576,2909,true,1
fp16,4,64,16,128,4096,optimized_transform,1,0,100,237.324790955,2097152,8.83663266515,1048576,2909,true,1
fp16,4,64,16,128,4096,baseline_split,1,1,100,427.955207825,3424256,8.001435518,1048576,2909,true,1
fp16,4,64,16,128,4096,optimized_split,1,2,100,403.404808044,3424256,8.48838668185,1048576,2909,true,1
fp16,4,64,16,128,4096,baseline_fused,1,3,100,210.246391296,1327104,6.31213687815,1048576,2909,true,1
fp16,4,64,16,128,4096,optimized_fused,1,4,100,175.859203339,1327104,7.5464006137,1048576,2909,true,1
fp16,4,64,16,128,4096,warp32_transform,1,5,100,141.203203201,2097152,14.8520143485,1048576,2909,true,1
fp16,4,64,16,128,4096,warp32_split,1,6,100,315.648002625,3424256,10.8483372983,1048576,2909,true,1
fp16,4,64,16,128,4096,warp32_fused,1,7,100,179.180793762,1327104,7.40650809797,1048576,2909,true,1
fp16,4,64,16,128,4096,baseline_transform,1,8,100,230.079994202,2097152,9.11488200996,1048576,2909,true,1
fp16,4,64,16,128,4096,baseline_split,2,0,100,429.542388916,3424256,7.97186980461,1048576,2909,true,1
fp16,4,64,16,128,4096,optimized_split,2,1,100,402.278404236,3424256,8.51215467682,1048576,2909,true,1
fp16,4,64,16,128,4096,baseline_fused,2,2,100,209.881591797,1327104,6.32310813272,1048576,2909,true,1
fp16,4,64,16,128,4096,optimized_fused,2,3,100,175.366401672,1327104,7.56760694947,1048576,2909,true,1
fp16,4,64,16,128,4096,warp32_transform,2,4,100,141.254396439,2097152,14.8466317005,1048576,2909,true,1
fp16,4,64,16,128,4096,warp32_split,2,5,100,315.743999481,3424256,10.8450390368,1048576,2909,true,1
fp16,4,64,16,128,4096,warp32_fused,2,6,100,180.166397095,1327104,7.36599066974,1048576,2909,true,1
fp16,4,64,16,128,4096,baseline_transform,2,7,100,229.107208252,2097152,9.15358366941,1048576,2909,true,1
fp16,4,64,16,128,4096,optimized_transform,2,8,100,237.759990692,2097152,8.82045794961,1048576,2909,true,1
fp16,4,64,16,128,4096,optimized_split,3,0,100,404.185600281,3424256,8.47198910011,1048576,2909,true,1
fp16,4,64,16,128,4096,baseline_fused,3,1,100,209.759998322,1327104,6.326773506,1048576,2909,true,1
fp16,4,64,16,128,4096,optimized_fused,3,2,100,175.910396576,1327104,7.54420446905,1048576,2909,true,1
fp16,4,64,16,128,4096,warp32_transform,3,3,100,141.292800903,2097152,14.8425962724,1048576,2909,true,1
fp16,4,64,16,128,4096,warp32_split,3,4,100,315.788803101,3424256,10.8435003597,1048576,2909,true,1
fp16,4,64,16,128,4096,warp32_fused,3,5,100,178.822402954,1327104,7.42135201226,1048576,2909,true,1
fp16,4,64,16,128,4096,baseline_transform,3,6,100,228.204803467,2097152,9.18978026817,1048576,2909,true,1
fp16,4,64,16,128,4096,optimized_transform,3,7,100,237.971191406,2097152,8.81262974567,1048576,2909,true,1
fp16,4,64,16,128,4096,baseline_split,3,8,100,428.128013611,3424256,7.99820588968,1048576,2909,true,1
fp16,4,64,16,128,4096,baseline_fused,4,0,100,209.657592773,1327104,6.32986376713,1048576,2909,true,1
fp16,4,64,16,128,4096,optimized_fused,4,1,100,175.315208435,1327104,7.56981674235,1048576,2909,true,1
fp16,4,64,16,128,4096,warp32_transform,4,2,100,141.273603439,2097152,14.8446132111,1048576,2909,true,1
fp16,4,64,16,128,4096,warp32_split,4,3,100,316.326408386,3424256,10.8250715376,1048576,2909,true,1
fp16,4,64,16,128,4096,warp32_fused,4,4,100,179.334392548,1327104,7.40016447011,1048576,2909,true,1
fp16,4,64,16,128,4096,baseline_transform,4,5,100,229.664001465,2097152,9.13139188825,1048576,2909,true,1
fp16,4,64,16,128,4096,optimized_transform,4,6,100,236.665592194,2097152,8.8612458641,1048576,2909,true,1
fp16,4,64,16,128,4096,baseline_split,4,7,100,428.556785583,3424256,7.99020366773,1048576,2909,true,1
fp16,4,64,16,128,4096,optimized_split,4,8,100,402.675209045,3424256,8.50376661657,1048576,2909,true,1
fp16,16,64,16,128,16384,baseline_transform,0,0,100,833.299179077,8388608,10.0667421865,4194304,2909,true,1
fp16,16,64,16,128,16384,optimized_transform,0,1,100,871.148834229,8388608,9.62936259615,4194304,2909,true,1
fp16,16,64,16,128,16384,baseline_split,0,2,100,1548.87039185,13697024,8.84323444499,4194304,2909,true,1
fp16,16,64,16,128,16384,optimized_split,0,3,100,1469.88800049,13697024,9.31841337262,4194304,2909,true,1
fp16,16,64,16,128,16384,baseline_fused,0,4,100,731.360015869,5308416,7.2582803063,4194304,2909,true,1
fp16,16,64,16,128,16384,optimized_fused,0,5,100,640.52482605,5308416,8.28760382753,4194304,2909,true,1
fp16,16,64,16,128,16384,warp32_transform,0,6,100,544.211196899,8388608,15.4142510257,4194304,2909,true,1
fp16,16,64,16,128,16384,warp32_split,0,7,100,1214.24003601,13697024,11.2803264542,4194304,2909,true,1
fp16,16,64,16,128,16384,warp32_fused,0,8,100,669.568023682,5308416,7.92812053779,4194304,2909,true,1
fp16,16,64,16,128,16384,optimized_transform,1,0,100,872.742385864,8388608,9.61178021816,4194304,2909,true,1
fp16,16,64,16,128,16384,baseline_split,1,1,100,1548.49273682,13697024,8.84539118224,4194304,2909,true,1
fp16,16,64,16,128,16384,optimized_split,1,2,100,1469.69604492,13697024,9.3196304415,4194304,2909,true,1
fp16,16,64,16,128,16384,baseline_fused,1,3,100,732.294387817,5308416,7.24901909439,4194304,2909,true,1
fp16,16,64,16,128,16384,optimized_fused,1,4,100,640.12802124,5308416,8.29274117655,4194304,2909,true,1
fp16,16,64,16,128,16384,warp32_transform,1,5,100,544.473609924,8388608,15.4068220151,4194304,2909,true,1
fp16,16,64,16,128,16384,warp32_split,1,6,100,1214.40643311,13697024,11.278780832,4194304,2909,true,1
fp16,16,64,16,128,16384,warp32_fused,1,7,100,670.316772461,5308416,7.91926476867,4194304,2909,true,1
fp16,16,64,16,128,16384,baseline_transform,1,8,100,834.297637939,8388608,10.054694654,4194304,2909,true,1
fp16,16,64,16,128,16384,baseline_split,2,0,100,1550.96954346,13697024,8.83126561562,4194304,2909,true,1
fp16,16,64,16,128,16384,optimized_split,2,1,100,1470.46401978,13697024,9.31476310593,4194304,2909,true,1
fp16,16,64,16,128,16384,baseline_fused,2,2,100,732.428817749,5308416,7.24768860995,4194304,2909,true,1
fp16,16,64,16,128,16384,optimized_fused,2,3,100,640.454406738,5308416,8.28851506704,4194304,2909,true,1
fp16,16,64,16,128,16384,warp32_transform,2,4,100,545.075187683,8388608,15.3898181197,4194304,2909,true,1
fp16,16,64,16,128,16384,warp32_split,2,5,100,1211.48803711,13697024,11.3059506825,4194304,2909,true,1
fp16,16,64,16,128,16384,warp32_fused,2,6,100,670.111999512,5308416,7.92168473907,4194304,2909,true,1
fp16,16,64,16,128,16384,baseline_transform,2,7,100,832.665634155,8388608,10.0744016036,4194304,2909,true,1
fp16,16,64,16,128,16384,optimized_transform,2,8,100,873.023986816,8388608,9.60867986066,4194304,2909,true,1
fp16,16,64,16,128,16384,optimized_split,3,0,100,1470.32318115,13697024,9.31565534406,4194304,2909,true,1
fp16,16,64,16,128,16384,baseline_fused,3,1,100,731.257629395,5308416,7.25929656884,4194304,2909,true,1
fp16,16,64,16,128,16384,optimized_fused,3,2,100,640.39680481,5308416,8.28926059614,4194304,2909,true,1
fp16,16,64,16,128,16384,warp32_transform,3,3,100,544.505615234,8388608,15.4059164227,4194304,2909,true,1
fp16,16,64,16,128,16384,warp32_split,3,4,100,1212.74238586,13697024,11.294256851,4194304,2909,true,1
fp16,16,64,16,128,16384,warp32_fused,3,5,100,669.632034302,5308416,7.9273626829,4194304,2909,true,1
fp16,16,64,16,128,16384,baseline_transform,3,6,100,832.256011963,8388608,10.079360052,4194304,2909,true,1
fp16,16,64,16,128,16384,optimized_transform,3,7,100,871.891174316,8388608,9.62116402494,4194304,2909,true,1
fp16,16,64,16,128,16384,baseline_split,3,8,100,1547.83996582,13697024,8.84912155162,4194304,2909,true,1
fp16,16,64,16,128,16384,baseline_fused,4,0,100,731.584014893,5308416,7.25605793995,4194304,2909,true,1
fp16,16,64,16,128,16384,optimized_fused,4,1,100,641.139221191,5308416,8.27966192762,4194304,2909,true,1
fp16,16,64,16,128,16384,warp32_transform,4,2,100,545.120010376,8388608,15.3885526863,4194304,2909,true,1
fp16,16,64,16,128,16384,warp32_split,4,3,100,1214.60479736,13697024,11.2769388279,4194304,2909,true,1
fp16,16,64,16,128,16384,warp32_fused,4,4,100,668.396835327,5308416,7.94201246839,4194304,2909,true,1
fp16,16,64,16,128,16384,baseline_transform,4,5,100,835.161590576,8388608,10.0442933375,4194304,2909,true,1
fp16,16,64,16,128,16384,optimized_transform,4,6,100,873.734436035,8388608,9.60086686988,4194304,2909,true,1
fp16,16,64,16,128,16384,baseline_split,4,7,100,1550.38726807,13697024,8.83458235379,4194304,2909,true,1
fp16,16,64,16,128,16384,optimized_split,4,8,100,1469.44000244,13697024,9.32125433991,4194304,2909,true,1
fp16,1,1,1,256,1,baseline_transform,0,0,100,17.8944003582,1024,0.0572246054353,512,2909,true,1
fp16,1,1,1,256,1,optimized_transform,0,1,100,17.568000555,1024,0.0582877941512,512,2909,true,1
fp16,1,1,1,256,1,baseline_split,0,2,100,54.1311979294,1668,0.0308140234062,512,2909,true,1
fp16,1,1,1,256,1,optimized_split,0,3,100,33.5423994064,1668,0.0497281062034,512,2909,true,1
fp16,1,1,1,256,1,baseline_fused,0,4,100,39.7887992859,644,0.0161854595152,512,2909,true,1
fp16,1,1,1,256,1,optimized_fused,0,5,100,19.5071995258,644,0.033013452246,512,2909,true,1
fp16,1,1,1,256,1,warp32_transform,0,6,100,16.0640001297,1024,0.0637450194056,512,2909,true,1
fp16,1,1,1,256,1,warp32_split,0,7,100,33.9840006828,1668,0.0490819199178,512,2909,true,1
fp16,1,1,1,256,1,warp32_fused,0,8,100,18.630399704,644,0.0345671596011,512,2909,true,1
fp16,1,1,1,256,1,optimized_transform,1,0,100,17.5616002083,1024,0.0583090372093,512,2909,true,1
fp16,1,1,1,256,1,baseline_split,1,1,100,54.1311979294,1668,0.0308140234062,512,2909,true,1
fp16,1,1,1,256,1,optimized_split,1,2,100,33.670399189,1668,0.0495390622082,512,2909,true,1
fp16,1,1,1,256,1,baseline_fused,1,3,100,39.7952008247,644,0.0161828558885,512,2909,true,1
fp16,1,1,1,256,1,optimized_fused,1,4,100,19.5008003712,644,0.0330242855546,512,2909,true,1
fp16,1,1,1,256,1,warp32_transform,1,5,100,16.102399826,1024,0.0635930054565,512,2909,true,1
fp16,1,1,1,256,1,warp32_split,1,6,100,33.9840006828,1668,0.0490819199178,512,2909,true,1
fp16,1,1,1,256,1,warp32_fused,1,7,100,18.6816000938,644,0.0344724218892,512,2909,true,1
fp16,1,1,1,256,1,baseline_transform,1,8,100,17.9903995991,1024,0.0569192470885,512,2909,true,1
fp16,1,1,1,256,1,baseline_split,2,0,100,54.4384002686,1668,0.0306401362232,512,2909,true,1
fp16,1,1,1,256,1,optimized_split,2,1,100,33.5296010971,1668,0.0497470875114,512,2909,true,1
fp16,1,1,1,256,1,baseline_fused,2,2,100,39.8399996758,644,0.0161646587661,512,2909,true,1
fp16,1,1,1,256,1,optimized_fused,2,3,100,19.3983995914,644,0.0331986150179,512,2909,true,1
fp16,1,1,1,256,1,warp32_transform,2,4,100,16.2111997604,1024,0.0631662070132,512,2909,true,1
fp16,1,1,1,256,1,warp32_split,2,5,100,33.9903998375,1668,0.0490726795794,512,2909,true,1
fp16,1,1,1,256,1,warp32_fused,2,6,100,18.7776005268,644,0.0342961817236,512,2909,true,1
fp16,1,1,1,256,1,baseline_transform,2,7,100,17.8944003582,1024,0.0572246054353,512,2909,true,1
fp16,1,1,1,256,1,optimized_transform,2,8,100,17.5168001652,1024,0.0584581653238,512,2909,true,1
fp16,1,1,1,256,1,optimized_split,3,0,100,33.6448001862,1668,0.0495767545288,512,2909,true,1
fp16,1,1,1,256,1,baseline_fused,3,1,100,39.8848009109,644,0.0161465015568,512,2909,true,1
fp16,1,1,1,256,1,optimized_fused,3,2,100,19.3920004368,644,0.0332095702091,512,2909,true,1
fp16,1,1,1,256,1,warp32_transform,3,3,100,16.2111997604,1024,0.0631662070132,512,2909,true,1
fp16,1,1,1,256,1,warp32_split,3,4,100,33.977599144,1668,0.0490911671814,512,2909,true,1
fp16,1,1,1,256,1,warp32_fused,3,5,100,18.7583994865,644,0.0343312871901,512,2909,true,1
fp16,1,1,1,256,1,baseline_transform,3,6,100,17.8944003582,1024,0.0572246054353,512,2909,true,1
fp16,1,1,1,256,1,optimized_transform,3,7,100,17.5103998184,1024,0.0584795327702,512,2909,true,1
fp16,1,1,1,256,1,baseline_split,3,8,100,54.1120004654,1668,0.0308249553824,512,2909,true,1
fp16,1,1,1,256,1,baseline_fused,4,0,100,39.7887992859,644,0.0161854595152,512,2909,true,1
fp16,1,1,1,256,1,optimized_fused,4,1,100,19.5071995258,644,0.033013452246,512,2909,true,1
fp16,1,1,1,256,1,warp32_transform,4,2,100,16.0640001297,1024,0.0637450194056,512,2909,true,1
fp16,1,1,1,256,1,warp32_split,4,3,100,33.9967989922,1668,0.0490634427196,512,2909,true,1
fp16,1,1,1,256,1,warp32_fused,4,4,100,18.6688005924,644,0.0344960564987,512,2909,true,1
fp16,1,1,1,256,1,baseline_transform,4,5,100,18.0095994473,1024,0.0568585660664,512,2909,true,1
fp16,1,1,1,256,1,optimized_transform,4,6,100,17.4144005775,1024,0.058801909112,512,2909,true,1
fp16,1,1,1,256,1,baseline_split,4,7,100,54.1311979294,1668,0.0308140234062,512,2909,true,1
fp16,1,1,1,256,1,optimized_split,4,8,100,33.670399189,1668,0.0495390622082,512,2909,true,1
fp16,1,17,1,256,17,baseline_transform,0,0,100,19.8399996758,17408,0.877419369179,8704,2909,true,1
fp16,1,17,1,256,17,optimized_transform,0,1,100,19.3408000469,17408,0.900066179153,8704,2909,true,1
fp16,1,17,1,256,17,baseline_split,0,2,100,56.9984006882,28356,0.49748764277,8704,2909,true,1
fp16,1,17,1,256,17,optimized_split,0,3,100,35.2128005028,28356,0.805275342919,8704,2909,true,1
fp16,1,17,1,256,17,baseline_fused,0,4,100,41.0048007965,10948,0.266993127325,8704,2909,true,1
fp16,1,17,1,256,17,optimized_fused,0,5,100,20.5055999756,10948,0.533902934468,8704,2909,true,1
fp16,1,17,1,256,17,warp32_transform,0,6,100,22.6496005058,17408,0.768578677382,8704,2909,true,1
fp16,1,17,1,256,17,warp32_split,0,7,100,44.3455982208,28356,0.639432122638,8704,2909,true,1
fp16,1,17,1,256,17,warp32_fused,0,8,100,23.1744003296,10948,0.472417833657,8704,2909,true,1
fp16,1,17,1,256,17,optimized_transform,1,0,100,19.2960000038,17408,0.902155887052,8704,2909,true,1
fp16,1,17,1,256,17,baseline_split,1,1,100,57.0111989975,28356,0.497375962944,8704,2909,true,1
fp16,1,17,1,256,17,optimized_split,1,2,100,36.7680001259,28356,0.771214096576,8704,2909,true,1
fp16,1,17,1,256,17,baseline_fused,1,3,100,40.9984016418,10948,0.267034800421,8704,2909,true,1
fp16,1,17,1,256,17,optimized_fused,1,4,100,18.4767997265,10948,0.592526853246,8704,2909,true,1
fp16,1,17,1,256,17,warp32_transform,1,5,100,20.5760002136,17408,0.846034205835,8704,2909,true,1
fp16,1,17,1,256,17,warp32_split,1,6,100,40.4928016663,28356,0.700272612246,8704,2909,true,1
fp16,1,17,1,256,17,warp32_fused,1,7,100,23.1807994843,10948,0.472287420778,8704,2909,true,1
fp16,1,17,1,256,17,baseline_transform,1,8,100,19.7567999363,17408,0.881114353343,8704,2909,true,1
fp16,1,17,1,256,17,baseline_split,2,0,100,57.312002182,28356,0.4947654753,8704,2909,true,1
fp16,1,17,1,256,17,optimized_split,2,1,100,36.6271996498,28356,0.774178759804,8704,2909,true,1
fp16,1,17,1,256,17,baseline_fused,2,2,100,40.9535980225,10948,0.267326938991,8704,2909,true,1
fp16,1,17,1,256,17,optimized_fused,2,3,100,20.5503988266,10948,0.53273905253,8704,2909,true,1
fp16,1,17,1,256,17,warp32_transform,2,4,100,22.4575996399,17408,0.775149627705,8704,2909,true,1
fp16,1,17,1,256,17,warp32_split,2,5,100,44.1408014297,28356,0.642398848266,8704,2909,true,1
fp16,1,17,1,256,17,warp32_fused,2,6,100,23.0527997017,10948,0.474909778494,8704,2909,true,1
fp16,1,17,1,256,17,baseline_transform,2,7,100,19.788800478,17408,0.879689500097,8704,2909,true,1
fp16,1,17,1,256,17,optimized_transform,2,8,100,19.3216001987,17408,0.900960573707,8704,2909,true,1
fp16,1,17,1,256,17,optimized_split,3,0,100,36.7871999741,28356,0.770811587182,8704,2909,true,1
fp16,1,17,1,256,17,baseline_fused,3,1,100,40.9600019455,10948,0.267285143555,8704,2909,true,1
fp16,1,17,1,256,17,optimized_fused,3,2,100,20.5503988266,10948,0.53273905253,8704,2909,true,1
fp16,1,17,1,256,17,warp32_transform,3,3,100,22.4832010269,17408,0.774266972891,8704,2909,true,1
fp16,1,17,1,256,17,warp32_split,3,4,100,44.1215991974,28356,0.642678427705,8704,2909,true,1
fp16,1,17,1,256,17,warp32_fused,3,5,100,23.0591988564,10948,0.474777986356,8704,2909,true,1
fp16,1,17,1,256,17,baseline_transform,3,6,100,19.8272001743,17408,0.877985789569,8704,2909,true,1
fp16,1,17,1,256,17,optimized_transform,3,7,100,19.2895996571,17408,0.902455225069,8704,2909,true,1
fp16,1,17,1,256,17,baseline_split,3,8,100,57.0111989975,28356,0.497375962944,8704,2909,true,1
fp16,1,17,1,256,17,baseline_fused,4,0,100,41.0111999512,10948,0.266951467234,8704,2909,true,1
fp16,1,17,1,256,17,optimized_fused,4,1,100,20.5119991302,10948,0.533736372085,8704,2909,true,1
fp16,1,17,1,256,17,warp32_transform,4,2,100,22.6496005058,17408,0.768578677382,8704,2909,true,1
fp16,1,17,1,256,17,warp32_split,4,3,100,44.3391990662,28356,0.639524407234,8704,2909,true,1
fp16,1,17,1,256,17,warp32_fused,4,4,100,23.1807994843,10948,0.472287420778,8704,2909,true,1
fp16,1,17,1,256,17,baseline_transform,4,5,100,19.7311997414,17408,0.88225755292,8704,2909,true,1
fp16,1,17,1,256,17,optimized_transform,4,6,100,19.38560009,17408,0.897986129867,8704,2909,true,1
fp16,1,17,1,256,17,baseline_split,4,7,100,56.9920015335,28356,0.497543501492,8704,2909,true,1
fp16,1,17,1,256,17,optimized_split,4,8,100,36.7935991287,28356,0.770677527382,8704,2909,true,1
fp16,1,257,1,256,257,baseline_transform,0,0,100,49.8432016373,263168,5.27991764885,131584,2909,true,1
fp16,1,257,1,256,257,optimized_transform,0,1,100,52.633600235,263168,4.99999997768,131584,2909,true,1
fp16,1,257,1,256,257,baseline_split,0,2,100,149.017601013,428676,2.87668031887,131584,2909,true,1
fp16,1,257,1,256,257,optimized_split,0,3,100,92.1216011047,428676,4.65337114053,131584,2909,true,1
fp16,1,257,1,256,257,baseline_fused,0,4,100,108.473596573,165508,1.52579065532,131584,2909,true,1
fp16,1,257,1,256,257,optimized_fused,0,5,100,45.6831979752,165508,3.62295126733,131584,2909,true,1
fp16,1,257,1,256,257,warp32_transform,0,6,100,33.1263995171,263168,7.94435869387,131584,2909,true,1
fp16,1,257,1,256,257,warp32_split,0,7,100,72.4096012115,428676,5.92015413464,131584,2909,true,1
fp16,1,257,1,256,257,warp32_fused,0,8,100,37.59360075,165508,4.40255779436,131584,2909,true,1
fp16,1,257,1,256,257,optimized_transform,1,0,100,52.4736022949,263168,5.01524554234,131584,2909,true,1
fp16,1,257,1,256,257,baseline_split,1,1,100,149.132795334,428676,2.87445829095,131584,2909,true,1
fp16,1,257,1,256,257,optimized_split,1,2,100,91.8527984619,428676,4.66698899955,131584,2909,true,1
fp16,1,257,1,256,257,baseline_fused,1,3,100,108.479995728,165508,1.52570065006,131584,2909,true,1
fp16,1,257,1,256,257,optimized_fused,1,4,100,45.8879995346,165508,3.60678176601,131584,2909,true,1
fp16,1,257,1,256,257,warp32_transform,1,5,100,32.9087996483,263168,7.99688845575,131584,2909,true,1
fp16,1,257,1,256,257,warp32_split,1,6,100,73.0495977402,428676,5.86828693465,131584,2909,true,1
fp16,1,257,1,256,257,warp32_fused,1,7,100,37.331199646,165508,4.43350338509,131584,2909,true,1
fp16,1,257,1,256,257,baseline_transform,1,8,100,49.420800209,263168,5.32504530252,131584,2909,true,1
fp16,1,257,1,256,257,baseline_split,2,0,100,150.067195892,428676,2.85656033919,131584,2909,true,1
fp16,1,257,1,256,257,optimized_split,2,1,100,91.904001236,428676,4.66438886485,131584,2909,true,1
fp16,1,257,1,256,257,baseline_fused,2,2,100,108.390398026,165508,1.52696182517,131584,2909,true,1
fp16,1,257,1,256,257,optimized_fused,2,3,100,45.9456014633,165508,3.60225994935,131584,2909,true,1
fp16,1,257,1,256,257,warp32_transform,2,4,100,32.7552008629,263168,8.03438822133,131584,2909,true,1
fp16,1,257,1,256,257,warp32_split,2,5,100,72.3519992828,428676,5.92486737408,131584,2909,true,1
fp16,1,257,1,256,257,warp32_fused,2,6,100,38.6816000938,165508,4.27872682615,131584,2909,true,1
fp16,1,257,1,256,257,baseline_transform,2,7,100,50.3359985352,263168,5.22822647128,131584,2909,true,1
fp16,1,257,1,256,257,optimized_transform,2,8,100,52.8832006454,263168,4.97640076221,131584,2909,true,1
fp16,1,257,1,256,257,optimized_split,3,0,100,91.2063980103,428676,4.70006501026,131584,2909,true,1
fp16,1,257,1,256,257,baseline_fused,3,1,100,108.326396942,165508,1.52786398027,131584,2909,true,1
fp16,1,257,1,256,257,optimized_fused,3,2,100,45.7407999039,165508,3.61838884208,131584,2909,true,1
fp16,1,257,1,256,257,warp32_transform,3,3,100,32.633600235,263168,8.06432628043,131584,2909,true,1
fp16,1,257,1,256,257,warp32_split,3,4,100,72.588801384,428676,5.90553903394,131584,2909,true,1
fp16,1,257,1,256,257,warp32_fused,3,5,100,39.0271997452,165508,4.24083718741,131584,2909,true,1
fp16,1,257,1,256,257,baseline_transform,3,6,100,49.9264001846,263168,5.2711190678,131584,2909,true,1
fp16,1,257,1,256,257,optimized_transform,3,7,100,52.4864006042,263168,5.01402262244,131584,2909,true,1
fp16,1,257,1,256,257,baseline_split,3,8,100,148.652801514,428676,2.88373979928,131584,2909,true,1
fp16,1,257,1,256,257,baseline_fused,4,0,100,108.40959549,165508,1.52669142665,131584,2909,true,1
fp16,1,257,1,256,257,optimized_fused,4,1,100,45.7728004456,165508,3.61585916503,131584,2909,true,1
fp16,1,257,1,256,257,warp32_transform,4,2,100,32.441599369,263168,8.11205381727,131584,2909,true,1
fp16,1,257,1,256,257,warp32_split,4,3,100,72.1727991104,428676,5.93957841851,131584,2909,true,1
fp16,1,257,1,256,257,warp32_fused,4,4,100,37.6575994492,165508,4.39507569311,131584,2909,true,1
fp16,1,257,1,256,257,baseline_transform,4,5,100,49.3311977386,263168,5.3347174215,131584,2909,true,1
fp16,1,257,1,256,257,optimized_transform,4,6,100,52.6399993896,263168,4.99939215523,131584,2909,true,1
fp16,1,257,1,256,257,baseline_split,4,7,100,150.745601654,428676,2.84370485969,131584,2909,true,1
fp16,1,257,1,256,257,optimized_split,4,8,100,91.5839958191,428676,4.68068679649,131584,2909,true,1
fp16,4,64,16,256,4096,baseline_transform,0,0,100,443.667182922,4194304,9.45371702359,2097152,2909,true,1
fp16,4,64,16,256,4096,optimized_transform,0,1,100,387.302398682,4194304,10.8295327224,2097152,2909,true,1
fp16,4,64,16,256,4096,baseline_split,0,2,100,1106.51519775,6832128,6.17445473308,2097152,2909,true,1
fp16,4,64,16,256,4096,optimized_split,0,3,100,705.593566895,6832128,9.68280936867,2097152,2909,true,1
fp16,4,64,16,256,4096,baseline_fused,0,4,100,655.110397339,2637824,4.0265335594,2097152,2909,true,1
fp16,4,64,16,256,4096,optimized_fused,0,5,100,352.281608582,2637824,7.48782773708,2097152,2909,true,1
fp16,4,64,16,256,4096,warp32_transform,0,6,100,226.124801636,4194304,18.5486243422,2097152,2909,true,1
fp16,4,64,16,256,4096,warp32_split,0,7,100,579.955215454,6832128,11.7804406581,2097152,2909,true,1
fp16,4,64,16,256,4096,warp32_fused,0,8,100,350.310401917,2637824,7.52996195822,2097152,2909,true,1
fp16,4,64,16,256,4096,optimized_transform,1,0,100,386.470413208,4194304,10.8528463154,2097152,2909,true,1
fp16,4,64,16,256,4096,baseline_split,1,1,100,1102.08000183,6832128,6.19930312559,2097152,2909,true,1
fp16,4,64,16,256,4096,optimized_split,1,2,100,704.153594971,6832128,9.70261040886,2097152,2909,true,1
fp16,4,64,16,256,4096,baseline_fused,1,3,100,658.73916626,2637824,4.00435276223,2097152,2909,true,1
fp16,4,64,16,256,4096,optimized_fused,1,4,100,354.457588196,2637824,7.44186071295,2097152,2909,true,1
fp16,4,64,16,256,4096,warp32_transform,1,5,100,226.425590515,4194304,18.5239839298,2097152,2909,true,1
fp16,4,64,16,256,4096,warp32_split,1,6,100,579.878387451,6832128,11.7820014469,2097152,2909,true,1
fp16,4,64,16,256,4096,warp32_fused,1,7,100,350.99521637,2637824,7.51527051361,2097152,2909,true,1
fp16,4,64,16,256,4096,baseline_transform,1,8,100,441.401596069,4194304,9.50224022149,2097152,2909,true,1
fp16,4,64,16,256,4096,baseline_split,2,0,100,1102.79678345,6832128,6.19527378258,2097152,2909,true,1
fp16,4,64,16,256,4096,optimized_split,2,1,100,706.316833496,6832128,9.67289419705,2097152,2909,true,1
fp16,4,64,16,256,4096,baseline_fused,2,2,100,656.761627197,2637824,4.01641005011,2097152,2909,true,1
fp16,4,64,16,256,4096,optimized_fused,2,3,100,353.958396912,2637824,7.4523560481,2097152,2909,true,1
fp16,4,64,16,256,4096,warp32_transform,2,4,100,227.840003967,4194304,18.4089884435,2097152,2909,true,1
fp16,4,64,16,256,4096,warp32_split,2,5,100,582.067184448,6832128,11.7376965796,2097152,2909,true,1
fp16,4,64,16,256,4096,warp32_fused,2,6,100,351.520004272,2637824,7.5040508874,2097152,2909,true,1
fp16,4,64,16,256,4096,baseline_transform,2,7,100,442.470397949,4194304,9.47928724597,2097152,2909,true,1
fp16,4,64,16,256,4096,optimized_transform,2,8,100,387.200012207,4194304,10.8323963527,2097152,2909,true,1
fp16,4,64,16,256,4096,optimized_split,3,0,100,705.849609375,6832128,9.67929699083,2097152,2909,true,1
fp16,4,64,16,256,4096,baseline_fused,3,1,100,656.940765381,2637824,4.01531483355,2097152,2909,true,1
fp16,4,64,16,256,4096,optimized_fused,3,2,100,353.638381958,2637824,7.45909984486,2097152,2909,true,1
fp16,4,64,16,256,4096,warp32_transform,3,3,100,227.936000824,4194304,18.401235368,2097152,2909,true,1
fp16,4,64,16,256,4096,warp32_split,3,4,100,583.187217712,6832128,11.7151538863,2097152,2909,true,1
fp16,4,64,16,256,4096,warp32_fused,3,5,100,351.27040863,2637824,7.50938290044,2097152,2909,true,1
fp16,4,64,16,256,4096,baseline_transform,3,6,100,442.291183472,4194304,9.48312821223,2097152,2909,true,1
fp16,4,64,16,256,4096,optimized_transform,3,7,100,387.571182251,4194304,10.8220223589,2097152,2909,true,1
fp16,4,64,16,256,4096,baseline_split,3,8,100,1105.5039978,6832128,6.18010248138,2097152,2909,true,1
fp16,4,64,16,256,4096,baseline_fused,4,0,100,657.177581787,2637824,4.01386789979,2097152,2909,true,1
fp16,4,64,16,256,4096,optimized_fused,4,1,100,354.01599884,2637824,7.45114347555,2097152,2909,true,1
fp16,4,64,16,256,4096,warp32_transform,4,2,100,226.380805969,4194304,18.5276484994,2097152,2909,true,1
fp16,4,64,16,256,4096,warp32_split,4,3,100,579.430389404,6832128,11.791110934,2097152,2909,true,1
fp16,4,64,16,256,4096,warp32_fused,4,4,100,349.625587463,2637824,7.54471095533,2097152,2909,true,1
fp16,4,64,16,256,4096,baseline_transform,4,5,100,440.601615906,4194304,9.51949300362,2097152,2909,true,1
fp16,4,64,16,256,4096,optimized_transform,4,6,100,387.283210754,4194304,10.8300692711,2097152,2909,true,1
fp16,4,64,16,256,4096,baseline_split,4,7,100,1104.38400269,6832128,6.18636994323,2097152,2909,true,1
fp16,4,64,16,256,4096,optimized_split,4,8,100,706.464004517,6832128,9.67087913371,2097152,2909,true,1
fp16,16,64,16,256,16384,baseline_transform,0,0,100,1677.67684937,16777216,10.0002667417,8388608,2909,true,1
fp16,16,64,16,256,16384,optimized_transform,0,1,100,1483.8079834,16777216,11.3068646265,8388608,2909,true,1
fp16,16,64,16,256,16384,baseline_split,0,2,100,3950.06713867,27328512,6.91849303837,8388608,2909,true,1
fp16,16,64,16,256,16384,optimized_split,0,3,100,2079.60327148,27328512,13.14121418,8388608,2909,true,1
fp16,16,64,16,256,16384,baseline_fused,0,4,100,2368.36486816,10551296,4.45509732974,8388608,2909,true,1
fp16,16,64,16,256,16384,optimized_fused,0,5,100,726.214370728,10551296,14.5291754409,8388608,2909,true,1
fp16,16,64,16,256,16384,warp32_transform,0,6,100,877.152023315,16777216,19.1269193413,8388608,2909,true,1
fp16,16,64,16,256,16384,warp32_split,0,7,100,2282.0223999,27328512,11.9755669362,8388608,2909,true,1
fp16,16,64,16,256,16384,warp32_fused,0,8,100,1416.62078857,10551296,7.44821485404,8388608,2909,true,1
fp16,16,64,16,256,16384,optimized_transform,1,0,100,1484.43527222,16777216,11.3020866009,8388608,2909,true,1
fp16,16,64,16,256,16384,baseline_split,1,1,100,3952.62084961,27328512,6.91402313549,8388608,2909,true,1
fp16,16,64,16,256,16384,optimized_split,1,2,100,2080.54397583,27328512,13.135272466,8388608,2909,true,1
fp16,16,64,16,256,16384,baseline_fused,1,3,100,2369.2288208,10551296,4.4534727534,8388608,2909,true,1
fp16,16,64,16,256,16384,optimized_fused,1,4,100,725.836791992,10551296,14.5367334867,8388608,2909,true,1
fp16,16,64,16,256,16384,warp32_transform,1,5,100,877.497634888,16777216,19.1193860051,8388608,2909,true,1
fp16,16,64,16,256,16384,warp32_split,1,6,100,2281.84326172,27328512,11.976507089,8388608,2909,true,1
fp16,16,64,16,256,16384,warp32_fused,1,7,100,1418.07998657,10551296,7.44055067409,8388608,2909,true,1
fp16,16,64,16,256,16384,baseline_transform,1,8,100,1675.67367554,16777216,10.0122214993,8388608,2909,true,1
fp16,16,64,16,256,16384,baseline_split,2,0,100,3952.0703125,27328512,6.9149862829,8388608,2909,true,1
fp16,16,64,16,256,16384,optimized_split,2,1,100,2081.13922119,27328512,13.1315155285,8388608,2909,true,1
fp16,16,64,16,256,16384,baseline_fused,2,2,100,2369.08798218,10551296,4.45373750548,8388608,2909,true,1
fp16,16,64,16,256,16384,optimized_fused,2,3,100,725.222396851,10551296,14.5490487412,8388608,2909,true,1
fp16,16,64,16,256,16384,warp32_transform,2,4,100,877.305603027,16777216,19.1235710135,8388608,2909,true,1
fp16,16,64,16,256,16384,warp32_split,2,5,100,2280.62713623,27328512,11.982893462,8388608,2909,true,1
fp16,16,64,16,256,16384,warp32_fused,2,6,100,1419.53918457,10551296,7.43290225074,8388608,2909,true,1
fp16,16,64,16,256,16384,baseline_transform,2,7,100,1682.17605591,16777216,9.9735196807,8388608,2909,true,1
fp16,16,64,16,256,16384,optimized_transform,2,8,100,1482.37442017,16777216,11.317799182,8388608,2909,true,1
fp16,16,64,16,256,16384,optimized_split,3,0,100,2079.32800293,27328512,13.1429538589,8388608,2909,true,1
fp16,16,64,16,256,16384,baseline_fused,3,1,100,2368.10241699,10551296,4.4555910776,8388608,2909,true,1
fp16,16,64,16,256,16384,optimized_fused,3,2,100,725.235214233,10551296,14.5487916098,8388608,2909,true,1
fp16,16,64,16,256,16384,warp32_transform,3,3,100,876.371231079,16777216,19.1439602363,8388608,2909,true,1
fp16,16,64,16,256,16384,warp32_split,3,4,100,2280.99197388,27328512,11.9809768351,8388608,2909,true,1
fp16,16,64,16,256,16384,warp32_fused,3,5,100,1418.81607056,10551296,7.43669050482,8388608,2909,true,1
fp16,16,64,16,256,16384,baseline_transform,3,6,100,1685.99685669,16777216,9.95091772172,8388608,2909,true,1
fp16,16,64,16,256,16384,optimized_transform,3,7,100,1485.52963257,16777216,11.2937605768,8388608,2909,true,1
fp16,16,64,16,256,16384,baseline_split,3,8,100,3950.74554443,27328512,6.91730502323,8388608,2909,true,1
fp16,16,64,16,256,16384,baseline_fused,4,0,100,2369.35684204,10551296,4.45323212307,8388608,2909,true,1
fp16,16,64,16,256,16384,optimized_fused,4,1,100,725.356826782,10551296,14.546352375,8388608,2909,true,1
fp16,16,64,16,256,16384,warp32_transform,4,2,100,878.572769165,16777216,19.0959890732,8388608,2909,true,1
fp16,16,64,16,256,16384,warp32_split,4,3,100,2279.60952759,27328512,11.9882425781,8388608,2909,true,1
fp16,16,64,16,256,16384,warp32_fused,4,4,100,1416.64642334,10551296,7.44808007571,8388608,2909,true,1
fp16,16,64,16,256,16384,baseline_transform,4,5,100,1684.4543457,16777216,9.96003010874,8388608,2909,true,1
fp16,16,64,16,256,16384,optimized_transform,4,6,100,1483.94241333,16777216,11.3058403408,8388608,2909,true,1
fp16,16,64,16,256,16384,baseline_split,4,7,100,3947.24487305,27328512,6.92343973555,8388608,2909,true,1
fp16,16,64,16,256,16384,optimized_split,4,8,100,2080.67199707,27328512,13.1344642685,8388608,2909,true,1
bf16,1,1,1,64,1,baseline_transform,0,0,100,16.2303996086,256,0.0157728710428,128,2909,true,1
bf16,1,1,1,64,1,optimized_transform,0,1,100,15.7439994812,256,0.0162601631374,128,2909,true,1
bf16,1,1,1,64,1,baseline_split,0,2,100,35.9103989601,420,0.0116957764927,128,2909,true,1
bf16,1,1,1,64,1,optimized_split,0,3,100,30.9696006775,420,0.0135616860021,128,2909,true,1
bf16,1,1,1,64,1,baseline_fused,0,4,100,22.5279998779,164,0.0072798295849,128,2909,true,1
bf16,1,1,1,64,1,optimized_fused,0,5,100,17.7983999252,164,0.00921431143749,128,2909,true,1
bf16,1,1,1,64,1,warp32_transform,0,6,100,15.2831995487,256,0.0167504192551,128,2909,true,1
bf16,1,1,1,64,1,warp32_split,0,7,100,30.1823997498,420,0.0139153945174,128,2909,true,1
bf16,1,1,1,64,1,warp32_fused,0,8,100,15.5200004578,164,0.0105670099976,128,2909,true,1
bf16,1,1,1,64,1,optimized_transform,1,0,100,15.750399828,256,0.0162535556428,128,2909,true,1
bf16,1,1,1,64,1,baseline_split,1,1,100,36.0256004333,420,0.0116583761255,128,2909,true,1
bf16,1,1,1,64,1,optimized_split,1,2,100,31.0655999184,420,0.0135197775386,128,2909,true,1
bf16,1,1,1,64,1,baseline_fused,1,3,100,22.5343990326,164,0.00727776231187,128,2909,true,1
bf16,1,1,1,64,1,optimized_fused,1,4,100,17.7535998821,164,0.00923756314713,128,2909,true,1
bf16,1,1,1,64,1,warp32_transform,1,5,100,15.2831995487,256,0.0167504192551,128,2909,true,1
bf16,1,1,1,64,1,warp32_split,1,6,100,30.1823997498,420,0.0139153945174,128,2909,true,1
bf16,1,1,1,64,1,warp32_fused,1,7,100,15.513600111,164,0.0105713695613,128,2909,true,1
bf16,1,1,1,64,1,baseline_transform,1,8,100,16.2880003452,256,0.0157170920048,128,2909,true,1
bf16,1,1,1,64,1,baseline_split,2,0,100,36.0064005852,420,0.0116645927717,128,2909,true,1
bf16,1,1,1,64,1,optimized_split,2,1,100,31.0847997665,420,0.0135114269081,128,2909,true,1
bf16,1,1,1,64,1,baseline_fused,2,2,100,22.5920009613,164,0.00725920648998,128,2909,true,1
bf16,1,1,1,64,1,optimized_fused,2,3,100,17.6895999908,164,0.00927098408584,128,2909,true,1
bf16,1,1,1,64,1,warp32_transform,2,4,100,15.1935994625,256,0.0168492002591,128,2909,true,1
bf16,1,1,1,64,1,warp32_split,2,5,100,29.6896004677,420,0.0141463675288,128,2909,true,1
bf16,1,1,1,64,1,warp32_fused,2,6,100,15.417599678,164,0.0106371940785,128,2909,true,1
bf16,1,1,1,64,1,baseline_transform,2,7,100,16.2367999554,256,0.0157666535711,128,2909,true,1
bf16,1,1,1,64,1,optimized_transform,2,8,100,15.6991994381,256,0.0163065639754,128,2909,true,1
bf16,1,1,1,64,1,optimized_split,3,0,100,31.0911989212,420,0.0135086460019,128,2909,true,1
bf16,1,1,1,64,1,baseline_fused,3,1,100,22.5855994225,164,0.00726126399979,128,2909,true,1
bf16,1,1,1,64,1,optimized_fused,3,2,100,17.6960003376,164,0.00926763092627,128,2909,true,1
bf16,1,1,1,64,1,warp32_transform,3,3,100,15.1999998093,256,0.0168421054745,128,2909,true,1
bf16,1,1,1,64,1,warp32_split,3,4,100,29.9392008781,420,0.0140284305419,128,2909,true,1
bf16,1,1,1,64,1,warp32_fused,3,5,100,15.4367995262,164,0.0106239638418,128,2909,true,1
bf16,1,1,1,64,1,baseline_transform,3,6,100,16.1792004108,256,0.0158227844083,128,2909,true,1
bf16,1,1,1,64,1,optimized_transform,3,7,100,15.6991994381,256,0.0163065639754,128,2909,true,1
bf16,1,1,1,64,1,baseline_split,3,8,100,36.0448002815,420,0.0116521661022,128,2909,true,1
bf16,1,1,1,64,1,baseline_fused,4,0,100,22.5279998779,164,0.0072798295849,128,2909,true,1
bf16,1,1,1,64,1,optimized_fused,4,1,100,17.7535998821,164,0.00923756314713,128,2909,true,1
bf16,1,1,1,64,1,warp32_transform,4,2,100,15.2831995487,256,0.0167504192551,128,2909,true,1
bf16,1,1,1,64,1,warp32_split,4,3,100,30.1823997498,420,0.0139153945174,128,2909,true,1
bf16,1,1,1,64,1,warp32_fused,4,4,100,15.5007994175,164,0.0105800994892,128,2909,true,1
bf16,1,1,1,64,1,baseline_transform,4,5,100,16.2880003452,256,0.0157170920048,128,2909,true,1
bf16,1,1,1,64,1,optimized_transform,4,6,100,15.6224000454,256,0.0163867267037,128,2909,true,1
bf16,1,1,1,64,1,baseline_split,4,7,100,36.0191988945,420,0.0116604481191,128,2909,true,1
bf16,1,1,1,64,1,optimized_split,4,8,100,31.0911989212,420,0.0135086460019,128,2909,true,1
bf16,1,17,1,64,17,baseline_transform,0,0,100,17.7983999252,4352,0.244516362048,2176,2909,true,1
bf16,1,17,1,64,17,optimized_transform,0,1,100,17.3119997978,4352,0.251386324562,2176,2909,true,1
bf16,1,17,1,64,17,baseline_split,0,2,100,38.8287997246,7140,0.18388412855,2176,2909,true,1
bf16,1,17,1,64,17,optimized_split,0,3,100,34.2655992508,7140,0.208372249606,2176,2909,true,1
bf16,1,17,1,64,17,baseline_fused,0,4,100,24.012799263,2788,0.1161047477,2176,2909,true,1
bf16,1,17,1,64,17,optimized_fused,0,5,100,19.3087995052,2788,0.144390126338,2176,2909,true,1
bf16,1,17,1,64,17,warp32_transform,0,6,100,17.7983999252,4352,0.244516362048,2176,2909,true,1
bf16,1,17,1,64,17,warp32_split,0,7,100,34.3616008759,7140,0.207790085968,2176,2909,true,1
bf16,1,17,1,64,17,warp32_fused,0,8,100,17.7856004238,2788,0.156756023613,2176,2909,true,1
bf16,1,17,1,64,17,optimized_transform,1,0,100,17.3119997978,4352,0.251386324562,2176,2909,true,1
bf16,1,17,1,64,17,baseline_split,1,1,100,38.8351988792,7140,0.183853828641,2176,2909,true,1
bf16,1,17,1,64,17,optimized_split,1,2,100,34.2783999443,7140,0.208294436485,2176,2909,true,1
bf16,1,17,1,64,17,baseline_fused,1,3,100,24.012799263,2788,0.1161047477,2176,2909,true,1
bf16,1,17,1,64,17,optimized_fused,1,4,100,19.2960000038,2788,0.144485903786,2176,2909,true,1
bf16,1,17,1,64,17,warp32_transform,1,5,100,17.8240001202,4352,0.24416516891,2176,2909,true,1
bf16,1,17,1,64,17,warp32_split,1,6,100,34.3616008759,7140,0.207790085968,2176,2909,true,1
bf16,1,17,1,64,17,warp32_fused,1,7,100,17.8304004669,2788,0.156362163888,2176,2909,true,1
bf16,1,17,1,64,17,baseline_transform,1,8,100,17.708799839,4352,0.245753525906,2176,2909,true,1
bf16,1,17,1,64,17,baseline_split,2,0,100,38.323199749,7140,0.186310121461,2176,2909,true,1
bf16,1,17,1,64,17,optimized_split,2,1,100,34.2528009415,7140,0.208450106378,2176,2909,true,1
bf16,1,17,1,64,17,baseline_fused,2,2,100,23.9935994148,2788,0.116197655541,2176,2909,true,1
bf16,1,17,1,64,17,optimized_fused,2,3,100,19.3343997002,2788,0.144198942984,2176,2909,true,1
bf16,1,17,1,64,17,warp32_transform,2,4,100,17.6512002945,4352,0.246555470868,2176,2909,true,1
bf16,1,17,1,64,17,warp32_split,2,5,100,34.3359994888,7140,0.207945017075,2176,2909,true,1
bf16,1,17,1,64,17,warp32_fused,2,6,100,17.7152001858,2788,0.157378972338,2176,2909,true,1
bf16,1,17,1,64,17,baseline_transform,2,7,100,17.7535998821,4352,0.245133383026,2176,2909,true,1
bf16,1,17,1,64,17,optimized_transform,2,8,100,17.3055994511,4352,0.251479297918,2176,2909,true,1
bf16,1,17,1,64,17,optimized_split,3,0,100,34.2336010933,7140,0.208567015212,2176,2909,true,1
bf16,1,17,1,64,17,baseline_fused,3,1,100,24.012799263,2788,0.1161047477,2176,2909,true,1
bf16,1,17,1,64,17,optimized_fused,3,2,100,19.3087995052,2788,0.144390126338,2176,2909,true,1
bf16,1,17,1,64,17,warp32_transform,3,3,100,17.6768004894,4352,0.246198400135,2176,2909,true,1
bf16,1,17,1,64,17,warp32_split,3,4,100,34.3167996407,7140,0.208061359881,2176,2909,true,1
bf16,1,17,1,64,17,warp32_fused,3,5,100,17.7152001858,2788,0.157378972338,2176,2909,true,1
bf16,1,17,1,64,17,baseline_transform,3,6,100,17.7983999252,4352,0.244516362048,2176,2909,true,1
bf16,1,17,1,64,17,optimized_transform,3,7,100,17.260799408,4352,0.252132007165,2176,2909,true,1
bf16,1,17,1,64,17,baseline_split,3,8,100,38.8416004181,7140,0.183823527433,2176,2909,true,1
bf16,1,17,1,64,17,baseline_fused,4,0,100,24.012799263,2788,0.1161047477,2176,2909,true,1
bf16,1,17,1,64,17,optimized_fused,4,1,100,19.2576003075,2788,0.144774008988,2176,2909,true,1
bf16,1,17,1,64,17,warp32_transform,4,2,100,17.8367996216,4352,0.243989958531,2176,2909,true,1
bf16,1,17,1,64,17,warp32_split,4,3,100,34.4831991196,7140,0.207057354953,2176,2909,true,1
bf16,1,17,1,64,17,warp32_fused,4,4,100,17.8367996216,2788,0.156306067184,2176,2909,true,1
bf16,1,17,1,64,17,baseline_transform,4,5,100,17.7535998821,4352,0.245133383026,2176,2909,true,1
bf16,1,17,1,64,17,optimized_transform,4,6,100,17.3503994942,4352,0.25082995936,2176,2909,true,1
bf16,1,17,1,64,17,baseline_split,4,7,100,38.8287997246,7140,0.18388412855,2176,2909,true,1
bf16,1,17,1,64,17,optimized_split,4,8,100,34.2655992508,7140,0.208372249606,2176,2909,true,1
bf16,1,257,1,64,257,baseline_transform,0,0,100,38.8800001144,65792,1.69218106498,32896,2909,true,1
bf16,1,257,1,64,257,optimized_transform,0,1,100,37.5871992111,65792,1.75038314588,32896,2909,true,1
bf16,1,257,1,64,257,baseline_split,0,2,100,76.556801796,107940,1.40993350647,32896,2909,true,1
bf16,1,257,1,64,257,optimized_split,0,3,100,70.6303977966,107940,1.52823718069,32896,2909,true,1
bf16,1,257,1,64,257,baseline_fused,0,4,100,42.6304006577,42148,0.988684116259,32896,2909,true,1
bf16,1,257,1,64,257,optimized_fused,0,5,100,37.4783992767,42148,1.12459445476,32896,2909,true,1
bf16,1,257,1,64,257,warp32_transform,0,6,100,21.7280006409,65792,3.02798223764,32896,2909,true,1
bf16,1,257,1,64,257,warp32_split,0,7,100,42.7648019791,107940,2.52403834473,32896,2909,true,1
bf16,1,257,1,64,257,warp32_fused,0,8,100,21.4847993851,42148,1.96175906717,32896,2909,true,1
bf16,1,257,1,64,257,optimized_transform,1,0,100,37.6191997528,65792,1.74889419319,32896,2909,true,1
bf16,1,257,1,64,257,baseline_split,1,1,100,76.9536018372,107940,1.40266338967,32896,2909,true,1
bf16,1,257,1,64,257,optimized_split,1,2,100,71.0143995285,107940,1.51997342393,32896,2909,true,1
bf16,1,257,1,64,257,baseline_fused,1,3,100,42.6304006577,42148,0.988684116259,32896,2909,true,1
bf16,1,257,1,64,257,optimized_fused,1,4,100,37.3632001877,42148,1.12806183058,32896,2909,true,1
bf16,1,257,1,64,257,warp32_transform,1,5,100,21.676800251,65792,3.03513430203,32896,2909,true,1
bf16,1,257,1,64,257,warp32_split,1,6,100,42.9568004608,107940,2.51275697543,32896,2909,true,1
bf16,1,257,1,64,257,warp32_fused,1,7,100,21.299200058,42148,1.97885366048,32896,2909,true,1
bf16,1,257,1,64,257,baseline_transform,1,8,100,38.1311988831,65792,1.72541126236,32896,2909,true,1
bf16,1,257,1,64,257,baseline_split,2,0,100,77.5487995148,107940,1.39189775568,32896,2909,true,1
bf16,1,257,1,64,257,optimized_split,2,1,100,71.360001564,107940,1.51261207447,32896,2909,true,1
bf16,1,257,1,64,257,baseline_fused,2,2,100,42.5279998779,42148,0.991064713153,32896,2909,true,1
bf16,1,257,1,64,257,optimized_fused,2,3,100,38.2399988174,42148,1.1021966868,32896,2909,true,1
bf16,1,257,1,64,257,warp32_transform,2,4,100,21.4016008377,65792,3.0741625591,32896,2909,true,1
bf16,1,257,1,64,257,warp32_split,2,5,100,42.9631996155,107940,2.51238271279,32896,2909,true,1
bf16,1,257,1,64,257,warp32_fused,2,6,100,21.2928009033,42148,1.97944836808,32896,2909,true,1
bf16,1,257,1,64,257,baseline_transform,2,7,100,38.8671994209,65792,1.69273837529,32896,2909,true,1
bf16,1,257,1,64,257,optimized_transform,2,8,100,37.5167989731,65792,1.75366773821,32896,2909,true,1
bf16,1,257,1,64,257,optimized_split,3,0,100,71.360001564,107940,1.51261207447,32896,2909,true,1
bf16,1,257,1,64,257,baseline_fused,3,1,100,42.5407981873,42148,0.990766553427,32896,2909,true,1
bf16,1,257,1,64,257,optimized_fused,3,2,100,38.3039999008,42148,1.10035505715,32896,2909,true,1
bf16,1,257,1,64,257,warp32_transform,3,3,100,21.4592003822,65792,3.06591106976,32896,2909,true,1
bf16,1,257,1,64,257,warp32_split,3,4,100,42.6495981216,107940,2.5308562039,32896,2909,true,1
bf16,1,257,1,64,257,warp32_fused,3,5,100,21.414399147,42148,1.96820838682,32896,2909,true,1
bf16,1,257,1,64,257,baseline_transform,3,6,100,38.9247989655,65792,1.69023352075,32896,2909,true,1
bf16,1,257,1,64,257,optimized_transform,3,7,100,37.4399995804,65792,1.75726497696,32896,2909,true,1
bf16,1,257,1,64,257,baseline_split,3,8,100,76.9407987595,107940,1.4028967952,32896,2909,true,1
bf16,1,257,1,64,257,baseline_fused,4,0,100,42.6047992706,42148,0.989278220331,32896,2909,true,1
bf16,1,257,1,64,257,optimized_fused,4,1,100,37.4528002739,42148,1.12536311549,32896,2909,true,1
bf16,1,257,1,64,257,warp32_transform,4,2,100,21.6896009445,65792,3.03334303698,32896,2909,true,1
bf16,1,257,1,64,257,warp32_split,4,3,100,42.7072000504,107940,2.52744267647,32896,2909,true,1
bf16,1,257,1,64,257,warp32_fused,4,4,100,21.4784002304,42148,1.96234354272,32896,2909,true,1
bf16,1,257,1,64,257,baseline_transform,4,5,100,38.3103990555,65792,1.71734050342,32896,2909,true,1
bf16,1,257,1,64,257,optimized_transform,4,6,100,37.401599884,65792,1.75906913619,32896,2909,true,1
bf16,1,257,1,64,257,baseline_split,4,7,100,77.5487995148,107940,1.39189775568,32896,2909,true,1
bf16,1,257,1,64,257,optimized_split,4,8,100,71.334400177,107940,1.51315493972,32896,2909,true,1
bf16,4,64,16,64,4096,baseline_transform,0,0,100,164.895992279,1048576,6.35901446425,524288,2909,true,1
bf16,4,64,16,64,4096,optimized_transform,0,1,100,157.260799408,1048576,6.66775193785,524288,2909,true,1
bf16,4,64,16,64,4096,baseline_split,0,2,100,303.19360733,1720320,5.67399825856,524288,2909,true,1
bf16,4,64,16,64,4096,optimized_split,0,3,100,276.851196289,1720320,6.21387959691,524288,2909,true,1
bf16,4,64,16,64,4096,baseline_fused,0,4,100,155.628795624,671744,4.31632203608,524288,2909,true,1
bf16,4,64,16,64,4096,optimized_fused,0,5,100,130.592002869,671744,5.14383718179,524288,2909,true,1
bf16,4,64,16,64,4096,warp32_transform,0,6,100,92.7616024017,1048576,11.3039875644,524288,2909,true,1
bf16,4,64,16,64,4096,warp32_split,0,7,100,245.055999756,1720320,7.02010969621,524288,2909,true,1
bf16,4,64,16,64,4096,warp32_fused,0,8,100,148.640003204,671744,4.51926793271,524288,2909,true,1
bf16,4,64,16,64,4096,optimized_transform,1,0,100,158.201599121,1048576,6.62809987905,524288,2909,true,1
bf16,4,64,16,64,4096,baseline_split,1,1,100,305.241603851,1720320,5.63592897657,524288,2909,true,1
bf16,4,64,16,64,4096,optimized_split,1,2,100,277.068805695,1720320,6.20899922562,524288,2909,true,1
bf16,4,64,16,64,4096,baseline_fused,1,3,100,155.558395386,671744,4.31827545106,524288,2909,true,1
bf16,4,64,16,64,4096,optimized_fused,1,4,100,130.85439682,671744,5.13352257413,524288,2909,true,1
bf16,4,64,16,64,4096,warp32_transform,1,5,100,91.5520000458,1048576,11.453337988,524288,2909,true,1
bf16,4,64,16,64,4096,warp32_split,1,6,100,244.812793732,1720320,7.02708373111,524288,2909,true,1
bf16,4,64,16,64,4096,warp32_fused,1,7,100,148.057603836,671744,4.53704492438,524288,2909,true,1
bf16,4,64,16,64,4096,baseline_transform,1,8,100,164.742393494,1048576,6.36494333828,524288,2909,true,1
bf16,4,64,16,64,4096,baseline_split,2,0,100,303.961601257,1720320,5.65966224972,524288,2909,true,1
bf16,4,64,16,64,4096,optimized_split,2,1,100,276.499195099,1720320,6.22179026375,524288,2909,true,1
bf16,4,64,16,64,4096,baseline_fused,2,2,100,154.457597733,671744,4.34905119503,524288,2909,true,1
bf16,4,64,16,64,4096,optimized_fused,2,3,100,130.464000702,671744,5.14888395562,524288,2909,true,1
bf16,4,64,16,64,4096,warp32_transform,2,4,100,90.054397583,1048576,11.6438067229,524288,2909,true,1
bf16,4,64,16,64,4096,warp32_split,2,5,100,245.331192017,1720320,7.01223511719,524288,2909,true,1
bf16,4,64,16,64,4096,warp32_fused,2,6,100,147.603197098,671744,4.55101253366,524288,2909,true,1
bf16,4,64,16,64,4096,baseline_transform,2,7,100,164.761600494,1048576,6.36420134821,524288,2909,true,1
bf16,4,64,16,64,4096,optimized_transform,2,8,100,158.09920311,1048576,6.63239269633,524288,2909,true,1
bf16,4,64,16,64,4096,optimized_split,3,0,100,276.115207672,1720320,6.23044277243,524288,2909,true,1
bf16,4,64,16,64,4096,baseline_fused,3,1,100,155.545597076,671744,4.31863075925,524288,2909,true,1
bf16,4,64,16,64,4096,optimized_fused,3,2,100,131.328001022,671744,5.11500970677,524288,2909,true,1
bf16,4,64,16,64,4096,warp32_transform,3,3,100,91.0400009155,1048576,11.5177503235,524288,2909,true,1
bf16,4,64,16,64,4096,warp32_split,3,4,100,244.428806305,1720320,7.03812298561,524288,2909,true,1
bf16,4,64,16,64,4096,warp32_fused,3,5,100,147.302398682,671744,4.56030591499,524288,2909,true,1
bf16,4,64,16,64,4096,baseline_transform,3,6,100,165.164794922,1048576,6.34866528606,524288,2909,true,1
bf16,4,64,16,64,4096,optimized_transform,3,7,100,157.567996979,1048576,6.65475236156,524288,2909,true,1
bf16,4,64,16,64,4096,baseline_split,3,8,100,303.071994781,1720320,5.67627504231,524288,2909,true,1
bf16,4,64,16,64,4096,baseline_fused,4,0,100,155.756797791,671744,4.31277484854,524288,2909,true,1
bf16,4,64,16,64,4096,optimized_fused,4,1,100,131.09120369,671744,5.12424923331,524288,2909,true,1
bf16,4,64,16,64,4096,warp32_transform,4,2,100,92.5183963776,1048576,11.3337027127,524288,2909,true,1
bf16,4,64,16,64,4096,warp32_split,4,3,100,244.358406067,1720320,7.04015068558,524288,2909,true,1
bf16,4,64,16,64,4096,warp32_fused,4,4,100,147.731199265,671744,4.5470692944,524288,2909,true,1
bf16,4,64,16,64,4096,baseline_transform,4,5,100,163.999996185,1048576,6.39375624628,524288,2909,true,1
bf16,4,64,16,64,4096,optimized_transform,4,6,100,157.798404694,1048576,6.64503549346,524288,2909,true,1
bf16,4,64,16,64,4096,baseline_split,4,7,100,303.788795471,1720320,5.66288166531,524288,2909,true,1
bf16,4,64,16,64,4096,optimized_split,4,8,100,277.209606171,1720320,6.20584554686,524288,2909,true,1
bf16,16,64,16,64,16384,baseline_transform,0,0,100,466.62399292,4194304,8.98861623843,2097152,2909,true,1
bf16,16,64,16,64,16384,optimized_transform,0,1,100,461.727981567,4194304,9.08392856279,2097152,2909,true,1
bf16,16,64,16,64,16384,baseline_split,0,2,100,973.593597412,6881280,7.06791829598,2097152,2909,true,1
bf16,16,64,16,64,16384,optimized_split,0,3,100,904.211196899,6881280,7.61025745268,2097152,2909,true,1
bf16,16,64,16,64,16384,baseline_fused,0,4,100,567.449607849,2686976,4.73517993992,2097152,2909,true,1
bf16,16,64,16,64,16384,optimized_fused,0,5,100,476.851196289,2686976,5.63483120292,2097152,2909,true,1
bf16,16,64,16,64,16384,warp32_transform,0,6,100,343.232002258,4194304,12.2200260244,2097152,2909,true,1
bf16,16,64,16,64,16384,warp32_split,0,7,100,896.595230103,6881280,7.67490141478,2097152,2909,true,1
bf16,16,64,16,64,16384,warp32_fused,0,8,100,541.721611023,2686976,4.96006794879,2097152,2909,true,1
bf16,16,64,16,64,16384,optimized_transform,1,0,100,462.483215332,4194304,9.06909453349,2097152,2909,true,1
bf16,16,64,16,64,16384,baseline_split,1,1,100,973.606414795,6881280,7.06782524789,2097152,2909,true,1
bf16,16,64,16,64,16384,optimized_split,1,2,100,906.464004517,6881280,7.59134390965,2097152,2909,true,1
bf16,16,64,16,64,16384,baseline_fused,1,3,100,566.451187134,2686976,4.74352611669,2097152,2909,true,1
bf16,16,64,16,64,16384,optimized_fused,1,4,100,476.959991455,2686976,5.63354589093,2097152,2909,true,1
bf16,16,64,16,64,16384,warp32_transform,1,5,100,341.625595093,4194304,12.2774875778,2097152,2909,true,1
bf16,16,64,16,64,16384,warp32_split,1,6,100,892.876815796,6881280,7.70686378934,2097152,2909,true,1
bf16,16,64,16,64,16384,warp32_fused,1,7,100,536.703987122,2686976,5.00643942373,2097152,2909,true,1
bf16,16,64,16,64,16384,baseline_transform,1,8,100,466.240005493,4194304,8.99601911158,2097152,2909,true,1
bf16,16,64,16,64,16384,baseline_split,2,0,100,975.263977051,6881280,7.05581274601,2097152,2909,true,1
bf16,16,64,16,64,16384,optimized_split,2,1,100,906.854400635,6881280,7.58807587545,2097152,2909,true,1
bf16,16,64,16,64,16384,baseline_fused,2,2,100,567.26398468,2686976,4.73672941094,2097152,2909,true,1
bf16,16,64,16,64,16384,optimized_fused,2,3,100,477.420806885,2686976,5.62810828781,2097152,2909,true,1
bf16,16,64,16,64,16384,warp32_transform,2,4,100,338.310394287,4194304,12.3977982079,2097152,2909,true,1
bf16,16,64,16,64,16384,warp32_split,2,5,100,880.742416382,6881280,7.81304484945,2097152,2909,true,1
bf16,16,64,16,64,16384,warp32_fused,2,6,100,534.47681427,2686976,5.02730133143,2097152,2909,true,1
bf16,16,64,16,64,16384,baseline_transform,2,7,100,468.108787537,4194304,8.96010523979,2097152,2909,true,1
bf16,16,64,16,64,16384,optimized_transform,2,8,100,461.375999451,4194304,9.09085865973,2097152,2909,true,1
bf16,16,64,16,64,16384,optimized_split,3,0,100,906.502380371,6881280,7.59102253784,2097152,2909,true,1
bf16,16,64,16,64,16384,baseline_fused,3,1,100,567.590408325,2686976,4.73400529781,2097152,2909,true,1
bf16,16,64,16,64,16384,optimized_fused,3,2,100,477.587203979,2686976,5.62614738756,2097152,2909,true,1
bf16,16,64,16,64,16384,warp32_transform,3,3,100,335.641593933,4194304,12.4963773138,2097152,2909,true,1
bf16,16,64,16,64,16384,warp32_split,3,4,100,884.345626831,6881280,7.78121109125,2097152,2909,true,1
bf16,16,64,16,64,16384,warp32_fused,3,5,100,537.036781311,2686976,5.00333700318,2097152,2909,true,1
bf16,16,64,16,64,16384,baseline_transform,3,6,100,467.238388062,4194304,8.97679665706,2097152,2909,true,1
bf16,16,64,16,64,16384,optimized_transform,3,7,100,462.387199402,4194304,9.07097775506,2097152,2909,true,1
bf16,16,64,16,64,16384,baseline_split,3,8,100,973.811187744,6881280,7.06633902609,2097152,2909,true,1
bf16,16,64,16,64,16384,baseline_fused,4,0,100,567.05280304,2686976,4.73849346233,2097152,2909,true,1
bf16,16,64,16,64,16384,optimized_fused,4,1,100,475.264015198,2686976,5.65364915937,2097152,2909,true,1
bf16,16,64,16,64,16384,warp32_transform,4,2,100,342.87361145,4194304,12.2327990838,2097152,2909,true,1
bf16,16,64,16,64,16384,warp32_split,4,3,100,891.193618774,6881280,7.72141973981,2097152,2909,true,1
bf16,16,64,16,64,16384,warp32_fused,4,4,100,530.982398987,2686976,5.06038619195,2097152,2909,true,1
bf16,16,64,16,64,16384,baseline_transform,4,5,100,466.643218994,4194304,8.98824590024,2097152,2909,true,1
bf16,16,64,16,64,16384,optimized_transform,4,6,100,462.719993591,4194304,9.06445379083,2097152,2909,true,1
bf16,16,64,16,64,16384,baseline_split,4,7,100,973.465576172,6881280,7.0688478036,2097152,2909,true,1
bf16,16,64,16,64,16384,optimized_split,4,8,100,908.262405396,6881280,7.57631270338,2097152,2909,true,1
bf16,1,1,1,128,1,baseline_transform,0,0,100,16.7296004295,512,0.0306044368577,256,2909,true,1
bf16,1,1,1,128,1,optimized_transform,0,1,100,16.435199976,512,0.0311526480206,256,2909,true,1
bf16,1,1,1,128,1,baseline_split,0,2,100,41.913599968,836,0.0199457932661,256,2909,true,1
bf16,1,1,1,128,1,optimized_split,0,3,100,32.0384001732,836,0.0260936874339,256,2909,true,1
bf16,1,1,1,128,1,baseline_fused,0,4,100,28.3455991745,324,0.0114303457833,256,2909,true,1
bf16,1,1,1,128,1,optimized_fused,0,5,100,18.419200182,324,0.0175903403405,256,2909,true,1
bf16,1,1,1,128,1,warp32_transform,0,6,100,15.2831995487,512,0.0335008385101,256,2909,true,1
bf16,1,1,1,128,1,warp32_split,0,7,100,30.6240010262,836,0.02729884966,256,2909,true,1
bf16,1,1,1,128,1,warp32_fused,0,8,100,16.8063998222,324,0.0192783703486,256,2909,true,1
bf16,1,1,1,128,1,optimized_transform,1,0,100,16.3903999329,512,0.0312377978632,256,2909,true,1
bf16,1,1,1,128,1,baseline_split,1,1,100,41.8943977356,836,0.0199549353896,256,2909,true,1
bf16,1,1,1,128,1,optimized_split,1,2,100,32.0447993279,836,0.0260884766806,256,2909,true,1
bf16,1,1,1,128,1,baseline_fused,1,3,100,28.3200001717,324,0.0114406778968,256,2909,true,1
bf16,1,1,1,128,1,optimized_fused,1,4,100,18.419200182,324,0.0175903403405,256,2909,true,1
bf16,1,1,1,128,1,warp32_transform,1,5,100,15.2639997005,512,0.0335429775973,256,2909,true,1
bf16,1,1,1,128,1,warp32_split,1,6,100,30.7583999634,836,0.02717956724,256,2909,true,1
bf16,1,1,1,128,1,warp32_fused,1,7,100,16.7999994755,324,0.0192857148878,256,2909,true,1
bf16,1,1,1,128,1,baseline_transform,1,8,100,16.812800169,512,0.0304529878934,256,2909,true,1
bf16,1,1,1,128,1,baseline_split,2,0,100,41.9072008133,836,0.0199488389531,256,2909,true,1
bf16,1,1,1,128,1,optimized_split,2,1,100,32.0512008667,836,0.0260832660678,256,2909,true,1
bf16,1,1,1,128,1,baseline_fused,2,2,100,28.4351992607,324,0.0113943284529,256,2909,true,1
bf16,1,1,1,128,1,optimized_fused,2,3,100,18.323199749,324,0.0176825011154,256,2909,true,1
bf16,1,1,1,128,1,warp32_transform,2,4,100,15.2447998524,512,0.0335852228273,256,2909,true,1
bf16,1,1,1,128,1,warp32_split,2,5,100,30.6112003326,836,0.027310265227,256,2909,true,1
bf16,1,1,1,128,1,warp32_fused,2,6,100,16.8640005589,324,0.0192125230825,256,2909,true,1
bf16,1,1,1,128,1,baseline_transform,2,7,100,16.6848003864,512,0.0306866122544,256,2909,true,1
bf16,1,1,1,128,1,optimized_transform,2,8,100,16.4287996292,512,0.0311647844977,256,2909,true,1
bf16,1,1,1,128,1,optimized_split,3,0,100,32.0512008667,836,0.0260832660678,256,2909,true,1
bf16,1,1,1,128,1,baseline_fused,3,1,100,28.4479999542,324,0.0113892013682,256,2909,true,1
bf16,1,1,1,128,1,optimized_fused,3,2,100,18.3615994453,324,0.0176455216205,256,2909,true,1
bf16,1,1,1,128,1,warp32_transform,3,3,100,15.1935994625,512,0.0336984005182,256,2909,true,1
bf16,1,1,1,128,1,warp32_split,3,4,100,30.4959988594,836,0.027413432295,256,2909,true,1
bf16,1,1,1,128,1,warp32_fused,3,5,100,16.8447995186,324,0.0192344230421,256,2909,true,1
bf16,1,1,1,128,1,baseline_transform,3,6,100,16.7232000828,512,0.0306161498676,256,2909,true,1
bf16,1,1,1,128,1,optimized_transform,3,7,100,16.3776004314,512,0.0312622109779,256,2909,true,1
bf16,1,1,1,128,1,baseline_split,3,8,100,41.9072008133,836,0.0199488389531,256,2909,true,1
bf16,1,1,1,128,1,baseline_fused,4,0,100,28.3455991745,324,0.0114303457833,256,2909,true,1
bf16,1,1,1,128,1,optimized_fused,4,1,100,18.419200182,324,0.0175903403405,256,2909,true,1
bf16,1,1,1,128,1,warp32_transform,4,2,100,15.2831995487,512,0.0335008385101,256,2909,true,1
bf16,1,1,1,128,1,warp32_split,4,3,100,30.7520008087,836,0.0271852230104,256,2909,true,1
bf16,1,1,1,128,1,warp32_fused,4,4,100,16.7936003208,324,0.0192930636558,256,2909,true,1
bf16,1,1,1,128,1,baseline_transform,4,5,100,16.8192005157,512,0.030441399371,256,2909,true,1
bf16,1,1,1,128,1,optimized_transform,4,6,100,16.3328003883,512,0.0313479616371,256,2909,true,1
bf16,1,1,1,128,1,baseline_split,4,7,100,41.9072008133,836,0.0199488389531,256,2909,true,1
bf16,1,1,1,128,1,optimized_split,4,8,100,32.0512008667,836,0.0260832660678,256,2909,true,1
bf16,1,17,1,128,17,baseline_transform,0,0,100,18.7904000282,8704,0.46321525816,4352,2909,true,1
bf16,1,17,1,128,17,optimized_transform,0,1,100,18.4959995747,8704,0.470588246116,4352,2909,true,1
bf16,1,17,1,128,17,baseline_split,0,2,100,45.2159976959,14212,0.314313533356,4352,2909,true,1
bf16,1,17,1,128,17,optimized_split,0,3,100,35.5776000023,14212,0.399464831779,4352,2909,true,1
bf16,1,17,1,128,17,baseline_fused,0,4,100,29.8368000984,5508,0.184604246495,4352,2909,true,1
bf16,1,17,1,128,17,optimized_fused,0,5,100,19.9872004986,5508,0.275576362002,4352,2909,true,1
bf16,1,17,1,128,17,warp32_transform,0,6,100,19.8976004124,8704,0.437439682153,4352,2909,true,1
bf16,1,17,1,128,17,warp32_split,0,7,100,36.9984006882,14212,0.384124711762,4352,2909,true,1
bf16,1,17,1,128,17,warp32_fused,0,8,100,18.8991999626,5508,0.291440908128,4352,2909,true,1
bf16,1,17,1,128,17,optimized_transform,1,0,100,18.5023999214,8704,0.470425460317,4352,2909,true,1
bf16,1,17,1,128,17,baseline_split,1,1,100,41.4975976944,14212,0.342477656289,4352,2909,true,1
bf16,1,17,1,128,17,optimized_split,1,2,100,35.4239988327,14212,0.401196941856,4352,2909,true,1
bf16,1,17,1,128,17,baseline_fused,1,3,100,29.8239994049,5508,0.18468348008,4352,2909,true,1
bf16,1,17,1,128,17,optimized_fused,1,4,100,19.9872004986,5508,0.275576362002,4352,2909,true,1
bf16,1,17,1,128,17,warp32_transform,1,5,100,19.9424004555,8704,0.43645698618,4352,2909,true,1
bf16,1,17,1,128,17,warp32_split,1,6,100,37.1392011642,14212,0.382668435359,4352,2909,true,1
bf16,1,17,1,128,17,warp32_fused,1,7,100,18.8927996159,5508,0.291539640074,4352,2909,true,1
bf16,1,17,1,128,17,baseline_transform,1,8,100,18.7328004837,8704,0.464639550695,4352,2909,true,1
bf16,1,17,1,128,17,baseline_split,2,0,100,45.1391983032,14212,0.314848303342,4352,2909,true,1
bf16,1,17,1,128,17,optimized_split,2,1,100,35.724799633,14212,0.397818886208,4352,2909,true,1
bf16,1,17,1,128,17,baseline_fused,2,2,100,29.8047995567,5508,0.184802450676,4352,2909,true,1
bf16,1,17,1,128,17,optimized_fused,2,3,100,20.044798851,5508,0.27478449851,4352,2909,true,1
bf16,1,17,1,128,17,warp32_transform,2,4,100,19.7759997845,8704,0.440129454635,4352,2909,true,1
bf16,1,17,1,128,17,warp32_split,2,5,100,37.0047998428,14212,0.384058285962,4352,2909,true,1
bf16,1,17,1,128,17,warp32_fused,2,6,100,18.7776005268,5508,0.29332821263,4352,2909,true,1
bf16,1,17,1,128,17,baseline_transform,2,7,100,18.7647998333,8704,0.463847207395,4352,2909,true,1
bf16,1,17,1,128,17,optimized_transform,2,8,100,18.5023999214,8704,0.470425460317,4352,2909,true,1
bf16,1,17,1,128,17,optimized_split,3,0,100,35.7184004784,14212,0.397890157724,4352,2909,true,1
bf16,1,17,1,128,17,baseline_fused,3,1,100,29.8431992531,5508,0.184564662565,4352,2909,true,1
bf16,1,17,1,128,17,optimized_fused,3,2,100,20.044798851,5508,0.27478449851,4352,2909,true,1
bf16,1,17,1,128,17,warp32_transform,3,3,100,19.8080003262,8704,0.439418409566,4352,2909,true,1
bf16,1,17,1,128,17,warp32_split,3,4,100,37.0111989975,14212,0.383991883131,4352,2909,true,1
bf16,1,17,1,128,17,warp32_fused,3,5,100,18.7776005268,5508,0.29332821263,4352,2909,true,1
bf16,1,17,1,128,17,baseline_transform,3,6,100,18.7455999851,8704,0.464322294667,4352,2909,true,1
bf16,1,17,1,128,17,optimized_transform,3,7,100,18.4959995747,8704,0.470588246116,4352,2909,true,1
bf16,1,17,1,128,17,baseline_split,3,8,100,45.2031993866,14212,0.314402524442,4352,2909,true,1
bf16,1,17,1,128,17,baseline_fused,4,0,100,29.8559999466,5508,0.184485530877,4352,2909,true,1
bf16,1,17,1,128,17,optimized_fused,4,1,100,19.9935996532,5508,0.275488160988,4352,2909,true,1
bf16,1,17,1,128,17,warp32_transform,4,2,100,19.8912000656,8704,0.437580436137,4352,2909,true,1
bf16,1,17,1,128,17,warp32_split,4,3,100,36.9984006882,14212,0.384124711762,4352,2909,true,1
bf16,1,17,1,128,17,warp32_fused,4,4,100,18.8927996159,5508,0.291539640074,4352,2909,true,1
bf16,1,17,1,128,17,baseline_transform,4,5,100,18.6751997471,8704,0.466072658814,4352,2909,true,1
bf16,1,17,1,128,17,optimized_transform,4,6,100,18.5280001163,8704,0.469775472007,4352,2909,true,1
bf16,1,17,1,128,17,baseline_split,4,7,100,45.3951978683,14212,0.313072762481,4352,2909,true,1
bf16,1,17,1,128,17,optimized_split,4,8,100,35.7312011719,14212,0.397747613679,4352,2909,true,1
bf16,1,257,1,128,257,baseline_transform,0,0,100,43.302397728,131584,3.03872318634,65792,2909,true,1
bf16,1,257,1,128,257,optimized_transform,0,1,100,42.2527980804,131584,3.11420795729,65792,2909,true,1
bf16,1,257,1,128,257,baseline_split,0,2,100,102.559995651,214852,2.09489088446,65792,2909,true,1
bf16,1,257,1,128,257,optimized_split,0,3,100,77.5935983658,214852,2.76893976468,65792,2909,true,1
bf16,1,257,1,128,257,baseline_fused,0,4,100,68.9983987808,83268,1.20681061403,65792,2909,true,1
bf16,1,257,1,128,257,optimized_fused,0,5,100,39.9487996101,83268,2.08436801137,65792,2909,true,1
bf16,1,257,1,128,257,warp32_transform,0,6,100,24.4287991524,131584,5.38642931972,65792,2909,true,1
bf16,1,257,1,128,257,warp32_split,0,7,100,53.8816022873,214852,3.98748349862,65792,2909,true,1
bf16,1,257,1,128,257,warp32_fused,0,8,100,29.92000103,83268,2.78302129457,65792,2909,true,1
bf16,1,257,1,128,257,optimized_transform,1,0,100,42.3231983185,131584,3.10902779629,65792,2909,true,1
bf16,1,257,1,128,257,baseline_split,1,1,100,102.841596603,214852,2.08915465236,65792,2909,true,1
bf16,1,257,1,128,257,optimized_split,1,2,100,77.7152013779,214852,2.76460713208,65792,2909,true,1
bf16,1,257,1,128,257,baseline_fused,1,3,100,69.0047979355,83268,1.20669870054,65792,2909,true,1
bf16,1,257,1,128,257,optimized_fused,1,4,100,39.9616003036,83268,2.08370033651,65792,2909,true,1
bf16,1,257,1,128,257,warp32_transform,1,5,100,24.5952010155,131584,5.34998676844,65792,2909,true,1
bf16,1,257,1,128,257,warp32_split,1,6,100,54.2975997925,214852,3.95693365492,65792,2909,true,1
bf16,1,257,1,128,257,warp32_fused,1,7,100,29.8559999466,83268,2.78898714325,65792,2909,true,1
bf16,1,257,1,128,257,baseline_transform,1,8,100,42.3104000092,131584,3.10996823409,65792,2909,true,1
bf16,1,257,1,128,257,baseline_split,2,0,100,102.425603867,214852,2.0976395734,65792,2909,true,1
bf16,1,257,1,128,257,optimized_split,2,1,100,76.601600647,214852,2.80479778732,65792,2909,true,1
bf16,1,257,1,128,257,baseline_fused,2,2,100,68.9983987808,83268,1.20681061403,65792,2909,true,1
bf16,1,257,1,128,257,optimized_fused,2,3,100,39.8848009109,83268,2.08771256464,65792,2909,true,1
bf16,1,257,1,128,257,warp32_transform,2,4,100,25.6256008148,131584,5.13486497159,65792,2909,true,1
bf16,1,257,1,128,257,warp32_split,2,5,100,55.7696008682,214852,3.85249305455,65792,2909,true,1
bf16,1,257,1,128,257,warp32_fused,2,6,100,29.4528007507,83268,2.82716746379,65792,2909,true,1
bf16,1,257,1,128,257,baseline_transform,2,7,100,42.9055976868,131584,3.066825941,65792,2909,true,1
bf16,1,257,1,128,257,optimized_transform,2,8,100,42.2976016998,131584,3.110909241,65792,2909,true,1
bf16,1,257,1,128,257,optimized_split,3,0,100,76.4480018616,214852,2.81043316723,65792,2909,true,1
bf16,1,257,1,128,257,baseline_fused,3,1,100,69.0496015549,83268,1.20591572037,65792,2909,true,1
bf16,1,257,1,128,257,optimized_fused,3,2,100,39.7248005867,83268,2.09612128369,65792,2909,true,1
bf16,1,257,1,128,257,warp32_transform,3,3,100,25.6767988205,131584,5.12462635704,65792,2909,true,1
bf16,1,257,1,128,257,warp32_split,3,4,100,56.0256004333,214852,3.83488973502,65792,2909,true,1
bf16,1,257,1,128,257,warp32_fused,3,5,100,29.5424008369,83268,2.81859285776,65792,2909,true,1
bf16,1,257,1,128,257,baseline_transform,3,6,100,43.0399990082,131584,3.05724914108,65792,2909,true,1
bf16,1,257,1,128,257,optimized_transform,3,7,100,42.3487997055,131584,3.1071482761,65792,2909,true,1
bf16,1,257,1,128,257,baseline_split,3,8,100,102.892799377,214852,2.08811502165,65792,2909,true,1
bf16,1,257,1,128,257,baseline_fused,4,0,100,69.1711997986,83268,1.20379580291,65792,2909,true,1
bf16,1,257,1,128,257,optimized_fused,4,1,100,39.929599762,83268,2.08537026407,65792,2909,true,1
bf16,1,257,1,128,257,warp32_transform,4,2,100,24.4223999977,131584,5.38784067136,65792,2909,true,1
bf16,1,257,1,128,257,warp32_split,4,3,100,54.1056013107,214852,3.97097518178,65792,2909,true,1
bf16,1,257,1,128,257,warp32_fused,4,4,100,29.8112010956,83268,2.7931783001,65792,2909,true,1
bf16,1,257,1,128,257,baseline_transform,4,5,100,41.8624019623,131584,3.1432501202,65792,2909,true,1
bf16,1,257,1,128,257,optimized_transform,4,6,100,43.0847978592,131584,3.05407026465,65792,2909,true,1
bf16,1,257,1,128,257,baseline_split,4,7,100,102.451200485,214852,2.09711549482,65792,2909,true,1
bf16,1,257,1,128,257,optimized_split,4,8,100,76.6527986526,214852,2.80292440428,65792,2909,true,1
bf16,4,64,16,128,4096,baseline_transform,0,0,100,234.585609436,2097152,8.93981521305,1048576,2909,true,1
bf16,4,64,16,128,4096,optimized_transform,0,1,100,227.699203491,2097152,9.21018592883,1048576,2909,true,1
bf16,4,64,16,128,4096,baseline_split,0,2,100,431.865615845,3424256,7.92898502304,1048576,2909,true,1
bf16,4,64,16,128,4096,optimized_split,0,3,100,393.907203674,3424256,8.69305249576,1048576,2909,true,1
bf16,4,64,16,128,4096,baseline_fused,0,4,100,210.969600677,1327104,6.29049870568,1048576,2909,true,1
bf16,4,64,16,128,4096,optimized_fused,0,5,100,177.83039093,1327104,7.46275140632,1048576,2909,true,1
bf16,4,64,16,128,4096,warp32_transform,0,6,100,136.748800278,2097152,15.3357981623,1048576,2909,true,1
bf16,4,64,16,128,4096,warp32_split,0,7,100,318.796806335,3424256,10.7411866491,1048576,2909,true,1
bf16,4,64,16,128,4096,warp32_fused,0,8,100,182.271995544,1327104,7.28089905438,1048576,2909,true,1
bf16,4,64,16,128,4096,optimized_transform,1,0,100,228.883209229,2097152,9.16254192288,1048576,2909,true,1
bf16,4,64,16,128,4096,baseline_split,1,1,100,433.356781006,3424256,7.90170166959,1048576,2909,true,1
bf16,4,64,16,128,4096,optimized_split,1,2,100,394.201583862,3424256,8.68656073487,1048576,2909,true,1
bf16,4,64,16,128,4096,baseline_fused,1,3,100,211.302394867,1327104,6.28059138107,1048576,2909,true,1
bf16,4,64,16,128,4096,optimized_fused,1,4,100,178.080005646,1327104,7.45229086886,1048576,2909,true,1
bf16,4,64,16,128,4096,warp32_transform,1,5,100,137.235202789,2097152,15.2814435172,1048576,2909,true,1
bf16,4,64,16,128,4096,warp32_split,1,6,100,318.406391144,3424256,10.7543569955,1048576,2909,true,1
bf16,4,64,16,128,4096,warp32_fused,1,7,100,181.849594116,1327104,7.29781117439,1048576,2909,true,1
bf16,4,64,16,128,4096,baseline_transform,1,8,100,235.411205292,2097152,8.90846294849,1048576,2909,true,1
bf16,4,64,16,128,4096,baseline_split,2,0,100,432.985610962,3424256,7.90847527795,1048576,2909,true,1
bf16,4,64,16,128,4096,optimized_split,2,1,100,392.569618225,3424256,8.72267195684,1048576,2909,true,1
bf16,4,64,16,128,4096,baseline_fused,2,2,100,211.481609344,1327104,6.27526906057,1048576,2909,true,1
bf16,4,64,16,128,4096,optimized_fused,2,3,100,177.337608337,1327104,7.48348876723,1048576,2909,true,1
bf16,4,64,16,128,4096,warp32_transform,2,4,100,139.187202454,2097152,15.0671323443,1048576,2909,true,1
bf16,4,64,16,128,4096,warp32_split,2,5,100,321.811218262,3424256,10.6405737454,1048576,2909,true,1
bf16,4,64,16,128,4096,warp32_fused,2,6,100,181.74079895,1327104,7.30217984991,1048576,2909,true,1
bf16,4,64,16,128,4096,baseline_transform,2,7,100,233.574409485,2097152,8.97851782918,1048576,2909,true,1
bf16,4,64,16,128,4096,optimized_transform,2,8,100,228.768005371,2097152,9.1671560304,1048576,2909,true,1
bf16,4,64,16,128,4096,optimized_split,3,0,100,393.37600708,3424256,8.704791188,1048576,2909,true,1
bf16,4,64,16,128,4096,baseline_fused,3,1,100,211.302394867,1327104,6.28059138107,1048576,2909,true,1
bf16,4,64,16,128,4096,optimized_fused,3,2,100,177.600002289,1327104,7.47243233613,1048576,2909,true,1
bf16,4,64,16,128,4096,warp32_transform,3,3,100,138.073596954,2097152,15.1886533433,1048576,2909,true,1
bf16,4,64,16,128,4096,warp32_split,3,4,100,323.545608521,3424256,10.5835341597,1048576,2909,true,1
bf16,4,64,16,128,4096,warp32_fused,3,5,100,181.516799927,1327104,7.3111910332,1048576,2909,true,1
bf16,4,64,16,128,4096,baseline_transform,3,6,100,233.894405365,2097152,8.96623412915,1048576,2909,true,1
bf16,4,64,16,128,4096,optimized_transform,3,7,100,227.526397705,2097152,9.21718104428,1048576,2909,true,1
bf16,4,64,16,128,4096,baseline_split,3,8,100,432.563209534,3424256,7.91619796721,1048576,2909,true,1
bf16,4,64,16,128,4096,baseline_fused,4,0,100,211.321601868,1327104,6.2800205387,1048576,2909,true,1
bf16,4,64,16,128,4096,optimized_fused,4,1,100,177.734394073,1327104,7.46678214376,1048576,2909,true,1
bf16,4,64,16,128,4096,warp32_transform,4,2,100,138.265600204,2097152,15.1675615402,1048576,2909,true,1
bf16,4,64,16,128,4096,warp32_split,4,3,100,318.572807312,3424256,10.7487391309,1048576,2909,true,1
bf16,4,64,16,128,4096,warp32_fused,4,4,100,182.444801331,1327104,7.27400282344,1048576,2909,true,1
bf16,4,64,16,128,4096,baseline_transform,4,5,100,235.635204315,2097152,8.89999440489,1048576,2909,true,1
bf16,4,64,16,128,4096,optimized_transform,4,6,100,229.273605347,2097152,9.14694038517,1048576,2909,true,1
bf16,4,64,16,128,4096,baseline_split,4,7,100,432.972793579,3424256,7.90870939417,1048576,2909,true,1
bf16,4,64,16,128,4096,optimized_split,4,8,100,392.908782959,3424256,8.71514241604,1048576,2909,true,1
bf16,16,64,16,128,16384,baseline_transform,0,0,100,831.929626465,8388608,10.0833144213,4194304,2909,true,1
bf16,16,64,16,128,16384,optimized_transform,0,1,100,866.207962036,8388608,9.68428872471,4194304,2909,true,1
bf16,16,64,16,128,16384,baseline_split,0,2,100,1547.30239868,13697024,8.85219593253,4194304,2909,true,1
bf16,16,64,16,128,16384,optimized_split,0,3,100,1460.74234009,13697024,9.37675565643,4194304,2909,true,1
bf16,16,64,16,128,16384,baseline_fused,0,4,100,734.956817627,5308416,7.22275904201,4194304,2909,true,1
bf16,16,64,16,128,16384,optimized_fused,0,5,100,648.684768677,5308416,8.18335230967,4194304,2909,true,1
bf16,16,64,16,128,16384,warp32_transform,0,6,100,528.544006348,8388608,15.8711628535,4194304,2909,true,1
bf16,16,64,16,128,16384,warp32_split,0,7,100,1203.45596313,13697024,11.3814085597,4194304,2909,true,1
bf16,16,64,16,128,16384,warp32_fused,0,8,100,681.80480957,5308416,7.78582950059,4194304,2909,true,1
bf16,16,64,16,128,16384,optimized_transform,1,0,100,865.087966919,8388608,9.69682658964,4194304,2909,true,1
bf16,16,64,16,128,16384,baseline_split,1,1,100,1547.98080444,13697024,8.84831643951,4194304,2909,true,1
bf16,16,64,16,128,16384,optimized_split,1,2,100,1460.01922607,13697024,9.3813997483,4194304,2909,true,1
bf16,16,64,16,128,16384,baseline_fused,1,3,100,736.217575073,5308416,7.21039021579,4194304,2909,true,1
bf16,16,64,16,128,16384,optimized_fused,1,4,100,649.209594727,5308416,8.17673682447,4194304,2909,true,1
bf16,16,64,16,128,16384,warp32_transform,1,5,100,529.875183105,8388608,15.8312905897,4194304,2909,true,1
bf16,16,64,16,128,16384,warp32_split,1,6,100,1205.39520264,13697024,11.3630981524,4194304,2909,true,1
bf16,16,64,16,128,16384,warp32_fused,1,7,100,682.623977661,5308416,7.77648628486,4194304,2909,true,1
bf16,16,64,16,128,16384,baseline_transform,1,8,100,833.094406128,8388608,10.0692165717,4194304,2909,true,1
bf16,16,64,16,128,16384,baseline_split,2,0,100,1548.21762085,13697024,8.84696299509,4194304,2909,true,1
bf16,16,64,16,128,16384,optimized_split,2,1,100,1460.26885986,13697024,9.37979599269,4194304,2909,true,1
bf16,16,64,16,128,16384,baseline_fused,2,2,100,735.167999268,5308416,7.22068425896,4194304,2909,true,1
bf16,16,64,16,128,16384,optimized_fused,2,3,100,645.983963013,5308416,8.21756623066,4194304,2909,true,1
bf16,16,64,16,128,16384,warp32_transform,2,4,100,530.796813965,8388608,15.8038024707,4194304,2909,true,1
bf16,16,64,16,128,16384,warp32_split,2,5,100,1204.56321716,13697024,11.3709465845,4194304,2909,true,1
bf16,16,64,16,128,16384,warp32_fused,2,6,100,684.409637451,5308416,7.75619703394,4194304,2909,true,1
bf16,16,64,16,128,16384,baseline_transform,2,7,100,833.407974243,8388608,10.0654280488,4194304,2909,true,1
bf16,16,64,16,128,16384,optimized_transform,2,8,100,865.311965942,8388608,9.69431642016,4194304,2909,true,1
bf16,16,64,16,128,16384,optimized_split,3,0,100,1461.59362793,13697024,9.37129427651,4194304,2909,true,1
bf16,16,64,16,128,16384,baseline_fused,3,1,100,736.556777954,5308416,7.20706965014,4194304,2909,true,1
bf16,16,64,16,128,16384,optimized_fused,3,2,100,649.120025635,5308416,8.17786509484,4194304,2909,true,1
bf16,16,64,16,128,16384,warp32_transform,3,3,100,530.451202393,8388608,15.8140993218,4194304,2909,true,1
bf16,16,64,16,128,16384,warp32_split,3,4,100,1207.19360352,13697024,11.3461701256,4194304,2909,true,1
bf16,16,64,16,128,16384,warp32_fused,3,5,100,682.003173828,5308416,7.78356495059,4194304,2909,true,1
bf16,16,64,16,128,16384,baseline_transform,3,6,100,831.923217773,8388608,10.0833920977,4194304,2909,true,1
bf16,16,64,16,128,16384,optimized_transform,3,7,100,865.663986206,8388608,9.69037424875,4194304,2909,true,1
bf16,16,64,16,128,16384,baseline_split,3,8,100,1548.31359863,13697024,8.84641458429,4194304,2909,true,1
bf16,16,64,16,128,16384,baseline_fused,4,0,100,736.774368286,5308416,7.20494119841,4194304,2909,true,1
bf16,16,64,16,128,16384,optimized_fused,4,1,100,649.420776367,5308416,8.17407787551,4194304,2909,true,1
bf16,16,64,16,128,16384,warp32_transform,4,2,100,527.999992371,8388608,15.8875153811,4194304,2909,true,1
bf16,16,64,16,128,16384,warp32_split,4,3,100,1205.22239685,13697024,11.3647274028,4194304,2909,true,1
bf16,16,64,16,128,16384,warp32_fused,4,4,100,683.014373779,5308416,7.77204141492,4194304,2909,true,1
bf16,16,64,16,128,16384,baseline_transform,4,5,100,834.745635986,8388608,10.049298419,4194304,2909,true,1
bf16,16,64,16,128,16384,optimized_transform,4,6,100,869.414367676,8388608,9.64857300717,4194304,2909,true,1
bf16,16,64,16,128,16384,baseline_split,4,7,100,1545.49118042,13697024,8.86257014827,4194304,2909,true,1
bf16,16,64,16,128,16384,optimized_split,4,8,100,1460.38406372,13697024,9.37905605811,4194304,2909,true,1
bf16,1,1,1,256,1,baseline_transform,0,0,100,18.4704005718,1024,0.0554400537237,512,2909,true,1
bf16,1,1,1,256,1,optimized_transform,0,1,100,17.7408003807,1024,0.0577200564814,512,2909,true,1
bf16,1,1,1,256,1,baseline_split,0,2,100,54.7840023041,1668,0.0304468445139,512,2909,true,1
bf16,1,1,1,256,1,optimized_split,0,3,100,33.6768007278,1668,0.0495296454518,512,2909,true,1
bf16,1,1,1,256,1,baseline_fused,0,4,100,40.1728010178,644,0.0160307467661,512,2909,true,1
bf16,1,1,1,256,1,optimized_fused,0,5,100,19.1872000694,644,0.0335640425737,512,2909,true,1
bf16,1,1,1,256,1,warp32_transform,0,6,100,15.8272004128,1024,0.0646987447745,512,2909,true,1
bf16,1,1,1,256,1,warp32_split,0,7,100,33.7791991234,1668,0.049379501092,512,2909,true,1
bf16,1,1,1,256,1,warp32_fused,0,8,100,19.8528003693,644,0.0324387485907,512,2909,true,1
bf16,1,1,1,256,1,optimized_transform,1,0,100,17.6960003376,1024,0.0578661833445,512,2909,true,1
bf16,1,1,1,256,1,baseline_split,1,1,100,54.7904014587,1668,0.0304432885248,512,2909,true,1
bf16,1,1,1,256,1,optimized_split,1,2,100,33.8240003586,1668,0.0493140959767,512,2909,true,1
bf16,1,1,1,256,1,baseline_fused,1,3,100,40.1728010178,644,0.0160307467661,512,2909,true,1
bf16,1,1,1,256,1,optimized_fused,1,4,100,19.1615998745,644,0.0336088846557,512,2909,true,1
bf16,1,1,1,256,1,warp32_transform,1,5,100,15.8335995674,1024,0.0646725967548,512,2909,true,1
bf16,1,1,1,256,1,warp32_split,1,6,100,33.7727999687,1668,0.049388857351,512,2909,true,1
bf16,1,1,1,256,1,warp32_fused,1,7,100,19.8464000225,644,0.0324492098955,512,2909,true,1
bf16,1,1,1,256,1,baseline_transform,1,8,100,18.5215997696,1024,0.0552868009642,512,2909,true,1
bf16,1,1,1,256,1,baseline_split,2,0,100,54.7648000717,1668,0.030457520119,512,2909,true,1
bf16,1,1,1,256,1,optimized_split,2,1,100,33.670399189,1668,0.0495390622082,512,2909,true,1
bf16,1,1,1,256,1,baseline_fused,2,2,100,40.2752017975,644,0.0159899881629,512,2909,true,1
bf16,1,1,1,256,1,optimized_fused,2,3,100,19.0719997883,644,0.0337667788983,512,2909,true,1
bf16,1,1,1,256,1,warp32_transform,2,4,100,15.9296000004,1024,0.0642828445143,512,2909,true,1
bf16,1,1,1,256,1,warp32_split,2,5,100,33.7727999687,1668,0.049388857351,512,2909,true,1
bf16,1,1,1,256,1,warp32_fused,2,6,100,19.9487996101,644,0.0322826441984,512,2909,true,1
bf16,1,1,1,256,1,baseline_transform,2,7,100,18.4256005287,1024,0.0555748507846,512,2909,true,1
bf16,1,1,1,256,1,optimized_transform,2,8,100,17.7535998821,1024,0.057678443065,512,2909,true,1
bf16,1,1,1,256,1,optimized_split,3,0,100,33.7983989716,1668,0.049351450091,512,2909,true,1
bf16,1,1,1,256,1,baseline_fused,3,1,100,40.2752017975,644,0.0159899881629,512,2909,true,1
bf16,1,1,1,256,1,optimized_fused,3,2,100,19.078400135,644,0.0337554509519,512,2909,true,1
bf16,1,1,1,256,1,warp32_transform,3,3,100,15.9423995018,1024,0.064231234444,512,2909,true,1
bf16,1,1,1,256,1,warp32_split,3,4,100,33.7664008141,1668,0.0493982171563,512,2909,true,1
bf16,1,1,1,256,1,warp32_fused,3,5,100,19.9424004555,644,0.0322930031135,512,2909,true,1
bf16,1,1,1,256,1,baseline_transform,3,6,100,18.4256005287,1024,0.0555748507846,512,2909,true,1
bf16,1,1,1,256,1,optimized_transform,3,7,100,17.7408003807,1024,0.0577200564814,512,2909,true,1
bf16,1,1,1,256,1,baseline_split,3,8,100,54.7840023041,1668,0.0304468445139,512,2909,true,1
bf16,1,1,1,256,1,baseline_fused,4,0,100,40.1728010178,644,0.0160307467661,512,2909,true,1
bf16,1,1,1,256,1,optimized_fused,4,1,100,19.174400568,644,0.0335864476032,512,2909,true,1
bf16,1,1,1,256,1,warp32_transform,4,2,100,15.7824003696,1024,0.0648823991292,512,2909,true,1
bf16,1,1,1,256,1,warp32_split,4,3,100,33.9264011383,1668,0.0491652501897,512,2909,true,1
bf16,1,1,1,256,1,warp32_fused,4,4,100,19.8528003693,644,0.0324387485907,512,2909,true,1
bf16,1,1,1,256,1,baseline_transform,4,5,100,18.5855996609,1024,0.0550964197381,512,2909,true,1
bf16,1,1,1,256,1,optimized_transform,4,6,100,17.5935995579,1024,0.0582029843655,512,2909,true,1
bf16,1,1,1,256,1,baseline_split,4,7,100,54.777598381,1668,0.0304504039844,512,2909,true,1
bf16,1,1,1,256,1,optimized_split,4,8,100,33.8175988197,1668,0.0493234309417,512,2909,true,1
bf16,1,17,1,256,17,baseline_transform,0,0,100,20.1663994789,17408,0.863218048329,8704,2909,true,1
bf16,1,17,1,256,17,optimized_transform,0,1,100,19.6288001537,17408,0.886860116954,8704,2909,true,1
bf16,1,17,1,256,17,baseline_split,0,2,100,57.4079990387,28356,0.493938135361,8704,2909,true,1
bf16,1,17,1,256,17,optimized_split,0,3,100,37.0047998428,28356,0.766278972469,8704,2909,true,1
bf16,1,17,1,256,17,baseline_fused,0,4,100,41.2671995163,10948,0.265295443556,8704,2909,true,1
bf16,1,17,1,256,17,optimized_fused,0,5,100,20.3968000412,10948,0.536750861796,8704,2909,true,1
bf16,1,17,1,256,17,warp32_transform,0,6,100,22.4575996399,17408,0.775149627705,8704,2909,true,1
bf16,1,17,1,256,17,warp32_split,0,7,100,44.2303991318,28356,0.641097538268,8704,2909,true,1
bf16,1,17,1,256,17,warp32_fused,0,8,100,24.0511989594,10948,0.455195602452,8704,2909,true,1
bf16,1,17,1,256,17,optimized_transform,1,0,100,19.6415996552,17408,0.886282192165,8704,2909,true,1
bf16,1,17,1,256,17,baseline_split,1,1,100,57.401599884,28356,0.493993199794,8704,2909,true,1
bf16,1,17,1,256,17,optimized_split,1,2,100,37.1584010124,28356,0.763111415653,8704,2909,true,1
bf16,1,17,1,256,17,baseline_fused,1,3,100,41.2671995163,10948,0.265295443556,8704,2909,true,1
bf16,1,17,1,256,17,optimized_fused,1,4,100,20.3904008865,10948,0.536919311245,8704,2909,true,1
bf16,1,17,1,256,17,warp32_transform,1,5,100,22.4640011787,17408,0.774928734266,8704,2909,true,1
bf16,1,17,1,256,17,warp32_split,1,6,100,44.2432022095,28356,0.640912017755,8704,2909,true,1
bf16,1,17,1,256,17,warp32_fused,1,7,100,24.0447998047,10948,0.45531674578,8704,2909,true,1
bf16,1,17,1,256,17,baseline_transform,1,8,100,20.1087999344,17408,0.865690645727,8704,2909,true,1
bf16,1,17,1,256,17,baseline_split,2,0,100,57.6895999908,28356,0.491527069082,8704,2909,true,1
bf16,1,17,1,256,17,optimized_split,2,1,100,37.0560002327,28356,0.765220202449,8704,2909,true,1
bf16,1,17,1,256,17,baseline_fused,2,2,100,41.2224006653,10948,0.265583755999,8704,2909,true,1
bf16,1,17,1,256,17,optimized_fused,2,3,100,20.4288005829,10948,0.535910072428,8704,2909,true,1
bf16,1,17,1,256,17,warp32_transform,2,4,100,22.291200161,17408,0.780935969095,8704,2909,true,1
bf16,1,17,1,256,17,warp32_split,2,5,100,44.057598114,28356,0.643612026389,8704,2909,true,1
bf16,1,17,1,256,17,warp32_fused,2,6,100,23.9359998703,10948,0.457386366115,8704,2909,true,1
bf16,1,17,1,256,17,baseline_transform,2,7,100,20.1216006279,17408,0.865139922113,8704,2909,true,1
bf16,1,17,1,256,17,optimized_transform,2,8,100,19.6671998501,17408,0.885128545634,8704,2909,true,1
bf16,1,17,1,256,17,optimized_split,3,0,100,37.049601078,28356,0.765352370199,8704,2909,true,1
bf16,1,17,1,256,17,baseline_fused,3,1,100,41.2351989746,10948,0.265501325863,8704,2909,true,1
bf16,1,17,1,256,17,optimized_fused,3,2,100,20.4351997375,10948,0.53574225555,8704,2909,true,1
bf16,1,17,1,256,17,warp32_transform,3,3,100,22.335999012,17408,0.779369661982,8704,2909,true,1
bf16,1,17,1,256,17,warp32_split,3,4,100,44.064002037,28356,0.643518488769,8704,2909,true,1
bf16,1,17,1,256,17,warp32_fused,3,5,100,23.9231991768,10948,0.45763110189,8704,2909,true,1
bf16,1,17,1,256,17,baseline_transform,3,6,100,20.1087999344,17408,0.865690645727,8704,2909,true,1
bf16,1,17,1,256,17,optimized_transform,3,7,100,19.6096003056,17408,0.887728445697,8704,2909,true,1
bf16,1,17,1,256,17,baseline_split,3,8,100,57.3888015747,28356,0.494103365499,8704,2909,true,1
bf16,1,17,1,256,17,baseline_fused,4,0,100,41.2671995163,10948,0.265295443556,8704,2909,true,1
bf16,1,17,1,256,17,optimized_fused,4,1,100,20.3839993477,10948,0.537087929275,8704,2909,true,1
bf16,1,17,1,256,17,warp32_transform,4,2,100,22.4128007889,17408,0.776699001788,8704,2909,true,1
bf16,1,17,1,256,17,warp32_split,4,3,100,44.057598114,28356,0.643612026389,8704,2909,true,1
bf16,1,17,1,256,17,warp32_fused,4,4,100,24.0511989594,10948,0.455195602452,8704,2909,true,1
bf16,1,17,1,256,17,baseline_transform,4,5,100,20.0575995445,17408,0.867900466422,8704,2909,true,1
bf16,1,17,1,256,17,optimized_transform,4,6,100,19.788800478,17408,0.879689500097,8704,2909,true,1
bf16,1,17,1,256,17,baseline_split,4,7,100,57.3504018784,28356,0.494434198738,8704,2909,true,1
bf16,1,17,1,256,17,optimized_split,4,8,100,36.8959999084,28356,0.768538596877,8704,2909,true,1
bf16,1,257,1,256,257,baseline_transform,0,0,100,51.3664007187,263168,5.12334904369,131584,2909,true,1
bf16,1,257,1,256,257,optimized_transform,0,1,100,52.4480009079,263168,5.01769362882,131584,2909,true,1
bf16,1,257,1,256,257,baseline_split,0,2,100,152.153596878,428676,2.81738985338,131584,2909,true,1
bf16,1,257,1,256,257,optimized_split,0,3,100,91.2191963196,428676,4.69940557795,131584,2909,true,1
bf16,1,257,1,256,257,baseline_fused,0,4,100,110.374403,165508,1.49951433939,131584,2909,true,1
bf16,1,257,1,256,257,optimized_fused,0,5,100,46.9248008728,165508,3.52709008715,131584,2909,true,1
bf16,1,257,1,256,257,warp32_transform,0,6,100,36.294400692,263168,7.25092562441,131584,2909,true,1
bf16,1,257,1,256,257,warp32_split,0,7,100,73.8624000549,428676,5.80371067933,131584,2909,true,1
bf16,1,257,1,256,257,warp32_fused,0,8,100,37.4783992767,165508,4.41609041992,131584,2909,true,1
bf16,1,257,1,256,257,optimized_transform,1,0,100,52.6976013184,263168,4.99392749226,131584,2909,true,1
bf16,1,257,1,256,257,baseline_split,1,1,100,152.147197723,428676,2.8175083499,131584,2909,true,1
bf16,1,257,1,256,257,optimized_split,1,2,100,91.0976028442,428676,4.70567815855,131584,2909,true,1
bf16,1,257,1,256,257,baseline_fused,1,3,100,110.508804321,165508,1.49769062308,131584,2909,true,1
bf16,1,257,1,256,257,optimized_fused,1,4,100,46.9504022598,165508,3.52516681506,131584,2909,true,1
bf16,1,257,1,256,257,warp32_transform,1,5,100,36.8639993668,263168,7.13888901152,131584,2909,true,1
bf16,1,257,1,256,257,warp32_split,1,6,100,74.707198143,428676,5.73808161269,131584,2909,true,1
bf16,1,257,1,256,257,warp32_fused,1,7,100,37.4911999702,165508,4.41458262556,131584,2909,true,1
bf16,1,257,1,256,257,baseline_transform,1,8,100,52.4416017532,263168,5.01830590985,131584,2909,true,1
bf16,1,257,1,256,257,baseline_split,2,0,100,155.603199005,428676,2.75493050748,131584,2909,true,1
bf16,1,257,1,256,257,optimized_split,2,1,100,89.9520015717,428676,4.76560824117,131584,2909,true,1
bf16,1,257,1,256,257,baseline_fused,2,2,100,110.451202393,165508,1.4984716908,131584,2909,true,1
bf16,1,257,1,256,257,optimized_fused,2,3,100,46.65599823,165508,3.54741097134,131584,2909,true,1
bf16,1,257,1,256,257,warp32_transform,2,4,100,36.4287996292,263168,7.22417435322,131584,2909,true,1
bf16,1,257,1,256,257,warp32_split,2,5,100,74.2784023285,428676,5.77120652251,131584,2909,true,1
bf16,1,257,1,256,257,warp32_fused,2,6,100,37.094399929,165508,4.46180556409,131584,2909,true,1
bf16,1,257,1,256,257,baseline_transform,2,7,100,51.3407993317,263168,5.12590383137,131584,2909,true,1
bf16,1,257,1,256,257,optimized_transform,2,8,100,52.7167987823,263168,4.99210889278,131584,2909,true,1
bf16,1,257,1,256,257,optimized_split,3,0,100,89.7791957855,428676,4.77478101969,131584,2909,true,1
bf16,1,257,1,256,257,baseline_fused,3,1,100,110.809602737,165508,1.49362506418,131584,2909,true,1
bf16,1,257,1,256,257,optimized_fused,3,2,100,46.707201004,165508,3.54352212169,131584,2909,true,1
bf16,1,257,1,256,257,warp32_transform,3,3,100,37.1007990837,263168,7.09332430836,131584,2909,true,1
bf16,1,257,1,256,257,warp32_split,3,4,100,73.9391994476,428676,5.79768246346,131584,2909,true,1
bf16,1,257,1,256,257,warp32_fused,3,5,100,37.7536010742,165508,4.38389968879,131584,2909,true,1
bf16,1,257,1,256,257,baseline_transform,3,6,100,51.2512016296,263168,5.13486497159,131584,2909,true,1
bf16,1,257,1,256,257,optimized_transform,3,7,100,52.2495985031,263168,5.03674683709,131584,2909,true,1
bf16,1,257,1,256,257,baseline_split,3,8,100,152.486400604,428676,2.81124086018,131584,2909,true,1
bf16,1,257,1,256,257,baseline_fused,4,0,100,110.559997559,165508,1.4969971387,131584,2909,true,1
bf16,1,257,1,256,257,optimized_fused,4,1,100,46.636800766,165508,3.54887121933,131584,2909,true,1
bf16,1,257,1,256,257,warp32_transform,4,2,100,36.4863991737,263168,7.21276985287,131584,2909,true,1
bf16,1,257,1,256,257,warp32_split,4,3,100,75.9679985046,428676,5.64284973197,131584,2909,true,1
bf16,1,257,1,256,257,warp32_fused,4,4,100,37.5871992111,165508,4.40330760136,131584,2909,true,1
bf16,1,257,1,256,257,baseline_transform,4,5,100,52.4160003662,263168,5.02075698568,131584,2909,true,1
bf16,1,257,1,256,257,optimized_transform,4,6,100,52.6656007767,263168,4.9969618901,131584,2909,true,1
bf16,1,257,1,256,257,baseline_split,4,7,100,155.731201172,428676,2.7526661117,131584,2909,true,1
bf16,1,257,1,256,257,optimized_split,4,8,100,89.6767997742,428676,4.7802330266,131584,2909,true,1
bf16,4,64,16,256,4096,baseline_transform,0,0,100,446.995201111,4194304,9.38333116234,2097152,2909,true,1
bf16,4,64,16,256,4096,optimized_transform,0,1,100,394.726409912,4194304,10.6258509557,2097152,2909,true,1
bf16,4,64,16,256,4096,baseline_split,0,2,100,1107.97439575,6832128,6.16632300006,2097152,2909,true,1
bf16,4,64,16,256,4096,optimized_split,0,3,100,713.497619629,6832128,9.57554420932,2097152,2909,true,1
bf16,4,64,16,256,4096,baseline_fused,0,4,100,655.833587646,2637824,4.02209348482,2097152,2909,true,1
bf16,4,64,16,256,4096,optimized_fused,0,5,100,355.500793457,2637824,7.42002282006,2097152,2909,true,1
bf16,4,64,16,256,4096,warp32_transform,0,6,100,229.017601013,4194304,18.314330346,2097152,2909,true,1
bf16,4,64,16,256,4096,warp32_split,0,7,100,571.385612488,6832128,11.9571229143,2097152,2909,true,1
bf16,4,64,16,256,4096,warp32_fused,0,8,100,357.836799622,2637824,7.37158392538,2097152,2909,true,1
bf16,4,64,16,256,4096,optimized_transform,1,0,100,395.564804077,4194304,10.6033296106,2097152,2909,true,1
bf16,4,64,16,256,4096,baseline_split,1,1,100,1104.80003357,6832128,6.18404036242,2097152,2909,true,1
bf16,4,64,16,256,4096,optimized_split,1,2,100,713.702392578,6832128,9.57279682827,2097152,2909,true,1
bf16,4,64,16,256,4096,baseline_fused,1,3,100,655.404815674,2637824,4.02472477607,2097152,2909,true,1
bf16,4,64,16,256,4096,optimized_fused,1,4,100,355.456008911,2637824,7.42095768216,2097152,2909,true,1
bf16,4,64,16,256,4096,warp32_transform,1,5,100,229.318408966,4194304,18.2903065607,2097152,2909,true,1
bf16,4,64,16,256,4096,warp32_split,1,6,100,570.892791748,6832128,11.9674448491,2097152,2909,true,1
bf16,4,64,16,256,4096,warp32_fused,1,7,100,357.017593384,2637824,7.38849863111,2097152,2909,true,1
bf16,4,64,16,256,4096,baseline_transform,1,8,100,447.347183228,4194304,9.3759481612,2097152,2909,true,1
bf16,4,64,16,256,4096,baseline_split,2,0,100,1108.36479187,6832128,6.16415105398,2097152,2909,true,1
bf16,4,64,16,256,4096,optimized_split,2,1,100,712.134399414,6832128,9.59387442261,2097152,2909,true,1
bf16,4,64,16,256,4096,baseline_fused,2,2,100,654.265594482,2637824,4.03173271259,2097152,2909,true,1
bf16,4,64,16,256,4096,optimized_fused,2,3,100,354.598388672,2637824,7.43890577134,2097152,2909,true,1
bf16,4,64,16,256,4096,warp32_transform,2,4,100,230.515193939,4194304,18.1953472495,2097152,2909,true,1
bf16,4,64,16,256,4096,warp32_split,2,5,100,571.737594604,6832128,11.9497616817,2097152,2909,true,1
bf16,4,64,16,256,4096,warp32_fused,2,6,100,354.879989624,2637824,7.43300292247,2097152,2909,true,1
bf16,4,64,16,256,4096,baseline_transform,2,7,100,445.075187683,4194304,9.42380999002,2097152,2909,true,1
bf16,4,64,16,256,4096,optimized_transform,2,8,100,395.123214722,4194304,10.6151798824,2097152,2909,true,1
bf16,4,64,16,256,4096,optimized_split,3,0,100,712.889633179,6832128,9.58371069241,2097152,2909,true,1
bf16,4,64,16,256,4096,baseline_fused,3,1,100,656.620788574,2637824,4.01727153008,2097152,2909,true,1
bf16,4,64,16,256,4096,optimized_fused,3,2,100,355.436782837,2637824,7.42135909217,2097152,2909,true,1
bf16,4,64,16,256,4096,warp32_transform,3,3,100,228.492794037,4194304,18.3563950788,2097152,2909,true,1
bf16,4,64,16,256,4096,warp32_split,3,4,100,572.755203247,6832128,11.9285306554,2097152,2909,true,1
bf16,4,64,16,256,4096,warp32_fused,3,5,100,356.441612244,2637824,7.40043785403,2097152,2909,true,1
bf16,4,64,16,256,4096,baseline_transform,3,6,100,446.278381348,4194304,9.39840282501,2097152,2909,true,1
bf16,4,64,16,256,4096,optimized_transform,3,7,100,393.664016724,4194304,10.6545272664,2097152,2909,true,1
bf16,4,64,16,256,4096,baseline_split,3,8,100,1108.86398315,6832128,6.16137606036,2097152,2909,true,1
bf16,4,64,16,256,4096,baseline_fused,4,0,100,657.395172119,2637824,4.01253935513,2097152,2909,true,1
bf16,4,64,16,256,4096,optimized_fused,4,1,100,355.622406006,2637824,7.41748538745,2097152,2909,true,1
bf16,4,64,16,256,4096,warp32_transform,4,2,100,228.953609467,4194304,18.3194491223,2097152,2909,true,1
bf16,4,64,16,256,4096,warp32_split,4,3,100,571.040000916,6832128,11.9643597455,2097152,2909,true,1
bf16,4,64,16,256,4096,warp32_fused,4,4,100,357.478408813,2637824,7.37897432395,2097152,2909,true,1
bf16,4,64,16,256,4096,baseline_transform,4,5,100,447.3279953,4194304,9.37635033815,2097152,2909,true,1
bf16,4,64,16,256,4096,optimized_transform,4,6,100,395.219192505,4194304,10.6126020182,2097152,2909,true,1
bf16,4,64,16,256,4096,baseline_split,4,7,100,1105.88157654,6832128,6.17799242247,2097152,2909,true,1
bf16,4,64,16,256,4096,optimized_split,4,8,100,713.471984863,6832128,9.57588825483,2097152,2909,true,1
bf16,16,64,16,256,16384,baseline_transform,0,0,100,1692.17926025,16777216,9.91456188719,8388608,2909,true,1
bf16,16,64,16,256,16384,optimized_transform,0,1,100,1479.82086182,16777216,11.3373290193,8388608,2909,true,1
bf16,16,64,16,256,16384,baseline_split,0,2,100,3956.03851318,27328512,6.90805003766,8388608,2909,true,1
bf16,16,64,16,256,16384,optimized_split,0,3,100,2080.03845215,27328512,13.1384648066,8388608,2909,true,1
bf16,16,64,16,256,16384,baseline_fused,0,4,100,2377.15194702,10551296,4.43862918112,8388608,2909,true,1
bf16,16,64,16,256,16384,optimized_fused,0,5,100,738.835220337,10551296,14.2809867607,8388608,2909,true,1
bf16,16,64,16,256,16384,warp32_transform,0,6,100,866.419219971,16777216,19.363854833,8388608,2909,true,1
bf16,16,64,16,256,16384,warp32_split,0,7,100,2221.47201538,27328512,12.3019834645,8388608,2909,true,1
bf16,16,64,16,256,16384,warp32_fused,0,8,100,1365.0239563,10551296,7.72975151924,8388608,2909,true,1
bf16,16,64,16,256,16384,optimized_transform,1,0,100,1482.11837769,16777216,11.3197543817,8388608,2909,true,1
bf16,16,64,16,256,16384,baseline_split,1,1,100,3962.29125977,27328512,6.89714869714,8388608,2909,true,1
bf16,16,64,16,256,16384,optimized_split,1,2,100,2077.47192383,27328512,13.1546961894,8388608,2909,true,1
bf16,16,64,16,256,16384,baseline_fused,1,3,100,2376.85760498,10551296,4.43917884601,8388608,2909,true,1
bf16,16,64,16,256,16384,optimized_fused,1,4,100,739.372787476,10551296,14.2706036505,8388608,2909,true,1
bf16,16,64,16,256,16384,warp32_transform,1,5,100,866.240005493,16777216,19.367860978,8388608,2909,true,1
bf16,16,64,16,256,16384,warp32_split,1,6,100,2221.11358643,27328512,12.3039686791,8388608,2909,true,1
bf16,16,64,16,256,16384,warp32_fused,1,7,100,1369.7088623,10551296,7.70331293779,8388608,2909,true,1
bf16,16,64,16,256,16384,baseline_transform,1,8,100,1694.91836548,16777216,9.89853926992,8388608,2909,true,1
bf16,16,64,16,256,16384,baseline_split,2,0,100,3954.26574707,27328512,6.91114703665,8388608,2909,true,1
bf16,16,64,16,256,16384,optimized_split,2,1,100,2078.95675659,27328512,13.1453008406,8388608,2909,true,1
bf16,16,64,16,256,16384,baseline_fused,2,2,100,2376.09603882,10551296,4.44060165398,8388608,2909,true,1
bf16,16,64,16,256,16384,optimized_fused,2,3,100,738.668823242,10551296,14.2842037839,8388608,2909,true,1
bf16,16,64,16,256,16384,warp32_transform,2,4,100,866.572799683,16777216,19.3604230437,8388608,2909,true,1
bf16,16,64,16,256,16384,warp32_split,2,5,100,2221.20956421,27328512,12.3034370283,8388608,2909,true,1
bf16,16,64,16,256,16384,warp32_fused,2,6,100,1365.85601807,10551296,7.72504265489,8388608,2909,true,1
bf16,16,64,16,256,16384,baseline_transform,2,7,100,1695.60317993,16777216,9.8945414815,8388608,2909,true,1
bf16,16,64,16,256,16384,optimized_transform,2,8,100,1482.79037476,16777216,11.3146242959,8388608,2909,true,1
bf16,16,64,16,256,16384,optimized_split,3,0,100,2077.75360107,27328512,13.1529128314,8388608,2909,true,1
bf16,16,64,16,256,16384,baseline_fused,3,1,100,2375.53924561,10551296,4.44164246898,8388608,2909,true,1
bf16,16,64,16,256,16384,optimized_fused,3,2,100,738.374404907,10551296,14.2898994465,8388608,2909,true,1
bf16,16,64,16,256,16384,warp32_transform,3,3,100,866.54083252,16777216,19.3611372602,8388608,2909,true,1
bf16,16,64,16,256,16384,warp32_split,3,4,100,2220.67199707,27328512,12.3064153716,8388608,2909,true,1
bf16,16,64,16,256,16384,warp32_fused,3,5,100,1362.53433228,10551296,7.74387532854,8388608,2909,true,1
bf16,16,64,16,256,16384,baseline_transform,3,6,100,1689.77920532,16777216,9.92864390043,8388608,2909,true,1
bf16,16,64,16,256,16384,optimized_transform,3,7,100,1478.66241455,16777216,11.3462111669,8388608,2909,true,1
bf16,16,64,16,256,16384,baseline_split,3,8,100,3957.87506104,27328512,6.90484453869,8388608,2909,true,1
bf16,16,64,16,256,16384,baseline_fused,4,0,100,2377.46566772,10551296,4.43804347766,8388608,2909,true,1
bf16,16,64,16,256,16384,optimized_fused,4,1,100,738.707199097,10551296,14.2834617192,8388608,2909,true,1
bf16,16,64,16,256,16384,warp32_transform,4,2,100,866.892776489,16777216,19.3532769623,8388608,2909,true,1
bf16,16,64,16,256,16384,warp32_split,4,3,100,2221.01760864,27328512,12.3045003757,8388608,2909,true,1
bf16,16,64,16,256,16384,warp32_fused,4,4,100,1364.07043457,10551296,7.73515482236,8388608,2909,true,1
bf16,16,64,16,256,16384,baseline_transform,4,5,100,1691.75033569,16777216,9.91707561454,8388608,2909,true,1
bf16,16,64,16,256,16384,optimized_transform,4,6,100,1482.33596802,16777216,11.3180927684,8388608,2909,true,1
bf16,16,64,16,256,16384,baseline_split,4,7,100,3961.95831299,27328512,6.89772830532,8388608,2909,true,1
bf16,16,64,16,256,16384,optimized_split,4,8,100,2076.69113159,27328512,13.1596420788,8388608,2909,true,1
