dtype,batch,seq,heads,dim,rows,method,group,order,repeats,kernel_us,logical_io_bytes,logical_GBs,input_working_set_bytes,seed,input_read_only,scale
fp16,1,1,1,64,1,baseline_transform,0,0,100,15.6351995468,256,0.0163733119768,128,2909,true,1
fp16,1,1,1,64,1,optimized_transform,0,1,100,15.5711996555,256,0.0164406086662,128,2909,true,1
fp16,1,1,1,64,1,baseline_split,0,2,100,34.7456002235,420,0.0120878614069,128,2909,true,1
fp16,1,1,1,64,1,optimized_split,0,3,100,30.764799118,420,0.0136519662745,128,2909,true,1
fp16,1,1,1,64,1,baseline_fused,0,4,100,22.361600399,164,0.00733400101395,128,2909,true,1
fp16,1,1,1,64,1,optimized_fused,0,5,100,17.6895999908,164,0.00927098408584,128,2909,true,1
fp16,1,1,1,64,1,warp32_transform,0,6,100,15.232000351,256,0.0168067223018,128,2909,true,1
fp16,1,1,1,64,1,warp32_split,0,7,100,29.5743989944,420,0.0142014720258,128,2909,true,1
fp16,1,1,1,64,1,warp32_fused,0,8,100,15.5071997643,164,0.0105757327237,128,2909,true,1
fp16,1,1,1,64,1,optimized_transform,1,0,100,15.584000349,256,0.0164271043549,128,2909,true,1
fp16,1,1,1,64,1,baseline_split,1,1,100,34.7519993782,420,0.0120856355754,128,2909,true,1
fp16,1,1,1,64,1,optimized_split,1,2,100,30.8927989006,420,0.0135954013539,128,2909,true,1
fp16,1,1,1,64,1,baseline_fused,1,3,100,22.3679995537,164,0.00733190286447,128,2909,true,1
fp16,1,1,1,64,1,optimized_fused,1,4,100,17.638399601,164,0.00929789571106,128,2909,true,1
fp16,1,1,1,64,1,warp32_transform,1,5,100,15.2512001991,256,0.0167855641954,128,2909,true,1
fp16,1,1,1,64,1,warp32_split,1,6,100,29.8431992531,420,0.0140735581476,128,2909,true,1
fp16,1,1,1,64,1,warp32_fused,1,7,100,15.5071997643,164,0.0105757327237,128,2909,true,1
fp16,1,1,1,64,1,baseline_transform,1,8,100,15.6799995899,256,0.0163265310392,128,2909,true,1
fp16,1,1,1,64,1,baseline_split,2,0,100,35.0528001785,420,0.0119819243501,128,2909,true,1
fp16,1,1,1,64,1,optimized_split,2,1,100,31.1039996147,420,0.013503086587,128,2909,true,1
fp16,1,1,1,64,1,baseline_fused,2,2,100,22.4832010269,164,0.00729433499276,128,2909,true,1
fp16,1,1,1,64,1,optimized_fused,2,3,100,17.5872004032,164,0.00932496339611,128,2909,true,1
fp16,1,1,1,64,1,warp32_transform,2,4,100,15.2383995056,256,0.0167996645518,128,2909,true,1
fp16,1,1,1,64,1,warp32_split,2,5,100,29.8431992531,420,0.0140735581476,128,2909,true,1
fp16,1,1,1,64,1,warp32_fused,2,6,100,15.417599678,164,0.0106371940785,128,2909,true,1
fp16,1,1,1,64,1,baseline_transform,2,7,100,15.6224000454,256,0.0163867267037,128,2909,true,1
fp16,1,1,1,64,1,optimized_transform,2,8,100,15.5392003059,256,0.0164744642555,128,2909,true,1
fp16,1,1,1,64,1,optimized_split,3,0,100,31.1296010017,420,0.0134919814737,128,2909,true,1
fp16,1,1,1,64,1,baseline_fused,3,1,100,22.4447989464,164,0.00730681528455,128,2909,true,1
fp16,1,1,1,64,1,optimized_fused,3,2,100,17.5935995579,164,0.00932157171479,128,2909,true,1
fp16,1,1,1,64,1,warp32_transform,3,3,100,15.1872003078,256,0.0168562997005,128,2909,true,1
fp16,1,1,1,64,1,warp32_split,3,4,100,29.8431992531,420,0.0140735581476,128,2909,true,1
fp16,1,1,1,64,1,warp32_fused,3,5,100,15.417599678,164,0.0106371940785,128,2909,true,1
fp16,1,1,1,64,1,baseline_transform,3,6,100,15.6032001972,256,0.0164068906868,128,2909,true,1
fp16,1,1,1,64,1,optimized_transform,3,7,100,15.5903995037,256,0.0164203617707,128,2909,true,1
fp16,1,1,1,64,1,baseline_split,3,8,100,35.0464010239,420,0.0119841121408,128,2909,true,1
fp16,1,1,1,64,1,baseline_fused,4,0,100,22.361600399,164,0.00733400101395,128,2909,true,1
fp16,1,1,1,64,1,optimized_fused,4,1,100,17.6895999908,164,0.00927098408584,128,2909,true,1
fp16,1,1,1,64,1,warp32_transform,4,2,100,15.2831995487,256,0.0167504192551,128,2909,true,1
fp16,1,1,1,64,1,warp32_split,4,3,100,29.9584007263,420,0.0140194399506,128,2909,true,1
fp16,1,1,1,64,1,warp32_fused,4,4,100,15.5200004578,164,0.0105670099976,128,2909,true,1
fp16,1,1,1,64,1,baseline_transform,4,5,100,15.6863999367,256,0.0163198695069,128,2909,true,1
fp16,1,1,1,64,1,optimized_transform,4,6,100,15.4752004147,256,0.0165425967445,128,2909,true,1
fp16,1,1,1,64,1,baseline_split,4,7,100,34.924800396,420,0.0120258382364,128,2909,true,1
fp16,1,1,1,64,1,optimized_split,4,8,100,30.9951996803,420,0.0135504853762,128,2909,true,1
fp16,1,17,1,64,17,baseline_transform,0,0,100,17.2863996029,4352,0.251758613706,2176,2909,true,1
fp16,1,17,1,64,17,optimized_transform,0,1,100,17.0752000809,4352,0.254872562511,2176,2909,true,1
fp16,1,17,1,64,17,baseline_split,0,2,100,38.0927991867,7140,0.18743699997,2176,2909,true,1
fp16,1,17,1,64,17,optimized_split,0,3,100,34.0416002274,7140,0.209743371414,2176,2909,true,1
fp16,1,17,1,64,17,baseline_fused,0,4,100,23.8784003258,2788,0.116758240165,2176,2909,true,1
fp16,1,17,1,64,17,optimized_fused,0,5,100,19.2320001125,2788,0.144966721282,2176,2909,true,1
fp16,1,17,1,64,17,warp32_transform,0,6,100,16.409599781,4352,0.265210611963,2176,2909,true,1
fp16,1,17,1,64,17,warp32_split,0,7,100,32.1472001076,7140,0.222103323963,2176,2909,true,1
fp16,1,17,1,64,17,warp32_fused,0,8,100,16.9343996048,2788,0.164635302406,2176,2909,true,1
fp16,1,17,1,64,17,optimized_transform,1,0,100,17.0431995392,4352,0.255351114677,2176,2909,true,1
fp16,1,17,1,64,17,baseline_split,1,1,100,38.0992007256,7140,0.187405506258,2176,2909,true,1
fp16,1,17,1,64,17,optimized_split,1,2,100,34.0544009209,7140,0.209664531072,2176,2909,true,1
fp16,1,17,1,64,17,baseline_fused,1,3,100,23.8527989388,2788,0.116883557655,2176,2909,true,1
fp16,1,17,1,64,17,optimized_fused,1,4,100,19.1872000694,2788,0.145305202943,2176,2909,true,1
fp16,1,17,1,64,17,warp32_transform,1,5,100,16.4416003227,4352,0.264694428436,2176,2909,true,1
fp16,1,17,1,64,17,warp32_split,1,6,100,32.1472001076,7140,0.222103323963,2176,2909,true,1
fp16,1,17,1,64,17,warp32_fused,1,7,100,16.9216001034,2788,0.164759832579,2176,2909,true,1
fp16,1,17,1,64,17,baseline_transform,1,8,100,17.2288000584,4352,0.252600296321,2176,2909,true,1
fp16,1,17,1,64,17,baseline_split,2,0,100,38.086400032,7140,0.187468492533,2176,2909,true,1
fp16,1,17,1,64,17,optimized_split,2,1,100,34.0608000755,7140,0.20962514046,2176,2909,true,1
fp16,1,17,1,64,17,baseline_fused,2,2,100,23.8143992424,2788,0.117072027374,2176,2909,true,1
fp16,1,17,1,64,17,optimized_fused,2,3,100,19.2384004593,2788,0.144918492881,2176,2909,true,1
fp16,1,17,1,64,17,warp32_transform,2,4,100,16.3968002796,4352,0.265417637941,2176,2909,true,1
fp16,1,17,1,64,17,warp32_split,2,5,100,32.1408009529,7140,0.22214754419,2176,2909,true,1
fp16,1,17,1,64,17,warp32_fused,2,6,100,16.8768000603,2788,0.165197193191,2176,2909,true,1
fp16,1,17,1,64,17,baseline_transform,2,7,100,17.2736001015,4352,0.251945163396,2176,2909,true,1
fp16,1,17,1,64,17,optimized_transform,2,8,100,17.023999691,4352,0.255639102384,2176,2909,true,1
fp16,1,17,1,64,17,optimized_split,3,0,100,34.0416002274,7140,0.209743371414,2176,2909,true,1
fp16,1,17,1,64,17,baseline_fused,3,1,100,23.8271999359,2788,0.117009132735,2176,2909,true,1
fp16,1,17,1,64,17,optimized_fused,3,2,100,19.2768001556,2788,0.144629812909,2176,2909,true,1
fp16,1,17,1,64,17,warp32_transform,3,3,100,16.3520002365,4352,0.266144810241,2176,2909,true,1
fp16,1,17,1,64,17,warp32_split,3,4,100,32.1408009529,7140,0.22214754419,2176,2909,true,1
fp16,1,17,1,64,17,warp32_fused,3,5,100,16.8576002121,2788,0.165385343401,2176,2909,true,1
fp16,1,17,1,64,17,baseline_transform,3,6,100,17.2415995598,4352,0.252412775561,2176,2909,true,1
fp16,1,17,1,64,17,optimized_transform,3,7,100,17.0304000378,4352,0.25554302837,2176,2909,true,1
fp16,1,17,1,64,17,baseline_split,3,8,100,38.1055998802,7140,0.187374034852,2176,2909,true,1
fp16,1,17,1,64,17,baseline_fused,4,0,100,23.8784003258,2788,0.116758240165,2176,2909,true,1
fp16,1,17,1,64,17,optimized_fused,4,1,100,19.1936004162,2788,0.145256749101,2176,2909,true,1
fp16,1,17,1,64,17,warp32_transform,4,2,100,16.4543998241,4352,0.264488528692,2176,2909,true,1
fp16,1,17,1,64,17,warp32_split,4,3,100,32.1535992622,7140,0.222059121337,2176,2909,true,1
fp16,1,17,1,64,17,warp32_fused,4,4,100,16.9343996048,2788,0.164635302406,2176,2909,true,1
fp16,1,17,1,64,17,baseline_transform,4,5,100,17.2096002102,4352,0.252882109221,2176,2909,true,1
fp16,1,17,1,64,17,optimized_transform,4,6,100,17.0624005795,4352,0.255063757279,2176,2909,true,1
fp16,1,17,1,64,17,baseline_split,4,7,100,38.0992007256,7140,0.187405506258,2176,2909,true,1
fp16,1,17,1,64,17,optimized_split,4,8,100,34.0544009209,7140,0.209664531072,2176,2909,true,1
fp16,1,257,1,64,257,baseline_transform,0,0,100,35.8015990257,65792,1.83768328204,32896,2909,true,1
fp16,1,257,1,64,257,optimized_transform,0,1,100,35.8976006508,65792,1.83276873126,32896,2909,true,1
fp16,1,257,1,64,257,baseline_split,0,2,100,74.3616008759,107940,1.45155562452,32896,2909,true,1
fp16,1,257,1,64,257,optimized_split,0,3,100,70.2207994461,107940,1.53715139747,32896,2909,true,1
fp16,1,257,1,64,257,baseline_fused,0,4,100,42.3424005508,42148,0.995408844366,32896,2909,true,1
fp16,1,257,1,64,257,optimized_fused,0,5,100,36.7871999741,42148,1.14572460067,32896,2909,true,1
fp16,1,257,1,64,257,warp32_transform,0,6,100,21.8495988846,65792,3.01113079226,32896,2909,true,1
fp16,1,257,1,64,257,warp32_split,0,7,100,45.0176000595,107940,2.39772888509,32896,2909,true,1
fp16,1,257,1,64,257,warp32_fused,0,8,100,22.5024008751,42148,1.87304458017,32896,2909,true,1
fp16,1,257,1,64,257,optimized_transform,1,0,100,35.7568001747,65792,1.83998567205,32896,2909,true,1
fp16,1,257,1,64,257,baseline_split,1,1,100,74.6560001373,107940,1.4458315447,32896,2909,true,1
fp16,1,257,1,64,257,optimized_split,1,2,100,70.3104019165,107940,1.5351924759,32896,2909,true,1
fp16,1,257,1,64,257,baseline_fused,1,3,100,42.3744010925,42148,0.994657125843,32896,2909,true,1
fp16,1,257,1,64,257,optimized_fused,1,4,100,36.8000006676,42148,1.14532606618,32896,2909,true,1
fp16,1,257,1,64,257,warp32_transform,1,5,100,21.721599102,65792,3.0288746096,32896,2909,true,1
fp16,1,257,1,64,257,warp32_split,1,6,100,44.2047977448,107940,2.44181639792,32896,2909,true,1
fp16,1,257,1,64,257,warp32_fused,1,7,100,22.739200592,42148,1.85353921434,32896,2909,true,1
fp16,1,257,1,64,257,baseline_transform,1,8,100,35.654399395,65792,1.8452701803,32896,2909,true,1
fp16,1,257,1,64,257,baseline_split,2,0,100,74.4960021973,107940,1.44893681293,32896,2909,true,1
fp16,1,257,1,64,257,optimized_split,2,1,100,70.8095979691,107940,1.52436962073,32896,2909,true,1
fp16,1,257,1,64,257,baseline_fused,2,2,100,42.1632003784,42148,0.999639487082,32896,2909,true,1
fp16,1,257,1,64,257,optimized_fused,2,3,100,36.8896007538,42148,1.14254421676,32896,2909,true,1
fp16,1,257,1,64,257,warp32_transform,2,4,100,21.6192007065,65792,3.04322074129,32896,2909,true,1
fp16,1,257,1,64,257,warp32_split,2,5,100,43.7760019302,107940,2.4657345404,32896,2909,true,1
fp16,1,257,1,64,257,warp32_fused,2,6,100,22.0864009857,42148,1.90832358913,32896,2909,true,1
fp16,1,257,1,64,257,baseline_transform,2,7,100,36.0640001297,65792,1.82431232707,32896,2909,true,1
fp16,1,257,1,64,257,optimized_transform,2,8,100,35.8080005646,65792,1.83735475209,32896,2909,true,1
fp16,1,257,1,64,257,optimized_split,3,0,100,71.1231994629,107940,1.51764826126,32896,2909,true,1
fp16,1,257,1,64,257,baseline_fused,3,1,100,42.1248006821,42148,1.00055072825,32896,2909,true,1
fp16,1,257,1,64,257,optimized_fused,3,2,100,36.908800602,42148,1.14194986867,32896,2909,true,1
fp16,1,257,1,64,257,warp32_transform,3,3,100,21.7727994919,65792,3.02175198116,32896,2909,true,1
fp16,1,257,1,64,257,warp32_split,3,4,100,42.5152015686,107940,2.53885659758,32896,2909,true,1
fp16,1,257,1,64,257,warp32_fused,3,5,100,22.4320006371,42148,1.87892291383,32896,2909,true,1
fp16,1,257,1,64,257,baseline_transform,3,6,100,36.0191988945,65792,1.82658143488,32896,2909,true,1
fp16,1,257,1,64,257,optimized_transform,3,7,100,35.8976006508,65792,1.83276873126,32896,2909,true,1
fp16,1,257,1,64,257,baseline_split,3,8,100,74.3487977982,107940,1.4518055866,32896,2909,true,1
fp16,1,257,1,64,257,baseline_fused,4,0,100,42.3424005508,42148,0.995408844366,32896,2909,true,1
fp16,1,257,1,64,257,optimized_fused,4,1,100,36.8063998222,42148,1.14512693998,32896,2909,true,1
fp16,1,257,1,64,257,warp32_transform,4,2,100,21.7856001854,65792,3.01997647254,32896,2909,true,1
fp16,1,257,1,64,257,warp32_split,4,3,100,43.8144016266,107940,2.46357352817,32896,2909,true,1
fp16,1,257,1,64,257,warp32_fused,4,4,100,22.4000000954,42148,1.88160713485,32896,2909,true,1
fp16,1,257,1,64,257,baseline_transform,4,5,100,35.6416010857,65792,1.84593278629,32896,2909,true,1
fp16,1,257,1,64,257,optimized_transform,4,6,100,36.057600975,65792,1.8246360884,32896,2909,true,1
fp16,1,257,1,64,257,baseline_split,4,7,100,74.0416002274,107940,1.45782910781,32896,2909,true,1
fp16,1,257,1,64,257,optimized_split,4,8,100,70.9312009811,107940,1.52175627237,32896,2909,true,1
fp16,4,64,16,64,4096,baseline_transform,0,0,100,166.444797516,1048576,6.29984244416,524288,2909,true,1
fp16,4,64,16,64,4096,optimized_transform,0,1,100,161.113605499,1048576,6.50830199443,524288,2909,true,1
fp16,4,64,16,64,4096,baseline_split,0,2,100,306.406402588,1720320,5.61450408826,524288,2909,true,1
fp16,4,64,16,64,4096,optimized_split,0,3,100,277.747192383,1720320,6.19383398709,524288,2909,true,1
fp16,4,64,16,64,4096,baseline_fused,0,4,100,156.767997742,671744,4.28495617522,524288,2909,true,1
fp16,4,64,16,64,4096,optimized_fused,0,5,100,129.171199799,671744,5.20041619995,524288,2909,true,1
fp16,4,64,16,64,4096,warp32_transform,0,6,100,87.8271961212,1048576,11.9390809033,524288,2909,true,1
fp16,4,64,16,64,4096,warp32_split,0,7,100,258.739204407,1720320,6.64885711442,524288,2909,true,1
fp16,4,64,16,64,4096,warp32_fused,0,8,100,147.712001801,671744,4.54766025652,524288,2909,true,1
fp16,4,64,16,64,4096,optimized_transform,1,0,100,161.715202332,1048576,6.48409045583,524288,2909,true,1
fp16,4,64,16,64,4096,baseline_split,1,1,100,307.583999634,1720320,5.59300874574,524288,2909,true,1
fp16,4,64,16,64,4096,optimized_split,1,2,100,276.620807648,1720320,6.21905493889,524288,2909,true,1
fp16,4,64,16,64,4096,baseline_fused,1,3,100,156.812801361,671744,4.28373190307,524288,2909,true,1
fp16,4,64,16,64,4096,optimized_fused,1,4,100,128.76159668,671744,5.21695922792,524288,2909,true,1
fp16,4,64,16,64,4096,warp32_transform,1,5,100,87.4752044678,1048576,11.9871225953,524288,2909,true,1
fp16,4,64,16,64,4096,warp32_split,1,6,100,255.814399719,1720320,6.72487554214,524288,2909,true,1
fp16,4,64,16,64,4096,warp32_fused,1,7,100,146.483201981,671744,4.58580909563,524288,2909,true,1
fp16,4,64,16,64,4096,baseline_transform,1,8,100,166.751995087,1048576,6.28823660823,524288,2909,true,1
fp16,4,64,16,64,4096,baseline_split,2,0,100,307.526397705,1720320,5.59405635691,524288,2909,true,1
fp16,4,64,16,64,4096,optimized_split,2,1,100,277.92640686,1720320,6.18984003512,524288,2909,true,1
fp16,4,64,16,64,4096,baseline_fused,2,2,100,156.67840004,671744,4.2874065591,524288,2909,true,1
fp16,4,64,16,64,4096,optimized_fused,2,3,100,129.548797607,671744,5.18525846944,524288,2909,true,1
fp16,4,64,16,64,4096,warp32_transform,2,4,100,87.4816036224,1048576,11.9862457543,524288,2909,true,1
fp16,4,64,16,64,4096,warp32_split,2,5,100,254.329605103,1720320,6.76413585161,524288,2909,true,1
fp16,4,64,16,64,4096,warp32_fused,2,6,100,146.918401718,671744,4.57222507286,524288,2909,true,1
fp16,4,64,16,64,4096,baseline_transform,2,7,100,166.668796539,1048576,6.29137560103,524288,2909,true,1
fp16,4,64,16,64,4096,optimized_transform,2,8,100,161.529598236,1048576,6.49154094018,524288,2909,true,1
fp16,4,64,16,64,4096,optimized_split,3,0,100,277.670402527,1720320,6.19554689425,524288,2909,true,1
fp16,4,64,16,64,4096,baseline_fused,3,1,100,154.700803757,671744,4.34221402661,524288,2909,true,1
fp16,4,64,16,64,4096,optimized_fused,3,2,100,129.337596893,671744,5.19372569257,524288,2909,true,1
fp16,4,64,16,64,4096,warp32_transform,3,3,100,86.2080001831,1048576,12.1633258836,524288,2909,true,1
fp16,4,64,16,64,4096,warp32_split,3,4,100,256.576004028,1720320,6.70491383836,524288,2909,true,1
fp16,4,64,16,64,4096,warp32_fused,3,5,100,148.326396942,671744,4.52882301363,524288,2909,true,1
fp16,4,64,16,64,4096,baseline_transform,3,6,100,167.078399658,1048576,6.27595190129,524288,2909,true,1
fp16,4,64,16,64,4096,optimized_transform,3,7,100,161.715202332,1048576,6.48409045583,524288,2909,true,1
fp16,4,64,16,64,4096,baseline_split,3,8,100,306.784000397,1720320,5.6075936091,524288,2909,true,1
fp16,4,64,16,64,4096,baseline_fused,4,0,100,156.288003922,671744,4.29811619027,524288,2909,true,1
fp16,4,64,16,64,4096,optimized_fused,4,1,100,129.164800644,671744,5.20067384188,524288,2909,true,1
fp16,4,64,16,64,4096,warp32_transform,4,2,100,87.8143978119,1048576,11.9408209374,524288,2909,true,1
fp16,4,64,16,64,4096,warp32_split,4,3,100,257.273597717,1720320,6.68673356016,524288,2909,true,1
fp16,4,64,16,64,4096,warp32_fused,4,4,100,148.352003098,671744,4.52804132047,524288,2909,true,1
fp16,4,64,16,64,4096,baseline_transform,4,5,100,166.879997253,1048576,6.28341333448,524288,2909,true,1
fp16,4,64,16,64,4096,optimized_transform,4,6,100,161.375999451,1048576,6.49771963346,524288,2909,true,1
fp16,4,64,16,64,4096,baseline_split,4,7,100,307.67999649,1720320,5.59126371432,524288,2909,true,1
fp16,4,64,16,64,4096,optimized_split,4,8,100,277.759990692,1720320,6.19354859465,524288,2909,true,1
fp16,16,64,16,64,16384,baseline_transform,0,0,100,462.239990234,4194304,9.07386658146,2097152,2909,true,1
fp16,16,64,16,64,16384,optimized_transform,0,1,100,462.291183472,4194304,9.07286175891,2097152,2909,true,1
fp16,16,64,16,64,16384,baseline_split,0,2,100,970.304031372,6881280,7.09188025352,2097152,2909,true,1
fp16,16,64,16,64,16384,optimized_split,0,3,100,904.672012329,6881280,7.60638099358,2097152,2909,true,1
fp16,16,64,16,64,16384,baseline_fused,0,4,100,560.223999023,2686976,4.79625293576,2097152,2909,true,1
fp16,16,64,16,64,16384,optimized_fused,0,5,100,475.699195862,2686976,5.64847706991,2097152,2909,true,1
fp16,16,64,16,64,16384,warp32_transform,0,6,100,342.598381042,4194304,12.2426264457,2097152,2909,true,1
fp16,16,64,16,64,16384,warp32_split,0,7,100,878.079986572,6881280,7.83673481372,2097152,2909,true,1
fp16,16,64,16,64,16384,warp32_fused,0,8,100,548.140792847,2686976,4.9019814527,2097152,2909,true,1
fp16,16,64,16,64,16384,optimized_transform,1,0,100,462.054405212,4194304,9.07751111706,2097152,2909,true,1
fp16,16,64,16,64,16384,baseline_split,1,1,100,972.198410034,6881280,7.07806135967,2097152,2909,true,1
fp16,16,64,16,64,16384,optimized_split,1,2,100,904.601593018,6881280,7.60697311735,2097152,2909,true,1
fp16,16,64,16,64,16384,baseline_fused,1,3,100,561.83681488,2686976,4.78248475151,2097152,2909,true,1
fp16,16,64,16,64,16384,optimized_fused,1,4,100,476.531181335,2686976,5.638615279,2097152,2909,true,1
fp16,16,64,16,64,16384,warp32_transform,1,5,100,345.081596375,4194304,12.1545282161,2097152,2909,true,1
fp16,16,64,16,64,16384,warp32_split,1,6,100,881.305618286,6881280,7.80805189167,2097152,2909,true,1
fp16,16,64,16,64,16384,warp32_fused,1,7,100,543.20640564,2686976,4.94651015176,2097152,2909,true,1
fp16,16,64,16,64,16384,baseline_transform,1,8,100,463.680000305,4194304,9.04568667452,2097152,2909,true,1
fp16,16,64,16,64,16384,baseline_split,2,0,100,971.859207153,6881280,7.08053177801,2097152,2909,true,1
fp16,16,64,16,64,16384,optimized_split,2,1,100,901.734390259,6881280,7.63116065477,2097152,2909,true,1
fp16,16,64,16,64,16384,baseline_fused,2,2,100,560.480003357,2686976,4.79406220366,2097152,2909,true,1
fp16,16,64,16,64,16384,optimized_fused,2,3,100,474.899215698,2686976,5.65799207743,2097152,2909,true,1
fp16,16,64,16,64,16384,warp32_transform,2,4,100,334.630393982,4194304,12.5341393831,2097152,2909,true,1
fp16,16,64,16,64,16384,warp32_split,2,5,100,869.555206299,6881280,7.91356310692,2097152,2909,true,1
fp16,16,64,16,64,16384,warp32_fused,2,6,100,547.558403015,2686976,4.90719526028,2097152,2909,true,1
fp16,16,64,16,64,16384,baseline_transform,2,7,100,461.587181091,4194304,9.08669948347,2097152,2909,true,1
fp16,16,64,16,64,16384,optimized_transform,2,8,100,462.003211975,4194304,9.07851696976,2097152,2909,true,1
fp16,16,64,16,64,16384,optimized_split,3,0,100,904.371185303,6881280,7.60891115488,2097152,2909,true,1
fp16,16,64,16,64,16384,baseline_fused,3,1,100,562.553596497,2686976,4.77639111497,2097152,2909,true,1
fp16,16,64,16,64,16384,optimized_fused,3,2,100,474.879989624,2686976,5.65822114789,2097152,2909,true,1
fp16,16,64,16,64,16384,warp32_transform,3,3,100,335.040016174,4194304,12.5188150594,2097152,2909,true,1
fp16,16,64,16,64,16384,warp32_split,3,4,100,870.739212036,6881280,7.90280247505,2097152,2909,true,1
fp16,16,64,16,64,16384,warp32_fused,3,5,100,547.11681366,2686976,4.9111559596,2097152,2909,true,1
fp16,16,64,16,64,16384,baseline_transform,3,6,100,464.435195923,4194304,9.03097792075,2097152,2909,true,1
fp16,16,64,16,64,16384,optimized_transform,3,7,100,463.596801758,4194304,9.04731004204,2097152,2909,true,1
fp16,16,64,16,64,16384,baseline_split,3,8,100,971.551971436,6881280,7.08277086797,2097152,2909,true,1
fp16,16,64,16,64,16384,baseline_fused,4,0,100,561.823997498,2686976,4.78259385852,2097152,2909,true,1
fp16,16,64,16,64,16384,optimized_fused,4,1,100,475.519981384,2686976,5.65060587397,2097152,2909,true,1
fp16,16,64,16,64,16384,warp32_transform,4,2,100,343.462409973,4194304,12.2118283638,2097152,2909,true,1
fp16,16,64,16,64,16384,warp32_split,4,3,100,879.756774902,6881280,7.82179824732,2097152,2909,true,1
fp16,16,64,16,64,16384,warp32_fused,4,4,100,548.582382202,2686976,4.89803553153,2097152,2909,true,1
fp16,16,64,16,64,16384,baseline_transform,4,5,100,464.838409424,4194304,9.02314420445,2097152,2909,true,1
fp16,16,64,16,64,16384,optimized_transform,4,6,100,462.316818237,4194304,9.0723586825,2097152,2909,true,1
fp16,16,64,16,64,16384,baseline_split,4,7,100,973.542404175,6881280,7.06828995891,2097152,2909,true,1
fp16,16,64,16,64,16384,optimized_split,4,8,100,903.00163269,6881280,7.62045133794,2097152,2909,true,1
fp16,1,1,1,128,1,baseline_transform,0,0,100,16.128000021,512,0.0317460317047,256,2909,true,1
fp16,1,1,1,128,1,optimized_transform,0,1,100,16.2111997604,512,0.0315831035066,256,2909,true,1
fp16,1,1,1,128,1,baseline_split,0,2,100,40.9471988678,836,0.0204165369822,256,2909,true,1
fp16,1,1,1,128,1,optimized_split,0,3,100,31.8975996971,836,0.0262088686277,256,2909,true,1
fp16,1,1,1,128,1,baseline_fused,0,4,100,28.1920003891,324,0.0114926218618,256,2909,true,1
fp16,1,1,1,128,1,optimized_fused,0,5,100,18.2400000095,324,0.0177631578854,256,2909,true,1
fp16,1,1,1,128,1,warp32_transform,0,6,100,15.2831995487,512,0.0335008385101,256,2909,true,1
fp16,1,1,1,128,1,warp32_split,0,7,100,30.5279994011,836,0.027384696554,256,2909,true,1
fp16,1,1,1,128,1,warp32_fused,0,8,100,16.5631997585,324,0.0195614376886,256,2909,true,1
fp16,1,1,1,128,1,optimized_transform,1,0,100,16.1536002159,512,0.031695720654,256,2909,true,1
fp16,1,1,1,128,1,baseline_split,1,1,100,40.9407997131,836,0.0204197281406,256,2909,true,1
fp16,1,1,1,128,1,optimized_split,1,2,100,32.0255994797,836,0.0261041171308,256,2909,true,1
fp16,1,1,1,128,1,baseline_fused,1,3,100,28.1791996956,324,0.0114978425044,256,2909,true,1
fp16,1,1,1,128,1,optimized_fused,1,4,100,18.1951999664,324,0.0178068941588,256,2909,true,1
fp16,1,1,1,128,1,warp32_transform,1,5,100,15.2512001991,512,0.0335711283909,256,2909,true,1
fp16,1,1,1,128,1,warp32_split,1,6,100,30.5344009399,836,0.0273789553509,256,2909,true,1
fp16,1,1,1,128,1,warp32_fused,1,7,100,16.5375995636,324,0.0195917187832,256,2909,true,1
fp16,1,1,1,128,1,baseline_transform,1,8,100,16.1728000641,512,0.0316580924745,256,2909,true,1
fp16,1,1,1,128,1,baseline_split,2,0,100,40.9216022491,836,0.0204293076041,256,2909,true,1
fp16,1,1,1,128,1,optimized_split,2,1,100,31.8975996971,836,0.0262088686277,256,2909,true,1
fp16,1,1,1,128,1,baseline_fused,2,2,100,28.2559990883,324,0.0114665915365,256,2909,true,1
fp16,1,1,1,128,1,optimized_fused,2,3,100,18.1312000751,324,0.0178697493082,256,2909,true,1
fp16,1,1,1,128,1,warp32_transform,2,4,100,15.2191996574,512,0.0336417164847,256,2909,true,1
fp16,1,1,1,128,1,warp32_split,2,5,100,30.387198925,836,0.027511584798,256,2909,true,1
fp16,1,1,1,128,1,warp32_fused,2,6,100,16.6592001915,324,0.0194487127999,256,2909,true,1
fp16,1,1,1,128,1,baseline_transform,2,7,100,16.0831999779,512,0.0318344608476,256,2909,true,1
fp16,1,1,1,128,1,optimized_transform,2,8,100,16.2111997604,512,0.0315831035066,256,2909,true,1
fp16,1,1,1,128,1,optimized_split,3,0,100,32.0128011703,836,0.0261145532236,256,2909,true,1
fp16,1,1,1,128,1,baseline_fused,3,1,100,28.3071994781,324,0.0114458514432,256,2909,true,1
fp16,1,1,1,128,1,optimized_fused,3,2,100,18.1503999233,324,0.0178508463378,256,2909,true,1
fp16,1,1,1,128,1,warp32_transform,3,3,100,15.1935994625,512,0.0336984005182,256,2909,true,1
fp16,1,1,1,128,1,warp32_split,3,4,100,30.4064011574,836,0.0274942106984,256,2909,true,1
fp16,1,1,1,128,1,warp32_fused,3,5,100,16.6592001915,324,0.0194487127999,256,2909,true,1
fp16,1,1,1,128,1,baseline_transform,3,6,100,16.1344003677,512,0.0317334383882,256,2909,true,1
fp16,1,1,1,128,1,optimized_transform,3,7,100,16.1663997173,512,0.0316706260486,256,2909,true,1
fp16,1,1,1,128,1,baseline_split,3,8,100,40.9407997131,836,0.0204197281406,256,2909,true,1
fp16,1,1,1,128,1,baseline_fused,4,0,100,28.1983995438,324,0.0114900138037,256,2909,true,1
fp16,1,1,1,128,1,optimized_fused,4,1,100,18.2464003563,324,0.0177569270472,256,2909,true,1
fp16,1,1,1,128,1,warp32_transform,4,2,100,15.2831995487,512,0.0335008385101,256,2909,true,1
fp16,1,1,1,128,1,warp32_split,4,3,100,30.6624007225,836,0.0272646622672,256,2909,true,1
fp16,1,1,1,128,1,warp32_fused,4,4,100,16.5504002571,324,0.0195765658212,256,2909,true,1
fp16,1,1,1,128,1,baseline_transform,4,5,100,16.1792004108,512,0.0316455688167,256,2909,true,1
fp16,1,1,1,128,1,optimized_transform,4,6,100,16.0959994793,512,0.0318091461583,256,2909,true,1
fp16,1,1,1,128,1,baseline_split,4,7,100,40.9216022491,836,0.0204293076041,256,2909,true,1
fp16,1,1,1,128,1,optimized_split,4,8,100,32.019200325,836,0.0261093341343,256,2909,true,1
fp16,1,17,1,128,17,baseline_transform,0,0,100,18.2400000095,8704,0.477192982207,4352,2909,true,1
fp16,1,17,1,128,17,optimized_transform,0,1,100,18.3168005943,8704,0.475192157887,4352,2909,true,1
fp16,1,17,1,128,17,baseline_split,0,2,100,44.4095993042,14212,0.320020901397,4352,2909,true,1
fp16,1,17,1,128,17,optimized_split,0,3,100,35.4367995262,14212,0.401052019088,4352,2909,true,1
fp16,1,17,1,128,17,baseline_fused,0,4,100,29.6063995361,5508,0.186040858946,4352,2909,true,1
fp16,1,17,1,128,17,optimized_fused,0,5,100,19.8015999794,5508,0.278159340949,4352,2909,true,1
fp16,1,17,1,128,17,warp32_transform,0,6,100,17.1264004707,8704,0.508221211741,4352,2909,true,1
fp16,1,17,1,128,17,warp32_split,0,7,100,33.8495993614,14212,0.419857258819,4352,2909,true,1
fp16,1,17,1,128,17,warp32_fused,0,8,100,18.1312000751,5508,0.30378573824,4352,2909,true,1
fp16,1,17,1,128,17,optimized_transform,1,0,100,18.3296000957,8704,0.474860332715,4352,2909,true,1
fp16,1,17,1,128,17,baseline_split,1,1,100,44.4159984589,14212,0.319974794964,4352,2909,true,1
fp16,1,17,1,128,17,optimized_split,1,2,100,35.5712008476,14212,0.39953669433,4352,2909,true,1
fp16,1,17,1,128,17,baseline_fused,1,3,100,29.657599926,5508,0.185719681085,4352,2909,true,1
fp16,1,17,1,128,17,optimized_fused,1,4,100,19.7951996326,5508,0.278249277715,4352,2909,true,1
fp16,1,17,1,128,17,warp32_transform,1,5,100,17.0816004276,8704,0.509554127371,4352,2909,true,1
fp16,1,17,1,128,17,warp32_split,1,6,100,33.8687992096,14212,0.419619246376,4352,2909,true,1
fp16,1,17,1,128,17,warp32_fused,1,7,100,18.0991995335,5508,0.304322850843,4352,2909,true,1
fp16,1,17,1,128,17,baseline_transform,1,8,100,18.1887996197,8704,0.478536252089,4352,2909,true,1
fp16,1,17,1,128,17,baseline_split,2,0,100,44.3839979172,14212,0.320205494478,4352,2909,true,1
fp16,1,17,1,128,17,optimized_split,2,1,100,35.417599678,14212,0.401269429018,4352,2909,true,1
fp16,1,17,1,128,17,baseline_fused,2,2,100,29.6063995361,5508,0.186040858946,4352,2909,true,1
fp16,1,17,1,128,17,optimized_fused,2,3,100,19.8399996758,5508,0.277620972279,4352,2909,true,1
fp16,1,17,1,128,17,warp32_transform,2,4,100,17.0112001896,8704,0.511662898737,4352,2909,true,1
fp16,1,17,1,128,17,warp32_split,2,5,100,33.7791991234,14212,0.420732295875,4352,2909,true,1
fp16,1,17,1,128,17,warp32_fused,2,6,100,18.1439995766,5508,0.303571435656,4352,2909,true,1
fp16,1,17,1,128,17,baseline_transform,2,7,100,18.1951999664,8704,0.478367922093,4352,2909,true,1
fp16,1,17,1,128,17,optimized_transform,2,8,100,18.3296000957,8704,0.474860332715,4352,2909,true,1
fp16,1,17,1,128,17,optimized_split,3,0,100,35.583999157,14212,0.399392995074,4352,2909,true,1
fp16,1,17,1,128,17,baseline_fused,3,1,100,29.6000003815,5508,0.186081078683,4352,2909,true,1
fp16,1,17,1,128,17,optimized_fused,3,2,100,19.8399996758,5508,0.277620972279,4352,2909,true,1
fp16,1,17,1,128,17,warp32_transform,3,3,100,17.0047998428,8704,0.511855480832,4352,2909,true,1
fp16,1,17,1,128,17,warp32_split,3,4,100,33.7919998169,14212,0.420572918946,4352,2909,true,1
fp16,1,17,1,128,17,warp32_fused,3,5,100,18.1247997284,5508,0.303893013029,4352,2909,true,1
fp16,1,17,1,128,17,baseline_transform,3,6,100,18.1887996197,8704,0.478536252089,4352,2909,true,1
fp16,1,17,1,128,17,optimized_transform,3,7,100,18.3104002476,8704,0.475358259913,4352,2909,true,1
fp16,1,17,1,128,17,baseline_split,3,8,100,44.4032001495,14212,0.320067021119,4352,2909,true,1
fp16,1,17,1,128,17,baseline_fused,4,0,100,29.6512007713,5508,0.185759762057,4352,2909,true,1
fp16,1,17,1,128,17,optimized_fused,4,1,100,19.8015999794,5508,0.278159340949,4352,2909,true,1
fp16,1,17,1,128,17,warp32_transform,4,2,100,17.0816004276,8704,0.509554127371,4352,2909,true,1
fp16,1,17,1,128,17,warp32_split,4,3,100,33.8495993614,14212,0.419857258819,4352,2909,true,1
fp16,1,17,1,128,17,warp32_fused,4,4,100,18.1376004219,5508,0.30367853916,4352,2909,true,1
fp16,1,17,1,128,17,baseline_transform,4,5,100,18.2016003132,8704,0.478199710478,4352,2909,true,1
fp16,1,17,1,128,17,optimized_transform,4,6,100,18.3552002907,8704,0.47419803991,4352,2909,true,1
fp16,1,17,1,128,17,baseline_split,4,7,100,44.4095993042,14212,0.320020901397,4352,2909,true,1
fp16,1,17,1,128,17,optimized_split,4,8,100,35.4239988327,14212,0.401196941856,4352,2909,true,1
fp16,1,257,1,128,257,baseline_transform,0,0,100,44.2687988281,131584,2.97238695161,65792,2909,true,1
fp16,1,257,1,128,257,optimized_transform,0,1,100,40.2048015594,131584,3.27284291667,65792,2909,true,1
fp16,1,257,1,128,257,baseline_split,0,2,100,104.2304039,214852,2.06131792606,65792,2909,true,1
fp16,1,257,1,128,257,optimized_split,0,3,100,76.006398201,214852,2.8267620238,65792,2909,true,1
fp16,1,257,1,128,257,baseline_fused,0,4,100,68.5888004303,83268,1.2140174413,65792,2909,true,1
fp16,1,257,1,128,257,optimized_fused,0,5,100,39.4176006317,83268,2.11245734559,65792,2909,true,1
fp16,1,257,1,128,257,warp32_transform,0,6,100,26.681599617,131584,4.93163835335,65792,2909,true,1
fp16,1,257,1,128,257,warp32_split,0,7,100,56.4864015579,214852,3.8036057188,65792,2909,true,1
fp16,1,257,1,128,257,warp32_fused,0,8,100,29.0176010132,83268,2.86956871322,65792,2909,true,1
fp16,1,257,1,128,257,optimized_transform,1,0,100,40.2687978745,131584,3.26764162194,65792,2909,true,1
fp16,1,257,1,128,257,baseline_split,1,1,100,104.326400757,214852,2.05942118621,65792,2909,true,1
fp16,1,257,1,128,257,optimized_split,1,2,100,75.9999990463,214852,2.82700003547,65792,2909,true,1
fp16,1,257,1,128,257,baseline_fused,1,3,100,68.4159994125,83268,1.21708373356,65792,2909,true,1
fp16,1,257,1,128,257,optimized_fused,1,4,100,39.315199852,83268,2.11795947403,65792,2909,true,1
fp16,1,257,1,128,257,warp32_transform,1,5,100,26.2400007248,131584,5.01463400783,65792,2909,true,1
fp16,1,257,1,128,257,warp32_split,1,6,100,56.6527986526,214852,3.79243400343,65792,2909,true,1
fp16,1,257,1,128,257,warp32_fused,1,7,100,28.8768005371,83268,2.88356045168,65792,2909,true,1
fp16,1,257,1,128,257,baseline_transform,1,8,100,42.6367998123,131584,3.0861603258,65792,2909,true,1
fp16,1,257,1,128,257,baseline_split,2,0,100,102.771196365,214852,2.09058576331,65792,2909,true,1
fp16,1,257,1,128,257,optimized_split,2,1,100,75.0464010239,214852,2.86292209978,65792,2909,true,1
fp16,1,257,1,128,257,baseline_fused,2,2,100,68.5695981979,83268,1.21435741478,65792,2909,true,1
fp16,1,257,1,128,257,optimized_fused,2,3,100,39.4815993309,83268,2.10903310431,65792,2909,true,1
fp16,1,257,1,128,257,warp32_transform,2,4,100,25.3184008598,131584,5.19716868093,65792,2909,true,1
fp16,1,257,1,128,257,warp32_split,2,5,100,55.9104013443,214852,3.84279123086,65792,2909,true,1
fp16,1,257,1,128,257,warp32_fused,2,6,100,29.2095994949,83268,2.85070666629,65792,2909,true,1
fp16,1,257,1,128,257,baseline_transform,2,7,100,44.057598114,131584,2.98663580478,65792,2909,true,1
fp16,1,257,1,128,257,optimized_transform,2,8,100,40.2175998688,131584,3.27180141106,65792,2909,true,1
fp16,1,257,1,128,257,optimized_split,3,0,100,75.232000351,214852,2.85585919552,65792,2909,true,1
fp16,1,257,1,128,257,baseline_fused,3,1,100,68.6719989777,83268,1.21254661637,65792,2909,true,1
fp16,1,257,1,128,257,optimized_fused,3,2,100,39.3472003937,83268,2.11623696646,65792,2909,true,1
fp16,1,257,1,128,257,warp32_transform,3,3,100,24.4479990005,131584,5.38219917291,65792,2909,true,1
fp16,1,257,1,128,257,warp32_split,3,4,100,55.8975982666,214852,3.84367140383,65792,2909,true,1
fp16,1,257,1,128,257,warp32_fused,3,5,100,28.7615990639,83268,2.89511024109,65792,2909,true,1
fp16,1,257,1,128,257,baseline_transform,3,6,100,44.03840065,131584,2.98793775564,65792,2909,true,1
fp16,1,257,1,128,257,optimized_transform,3,7,100,40.4479980469,131584,3.25316471405,65792,2909,true,1
fp16,1,257,1,128,257,baseline_split,3,8,100,104.313602448,214852,2.05967385805,65792,2909,true,1
fp16,1,257,1,128,257,baseline_fused,4,0,100,68.4479999542,83268,1.21651472732,65792,2909,true,1
fp16,1,257,1,128,257,optimized_fused,4,1,100,39.3664002419,83268,2.11520483175,65792,2909,true,1
fp16,1,257,1,128,257,warp32_transform,4,2,100,26.944000721,131584,4.88361032063,65792,2909,true,1
fp16,1,257,1,128,257,warp32_split,4,3,100,56.4096021652,214852,3.8087841742,65792,2909,true,1
fp16,1,257,1,128,257,warp32_fused,4,4,100,29.0240001678,83268,2.86893603633,65792,2909,true,1
fp16,1,257,1,128,257,baseline_transform,4,5,100,42.4896001816,131584,3.0968519223,65792,2909,true,1
fp16,1,257,1,128,257,optimized_transform,4,6,100,41.1647987366,131584,3.19651751104,65792,2909,true,1
fp16,1,257,1,128,257,baseline_split,4,7,100,102.899198532,214852,2.08798516475,65792,2909,true,1
fp16,1,257,1,128,257,optimized_split,4,8,100,74.9247980118,214852,2.86756862483,65792,2909,true,1
fp16,4,64,16,128,4096,baseline_transform,0,0,100,230.348796844,2097152,9.10424551258,1048576,2909,true,1
fp16,4,64,16,128,4096,optimized_transform,0,1,100,237.305603027,2097152,8.83734717279,1048576,2909,true,1
fp16,4,64,16,128,4096,baseline_split,0,2,100,427.225608826,3424256,8.01510005314,1048576,2909,true,1
fp16,4,64,16,128,4096,optimized_split,0,3,100,401.862411499,3424256,8.52096613671,1048576,2909,true,1
fp16,4,64,16,128,4096,baseline_fused,0,4,100,210.790405273,1327104,6.29584633266,1048576,2909,true,1
fp16,4,64,16,128,4096,optimized_fused,0,5,100,175.072002411,1327104,7.58033255875,1048576,2909,true,1
fp16,4,64,16,128,4096,warp32_transform,0,6,100,140.172796249,2097152,14.9611911592,1048576,2909,true,1
fp16,4,64,16,128,4096,warp32_split,0,7,100,315.507202148,3424256,10.853178554,1048576,2909,true,1
fp16,4,64,16,128,4096,warp32_fused,0,8,100,180.185604095,1327104,7.36520548721,1048576,2909,true,1
fp16,4,64,16,128,4096,optimized_transform,1,0,100,236.492805481,2097152,8.86772008026,1048576,2909,true,1
fp16,4,64,16,128,4096,baseline_split,1,1,100,428.019218445,3424256,8.00023889685,1048576,2909,true,1
fp16,4,64,16,128,4096,optimized_split,1,2,100,401.267204285,3424256,8.53360544654,1048576,2909,true,1
fp16,4,64,16,128,4096,baseline_fused,1,3,100,210.297603607,1327104,6.31059972742,1048576,2909,true,1
fp16,4,64,16,128,4096,optimized_fused,1,4,100,175.776004791,1327104,7.54997248672,1048576,2909,true,1
fp16,4,64,16,128,4096,warp32_transform,1,5,100,140.012798309,2097152,14.9782878803,1048576,2909,true,1
fp16,4,64,16,128,4096,warp32_split,1,6,100,316.863994598,3424256,10.8067059002,1048576,2909,true,1
fp16,4,64,16,128,4096,warp32_fused,1,7,100,179.00800705,1327104,7.41365719821,1048576,2909,true,1
fp16,4,64,16,128,4096,baseline_transform,1,8,100,229.84960556,2097152,9.12401826789,1048576,2909,true,1
fp16,4,64,16,128,4096,baseline_split,2,0,100,429.388809204,3424256,7.9747211073,1048576,2909,true,1
fp16,4,64,16,128,4096,optimized_split,2,1,100,400.582389832,3424256,8.54819404677,1048576,2909,true,1
fp16,4,64,16,128,4096,baseline_fused,2,2,100,210.163192749,1327104,6.31463570115,1048576,2909,true,1
fp16,4,64,16,128,4096,optimized_fused,2,3,100,174.950408936,1327104,7.58560101731,1048576,2909,true,1
fp16,4,64,16,128,4096,warp32_transform,2,4,100,138.476800919,2097152,15.1444284248,1048576,2909,true,1
fp16,4,64,16,128,4096,warp32_split,2,5,100,314.956798553,3424256,10.8721450552,1048576,2909,true,1
fp16,4,64,16,128,4096,warp32_fused,2,6,100,179.468803406,1327104,7.39462221186,1048576,2909,true,1
fp16,4,64,16,128,4096,baseline_transform,2,7,100,230.265598297,2097152,9.1075350183,1048576,2909,true,1
fp16,4,64,16,128,4096,optimized_transform,2,8,100,235.935993195,2097152,8.88864802527,1048576,2909,true,1
fp16,4,64,16,128,4096,optimized_split,3,0,100,402.054405212,3424256,8.51689710548,1048576,2909,true,1
fp16,4,64,16,128,4096,baseline_fused,3,1,100,210.419197083,1327104,6.30695306512,1048576,2909,true,1
fp16,4,64,16,128,4096,optimized_fused,3,2,100,175.321598053,1327104,7.56954085942,1048576,2909,true,1
fp16,4,64,16,128,4096,warp32_transform,3,3,100,139.187202454,2097152,15.0671323443,1048576,2909,true,1
fp16,4,64,16,128,4096,warp32_split,3,4,100,314.617595673,3424256,10.8838667865,1048576,2909,true,1
fp16,4,64,16,128,4096,warp32_fused,3,5,100,177.203197479,1327104,7.48916508775,1048576,2909,true,1
fp16,4,64,16,128,4096,baseline_transform,3,6,100,228.307209015,2097152,9.18565825866,1048576,2909,true,1
fp16,4,64,16,128,4096,optimized_transform,3,7,100,236.140804291,2097152,8.88093866834,1048576,2909,true,1
fp16,4,64,16,128,4096,baseline_split,3,8,100,427.545585632,3424256,8.00910152057,1048576,2909,true,1
fp16,4,64,16,128,4096,baseline_fused,4,0,100,210.400009155,1327104,6.30752824265,1048576,2909,true,1
fp16,4,64,16,128,4096,optimized_fused,4,1,100,175.200004578,1327104,7.57479432263,1048576,2909,true,1
fp16,4,64,16,128,4096,warp32_transform,4,2,100,139.148797989,2097152,15.0712908075,1048576,2909,true,1
fp16,4,64,16,128,4096,warp32_split,4,3,100,316.761608124,3424256,10.8101989388,1048576,2909,true,1
fp16,4,64,16,128,4096,warp32_fused,4,4,100,180.204792023,1327104,7.36442125153,1048576,2909,true,1
fp16,4,64,16,128,4096,baseline_transform,4,5,100,230.899200439,2097152,9.08254336095,1048576,2909,true,1
fp16,4,64,16,128,4096,optimized_transform,4,6,100,235.872001648,2097152,8.89105949561,1048576,2909,true,1
fp16,4,64,16,128,4096,baseline_split,4,7,100,428.275184631,3424256,7.99545741355,1048576,2909,true,1
fp16,4,64,16,128,4096,optimized_split,4,8,100,400.051193237,3424256,8.55954452302,1048576,2909,true,1
fp16,16,64,16,128,16384,baseline_transform,0,0,100,833.24798584,8388608,10.0673606688,4194304,2909,true,1
fp16,16,64,16,128,16384,optimized_transform,0,1,100,875.615997314,8388608,9.58023611461,4194304,2909,true,1
fp16,16,64,16,128,16384,baseline_split,0,2,100,1549.17114258,13697024,8.84151765002,4194304,2909,true,1
fp16,16,64,16,128,16384,optimized_split,0,3,100,1469.29916382,13697024,9.3221478221,4194304,2909,true,1
fp16,16,64,16,128,16384,baseline_fused,0,4,100,733.049621582,5308416,7.24155069959,4194304,2909,true,1
fp16,16,64,16,128,16384,optimized_fused,0,5,100,638.720016479,5308416,8.31102182966,4194304,2909,true,1
fp16,16,64,16,128,16384,warp32_transform,0,6,100,544.608001709,8388608,15.4030201056,4194304,2909,true,1
fp16,16,64,16,128,16384,warp32_split,0,7,100,1212.90237427,13697024,11.2927670772,4194304,2909,true,1
fp16,16,64,16,128,16384,warp32_fused,0,8,100,670.886383057,5308416,7.9125409817,4194304,2909,true,1
fp16,16,64,16,128,16384,optimized_transform,1,0,100,872.691192627,8388608,9.6123440581,4194304,2909,true,1
fp16,16,64,16,128,16384,baseline_split,1,1,100,1547.06558228,13697024,8.85355097866,4194304,2909,true,1
fp16,16,64,16,128,16384,optimized_split,1,2,100,1469.45281982,13697024,9.32117303476,4194304,2909,true,1
fp16,16,64,16,128,16384,baseline_fused,1,3,100,733.24798584,5308416,7.23959165591,4194304,2909,true,1
fp16,16,64,16,128,16384,optimized_fused,1,4,100,638.745613098,5308416,8.31068877992,4194304,2909,true,1
fp16,16,64,16,128,16384,warp32_transform,1,5,100,543.590393066,8388608,15.4318547697,4194304,2909,true,1
fp16,16,64,16,128,16384,warp32_split,1,6,100,1211.32156372,13697024,11.307504473,4194304,2909,true,1
fp16,16,64,16,128,16384,warp32_fused,1,7,100,669.971237183,5308416,7.92334910126,4194304,2909,true,1
fp16,16,64,16,128,16384,baseline_transform,1,8,100,834.022369385,8388608,10.0580131996,4194304,2909,true,1
fp16,16,64,16,128,16384,baseline_split,2,0,100,1548.97277832,13697024,8.84264991077,4194304,2909,true,1
fp16,16,64,16,128,16384,optimized_split,2,1,100,1469.33120728,13697024,9.32194452291,4194304,2909,true,1
fp16,16,64,16,128,16384,baseline_fused,2,2,100,734.131164551,5308416,7.23088224057,4194304,2909,true,1
fp16,16,64,16,128,16384,optimized_fused,2,3,100,638.156814575,5308416,8.31835667779,4194304,2909,true,1
fp16,16,64,16,128,16384,warp32_transform,2,4,100,543.494415283,8388608,15.4345799407,4194304,2909,true,1
fp16,16,64,16,128,16384,warp32_split,2,5,100,1212.88322449,13697024,11.2929453747,4194304,2909,true,1
fp16,16,64,16,128,16384,warp32_fused,2,6,100,669.171218872,5308416,7.93282175068,4194304,2909,true,1
fp16,16,64,16,128,16384,baseline_transform,2,7,100,833.862380981,8388608,10.059942973,4194304,2909,true,1
fp16,16,64,16,128,16384,optimized_transform,2,8,100,871.916809082,8388608,9.62088115818,4194304,2909,true,1
fp16,16,64,16,128,16384,optimized_split,3,0,100,1467.75680542,13697024,9.33194378621,4194304,2909,true,1
fp16,16,64,16,128,16384,baseline_fused,3,1,100,734.009628296,5308416,7.23207951962,4194304,2909,true,1
fp16,16,64,16,128,16384,optimized_fused,3,2,100,637.945594788,5308416,8.32111083355,4194304,2909,true,1
fp16,16,64,16,128,16384,warp32_transform,3,3,100,541.977615356,8388608,15.4777757647,4194304,2909,true,1
fp16,16,64,16,128,16384,warp32_split,3,4,100,1210.71357727,13697024,11.313182785,4194304,2909,true,1
fp16,16,64,16,128,16384,warp32_fused,3,5,100,670.124816895,5308416,7.92153322212,4194304,2909,true,1
fp16,16,64,16,128,16384,baseline_transform,3,6,100,833.638381958,8388608,10.0626460844,4194304,2909,true,1
fp16,16,64,16,128,16384,optimized_transform,3,7,100,873.196792603,8388608,9.60677830137,4194304,2909,true,1
fp16,16,64,16,128,16384,baseline_split,3,8,100,1548.32641602,13697024,8.84634135175,4194304,2909,true,1
fp16,16,64,16,128,16384,baseline_fused,4,0,100,733.721618652,5308416,7.23491834648,4194304,2909,true,1
fp16,16,64,16,128,16384,optimized_fused,4,1,100,638.617591858,5308416,8.3123547921,4194304,2909,true,1
fp16,16,64,16,128,16384,warp32_transform,4,2,100,544.505615234,8388608,15.4059164227,4194304,2909,true,1
fp16,16,64,16,128,16384,warp32_split,4,3,100,1211.43043518,13697024,11.3064882656,4194304,2909,true,1
fp16,16,64,16,128,16384,warp32_fused,4,4,100,668.793563843,5308416,7.93730126453,4194304,2909,true,1
fp16,16,64,16,128,16384,baseline_transform,4,5,100,834.438400269,8388608,10.0529985165,4194304,2909,true,1
fp16,16,64,16,128,16384,optimized_transform,4,6,100,872.659225464,8388608,9.6126961765,4194304,2909,true,1
fp16,16,64,16,128,16384,baseline_split,4,7,100,1550.11199951,13697024,8.83615119702,4194304,2909,true,1
fp16,16,64,16,128,16384,optimized_split,4,8,100,1467.98721313,13697024,9.33047909236,4194304,2909,true,1
fp16,1,1,1,256,1,baseline_transform,0,0,100,17.8431999683,1024,0.057388809284,512,2909,true,1
fp16,1,1,1,256,1,optimized_transform,0,1,100,17.7919995785,1024,0.0575539581981,512,2909,true,1
fp16,1,1,1,256,1,baseline_split,0,2,100,53.8112020493,1668,0.0309972633295,512,2909,true,1
fp16,1,1,1,256,1,optimized_split,0,3,100,33.7983989716,1668,0.049351450091,512,2909,true,1
fp16,1,1,1,256,1,baseline_fused,0,4,100,40.0383996964,644,0.0160845589455,512,2909,true,1
fp16,1,1,1,256,1,optimized_fused,0,5,100,18.9504003525,644,0.0339834509045,512,2909,true,1
fp16,1,1,1,256,1,warp32_transform,0,6,100,15.7760000229,1024,0.0649087220154,512,2909,true,1
fp16,1,1,1,256,1,warp32_split,0,7,100,33.3119988441,1668,0.0500720478469,512,2909,true,1
fp16,1,1,1,256,1,warp32_fused,0,8,100,18.6176002026,644,0.03459092434,512,2909,true,1
fp16,1,1,1,256,1,optimized_transform,1,0,100,17.7919995785,1024,0.0575539581981,512,2909,true,1
fp16,1,1,1,256,1,baseline_split,1,1,100,53.8112020493,1668,0.0309972633295,512,2909,true,1
fp16,1,1,1,256,1,optimized_split,1,2,100,33.8111996651,1668,0.0493327659628,512,2909,true,1
fp16,1,1,1,256,1,baseline_fused,1,3,100,39.9871993065,644,0.0161051539285,512,2909,true,1
fp16,1,1,1,256,1,optimized_fused,1,4,100,18.9504003525,644,0.0339834509045,512,2909,true,1
fp16,1,1,1,256,1,warp32_transform,1,5,100,15.8080005646,1024,0.0647773256217,512,2909,true,1
fp16,1,1,1,256,1,warp32_split,1,6,100,33.3055996895,1668,0.0500816684147,512,2909,true,1
fp16,1,1,1,256,1,warp32_fused,1,7,100,18.6111998558,644,0.0346028200755,512,2909,true,1
fp16,1,1,1,256,1,baseline_transform,1,8,100,17.9392004013,1024,0.0570816969036,512,2909,true,1
fp16,1,1,1,256,1,baseline_split,2,0,100,53.7919998169,1668,0.0310083284815,512,2909,true,1
fp16,1,1,1,256,1,optimized_split,2,1,100,33.8175988197,1668,0.0493234309417,512,2909,true,1
fp16,1,1,1,256,1,baseline_fused,2,2,100,40.1535987854,644,0.0160384129812,512,2909,true,1
fp16,1,1,1,256,1,optimized_fused,2,3,100,18.8352000713,644,0.0341913012636,512,2909,true,1
fp16,1,1,1,256,1,warp32_transform,2,4,100,15.8975994587,1024,0.0644122405185,512,2909,true,1
fp16,1,1,1,256,1,warp32_split,2,5,100,33.3247995377,1668,0.0500528142147,512,2909,true,1
fp16,1,1,1,256,1,warp32_fused,2,6,100,18.7199997902,644,0.0344017097873,512,2909,true,1
fp16,1,1,1,256,1,baseline_transform,2,7,100,17.804800272,1024,0.0575125799985,512,2909,true,1
fp16,1,1,1,256,1,optimized_transform,2,8,100,17.7727997303,1024,0.0576161333914,512,2909,true,1
fp16,1,1,1,256,1,optimized_split,3,0,100,33.932800293,1668,0.0491559784515,512,2909,true,1
fp16,1,1,1,256,1,baseline_fused,3,1,100,40.1471996307,644,0.0160409693808,512,2909,true,1
fp16,1,1,1,256,1,optimized_fused,3,2,100,18.8543999195,644,0.0341564835131,512,2909,true,1
fp16,1,1,1,256,1,warp32_transform,3,3,100,15.891200304,1024,0.0644381783886,512,2909,true,1
fp16,1,1,1,256,1,warp32_split,3,4,100,33.3055996895,1668,0.0500816684147,512,2909,true,1
fp16,1,1,1,256,1,warp32_fused,3,5,100,18.700799942,644,0.0344370295387,512,2909,true,1
fp16,1,1,1,256,1,baseline_transform,3,6,100,17.7983999252,1024,0.0575332616584,512,2909,true,1
fp16,1,1,1,256,1,optimized_transform,3,7,100,17.7856004238,1024,0.0575746657745,512,2909,true,1
fp16,1,1,1,256,1,baseline_split,3,8,100,53.7983989716,1668,0.0310046401359,512,2909,true,1
fp16,1,1,1,256,1,baseline_fused,4,0,100,40.044798851,644,0.0160819886347,512,2909,true,1
fp16,1,1,1,256,1,optimized_fused,4,1,100,18.937599659,644,0.0340064217006,512,2909,true,1
fp16,1,1,1,256,1,warp32_transform,4,2,100,15.7824003696,1024,0.0648823991292,512,2909,true,1
fp16,1,1,1,256,1,warp32_split,4,3,100,33.3119988441,1668,0.0500720478469,512,2909,true,1
fp16,1,1,1,256,1,warp32_fused,4,4,100,18.604799509,644,0.0346147239956,512,2909,true,1
fp16,1,1,1,256,1,baseline_transform,4,5,100,17.945599556,1024,0.0570613423534,512,2909,true,1
fp16,1,1,1,256,1,optimized_transform,4,6,100,17.6320004463,1024,0.0580762235753,512,2909,true,1
fp16,1,1,1,256,1,baseline_split,4,7,100,53.8112020493,1668,0.0309972633295,512,2909,true,1
fp16,1,1,1,256,1,optimized_split,4,8,100,33.8175988197,1668,0.0493234309417,512,2909,true,1
fp16,1,17,1,256,17,baseline_transform,0,0,100,19.6031999588,17408,0.888018284596,8704,2909,true,1
fp16,1,17,1,256,17,optimized_transform,0,1,100,19.481600523,17408,0.893561079823,8704,2909,true,1
fp16,1,17,1,256,17,baseline_split,0,2,100,56.620798111,28356,0.500805374457,8704,2909,true,1
fp16,1,17,1,256,17,optimized_split,0,3,100,36.6847991943,28356,0.772963206089,8704,2909,true,1
fp16,1,17,1,256,17,baseline_fused,0,4,100,41.1583995819,10948,0.265996737269,8704,2909,true,1
fp16,1,17,1,256,17,optimized_fused,0,5,100,20.1984000206,10948,0.542023129992,8704,2909,true,1
fp16,1,17,1,256,17,warp32_transform,0,6,100,17.8304004669,17408,0.976310096472,8704,2909,true,1
fp16,1,17,1,256,17,warp32_split,0,7,100,36.8639993668,28356,0.76920574238,8704,2909,true,1
fp16,1,17,1,256,17,warp32_fused,0,8,100,20.2175998688,10948,0.541508392245,8704,2909,true,1
fp16,1,17,1,256,17,optimized_transform,1,0,100,19.4368004799,17408,0.895620656188,8704,2909,true,1
fp16,1,17,1,256,17,baseline_split,1,1,100,56.620798111,28356,0.500805374457,8704,2909,true,1
fp16,1,17,1,256,17,optimized_split,1,2,100,36.8384003639,28356,0.769740263417,8704,2909,true,1
fp16,1,17,1,256,17,baseline_fused,1,3,100,41.1583995819,10948,0.265996737269,8704,2909,true,1
fp16,1,17,1,256,17,optimized_fused,1,4,100,20.1920008659,10948,0.542194905433,8704,2909,true,1
fp16,1,17,1,256,17,warp32_transform,1,5,100,17.8304004669,17408,0.976310096472,8704,2909,true,1
fp16,1,17,1,256,17,warp32_split,1,6,100,36.8831992149,28356,0.768805326099,8704,2909,true,1
fp16,1,17,1,256,17,warp32_fused,1,7,100,20.1920008659,10948,0.542194905433,8704,2909,true,1
fp16,1,17,1,256,17,baseline_transform,1,8,100,19.5583999157,17408,0.890052359857,8704,2909,true,1
fp16,1,17,1,256,17,baseline_split,2,0,100,56.9600009918,28356,0.497823025039,8704,2909,true,1
fp16,1,17,1,256,17,optimized_split,2,1,100,36.8512010574,28356,0.76947288518,8704,2909,true,1
fp16,1,17,1,256,17,baseline_fused,2,2,100,41.1136007309,10948,0.266286576835,8704,2909,true,1
fp16,1,17,1,256,17,optimized_fused,2,3,100,20.2239990234,10948,0.541337051456,8704,2909,true,1
fp16,1,17,1,256,17,warp32_transform,2,4,100,17.7919995785,17408,0.978417289367,8704,2909,true,1
fp16,1,17,1,256,17,warp32_split,2,5,100,36.8000006676,28356,0.770543464283,8704,2909,true,1
fp16,1,17,1,256,17,warp32_fused,2,6,100,20.1087999344,10948,0.544438257664,8704,2909,true,1
fp16,1,17,1,256,17,baseline_transform,2,7,100,19.6096003056,17408,0.887728445697,8704,2909,true,1
fp16,1,17,1,256,17,optimized_transform,2,8,100,19.4431996346,17408,0.895325889113,8704,2909,true,1
fp16,1,17,1,256,17,optimized_split,3,0,100,36.8576002121,28356,0.769339290589,8704,2909,true,1
fp16,1,17,1,256,17,baseline_fused,3,1,100,41.1327981949,10948,0.266162295794,8704,2909,true,1
fp16,1,17,1,256,17,optimized_fused,3,2,100,20.2367997169,10948,0.540994631223,8704,2909,true,1
fp16,1,17,1,256,17,warp32_transform,3,3,100,17.7983999252,17408,0.978065448194,8704,2909,true,1
fp16,1,17,1,256,17,warp32_split,3,4,100,36.7935991287,28356,0.770677527382,8704,2909,true,1
fp16,1,17,1,256,17,warp32_fused,3,5,100,20.1536011696,10948,0.543227977366,8704,2909,true,1
fp16,1,17,1,256,17,baseline_transform,3,6,100,19.5648002625,17408,0.889761191859,8704,2909,true,1
fp16,1,17,1,256,17,optimized_transform,3,7,100,19.4687998295,17408,0.894148594288,8704,2909,true,1
fp16,1,17,1,256,17,baseline_split,3,8,100,56.6079998016,28356,0.500918599833,8704,2909,true,1
fp16,1,17,1,256,17,baseline_fused,4,0,100,41.1583995819,10948,0.265996737269,8704,2909,true,1
fp16,1,17,1,256,17,optimized_fused,4,1,100,20.1728010178,10948,0.542710949776,8704,2909,true,1
fp16,1,17,1,256,17,warp32_transform,4,2,100,17.7727997303,17408,0.979474267654,8704,2909,true,1
fp16,1,17,1,256,17,warp32_split,4,3,100,36.7488002777,28356,0.771617026562,8704,2909,true,1
fp16,1,17,1,256,17,warp32_fused,4,4,100,20.2112007141,10948,0.541679841532,8704,2909,true,1
fp16,1,17,1,256,17,baseline_transform,4,5,100,19.5264005661,17408,0.89151095416,8704,2909,true,1
fp16,1,17,1,256,17,optimized_transform,4,6,100,19.5392000675,17408,0.890926954013,8704,2909,true,1
fp16,1,17,1,256,17,baseline_split,4,7,100,56.9600009918,28356,0.497823025039,8704,2909,true,1
fp16,1,17,1,256,17,optimized_split,4,8,100,36.8384003639,28356,0.769740263417,8704,2909,true,1
fp16,1,257,1,256,257,baseline_transform,0,0,100,49.8880004883,263168,5.27517634349,131584,2909,true,1
fp16,1,257,1,256,257,optimized_transform,0,1,100,54.3103981018,263168,4.84562826269,131584,2909,true,1
fp16,1,257,1,256,257,baseline_split,0,2,100,152.076797485,428676,2.81881264656,131584,2909,true,1
fp16,1,257,1,256,257,optimized_split,0,3,100,92.6655960083,428676,4.62605344881,131584,2909,true,1
fp16,1,257,1,256,257,baseline_fused,0,4,100,109.676799774,165508,1.50905205422,131584,2909,true,1
fp16,1,257,1,256,257,optimized_fused,0,5,100,46.0031986237,165508,3.5977498294,131584,2909,true,1
fp16,1,257,1,256,257,warp32_transform,0,6,100,36.2111997604,263168,7.26758576742,131584,2909,true,1
fp16,1,257,1,256,257,warp32_split,0,7,100,75.8016014099,428676,5.65523672359,131584,2909,true,1
fp16,1,257,1,256,257,warp32_fused,0,8,100,38.3168005943,165508,4.31946293617,131584,2909,true,1
fp16,1,257,1,256,257,optimized_transform,1,0,100,54.5088005066,263168,4.8279910318,131584,2909,true,1
fp16,1,257,1,256,257,baseline_split,1,1,100,152.249603271,428676,2.81561324817,131584,2909,true,1
fp16,1,257,1,256,257,optimized_split,1,2,100,92.8767967224,428676,4.61553385913,131584,2909,true,1
fp16,1,257,1,256,257,baseline_fused,1,3,100,109.695997238,165508,1.50878796097,131584,2909,true,1
fp16,1,257,1,256,257,optimized_fused,1,4,100,46.0608005524,165508,3.59325061691,131584,2909,true,1
fp16,1,257,1,256,257,warp32_transform,1,5,100,35.4496002197,263168,7.42372264761,131584,2909,true,1
fp16,1,257,1,256,257,warp32_split,1,6,100,77.0175981522,428676,5.56594869595,131584,2909,true,1
fp16,1,257,1,256,257,warp32_fused,1,7,100,37.7536010742,165508,4.38389968879,131584,2909,true,1
fp16,1,257,1,256,257,baseline_transform,1,8,100,50.4831981659,263168,5.21298193381,131584,2909,true,1
fp16,1,257,1,256,257,baseline_split,2,0,100,151.539201736,428676,2.82881257845,131584,2909,true,1
fp16,1,257,1,256,257,optimized_split,2,1,100,92.9024028778,428676,4.61426170606,131584,2909,true,1
fp16,1,257,1,256,257,baseline_fused,2,2,100,109.427204132,165508,1.51249409425,131584,2909,true,1
fp16,1,257,1,256,257,optimized_fused,2,3,100,45.907201767,165508,3.60527310813,131584,2909,true,1
fp16,1,257,1,256,257,warp32_transform,2,4,100,34.4896006584,263168,7.63035799128,131584,2909,true,1
fp16,1,257,1,256,257,warp32_split,2,5,100,74.3552017212,428676,5.76524560591,131584,2909,true,1
fp16,1,257,1,256,257,warp32_fused,2,6,100,37.4079990387,165508,4.4244013113,131584,2909,true,1
fp16,1,257,1,256,257,baseline_transform,2,7,100,50.07999897,263168,5.25495218475,131584,2909,true,1
fp16,1,257,1,256,257,optimized_transform,2,8,100,54.2399978638,263168,4.85191759522,131584,2909,true,1
fp16,1,257,1,256,257,optimized_split,3,0,100,92.8256034851,428676,4.61807932193,131584,2909,true,1
fp16,1,257,1,256,257,baseline_fused,3,1,100,109.30560112,165508,1.51417675127,131584,2909,true,1
fp16,1,257,1,256,257,optimized_fused,3,2,100,46.1503982544,165508,3.58627457747,131584,2909,true,1
fp16,1,257,1,256,257,warp32_transform,3,3,100,33.9840006828,263168,7.7438793171,131584,2909,true,1
fp16,1,257,1,256,257,warp32_split,3,4,100,74.6496009827,428676,5.74250892646,131584,2909,true,1
fp16,1,257,1,256,257,warp32_fused,3,5,100,38.3807992935,165508,4.31226037619,131584,2909,true,1
fp16,1,257,1,256,257,baseline_transform,3,6,100,50.3743982315,263168,5.22424106767,131584,2909,true,1
fp16,1,257,1,256,257,optimized_transform,3,7,100,54.4320011139,263168,4.83480295809,131584,2909,true,1
fp16,1,257,1,256,257,baseline_split,3,8,100,152.057600021,428676,2.81916852522,131584,2909,true,1
fp16,1,257,1,256,257,baseline_fused,4,0,100,109.587202072,165508,1.51028584425,131584,2909,true,1
fp16,1,257,1,256,257,optimized_fused,4,1,100,46.0160017014,165508,3.5967488239,131584,2909,true,1
fp16,1,257,1,256,257,warp32_transform,4,2,100,35.5328011513,263168,7.40633981767,131584,2909,true,1
fp16,1,257,1,256,257,warp32_split,4,3,100,76.2432003021,428676,5.62248172035,131584,2909,true,1
fp16,1,257,1,256,257,warp32_fused,4,4,100,38.8863992691,165508,4.25619247631,131584,2909,true,1
fp16,1,257,1,256,257,baseline_transform,4,5,100,50.2207994461,263168,5.24021924984,131584,2909,true,1
fp16,1,257,1,256,257,optimized_transform,4,6,100,53.6831998825,263168,4.90224130782,131584,2909,true,1
fp16,1,257,1,256,257,baseline_split,4,7,100,152.230396271,428676,2.81596849579,131584,2909,true,1
fp16,1,257,1,256,257,optimized_split,4,8,100,92.9343986511,428676,4.61267309222,131584,2909,true,1
fp16,4,64,16,256,4096,baseline_transform,0,0,100,441.766395569,4194304,9.49439351221,2097152,2909,true,1
fp16,4,64,16,256,4096,optimized_transform,0,1,100,388.33278656,4194304,10.8007980401,2097152,2909,true,1
fp16,4,64,16,256,4096,baseline_split,0,2,100,1105.79841614,6832128,6.17845703185,2097152,2909,true,1
fp16,4,64,16,256,4096,optimized_split,0,3,100,703.801574707,6832128,9.70746336117,2097152,2909,true,1
fp16,4,64,16,256,4096,baseline_fused,0,4,100,656.287994385,2637824,4.01930863062,2097152,2909,true,1
fp16,4,64,16,256,4096,optimized_fused,0,5,100,352.025604248,2637824,7.49327312607,2097152,2909,true,1
fp16,4,64,16,256,4096,warp32_transform,0,6,100,228.659191132,4194304,18.3430369855,2097152,2909,true,1
fp16,4,64,16,256,4096,warp32_split,0,7,100,579.187202454,6832128,11.7960617414,2097152,2909,true,1
fp16,4,64,16,256,4096,warp32_fused,0,8,100,352.742385864,2637824,7.47804660202,2097152,2909,true,1
fp16,4,64,16,256,4096,optimized_transform,1,0,100,387.654418945,4194304,10.8196986672,2097152,2909,true,1
fp16,4,64,16,256,4096,baseline_split,1,1,100,1104.22401428,6832128,6.18726627173,2097152,2909,true,1
fp16,4,64,16,256,4096,optimized_split,1,2,100,705.459213257,6832128,9.68465344504,2097152,2909,true,1
fp16,4,64,16,256,4096,baseline_fused,1,3,100,655.257568359,2637824,4.02562919892,2097152,2909,true,1
fp16,4,64,16,256,4096,optimized_fused,1,4,100,352.441596985,2637824,7.48442868993,2097152,2909,true,1
fp16,4,64,16,256,4096,warp32_transform,1,5,100,229.055995941,4194304,18.311260453,2097152,2909,true,1
fp16,4,64,16,256,4096,warp32_split,1,6,100,577.875213623,6832128,11.8228431311,2097152,2909,true,1
fp16,4,64,16,256,4096,warp32_fused,1,7,100,351.347198486,2637824,7.50774166228,2097152,2909,true,1
fp16,4,64,16,256,4096,baseline_transform,1,8,100,441.779212952,4194304,9.49411805045,2097152,2909,true,1
fp16,4,64,16,256,4096,baseline_split,2,0,100,1104.20478821,6832128,6.18737400251,2097152,2909,true,1
fp16,4,64,16,256,4096,optimized_split,2,1,100,706.022415161,6832128,9.67692788966,2097152,2909,true,1
fp16,4,64,16,256,4096,baseline_fused,2,2,100,654.668807983,2637824,4.02924955005,2097152,2909,true,1
fp16,4,64,16,256,4096,optimized_fused,2,3,100,352.716789246,2637824,7.47858928304,2097152,2909,true,1
fp16,4,64,16,256,4096,warp32_transform,2,4,100,230.086402893,4194304,18.2292562588,2097152,2909,true,1
fp16,4,64,16,256,4096,warp32_split,2,5,100,580.844802856,6832128,11.7623984348,2097152,2909,true,1
fp16,4,64,16,256,4096,warp32_fused,2,6,100,352.710418701,2637824,7.47872435896,2097152,2909,true,1
fp16,4,64,16,256,4096,baseline_transform,2,7,100,442.719993591,4194304,9.47394303559,2097152,2909,true,1
fp16,4,64,16,256,4096,optimized_transform,2,8,100,388.345603943,4194304,10.8004415588,2097152,2909,true,1
fp16,4,64,16,256,4096,optimized_split,3,0,100,704.601593018,6832128,9.69644131904,2097152,2909,true,1
fp16,4,64,16,256,4096,baseline_fused,3,1,100,652.723236084,2637824,4.04125953264,2097152,2909,true,1
fp16,4,64,16,256,4096,optimized_fused,3,2,100,352.038383484,2637824,7.49300111509,2097152,2909,true,1
fp16,4,64,16,256,4096,warp32_transform,3,3,100,230.310401917,4194304,18.2115265533,2097152,2909,true,1
fp16,4,64,16,256,4096,warp32_split,3,4,100,579.532814026,6832128,11.7890270139,2097152,2909,true,1
fp16,4,64,16,256,4096,warp32_fused,3,5,100,351.283187866,2637824,7.50910971864,2097152,2909,true,1
fp16,4,64,16,256,4096,baseline_transform,3,6,100,442.624015808,4194304,9.47599734809,2097152,2909,true,1
fp16,4,64,16,256,4096,optimized_transform,3,7,100,388.019218445,4194304,10.8095264374,2097152,2909,true,1
fp16,4,64,16,256,4096,baseline_split,3,8,100,1102.88642883,6832128,6.19477021512,2097152,2909,true,1
fp16,4,64,16,256,4096,baseline_fused,4,0,100,657.824020386,2637824,4.00992350272,2097152,2909,true,1
fp16,4,64,16,256,4096,optimized_fused,4,1,100,352.198410034,2637824,7.48959655935,2097152,2909,true,1
fp16,4,64,16,256,4096,warp32_transform,4,2,100,229.011192322,4194304,18.3148428576,2097152,2909,true,1
fp16,4,64,16,256,4096,warp32_split,4,3,100,578.880004883,6832128,11.8023216252,2097152,2909,true,1
fp16,4,64,16,256,4096,warp32_fused,4,4,100,352.012786865,2637824,7.49354596886,2097152,2909,true,1
fp16,4,64,16,256,4096,baseline_transform,4,5,100,443.443183899,4194304,9.45849243441,2097152,2909,true,1
fp16,4,64,16,256,4096,optimized_transform,4,6,100,384.140815735,4194304,10.9186627096,2097152,2909,true,1
fp16,4,64,16,256,4096,baseline_split,4,7,100,1105.67680359,6832128,6.17913659563,2097152,2909,true,1
fp16,4,64,16,256,4096,optimized_split,4,8,100,706.700820923,6832128,9.66763840896,2097152,2909,true,1
fp16,16,64,16,256,16384,baseline_transform,0,0,100,1679.19998169,16777216,9.99119591647,8388608,2909,true,1
fp16,16,64,16,256,16384,optimized_transform,0,1,100,1484.74243164,16777216,11.2997484563,8388608,2909,true,1
fp16,16,64,16,256,16384,baseline_split,0,2,100,3949.70245361,27328512,6.91913183865,8388608,2909,true,1
fp16,16,64,16,256,16384,optimized_split,0,3,100,2080.78079224,27328512,13.1337775233,8388608,2909,true,1
fp16,16,64,16,256,16384,baseline_fused,0,4,100,2367.7696228,10551296,4.45621731877,8388608,2909,true,1
fp16,16,64,16,256,16384,optimized_fused,0,5,100,725.292816162,10551296,14.5476361614,8388608,2909,true,1
fp16,16,64,16,256,16384,warp32_transform,0,6,100,877.548828125,16777216,19.1182706447,8388608,2909,true,1
fp16,16,64,16,256,16384,warp32_split,0,7,100,2282.50244141,27328512,11.9730483106,8388608,2909,true,1
fp16,16,64,16,256,16384,warp32_fused,0,8,100,1419.347229,10551296,7.43390749239,8388608,2909,true,1
fp16,16,64,16,256,16384,optimized_transform,1,0,100,1485.08163452,16777216,11.2971675159,8388608,2909,true,1
fp16,16,64,16,256,16384,baseline_split,1,1,100,3947.57110596,27328512,6.92286757261,8388608,2909,true,1
fp16,16,64,16,256,16384,optimized_split,1,2,100,2082.63687134,27328512,13.1220724919,8388608,2909,true,1
fp16,16,64,16,256,16384,baseline_fused,1,3,100,2368.60153198,10551296,4.45465218929,8388608,2909,true,1
fp16,16,64,16,256,16384,optimized_fused,1,4,100,725.164794922,10551296,14.5502044141,8388608,2909,true,1
fp16,16,64,16,256,16384,warp32_transform,1,5,100,877.548828125,16777216,19.1182706447,8388608,2909,true,1
fp16,16,64,16,256,16384,warp32_split,1,6,100,2279.94873047,27328512,11.9864590088,8388608,2909,true,1
fp16,16,64,16,256,16384,warp32_fused,1,7,100,1415.96801758,10551296,7.45164853232,8388608,2909,true,1
fp16,16,64,16,256,16384,baseline_transform,1,8,100,1679.28955078,16777216,9.99066301115,8388608,2909,true,1
fp16,16,64,16,256,16384,baseline_split,2,0,100,3948.56323242,27328512,6.92112811455,8388608,2909,true,1
fp16,16,64,16,256,16384,optimized_split,2,1,100,2081.6192627,27328512,13.1284872742,8388608,2909,true,1
fp16,16,64,16,256,16384,baseline_fused,2,2,100,2367.43041992,10551296,4.45685580079,8388608,2909,true,1
fp16,16,64,16,256,16384,optimized_fused,2,3,100,725.132827759,10551296,14.5508458535,8388608,2909,true,1
fp16,16,64,16,256,16384,warp32_transform,2,4,100,879.353637695,16777216,19.0790317806,8388608,2909,true,1
fp16,16,64,16,256,16384,warp32_split,2,5,100,2281.95846558,27328512,11.9759024593,8388608,2909,true,1
fp16,16,64,16,256,16384,warp32_fused,2,6,100,1418.0607605,10551296,7.44065155311,8388608,2909,true,1
fp16,16,64,16,256,16384,baseline_transform,2,7,100,1681.53594971,16777216,9.97731627618,8388608,2909,true,1
fp16,16,64,16,256,16384,optimized_transform,2,8,100,1483.43032837,16777216,11.3097431535,8388608,2909,true,1
fp16,16,64,16,256,16384,optimized_split,3,0,100,2081.7791748,27328512,13.1274788079,8388608,2909,true,1
fp16,16,64,16,256,16384,baseline_fused,3,1,100,2368.08319092,10551296,4.45562725181,8388608,2909,true,1
fp16,16,64,16,256,16384,optimized_fused,3,2,100,724.761581421,10551296,14.5582992676,8388608,2909,true,1
fp16,16,64,16,256,16384,warp32_transform,3,3,100,879.135971069,16777216,19.0837555874,8388608,2909,true,1
fp16,16,64,16,256,16384,warp32_split,3,4,100,2281.7791748,27328512,11.9768434657,8388608,2909,true,1
fp16,16,64,16,256,16384,warp32_fused,3,5,100,1418.33602905,10551296,7.43920748248,8388608,2909,true,1
fp16,16,64,16,256,16384,baseline_transform,3,6,100,1681.79199219,16777216,9.97579729118,8388608,2909,true,1
fp16,16,64,16,256,16384,optimized_transform,3,7,100,1482.38082886,16777216,11.3177502524,8388608,2909,true,1
fp16,16,64,16,256,16384,baseline_split,3,8,100,3949.47845459,27328512,6.91952426484,8388608,2909,true,1
fp16,16,64,16,256,16384,baseline_fused,4,0,100,2368.00643921,10551296,4.45577166738,8388608,2909,true,1
fp16,16,64,16,256,16384,optimized_fused,4,1,100,724.793624878,10551296,14.5576556386,8388608,2909,true,1
fp16,16,64,16,256,16384,warp32_transform,4,2,100,877.248001099,16777216,19.1248267069,8388608,2909,true,1
fp16,16,64,16,256,16384,warp32_split,4,3,100,2281.22879028,27328512,11.9797330791,8388608,2909,true,1
fp16,16,64,16,256,16384,warp32_fused,4,4,100,1420.27526855,10551296,7.42905001137,8388608,2909,true,1
fp16,16,64,16,256,16384,baseline_transform,4,5,100,1677.17758179,16777216,10.003243653,8388608,2909,true,1
fp16,16,64,16,256,16384,optimized_transform,4,6,100,1484.09606934,16777216,11.3046697897,8388608,2909,true,1
fp16,16,64,16,256,16384,baseline_split,4,7,100,3947.78869629,27328512,6.92248600481,8388608,2909,true,1
fp16,16,64,16,256,16384,optimized_split,4,8,100,2080.39047241,27328512,13.1362416635,8388608,2909,true,1
bf16,1,1,1,64,1,baseline_transform,0,0,100,16.2047994137,256,0.0157977888812,128,2909,true,1
bf16,1,1,1,64,1,optimized_transform,0,1,100,15.724799633,256,0.0162800166599,128,2909,true,1
bf16,1,1,1,64,1,baseline_split,0,2,100,35.6735992432,420,0.011773412521,128,2909,true,1
bf16,1,1,1,64,1,optimized_split,0,3,100,30.9888005257,420,0.0135532835371,128,2909,true,1
bf16,1,1,1,64,1,baseline_fused,0,4,100,22.1311998367,164,0.00741035285976,128,2909,true,1
bf16,1,1,1,64,1,optimized_fused,0,5,100,18.2783997059,164,0.00897233907995,128,2909,true,1
bf16,1,1,1,64,1,warp32_transform,0,6,100,15.2768003941,256,0.01675743568,128,2909,true,1
bf16,1,1,1,64,1,warp32_split,0,7,100,29.8431992531,420,0.0140735581476,128,2909,true,1
bf16,1,1,1,64,1,warp32_fused,0,8,100,15.5327999592,164,0.0105583024587,128,2909,true,1
bf16,1,1,1,64,1,optimized_transform,1,0,100,15.7184004784,256,0.0162866444555,128,2909,true,1
bf16,1,1,1,64,1,baseline_split,1,1,100,35.9488010406,420,0.011683282553,128,2909,true,1
bf16,1,1,1,64,1,optimized_split,1,2,100,31.1104011536,420,0.0135003080779,128,2909,true,1
bf16,1,1,1,64,1,baseline_fused,1,3,100,22.1119999886,164,0.00741678726867,128,2909,true,1
bf16,1,1,1,64,1,optimized_fused,1,4,100,18.2335996628,164,0.00899438416073,128,2909,true,1
bf16,1,1,1,64,1,warp32_transform,1,5,100,15.2768003941,256,0.01675743568,128,2909,true,1
bf16,1,1,1,64,1,warp32_split,1,6,100,29.9392008781,420,0.0140284305419,128,2909,true,1
bf16,1,1,1,64,1,warp32_fused,1,7,100,15.5776000023,164,0.0105279375498,128,2909,true,1
bf16,1,1,1,64,1,baseline_transform,1,8,100,16.2559998035,256,0.0157480316864,128,2909,true,1
bf16,1,1,1,64,1,baseline_split,2,0,100,35.9552001953,420,0.0116812032117,128,2909,true,1
bf16,1,1,1,64,1,optimized_split,2,1,100,31.1168003082,420,0.0134975317462,128,2909,true,1
bf16,1,1,1,64,1,baseline_fused,2,2,100,22.1824002266,164,0.00739324862615,128,2909,true,1
bf16,1,1,1,64,1,optimized_fused,2,3,100,18.182400465,164,0.00901971113856,128,2909,true,1
bf16,1,1,1,64,1,warp32_transform,2,4,100,15.1935994625,256,0.0168492002591,128,2909,true,1
bf16,1,1,1,64,1,warp32_split,2,5,100,29.8431992531,420,0.0140735581476,128,2909,true,1
bf16,1,1,1,64,1,warp32_fused,2,6,100,15.6799995899,164,0.010459183947,128,2909,true,1
bf16,1,1,1,64,1,baseline_transform,2,7,100,16.1663997173,256,0.0158353130243,128,2909,true,1
bf16,1,1,1,64,1,optimized_transform,2,8,100,15.6799995899,256,0.0163265310392,128,2909,true,1
bf16,1,1,1,64,1,optimized_split,3,0,100,31.1296010017,420,0.0134919814737,128,2909,true,1
bf16,1,1,1,64,1,baseline_fused,3,1,100,22.2463989258,164,0.00737197964251,128,2909,true,1
bf16,1,1,1,64,1,optimized_fused,3,2,100,18.1247997284,164,0.00904837584181,128,2909,true,1
bf16,1,1,1,64,1,warp32_transform,3,3,100,15.232000351,256,0.0168067223018,128,2909,true,1
bf16,1,1,1,64,1,warp32_split,3,4,100,29.8368000984,420,0.0140765765301,128,2909,true,1
bf16,1,1,1,64,1,warp32_fused,3,5,100,15.6928002834,164,0.0104506523398,128,2909,true,1
bf16,1,1,1,64,1,baseline_transform,3,6,100,16.1663997173,256,0.0158353130243,128,2909,true,1
bf16,1,1,1,64,1,optimized_transform,3,7,100,15.6799995899,256,0.0163265310392,128,2909,true,1
bf16,1,1,1,64,1,baseline_split,3,8,100,35.9423995018,420,0.0116853634098,128,2909,true,1
bf16,1,1,1,64,1,baseline_fused,4,0,100,22.1311998367,164,0.00741035285976,128,2909,true,1
bf16,1,1,1,64,1,optimized_fused,4,1,100,18.2400000095,164,0.00899122806547,128,2909,true,1
bf16,1,1,1,64,1,warp32_transform,4,2,100,15.2704000473,256,0.0167644592943,128,2909,true,1
bf16,1,1,1,64,1,warp32_split,4,3,100,29.8239994049,420,0.0140826183067,128,2909,true,1
bf16,1,1,1,64,1,warp32_fused,4,4,100,15.584000349,164,0.0105236137273,128,2909,true,1
bf16,1,1,1,64,1,baseline_transform,4,5,100,16.2559998035,256,0.0157480316864,128,2909,true,1
bf16,1,1,1,64,1,optimized_transform,4,6,100,15.5967998505,256,0.0164136234647,128,2909,true,1
bf16,1,1,1,64,1,baseline_split,4,7,100,35.9488010406,420,0.011683282553,128,2909,true,1
bf16,1,1,1,64,1,optimized_split,4,8,100,31.1104011536,420,0.0135003080779,128,2909,true,1
bf16,1,17,1,64,17,baseline_transform,0,0,100,17.7408003807,4352,0.245310240046,2176,2909,true,1
bf16,1,17,1,64,17,optimized_transform,0,1,100,17.3248004913,4352,0.251200583936,2176,2909,true,1
bf16,1,17,1,64,17,baseline_split,0,2,100,38.8095998764,7140,0.18397509953,2176,2909,true,1
bf16,1,17,1,64,17,optimized_split,0,3,100,34.2592000961,7140,0.208411170721,2176,2909,true,1
bf16,1,17,1,64,17,baseline_fused,0,4,100,23.7951993942,2788,0.117166490342,2176,2909,true,1
bf16,1,17,1,64,17,optimized_fused,0,5,100,19.6415996552,2788,0.141943632339,2176,2909,true,1
bf16,1,17,1,64,17,warp32_transform,0,6,100,16.4031994343,4352,0.265314094207,2176,2909,true,1
bf16,1,17,1,64,17,warp32_split,0,7,100,32.1408009529,7140,0.22214754419,2176,2909,true,1
bf16,1,17,1,64,17,warp32_fused,0,8,100,17.1456003189,2788,0.162607313138,2176,2909,true,1
bf16,1,17,1,64,17,optimized_transform,1,0,100,17.2863996029,4352,0.251758613706,2176,2909,true,1
bf16,1,17,1,64,17,baseline_split,1,1,100,38.8159990311,7140,0.183944769637,2176,2909,true,1
bf16,1,17,1,64,17,optimized_split,1,2,100,34.2655992508,7140,0.208372249606,2176,2909,true,1
bf16,1,17,1,64,17,baseline_fused,1,3,100,23.7951993942,2788,0.117166490342,2176,2909,true,1
bf16,1,17,1,64,17,optimized_fused,1,4,100,19.6288001537,2788,0.142036190606,2176,2909,true,1
bf16,1,17,1,64,17,warp32_transform,1,5,100,16.4031994343,4352,0.265314094207,2176,2909,true,1
bf16,1,17,1,64,17,warp32_split,1,6,100,32.1535992622,7140,0.222059121337,2176,2909,true,1
bf16,1,17,1,64,17,warp32_fused,1,7,100,17.1391999722,2788,0.162668036112,2176,2909,true,1
bf16,1,17,1,64,17,baseline_transform,1,8,100,17.6447999477,4352,0.246644904612,2176,2909,true,1
bf16,1,17,1,64,17,baseline_split,2,0,100,38.9824008942,7140,0.183159575507,2176,2909,true,1
bf16,1,17,1,64,17,optimized_split,2,1,100,34.2592000961,7140,0.208411170721,2176,2909,true,1
bf16,1,17,1,64,17,baseline_fused,2,2,100,23.7439990044,2788,0.11741914239,2176,2909,true,1
bf16,1,17,1,64,17,optimized_fused,2,3,100,19.6800005436,2788,0.141666662754,2176,2909,true,1
bf16,1,17,1,64,17,warp32_transform,2,4,100,16.3520002365,4352,0.266144810241,2176,2909,true,1
bf16,1,17,1,64,17,warp32_split,2,5,100,32.1408009529,7140,0.22214754419,2176,2909,true,1
bf16,1,17,1,64,17,warp32_fused,2,6,100,17.0752000809,2788,0.163277735359,2176,2909,true,1
bf16,1,17,1,64,17,baseline_transform,2,7,100,17.6960003376,4352,0.245931279214,2176,2909,true,1
bf16,1,17,1,64,17,optimized_transform,2,8,100,17.2800004482,4352,0.251851845319,2176,2909,true,1
bf16,1,17,1,64,17,optimized_split,3,0,100,34.2592000961,7140,0.208411170721,2176,2909,true,1
bf16,1,17,1,64,17,baseline_fused,3,1,100,23.7439990044,2788,0.11741914239,2176,2909,true,1
bf16,1,17,1,64,17,optimized_fused,3,2,100,19.6480000019,2788,0.141897394123,2176,2909,true,1
bf16,1,17,1,64,17,warp32_transform,3,3,100,16.4031994343,4352,0.265314094207,2176,2909,true,1
bf16,1,17,1,64,17,warp32_split,3,4,100,32.256000042,7140,0.221354166379,2176,2909,true,1
bf16,1,17,1,64,17,warp32_fused,3,5,100,17.0879995823,2788,0.1631554347,2176,2909,true,1
bf16,1,17,1,64,17,baseline_transform,3,6,100,17.6895999908,4352,0.246020260619,2176,2909,true,1
bf16,1,17,1,64,17,optimized_transform,3,7,100,17.3119997978,4352,0.251386324562,2176,2909,true,1
bf16,1,17,1,64,17,baseline_split,3,8,100,38.8159990311,7140,0.183944769637,2176,2909,true,1
bf16,1,17,1,64,17,baseline_fused,4,0,100,23.7824010849,2788,0.117229542553,2176,2909,true,1
bf16,1,17,1,64,17,optimized_fused,4,1,100,19.622399807,2788,0.142082519336,2176,2909,true,1
bf16,1,17,1,64,17,warp32_transform,4,2,100,16.4031994343,4352,0.265314094207,2176,2909,true,1
bf16,1,17,1,64,17,warp32_split,4,3,100,32.1408009529,7140,0.22214754419,2176,2909,true,1
bf16,1,17,1,64,17,warp32_fused,4,4,100,17.1456003189,2788,0.162607313138,2176,2909,true,1
bf16,1,17,1,64,17,baseline_transform,4,5,100,17.6831996441,4352,0.246109306437,2176,2909,true,1
bf16,1,17,1,64,17,optimized_transform,4,6,100,17.3759996891,4352,0.250460409638,2176,2909,true,1
bf16,1,17,1,64,17,baseline_split,4,7,100,38.8095998764,7140,0.18397509953,2176,2909,true,1
bf16,1,17,1,64,17,optimized_split,4,8,100,34.2592000961,7140,0.208411170721,2176,2909,true,1
bf16,1,257,1,64,257,baseline_transform,0,0,100,36.8319988251,65792,1.78627286324,32896,2909,true,1
bf16,1,257,1,64,257,optimized_transform,0,1,100,38.1376004219,65792,1.72512164562,32896,2909,true,1
bf16,1,257,1,64,257,baseline_split,0,2,100,74.8799991608,107940,1.44150642641,32896,2909,true,1
bf16,1,257,1,64,257,optimized_split,0,3,100,71.379199028,107940,1.51220525685,32896,2909,true,1
bf16,1,257,1,64,257,baseline_fused,0,4,100,42.2847986221,42148,0.996764827395,32896,2909,true,1
bf16,1,257,1,64,257,optimized_fused,0,5,100,38.2719993591,42148,1.10127510205,32896,2909,true,1
bf16,1,257,1,64,257,warp32_transform,0,6,100,21.6127991676,65792,3.04412211901,32896,2909,true,1
bf16,1,257,1,64,257,warp32_split,0,7,100,44.1024017334,107940,2.44748575491,32896,2909,true,1
bf16,1,257,1,64,257,warp32_fused,0,8,100,21.4271998405,42148,1.96703257139,32896,2909,true,1
bf16,1,257,1,64,257,optimized_transform,1,0,100,38.0672001839,65792,1.72831202931,32896,2909,true,1
bf16,1,257,1,64,257,baseline_split,1,1,100,74.8992013931,107940,1.44113686117,32896,2909,true,1
bf16,1,257,1,64,257,optimized_split,1,2,100,71.2383985519,107940,1.51519408345,32896,2909,true,1
bf16,1,257,1,64,257,baseline_fused,1,3,100,42.3040008545,42148,0.996312385322,32896,2909,true,1
bf16,1,257,1,64,257,optimized_fused,1,4,100,38.2335996628,42148,1.10238116138,32896,2909,true,1
bf16,1,257,1,64,257,warp32_transform,1,5,100,21.5680003166,65792,3.05044505908,32896,2909,true,1
bf16,1,257,1,64,257,warp32_split,1,6,100,43.9359998703,107940,2.45675528766,32896,2909,true,1
bf16,1,257,1,64,257,warp32_fused,1,7,100,21.4335989952,42148,1.96644529971,32896,2909,true,1
bf16,1,257,1,64,257,baseline_transform,1,8,100,36.8127989769,65792,1.7872045003,32896,2909,true,1
bf16,1,257,1,64,257,baseline_split,2,0,100,75.5072021484,107940,1.42953250721,32896,2909,true,1
bf16,1,257,1,64,257,optimized_split,2,1,100,71.5583992004,107940,1.50841831575,32896,2909,true,1
bf16,1,257,1,64,257,baseline_fused,2,2,100,42.1120023727,42148,1.00085480683,32896,2909,true,1
bf16,1,257,1,64,257,optimized_fused,2,3,100,38.4064006805,42148,1.09742124368,32896,2909,true,1
bf16,1,257,1,64,257,warp32_transform,2,4,100,21.5808010101,65792,3.04863568174,32896,2909,true,1
bf16,1,257,1,64,257,warp32_split,2,5,100,43.0143976212,107940,2.50939234232,32896,2909,true,1
bf16,1,257,1,64,257,warp32_fused,2,6,100,21.3824009895,42148,1.97115375493,32896,2909,true,1
bf16,1,257,1,64,257,baseline_transform,2,7,100,36.8576002121,65792,1.78503211336,32896,2909,true,1
bf16,1,257,1,64,257,optimized_transform,2,8,100,38.0223989487,65792,1.73034847404,32896,2909,true,1
bf16,1,257,1,64,257,optimized_split,3,0,100,71.5967988968,107940,1.50760930186,32896,2909,true,1
bf16,1,257,1,64,257,baseline_fused,3,1,100,42.0671987534,42148,1.00192076604,32896,2909,true,1
bf16,1,257,1,64,257,optimized_fused,3,2,100,38.4448003769,42148,1.09632510994,32896,2909,true,1
bf16,1,257,1,64,257,warp32_transform,3,3,100,21.5551996231,65792,3.05225658544,32896,2909,true,1
bf16,1,257,1,64,257,warp32_split,3,4,100,43.4624004364,107940,2.48352596534,32896,2909,true,1
bf16,1,257,1,64,257,warp32_fused,3,5,100,21.369600296,42148,1.97233450398,32896,2909,true,1
bf16,1,257,1,64,257,baseline_transform,3,6,100,36.742401123,65792,1.79062875558,32896,2909,true,1
bf16,1,257,1,64,257,optimized_transform,3,7,100,37.9327988625,65792,1.73443568555,32896,2909,true,1
bf16,1,257,1,64,257,baseline_split,3,8,100,75.417599678,107940,1.43123091242,32896,2909,true,1
bf16,1,257,1,64,257,baseline_fused,4,0,100,42.3040008545,42148,0.996312385322,32896,2909,true,1
bf16,1,257,1,64,257,optimized_fused,4,1,100,38.2272005081,42148,1.10256569772,32896,2909,true,1
bf16,1,257,1,64,257,warp32_transform,4,2,100,21.6127991676,65792,3.04412211901,32896,2909,true,1
bf16,1,257,1,64,257,warp32_split,4,3,100,44.1279983521,107940,2.4460660812,32896,2909,true,1
bf16,1,257,1,64,257,warp32_fused,4,4,100,21.414399147,42148,1.96820838682,32896,2909,true,1
bf16,1,257,1,64,257,baseline_transform,4,5,100,36.8063998222,65792,1.78751522338,32896,2909,true,1
bf16,1,257,1,64,257,optimized_transform,4,6,100,38.5472011566,65792,1.70679058468,32896,2909,true,1
bf16,1,257,1,64,257,baseline_split,4,7,100,75.1488018036,107940,1.43635024657,32896,2909,true,1
bf16,1,257,1,64,257,optimized_split,4,8,100,71.6224002838,107940,1.50707040775,32896,2909,true,1
bf16,4,64,16,64,4096,baseline_transform,0,0,100,166.169605255,1048576,6.31027556688,524288,2909,true,1
bf16,4,64,16,64,4096,optimized_transform,0,1,100,158.079996109,1048576,6.63319854384,524288,2909,true,1
bf16,4,64,16,64,4096,baseline_split,0,2,100,308.204803467,1720320,5.58174298599,524288,2909,true,1
bf16,4,64,16,64,4096,optimized_split,0,3,100,275.359992981,1720320,6.24753066477,524288,2909,true,1
bf16,4,64,16,64,4096,baseline_fused,0,4,100,159.264001846,671744,4.21780183979,524288,2909,true,1
bf16,4,64,16,64,4096,optimized_fused,0,5,100,128.857603073,671744,5.21307229049,524288,2909,true,1
bf16,4,64,16,64,4096,warp32_transform,0,6,100,91.5647983551,1048576,11.4517371177,524288,2909,true,1
bf16,4,64,16,64,4096,warp32_split,0,7,100,259.340801239,1720320,6.63343365865,524288,2909,true,1
bf16,4,64,16,64,4096,warp32_fused,0,8,100,146.905603409,671744,4.57262340178,524288,2909,true,1
bf16,4,64,16,64,4096,optimized_transform,1,0,100,158.041601181,1048576,6.63481002574,524288,2909,true,1
bf16,4,64,16,64,4096,baseline_split,1,1,100,307.987194061,1720320,5.58568678559,524288,2909,true,1
bf16,4,64,16,64,4096,optimized_split,1,2,100,276.083202362,1720320,6.23116504475,524288,2909,true,1
bf16,4,64,16,64,4096,baseline_fused,1,3,100,159.379196167,671744,4.21475334394,524288,2909,true,1
bf16,4,64,16,64,4096,optimized_fused,1,4,100,128.339195251,671744,5.23412975034,524288,2909,true,1
bf16,4,64,16,64,4096,warp32_transform,1,5,100,90.8096027374,1048576,11.5469726592,524288,2909,true,1
bf16,4,64,16,64,4096,warp32_split,1,6,100,257.92640686,1720320,6.66980950474,524288,2909,true,1
bf16,4,64,16,64,4096,warp32_fused,1,7,100,148.806400299,671744,4.51421443332,524288,2909,true,1
bf16,4,64,16,64,4096,baseline_transform,1,8,100,166.611194611,1048576,6.29355069718,524288,2909,true,1
bf16,4,64,16,64,4096,baseline_split,2,0,100,308.435192108,1720320,5.57757364924,524288,2909,true,1
bf16,4,64,16,64,4096,optimized_split,2,1,100,277.280006409,1720320,6.20426990854,524288,2909,true,1
bf16,4,64,16,64,4096,baseline_fused,2,2,100,158.284797668,671744,4.24389461208,524288,2909,true,1
bf16,4,64,16,64,4096,optimized_fused,2,3,100,128.704004288,671744,5.21929370976,524288,2909,true,1
bf16,4,64,16,64,4096,warp32_transform,2,4,100,91.4303970337,1048576,11.4685710007,524288,2909,true,1
bf16,4,64,16,64,4096,warp32_split,2,5,100,258.841590881,1720320,6.64622711575,524288,2909,true,1
bf16,4,64,16,64,4096,warp32_fused,2,6,100,148.095998764,671744,4.53586866361,524288,2909,true,1
bf16,4,64,16,64,4096,baseline_transform,2,7,100,166.361598969,1048576,6.30299303746,524288,2909,true,1
bf16,4,64,16,64,4096,optimized_transform,2,8,100,157.54240036,1048576,6.65583358895,524288,2909,true,1
bf16,4,64,16,64,4096,optimized_split,3,0,100,275.526409149,1720320,6.24375719668,524288,2909,true,1
bf16,4,64,16,64,4096,baseline_fused,3,1,100,158.348798752,671744,4.24217932371,524288,2909,true,1
bf16,4,64,16,64,4096,optimized_fused,3,2,100,128.358402252,671744,5.23334653761,524288,2909,true,1
bf16,4,64,16,64,4096,warp32_transform,3,3,100,89.7408008575,1048576,11.6844956807,524288,2909,true,1
bf16,4,64,16,64,4096,warp32_split,3,4,100,260.262393951,1720320,6.60994457894,524288,2909,true,1
bf16,4,64,16,64,4096,warp32_fused,3,5,100,147.763204575,671744,4.54608440534,524288,2909,true,1
bf16,4,64,16,64,4096,baseline_transform,3,6,100,166.131191254,1048576,6.31173467238,524288,2909,true,1
bf16,4,64,16,64,4096,optimized_transform,3,7,100,158.425598145,1048576,6.61872836386,524288,2909,true,1
bf16,4,64,16,64,4096,baseline_split,3,8,100,307.955207825,1720320,5.58626695146,524288,2909,true,1
bf16,4,64,16,64,4096,baseline_fused,4,0,100,158.745603561,671744,4.2315754574,524288,2909,true,1
bf16,4,64,16,64,4096,optimized_fused,4,1,100,128.614397049,671744,5.22293005615,524288,2909,true,1
bf16,4,64,16,64,4096,warp32_transform,4,2,100,90.8672046661,1048576,11.5396528797,524288,2909,true,1
bf16,4,64,16,64,4096,warp32_split,4,3,100,257.196807861,1720320,6.68872998193,524288,2909,true,1
bf16,4,64,16,64,4096,warp32_fused,4,4,100,147.731199265,671744,4.5470692944,524288,2909,true,1
bf16,4,64,16,64,4096,baseline_transform,4,5,100,167.04000473,1048576,6.27739445825,524288,2909,true,1
bf16,4,64,16,64,4096,optimized_transform,4,6,100,158.182401657,1048576,6.62890428401,524288,2909,true,1
bf16,4,64,16,64,4096,baseline_split,4,7,100,308.371200562,1720320,5.57873107757,524288,2909,true,1
bf16,4,64,16,64,4096,optimized_split,4,8,100,275.782394409,1720320,6.23796164975,524288,2909,true,1
bf16,16,64,16,64,16384,baseline_transform,0,0,100,468.774414062,4194304,8.94738252383,2097152,2909,true,1
bf16,16,64,16,64,16384,optimized_transform,0,1,100,463.596801758,4194304,9.04731004204,2097152,2909,true,1
bf16,16,64,16,64,16384,baseline_split,0,2,100,975.091171265,6881280,7.05706317808,2097152,2909,true,1
bf16,16,64,16,64,16384,optimized_split,0,3,100,905.657577515,6881280,7.59810348949,2097152,2909,true,1
bf16,16,64,16,64,16384,baseline_fused,0,4,100,567.020797729,2686976,4.7387609251,2097152,2909,true,1
bf16,16,64,16,64,16384,optimized_fused,0,5,100,475.763206482,2686976,5.64771710673,2097152,2909,true,1
bf16,16,64,16,64,16384,warp32_transform,0,6,100,330.150413513,4194304,12.7042215558,2097152,2909,true,1
bf16,16,64,16,64,16384,warp32_split,0,7,100,872.454376221,6881280,7.88726630017,2097152,2909,true,1
bf16,16,64,16,64,16384,warp32_fused,0,8,100,535.897598267,2686976,5.01397283491,2097152,2909,true,1
bf16,16,64,16,64,16384,optimized_transform,1,0,100,463.148803711,4194304,9.05606139192,2097152,2909,true,1
bf16,16,64,16,64,16384,baseline_split,1,1,100,975.686416626,6881280,7.05275781516,2097152,2909,true,1
bf16,16,64,16,64,16384,optimized_split,1,2,100,905.55519104,6881280,7.59896256803,2097152,2909,true,1
bf16,16,64,16,64,16384,baseline_fused,1,3,100,567.500801086,2686976,4.73475278776,2097152,2909,true,1
bf16,16,64,16,64,16384,optimized_fused,1,4,100,477.292785645,2686976,5.62961787988,2097152,2909,true,1
bf16,16,64,16,64,16384,warp32_transform,1,5,100,332.454414368,4194304,12.6161777938,2097152,2909,true,1
bf16,16,64,16,64,16384,warp32_split,1,6,100,871.628799438,6881280,7.89473684719,2097152,2909,true,1
bf16,16,64,16,64,16384,warp32_fused,1,7,100,539.564781189,2686976,4.97989508151,2097152,2909,true,1
bf16,16,64,16,64,16384,baseline_transform,1,8,100,468.620796204,4194304,8.95031555146,2097152,2909,true,1
bf16,16,64,16,64,16384,baseline_split,2,0,100,974.419174194,6881280,7.06193000121,2097152,2909,true,1
bf16,16,64,16,64,16384,optimized_split,2,1,100,906.803207397,6881280,7.58850425744,2097152,2909,true,1
bf16,16,64,16,64,16384,baseline_fused,2,2,100,568.953590393,2686976,4.72266287685,2097152,2909,true,1
bf16,16,64,16,64,16384,optimized_fused,2,3,100,475.270385742,2686976,5.65357337761,2097152,2909,true,1
bf16,16,64,16,64,16384,warp32_transform,2,4,100,329.855995178,4194304,12.7155609154,2097152,2909,true,1
bf16,16,64,16,64,16384,warp32_split,2,5,100,870.259170532,6881280,7.90716172033,2097152,2909,true,1
bf16,16,64,16,64,16384,warp32_fused,2,6,100,535.948791504,2686976,5.01349390575,2097152,2909,true,1
bf16,16,64,16,64,16384,baseline_transform,2,7,100,468.288002014,4194304,8.95667619491,2097152,2909,true,1
bf16,16,64,16,64,16384,optimized_transform,2,8,100,463.219184875,4194304,9.05468542096,2097152,2909,true,1
bf16,16,64,16,64,16384,optimized_split,3,0,100,906.643218994,6881280,7.58984334282,2097152,2909,true,1
bf16,16,64,16,64,16384,baseline_fused,3,1,100,567.775993347,2686976,4.73245792616,2097152,2909,true,1
bf16,16,64,16,64,16384,optimized_fused,3,2,100,476.012802124,2686976,5.64475574609,2097152,2909,true,1
bf16,16,64,16,64,16384,warp32_transform,3,3,100,330.937614441,4194304,12.6740020384,2097152,2909,true,1
bf16,16,64,16,64,16384,warp32_split,3,4,100,873.087997437,6881280,7.88154231899,2097152,2909,true,1
bf16,16,64,16,64,16384,warp32_fused,3,5,100,537.599983215,2686976,4.99809539414,2097152,2909,true,1
bf16,16,64,16,64,16384,baseline_transform,3,6,100,467.129592896,4194304,8.97888736614,2097152,2909,true,1
bf16,16,64,16,64,16384,optimized_transform,3,7,100,462.316818237,4194304,9.0723586825,2097152,2909,true,1
bf16,16,64,16,64,16384,baseline_split,3,8,100,977.523193359,6881280,7.03950560636,2097152,2909,true,1
bf16,16,64,16,64,16384,baseline_fused,4,0,100,567.814407349,2686976,4.73213776407,2097152,2909,true,1
bf16,16,64,16,64,16384,optimized_fused,4,1,100,473.990402222,2686976,5.66884052379,2097152,2909,true,1
bf16,16,64,16,64,16384,warp32_transform,4,2,100,331.552009583,4194304,12.6505159938,2097152,2909,true,1
bf16,16,64,16,64,16384,warp32_split,4,3,100,867.545623779,6881280,7.93189408301,2097152,2909,true,1
bf16,16,64,16,64,16384,warp32_fused,4,4,100,534.592018127,2686976,5.02621795479,2097152,2909,true,1
bf16,16,64,16,64,16384,baseline_transform,4,5,100,466.75201416,4194304,8.98615083118,2097152,2909,true,1
bf16,16,64,16,64,16384,optimized_transform,4,6,100,462.848014832,4194304,9.06194661227,2097152,2909,true,1
bf16,16,64,16,64,16384,baseline_split,4,7,100,974.815979004,6881280,7.05905539939,2097152,2909,true,1
bf16,16,64,16,64,16384,optimized_split,4,8,100,908.23677063,6881280,7.57652654299,2097152,2909,true,1
bf16,1,1,1,128,1,baseline_transform,0,0,100,16.7040002346,512,0.0306513405657,256,2909,true,1
bf16,1,1,1,128,1,optimized_transform,0,1,100,16.4031994343,512,0.0312134228479,256,2909,true,1
bf16,1,1,1,128,1,baseline_split,0,2,100,41.7023992538,836,0.0200468082163,256,2909,true,1
bf16,1,1,1,128,1,optimized_split,0,3,100,31.948800087,836,0.0261668669159,256,2909,true,1
bf16,1,1,1,128,1,baseline_fused,0,4,100,27.936000824,324,0.0115979378022,256,2909,true,1
bf16,1,1,1,128,1,optimized_fused,0,5,100,18.9504003525,324,0.0170972641197,256,2909,true,1
bf16,1,1,1,128,1,warp32_transform,0,6,100,15.2768003941,512,0.03351487136,256,2909,true,1
bf16,1,1,1,128,1,warp32_split,0,7,100,31.027200222,836,0.0269441004673,256,2909,true,1
bf16,1,1,1,128,1,warp32_fused,0,8,100,17.2160005569,324,0.0188197019934,256,2909,true,1
bf16,1,1,1,128,1,optimized_transform,1,0,100,16.3520002365,512,0.0313111541459,256,2909,true,1
bf16,1,1,1,128,1,baseline_split,1,1,100,41.8495988846,836,0.0199762966022,256,2909,true,1
bf16,1,1,1,128,1,optimized_split,1,2,100,32.0512008667,836,0.0260832660678,256,2909,true,1
bf16,1,1,1,128,1,baseline_fused,1,3,100,27.9487991333,324,0.0115926268765,256,2909,true,1
bf16,1,1,1,128,1,optimized_fused,1,4,100,18.9440000057,324,0.0171030405354,256,2909,true,1
bf16,1,1,1,128,1,warp32_transform,1,5,100,15.2768003941,512,0.03351487136,256,2909,true,1
bf16,1,1,1,128,1,warp32_split,1,6,100,31.027200222,836,0.0269441004673,256,2909,true,1
bf16,1,1,1,128,1,warp32_fused,1,7,100,17.2096002102,324,0.018826701146,256,2909,true,1
bf16,1,1,1,128,1,baseline_transform,1,8,100,16.7680001259,512,0.0305343509158,256,2909,true,1
bf16,1,1,1,128,1,baseline_split,2,0,100,41.8368005753,836,0.0199824075576,256,2909,true,1
bf16,1,1,1,128,1,optimized_split,2,1,100,31.9359993935,836,0.0261773552066,256,2909,true,1
bf16,1,1,1,128,1,baseline_fused,2,2,100,28.051199913,324,0.011550308044,256,2909,true,1
bf16,1,1,1,128,1,optimized_fused,2,3,100,18.8543999195,324,0.0171843177923,256,2909,true,1
bf16,1,1,1,128,1,warp32_transform,2,4,100,15.2447998524,512,0.0335852228273,256,2909,true,1
bf16,1,1,1,128,1,warp32_split,2,5,100,30.8735990524,836,0.0270781517432,256,2909,true,1
bf16,1,1,1,128,1,warp32_fused,2,6,100,17.3119997978,324,0.0187153421779,256,2909,true,1
bf16,1,1,1,128,1,baseline_transform,2,7,100,16.6592001915,512,0.0307337683751,256,2909,true,1
bf16,1,1,1,128,1,optimized_transform,2,8,100,16.3968002796,512,0.0312256044636,256,2909,true,1
bf16,1,1,1,128,1,optimized_split,3,0,100,32.0447993279,836,0.0260884766806,256,2909,true,1
bf16,1,1,1,128,1,baseline_fused,3,1,100,28.051199913,324,0.011550308044,256,2909,true,1
bf16,1,1,1,128,1,optimized_fused,3,2,100,18.8991999626,324,0.0171435828311,256,2909,true,1
bf16,1,1,1,128,1,warp32_transform,3,3,100,15.1872003078,512,0.0337125994009,256,2909,true,1
bf16,1,1,1,128,1,warp32_split,3,4,100,30.8927989006,836,0.027061322695,256,2909,true,1
bf16,1,1,1,128,1,warp32_fused,3,5,100,17.260799408,324,0.0187708571511,256,2909,true,1
bf16,1,1,1,128,1,baseline_transform,3,6,100,16.6911995411,512,0.0306748474691,256,2909,true,1
bf16,1,1,1,128,1,optimized_transform,3,7,100,16.3520002365,512,0.0313111541459,256,2909,true,1
bf16,1,1,1,128,1,baseline_split,3,8,100,41.8368005753,836,0.0199824075576,256,2909,true,1
bf16,1,1,1,128,1,baseline_fused,4,0,100,27.9552006721,324,0.0115899722488,256,2909,true,1
bf16,1,1,1,128,1,optimized_fused,4,1,100,18.9567995071,324,0.0170914926793,256,2909,true,1
bf16,1,1,1,128,1,warp32_transform,4,2,100,15.2704000473,512,0.0335289185885,256,2909,true,1
bf16,1,1,1,128,1,warp32_split,4,3,100,31.1615991592,836,0.0268278914612,256,2909,true,1
bf16,1,1,1,128,1,warp32_fused,4,4,100,17.2031998634,324,0.0188337055067,256,2909,true,1
bf16,1,1,1,128,1,baseline_transform,4,5,100,16.7680001259,512,0.0305343509158,256,2909,true,1
bf16,1,1,1,128,1,optimized_transform,4,6,100,16.2815999985,512,0.0314465408835,256,2909,true,1
bf16,1,1,1,128,1,baseline_split,4,7,100,41.8368005753,836,0.0199824075576,256,2909,true,1
bf16,1,1,1,128,1,optimized_split,4,8,100,31.948800087,836,0.0261668669159,256,2909,true,1
bf16,1,17,1,128,17,baseline_transform,0,0,100,18.700799942,8704,0.465434635256,4352,2909,true,1
bf16,1,17,1,128,17,optimized_transform,0,1,100,18.5215997696,8704,0.469937808196,4352,2909,true,1
bf16,1,17,1,128,17,baseline_split,0,2,100,45.1071977615,14212,0.315071667168,4352,2909,true,1
bf16,1,17,1,128,17,optimized_split,0,3,100,35.5776000023,14212,0.399464831779,4352,2909,true,1
bf16,1,17,1,128,17,baseline_fused,0,4,100,29.5679998398,5508,0.186282468542,4352,2909,true,1
bf16,1,17,1,128,17,optimized_fused,0,5,100,20.307199955,5508,0.271233848695,4352,2909,true,1
bf16,1,17,1,128,17,warp32_transform,0,6,100,16.9151997566,8704,0.514566787578,4352,2909,true,1
bf16,1,17,1,128,17,warp32_split,0,7,100,33.9648008347,14212,0.418433191149,4352,2909,true,1
bf16,1,17,1,128,17,warp32_fused,0,8,100,18.7776005268,5508,0.29332821263,4352,2909,true,1
bf16,1,17,1,128,17,optimized_transform,1,0,100,18.5344004631,8704,0.469613247935,4352,2909,true,1
bf16,1,17,1,128,17,baseline_split,1,1,100,45.1136016846,14212,0.315026942415,4352,2909,true,1
bf16,1,17,1,128,17,optimized_split,1,2,100,35.7184004784,14212,0.397890157724,4352,2909,true,1
bf16,1,17,1,128,17,baseline_fused,1,3,100,29.5487999916,5508,0.186403508825,4352,2909,true,1
bf16,1,17,1,128,17,optimized_fused,1,4,100,20.3008008003,5508,0.271319346176,4352,2909,true,1
bf16,1,17,1,128,17,warp32_transform,1,5,100,16.9599997997,8704,0.51320755323,4352,2909,true,1
bf16,1,17,1,128,17,warp32_split,1,6,100,34.1248011589,14212,0.416471291183,4352,2909,true,1
bf16,1,17,1,128,17,warp32_fused,1,7,100,18.7776005268,5508,0.29332821263,4352,2909,true,1
bf16,1,17,1,128,17,baseline_transform,1,8,100,18.6176002026,8704,0.467514604745,4352,2909,true,1
bf16,1,17,1,128,17,baseline_split,2,0,100,45.1200008392,14212,0.314982263645,4352,2909,true,1
bf16,1,17,1,128,17,optimized_split,2,1,100,35.583999157,14212,0.399392995074,4352,2909,true,1
bf16,1,17,1,128,17,baseline_fused,2,2,100,29.4847989082,5508,0.186808124998,4352,2909,true,1
bf16,1,17,1,128,17,optimized_fused,2,3,100,20.3584003448,5508,0.270551708715,4352,2909,true,1
bf16,1,17,1,128,17,warp32_transform,2,4,100,16.8703997135,8704,0.515933240931,4352,2909,true,1
bf16,1,17,1,128,17,warp32_split,2,5,100,33.9711999893,14212,0.418354370893,4352,2909,true,1
bf16,1,17,1,128,17,warp32_fused,2,6,100,18.7199997902,5508,0.294230772528,4352,2909,true,1
bf16,1,17,1,128,17,baseline_transform,2,7,100,18.6943995953,8704,0.465593984746,4352,2909,true,1
bf16,1,17,1,128,17,optimized_transform,2,8,100,18.4767997265,8704,0.471077249786,4352,2909,true,1
bf16,1,17,1,128,17,optimized_split,3,0,100,35.7184004784,14212,0.397890157724,4352,2909,true,1
bf16,1,17,1,128,17,baseline_fused,3,1,100,29.5040011406,5508,0.186686543759,4352,2909,true,1
bf16,1,17,1,128,17,optimized_fused,3,2,100,20.3008008003,5508,0.271319346176,4352,2909,true,1
bf16,1,17,1,128,17,warp32_transform,3,3,100,16.9280004501,8704,0.514177680089,4352,2909,true,1
bf16,1,17,1,128,17,warp32_split,3,4,100,33.9903998375,14212,0.418118058862,4352,2909,true,1
bf16,1,17,1,128,17,warp32_fused,3,5,100,18.7199997902,5508,0.294230772528,4352,2909,true,1
bf16,1,17,1,128,17,baseline_transform,3,6,100,18.700799942,8704,0.465434635256,4352,2909,true,1
bf16,1,17,1,128,17,optimized_transform,3,7,100,18.4767997265,8704,0.471077249786,4352,2909,true,1
bf16,1,17,1,128,17,baseline_split,3,8,100,45.1200008392,14212,0.314982263645,4352,2909,true,1
bf16,1,17,1,128,17,baseline_fused,4,0,100,29.5616006851,5508,0.186322792824,4352,2909,true,1
bf16,1,17,1,128,17,optimized_fused,4,1,100,20.2559995651,5508,0.271919437117,4352,2909,true,1
bf16,1,17,1,128,17,warp32_transform,4,2,100,16.9728004932,8704,0.512820497918,4352,2909,true,1
bf16,1,17,1,128,17,warp32_split,4,3,100,34.1120004654,14212,0.416627574053,4352,2909,true,1
bf16,1,17,1,128,17,warp32_fused,4,4,100,18.7647998333,5508,0.29352831093,4352,2909,true,1
bf16,1,17,1,128,17,baseline_transform,4,5,100,18.6432003975,8704,0.466872629936,4352,2909,true,1
bf16,1,17,1,128,17,optimized_transform,4,6,100,18.5088002682,8704,0.470262787101,4352,2909,true,1
bf16,1,17,1,128,17,baseline_split,4,7,100,45.1263999939,14212,0.314937597546,4352,2909,true,1
bf16,1,17,1,128,17,optimized_split,4,8,100,35.724799633,14212,0.397818886208,4352,2909,true,1
bf16,1,257,1,128,257,baseline_transform,0,0,100,44.1535997391,131584,2.98014206718,65792,2909,true,1
bf16,1,257,1,128,257,optimized_transform,0,1,100,42.8416013718,131584,3.07140713201,65792,2909,true,1
bf16,1,257,1,128,257,baseline_split,0,2,100,103.795204163,214852,2.06996076296,65792,2909,true,1
bf16,1,257,1,128,257,optimized_split,0,3,100,77.2480010986,214852,2.78132763236,65792,2909,true,1
bf16,1,257,1,128,257,baseline_fused,0,4,100,69.1455984116,83268,1.2042415123,65792,2909,true,1
bf16,1,257,1,128,257,optimized_fused,0,5,100,39.8783993721,83268,2.08804769778,65792,2909,true,1
bf16,1,257,1,128,257,warp32_transform,0,6,100,26.2400007248,131584,5.01463400783,65792,2909,true,1
bf16,1,257,1,128,257,warp32_split,0,7,100,55.6992006302,214852,3.85736236013,65792,2909,true,1
bf16,1,257,1,128,257,warp32_fused,0,8,100,29.1968011856,83268,2.85195626297,65792,2909,true,1
bf16,1,257,1,128,257,optimized_transform,1,0,100,42.5087976456,131584,3.0954533482,65792,2909,true,1
bf16,1,257,1,128,257,baseline_split,1,1,100,103.219203949,214852,2.08151188713,65792,2909,true,1
bf16,1,257,1,128,257,optimized_split,1,2,100,77.1903991699,214852,2.78340314742,65792,2909,true,1
bf16,1,257,1,128,257,baseline_fused,1,3,100,69.0623998642,83268,1.20569224591,65792,2909,true,1
bf16,1,257,1,128,257,optimized_fused,1,4,100,39.8656010628,83268,2.08871803711,65792,2909,true,1
bf16,1,257,1,128,257,warp32_transform,1,5,100,26.2655997276,131584,5.00974664064,65792,2909,true,1
bf16,1,257,1,128,257,warp32_split,1,6,100,55.8336019516,214852,3.84807700901,65792,2909,true,1
bf16,1,257,1,128,257,warp32_fused,1,7,100,28.9791989326,83268,2.87337135141,65792,2909,true,1
bf16,1,257,1,128,257,baseline_transform,1,8,100,42.9759979248,131584,3.06180208381,65792,2909,true,1
bf16,1,257,1,128,257,baseline_split,2,0,100,102.956800461,214852,2.08681698575,65792,2909,true,1
bf16,1,257,1,128,257,optimized_split,2,1,100,76.8576002121,214852,2.795455484,65792,2909,true,1
bf16,1,257,1,128,257,baseline_fused,2,2,100,69.2288017273,83268,1.2027941828,65792,2909,true,1
bf16,1,257,1,128,257,optimized_fused,2,3,100,39.8079991341,83268,2.0917403992,65792,2909,true,1
bf16,1,257,1,128,257,warp32_transform,2,4,100,26.566400528,131584,4.95302326943,65792,2909,true,1
bf16,1,257,1,128,257,warp32_split,2,5,100,53.9455986023,214852,3.9827530988,65792,2909,true,1
bf16,1,257,1,128,257,warp32_fused,2,6,100,29.9456000328,83268,2.7806422282,65792,2909,true,1
bf16,1,257,1,128,257,baseline_transform,2,7,100,44.2944002151,131584,2.97066896404,65792,2909,true,1
bf16,1,257,1,128,257,optimized_transform,2,8,100,42.5279998779,131584,3.09405568984,65792,2909,true,1
bf16,1,257,1,128,257,optimized_split,3,0,100,77.0879983902,214852,2.78710051482,65792,2909,true,1
bf16,1,257,1,128,257,baseline_fused,3,1,100,69.1200017929,83268,1.20468746875,65792,2909,true,1
bf16,1,257,1,128,257,optimized_fused,3,2,100,39.7568011284,83268,2.09443410025,65792,2909,true,1
bf16,1,257,1,128,257,warp32_transform,3,3,100,26.6431999207,131584,4.93874611127,65792,2909,true,1
bf16,1,257,1,128,257,warp32_split,3,4,100,54.003200531,214852,3.97850493836,65792,2909,true,1
bf16,1,257,1,128,257,warp32_fused,3,5,100,29.9519991875,83268,2.78004815234,65792,2909,true,1
bf16,1,257,1,128,257,baseline_transform,3,6,100,44.1535997391,131584,2.98014206718,65792,2909,true,1
bf16,1,257,1,128,257,optimized_transform,3,7,100,42.4832010269,131584,3.09731839455,65792,2909,true,1
bf16,1,257,1,128,257,baseline_split,3,8,100,103.814401627,214852,2.06957798373,65792,2909,true,1
bf16,1,257,1,128,257,baseline_fused,4,0,100,69.1839981079,83268,1.2035731134,65792,2909,true,1
bf16,1,257,1,128,257,optimized_fused,4,1,100,39.8271989822,83268,2.0907320155,65792,2909,true,1
bf16,1,257,1,128,257,warp32_transform,4,2,100,26.3488006592,131584,4.99392749226,65792,2909,true,1
bf16,1,257,1,128,257,warp32_split,4,3,100,55.6799983978,214852,3.85869263977,65792,2909,true,1
bf16,1,257,1,128,257,warp32_fused,4,4,100,29.087998867,83268,2.86262387387,65792,2909,true,1
bf16,1,257,1,128,257,baseline_transform,4,5,100,43.1680011749,131584,3.04818375692,65792,2909,true,1
bf16,1,257,1,128,257,optimized_transform,4,6,100,42.6495981216,131584,3.08523422952,65792,2909,true,1
bf16,1,257,1,128,257,baseline_split,4,7,100,102.931203842,214852,2.08733592905,65792,2909,true,1
bf16,1,257,1,128,257,optimized_split,4,8,100,77.2480010986,214852,2.78132763236,65792,2909,true,1
bf16,4,64,16,128,4096,baseline_transform,0,0,100,234.310398102,2097152,8.95031555146,1048576,2909,true,1
bf16,4,64,16,128,4096,optimized_transform,0,1,100,229.977607727,2097152,9.11893997301,1048576,2909,true,1
bf16,4,64,16,128,4096,baseline_split,0,2,100,430.937614441,3424256,7.94605967372,1048576,2909,true,1
bf16,4,64,16,128,4096,optimized_split,0,3,100,395.05279541,3424256,8.66784399398,1048576,2909,true,1
bf16,4,64,16,128,4096,baseline_fused,0,4,100,210.707206726,1327104,6.29833227169,1048576,2909,true,1
bf16,4,64,16,128,4096,optimized_fused,0,5,100,178.21439743,1327104,7.44667108345,1048576,2909,true,1
bf16,4,64,16,128,4096,warp32_transform,0,6,100,132.102403641,2097152,15.8751994074,1048576,2909,true,1
bf16,4,64,16,128,4096,warp32_split,0,7,100,312.102394104,3424256,10.9715787661,1048576,2909,true,1
bf16,4,64,16,128,4096,warp32_fused,0,8,100,182.681598663,1327104,7.26457404419,1048576,2909,true,1
bf16,4,64,16,128,4096,optimized_transform,1,0,100,229.440002441,2097152,9.14030673677,1048576,2909,true,1
bf16,4,64,16,128,4096,baseline_split,1,1,100,432.825584412,3424256,7.911399241,1048576,2909,true,1
bf16,4,64,16,128,4096,optimized_split,1,2,100,395.763206482,3424256,8.65228486104,1048576,2909,true,1
bf16,4,64,16,128,4096,baseline_fused,1,3,100,211.116790771,1327104,6.28611298585,1048576,2909,true,1
bf16,4,64,16,128,4096,optimized_fused,1,4,100,178.124809265,1327104,7.4504163989,1048576,2909,true,1
bf16,4,64,16,128,4096,warp32_transform,1,5,100,131.302404404,2097152,15.9719238161,1048576,2909,true,1
bf16,4,64,16,128,4096,warp32_split,1,6,100,312.531204224,3424256,10.9565251524,1048576,2909,true,1
bf16,4,64,16,128,4096,warp32_fused,1,7,100,183.347206116,1327104,7.23820137822,1048576,2909,true,1
bf16,4,64,16,128,4096,baseline_transform,1,8,100,235.539207458,2097152,8.9036217054,1048576,2909,true,1
bf16,4,64,16,128,4096,baseline_split,2,0,100,432.351989746,3424256,7.92006531995,1048576,2909,true,1
bf16,4,64,16,128,4096,optimized_split,2,1,100,394.611206055,3424256,8.67754373789,1048576,2909,true,1
bf16,4,64,16,128,4096,baseline_fused,2,2,100,210.726394653,1327104,6.29775877001,1048576,2909,true,1
bf16,4,64,16,128,4096,optimized_fused,2,3,100,178.111991882,1327104,7.45095254943,1048576,2909,true,1
bf16,4,64,16,128,4096,warp32_transform,2,4,100,132.339200974,2097152,15.8467935772,1048576,2909,true,1
bf16,4,64,16,128,4096,warp32_split,2,5,100,313.593597412,3424256,10.9194066086,1048576,2909,true,1
bf16,4,64,16,128,4096,warp32_fused,2,6,100,182.118396759,1327104,7.28703976983,1048576,2909,true,1
bf16,4,64,16,128,4096,baseline_transform,2,7,100,235.865592957,2097152,8.89130107411,1048576,2909,true,1
bf16,4,64,16,128,4096,optimized_transform,2,8,100,229.043197632,2097152,9.15614181815,1048576,2909,true,1
bf16,4,64,16,128,4096,optimized_split,3,0,100,395.590400696,3424256,8.65606443932,1048576,2909,true,1
bf16,4,64,16,128,4096,baseline_fused,3,1,100,210.879993439,1327104,6.29317166773,1048576,2909,true,1
bf16,4,64,16,128,4096,optimized_fused,3,2,100,177.996807098,1327104,7.4557741885,1048576,2909,true,1
bf16,4,64,16,128,4096,warp32_transform,3,3,100,131.961603165,2097152,15.8921379379,1048576,2909,true,1
bf16,4,64,16,128,4096,warp32_split,3,4,100,313.286399841,3424256,10.9301137928,1048576,2909,true,1
bf16,4,64,16,128,4096,warp32_fused,3,5,100,182.015991211,1327104,7.29113959258,1048576,2909,true,1
bf16,4,64,16,128,4096,baseline_transform,3,6,100,235.007991791,2097152,8.92374758841,1048576,2909,true,1
bf16,4,64,16,128,4096,optimized_transform,3,7,100,228.544006348,2097152,9.17614088208,1048576,2909,true,1
bf16,4,64,16,128,4096,baseline_split,3,8,100,432.441596985,3424256,7.91842418462,1048576,2909,true,1
bf16,4,64,16,128,4096,baseline_fused,4,0,100,210.655994415,1327104,6.29986345123,1048576,2909,true,1
bf16,4,64,16,128,4096,optimized_fused,4,1,100,177.93920517,1327104,7.45818774864,1048576,2909,true,1
bf16,4,64,16,128,4096,warp32_transform,4,2,100,131.641597748,2097152,15.9307698773,1048576,2909,true,1
bf16,4,64,16,128,4096,warp32_split,4,3,100,312.441596985,3424256,10.9596674484,1048576,2909,true,1
bf16,4,64,16,128,4096,warp32_fused,4,4,100,181.728000641,1327104,7.30269411054,1048576,2909,true,1
bf16,4,64,16,128,4096,baseline_transform,4,5,100,235.110397339,2097152,8.91986072814,1048576,2909,true,1
bf16,4,64,16,128,4096,optimized_transform,4,6,100,228.595199585,2097152,9.17408591172,1048576,2909,true,1
bf16,4,64,16,128,4096,baseline_split,4,7,100,433.958396912,3424256,7.89074718768,1048576,2909,true,1
bf16,4,64,16,128,4096,optimized_split,4,8,100,394.01599884,3424256,8.69065218184,1048576,2909,true,1
bf16,16,64,16,128,16384,baseline_transform,0,0,100,832.972793579,8388608,10.0706866595,4194304,2909,true,1
bf16,16,64,16,128,16384,optimized_transform,0,1,100,867.193603516,8388608,9.67328168242,4194304,2909,true,1
bf16,16,64,16,128,16384,baseline_split,0,2,100,1547.94235229,13697024,8.84853623889,4194304,2909,true,1
bf16,16,64,16,128,16384,optimized_split,0,3,100,1462.28485107,13697024,9.36686445868,4194304,2909,true,1
bf16,16,64,16,128,16384,baseline_fused,0,4,100,735.257568359,5308416,7.21980463505,4194304,2909,true,1
bf16,16,64,16,128,16384,optimized_fused,0,5,100,650.131225586,5308416,8.16514542155,4194304,2909,true,1
bf16,16,64,16,128,16384,warp32_transform,0,6,100,527.980804443,8388608,15.8880927666,4194304,2909,true,1
bf16,16,64,16,128,16384,warp32_split,0,7,100,1199.28321838,13697024,11.4210086409,4194304,2909,true,1
bf16,16,64,16,128,16384,warp32_fused,0,8,100,682.28477478,5308416,7.78035242207,4194304,2909,true,1
bf16,16,64,16,128,16384,optimized_transform,1,0,100,867.174377441,8388608,9.6734961482,4194304,2909,true,1
bf16,16,64,16,128,16384,baseline_split,1,1,100,1547.11685181,13697024,8.85325758297,4194304,2909,true,1
bf16,16,64,16,128,16384,optimized_split,1,2,100,1463.87832642,13697024,9.35666834657,4194304,2909,true,1
bf16,16,64,16,128,16384,baseline_fused,1,3,100,735.775985718,5308416,7.21471766277,4194304,2909,true,1
bf16,16,64,16,128,16384,optimized_fused,1,4,100,651.155166626,5308416,8.15230573614,4194304,2909,true,1
bf16,16,64,16,128,16384,warp32_transform,1,5,100,526.374397278,8388608,15.9365805848,4194304,2909,true,1
bf16,16,64,16,128,16384,warp32_split,1,6,100,1200.94078064,13697024,11.4052451385,4194304,2909,true,1
bf16,16,64,16,128,16384,warp32_fused,1,7,100,682.68157959,5308416,7.7758301362,4194304,2909,true,1
bf16,16,64,16,128,16384,baseline_transform,1,8,100,832.121582031,8388608,10.080988381,4194304,2909,true,1
bf16,16,64,16,128,16384,baseline_split,2,0,100,1546.38076782,13697024,8.85747177216,4194304,2909,true,1
bf16,16,64,16,128,16384,optimized_split,2,1,100,1461.73446655,13697024,9.37039134905,4194304,2909,true,1
bf16,16,64,16,128,16384,baseline_fused,2,2,100,734.367980957,5308416,7.22855045107,4194304,2909,true,1
bf16,16,64,16,128,16384,optimized_fused,2,3,100,652.646408081,5308416,8.13367841188,4194304,2909,true,1
bf16,16,64,16,128,16384,warp32_transform,2,4,100,528.895988464,8388608,15.8606005395,4194304,2909,true,1
bf16,16,64,16,128,16384,warp32_split,2,5,100,1202.63679504,13697024,11.3891609308,4194304,2909,true,1
bf16,16,64,16,128,16384,warp32_fused,2,6,100,683.532791138,5308416,7.76614680206,4194304,2909,true,1
bf16,16,64,16,128,16384,baseline_transform,2,7,100,833.657608032,8388608,10.0624140165,4194304,2909,true,1
bf16,16,64,16,128,16384,optimized_transform,2,8,100,864.921569824,8388608,9.69869210419,4194304,2909,true,1
bf16,16,64,16,128,16384,optimized_split,3,0,100,1461.09436035,13697024,9.37449652239,4194304,2909,true,1
bf16,16,64,16,128,16384,baseline_fused,3,1,100,735.788803101,5308416,7.21459198296,4194304,2909,true,1
bf16,16,64,16,128,16384,optimized_fused,3,2,100,651.283187866,5308416,8.15070325612,4194304,2909,true,1
bf16,16,64,16,128,16384,warp32_transform,3,3,100,526.847991943,8388608,15.9222548596,4194304,2909,true,1
bf16,16,64,16,128,16384,warp32_split,3,4,100,1202.1056366,13697024,11.394193308,4194304,2909,true,1
bf16,16,64,16,128,16384,warp32_fused,3,5,100,683.564834595,5308416,7.76578274853,4194304,2909,true,1
bf16,16,64,16,128,16384,baseline_transform,3,6,100,832.799987793,8388608,10.0727763244,4194304,2909,true,1
bf16,16,64,16,128,16384,optimized_transform,3,7,100,865.215988159,8388608,9.69539180367,4194304,2909,true,1
bf16,16,64,16,128,16384,baseline_split,3,8,100,1547.14874268,13697024,8.85307509368,4194304,2909,true,1
bf16,16,64,16,128,16384,baseline_fused,4,0,100,734.31678772,5308416,7.22905439284,4194304,2909,true,1
bf16,16,64,16,128,16384,optimized_fused,4,1,100,650.060806274,5308416,8.16602992945,4194304,2909,true,1
bf16,16,64,16,128,16384,warp32_transform,4,2,100,527.340812683,8388608,15.9073748859,4194304,2909,true,1
bf16,16,64,16,128,16384,warp32_split,4,3,100,1200.21118164,13697024,11.4121782979,4194304,2909,true,1
bf16,16,64,16,128,16384,warp32_fused,4,4,100,683.251190186,5308416,7.76934760781,4194304,2909,true,1
bf16,16,64,16,128,16384,baseline_transform,4,5,100,832.422409058,8388608,10.0773452381,4194304,2909,true,1
bf16,16,64,16,128,16384,optimized_transform,4,6,100,867.513580322,8388608,9.66971375466,4194304,2909,true,1
bf16,16,64,16,128,16384,baseline_split,4,7,100,1550.87997437,13697024,8.83177565408,4194304,2909,true,1
bf16,16,64,16,128,16384,optimized_split,4,8,100,1460.92163086,13697024,9.37560489945,4194304,2909,true,1
bf16,1,1,1,256,1,baseline_transform,0,0,100,18.4256005287,1024,0.0555748507846,512,2909,true,1
bf16,1,1,1,256,1,optimized_transform,0,1,100,17.8175997734,1024,0.0574712650987,512,2909,true,1
bf16,1,1,1,256,1,baseline_split,0,2,100,54.73279953,1668,0.0304753276705,512,2909,true,1
bf16,1,1,1,256,1,optimized_split,0,3,100,33.7023997307,1668,0.0494920247024,512,2909,true,1
bf16,1,1,1,256,1,baseline_fused,0,4,100,39.8207998276,644,0.0161724526576,512,2909,true,1
bf16,1,1,1,256,1,optimized_fused,0,5,100,19.7119998932,644,0.0326704547225,512,2909,true,1
bf16,1,1,1,256,1,warp32_transform,0,6,100,16.2176001072,1024,0.0631412781935,512,2909,true,1
bf16,1,1,1,256,1,warp32_split,0,7,100,34.3488001823,1668,0.0485606481491,512,2909,true,1
bf16,1,1,1,256,1,warp32_fused,0,8,100,19.8399996758,644,0.0324596779499,512,2909,true,1
bf16,1,1,1,256,1,optimized_transform,1,0,100,17.8240001202,1024,0.0574506279789,512,2909,true,1
bf16,1,1,1,256,1,baseline_split,1,1,100,54.713602066,1668,0.0304860206057,512,2909,true,1
bf16,1,1,1,256,1,optimized_split,1,2,100,33.8368010521,1668,0.0492954401166,512,2909,true,1
bf16,1,1,1,256,1,baseline_fused,1,3,100,39.7887992859,644,0.0161854595152,512,2909,true,1
bf16,1,1,1,256,1,optimized_fused,1,4,100,19.692800045,644,0.0327023073676,512,2909,true,1
bf16,1,1,1,256,1,warp32_transform,1,5,100,16.2047994137,1024,0.0631911555249,512,2909,true,1
bf16,1,1,1,256,1,warp32_split,1,6,100,34.1887998581,1668,0.0487879073534,512,2909,true,1
bf16,1,1,1,256,1,warp32_fused,1,7,100,19.8272001743,644,0.0324806323806,512,2909,true,1
bf16,1,1,1,256,1,baseline_transform,1,8,100,18.5344004631,1024,0.0552486174041,512,2909,true,1
bf16,1,1,1,256,1,baseline_split,2,0,100,55.0271987915,1668,0.0303122825917,512,2909,true,1
bf16,1,1,1,256,1,optimized_split,2,1,100,33.8495993614,1668,0.0492768018372,512,2909,true,1
bf16,1,1,1,256,1,baseline_fused,2,2,100,39.9167990685,644,0.0161335581767,512,2909,true,1
bf16,1,1,1,256,1,optimized_fused,2,3,100,19.6031999588,644,0.0328517793704,512,2909,true,1
bf16,1,1,1,256,1,warp32_transform,2,4,100,16.3136005402,1024,0.0627697115348,512,2909,true,1
bf16,1,1,1,256,1,warp32_split,2,5,100,34.1951990128,1668,0.0487787773768,512,2909,true,1
bf16,1,1,1,256,1,warp32_fused,2,6,100,19.929599762,644,0.0323137447662,512,2909,true,1
bf16,1,1,1,256,1,baseline_transform,2,7,100,18.3871996403,1024,0.055690916509,512,2909,true,1
bf16,1,1,1,256,1,optimized_transform,2,8,100,17.804800272,1024,0.0575125799985,512,2909,true,1
bf16,1,1,1,256,1,optimized_split,3,0,100,33.8240003586,1668,0.0493140959767,512,2909,true,1
bf16,1,1,1,256,1,baseline_fused,3,1,100,39.9167990685,644,0.0161335581767,512,2909,true,1
bf16,1,1,1,256,1,optimized_fused,3,2,100,19.596799612,644,0.0328625088152,512,2909,true,1
bf16,1,1,1,256,1,warp32_transform,3,3,100,16.3199996948,1024,0.0627450992125,512,2909,true,1
bf16,1,1,1,256,1,warp32_split,3,4,100,34.1951990128,1668,0.0487787773768,512,2909,true,1
bf16,1,1,1,256,1,warp32_fused,3,5,100,19.9487996101,644,0.0322826441984,512,2909,true,1
bf16,1,1,1,256,1,baseline_transform,3,6,100,18.3871996403,1024,0.055690916509,512,2909,true,1
bf16,1,1,1,256,1,optimized_transform,3,7,100,17.8175997734,1024,0.0574712650987,512,2909,true,1
bf16,1,1,1,256,1,baseline_split,3,8,100,54.713602066,1668,0.0304860206057,512,2909,true,1
bf16,1,1,1,256,1,baseline_fused,4,0,100,39.8207998276,644,0.0161724526576,512,2909,true,1
bf16,1,1,1,256,1,optimized_fused,4,1,100,19.6992003918,644,0.0326916822608,512,2909,true,1
bf16,1,1,1,256,1,warp32_transform,4,2,100,16.1728000641,1024,0.0633161849489,512,2909,true,1
bf16,1,1,1,256,1,warp32_split,4,3,100,34.2016005516,1668,0.048769647417,512,2909,true,1
bf16,1,1,1,256,1,warp32_fused,4,4,100,19.8272001743,644,0.0324806323806,512,2909,true,1
bf16,1,1,1,256,1,baseline_transform,4,5,100,18.5023999214,1024,0.055344171802,512,2909,true,1
bf16,1,1,1,256,1,optimized_transform,4,6,100,17.6639997959,1024,0.0579710151625,512,2909,true,1
bf16,1,1,1,256,1,baseline_split,4,7,100,54.7200012207,1668,0.0304824554603,512,2909,true,1
bf16,1,1,1,256,1,optimized_split,4,8,100,33.696000576,1668,0.0495014236552,512,2909,true,1
bf16,1,17,1,256,17,baseline_transform,0,0,100,20.0832009315,17408,0.866794096187,8704,2909,true,1
bf16,1,17,1,256,17,optimized_transform,0,1,100,19.7311997414,17408,0.88225755292,8704,2909,true,1
bf16,1,17,1,256,17,baseline_split,0,2,100,57.3248004913,28356,0.494655014182,8704,2909,true,1
bf16,1,17,1,256,17,optimized_split,0,3,100,37.1392011642,28356,0.763505921266,8704,2909,true,1
bf16,1,17,1,256,17,baseline_fused,0,4,100,41.0368013382,10948,0.266784925798,8704,2909,true,1
bf16,1,17,1,256,17,optimized_fused,0,5,100,20.7039999962,10948,0.52878670798,8704,2909,true,1
bf16,1,17,1,256,17,warp32_transform,0,6,100,17.6127994061,17408,0.988372126354,8704,2909,true,1
bf16,1,17,1,256,17,warp32_split,0,7,100,36.9664001465,28356,0.767074962334,8704,2909,true,1
bf16,1,17,1,256,17,warp32_fused,0,8,100,21.4208006859,10948,0.511092006342,8704,2909,true,1
bf16,1,17,1,256,17,optimized_transform,1,0,100,19.7119998932,17408,0.883116887902,8704,2909,true,1
bf16,1,17,1,256,17,baseline_split,1,1,100,57.312002182,28356,0.4947654753,8704,2909,true,1
bf16,1,17,1,256,17,optimized_split,1,2,100,37.1456003189,28356,0.763374390414,8704,2909,true,1
bf16,1,17,1,256,17,baseline_fused,1,3,100,41.0752010345,10948,0.266535518373,8704,2909,true,1
bf16,1,17,1,256,17,optimized_fused,1,4,100,20.7103991508,10948,0.528623322045,8704,2909,true,1
bf16,1,17,1,256,17,warp32_transform,1,5,100,17.5616002083,17408,0.991253632558,8704,2909,true,1
bf16,1,17,1,256,17,warp32_split,1,6,100,36.8192005157,28356,0.77014165443,8704,2909,true,1
bf16,1,17,1,256,17,warp32_fused,1,7,100,21.4079999924,10948,0.511397608553,8704,2909,true,1
bf16,1,17,1,256,17,baseline_transform,1,8,100,19.9808001518,17408,0.871236380311,8704,2909,true,1
bf16,1,17,1,256,17,baseline_split,2,0,100,57.2800016403,28356,0.495041885265,8704,2909,true,1
bf16,1,17,1,256,17,optimized_split,2,1,100,37.0303988457,28356,0.765749246131,8704,2909,true,1
bf16,1,17,1,256,17,baseline_fused,2,2,100,41.0239982605,10948,0.266868186043,8704,2909,true,1
bf16,1,17,1,256,17,optimized_fused,2,3,100,20.7423996925,10948,0.527807783202,8704,2909,true,1
bf16,1,17,1,256,17,warp32_transform,2,4,100,17.4847996235,17408,0.995607634909,8704,2909,true,1
bf16,1,17,1,256,17,warp32_split,2,5,100,36.7359995842,28356,0.771885897238,8704,2909,true,1
bf16,1,17,1,256,17,warp32_fused,2,6,100,21.3504004478,10948,0.512777267421,8704,2909,true,1
bf16,1,17,1,256,17,baseline_transform,2,7,100,20.1151990891,17408,0.865415247591,8704,2909,true,1
bf16,1,17,1,256,17,optimized_transform,2,8,100,19.6800005436,17408,0.884552821096,8704,2909,true,1
bf16,1,17,1,256,17,optimized_split,3,0,100,37.0303988457,28356,0.765749246131,8704,2909,true,1
bf16,1,17,1,256,17,baseline_fused,3,1,100,40.9855985641,10948,0.267118216728,8704,2909,true,1
bf16,1,17,1,256,17,optimized_fused,3,2,100,20.7615995407,10948,0.527319678743,8704,2909,true,1
bf16,1,17,1,256,17,warp32_transform,3,3,100,17.427200079,17408,0.998898269436,8704,2909,true,1
bf16,1,17,1,256,17,warp32_split,3,4,100,36.742401123,28356,0.771751413443,8704,2909,true,1
bf16,1,17,1,256,17,warp32_fused,3,5,100,21.343998909,10948,0.512931060701,8704,2909,true,1
bf16,1,17,1,256,17,baseline_transform,3,6,100,20.0575995445,17408,0.867900466422,8704,2909,true,1
bf16,1,17,1,256,17,optimized_transform,3,7,100,19.6736001968,17408,0.884840589716,8704,2909,true,1
bf16,1,17,1,256,17,baseline_split,3,8,100,57.331199646,28356,0.494599802116,8704,2909,true,1
bf16,1,17,1,256,17,baseline_fused,4,0,100,41.0879993439,10948,0.266452496467,8704,2909,true,1
bf16,1,17,1,256,17,optimized_fused,4,1,100,20.7103991508,10948,0.528623322045,8704,2909,true,1
bf16,1,17,1,256,17,warp32_transform,4,2,100,17.6064002514,17408,0.988731356293,8704,2909,true,1
bf16,1,17,1,256,17,warp32_split,4,3,100,36.9727993011,28356,0.766942199021,8704,2909,true,1
bf16,1,17,1,256,17,warp32_fused,4,4,100,21.4016008377,10948,0.511550518254,8704,2909,true,1
bf16,1,17,1,256,17,baseline_transform,4,5,100,19.9551999569,17408,0.872354075008,8704,2909,true,1
bf16,1,17,1,256,17,optimized_transform,4,6,100,19.7184002399,17408,0.882830239176,8704,2909,true,1
bf16,1,17,1,256,17,baseline_split,4,7,100,57.2927999496,28356,0.494931300703,8704,2909,true,1
bf16,1,17,1,256,17,optimized_split,4,8,100,37.0303988457,28356,0.765749246131,8704,2909,true,1
bf16,1,257,1,256,257,baseline_transform,0,0,100,49.8687982559,263168,5.27720757676,131584,2909,true,1
bf16,1,257,1,256,257,optimized_transform,0,1,100,53.0176019669,263168,4.96378542667,131584,2909,true,1
bf16,1,257,1,256,257,baseline_split,0,2,100,152.256002426,428676,2.815494911,131584,2909,true,1
bf16,1,257,1,256,257,optimized_split,0,3,100,91.8591976166,428676,4.66666388476,131584,2909,true,1
bf16,1,257,1,256,257,baseline_fused,0,4,100,110.0096035,165508,1.50448683327,131584,2909,true,1
bf16,1,257,1,256,257,optimized_fused,0,5,100,47.1231985092,165508,3.51224036644,131584,2909,true,1
bf16,1,257,1,256,257,warp32_transform,0,6,100,35.302400589,263168,7.45467717802,131584,2909,true,1
bf16,1,257,1,256,257,warp32_split,0,7,100,71.1359977722,428676,6.02614728724,131584,2909,true,1
bf16,1,257,1,256,257,warp32_fused,0,8,100,37.094399929,165508,4.46180556409,131584,2909,true,1
bf16,1,257,1,256,257,optimized_transform,1,0,100,52.9023981094,263168,4.97459490316,131584,2909,true,1
bf16,1,257,1,256,257,baseline_split,1,1,100,152.6720047,428676,2.80782322105,131584,2909,true,1
bf16,1,257,1,256,257,optimized_split,1,2,100,92.4160003662,428676,4.63854741929,131584,2909,true,1
bf16,1,257,1,256,257,baseline_fused,1,3,100,109.875202179,165508,1.5063271486,131584,2909,true,1
bf16,1,257,1,256,257,optimized_fused,1,4,100,47.295999527,165508,3.49940801876,131584,2909,true,1
bf16,1,257,1,256,257,warp32_transform,1,5,100,36.1344003677,263168,7.28303216109,131584,2909,true,1
bf16,1,257,1,256,257,warp32_split,1,6,100,73.8431978226,428676,5.80521987997,131584,2909,true,1
bf16,1,257,1,256,257,warp32_fused,1,7,100,37.3952007294,165508,4.42591553921,131584,2909,true,1
bf16,1,257,1,256,257,baseline_transform,1,8,100,53.2159996033,263168,4.94527965202,131584,2909,true,1
bf16,1,257,1,256,257,baseline_split,2,0,100,154.2208004,428676,2.77962504986,131584,2909,true,1
bf16,1,257,1,256,257,optimized_split,2,1,100,92.025604248,428676,4.65822532221,131584,2909,true,1
bf16,1,257,1,256,257,baseline_fused,2,2,100,110.323200226,165508,1.50021028815,131584,2909,true,1
bf16,1,257,1,256,257,optimized_fused,2,3,100,47.0143985748,165508,3.52036833432,131584,2909,true,1
bf16,1,257,1,256,257,warp32_transform,2,4,100,34.1696000099,263168,7.70181681739,131584,2909,true,1
bf16,1,257,1,256,257,warp32_split,2,5,100,69.4464015961,428676,6.1727604332,131584,2909,true,1
bf16,1,257,1,256,257,warp32_fused,2,6,100,37.0688009262,165508,4.46488680142,131584,2909,true,1
bf16,1,257,1,256,257,baseline_transform,2,7,100,50.5215978622,263168,5.2090197289,131584,2909,true,1
bf16,1,257,1,256,257,optimized_transform,2,8,100,53.1008005142,263168,4.95600814774,131584,2909,true,1
bf16,1,257,1,256,257,optimized_split,3,0,100,92.025604248,428676,4.65822532221,131584,2909,true,1
bf16,1,257,1,256,257,baseline_fused,3,1,100,110.176000595,165508,1.50221463028,131584,2909,true,1
bf16,1,257,1,256,257,optimized_fused,3,2,100,46.9888019562,165508,3.52228601517,131584,2909,true,1
bf16,1,257,1,256,257,warp32_transform,3,3,100,34.5984005928,263168,7.60636316971,131584,2909,true,1
bf16,1,257,1,256,257,warp32_split,3,4,100,71.1359977722,428676,6.02614728724,131584,2909,true,1
bf16,1,257,1,256,257,warp32_fused,3,5,100,37.2991991043,165508,4.43730707293,131584,2909,true,1
bf16,1,257,1,256,257,baseline_transform,3,6,100,50.07999897,263168,5.25495218475,131584,2909,true,1
bf16,1,257,1,256,257,optimized_transform,3,7,100,53.363199234,263168,4.93163835335,131584,2909,true,1
bf16,1,257,1,256,257,baseline_split,3,8,100,152.863998413,428676,2.8042966588,131584,2909,true,1
bf16,1,257,1,256,257,baseline_fused,4,0,100,109.996795654,165508,1.50466201325,131584,2909,true,1
bf16,1,257,1,256,257,optimized_fused,4,1,100,47.0976018906,165508,3.51414919988,131584,2909,true,1
bf16,1,257,1,256,257,warp32_transform,4,2,100,35.2448010445,263168,7.46686013827,131584,2909,true,1
bf16,1,257,1,256,257,warp32_split,4,3,100,75.935997963,428676,5.64522771149,131584,2909,true,1
bf16,1,257,1,256,257,warp32_fused,4,4,100,37.2031998634,165508,4.44875711249,131584,2909,true,1
bf16,1,257,1,256,257,baseline_transform,4,5,100,53.5232019424,263168,4.91689567233,131584,2909,true,1
bf16,1,257,1,256,257,optimized_transform,4,6,100,53.4528017044,263168,4.92337149052,131584,2909,true,1
bf16,1,257,1,256,257,baseline_split,4,7,100,154.252796173,428676,2.77904848816,131584,2909,true,1
bf16,1,257,1,256,257,optimized_split,4,8,100,91.9808006287,428676,4.66049433219,131584,2909,true,1
bf16,4,64,16,256,4096,baseline_transform,0,0,100,447.417602539,4194304,9.37447247537,2097152,2909,true,1
bf16,4,64,16,256,4096,optimized_transform,0,1,100,395.270385742,4194304,10.6112275326,2097152,2909,true,1
bf16,4,64,16,256,4096,baseline_split,0,2,100,1111.8271637,6832128,6.14495510011,2097152,2909,true,1
bf16,4,64,16,256,4096,optimized_split,0,3,100,713.056030273,6832128,9.58147426,2097152,2909,true,1
bf16,4,64,16,256,4096,baseline_fused,0,4,100,657.286376953,2637824,4.01320351751,2097152,2909,true,1
bf16,4,64,16,256,4096,optimized_fused,0,5,100,356.947212219,2637824,7.38995546036,2097152,2909,true,1
bf16,4,64,16,256,4096,warp32_transform,0,6,100,227.583999634,4194304,18.4296963176,2097152,2909,true,1
bf16,4,64,16,256,4096,warp32_split,0,7,100,569.952011108,6832128,11.9871986884,2097152,2909,true,1
bf16,4,64,16,256,4096,warp32_fused,0,8,100,354.060783386,2637824,7.45020099309,2097152,2909,true,1
bf16,4,64,16,256,4096,optimized_transform,1,0,100,394.092788696,4194304,10.6429351673,2097152,2909,true,1
bf16,4,64,16,256,4096,baseline_split,1,1,100,1111.14242554,6832128,6.14874191011,2097152,2909,true,1
bf16,4,64,16,256,4096,optimized_split,1,2,100,712.281570435,6832128,9.59189214433,2097152,2909,true,1
bf16,4,64,16,256,4096,baseline_fused,1,3,100,658.124771118,2637824,4.00809104255,2097152,2909,true,1
bf16,4,64,16,256,4096,optimized_fused,1,4,100,356.166381836,2637824,7.40615660131,2097152,2909,true,1
bf16,4,64,16,256,4096,warp32_transform,1,5,100,227.40480423,4194304,18.4442189522,2097152,2909,true,1
bf16,4,64,16,256,4096,warp32_split,1,6,100,569.286384583,6832128,12.0012144766,2097152,2909,true,1
bf16,4,64,16,256,4096,warp32_fused,1,7,100,352.966384888,2637824,7.47330089476,2097152,2909,true,1
bf16,4,64,16,256,4096,baseline_transform,1,8,100,447.404785156,4194304,9.374741038,2097152,2909,true,1
bf16,4,64,16,256,4096,baseline_split,2,0,100,1105.49118042,6832128,6.18017413527,2097152,2909,true,1
bf16,4,64,16,256,4096,optimized_split,2,1,100,710.976028442,6832128,9.60950542168,2097152,2909,true,1
bf16,4,64,16,256,4096,baseline_fused,2,2,100,657.587203979,2637824,4.01136759359,2097152,2909,true,1
bf16,4,64,16,256,4096,optimized_fused,2,3,100,356.012802124,2637824,7.40935152967,2097152,2909,true,1
bf16,4,64,16,256,4096,warp32_transform,2,4,100,227.296009064,4194304,18.453047272,2097152,2909,true,1
bf16,4,64,16,256,4096,warp32_split,2,5,100,568.544006348,6832128,12.0168851025,2097152,2909,true,1
bf16,4,64,16,256,4096,warp32_fused,2,6,100,352.831993103,2637824,7.47614743437,2097152,2909,true,1
bf16,4,64,16,256,4096,baseline_transform,2,7,100,449.209594727,4194304,9.33707571975,2097152,2909,true,1
bf16,4,64,16,256,4096,optimized_transform,2,8,100,394.822387695,4194304,10.6232679066,2097152,2909,true,1
bf16,4,64,16,256,4096,optimized_split,3,0,100,713.497619629,6832128,9.57554420932,2097152,2909,true,1
bf16,4,64,16,256,4096,baseline_fused,3,1,100,655.347213745,2637824,4.0250785304,2097152,2909,true,1
bf16,4,64,16,256,4096,optimized_fused,3,2,100,356.691207886,2637824,7.39525937753,2097152,2909,true,1
bf16,4,64,16,256,4096,warp32_transform,3,3,100,227.987194061,4194304,18.3971034745,2097152,2909,true,1
bf16,4,64,16,256,4096,warp32_split,3,4,100,567.993583679,6832128,12.0285302446,2097152,2909,true,1
bf16,4,64,16,256,4096,warp32_fused,3,5,100,353.632011414,2637824,7.45923421767,2097152,2909,true,1
bf16,4,64,16,256,4096,baseline_transform,3,6,100,448.992004395,4194304,9.34160064978,2097152,2909,true,1
bf16,4,64,16,256,4096,optimized_transform,3,7,100,394.367980957,4194304,10.6355084655,2097152,2909,true,1
bf16,4,64,16,256,4096,baseline_split,3,8,100,1111.05918884,6832128,6.14920255249,2097152,2909,true,1
bf16,4,64,16,256,4096,baseline_fused,4,0,100,657.830429077,2637824,4.00988443739,2097152,2909,true,1
bf16,4,64,16,256,4096,optimized_fused,4,1,100,356.08959198,2637824,7.407753721,2097152,2909,true,1
bf16,4,64,16,256,4096,warp32_transform,4,2,100,227.718391418,4194304,18.4188197267,2097152,2909,true,1
bf16,4,64,16,256,4096,warp32_split,4,3,100,570.553588867,6832128,11.9745596791,2097152,2909,true,1
bf16,4,64,16,256,4096,warp32_fused,4,4,100,353.638381958,2637824,7.45909984486,2097152,2909,true,1
bf16,4,64,16,256,4096,baseline_transform,4,5,100,446.041603088,4194304,9.40339190551,2097152,2909,true,1
bf16,4,64,16,256,4096,optimized_transform,4,6,100,395.44960022,4194304,10.6064186123,2097152,2909,true,1
bf16,4,64,16,256,4096,baseline_split,4,7,100,1109.40803528,6832128,6.15835453029,2097152,2909,true,1
bf16,4,64,16,256,4096,optimized_split,4,8,100,712.511978149,6832128,9.58879037759,2097152,2909,true,1
bf16,16,64,16,256,16384,baseline_transform,0,0,100,1692.99194336,16777216,9.9098026224,8388608,2909,true,1
bf16,16,64,16,256,16384,optimized_transform,0,1,100,1480.89599609,16777216,11.3290980894,8388608,2909,true,1
bf16,16,64,16,256,16384,baseline_split,0,2,100,3952.96630859,27328512,6.91341890281,8388608,2909,true,1
bf16,16,64,16,256,16384,optimized_split,0,3,100,2077.53601074,27328512,13.1542903992,8388608,2909,true,1
bf16,16,64,16,256,16384,baseline_fused,0,4,100,2377.9776001,10551296,4.43708805313,8388608,2909,true,1
bf16,16,64,16,256,16384,optimized_fused,0,5,100,740.198364258,10551296,14.2546869995,8388608,2909,true,1
bf16,16,64,16,256,16384,warp32_transform,0,6,100,863.135986328,16777216,19.4375118935,8388608,2909,true,1
bf16,16,64,16,256,16384,warp32_split,0,7,100,2217.17758179,27328512,12.3258110782,8388608,2909,true,1
bf16,16,64,16,256,16384,warp32_fused,0,8,100,1365.44647217,10551296,7.72735966958,8388608,2909,true,1
bf16,16,64,16,256,16384,optimized_transform,1,0,100,1481.0496521,16777216,11.3279227177,8388608,2909,true,1
bf16,16,64,16,256,16384,baseline_split,1,1,100,3956.47369385,27328512,6.90729020706,8388608,2909,true,1
bf16,16,64,16,256,16384,optimized_split,1,2,100,2079.92324829,27328512,13.1391925267,8388608,2909,true,1
bf16,16,64,16,256,16384,baseline_fused,1,3,100,2377.05596924,10551296,4.43880839852,8388608,2909,true,1
bf16,16,64,16,256,16384,optimized_fused,1,4,100,739.219207764,10551296,14.273568502,8388608,2909,true,1
bf16,16,64,16,256,16384,warp32_transform,1,5,100,864.160003662,16777216,19.4144787179,8388608,2909,true,1
bf16,16,64,16,256,16384,warp32_split,1,6,100,2214.38720703,27328512,12.3413429744,8388608,2909,true,1
bf16,16,64,16,256,16384,warp32_fused,1,7,100,1365.8303833,10551296,7.72518764336,8388608,2909,true,1
bf16,16,64,16,256,16384,baseline_transform,1,8,100,1700.71044922,16777216,9.86482796511,8388608,2909,true,1
bf16,16,64,16,256,16384,baseline_split,2,0,100,3961.04309082,27328512,6.89932206578,8388608,2909,true,1
bf16,16,64,16,256,16384,optimized_split,2,1,100,2076.81915283,27328512,13.1588308798,8388608,2909,true,1
bf16,16,64,16,256,16384,baseline_fused,2,2,100,2375.7951355,10551296,4.44116407275,8388608,2909,true,1
bf16,16,64,16,256,16384,optimized_fused,2,3,100,738.022384644,10551296,14.2967154107,8388608,2909,true,1
bf16,16,64,16,256,16384,warp32_transform,2,4,100,865.446395874,16777216,19.3856212008,8388608,2909,true,1
bf16,16,64,16,256,16384,warp32_split,2,5,100,2216.23046875,27328512,12.3310785522,8388608,2909,true,1
bf16,16,64,16,256,16384,warp32_fused,2,6,100,1362.63687134,10551296,7.7432925983,8388608,2909,true,1
bf16,16,64,16,256,16384,baseline_transform,2,7,100,1688.97277832,16777216,9.93338448988,8388608,2909,true,1
bf16,16,64,16,256,16384,optimized_transform,2,8,100,1479.42398071,16777216,11.3403704541,8388608,2909,true,1
bf16,16,64,16,256,16384,optimized_split,3,0,100,2077.11364746,27328512,13.1569652115,8388608,2909,true,1
bf16,16,64,16,256,16384,baseline_fused,3,1,100,2376.48635864,10551296,4.43987231891,8388608,2909,true,1
bf16,16,64,16,256,16384,optimized_fused,3,2,100,738.873596191,10551296,14.2802450303,8388608,2909,true,1
bf16,16,64,16,256,16384,warp32_transform,3,3,100,863.513565063,16777216,19.4290126742,8388608,2909,true,1
bf16,16,64,16,256,16384,warp32_split,3,4,100,2215.75683594,27328512,12.3337144026,8388608,2909,true,1
bf16,16,64,16,256,16384,warp32_fused,3,5,100,1360.67199707,10551296,7.75447427647,8388608,2909,true,1
bf16,16,64,16,256,16384,baseline_transform,3,6,100,1687.2895813,16777216,9.94329378072,8388608,2909,true,1
bf16,16,64,16,256,16384,optimized_transform,3,7,100,1481.19674683,16777216,11.326797764,8388608,2909,true,1
bf16,16,64,16,256,16384,baseline_split,3,8,100,3956.79992676,27328512,6.90672071014,8388608,2909,true,1
bf16,16,64,16,256,16384,baseline_fused,4,0,100,2377.54882812,10551296,4.43788824658,8388608,2909,true,1
bf16,16,64,16,256,16384,optimized_fused,4,1,100,738.432006836,10551296,14.2887847525,8388608,2909,true,1
bf16,16,64,16,256,16384,warp32_transform,4,2,100,864.000015259,16777216,19.4180737311,8388608,2909,true,1
bf16,16,64,16,256,16384,warp32_split,4,3,100,2216.61437988,27328512,12.3289428455,8388608,2909,true,1
bf16,16,64,16,256,16384,warp32_fused,4,4,100,1361.06872559,10551296,7.75221397836,8388608,2909,true,1
bf16,16,64,16,256,16384,baseline_transform,4,5,100,1683.97445679,16777216,9.96286845824,8388608,2909,true,1
bf16,16,64,16,256,16384,optimized_transform,4,6,100,1477.56164551,16777216,11.3546639837,8388608,2909,true,1
bf16,16,64,16,256,16384,baseline_split,4,7,100,3955.3729248,27328512,6.90921248629,8388608,2909,true,1
bf16,16,64,16,256,16384,optimized_split,4,8,100,2080.03845215,27328512,13.1384648066,8388608,2909,true,1
