dtype,batch,seq,heads,dim,rows,method,group,order,repeats,kernel_us,logical_io_bytes,logical_GBs,input_working_set_bytes,seed,input_read_only,scale
fp16,1,1,1,64,1,baseline_transform,0,0,100,15.4815995693,256,0.0165357590379,128,2909,true,1
fp16,1,1,1,64,1,optimized_transform,0,1,100,15.5776000023,256,0.0164338537363,128,2909,true,1
fp16,1,1,1,64,1,baseline_split,0,2,100,34.7456002235,420,0.0120878614069,128,2909,true,1
fp16,1,1,1,64,1,optimized_split,0,3,100,30.7712006569,420,0.0136491261645,128,2909,true,1
fp16,1,1,1,64,1,baseline_fused,0,4,100,22.3232007027,164,0.00734661674123,128,2909,true,1
fp16,1,1,1,64,1,optimized_fused,0,5,100,17.6895999908,164,0.00927098408584,128,2909,true,1
fp16,1,1,1,64,1,warp32_transform,0,6,100,15.232000351,256,0.0168067223018,128,2909,true,1
fp16,1,1,1,64,1,warp32_split,0,7,100,29.5808005333,420,0.0141983987055,128,2909,true,1
fp16,1,1,1,64,1,warp32_fused,0,8,100,15.5200004578,164,0.0105670099976,128,2909,true,1
fp16,1,1,1,64,1,optimized_transform,1,0,100,15.5327999592,256,0.0164812526185,128,2909,true,1
fp16,1,1,1,64,1,baseline_split,1,1,100,34.7392010689,420,0.0120900880584,128,2909,true,1
fp16,1,1,1,64,1,optimized_split,1,2,100,30.8800005913,420,0.013601036009,128,2909,true,1
fp16,1,1,1,64,1,baseline_fused,1,3,100,22.3744010925,164,0.00732980513408,128,2909,true,1
fp16,1,1,1,64,1,optimized_fused,1,4,100,17.6960003376,164,0.00926763092627,128,2909,true,1
fp16,1,1,1,64,1,warp32_transform,1,5,100,15.2576005459,256,0.0167785228896,128,2909,true,1
fp16,1,1,1,64,1,warp32_split,1,6,100,29.9584007263,420,0.0140194399506,128,2909,true,1
fp16,1,1,1,64,1,warp32_fused,1,7,100,15.5200004578,164,0.0105670099976,128,2909,true,1
fp16,1,1,1,64,1,baseline_transform,1,8,100,15.6863999367,256,0.0163198695069,128,2909,true,1
fp16,1,1,1,64,1,baseline_split,2,0,100,35.0528001785,420,0.0119819243501,128,2909,true,1
fp16,1,1,1,64,1,optimized_split,2,1,100,31.1296010017,420,0.0134919814737,128,2909,true,1
fp16,1,1,1,64,1,baseline_fused,2,2,100,22.4575996399,164,0.00730265044483,128,2909,true,1
fp16,1,1,1,64,1,optimized_fused,2,3,100,17.5424003601,164,0.0093487776264,128,2909,true,1
fp16,1,1,1,64,1,warp32_transform,2,4,100,15.2447998524,256,0.0167926114137,128,2909,true,1
fp16,1,1,1,64,1,warp32_split,2,5,100,29.8368000984,420,0.0140765765301,128,2909,true,1
fp16,1,1,1,64,1,warp32_fused,2,6,100,15.4688000679,164,0.0106019858864,128,2909,true,1
fp16,1,1,1,64,1,baseline_transform,2,7,100,15.5711996555,256,0.0164406086662,128,2909,true,1
fp16,1,1,1,64,1,optimized_transform,2,8,100,15.5327999592,256,0.0164812526185,128,2909,true,1
fp16,1,1,1,64,1,optimized_split,3,0,100,31.1231994629,420,0.0134947565561,128,2909,true,1
fp16,1,1,1,64,1,baseline_fused,3,1,100,22.4896001816,164,0.00729225947442,128,2909,true,1
fp16,1,1,1,64,1,optimized_fused,3,2,100,17.5424003601,164,0.0093487776264,128,2909,true,1
fp16,1,1,1,64,1,warp32_transform,3,3,100,15.2128005028,256,0.0168279338149,128,2909,true,1
fp16,1,1,1,64,1,warp32_split,3,4,100,29.9519991875,420,0.0140224362778,128,2909,true,1
fp16,1,1,1,64,1,warp32_fused,3,5,100,15.443199873,164,0.0106195608002,128,2909,true,1
fp16,1,1,1,64,1,baseline_transform,3,6,100,15.5776000023,256,0.0164338537363,128,2909,true,1
fp16,1,1,1,64,1,optimized_transform,3,7,100,15.5776000023,256,0.0164338537363,128,2909,true,1
fp16,1,1,1,64,1,baseline_split,3,8,100,35.0464010239,420,0.0119841121408,128,2909,true,1
fp16,1,1,1,64,1,baseline_fused,4,0,100,22.3679995537,164,0.00733190286447,128,2909,true,1
fp16,1,1,1,64,1,optimized_fused,4,1,100,17.6895999908,164,0.00927098408584,128,2909,true,1
fp16,1,1,1,64,1,warp32_transform,4,2,100,15.2576005459,256,0.0167785228896,128,2909,true,1
fp16,1,1,1,64,1,warp32_split,4,3,100,29.9456000328,420,0.0140254327694,128,2909,true,1
fp16,1,1,1,64,1,warp32_fused,4,4,100,15.5263996124,164,0.0105626548391,128,2909,true,1
fp16,1,1,1,64,1,baseline_transform,4,5,100,15.6863999367,256,0.0163198695069,128,2909,true,1
fp16,1,1,1,64,1,optimized_transform,4,6,100,15.513600111,256,0.0165016500469,128,2909,true,1
fp16,1,1,1,64,1,baseline_split,4,7,100,35.0336003304,420,0.0119884909355,128,2909,true,1
fp16,1,1,1,64,1,optimized_split,4,8,100,31.1168003082,420,0.0134975317462,128,2909,true,1
fp16,1,17,1,64,17,baseline_transform,0,0,100,17.2863996029,4352,0.251758613706,2176,2909,true,1
fp16,1,17,1,64,17,optimized_transform,0,1,100,17.0687997341,4352,0.254968132956,2176,2909,true,1
fp16,1,17,1,64,17,baseline_split,0,2,100,37.971200943,7140,0.188037244614,2176,2909,true,1
fp16,1,17,1,64,17,optimized_split,0,3,100,33.9136004448,7140,0.210535003844,2176,2909,true,1
fp16,1,17,1,64,17,baseline_fused,0,4,100,23.8784003258,2788,0.116758240165,2176,2909,true,1
fp16,1,17,1,64,17,optimized_fused,0,5,100,19.2384004593,2788,0.144918492881,2176,2909,true,1
fp16,1,17,1,64,17,warp32_transform,0,6,100,16.409599781,4352,0.265210611963,2176,2909,true,1
fp16,1,17,1,64,17,warp32_split,0,7,100,32.1600008011,7140,0.222014919843,2176,2909,true,1
fp16,1,17,1,64,17,warp32_fused,0,8,100,16.9280004501,2788,0.164697538154,2176,2909,true,1
fp16,1,17,1,64,17,optimized_transform,1,0,100,17.023999691,4352,0.255639102384,2176,2909,true,1
fp16,1,17,1,64,17,baseline_split,1,1,100,38.1055998802,7140,0.187374034852,2176,2909,true,1
fp16,1,17,1,64,17,optimized_split,1,2,100,33.9199995995,7140,0.210495285504,2176,2909,true,1
fp16,1,17,1,64,17,baseline_fused,1,3,100,23.8784003258,2788,0.116758240165,2176,2909,true,1
fp16,1,17,1,64,17,optimized_fused,1,4,100,19.2320001125,2788,0.144966721282,2176,2909,true,1
fp16,1,17,1,64,17,warp32_transform,1,5,100,16.4031994343,4352,0.265314094207,2176,2909,true,1
fp16,1,17,1,64,17,warp32_split,1,6,100,32.1535992622,7140,0.222059121337,2176,2909,true,1
fp16,1,17,1,64,17,warp32_fused,1,7,100,16.7040002346,2788,0.166906127924,2176,2909,true,1
fp16,1,17,1,64,17,baseline_transform,1,8,100,17.1775996685,4352,0.253353209062,2176,2909,true,1
fp16,1,17,1,64,17,baseline_split,2,0,100,38.0800008774,7140,0.18749999568,2176,2909,true,1
fp16,1,17,1,64,17,optimized_split,2,1,100,34.0608000755,7140,0.20962514046,2176,2909,true,1
fp16,1,17,1,64,17,baseline_fused,2,2,100,23.8335990906,2788,0.116977716601,2176,2909,true,1
fp16,1,17,1,64,17,optimized_fused,2,3,100,19.2832005024,2788,0.14458180838,2176,2909,true,1
fp16,1,17,1,64,17,warp32_transform,2,4,100,16.3520002365,4352,0.266144810241,2176,2909,true,1
fp16,1,17,1,64,17,warp32_split,2,5,100,32.1600008011,7140,0.222014919843,2176,2909,true,1
fp16,1,17,1,64,17,warp32_fused,2,6,100,16.8255996704,2788,0.165699889134,2176,2909,true,1
fp16,1,17,1,64,17,baseline_transform,2,7,100,17.2863996029,4352,0.251758613706,2176,2909,true,1
fp16,1,17,1,64,17,optimized_transform,2,8,100,17.023999691,4352,0.255639102384,2176,2909,true,1
fp16,1,17,1,64,17,optimized_split,3,0,100,34.0608000755,7140,0.20962514046,2176,2909,true,1
fp16,1,17,1,64,17,baseline_fused,3,1,100,23.8335990906,2788,0.116977716601,2176,2909,true,1
fp16,1,17,1,64,17,optimized_fused,3,2,100,19.2384004593,2788,0.144918492881,2176,2909,true,1
fp16,1,17,1,64,17,warp32_transform,3,3,100,16.3903999329,4352,0.265521281837,2176,2909,true,1
fp16,1,17,1,64,17,warp32_split,3,4,100,32.1535992622,7140,0.222059121337,2176,2909,true,1
fp16,1,17,1,64,17,warp32_fused,3,5,100,16.8640005589,2788,0.165322575167,2176,2909,true,1
fp16,1,17,1,64,17,baseline_transform,3,6,100,17.2415995598,4352,0.252412775561,2176,2909,true,1
fp16,1,17,1,64,17,optimized_transform,3,7,100,17.0495998859,4352,0.255255256963,2176,2909,true,1
fp16,1,17,1,64,17,baseline_split,3,8,100,38.0992007256,7140,0.187405506258,2176,2909,true,1
fp16,1,17,1,64,17,baseline_fused,4,0,100,23.8847994804,2788,0.116726958595,2176,2909,true,1
fp16,1,17,1,64,17,optimized_fused,4,1,100,19.219199419,2788,0.145063274448,2176,2909,true,1
fp16,1,17,1,64,17,warp32_transform,4,2,100,16.4031994343,4352,0.265314094207,2176,2909,true,1
fp16,1,17,1,64,17,warp32_split,4,3,100,32.1663999557,7140,0.221970752394,2176,2909,true,1
fp16,1,17,1,64,17,warp32_fused,4,4,100,16.883200407,2788,0.165134567664,2176,2909,true,1
fp16,1,17,1,64,17,baseline_transform,4,5,100,17.2415995598,4352,0.252412775561,2176,2909,true,1
fp16,1,17,1,64,17,optimized_transform,4,6,100,17.0560002327,4352,0.255159471191,2176,2909,true,1
fp16,1,17,1,64,17,baseline_split,4,7,100,37.9647994041,7140,0.18806895103,2176,2909,true,1
fp16,1,17,1,64,17,optimized_split,4,8,100,34.0544009209,7140,0.209664531072,2176,2909,true,1
fp16,1,257,1,64,257,baseline_transform,0,0,100,35.9488010406,65792,1.83015839459,32896,2909,true,1
fp16,1,257,1,64,257,optimized_transform,0,1,100,35.8592009544,65792,1.83473134506,32896,2909,true,1
fp16,1,257,1,64,257,baseline_split,0,2,100,74.4575977325,107940,1.44968415967,32896,2909,true,1
fp16,1,257,1,64,257,optimized_split,0,3,100,70.3552007675,107940,1.53421493823,32896,2909,true,1
fp16,1,257,1,64,257,baseline_fused,0,4,100,42.3551988602,42148,0.995108065462,32896,2909,true,1
fp16,1,257,1,64,257,optimized_fused,0,5,100,36.7808008194,42148,1.1459239348,32896,2909,true,1
fp16,1,257,1,64,257,warp32_transform,0,6,100,21.7280006409,65792,3.02798223764,32896,2909,true,1
fp16,1,257,1,64,257,warp32_split,0,7,100,45.1136016846,107940,2.39262652436,32896,2909,true,1
fp16,1,257,1,64,257,warp32_fused,0,8,100,22.7263998985,42148,1.85458322428,32896,2909,true,1
fp16,1,257,1,64,257,optimized_transform,1,0,100,35.8847999573,65792,1.83342250976,32896,2909,true,1
fp16,1,257,1,64,257,baseline_split,1,1,100,74.3359994888,107940,1.45205554163,32896,2909,true,1
fp16,1,257,1,64,257,optimized_split,1,2,100,70.560002327,107940,1.52976185431,32896,2909,true,1
fp16,1,257,1,64,257,baseline_fused,1,3,100,42.3424005508,42148,0.995408844366,32896,2909,true,1
fp16,1,257,1,64,257,optimized_fused,1,4,100,36.7743992805,42148,1.14612341261,32896,2909,true,1
fp16,1,257,1,64,257,warp32_transform,1,5,100,21.8176007271,65792,3.01554698076,32896,2909,true,1
fp16,1,257,1,64,257,warp32_split,1,6,100,43.302397728,107940,2.49270261379,32896,2909,true,1
fp16,1,257,1,64,257,warp32_fused,1,7,100,23.3344006538,42148,1.80626023463,32896,2909,true,1
fp16,1,257,1,64,257,baseline_transform,1,8,100,35.6223988533,65792,1.84692783523,32896,2909,true,1
fp16,1,257,1,64,257,baseline_split,2,0,100,74.3168020248,107940,1.45243063559,32896,2909,true,1
fp16,1,257,1,64,257,optimized_split,2,1,100,71.1231994629,107940,1.51764826126,32896,2909,true,1
fp16,1,257,1,64,257,baseline_fused,2,2,100,42.1568012238,42148,0.999791226481,32896,2909,true,1
fp16,1,257,1,64,257,optimized_fused,2,3,100,36.8896007538,42148,1.14254421676,32896,2909,true,1
fp16,1,257,1,64,257,warp32_transform,2,4,100,21.747200489,65792,3.02530893727,32896,2909,true,1
fp16,1,257,1,64,257,warp32_split,2,5,100,43.0079984665,107940,2.50976571449,32896,2909,true,1
fp16,1,257,1,64,257,warp32_fused,2,6,100,22.2591996193,42148,1.89350923308,32896,2909,true,1
fp16,1,257,1,64,257,baseline_transform,2,7,100,35.9744000435,65792,1.82885607322,32896,2909,true,1
fp16,1,257,1,64,257,optimized_transform,2,8,100,35.8335995674,65792,1.83604217255,32896,2909,true,1
fp16,1,257,1,64,257,optimized_split,3,0,100,70.8864021301,107940,1.52271799325,32896,2909,true,1
fp16,1,257,1,64,257,baseline_fused,3,1,100,42.1375989914,42148,1.00024683439,32896,2909,true,1
fp16,1,257,1,64,257,optimized_fused,3,2,100,36.9472002983,42148,1.14076302561,32896,2909,true,1
fp16,1,257,1,64,257,warp32_transform,3,3,100,21.7151999474,65792,3.02976717504,32896,2909,true,1
fp16,1,257,1,64,257,warp32_split,3,4,100,45.1904010773,107940,2.38856034527,32896,2909,true,1
fp16,1,257,1,64,257,warp32_fused,3,5,100,22.2783994675,42148,1.89187737932,32896,2909,true,1
fp16,1,257,1,64,257,baseline_transform,3,6,100,36.057600975,65792,1.8246360884,32896,2909,true,1
fp16,1,257,1,64,257,optimized_transform,3,7,100,35.7504010201,65792,1.84031502089,32896,2909,true,1
fp16,1,257,1,64,257,baseline_split,3,8,100,74.3359994888,107940,1.45205554163,32896,2909,true,1
fp16,1,257,1,64,257,baseline_fused,4,0,100,42.3424005508,42148,0.995408844366,32896,2909,true,1
fp16,1,257,1,64,257,optimized_fused,4,1,100,36.8255996704,42148,1.14452990249,32896,2909,true,1
fp16,1,257,1,64,257,warp32_transform,4,2,100,21.8111991882,65792,3.01643203715,32896,2909,true,1
fp16,1,257,1,64,257,warp32_split,4,3,100,44.7488021851,107940,2.41213160418,32896,2909,true,1
fp16,1,257,1,64,257,warp32_fused,4,4,100,22.8096008301,42148,1.84781839516,32896,2909,true,1
fp16,1,257,1,64,257,baseline_transform,4,5,100,35.654399395,65792,1.8452701803,32896,2909,true,1
fp16,1,257,1,64,257,optimized_transform,4,6,100,36.2815999985,65792,1.81337096497,32896,2909,true,1
fp16,1,257,1,64,257,baseline_split,4,7,100,74.2912006378,107940,1.45293115569,32896,2909,true,1
fp16,1,257,1,64,257,optimized_split,4,8,100,71.2383985519,107940,1.51519408345,32896,2909,true,1
fp16,4,64,16,64,4096,baseline_transform,0,0,100,165.868797302,1048576,6.32171943762,524288,2909,true,1
fp16,4,64,16,64,4096,optimized_transform,0,1,100,161.011199951,1048576,6.51244137251,524288,2909,true,1
fp16,4,64,16,64,4096,baseline_split,0,2,100,307.769603729,1720320,5.58963581574,524288,2909,true,1
fp16,4,64,16,64,4096,optimized_split,0,3,100,277.89440155,1720320,6.19055292371,524288,2909,true,1
fp16,4,64,16,64,4096,baseline_fused,0,4,100,156.87040329,671744,4.28215894084,524288,2909,true,1
fp16,4,64,16,64,4096,optimized_fused,0,5,100,129.363203049,671744,5.19269764639,524288,2909,true,1
fp16,4,64,16,64,4096,warp32_transform,0,6,100,87.6735973358,1048576,11.9599974435,524288,2909,true,1
fp16,4,64,16,64,4096,warp32_split,0,7,100,257.280006409,1720320,6.68656699762,524288,2909,true,1
fp16,4,64,16,64,4096,warp32_fused,0,8,100,147.027196884,671744,4.56884178054,524288,2909,true,1
fp16,4,64,16,64,4096,optimized_transform,1,0,100,161.497592926,1048576,6.49282742239,524288,2909,true,1
fp16,4,64,16,64,4096,baseline_split,1,1,100,306.809597015,1720320,5.60712577682,524288,2909,true,1
fp16,4,64,16,64,4096,optimized_split,1,2,100,277.056007385,1720320,6.20928604377,524288,2909,true,1
fp16,4,64,16,64,4096,baseline_fused,1,3,100,155.974397659,671744,4.30675809672,524288,2909,true,1
fp16,4,64,16,64,4096,optimized_fused,1,4,100,129.427204132,671744,5.19012988424,524288,2909,true,1
fp16,4,64,16,64,4096,warp32_transform,1,5,100,87.2511959076,1048576,12.0178983118,524288,2909,true,1
fp16,4,64,16,64,4096,warp32_split,1,6,100,258.252792358,1720320,6.66138005436,524288,2909,true,1
fp16,4,64,16,64,4096,warp32_fused,1,7,100,148.76159668,671744,4.51557401233,524288,2909,true,1
fp16,4,64,16,64,4096,baseline_transform,1,8,100,165.740795135,1048576,6.32660172254,524288,2909,true,1
fp16,4,64,16,64,4096,baseline_split,2,0,100,306.854400635,1720320,5.60630708389,524288,2909,true,1
fp16,4,64,16,64,4096,optimized_split,2,1,100,277.996807098,1720320,6.18827251275,524288,2909,true,1
fp16,4,64,16,64,4096,baseline_fused,2,2,100,155.967998505,671744,4.30693479714,524288,2909,true,1
fp16,4,64,16,64,4096,optimized_fused,2,3,100,130.399999619,671744,5.15141105801,524288,2909,true,1
fp16,4,64,16,64,4096,warp32_transform,2,4,100,86.0223960876,1048576,12.1895697829,524288,2909,true,1
fp16,4,64,16,64,4096,warp32_split,2,5,100,254.150390625,1720320,6.76890559078,524288,2909,true,1
fp16,4,64,16,64,4096,warp32_fused,2,6,100,147.36000061,671744,4.55852332531,524288,2909,true,1
fp16,4,64,16,64,4096,baseline_transform,2,7,100,167.481594086,1048576,6.26084320324,524288,2909,true,1
fp16,4,64,16,64,4096,optimized_transform,2,8,100,161.913604736,1048576,6.47614511274,524288,2909,true,1
fp16,4,64,16,64,4096,optimized_split,3,0,100,276.921596527,1720320,6.21229987684,524288,2909,true,1
fp16,4,64,16,64,4096,baseline_fused,3,1,100,154.156799316,671744,4.35753728009,524288,2909,true,1
fp16,4,64,16,64,4096,optimized_fused,3,2,100,130.02240181,671744,5.16637126103,524288,2909,true,1
fp16,4,64,16,64,4096,warp32_transform,3,3,100,86.2975978851,1048576,12.1506974203,524288,2909,true,1
fp16,4,64,16,64,4096,warp32_split,3,4,100,255.80160141,1720320,6.72521200226,524288,2909,true,1
fp16,4,64,16,64,4096,warp32_fused,3,5,100,147.219200134,671744,4.56288309804,524288,2909,true,1
fp16,4,64,16,64,4096,baseline_transform,3,6,100,166.751995087,1048576,6.28823660823,524288,2909,true,1
fp16,4,64,16,64,4096,optimized_transform,3,7,100,161.536006927,1048576,6.49128339832,524288,2909,true,1
fp16,4,64,16,64,4096,baseline_split,3,8,100,307.903995514,1720320,5.58719609055,524288,2909,true,1
fp16,4,64,16,64,4096,baseline_fused,4,0,100,155.219202042,671744,4.3277119787,524288,2909,true,1
fp16,4,64,16,64,4096,optimized_fused,4,1,100,129.932804108,671744,5.16993383321,524288,2909,true,1
fp16,4,64,16,64,4096,warp32_transform,4,2,100,87.7503967285,1048576,11.9495300203,524288,2909,true,1
fp16,4,64,16,64,4096,warp32_split,4,3,100,259.641609192,1720320,6.62574848983,524288,2909,true,1
fp16,4,64,16,64,4096,warp32_fused,4,4,100,147.993602753,671744,4.53900700777,524288,2909,true,1
fp16,4,64,16,64,4096,baseline_transform,4,5,100,166.329593658,1048576,6.30420586581,524288,2909,true,1
fp16,4,64,16,64,4096,optimized_transform,4,6,100,161.318397522,1048576,6.50003977294,524288,2909,true,1
fp16,4,64,16,64,4096,baseline_split,4,7,100,307.289600372,1720320,5.59836713613,524288,2909,true,1
fp16,4,64,16,64,4096,optimized_split,4,8,100,278.022403717,1720320,6.18770277863,524288,2909,true,1
fp16,16,64,16,64,16384,baseline_transform,0,0,100,465.055999756,4194304,9.01892245708,2097152,2909,true,1
fp16,16,64,16,64,16384,optimized_transform,0,1,100,460.876808167,4194304,9.10070527672,2097152,2909,true,1
fp16,16,64,16,64,16384,baseline_split,0,2,100,967.897567749,6881280,7.10951264812,2097152,2909,true,1
fp16,16,64,16,64,16384,optimized_split,0,3,100,903.219223022,6881280,7.61861553054,2097152,2909,true,1
fp16,16,64,16,64,16384,baseline_fused,0,4,100,561.375999451,2686976,4.7864105388,2097152,2909,true,1
fp16,16,64,16,64,16384,optimized_fused,0,5,100,475.264015198,2686976,5.65364915937,2097152,2909,true,1
fp16,16,64,16,64,16384,warp32_transform,0,6,100,345.312004089,4194304,12.1464181677,2097152,2909,true,1
fp16,16,64,16,64,16384,warp32_split,0,7,100,881.363220215,6881280,7.80754159258,2097152,2909,true,1
fp16,16,64,16,64,16384,warp32_fused,0,8,100,546.534385681,2686976,4.91638965525,2097152,2909,true,1
fp16,16,64,16,64,16384,optimized_transform,1,0,100,461.580810547,4194304,9.08682489428,2097152,2909,true,1
fp16,16,64,16,64,16384,baseline_split,1,1,100,971.897583008,6881280,7.08025219973,2097152,2909,true,1
fp16,16,64,16,64,16384,optimized_split,1,2,100,903.455963135,6881280,7.61661916108,2097152,2909,true,1
fp16,16,64,16,64,16384,baseline_fused,1,3,100,562.412796021,2686976,4.77758688816,2097152,2909,true,1
fp16,16,64,16,64,16384,optimized_fused,1,4,100,475.391998291,2686976,5.65212710702,2097152,2909,true,1
fp16,16,64,16,64,16384,warp32_transform,1,5,100,344.55039978,4194304,12.1732669667,2097152,2909,true,1
fp16,16,64,16,64,16384,warp32_split,1,6,100,878.214416504,6881280,7.83553522999,2097152,2909,true,1
fp16,16,64,16,64,16384,warp32_fused,1,7,100,548.223991394,2686976,4.90123752732,2097152,2909,true,1
fp16,16,64,16,64,16384,baseline_transform,1,8,100,464.236793518,4194304,9.03483751948,2097152,2909,true,1
fp16,16,64,16,64,16384,baseline_split,2,0,100,971.520004272,6881280,7.08300392142,2097152,2909,true,1
fp16,16,64,16,64,16384,optimized_split,2,1,100,901.331176758,6881280,7.63457447989,2097152,2909,true,1
fp16,16,64,16,64,16384,baseline_fused,2,2,100,560.39680481,2686976,4.79477394757,2097152,2909,true,1
fp16,16,64,16,64,16384,optimized_fused,2,3,100,479.142417908,2686976,5.60788588022,2097152,2909,true,1
fp16,16,64,16,64,16384,warp32_transform,2,4,100,335.48160553,4194304,12.5023367328,2097152,2909,true,1
fp16,16,64,16,64,16384,warp32_split,2,5,100,867.94883728,6881280,7.92820924971,2097152,2909,true,1
fp16,16,64,16,64,16384,warp32_fused,2,6,100,546.950416565,2686976,4.91265006593,2097152,2909,true,1
fp16,16,64,16,64,16384,baseline_transform,2,7,100,462.20161438,4194304,9.07461996996,2097152,2909,true,1
fp16,16,64,16,64,16384,optimized_transform,2,8,100,461.74079895,4194304,9.08367640359,2097152,2909,true,1
fp16,16,64,16,64,16384,optimized_split,3,0,100,903.654403687,6881280,7.61494656799,2097152,2909,true,1
fp16,16,64,16,64,16384,baseline_fused,3,1,100,562.892799377,2686976,4.77351283046,2097152,2909,true,1
fp16,16,64,16,64,16384,optimized_fused,3,2,100,475.686416626,2686976,5.6486288153,2097152,2909,true,1
fp16,16,64,16,64,16384,warp32_transform,3,3,100,333.727989197,4194304,12.5680318576,2097152,2909,true,1
fp16,16,64,16,64,16384,warp32_split,3,4,100,866.348800659,6881280,7.94285164909,2097152,2909,true,1
fp16,16,64,16,64,16384,warp32_fused,3,5,100,548.851203918,2686976,4.89563652374,2097152,2909,true,1
fp16,16,64,16,64,16384,baseline_transform,3,6,100,463.14239502,4194304,9.05618670436,2097152,2909,true,1
fp16,16,64,16,64,16384,optimized_transform,3,7,100,461.491203308,4194304,9.08858927307,2097152,2909,true,1
fp16,16,64,16,64,16384,baseline_split,3,8,100,968.95362854,6881280,7.10176400327,2097152,2909,true,1
fp16,16,64,16,64,16384,baseline_fused,4,0,100,560.812797546,2686976,4.79121733982,2097152,2909,true,1
fp16,16,64,16,64,16384,optimized_fused,4,1,100,474.662399292,2686976,5.66081493712,2097152,2909,true,1
fp16,16,64,16,64,16384,warp32_transform,4,2,100,344.492797852,4194304,12.1753024335,2097152,2909,true,1
fp16,16,64,16,64,16384,warp32_split,4,3,100,877.465591431,6881280,7.84222203948,2097152,2909,true,1
fp16,16,64,16,64,16384,warp32_fused,4,4,100,546.892814636,2686976,4.91316749478,2097152,2909,true,1
fp16,16,64,16,64,16384,baseline_transform,4,5,100,464.467201233,4194304,9.03035561793,2097152,2909,true,1
fp16,16,64,16,64,16384,optimized_transform,4,6,100,461.702384949,4194304,9.08443217261,2097152,2909,true,1
fp16,16,64,16,64,16384,baseline_split,4,7,100,970.886383057,6881280,7.08762644125,2097152,2909,true,1
fp16,16,64,16,64,16384,optimized_split,4,8,100,904.723205566,6881280,7.60595059092,2097152,2909,true,1
fp16,1,1,1,128,1,baseline_transform,0,0,100,16.128000021,512,0.0317460317047,256,2909,true,1
fp16,1,1,1,128,1,optimized_transform,0,1,100,16.2176001072,512,0.0315706390968,256,2909,true,1
fp16,1,1,1,128,1,baseline_split,0,2,100,40.9280014038,836,0.0204261134511,256,2909,true,1
fp16,1,1,1,128,1,optimized_split,0,3,100,31.9039988518,836,0.0262036117756,256,2909,true,1
fp16,1,1,1,128,1,baseline_fused,0,4,100,28.1920003891,324,0.0114926218618,256,2909,true,1
fp16,1,1,1,128,1,optimized_fused,0,5,100,18.2335996628,324,0.017769393098,256,2909,true,1
fp16,1,1,1,128,1,warp32_transform,0,6,100,15.2831995487,512,0.0335008385101,256,2909,true,1
fp16,1,1,1,128,1,warp32_split,0,7,100,30.5408000946,836,0.0273732186914,256,2909,true,1
fp16,1,1,1,128,1,warp32_fused,0,8,100,16.5183997154,324,0.0196144908455,256,2909,true,1
fp16,1,1,1,128,1,optimized_transform,1,0,100,16.2240004539,512,0.0315581845213,256,2909,true,1
fp16,1,1,1,128,1,baseline_split,1,1,100,40.9216022491,836,0.0204293076041,256,2909,true,1
fp16,1,1,1,128,1,optimized_split,1,2,100,32.0255994797,836,0.0261041171308,256,2909,true,1
fp16,1,1,1,128,1,baseline_fused,1,3,100,28.1983995438,324,0.0114900138037,256,2909,true,1
fp16,1,1,1,128,1,optimized_fused,1,4,100,18.2335996628,324,0.017769393098,256,2909,true,1
fp16,1,1,1,128,1,warp32_transform,1,5,100,15.232000351,512,0.0336134446037,256,2909,true,1
fp16,1,1,1,128,1,warp32_split,1,6,100,30.5536007881,836,0.0273617504463,256,2909,true,1
fp16,1,1,1,128,1,warp32_fused,1,7,100,16.5120005608,324,0.0196220923569,256,2909,true,1
fp16,1,1,1,128,1,baseline_transform,1,8,100,16.2047994137,512,0.0315955777625,256,2909,true,1
fp16,1,1,1,128,1,baseline_split,2,0,100,40.9280014038,836,0.0204261134511,256,2909,true,1
fp16,1,1,1,128,1,optimized_split,2,1,100,31.8975996971,836,0.0262088686277,256,2909,true,1
fp16,1,1,1,128,1,baseline_fused,2,2,100,28.3071994781,324,0.0114458514432,256,2909,true,1
fp16,1,1,1,128,1,optimized_fused,2,3,100,18.1312000751,324,0.0178697493082,256,2909,true,1
fp16,1,1,1,128,1,warp32_transform,2,4,100,15.1935994625,512,0.0336984005182,256,2909,true,1
fp16,1,1,1,128,1,warp32_split,2,5,100,30.3999996185,836,0.0275000003451,256,2909,true,1
fp16,1,1,1,128,1,warp32_fused,2,6,100,16.6271996498,324,0.0194861435975,256,2909,true,1
fp16,1,1,1,128,1,baseline_transform,2,7,100,16.1344003677,512,0.0317334383882,256,2909,true,1
fp16,1,1,1,128,1,optimized_transform,2,8,100,16.1600005627,512,0.0316831672137,256,2909,true,1
fp16,1,1,1,128,1,optimized_split,3,0,100,32.019200325,836,0.0261093341343,256,2909,true,1
fp16,1,1,1,128,1,baseline_fused,3,1,100,28.2624006271,324,0.0114639943108,256,2909,true,1
fp16,1,1,1,128,1,optimized_fused,3,2,100,18.1568002701,324,0.017844553841,256,2909,true,1
fp16,1,1,1,128,1,warp32_transform,3,3,100,15.2383995056,512,0.0335993291035,256,2909,true,1
fp16,1,1,1,128,1,warp32_split,3,4,100,30.412800312,836,0.0274884256439,256,2909,true,1
fp16,1,1,1,128,1,warp32_fused,3,5,100,16.6656005383,324,0.0194412436117,256,2909,true,1
fp16,1,1,1,128,1,baseline_transform,3,6,100,16.0896003246,512,0.0318217972895,256,2909,true,1
fp16,1,1,1,128,1,optimized_transform,3,7,100,16.2111997604,512,0.0315831035066,256,2909,true,1
fp16,1,1,1,128,1,baseline_split,3,8,100,40.9344005585,836,0.0204229202967,256,2909,true,1
fp16,1,1,1,128,1,baseline_fused,4,0,100,28.1920003891,324,0.0114926218618,256,2909,true,1
fp16,1,1,1,128,1,optimized_fused,4,1,100,18.2143998146,324,0.0177881238634,256,2909,true,1
fp16,1,1,1,128,1,warp32_transform,4,2,100,15.232000351,512,0.0336134446037,256,2909,true,1
fp16,1,1,1,128,1,warp32_split,4,3,100,30.5471992493,836,0.0273674844354,256,2909,true,1
fp16,1,1,1,128,1,warp32_fused,4,4,100,16.5120005608,324,0.0196220923569,256,2909,true,1
fp16,1,1,1,128,1,baseline_transform,4,5,100,16.198400259,512,0.0316080595499,256,2909,true,1
fp16,1,1,1,128,1,optimized_transform,4,6,100,16.0511994362,512,0.0318979277552,256,2909,true,1
fp16,1,1,1,128,1,baseline_split,4,7,100,40.9344005585,836,0.0204229202967,256,2909,true,1
fp16,1,1,1,128,1,optimized_split,4,8,100,32.0255994797,836,0.0261041171308,256,2909,true,1
fp16,1,17,1,128,17,baseline_transform,0,0,100,18.2400000095,8704,0.477192982207,4352,2909,true,1
fp16,1,17,1,128,17,optimized_transform,0,1,100,18.323199749,8704,0.475026202805,4352,2909,true,1
fp16,1,17,1,128,17,baseline_split,0,2,100,44.4095993042,14212,0.320020901397,4352,2909,true,1
fp16,1,17,1,128,17,optimized_split,0,3,100,35.5712008476,14212,0.39953669433,4352,2909,true,1
fp16,1,17,1,128,17,baseline_fused,0,4,100,29.6512007713,5508,0.185759762057,4352,2909,true,1
fp16,1,17,1,128,17,optimized_fused,0,5,100,19.7951996326,5508,0.278249277715,4352,2909,true,1
fp16,1,17,1,128,17,warp32_transform,0,6,100,17.0816004276,8704,0.509554127371,4352,2909,true,1
fp16,1,17,1,128,17,warp32_split,0,7,100,33.8624000549,14212,0.419698544018,4352,2909,true,1
fp16,1,17,1,128,17,warp32_fused,0,8,100,18.1312000751,5508,0.30378573824,4352,2909,true,1
fp16,1,17,1,128,17,optimized_transform,1,0,100,18.2783997059,8704,0.476190483853,4352,2909,true,1
fp16,1,17,1,128,17,baseline_split,1,1,100,44.4032001495,14212,0.320067021119,4352,2909,true,1
fp16,1,17,1,128,17,optimized_split,1,2,100,35.5904006958,14212,0.399321157451,4352,2909,true,1
fp16,1,17,1,128,17,baseline_fused,1,3,100,29.6512007713,5508,0.185759762057,4352,2909,true,1
fp16,1,17,1,128,17,optimized_fused,1,4,100,19.7951996326,5508,0.278249277715,4352,2909,true,1
fp16,1,17,1,128,17,warp32_transform,1,5,100,17.1391999722,8704,0.507841673715,4352,2909,true,1
fp16,1,17,1,128,17,warp32_split,1,6,100,33.9903998375,14212,0.418118058862,4352,2909,true,1
fp16,1,17,1,128,17,warp32_fused,1,7,100,18.1439995766,5508,0.303571435656,4352,2909,true,1
fp16,1,17,1,128,17,baseline_transform,1,8,100,18.1376004219,8704,0.479887074229,4352,2909,true,1
fp16,1,17,1,128,17,baseline_split,2,0,100,44.4032001495,14212,0.320067021119,4352,2909,true,1
fp16,1,17,1,128,17,optimized_split,2,1,100,35.5647993088,14212,0.39960860953,4352,2909,true,1
fp16,1,17,1,128,17,baseline_fused,2,2,100,29.6063995361,5508,0.186040858946,4352,2909,true,1
fp16,1,17,1,128,17,optimized_fused,2,3,100,19.8399996758,5508,0.277620972279,4352,2909,true,1
fp16,1,17,1,128,17,warp32_transform,2,4,100,16.9472002983,8704,0.513595157123,4352,2909,true,1
fp16,1,17,1,128,17,warp32_split,2,5,100,33.7856006622,14212,0.420652577472,4352,2909,true,1
fp16,1,17,1,128,17,warp32_fused,2,6,100,18.0991995335,5508,0.304322850843,4352,2909,true,1
fp16,1,17,1,128,17,baseline_transform,2,7,100,18.2400000095,8704,0.477192982207,4352,2909,true,1
fp16,1,17,1,128,17,optimized_transform,2,8,100,18.2783997059,8704,0.476190483853,4352,2909,true,1
fp16,1,17,1,128,17,optimized_split,3,0,100,35.5776000023,14212,0.399464831779,4352,2909,true,1
fp16,1,17,1,128,17,baseline_fused,3,1,100,29.5743989944,5508,0.18624216171,4352,2909,true,1
fp16,1,17,1,128,17,optimized_fused,3,2,100,19.8399996758,5508,0.277620972279,4352,2909,true,1
fp16,1,17,1,128,17,warp32_transform,3,3,100,17.0047998428,8704,0.511855480832,4352,2909,true,1
fp16,1,17,1,128,17,warp32_split,3,4,100,33.7727999687,14212,0.420812014792,4352,2909,true,1
fp16,1,17,1,128,17,warp32_fused,3,5,100,18.112000227,5508,0.304107770041,4352,2909,true,1
fp16,1,17,1,128,17,baseline_transform,3,6,100,18.2400000095,8704,0.477192982207,4352,2909,true,1
fp16,1,17,1,128,17,optimized_transform,3,7,100,18.2656002045,8704,0.47652417126,4352,2909,true,1
fp16,1,17,1,128,17,baseline_split,3,8,100,44.4095993042,14212,0.320020901397,4352,2909,true,1
fp16,1,17,1,128,17,baseline_fused,4,0,100,29.657599926,5508,0.185719681085,4352,2909,true,1
fp16,1,17,1,128,17,optimized_fused,4,1,100,19.7503995895,5508,0.278880433534,4352,2909,true,1
fp16,1,17,1,128,17,warp32_transform,4,2,100,17.1327996254,8704,0.508031389517,4352,2909,true,1
fp16,1,17,1,128,17,warp32_split,4,3,100,33.977599144,14212,0.418275580325,4352,2909,true,1
fp16,1,17,1,128,17,warp32_fused,4,4,100,18.1568002701,5508,0.303357415297,4352,2909,true,1
fp16,1,17,1,128,17,baseline_transform,4,5,100,18.1887996197,8704,0.478536252089,4352,2909,true,1
fp16,1,17,1,128,17,optimized_transform,4,6,100,18.3168005943,8704,0.475192157887,4352,2909,true,1
fp16,1,17,1,128,17,baseline_split,4,7,100,44.4095993042,14212,0.320020901397,4352,2909,true,1
fp16,1,17,1,128,17,optimized_split,4,8,100,35.5776000023,14212,0.399464831779,4352,2909,true,1
fp16,1,257,1,128,257,baseline_transform,0,0,100,44.0768003464,131584,2.98533466508,65792,2909,true,1
fp16,1,257,1,128,257,optimized_transform,0,1,100,40.3136014938,131584,3.26401003939,65792,2909,true,1
fp16,1,257,1,128,257,baseline_split,0,2,100,104.224004745,214852,2.06144448704,65792,2909,true,1
fp16,1,257,1,128,257,optimized_split,0,3,100,75.8271980286,214852,2.83344242681,65792,2909,true,1
fp16,1,257,1,128,257,baseline_fused,0,4,100,68.4159994125,83268,1.21708373356,65792,2909,true,1
fp16,1,257,1,128,257,optimized_fused,0,5,100,39.3343997002,83268,2.11692565883,65792,2909,true,1
fp16,1,257,1,128,257,warp32_transform,0,6,100,26.6944003105,131584,4.92927349816,65792,2909,true,1
fp16,1,257,1,128,257,warp32_split,0,7,100,57.1519994736,214852,3.75930854527,65792,2909,true,1
fp16,1,257,1,128,257,warp32_fused,0,8,100,29.2928004265,83268,2.84260974668,65792,2909,true,1
fp16,1,257,1,128,257,optimized_transform,1,0,100,40.3520011902,131584,3.26090394823,65792,2909,true,1
fp16,1,257,1,128,257,baseline_split,1,1,100,104.166402817,214852,2.06258442444,65792,2909,true,1
fp16,1,257,1,128,257,optimized_split,1,2,100,75.96159935,214852,2.82842912522,65792,2909,true,1
fp16,1,257,1,128,257,baseline_fused,1,3,100,68.4672021866,83268,1.21617354501,65792,2909,true,1
fp16,1,257,1,128,257,optimized_fused,1,4,100,39.3215990067,83268,2.11761479959,65792,2909,true,1
fp16,1,257,1,128,257,warp32_transform,1,5,100,26.4384007454,131584,4.97700300662,65792,2909,true,1
fp16,1,257,1,128,257,warp32_split,1,6,100,57.305598259,214852,3.74923230064,65792,2909,true,1
fp16,1,257,1,128,257,warp32_fused,1,7,100,29.0240001678,83268,2.86893603633,65792,2909,true,1
fp16,1,257,1,128,257,baseline_transform,1,8,100,42.7264022827,131584,3.07968827165,65792,2909,true,1
fp16,1,257,1,128,257,baseline_split,2,0,100,102.604799271,214852,2.09397612516,65792,2909,true,1
fp16,1,257,1,128,257,optimized_split,2,1,100,75.2896022797,214852,2.85367425906,65792,2909,true,1
fp16,1,257,1,128,257,baseline_fused,2,2,100,68.5567998886,83268,1.21458411325,65792,2909,true,1
fp16,1,257,1,128,257,optimized_fused,2,3,100,39.5007991791,83268,2.10800798289,65792,2909,true,1
fp16,1,257,1,128,257,warp32_transform,2,4,100,26.4256000519,131584,4.9794138919,65792,2909,true,1
fp16,1,257,1,128,257,warp32_split,2,5,100,56.0512018204,214852,3.83313814909,65792,2909,true,1
fp16,1,257,1,128,257,warp32_fused,2,6,100,28.8703989983,83268,2.88419983406,65792,2909,true,1
fp16,1,257,1,128,257,baseline_transform,2,7,100,44.2176008224,131584,2.97582857397,65792,2909,true,1
fp16,1,257,1,128,257,optimized_transform,2,8,100,40.3584003448,131584,3.26038690522,65792,2909,true,1
fp16,1,257,1,128,257,optimized_split,3,0,100,75.1423978806,214852,2.8592646237,65792,2909,true,1
fp16,1,257,1,128,257,baseline_fused,3,1,100,68.4927988052,83268,1.21571904569,65792,2909,true,1
fp16,1,257,1,128,257,optimized_fused,3,2,100,39.3472003937,83268,2.11623696646,65792,2909,true,1
fp16,1,257,1,128,257,warp32_transform,3,3,100,24.3264007568,131584,5.40910269938,65792,2909,true,1
fp16,1,257,1,128,257,warp32_split,3,4,100,55.7183980942,214852,3.85603332739,65792,2909,true,1
fp16,1,257,1,128,257,warp32_fused,3,5,100,29.1903996468,83268,2.85258170521,65792,2909,true,1
fp16,1,257,1,128,257,baseline_transform,3,6,100,44.2303991318,131584,2.9749675016,65792,2909,true,1
fp16,1,257,1,128,257,optimized_transform,3,7,100,40.4288005829,131584,3.25470946708,65792,2909,true,1
fp16,1,257,1,128,257,baseline_split,3,8,100,104.275197983,214852,2.06043243414,65792,2909,true,1
fp16,1,257,1,128,257,baseline_fused,4,0,100,68.4223985672,83268,1.21696990669,65792,2909,true,1
fp16,1,257,1,128,257,optimized_fused,4,1,100,39.3600010872,83268,2.11554872205,65792,2909,true,1
fp16,1,257,1,128,257,warp32_transform,4,2,100,25.9328007698,131584,5.07403736172,65792,2909,true,1
fp16,1,257,1,128,257,warp32_split,4,3,100,57.1456003189,214852,3.759729512,65792,2909,true,1
fp16,1,257,1,128,257,warp32_fused,4,4,100,29.0687990189,83268,2.86451462773,65792,2909,true,1
fp16,1,257,1,128,257,baseline_transform,4,5,100,42.7072000504,131584,3.08107297704,65792,2909,true,1
fp16,1,257,1,128,257,optimized_transform,4,6,100,41.1967992783,131584,3.19403454407,65792,2909,true,1
fp16,1,257,1,128,257,baseline_split,4,7,100,102.956800461,214852,2.08681698575,65792,2909,true,1
fp16,1,257,1,128,257,optimized_split,4,8,100,74.7455978394,214852,2.87444352859,65792,2909,true,1
fp16,4,64,16,128,4096,baseline_transform,0,0,100,230.803203583,2097152,9.08632101914,1048576,2909,true,1
fp16,4,64,16,128,4096,optimized_transform,0,1,100,236.5376091,2097152,8.86604040675,1048576,2909,true,1
fp16,4,64,16,128,4096,baseline_split,0,2,100,427.417602539,3424256,8.01149971283,1048576,2909,true,1
fp16,4,64,16,128,4096,optimized_split,0,3,100,401.823997498,3424256,8.52178073317,1048576,2909,true,1
fp16,4,64,16,128,4096,baseline_fused,0,4,100,210.431995392,1327104,6.30656948117,1048576,2909,true,1
fp16,4,64,16,128,4096,optimized_fused,0,5,100,175.340805054,1327104,7.56871168462,1048576,2909,true,1
fp16,4,64,16,128,4096,warp32_transform,0,6,100,139.897603989,2097152,14.9906212845,1048576,2909,true,1
fp16,4,64,16,128,4096,warp32_split,0,7,100,316.006393433,3424256,10.8360339258,1048576,2909,true,1
fp16,4,64,16,128,4096,warp32_fused,0,8,100,180.505599976,1327104,7.35214863239,1048576,2909,true,1
fp16,4,64,16,128,4096,optimized_transform,1,0,100,236.639995575,2097152,8.86220435774,1048576,2909,true,1
fp16,4,64,16,128,4096,baseline_split,1,1,100,428.147201538,3424256,7.99784744055,1048576,2909,true,1
fp16,4,64,16,128,4096,optimized_split,1,2,100,402.361602783,3424256,8.51039457124,1048576,2909,true,1
fp16,4,64,16,128,4096,baseline_fused,1,3,100,210.374393463,1327104,6.30829626246,1048576,2909,true,1
fp16,4,64,16,128,4096,optimized_fused,1,4,100,175.302391052,1327104,7.57037021591,1048576,2909,true,1
fp16,4,64,16,128,4096,warp32_transform,1,5,100,140.396795273,2097152,14.9373210117,1048576,2909,true,1
fp16,4,64,16,128,4096,warp32_split,1,6,100,316.428794861,3424256,10.8215688825,1048576,2909,true,1
fp16,4,64,16,128,4096,warp32_fused,1,7,100,179.705600739,1327104,7.38487834851,1048576,2909,true,1
fp16,4,64,16,128,4096,baseline_transform,1,8,100,229.216003418,2097152,9.14923900918,1048576,2909,true,1
fp16,4,64,16,128,4096,baseline_split,2,0,100,427.014389038,3424256,8.01906466832,1048576,2909,true,1
fp16,4,64,16,128,4096,optimized_split,2,1,100,402.687988281,3424256,8.50349675096,1048576,2909,true,1
fp16,4,64,16,128,4096,baseline_fused,2,2,100,210.240001678,1327104,6.31232871673,1048576,2909,true,1
fp16,4,64,16,128,4096,optimized_fused,2,3,100,175.219192505,1327104,7.57396482102,1048576,2909,true,1
fp16,4,64,16,128,4096,warp32_transform,2,4,100,138.809604645,2097152,15.1081188176,1048576,2909,true,1
fp16,4,64,16,128,4096,warp32_split,2,5,100,315.424003601,3424256,10.856041268,1048576,2909,true,1
fp16,4,64,16,128,4096,warp32_fused,2,6,100,179.558391571,1327104,7.39093276782,1048576,2909,true,1
fp16,4,64,16,128,4096,baseline_transform,2,7,100,230.15039444,2097152,9.11209387716,1048576,2909,true,1
fp16,4,64,16,128,4096,optimized_transform,2,8,100,236.352005005,2097152,8.87300279072,1048576,2909,true,1
fp16,4,64,16,128,4096,optimized_split,3,0,100,402.220802307,3424256,8.51337370011,1048576,2909,true,1
fp16,4,64,16,128,4096,baseline_fused,3,1,100,210.444793701,1327104,6.30618594387,1048576,2909,true,1
fp16,4,64,16,128,4096,optimized_fused,3,2,100,175.526409149,1327104,7.56070842236,1048576,2909,true,1
fp16,4,64,16,128,4096,warp32_transform,3,3,100,138.937597275,2097152,15.094200858,1048576,2909,true,1
fp16,4,64,16,128,4096,warp32_split,3,4,100,315.379199982,3424256,10.8575835065,1048576,2909,true,1
fp16,4,64,16,128,4096,warp32_fused,3,5,100,177.376003265,1327104,7.48186888626,1048576,2909,true,1
fp16,4,64,16,128,4096,baseline_transform,3,6,100,229.926395416,2097152,9.12097106643,1048576,2909,true,1
fp16,4,64,16,128,4096,optimized_transform,3,7,100,235.48160553,2097152,8.90579964954,1048576,2909,true,1
fp16,4,64,16,128,4096,baseline_split,3,8,100,426.809616089,3424256,8.02291202194,1048576,2909,true,1
fp16,4,64,16,128,4096,baseline_fused,4,0,100,210.56640625,1327104,6.30254380855,1048576,2909,true,1
fp16,4,64,16,128,4096,optimized_fused,4,1,100,175.37279129,1327104,7.56733122759,1048576,2909,true,1
fp16,4,64,16,128,4096,warp32_transform,4,2,100,140.473604202,2097152,14.9291535012,1048576,2909,true,1
fp16,4,64,16,128,4096,warp32_split,4,3,100,316.966400146,3424256,10.8032144682,1048576,2909,true,1
fp16,4,64,16,128,4096,warp32_fused,4,4,100,180.051193237,1327104,7.3707037212,1048576,2909,true,1
fp16,4,64,16,128,4096,baseline_transform,4,5,100,230.451202393,2097152,9.10019986109,1048576,2909,true,1
fp16,4,64,16,128,4096,optimized_transform,4,6,100,236.48639679,2097152,8.8679603921,1048576,2909,true,1
fp16,4,64,16,128,4096,baseline_split,4,7,100,428.307189941,3424256,7.99485995196,1048576,2909,true,1
fp16,4,64,16,128,4096,optimized_split,4,8,100,401.222381592,3424256,8.53455878113,1048576,2909,true,1
fp16,16,64,16,128,16384,baseline_transform,0,0,100,833.401565552,8388608,10.0655054499,4194304,2909,true,1
fp16,16,64,16,128,16384,optimized_transform,0,1,100,872.608032227,8388608,9.6132601239,4194304,2909,true,1
fp16,16,64,16,128,16384,baseline_split,0,2,100,1546.91833496,13697024,8.85439372619,4194304,2909,true,1
fp16,16,64,16,128,16384,optimized_split,0,3,100,1470.91842651,13697024,9.31188552207,4194304,2909,true,1
fp16,16,64,16,128,16384,baseline_fused,0,4,100,732.153625488,5308416,7.25041277568,4194304,2909,true,1
fp16,16,64,16,128,16384,optimized_fused,0,5,100,638.553581238,5308416,8.3131880487,4194304,2909,true,1
fp16,16,64,16,128,16384,warp32_transform,0,6,100,544.172782898,8388608,15.4153391416,4194304,2909,true,1
fp16,16,64,16,128,16384,warp32_split,0,7,100,1211.77597046,13697024,11.3032642451,4194304,2909,true,1
fp16,16,64,16,128,16384,warp32_fused,0,8,100,669.132766724,5308416,7.93327761543,4194304,2909,true,1
fp16,16,64,16,128,16384,optimized_transform,1,0,100,873.331222534,8388608,9.60529955136,4194304,2909,true,1
fp16,16,64,16,128,16384,baseline_split,1,1,100,1549.63195801,13697024,8.83888844007,4194304,2909,true,1
fp16,16,64,16,128,16384,optimized_split,1,2,100,1469.41436768,13697024,9.32141695447,4194304,2909,true,1
fp16,16,64,16,128,16384,baseline_fused,1,3,100,732.620773315,5308416,7.24578962725,4194304,2909,true,1
fp16,16,64,16,128,16384,optimized_fused,1,4,100,638.662414551,5308416,8.31177141328,4194304,2909,true,1
fp16,16,64,16,128,16384,warp32_transform,1,5,100,543.884811401,8388608,15.423501124,4194304,2909,true,1
fp16,16,64,16,128,16384,warp32_split,1,6,100,1212.63999939,13697024,11.2952104556,4194304,2909,true,1
fp16,16,64,16,128,16384,warp32_fused,1,7,100,670.905609131,5308416,7.91231423281,4194304,2909,true,1
fp16,16,64,16,128,16384,baseline_transform,1,8,100,832.473602295,8388608,10.0767255284,4194304,2909,true,1
fp16,16,64,16,128,16384,baseline_split,2,0,100,1548.74237061,13697024,8.84396543929,4194304,2909,true,1
fp16,16,64,16,128,16384,optimized_split,2,1,100,1468.13446045,13697024,9.32954328707,4194304,2909,true,1
fp16,16,64,16,128,16384,baseline_fused,2,2,100,733.235168457,5308416,7.23971820824,4194304,2909,true,1
fp16,16,64,16,128,16384,optimized_fused,2,3,100,637.952003479,5308416,8.32102724194,4194304,2909,true,1
fp16,16,64,16,128,16384,warp32_transform,2,4,100,543.852806091,8388608,15.424408785,4194304,2909,true,1
fp16,16,64,16,128,16384,warp32_split,2,5,100,1210.95039368,13697024,11.3109703515,4194304,2909,true,1
fp16,16,64,16,128,16384,warp32_fused,2,6,100,670.476837158,5308416,7.91737418178,4194304,2909,true,1
fp16,16,64,16,128,16384,baseline_transform,2,7,100,835.008010864,8388608,10.0461407446,4194304,2909,true,1
fp16,16,64,16,128,16384,optimized_transform,2,8,100,874.579162598,8388608,9.59159371587,4194304,2909,true,1
fp16,16,64,16,128,16384,optimized_split,3,0,100,1469.84313965,13697024,9.31869777837,4194304,2909,true,1
fp16,16,64,16,128,16384,baseline_fused,3,1,100,733.363189697,5308416,7.2384543901,4194304,2909,true,1
fp16,16,64,16,128,16384,optimized_fused,3,2,100,638.367996216,5308416,8.31560484151,4194304,2909,true,1
fp16,16,64,16,128,16384,warp32_transform,3,3,100,542.719993591,8388608,15.4566039561,4194304,2909,true,1
fp16,16,64,16,128,16384,warp32_split,3,4,100,1210.89279175,13697024,11.3115084121,4194304,2909,true,1
fp16,16,64,16,128,16384,warp32_fused,3,5,100,670.495986938,5308416,7.91714805668,4194304,2909,true,1
fp16,16,64,16,128,16384,baseline_transform,3,6,100,832.37121582,8388608,10.077965024,4194304,2909,true,1
fp16,16,64,16,128,16384,optimized_transform,3,7,100,874.50881958,8388608,9.59236523655,4194304,2909,true,1
fp16,16,64,16,128,16384,baseline_split,3,8,100,1547.07839966,13697024,8.85347762791,4194304,2909,true,1
fp16,16,64,16,128,16384,baseline_fused,4,0,100,731.0912323,5308416,7.26094879199,4194304,2909,true,1
fp16,16,64,16,128,16384,optimized_fused,4,1,100,638.732795715,5308416,8.31085554963,4194304,2909,true,1
fp16,16,64,16,128,16384,warp32_transform,4,2,100,543.558387756,8388608,15.4327634141,4194304,2909,true,1
fp16,16,64,16,128,16384,warp32_split,4,3,100,1213.49121094,13697024,11.2872873545,4194304,2909,true,1
fp16,16,64,16,128,16384,warp32_fused,4,4,100,670.713577271,5308416,7.9145796058,4194304,2909,true,1
fp16,16,64,16,128,16384,baseline_transform,4,5,100,832.172775269,8388608,10.0803682232,4194304,2909,true,1
fp16,16,64,16,128,16384,optimized_transform,4,6,100,875.564804077,8388608,9.58079625967,4194304,2909,true,1
fp16,16,64,16,128,16384,baseline_split,4,7,100,1547.81433105,13697024,8.84926811,4194304,2909,true,1
fp16,16,64,16,128,16384,optimized_split,4,8,100,1468.10241699,13697024,9.32974691784,4194304,2909,true,1
fp16,1,1,1,256,1,baseline_transform,0,0,100,17.8496003151,1024,0.0573682313286,512,2909,true,1
fp16,1,1,1,256,1,optimized_transform,0,1,100,17.7856004238,1024,0.0575746657745,512,2909,true,1
fp16,1,1,1,256,1,baseline_split,0,2,100,53.8176012039,1668,0.0309935776156,512,2909,true,1
fp16,1,1,1,256,1,optimized_split,0,3,100,33.8175988197,1668,0.0493234309417,512,2909,true,1
fp16,1,1,1,256,1,baseline_fused,0,4,100,40.0511980057,644,0.0160794191452,512,2909,true,1
fp16,1,1,1,256,1,optimized_fused,0,5,100,18.9567995071,644,0.0339719792762,512,2909,true,1
fp16,1,1,1,256,1,warp32_transform,0,6,100,15.8272004128,1024,0.0646987447745,512,2909,true,1
fp16,1,1,1,256,1,warp32_split,0,7,100,33.4592008591,1668,0.0498517584752,512,2909,true,1
fp16,1,1,1,256,1,warp32_fused,0,8,100,18.6111998558,644,0.0346028200755,512,2909,true,1
fp16,1,1,1,256,1,optimized_transform,1,0,100,17.7408003807,1024,0.0577200564814,512,2909,true,1
fp16,1,1,1,256,1,baseline_split,1,1,100,53.8112020493,1668,0.0309972633295,512,2909,true,1
fp16,1,1,1,256,1,optimized_split,1,2,100,33.9583992958,1668,0.0491189229937,512,2909,true,1
fp16,1,1,1,256,1,baseline_fused,1,3,100,40.0320005417,644,0.0160871300781,512,2909,true,1
fp16,1,1,1,256,1,optimized_fused,1,4,100,18.937599659,644,0.0340064217006,512,2909,true,1
fp16,1,1,1,256,1,warp32_transform,1,5,100,15.8272004128,1024,0.0646987447745,512,2909,true,1
fp16,1,1,1,256,1,warp32_split,1,6,100,33.3119988441,1668,0.0500720478469,512,2909,true,1
fp16,1,1,1,256,1,warp32_fused,1,7,100,18.6176002026,644,0.03459092434,512,2909,true,1
fp16,1,1,1,256,1,baseline_transform,1,8,100,17.9071998596,1024,0.057183703093,512,2909,true,1
fp16,1,1,1,256,1,baseline_split,2,0,100,53.8047981262,1668,0.0310009526676,512,2909,true,1
fp16,1,1,1,256,1,optimized_split,2,1,100,33.9583992958,1668,0.0491189229937,512,2909,true,1
fp16,1,1,1,256,1,baseline_fused,2,2,100,40.1535987854,644,0.0160384129812,512,2909,true,1
fp16,1,1,1,256,1,optimized_fused,2,3,100,18.8416004181,644,0.0341796867416,512,2909,true,1
fp16,1,1,1,256,1,warp32_transform,2,4,100,15.8464002609,1024,0.0646203543479,512,2909,true,1
fp16,1,1,1,256,1,warp32_split,2,5,100,33.3119988441,1668,0.0500720478469,512,2909,true,1
fp16,1,1,1,256,1,warp32_fused,2,6,100,18.7072002888,644,0.0344252475014,512,2909,true,1
fp16,1,1,1,256,1,baseline_transform,2,7,100,17.8111994267,1024,0.0574919170501,512,2909,true,1
fp16,1,1,1,256,1,optimized_transform,2,8,100,17.7919995785,1024,0.0575539581981,512,2909,true,1
fp16,1,1,1,256,1,optimized_split,3,0,100,34.0799999237,1668,0.0489436620814,512,2909,true,1
fp16,1,1,1,256,1,baseline_fused,3,1,100,40.1408004761,644,0.0160435265954,512,2909,true,1
fp16,1,1,1,256,1,optimized_fused,3,2,100,18.8543999195,644,0.0341564835131,512,2909,true,1
fp16,1,1,1,256,1,warp32_transform,3,3,100,15.8464002609,1024,0.0646203543479,512,2909,true,1
fp16,1,1,1,256,1,warp32_split,3,4,100,33.318400383,1668,0.0500624273923,512,2909,true,1
fp16,1,1,1,256,1,warp32_fused,3,5,100,18.7199997902,644,0.0344017097873,512,2909,true,1
fp16,1,1,1,256,1,baseline_transform,3,6,100,17.7983999252,1024,0.0575332616584,512,2909,true,1
fp16,1,1,1,256,1,optimized_transform,3,7,100,17.734400034,1024,0.0577408876556,512,2909,true,1
fp16,1,1,1,256,1,baseline_split,3,8,100,53.7983989716,1668,0.0310046401359,512,2909,true,1
fp16,1,1,1,256,1,baseline_fused,4,0,100,40.025601387,644,0.0160897020328,512,2909,true,1
fp16,1,1,1,256,1,optimized_fused,4,1,100,18.9567995071,644,0.0339719792762,512,2909,true,1
fp16,1,1,1,256,1,warp32_transform,4,2,100,15.8272004128,1024,0.0646987447745,512,2909,true,1
fp16,1,1,1,256,1,warp32_split,4,3,100,33.4656000137,1668,0.0498422260266,512,2909,true,1
fp16,1,1,1,256,1,warp32_fused,4,4,100,18.6176002026,644,0.03459092434,512,2909,true,1
fp16,1,1,1,256,1,baseline_transform,4,5,100,17.9136002064,1024,0.0571632719388,512,2909,true,1
fp16,1,1,1,256,1,optimized_transform,4,6,100,17.6768004894,1024,0.0579290353259,512,2909,true,1
fp16,1,1,1,256,1,baseline_split,4,7,100,53.7983989716,1668,0.0310046401359,512,2909,true,1
fp16,1,1,1,256,1,optimized_split,4,8,100,33.9583992958,1668,0.0491189229937,512,2909,true,1
fp16,1,17,1,256,17,baseline_transform,0,0,100,19.6096003056,17408,0.887728445697,8704,2909,true,1
fp16,1,17,1,256,17,optimized_transform,0,1,100,19.481600523,17408,0.893561079823,8704,2909,true,1
fp16,1,17,1,256,17,baseline_split,0,2,100,56.6079998016,28356,0.500918599833,8704,2909,true,1
fp16,1,17,1,256,17,optimized_split,0,3,100,36.6784000397,28356,0.773098062329,8704,2909,true,1
fp16,1,17,1,256,17,baseline_fused,0,4,100,41.1520004272,10948,0.266038099882,8704,2909,true,1
fp16,1,17,1,256,17,optimized_fused,0,5,100,20.1920008659,10948,0.542194905433,8704,2909,true,1
fp16,1,17,1,256,17,warp32_transform,0,6,100,17.7856004238,17408,0.978769318167,8704,2909,true,1
fp16,1,17,1,256,17,warp32_split,0,7,100,36.7359995842,28356,0.771885897238,8704,2909,true,1
fp16,1,17,1,256,17,warp32_fused,0,8,100,20.2047991753,10948,0.541851463359,8704,2909,true,1
fp16,1,17,1,256,17,optimized_transform,1,0,100,19.4368004799,17408,0.895620656188,8704,2909,true,1
fp16,1,17,1,256,17,baseline_split,1,1,100,56.6143989563,28356,0.500861980746,8704,2909,true,1
fp16,1,17,1,256,17,optimized_split,1,2,100,36.8319988251,28356,0.769874047148,8704,2909,true,1
fp16,1,17,1,256,17,baseline_fused,1,3,100,41.1583995819,10948,0.265996737269,8704,2909,true,1
fp16,1,17,1,256,17,optimized_fused,1,4,100,20.1792001724,10948,0.542538847251,8704,2909,true,1
fp16,1,17,1,256,17,warp32_transform,1,5,100,17.8175997734,17408,0.977011506678,8704,2909,true,1
fp16,1,17,1,256,17,warp32_split,1,6,100,36.8896007538,28356,0.768671913509,8704,2909,true,1
fp16,1,17,1,256,17,warp32_fused,1,7,100,20.2112007141,10948,0.541679841532,8704,2909,true,1
fp16,1,17,1,256,17,baseline_transform,1,8,100,19.5135998726,17408,0.892095774929,8704,2909,true,1
fp16,1,17,1,256,17,baseline_split,2,0,100,56.620798111,28356,0.500805374457,8704,2909,true,1
fp16,1,17,1,256,17,optimized_split,2,1,100,36.8447995186,28356,0.769606575975,8704,2909,true,1
fp16,1,17,1,256,17,baseline_fused,2,2,100,41.0879993439,10948,0.266452496467,8704,2909,true,1
fp16,1,17,1,256,17,optimized_fused,2,3,100,20.2559995651,10948,0.540481844147,8704,2909,true,1
fp16,1,17,1,256,17,warp32_transform,2,4,100,17.8496003151,17408,0.975259932587,8704,2909,true,1
fp16,1,17,1,256,17,warp32_split,2,5,100,36.7871999741,28356,0.770811587182,8704,2909,true,1
fp16,1,17,1,256,17,warp32_fused,2,6,100,20.1600003242,10948,0.543055546821,8704,2909,true,1
fp16,1,17,1,256,17,baseline_transform,2,7,100,19.6096003056,17408,0.887728445697,8704,2909,true,1
fp16,1,17,1,256,17,optimized_transform,2,8,100,19.4431996346,17408,0.895325889113,8704,2909,true,1
fp16,1,17,1,256,17,optimized_split,3,0,100,36.8512010574,28356,0.76947288518,8704,2909,true,1
fp16,1,17,1,256,17,baseline_fused,3,1,100,41.1263990402,10948,0.266203709916,8704,2909,true,1
fp16,1,17,1,256,17,optimized_fused,3,2,100,20.2431988716,10948,0.54082361535,8704,2909,true,1
fp16,1,17,1,256,17,warp32_transform,3,3,100,17.8111994267,17408,0.977362589852,8704,2909,true,1
fp16,1,17,1,256,17,warp32_split,3,4,100,36.8000006676,28356,0.770543464283,8704,2909,true,1
fp16,1,17,1,256,17,warp32_fused,3,5,100,20.1471996307,10948,0.543400581751,8704,2909,true,1
fp16,1,17,1,256,17,baseline_transform,3,6,100,19.5583999157,17408,0.890052359857,8704,2909,true,1
fp16,1,17,1,256,17,optimized_transform,3,7,100,19.4687998295,17408,0.894148594288,8704,2909,true,1
fp16,1,17,1,256,17,baseline_split,3,8,100,56.601600647,28356,0.500975231723,8704,2909,true,1
fp16,1,17,1,256,17,baseline_fused,4,0,100,41.1583995819,10948,0.265996737269,8704,2909,true,1
fp16,1,17,1,256,17,optimized_fused,4,1,100,20.2047991753,10948,0.541851463359,8704,2909,true,1
fp16,1,17,1,256,17,warp32_transform,4,2,100,17.8304004669,17408,0.976310096472,8704,2909,true,1
fp16,1,17,1,256,17,warp32_split,4,3,100,36.8768000603,28356,0.768938735293,8704,2909,true,1
fp16,1,17,1,256,17,warp32_fused,4,4,100,20.2175998688,10948,0.541508392245,8704,2909,true,1
fp16,1,17,1,256,17,baseline_transform,4,5,100,19.5775997639,17408,0.88917948114,8704,2909,true,1
fp16,1,17,1,256,17,optimized_transform,4,6,100,19.4879996777,17408,0.893267666663,8704,2909,true,1
fp16,1,17,1,256,17,baseline_split,4,7,100,56.620798111,28356,0.500805374457,8704,2909,true,1
fp16,1,17,1,256,17,optimized_split,4,8,100,36.8576002121,28356,0.769339290589,8704,2909,true,1
fp16,1,257,1,256,257,baseline_transform,0,0,100,50.2911996841,263168,5.23288371828,131584,2909,true,1
fp16,1,257,1,256,257,optimized_transform,0,1,100,54.2592000961,263168,4.8502005104,131584,2909,true,1
fp16,1,257,1,256,257,baseline_split,0,2,100,151.910400391,428676,2.8219002708,131584,2909,true,1
fp16,1,257,1,256,257,optimized_split,0,3,100,93.0815982819,428676,4.60537859161,131584,2909,true,1
fp16,1,257,1,256,257,baseline_fused,0,4,100,109.491195679,165508,1.51161012513,131584,2909,true,1
fp16,1,257,1,256,257,optimized_fused,0,5,100,46.1055994034,165508,3.58975920803,131584,2909,true,1
fp16,1,257,1,256,257,warp32_transform,0,6,100,33.0496001244,263168,7.96281948979,131584,2909,true,1
fp16,1,257,1,256,257,warp32_split,0,7,100,72.588801384,428676,5.90553903394,131584,2909,true,1
fp16,1,257,1,256,257,warp32_fused,0,8,100,37.331199646,165508,4.43350338509,131584,2909,true,1
fp16,1,257,1,256,257,optimized_transform,1,0,100,54.4575977325,263168,4.83253046329,131584,2909,true,1
fp16,1,257,1,256,257,baseline_split,1,1,100,151.904001236,428676,2.82201914704,131584,2909,true,1
fp16,1,257,1,256,257,optimized_split,1,2,100,93.0303955078,428676,4.60791333478,131584,2909,true,1
fp16,1,257,1,256,257,baseline_fused,1,3,100,109.523200989,165508,1.51116839634,131584,2909,true,1
fp16,1,257,1,256,257,optimized_fused,1,4,100,46.1055994034,165508,3.58975920803,131584,2909,true,1
fp16,1,257,1,256,257,warp32_transform,1,5,100,35.4496002197,263168,7.42372264761,131584,2909,true,1
fp16,1,257,1,256,257,warp32_split,1,6,100,71.9360017776,428676,5.95913019082,131584,2909,true,1
fp16,1,257,1,256,257,warp32_fused,1,7,100,36.9151997566,165508,4.48346483538,131584,2909,true,1
fp16,1,257,1,256,257,baseline_transform,1,8,100,50.2911996841,263168,5.23288371828,131584,2909,true,1
fp16,1,257,1,256,257,baseline_split,2,0,100,151.929597855,428676,2.82154370217,131584,2909,true,1
fp16,1,257,1,256,257,optimized_split,2,1,100,93.0432033539,428676,4.60727903326,131584,2909,true,1
fp16,1,257,1,256,257,baseline_fused,2,2,100,109.388799667,165508,1.51302510406,131584,2909,true,1
fp16,1,257,1,256,257,optimized_fused,2,3,100,45.971198082,165508,3.60025422233,131584,2909,true,1
fp16,1,257,1,256,257,warp32_transform,2,4,100,33.4080004692,263168,7.87739452538,131584,2909,true,1
fp16,1,257,1,256,257,warp32_split,2,5,100,71.4943981171,428676,5.99593830132,131584,2909,true,1
fp16,1,257,1,256,257,warp32_fused,2,6,100,37.9520010948,165508,4.36098216762,131584,2909,true,1
fp16,1,257,1,256,257,baseline_transform,2,7,100,49.990401268,263168,5.26437062566,131584,2909,true,1
fp16,1,257,1,256,257,optimized_transform,2,8,100,54.0607976913,263168,4.86800068143,131584,2909,true,1
fp16,1,257,1,256,257,optimized_split,3,0,100,92.5568008423,428676,4.63149110707,131584,2909,true,1
fp16,1,257,1,256,257,baseline_fused,3,1,100,109.254398346,165508,1.51488637991,131584,2909,true,1
fp16,1,257,1,256,257,optimized_fused,3,2,100,46.0160017014,165508,3.5967488239,131584,2909,true,1
fp16,1,257,1,256,257,warp32_transform,3,3,100,35.0591993332,263168,7.5063893359,131584,2909,true,1
fp16,1,257,1,256,257,warp32_split,3,4,100,71.0271978378,428676,6.03537817976,131584,2909,true,1
fp16,1,257,1,256,257,warp32_fused,3,5,100,39.3023991585,165508,4.21114241226,131584,2909,true,1
fp16,1,257,1,256,257,baseline_transform,3,6,100,49.9520015717,263168,5.26841751521,131584,2909,true,1
fp16,1,257,1,256,257,optimized_transform,3,7,100,54.4191980362,263168,4.83594043089,131584,2909,true,1
fp16,1,257,1,256,257,baseline_split,3,8,100,152.223997116,428676,2.81608687278,131584,2909,true,1
fp16,1,257,1,256,257,baseline_fused,4,0,100,109.542398453,165508,1.51090356189,131584,2909,true,1
fp16,1,257,1,256,257,optimized_fused,4,1,100,46.067199707,165508,3.59275148159,131584,2909,true,1
fp16,1,257,1,256,257,warp32_transform,4,2,100,33.5807991028,263168,7.836859367,131584,2909,true,1
fp16,1,257,1,256,257,warp32_split,4,3,100,72.1216011047,428676,5.94379483308,131584,2909,true,1
fp16,1,257,1,256,257,warp32_fused,4,4,100,37.4271988869,165508,4.42213162947,131584,2909,true,1
fp16,1,257,1,256,257,baseline_transform,4,5,100,50.07999897,263168,5.25495218475,131584,2909,true,1
fp16,1,257,1,256,257,optimized_transform,4,6,100,53.4208011627,263168,4.92632072661,131584,2909,true,1
fp16,1,257,1,256,257,baseline_split,4,7,100,151.904001236,428676,2.82201914704,131584,2909,true,1
fp16,1,257,1,256,257,optimized_split,4,8,100,92.7295970917,428676,4.62286059084,131584,2909,true,1
fp16,4,64,16,256,4096,baseline_transform,0,0,100,442.585601807,4194304,9.47681981266,2097152,2909,true,1
fp16,4,64,16,256,4096,optimized_transform,0,1,100,387.840003967,4194304,10.8145213415,2097152,2909,true,1
fp16,4,64,16,256,4096,baseline_split,0,2,100,1105.05599976,6832128,6.1826079416,2097152,2909,true,1
fp16,4,64,16,256,4096,optimized_split,0,3,100,704.236831665,6832128,9.70146361679,2097152,2909,true,1
fp16,4,64,16,256,4096,baseline_fused,0,4,100,654.406433105,2637824,4.0308650199,2097152,2909,true,1
fp16,4,64,16,256,4096,optimized_fused,0,5,100,351.411209106,2637824,7.50637410431,2097152,2909,true,1
fp16,4,64,16,256,4096,warp32_transform,0,6,100,228.140792847,4194304,18.3847173829,2097152,2909,true,1
fp16,4,64,16,256,4096,warp32_split,0,7,100,578.636817932,6832128,11.8072818533,2097152,2909,true,1
fp16,4,64,16,256,4096,warp32_fused,0,8,100,352.27519989,2637824,7.48796395779,2097152,2909,true,1
fp16,4,64,16,256,4096,optimized_transform,1,0,100,388.678398132,4194304,10.7911940055,2097152,2909,true,1
fp16,4,64,16,256,4096,baseline_split,1,1,100,1102.52799988,6832128,6.19678411864,2097152,2909,true,1
fp16,4,64,16,256,4096,optimized_split,1,2,100,704.364776611,6832128,9.69970138608,2097152,2909,true,1
fp16,4,64,16,256,4096,baseline_fused,1,3,100,653.126373291,2637824,4.03876509642,2097152,2909,true,1
fp16,4,64,16,256,4096,optimized_fused,1,4,100,352.409591675,2637824,7.48510841451,2097152,2909,true,1
fp16,4,64,16,256,4096,warp32_transform,1,5,100,228.896007538,4194304,18.3240592316,2097152,2909,true,1
fp16,4,64,16,256,4096,warp32_split,1,6,100,579.116783142,6832128,11.7974961163,2097152,2909,true,1
fp16,4,64,16,256,4096,warp32_fused,1,7,100,351.366386414,2637824,7.50733166859,2097152,2909,true,1
fp16,4,64,16,256,4096,baseline_transform,1,8,100,441.561584473,4194304,9.49879733086,2097152,2909,true,1
fp16,4,64,16,256,4096,baseline_split,2,0,100,1105.56159973,6832128,6.17978048592,2097152,2909,true,1
fp16,4,64,16,256,4096,optimized_split,2,1,100,706.035232544,6832128,9.67675221445,2097152,2909,true,1
fp16,4,64,16,256,4096,baseline_fused,2,2,100,657.644805908,2637824,4.01101624509,2097152,2909,true,1
fp16,4,64,16,256,4096,optimized_fused,2,3,100,351.903991699,2637824,7.49586268477,2097152,2909,true,1
fp16,4,64,16,256,4096,warp32_transform,2,4,100,229.804801941,4194304,18.2515942425,2097152,2909,true,1
fp16,4,64,16,256,4096,warp32_split,2,5,100,579.648017883,6832128,11.7866839689,2097152,2909,true,1
fp16,4,64,16,256,4096,warp32_fused,2,6,100,352.070388794,2637824,7.49231995635,2097152,2909,true,1
fp16,4,64,16,256,4096,baseline_transform,2,7,100,442.7135849,4194304,9.47408017974,2097152,2909,true,1
fp16,4,64,16,256,4096,optimized_transform,2,8,100,388.089599609,4194304,10.8075660987,2097152,2909,true,1
fp16,4,64,16,256,4096,optimized_split,3,0,100,706.009597778,6832128,9.67710357125,2097152,2909,true,1
fp16,4,64,16,256,4096,baseline_fused,3,1,100,657.132797241,2637824,4.01414145067,2097152,2909,true,1
fp16,4,64,16,256,4096,optimized_fused,3,2,100,352.409591675,2637824,7.48510841451,2097152,2909,true,1
fp16,4,64,16,256,4096,warp32_transform,3,3,100,229.126396179,4194304,18.3056342261,2097152,2909,true,1
fp16,4,64,16,256,4096,warp32_split,3,4,100,581.657600403,6832128,11.7459618773,2097152,2909,true,1
fp16,4,64,16,256,4096,warp32_fused,3,5,100,351.750411987,2637824,7.49913549524,2097152,2909,true,1
fp16,4,64,16,256,4096,baseline_transform,3,6,100,443.776016235,4194304,9.45139855818,2097152,2909,true,1
fp16,4,64,16,256,4096,optimized_transform,3,7,100,387.974395752,4194304,10.8107752623,2097152,2909,true,1
fp16,4,64,16,256,4096,baseline_split,3,8,100,1103.8079834,6832128,6.18959828408,2097152,2909,true,1
fp16,4,64,16,256,4096,baseline_fused,4,0,100,653.798370361,2637824,4.03461391093,2097152,2909,true,1
fp16,4,64,16,256,4096,optimized_fused,4,1,100,352.249603271,2637824,7.48850807922,2097152,2909,true,1
fp16,4,64,16,256,4096,warp32_transform,4,2,100,229.126396179,4194304,18.3056342261,2097152,2909,true,1
fp16,4,64,16,256,4096,warp32_split,4,3,100,578.89919281,6832128,11.8019304308,2097152,2909,true,1
fp16,4,64,16,256,4096,warp32_fused,4,4,100,351.57119751,2637824,7.50295820216,2097152,2909,true,1
fp16,4,64,16,256,4096,baseline_transform,4,5,100,442.707214355,4194304,9.47421651148,2097152,2909,true,1
fp16,4,64,16,256,4096,optimized_transform,4,6,100,384.204788208,4194304,10.9168446847,2097152,2909,true,1
fp16,4,64,16,256,4096,baseline_split,4,7,100,1105.45921326,6832128,6.18035285071,2097152,2909,true,1
fp16,4,64,16,256,4096,optimized_split,4,8,100,706.195220947,6832128,9.67455994794,2097152,2909,true,1
fp16,16,64,16,256,16384,baseline_transform,0,0,100,1680.19836426,16777216,9.98525909613,8388608,2909,true,1
fp16,16,64,16,256,16384,optimized_transform,0,1,100,1483.78234863,16777216,11.3070599711,8388608,2909,true,1
fp16,16,64,16,256,16384,baseline_split,0,2,100,3950.29754639,27328512,6.91808950569,8388608,2909,true,1
fp16,16,64,16,256,16384,optimized_split,0,3,100,2079.5904541,27328512,13.1412951748,8388608,2909,true,1
fp16,16,64,16,256,16384,baseline_fused,0,4,100,2367.2895813,10551296,4.45712095527,8388608,2909,true,1
fp16,16,64,16,256,16384,optimized_fused,0,5,100,725.932769775,10551296,14.5348115408,8388608,2909,true,1
fp16,16,64,16,256,16384,warp32_transform,0,6,100,877.984008789,16777216,19.108794502,8388608,2909,true,1
fp16,16,64,16,256,16384,warp32_split,0,7,100,2280.95993042,27328512,11.9811451466,8388608,2909,true,1
fp16,16,64,16,256,16384,warp32_fused,0,8,100,1418.34243774,10551296,7.43917386889,8388608,2909,true,1
fp16,16,64,16,256,16384,optimized_transform,1,0,100,1483.63525391,16777216,11.3081810073,8388608,2909,true,1
fp16,16,64,16,256,16384,baseline_split,1,1,100,3948.42254639,27328512,6.9213747209,8388608,2909,true,1
fp16,16,64,16,256,16384,optimized_split,1,2,100,2080.94726562,27328512,13.1327268362,8388608,2909,true,1
fp16,16,64,16,256,16384,baseline_fused,1,3,100,2366.98242188,10551296,4.45769934854,8388608,2909,true,1
fp16,16,64,16,256,16384,optimized_fused,1,4,100,725.286407471,10551296,14.5477647055,8388608,2909,true,1
fp16,16,64,16,256,16384,warp32_transform,1,5,100,877.286376953,16777216,19.123990114,8388608,2909,true,1
fp16,16,64,16,256,16384,warp32_split,1,6,100,2282.1824646,27328512,11.9747270097,8388608,2909,true,1
fp16,16,64,16,256,16384,warp32_fused,1,7,100,1418.55361938,10551296,7.43806639088,8388608,2909,true,1
fp16,16,64,16,256,16384,baseline_transform,1,8,100,1677.45925903,16777216,10.0015639186,8388608,2909,true,1
fp16,16,64,16,256,16384,baseline_split,2,0,100,3950.86730957,27328512,6.91709183293,8388608,2909,true,1
fp16,16,64,16,256,16384,optimized_split,2,1,100,2081.63192749,27328512,13.1284073995,8388608,2909,true,1
fp16,16,64,16,256,16384,baseline_fused,2,2,100,2366.49597168,10551296,4.45861566057,8388608,2909,true,1
fp16,16,64,16,256,16384,optimized_fused,2,3,100,724.55039978,10551296,14.5625425135,8388608,2909,true,1
fp16,16,64,16,256,16384,warp32_transform,2,4,100,876.627197266,16777216,19.1383703955,8388608,2909,true,1
fp16,16,64,16,256,16384,warp32_split,2,5,100,2281.65115356,27328512,11.9775154748,8388608,2909,true,1
fp16,16,64,16,256,16384,warp32_fused,2,6,100,1417.35046387,10551296,7.44438039073,8388608,2909,true,1
fp16,16,64,16,256,16384,baseline_transform,2,7,100,1676.1088562,16777216,10.0096219514,8388608,2909,true,1
fp16,16,64,16,256,16384,optimized_transform,2,8,100,1485.49118042,16777216,11.2940529174,8388608,2909,true,1
fp16,16,64,16,256,16384,optimized_split,3,0,100,2083.42407227,27328512,13.1171144482,8388608,2909,true,1
fp16,16,64,16,256,16384,baseline_fused,3,1,100,2368.71673584,10551296,4.4544355348,8388608,2909,true,1
fp16,16,64,16,256,16384,optimized_fused,3,2,100,724.00642395,10551296,14.5734839512,8388608,2909,true,1
fp16,16,64,16,256,16384,warp32_transform,3,3,100,879.008026123,16777216,19.0865333437,8388608,2909,true,1
fp16,16,64,16,256,16384,warp32_split,3,4,100,2282.41912842,27328512,11.9734853515,8388608,2909,true,1
fp16,16,64,16,256,16384,warp32_fused,3,5,100,1416.69754028,10551296,7.44781133586,8388608,2909,true,1
fp16,16,64,16,256,16384,baseline_transform,3,6,100,1678.68164062,16777216,9.99428098454,8388608,2909,true,1
fp16,16,64,16,256,16384,optimized_transform,3,7,100,1484.46716309,16777216,11.3018437977,8388608,2909,true,1
fp16,16,64,16,256,16384,baseline_split,3,8,100,3940.90881348,27328512,6.93457100721,8388608,2909,true,1
fp16,16,64,16,256,16384,baseline_fused,4,0,100,2366.88644409,10551296,4.45788010926,8388608,2909,true,1
fp16,16,64,16,256,16384,optimized_fused,4,1,100,724.857635498,10551296,14.5563700833,8388608,2909,true,1
fp16,16,64,16,256,16384,warp32_transform,4,2,100,877.31842041,16777216,19.1232916233,8388608,2909,true,1
fp16,16,64,16,256,16384,warp32_split,4,3,100,2282.45758057,27328512,11.9732836363,8388608,2909,true,1
fp16,16,64,16,256,16384,warp32_fused,4,4,100,1420.83206177,10551296,7.42613872809,8388608,2909,true,1
fp16,16,64,16,256,16384,baseline_transform,4,5,100,1683.57757568,16777216,9.96521707245,8388608,2909,true,1
fp16,16,64,16,256,16384,optimized_transform,4,6,100,1483.8079834,16777216,11.3068646265,8388608,2909,true,1
fp16,16,64,16,256,16384,baseline_split,4,7,100,3947.94891357,27328512,6.92220507364,8388608,2909,true,1
fp16,16,64,16,256,16384,optimized_split,4,8,100,2082.16323853,27328512,13.1250573895,8388608,2909,true,1
bf16,1,1,1,64,1,baseline_transform,0,0,100,16.2111997604,256,0.0157915517533,128,2909,true,1
bf16,1,1,1,64,1,optimized_transform,0,1,100,15.724799633,256,0.0162800166599,128,2909,true,1
bf16,1,1,1,64,1,baseline_split,0,2,100,35.8272004128,420,0.0117229366281,128,2909,true,1
bf16,1,1,1,64,1,optimized_split,0,3,100,30.9696006775,420,0.0135616860021,128,2909,true,1
bf16,1,1,1,64,1,baseline_fused,0,4,100,22.1248006821,164,0.00741249615563,128,2909,true,1
bf16,1,1,1,64,1,optimized_fused,0,5,100,18.2783997059,164,0.00897233907995,128,2909,true,1
bf16,1,1,1,64,1,warp32_transform,0,6,100,15.2831995487,256,0.0167504192551,128,2909,true,1
bf16,1,1,1,64,1,warp32_split,0,7,100,29.8496007919,420,0.0140705399354,128,2909,true,1
bf16,1,1,1,64,1,warp32_fused,0,8,100,15.5392003059,164,0.0105539536637,128,2909,true,1
bf16,1,1,1,64,1,optimized_transform,1,0,100,15.7184004784,256,0.0162866444555,128,2909,true,1
bf16,1,1,1,64,1,baseline_split,1,1,100,35.9488010406,420,0.011683282553,128,2909,true,1
bf16,1,1,1,64,1,optimized_split,1,2,100,31.0976004601,420,0.0135058652046,128,2909,true,1
bf16,1,1,1,64,1,baseline_fused,1,3,100,22.1183991432,164,0.00741464149092,128,2909,true,1
bf16,1,1,1,64,1,optimized_fused,1,4,100,18.2335996628,164,0.00899438416073,128,2909,true,1
bf16,1,1,1,64,1,warp32_transform,1,5,100,15.2768003941,256,0.01675743568,128,2909,true,1
bf16,1,1,1,64,1,warp32_split,1,6,100,29.8304009438,420,0.0140795962076,128,2909,true,1
bf16,1,1,1,64,1,warp32_fused,1,7,100,15.584000349,164,0.0105236137273,128,2909,true,1
bf16,1,1,1,64,1,baseline_transform,1,8,100,16.2495994568,256,0.015754234477,128,2909,true,1
bf16,1,1,1,64,1,baseline_split,2,0,100,35.9552001953,420,0.0116812032117,128,2909,true,1
bf16,1,1,1,64,1,optimized_split,2,1,100,31.1104011536,420,0.0135003080779,128,2909,true,1
bf16,1,1,1,64,1,baseline_fused,2,2,100,22.1824002266,164,0.00739324862615,128,2909,true,1
bf16,1,1,1,64,1,optimized_fused,2,3,100,18.1695997715,164,0.00902606562954,128,2909,true,1
bf16,1,1,1,64,1,warp32_transform,2,4,100,15.1935994625,256,0.0168492002591,128,2909,true,1
bf16,1,1,1,64,1,warp32_split,2,5,100,29.8496007919,420,0.0140705399354,128,2909,true,1
bf16,1,1,1,64,1,warp32_fused,2,6,100,15.6736004353,164,0.0104634541806,128,2909,true,1
bf16,1,1,1,64,1,baseline_transform,2,7,100,16.1663997173,256,0.0158353130243,128,2909,true,1
bf16,1,1,1,64,1,optimized_transform,2,8,100,15.6863999367,256,0.0163198695069,128,2909,true,1
bf16,1,1,1,64,1,optimized_split,3,0,100,28.0575990677,420,0.0149692067018,128,2909,true,1
bf16,1,1,1,64,1,baseline_fused,3,1,100,22.2399997711,164,0.00737410079531,128,2909,true,1
bf16,1,1,1,64,1,optimized_fused,3,2,100,18.1695997715,164,0.00902606562954,128,2909,true,1
bf16,1,1,1,64,1,warp32_transform,3,3,100,15.1999998093,256,0.0168421054745,128,2909,true,1
bf16,1,1,1,64,1,warp32_split,3,4,100,29.8559999466,420,0.0140675241409,128,2909,true,1
bf16,1,1,1,64,1,warp32_fused,3,5,100,15.6928002834,164,0.0104506523398,128,2909,true,1
bf16,1,1,1,64,1,baseline_transform,3,6,100,16.1663997173,256,0.0158353130243,128,2909,true,1
bf16,1,1,1,64,1,optimized_transform,3,7,100,15.6799995899,256,0.0163265310392,128,2909,true,1
bf16,1,1,1,64,1,baseline_split,3,8,100,35.96159935,420,0.0116791246105,128,2909,true,1
bf16,1,1,1,64,1,baseline_fused,4,0,100,22.1311998367,164,0.00741035285976,128,2909,true,1
bf16,1,1,1,64,1,optimized_fused,4,1,100,18.2335996628,164,0.00899438416073,128,2909,true,1
bf16,1,1,1,64,1,warp32_transform,4,2,100,15.2895998955,256,0.0167434073978,128,2909,true,1
bf16,1,1,1,64,1,warp32_split,4,3,100,29.8304009438,420,0.0140795962076,128,2909,true,1
bf16,1,1,1,64,1,warp32_fused,4,4,100,15.5711996555,164,0.0105322649268,128,2909,true,1
bf16,1,1,1,64,1,baseline_transform,4,5,100,16.3007998466,256,0.0157047508348,128,2909,true,1
bf16,1,1,1,64,1,optimized_transform,4,6,100,15.609600544,256,0.0164001634301,128,2909,true,1
bf16,1,1,1,64,1,baseline_split,4,7,100,35.9423995018,420,0.0116853634098,128,2909,true,1
bf16,1,1,1,64,1,optimized_split,4,8,100,31.1168003082,420,0.0134975317462,128,2909,true,1
bf16,1,17,1,64,17,baseline_transform,0,0,100,17.7408003807,4352,0.245310240046,2176,2909,true,1
bf16,1,17,1,64,17,optimized_transform,0,1,100,17.3184001446,4352,0.251293419927,2176,2909,true,1
bf16,1,17,1,64,17,baseline_split,0,2,100,38.8032007217,7140,0.184005439428,2176,2909,true,1
bf16,1,17,1,64,17,optimized_split,0,3,100,34.2592000961,7140,0.208411170721,2176,2909,true,1
bf16,1,17,1,64,17,baseline_fused,0,4,100,23.7888002396,2788,0.117198007967,2176,2909,true,1
bf16,1,17,1,64,17,optimized_fused,0,5,100,19.6415996552,2788,0.141943632339,2176,2909,true,1
bf16,1,17,1,64,17,warp32_transform,0,6,100,16.4031994343,4352,0.265314094207,2176,2909,true,1
bf16,1,17,1,64,17,warp32_split,0,7,100,32.1408009529,7140,0.22214754419,2176,2909,true,1
bf16,1,17,1,64,17,warp32_fused,0,8,100,17.1008002758,2788,0.163033305754,2176,2909,true,1
bf16,1,17,1,64,17,optimized_transform,1,0,100,17.3248004913,4352,0.251200583936,2176,2909,true,1
bf16,1,17,1,64,17,baseline_split,1,1,100,38.8224005699,7140,0.183914438448,2176,2909,true,1
bf16,1,17,1,64,17,optimized_split,1,2,100,34.2592000961,7140,0.208411170721,2176,2909,true,1
bf16,1,17,1,64,17,baseline_fused,1,3,100,23.7951993942,2788,0.117166490342,2176,2909,true,1
bf16,1,17,1,64,17,optimized_fused,1,4,100,19.6288001537,2788,0.142036190606,2176,2909,true,1
bf16,1,17,1,64,17,warp32_transform,1,5,100,16.4031994343,4352,0.265314094207,2176,2909,true,1
bf16,1,17,1,64,17,warp32_split,1,6,100,32.1408009529,7140,0.22214754419,2176,2909,true,1
bf16,1,17,1,64,17,warp32_fused,1,7,100,17.1008002758,2788,0.163033305754,2176,2909,true,1
bf16,1,17,1,64,17,baseline_transform,1,8,100,17.6960003376,4352,0.245931279214,2176,2909,true,1
bf16,1,17,1,64,17,baseline_split,2,0,100,38.7904000282,7140,0.184066160566,2176,2909,true,1
bf16,1,17,1,64,17,optimized_split,2,1,100,34.2655992508,7140,0.208372249606,2176,2909,true,1
bf16,1,17,1,64,17,baseline_fused,2,2,100,23.7247991562,2788,0.117514166575,2176,2909,true,1
bf16,1,17,1,64,17,optimized_fused,2,3,100,19.6992003918,2788,0.141528587179,2176,2909,true,1
bf16,1,17,1,64,17,warp32_transform,2,4,100,16.3520002365,4352,0.266144810241,2176,2909,true,1
bf16,1,17,1,64,17,warp32_split,2,5,100,32.1472001076,7140,0.222103323963,2176,2909,true,1
bf16,1,17,1,64,17,warp32_fused,2,6,100,17.0560002327,2788,0.163461536231,2176,2909,true,1
bf16,1,17,1,64,17,baseline_transform,2,7,100,17.7535998821,4352,0.245133383026,2176,2909,true,1
bf16,1,17,1,64,17,optimized_transform,2,8,100,17.2863996029,4352,0.251758613706,2176,2909,true,1
bf16,1,17,1,64,17,optimized_split,3,0,100,34.2592000961,7140,0.208411170721,2176,2909,true,1
bf16,1,17,1,64,17,baseline_fused,3,1,100,23.7504005432,2788,0.117387493947,2176,2909,true,1
bf16,1,17,1,64,17,optimized_fused,3,2,100,19.6480000019,2788,0.141897394123,2176,2909,true,1
bf16,1,17,1,64,17,warp32_transform,3,3,100,16.3839995861,4352,0.26562500671,2176,2909,true,1
bf16,1,17,1,64,17,warp32_split,3,4,100,32.1280002594,7140,0.222236053983,2176,2909,true,1
bf16,1,17,1,64,17,warp32_fused,3,5,100,17.0816004276,2788,0.163216556424,2176,2909,true,1
bf16,1,17,1,64,17,baseline_transform,3,6,100,17.6960003376,4352,0.245931279214,2176,2909,true,1
bf16,1,17,1,64,17,optimized_transform,3,7,100,17.3119997978,4352,0.251386324562,2176,2909,true,1
bf16,1,17,1,64,17,baseline_split,3,8,100,38.8224005699,7140,0.183914438448,2176,2909,true,1
bf16,1,17,1,64,17,baseline_fused,4,0,100,23.7824010849,2788,0.117229542553,2176,2909,true,1
bf16,1,17,1,64,17,optimized_fused,4,1,100,19.6352005005,2788,0.141989892078,2176,2909,true,1
bf16,1,17,1,64,17,warp32_transform,4,2,100,16.409599781,4352,0.265210611963,2176,2909,true,1
bf16,1,17,1,64,17,warp32_split,4,3,100,32.1472001076,7140,0.222103323963,2176,2909,true,1
bf16,1,17,1,64,17,warp32_fused,4,4,100,17.1519994736,2788,0.16254664678,2176,2909,true,1
bf16,1,17,1,64,17,baseline_transform,4,5,100,17.708799839,4352,0.245753525906,2176,2909,true,1
bf16,1,17,1,64,17,optimized_transform,4,6,100,17.3440003395,4352,0.250922504313,2176,2909,true,1
bf16,1,17,1,64,17,baseline_split,4,7,100,38.8159990311,7140,0.183944769637,2176,2909,true,1
bf16,1,17,1,64,17,optimized_split,4,8,100,34.2528009415,7140,0.208450106378,2176,2909,true,1
bf16,1,257,1,64,257,baseline_transform,0,0,100,36.9023990631,65792,1.78286511637,32896,2909,true,1
bf16,1,257,1,64,257,optimized_transform,0,1,100,38.1631994247,65792,1.72396447341,32896,2909,true,1
bf16,1,257,1,64,257,baseline_split,0,2,100,75.372800827,107940,1.43208158401,32896,2909,true,1
bf16,1,257,1,64,257,optimized_split,0,3,100,71.2703990936,107940,1.51451375848,32896,2909,true,1
bf16,1,257,1,64,257,baseline_fused,0,4,100,42.2976016998,42148,0.996463116257,32896,2909,true,1
bf16,1,257,1,64,257,optimized_fused,0,5,100,38.2335996628,42148,1.10238116138,32896,2909,true,1
bf16,1,257,1,64,257,warp32_transform,0,6,100,21.606400013,65792,3.04502369485,32896,2909,true,1
bf16,1,257,1,64,257,warp32_split,0,7,100,43.4367990494,107940,2.48498974055,32896,2909,true,1
bf16,1,257,1,64,257,warp32_fused,0,8,100,21.4271998405,42148,1.96703257139,32896,2909,true,1
bf16,1,257,1,64,257,optimized_transform,1,0,100,38.0031991005,65792,1.73122267486,32896,2909,true,1
bf16,1,257,1,64,257,baseline_split,1,1,100,74.9440002441,107940,1.44027540094,32896,2909,true,1
bf16,1,257,1,64,257,optimized_split,1,2,100,71.6480016708,107940,1.50653189877,32896,2909,true,1
bf16,1,257,1,64,257,baseline_fused,1,3,100,42.2783994675,42148,0.99691569527,32896,2909,true,1
bf16,1,257,1,64,257,optimized_fused,1,4,100,38.2080006599,42148,1.10311974644,32896,2909,true,1
bf16,1,257,1,64,257,warp32_transform,1,5,100,21.6000008583,65792,3.04592580489,32896,2909,true,1
bf16,1,257,1,64,257,warp32_split,1,6,100,43.2768011093,107940,2.4941769547,32896,2909,true,1
bf16,1,257,1,64,257,warp32_fused,1,7,100,21.4208006859,42148,1.96762019394,32896,2909,true,1
bf16,1,257,1,64,257,baseline_transform,1,8,100,36.8768000603,65792,1.78410273919,32896,2909,true,1
bf16,1,257,1,64,257,baseline_split,2,0,100,75.5647993088,107940,1.42844288594,32896,2909,true,1
bf16,1,257,1,64,257,optimized_split,2,1,100,71.5520000458,107940,1.50855321907,32896,2909,true,1
bf16,1,257,1,64,257,baseline_fused,2,2,100,42.099199295,42148,1.00115918368,32896,2909,true,1
bf16,1,257,1,64,257,optimized_fused,2,3,100,38.4191989899,42148,1.09705566769,32896,2909,true,1
bf16,1,257,1,64,257,warp32_transform,2,4,100,21.5808010101,65792,3.04863568174,32896,2909,true,1
bf16,1,257,1,64,257,warp32_split,2,5,100,43.1680011749,107940,2.5004632381,32896,2909,true,1
bf16,1,257,1,64,257,warp32_fused,2,6,100,21.3888001442,42148,1.97056402023,32896,2909,true,1
bf16,1,257,1,64,257,baseline_transform,2,7,100,36.8192005157,65792,1.78689376951,32896,2909,true,1
bf16,1,257,1,64,257,optimized_transform,2,8,100,38.0288004875,65792,1.73005719761,32896,2909,true,1
bf16,1,257,1,64,257,optimized_split,3,0,100,71.6224002838,107940,1.50707040775,32896,2909,true,1
bf16,1,257,1,64,257,baseline_fused,3,1,100,42.1055984497,42148,1.0010070288,32896,2909,true,1
bf16,1,257,1,64,257,optimized_fused,3,2,100,38.4256005287,42148,1.09687290296,32896,2909,true,1
bf16,1,257,1,64,257,warp32_transform,3,3,100,21.5680003166,65792,3.05044505908,32896,2909,true,1
bf16,1,257,1,64,257,warp32_split,3,4,100,42.9120016098,107940,2.51538021884,32896,2909,true,1
bf16,1,257,1,64,257,warp32_fused,3,5,100,21.2224006653,42148,1.98601471458,32896,2909,true,1
bf16,1,257,1,64,257,baseline_transform,3,6,100,36.8192005157,65792,1.78689376951,32896,2909,true,1
bf16,1,257,1,64,257,optimized_transform,3,7,100,37.9839992523,65792,1.73209775945,32896,2909,true,1
bf16,1,257,1,64,257,baseline_split,3,8,100,75.3344011307,107940,1.4328115493,32896,2909,true,1
bf16,1,257,1,64,257,baseline_fused,4,0,100,42.2656011581,42148,0.997217568071,32896,2909,true,1
bf16,1,257,1,64,257,optimized_fused,4,1,100,38.2464003563,42148,1.10201220526,32896,2909,true,1
bf16,1,257,1,64,257,warp32_transform,4,2,100,21.6127991676,65792,3.04412211901,32896,2909,true,1
bf16,1,257,1,64,257,warp32_split,4,3,100,43.7056016922,107940,2.46970630356,32896,2909,true,1
bf16,1,257,1,64,257,warp32_fused,4,4,100,21.4208006859,42148,1.96762019394,32896,2909,true,1
bf16,1,257,1,64,257,baseline_transform,4,5,100,36.8000006676,65792,1.78782605452,32896,2909,true,1
bf16,1,257,1,64,257,optimized_transform,4,6,100,38.5344004631,65792,1.70735756128,32896,2909,true,1
bf16,1,257,1,64,257,baseline_split,4,7,100,75.4752016068,107940,1.43013861112,32896,2909,true,1
bf16,1,257,1,64,257,optimized_split,4,8,100,71.6351985931,107940,1.5068011553,32896,2909,true,1
bf16,4,64,16,64,4096,baseline_transform,0,0,100,166.508808136,1048576,6.29742060939,524288,2909,true,1
bf16,4,64,16,64,4096,optimized_transform,0,1,100,158.348798752,1048576,6.62193845653,524288,2909,true,1
bf16,4,64,16,64,4096,baseline_split,0,2,100,307.660808563,1720320,5.59161242549,524288,2909,true,1
bf16,4,64,16,64,4096,optimized_split,0,3,100,276.012802124,1720320,6.23275437502,524288,2909,true,1
bf16,4,64,16,64,4096,baseline_fused,0,4,100,158.950395584,671744,4.22612348671,524288,2909,true,1
bf16,4,64,16,64,4096,optimized_fused,0,5,100,128.326396942,671744,5.23465176306,524288,2909,true,1
bf16,4,64,16,64,4096,warp32_transform,0,6,100,90.713596344,1048576,11.5591933543,524288,2909,true,1
bf16,4,64,16,64,4096,warp32_split,0,7,100,258.752002716,1720320,6.64852825077,524288,2909,true,1
bf16,4,64,16,64,4096,warp32_fused,0,8,100,146.752004623,671744,4.57740936298,524288,2909,true,1
bf16,4,64,16,64,4096,optimized_transform,1,0,100,158.515195847,1048576,6.61498725343,524288,2909,true,1
bf16,4,64,16,64,4096,baseline_split,1,1,100,307.347202301,1720320,5.59731790991,524288,2909,true,1
bf16,4,64,16,64,4096,optimized_split,1,2,100,276.1536026,1720320,6.22957652481,524288,2909,true,1
bf16,4,64,16,64,4096,baseline_fused,1,3,100,158.956804276,671744,4.22595310129,524288,2909,true,1
bf16,4,64,16,64,4096,optimized_fused,1,4,100,128.627195358,671744,5.22241037853,524288,2909,true,1
bf16,4,64,16,64,4096,warp32_transform,1,5,100,90.7520008087,1048576,11.5543017306,524288,2909,true,1
bf16,4,64,16,64,4096,warp32_split,1,6,100,258.323192596,1720320,6.65956464346,524288,2909,true,1
bf16,4,64,16,64,4096,warp32_fused,1,7,100,147.51999855,671744,4.55357922045,524288,2909,true,1
bf16,4,64,16,64,4096,baseline_transform,1,8,100,166.348800659,1048576,6.30347796825,524288,2909,true,1
bf16,4,64,16,64,4096,baseline_split,2,0,100,307.302398682,1720320,5.59813397936,524288,2909,true,1
bf16,4,64,16,64,4096,optimized_split,2,1,100,276.595191956,1720320,6.21963089032,524288,2909,true,1
bf16,4,64,16,64,4096,baseline_fused,2,2,100,158.508796692,671744,4.23789729037,524288,2909,true,1
bf16,4,64,16,64,4096,optimized_fused,2,3,100,128.704004288,671744,5.21929370976,524288,2909,true,1
bf16,4,64,16,64,4096,warp32_transform,2,4,100,91.4560031891,1048576,11.4653599921,524288,2909,true,1
bf16,4,64,16,64,4096,warp32_split,2,5,100,260.256004333,1720320,6.61010686153,524288,2909,true,1
bf16,4,64,16,64,4096,warp32_fused,2,6,100,149.049596786,671744,4.50684882403,524288,2909,true,1
bf16,4,64,16,64,4096,baseline_transform,2,7,100,165.926399231,1048576,6.31952483065,524288,2909,true,1
bf16,4,64,16,64,4096,optimized_transform,2,8,100,157.824001312,1048576,6.6439577712,524288,2909,true,1
bf16,4,64,16,64,4096,optimized_split,3,0,100,277.587203979,1720320,6.19740382603,524288,2909,true,1
bf16,4,64,16,64,4096,baseline_fused,3,1,100,158.476800919,671744,4.2387529033,524288,2909,true,1
bf16,4,64,16,64,4096,optimized_fused,3,2,100,128.486404419,671744,5.22813291443,524288,2909,true,1
bf16,4,64,16,64,4096,warp32_transform,3,3,100,90.9440040588,1048576,11.5299080005,524288,2909,true,1
bf16,4,64,16,64,4096,warp32_split,3,4,100,257.478408813,1720320,6.68141460066,524288,2909,true,1
bf16,4,64,16,64,4096,warp32_fused,3,5,100,149.587202072,671744,4.49065154435,524288,2909,true,1
bf16,4,64,16,64,4096,baseline_transform,3,6,100,167.231998444,1048576,6.27018758227,524288,2909,true,1
bf16,4,64,16,64,4096,optimized_transform,3,7,100,157.561597824,1048576,6.65502263547,524288,2909,true,1
bf16,4,64,16,64,4096,baseline_split,3,8,100,307.443199158,1720320,5.59557018894,524288,2909,true,1
bf16,4,64,16,64,4096,baseline_fused,4,0,100,158.777599335,671744,4.23072273932,524288,2909,true,1
bf16,4,64,16,64,4096,optimized_fused,4,1,100,129.516801834,671744,5.1865394334,524288,2909,true,1
bf16,4,64,16,64,4096,warp32_transform,4,2,100,90.9951972961,1048576,11.523421358,524288,2909,true,1
bf16,4,64,16,64,4096,warp32_split,4,3,100,259.071998596,1720320,6.64031624151,524288,2909,true,1
bf16,4,64,16,64,4096,warp32_fused,4,4,100,148.140802383,671744,4.53449683809,524288,2909,true,1
bf16,4,64,16,64,4096,baseline_transform,4,5,100,166.72000885,1048576,6.28944304425,524288,2909,true,1
bf16,4,64,16,64,4096,optimized_transform,4,6,100,157.478399277,1048576,6.65853859841,524288,2909,true,1
bf16,4,64,16,64,4096,baseline_split,4,7,100,307.667198181,1720320,5.59149629915,524288,2909,true,1
bf16,4,64,16,64,4096,optimized_split,4,8,100,275.929603577,1720320,6.23463368084,524288,2909,true,1
bf16,16,64,16,64,16384,baseline_transform,0,0,100,464.633598328,4194304,9.02712161819,2097152,2909,true,1
bf16,16,64,16,64,16384,optimized_transform,0,1,100,460.42881012,4194304,9.10956027906,2097152,2909,true,1
bf16,16,64,16,64,16384,baseline_split,0,2,100,975.718383789,6881280,7.05252674781,2097152,2909,true,1
bf16,16,64,16,64,16384,optimized_split,0,3,100,904.211196899,6881280,7.61025745268,2097152,2909,true,1
bf16,16,64,16,64,16384,baseline_fused,0,4,100,567.232017517,2686976,4.73699635603,2097152,2909,true,1
bf16,16,64,16,64,16384,optimized_fused,0,5,100,476.5184021,2686976,5.63876649498,2097152,2909,true,1
bf16,16,64,16,64,16384,warp32_transform,0,6,100,330.547218323,4194304,12.688970796,2097152,2909,true,1
bf16,16,64,16,64,16384,warp32_split,0,7,100,869.587173462,6881280,7.91327219398,2097152,2909,true,1
bf16,16,64,16,64,16384,warp32_fused,0,8,100,535.795211792,2686976,5.01493096777,2097152,2909,true,1
bf16,16,64,16,64,16384,optimized_transform,1,0,100,462.047996521,4194304,9.07763702382,2097152,2909,true,1
bf16,16,64,16,64,16384,baseline_split,1,1,100,973.779220581,6881280,7.06657099942,2097152,2909,true,1
bf16,16,64,16,64,16384,optimized_split,1,2,100,905.446395874,6881280,7.59987563191,2097152,2909,true,1
bf16,16,64,16,64,16384,baseline_fused,1,3,100,567.795181274,2686976,4.73229799867,2097152,2909,true,1
bf16,16,64,16,64,16384,optimized_fused,1,4,100,477.318382263,2686976,5.62931598666,2097152,2909,true,1
bf16,16,64,16,64,16384,warp32_transform,1,5,100,332.748794556,4194304,12.6050163626,2097152,2909,true,1
bf16,16,64,16,64,16384,warp32_split,1,6,100,875.57762146,6881280,7.85913188202,2097152,2909,true,1
bf16,16,64,16,64,16384,warp32_fused,1,7,100,536.403198242,2686976,5.00924679198,2097152,2909,true,1
bf16,16,64,16,64,16384,baseline_transform,1,8,100,466.694412231,4194304,8.98725995014,2097152,2909,true,1
bf16,16,64,16,64,16384,baseline_split,2,0,100,976.671981812,6881280,7.04564083761,2097152,2909,true,1
bf16,16,64,16,64,16384,optimized_split,2,1,100,908.198394775,6881280,7.57684668855,2097152,2909,true,1
bf16,16,64,16,64,16384,baseline_fused,2,2,100,569.107208252,2686976,4.72138809883,2097152,2909,true,1
bf16,16,64,16,64,16384,optimized_fused,2,3,100,475.391998291,2686976,5.65212710702,2097152,2909,true,1
bf16,16,64,16,64,16384,warp32_transform,2,4,100,329.113616943,4194304,12.7442432767,2097152,2909,true,1
bf16,16,64,16,64,16384,warp32_split,2,5,100,871.44317627,6881280,7.89641847843,2097152,2909,true,1
bf16,16,64,16,64,16384,warp32_fused,2,6,100,537.19039917,2686976,5.00190622199,2097152,2909,true,1
bf16,16,64,16,64,16384,baseline_transform,2,7,100,468.569602966,4194304,8.9512934118,2097152,2909,true,1
bf16,16,64,16,64,16384,optimized_transform,2,8,100,461.363182068,4194304,9.09111121785,2097152,2909,true,1
bf16,16,64,16,64,16384,optimized_split,3,0,100,906.713562012,6881280,7.58925452128,2097152,2909,true,1
bf16,16,64,16,64,16384,baseline_fused,3,1,100,565.926399231,2686976,4.74792482494,2097152,2909,true,1
bf16,16,64,16,64,16384,optimized_fused,3,2,100,477.203216553,2686976,5.63067453612,2097152,2909,true,1
bf16,16,64,16,64,16384,warp32_transform,3,3,100,328.217582703,4194304,12.7790350702,2097152,2909,true,1
bf16,16,64,16,64,16384,warp32_split,3,4,100,872.3072052,6881280,7.88859699768,2097152,2909,true,1
bf16,16,64,16,64,16384,warp32_fused,3,5,100,536.390419006,2686976,5.0093661348,2097152,2909,true,1
bf16,16,64,16,64,16384,baseline_transform,3,6,100,467.743988037,4194304,8.9670933401,2097152,2909,true,1
bf16,16,64,16,64,16384,optimized_transform,3,7,100,463.129615784,4194304,9.05643659368,2097152,2909,true,1
bf16,16,64,16,64,16384,baseline_split,3,8,100,977.567977905,6881280,7.03918311108,2097152,2909,true,1
bf16,16,64,16,64,16384,baseline_fused,4,0,100,568.550415039,2686976,4.72601185212,2097152,2909,true,1
bf16,16,64,16,64,16384,optimized_fused,4,1,100,477.382392883,2686976,5.62856117037,2097152,2909,true,1
bf16,16,64,16,64,16384,warp32_transform,4,2,100,331.020812988,4194304,12.6708165633,2097152,2909,true,1
bf16,16,64,16,64,16384,warp32_split,4,3,100,870.060806274,6881280,7.9089644659,2097152,2909,true,1
bf16,16,64,16,64,16384,warp32_fused,4,4,100,533.459205627,2686976,5.03689124052,2097152,2909,true,1
bf16,16,64,16,64,16384,baseline_transform,4,5,100,468.057594299,4194304,8.96108524054,2097152,2909,true,1
bf16,16,64,16,64,16384,optimized_transform,4,6,100,461.843185425,4194304,9.08166263435,2097152,2909,true,1
bf16,16,64,16,64,16384,baseline_split,4,7,100,974.50881958,6881280,7.06128037196,2097152,2909,true,1
bf16,16,64,16,64,16384,optimized_split,4,8,100,908.153610229,6881280,7.57722033199,2097152,2909,true,1
bf16,1,1,1,128,1,baseline_transform,0,0,100,16.7104005814,512,0.0306396006192,256,2909,true,1
bf16,1,1,1,128,1,optimized_transform,0,1,100,16.3968002796,512,0.0312256044636,256,2909,true,1
bf16,1,1,1,128,1,baseline_split,0,2,100,41.8495988846,836,0.0199762966022,256,2909,true,1
bf16,1,1,1,128,1,optimized_split,0,3,100,31.9232010841,836,0.0261878499527,256,2909,true,1
bf16,1,1,1,128,1,baseline_fused,0,4,100,27.9487991333,324,0.0115926268765,256,2909,true,1
bf16,1,1,1,128,1,optimized_fused,0,5,100,19.0015995502,324,0.0170511960924,256,2909,true,1
bf16,1,1,1,128,1,warp32_transform,0,6,100,15.232000351,512,0.0336134446037,256,2909,true,1
bf16,1,1,1,128,1,warp32_split,0,7,100,31.0400009155,836,0.0269329888963,256,2909,true,1
bf16,1,1,1,128,1,warp32_fused,0,8,100,17.2160005569,324,0.0188197019934,256,2909,true,1
bf16,1,1,1,128,1,optimized_transform,1,0,100,16.3584005833,512,0.0312989034224,256,2909,true,1
bf16,1,1,1,128,1,baseline_split,1,1,100,41.8368005753,836,0.0199824075576,256,2909,true,1
bf16,1,1,1,128,1,optimized_split,1,2,100,32.063999176,836,0.0260728549614,256,2909,true,1
bf16,1,1,1,128,1,baseline_fused,1,3,100,27.9487991333,324,0.0115926268765,256,2909,true,1
bf16,1,1,1,128,1,optimized_fused,1,4,100,18.9952003956,324,0.0170569403456,256,2909,true,1
bf16,1,1,1,128,1,warp32_transform,1,5,100,15.2831995487,512,0.0335008385101,256,2909,true,1
bf16,1,1,1,128,1,warp32_split,1,6,100,31.1552000046,836,0.0268334018038,256,2909,true,1
bf16,1,1,1,128,1,warp32_fused,1,7,100,17.1840000153,324,0.0188547485866,256,2909,true,1
bf16,1,1,1,128,1,baseline_transform,1,8,100,16.7680001259,512,0.0305343509158,256,2909,true,1
bf16,1,1,1,128,1,baseline_split,2,0,100,41.8431997299,836,0.0199793516126,256,2909,true,1
bf16,1,1,1,128,1,optimized_split,2,1,100,32.0704007149,836,0.0260676505864,256,2909,true,1
bf16,1,1,1,128,1,baseline_fused,2,2,100,27.9999995232,324,0.0115714287685,256,2909,true,1
bf16,1,1,1,128,1,optimized_fused,2,3,100,18.8991999626,324,0.0171435828311,256,2909,true,1
bf16,1,1,1,128,1,warp32_transform,2,4,100,15.2191996574,512,0.0336417164847,256,2909,true,1
bf16,1,1,1,128,1,warp32_split,2,5,100,30.8800005913,836,0.0270725383417,256,2909,true,1
bf16,1,1,1,128,1,warp32_fused,2,6,100,17.3119997978,324,0.0187153421779,256,2909,true,1
bf16,1,1,1,128,1,baseline_transform,2,7,100,16.6592001915,512,0.0307337683751,256,2909,true,1
bf16,1,1,1,128,1,optimized_transform,2,8,100,16.4031994343,512,0.0312134228479,256,2909,true,1
bf16,1,1,1,128,1,optimized_split,3,0,100,32.063999176,836,0.0260728549614,256,2909,true,1
bf16,1,1,1,128,1,baseline_fused,3,1,100,28.051199913,324,0.011550308044,256,2909,true,1
bf16,1,1,1,128,1,optimized_fused,3,2,100,18.8800001144,324,0.0171610168451,256,2909,true,1
bf16,1,1,1,128,1,warp32_transform,3,3,100,15.2191996574,512,0.0336417164847,256,2909,true,1
bf16,1,1,1,128,1,warp32_split,3,4,100,30.8800005913,836,0.0270725383417,256,2909,true,1
bf16,1,1,1,128,1,warp32_fused,3,5,100,17.2992002964,324,0.0187291894682,256,2909,true,1
bf16,1,1,1,128,1,baseline_transform,3,6,100,16.6848003864,512,0.0306866122544,256,2909,true,1
bf16,1,1,1,128,1,optimized_transform,3,7,100,16.3520002365,512,0.0313111541459,256,2909,true,1
bf16,1,1,1,128,1,baseline_split,3,8,100,41.8368005753,836,0.0199824075576,256,2909,true,1
bf16,1,1,1,128,1,baseline_fused,4,0,100,27.9552006721,324,0.0115899722488,256,2909,true,1
bf16,1,1,1,128,1,optimized_fused,4,1,100,19.0015995502,324,0.0170511960924,256,2909,true,1
bf16,1,1,1,128,1,warp32_transform,4,2,100,15.2704000473,512,0.0335289185885,256,2909,true,1
bf16,1,1,1,128,1,warp32_split,4,3,100,31.1488008499,836,0.0268389144105,256,2909,true,1
bf16,1,1,1,128,1,warp32_fused,4,4,100,17.2096002102,324,0.018826701146,256,2909,true,1
bf16,1,1,1,128,1,baseline_transform,4,5,100,16.7680001259,512,0.0305343509158,256,2909,true,1
bf16,1,1,1,128,1,optimized_transform,4,6,100,16.2688004971,512,0.0314712814932,256,2909,true,1
bf16,1,1,1,128,1,baseline_split,4,7,100,41.8431997299,836,0.0199793516126,256,2909,true,1
bf16,1,1,1,128,1,optimized_split,4,8,100,32.0767998695,836,0.0260624502257,256,2909,true,1
bf16,1,17,1,128,17,baseline_transform,0,0,100,18.700799942,8704,0.465434635256,4352,2909,true,1
bf16,1,17,1,128,17,optimized_transform,0,1,100,18.5280001163,8704,0.469775472007,4352,2909,true,1
bf16,1,17,1,128,17,baseline_split,0,2,100,45.1200008392,14212,0.314982263645,4352,2909,true,1
bf16,1,17,1,128,17,optimized_split,0,3,100,35.583999157,14212,0.399392995074,4352,2909,true,1
bf16,1,17,1,128,17,baseline_fused,0,4,100,29.5679998398,5508,0.186282468542,4352,2909,true,1
bf16,1,17,1,128,17,optimized_fused,0,5,100,20.2559995651,5508,0.271919437117,4352,2909,true,1
bf16,1,17,1,128,17,warp32_transform,0,6,100,16.953599453,8704,0.513401300069,4352,2909,true,1
bf16,1,17,1,128,17,warp32_split,0,7,100,34.1120004654,14212,0.416627574053,4352,2909,true,1
bf16,1,17,1,128,17,warp32_fused,0,8,100,18.7776005268,5508,0.29332821263,4352,2909,true,1
bf16,1,17,1,128,17,optimized_transform,1,0,100,18.5280001163,8704,0.469775472007,4352,2909,true,1
bf16,1,17,1,128,17,baseline_split,1,1,100,45.1136016846,14212,0.315026942415,4352,2909,true,1
bf16,1,17,1,128,17,optimized_split,1,2,100,35.7184004784,14212,0.397890157724,4352,2909,true,1
bf16,1,17,1,128,17,baseline_fused,1,3,100,29.5679998398,5508,0.186282468542,4352,2909,true,1
bf16,1,17,1,128,17,optimized_fused,1,4,100,20.2751994133,5508,0.271661939679,4352,2909,true,1
bf16,1,17,1,128,17,warp32_transform,1,5,100,16.9216001034,8704,0.514372160246,4352,2909,true,1
bf16,1,17,1,128,17,warp32_split,1,6,100,33.9903998375,14212,0.418118058862,4352,2909,true,1
bf16,1,17,1,128,17,warp32_fused,1,7,100,18.7839996815,5508,0.293228284359,4352,2909,true,1
bf16,1,17,1,128,17,baseline_transform,1,8,100,18.6111998558,8704,0.46767538189,4352,2909,true,1
bf16,1,17,1,128,17,baseline_split,2,0,100,45.1136016846,14212,0.315026942415,4352,2909,true,1
bf16,1,17,1,128,17,optimized_split,2,1,100,35.7312011719,14212,0.397747613679,4352,2909,true,1
bf16,1,17,1,128,17,baseline_fused,2,2,100,29.5167994499,5508,0.18660559758,4352,2909,true,1
bf16,1,17,1,128,17,optimized_fused,2,3,100,20.3008008003,5508,0.271319346176,4352,2909,true,1
bf16,1,17,1,128,17,warp32_transform,2,4,100,16.9151997566,8704,0.514566787578,4352,2909,true,1
bf16,1,17,1,128,17,warp32_split,2,5,100,33.9903998375,14212,0.418118058862,4352,2909,true,1
bf16,1,17,1,128,17,warp32_fused,2,6,100,18.7264001369,5508,0.294130209742,4352,2909,true,1
bf16,1,17,1,128,17,baseline_transform,2,7,100,18.6816000938,8704,0.465912981558,4352,2909,true,1
bf16,1,17,1,128,17,optimized_transform,2,8,100,18.4704005718,8704,0.471240456651,4352,2909,true,1
bf16,1,17,1,128,17,optimized_split,3,0,100,35.7312011719,14212,0.397747613679,4352,2909,true,1
bf16,1,17,1,128,17,baseline_fused,3,1,100,29.5040011406,5508,0.186686543759,4352,2909,true,1
bf16,1,17,1,128,17,optimized_fused,3,2,100,20.3520011902,5508,0.270636776626,4352,2909,true,1
bf16,1,17,1,128,17,warp32_transform,3,3,100,16.9280004501,8704,0.514177680089,4352,2909,true,1
bf16,1,17,1,128,17,warp32_split,3,4,100,34.1248011589,14212,0.416471291183,4352,2909,true,1
bf16,1,17,1,128,17,warp32_fused,3,5,100,18.7328004837,5508,0.294029715674,4352,2909,true,1
bf16,1,17,1,128,17,baseline_transform,3,6,100,18.6624002457,8704,0.466392312105,4352,2909,true,1
bf16,1,17,1,128,17,optimized_transform,3,7,100,18.4959995747,8704,0.470588246116,4352,2909,true,1
bf16,1,17,1,128,17,baseline_split,3,8,100,45.1136016846,14212,0.315026942415,4352,2909,true,1
bf16,1,17,1,128,17,baseline_fused,4,0,100,29.5679998398,5508,0.186282468542,4352,2909,true,1
bf16,1,17,1,128,17,optimized_fused,4,1,100,20.3135991096,5508,0.271148405079,4352,2909,true,1
bf16,1,17,1,128,17,warp32_transform,4,2,100,16.9664001465,8704,0.513013952568,4352,2909,true,1
bf16,1,17,1,128,17,warp32_split,4,3,100,33.977599144,14212,0.418275580325,4352,2909,true,1
bf16,1,17,1,128,17,warp32_fused,4,4,100,18.7839996815,5508,0.293228284359,4352,2909,true,1
bf16,1,17,1,128,17,baseline_transform,4,5,100,18.6176002026,8704,0.467514604745,4352,2909,true,1
bf16,1,17,1,128,17,optimized_transform,4,6,100,18.5471999645,8704,0.469289165839,4352,2909,true,1
bf16,1,17,1,128,17,baseline_split,4,7,100,45.1071977615,14212,0.315071667168,4352,2909,true,1
bf16,1,17,1,128,17,optimized_split,4,8,100,35.583999157,14212,0.399392995074,4352,2909,true,1
bf16,1,257,1,128,257,baseline_transform,0,0,100,44.0191984177,131584,2.9892411659,65792,2909,true,1
bf16,1,257,1,128,257,optimized_transform,0,1,100,42.5343990326,131584,3.09359019976,65792,2909,true,1
bf16,1,257,1,128,257,baseline_split,0,2,100,103.942403793,214852,2.06702935625,65792,2909,true,1
bf16,1,257,1,128,257,optimized_split,0,3,100,76.7360019684,214852,2.79988524928,65792,2909,true,1
bf16,1,257,1,128,257,baseline_fused,0,4,100,69.0687990189,83268,1.20558053973,65792,2909,true,1
bf16,1,257,1,128,257,optimized_fused,0,5,100,39.8079991341,83268,2.0917403992,65792,2909,true,1
bf16,1,257,1,128,257,warp32_transform,0,6,100,26.2463998795,131584,5.01341138611,65792,2909,true,1
bf16,1,257,1,128,257,warp32_split,0,7,100,55.5520009995,214852,3.86758345576,65792,2909,true,1
bf16,1,257,1,128,257,warp32_fused,0,8,100,28.4671998024,83268,2.92505060484,65792,2909,true,1
bf16,1,257,1,128,257,optimized_transform,1,0,100,42.553601265,131584,3.09219422302,65792,2909,true,1
bf16,1,257,1,128,257,baseline_split,1,1,100,103.788795471,214852,2.07008857772,65792,2909,true,1
bf16,1,257,1,128,257,optimized_split,1,2,100,77.305598259,214852,2.77925538174,65792,2909,true,1
bf16,1,257,1,128,257,baseline_fused,1,3,100,69.2479991913,83268,1.20246073493,65792,2909,true,1
bf16,1,257,1,128,257,optimized_fused,1,4,100,39.7248005867,83268,2.09612128369,65792,2909,true,1
bf16,1,257,1,128,257,warp32_transform,1,5,100,26.3807988167,131584,4.98787018977,65792,2909,true,1
bf16,1,257,1,128,257,warp32_split,1,6,100,55.7952022552,214852,3.85072535479,65792,2909,true,1
bf16,1,257,1,128,257,warp32_fused,1,7,100,28.6911988258,83268,2.90221403802,65792,2909,true,1
bf16,1,257,1,128,257,baseline_transform,1,8,100,43.2191991806,131584,3.04457284019,65792,2909,true,1
bf16,1,257,1,128,257,baseline_split,2,0,100,103.155202866,214852,2.08280332966,65792,2909,true,1
bf16,1,257,1,128,257,optimized_split,2,1,100,76.7551994324,214852,2.79918496192,65792,2909,true,1
bf16,1,257,1,128,257,baseline_fused,2,2,100,69.1775989532,83268,1.20368444786,65792,2909,true,1
bf16,1,257,1,128,257,optimized_fused,2,3,100,39.8144006729,83268,2.09140407975,65792,2909,true,1
bf16,1,257,1,128,257,warp32_transform,2,4,100,26.4831995964,131584,4.96858393266,65792,2909,true,1
bf16,1,257,1,128,257,warp32_split,2,5,100,53.9455986023,214852,3.9827530988,65792,2909,true,1
bf16,1,257,1,128,257,warp32_fused,2,6,100,29.772799015,83268,2.79678104695,65792,2909,true,1
bf16,1,257,1,128,257,baseline_transform,2,7,100,44.2047977448,131584,2.97669046604,65792,2909,true,1
bf16,1,257,1,128,257,optimized_transform,2,8,100,42.6560020447,131584,3.08477104493,65792,2909,true,1
bf16,1,257,1,128,257,optimized_split,3,0,100,77.3439979553,214852,2.77787553889,65792,2909,true,1
bf16,1,257,1,128,257,baseline_fused,3,1,100,69.1775989532,83268,1.20368444786,65792,2909,true,1
bf16,1,257,1,128,257,optimized_fused,3,2,100,39.8656010628,83268,2.08871803711,65792,2909,true,1
bf16,1,257,1,128,257,warp32_transform,3,3,100,26.6687989235,131584,4.93400547874,65792,2909,true,1
bf16,1,257,1,128,257,warp32_split,3,4,100,54.0863990784,214852,3.97238499255,65792,2909,true,1
bf16,1,257,1,128,257,warp32_fused,3,5,100,29.8047995567,83268,2.79377822493,65792,2909,true,1
bf16,1,257,1,128,257,baseline_transform,3,6,100,44.0895986557,131584,2.98446808345,65792,2909,true,1
bf16,1,257,1,128,257,optimized_transform,3,7,100,42.5343990326,131584,3.09359019976,65792,2909,true,1
bf16,1,257,1,128,257,baseline_split,3,8,100,103.872003555,214852,2.06843030505,65792,2909,true,1
bf16,1,257,1,128,257,baseline_fused,4,0,100,69.2095994949,83268,1.20312789855,65792,2909,true,1
bf16,1,257,1,128,257,optimized_fused,4,1,100,39.8591995239,83268,2.08905349316,65792,2909,true,1
bf16,1,257,1,128,257,warp32_transform,4,2,100,26.3615989685,131584,4.99150298725,65792,2909,true,1
bf16,1,257,1,128,257,warp32_split,4,3,100,55.5263996124,214852,3.86936667062,65792,2909,true,1
bf16,1,257,1,128,257,warp32_fused,4,4,100,28.7551999092,83268,2.89575451615,65792,2909,true,1
bf16,1,257,1,128,257,baseline_transform,4,5,100,43.1807994843,131584,3.04728030911,65792,2909,true,1
bf16,1,257,1,128,257,optimized_transform,4,6,100,42.624001503,131584,3.08708697823,65792,2909,true,1
bf16,1,257,1,128,257,baseline_split,4,7,100,103.148803711,214852,2.0829325428,65792,2909,true,1
bf16,1,257,1,128,257,optimized_split,4,8,100,77.1456003189,214852,2.78501948409,65792,2909,true,1
bf16,4,64,16,128,4096,baseline_transform,0,0,100,233.734397888,2097152,8.97237214098,1048576,2909,true,1
bf16,4,64,16,128,4096,optimized_transform,0,1,100,229.401607513,2097152,9.14183654915,1048576,2909,true,1
bf16,4,64,16,128,4096,baseline_split,0,2,100,431.059188843,3424256,7.94381859529,1048576,2909,true,1
bf16,4,64,16,128,4096,optimized_split,0,3,100,395.05279541,3424256,8.66784399398,1048576,2909,true,1
bf16,4,64,16,128,4096,baseline_fused,0,4,100,211.097602844,1327104,6.28668436836,1048576,2909,true,1
bf16,4,64,16,128,4096,optimized_fused,0,5,100,178.495998383,1327104,7.43492297881,1048576,2909,true,1
bf16,4,64,16,128,4096,warp32_transform,0,6,100,131.583995819,2097152,15.9377436971,1048576,2909,true,1
bf16,4,64,16,128,4096,warp32_split,0,7,100,311.968002319,3424256,10.9763051805,1048576,2909,true,1
bf16,4,64,16,128,4096,warp32_fused,0,8,100,182.451190948,1327104,7.27374808079,1048576,2909,true,1
bf16,4,64,16,128,4096,optimized_transform,1,0,100,229.759998322,2097152,9.12757666835,1048576,2909,true,1
bf16,4,64,16,128,4096,baseline_split,1,1,100,431.462402344,3424256,7.93639487798,1048576,2909,true,1
bf16,4,64,16,128,4096,optimized_split,1,2,100,395.904006958,3424256,8.64920773677,1048576,2909,true,1
bf16,4,64,16,128,4096,baseline_fused,1,3,100,210.899200439,1327104,6.29259853634,1048576,2909,true,1
bf16,4,64,16,128,4096,optimized_fused,1,4,100,178.284797668,1327104,7.44373057802,1048576,2909,true,1
bf16,4,64,16,128,4096,warp32_transform,1,5,100,131.929597855,2097152,15.895993273,1048576,2909,true,1
bf16,4,64,16,128,4096,warp32_split,1,6,100,311.63520813,3424256,10.9880267398,1048576,2909,true,1
bf16,4,64,16,128,4096,warp32_fused,1,7,100,182.585601807,1327104,7.26839349252,1048576,2909,true,1
bf16,4,64,16,128,4096,baseline_transform,1,8,100,235.123195648,2097152,8.91937519911,1048576,2909,true,1
bf16,4,64,16,128,4096,baseline_split,2,0,100,432.192001343,3424256,7.92299716182,1048576,2909,true,1
bf16,4,64,16,128,4096,optimized_split,2,1,100,394.598388672,3424256,8.6778256027,1048576,2909,true,1
bf16,4,64,16,128,4096,baseline_fused,2,2,100,211.289596558,1327104,6.2809718113,1048576,2909,true,1
bf16,4,64,16,128,4096,optimized_fused,2,3,100,179.123191833,1327104,7.40888986186,1048576,2909,true,1
bf16,4,64,16,128,4096,warp32_transform,2,4,100,132.268800735,2097152,15.8552280533,1048576,2909,true,1
bf16,4,64,16,128,4096,warp32_split,2,5,100,313.132801056,3424256,10.9354752631,1048576,2909,true,1
bf16,4,64,16,128,4096,warp32_fused,2,6,100,183.219203949,1327104,7.24325819235,1048576,2909,true,1
bf16,4,64,16,128,4096,baseline_transform,2,7,100,234.419193268,2097152,8.94616166349,1048576,2909,true,1
bf16,4,64,16,128,4096,optimized_transform,2,8,100,228.896007538,2097152,9.1620296158,1048576,2909,true,1
bf16,4,64,16,128,4096,optimized_split,3,0,100,394.515190125,3424256,8.6796556526,1048576,2909,true,1
bf16,4,64,16,128,4096,baseline_fused,3,1,100,210.879993439,1327104,6.29317166773,1048576,2909,true,1
bf16,4,64,16,128,4096,optimized_fused,3,2,100,178.444805145,1327104,7.43705595083,1048576,2909,true,1
bf16,4,64,16,128,4096,warp32_transform,3,3,100,132.723197937,2097152,15.8009453705,1048576,2909,true,1
bf16,4,64,16,128,4096,warp32_split,3,4,100,313.535995483,3424256,10.9214126905,1048576,2909,true,1
bf16,4,64,16,128,4096,warp32_fused,3,5,100,182.419204712,1327104,7.2750234938,1048576,2909,true,1
bf16,4,64,16,128,4096,baseline_transform,3,6,100,232.742404938,2097152,9.01061411891,1048576,2909,true,1
bf16,4,64,16,128,4096,optimized_transform,3,7,100,229.440002441,2097152,9.14030673677,1048576,2909,true,1
bf16,4,64,16,128,4096,baseline_split,3,8,100,431.705589294,3424256,7.93192417452,1048576,2909,true,1
bf16,4,64,16,128,4096,baseline_fused,4,0,100,210.969600677,1327104,6.29049870568,1048576,2909,true,1
bf16,4,64,16,128,4096,optimized_fused,4,1,100,178.406391144,1327104,7.43865727843,1048576,2909,true,1
bf16,4,64,16,128,4096,warp32_transform,4,2,100,132.249603271,2097152,15.8575296116,1048576,2909,true,1
bf16,4,64,16,128,4096,warp32_split,4,3,100,313.222408295,3424256,10.9323468223,1048576,2909,true,1
bf16,4,64,16,128,4096,warp32_fused,4,4,100,183.001594543,1327104,7.25187123812,1048576,2909,true,1
bf16,4,64,16,128,4096,baseline_transform,4,5,100,236.051197052,2097152,8.8843099556,1048576,2909,true,1
bf16,4,64,16,128,4096,optimized_transform,4,6,100,229.344005585,2097152,9.14413260836,1048576,2909,true,1
bf16,4,64,16,128,4096,baseline_split,4,7,100,432.742385864,3424256,7.91292027741,1048576,2909,true,1
bf16,4,64,16,128,4096,optimized_split,4,8,100,393.753585815,3424256,8.69644397754,1048576,2909,true,1
bf16,16,64,16,128,16384,baseline_transform,0,0,100,833.305587769,8388608,10.0666647664,4194304,2909,true,1
bf16,16,64,16,128,16384,optimized_transform,0,1,100,866.22718811,8388608,9.68407378011,4194304,2909,true,1
bf16,16,64,16,128,16384,baseline_split,0,2,100,1545.62561035,13697024,8.86179933114,4194304,2909,true,1
bf16,16,64,16,128,16384,optimized_split,0,3,100,1460.93444824,13697024,9.37552264339,4194304,2909,true,1
bf16,16,64,16,128,16384,baseline_fused,0,4,100,735.167999268,5308416,7.22068425896,4194304,2909,true,1
bf16,16,64,16,128,16384,optimized_fused,0,5,100,651.756820679,5308416,8.14478012592,4194304,2909,true,1
bf16,16,64,16,128,16384,warp32_transform,0,6,100,527.039985657,8388608,15.9164545922,4194304,2909,true,1
bf16,16,64,16,128,16384,warp32_split,0,7,100,1203.30879211,13697024,11.382800566,4194304,2909,true,1
bf16,16,64,16,128,16384,warp32_fused,0,8,100,683.712005615,5308416,7.76411114095,4194304,2909,true,1
bf16,16,64,16,128,16384,optimized_transform,1,0,100,868.524780273,8388608,9.65845556803,4194304,2909,true,1
bf16,16,64,16,128,16384,baseline_split,1,1,100,1547.16156006,13697024,8.85300175082,4194304,2909,true,1
bf16,16,64,16,128,16384,optimized_split,1,2,100,1461.49124146,13697024,9.37195079347,4194304,2909,true,1
bf16,16,64,16,128,16384,baseline_fused,1,3,100,736.58241272,5308416,7.20681882751,4194304,2909,true,1
bf16,16,64,16,128,16384,optimized_fused,1,4,100,652.019195557,5308416,8.141502637,4194304,2909,true,1
bf16,16,64,16,128,16384,warp32_transform,1,5,100,528.179206848,8388608,15.8821246487,4194304,2909,true,1
bf16,16,64,16,128,16384,warp32_split,1,6,100,1201.10717773,13697024,11.4036650966,4194304,2909,true,1
bf16,16,64,16,128,16384,warp32_fused,1,7,100,682.208023071,5308416,7.78122774942,4194304,2909,true,1
bf16,16,64,16,128,16384,baseline_transform,1,8,100,833.113632202,8388608,10.0689842007,4194304,2909,true,1
bf16,16,64,16,128,16384,baseline_split,2,0,100,1544.49920654,13697024,8.86826224447,4194304,2909,true,1
bf16,16,64,16,128,16384,optimized_split,2,1,100,1462.60482788,13697024,9.36481525215,4194304,2909,true,1
bf16,16,64,16,128,16384,baseline_fused,2,2,100,735.456008911,5308416,7.21785658922,4194304,2909,true,1
bf16,16,64,16,128,16384,optimized_fused,2,3,100,650.892791748,5308416,8.1555919305,4194304,2909,true,1
bf16,16,64,16,128,16384,warp32_transform,2,4,100,528.198394775,8388608,15.8815476968,4194304,2909,true,1
bf16,16,64,16,128,16384,warp32_split,2,5,100,1200.31997681,13697024,11.4111439155,4194304,2909,true,1
bf16,16,64,16,128,16384,warp32_fused,2,6,100,680.627212524,5308416,7.79930026646,4194304,2909,true,1
bf16,16,64,16,128,16384,baseline_transform,2,7,100,831.737594604,8388608,10.0856424603,4194304,2909,true,1
bf16,16,64,16,128,16384,optimized_transform,2,8,100,868.524780273,8388608,9.65845556803,4194304,2909,true,1
bf16,16,64,16,128,16384,optimized_split,3,0,100,1459.27032471,13697024,9.38621430731,4194304,2909,true,1
bf16,16,64,16,128,16384,baseline_fused,3,1,100,735.795211792,5308416,7.21452914469,4194304,2909,true,1
bf16,16,64,16,128,16384,optimized_fused,3,2,100,650.598373413,5308416,8.15928261879,4194304,2909,true,1
bf16,16,64,16,128,16384,warp32_transform,3,3,100,527.987213135,8388608,15.8878999175,4194304,2909,true,1
bf16,16,64,16,128,16384,warp32_split,3,4,100,1201.34399414,13697024,11.4014171351,4194304,2909,true,1
bf16,16,64,16,128,16384,warp32_fused,3,5,100,683.372802734,5308416,7.76796498011,4194304,2909,true,1
bf16,16,64,16,128,16384,baseline_transform,3,6,100,832.505569458,8388608,10.0763385949,4194304,2909,true,1
bf16,16,64,16,128,16384,optimized_transform,3,7,100,867.244796753,8388608,9.67271067109,4194304,2909,true,1
bf16,16,64,16,128,16384,baseline_split,3,8,100,1545.59356689,13697024,8.86198305517,4194304,2909,true,1
bf16,16,64,16,128,16384,baseline_fused,4,0,100,734.233627319,5308416,7.22987316637,4194304,2909,true,1
bf16,16,64,16,128,16384,optimized_fused,4,1,100,651.059188843,5308416,8.15350753199,4194304,2909,true,1
bf16,16,64,16,128,16384,warp32_transform,4,2,100,526.534385681,8388608,15.9317382266,4194304,2909,true,1
bf16,16,64,16,128,16384,warp32_split,4,3,100,1200,13697024,11.4141866667,4194304,2909,true,1
bf16,16,64,16,128,16384,warp32_fused,4,4,100,684.364776611,5308416,7.75670546092,4194304,2909,true,1
bf16,16,64,16,128,16384,baseline_transform,4,5,100,833.324813843,8388608,10.0664325131,4194304,2909,true,1
bf16,16,64,16,128,16384,optimized_transform,4,6,100,867.110366821,8388608,9.67421025163,4194304,2909,true,1
bf16,16,64,16,128,16384,baseline_split,4,7,100,1546.77764893,13697024,8.85519907112,4194304,2909,true,1
bf16,16,64,16,128,16384,optimized_split,4,8,100,1461.40792847,13697024,9.37248507634,4194304,2909,true,1
bf16,1,1,1,256,1,baseline_transform,0,0,100,18.4319996834,1024,0.0555555565099,512,2909,true,1
bf16,1,1,1,256,1,optimized_transform,0,1,100,17.8240001202,1024,0.0574506279789,512,2909,true,1
bf16,1,1,1,256,1,baseline_split,0,2,100,54.7200012207,1668,0.0304824554603,512,2909,true,1
bf16,1,1,1,256,1,optimized_split,0,3,100,33.7023997307,1668,0.0494920247024,512,2909,true,1
bf16,1,1,1,256,1,baseline_fused,0,4,100,39.8144006729,644,0.016175051969,512,2909,true,1
bf16,1,1,1,256,1,optimized_fused,0,5,100,19.7055995464,644,0.0326810660332,512,2909,true,1
bf16,1,1,1,256,1,warp32_transform,0,6,100,16.1663997173,1024,0.0633412520972,512,2909,true,1
bf16,1,1,1,256,1,warp32_split,0,7,100,34.2079997063,1668,0.0487605242728,512,2909,true,1
bf16,1,1,1,256,1,warp32_fused,0,8,100,19.8399996758,644,0.0324596779499,512,2909,true,1
bf16,1,1,1,256,1,optimized_transform,1,0,100,17.7664005756,1024,0.0576368857406,512,2909,true,1
bf16,1,1,1,256,1,baseline_split,1,1,100,54.73279953,1668,0.0304753276705,512,2909,true,1
bf16,1,1,1,256,1,optimized_split,1,2,100,33.8303995132,1668,0.0493047680193,512,2909,true,1
bf16,1,1,1,256,1,baseline_fused,1,3,100,39.8144006729,644,0.016175051969,512,2909,true,1
bf16,1,1,1,256,1,optimized_fused,1,4,100,19.6800005436,644,0.0327235763319,512,2909,true,1
bf16,1,1,1,256,1,warp32_transform,1,5,100,16.1728000641,1024,0.0633161849489,512,2909,true,1
bf16,1,1,1,256,1,warp32_split,1,6,100,34.2079997063,1668,0.0487605242728,512,2909,true,1
bf16,1,1,1,256,1,warp32_fused,1,7,100,19.8272001743,644,0.0324806323806,512,2909,true,1
bf16,1,1,1,256,1,baseline_transform,1,8,100,18.48960042,1024,0.055382484031,512,2909,true,1
bf16,1,1,1,256,1,baseline_split,2,0,100,54.7200012207,1668,0.0304824554603,512,2909,true,1
bf16,1,1,1,256,1,optimized_split,2,1,100,33.8432002068,1668,0.0492861192148,512,2909,true,1
bf16,1,1,1,256,1,baseline_fused,2,2,100,39.9167990685,644,0.0161335581767,512,2909,true,1
bf16,1,1,1,256,1,optimized_fused,2,3,100,19.6096003056,644,0.0328410569295,512,2909,true,1
bf16,1,1,1,256,1,warp32_transform,2,4,100,16.2751996517,1024,0.0629178149524,512,2909,true,1
bf16,1,1,1,256,1,warp32_split,2,5,100,34.2016005516,1668,0.048769647417,512,2909,true,1
bf16,1,1,1,256,1,warp32_fused,2,6,100,19.9168002605,644,0.0323345111451,512,2909,true,1
bf16,1,1,1,256,1,baseline_transform,2,7,100,18.3808004856,1024,0.0557103049348,512,2909,true,1
bf16,1,1,1,256,1,optimized_transform,2,8,100,17.804800272,1024,0.0575125799985,512,2909,true,1
bf16,1,1,1,256,1,optimized_split,3,0,100,33.8240003586,1668,0.0493140959767,512,2909,true,1
bf16,1,1,1,256,1,baseline_fused,3,1,100,39.9167990685,644,0.0161335581767,512,2909,true,1
bf16,1,1,1,256,1,optimized_fused,3,2,100,19.6031999588,644,0.0328517793704,512,2909,true,1
bf16,1,1,1,256,1,warp32_transform,3,3,100,16.2624001503,1024,0.0629673351127,512,2909,true,1
bf16,1,1,1,256,1,warp32_split,3,4,100,34.1951990128,1668,0.0487787773768,512,2909,true,1
bf16,1,1,1,256,1,warp32_fused,3,5,100,19.9231994152,644,0.0323241255874,512,2909,true,1
bf16,1,1,1,256,1,baseline_transform,3,6,100,18.3871996403,1024,0.055690916509,512,2909,true,1
bf16,1,1,1,256,1,optimized_transform,3,7,100,17.8111994267,1024,0.0574919170501,512,2909,true,1
bf16,1,1,1,256,1,baseline_split,3,8,100,54.707198143,1668,0.0304895892427,512,2909,true,1
bf16,1,1,1,256,1,baseline_fused,4,0,100,39.8207998276,644,0.0161724526576,512,2909,true,1
bf16,1,1,1,256,1,optimized_fused,4,1,100,19.7119998932,644,0.0326704547225,512,2909,true,1
bf16,1,1,1,256,1,warp32_transform,4,2,100,16.2111997604,1024,0.0631662070132,512,2909,true,1
bf16,1,1,1,256,1,warp32_split,4,3,100,34.3359994888,1668,0.0485787518882,512,2909,true,1
bf16,1,1,1,256,1,warp32_fused,4,4,100,19.8336005211,644,0.0324701508087,512,2909,true,1
bf16,1,1,1,256,1,baseline_transform,4,5,100,18.5471999645,1024,0.0552104900987,512,2909,true,1
bf16,1,1,1,256,1,optimized_transform,4,6,100,17.6639997959,1024,0.0579710151625,512,2909,true,1
bf16,1,1,1,256,1,baseline_split,4,7,100,54.7264003754,1668,0.0304788911487,512,2909,true,1
bf16,1,1,1,256,1,optimized_split,4,8,100,33.8303995132,1668,0.0493047680193,512,2909,true,1
bf16,1,17,1,256,17,baseline_transform,0,0,100,20.0832009315,17408,0.866794096187,8704,2909,true,1
bf16,1,17,1,256,17,optimized_transform,0,1,100,19.7184002399,17408,0.882830239176,8704,2909,true,1
bf16,1,17,1,256,17,baseline_split,0,2,100,57.3375988007,28356,0.494544602375,8704,2909,true,1
bf16,1,17,1,256,17,optimized_split,0,3,100,36.9919991493,28356,0.766544135275,8704,2909,true,1
bf16,1,17,1,256,17,baseline_fused,0,4,100,41.0816001892,10948,0.266494000954,8704,2909,true,1
bf16,1,17,1,256,17,optimized_fused,0,5,100,20.7103991508,10948,0.528623322045,8704,2909,true,1
bf16,1,17,1,256,17,warp32_transform,0,6,100,17.6064002514,17408,0.988731356293,8704,2909,true,1
bf16,1,17,1,256,17,warp32_split,0,7,100,36.8192005157,28356,0.77014165443,8704,2909,true,1
bf16,1,17,1,256,17,warp32_fused,0,8,100,21.414399147,10948,0.511244790238,8704,2909,true,1
bf16,1,17,1,256,17,optimized_transform,1,0,100,19.7311997414,17408,0.88225755292,8704,2909,true,1
bf16,1,17,1,256,17,baseline_split,1,1,100,57.3248004913,28356,0.494655014182,8704,2909,true,1
bf16,1,17,1,256,17,optimized_split,1,2,100,37.1519994736,28356,0.763242904872,8704,2909,true,1
bf16,1,17,1,256,17,baseline_fused,1,3,100,41.0752010345,10948,0.266535518373,8704,2909,true,1
bf16,1,17,1,256,17,optimized_fused,1,4,100,20.7103991508,10948,0.528623322045,8704,2909,true,1
bf16,1,17,1,256,17,warp32_transform,1,5,100,17.5872004032,17408,0.989810748777,8704,2909,true,1
bf16,1,17,1,256,17,warp32_split,1,6,100,36.9664001465,28356,0.767074962334,8704,2909,true,1
bf16,1,17,1,256,17,warp32_fused,1,7,100,21.414399147,10948,0.511244790238,8704,2909,true,1
bf16,1,17,1,256,17,baseline_transform,1,8,100,19.9935996532,17408,0.870678632258,8704,2909,true,1
bf16,1,17,1,256,17,baseline_split,2,0,100,57.6319980621,28356,0.492018339698,8704,2909,true,1
bf16,1,17,1,256,17,optimized_split,2,1,100,37.0431995392,28356,0.765484632881,8704,2909,true,1
bf16,1,17,1,256,17,baseline_fused,2,2,100,41.0368013382,10948,0.266784925798,8704,2909,true,1
bf16,1,17,1,256,17,optimized_fused,2,3,100,20.7680010796,10948,0.527157137466,8704,2909,true,1
bf16,1,17,1,256,17,warp32_transform,2,4,100,17.4528002739,17408,0.997433060988,8704,2909,true,1
bf16,1,17,1,256,17,warp32_split,2,5,100,36.7488002777,28356,0.771617026562,8704,2909,true,1
bf16,1,17,1,256,17,warp32_fused,2,6,100,21.343998909,10948,0.512931060701,8704,2909,true,1
bf16,1,17,1,256,17,baseline_transform,2,7,100,20.0640010834,17408,0.867623557618,8704,2909,true,1
bf16,1,17,1,256,17,optimized_transform,2,8,100,19.7248005867,17408,0.882543776475,8704,2909,true,1
bf16,1,17,1,256,17,optimized_split,3,0,100,37.0176005363,28356,0.766013993051,8704,2909,true,1
bf16,1,17,1,256,17,baseline_fused,3,1,100,41.0432004929,10948,0.26674333065,8704,2909,true,1
bf16,1,17,1,256,17,optimized_fused,3,2,100,20.7744002342,10948,0.526994756843,8704,2909,true,1
bf16,1,17,1,256,17,warp32_transform,3,3,100,17.4591994286,17408,0.997067481314,8704,2909,true,1
bf16,1,17,1,256,17,warp32_split,3,4,100,36.9023990631,28356,0.76840532648,8704,2909,true,1
bf16,1,17,1,256,17,warp32_fused,3,5,100,21.3504004478,10948,0.512777267421,8704,2909,true,1
bf16,1,17,1,256,17,baseline_transform,3,6,100,20.0640010834,17408,0.867623557618,8704,2909,true,1
bf16,1,17,1,256,17,optimized_transform,3,7,100,19.6736001968,17408,0.884840589716,8704,2909,true,1
bf16,1,17,1,256,17,baseline_split,3,8,100,57.331199646,28356,0.494599802116,8704,2909,true,1
bf16,1,17,1,256,17,baseline_fused,4,0,100,41.0752010345,10948,0.266535518373,8704,2909,true,1
bf16,1,17,1,256,17,optimized_fused,4,1,100,20.7103991508,10948,0.528623322045,8704,2909,true,1
bf16,1,17,1,256,17,warp32_transform,4,2,100,17.6127994061,17408,0.988372126354,8704,2909,true,1
bf16,1,17,1,256,17,warp32_split,4,3,100,36.9727993011,28356,0.766942199021,8704,2909,true,1
bf16,1,17,1,256,17,warp32_fused,4,4,100,21.414399147,10948,0.511244790238,8704,2909,true,1
bf16,1,17,1,256,17,baseline_transform,4,5,100,19.903999567,17408,0.874598089765,8704,2909,true,1
bf16,1,17,1,256,17,optimized_transform,4,6,100,19.7503995895,17408,0.8813998887,8704,2909,true,1
bf16,1,17,1,256,17,baseline_split,4,7,100,57.2735977173,28356,0.495097237299,8704,2909,true,1
bf16,1,17,1,256,17,optimized_split,4,8,100,37.0368003845,28356,0.765616891999,8704,2909,true,1
bf16,1,257,1,256,257,baseline_transform,0,0,100,49.964799881,263168,5.26706802843,131584,2909,true,1
bf16,1,257,1,256,257,optimized_transform,0,1,100,53.1328010559,263168,4.95302326943,131584,2909,true,1
bf16,1,257,1,256,257,baseline_split,0,2,100,152.287998199,428676,2.81490337432,131584,2909,true,1
bf16,1,257,1,256,257,optimized_split,0,3,100,88.9087963104,428676,4.82152517849,131584,2909,true,1
bf16,1,257,1,256,257,baseline_fused,0,4,100,108.825597763,165508,1.52085541823,131584,2909,true,1
bf16,1,257,1,256,257,optimized_fused,0,5,100,46.8287992477,165508,3.53432081665,131584,2909,true,1
bf16,1,257,1,256,257,warp32_transform,0,6,100,35.3279995918,263168,7.44927544839,131584,2909,true,1
bf16,1,257,1,256,257,warp32_split,0,7,100,70.0159978867,428676,6.12254360345,131584,2909,true,1
bf16,1,257,1,256,257,warp32_fused,0,8,100,37.3248004913,165508,4.43426348758,131584,2909,true,1
bf16,1,257,1,256,257,optimized_transform,1,0,100,50.9119987488,263168,5.16907617983,131584,2909,true,1
bf16,1,257,1,256,257,baseline_split,1,1,100,149.561595917,428676,2.86621707513,131584,2909,true,1
bf16,1,257,1,256,257,optimized_split,1,2,100,92.044801712,428676,4.65725377237,131584,2909,true,1
bf16,1,257,1,256,257,baseline_fused,1,3,100,109.952001572,165508,1.50527500759,131584,2909,true,1
bf16,1,257,1,256,257,optimized_fused,1,4,100,47.3023986816,165508,3.49893461247,131584,2909,true,1
bf16,1,257,1,256,257,warp32_transform,1,5,100,35.9488010406,263168,7.32063357836,131584,2909,true,1
bf16,1,257,1,256,257,warp32_split,1,6,100,73.1392002106,428676,5.86109772551,131584,2909,true,1
bf16,1,257,1,256,257,warp32_fused,1,7,100,37.2544002533,165508,4.44264298646,131584,2909,true,1
bf16,1,257,1,256,257,baseline_transform,1,8,100,53.2223987579,263168,4.94468506008,131584,2909,true,1
bf16,1,257,1,256,257,baseline_split,2,0,100,154.399995804,428676,2.77639903919,131584,2909,true,1
bf16,1,257,1,256,257,optimized_split,2,1,100,91.9231987,428676,4.66341474255,131584,2909,true,1
bf16,1,257,1,256,257,baseline_fused,2,2,100,110.284795761,165508,1.50073270624,131584,2909,true,1
bf16,1,257,1,256,257,optimized_fused,2,3,100,46.9055986404,165508,3.52853400867,131584,2909,true,1
bf16,1,257,1,256,257,warp32_transform,2,4,100,34.5792007446,263168,7.6105865472,131584,2909,true,1
bf16,1,257,1,256,257,warp32_split,2,5,100,71.0143995285,428676,6.03646588363,131584,2909,true,1
bf16,1,257,1,256,257,warp32_fused,2,6,100,37.4079990387,165508,4.4244013113,131584,2909,true,1
bf16,1,257,1,256,257,baseline_transform,2,7,100,49.9520015717,263168,5.26841751521,131584,2909,true,1
bf16,1,257,1,256,257,optimized_transform,2,8,100,53.1712007523,263168,4.94944624678,131584,2909,true,1
bf16,1,257,1,256,257,optimized_split,3,0,100,92.0895957947,428676,4.65498839799,131584,2909,true,1
bf16,1,257,1,256,257,baseline_fused,3,1,100,110.156803131,165508,1.5024764272,131584,2909,true,1
bf16,1,257,1,256,257,optimized_fused,3,2,100,47.1808004379,165508,3.50795235485,131584,2909,true,1
bf16,1,257,1,256,257,warp32_transform,3,3,100,35.1295995712,263168,7.49134642046,131584,2909,true,1
bf16,1,257,1,256,257,warp32_split,3,4,100,72.3839998245,428676,5.92224802497,131584,2909,true,1
bf16,1,257,1,256,257,warp32_fused,3,5,100,37.5103998184,165508,4.41232300379,131584,2909,true,1
bf16,1,257,1,256,257,baseline_transform,3,6,100,50.0479984283,263168,5.25831218559,131584,2909,true,1
bf16,1,257,1,256,257,optimized_transform,3,7,100,53.2800006866,263168,4.93933927568,131584,2909,true,1
bf16,1,257,1,256,257,baseline_split,3,8,100,152.569599152,428676,2.80970784733,131584,2909,true,1
bf16,1,257,1,256,257,baseline_fused,4,0,100,109.9903965,165508,1.5047495533,131584,2909,true,1
bf16,1,257,1,256,257,optimized_fused,4,1,100,47.1744012833,165508,3.50842820466,131584,2909,true,1
bf16,1,257,1,256,257,warp32_transform,4,2,100,36.1087989807,263168,7.28819588103,131584,2909,true,1
bf16,1,257,1,256,257,warp32_split,4,3,100,73.4592008591,428676,5.83556579689,131584,2909,true,1
bf16,1,257,1,256,257,warp32_fused,4,4,100,36.908800602,165508,4.4842421672,131584,2909,true,1
bf16,1,257,1,256,257,baseline_transform,4,5,100,53.407998085,263168,4.92750167458,131584,2909,true,1
bf16,1,257,1,256,257,optimized_transform,4,6,100,53.3504009247,263168,4.93282141162,131584,2909,true,1
bf16,1,257,1,256,257,baseline_split,4,7,100,154.252796173,428676,2.77904848816,131584,2909,true,1
bf16,1,257,1,256,257,optimized_split,4,8,100,91.9487953186,428676,4.66211654557,131584,2909,true,1
bf16,4,64,16,256,4096,baseline_transform,0,0,100,447.174415588,4194304,9.37957059659,2097152,2909,true,1
bf16,4,64,16,256,4096,optimized_transform,0,1,100,394.342384338,4194304,10.6361988125,2097152,2909,true,1
bf16,4,64,16,256,4096,baseline_split,0,2,100,1102.41920471,6832128,6.19739566473,2097152,2909,true,1
bf16,4,64,16,256,4096,optimized_split,0,3,100,710.931167603,6832128,9.61011179611,2097152,2909,true,1
bf16,4,64,16,256,4096,baseline_fused,0,4,100,656.755218506,2637824,4.01644924269,2097152,2909,true,1
bf16,4,64,16,256,4096,optimized_fused,0,5,100,356.774406433,2637824,7.39353482883,2097152,2909,true,1
bf16,4,64,16,256,4096,warp32_transform,0,6,100,228.172798157,4194304,18.382138598,2097152,2909,true,1
bf16,4,64,16,256,4096,warp32_split,0,7,100,568.537597656,6832128,12.0170205597,2097152,2909,true,1
bf16,4,64,16,256,4096,warp32_fused,0,8,100,352.588806152,2637824,7.48130387004,2097152,2909,true,1
bf16,4,64,16,256,4096,optimized_transform,1,0,100,394.681587219,4194304,10.6270576987,2097152,2909,true,1
bf16,4,64,16,256,4096,baseline_split,1,1,100,1109.20959473,6832128,6.15945627633,2097152,2909,true,1
bf16,4,64,16,256,4096,optimized_split,1,2,100,711.360015869,6832128,9.60431827427,2097152,2909,true,1
bf16,4,64,16,256,4096,baseline_fused,1,3,100,657.919998169,2637824,4.00933853256,2097152,2909,true,1
bf16,4,64,16,256,4096,optimized_fused,1,4,100,356.780815125,2637824,7.39340202213,2097152,2909,true,1
bf16,4,64,16,256,4096,warp32_transform,1,5,100,227.590408325,4194304,18.429177358,2097152,2909,true,1
bf16,4,64,16,256,4096,warp32_split,1,6,100,570.195198059,6832128,11.9820861755,2097152,2909,true,1
bf16,4,64,16,256,4096,warp32_fused,1,7,100,353.177604675,2637824,7.4688314465,2097152,2909,true,1
bf16,4,64,16,256,4096,baseline_transform,1,8,100,448.435211182,4194304,9.3531995156,2097152,2909,true,1
bf16,4,64,16,256,4096,baseline_split,2,0,100,1106.00959778,6832128,6.17727731633,2097152,2909,true,1
bf16,4,64,16,256,4096,optimized_split,2,1,100,713.830413818,6832128,9.57108000408,2097152,2909,true,1
bf16,4,64,16,256,4096,baseline_fused,2,2,100,656.876831055,2637824,4.01570564723,2097152,2909,true,1
bf16,4,64,16,256,4096,optimized_fused,2,3,100,356.396789551,2637824,7.40136857946,2097152,2909,true,1
bf16,4,64,16,256,4096,warp32_transform,2,4,100,227.999992371,4194304,18.396070791,2097152,2909,true,1
bf16,4,64,16,256,4096,warp32_split,2,5,100,568.064002991,6832128,12.0270391435,2097152,2909,true,1
bf16,4,64,16,256,4096,warp32_fused,2,6,100,354.207992554,2637824,7.44710468271,2097152,2909,true,1
bf16,4,64,16,256,4096,baseline_transform,2,7,100,447.014389038,4194304,9.38292838632,2097152,2909,true,1
bf16,4,64,16,256,4096,optimized_transform,2,8,100,393.753585815,4194304,10.652103628,2097152,2909,true,1
bf16,4,64,16,256,4096,optimized_split,3,0,100,711.103973389,6832128,9.60777643731,2097152,2909,true,1
bf16,4,64,16,256,4096,baseline_fused,3,1,100,655.628814697,2637824,4.02334970774,2097152,2909,true,1
bf16,4,64,16,256,4096,optimized_fused,3,2,100,356.716804504,2637824,7.39472872231,2097152,2909,true,1
bf16,4,64,16,256,4096,warp32_transform,3,3,100,228.524799347,4194304,18.3538242326,2097152,2909,true,1
bf16,4,64,16,256,4096,warp32_split,3,4,100,568.723182678,6832128,12.0130991809,2097152,2909,true,1
bf16,4,64,16,256,4096,warp32_fused,3,5,100,353.721618652,2637824,7.4573445922,2097152,2909,true,1
bf16,4,64,16,256,4096,baseline_transform,3,6,100,448.838386536,4194304,9.3447978734,2097152,2909,true,1
bf16,4,64,16,256,4096,optimized_transform,3,7,100,394.950408936,4194304,10.6198244263,2097152,2909,true,1
bf16,4,64,16,256,4096,baseline_split,3,8,100,1106.21437073,6832128,6.17613383155,2097152,2909,true,1
bf16,4,64,16,256,4096,baseline_fused,4,0,100,657.209625244,2637824,4.01367219633,2097152,2909,true,1
bf16,4,64,16,256,4096,optimized_fused,4,1,100,357.472000122,2637824,7.37910661282,2097152,2909,true,1
bf16,4,64,16,256,4096,warp32_transform,4,2,100,227.065601349,4194304,18.4717719244,2097152,2909,true,1
bf16,4,64,16,256,4096,warp32_split,4,3,100,568.88961792,6832128,12.0095846097,2097152,2909,true,1
bf16,4,64,16,256,4096,warp32_fused,4,4,100,353.004798889,2637824,7.47248764975,2097152,2909,true,1
bf16,4,64,16,256,4096,baseline_transform,4,5,100,447.289581299,4194304,9.37715559531,2097152,2909,true,1
bf16,4,64,16,256,4096,optimized_transform,4,6,100,393.446388245,4194304,10.6604206451,2097152,2909,true,1
bf16,4,64,16,256,4096,baseline_split,4,7,100,1107.99362183,6832128,6.16621600108,2097152,2909,true,1
bf16,4,64,16,256,4096,optimized_split,4,8,100,712.966384888,6832128,9.58267899415,2097152,2909,true,1
bf16,16,64,16,256,16384,baseline_transform,0,0,100,1695.83999634,16777216,9.89315975341,8388608,2909,true,1
bf16,16,64,16,256,16384,optimized_transform,0,1,100,1482.05444336,16777216,11.3202427044,8388608,2909,true,1
bf16,16,64,16,256,16384,baseline_split,0,2,100,3952.92144775,27328512,6.91349736169,8388608,2909,true,1
bf16,16,64,16,256,16384,optimized_split,0,3,100,2078.73275757,27328512,13.1467173452,8388608,2909,true,1
bf16,16,64,16,256,16384,baseline_fused,0,4,100,2376.65283203,10551296,4.43956132667,8388608,2909,true,1
bf16,16,64,16,256,16384,optimized_fused,0,5,100,738.579177856,10551296,14.2859375357,8388608,2909,true,1
bf16,16,64,16,256,16384,warp32_transform,0,6,100,862.867202759,16777216,19.4435666883,8388608,2909,true,1
bf16,16,64,16,256,16384,warp32_split,0,7,100,2218.61114502,27328512,12.317846713,8388608,2909,true,1
bf16,16,64,16,256,16384,warp32_fused,0,8,100,1362.7583313,10551296,7.74260245391,8388608,2909,true,1
bf16,16,64,16,256,16384,optimized_transform,1,0,100,1478.73916626,16777216,11.345622259,8388608,2909,true,1
bf16,16,64,16,256,16384,baseline_split,1,1,100,3957.58728027,27328512,6.90534663284,8388608,2909,true,1
bf16,16,64,16,256,16384,optimized_split,1,2,100,2078.3039856,27328512,13.149429626,8388608,2909,true,1
bf16,16,64,16,256,16384,baseline_fused,1,3,100,2377.82394409,10551296,4.43737477967,8388608,2909,true,1
bf16,16,64,16,256,16384,optimized_fused,1,4,100,738.643188477,10551296,14.2846995202,8388608,2909,true,1
bf16,16,64,16,256,16384,warp32_transform,1,5,100,864.211196899,16777216,19.4133286634,8388608,2909,true,1
bf16,16,64,16,256,16384,warp32_split,1,6,100,2217.09442139,27328512,12.3262734038,8388608,2909,true,1
bf16,16,64,16,256,16384,warp32_fused,1,7,100,1363.84002686,10551296,7.73646160271,8388608,2909,true,1
bf16,16,64,16,256,16384,baseline_transform,1,8,100,1691.53915405,16777216,9.91831372026,8388608,2909,true,1
bf16,16,64,16,256,16384,baseline_split,2,0,100,3949.33105469,27328512,6.91978252053,8388608,2909,true,1
bf16,16,64,16,256,16384,optimized_split,2,1,100,2077.31842041,27328512,13.1556682555,8388608,2909,true,1
bf16,16,64,16,256,16384,baseline_fused,2,2,100,2377.40158081,10551296,4.43816311269,8388608,2909,true,1
bf16,16,64,16,256,16384,optimized_fused,2,3,100,737.843170166,10551296,14.3001879351,8388608,2909,true,1
bf16,16,64,16,256,16384,warp32_transform,2,4,100,863.174362183,16777216,19.4366477215,8388608,2909,true,1
bf16,16,64,16,256,16384,warp32_split,2,5,100,2217.66403198,27328512,12.3231073805,8388608,2909,true,1
bf16,16,64,16,256,16384,warp32_fused,2,6,100,1363.61602783,10551296,7.73773245888,8388608,2909,true,1
bf16,16,64,16,256,16384,baseline_transform,2,7,100,1683.69277954,16777216,9.96453521917,8388608,2909,true,1
bf16,16,64,16,256,16384,optimized_transform,2,8,100,1479.57763672,16777216,11.3391927423,8388608,2909,true,1
bf16,16,64,16,256,16384,optimized_split,3,0,100,2079.55841064,27328512,13.1414976661,8388608,2909,true,1
bf16,16,64,16,256,16384,baseline_fused,3,1,100,2378.46405029,10551296,4.43618056733,8388608,2909,true,1
bf16,16,64,16,256,16384,optimized_fused,3,2,100,738.009567261,10551296,14.296963709,8388608,2909,true,1
bf16,16,64,16,256,16384,warp32_transform,3,3,100,863.564834595,16777216,19.4278591808,8388608,2909,true,1
bf16,16,64,16,256,16384,warp32_split,3,4,100,2216.24954224,27328512,12.3309724285,8388608,2909,true,1
bf16,16,64,16,256,16384,warp32_fused,3,5,100,1364.2880249,10551296,7.73392114232,8388608,2909,true,1
bf16,16,64,16,256,16384,baseline_transform,3,6,100,1691.77597046,16777216,9.91692534529,8388608,2909,true,1
bf16,16,64,16,256,16384,optimized_transform,3,7,100,1482.90557861,16777216,11.3137452863,8388608,2909,true,1
bf16,16,64,16,256,16384,baseline_split,3,8,100,3960.04486084,27328512,6.9010612153,8388608,2909,true,1
bf16,16,64,16,256,16384,baseline_fused,4,0,100,2379.18075562,10551296,4.4348442106,8388608,2909,true,1
bf16,16,64,16,256,16384,optimized_fused,4,1,100,738.643188477,10551296,14.2846995202,8388608,2909,true,1
bf16,16,64,16,256,16384,warp32_transform,4,2,100,863.007965088,16777216,19.4403953135,8388608,2909,true,1
bf16,16,64,16,256,16384,warp32_split,4,3,100,2216.88964844,27328512,12.3274119753,8388608,2909,true,1
bf16,16,64,16,256,16384,warp32_fused,4,4,100,1360.8895874,10551296,7.75323442671,8388608,2909,true,1
bf16,16,64,16,256,16384,baseline_transform,4,5,100,1692.16003418,16777216,9.91467453498,8388608,2909,true,1
bf16,16,64,16,256,16384,optimized_transform,4,6,100,1481.41433716,16777216,11.3251340825,8388608,2909,true,1
bf16,16,64,16,256,16384,baseline_split,4,7,100,3955.28320312,27328512,6.90936921493,8388608,2909,true,1
bf16,16,64,16,256,16384,optimized_split,4,8,100,2076.49276733,27328512,13.1608991998,8388608,2909,true,1
