run_index,dtype,dim,rows,normalized,shape,scale,mode,scope,method,group,event_interval_ms,calls_per_interval,per_call_us,per_call_ms
1,bf16,256,17,False,"[17, 256]",1.0,fused_int4,cuda_graph,original,1,2.008064031600952,1280,1.5688000246882439,0.0015688000246882438
1,bf16,256,17,False,"[17, 256]",1.0,fused_int4,cuda_graph,original,2,2.0039680004119873,1280,1.565600000321865,0.001565600000321865
1,bf16,256,17,False,"[17, 256]",1.0,fused_int4,cuda_graph,original,3,2.0069119930267334,1280,1.5678999945521355,0.0015678999945521355
1,bf16,256,17,False,"[17, 256]",1.0,fused_int4,cuda_graph,original,4,2.002943992614746,1280,1.5647999942302704,0.0015647999942302703
1,bf16,256,17,False,"[17, 256]",1.0,fused_int4,cuda_graph,original,5,2.0039680004119873,1280,1.565600000321865,0.001565600000321865
1,bf16,256,17,False,"[17, 256]",1.0,fused_int4,cuda_graph,contiguous256,1,1.8800640106201172,1280,1.4688000082969666,0.0014688000082969666
1,bf16,256,17,False,"[17, 256]",1.0,fused_int4,cuda_graph,contiguous256,2,1.8810880184173584,1280,1.4696000143885612,0.0014696000143885612
1,bf16,256,17,False,"[17, 256]",1.0,fused_int4,cuda_graph,contiguous256,3,1.879040002822876,1280,1.4680000022053719,0.0014680000022053719
1,bf16,256,17,False,"[17, 256]",1.0,fused_int4,cuda_graph,contiguous256,4,1.8780159950256348,1280,1.4671999961137772,0.0014671999961137772
1,bf16,256,17,False,"[17, 256]",1.0,fused_int4,cuda_graph,contiguous256,5,1.8800640106201172,1280,1.4688000082969666,0.0014688000082969666
1,bf16,256,17,False,"[17, 256]",1.0,transform,cuda_graph,original,1,1.4755840301513672,1280,1.1528000235557556,0.0011528000235557557
1,bf16,256,17,False,"[17, 256]",1.0,transform,cuda_graph,original,2,1.474560022354126,1280,1.152000017464161,0.001152000017464161
1,bf16,256,17,False,"[17, 256]",1.0,transform,cuda_graph,original,3,1.4725120067596436,1280,1.1504000052809715,0.0011504000052809716
1,bf16,256,17,False,"[17, 256]",1.0,transform,cuda_graph,original,4,1.4735360145568848,1280,1.1512000113725662,0.0011512000113725663
1,bf16,256,17,False,"[17, 256]",1.0,transform,cuda_graph,original,5,1.4735360145568848,1280,1.1512000113725662,0.0011512000113725663
1,bf16,256,17,False,"[17, 256]",1.0,transform,cuda_graph,contiguous256,1,1.486847996711731,1280,1.1615999974310398,0.0011615999974310398
1,bf16,256,17,False,"[17, 256]",1.0,transform,cuda_graph,contiguous256,2,1.4858239889144897,1280,1.1607999913394451,0.0011607999913394451
1,bf16,256,17,False,"[17, 256]",1.0,transform,cuda_graph,contiguous256,3,1.4858239889144897,1280,1.1607999913394451,0.0011607999913394451
1,bf16,256,17,False,"[17, 256]",1.0,transform,cuda_graph,contiguous256,4,1.4847999811172485,1280,1.1599999852478504,0.0011599999852478504
1,bf16,256,17,False,"[17, 256]",1.0,transform,cuda_graph,contiguous256,5,1.486847996711731,1280,1.1615999974310398,0.0011615999974310398
1,bf16,256,17,False,"[17, 256]",1.0,transform,cuda_graph,dao,1,1.369088053703308,1280,1.0696000419557095,0.0010696000419557095
1,bf16,256,17,False,"[17, 256]",1.0,transform,cuda_graph,dao,2,1.368064045906067,1280,1.0688000358641148,0.0010688000358641148
1,bf16,256,17,False,"[17, 256]",1.0,transform,cuda_graph,dao,3,1.3670400381088257,1280,1.06800002977252,0.0010680000297725201
1,bf16,256,17,False,"[17, 256]",1.0,transform,cuda_graph,dao,4,1.368064045906067,1280,1.0688000358641148,0.0010688000358641148
1,bf16,256,17,False,"[17, 256]",1.0,transform,cuda_graph,dao,5,1.3670400381088257,1280,1.06800002977252,0.0010680000297725201
1,bf16,256,64,True,"[64, 256]",0.0625,transform,cuda_graph,original,1,1.5001599788665771,1280,1.1719999834895134,0.0011719999834895133
1,bf16,256,64,True,"[64, 256]",0.0625,transform,cuda_graph,original,2,1.5032320022583008,1280,1.1744000017642975,0.0011744000017642974
1,bf16,256,64,True,"[64, 256]",0.0625,transform,cuda_graph,original,3,1.5001599788665771,1280,1.1719999834895134,0.0011719999834895133
1,bf16,256,64,True,"[64, 256]",0.0625,transform,cuda_graph,original,4,1.5011839866638184,1280,1.172799989581108,0.001172799989581108
1,bf16,256,64,True,"[64, 256]",0.0625,transform,cuda_graph,original,5,1.499135971069336,1280,1.1711999773979187,0.0011711999773979186
1,bf16,256,64,True,"[64, 256]",0.0625,transform,cuda_graph,contiguous256,1,1.521664023399353,1280,1.1888000182807446,0.0011888000182807446
1,bf16,256,64,True,"[64, 256]",0.0625,transform,cuda_graph,contiguous256,2,1.5196160078048706,1280,1.1872000060975552,0.0011872000060975552
1,bf16,256,64,True,"[64, 256]",0.0625,transform,cuda_graph,contiguous256,3,1.5184320211410522,1280,1.186275016516447,0.0011862750165164472
1,bf16,256,64,True,"[64, 256]",0.0625,transform,cuda_graph,contiguous256,4,1.5185920000076294,1280,1.1864000000059605,0.0011864000000059605
1,bf16,256,64,True,"[64, 256]",0.0625,transform,cuda_graph,contiguous256,5,1.5185920000076294,1280,1.1864000000059605,0.0011864000000059605
1,bf16,256,64,True,"[64, 256]",0.0625,transform,cuda_graph,dao,1,1.4376959800720215,1280,1.1231999844312668,0.0011231999844312668
1,bf16,256,64,True,"[64, 256]",0.0625,transform,cuda_graph,dao,2,1.435647964477539,1280,1.1215999722480774,0.0011215999722480774
1,bf16,256,64,True,"[64, 256]",0.0625,transform,cuda_graph,dao,3,1.4366719722747803,1280,1.122399978339672,0.0011223999783396721
1,bf16,256,64,True,"[64, 256]",0.0625,transform,cuda_graph,dao,4,1.435647964477539,1280,1.1215999722480774,0.0011215999722480774
1,bf16,256,64,True,"[64, 256]",0.0625,transform,cuda_graph,dao,5,1.4366719722747803,1280,1.122399978339672,0.0011223999783396721
1,bf16,256,64,True,"[64, 256]",0.0625,fused_int4,cuda_graph,original,1,2.023360013961792,1280,1.58075001090765,0.00158075001090765
1,bf16,256,64,True,"[64, 256]",0.0625,fused_int4,cuda_graph,original,2,2.02239990234375,1280,1.5799999237060547,0.0015799999237060547
1,bf16,256,64,True,"[64, 256]",0.0625,fused_int4,cuda_graph,original,3,2.021375894546509,1280,1.57919991761446,0.00157919991761446
1,bf16,256,64,True,"[64, 256]",0.0625,fused_int4,cuda_graph,original,4,2.023423910140991,1280,1.5807999297976494,0.0015807999297976494
1,bf16,256,64,True,"[64, 256]",0.0625,fused_int4,cuda_graph,original,5,2.021375894546509,1280,1.57919991761446,0.00157919991761446
1,bf16,256,64,True,"[64, 256]",0.0625,fused_int4,cuda_graph,contiguous256,1,1.908735990524292,1280,1.4911999925971031,0.0014911999925971032
1,bf16,256,64,True,"[64, 256]",0.0625,fused_int4,cuda_graph,contiguous256,2,1.9056639671325684,1280,1.488799974322319,0.001488799974322319
1,bf16,256,64,True,"[64, 256]",0.0625,fused_int4,cuda_graph,contiguous256,3,1.9056639671325684,1280,1.488799974322319,0.001488799974322319
1,bf16,256,64,True,"[64, 256]",0.0625,fused_int4,cuda_graph,contiguous256,4,1.9077119827270508,1280,1.4903999865055084,0.0014903999865055085
1,bf16,256,64,True,"[64, 256]",0.0625,fused_int4,cuda_graph,contiguous256,5,1.9056639671325684,1280,1.488799974322319,0.001488799974322319
1,bf16,256,1,True,"[1, 256]",0.0625,fused_int4,cuda_graph,original,1,1.9363839626312256,1280,1.512799970805645,0.001512799970805645
1,bf16,256,1,True,"[1, 256]",0.0625,fused_int4,cuda_graph,original,2,1.9343359470367432,1280,1.5111999586224556,0.0015111999586224557
1,bf16,256,1,True,"[1, 256]",0.0625,fused_int4,cuda_graph,original,3,1.9343359470367432,1280,1.5111999586224556,0.0015111999586224557
1,bf16,256,1,True,"[1, 256]",0.0625,fused_int4,cuda_graph,original,4,1.9333120584487915,1280,1.5104000456631184,0.0015104000456631183
1,bf16,256,1,True,"[1, 256]",0.0625,fused_int4,cuda_graph,original,5,1.9353599548339844,1280,1.5119999647140503,0.0015119999647140504
1,bf16,256,1,True,"[1, 256]",0.0625,fused_int4,cuda_graph,contiguous256,1,1.8083839416503906,1280,1.4127999544143677,0.0014127999544143676
1,bf16,256,1,True,"[1, 256]",0.0625,fused_int4,cuda_graph,contiguous256,2,1.8114559650421143,1280,1.4151999726891518,0.0014151999726891517
1,bf16,256,1,True,"[1, 256]",0.0625,fused_int4,cuda_graph,contiguous256,3,1.8083200454711914,1280,1.4127500355243683,0.0014127500355243683
1,bf16,256,1,True,"[1, 256]",0.0625,fused_int4,cuda_graph,contiguous256,4,1.8083200454711914,1280,1.4127500355243683,0.0014127500355243683
1,bf16,256,1,True,"[1, 256]",0.0625,fused_int4,cuda_graph,contiguous256,5,1.8083839416503906,1280,1.4127999544143677,0.0014127999544143676
1,bf16,256,1,True,"[1, 256]",0.0625,transform,cuda_graph,original,1,1.4028799533843994,1280,1.095999963581562,0.001095999963581562
1,bf16,256,1,True,"[1, 256]",0.0625,transform,cuda_graph,original,2,1.4018559455871582,1280,1.0951999574899673,0.0010951999574899673
1,bf16,256,1,True,"[1, 256]",0.0625,transform,cuda_graph,original,3,1.4018559455871582,1280,1.0951999574899673,0.0010951999574899673
1,bf16,256,1,True,"[1, 256]",0.0625,transform,cuda_graph,original,4,1.4008320569992065,1280,1.0944000445306301,0.0010944000445306302
1,bf16,256,1,True,"[1, 256]",0.0625,transform,cuda_graph,original,5,1.4018559455871582,1280,1.0951999574899673,0.0010951999574899673
1,bf16,256,1,True,"[1, 256]",0.0625,transform,cuda_graph,contiguous256,1,1.4202879667282104,1280,1.1095999740064144,0.0011095999740064143
1,bf16,256,1,True,"[1, 256]",0.0625,transform,cuda_graph,contiguous256,2,1.4223359823226929,1280,1.1111999861896038,0.0011111999861896037
1,bf16,256,1,True,"[1, 256]",0.0625,transform,cuda_graph,contiguous256,3,1.4213119745254517,1280,1.110399980098009,0.001110399980098009
1,bf16,256,1,True,"[1, 256]",0.0625,transform,cuda_graph,contiguous256,4,1.4213119745254517,1280,1.110399980098009,0.001110399980098009
1,bf16,256,1,True,"[1, 256]",0.0625,transform,cuda_graph,contiguous256,5,1.4213119745254517,1280,1.110399980098009,0.001110399980098009
1,bf16,256,1,True,"[1, 256]",0.0625,transform,cuda_graph,dao,1,1.3660160303115845,1280,1.0672000236809254,0.0010672000236809254
1,bf16,256,1,True,"[1, 256]",0.0625,transform,cuda_graph,dao,2,1.3629440069198608,1280,1.0648000054061413,0.0010648000054061413
1,bf16,256,1,True,"[1, 256]",0.0625,transform,cuda_graph,dao,3,1.3619199991226196,1280,1.0639999993145466,0.0010639999993145466
1,bf16,256,1,True,"[1, 256]",0.0625,transform,cuda_graph,dao,4,1.3618559837341309,1280,1.0639499872922897,0.0010639499872922898
1,bf16,256,1,True,"[1, 256]",0.0625,transform,cuda_graph,dao,5,1.3629440069198608,1280,1.0648000054061413,0.0010648000054061413
1,fp16,256,257,False,"[257, 256]",1.0,transform,cuda_graph,original,1,1.5452159643173218,1280,1.2071999721229076,0.0012071999721229077
1,fp16,256,257,False,"[257, 256]",1.0,transform,cuda_graph,original,2,1.5411200523376465,1280,1.2040000408887863,0.0012040000408887863
1,fp16,256,257,False,"[257, 256]",1.0,transform,cuda_graph,original,3,1.5421439409255981,1280,1.2047999538481236,0.0012047999538481236
1,fp16,256,257,False,"[257, 256]",1.0,transform,cuda_graph,original,4,1.5441919565200806,1280,1.206399966031313,0.001206399966031313
1,fp16,256,257,False,"[257, 256]",1.0,transform,cuda_graph,original,5,1.5420160293579102,1280,1.2047000229358673,0.0012047000229358674
1,fp16,256,257,False,"[257, 256]",1.0,transform,cuda_graph,contiguous256,1,1.5974400043487549,1280,1.2480000033974648,0.0012480000033974648
1,fp16,256,257,False,"[257, 256]",1.0,transform,cuda_graph,contiguous256,2,1.6005120277404785,1280,1.2504000216722488,0.0012504000216722489
1,fp16,256,257,False,"[257, 256]",1.0,transform,cuda_graph,contiguous256,3,1.5974080562591553,1280,1.247975043952465,0.001247975043952465
1,fp16,256,257,False,"[257, 256]",1.0,transform,cuda_graph,contiguous256,4,1.5973119735717773,1280,1.247899979352951,0.001247899979352951
1,fp16,256,257,False,"[257, 256]",1.0,transform,cuda_graph,contiguous256,5,1.5953919887542725,1280,1.2463999912142754,0.0012463999912142754
1,fp16,256,257,False,"[257, 256]",1.0,transform,cuda_graph,dao,1,1.8708479404449463,1280,1.4615999534726143,0.0014615999534726143
1,fp16,256,257,False,"[257, 256]",1.0,transform,cuda_graph,dao,2,1.8718080520629883,1280,1.4623500406742096,0.0014623500406742095
1,fp16,256,257,False,"[257, 256]",1.0,transform,cuda_graph,dao,3,1.8708479404449463,1280,1.4615999534726143,0.0014615999534726143
1,fp16,256,257,False,"[257, 256]",1.0,transform,cuda_graph,dao,4,1.8626559972763062,1280,1.4551999978721142,0.0014551999978721143
1,fp16,256,257,False,"[257, 256]",1.0,transform,cuda_graph,dao,5,1.8698240518569946,1280,1.460800040513277,0.0014608000405132771
1,fp16,256,257,False,"[257, 256]",1.0,fused_int4,cuda_graph,original,1,2.096127986907959,1280,1.637599989771843,0.001637599989771843
1,fp16,256,257,False,"[257, 256]",1.0,fused_int4,cuda_graph,original,2,2.0951039791107178,1280,1.6367999836802483,0.0016367999836802483
1,fp16,256,257,False,"[257, 256]",1.0,fused_int4,cuda_graph,original,3,2.0951039791107178,1280,1.6367999836802483,0.0016367999836802483
1,fp16,256,257,False,"[257, 256]",1.0,fused_int4,cuda_graph,original,4,2.0950400829315186,1280,1.6367500647902489,0.0016367500647902489
1,fp16,256,257,False,"[257, 256]",1.0,fused_int4,cuda_graph,original,5,2.0940799713134766,1280,1.6359999775886536,0.0016359999775886537
1,fp16,256,257,False,"[257, 256]",1.0,fused_int4,cuda_graph,contiguous256,1,2.0008959770202637,1280,1.563199982047081,0.001563199982047081
1,fp16,256,257,False,"[257, 256]",1.0,fused_int4,cuda_graph,contiguous256,2,1.9988479614257812,1280,1.5615999698638916,0.0015615999698638916
1,fp16,256,257,False,"[257, 256]",1.0,fused_int4,cuda_graph,contiguous256,3,1.9957760572433472,1280,1.559200044721365,0.001559200044721365
1,fp16,256,257,False,"[257, 256]",1.0,fused_int4,cuda_graph,contiguous256,4,1.994752049446106,1280,1.5584000386297703,0.0015584000386297703
1,fp16,256,257,False,"[257, 256]",1.0,fused_int4,cuda_graph,contiguous256,5,1.9967999458312988,1280,1.5599999576807022,0.0015599999576807022
1,bf16,256,4096,False,"[4096, 256]",1.0,fused_int4,cuda_graph,original,1,4.340735912322998,1280,3.3911999315023422,0.0033911999315023424
1,bf16,256,4096,False,"[4096, 256]",1.0,fused_int4,cuda_graph,original,2,4.338687896728516,1280,3.389599919319153,0.003389599919319153
1,bf16,256,4096,False,"[4096, 256]",1.0,fused_int4,cuda_graph,original,3,4.331488132476807,1280,3.383975103497505,0.0033839751034975053
1,bf16,256,4096,False,"[4096, 256]",1.0,fused_int4,cuda_graph,original,4,4.335616111755371,1280,3.3872000873088837,0.0033872000873088836
1,bf16,256,4096,False,"[4096, 256]",1.0,fused_int4,cuda_graph,original,5,4.344831943511963,1280,3.394399955868721,0.003394399955868721
1,bf16,256,4096,False,"[4096, 256]",1.0,fused_int4,cuda_graph,contiguous256,1,3.9096319675445557,1280,3.054399974644184,0.003054399974644184
1,bf16,256,4096,False,"[4096, 256]",1.0,fused_int4,cuda_graph,contiguous256,2,3.92192006111145,1280,3.0640000477433205,0.0030640000477433205
1,bf16,256,4096,False,"[4096, 256]",1.0,fused_int4,cuda_graph,contiguous256,3,3.9086079597473145,1280,3.0535999685525894,0.0030535999685525894
1,bf16,256,4096,False,"[4096, 256]",1.0,fused_int4,cuda_graph,contiguous256,4,3.910655975341797,1280,3.055199980735779,0.003055199980735779
1,bf16,256,4096,False,"[4096, 256]",1.0,fused_int4,cuda_graph,contiguous256,5,3.9229440689086914,1280,3.064800053834915,0.003064800053834915
1,bf16,256,4096,False,"[4096, 256]",1.0,transform,cuda_graph,original,1,3.5921919345855713,1280,2.8063999488949776,0.0028063999488949776
1,bf16,256,4096,False,"[4096, 256]",1.0,transform,cuda_graph,original,2,3.5942399501800537,1280,2.807999961078167,0.002807999961078167
1,bf16,256,4096,False,"[4096, 256]",1.0,transform,cuda_graph,original,3,3.5973119735717773,1280,2.810399979352951,0.002810399979352951
1,bf16,256,4096,False,"[4096, 256]",1.0,transform,cuda_graph,original,4,3.6043519973754883,1280,2.8158999979496,0.0028158999979496003
1,bf16,256,4096,False,"[4096, 256]",1.0,transform,cuda_graph,original,5,3.600224018096924,1280,2.8126750141382217,0.0028126750141382216
1,bf16,256,4096,False,"[4096, 256]",1.0,transform,cuda_graph,contiguous256,1,3.270656108856201,1280,2.555200085043907,0.0025552000850439073
1,bf16,256,4096,False,"[4096, 256]",1.0,transform,cuda_graph,contiguous256,2,3.2624640464782715,1280,2.5488000363111496,0.0025488000363111498
1,bf16,256,4096,False,"[4096, 256]",1.0,transform,cuda_graph,contiguous256,3,3.264512062072754,1280,2.550400048494339,0.002550400048494339
1,bf16,256,4096,False,"[4096, 256]",1.0,transform,cuda_graph,contiguous256,4,3.260416030883789,1280,2.54720002412796,0.0025472000241279604
1,bf16,256,4096,False,"[4096, 256]",1.0,transform,cuda_graph,contiguous256,5,3.264512062072754,1280,2.550400048494339,0.002550400048494339
1,bf16,256,4096,False,"[4096, 256]",1.0,transform,cuda_graph,dao,1,4.302847862243652,1280,3.3615998923778534,0.0033615998923778533
1,bf16,256,4096,False,"[4096, 256]",1.0,transform,cuda_graph,dao,2,4.30079984664917,1280,3.359999880194664,0.003359999880194664
1,bf16,256,4096,False,"[4096, 256]",1.0,transform,cuda_graph,dao,3,4.299680233001709,1280,3.359125182032585,0.0033591251820325853
1,bf16,256,4096,False,"[4096, 256]",1.0,transform,cuda_graph,dao,4,4.2987518310546875,1280,3.3583998680114746,0.0033583998680114745
1,bf16,256,4096,False,"[4096, 256]",1.0,transform,cuda_graph,dao,5,4.30079984664917,1280,3.359999880194664,0.003359999880194664
1,bf16,256,16384,False,"[16384, 256]",1.0,transform,cuda_graph,original,1,11.315199851989746,1280,8.83999988436699,0.008839999884366989
1,bf16,256,16384,False,"[16384, 256]",1.0,transform,cuda_graph,original,2,11.323391914367676,1280,8.846399933099747,0.008846399933099746
1,bf16,256,16384,False,"[16384, 256]",1.0,transform,cuda_graph,original,3,11.315199851989746,1280,8.83999988436699,0.008839999884366989
1,bf16,256,16384,False,"[16384, 256]",1.0,transform,cuda_graph,original,4,11.315199851989746,1280,8.83999988436699,0.008839999884366989
1,bf16,256,16384,False,"[16384, 256]",1.0,transform,cuda_graph,original,5,11.325440406799316,1280,8.848000317811966,0.008848000317811966
1,bf16,256,16384,False,"[16384, 256]",1.0,transform,cuda_graph,contiguous256,1,11.34182357788086,1280,8.860799670219421,0.00886079967021942
1,bf16,256,16384,False,"[16384, 256]",1.0,transform,cuda_graph,contiguous256,2,11.339776039123535,1280,8.859200030565262,0.008859200030565261
1,bf16,256,16384,False,"[16384, 256]",1.0,transform,cuda_graph,contiguous256,3,11.34182357788086,1280,8.860799670219421,0.00886079967021942
1,bf16,256,16384,False,"[16384, 256]",1.0,transform,cuda_graph,contiguous256,4,11.345919609069824,1280,8.8639996945858,0.0088639996945858
1,bf16,256,16384,False,"[16384, 256]",1.0,transform,cuda_graph,contiguous256,5,11.348959922790527,1280,8.8663749396801,0.0088663749396801
1,bf16,256,16384,False,"[16384, 256]",1.0,transform,cuda_graph,dao,1,12.323840141296387,1280,9.628000110387802,0.009628000110387802
1,bf16,256,16384,False,"[16384, 256]",1.0,transform,cuda_graph,dao,2,12.322815895080566,1280,9.627199918031693,0.009627199918031692
1,bf16,256,16384,False,"[16384, 256]",1.0,transform,cuda_graph,dao,3,12.326848030090332,1280,9.630350023508072,0.009630350023508072
1,bf16,256,16384,False,"[16384, 256]",1.0,transform,cuda_graph,dao,4,12.322688102722168,1280,9.627100080251694,0.009627100080251694
1,bf16,256,16384,False,"[16384, 256]",1.0,transform,cuda_graph,dao,5,12.321791648864746,1280,9.626399725675583,0.009626399725675583
1,bf16,256,16384,False,"[16384, 256]",1.0,fused_int4,cuda_graph,original,1,10.904576301574707,1280,8.51920023560524,0.00851920023560524
1,bf16,256,16384,False,"[16384, 256]",1.0,fused_int4,cuda_graph,original,2,10.897407531738281,1280,8.513599634170532,0.008513599634170532
1,bf16,256,16384,False,"[16384, 256]",1.0,fused_int4,cuda_graph,original,3,11.075584411621094,1280,8.65280032157898,0.00865280032157898
1,bf16,256,16384,False,"[16384, 256]",1.0,fused_int4,cuda_graph,original,4,11.45139217376709,1280,8.946400135755539,0.008946400135755539
1,bf16,256,16384,False,"[16384, 256]",1.0,fused_int4,cuda_graph,original,5,11.460607528686523,1280,8.953599631786346,0.008953599631786347
1,bf16,256,16384,False,"[16384, 256]",1.0,fused_int4,cuda_graph,contiguous256,1,9.359359741210938,1280,7.311999797821045,0.007311999797821045
1,bf16,256,16384,False,"[16384, 256]",1.0,fused_int4,cuda_graph,contiguous256,2,9.3602876663208,1280,7.312724739313126,0.007312724739313126
1,bf16,256,16384,False,"[16384, 256]",1.0,fused_int4,cuda_graph,contiguous256,3,9.400320053100586,1280,7.344000041484833,0.007344000041484833
1,bf16,256,16384,False,"[16384, 256]",1.0,fused_int4,cuda_graph,contiguous256,4,9.84985637664795,1280,7.69520029425621,0.007695200294256211
1,bf16,256,16384,False,"[16384, 256]",1.0,fused_int4,cuda_graph,contiguous256,5,9.866239547729492,1280,7.707999646663666,0.007707999646663665
1,bf16,256,64,False,"[64, 256]",1.0,fused_int4,cuda_graph,original,1,1.8647040128707886,1280,1.4568000100553036,0.0014568000100553037
1,bf16,256,64,False,"[64, 256]",1.0,fused_int4,cuda_graph,original,2,1.8595839738845825,1280,1.45279997959733,0.0014527999795973302
1,bf16,256,64,False,"[64, 256]",1.0,fused_int4,cuda_graph,original,3,1.8606079816818237,1280,1.4535999856889248,0.0014535999856889249
1,bf16,256,64,False,"[64, 256]",1.0,fused_int4,cuda_graph,original,4,1.8595839738845825,1280,1.45279997959733,0.0014527999795973302
1,bf16,256,64,False,"[64, 256]",1.0,fused_int4,cuda_graph,original,5,1.861631989479065,1280,1.4543999917805195,0.0014543999917805196
1,bf16,256,64,False,"[64, 256]",1.0,fused_int4,cuda_graph,contiguous256,1,1.7469439506530762,1280,1.3647999614477158,0.0013647999614477158
1,bf16,256,64,False,"[64, 256]",1.0,fused_int4,cuda_graph,contiguous256,2,1.7489919662475586,1280,1.3663999736309052,0.0013663999736309052
1,bf16,256,64,False,"[64, 256]",1.0,fused_int4,cuda_graph,contiguous256,3,1.745919942855835,1280,1.363999955356121,0.001363999955356121
1,bf16,256,64,False,"[64, 256]",1.0,fused_int4,cuda_graph,contiguous256,4,1.745919942855835,1280,1.363999955356121,0.001363999955356121
1,bf16,256,64,False,"[64, 256]",1.0,fused_int4,cuda_graph,contiguous256,5,1.745919942855835,1280,1.363999955356121,0.001363999955356121
1,bf16,256,64,False,"[64, 256]",1.0,transform,cuda_graph,original,1,1.381376028060913,1280,1.0792000219225883,0.0010792000219225883
1,bf16,256,64,False,"[64, 256]",1.0,transform,cuda_graph,original,2,1.3761600255966187,1280,1.0751250199973583,0.0010751250199973583
1,bf16,256,64,False,"[64, 256]",1.0,transform,cuda_graph,original,3,1.376255989074707,1280,1.0751999914646149,0.0010751999914646148
1,bf16,256,64,False,"[64, 256]",1.0,transform,cuda_graph,original,4,1.376255989074707,1280,1.0751999914646149,0.0010751999914646148
1,bf16,256,64,False,"[64, 256]",1.0,transform,cuda_graph,original,5,1.3824000358581543,1280,1.080000028014183,0.001080000028014183
1,bf16,256,64,False,"[64, 256]",1.0,transform,cuda_graph,contiguous256,1,1.3863999843597412,1280,1.0831249877810478,0.001083124987781048
1,bf16,256,64,False,"[64, 256]",1.0,transform,cuda_graph,contiguous256,2,1.3844480514526367,1280,1.0816000401973724,0.0010816000401973724
1,bf16,256,64,False,"[64, 256]",1.0,transform,cuda_graph,contiguous256,3,1.3844480514526367,1280,1.0816000401973724,0.0010816000401973724
1,bf16,256,64,False,"[64, 256]",1.0,transform,cuda_graph,contiguous256,4,1.3916159868240356,1280,1.0871999897062778,0.001087199989706278
1,bf16,256,64,False,"[64, 256]",1.0,transform,cuda_graph,contiguous256,5,1.3844480514526367,1280,1.0816000401973724,0.0010816000401973724
1,bf16,256,64,False,"[64, 256]",1.0,transform,cuda_graph,dao,1,1.321984052658081,1280,1.0328000411391258,0.001032800041139126
1,bf16,256,64,False,"[64, 256]",1.0,transform,cuda_graph,dao,2,1.3209600448608398,1280,1.0320000350475311,0.0010320000350475312
1,bf16,256,64,False,"[64, 256]",1.0,transform,cuda_graph,dao,3,1.3230079412460327,1280,1.033599954098463,0.001033599954098463
1,bf16,256,64,False,"[64, 256]",1.0,transform,cuda_graph,dao,4,1.321984052658081,1280,1.0328000411391258,0.001032800041139126
1,bf16,256,64,False,"[64, 256]",1.0,transform,cuda_graph,dao,5,1.321984052658081,1280,1.0328000411391258,0.001032800041139126
1,bf16,256,4096,True,"[4096, 256]",0.0625,transform,cuda_graph,original,1,3.3423359394073486,1280,2.611199952661991,0.002611199952661991
1,bf16,256,4096,True,"[4096, 256]",0.0625,transform,cuda_graph,original,2,3.3361918926239014,1280,2.606399916112423,0.002606399916112423
1,bf16,256,4096,True,"[4096, 256]",0.0625,transform,cuda_graph,original,3,3.3422720432281494,1280,2.6111500337719917,0.0026111500337719917
1,bf16,256,4096,True,"[4096, 256]",0.0625,transform,cuda_graph,original,4,3.340224027633667,1280,2.6095500215888023,0.0026095500215888023
1,bf16,256,4096,True,"[4096, 256]",0.0625,transform,cuda_graph,original,5,3.3320960998535156,1280,2.603200078010559,0.002603200078010559
1,bf16,256,4096,True,"[4096, 256]",0.0625,transform,cuda_graph,contiguous256,1,3.0597119331359863,1280,2.3903999477624893,0.0023903999477624892
1,bf16,256,4096,True,"[4096, 256]",0.0625,transform,cuda_graph,contiguous256,2,3.057663917541504,1280,2.3887999355793,0.0023887999355793
1,bf16,256,4096,True,"[4096, 256]",0.0625,transform,cuda_graph,contiguous256,3,3.0597119331359863,1280,2.3903999477624893,0.0023903999477624892
1,bf16,256,4096,True,"[4096, 256]",0.0625,transform,cuda_graph,contiguous256,4,3.0566399097442627,1280,2.3879999294877052,0.002387999929487705
1,bf16,256,4096,True,"[4096, 256]",0.0625,transform,cuda_graph,contiguous256,5,3.0617599487304688,1280,2.3919999599456787,0.0023919999599456786
1,bf16,256,4096,True,"[4096, 256]",0.0625,transform,cuda_graph,dao,1,3.9813120365142822,1280,3.110400028526783,0.003110400028526783
1,bf16,256,4096,True,"[4096, 256]",0.0625,transform,cuda_graph,dao,2,3.976191997528076,1280,3.1063999980688095,0.0031063999980688096
1,bf16,256,4096,True,"[4096, 256]",0.0625,transform,cuda_graph,dao,3,3.9833600521087646,1280,3.1120000407099724,0.0031120000407099725
1,bf16,256,4096,True,"[4096, 256]",0.0625,transform,cuda_graph,dao,4,3.976191997528076,1280,3.1063999980688095,0.0031063999980688096
1,bf16,256,4096,True,"[4096, 256]",0.0625,transform,cuda_graph,dao,5,3.9813120365142822,1280,3.110400028526783,0.003110400028526783
1,bf16,256,4096,True,"[4096, 256]",0.0625,fused_int4,cuda_graph,original,1,3.960832118988037,1280,3.094400092959404,0.003094400092959404
1,bf16,256,4096,True,"[4096, 256]",0.0625,fused_int4,cuda_graph,original,2,3.959808111190796,1280,3.0936000868678093,0.003093600086867809
1,bf16,256,4096,True,"[4096, 256]",0.0625,fused_int4,cuda_graph,original,3,3.9587841033935547,1280,3.0928000807762146,0.0030928000807762144
1,bf16,256,4096,True,"[4096, 256]",0.0625,fused_int4,cuda_graph,original,4,3.9639039039611816,1280,3.096799924969673,0.0030967999249696732
1,bf16,256,4096,True,"[4096, 256]",0.0625,fused_int4,cuda_graph,original,5,3.9639039039611816,1280,3.096799924969673,0.0030967999249696732
1,bf16,256,4096,True,"[4096, 256]",0.0625,fused_int4,cuda_graph,contiguous256,1,3.5870718955993652,1280,2.802399918437004,0.002802399918437004
1,bf16,256,4096,True,"[4096, 256]",0.0625,fused_int4,cuda_graph,contiguous256,2,3.5829761028289795,1280,2.7992000803351402,0.0027992000803351404
1,bf16,256,4096,True,"[4096, 256]",0.0625,fused_int4,cuda_graph,contiguous256,3,3.5840001106262207,1280,2.800000086426735,0.002800000086426735
1,bf16,256,4096,True,"[4096, 256]",0.0625,fused_int4,cuda_graph,contiguous256,4,3.5860159397125244,1280,2.8015749529004097,0.00280157495290041
1,bf16,256,4096,True,"[4096, 256]",0.0625,fused_int4,cuda_graph,contiguous256,5,3.585024118423462,1280,2.8008000925183296,0.00280080009251833
1,fp16,256,16384,True,"[16384, 256]",0.0625,fused_int4,cuda_graph,original,1,10.982399940490723,1280,8.579999953508377,0.008579999953508378
1,fp16,256,16384,True,"[16384, 256]",0.0625,fused_int4,cuda_graph,original,2,11.468799591064453,1280,8.959999680519104,0.008959999680519104
1,fp16,256,16384,True,"[16384, 256]",0.0625,fused_int4,cuda_graph,original,3,11.46777629852295,1280,8.959200233221054,0.008959200233221054
1,fp16,256,16384,True,"[16384, 256]",0.0625,fused_int4,cuda_graph,original,4,11.477984428405762,1280,8.967175334692001,0.008967175334692
1,fp16,256,16384,True,"[16384, 256]",0.0625,fused_int4,cuda_graph,original,5,11.497471809387207,1280,8.982399851083755,0.008982399851083756
1,fp16,256,16384,True,"[16384, 256]",0.0625,fused_int4,cuda_graph,contiguous256,1,9.41977596282959,1280,7.359199970960617,0.007359199970960617
1,fp16,256,16384,True,"[16384, 256]",0.0625,fused_int4,cuda_graph,contiguous256,2,9.62764835357666,1280,7.521600276231766,0.007521600276231766
1,fp16,256,16384,True,"[16384, 256]",0.0625,fused_int4,cuda_graph,contiguous256,3,9.893888473510742,1280,7.729600369930267,0.0077296003699302675
1,fp16,256,16384,True,"[16384, 256]",0.0625,fused_int4,cuda_graph,contiguous256,4,9.900032043457031,1280,7.734400033950806,0.0077344000339508055
1,fp16,256,16384,True,"[16384, 256]",0.0625,fused_int4,cuda_graph,contiguous256,5,9.921536445617676,1280,7.751200348138809,0.007751200348138809
1,fp16,256,16384,True,"[16384, 256]",0.0625,transform,cuda_graph,original,1,11.319295883178711,1280,8.843199908733368,0.008843199908733368
1,fp16,256,16384,True,"[16384, 256]",0.0625,transform,cuda_graph,original,2,11.321344375610352,1280,8.844800293445587,0.008844800293445587
1,fp16,256,16384,True,"[16384, 256]",0.0625,transform,cuda_graph,original,3,11.314080238342285,1280,8.83912518620491,0.00883912518620491
1,fp16,256,16384,True,"[16384, 256]",0.0625,transform,cuda_graph,original,4,11.311103820800781,1280,8.83679986000061,0.00883679986000061
1,fp16,256,16384,True,"[16384, 256]",0.0625,transform,cuda_graph,original,5,11.320320129394531,1280,8.844000101089478,0.008844000101089478
1,fp16,256,16384,True,"[16384, 256]",0.0625,transform,cuda_graph,contiguous256,1,11.335519790649414,1280,8.855874836444855,0.008855874836444854
1,fp16,256,16384,True,"[16384, 256]",0.0625,transform,cuda_graph,contiguous256,2,11.331583976745605,1280,8.852799981832504,0.008852799981832504
1,fp16,256,16384,True,"[16384, 256]",0.0625,transform,cuda_graph,contiguous256,3,11.320287704467773,1280,8.843974769115448,0.008843974769115448
1,fp16,256,16384,True,"[16384, 256]",0.0625,transform,cuda_graph,contiguous256,4,11.332608222961426,1280,8.853600174188614,0.008853600174188615
1,fp16,256,16384,True,"[16384, 256]",0.0625,transform,cuda_graph,contiguous256,5,11.345919609069824,1280,8.8639996945858,0.0088639996945858
1,fp16,256,16384,True,"[16384, 256]",0.0625,transform,cuda_graph,dao,1,11.447296142578125,1280,8.94320011138916,0.00894320011138916
1,fp16,256,16384,True,"[16384, 256]",0.0625,transform,cuda_graph,dao,2,11.440128326416016,1280,8.937600255012512,0.008937600255012512
1,fp16,256,16384,True,"[16384, 256]",0.0625,transform,cuda_graph,dao,3,11.439104080200195,1280,8.936800062656403,0.008936800062656403
1,fp16,256,16384,True,"[16384, 256]",0.0625,transform,cuda_graph,dao,4,11.480064392089844,1280,8.96880030632019,0.00896880030632019
1,fp16,256,16384,True,"[16384, 256]",0.0625,transform,cuda_graph,dao,5,11.485183715820312,1280,8.97279977798462,0.00897279977798462
1,fp16,256,4096,False,"[4096, 256]",1.0,transform,cuda_graph,original,1,3.314687967300415,1280,2.5895999744534492,0.002589599974453449
1,fp16,256,4096,False,"[4096, 256]",1.0,transform,cuda_graph,original,2,3.31059193611145,1280,2.5863999500870705,0.0025863999500870703
1,fp16,256,4096,False,"[4096, 256]",1.0,transform,cuda_graph,original,3,3.309567928314209,1280,2.5855999439954758,0.0025855999439954756
1,fp16,256,4096,False,"[4096, 256]",1.0,transform,cuda_graph,original,4,3.31059193611145,1280,2.5863999500870705,0.0025863999500870703
1,fp16,256,4096,False,"[4096, 256]",1.0,transform,cuda_graph,original,5,3.3085439205169678,1280,2.584799937903881,0.002584799937903881
1,fp16,256,4096,False,"[4096, 256]",1.0,transform,cuda_graph,contiguous256,1,3.14572811126709,1280,2.457600086927414,0.002457600086927414
1,fp16,256,4096,False,"[4096, 256]",1.0,transform,cuda_graph,contiguous256,2,3.1395840644836426,1280,2.4528000503778458,0.0024528000503778458
1,fp16,256,4096,False,"[4096, 256]",1.0,transform,cuda_graph,contiguous256,3,3.1395840644836426,1280,2.4528000503778458,0.0024528000503778458
1,fp16,256,4096,False,"[4096, 256]",1.0,transform,cuda_graph,contiguous256,4,3.140575885772705,1280,2.453574910759926,0.002453574910759926
1,fp16,256,4096,False,"[4096, 256]",1.0,transform,cuda_graph,contiguous256,5,3.1385600566864014,1280,2.452000044286251,0.002452000044286251
1,fp16,256,4096,False,"[4096, 256]",1.0,transform,cuda_graph,dao,1,3.9782400131225586,1280,3.108000010251999,0.003108000010251999
1,fp16,256,4096,False,"[4096, 256]",1.0,transform,cuda_graph,dao,2,3.9741439819335938,1280,3.10479998588562,0.00310479998588562
1,fp16,256,4096,False,"[4096, 256]",1.0,transform,cuda_graph,dao,3,3.9720959663391113,1280,3.1031999737024307,0.003103199973702431
1,fp16,256,4096,False,"[4096, 256]",1.0,transform,cuda_graph,dao,4,3.976191997528076,1280,3.1063999980688095,0.0031063999980688096
1,fp16,256,4096,False,"[4096, 256]",1.0,transform,cuda_graph,dao,5,3.9731199741363525,1280,3.1039999797940254,0.0031039999797940255
1,fp16,256,4096,False,"[4096, 256]",1.0,fused_int4,cuda_graph,original,1,3.9658238887786865,1280,3.098299913108349,0.003098299913108349
1,fp16,256,4096,False,"[4096, 256]",1.0,fused_int4,cuda_graph,original,2,3.9669759273529053,1280,3.0991999432444572,0.0030991999432444573
1,fp16,256,4096,False,"[4096, 256]",1.0,fused_int4,cuda_graph,original,3,3.9669759273529053,1280,3.0991999432444572,0.0030991999432444573
1,fp16,256,4096,False,"[4096, 256]",1.0,fused_int4,cuda_graph,original,4,3.965951919555664,1280,3.0983999371528625,0.0030983999371528626
1,fp16,256,4096,False,"[4096, 256]",1.0,fused_int4,cuda_graph,original,5,3.9669759273529053,1280,3.0991999432444572,0.0030991999432444573
1,fp16,256,4096,False,"[4096, 256]",1.0,fused_int4,cuda_graph,contiguous256,1,3.624959945678711,1280,2.831999957561493,0.0028319999575614927
1,fp16,256,4096,False,"[4096, 256]",1.0,fused_int4,cuda_graph,contiguous256,2,3.625983953475952,1280,2.8327999636530876,0.0028327999636530874
1,fp16,256,4096,False,"[4096, 256]",1.0,fused_int4,cuda_graph,contiguous256,3,3.626847982406616,1280,2.833474986255169,0.002833474986255169
1,fp16,256,4096,False,"[4096, 256]",1.0,fused_int4,cuda_graph,contiguous256,4,3.6258881092071533,1280,2.8327250853180885,0.0028327250853180884
1,fp16,256,4096,False,"[4096, 256]",1.0,fused_int4,cuda_graph,contiguous256,5,3.625983953475952,1280,2.8327999636530876,0.0028327999636530874
1,bf16,256,257,False,"[257, 256]",1.0,fused_int4,cuda_graph,original,1,1.9159040451049805,1280,1.496800035238266,0.001496800035238266
1,bf16,256,257,False,"[257, 256]",1.0,fused_int4,cuda_graph,original,2,1.9118080139160156,1280,1.4936000108718872,0.0014936000108718873
1,bf16,256,257,False,"[257, 256]",1.0,fused_int4,cuda_graph,original,3,1.9128320217132568,1280,1.494400016963482,0.001494400016963482
1,bf16,256,257,False,"[257, 256]",1.0,fused_int4,cuda_graph,original,4,1.9116480350494385,1280,1.4934750273823738,0.001493475027382374
1,bf16,256,257,False,"[257, 256]",1.0,fused_int4,cuda_graph,original,5,1.9118080139160156,1280,1.4936000108718872,0.0014936000108718873
1,bf16,256,257,False,"[257, 256]",1.0,fused_int4,cuda_graph,contiguous256,1,1.7991679906845093,1280,1.4055999927222729,0.0014055999927222729
1,bf16,256,257,False,"[257, 256]",1.0,fused_int4,cuda_graph,contiguous256,2,1.798143982887268,1280,1.4047999866306782,0.0014047999866306782
1,bf16,256,257,False,"[257, 256]",1.0,fused_int4,cuda_graph,contiguous256,3,1.7971199750900269,1280,1.4039999805390835,0.0014039999805390835
1,bf16,256,257,False,"[257, 256]",1.0,fused_int4,cuda_graph,contiguous256,4,1.798143982887268,1280,1.4047999866306782,0.0014047999866306782
1,bf16,256,257,False,"[257, 256]",1.0,fused_int4,cuda_graph,contiguous256,5,1.7981120347976685,1280,1.4047750271856785,0.0014047750271856784
1,bf16,256,257,False,"[257, 256]",1.0,transform,cuda_graph,original,1,1.439743995666504,1280,1.1247999966144562,0.0011247999966144562
1,bf16,256,257,False,"[257, 256]",1.0,transform,cuda_graph,original,2,1.423359990119934,1280,1.1119999922811985,0.0011119999922811984
1,bf16,256,257,False,"[257, 256]",1.0,transform,cuda_graph,original,3,1.4243839979171753,1280,1.1127999983727932,0.0011127999983727931
1,bf16,256,257,False,"[257, 256]",1.0,transform,cuda_graph,original,4,1.4243839979171753,1280,1.1127999983727932,0.0011127999983727931
1,bf16,256,257,False,"[257, 256]",1.0,transform,cuda_graph,original,5,1.423359990119934,1280,1.1119999922811985,0.0011119999922811984
1,bf16,256,257,False,"[257, 256]",1.0,transform,cuda_graph,contiguous256,1,1.44486403465271,1280,1.1288000270724297,0.0011288000270724297
1,bf16,256,257,False,"[257, 256]",1.0,transform,cuda_graph,contiguous256,2,1.4417920112609863,1280,1.1264000087976456,0.0011264000087976456
1,bf16,256,257,False,"[257, 256]",1.0,transform,cuda_graph,contiguous256,3,1.4663360118865967,1280,1.1455750092864037,0.0011455750092864037
1,bf16,256,257,False,"[257, 256]",1.0,transform,cuda_graph,contiguous256,4,1.4407680034637451,1280,1.1256000027060509,0.001125600002706051
1,bf16,256,257,False,"[257, 256]",1.0,transform,cuda_graph,contiguous256,5,1.4407680034637451,1280,1.1256000027060509,0.001125600002706051
1,bf16,256,257,False,"[257, 256]",1.0,transform,cuda_graph,dao,1,1.724287986755371,1280,1.3470999896526337,0.0013470999896526338
1,bf16,256,257,False,"[257, 256]",1.0,transform,cuda_graph,dao,2,1.7326079607009888,1280,1.3535999692976475,0.0013535999692976474
1,bf16,256,257,False,"[257, 256]",1.0,transform,cuda_graph,dao,3,1.7305599451065063,1280,1.351999957114458,0.001351999957114458
1,bf16,256,257,False,"[257, 256]",1.0,transform,cuda_graph,dao,4,1.7223680019378662,1280,1.345600001513958,0.001345600001513958
1,bf16,256,257,False,"[257, 256]",1.0,transform,cuda_graph,dao,5,1.7223680019378662,1280,1.345600001513958,0.001345600001513958
1,fp16,256,17,True,"[17, 256]",0.0625,transform,cuda_graph,original,1,1.3209600448608398,1280,1.0320000350475311,0.0010320000350475312
1,fp16,256,17,True,"[17, 256]",0.0625,transform,cuda_graph,original,2,1.3199360370635986,1280,1.0312000289559364,0.0010312000289559365
1,fp16,256,17,True,"[17, 256]",0.0625,transform,cuda_graph,original,3,1.3199360370635986,1280,1.0312000289559364,0.0010312000289559365
1,fp16,256,17,True,"[17, 256]",0.0625,transform,cuda_graph,original,4,1.3199360370635986,1280,1.0312000289559364,0.0010312000289559365
1,fp16,256,17,True,"[17, 256]",0.0625,transform,cuda_graph,original,5,1.3189120292663574,1280,1.0304000228643417,0.0010304000228643418
1,fp16,256,17,True,"[17, 256]",0.0625,transform,cuda_graph,contiguous256,1,1.369088053703308,1280,1.0696000419557095,0.0010696000419557095
1,fp16,256,17,True,"[17, 256]",0.0625,transform,cuda_graph,contiguous256,2,1.369088053703308,1280,1.0696000419557095,0.0010696000419557095
1,fp16,256,17,True,"[17, 256]",0.0625,transform,cuda_graph,contiguous256,3,1.3699840307235718,1280,1.0703000240027905,0.0010703000240027904
1,fp16,256,17,True,"[17, 256]",0.0625,transform,cuda_graph,contiguous256,4,1.3689919710159302,1280,1.0695249773561954,0.0010695249773561954
1,fp16,256,17,True,"[17, 256]",0.0625,transform,cuda_graph,contiguous256,5,1.368064045906067,1280,1.0688000358641148,0.0010688000358641148
1,fp16,256,17,True,"[17, 256]",0.0625,transform,cuda_graph,dao,1,1.2564480304718018,1280,0.9816000238060951,0.0009816000238060951
1,fp16,256,17,True,"[17, 256]",0.0625,transform,cuda_graph,dao,2,1.2521920204162598,1280,0.9782750159502029,0.000978275015950203
1,fp16,256,17,True,"[17, 256]",0.0625,transform,cuda_graph,dao,3,1.252351999282837,1280,0.9783999994397163,0.0009783999994397163
1,fp16,256,17,True,"[17, 256]",0.0625,transform,cuda_graph,dao,4,1.2533760070800781,1280,0.979200005531311,0.000979200005531311
1,fp16,256,17,True,"[17, 256]",0.0625,transform,cuda_graph,dao,5,1.2513279914855957,1280,0.9775999933481216,0.0009775999933481216
1,fp16,256,17,True,"[17, 256]",0.0625,fused_int4,cuda_graph,original,1,1.8298879861831665,1280,1.4295999892055988,0.0014295999892055989
1,fp16,256,17,True,"[17, 256]",0.0625,fused_int4,cuda_graph,original,2,1.8298879861831665,1280,1.4295999892055988,0.0014295999892055989
1,fp16,256,17,True,"[17, 256]",0.0625,fused_int4,cuda_graph,original,3,1.829759955406189,1280,1.4294999651610851,0.001429499965161085
1,fp16,256,17,True,"[17, 256]",0.0625,fused_int4,cuda_graph,original,4,1.8298879861831665,1280,1.4295999892055988,0.0014295999892055989
1,fp16,256,17,True,"[17, 256]",0.0625,fused_int4,cuda_graph,original,5,1.8298879861831665,1280,1.4295999892055988,0.0014295999892055989
1,fp16,256,17,True,"[17, 256]",0.0625,fused_int4,cuda_graph,contiguous256,1,1.7365119457244873,1280,1.3566499575972557,0.0013566499575972558
1,fp16,256,17,True,"[17, 256]",0.0625,fused_int4,cuda_graph,contiguous256,2,1.7346559762954712,1280,1.3551999814808369,0.0013551999814808368
1,fp16,256,17,True,"[17, 256]",0.0625,fused_int4,cuda_graph,contiguous256,3,1.7335360050201416,1280,1.3543250039219856,0.0013543250039219855
1,fp16,256,17,True,"[17, 256]",0.0625,fused_int4,cuda_graph,contiguous256,4,1.7326079607009888,1280,1.3535999692976475,0.0013535999692976474
1,fp16,256,17,True,"[17, 256]",0.0625,fused_int4,cuda_graph,contiguous256,5,1.73363196849823,1280,1.3543999753892422,0.001354399975389242
1,fp16,256,16384,False,"[16384, 256]",1.0,fused_int4,cuda_graph,original,1,10.992639541625977,1280,8.587999641895294,0.008587999641895295
1,fp16,256,16384,False,"[16384, 256]",1.0,fused_int4,cuda_graph,original,2,11.469823837280273,1280,8.960799872875214,0.008960799872875213
1,fp16,256,16384,False,"[16384, 256]",1.0,fused_int4,cuda_graph,original,3,11.485183715820312,1280,8.97279977798462,0.00897279977798462
1,fp16,256,16384,False,"[16384, 256]",1.0,fused_int4,cuda_graph,original,4,11.509759902954102,1280,8.991999924182892,0.008991999924182892
1,fp16,256,16384,False,"[16384, 256]",1.0,fused_int4,cuda_graph,original,5,11.492351531982422,1280,8.978399634361267,0.008978399634361266
1,fp16,256,16384,False,"[16384, 256]",1.0,fused_int4,cuda_graph,contiguous256,1,9.425919532775879,1280,7.363999634981155,0.007363999634981156
1,fp16,256,16384,False,"[16384, 256]",1.0,fused_int4,cuda_graph,contiguous256,2,9.529343605041504,1280,7.444799691438675,0.007444799691438675
1,fp16,256,16384,False,"[16384, 256]",1.0,fused_int4,cuda_graph,contiguous256,3,9.91436767578125,1280,7.745599746704102,0.007745599746704102
1,fp16,256,16384,False,"[16384, 256]",1.0,fused_int4,cuda_graph,contiguous256,4,9.93177604675293,1280,7.759200036525726,0.007759200036525726
1,fp16,256,16384,False,"[16384, 256]",1.0,fused_int4,cuda_graph,contiguous256,5,9.904128074645996,1280,7.7376000583171844,0.007737600058317184
1,fp16,256,16384,False,"[16384, 256]",1.0,transform,cuda_graph,original,1,11.315199851989746,1280,8.83999988436699,0.008839999884366989
1,fp16,256,16384,False,"[16384, 256]",1.0,transform,cuda_graph,original,2,11.310079574584961,1280,8.8359996676445,0.008835999667644501
1,fp16,256,16384,False,"[16384, 256]",1.0,transform,cuda_graph,original,3,11.312128067016602,1280,8.83760005235672,0.00883760005235672
1,fp16,256,16384,False,"[16384, 256]",1.0,transform,cuda_graph,original,4,11.325440406799316,1280,8.848000317811966,0.008848000317811966
1,fp16,256,16384,False,"[16384, 256]",1.0,transform,cuda_graph,original,5,11.305983543395996,1280,8.832799643278122,0.008832799643278122
1,fp16,256,16384,False,"[16384, 256]",1.0,transform,cuda_graph,contiguous256,1,11.331583976745605,1280,8.852799981832504,0.008852799981832504
1,fp16,256,16384,False,"[16384, 256]",1.0,transform,cuda_graph,contiguous256,2,11.321344375610352,1280,8.844800293445587,0.008844800293445587
1,fp16,256,16384,False,"[16384, 256]",1.0,transform,cuda_graph,contiguous256,3,11.339776039123535,1280,8.859200030565262,0.008859200030565261
1,fp16,256,16384,False,"[16384, 256]",1.0,transform,cuda_graph,contiguous256,4,11.338751792907715,1280,8.858399838209152,0.008858399838209153
1,fp16,256,16384,False,"[16384, 256]",1.0,transform,cuda_graph,contiguous256,5,11.322336196899414,1280,8.845575153827667,0.008845575153827667
1,fp16,256,16384,False,"[16384, 256]",1.0,transform,cuda_graph,dao,1,12.319647789001465,1280,9.624724835157394,0.009624724835157394
1,fp16,256,16384,False,"[16384, 256]",1.0,transform,cuda_graph,dao,2,12.317695617675781,1280,9.623199701309204,0.009623199701309204
1,fp16,256,16384,False,"[16384, 256]",1.0,transform,cuda_graph,dao,3,12.320768356323242,1280,9.625600278377533,0.009625600278377533
1,fp16,256,16384,False,"[16384, 256]",1.0,transform,cuda_graph,dao,4,12.322784423828125,1280,9.627175331115723,0.009627175331115723
1,fp16,256,16384,False,"[16384, 256]",1.0,transform,cuda_graph,dao,5,11.463680267333984,1280,8.956000208854675,0.008956000208854675
1,fp16,256,257,True,"[257, 256]",0.0625,transform,cuda_graph,original,1,1.415168046951294,1280,1.1056000366806984,0.0011056000366806984
1,fp16,256,257,True,"[257, 256]",0.0625,transform,cuda_graph,original,2,1.4141440391540527,1280,1.1048000305891037,0.0011048000305891037
1,fp16,256,257,True,"[257, 256]",0.0625,transform,cuda_graph,original,3,1.4120960235595703,1280,1.1032000184059143,0.0011032000184059143
1,fp16,256,257,True,"[257, 256]",0.0625,transform,cuda_graph,original,4,1.4120960235595703,1280,1.1032000184059143,0.0011032000184059143
1,fp16,256,257,True,"[257, 256]",0.0625,transform,cuda_graph,original,5,1.4120960235595703,1280,1.1032000184059143,0.0011032000184059143
1,fp16,256,257,True,"[257, 256]",0.0625,transform,cuda_graph,contiguous256,1,1.474560022354126,1280,1.152000017464161,0.001152000017464161
1,fp16,256,257,True,"[257, 256]",0.0625,transform,cuda_graph,contiguous256,2,1.4704639911651611,1280,1.1487999930977821,0.0011487999930977822
1,fp16,256,257,True,"[257, 256]",0.0625,transform,cuda_graph,contiguous256,3,1.471392035484314,1280,1.1495250277221203,0.0011495250277221204
1,fp16,256,257,True,"[257, 256]",0.0625,transform,cuda_graph,contiguous256,4,1.4714879989624023,1280,1.1495999991893768,0.001149599999189377
1,fp16,256,257,True,"[257, 256]",0.0625,transform,cuda_graph,contiguous256,5,1.46943998336792,1280,1.1479999870061874,0.0011479999870061875
1,fp16,256,257,True,"[257, 256]",0.0625,transform,cuda_graph,dao,1,1.7151999473571777,1280,1.339999958872795,0.001339999958872795
1,fp16,256,257,True,"[257, 256]",0.0625,transform,cuda_graph,dao,2,1.714176058769226,1280,1.3392000459134579,0.001339200045913458
1,fp16,256,257,True,"[257, 256]",0.0625,transform,cuda_graph,dao,3,1.7131520509719849,1280,1.3384000398218632,0.0013384000398218633
1,fp16,256,257,True,"[257, 256]",0.0625,transform,cuda_graph,dao,4,1.7131520509719849,1280,1.3384000398218632,0.0013384000398218633
1,fp16,256,257,True,"[257, 256]",0.0625,transform,cuda_graph,dao,5,1.714176058769226,1280,1.3392000459134579,0.001339200045913458
1,fp16,256,257,True,"[257, 256]",0.0625,fused_int4,cuda_graph,original,1,1.9240319728851318,1280,1.5031499788165092,0.0015031499788165092
1,fp16,256,257,True,"[257, 256]",0.0625,fused_int4,cuda_graph,original,2,1.921023964881897,1280,1.500799972563982,0.001500799972563982
1,fp16,256,257,True,"[257, 256]",0.0625,fused_int4,cuda_graph,original,3,1.9230719804763794,1280,1.5023999847471714,0.0015023999847471714
1,fp16,256,257,True,"[257, 256]",0.0625,fused_int4,cuda_graph,original,4,1.9220479726791382,1280,1.5015999786555767,0.0015015999786555767
1,fp16,256,257,True,"[257, 256]",0.0625,fused_int4,cuda_graph,original,5,1.9220479726791382,1280,1.5015999786555767,0.0015015999786555767
1,fp16,256,257,True,"[257, 256]",0.0625,fused_int4,cuda_graph,contiguous256,1,1.8380800485610962,1280,1.4360000379383564,0.0014360000379383564
1,fp16,256,257,True,"[257, 256]",0.0625,fused_int4,cuda_graph,contiguous256,2,1.837056040763855,1280,1.4352000318467617,0.0014352000318467617
1,fp16,256,257,True,"[257, 256]",0.0625,fused_int4,cuda_graph,contiguous256,3,1.8359999656677246,1280,1.4343749731779099,0.0014343749731779098
1,fp16,256,257,True,"[257, 256]",0.0625,fused_int4,cuda_graph,contiguous256,4,1.836959958076477,1280,1.4351249672472477,0.0014351249672472477
1,fp16,256,257,True,"[257, 256]",0.0625,fused_int4,cuda_graph,contiguous256,5,1.8360320329666138,1280,1.434400025755167,0.001434400025755167
1,bf16,256,16384,True,"[16384, 256]",0.0625,fused_int4,cuda_graph,original,1,10.902527809143066,1280,8.51759985089302,0.00851759985089302
1,bf16,256,16384,True,"[16384, 256]",0.0625,fused_int4,cuda_graph,original,2,11.05408000946045,1280,8.636000007390976,0.008636000007390976
1,bf16,256,16384,True,"[16384, 256]",0.0625,fused_int4,cuda_graph,original,3,11.04691219329834,1280,8.630400151014328,0.008630400151014328
1,bf16,256,16384,True,"[16384, 256]",0.0625,fused_int4,cuda_graph,original,4,11.099136352539062,1280,8.671200275421143,0.008671200275421143
1,bf16,256,16384,True,"[16384, 256]",0.0625,fused_int4,cuda_graph,original,5,11.12883186340332,1280,8.694399893283844,0.008694399893283845
1,bf16,256,16384,True,"[16384, 256]",0.0625,fused_int4,cuda_graph,contiguous256,1,9.370623588562012,1280,7.320799678564072,0.0073207996785640715
1,bf16,256,16384,True,"[16384, 256]",0.0625,fused_int4,cuda_graph,contiguous256,2,9.53331184387207,1280,7.447899878025055,0.007447899878025055
1,bf16,256,16384,True,"[16384, 256]",0.0625,fused_int4,cuda_graph,contiguous256,3,9.531392097473145,1280,7.446400076150894,0.007446400076150894
1,bf16,256,16384,True,"[16384, 256]",0.0625,fused_int4,cuda_graph,contiguous256,4,9.541631698608398,1280,7.454399764537811,0.007454399764537811
1,bf16,256,16384,True,"[16384, 256]",0.0625,fused_int4,cuda_graph,contiguous256,5,9.743359565734863,1280,7.611999660730362,0.007611999660730362
1,bf16,256,16384,True,"[16384, 256]",0.0625,transform,cuda_graph,original,1,11.311103820800781,1280,8.83679986000061,0.00883679986000061
1,bf16,256,16384,True,"[16384, 256]",0.0625,transform,cuda_graph,original,2,11.329536437988281,1280,8.851200342178345,0.008851200342178345
1,bf16,256,16384,True,"[16384, 256]",0.0625,transform,cuda_graph,original,3,11.34489631652832,1280,8.86320024728775,0.008863200247287751
1,bf16,256,16384,True,"[16384, 256]",0.0625,transform,cuda_graph,original,4,11.337727546691895,1280,8.857599645853043,0.008857599645853042
1,bf16,256,16384,True,"[16384, 256]",0.0625,transform,cuda_graph,original,5,11.324319839477539,1280,8.847124874591827,0.008847124874591827
1,bf16,256,16384,True,"[16384, 256]",0.0625,transform,cuda_graph,contiguous256,1,11.332608222961426,1280,8.853600174188614,0.008853600174188615
1,bf16,256,16384,True,"[16384, 256]",0.0625,transform,cuda_graph,contiguous256,2,11.328512191772461,1280,8.850400149822235,0.008850400149822236
1,bf16,256,16384,True,"[16384, 256]",0.0625,transform,cuda_graph,contiguous256,3,11.42579174041748,1280,8.926399797201157,0.008926399797201157
1,bf16,256,16384,True,"[16384, 256]",0.0625,transform,cuda_graph,contiguous256,4,11.356160163879395,1280,8.872000128030777,0.008872000128030777
1,bf16,256,16384,True,"[16384, 256]",0.0625,transform,cuda_graph,contiguous256,5,11.331583976745605,1280,8.852799981832504,0.008852799981832504
1,bf16,256,16384,True,"[16384, 256]",0.0625,transform,cuda_graph,dao,1,11.445183753967285,1280,8.941549807786942,0.008941549807786942
1,bf16,256,16384,True,"[16384, 256]",0.0625,transform,cuda_graph,dao,2,11.44115161895752,1280,8.938399702310562,0.008938399702310562
1,bf16,256,16384,True,"[16384, 256]",0.0625,transform,cuda_graph,dao,3,11.508735656738281,1280,8.991199731826782,0.008991199731826782
1,bf16,256,16384,True,"[16384, 256]",0.0625,transform,cuda_graph,dao,4,11.501567840576172,1280,8.985599875450134,0.008985599875450135
1,bf16,256,16384,True,"[16384, 256]",0.0625,transform,cuda_graph,dao,5,11.473919868469238,1280,8.963999897241592,0.008963999897241592
1,bf16,256,257,True,"[257, 256]",0.0625,transform,cuda_graph,original,1,1.486847996711731,1280,1.1615999974310398,0.0011615999974310398
1,bf16,256,257,True,"[257, 256]",0.0625,transform,cuda_graph,original,2,1.4406720399856567,1280,1.1255250312387943,0.0011255250312387944
1,bf16,256,257,True,"[257, 256]",0.0625,transform,cuda_graph,original,3,1.435647964477539,1280,1.1215999722480774,0.0011215999722480774
1,bf16,256,257,True,"[257, 256]",0.0625,transform,cuda_graph,original,4,1.4335999488830566,1280,1.119999960064888,0.001119999960064888
1,bf16,256,257,True,"[257, 256]",0.0625,transform,cuda_graph,original,5,1.4335999488830566,1280,1.119999960064888,0.001119999960064888
1,bf16,256,257,True,"[257, 256]",0.0625,transform,cuda_graph,contiguous256,1,1.4888639450073242,1280,1.163174957036972,0.0011631749570369721
1,bf16,256,257,True,"[257, 256]",0.0625,transform,cuda_graph,contiguous256,2,1.4899200201034546,1280,1.164000015705824,0.001164000015705824
1,bf16,256,257,True,"[257, 256]",0.0625,transform,cuda_graph,contiguous256,3,1.4561280012130737,1280,1.1376000009477139,0.0011376000009477138
1,bf16,256,257,True,"[257, 256]",0.0625,transform,cuda_graph,contiguous256,4,1.4561280012130737,1280,1.1376000009477139,0.0011376000009477138
1,bf16,256,257,True,"[257, 256]",0.0625,transform,cuda_graph,contiguous256,5,1.457152009010315,1280,1.1384000070393085,0.0011384000070393085
1,bf16,256,257,True,"[257, 256]",0.0625,transform,cuda_graph,dao,1,1.772544026374817,1280,1.3848000206053257,0.0013848000206053257
1,bf16,256,257,True,"[257, 256]",0.0625,transform,cuda_graph,dao,2,1.745919942855835,1280,1.363999955356121,0.001363999955356121
1,bf16,256,257,True,"[257, 256]",0.0625,transform,cuda_graph,dao,3,1.7182719707489014,1280,1.3423999771475792,0.0013423999771475792
1,bf16,256,257,True,"[257, 256]",0.0625,transform,cuda_graph,dao,4,1.7192959785461426,1280,1.343199983239174,0.0013431999832391739
1,bf16,256,257,True,"[257, 256]",0.0625,transform,cuda_graph,dao,5,1.7203199863433838,1280,1.3439999893307686,0.0013439999893307686
1,bf16,256,257,True,"[257, 256]",0.0625,fused_int4,cuda_graph,original,1,1.921023964881897,1280,1.500799972563982,0.001500799972563982
1,bf16,256,257,True,"[257, 256]",0.0625,fused_int4,cuda_graph,original,2,1.9240959882736206,1280,1.503199990838766,0.001503199990838766
1,bf16,256,257,True,"[257, 256]",0.0625,fused_int4,cuda_graph,original,3,1.9251199960708618,1280,1.5039999969303608,0.0015039999969303608
1,bf16,256,257,True,"[257, 256]",0.0625,fused_int4,cuda_graph,original,4,1.9220160245895386,1280,1.501575019210577,0.001501575019210577
1,bf16,256,257,True,"[257, 256]",0.0625,fused_int4,cuda_graph,original,5,1.921023964881897,1280,1.500799972563982,0.001500799972563982
1,bf16,256,257,True,"[257, 256]",0.0625,fused_int4,cuda_graph,contiguous256,1,1.8205759525299072,1280,1.42232496291399,0.00142232496291399
1,bf16,256,257,True,"[257, 256]",0.0625,fused_int4,cuda_graph,contiguous256,2,1.8216960430145264,1280,1.4232000336050987,0.0014232000336050986
1,bf16,256,257,True,"[257, 256]",0.0625,fused_int4,cuda_graph,contiguous256,3,1.8176000118255615,1280,1.42000000923872,0.0014200000092387199
1,bf16,256,257,True,"[257, 256]",0.0625,fused_int4,cuda_graph,contiguous256,4,1.815551996231079,1280,1.4183999970555305,0.0014183999970555305
1,bf16,256,257,True,"[257, 256]",0.0625,fused_int4,cuda_graph,contiguous256,5,1.8165760040283203,1280,1.4192000031471252,0.0014192000031471252
1,fp16,256,64,True,"[64, 256]",0.0625,fused_int4,cuda_graph,original,1,1.8677760362625122,1280,1.4592000283300877,0.0014592000283300877
1,fp16,256,64,True,"[64, 256]",0.0625,fused_int4,cuda_graph,original,2,1.8657280206680298,1280,1.4576000161468983,0.0014576000161468984
1,fp16,256,64,True,"[64, 256]",0.0625,fused_int4,cuda_graph,original,3,1.8677760362625122,1280,1.4592000283300877,0.0014592000283300877
1,fp16,256,64,True,"[64, 256]",0.0625,fused_int4,cuda_graph,original,4,1.8647040128707886,1280,1.4568000100553036,0.0014568000100553037
1,fp16,256,64,True,"[64, 256]",0.0625,fused_int4,cuda_graph,original,5,1.8656959533691406,1280,1.4575749635696411,0.001457574963569641
1,fp16,256,64,True,"[64, 256]",0.0625,fused_int4,cuda_graph,contiguous256,1,1.7653759717941284,1280,1.3791999779641628,0.0013791999779641628
1,fp16,256,64,True,"[64, 256]",0.0625,fused_int4,cuda_graph,contiguous256,2,1.7653759717941284,1280,1.3791999779641628,0.0013791999779641628
1,fp16,256,64,True,"[64, 256]",0.0625,fused_int4,cuda_graph,contiguous256,3,1.7653759717941284,1280,1.3791999779641628,0.0013791999779641628
1,fp16,256,64,True,"[64, 256]",0.0625,fused_int4,cuda_graph,contiguous256,4,1.768447995185852,1280,1.381599996238947,0.0013815999962389469
1,fp16,256,64,True,"[64, 256]",0.0625,fused_int4,cuda_graph,contiguous256,5,1.7653759717941284,1280,1.3791999779641628,0.0013791999779641628
1,fp16,256,64,True,"[64, 256]",0.0625,transform,cuda_graph,original,1,1.3496320247650146,1280,1.0544000193476677,0.0010544000193476676
1,fp16,256,64,True,"[64, 256]",0.0625,transform,cuda_graph,original,2,1.349503993988037,1280,1.054299995303154,0.001054299995303154
1,fp16,256,64,True,"[64, 256]",0.0625,transform,cuda_graph,original,3,1.3486080169677734,1280,1.053600013256073,0.001053600013256073
1,fp16,256,64,True,"[64, 256]",0.0625,transform,cuda_graph,original,4,1.3486080169677734,1280,1.053600013256073,0.001053600013256073
1,fp16,256,64,True,"[64, 256]",0.0625,transform,cuda_graph,original,5,1.3475840091705322,1280,1.0528000071644783,0.0010528000071644782
1,fp16,256,64,True,"[64, 256]",0.0625,transform,cuda_graph,contiguous256,1,1.4018559455871582,1280,1.0951999574899673,0.0010951999574899673
1,fp16,256,64,True,"[64, 256]",0.0625,transform,cuda_graph,contiguous256,2,1.3998080492019653,1280,1.0936000384390354,0.0010936000384390355
1,fp16,256,64,True,"[64, 256]",0.0625,transform,cuda_graph,contiguous256,3,1.397760033607483,1280,1.092000026255846,0.0010920000262558461
1,fp16,256,64,True,"[64, 256]",0.0625,transform,cuda_graph,contiguous256,4,1.3987840414047241,1280,1.0928000323474407,0.0010928000323474408
1,fp16,256,64,True,"[64, 256]",0.0625,transform,cuda_graph,contiguous256,5,1.3987840414047241,1280,1.0928000323474407,0.0010928000323474408
1,fp16,256,64,True,"[64, 256]",0.0625,transform,cuda_graph,dao,1,1.307647943496704,1280,1.0215999558568,0.0010215999558568002
1,fp16,256,64,True,"[64, 256]",0.0625,transform,cuda_graph,dao,2,1.3065600395202637,1280,1.020750030875206,0.001020750030875206
1,fp16,256,64,True,"[64, 256]",0.0625,transform,cuda_graph,dao,3,1.3066240549087524,1280,1.0208000428974628,0.0010208000428974628
1,fp16,256,64,True,"[64, 256]",0.0625,transform,cuda_graph,dao,4,1.3066240549087524,1280,1.0208000428974628,0.0010208000428974628
1,fp16,256,64,True,"[64, 256]",0.0625,transform,cuda_graph,dao,5,1.3056000471115112,1280,1.0200000368058681,0.001020000036805868
1,fp16,256,4096,True,"[4096, 256]",0.0625,transform,cuda_graph,original,1,3.3034238815307617,1280,2.5807999074459076,0.0025807999074459074
1,fp16,256,4096,True,"[4096, 256]",0.0625,transform,cuda_graph,original,2,3.304447889328003,1280,2.5815999135375023,0.002581599913537502
1,fp16,256,4096,True,"[4096, 256]",0.0625,transform,cuda_graph,original,3,3.304447889328003,1280,2.5815999135375023,0.002581599913537502
1,fp16,256,4096,True,"[4096, 256]",0.0625,transform,cuda_graph,original,4,3.3034238815307617,1280,2.5807999074459076,0.0025807999074459074
1,fp16,256,4096,True,"[4096, 256]",0.0625,transform,cuda_graph,original,5,3.3034238815307617,1280,2.5807999074459076,0.0025807999074459074
1,fp16,256,4096,True,"[4096, 256]",0.0625,transform,cuda_graph,contiguous256,1,3.1498239040374756,1280,2.460799925029278,0.0024607999250292776
1,fp16,256,4096,True,"[4096, 256]",0.0625,transform,cuda_graph,contiguous256,2,3.1447041034698486,1280,2.4568000808358192,0.0024568000808358192
1,fp16,256,4096,True,"[4096, 256]",0.0625,transform,cuda_graph,contiguous256,3,3.150847911834717,1280,2.4615999311208725,0.0024615999311208723
1,fp16,256,4096,True,"[4096, 256]",0.0625,transform,cuda_graph,contiguous256,4,3.1487998962402344,1280,2.459999918937683,0.002459999918937683
1,fp16,256,4096,True,"[4096, 256]",0.0625,transform,cuda_graph,contiguous256,5,3.1498239040374756,1280,2.460799925029278,0.0024607999250292776
1,fp16,256,4096,True,"[4096, 256]",0.0625,transform,cuda_graph,dao,1,3.984384059906006,1280,3.112800046801567,0.003112800046801567
1,fp16,256,4096,True,"[4096, 256]",0.0625,transform,cuda_graph,dao,2,3.980288028717041,1280,3.1096000224351883,0.0031096000224351884
1,fp16,256,4096,True,"[4096, 256]",0.0625,transform,cuda_graph,dao,3,3.9772160053253174,1280,3.107200004160404,0.0031072000041604043
1,fp16,256,4096,True,"[4096, 256]",0.0625,transform,cuda_graph,dao,4,3.9780800342559814,1280,3.1078750267624855,0.0031078750267624854
1,fp16,256,4096,True,"[4096, 256]",0.0625,transform,cuda_graph,dao,5,3.985408067703247,1280,3.1136000528931618,0.003113600052893162
1,fp16,256,4096,True,"[4096, 256]",0.0625,fused_int4,cuda_graph,original,1,3.9526400566101074,1280,3.0880000442266464,0.0030880000442266462
1,fp16,256,4096,True,"[4096, 256]",0.0625,fused_int4,cuda_graph,original,2,3.950592041015625,1280,3.086400032043457,0.003086400032043457
1,fp16,256,4096,True,"[4096, 256]",0.0625,fused_int4,cuda_graph,original,3,3.9526400566101074,1280,3.0880000442266464,0.0030880000442266462
1,fp16,256,4096,True,"[4096, 256]",0.0625,fused_int4,cuda_graph,original,4,3.9526400566101074,1280,3.0880000442266464,0.0030880000442266462
1,fp16,256,4096,True,"[4096, 256]",0.0625,fused_int4,cuda_graph,original,5,3.955712080001831,1280,3.0904000625014305,0.0030904000625014303
1,fp16,256,4096,True,"[4096, 256]",0.0625,fused_int4,cuda_graph,contiguous256,1,3.6229119300842285,1280,2.8303999453783035,0.0028303999453783034
1,fp16,256,4096,True,"[4096, 256]",0.0625,fused_int4,cuda_graph,contiguous256,2,3.6239359378814697,1280,2.8311999514698982,0.002831199951469898
1,fp16,256,4096,True,"[4096, 256]",0.0625,fused_int4,cuda_graph,contiguous256,3,3.6239359378814697,1280,2.8311999514698982,0.002831199951469898
1,fp16,256,4096,True,"[4096, 256]",0.0625,fused_int4,cuda_graph,contiguous256,4,3.625983953475952,1280,2.8327999636530876,0.0028327999636530874
1,fp16,256,4096,True,"[4096, 256]",0.0625,fused_int4,cuda_graph,contiguous256,5,3.6239359378814697,1280,2.8311999514698982,0.002831199951469898
1,fp16,256,17,False,"[17, 256]",1.0,fused_int4,cuda_graph,original,1,1.8391040563583374,1280,1.436800044029951,0.0014368000440299511
1,fp16,256,17,False,"[17, 256]",1.0,fused_int4,cuda_graph,original,2,1.8380800485610962,1280,1.4360000379383564,0.0014360000379383564
1,fp16,256,17,False,"[17, 256]",1.0,fused_int4,cuda_graph,original,3,1.8380800485610962,1280,1.4360000379383564,0.0014360000379383564
1,fp16,256,17,False,"[17, 256]",1.0,fused_int4,cuda_graph,original,4,1.837056040763855,1280,1.4352000318467617,0.0014352000318467617
1,fp16,256,17,False,"[17, 256]",1.0,fused_int4,cuda_graph,original,5,1.8360320329666138,1280,1.434400025755167,0.001434400025755167
1,fp16,256,17,False,"[17, 256]",1.0,fused_int4,cuda_graph,contiguous256,1,1.751039981842041,1280,1.3679999858140945,0.0013679999858140946
1,fp16,256,17,False,"[17, 256]",1.0,fused_int4,cuda_graph,contiguous256,2,1.7500159740447998,1280,1.3671999797224998,0.0013671999797224999
1,fp16,256,17,False,"[17, 256]",1.0,fused_int4,cuda_graph,contiguous256,3,1.7500159740447998,1280,1.3671999797224998,0.0013671999797224999
1,fp16,256,17,False,"[17, 256]",1.0,fused_int4,cuda_graph,contiguous256,4,1.7500159740447998,1280,1.3671999797224998,0.0013671999797224999
1,fp16,256,17,False,"[17, 256]",1.0,fused_int4,cuda_graph,contiguous256,5,1.7500159740447998,1280,1.3671999797224998,0.0013671999797224999
1,fp16,256,17,False,"[17, 256]",1.0,transform,cuda_graph,original,1,1.4520319700241089,1280,1.134399976581335,0.001134399976581335
1,fp16,256,17,False,"[17, 256]",1.0,transform,cuda_graph,original,2,1.4469120502471924,1280,1.130400039255619,0.001130400039255619
1,fp16,256,17,False,"[17, 256]",1.0,transform,cuda_graph,original,3,1.4438400268554688,1280,1.128000020980835,0.001128000020980835
1,fp16,256,17,False,"[17, 256]",1.0,transform,cuda_graph,original,4,1.4632960557937622,1280,1.1432000435888767,0.0011432000435888767
1,fp16,256,17,False,"[17, 256]",1.0,transform,cuda_graph,original,5,1.4438400268554688,1280,1.128000020980835,0.001128000020980835
1,fp16,256,17,False,"[17, 256]",1.0,transform,cuda_graph,contiguous256,1,1.5174720287322998,1280,1.1855250224471092,0.0011855250224471093
1,fp16,256,17,False,"[17, 256]",1.0,transform,cuda_graph,contiguous256,2,1.516543984413147,1280,1.184799987822771,0.0011847999878227711
1,fp16,256,17,False,"[17, 256]",1.0,transform,cuda_graph,contiguous256,3,1.5769280195236206,1280,1.2319750152528286,0.0012319750152528287
1,fp16,256,17,False,"[17, 256]",1.0,transform,cuda_graph,contiguous256,4,1.509376049041748,1280,1.1792000383138657,0.0011792000383138656
1,fp16,256,17,False,"[17, 256]",1.0,transform,cuda_graph,contiguous256,5,1.5104000568389893,1280,1.1800000444054604,0.0011800000444054603
1,fp16,256,17,False,"[17, 256]",1.0,transform,cuda_graph,dao,1,1.385472059249878,1280,1.0824000462889671,0.001082400046288967
1,fp16,256,17,False,"[17, 256]",1.0,transform,cuda_graph,dao,2,1.385472059249878,1280,1.0824000462889671,0.001082400046288967
1,fp16,256,17,False,"[17, 256]",1.0,transform,cuda_graph,dao,3,1.381376028060913,1280,1.0792000219225883,0.0010792000219225883
1,fp16,256,17,False,"[17, 256]",1.0,transform,cuda_graph,dao,4,1.4018559455871582,1280,1.0951999574899673,0.0010951999574899673
1,fp16,256,17,False,"[17, 256]",1.0,transform,cuda_graph,dao,5,1.381376028060913,1280,1.0792000219225883,0.0010792000219225883
1,bf16,256,17,True,"[17, 256]",0.0625,transform,cuda_graph,original,1,1.4612480401992798,1280,1.1416000314056873,0.0011416000314056873
1,bf16,256,17,True,"[17, 256]",0.0625,transform,cuda_graph,original,2,1.4602240324020386,1280,1.1408000253140926,0.0011408000253140926
1,bf16,256,17,True,"[17, 256]",0.0625,transform,cuda_graph,original,3,1.460096001625061,1280,1.140700001269579,0.001140700001269579
1,bf16,256,17,True,"[17, 256]",0.0625,transform,cuda_graph,original,4,1.4602240324020386,1280,1.1408000253140926,0.0011408000253140926
1,bf16,256,17,True,"[17, 256]",0.0625,transform,cuda_graph,original,5,1.4602240324020386,1280,1.1408000253140926,0.0011408000253140926
1,bf16,256,17,True,"[17, 256]",0.0625,transform,cuda_graph,contiguous256,1,1.4888960123062134,1280,1.1632000096142292,0.0011632000096142292
1,bf16,256,17,True,"[17, 256]",0.0625,transform,cuda_graph,contiguous256,2,1.4858239889144897,1280,1.1607999913394451,0.0011607999913394451
1,bf16,256,17,True,"[17, 256]",0.0625,transform,cuda_graph,contiguous256,3,1.4858239889144897,1280,1.1607999913394451,0.0011607999913394451
1,bf16,256,17,True,"[17, 256]",0.0625,transform,cuda_graph,contiguous256,4,1.4858239889144897,1280,1.1607999913394451,0.0011607999913394451
1,bf16,256,17,True,"[17, 256]",0.0625,transform,cuda_graph,contiguous256,5,1.4858239889144897,1280,1.1607999913394451,0.0011607999913394451
1,bf16,256,17,True,"[17, 256]",0.0625,transform,cuda_graph,dao,1,1.3701119422912598,1280,1.0703999549150467,0.0010703999549150466
1,bf16,256,17,True,"[17, 256]",0.0625,transform,cuda_graph,dao,2,1.369088053703308,1280,1.0696000419557095,0.0010696000419557095
1,bf16,256,17,True,"[17, 256]",0.0625,transform,cuda_graph,dao,3,1.368064045906067,1280,1.0688000358641148,0.0010688000358641148
1,bf16,256,17,True,"[17, 256]",0.0625,transform,cuda_graph,dao,4,1.368064045906067,1280,1.0688000358641148,0.0010688000358641148
1,bf16,256,17,True,"[17, 256]",0.0625,transform,cuda_graph,dao,5,1.368064045906067,1280,1.0688000358641148,0.0010688000358641148
1,bf16,256,17,True,"[17, 256]",0.0625,fused_int4,cuda_graph,original,1,1.9834879636764526,1280,1.5495999716222286,0.0015495999716222287
1,bf16,256,17,True,"[17, 256]",0.0625,fused_int4,cuda_graph,original,2,1.9823999404907227,1280,1.548749953508377,0.0015487499535083772
1,bf16,256,17,True,"[17, 256]",0.0625,fused_int4,cuda_graph,original,3,1.9824639558792114,1280,1.548799965530634,0.001548799965530634
1,bf16,256,17,True,"[17, 256]",0.0625,fused_int4,cuda_graph,original,4,1.9804160594940186,1280,1.547200046479702,0.001547200046479702
1,bf16,256,17,True,"[17, 256]",0.0625,fused_int4,cuda_graph,original,5,1.9824639558792114,1280,1.548799965530634,0.001548799965530634
1,bf16,256,17,True,"[17, 256]",0.0625,fused_int4,cuda_graph,contiguous256,1,1.876960039138794,1280,1.4663750305771828,0.0014663750305771827
1,bf16,256,17,True,"[17, 256]",0.0625,fused_int4,cuda_graph,contiguous256,2,1.8749439716339111,1280,1.464799977838993,0.001464799977838993
1,bf16,256,17,True,"[17, 256]",0.0625,fused_int4,cuda_graph,contiguous256,3,1.87391996383667,1280,1.4639999717473984,0.0014639999717473984
1,bf16,256,17,True,"[17, 256]",0.0625,fused_int4,cuda_graph,contiguous256,4,1.8749439716339111,1280,1.464799977838993,0.001464799977838993
1,bf16,256,17,True,"[17, 256]",0.0625,fused_int4,cuda_graph,contiguous256,5,1.8728959560394287,1280,1.4631999656558037,0.0014631999656558037
1,fp16,256,64,False,"[64, 256]",1.0,fused_int4,cuda_graph,original,1,2.0254719257354736,1280,1.5823999419808388,0.0015823999419808388
1,fp16,256,64,False,"[64, 256]",1.0,fused_int4,cuda_graph,original,2,2.02239990234375,1280,1.5799999237060547,0.0015799999237060547
1,fp16,256,64,False,"[64, 256]",1.0,fused_int4,cuda_graph,original,3,2.02239990234375,1280,1.5799999237060547,0.0015799999237060547
1,fp16,256,64,False,"[64, 256]",1.0,fused_int4,cuda_graph,original,4,2.02239990234375,1280,1.5799999237060547,0.0015799999237060547
1,fp16,256,64,False,"[64, 256]",1.0,fused_int4,cuda_graph,original,5,2.02239990234375,1280,1.5799999237060547,0.0015799999237060547
1,fp16,256,64,False,"[64, 256]",1.0,fused_int4,cuda_graph,contiguous256,1,1.9230719804763794,1280,1.5023999847471714,0.0015023999847471714
1,fp16,256,64,False,"[64, 256]",1.0,fused_int4,cuda_graph,contiguous256,2,1.9220479726791382,1280,1.5015999786555767,0.0015015999786555767
1,fp16,256,64,False,"[64, 256]",1.0,fused_int4,cuda_graph,contiguous256,3,1.921887993812561,1280,1.5014749951660633,0.0015014749951660633
1,fp16,256,64,False,"[64, 256]",1.0,fused_int4,cuda_graph,contiguous256,4,1.9220479726791382,1280,1.5015999786555767,0.0015015999786555767
1,fp16,256,64,False,"[64, 256]",1.0,fused_int4,cuda_graph,contiguous256,5,1.9208639860153198,1280,1.5006749890744686,0.0015006749890744686
1,fp16,256,64,False,"[64, 256]",1.0,transform,cuda_graph,original,1,1.465343952178955,1280,1.1447999626398087,0.0011447999626398087
1,fp16,256,64,False,"[64, 256]",1.0,transform,cuda_graph,original,2,1.4642560482025146,1280,1.1439500376582146,0.0011439500376582146
1,fp16,256,64,False,"[64, 256]",1.0,transform,cuda_graph,original,3,1.4632960557937622,1280,1.1432000435888767,0.0011432000435888767
1,fp16,256,64,False,"[64, 256]",1.0,transform,cuda_graph,original,4,1.4632960557937622,1280,1.1432000435888767,0.0011432000435888767
1,fp16,256,64,False,"[64, 256]",1.0,transform,cuda_graph,original,5,1.4643199443817139,1280,1.143999956548214,0.001143999956548214
1,fp16,256,64,False,"[64, 256]",1.0,transform,cuda_graph,contiguous256,1,1.5226880311965942,1280,1.1896000243723392,0.0011896000243723393
1,fp16,256,64,False,"[64, 256]",1.0,transform,cuda_graph,contiguous256,2,1.5226880311965942,1280,1.1896000243723392,0.0011896000243723393
1,fp16,256,64,False,"[64, 256]",1.0,transform,cuda_graph,contiguous256,3,1.521664023399353,1280,1.1888000182807446,0.0011888000182807446
1,fp16,256,64,False,"[64, 256]",1.0,transform,cuda_graph,contiguous256,4,1.521664023399353,1280,1.1888000182807446,0.0011888000182807446
1,fp16,256,64,False,"[64, 256]",1.0,transform,cuda_graph,contiguous256,5,1.521664023399353,1280,1.1888000182807446,0.0011888000182807446
1,fp16,256,64,False,"[64, 256]",1.0,transform,cuda_graph,dao,1,1.4427200555801392,1280,1.1271250434219837,0.0011271250434219838
1,fp16,256,64,False,"[64, 256]",1.0,transform,cuda_graph,dao,2,1.439743995666504,1280,1.1247999966144562,0.0011247999966144562
1,fp16,256,64,False,"[64, 256]",1.0,transform,cuda_graph,dao,3,1.4396159648895264,1280,1.1246999725699425,0.0011246999725699424
1,fp16,256,64,False,"[64, 256]",1.0,transform,cuda_graph,dao,4,1.439743995666504,1280,1.1247999966144562,0.0011247999966144562
1,fp16,256,64,False,"[64, 256]",1.0,transform,cuda_graph,dao,5,1.439743995666504,1280,1.1247999966144562,0.0011247999966144562
1,bf16,256,1,False,"[1, 256]",1.0,transform,cuda_graph,original,1,1.4059200286865234,1280,1.0983750224113464,0.0010983750224113464
1,bf16,256,1,False,"[1, 256]",1.0,transform,cuda_graph,original,2,1.4018559455871582,1280,1.0951999574899673,0.0010951999574899673
1,bf16,256,1,False,"[1, 256]",1.0,transform,cuda_graph,original,3,1.4028799533843994,1280,1.095999963581562,0.001095999963581562
1,bf16,256,1,False,"[1, 256]",1.0,transform,cuda_graph,original,4,1.4028799533843994,1280,1.095999963581562,0.001095999963581562
1,bf16,256,1,False,"[1, 256]",1.0,transform,cuda_graph,original,5,1.4027520418167114,1280,1.0959000326693058,0.0010959000326693058
1,bf16,256,1,False,"[1, 256]",1.0,transform,cuda_graph,contiguous256,1,1.4223359823226929,1280,1.1111999861896038,0.0011111999861896037
1,bf16,256,1,False,"[1, 256]",1.0,transform,cuda_graph,contiguous256,2,1.4192639589309692,1280,1.1087999679148197,0.0011087999679148196
1,bf16,256,1,False,"[1, 256]",1.0,transform,cuda_graph,contiguous256,3,1.4202879667282104,1280,1.1095999740064144,0.0011095999740064143
1,bf16,256,1,False,"[1, 256]",1.0,transform,cuda_graph,contiguous256,4,1.4213119745254517,1280,1.110399980098009,0.001110399980098009
1,bf16,256,1,False,"[1, 256]",1.0,transform,cuda_graph,contiguous256,5,1.4202560186386108,1280,1.1095750145614147,0.0011095750145614148
1,bf16,256,1,False,"[1, 256]",1.0,transform,cuda_graph,dao,1,1.3629440069198608,1280,1.0648000054061413,0.0010648000054061413
1,bf16,256,1,False,"[1, 256]",1.0,transform,cuda_graph,dao,2,1.3608959913253784,1280,1.063199993222952,0.001063199993222952
1,bf16,256,1,False,"[1, 256]",1.0,transform,cuda_graph,dao,3,1.3608959913253784,1280,1.063199993222952,0.001063199993222952
1,bf16,256,1,False,"[1, 256]",1.0,transform,cuda_graph,dao,4,1.3608959913253784,1280,1.063199993222952,0.001063199993222952
1,bf16,256,1,False,"[1, 256]",1.0,transform,cuda_graph,dao,5,1.3618240356445312,1280,1.06392502784729,0.00106392502784729
1,bf16,256,1,False,"[1, 256]",1.0,fused_int4,cuda_graph,original,1,1.9353599548339844,1280,1.5119999647140503,0.0015119999647140504
1,bf16,256,1,False,"[1, 256]",1.0,fused_int4,cuda_graph,original,2,1.9343359470367432,1280,1.5111999586224556,0.0015111999586224557
1,bf16,256,1,False,"[1, 256]",1.0,fused_int4,cuda_graph,original,3,1.9343359470367432,1280,1.5111999586224556,0.0015111999586224557
1,bf16,256,1,False,"[1, 256]",1.0,fused_int4,cuda_graph,original,4,1.9333120584487915,1280,1.5104000456631184,0.0015104000456631183
1,bf16,256,1,False,"[1, 256]",1.0,fused_int4,cuda_graph,original,5,1.9333120584487915,1280,1.5104000456631184,0.0015104000456631183
1,bf16,256,1,False,"[1, 256]",1.0,fused_int4,cuda_graph,contiguous256,1,1.8094079494476318,1280,1.4135999605059624,0.0014135999605059623
1,bf16,256,1,False,"[1, 256]",1.0,fused_int4,cuda_graph,contiguous256,2,1.807360053062439,1280,1.4120000414550304,0.0014120000414550304
1,bf16,256,1,False,"[1, 256]",1.0,fused_int4,cuda_graph,contiguous256,3,1.807263970375061,1280,1.4119249768555164,0.0014119249768555163
1,bf16,256,1,False,"[1, 256]",1.0,fused_int4,cuda_graph,contiguous256,4,1.8073279857635498,1280,1.4119749888777733,0.0014119749888777734
1,bf16,256,1,False,"[1, 256]",1.0,fused_int4,cuda_graph,contiguous256,5,1.8063360452651978,1280,1.4112000353634357,0.0014112000353634357
1,fp16,256,1,False,"[1, 256]",1.0,fused_int4,cuda_graph,original,1,1.9425280094146729,1280,1.5176000073552132,0.0015176000073552133
1,fp16,256,1,False,"[1, 256]",1.0,fused_int4,cuda_graph,original,2,1.9404799938201904,1280,1.5159999951720238,0.0015159999951720239
1,fp16,256,1,False,"[1, 256]",1.0,fused_int4,cuda_graph,original,3,1.9394559860229492,1280,1.515199989080429,0.0015151999890804292
1,fp16,256,1,False,"[1, 256]",1.0,fused_int4,cuda_graph,original,4,1.9394559860229492,1280,1.515199989080429,0.0015151999890804292
1,fp16,256,1,False,"[1, 256]",1.0,fused_int4,cuda_graph,original,5,1.9394559860229492,1280,1.515199989080429,0.0015151999890804292
1,fp16,256,1,False,"[1, 256]",1.0,fused_int4,cuda_graph,contiguous256,1,1.8237440586090088,1280,1.4248000457882881,0.001424800045788288
1,fp16,256,1,False,"[1, 256]",1.0,fused_int4,cuda_graph,contiguous256,2,1.8247679471969604,1280,1.4255999587476254,0.0014255999587476254
1,fp16,256,1,False,"[1, 256]",1.0,fused_int4,cuda_graph,contiguous256,3,1.8227200508117676,1280,1.4240000396966934,0.0014240000396966933
1,fp16,256,1,False,"[1, 256]",1.0,fused_int4,cuda_graph,contiguous256,4,1.8226879835128784,1280,1.4239749871194363,0.0014239749871194363
1,fp16,256,1,False,"[1, 256]",1.0,fused_int4,cuda_graph,contiguous256,5,1.8237440586090088,1280,1.4248000457882881,0.001424800045788288
1,fp16,256,1,False,"[1, 256]",1.0,transform,cuda_graph,original,1,1.3772799968719482,1280,1.0759999975562096,0.0010759999975562095
1,fp16,256,1,False,"[1, 256]",1.0,transform,cuda_graph,original,2,1.3772799968719482,1280,1.0759999975562096,0.0010759999975562095
1,fp16,256,1,False,"[1, 256]",1.0,transform,cuda_graph,original,3,1.378208041191101,1280,1.0767250321805477,0.0010767250321805477
1,fp16,256,1,False,"[1, 256]",1.0,transform,cuda_graph,original,4,1.3772799968719482,1280,1.0759999975562096,0.0010759999975562095
1,fp16,256,1,False,"[1, 256]",1.0,transform,cuda_graph,original,5,1.3772799968719482,1280,1.0759999975562096,0.0010759999975562095
1,fp16,256,1,False,"[1, 256]",1.0,transform,cuda_graph,contiguous256,1,1.4335999488830566,1280,1.119999960064888,0.001119999960064888
1,fp16,256,1,False,"[1, 256]",1.0,transform,cuda_graph,contiguous256,2,1.4305280447006226,1280,1.1176000349223614,0.0011176000349223613
1,fp16,256,1,False,"[1, 256]",1.0,transform,cuda_graph,contiguous256,3,1.4295040369033813,1280,1.1168000288307667,0.0011168000288307666
1,fp16,256,1,False,"[1, 256]",1.0,transform,cuda_graph,contiguous256,4,1.431391954421997,1280,1.1182749643921852,0.0011182749643921853
1,fp16,256,1,False,"[1, 256]",1.0,transform,cuda_graph,contiguous256,5,1.4305280447006226,1280,1.1176000349223614,0.0011176000349223613
1,fp16,256,1,False,"[1, 256]",1.0,transform,cuda_graph,dao,1,1.3557759523391724,1280,1.0591999627649784,0.0010591999627649785
1,fp16,256,1,False,"[1, 256]",1.0,transform,cuda_graph,dao,2,1.3557120561599731,1280,1.059150043874979,0.001059150043874979
1,fp16,256,1,False,"[1, 256]",1.0,transform,cuda_graph,dao,3,1.3557759523391724,1280,1.0591999627649784,0.0010591999627649785
1,fp16,256,1,False,"[1, 256]",1.0,transform,cuda_graph,dao,4,1.3547519445419312,1280,1.0583999566733837,0.0010583999566733838
1,fp16,256,1,False,"[1, 256]",1.0,transform,cuda_graph,dao,5,1.3547519445419312,1280,1.0583999566733837,0.0010583999566733838
1,fp16,256,1,True,"[1, 256]",0.0625,transform,cuda_graph,original,1,1.3793280124664307,1280,1.077600009739399,0.001077600009739399
1,fp16,256,1,True,"[1, 256]",0.0625,transform,cuda_graph,original,2,1.3783040046691895,1280,1.0768000036478043,0.0010768000036478042
1,fp16,256,1,True,"[1, 256]",0.0625,transform,cuda_graph,original,3,1.3783040046691895,1280,1.0768000036478043,0.0010768000036478042
1,fp16,256,1,True,"[1, 256]",0.0625,transform,cuda_graph,original,4,1.3783040046691895,1280,1.0768000036478043,0.0010768000036478042
1,fp16,256,1,True,"[1, 256]",0.0625,transform,cuda_graph,original,5,1.3783040046691895,1280,1.0768000036478043,0.0010768000036478042
1,fp16,256,1,True,"[1, 256]",0.0625,transform,cuda_graph,contiguous256,1,1.431488037109375,1280,1.1183500289916992,0.0011183500289916992
1,fp16,256,1,True,"[1, 256]",0.0625,transform,cuda_graph,contiguous256,2,1.4305280447006226,1280,1.1176000349223614,0.0011176000349223613
1,fp16,256,1,True,"[1, 256]",0.0625,transform,cuda_graph,contiguous256,3,1.4305280447006226,1280,1.1176000349223614,0.0011176000349223613
1,fp16,256,1,True,"[1, 256]",0.0625,transform,cuda_graph,contiguous256,4,1.4305280447006226,1280,1.1176000349223614,0.0011176000349223613
1,fp16,256,1,True,"[1, 256]",0.0625,transform,cuda_graph,contiguous256,5,1.4305280447006226,1280,1.1176000349223614,0.0011176000349223613
1,fp16,256,1,True,"[1, 256]",0.0625,transform,cuda_graph,dao,1,1.3578239679336548,1280,1.0607999749481678,0.0010607999749481678
1,fp16,256,1,True,"[1, 256]",0.0625,transform,cuda_graph,dao,2,1.3577920198440552,1280,1.060775015503168,0.001060775015503168
1,fp16,256,1,True,"[1, 256]",0.0625,transform,cuda_graph,dao,3,1.3547519445419312,1280,1.0583999566733837,0.0010583999566733838
1,fp16,256,1,True,"[1, 256]",0.0625,transform,cuda_graph,dao,4,1.3547519445419312,1280,1.0583999566733837,0.0010583999566733838
1,fp16,256,1,True,"[1, 256]",0.0625,transform,cuda_graph,dao,5,1.3547519445419312,1280,1.0583999566733837,0.0010583999566733838
1,fp16,256,1,True,"[1, 256]",0.0625,fused_int4,cuda_graph,original,1,1.9415040016174316,1280,1.5168000012636185,0.0015168000012636186
1,fp16,256,1,True,"[1, 256]",0.0625,fused_int4,cuda_graph,original,2,1.9394559860229492,1280,1.515199989080429,0.0015151999890804292
1,fp16,256,1,True,"[1, 256]",0.0625,fused_int4,cuda_graph,original,3,1.9394559860229492,1280,1.515199989080429,0.0015151999890804292
1,fp16,256,1,True,"[1, 256]",0.0625,fused_int4,cuda_graph,original,4,1.9404799938201904,1280,1.5159999951720238,0.0015159999951720239
1,fp16,256,1,True,"[1, 256]",0.0625,fused_int4,cuda_graph,original,5,1.9415040016174316,1280,1.5168000012636185,0.0015168000012636186
1,fp16,256,1,True,"[1, 256]",0.0625,fused_int4,cuda_graph,contiguous256,1,1.8257919549942017,1280,1.42639996483922,0.00142639996483922
1,fp16,256,1,True,"[1, 256]",0.0625,fused_int4,cuda_graph,contiguous256,2,1.8227200508117676,1280,1.4240000396966934,0.0014240000396966933
1,fp16,256,1,True,"[1, 256]",0.0625,fused_int4,cuda_graph,contiguous256,3,1.8227200508117676,1280,1.4240000396966934,0.0014240000396966933
1,fp16,256,1,True,"[1, 256]",0.0625,fused_int4,cuda_graph,contiguous256,4,1.8247679471969604,1280,1.4255999587476254,0.0014255999587476254
1,fp16,256,1,True,"[1, 256]",0.0625,fused_int4,cuda_graph,contiguous256,5,1.8227200508117676,1280,1.4240000396966934,0.0014240000396966933
2,bf16,256,16384,False,"[16384, 256]",1.0,transform,cuda_graph,original,1,11.309056282043457,1280,8.83520022034645,0.00883520022034645
2,bf16,256,16384,False,"[16384, 256]",1.0,transform,cuda_graph,original,2,11.311103820800781,1280,8.83679986000061,0.00883679986000061
2,bf16,256,16384,False,"[16384, 256]",1.0,transform,cuda_graph,original,3,11.322367668151855,1280,8.845599740743637,0.008845599740743637
2,bf16,256,16384,False,"[16384, 256]",1.0,transform,cuda_graph,original,4,11.311103820800781,1280,8.83679986000061,0.00883679986000061
2,bf16,256,16384,False,"[16384, 256]",1.0,transform,cuda_graph,original,5,11.314175605773926,1280,8.83919969201088,0.00883919969201088
2,bf16,256,16384,False,"[16384, 256]",1.0,transform,cuda_graph,contiguous256,1,11.337727546691895,1280,8.857599645853043,0.008857599645853042
2,bf16,256,16384,False,"[16384, 256]",1.0,transform,cuda_graph,contiguous256,2,11.32748794555664,1280,8.849599957466125,0.008849599957466125
2,bf16,256,16384,False,"[16384, 256]",1.0,transform,cuda_graph,contiguous256,3,11.328512191772461,1280,8.850400149822235,0.008850400149822236
2,bf16,256,16384,False,"[16384, 256]",1.0,transform,cuda_graph,contiguous256,4,11.317248344421387,1280,8.841600269079208,0.008841600269079208
2,bf16,256,16384,False,"[16384, 256]",1.0,transform,cuda_graph,contiguous256,5,11.328512191772461,1280,8.850400149822235,0.008850400149822236
2,bf16,256,16384,False,"[16384, 256]",1.0,transform,cuda_graph,dao,1,12.279711723327637,1280,9.593524783849716,0.009593524783849717
2,bf16,256,16384,False,"[16384, 256]",1.0,transform,cuda_graph,dao,2,12.283904075622559,1280,9.596800059080124,0.009596800059080124
2,bf16,256,16384,False,"[16384, 256]",1.0,transform,cuda_graph,dao,3,12.283904075622559,1280,9.596800059080124,0.009596800059080124
2,bf16,256,16384,False,"[16384, 256]",1.0,transform,cuda_graph,dao,4,12.27455997467041,1280,9.589499980211258,0.009589499980211257
2,bf16,256,16384,False,"[16384, 256]",1.0,transform,cuda_graph,dao,5,12.27673625946045,1280,9.591200202703476,0.009591200202703477
2,bf16,256,16384,False,"[16384, 256]",1.0,fused_int4,cuda_graph,original,1,10.914815902709961,1280,8.527199923992157,0.008527199923992156
2,bf16,256,16384,False,"[16384, 256]",1.0,fused_int4,cuda_graph,original,2,10.925056457519531,1280,8.535200357437134,0.008535200357437133
2,bf16,256,16384,False,"[16384, 256]",1.0,fused_int4,cuda_graph,original,3,11.224063873291016,1280,8.768799901008606,0.008768799901008605
2,bf16,256,16384,False,"[16384, 256]",1.0,fused_int4,cuda_graph,original,4,11.451295852661133,1280,8.94632488489151,0.00894632488489151
2,bf16,256,16384,False,"[16384, 256]",1.0,fused_int4,cuda_graph,original,5,11.463680267333984,1280,8.956000208854675,0.008956000208854675
2,bf16,256,16384,False,"[16384, 256]",1.0,fused_int4,cuda_graph,contiguous256,1,9.36847972869873,1280,7.319124788045883,0.0073191247880458835
2,bf16,256,16384,False,"[16384, 256]",1.0,fused_int4,cuda_graph,contiguous256,2,9.373696327209473,1280,7.3232002556324005,0.007323200255632401
2,bf16,256,16384,False,"[16384, 256]",1.0,fused_int4,cuda_graph,contiguous256,3,9.405440330505371,1280,7.348000258207321,0.007348000258207321
2,bf16,256,16384,False,"[16384, 256]",1.0,fused_int4,cuda_graph,contiguous256,4,9.859071731567383,1280,7.702399790287018,0.007702399790287018
2,bf16,256,16384,False,"[16384, 256]",1.0,fused_int4,cuda_graph,contiguous256,5,9.837568283081055,1280,7.685600221157074,0.007685600221157074
2,fp16,256,1,False,"[1, 256]",1.0,fused_int4,cuda_graph,original,1,1.7653759717941284,1280,1.3791999779641628,0.0013791999779641628
2,fp16,256,1,False,"[1, 256]",1.0,fused_int4,cuda_graph,original,2,1.7622079849243164,1280,1.3767249882221222,0.0013767249882221221
2,fp16,256,1,False,"[1, 256]",1.0,fused_int4,cuda_graph,original,3,1.7623039484024048,1280,1.3767999596893787,0.0013767999596893787
2,fp16,256,1,False,"[1, 256]",1.0,fused_int4,cuda_graph,original,4,1.7623039484024048,1280,1.3767999596893787,0.0013767999596893787
2,fp16,256,1,False,"[1, 256]",1.0,fused_int4,cuda_graph,original,5,1.7623039484024048,1280,1.3767999596893787,0.0013767999596893787
2,fp16,256,1,False,"[1, 256]",1.0,fused_int4,cuda_graph,contiguous256,1,1.6588799953460693,1280,1.2959999963641167,0.0012959999963641166
2,fp16,256,1,False,"[1, 256]",1.0,fused_int4,cuda_graph,contiguous256,2,1.6578559875488281,1280,1.295199990272522,0.0012951999902725219
2,fp16,256,1,False,"[1, 256]",1.0,fused_int4,cuda_graph,contiguous256,3,1.6578559875488281,1280,1.295199990272522,0.0012951999902725219
2,fp16,256,1,False,"[1, 256]",1.0,fused_int4,cuda_graph,contiguous256,4,1.6578559875488281,1280,1.295199990272522,0.0012951999902725219
2,fp16,256,1,False,"[1, 256]",1.0,fused_int4,cuda_graph,contiguous256,5,1.6578559875488281,1280,1.295199990272522,0.0012951999902725219
2,fp16,256,1,False,"[1, 256]",1.0,transform,cuda_graph,original,1,1.2513279914855957,1280,0.9775999933481216,0.0009775999933481216
2,fp16,256,1,False,"[1, 256]",1.0,transform,cuda_graph,original,2,1.2492799758911133,1280,0.9759999811649323,0.0009759999811649323
2,fp16,256,1,False,"[1, 256]",1.0,transform,cuda_graph,original,3,1.2503039836883545,1280,0.976799987256527,0.000976799987256527
2,fp16,256,1,False,"[1, 256]",1.0,transform,cuda_graph,original,4,1.251296043395996,1280,0.977575033903122,0.000977575033903122
2,fp16,256,1,False,"[1, 256]",1.0,transform,cuda_graph,original,5,1.2503039836883545,1280,0.976799987256527,0.000976799987256527
2,fp16,256,1,False,"[1, 256]",1.0,transform,cuda_graph,contiguous256,1,1.3003519773483276,1280,1.015899982303381,0.001015899982303381
2,fp16,256,1,False,"[1, 256]",1.0,transform,cuda_graph,contiguous256,2,1.299456000328064,1280,1.0152000002563,0.0010152000002563
2,fp16,256,1,False,"[1, 256]",1.0,transform,cuda_graph,contiguous256,3,1.299456000328064,1280,1.0152000002563,0.0010152000002563
2,fp16,256,1,False,"[1, 256]",1.0,transform,cuda_graph,contiguous256,4,1.3003840446472168,1280,1.0159250348806381,0.001015925034880638
2,fp16,256,1,False,"[1, 256]",1.0,transform,cuda_graph,contiguous256,5,1.3035520315170288,1280,1.0184000246226788,0.0010184000246226787
2,fp16,256,1,False,"[1, 256]",1.0,transform,cuda_graph,dao,1,1.2349439859390259,1280,0.964799989014864,0.000964799989014864
2,fp16,256,1,False,"[1, 256]",1.0,transform,cuda_graph,dao,2,1.230847954750061,1280,0.9615999646484852,0.0009615999646484852
2,fp16,256,1,False,"[1, 256]",1.0,transform,cuda_graph,dao,3,1.2328319549560547,1280,0.9631499648094177,0.0009631499648094177
2,fp16,256,1,False,"[1, 256]",1.0,transform,cuda_graph,dao,4,1.2318719625473022,1280,0.9623999707400799,0.0009623999707400799
2,fp16,256,1,False,"[1, 256]",1.0,transform,cuda_graph,dao,5,1.2328959703445435,1280,0.9631999768316746,0.0009631999768316746
2,fp16,256,17,True,"[17, 256]",0.0625,transform,cuda_graph,original,1,1.321984052658081,1280,1.0328000411391258,0.001032800041139126
2,fp16,256,17,True,"[17, 256]",0.0625,transform,cuda_graph,original,2,1.3189120292663574,1280,1.0304000228643417,0.0010304000228643418
2,fp16,256,17,True,"[17, 256]",0.0625,transform,cuda_graph,original,3,1.319808006286621,1280,1.0311000049114227,0.0010311000049114227
2,fp16,256,17,True,"[17, 256]",0.0625,transform,cuda_graph,original,4,1.3189120292663574,1280,1.0304000228643417,0.0010304000228643418
2,fp16,256,17,True,"[17, 256]",0.0625,transform,cuda_graph,original,5,1.3178880214691162,1280,1.029600016772747,0.0010296000167727471
2,fp16,256,17,True,"[17, 256]",0.0625,transform,cuda_graph,contiguous256,1,1.3670400381088257,1280,1.06800002977252,0.0010680000297725201
2,fp16,256,17,True,"[17, 256]",0.0625,transform,cuda_graph,contiguous256,2,1.3649920225143433,1280,1.0664000175893307,0.0010664000175893307
2,fp16,256,17,True,"[17, 256]",0.0625,transform,cuda_graph,contiguous256,3,1.3649920225143433,1280,1.0664000175893307,0.0010664000175893307
2,fp16,256,17,True,"[17, 256]",0.0625,transform,cuda_graph,contiguous256,4,1.3659199476242065,1280,1.0671249590814114,0.0010671249590814113
2,fp16,256,17,True,"[17, 256]",0.0625,transform,cuda_graph,contiguous256,5,1.3649920225143433,1280,1.0664000175893307,0.0010664000175893307
2,fp16,256,17,True,"[17, 256]",0.0625,transform,cuda_graph,dao,1,1.252351999282837,1280,0.9783999994397163,0.0009783999994397163
2,fp16,256,17,True,"[17, 256]",0.0625,transform,cuda_graph,dao,2,1.2513279914855957,1280,0.9775999933481216,0.0009775999933481216
2,fp16,256,17,True,"[17, 256]",0.0625,transform,cuda_graph,dao,3,1.2513279914855957,1280,0.9775999933481216,0.0009775999933481216
2,fp16,256,17,True,"[17, 256]",0.0625,transform,cuda_graph,dao,4,1.2513279914855957,1280,0.9775999933481216,0.0009775999933481216
2,fp16,256,17,True,"[17, 256]",0.0625,transform,cuda_graph,dao,5,1.252351999282837,1280,0.9783999994397163,0.0009783999994397163
2,fp16,256,17,True,"[17, 256]",0.0625,fused_int4,cuda_graph,original,1,1.831936001777649,1280,1.4312000013887882,0.0014312000013887883
2,fp16,256,17,True,"[17, 256]",0.0625,fused_int4,cuda_graph,original,2,1.8309119939804077,1280,1.4303999952971935,0.0014303999952971936
2,fp16,256,17,True,"[17, 256]",0.0625,fused_int4,cuda_graph,original,3,1.8298879861831665,1280,1.4295999892055988,0.0014295999892055989
2,fp16,256,17,True,"[17, 256]",0.0625,fused_int4,cuda_graph,original,4,1.831936001777649,1280,1.4312000013887882,0.0014312000013887883
2,fp16,256,17,True,"[17, 256]",0.0625,fused_int4,cuda_graph,original,5,1.8308160305023193,1280,1.430325023829937,0.001430325023829937
2,fp16,256,17,True,"[17, 256]",0.0625,fused_int4,cuda_graph,contiguous256,1,1.7326079607009888,1280,1.3535999692976475,0.0013535999692976474
2,fp16,256,17,True,"[17, 256]",0.0625,fused_int4,cuda_graph,contiguous256,2,1.7315839529037476,1280,1.3527999632060528,0.0013527999632060527
2,fp16,256,17,True,"[17, 256]",0.0625,fused_int4,cuda_graph,contiguous256,3,1.73363196849823,1280,1.3543999753892422,0.001354399975389242
2,fp16,256,17,True,"[17, 256]",0.0625,fused_int4,cuda_graph,contiguous256,4,1.7315839529037476,1280,1.3527999632060528,0.0013527999632060527
2,fp16,256,17,True,"[17, 256]",0.0625,fused_int4,cuda_graph,contiguous256,5,1.7305599451065063,1280,1.351999957114458,0.001351999957114458
2,bf16,256,257,True,"[257, 256]",0.0625,fused_int4,cuda_graph,original,1,1.9189759492874146,1280,1.4991999603807926,0.0014991999603807926
2,bf16,256,257,True,"[257, 256]",0.0625,fused_int4,cuda_graph,original,2,1.9179519414901733,1280,1.498399954289198,0.0014983999542891979
2,bf16,256,257,True,"[257, 256]",0.0625,fused_int4,cuda_graph,original,3,1.9169280529022217,1280,1.4976000413298607,0.0014976000413298607
2,bf16,256,257,True,"[257, 256]",0.0625,fused_int4,cuda_graph,original,4,1.916864037513733,1280,1.4975500293076038,0.001497550029307604
2,bf16,256,257,True,"[257, 256]",0.0625,fused_int4,cuda_graph,original,5,1.9159040451049805,1280,1.496800035238266,0.001496800035238266
2,bf16,256,257,True,"[257, 256]",0.0625,fused_int4,cuda_graph,contiguous256,1,1.8032000064849854,1280,1.4087500050663948,0.0014087500050663948
2,bf16,256,257,True,"[257, 256]",0.0625,fused_int4,cuda_graph,contiguous256,2,1.8032640218734741,1280,1.4088000170886517,0.0014088000170886517
2,bf16,256,257,True,"[257, 256]",0.0625,fused_int4,cuda_graph,contiguous256,3,1.802240014076233,1280,1.408000010997057,0.001408000010997057
2,bf16,256,257,True,"[257, 256]",0.0625,fused_int4,cuda_graph,contiguous256,4,1.8001919984817505,1280,1.4063999988138676,0.0014063999988138676
2,bf16,256,257,True,"[257, 256]",0.0625,fused_int4,cuda_graph,contiguous256,5,1.8032640218734741,1280,1.4088000170886517,0.0014088000170886517
2,bf16,256,257,True,"[257, 256]",0.0625,transform,cuda_graph,original,1,1.4314559698104858,1280,1.118324976414442,0.001118324976414442
2,bf16,256,257,True,"[257, 256]",0.0625,transform,cuda_graph,original,2,1.4304959774017334,1280,1.1175749823451042,0.0011175749823451042
2,bf16,256,257,True,"[257, 256]",0.0625,transform,cuda_graph,original,3,1.4295040369033813,1280,1.1168000288307667,0.0011168000288307666
2,bf16,256,257,True,"[257, 256]",0.0625,transform,cuda_graph,original,4,1.4305280447006226,1280,1.1176000349223614,0.0011176000349223613
2,bf16,256,257,True,"[257, 256]",0.0625,transform,cuda_graph,original,5,1.4314240217208862,1280,1.1183000169694424,0.0011183000169694424
2,bf16,256,257,True,"[257, 256]",0.0625,transform,cuda_graph,contiguous256,1,1.44486403465271,1280,1.1288000270724297,0.0011288000270724297
2,bf16,256,257,True,"[257, 256]",0.0625,transform,cuda_graph,contiguous256,2,1.4428160190582275,1280,1.1272000148892403,0.0011272000148892403
2,bf16,256,257,True,"[257, 256]",0.0625,transform,cuda_graph,contiguous256,3,1.4417920112609863,1280,1.1264000087976456,0.0011264000087976456
2,bf16,256,257,True,"[257, 256]",0.0625,transform,cuda_graph,contiguous256,4,1.4428160190582275,1280,1.1272000148892403,0.0011272000148892403
2,bf16,256,257,True,"[257, 256]",0.0625,transform,cuda_graph,contiguous256,5,1.4417920112609863,1280,1.1264000087976456,0.0011264000087976456
2,bf16,256,257,True,"[257, 256]",0.0625,transform,cuda_graph,dao,1,1.7274880409240723,1280,1.3496000319719315,0.0013496000319719315
2,bf16,256,257,True,"[257, 256]",0.0625,transform,cuda_graph,dao,2,1.7254400253295898,1280,1.348000019788742,0.001348000019788742
2,bf16,256,257,True,"[257, 256]",0.0625,transform,cuda_graph,dao,3,1.7264000177383423,1280,1.34875001385808,0.00134875001385808
2,bf16,256,257,True,"[257, 256]",0.0625,transform,cuda_graph,dao,4,1.7254400253295898,1280,1.348000019788742,0.001348000019788742
2,bf16,256,257,True,"[257, 256]",0.0625,transform,cuda_graph,dao,5,1.7254400253295898,1280,1.348000019788742,0.001348000019788742
2,bf16,256,17,True,"[17, 256]",0.0625,transform,cuda_graph,original,1,1.3393919467926025,1280,1.0463999584317207,0.0010463999584317206
2,bf16,256,17,True,"[17, 256]",0.0625,transform,cuda_graph,original,2,1.3383680582046509,1280,1.0456000454723835,0.0010456000454723835
2,bf16,256,17,True,"[17, 256]",0.0625,transform,cuda_graph,original,3,1.3393919467926025,1280,1.0463999584317207,0.0010463999584317206
2,bf16,256,17,True,"[17, 256]",0.0625,transform,cuda_graph,original,4,1.3383680582046509,1280,1.0456000454723835,0.0010456000454723835
2,bf16,256,17,True,"[17, 256]",0.0625,transform,cuda_graph,original,5,1.3383680582046509,1280,1.0456000454723835,0.0010456000454723835
2,bf16,256,17,True,"[17, 256]",0.0625,transform,cuda_graph,contiguous256,1,1.3576639890670776,1280,1.0606749914586544,0.0010606749914586545
2,bf16,256,17,True,"[17, 256]",0.0625,transform,cuda_graph,contiguous256,2,1.3567999601364136,1280,1.059999968856573,0.0010599999688565731
2,bf16,256,17,True,"[17, 256]",0.0625,transform,cuda_graph,contiguous256,3,1.3567999601364136,1280,1.059999968856573,0.0010599999688565731
2,bf16,256,17,True,"[17, 256]",0.0625,transform,cuda_graph,contiguous256,4,1.357759952545166,1280,1.060749962925911,0.001060749962925911
2,bf16,256,17,True,"[17, 256]",0.0625,transform,cuda_graph,contiguous256,5,1.3567039966583252,1280,1.0599249973893166,0.0010599249973893166
2,bf16,256,17,True,"[17, 256]",0.0625,transform,cuda_graph,dao,1,1.257472038269043,1280,0.9824000298976898,0.0009824000298976898
2,bf16,256,17,True,"[17, 256]",0.0625,transform,cuda_graph,dao,2,1.2564480304718018,1280,0.9816000238060951,0.0009816000238060951
2,bf16,256,17,True,"[17, 256]",0.0625,transform,cuda_graph,dao,3,1.2544000148773193,1280,0.9800000116229057,0.0009800000116229057
2,bf16,256,17,True,"[17, 256]",0.0625,transform,cuda_graph,dao,4,1.2544000148773193,1280,0.9800000116229057,0.0009800000116229057
2,bf16,256,17,True,"[17, 256]",0.0625,transform,cuda_graph,dao,5,1.2564480304718018,1280,0.9816000238060951,0.0009816000238060951
2,bf16,256,17,True,"[17, 256]",0.0625,fused_int4,cuda_graph,original,1,2.0008320808410645,1280,1.5631500631570816,0.0015631500631570817
2,bf16,256,17,True,"[17, 256]",0.0625,fused_int4,cuda_graph,original,2,1.9998719692230225,1280,1.5623999759554863,0.0015623999759554863
2,bf16,256,17,True,"[17, 256]",0.0625,fused_int4,cuda_graph,original,3,1.9906560182571411,1280,1.5552000142633915,0.0015552000142633915
2,bf16,256,17,True,"[17, 256]",0.0625,fused_int4,cuda_graph,original,4,1.9906560182571411,1280,1.5552000142633915,0.0015552000142633915
2,bf16,256,17,True,"[17, 256]",0.0625,fused_int4,cuda_graph,original,5,1.9896320104599,1280,1.5544000081717968,0.0015544000081717968
2,bf16,256,17,True,"[17, 256]",0.0625,fused_int4,cuda_graph,contiguous256,1,1.879040002822876,1280,1.4680000022053719,0.0014680000022053719
2,bf16,256,17,True,"[17, 256]",0.0625,fused_int4,cuda_graph,contiguous256,2,1.8688000440597534,1280,1.4600000344216824,0.0014600000344216824
2,bf16,256,17,True,"[17, 256]",0.0625,fused_int4,cuda_graph,contiguous256,3,1.8698240518569946,1280,1.460800040513277,0.0014608000405132771
2,bf16,256,17,True,"[17, 256]",0.0625,fused_int4,cuda_graph,contiguous256,4,1.866752028465271,1280,1.458400022238493,0.001458400022238493
2,bf16,256,17,True,"[17, 256]",0.0625,fused_int4,cuda_graph,contiguous256,5,1.8688000440597534,1280,1.4600000344216824,0.0014600000344216824
2,fp16,256,64,True,"[64, 256]",0.0625,fused_int4,cuda_graph,original,1,2.040832042694092,1280,1.5944000333547592,0.0015944000333547592
2,fp16,256,64,True,"[64, 256]",0.0625,fused_int4,cuda_graph,original,2,2.037760019302368,1280,1.5920000150799751,0.0015920000150799751
2,fp16,256,64,True,"[64, 256]",0.0625,fused_int4,cuda_graph,original,3,2.0387840270996094,1280,1.5928000211715698,0.0015928000211715698
2,fp16,256,64,True,"[64, 256]",0.0625,fused_int4,cuda_graph,original,4,2.036736011505127,1280,1.5912000089883804,0.0015912000089883804
2,fp16,256,64,True,"[64, 256]",0.0625,fused_int4,cuda_graph,original,5,2.041856050491333,1280,1.595200039446354,0.001595200039446354
2,fp16,256,64,True,"[64, 256]",0.0625,fused_int4,cuda_graph,contiguous256,1,1.926144003868103,1280,1.5048000030219555,0.0015048000030219554
2,fp16,256,64,True,"[64, 256]",0.0625,fused_int4,cuda_graph,contiguous256,2,1.926144003868103,1280,1.5048000030219555,0.0015048000030219554
2,fp16,256,64,True,"[64, 256]",0.0625,fused_int4,cuda_graph,contiguous256,3,1.9230719804763794,1280,1.5023999847471714,0.0015023999847471714
2,fp16,256,64,True,"[64, 256]",0.0625,fused_int4,cuda_graph,contiguous256,4,1.9250240325927734,1280,1.5039250254631042,0.0015039250254631042
2,fp16,256,64,True,"[64, 256]",0.0625,fused_int4,cuda_graph,contiguous256,5,1.9251199960708618,1280,1.5039999969303608,0.0015039999969303608
2,fp16,256,64,True,"[64, 256]",0.0625,transform,cuda_graph,original,1,1.4776320457458496,1280,1.154400035738945,0.001154400035738945
2,fp16,256,64,True,"[64, 256]",0.0625,transform,cuda_graph,original,2,1.474560022354126,1280,1.152000017464161,0.001152000017464161
2,fp16,256,64,True,"[64, 256]",0.0625,transform,cuda_graph,original,3,1.4755840301513672,1280,1.1528000235557556,0.0011528000235557557
2,fp16,256,64,True,"[64, 256]",0.0625,transform,cuda_graph,original,4,1.4744319915771484,1280,1.1518999934196472,0.0011518999934196472
2,fp16,256,64,True,"[64, 256]",0.0625,transform,cuda_graph,original,5,1.474560022354126,1280,1.152000017464161,0.001152000017464161
2,fp16,256,64,True,"[64, 256]",0.0625,transform,cuda_graph,contiguous256,1,1.5257600545883179,1280,1.1920000426471233,0.0011920000426471234
2,fp16,256,64,True,"[64, 256]",0.0625,transform,cuda_graph,contiguous256,2,1.5247360467910767,1280,1.1912000365555286,0.0011912000365555287
2,fp16,256,64,True,"[64, 256]",0.0625,transform,cuda_graph,contiguous256,3,1.5247360467910767,1280,1.1912000365555286,0.0011912000365555287
2,fp16,256,64,True,"[64, 256]",0.0625,transform,cuda_graph,contiguous256,4,1.5257600545883179,1280,1.1920000426471233,0.0011920000426471234
2,fp16,256,64,True,"[64, 256]",0.0625,transform,cuda_graph,contiguous256,5,1.5257600545883179,1280,1.1920000426471233,0.0011920000426471234
2,fp16,256,64,True,"[64, 256]",0.0625,transform,cuda_graph,dao,1,1.4335999488830566,1280,1.119999960064888,0.001119999960064888
2,fp16,256,64,True,"[64, 256]",0.0625,transform,cuda_graph,dao,2,1.4323840141296387,1280,1.1190500110387802,0.0011190500110387803
2,fp16,256,64,True,"[64, 256]",0.0625,transform,cuda_graph,dao,3,1.4315520524978638,1280,1.118400041013956,0.001118400041013956
2,fp16,256,64,True,"[64, 256]",0.0625,transform,cuda_graph,dao,4,1.4325759410858154,1280,1.1191999539732933,0.0011191999539732933
2,fp16,256,64,True,"[64, 256]",0.0625,transform,cuda_graph,dao,5,1.4325439929962158,1280,1.1191749945282936,0.0011191749945282936
2,fp16,256,257,True,"[257, 256]",0.0625,transform,cuda_graph,original,1,1.5441919565200806,1280,1.206399966031313,0.001206399966031313
2,fp16,256,257,True,"[257, 256]",0.0625,transform,cuda_graph,original,2,1.5431679487228394,1280,1.2055999599397182,0.0012055999599397183
2,fp16,256,257,True,"[257, 256]",0.0625,transform,cuda_graph,original,3,1.5431679487228394,1280,1.2055999599397182,0.0012055999599397183
2,fp16,256,257,True,"[257, 256]",0.0625,transform,cuda_graph,original,4,1.5441919565200806,1280,1.206399966031313,0.001206399966031313
2,fp16,256,257,True,"[257, 256]",0.0625,transform,cuda_graph,original,5,1.5431679487228394,1280,1.2055999599397182,0.0012055999599397183
2,fp16,256,257,True,"[257, 256]",0.0625,transform,cuda_graph,contiguous256,1,1.5974400043487549,1280,1.2480000033974648,0.0012480000033974648
2,fp16,256,257,True,"[257, 256]",0.0625,transform,cuda_graph,contiguous256,2,1.5953279733657837,1280,1.2463499791920185,0.0012463499791920186
2,fp16,256,257,True,"[257, 256]",0.0625,transform,cuda_graph,contiguous256,3,1.5943679809570312,1280,1.2455999851226807,0.0012455999851226807
2,fp16,256,257,True,"[257, 256]",0.0625,transform,cuda_graph,contiguous256,4,1.59334397315979,1280,1.244799979031086,0.001244799979031086
2,fp16,256,257,True,"[257, 256]",0.0625,transform,cuda_graph,contiguous256,5,1.5943679809570312,1280,1.2455999851226807,0.0012455999851226807
2,fp16,256,257,True,"[257, 256]",0.0625,transform,cuda_graph,dao,1,1.8759039640426636,1280,1.465549971908331,0.001465549971908331
2,fp16,256,257,True,"[257, 256]",0.0625,transform,cuda_graph,dao,2,1.8759360313415527,1280,1.465575024485588,0.001465575024485588
2,fp16,256,257,True,"[257, 256]",0.0625,transform,cuda_graph,dao,3,1.8749439716339111,1280,1.464799977838993,0.001464799977838993
2,fp16,256,257,True,"[257, 256]",0.0625,transform,cuda_graph,dao,4,1.8749439716339111,1280,1.464799977838993,0.001464799977838993
2,fp16,256,257,True,"[257, 256]",0.0625,transform,cuda_graph,dao,5,1.87391996383667,1280,1.4639999717473984,0.0014639999717473984
2,fp16,256,257,True,"[257, 256]",0.0625,fused_int4,cuda_graph,original,1,2.0971519947052,1280,1.6383999958634377,0.0016383999958634377
2,fp16,256,257,True,"[257, 256]",0.0625,fused_int4,cuda_graph,original,2,2.0971519947052,1280,1.6383999958634377,0.0016383999958634377
2,fp16,256,257,True,"[257, 256]",0.0625,fused_int4,cuda_graph,original,3,2.096127986907959,1280,1.637599989771843,0.001637599989771843
2,fp16,256,257,True,"[257, 256]",0.0625,fused_int4,cuda_graph,original,4,2.0971519947052,1280,1.6383999958634377,0.0016383999958634377
2,fp16,256,257,True,"[257, 256]",0.0625,fused_int4,cuda_graph,original,5,2.096127986907959,1280,1.637599989771843,0.001637599989771843
2,fp16,256,257,True,"[257, 256]",0.0625,fused_int4,cuda_graph,contiguous256,1,1.9957760572433472,1280,1.559200044721365,0.001559200044721365
2,fp16,256,257,True,"[257, 256]",0.0625,fused_int4,cuda_graph,contiguous256,2,1.9906560182571411,1280,1.5552000142633915,0.0015552000142633915
2,fp16,256,257,True,"[257, 256]",0.0625,fused_int4,cuda_graph,contiguous256,3,1.9916800260543823,1280,1.5560000203549862,0.0015560000203549862
2,fp16,256,257,True,"[257, 256]",0.0625,fused_int4,cuda_graph,contiguous256,4,1.9906560182571411,1280,1.5552000142633915,0.0015552000142633915
2,fp16,256,257,True,"[257, 256]",0.0625,fused_int4,cuda_graph,contiguous256,5,1.9906560182571411,1280,1.5552000142633915,0.0015552000142633915
2,bf16,256,64,True,"[64, 256]",0.0625,fused_int4,cuda_graph,original,1,2.018239974975586,1280,1.5767499804496765,0.0015767499804496764
2,bf16,256,64,True,"[64, 256]",0.0625,fused_int4,cuda_graph,original,2,2.0152320861816406,1280,1.5744000673294067,0.0015744000673294067
2,bf16,256,64,True,"[64, 256]",0.0625,fused_int4,cuda_graph,original,3,2.0152320861816406,1280,1.5744000673294067,0.0015744000673294067
2,bf16,256,64,True,"[64, 256]",0.0625,fused_int4,cuda_graph,original,4,2.0152320861816406,1280,1.5744000673294067,0.0015744000673294067
2,bf16,256,64,True,"[64, 256]",0.0625,fused_int4,cuda_graph,original,5,2.019200086593628,1280,1.5775000676512718,0.0015775000676512719
2,bf16,256,64,True,"[64, 256]",0.0625,fused_int4,cuda_graph,contiguous256,1,1.8995200395584106,1280,1.4840000309050083,0.0014840000309050082
2,bf16,256,64,True,"[64, 256]",0.0625,fused_int4,cuda_graph,contiguous256,2,1.8933759927749634,1280,1.4791999943554401,0.00147919999435544
2,bf16,256,64,True,"[64, 256]",0.0625,fused_int4,cuda_graph,contiguous256,3,1.8933759927749634,1280,1.4791999943554401,0.00147919999435544
2,bf16,256,64,True,"[64, 256]",0.0625,fused_int4,cuda_graph,contiguous256,4,1.8933759927749634,1280,1.4791999943554401,0.00147919999435544
2,bf16,256,64,True,"[64, 256]",0.0625,fused_int4,cuda_graph,contiguous256,5,1.8944000005722046,1280,1.4800000004470348,0.0014800000004470347
2,bf16,256,64,True,"[64, 256]",0.0625,transform,cuda_graph,original,1,1.4878720045089722,1280,1.1624000035226345,0.0011624000035226345
2,bf16,256,64,True,"[64, 256]",0.0625,transform,cuda_graph,original,2,1.4888960123062134,1280,1.1632000096142292,0.0011632000096142292
2,bf16,256,64,True,"[64, 256]",0.0625,transform,cuda_graph,original,3,1.486847996711731,1280,1.1615999974310398,0.0011615999974310398
2,bf16,256,64,True,"[64, 256]",0.0625,transform,cuda_graph,original,4,1.4878720045089722,1280,1.1624000035226345,0.0011624000035226345
2,bf16,256,64,True,"[64, 256]",0.0625,transform,cuda_graph,original,5,1.4878720045089722,1280,1.1624000035226345,0.0011624000035226345
2,bf16,256,64,True,"[64, 256]",0.0625,transform,cuda_graph,contiguous256,1,1.5022079944610596,1280,1.1735999956727028,0.0011735999956727027
2,bf16,256,64,True,"[64, 256]",0.0625,transform,cuda_graph,contiguous256,2,1.5032320022583008,1280,1.1744000017642975,0.0011744000017642974
2,bf16,256,64,True,"[64, 256]",0.0625,transform,cuda_graph,contiguous256,3,1.5022079944610596,1280,1.1735999956727028,0.0011735999956727027
2,bf16,256,64,True,"[64, 256]",0.0625,transform,cuda_graph,contiguous256,4,1.5032320022583008,1280,1.1744000017642975,0.0011744000017642974
2,bf16,256,64,True,"[64, 256]",0.0625,transform,cuda_graph,contiguous256,5,1.5011839866638184,1280,1.172799989581108,0.001172799989581108
2,bf16,256,64,True,"[64, 256]",0.0625,transform,cuda_graph,dao,1,1.4335999488830566,1280,1.119999960064888,0.001119999960064888
2,bf16,256,64,True,"[64, 256]",0.0625,transform,cuda_graph,dao,2,1.4305280447006226,1280,1.1176000349223614,0.0011176000349223613
2,bf16,256,64,True,"[64, 256]",0.0625,transform,cuda_graph,dao,3,1.4315520524978638,1280,1.118400041013956,0.001118400041013956
2,bf16,256,64,True,"[64, 256]",0.0625,transform,cuda_graph,dao,4,1.4305280447006226,1280,1.1176000349223614,0.0011176000349223613
2,bf16,256,64,True,"[64, 256]",0.0625,transform,cuda_graph,dao,5,1.4315520524978638,1280,1.118400041013956,0.001118400041013956
2,bf16,256,257,False,"[257, 256]",1.0,transform,cuda_graph,original,1,1.5595519542694092,1280,1.218399964272976,0.001218399964272976
2,bf16,256,257,False,"[257, 256]",1.0,transform,cuda_graph,original,2,1.556480050086975,1280,1.2160000391304493,0.0012160000391304494
2,bf16,256,257,False,"[257, 256]",1.0,transform,cuda_graph,original,3,1.5605759620666504,1280,1.2191999703645706,0.0012191999703645706
2,bf16,256,257,False,"[257, 256]",1.0,transform,cuda_graph,original,4,1.556480050086975,1280,1.2160000391304493,0.0012160000391304494
2,bf16,256,257,False,"[257, 256]",1.0,transform,cuda_graph,original,5,1.556480050086975,1280,1.2160000391304493,0.0012160000391304494
2,bf16,256,257,False,"[257, 256]",1.0,transform,cuda_graph,contiguous256,1,1.5697920322418213,1280,1.2264000251889229,0.0012264000251889229
2,bf16,256,257,False,"[257, 256]",1.0,transform,cuda_graph,contiguous256,2,1.5697920322418213,1280,1.2264000251889229,0.0012264000251889229
2,bf16,256,257,False,"[257, 256]",1.0,transform,cuda_graph,contiguous256,3,1.5697920322418213,1280,1.2264000251889229,0.0012264000251889229
2,bf16,256,257,False,"[257, 256]",1.0,transform,cuda_graph,contiguous256,4,1.56876802444458,1280,1.2256000190973282,0.0012256000190973282
2,bf16,256,257,False,"[257, 256]",1.0,transform,cuda_graph,contiguous256,5,1.568735957145691,1280,1.225574966520071,0.0012255749665200711
2,bf16,256,257,False,"[257, 256]",1.0,transform,cuda_graph,dao,1,1.8769919872283936,1280,1.4663999900221825,0.0014663999900221825
2,bf16,256,257,False,"[257, 256]",1.0,transform,cuda_graph,dao,2,1.8769919872283936,1280,1.4663999900221825,0.0014663999900221825
2,bf16,256,257,False,"[257, 256]",1.0,transform,cuda_graph,dao,3,1.8749439716339111,1280,1.464799977838993,0.001464799977838993
2,bf16,256,257,False,"[257, 256]",1.0,transform,cuda_graph,dao,4,1.8759679794311523,1280,1.4655999839305878,0.0014655999839305878
2,bf16,256,257,False,"[257, 256]",1.0,transform,cuda_graph,dao,5,1.8749439716339111,1280,1.464799977838993,0.001464799977838993
2,bf16,256,257,False,"[257, 256]",1.0,fused_int4,cuda_graph,original,1,2.0889599323272705,1280,1.63199994713068,0.0016319999471306802
2,bf16,256,257,False,"[257, 256]",1.0,fused_int4,cuda_graph,original,2,2.086911916732788,1280,1.6303999349474907,0.0016303999349474908
2,bf16,256,257,False,"[257, 256]",1.0,fused_int4,cuda_graph,original,3,2.0889599323272705,1280,1.63199994713068,0.0016319999471306802
2,bf16,256,257,False,"[257, 256]",1.0,fused_int4,cuda_graph,original,4,2.0879359245300293,1280,1.6311999410390854,0.0016311999410390855
2,bf16,256,257,False,"[257, 256]",1.0,fused_int4,cuda_graph,original,5,2.0889599323272705,1280,1.63199994713068,0.0016319999471306802
2,bf16,256,257,False,"[257, 256]",1.0,fused_int4,cuda_graph,contiguous256,1,1.9671039581298828,1280,1.536799967288971,0.0015367999672889709
2,bf16,256,257,False,"[257, 256]",1.0,fused_int4,cuda_graph,contiguous256,2,1.9640320539474487,1280,1.5344000421464443,0.0015344000421464443
2,bf16,256,257,False,"[257, 256]",1.0,fused_int4,cuda_graph,contiguous256,3,1.9640320539474487,1280,1.5344000421464443,0.0015344000421464443
2,bf16,256,257,False,"[257, 256]",1.0,fused_int4,cuda_graph,contiguous256,4,1.9640320539474487,1280,1.5344000421464443,0.0015344000421464443
2,bf16,256,257,False,"[257, 256]",1.0,fused_int4,cuda_graph,contiguous256,5,1.9640320539474487,1280,1.5344000421464443,0.0015344000421464443
2,bf16,256,1,False,"[1, 256]",1.0,fused_int4,cuda_graph,original,1,1.921023964881897,1280,1.500799972563982,0.001500799972563982
2,bf16,256,1,False,"[1, 256]",1.0,fused_int4,cuda_graph,original,2,1.921023964881897,1280,1.500799972563982,0.001500799972563982
2,bf16,256,1,False,"[1, 256]",1.0,fused_int4,cuda_graph,original,3,1.9199999570846558,1280,1.4999999664723873,0.0014999999664723873
2,bf16,256,1,False,"[1, 256]",1.0,fused_int4,cuda_graph,original,4,1.9199999570846558,1280,1.4999999664723873,0.0014999999664723873
2,bf16,256,1,False,"[1, 256]",1.0,fused_int4,cuda_graph,original,5,1.9209599494934082,1280,1.5007499605417252,0.0015007499605417252
2,bf16,256,1,False,"[1, 256]",1.0,fused_int4,cuda_graph,contiguous256,1,1.7940479516983032,1280,1.4015999622642994,0.0014015999622642994
2,bf16,256,1,False,"[1, 256]",1.0,fused_int4,cuda_graph,contiguous256,2,1.7971199750900269,1280,1.4039999805390835,0.0014039999805390835
2,bf16,256,1,False,"[1, 256]",1.0,fused_int4,cuda_graph,contiguous256,3,1.792896032333374,1280,1.4007000252604485,0.0014007000252604484
2,bf16,256,1,False,"[1, 256]",1.0,fused_int4,cuda_graph,contiguous256,4,1.7950719594955444,1280,1.402399968355894,0.001402399968355894
2,bf16,256,1,False,"[1, 256]",1.0,fused_int4,cuda_graph,contiguous256,5,1.793023943901062,1280,1.4007999561727047,0.0014007999561727047
2,bf16,256,1,False,"[1, 256]",1.0,transform,cuda_graph,original,1,1.3895679712295532,1280,1.0855999775230885,0.0010855999775230885
2,bf16,256,1,False,"[1, 256]",1.0,transform,cuda_graph,original,2,1.388543963432312,1280,1.0847999714314938,0.0010847999714314938
2,bf16,256,1,False,"[1, 256]",1.0,transform,cuda_graph,original,3,1.3875199556350708,1280,1.083999965339899,0.0010839999653398991
2,bf16,256,1,False,"[1, 256]",1.0,transform,cuda_graph,original,4,1.388543963432312,1280,1.0847999714314938,0.0010847999714314938
2,bf16,256,1,False,"[1, 256]",1.0,transform,cuda_graph,original,5,1.3895679712295532,1280,1.0855999775230885,0.0010855999775230885
2,bf16,256,1,False,"[1, 256]",1.0,transform,cuda_graph,contiguous256,1,1.411072015762329,1280,1.1024000123143196,0.0011024000123143196
2,bf16,256,1,False,"[1, 256]",1.0,transform,cuda_graph,contiguous256,2,1.4079999923706055,1280,1.0999999940395355,0.0010999999940395355
2,bf16,256,1,False,"[1, 256]",1.0,transform,cuda_graph,contiguous256,3,1.4090240001678467,1280,1.1008000001311302,0.0011008000001311302
2,bf16,256,1,False,"[1, 256]",1.0,transform,cuda_graph,contiguous256,4,1.4079999923706055,1280,1.0999999940395355,0.0010999999940395355
2,bf16,256,1,False,"[1, 256]",1.0,transform,cuda_graph,contiguous256,5,1.4079999923706055,1280,1.0999999940395355,0.0010999999940395355
2,bf16,256,1,False,"[1, 256]",1.0,transform,cuda_graph,dao,1,1.3506560325622559,1280,1.0552000254392624,0.0010552000254392623
2,bf16,256,1,False,"[1, 256]",1.0,transform,cuda_graph,dao,2,1.3496320247650146,1280,1.0544000193476677,0.0010544000193476676
2,bf16,256,1,False,"[1, 256]",1.0,transform,cuda_graph,dao,3,1.3486080169677734,1280,1.053600013256073,0.001053600013256073
2,bf16,256,1,False,"[1, 256]",1.0,transform,cuda_graph,dao,4,1.3496320247650146,1280,1.0544000193476677,0.0010544000193476676
2,bf16,256,1,False,"[1, 256]",1.0,transform,cuda_graph,dao,5,1.3495359420776367,1280,1.0543249547481537,0.0010543249547481537
2,bf16,256,4096,False,"[4096, 256]",1.0,transform,cuda_graph,original,1,3.5891199111938477,1280,2.8039999306201935,0.0028039999306201935
2,bf16,256,4096,False,"[4096, 256]",1.0,transform,cuda_graph,original,2,3.5840001106262207,1280,2.800000086426735,0.002800000086426735
2,bf16,256,4096,False,"[4096, 256]",1.0,transform,cuda_graph,original,3,3.586047887802124,1280,2.8015999123454094,0.0028015999123454094
2,bf16,256,4096,False,"[4096, 256]",1.0,transform,cuda_graph,original,4,3.586047887802124,1280,2.8015999123454094,0.0028015999123454094
2,bf16,256,4096,False,"[4096, 256]",1.0,transform,cuda_graph,original,5,3.586047887802124,1280,2.8015999123454094,0.0028015999123454094
2,bf16,256,4096,False,"[4096, 256]",1.0,transform,cuda_graph,contiguous256,1,3.259392023086548,1280,2.5464000180363655,0.0025464000180363657
2,bf16,256,4096,False,"[4096, 256]",1.0,transform,cuda_graph,contiguous256,2,3.2624640464782715,1280,2.5488000363111496,0.0025488000363111498
2,bf16,256,4096,False,"[4096, 256]",1.0,transform,cuda_graph,contiguous256,3,3.2582719326019287,1280,2.545524947345257,0.002545524947345257
2,bf16,256,4096,False,"[4096, 256]",1.0,transform,cuda_graph,contiguous256,4,3.2624640464782715,1280,2.5488000363111496,0.0025488000363111498
2,bf16,256,4096,False,"[4096, 256]",1.0,transform,cuda_graph,contiguous256,5,3.264512062072754,1280,2.550400048494339,0.002550400048494339
2,bf16,256,4096,False,"[4096, 256]",1.0,transform,cuda_graph,dao,1,4.314112186431885,1280,3.37040014564991,0.00337040014564991
2,bf16,256,4096,False,"[4096, 256]",1.0,transform,cuda_graph,dao,2,4.309887886047363,1280,3.3670999109745026,0.0033670999109745026
2,bf16,256,4096,False,"[4096, 256]",1.0,transform,cuda_graph,dao,3,4.31001615524292,1280,3.367200121283531,0.0033672001212835313
2,bf16,256,4096,False,"[4096, 256]",1.0,transform,cuda_graph,dao,4,4.31001615524292,1280,3.367200121283531,0.0033672001212835313
2,bf16,256,4096,False,"[4096, 256]",1.0,transform,cuda_graph,dao,5,4.313983917236328,1280,3.3702999353408813,0.0033702999353408813
2,bf16,256,4096,False,"[4096, 256]",1.0,fused_int4,cuda_graph,original,1,4.332511901855469,1280,3.384774923324585,0.003384774923324585
2,bf16,256,4096,False,"[4096, 256]",1.0,fused_int4,cuda_graph,original,2,4.340735912322998,1280,3.3911999315023422,0.0033911999315023424
2,bf16,256,4096,False,"[4096, 256]",1.0,fused_int4,cuda_graph,original,3,4.333568096160889,1280,3.3856000751256943,0.003385600075125694
2,bf16,256,4096,False,"[4096, 256]",1.0,fused_int4,cuda_graph,original,4,4.3355841636657715,1280,3.387175127863884,0.003387175127863884
2,bf16,256,4096,False,"[4096, 256]",1.0,fused_int4,cuda_graph,original,5,4.334591865539551,1280,3.386399894952774,0.0033863998949527742
2,bf16,256,4096,False,"[4096, 256]",1.0,fused_int4,cuda_graph,contiguous256,1,3.9178240299224854,1280,3.0608000233769417,0.0030608000233769417
2,bf16,256,4096,False,"[4096, 256]",1.0,fused_int4,cuda_graph,contiguous256,2,3.910655975341797,1280,3.055199980735779,0.003055199980735779
2,bf16,256,4096,False,"[4096, 256]",1.0,fused_int4,cuda_graph,contiguous256,3,3.913599967956543,1280,3.057499974966049,0.0030574999749660493
2,bf16,256,4096,False,"[4096, 256]",1.0,fused_int4,cuda_graph,contiguous256,4,3.9137279987335205,1280,3.057599999010563,0.003057599999010563
2,bf16,256,4096,False,"[4096, 256]",1.0,fused_int4,cuda_graph,contiguous256,5,3.920896053314209,1280,3.0632000416517258,0.0030632000416517258
2,fp16,256,16384,True,"[16384, 256]",0.0625,fused_int4,cuda_graph,original,1,11.928576469421387,1280,9.319200366735458,0.009319200366735458
2,fp16,256,16384,True,"[16384, 256]",0.0625,fused_int4,cuda_graph,original,2,11.949055671691895,1280,9.335199743509293,0.009335199743509293
2,fp16,256,16384,True,"[16384, 256]",0.0625,fused_int4,cuda_graph,original,3,11.951104164123535,1280,9.336800128221512,0.009336800128221513
2,fp16,256,16384,True,"[16384, 256]",0.0625,fused_int4,cuda_graph,original,4,11.935744285583496,1280,9.324800223112106,0.009324800223112106
2,fp16,256,16384,True,"[16384, 256]",0.0625,fused_int4,cuda_graph,original,5,11.902976036071777,1280,9.299200028181076,0.009299200028181076
2,fp16,256,16384,True,"[16384, 256]",0.0625,fused_int4,cuda_graph,contiguous256,1,10.297344207763672,1280,8.044800162315369,0.008044800162315369
2,fp16,256,16384,True,"[16384, 256]",0.0625,fused_int4,cuda_graph,contiguous256,2,10.306559562683105,1280,8.051999658346176,0.008051999658346177
2,fp16,256,16384,True,"[16384, 256]",0.0625,fused_int4,cuda_graph,contiguous256,3,10.332159996032715,1280,8.071999996900558,0.008071999996900558
2,fp16,256,16384,True,"[16384, 256]",0.0625,fused_int4,cuda_graph,contiguous256,4,10.351615905761719,1280,8.087199926376343,0.008087199926376343
2,fp16,256,16384,True,"[16384, 256]",0.0625,fused_int4,cuda_graph,contiguous256,5,10.264575958251953,1280,8.019199967384338,0.008019199967384339
2,fp16,256,16384,True,"[16384, 256]",0.0625,transform,cuda_graph,original,1,11.308032035827637,1280,8.834400027990341,0.008834400027990342
2,fp16,256,16384,True,"[16384, 256]",0.0625,transform,cuda_graph,original,2,11.307007789611816,1280,8.833599835634232,0.008833599835634231
2,fp16,256,16384,True,"[16384, 256]",0.0625,transform,cuda_graph,original,3,11.313152313232422,1280,8.83840024471283,0.00883840024471283
2,fp16,256,16384,True,"[16384, 256]",0.0625,transform,cuda_graph,original,4,11.31827163696289,1280,8.842399716377258,0.008842399716377259
2,fp16,256,16384,True,"[16384, 256]",0.0625,transform,cuda_graph,original,5,11.308032035827637,1280,8.834400027990341,0.008834400027990342
2,fp16,256,16384,True,"[16384, 256]",0.0625,transform,cuda_graph,contiguous256,1,11.330559730529785,1280,8.851999789476395,0.008851999789476395
2,fp16,256,16384,True,"[16384, 256]",0.0625,transform,cuda_graph,contiguous256,2,11.329536437988281,1280,8.851200342178345,0.008851200342178345
2,fp16,256,16384,True,"[16384, 256]",0.0625,transform,cuda_graph,contiguous256,3,11.328512191772461,1280,8.850400149822235,0.008850400149822236
2,fp16,256,16384,True,"[16384, 256]",0.0625,transform,cuda_graph,contiguous256,4,11.332608222961426,1280,8.853600174188614,0.008853600174188615
2,fp16,256,16384,True,"[16384, 256]",0.0625,transform,cuda_graph,contiguous256,5,11.330559730529785,1280,8.851999789476395,0.008851999789476395
2,fp16,256,16384,True,"[16384, 256]",0.0625,transform,cuda_graph,dao,1,11.44217586517334,1280,8.939199894666672,0.008939199894666672
2,fp16,256,16384,True,"[16384, 256]",0.0625,transform,cuda_graph,dao,2,11.440128326416016,1280,8.937600255012512,0.008937600255012512
2,fp16,256,16384,True,"[16384, 256]",0.0625,transform,cuda_graph,dao,3,11.461631774902344,1280,8.954399824142456,0.008954399824142456
2,fp16,256,16384,True,"[16384, 256]",0.0625,transform,cuda_graph,dao,4,11.510784149169922,1280,8.992800116539001,0.008992800116539001
2,fp16,256,16384,True,"[16384, 256]",0.0625,transform,cuda_graph,dao,5,11.503616333007812,1280,8.987200260162354,0.008987200260162354
2,fp16,256,16384,False,"[16384, 256]",1.0,transform,cuda_graph,original,1,11.303936004638672,1280,8.831200003623962,0.008831200003623963
2,fp16,256,16384,False,"[16384, 256]",1.0,transform,cuda_graph,original,2,11.306976318359375,1280,8.833575248718262,0.008833575248718261
2,fp16,256,16384,False,"[16384, 256]",1.0,transform,cuda_graph,original,3,11.319168090820312,1280,8.84310007095337,0.00884310007095337
2,fp16,256,16384,False,"[16384, 256]",1.0,transform,cuda_graph,original,4,11.305983543395996,1280,8.832799643278122,0.008832799643278122
2,fp16,256,16384,False,"[16384, 256]",1.0,transform,cuda_graph,original,5,11.309056282043457,1280,8.83520022034645,0.00883520022034645
2,fp16,256,16384,False,"[16384, 256]",1.0,transform,cuda_graph,contiguous256,1,11.328479766845703,1280,8.850374817848206,0.008850374817848205
2,fp16,256,16384,False,"[16384, 256]",1.0,transform,cuda_graph,contiguous256,2,11.328512191772461,1280,8.850400149822235,0.008850400149822236
2,fp16,256,16384,False,"[16384, 256]",1.0,transform,cuda_graph,contiguous256,3,11.330495834350586,1280,8.851949870586395,0.008851949870586396
2,fp16,256,16384,False,"[16384, 256]",1.0,transform,cuda_graph,contiguous256,4,11.319295883178711,1280,8.843199908733368,0.008843199908733368
2,fp16,256,16384,False,"[16384, 256]",1.0,transform,cuda_graph,contiguous256,5,11.332608222961426,1280,8.853600174188614,0.008853600174188615
2,fp16,256,16384,False,"[16384, 256]",1.0,transform,cuda_graph,dao,1,11.45139217376709,1280,8.946400135755539,0.008946400135755539
2,fp16,256,16384,False,"[16384, 256]",1.0,transform,cuda_graph,dao,2,11.43990421295166,1280,8.937425166368484,0.008937425166368484
2,fp16,256,16384,False,"[16384, 256]",1.0,transform,cuda_graph,dao,3,11.478015899658203,1280,8.967199921607971,0.00896719992160797
2,fp16,256,16384,False,"[16384, 256]",1.0,transform,cuda_graph,dao,4,11.490303993225098,1280,8.976799994707108,0.008976799994707107
2,fp16,256,16384,False,"[16384, 256]",1.0,transform,cuda_graph,dao,5,11.476991653442383,1280,8.966399729251862,0.008966399729251862
2,fp16,256,16384,False,"[16384, 256]",1.0,fused_int4,cuda_graph,original,1,11.002880096435547,1280,8.596000075340271,0.008596000075340272
2,fp16,256,16384,False,"[16384, 256]",1.0,fused_int4,cuda_graph,original,2,11.002880096435547,1280,8.596000075340271,0.008596000075340272
2,fp16,256,16384,False,"[16384, 256]",1.0,fused_int4,cuda_graph,original,3,11.293696403503418,1280,8.823200315237045,0.008823200315237045
2,fp16,256,16384,False,"[16384, 256]",1.0,fused_int4,cuda_graph,original,4,11.565055847167969,1280,9.035199880599976,0.009035199880599976
2,fp16,256,16384,False,"[16384, 256]",1.0,fused_int4,cuda_graph,original,5,11.588512420654297,1280,9.05352532863617,0.00905352532863617
2,fp16,256,16384,False,"[16384, 256]",1.0,fused_int4,cuda_graph,contiguous256,1,9.425919532775879,1280,7.363999634981155,0.007363999634981156
2,fp16,256,16384,False,"[16384, 256]",1.0,fused_int4,cuda_graph,contiguous256,2,9.435135841369629,1280,7.371199876070023,0.007371199876070022
2,fp16,256,16384,False,"[16384, 256]",1.0,fused_int4,cuda_graph,contiguous256,3,9.460543632507324,1280,7.391049712896347,0.007391049712896347
2,fp16,256,16384,False,"[16384, 256]",1.0,fused_int4,cuda_graph,contiguous256,4,9.981823921203613,1280,7.798299938440323,0.007798299938440323
2,fp16,256,16384,False,"[16384, 256]",1.0,fused_int4,cuda_graph,contiguous256,5,9.998335838317871,1280,7.811199873685837,0.007811199873685837
2,fp16,256,64,False,"[64, 256]",1.0,fused_int4,cuda_graph,original,1,1.8626559972763062,1280,1.4551999978721142,0.0014551999978721143
2,fp16,256,64,False,"[64, 256]",1.0,fused_int4,cuda_graph,original,2,1.8585599660873413,1280,1.4519999735057354,0.0014519999735057355
2,fp16,256,64,False,"[64, 256]",1.0,fused_int4,cuda_graph,original,3,1.8585599660873413,1280,1.4519999735057354,0.0014519999735057355
2,fp16,256,64,False,"[64, 256]",1.0,fused_int4,cuda_graph,original,4,1.8595839738845825,1280,1.45279997959733,0.0014527999795973302
2,fp16,256,64,False,"[64, 256]",1.0,fused_int4,cuda_graph,original,5,1.8585280179977417,1280,1.4519750140607357,0.0014519750140607357
2,fp16,256,64,False,"[64, 256]",1.0,fused_int4,cuda_graph,contiguous256,1,1.7643519639968872,1280,1.3783999718725681,0.001378399971872568
2,fp16,256,64,False,"[64, 256]",1.0,fused_int4,cuda_graph,contiguous256,2,1.7653759717941284,1280,1.3791999779641628,0.0013791999779641628
2,fp16,256,64,False,"[64, 256]",1.0,fused_int4,cuda_graph,contiguous256,3,1.763327956199646,1280,1.3775999657809734,0.0013775999657809734
2,fp16,256,64,False,"[64, 256]",1.0,fused_int4,cuda_graph,contiguous256,4,1.763327956199646,1280,1.3775999657809734,0.0013775999657809734
2,fp16,256,64,False,"[64, 256]",1.0,fused_int4,cuda_graph,contiguous256,5,1.7643519639968872,1280,1.3783999718725681,0.001378399971872568
2,fp16,256,64,False,"[64, 256]",1.0,transform,cuda_graph,original,1,1.3424639701843262,1280,1.0487999767065048,0.0010487999767065047
2,fp16,256,64,False,"[64, 256]",1.0,transform,cuda_graph,original,2,1.3404159545898438,1280,1.0471999645233154,0.0010471999645233153
2,fp16,256,64,False,"[64, 256]",1.0,transform,cuda_graph,original,3,1.3424639701843262,1280,1.0487999767065048,0.0010487999767065047
2,fp16,256,64,False,"[64, 256]",1.0,transform,cuda_graph,original,4,1.3404159545898438,1280,1.0471999645233154,0.0010471999645233153
2,fp16,256,64,False,"[64, 256]",1.0,transform,cuda_graph,original,5,1.3404159545898438,1280,1.0471999645233154,0.0010471999645233153
2,fp16,256,64,False,"[64, 256]",1.0,transform,cuda_graph,contiguous256,1,1.3986879587173462,1280,1.0927249677479267,0.0010927249677479267
2,fp16,256,64,False,"[64, 256]",1.0,transform,cuda_graph,contiguous256,2,1.397760033607483,1280,1.092000026255846,0.0010920000262558461
2,fp16,256,64,False,"[64, 256]",1.0,transform,cuda_graph,contiguous256,3,1.3976320028305054,1280,1.0919000022113323,0.0010919000022113323
2,fp16,256,64,False,"[64, 256]",1.0,transform,cuda_graph,contiguous256,4,1.3977279663085938,1280,1.0919749736785889,0.0010919749736785888
2,fp16,256,64,False,"[64, 256]",1.0,transform,cuda_graph,contiguous256,5,1.3967360258102417,1280,1.0912000201642513,0.0010912000201642514
2,fp16,256,64,False,"[64, 256]",1.0,transform,cuda_graph,dao,1,1.3158400058746338,1280,1.0280000045895576,0.0010280000045895577
2,fp16,256,64,False,"[64, 256]",1.0,transform,cuda_graph,dao,2,1.3127679824829102,1280,1.0255999863147736,0.0010255999863147736
2,fp16,256,64,False,"[64, 256]",1.0,transform,cuda_graph,dao,3,1.3127679824829102,1280,1.0255999863147736,0.0010255999863147736
2,fp16,256,64,False,"[64, 256]",1.0,transform,cuda_graph,dao,4,1.3127679824829102,1280,1.0255999863147736,0.0010255999863147736
2,fp16,256,64,False,"[64, 256]",1.0,transform,cuda_graph,dao,5,1.3137919902801514,1280,1.0263999924063683,0.0010263999924063683
2,fp16,256,4096,False,"[4096, 256]",1.0,transform,cuda_graph,original,1,3.3145599365234375,1280,2.5894999504089355,0.0025894999504089355
2,fp16,256,4096,False,"[4096, 256]",1.0,transform,cuda_graph,original,2,3.319808006286621,1280,2.5936000049114227,0.0025936000049114226
2,fp16,256,4096,False,"[4096, 256]",1.0,transform,cuda_graph,original,3,3.3177599906921387,1280,2.5919999927282333,0.002591999992728233
2,fp16,256,4096,False,"[4096, 256]",1.0,transform,cuda_graph,original,4,3.314687967300415,1280,2.5895999744534492,0.002589599974453449
2,fp16,256,4096,False,"[4096, 256]",1.0,transform,cuda_graph,original,5,3.31878399848938,1280,2.592799998819828,0.002592799998819828
2,fp16,256,4096,False,"[4096, 256]",1.0,transform,cuda_graph,contiguous256,1,3.1498239040374756,1280,2.460799925029278,0.0024607999250292776
2,fp16,256,4096,False,"[4096, 256]",1.0,transform,cuda_graph,contiguous256,2,3.1455678939819336,1280,2.4574749171733856,0.0024574749171733857
2,fp16,256,4096,False,"[4096, 256]",1.0,transform,cuda_graph,contiguous256,3,3.1549439430236816,1280,2.4647999554872513,0.002464799955487251
2,fp16,256,4096,False,"[4096, 256]",1.0,transform,cuda_graph,contiguous256,4,3.14572811126709,1280,2.457600086927414,0.002457600086927414
2,fp16,256,4096,False,"[4096, 256]",1.0,transform,cuda_graph,contiguous256,5,3.1447041034698486,1280,2.4568000808358192,0.0024568000808358192
2,fp16,256,4096,False,"[4096, 256]",1.0,transform,cuda_graph,dao,1,3.9802238941192627,1280,3.109549917280674,0.003109549917280674
2,fp16,256,4096,False,"[4096, 256]",1.0,transform,cuda_graph,dao,2,3.9741439819335938,1280,3.10479998588562,0.00310479998588562
2,fp16,256,4096,False,"[4096, 256]",1.0,transform,cuda_graph,dao,3,3.9690239429473877,1280,3.1007999554276466,0.0031007999554276467
2,fp16,256,4096,False,"[4096, 256]",1.0,transform,cuda_graph,dao,4,3.975167989730835,1280,3.105599991977215,0.003105599991977215
2,fp16,256,4096,False,"[4096, 256]",1.0,transform,cuda_graph,dao,5,3.9741439819335938,1280,3.10479998588562,0.00310479998588562
2,fp16,256,4096,False,"[4096, 256]",1.0,fused_int4,cuda_graph,original,1,3.9772160053253174,1280,3.107200004160404,0.0031072000041604043
2,fp16,256,4096,False,"[4096, 256]",1.0,fused_int4,cuda_graph,original,2,3.9772160053253174,1280,3.107200004160404,0.0031072000041604043
2,fp16,256,4096,False,"[4096, 256]",1.0,fused_int4,cuda_graph,original,3,3.975167989730835,1280,3.105599991977215,0.003105599991977215
2,fp16,256,4096,False,"[4096, 256]",1.0,fused_int4,cuda_graph,original,4,3.9772160053253174,1280,3.107200004160404,0.0031072000041604043
2,fp16,256,4096,False,"[4096, 256]",1.0,fused_int4,cuda_graph,original,5,3.9741439819335938,1280,3.10479998588562,0.00310479998588562
2,fp16,256,4096,False,"[4096, 256]",1.0,fused_int4,cuda_graph,contiguous256,1,3.6464641094207764,1280,2.8488000854849815,0.0028488000854849814
2,fp16,256,4096,False,"[4096, 256]",1.0,fused_int4,cuda_graph,contiguous256,2,3.644416093826294,1280,2.847200073301792,0.002847200073301792
2,fp16,256,4096,False,"[4096, 256]",1.0,fused_int4,cuda_graph,contiguous256,3,3.6433920860290527,1280,2.8464000672101974,0.0028464000672101973
2,fp16,256,4096,False,"[4096, 256]",1.0,fused_int4,cuda_graph,contiguous256,4,3.644416093826294,1280,2.847200073301792,0.002847200073301792
2,fp16,256,4096,False,"[4096, 256]",1.0,fused_int4,cuda_graph,contiguous256,5,3.6433920860290527,1280,2.8464000672101974,0.0028464000672101973
2,fp16,256,17,False,"[17, 256]",1.0,fused_int4,cuda_graph,original,1,1.8309119939804077,1280,1.4303999952971935,0.0014303999952971936
2,fp16,256,17,False,"[17, 256]",1.0,fused_int4,cuda_graph,original,2,1.8288320302963257,1280,1.4287750236690044,0.0014287750236690044
2,fp16,256,17,False,"[17, 256]",1.0,fused_int4,cuda_graph,original,3,1.8268159627914429,1280,1.4271999709308147,0.0014271999709308148
2,fp16,256,17,False,"[17, 256]",1.0,fused_int4,cuda_graph,original,4,1.827839970588684,1280,1.4279999770224094,0.0014279999770224095
2,fp16,256,17,False,"[17, 256]",1.0,fused_int4,cuda_graph,original,5,1.8288639783859253,1280,1.4287999831140041,0.0014287999831140042
2,fp16,256,17,False,"[17, 256]",1.0,fused_int4,cuda_graph,contiguous256,1,1.7489919662475586,1280,1.3663999736309052,0.0013663999736309052
2,fp16,256,17,False,"[17, 256]",1.0,fused_int4,cuda_graph,contiguous256,2,1.7479679584503174,1280,1.3655999675393105,0.0013655999675393105
2,fp16,256,17,False,"[17, 256]",1.0,fused_int4,cuda_graph,contiguous256,3,1.7469439506530762,1280,1.3647999614477158,0.0013647999614477158
2,fp16,256,17,False,"[17, 256]",1.0,fused_int4,cuda_graph,contiguous256,4,1.7469439506530762,1280,1.3647999614477158,0.0013647999614477158
2,fp16,256,17,False,"[17, 256]",1.0,fused_int4,cuda_graph,contiguous256,5,1.7469439506530762,1280,1.3647999614477158,0.0013647999614477158
2,fp16,256,17,False,"[17, 256]",1.0,transform,cuda_graph,original,1,1.316864013671875,1280,1.0288000106811523,0.0010288000106811524
2,fp16,256,17,False,"[17, 256]",1.0,transform,cuda_graph,original,2,1.3158400058746338,1280,1.0280000045895576,0.0010280000045895577
2,fp16,256,17,False,"[17, 256]",1.0,transform,cuda_graph,original,3,1.3148159980773926,1280,1.027199998497963,0.001027199998497963
2,fp16,256,17,False,"[17, 256]",1.0,transform,cuda_graph,original,4,1.3158400058746338,1280,1.0280000045895576,0.0010280000045895577
2,fp16,256,17,False,"[17, 256]",1.0,transform,cuda_graph,original,5,1.3158400058746338,1280,1.0280000045895576,0.0010280000045895577
2,fp16,256,17,False,"[17, 256]",1.0,transform,cuda_graph,contiguous256,1,1.385472059249878,1280,1.0824000462889671,0.001082400046288967
2,fp16,256,17,False,"[17, 256]",1.0,transform,cuda_graph,contiguous256,2,1.384384036064148,1280,1.0815500281751156,0.0010815500281751156
2,fp16,256,17,False,"[17, 256]",1.0,transform,cuda_graph,contiguous256,3,1.3834240436553955,1280,1.0808000341057777,0.0010808000341057777
2,fp16,256,17,False,"[17, 256]",1.0,transform,cuda_graph,contiguous256,4,1.3824000358581543,1280,1.080000028014183,0.001080000028014183
2,fp16,256,17,False,"[17, 256]",1.0,transform,cuda_graph,contiguous256,5,1.3834240436553955,1280,1.0808000341057777,0.0010808000341057777
2,fp16,256,17,False,"[17, 256]",1.0,transform,cuda_graph,dao,1,1.257472038269043,1280,0.9824000298976898,0.0009824000298976898
2,fp16,256,17,False,"[17, 256]",1.0,transform,cuda_graph,dao,2,1.2562880516052246,1280,0.9814750403165817,0.0009814750403165818
2,fp16,256,17,False,"[17, 256]",1.0,transform,cuda_graph,dao,3,1.2554240226745605,1280,0.9808000177145004,0.0009808000177145004
2,fp16,256,17,False,"[17, 256]",1.0,transform,cuda_graph,dao,4,1.2544000148773193,1280,0.9800000116229057,0.0009800000116229057
2,fp16,256,17,False,"[17, 256]",1.0,transform,cuda_graph,dao,5,1.2554240226745605,1280,0.9808000177145004,0.0009808000177145004
2,fp16,256,1,True,"[1, 256]",0.0625,transform,cuda_graph,original,1,1.264639973640442,1280,0.9879999794065952,0.0009879999794065951
2,fp16,256,1,True,"[1, 256]",0.0625,transform,cuda_graph,original,2,1.264639973640442,1280,0.9879999794065952,0.0009879999794065951
2,fp16,256,1,True,"[1, 256]",0.0625,transform,cuda_graph,original,3,1.264639973640442,1280,0.9879999794065952,0.0009879999794065951
2,fp16,256,1,True,"[1, 256]",0.0625,transform,cuda_graph,original,4,1.264639973640442,1280,0.9879999794065952,0.0009879999794065951
2,fp16,256,1,True,"[1, 256]",0.0625,transform,cuda_graph,original,5,1.264639973640442,1280,0.9879999794065952,0.0009879999794065951
2,fp16,256,1,True,"[1, 256]",0.0625,transform,cuda_graph,contiguous256,1,1.3158400058746338,1280,1.0280000045895576,0.0010280000045895577
2,fp16,256,1,True,"[1, 256]",0.0625,transform,cuda_graph,contiguous256,2,1.3158400058746338,1280,1.0280000045895576,0.0010280000045895577
2,fp16,256,1,True,"[1, 256]",0.0625,transform,cuda_graph,contiguous256,3,1.3158400058746338,1280,1.0280000045895576,0.0010280000045895577
2,fp16,256,1,True,"[1, 256]",0.0625,transform,cuda_graph,contiguous256,4,1.3158400058746338,1280,1.0280000045895576,0.0010280000045895577
2,fp16,256,1,True,"[1, 256]",0.0625,transform,cuda_graph,contiguous256,5,1.3157440423965454,1280,1.027925033122301,0.0010279250331223012
2,fp16,256,1,True,"[1, 256]",0.0625,transform,cuda_graph,dao,1,1.2513279914855957,1280,0.9775999933481216,0.0009775999933481216
2,fp16,256,1,True,"[1, 256]",0.0625,transform,cuda_graph,dao,2,1.2492480278015137,1280,0.9759750217199326,0.0009759750217199325
2,fp16,256,1,True,"[1, 256]",0.0625,transform,cuda_graph,dao,3,1.248255968093872,1280,0.9751999750733376,0.0009751999750733376
2,fp16,256,1,True,"[1, 256]",0.0625,transform,cuda_graph,dao,4,1.248255968093872,1280,0.9751999750733376,0.0009751999750733376
2,fp16,256,1,True,"[1, 256]",0.0625,transform,cuda_graph,dao,5,1.249184012413025,1280,0.9759250096976757,0.0009759250096976757
2,fp16,256,1,True,"[1, 256]",0.0625,fused_int4,cuda_graph,original,1,1.9374079704284668,1280,1.5135999768972397,0.0015135999768972398
2,fp16,256,1,True,"[1, 256]",0.0625,fused_int4,cuda_graph,original,2,1.9353599548339844,1280,1.5119999647140503,0.0015119999647140504
2,fp16,256,1,True,"[1, 256]",0.0625,fused_int4,cuda_graph,original,3,1.9353599548339844,1280,1.5119999647140503,0.0015119999647140504
2,fp16,256,1,True,"[1, 256]",0.0625,fused_int4,cuda_graph,original,4,1.9343359470367432,1280,1.5111999586224556,0.0015111999586224557
2,fp16,256,1,True,"[1, 256]",0.0625,fused_int4,cuda_graph,original,5,1.9353599548339844,1280,1.5119999647140503,0.0015119999647140504
2,fp16,256,1,True,"[1, 256]",0.0625,fused_int4,cuda_graph,contiguous256,1,1.8277440071105957,1280,1.427925005555153,0.001427925005555153
2,fp16,256,1,True,"[1, 256]",0.0625,fused_int4,cuda_graph,contiguous256,2,1.8247679471969604,1280,1.4255999587476254,0.0014255999587476254
2,fp16,256,1,True,"[1, 256]",0.0625,fused_int4,cuda_graph,contiguous256,3,1.8247679471969604,1280,1.4255999587476254,0.0014255999587476254
2,fp16,256,1,True,"[1, 256]",0.0625,fused_int4,cuda_graph,contiguous256,4,1.8257919549942017,1280,1.42639996483922,0.00142639996483922
2,fp16,256,1,True,"[1, 256]",0.0625,fused_int4,cuda_graph,contiguous256,5,1.8237440586090088,1280,1.4248000457882881,0.001424800045788288
2,fp16,256,4096,True,"[4096, 256]",0.0625,fused_int4,cuda_graph,original,1,4.345856189727783,1280,3.3952001482248306,0.0033952001482248305
2,fp16,256,4096,True,"[4096, 256]",0.0625,fused_int4,cuda_graph,original,2,4.3427839279174805,1280,3.3927999436855316,0.003392799943685532
2,fp16,256,4096,True,"[4096, 256]",0.0625,fused_int4,cuda_graph,original,3,4.340735912322998,1280,3.3911999315023422,0.0033911999315023424
2,fp16,256,4096,True,"[4096, 256]",0.0625,fused_int4,cuda_graph,original,4,4.338687896728516,1280,3.389599919319153,0.003389599919319153
2,fp16,256,4096,True,"[4096, 256]",0.0625,fused_int4,cuda_graph,original,5,4.340735912322998,1280,3.3911999315023422,0.0033911999315023424
2,fp16,256,4096,True,"[4096, 256]",0.0625,fused_int4,cuda_graph,contiguous256,1,3.9741439819335938,1280,3.10479998588562,0.00310479998588562
2,fp16,256,4096,True,"[4096, 256]",0.0625,fused_int4,cuda_graph,contiguous256,2,3.9792640209198,1280,3.1088000163435936,0.0031088000163435937
2,fp16,256,4096,True,"[4096, 256]",0.0625,fused_int4,cuda_graph,contiguous256,3,3.9719998836517334,1280,3.1031249091029167,0.0031031249091029167
2,fp16,256,4096,True,"[4096, 256]",0.0625,fused_int4,cuda_graph,contiguous256,4,3.9669759273529053,1280,3.0991999432444572,0.0030991999432444573
2,fp16,256,4096,True,"[4096, 256]",0.0625,fused_int4,cuda_graph,contiguous256,5,3.970047950744629,1280,3.1015999615192413,0.0031015999615192414
2,fp16,256,4096,True,"[4096, 256]",0.0625,transform,cuda_graph,original,1,3.5696640014648438,1280,2.788800001144409,0.0027888000011444094
2,fp16,256,4096,True,"[4096, 256]",0.0625,transform,cuda_graph,original,2,3.5635199546813965,1280,2.783999964594841,0.002783999964594841
2,fp16,256,4096,True,"[4096, 256]",0.0625,transform,cuda_graph,original,3,3.5686399936676025,1280,2.7879999950528145,0.0027879999950528147
2,fp16,256,4096,True,"[4096, 256]",0.0625,transform,cuda_graph,original,4,3.5624959468841553,1280,2.7831999585032463,0.0027831999585032465
2,fp16,256,4096,True,"[4096, 256]",0.0625,transform,cuda_graph,original,5,3.595263957977295,1280,2.8087999671697617,0.0028087999671697617
2,fp16,256,4096,True,"[4096, 256]",0.0625,transform,cuda_graph,contiguous256,1,3.3822720050811768,1280,2.6424000039696693,0.0026424000039696693
2,fp16,256,4096,True,"[4096, 256]",0.0625,transform,cuda_graph,contiguous256,2,3.3751039505004883,1280,2.6367999613285065,0.0026367999613285064
2,fp16,256,4096,True,"[4096, 256]",0.0625,transform,cuda_graph,contiguous256,3,3.379199981689453,1280,2.6399999856948853,0.002639999985694885
2,fp16,256,4096,True,"[4096, 256]",0.0625,transform,cuda_graph,contiguous256,4,3.378175973892212,1280,2.6391999796032906,0.0026391999796032905
2,fp16,256,4096,True,"[4096, 256]",0.0625,transform,cuda_graph,contiguous256,5,3.3730239868164062,1280,2.6351749897003174,0.0026351749897003175
2,fp16,256,4096,True,"[4096, 256]",0.0625,transform,cuda_graph,dao,1,4.291584014892578,1280,3.3528000116348267,0.0033528000116348267
2,fp16,256,4096,True,"[4096, 256]",0.0625,transform,cuda_graph,dao,2,4.290559768676758,1280,3.351999819278717,0.003351999819278717
2,fp16,256,4096,True,"[4096, 256]",0.0625,transform,cuda_graph,dao,3,4.29260778427124,1280,3.3535998314619064,0.0033535998314619063
2,fp16,256,4096,True,"[4096, 256]",0.0625,transform,cuda_graph,dao,4,4.292543888092041,1280,3.353549912571907,0.003353549912571907
2,fp16,256,4096,True,"[4096, 256]",0.0625,transform,cuda_graph,dao,5,4.291584014892578,1280,3.3528000116348267,0.0033528000116348267
2,bf16,256,1,True,"[1, 256]",0.0625,transform,cuda_graph,original,1,1.3967360258102417,1280,1.0912000201642513,0.0010912000201642514
2,bf16,256,1,True,"[1, 256]",0.0625,transform,cuda_graph,original,2,1.3957120180130005,1280,1.0904000140726566,0.0010904000140726567
2,bf16,256,1,True,"[1, 256]",0.0625,transform,cuda_graph,original,3,1.3946880102157593,1280,1.089600007981062,0.001089600007981062
2,bf16,256,1,True,"[1, 256]",0.0625,transform,cuda_graph,original,4,1.3957120180130005,1280,1.0904000140726566,0.0010904000140726567
2,bf16,256,1,True,"[1, 256]",0.0625,transform,cuda_graph,original,5,1.3957120180130005,1280,1.0904000140726566,0.0010904000140726567
2,bf16,256,1,True,"[1, 256]",0.0625,transform,cuda_graph,contiguous256,1,1.415168046951294,1280,1.1056000366806984,0.0011056000366806984
2,bf16,256,1,True,"[1, 256]",0.0625,transform,cuda_graph,contiguous256,2,1.4131200313568115,1280,1.104000024497509,0.001104000024497509
2,bf16,256,1,True,"[1, 256]",0.0625,transform,cuda_graph,contiguous256,3,1.4141440391540527,1280,1.1048000305891037,0.0011048000305891037
2,bf16,256,1,True,"[1, 256]",0.0625,transform,cuda_graph,contiguous256,4,1.4130879640579224,1280,1.1039749719202518,0.001103974971920252
2,bf16,256,1,True,"[1, 256]",0.0625,transform,cuda_graph,contiguous256,5,1.4131200313568115,1280,1.104000024497509,0.001104000024497509
2,bf16,256,1,True,"[1, 256]",0.0625,transform,cuda_graph,dao,1,1.3537280559539795,1280,1.0576000437140465,0.0010576000437140464
2,bf16,256,1,True,"[1, 256]",0.0625,transform,cuda_graph,dao,2,1.3527040481567383,1280,1.0568000376224518,0.0010568000376224517
2,bf16,256,1,True,"[1, 256]",0.0625,transform,cuda_graph,dao,3,1.3537280559539795,1280,1.0576000437140465,0.0010576000437140464
2,bf16,256,1,True,"[1, 256]",0.0625,transform,cuda_graph,dao,4,1.3547519445419312,1280,1.0583999566733837,0.0010583999566733838
2,bf16,256,1,True,"[1, 256]",0.0625,transform,cuda_graph,dao,5,1.3527040481567383,1280,1.0568000376224518,0.0010568000376224517
2,bf16,256,1,True,"[1, 256]",0.0625,fused_int4,cuda_graph,original,1,1.9281920194625854,1280,1.5064000152051449,0.0015064000152051448
2,bf16,256,1,True,"[1, 256]",0.0625,fused_int4,cuda_graph,original,2,1.9271680116653442,1280,1.5056000091135502,0.0015056000091135501
2,bf16,256,1,True,"[1, 256]",0.0625,fused_int4,cuda_graph,original,3,1.926144003868103,1280,1.5048000030219555,0.0015048000030219554
2,bf16,256,1,True,"[1, 256]",0.0625,fused_int4,cuda_graph,original,4,1.9271680116653442,1280,1.5056000091135502,0.0015056000091135501
2,bf16,256,1,True,"[1, 256]",0.0625,fused_int4,cuda_graph,original,5,1.9270399808883667,1280,1.5054999850690365,0.0015054999850690365
2,bf16,256,1,True,"[1, 256]",0.0625,fused_int4,cuda_graph,contiguous256,1,1.8001919984817505,1280,1.4063999988138676,0.0014063999988138676
2,bf16,256,1,True,"[1, 256]",0.0625,fused_int4,cuda_graph,contiguous256,2,1.798143982887268,1280,1.4047999866306782,0.0014047999866306782
2,bf16,256,1,True,"[1, 256]",0.0625,fused_int4,cuda_graph,contiguous256,3,1.7971199750900269,1280,1.4039999805390835,0.0014039999805390835
2,bf16,256,1,True,"[1, 256]",0.0625,fused_int4,cuda_graph,contiguous256,4,1.798143982887268,1280,1.4047999866306782,0.0014047999866306782
2,bf16,256,1,True,"[1, 256]",0.0625,fused_int4,cuda_graph,contiguous256,5,1.8001919984817505,1280,1.4063999988138676,0.0014063999988138676
2,fp16,256,257,False,"[257, 256]",1.0,fused_int4,cuda_graph,original,1,2.0879359245300293,1280,1.6311999410390854,0.0016311999410390855
2,fp16,256,257,False,"[257, 256]",1.0,fused_int4,cuda_graph,original,2,2.0838398933410645,1280,1.6279999166727066,0.0016279999166727067
2,fp16,256,257,False,"[257, 256]",1.0,fused_int4,cuda_graph,original,3,2.0838398933410645,1280,1.6279999166727066,0.0016279999166727067
2,fp16,256,257,False,"[257, 256]",1.0,fused_int4,cuda_graph,original,4,2.0828158855438232,1280,1.627199910581112,0.001627199910581112
2,fp16,256,257,False,"[257, 256]",1.0,fused_int4,cuda_graph,original,5,2.0838398933410645,1280,1.6279999166727066,0.0016279999166727067
2,fp16,256,257,False,"[257, 256]",1.0,fused_int4,cuda_graph,contiguous256,1,1.9824639558792114,1280,1.548799965530634,0.001548799965530634
2,fp16,256,257,False,"[257, 256]",1.0,fused_int4,cuda_graph,contiguous256,2,1.9824639558792114,1280,1.548799965530634,0.001548799965530634
2,fp16,256,257,False,"[257, 256]",1.0,fused_int4,cuda_graph,contiguous256,3,1.9824639558792114,1280,1.548799965530634,0.001548799965530634
2,fp16,256,257,False,"[257, 256]",1.0,fused_int4,cuda_graph,contiguous256,4,1.9824639558792114,1280,1.548799965530634,0.001548799965530634
2,fp16,256,257,False,"[257, 256]",1.0,fused_int4,cuda_graph,contiguous256,5,1.9814399480819702,1280,1.5479999594390392,0.0015479999594390393
2,fp16,256,257,False,"[257, 256]",1.0,transform,cuda_graph,original,1,1.528831958770752,1280,1.19439996778965,0.00119439996778965
2,fp16,256,257,False,"[257, 256]",1.0,transform,cuda_graph,original,2,1.5277440547943115,1280,1.1935500428080559,0.001193550042808056
2,fp16,256,257,False,"[257, 256]",1.0,transform,cuda_graph,original,3,1.5318399667739868,1280,1.1967499740421772,0.0011967499740421772
2,fp16,256,257,False,"[257, 256]",1.0,transform,cuda_graph,original,4,1.5278079509735107,1280,1.1935999616980553,0.0011935999616980552
2,fp16,256,257,False,"[257, 256]",1.0,transform,cuda_graph,original,5,1.5278079509735107,1280,1.1935999616980553,0.0011935999616980552
2,fp16,256,257,False,"[257, 256]",1.0,transform,cuda_graph,contiguous256,1,1.58515202999115,1280,1.2384000234305859,0.0012384000234305858
2,fp16,256,257,False,"[257, 256]",1.0,transform,cuda_graph,contiguous256,2,1.5841280221939087,1280,1.2376000173389912,0.001237600017338991
2,fp16,256,257,False,"[257, 256]",1.0,transform,cuda_graph,contiguous256,3,1.5831040143966675,1280,1.2368000112473965,0.0012368000112473964
2,fp16,256,257,False,"[257, 256]",1.0,transform,cuda_graph,contiguous256,4,1.5831040143966675,1280,1.2368000112473965,0.0012368000112473964
2,fp16,256,257,False,"[257, 256]",1.0,transform,cuda_graph,contiguous256,5,1.5841280221939087,1280,1.2376000173389912,0.001237600017338991
2,fp16,256,257,False,"[257, 256]",1.0,transform,cuda_graph,dao,1,1.8800640106201172,1280,1.4688000082969666,0.0014688000082969666
2,fp16,256,257,False,"[257, 256]",1.0,transform,cuda_graph,dao,2,1.8769919872283936,1280,1.4663999900221825,0.0014663999900221825
2,fp16,256,257,False,"[257, 256]",1.0,transform,cuda_graph,dao,3,1.8780159950256348,1280,1.4671999961137772,0.0014671999961137772
2,fp16,256,257,False,"[257, 256]",1.0,transform,cuda_graph,dao,4,1.8769919872283936,1280,1.4663999900221825,0.0014663999900221825
2,fp16,256,257,False,"[257, 256]",1.0,transform,cuda_graph,dao,5,1.8769919872283936,1280,1.4663999900221825,0.0014663999900221825
2,bf16,256,64,False,"[64, 256]",1.0,transform,cuda_graph,original,1,1.4909440279006958,1280,1.1648000217974186,0.0011648000217974186
2,bf16,256,64,False,"[64, 256]",1.0,transform,cuda_graph,original,2,1.4878720045089722,1280,1.1624000035226345,0.0011624000035226345
2,bf16,256,64,False,"[64, 256]",1.0,transform,cuda_graph,original,3,1.4888960123062134,1280,1.1632000096142292,0.0011632000096142292
2,bf16,256,64,False,"[64, 256]",1.0,transform,cuda_graph,original,4,1.4878720045089722,1280,1.1624000035226345,0.0011624000035226345
2,bf16,256,64,False,"[64, 256]",1.0,transform,cuda_graph,original,5,1.4878720045089722,1280,1.1624000035226345,0.0011624000035226345
2,bf16,256,64,False,"[64, 256]",1.0,transform,cuda_graph,contiguous256,1,1.5011520385742188,1280,1.1727750301361084,0.0011727750301361085
2,bf16,256,64,False,"[64, 256]",1.0,transform,cuda_graph,contiguous256,2,1.5001599788665771,1280,1.1719999834895134,0.0011719999834895133
2,bf16,256,64,False,"[64, 256]",1.0,transform,cuda_graph,contiguous256,3,1.5001599788665771,1280,1.1719999834895134,0.0011719999834895133
2,bf16,256,64,False,"[64, 256]",1.0,transform,cuda_graph,contiguous256,4,1.5000959634780884,1280,1.1719499714672565,0.0011719499714672565
2,bf16,256,64,False,"[64, 256]",1.0,transform,cuda_graph,contiguous256,5,1.5000959634780884,1280,1.1719499714672565,0.0011719499714672565
2,bf16,256,64,False,"[64, 256]",1.0,transform,cuda_graph,dao,1,1.4479360580444336,1280,1.1312000453472137,0.0011312000453472138
2,bf16,256,64,False,"[64, 256]",1.0,transform,cuda_graph,dao,2,1.4469120502471924,1280,1.130400039255619,0.001130400039255619
2,bf16,256,64,False,"[64, 256]",1.0,transform,cuda_graph,dao,3,1.4469120502471924,1280,1.130400039255619,0.001130400039255619
2,bf16,256,64,False,"[64, 256]",1.0,transform,cuda_graph,dao,4,1.4479360580444336,1280,1.1312000453472137,0.0011312000453472138
2,bf16,256,64,False,"[64, 256]",1.0,transform,cuda_graph,dao,5,1.4489599466323853,1280,1.131999958306551,0.001131999958306551
2,bf16,256,64,False,"[64, 256]",1.0,fused_int4,cuda_graph,original,1,2.017280101776123,1280,1.5760000795125961,0.001576000079512596
2,bf16,256,64,False,"[64, 256]",1.0,fused_int4,cuda_graph,original,2,2.0183041095733643,1280,1.5768000856041908,0.0015768000856041908
2,bf16,256,64,False,"[64, 256]",1.0,fused_int4,cuda_graph,original,3,2.016256093978882,1280,1.5752000734210014,0.0015752000734210014
2,bf16,256,64,False,"[64, 256]",1.0,fused_int4,cuda_graph,original,4,2.016256093978882,1280,1.5752000734210014,0.0015752000734210014
2,bf16,256,64,False,"[64, 256]",1.0,fused_int4,cuda_graph,original,5,2.017280101776123,1280,1.5760000795125961,0.001576000079512596
2,bf16,256,64,False,"[64, 256]",1.0,fused_int4,cuda_graph,contiguous256,1,1.896448016166687,1280,1.4816000126302242,0.0014816000126302241
2,bf16,256,64,False,"[64, 256]",1.0,fused_int4,cuda_graph,contiguous256,2,1.8933759927749634,1280,1.4791999943554401,0.00147919999435544
2,bf16,256,64,False,"[64, 256]",1.0,fused_int4,cuda_graph,contiguous256,3,1.8954240083694458,1280,1.4808000065386295,0.0014808000065386294
2,bf16,256,64,False,"[64, 256]",1.0,fused_int4,cuda_graph,contiguous256,4,1.8923519849777222,1280,1.4783999882638454,0.0014783999882638454
2,bf16,256,64,False,"[64, 256]",1.0,fused_int4,cuda_graph,contiguous256,5,1.8933759927749634,1280,1.4791999943554401,0.00147919999435544
2,bf16,256,16384,True,"[16384, 256]",0.0625,fused_int4,cuda_graph,original,1,11.887616157531738,1280,9.28720012307167,0.00928720012307167
2,bf16,256,16384,True,"[16384, 256]",0.0625,fused_int4,cuda_graph,original,2,11.922431945800781,1280,9.31439995765686,0.009314399957656861
2,bf16,256,16384,True,"[16384, 256]",0.0625,fused_int4,cuda_graph,original,3,11.920384407043457,1280,9.3128003180027,0.0093128003180027
2,bf16,256,16384,True,"[16384, 256]",0.0625,fused_int4,cuda_graph,original,4,11.875167846679688,1280,9.277474880218506,0.009277474880218507
2,bf16,256,16384,True,"[16384, 256]",0.0625,fused_int4,cuda_graph,original,5,11.873279571533203,1280,9.275999665260315,0.009275999665260316
2,bf16,256,16384,True,"[16384, 256]",0.0625,fused_int4,cuda_graph,contiguous256,1,10.24614429473877,1280,8.004800230264664,0.008004800230264664
2,bf16,256,16384,True,"[16384, 256]",0.0625,fused_int4,cuda_graph,contiguous256,2,10.248191833496094,1280,8.006399869918823,0.008006399869918824
2,bf16,256,16384,True,"[16384, 256]",0.0625,fused_int4,cuda_graph,contiguous256,3,10.281855583190918,1280,8.032699674367905,0.008032699674367904
2,bf16,256,16384,True,"[16384, 256]",0.0625,fused_int4,cuda_graph,contiguous256,4,10.281984329223633,1280,8.032800257205963,0.008032800257205963
2,bf16,256,16384,True,"[16384, 256]",0.0625,fused_int4,cuda_graph,contiguous256,5,10.22156810760498,1280,7.985600084066391,0.007985600084066392
2,bf16,256,16384,True,"[16384, 256]",0.0625,transform,cuda_graph,original,1,11.304960250854492,1280,8.832000195980072,0.008832000195980072
2,bf16,256,16384,True,"[16384, 256]",0.0625,transform,cuda_graph,original,2,11.301888465881348,1280,8.829600363969803,0.008829600363969802
2,bf16,256,16384,True,"[16384, 256]",0.0625,transform,cuda_graph,original,3,11.315199851989746,1280,8.83999988436699,0.008839999884366989
2,bf16,256,16384,True,"[16384, 256]",0.0625,transform,cuda_graph,original,4,11.307007789611816,1280,8.833599835634232,0.008833599835634231
2,bf16,256,16384,True,"[16384, 256]",0.0625,transform,cuda_graph,original,5,11.304960250854492,1280,8.832000195980072,0.008832000195980072
2,bf16,256,16384,True,"[16384, 256]",0.0625,transform,cuda_graph,contiguous256,1,11.328512191772461,1280,8.850400149822235,0.008850400149822236
2,bf16,256,16384,True,"[16384, 256]",0.0625,transform,cuda_graph,contiguous256,2,11.328351974487305,1280,8.850274980068207,0.008850274980068207
2,bf16,256,16384,True,"[16384, 256]",0.0625,transform,cuda_graph,contiguous256,3,11.329471588134766,1280,8.851149678230286,0.008851149678230285
2,bf16,256,16384,True,"[16384, 256]",0.0625,transform,cuda_graph,contiguous256,4,11.320320129394531,1280,8.844000101089478,0.008844000101089478
2,bf16,256,16384,True,"[16384, 256]",0.0625,transform,cuda_graph,contiguous256,5,11.328512191772461,1280,8.850400149822235,0.008850400149822236
2,bf16,256,16384,True,"[16384, 256]",0.0625,transform,cuda_graph,dao,1,11.460576057434082,1280,8.953575044870377,0.008953575044870377
2,bf16,256,16384,True,"[16384, 256]",0.0625,transform,cuda_graph,dao,2,11.45958423614502,1280,8.952800184488297,0.008952800184488297
2,bf16,256,16384,True,"[16384, 256]",0.0625,transform,cuda_graph,dao,3,11.456512451171875,1280,8.950400352478027,0.008950400352478027
2,bf16,256,16384,True,"[16384, 256]",0.0625,transform,cuda_graph,dao,4,11.46777629852295,1280,8.959200233221054,0.008959200233221054
2,bf16,256,16384,True,"[16384, 256]",0.0625,transform,cuda_graph,dao,5,11.495360374450684,1280,8.980750292539597,0.008980750292539596
2,bf16,256,4096,True,"[4096, 256]",0.0625,transform,cuda_graph,original,1,3.3361918926239014,1280,2.606399916112423,0.002606399916112423
2,bf16,256,4096,True,"[4096, 256]",0.0625,transform,cuda_graph,original,2,3.3361918926239014,1280,2.606399916112423,0.002606399916112423
2,bf16,256,4096,True,"[4096, 256]",0.0625,transform,cuda_graph,original,3,3.3361918926239014,1280,2.606399916112423,0.002606399916112423
2,bf16,256,4096,True,"[4096, 256]",0.0625,transform,cuda_graph,original,4,3.328000068664551,1280,2.6000000536441803,0.00260000005364418
2,bf16,256,4096,True,"[4096, 256]",0.0625,transform,cuda_graph,original,5,3.334144115447998,1280,2.6048000901937485,0.0026048000901937483
2,bf16,256,4096,True,"[4096, 256]",0.0625,transform,cuda_graph,contiguous256,1,3.0617599487304688,1280,2.3919999599456787,0.0023919999599456786
2,bf16,256,4096,True,"[4096, 256]",0.0625,transform,cuda_graph,contiguous256,2,3.063807964324951,1280,2.393599972128868,0.002393599972128868
2,bf16,256,4096,True,"[4096, 256]",0.0625,transform,cuda_graph,contiguous256,3,3.063807964324951,1280,2.393599972128868,0.002393599972128868
2,bf16,256,4096,True,"[4096, 256]",0.0625,transform,cuda_graph,contiguous256,4,3.0597119331359863,1280,2.3903999477624893,0.0023903999477624892
2,bf16,256,4096,True,"[4096, 256]",0.0625,transform,cuda_graph,contiguous256,5,3.063807964324951,1280,2.393599972128868,0.002393599972128868
2,bf16,256,4096,True,"[4096, 256]",0.0625,transform,cuda_graph,dao,1,3.9833600521087646,1280,3.1120000407099724,0.0031120000407099725
2,bf16,256,4096,True,"[4096, 256]",0.0625,transform,cuda_graph,dao,2,3.9792640209198,1280,3.1088000163435936,0.0031088000163435937
2,bf16,256,4096,True,"[4096, 256]",0.0625,transform,cuda_graph,dao,3,3.9813120365142822,1280,3.110400028526783,0.003110400028526783
2,bf16,256,4096,True,"[4096, 256]",0.0625,transform,cuda_graph,dao,4,3.9772160053253174,1280,3.107200004160404,0.0031072000041604043
2,bf16,256,4096,True,"[4096, 256]",0.0625,transform,cuda_graph,dao,5,3.9782400131225586,1280,3.108000010251999,0.003108000010251999
2,bf16,256,4096,True,"[4096, 256]",0.0625,fused_int4,cuda_graph,original,1,3.9669759273529053,1280,3.0991999432444572,0.0030991999432444573
2,bf16,256,4096,True,"[4096, 256]",0.0625,fused_int4,cuda_graph,original,2,3.960832118988037,1280,3.094400092959404,0.003094400092959404
2,bf16,256,4096,True,"[4096, 256]",0.0625,fused_int4,cuda_graph,original,3,3.964927911758423,1280,3.097599931061268,0.003097599931061268
2,bf16,256,4096,True,"[4096, 256]",0.0625,fused_int4,cuda_graph,original,4,3.964927911758423,1280,3.097599931061268,0.003097599931061268
2,bf16,256,4096,True,"[4096, 256]",0.0625,fused_int4,cuda_graph,original,5,3.964927911758423,1280,3.097599931061268,0.003097599931061268
2,bf16,256,4096,True,"[4096, 256]",0.0625,fused_int4,cuda_graph,contiguous256,1,3.5891199111938477,1280,2.8039999306201935,0.0028039999306201935
2,bf16,256,4096,True,"[4096, 256]",0.0625,fused_int4,cuda_graph,contiguous256,2,3.5829761028289795,1280,2.7992000803351402,0.0027992000803351404
2,bf16,256,4096,True,"[4096, 256]",0.0625,fused_int4,cuda_graph,contiguous256,3,3.585024118423462,1280,2.8008000925183296,0.00280080009251833
2,bf16,256,4096,True,"[4096, 256]",0.0625,fused_int4,cuda_graph,contiguous256,4,3.582943916320801,1280,2.7991749346256256,0.002799174934625626
2,bf16,256,4096,True,"[4096, 256]",0.0625,fused_int4,cuda_graph,contiguous256,5,3.585024118423462,1280,2.8008000925183296,0.00280080009251833
2,bf16,256,17,False,"[17, 256]",1.0,fused_int4,cuda_graph,original,1,1.8176000118255615,1280,1.42000000923872,0.0014200000092387199
2,bf16,256,17,False,"[17, 256]",1.0,fused_int4,cuda_graph,original,2,1.814527988433838,1280,1.4175999909639359,0.0014175999909639358
2,bf16,256,17,False,"[17, 256]",1.0,fused_int4,cuda_graph,original,3,1.8155200481414795,1280,1.4183750376105309,0.001418375037610531
2,bf16,256,17,False,"[17, 256]",1.0,fused_int4,cuda_graph,original,4,1.814527988433838,1280,1.4175999909639359,0.0014175999909639358
2,bf16,256,17,False,"[17, 256]",1.0,fused_int4,cuda_graph,original,5,1.814527988433838,1280,1.4175999909639359,0.0014175999909639358
2,bf16,256,17,False,"[17, 256]",1.0,fused_int4,cuda_graph,contiguous256,1,1.716223955154419,1280,1.3407999649643898,0.0013407999649643898
2,bf16,256,17,False,"[17, 256]",1.0,fused_int4,cuda_graph,contiguous256,2,1.7172479629516602,1280,1.3415999710559845,0.0013415999710559845
2,bf16,256,17,False,"[17, 256]",1.0,fused_int4,cuda_graph,contiguous256,3,1.716223955154419,1280,1.3407999649643898,0.0013407999649643898
2,bf16,256,17,False,"[17, 256]",1.0,fused_int4,cuda_graph,contiguous256,4,1.721343994140625,1280,1.3447999954223633,0.0013447999954223633
2,bf16,256,17,False,"[17, 256]",1.0,fused_int4,cuda_graph,contiguous256,5,1.7172479629516602,1280,1.3415999710559845,0.0013415999710559845
2,bf16,256,17,False,"[17, 256]",1.0,transform,cuda_graph,original,1,1.341439962387085,1280,1.0479999706149101,0.00104799997061491
2,bf16,256,17,False,"[17, 256]",1.0,transform,cuda_graph,original,2,1.3383680582046509,1280,1.0456000454723835,0.0010456000454723835
2,bf16,256,17,False,"[17, 256]",1.0,transform,cuda_graph,original,3,1.3393919467926025,1280,1.0463999584317207,0.0010463999584317206
2,bf16,256,17,False,"[17, 256]",1.0,transform,cuda_graph,original,4,1.3383680582046509,1280,1.0456000454723835,0.0010456000454723835
2,bf16,256,17,False,"[17, 256]",1.0,transform,cuda_graph,original,5,1.3382400274276733,1280,1.0455000214278698,0.0010455000214278699
2,bf16,256,17,False,"[17, 256]",1.0,transform,cuda_graph,contiguous256,1,1.3629440069198608,1280,1.0648000054061413,0.0010648000054061413
2,bf16,256,17,False,"[17, 256]",1.0,transform,cuda_graph,contiguous256,2,1.3619199991226196,1280,1.0639999993145466,0.0010639999993145466
2,bf16,256,17,False,"[17, 256]",1.0,transform,cuda_graph,contiguous256,3,1.3608959913253784,1280,1.063199993222952,0.001063199993222952
2,bf16,256,17,False,"[17, 256]",1.0,transform,cuda_graph,contiguous256,4,1.3649920225143433,1280,1.0664000175893307,0.0010664000175893307
2,bf16,256,17,False,"[17, 256]",1.0,transform,cuda_graph,contiguous256,5,1.3608959913253784,1280,1.063199993222952,0.001063199993222952
2,bf16,256,17,False,"[17, 256]",1.0,transform,cuda_graph,dao,1,1.2563199996948242,1280,0.9814999997615814,0.0009814999997615815
2,bf16,256,17,False,"[17, 256]",1.0,transform,cuda_graph,dao,2,1.2564480304718018,1280,0.9816000238060951,0.0009816000238060951
2,bf16,256,17,False,"[17, 256]",1.0,transform,cuda_graph,dao,3,1.2554240226745605,1280,0.9808000177145004,0.0009808000177145004
2,bf16,256,17,False,"[17, 256]",1.0,transform,cuda_graph,dao,4,1.2564480304718018,1280,0.9816000238060951,0.0009816000238060951
2,bf16,256,17,False,"[17, 256]",1.0,transform,cuda_graph,dao,5,1.2564480304718018,1280,0.9816000238060951,0.0009816000238060951
3,fp16,256,1,True,"[1, 256]",0.0625,fused_int4,cuda_graph,original,1,1.9425280094146729,1280,1.5176000073552132,0.0015176000073552133
3,fp16,256,1,True,"[1, 256]",0.0625,fused_int4,cuda_graph,original,2,1.9374079704284668,1280,1.5135999768972397,0.0015135999768972398
3,fp16,256,1,True,"[1, 256]",0.0625,fused_int4,cuda_graph,original,3,1.9394559860229492,1280,1.515199989080429,0.0015151999890804292
3,fp16,256,1,True,"[1, 256]",0.0625,fused_int4,cuda_graph,original,4,1.9374079704284668,1280,1.5135999768972397,0.0015135999768972398
3,fp16,256,1,True,"[1, 256]",0.0625,fused_int4,cuda_graph,original,5,1.9383360147476196,1280,1.5143250115215778,0.001514325011521578
3,fp16,256,1,True,"[1, 256]",0.0625,fused_int4,cuda_graph,contiguous256,1,1.8268159627914429,1280,1.4271999709308147,0.0014271999709308148
3,fp16,256,1,True,"[1, 256]",0.0625,fused_int4,cuda_graph,contiguous256,2,1.8268159627914429,1280,1.4271999709308147,0.0014271999709308148
3,fp16,256,1,True,"[1, 256]",0.0625,fused_int4,cuda_graph,contiguous256,3,1.8268159627914429,1280,1.4271999709308147,0.0014271999709308148
3,fp16,256,1,True,"[1, 256]",0.0625,fused_int4,cuda_graph,contiguous256,4,1.8268159627914429,1280,1.4271999709308147,0.0014271999709308148
3,fp16,256,1,True,"[1, 256]",0.0625,fused_int4,cuda_graph,contiguous256,5,1.8268159627914429,1280,1.4271999709308147,0.0014271999709308148
3,fp16,256,1,True,"[1, 256]",0.0625,transform,cuda_graph,original,1,1.3803520202636719,1280,1.0784000158309937,0.0010784000158309936
3,fp16,256,1,True,"[1, 256]",0.0625,transform,cuda_graph,original,2,1.3772799968719482,1280,1.0759999975562096,0.0010759999975562095
3,fp16,256,1,True,"[1, 256]",0.0625,transform,cuda_graph,original,3,1.3783040046691895,1280,1.0768000036478043,0.0010768000036478042
3,fp16,256,1,True,"[1, 256]",0.0625,transform,cuda_graph,original,4,1.3793280124664307,1280,1.077600009739399,0.001077600009739399
3,fp16,256,1,True,"[1, 256]",0.0625,transform,cuda_graph,original,5,1.3783040046691895,1280,1.0768000036478043,0.0010768000036478042
3,fp16,256,1,True,"[1, 256]",0.0625,transform,cuda_graph,contiguous256,1,1.4335999488830566,1280,1.119999960064888,0.001119999960064888
3,fp16,256,1,True,"[1, 256]",0.0625,transform,cuda_graph,contiguous256,2,1.4346239566802979,1280,1.1207999661564827,0.0011207999661564827
3,fp16,256,1,True,"[1, 256]",0.0625,transform,cuda_graph,contiguous256,3,1.4335999488830566,1280,1.119999960064888,0.001119999960064888
3,fp16,256,1,True,"[1, 256]",0.0625,transform,cuda_graph,contiguous256,4,1.4335999488830566,1280,1.119999960064888,0.001119999960064888
3,fp16,256,1,True,"[1, 256]",0.0625,transform,cuda_graph,contiguous256,5,1.435647964477539,1280,1.1215999722480774,0.0011215999722480774
3,fp16,256,1,True,"[1, 256]",0.0625,transform,cuda_graph,dao,1,1.3619199991226196,1280,1.0639999993145466,0.0010639999993145466
3,fp16,256,1,True,"[1, 256]",0.0625,transform,cuda_graph,dao,2,1.358847975730896,1280,1.0615999810397625,0.0010615999810397625
3,fp16,256,1,True,"[1, 256]",0.0625,transform,cuda_graph,dao,3,1.3598719835281372,1280,1.0623999871313572,0.0010623999871313572
3,fp16,256,1,True,"[1, 256]",0.0625,transform,cuda_graph,dao,4,1.3598719835281372,1280,1.0623999871313572,0.0010623999871313572
3,fp16,256,1,True,"[1, 256]",0.0625,transform,cuda_graph,dao,5,1.358847975730896,1280,1.0615999810397625,0.0010615999810397625
3,fp16,256,4096,True,"[4096, 256]",0.0625,transform,cuda_graph,original,1,3.5696640014648438,1280,2.788800001144409,0.0027888000011444094
3,fp16,256,4096,True,"[4096, 256]",0.0625,transform,cuda_graph,original,2,3.57478404045105,1280,2.7928000316023827,0.002792800031602383
3,fp16,256,4096,True,"[4096, 256]",0.0625,transform,cuda_graph,original,3,3.5645439624786377,1280,2.7847999706864357,0.002784799970686436
3,fp16,256,4096,True,"[4096, 256]",0.0625,transform,cuda_graph,original,4,3.5788800716400146,1280,2.7960000559687614,0.0027960000559687616
3,fp16,256,4096,True,"[4096, 256]",0.0625,transform,cuda_graph,original,5,3.5993599891662598,1280,2.8119999915361404,0.0028119999915361404
3,fp16,256,4096,True,"[4096, 256]",0.0625,transform,cuda_graph,contiguous256,1,3.386240005493164,1280,2.6455000042915344,0.0026455000042915344
3,fp16,256,4096,True,"[4096, 256]",0.0625,transform,cuda_graph,contiguous256,2,3.3863680362701416,1280,2.645600028336048,0.002645600028336048
3,fp16,256,4096,True,"[4096, 256]",0.0625,transform,cuda_graph,contiguous256,3,3.384320020675659,1280,2.6440000161528587,0.0026440000161528586
3,fp16,256,4096,True,"[4096, 256]",0.0625,transform,cuda_graph,contiguous256,4,3.4047999382019043,1280,2.6599999517202377,0.002659999951720238
3,fp16,256,4096,True,"[4096, 256]",0.0625,transform,cuda_graph,contiguous256,5,3.4191360473632812,1280,2.6712000370025635,0.0026712000370025637
3,fp16,256,4096,True,"[4096, 256]",0.0625,transform,cuda_graph,dao,1,4.2987518310546875,1280,3.3583998680114746,0.0033583998680114745
3,fp16,256,4096,True,"[4096, 256]",0.0625,transform,cuda_graph,dao,2,4.303872108459473,1280,3.362400084733963,0.003362400084733963
3,fp16,256,4096,True,"[4096, 256]",0.0625,transform,cuda_graph,dao,3,4.302847862243652,1280,3.3615998923778534,0.0033615998923778533
3,fp16,256,4096,True,"[4096, 256]",0.0625,transform,cuda_graph,dao,4,4.323328018188477,1280,3.3776000142097473,0.0033776000142097472
3,fp16,256,4096,True,"[4096, 256]",0.0625,transform,cuda_graph,dao,5,4.325376033782959,1280,3.3792000263929367,0.0033792000263929366
3,fp16,256,4096,True,"[4096, 256]",0.0625,fused_int4,cuda_graph,original,1,4.3520002365112305,1280,3.400000184774399,0.0034000001847743987
3,fp16,256,4096,True,"[4096, 256]",0.0625,fused_int4,cuda_graph,original,2,4.346879959106445,1280,3.3959999680519104,0.0033959999680519106
3,fp16,256,4096,True,"[4096, 256]",0.0625,fused_int4,cuda_graph,original,3,4.35097599029541,1280,3.399199992418289,0.0033991999924182894
3,fp16,256,4096,True,"[4096, 256]",0.0625,fused_int4,cuda_graph,original,4,4.35097599029541,1280,3.399199992418289,0.0033991999924182894
3,fp16,256,4096,True,"[4096, 256]",0.0625,fused_int4,cuda_graph,original,5,4.354047775268555,1280,3.4015998244285583,0.0034015998244285583
3,fp16,256,4096,True,"[4096, 256]",0.0625,fused_int4,cuda_graph,contiguous256,1,3.9874560832977295,1280,3.115200065076351,0.0031152000650763513
3,fp16,256,4096,True,"[4096, 256]",0.0625,fused_int4,cuda_graph,contiguous256,2,3.9823360443115234,1280,3.1112000346183777,0.0031112000346183778
3,fp16,256,4096,True,"[4096, 256]",0.0625,fused_int4,cuda_graph,contiguous256,3,3.982271909713745,1280,3.1111499294638634,0.003111149929463863
3,fp16,256,4096,True,"[4096, 256]",0.0625,fused_int4,cuda_graph,contiguous256,4,3.9853758811950684,1280,3.113574907183647,0.0031135749071836472
3,fp16,256,4096,True,"[4096, 256]",0.0625,fused_int4,cuda_graph,contiguous256,5,3.9823360443115234,1280,3.1112000346183777,0.0031112000346183778
3,fp16,256,257,False,"[257, 256]",1.0,fused_int4,cuda_graph,original,1,2.0930559635162354,1280,1.6351999714970589,0.001635199971497059
3,fp16,256,257,False,"[257, 256]",1.0,fused_int4,cuda_graph,original,2,2.0879359245300293,1280,1.6311999410390854,0.0016311999410390855
3,fp16,256,257,False,"[257, 256]",1.0,fused_int4,cuda_graph,original,3,2.0889599323272705,1280,1.63199994713068,0.0016319999471306802
3,fp16,256,257,False,"[257, 256]",1.0,fused_int4,cuda_graph,original,4,2.0879359245300293,1280,1.6311999410390854,0.0016311999410390855
3,fp16,256,257,False,"[257, 256]",1.0,fused_int4,cuda_graph,original,5,2.0889599323272705,1280,1.63199994713068,0.0016319999471306802
3,fp16,256,257,False,"[257, 256]",1.0,fused_int4,cuda_graph,contiguous256,1,1.9865599870681763,1280,1.5519999898970127,0.0015519999898970128
3,fp16,256,257,False,"[257, 256]",1.0,fused_int4,cuda_graph,contiguous256,2,1.986464023590088,1280,1.5519250184297562,0.0015519250184297562
3,fp16,256,257,False,"[257, 256]",1.0,fused_int4,cuda_graph,contiguous256,3,1.985535979270935,1280,1.551199983805418,0.001551199983805418
3,fp16,256,257,False,"[257, 256]",1.0,fused_int4,cuda_graph,contiguous256,4,1.9865599870681763,1280,1.5519999898970127,0.0015519999898970128
3,fp16,256,257,False,"[257, 256]",1.0,fused_int4,cuda_graph,contiguous256,5,1.985535979270935,1280,1.551199983805418,0.001551199983805418
3,fp16,256,257,False,"[257, 256]",1.0,transform,cuda_graph,original,1,1.5349760055541992,1280,1.1992000043392181,0.001199200004339218
3,fp16,256,257,False,"[257, 256]",1.0,transform,cuda_graph,original,2,1.5319039821624756,1280,1.196799986064434,0.001196799986064434
3,fp16,256,257,False,"[257, 256]",1.0,transform,cuda_graph,original,3,1.5319039821624756,1280,1.196799986064434,0.001196799986064434
3,fp16,256,257,False,"[257, 256]",1.0,transform,cuda_graph,original,4,1.531872034072876,1280,1.1967750266194344,0.0011967750266194343
3,fp16,256,257,False,"[257, 256]",1.0,transform,cuda_graph,original,5,1.5328320264816284,1280,1.1975250206887722,0.0011975250206887722
3,fp16,256,257,False,"[257, 256]",1.0,transform,cuda_graph,contiguous256,1,1.5923199653625488,1280,1.2439999729394913,0.0012439999729394913
3,fp16,256,257,False,"[257, 256]",1.0,transform,cuda_graph,contiguous256,2,1.5892479419708252,1280,1.2415999546647072,0.0012415999546647072
3,fp16,256,257,False,"[257, 256]",1.0,transform,cuda_graph,contiguous256,3,1.5882240533828735,1280,1.24080004170537,0.0012408000417053699
3,fp16,256,257,False,"[257, 256]",1.0,transform,cuda_graph,contiguous256,4,1.5882240533828735,1280,1.24080004170537,0.0012408000417053699
3,fp16,256,257,False,"[257, 256]",1.0,transform,cuda_graph,contiguous256,5,1.5892479419708252,1280,1.2415999546647072,0.0012415999546647072
3,fp16,256,257,False,"[257, 256]",1.0,transform,cuda_graph,dao,1,1.8769919872283936,1280,1.4663999900221825,0.0014663999900221825
3,fp16,256,257,False,"[257, 256]",1.0,transform,cuda_graph,dao,2,1.8759679794311523,1280,1.4655999839305878,0.0014655999839305878
3,fp16,256,257,False,"[257, 256]",1.0,transform,cuda_graph,dao,3,1.8759679794311523,1280,1.4655999839305878,0.0014655999839305878
3,fp16,256,257,False,"[257, 256]",1.0,transform,cuda_graph,dao,4,1.8759679794311523,1280,1.4655999839305878,0.0014655999839305878
3,fp16,256,257,False,"[257, 256]",1.0,transform,cuda_graph,dao,5,1.8759679794311523,1280,1.4655999839305878,0.0014655999839305878
3,bf16,256,1,True,"[1, 256]",0.0625,transform,cuda_graph,original,1,1.4038079977035522,1280,1.0967249982059002,0.0010967249982059002
3,bf16,256,1,True,"[1, 256]",0.0625,transform,cuda_graph,original,2,1.4039039611816406,1280,1.0967999696731567,0.0010967999696731567
3,bf16,256,1,True,"[1, 256]",0.0625,transform,cuda_graph,original,3,1.4018559455871582,1280,1.0951999574899673,0.0010951999574899673
3,bf16,256,1,True,"[1, 256]",0.0625,transform,cuda_graph,original,4,1.4018559455871582,1280,1.0951999574899673,0.0010951999574899673
3,bf16,256,1,True,"[1, 256]",0.0625,transform,cuda_graph,original,5,1.4027520418167114,1280,1.0959000326693058,0.0010959000326693058
3,bf16,256,1,True,"[1, 256]",0.0625,transform,cuda_graph,contiguous256,1,1.418239951133728,1280,1.107999961823225,0.001107999961823225
3,bf16,256,1,True,"[1, 256]",0.0625,transform,cuda_graph,contiguous256,2,1.4182080030441284,1280,1.1079750023782253,0.0011079750023782254
3,bf16,256,1,True,"[1, 256]",0.0625,transform,cuda_graph,contiguous256,3,1.418239951133728,1280,1.107999961823225,0.001107999961823225
3,bf16,256,1,True,"[1, 256]",0.0625,transform,cuda_graph,contiguous256,4,1.418239951133728,1280,1.107999961823225,0.001107999961823225
3,bf16,256,1,True,"[1, 256]",0.0625,transform,cuda_graph,contiguous256,5,1.4182080030441284,1280,1.1079750023782253,0.0011079750023782254
3,bf16,256,1,True,"[1, 256]",0.0625,transform,cuda_graph,dao,1,1.3608959913253784,1280,1.063199993222952,0.001063199993222952
3,bf16,256,1,True,"[1, 256]",0.0625,transform,cuda_graph,dao,2,1.3578239679336548,1280,1.0607999749481678,0.0010607999749481678
3,bf16,256,1,True,"[1, 256]",0.0625,transform,cuda_graph,dao,3,1.3587520122528076,1280,1.061525009572506,0.001061525009572506
3,bf16,256,1,True,"[1, 256]",0.0625,transform,cuda_graph,dao,4,1.358847975730896,1280,1.0615999810397625,0.0010615999810397625
3,bf16,256,1,True,"[1, 256]",0.0625,transform,cuda_graph,dao,5,1.3578239679336548,1280,1.0607999749481678,0.0010607999749481678
3,bf16,256,1,True,"[1, 256]",0.0625,fused_int4,cuda_graph,original,1,1.9343359470367432,1280,1.5111999586224556,0.0015111999586224557
3,bf16,256,1,True,"[1, 256]",0.0625,fused_int4,cuda_graph,original,2,1.9353599548339844,1280,1.5119999647140503,0.0015119999647140504
3,bf16,256,1,True,"[1, 256]",0.0625,fused_int4,cuda_graph,original,3,1.9333120584487915,1280,1.5104000456631184,0.0015104000456631183
3,bf16,256,1,True,"[1, 256]",0.0625,fused_int4,cuda_graph,original,4,1.9333120584487915,1280,1.5104000456631184,0.0015104000456631183
3,bf16,256,1,True,"[1, 256]",0.0625,fused_int4,cuda_graph,original,5,1.9343359470367432,1280,1.5111999586224556,0.0015111999586224557
3,bf16,256,1,True,"[1, 256]",0.0625,fused_int4,cuda_graph,contiguous256,1,1.807360053062439,1280,1.4120000414550304,0.0014120000414550304
3,bf16,256,1,True,"[1, 256]",0.0625,fused_int4,cuda_graph,contiguous256,2,1.8032640218734741,1280,1.4088000170886517,0.0014088000170886517
3,bf16,256,1,True,"[1, 256]",0.0625,fused_int4,cuda_graph,contiguous256,3,1.8053120374679565,1280,1.410400029271841,0.001410400029271841
3,bf16,256,1,True,"[1, 256]",0.0625,fused_int4,cuda_graph,contiguous256,4,1.8042880296707153,1280,1.4096000231802464,0.0014096000231802464
3,bf16,256,1,True,"[1, 256]",0.0625,fused_int4,cuda_graph,contiguous256,5,1.8032640218734741,1280,1.4088000170886517,0.0014088000170886517
3,bf16,256,64,True,"[64, 256]",0.0625,fused_int4,cuda_graph,original,1,2.033535957336426,1280,1.5886999666690826,0.0015886999666690827
3,bf16,256,64,True,"[64, 256]",0.0625,fused_int4,cuda_graph,original,2,2.0295679569244385,1280,1.5855999663472176,0.0015855999663472176
3,bf16,256,64,True,"[64, 256]",0.0625,fused_int4,cuda_graph,original,3,2.0305919647216797,1280,1.5863999724388123,0.0015863999724388123
3,bf16,256,64,True,"[64, 256]",0.0625,fused_int4,cuda_graph,original,4,2.0295679569244385,1280,1.5855999663472176,0.0015855999663472176
3,bf16,256,64,True,"[64, 256]",0.0625,fused_int4,cuda_graph,original,5,2.0305919647216797,1280,1.5863999724388123,0.0015863999724388123
3,bf16,256,64,True,"[64, 256]",0.0625,fused_int4,cuda_graph,contiguous256,1,1.9077119827270508,1280,1.4903999865055084,0.0014903999865055085
3,bf16,256,64,True,"[64, 256]",0.0625,fused_int4,cuda_graph,contiguous256,2,1.9077119827270508,1280,1.4903999865055084,0.0014903999865055085
3,bf16,256,64,True,"[64, 256]",0.0625,fused_int4,cuda_graph,contiguous256,3,1.90665602684021,1280,1.489575020968914,0.001489575020968914
3,bf16,256,64,True,"[64, 256]",0.0625,fused_int4,cuda_graph,contiguous256,4,1.9077119827270508,1280,1.4903999865055084,0.0014903999865055085
3,bf16,256,64,True,"[64, 256]",0.0625,fused_int4,cuda_graph,contiguous256,5,1.9066879749298096,1280,1.4895999804139137,0.0014895999804139138
3,bf16,256,64,True,"[64, 256]",0.0625,transform,cuda_graph,original,1,1.504256010055542,1280,1.1752000078558922,0.001175200007855892
3,bf16,256,64,True,"[64, 256]",0.0625,transform,cuda_graph,original,2,1.5032320022583008,1280,1.1744000017642975,0.0011744000017642974
3,bf16,256,64,True,"[64, 256]",0.0625,transform,cuda_graph,original,3,1.5001599788665771,1280,1.1719999834895134,0.0011719999834895133
3,bf16,256,64,True,"[64, 256]",0.0625,transform,cuda_graph,original,4,1.5011839866638184,1280,1.172799989581108,0.001172799989581108
3,bf16,256,64,True,"[64, 256]",0.0625,transform,cuda_graph,original,5,1.5011839866638184,1280,1.172799989581108,0.001172799989581108
3,bf16,256,64,True,"[64, 256]",0.0625,transform,cuda_graph,contiguous256,1,1.5174720287322998,1280,1.1855250224471092,0.0011855250224471093
3,bf16,256,64,True,"[64, 256]",0.0625,transform,cuda_graph,contiguous256,2,1.516543984413147,1280,1.184799987822771,0.0011847999878227711
3,bf16,256,64,True,"[64, 256]",0.0625,transform,cuda_graph,contiguous256,3,1.5185600519180298,1280,1.1863750405609608,0.0011863750405609608
3,bf16,256,64,True,"[64, 256]",0.0625,transform,cuda_graph,contiguous256,4,1.5185920000076294,1280,1.1864000000059605,0.0011864000000059605
3,bf16,256,64,True,"[64, 256]",0.0625,transform,cuda_graph,contiguous256,5,1.5175360441207886,1280,1.185575034469366,0.001185575034469366
3,bf16,256,64,True,"[64, 256]",0.0625,transform,cuda_graph,dao,1,1.4457919597625732,1280,1.1295249685645103,0.0011295249685645103
3,bf16,256,64,True,"[64, 256]",0.0625,transform,cuda_graph,dao,2,1.4438400268554688,1280,1.128000020980835,0.001128000020980835
3,bf16,256,64,True,"[64, 256]",0.0625,transform,cuda_graph,dao,3,1.44486403465271,1280,1.1288000270724297,0.0011288000270724297
3,bf16,256,64,True,"[64, 256]",0.0625,transform,cuda_graph,dao,4,1.445855975151062,1280,1.1295749805867672,0.0011295749805867671
3,bf16,256,64,True,"[64, 256]",0.0625,transform,cuda_graph,dao,5,1.4448000192642212,1280,1.1287500150501728,0.001128750015050173
3,bf16,256,17,False,"[17, 256]",1.0,transform,cuda_graph,original,1,1.46943998336792,1280,1.1479999870061874,0.0011479999870061875
3,bf16,256,17,False,"[17, 256]",1.0,transform,cuda_graph,original,2,1.4684159755706787,1280,1.1471999809145927,0.0011471999809145928
3,bf16,256,17,False,"[17, 256]",1.0,transform,cuda_graph,original,3,1.4684159755706787,1280,1.1471999809145927,0.0011471999809145928
3,bf16,256,17,False,"[17, 256]",1.0,transform,cuda_graph,original,4,1.4684159755706787,1280,1.1471999809145927,0.0011471999809145928
3,bf16,256,17,False,"[17, 256]",1.0,transform,cuda_graph,original,5,1.468384027481079,1280,1.147175021469593,0.001147175021469593
3,bf16,256,17,False,"[17, 256]",1.0,transform,cuda_graph,contiguous256,1,1.481727957725525,1280,1.1575999669730663,0.0011575999669730663
3,bf16,256,17,False,"[17, 256]",1.0,transform,cuda_graph,contiguous256,2,1.4776320457458496,1280,1.154400035738945,0.001154400035738945
3,bf16,256,17,False,"[17, 256]",1.0,transform,cuda_graph,contiguous256,3,1.4775680303573608,1280,1.1543500237166882,0.001154350023716688
3,bf16,256,17,False,"[17, 256]",1.0,transform,cuda_graph,contiguous256,4,1.4776320457458496,1280,1.154400035738945,0.001154400035738945
3,bf16,256,17,False,"[17, 256]",1.0,transform,cuda_graph,contiguous256,5,1.4786560535430908,1280,1.1552000418305397,0.0011552000418305398
3,bf16,256,17,False,"[17, 256]",1.0,transform,cuda_graph,dao,1,1.3731839656829834,1280,1.0727999731898308,0.0010727999731898307
3,bf16,256,17,False,"[17, 256]",1.0,transform,cuda_graph,dao,2,1.3731839656829834,1280,1.0727999731898308,0.0010727999731898307
3,bf16,256,17,False,"[17, 256]",1.0,transform,cuda_graph,dao,3,1.381376028060913,1280,1.0792000219225883,0.0010792000219225883
3,bf16,256,17,False,"[17, 256]",1.0,transform,cuda_graph,dao,4,1.371135950088501,1280,1.0711999610066414,0.0010711999610066413
3,bf16,256,17,False,"[17, 256]",1.0,transform,cuda_graph,dao,5,1.3701119422912598,1280,1.0703999549150467,0.0010703999549150466
3,bf16,256,17,False,"[17, 256]",1.0,fused_int4,cuda_graph,original,1,1.9967999458312988,1280,1.5599999576807022,0.0015599999576807022
3,bf16,256,17,False,"[17, 256]",1.0,fused_int4,cuda_graph,original,2,1.994752049446106,1280,1.5584000386297703,0.0015584000386297703
3,bf16,256,17,False,"[17, 256]",1.0,fused_int4,cuda_graph,original,3,1.994752049446106,1280,1.5584000386297703,0.0015584000386297703
3,bf16,256,17,False,"[17, 256]",1.0,fused_int4,cuda_graph,original,4,1.9945919513702393,1280,1.5582749620079994,0.0015582749620079994
3,bf16,256,17,False,"[17, 256]",1.0,fused_int4,cuda_graph,original,5,1.9946240186691284,1280,1.5583000145852566,0.0015583000145852565
3,bf16,256,17,False,"[17, 256]",1.0,fused_int4,cuda_graph,contiguous256,1,1.8708479404449463,1280,1.4615999534726143,0.0014615999534726143
3,bf16,256,17,False,"[17, 256]",1.0,fused_int4,cuda_graph,contiguous256,2,1.8687679767608643,1280,1.4599749818444252,0.0014599749818444252
3,bf16,256,17,False,"[17, 256]",1.0,fused_int4,cuda_graph,contiguous256,3,1.8677760362625122,1280,1.4592000283300877,0.0014592000283300877
3,bf16,256,17,False,"[17, 256]",1.0,fused_int4,cuda_graph,contiguous256,4,1.8698240518569946,1280,1.460800040513277,0.0014608000405132771
3,bf16,256,17,False,"[17, 256]",1.0,fused_int4,cuda_graph,contiguous256,5,1.8677760362625122,1280,1.4592000283300877,0.0014592000283300877
3,fp16,256,64,True,"[64, 256]",0.0625,fused_int4,cuda_graph,original,1,2.0398080348968506,1280,1.5936000272631645,0.0015936000272631645
3,fp16,256,64,True,"[64, 256]",0.0625,fused_int4,cuda_graph,original,2,2.0357120037078857,1280,1.5904000028967857,0.0015904000028967857
3,fp16,256,64,True,"[64, 256]",0.0625,fused_int4,cuda_graph,original,3,2.0357120037078857,1280,1.5904000028967857,0.0015904000028967857
3,fp16,256,64,True,"[64, 256]",0.0625,fused_int4,cuda_graph,original,4,2.036736011505127,1280,1.5912000089883804,0.0015912000089883804
3,fp16,256,64,True,"[64, 256]",0.0625,fused_int4,cuda_graph,original,5,2.036736011505127,1280,1.5912000089883804,0.0015912000089883804
3,fp16,256,64,True,"[64, 256]",0.0625,fused_int4,cuda_graph,contiguous256,1,1.9353599548339844,1280,1.5119999647140503,0.0015119999647140504
3,fp16,256,64,True,"[64, 256]",0.0625,fused_int4,cuda_graph,contiguous256,2,1.9333120584487915,1280,1.5104000456631184,0.0015104000456631183
3,fp16,256,64,True,"[64, 256]",0.0625,fused_int4,cuda_graph,contiguous256,3,1.9333120584487915,1280,1.5104000456631184,0.0015104000456631183
3,fp16,256,64,True,"[64, 256]",0.0625,fused_int4,cuda_graph,contiguous256,4,1.9322880506515503,1280,1.5096000395715237,0.0015096000395715236
3,fp16,256,64,True,"[64, 256]",0.0625,fused_int4,cuda_graph,contiguous256,5,1.9333120584487915,1280,1.5104000456631184,0.0015104000456631183
3,fp16,256,64,True,"[64, 256]",0.0625,transform,cuda_graph,original,1,1.4735360145568848,1280,1.1512000113725662,0.0011512000113725663
3,fp16,256,64,True,"[64, 256]",0.0625,transform,cuda_graph,original,2,1.4725120067596436,1280,1.1504000052809715,0.0011504000052809716
3,fp16,256,64,True,"[64, 256]",0.0625,transform,cuda_graph,original,3,1.4725120067596436,1280,1.1504000052809715,0.0011504000052809716
3,fp16,256,64,True,"[64, 256]",0.0625,transform,cuda_graph,original,4,1.4725120067596436,1280,1.1504000052809715,0.0011504000052809716
3,fp16,256,64,True,"[64, 256]",0.0625,transform,cuda_graph,original,5,1.4704639911651611,1280,1.1487999930977821,0.0011487999930977822
3,fp16,256,64,True,"[64, 256]",0.0625,transform,cuda_graph,contiguous256,1,1.533951997756958,1280,1.1983999982476234,0.0011983999982476234
3,fp16,256,64,True,"[64, 256]",0.0625,transform,cuda_graph,contiguous256,2,1.533951997756958,1280,1.1983999982476234,0.0011983999982476234
3,fp16,256,64,True,"[64, 256]",0.0625,transform,cuda_graph,contiguous256,3,1.533951997756958,1280,1.1983999982476234,0.0011983999982476234
3,fp16,256,64,True,"[64, 256]",0.0625,transform,cuda_graph,contiguous256,4,1.5349760055541992,1280,1.1992000043392181,0.001199200004339218
3,fp16,256,64,True,"[64, 256]",0.0625,transform,cuda_graph,contiguous256,5,1.533951997756958,1280,1.1983999982476234,0.0011983999982476234
3,fp16,256,64,True,"[64, 256]",0.0625,transform,cuda_graph,dao,1,1.4428160190582275,1280,1.1272000148892403,0.0011272000148892403
3,fp16,256,64,True,"[64, 256]",0.0625,transform,cuda_graph,dao,2,1.439743995666504,1280,1.1247999966144562,0.0011247999966144562
3,fp16,256,64,True,"[64, 256]",0.0625,transform,cuda_graph,dao,3,1.4387199878692627,1280,1.1239999905228615,0.0011239999905228615
3,fp16,256,64,True,"[64, 256]",0.0625,transform,cuda_graph,dao,4,1.439743995666504,1280,1.1247999966144562,0.0011247999966144562
3,fp16,256,64,True,"[64, 256]",0.0625,transform,cuda_graph,dao,5,1.439743995666504,1280,1.1247999966144562,0.0011247999966144562
3,bf16,256,1,False,"[1, 256]",1.0,transform,cuda_graph,original,1,1.3946880102157593,1280,1.089600007981062,0.001089600007981062
3,bf16,256,1,False,"[1, 256]",1.0,transform,cuda_graph,original,2,1.3905919790267944,1280,1.0863999836146832,0.0010863999836146832
3,bf16,256,1,False,"[1, 256]",1.0,transform,cuda_graph,original,3,1.3905919790267944,1280,1.0863999836146832,0.0010863999836146832
3,bf16,256,1,False,"[1, 256]",1.0,transform,cuda_graph,original,4,1.3916159868240356,1280,1.0871999897062778,0.001087199989706278
3,bf16,256,1,False,"[1, 256]",1.0,transform,cuda_graph,original,5,1.3916159868240356,1280,1.0871999897062778,0.001087199989706278
3,bf16,256,1,False,"[1, 256]",1.0,transform,cuda_graph,contiguous256,1,1.4141440391540527,1280,1.1048000305891037,0.0011048000305891037
3,bf16,256,1,False,"[1, 256]",1.0,transform,cuda_graph,contiguous256,2,1.4141440391540527,1280,1.1048000305891037,0.0011048000305891037
3,bf16,256,1,False,"[1, 256]",1.0,transform,cuda_graph,contiguous256,3,1.4120960235595703,1280,1.1032000184059143,0.0011032000184059143
3,bf16,256,1,False,"[1, 256]",1.0,transform,cuda_graph,contiguous256,4,1.412992000579834,1280,1.1039000004529953,0.0011039000004529954
3,bf16,256,1,False,"[1, 256]",1.0,transform,cuda_graph,contiguous256,5,1.4120960235595703,1280,1.1032000184059143,0.0011032000184059143
3,bf16,256,1,False,"[1, 256]",1.0,transform,cuda_graph,dao,1,1.3537280559539795,1280,1.0576000437140465,0.0010576000437140464
3,bf16,256,1,False,"[1, 256]",1.0,transform,cuda_graph,dao,2,1.3527040481567383,1280,1.0568000376224518,0.0010568000376224517
3,bf16,256,1,False,"[1, 256]",1.0,transform,cuda_graph,dao,3,1.3546240329742432,1280,1.0583000257611275,0.0010583000257611275
3,bf16,256,1,False,"[1, 256]",1.0,transform,cuda_graph,dao,4,1.3537280559539795,1280,1.0576000437140465,0.0010576000437140464
3,bf16,256,1,False,"[1, 256]",1.0,transform,cuda_graph,dao,5,1.3537280559539795,1280,1.0576000437140465,0.0010576000437140464
3,bf16,256,1,False,"[1, 256]",1.0,fused_int4,cuda_graph,original,1,1.9230719804763794,1280,1.5023999847471714,0.0015023999847471714
3,bf16,256,1,False,"[1, 256]",1.0,fused_int4,cuda_graph,original,2,1.9230719804763794,1280,1.5023999847471714,0.0015023999847471714
3,bf16,256,1,False,"[1, 256]",1.0,fused_int4,cuda_graph,original,3,1.9230719804763794,1280,1.5023999847471714,0.0015023999847471714
3,bf16,256,1,False,"[1, 256]",1.0,fused_int4,cuda_graph,original,4,1.9240959882736206,1280,1.503199990838766,0.001503199990838766
3,bf16,256,1,False,"[1, 256]",1.0,fused_int4,cuda_graph,original,5,1.9230719804763794,1280,1.5023999847471714,0.0015023999847471714
3,bf16,256,1,False,"[1, 256]",1.0,fused_int4,cuda_graph,contiguous256,1,1.8001919984817505,1280,1.4063999988138676,0.0014063999988138676
3,bf16,256,1,False,"[1, 256]",1.0,fused_int4,cuda_graph,contiguous256,2,1.798143982887268,1280,1.4047999866306782,0.0014047999866306782
3,bf16,256,1,False,"[1, 256]",1.0,fused_int4,cuda_graph,contiguous256,3,1.7991679906845093,1280,1.4055999927222729,0.0014055999927222729
3,bf16,256,1,False,"[1, 256]",1.0,fused_int4,cuda_graph,contiguous256,4,1.798143982887268,1280,1.4047999866306782,0.0014047999866306782
3,bf16,256,1,False,"[1, 256]",1.0,fused_int4,cuda_graph,contiguous256,5,1.7991679906845093,1280,1.4055999927222729,0.0014055999927222729
3,bf16,256,257,True,"[257, 256]",0.0625,fused_int4,cuda_graph,original,1,2.0992000102996826,1280,1.640000008046627,0.0016400000080466271
3,bf16,256,257,True,"[257, 256]",0.0625,fused_int4,cuda_graph,original,2,2.0951039791107178,1280,1.6367999836802483,0.0016367999836802483
3,bf16,256,257,True,"[257, 256]",0.0625,fused_int4,cuda_graph,original,3,2.096127986907959,1280,1.637599989771843,0.001637599989771843
3,bf16,256,257,True,"[257, 256]",0.0625,fused_int4,cuda_graph,original,4,2.0951039791107178,1280,1.6367999836802483,0.0016367999836802483
3,bf16,256,257,True,"[257, 256]",0.0625,fused_int4,cuda_graph,original,5,2.096127986907959,1280,1.637599989771843,0.001637599989771843
3,bf16,256,257,True,"[257, 256]",0.0625,fused_int4,cuda_graph,contiguous256,1,1.977344036102295,1280,1.544800028204918,0.0015448000282049178
3,bf16,256,257,True,"[257, 256]",0.0625,fused_int4,cuda_graph,contiguous256,2,1.977344036102295,1280,1.544800028204918,0.0015448000282049178
3,bf16,256,257,True,"[257, 256]",0.0625,fused_int4,cuda_graph,contiguous256,3,1.9752960205078125,1280,1.5432000160217285,0.0015432000160217284
3,bf16,256,257,True,"[257, 256]",0.0625,fused_int4,cuda_graph,contiguous256,4,1.977344036102295,1280,1.544800028204918,0.0015448000282049178
3,bf16,256,257,True,"[257, 256]",0.0625,fused_int4,cuda_graph,contiguous256,5,1.9763200283050537,1280,1.5440000221133232,0.0015440000221133231
3,bf16,256,257,True,"[257, 256]",0.0625,transform,cuda_graph,original,1,1.5626239776611328,1280,1.22079998254776,0.00122079998254776
3,bf16,256,257,True,"[257, 256]",0.0625,transform,cuda_graph,original,2,1.5626239776611328,1280,1.22079998254776,0.00122079998254776
3,bf16,256,257,True,"[257, 256]",0.0625,transform,cuda_graph,original,3,1.5615999698638916,1280,1.2199999764561653,0.0012199999764561653
3,bf16,256,257,True,"[257, 256]",0.0625,transform,cuda_graph,original,4,1.563647985458374,1280,1.2215999886393547,0.0012215999886393547
3,bf16,256,257,True,"[257, 256]",0.0625,transform,cuda_graph,original,5,1.5615999698638916,1280,1.2199999764561653,0.0012199999764561653
3,bf16,256,257,True,"[257, 256]",0.0625,transform,cuda_graph,contiguous256,1,1.5870720148086548,1280,1.2399000115692616,0.0012399000115692616
3,bf16,256,257,True,"[257, 256]",0.0625,transform,cuda_graph,contiguous256,2,1.5841280221939087,1280,1.2376000173389912,0.001237600017338991
3,bf16,256,257,True,"[257, 256]",0.0625,transform,cuda_graph,contiguous256,3,1.58515202999115,1280,1.2384000234305859,0.0012384000234305858
3,bf16,256,257,True,"[257, 256]",0.0625,transform,cuda_graph,contiguous256,4,1.58515202999115,1280,1.2384000234305859,0.0012384000234305858
3,bf16,256,257,True,"[257, 256]",0.0625,transform,cuda_graph,contiguous256,5,1.5831040143966675,1280,1.2368000112473965,0.0012368000112473964
3,bf16,256,257,True,"[257, 256]",0.0625,transform,cuda_graph,dao,1,1.8821120262145996,1280,1.470400020480156,0.001470400020480156
3,bf16,256,257,True,"[257, 256]",0.0625,transform,cuda_graph,dao,2,1.881983995437622,1280,1.4702999964356422,0.0014702999964356423
3,bf16,256,257,True,"[257, 256]",0.0625,transform,cuda_graph,dao,3,1.8810880184173584,1280,1.4696000143885612,0.0014696000143885612
3,bf16,256,257,True,"[257, 256]",0.0625,transform,cuda_graph,dao,4,1.8810880184173584,1280,1.4696000143885612,0.0014696000143885612
3,bf16,256,257,True,"[257, 256]",0.0625,transform,cuda_graph,dao,5,1.8799680471420288,1280,1.46872503682971,0.00146872503682971
3,bf16,256,64,False,"[64, 256]",1.0,transform,cuda_graph,original,1,1.5032320022583008,1280,1.1744000017642975,0.0011744000017642974
3,bf16,256,64,False,"[64, 256]",1.0,transform,cuda_graph,original,2,1.5052800178527832,1280,1.1760000139474869,0.0011760000139474868
3,bf16,256,64,False,"[64, 256]",1.0,transform,cuda_graph,original,3,1.5011839866638184,1280,1.172799989581108,0.001172799989581108
3,bf16,256,64,False,"[64, 256]",1.0,transform,cuda_graph,original,4,1.5001599788665771,1280,1.1719999834895134,0.0011719999834895133
3,bf16,256,64,False,"[64, 256]",1.0,transform,cuda_graph,original,5,1.5011839866638184,1280,1.172799989581108,0.001172799989581108
3,bf16,256,64,False,"[64, 256]",1.0,transform,cuda_graph,contiguous256,1,1.5175679922103882,1280,1.1855999939143658,0.0011855999939143658
3,bf16,256,64,False,"[64, 256]",1.0,transform,cuda_graph,contiguous256,2,1.516543984413147,1280,1.184799987822771,0.0011847999878227711
3,bf16,256,64,False,"[64, 256]",1.0,transform,cuda_graph,contiguous256,3,1.516543984413147,1280,1.184799987822771,0.0011847999878227711
3,bf16,256,64,False,"[64, 256]",1.0,transform,cuda_graph,contiguous256,4,1.5185920000076294,1280,1.1864000000059605,0.0011864000000059605
3,bf16,256,64,False,"[64, 256]",1.0,transform,cuda_graph,contiguous256,5,1.516543984413147,1280,1.184799987822771,0.0011847999878227711
3,bf16,256,64,False,"[64, 256]",1.0,transform,cuda_graph,dao,1,1.450943946838379,1280,1.1335499584674835,0.0011335499584674835
3,bf16,256,64,False,"[64, 256]",1.0,transform,cuda_graph,dao,2,1.4457600116729736,1280,1.1295000091195107,0.0011295000091195106
3,bf16,256,64,False,"[64, 256]",1.0,transform,cuda_graph,dao,3,1.4458880424499512,1280,1.1296000331640244,0.0011296000331640244
3,bf16,256,64,False,"[64, 256]",1.0,transform,cuda_graph,dao,4,1.4458880424499512,1280,1.1296000331640244,0.0011296000331640244
3,bf16,256,64,False,"[64, 256]",1.0,transform,cuda_graph,dao,5,1.4458880424499512,1280,1.1296000331640244,0.0011296000331640244
3,bf16,256,64,False,"[64, 256]",1.0,fused_int4,cuda_graph,original,1,2.031615972518921,1280,1.587199978530407,0.001587199978530407
3,bf16,256,64,False,"[64, 256]",1.0,fused_int4,cuda_graph,original,2,2.0295679569244385,1280,1.5855999663472176,0.0015855999663472176
3,bf16,256,64,False,"[64, 256]",1.0,fused_int4,cuda_graph,original,3,2.0305919647216797,1280,1.5863999724388123,0.0015863999724388123
3,bf16,256,64,False,"[64, 256]",1.0,fused_int4,cuda_graph,original,4,2.0305919647216797,1280,1.5863999724388123,0.0015863999724388123
3,bf16,256,64,False,"[64, 256]",1.0,fused_int4,cuda_graph,original,5,2.0305919647216797,1280,1.5863999724388123,0.0015863999724388123
3,bf16,256,64,False,"[64, 256]",1.0,fused_int4,cuda_graph,contiguous256,1,1.908735990524292,1280,1.4911999925971031,0.0014911999925971032
3,bf16,256,64,False,"[64, 256]",1.0,fused_int4,cuda_graph,contiguous256,2,1.9077119827270508,1280,1.4903999865055084,0.0014903999865055085
3,bf16,256,64,False,"[64, 256]",1.0,fused_int4,cuda_graph,contiguous256,3,1.9066879749298096,1280,1.4895999804139137,0.0014895999804139138
3,bf16,256,64,False,"[64, 256]",1.0,fused_int4,cuda_graph,contiguous256,4,1.9066879749298096,1280,1.4895999804139137,0.0014895999804139138
3,bf16,256,64,False,"[64, 256]",1.0,fused_int4,cuda_graph,contiguous256,5,1.9056639671325684,1280,1.488799974322319,0.001488799974322319
3,bf16,256,4096,True,"[4096, 256]",0.0625,fused_int4,cuda_graph,original,1,4.346879959106445,1280,3.3959999680519104,0.0033959999680519106
3,bf16,256,4096,True,"[4096, 256]",0.0625,fused_int4,cuda_graph,original,2,4.346879959106445,1280,3.3959999680519104,0.0033959999680519106
3,bf16,256,4096,True,"[4096, 256]",0.0625,fused_int4,cuda_graph,original,3,4.348927974700928,1280,3.3975999802351,0.0033975999802351
3,bf16,256,4096,True,"[4096, 256]",0.0625,fused_int4,cuda_graph,original,4,4.3427839279174805,1280,3.3927999436855316,0.003392799943685532
3,bf16,256,4096,True,"[4096, 256]",0.0625,fused_int4,cuda_graph,original,5,4.343808174133301,1280,3.3936001360416412,0.003393600136041641
3,bf16,256,4096,True,"[4096, 256]",0.0625,fused_int4,cuda_graph,contiguous256,1,3.9270401000976562,1280,3.068000078201294,0.003068000078201294
3,bf16,256,4096,True,"[4096, 256]",0.0625,fused_int4,cuda_graph,contiguous256,2,3.931135892868042,1280,3.071199916303158,0.0030711999163031576
3,bf16,256,4096,True,"[4096, 256]",0.0625,fused_int4,cuda_graph,contiguous256,3,3.930111885070801,1280,3.070399910211563,0.003070399910211563
3,bf16,256,4096,True,"[4096, 256]",0.0625,fused_int4,cuda_graph,contiguous256,4,3.936255931854248,1280,3.0751999467611313,0.003075199946761131
3,bf16,256,4096,True,"[4096, 256]",0.0625,fused_int4,cuda_graph,contiguous256,5,3.926016092300415,1280,3.0672000721096992,0.0030672000721096992
3,bf16,256,4096,True,"[4096, 256]",0.0625,transform,cuda_graph,original,1,3.605504035949707,1280,2.8168000280857086,0.0028168000280857086
3,bf16,256,4096,True,"[4096, 256]",0.0625,transform,cuda_graph,original,2,3.5942399501800537,1280,2.807999961078167,0.002807999961078167
3,bf16,256,4096,True,"[4096, 256]",0.0625,transform,cuda_graph,original,3,3.5993599891662598,1280,2.8119999915361404,0.0028119999915361404
3,bf16,256,4096,True,"[4096, 256]",0.0625,transform,cuda_graph,original,4,3.5973119735717773,1280,2.810399979352951,0.002810399979352951
3,bf16,256,4096,True,"[4096, 256]",0.0625,transform,cuda_graph,original,5,3.595263957977295,1280,2.8087999671697617,0.0028087999671697617
3,bf16,256,4096,True,"[4096, 256]",0.0625,transform,cuda_graph,contiguous256,1,3.264512062072754,1280,2.550400048494339,0.002550400048494339
3,bf16,256,4096,True,"[4096, 256]",0.0625,transform,cuda_graph,contiguous256,2,3.2727038860321045,1280,2.5567999109625816,0.0025567999109625816
3,bf16,256,4096,True,"[4096, 256]",0.0625,transform,cuda_graph,contiguous256,3,3.2686080932617188,1280,2.5536000728607178,0.002553600072860718
3,bf16,256,4096,True,"[4096, 256]",0.0625,transform,cuda_graph,contiguous256,4,3.2665600776672363,1280,2.5520000606775284,0.0025520000606775286
3,bf16,256,4096,True,"[4096, 256]",0.0625,transform,cuda_graph,contiguous256,5,3.2665600776672363,1280,2.5520000606775284,0.0025520000606775286
3,bf16,256,4096,True,"[4096, 256]",0.0625,transform,cuda_graph,dao,1,4.304895877838135,1280,3.363199904561043,0.0033631999045610427
3,bf16,256,4096,True,"[4096, 256]",0.0625,transform,cuda_graph,dao,2,4.3079681396484375,1280,3.365600109100342,0.003365600109100342
3,bf16,256,4096,True,"[4096, 256]",0.0625,transform,cuda_graph,dao,3,4.304895877838135,1280,3.363199904561043,0.0033631999045610427
3,bf16,256,4096,True,"[4096, 256]",0.0625,transform,cuda_graph,dao,4,4.30790376663208,1280,3.3655498176813126,0.0033655498176813126
3,bf16,256,4096,True,"[4096, 256]",0.0625,transform,cuda_graph,dao,5,4.306943893432617,1280,3.364799916744232,0.003364799916744232
3,bf16,256,257,False,"[257, 256]",1.0,transform,cuda_graph,original,1,1.5677440166473389,1280,1.2248000130057335,0.0012248000130057335
3,bf16,256,257,False,"[257, 256]",1.0,transform,cuda_graph,original,2,1.5667200088500977,1280,1.2240000069141388,0.0012240000069141388
3,bf16,256,257,False,"[257, 256]",1.0,transform,cuda_graph,original,3,1.5686719417572021,1280,1.2255249544978142,0.001225524954497814
3,bf16,256,257,False,"[257, 256]",1.0,transform,cuda_graph,original,4,1.5676480531692505,1280,1.224725041538477,0.001224725041538477
3,bf16,256,257,False,"[257, 256]",1.0,transform,cuda_graph,original,5,1.5677440166473389,1280,1.2248000130057335,0.0012248000130057335
3,bf16,256,257,False,"[257, 256]",1.0,transform,cuda_graph,contiguous256,1,1.5943679809570312,1280,1.2455999851226807,0.0012455999851226807
3,bf16,256,257,False,"[257, 256]",1.0,transform,cuda_graph,contiguous256,2,1.5923199653625488,1280,1.2439999729394913,0.0012439999729394913
3,bf16,256,257,False,"[257, 256]",1.0,transform,cuda_graph,contiguous256,3,1.5932799577713013,1280,1.2447499670088291,0.0012447499670088292
3,bf16,256,257,False,"[257, 256]",1.0,transform,cuda_graph,contiguous256,4,1.5912959575653076,1280,1.2431999668478966,0.0012431999668478966
3,bf16,256,257,False,"[257, 256]",1.0,transform,cuda_graph,contiguous256,5,1.5912959575653076,1280,1.2431999668478966,0.0012431999668478966
3,bf16,256,257,False,"[257, 256]",1.0,transform,cuda_graph,dao,1,1.8780159950256348,1280,1.4671999961137772,0.0014671999961137772
3,bf16,256,257,False,"[257, 256]",1.0,transform,cuda_graph,dao,2,1.8780159950256348,1280,1.4671999961137772,0.0014671999961137772
3,bf16,256,257,False,"[257, 256]",1.0,transform,cuda_graph,dao,3,1.8780159950256348,1280,1.4671999961137772,0.0014671999961137772
3,bf16,256,257,False,"[257, 256]",1.0,transform,cuda_graph,dao,4,1.8759679794311523,1280,1.4655999839305878,0.0014655999839305878
3,bf16,256,257,False,"[257, 256]",1.0,transform,cuda_graph,dao,5,1.877951979637146,1280,1.4671499840915203,0.0014671499840915204
3,bf16,256,257,False,"[257, 256]",1.0,fused_int4,cuda_graph,original,1,2.0981760025024414,1280,1.6392000019550323,0.0016392000019550324
3,bf16,256,257,False,"[257, 256]",1.0,fused_int4,cuda_graph,original,2,2.0992000102996826,1280,1.640000008046627,0.0016400000080466271
3,bf16,256,257,False,"[257, 256]",1.0,fused_int4,cuda_graph,original,3,2.0992000102996826,1280,1.640000008046627,0.0016400000080466271
3,bf16,256,257,False,"[257, 256]",1.0,fused_int4,cuda_graph,original,4,2.101248025894165,1280,1.6416000202298164,0.0016416000202298165
3,bf16,256,257,False,"[257, 256]",1.0,fused_int4,cuda_graph,original,5,2.0992000102996826,1280,1.640000008046627,0.0016400000080466271
3,bf16,256,257,False,"[257, 256]",1.0,fused_int4,cuda_graph,contiguous256,1,1.9875839948654175,1280,1.5527999959886074,0.0015527999959886074
3,bf16,256,257,False,"[257, 256]",1.0,fused_int4,cuda_graph,contiguous256,2,1.9845119714736938,1280,1.5503999777138233,0.0015503999777138234
3,bf16,256,257,False,"[257, 256]",1.0,fused_int4,cuda_graph,contiguous256,3,1.9845119714736938,1280,1.5503999777138233,0.0015503999777138234
3,bf16,256,257,False,"[257, 256]",1.0,fused_int4,cuda_graph,contiguous256,4,1.985535979270935,1280,1.551199983805418,0.001551199983805418
3,bf16,256,257,False,"[257, 256]",1.0,fused_int4,cuda_graph,contiguous256,5,1.985535979270935,1280,1.551199983805418,0.001551199983805418
3,fp16,256,17,True,"[17, 256]",0.0625,fused_int4,cuda_graph,original,1,2.0049920082092285,1280,1.5664000064134598,0.0015664000064134597
3,fp16,256,17,True,"[17, 256]",0.0625,fused_int4,cuda_graph,original,2,2.0049920082092285,1280,1.5664000064134598,0.0015664000064134597
3,fp16,256,17,True,"[17, 256]",0.0625,fused_int4,cuda_graph,original,3,2.002943992614746,1280,1.5647999942302704,0.0015647999942302703
3,fp16,256,17,True,"[17, 256]",0.0625,fused_int4,cuda_graph,original,4,2.0039680004119873,1280,1.565600000321865,0.001565600000321865
3,fp16,256,17,True,"[17, 256]",0.0625,fused_int4,cuda_graph,original,5,2.002943992614746,1280,1.5647999942302704,0.0015647999942302703
3,fp16,256,17,True,"[17, 256]",0.0625,fused_int4,cuda_graph,contiguous256,1,1.9014719724655151,1280,1.4855249784886837,0.0014855249784886837
3,fp16,256,17,True,"[17, 256]",0.0625,fused_int4,cuda_graph,contiguous256,2,1.8984960317611694,1280,1.4832000248134136,0.0014832000248134135
3,fp16,256,17,True,"[17, 256]",0.0625,fused_int4,cuda_graph,contiguous256,3,1.8995200395584106,1280,1.4840000309050083,0.0014840000309050082
3,fp16,256,17,True,"[17, 256]",0.0625,fused_int4,cuda_graph,contiguous256,4,1.8984960317611694,1280,1.4832000248134136,0.0014832000248134135
3,fp16,256,17,True,"[17, 256]",0.0625,fused_int4,cuda_graph,contiguous256,5,1.901568055152893,1280,1.4856000430881977,0.0014856000430881976
3,fp16,256,17,True,"[17, 256]",0.0625,transform,cuda_graph,original,1,1.4428160190582275,1280,1.1272000148892403,0.0011272000148892403
3,fp16,256,17,True,"[17, 256]",0.0625,transform,cuda_graph,original,2,1.4428160190582275,1280,1.1272000148892403,0.0011272000148892403
3,fp16,256,17,True,"[17, 256]",0.0625,transform,cuda_graph,original,3,1.439743995666504,1280,1.1247999966144562,0.0011247999966144562
3,fp16,256,17,True,"[17, 256]",0.0625,transform,cuda_graph,original,4,1.4407680034637451,1280,1.1256000027060509,0.001125600002706051
3,fp16,256,17,True,"[17, 256]",0.0625,transform,cuda_graph,original,5,1.4407680034637451,1280,1.1256000027060509,0.001125600002706051
3,fp16,256,17,True,"[17, 256]",0.0625,transform,cuda_graph,contiguous256,1,1.5011839866638184,1280,1.172799989581108,0.001172799989581108
3,fp16,256,17,True,"[17, 256]",0.0625,transform,cuda_graph,contiguous256,2,1.4981119632720947,1280,1.170399971306324,0.001170399971306324
3,fp16,256,17,True,"[17, 256]",0.0625,transform,cuda_graph,contiguous256,3,1.5001599788665771,1280,1.1719999834895134,0.0011719999834895133
3,fp16,256,17,True,"[17, 256]",0.0625,transform,cuda_graph,contiguous256,4,1.5011839866638184,1280,1.172799989581108,0.001172799989581108
3,fp16,256,17,True,"[17, 256]",0.0625,transform,cuda_graph,contiguous256,5,1.5011839866638184,1280,1.172799989581108,0.001172799989581108
3,fp16,256,17,True,"[17, 256]",0.0625,transform,cuda_graph,dao,1,1.3844480514526367,1280,1.0816000401973724,0.0010816000401973724
3,fp16,256,17,True,"[17, 256]",0.0625,transform,cuda_graph,dao,2,1.3834240436553955,1280,1.0808000341057777,0.0010808000341057777
3,fp16,256,17,True,"[17, 256]",0.0625,transform,cuda_graph,dao,3,1.383296012878418,1280,1.080700010061264,0.001080700010061264
3,fp16,256,17,True,"[17, 256]",0.0625,transform,cuda_graph,dao,4,1.3824000358581543,1280,1.080000028014183,0.001080000028014183
3,fp16,256,17,True,"[17, 256]",0.0625,transform,cuda_graph,dao,5,1.3834240436553955,1280,1.0808000341057777,0.0010808000341057777
3,fp16,256,16384,False,"[16384, 256]",1.0,transform,cuda_graph,original,1,11.31827163696289,1280,8.842399716377258,0.008842399716377259
3,fp16,256,16384,False,"[16384, 256]",1.0,transform,cuda_graph,original,2,11.316224098205566,1280,8.840800076723099,0.0088408000767231
3,fp16,256,16384,False,"[16384, 256]",1.0,transform,cuda_graph,original,3,11.313152313232422,1280,8.83840024471283,0.00883840024471283
3,fp16,256,16384,False,"[16384, 256]",1.0,transform,cuda_graph,original,4,11.325440406799316,1280,8.848000317811966,0.008848000317811966
3,fp16,256,16384,False,"[16384, 256]",1.0,transform,cuda_graph,original,5,11.389951705932617,1280,8.898399770259857,0.008898399770259857
3,fp16,256,16384,False,"[16384, 256]",1.0,transform,cuda_graph,contiguous256,1,11.347968101501465,1280,8.86560007929802,0.008865600079298019
3,fp16,256,16384,False,"[16384, 256]",1.0,transform,cuda_graph,contiguous256,2,11.33670425415039,1280,8.856800198554993,0.008856800198554993
3,fp16,256,16384,False,"[16384, 256]",1.0,transform,cuda_graph,contiguous256,3,11.346943855285645,1280,8.86479988694191,0.00886479988694191
3,fp16,256,16384,False,"[16384, 256]",1.0,transform,cuda_graph,contiguous256,4,11.345919609069824,1280,8.8639996945858,0.0088639996945858
3,fp16,256,16384,False,"[16384, 256]",1.0,transform,cuda_graph,contiguous256,5,11.34182357788086,1280,8.860799670219421,0.00886079967021942
3,fp16,256,16384,False,"[16384, 256]",1.0,transform,cuda_graph,dao,1,12.347392082214355,1280,9.646400064229965,0.009646400064229965
3,fp16,256,16384,False,"[16384, 256]",1.0,transform,cuda_graph,dao,2,12.344320297241211,1280,9.644000232219696,0.009644000232219696
3,fp16,256,16384,False,"[16384, 256]",1.0,transform,cuda_graph,dao,3,12.35148811340332,1280,9.649600088596344,0.009649600088596343
3,fp16,256,16384,False,"[16384, 256]",1.0,transform,cuda_graph,dao,4,12.3504638671875,1280,9.648799896240234,0.009648799896240234
3,fp16,256,16384,False,"[16384, 256]",1.0,transform,cuda_graph,dao,5,12.339200019836426,1280,9.640000015497208,0.009640000015497207
3,fp16,256,16384,False,"[16384, 256]",1.0,fused_int4,cuda_graph,original,1,10.995712280273438,1280,8.590400218963623,0.008590400218963623
3,fp16,256,16384,False,"[16384, 256]",1.0,fused_int4,cuda_graph,original,2,11.029439926147461,1280,8.616749942302704,0.008616749942302705
3,fp16,256,16384,False,"[16384, 256]",1.0,fused_int4,cuda_graph,original,3,11.547648429870605,1280,9.02160033583641,0.00902160033583641
3,fp16,256,16384,False,"[16384, 256]",1.0,fused_int4,cuda_graph,original,4,11.590656280517578,1280,9.055200219154358,0.009055200219154357
3,fp16,256,16384,False,"[16384, 256]",1.0,fused_int4,cuda_graph,original,5,11.54355239868164,1280,9.018400311470032,0.009018400311470031
3,fp16,256,16384,False,"[16384, 256]",1.0,fused_int4,cuda_graph,contiguous256,1,9.421792030334473,1280,7.360775023698807,0.007360775023698807
3,fp16,256,16384,False,"[16384, 256]",1.0,fused_int4,cuda_graph,contiguous256,2,9.94918441772461,1280,7.772800326347351,0.007772800326347351
3,fp16,256,16384,False,"[16384, 256]",1.0,fused_int4,cuda_graph,contiguous256,3,9.958399772644043,1280,7.779999822378159,0.007779999822378159
3,fp16,256,16384,False,"[16384, 256]",1.0,fused_int4,cuda_graph,contiguous256,4,9.964544296264648,1280,7.784800231456757,0.007784800231456756
3,fp16,256,16384,False,"[16384, 256]",1.0,fused_int4,cuda_graph,contiguous256,5,9.955327987670898,1280,7.777599990367889,0.00777759999036789
3,fp16,256,1,False,"[1, 256]",1.0,fused_int4,cuda_graph,original,1,1.7816640138626099,1280,1.391925010830164,0.001391925010830164
3,fp16,256,1,False,"[1, 256]",1.0,fused_int4,cuda_graph,original,2,1.780735969543457,1280,1.3911999762058258,0.001391199976205826
3,fp16,256,1,False,"[1, 256]",1.0,fused_int4,cuda_graph,original,3,1.780735969543457,1280,1.3911999762058258,0.001391199976205826
3,fp16,256,1,False,"[1, 256]",1.0,fused_int4,cuda_graph,original,4,1.7776639461517334,1280,1.3887999579310417,0.0013887999579310418
3,fp16,256,1,False,"[1, 256]",1.0,fused_int4,cuda_graph,original,5,1.7776639461517334,1280,1.3887999579310417,0.0013887999579310418
3,fp16,256,1,False,"[1, 256]",1.0,fused_int4,cuda_graph,contiguous256,1,1.6752640008926392,1280,1.3088000006973743,0.0013088000006973744
3,fp16,256,1,False,"[1, 256]",1.0,fused_int4,cuda_graph,contiguous256,2,1.6752640008926392,1280,1.3088000006973743,0.0013088000006973744
3,fp16,256,1,False,"[1, 256]",1.0,fused_int4,cuda_graph,contiguous256,3,1.674239993095398,1280,1.3079999946057796,0.0013079999946057797
3,fp16,256,1,False,"[1, 256]",1.0,fused_int4,cuda_graph,contiguous256,4,1.6721919775009155,1280,1.3063999824225903,0.0013063999824225903
3,fp16,256,1,False,"[1, 256]",1.0,fused_int4,cuda_graph,contiguous256,5,1.6762880086898804,1280,1.309600006788969,0.001309600006788969
3,fp16,256,1,False,"[1, 256]",1.0,transform,cuda_graph,original,1,1.264639973640442,1280,0.9879999794065952,0.0009879999794065951
3,fp16,256,1,False,"[1, 256]",1.0,transform,cuda_graph,original,2,1.265663981437683,1280,0.9887999854981899,0.0009887999854981898
3,fp16,256,1,False,"[1, 256]",1.0,transform,cuda_graph,original,3,1.264639973640442,1280,0.9879999794065952,0.0009879999794065951
3,fp16,256,1,False,"[1, 256]",1.0,transform,cuda_graph,original,4,1.264639973640442,1280,0.9879999794065952,0.0009879999794065951
3,fp16,256,1,False,"[1, 256]",1.0,transform,cuda_graph,original,5,1.265663981437683,1280,0.9887999854981899,0.0009887999854981898
3,fp16,256,1,False,"[1, 256]",1.0,transform,cuda_graph,contiguous256,1,1.316864013671875,1280,1.0288000106811523,0.0010288000106811524
3,fp16,256,1,False,"[1, 256]",1.0,transform,cuda_graph,contiguous256,2,1.3127679824829102,1280,1.0255999863147736,0.0010255999863147736
3,fp16,256,1,False,"[1, 256]",1.0,transform,cuda_graph,contiguous256,3,1.3127679824829102,1280,1.0255999863147736,0.0010255999863147736
3,fp16,256,1,False,"[1, 256]",1.0,transform,cuda_graph,contiguous256,4,1.3127679824829102,1280,1.0255999863147736,0.0010255999863147736
3,fp16,256,1,False,"[1, 256]",1.0,transform,cuda_graph,contiguous256,5,1.3137919902801514,1280,1.0263999924063683,0.0010263999924063683
3,fp16,256,1,False,"[1, 256]",1.0,transform,cuda_graph,dao,1,1.2472000122070312,1280,0.9743750095367432,0.0009743750095367431
3,fp16,256,1,False,"[1, 256]",1.0,transform,cuda_graph,dao,2,1.2451839447021484,1280,0.9727999567985535,0.0009727999567985535
3,fp16,256,1,False,"[1, 256]",1.0,transform,cuda_graph,dao,3,1.2441600561141968,1280,0.9720000438392162,0.0009720000438392162
3,fp16,256,1,False,"[1, 256]",1.0,transform,cuda_graph,dao,4,1.2441600561141968,1280,0.9720000438392162,0.0009720000438392162
3,fp16,256,1,False,"[1, 256]",1.0,transform,cuda_graph,dao,5,1.2462079524993896,1280,0.9735999628901482,0.0009735999628901482
3,fp16,256,64,False,"[64, 256]",1.0,transform,cuda_graph,original,1,1.3527040481567383,1280,1.0568000376224518,0.0010568000376224517
3,fp16,256,64,False,"[64, 256]",1.0,transform,cuda_graph,original,2,1.351680040359497,1280,1.056000031530857,0.001056000031530857
3,fp16,256,64,False,"[64, 256]",1.0,transform,cuda_graph,original,3,1.3504639863967896,1280,1.0550499893724918,0.0010550499893724919
3,fp16,256,64,False,"[64, 256]",1.0,transform,cuda_graph,original,4,1.3527040481567383,1280,1.0568000376224518,0.0010568000376224517
3,fp16,256,64,False,"[64, 256]",1.0,transform,cuda_graph,original,5,1.3537280559539795,1280,1.0576000437140465,0.0010576000437140464
3,fp16,256,64,False,"[64, 256]",1.0,transform,cuda_graph,contiguous256,1,1.4018559455871582,1280,1.0951999574899673,0.0010951999574899673
3,fp16,256,64,False,"[64, 256]",1.0,transform,cuda_graph,contiguous256,2,1.4008320569992065,1280,1.0944000445306301,0.0010944000445306302
3,fp16,256,64,False,"[64, 256]",1.0,transform,cuda_graph,contiguous256,3,1.4028799533843994,1280,1.095999963581562,0.001095999963581562
3,fp16,256,64,False,"[64, 256]",1.0,transform,cuda_graph,contiguous256,4,1.4079999923706055,1280,1.0999999940395355,0.0010999999940395355
3,fp16,256,64,False,"[64, 256]",1.0,transform,cuda_graph,contiguous256,5,1.4037760496139526,1280,1.0967000387609005,0.0010967000387609005
3,fp16,256,64,False,"[64, 256]",1.0,transform,cuda_graph,dao,1,1.3137919902801514,1280,1.0263999924063683,0.0010263999924063683
3,fp16,256,64,False,"[64, 256]",1.0,transform,cuda_graph,dao,2,1.3096959590911865,1280,1.0231999680399895,0.0010231999680399896
3,fp16,256,64,False,"[64, 256]",1.0,transform,cuda_graph,dao,3,1.3086719512939453,1280,1.0223999619483948,0.0010223999619483949
3,fp16,256,64,False,"[64, 256]",1.0,transform,cuda_graph,dao,4,1.3107199668884277,1280,1.0239999741315842,0.0010239999741315843
3,fp16,256,64,False,"[64, 256]",1.0,transform,cuda_graph,dao,5,1.3096959590911865,1280,1.0231999680399895,0.0010231999680399896
3,fp16,256,64,False,"[64, 256]",1.0,fused_int4,cuda_graph,original,1,1.8677760362625122,1280,1.4592000283300877,0.0014592000283300877
3,fp16,256,64,False,"[64, 256]",1.0,fused_int4,cuda_graph,original,2,1.8677760362625122,1280,1.4592000283300877,0.0014592000283300877
3,fp16,256,64,False,"[64, 256]",1.0,fused_int4,cuda_graph,original,3,1.866752028465271,1280,1.458400022238493,0.001458400022238493
3,fp16,256,64,False,"[64, 256]",1.0,fused_int4,cuda_graph,original,4,1.8657280206680298,1280,1.4576000161468983,0.0014576000161468984
3,fp16,256,64,False,"[64, 256]",1.0,fused_int4,cuda_graph,original,5,1.8688000440597534,1280,1.4600000344216824,0.0014600000344216824
3,fp16,256,64,False,"[64, 256]",1.0,fused_int4,cuda_graph,contiguous256,1,1.7745920419692993,1280,1.386400032788515,0.001386400032788515
3,fp16,256,64,False,"[64, 256]",1.0,fused_int4,cuda_graph,contiguous256,2,1.7674239873886108,1280,1.3807999901473522,0.0013807999901473522
3,fp16,256,64,False,"[64, 256]",1.0,fused_int4,cuda_graph,contiguous256,3,1.768447995185852,1280,1.381599996238947,0.0013815999962389469
3,fp16,256,64,False,"[64, 256]",1.0,fused_int4,cuda_graph,contiguous256,4,1.7704960107803345,1280,1.3832000084221363,0.0013832000084221363
3,fp16,256,64,False,"[64, 256]",1.0,fused_int4,cuda_graph,contiguous256,5,1.7674239873886108,1280,1.3807999901473522,0.0013807999901473522
3,bf16,256,16384,False,"[16384, 256]",1.0,fused_int4,cuda_graph,original,1,10.927103996276855,1280,8.536799997091293,0.008536799997091293
3,bf16,256,16384,False,"[16384, 256]",1.0,fused_int4,cuda_graph,original,2,11.03667163848877,1280,8.622399717569351,0.00862239971756935
3,bf16,256,16384,False,"[16384, 256]",1.0,fused_int4,cuda_graph,original,3,11.25376033782959,1280,8.792000263929367,0.008792000263929367
3,bf16,256,16384,False,"[16384, 256]",1.0,fused_int4,cuda_graph,original,4,11.431936264038086,1280,8.931200206279755,0.008931200206279754
3,bf16,256,16384,False,"[16384, 256]",1.0,fused_int4,cuda_graph,original,5,11.460607528686523,1280,8.953599631786346,0.008953599631786347
3,bf16,256,16384,False,"[16384, 256]",1.0,fused_int4,cuda_graph,contiguous256,1,9.380767822265625,1280,7.3287248611450195,0.00732872486114502
3,bf16,256,16384,False,"[16384, 256]",1.0,fused_int4,cuda_graph,contiguous256,2,9.372672080993652,1280,7.322400063276291,0.007322400063276291
3,bf16,256,16384,False,"[16384, 256]",1.0,fused_int4,cuda_graph,contiguous256,3,9.756575584411621,1280,7.622324675321579,0.007622324675321579
3,bf16,256,16384,False,"[16384, 256]",1.0,fused_int4,cuda_graph,contiguous256,4,9.849727630615234,1280,7.695099711418152,0.007695099711418152
3,bf16,256,16384,False,"[16384, 256]",1.0,fused_int4,cuda_graph,contiguous256,5,9.919487953186035,1280,7.74959996342659,0.00774959996342659
3,bf16,256,16384,False,"[16384, 256]",1.0,transform,cuda_graph,original,1,11.311103820800781,1280,8.83679986000061,0.00883679986000061
3,bf16,256,16384,False,"[16384, 256]",1.0,transform,cuda_graph,original,2,11.311103820800781,1280,8.83679986000061,0.00883679986000061
3,bf16,256,16384,False,"[16384, 256]",1.0,transform,cuda_graph,original,3,11.304960250854492,1280,8.832000195980072,0.008832000195980072
3,bf16,256,16384,False,"[16384, 256]",1.0,transform,cuda_graph,original,4,11.31827163696289,1280,8.842399716377258,0.008842399716377259
3,bf16,256,16384,False,"[16384, 256]",1.0,transform,cuda_graph,original,5,11.303936004638672,1280,8.831200003623962,0.008831200003623963
3,bf16,256,16384,False,"[16384, 256]",1.0,transform,cuda_graph,contiguous256,1,11.33465576171875,1280,8.855199813842773,0.008855199813842774
3,bf16,256,16384,False,"[16384, 256]",1.0,transform,cuda_graph,contiguous256,2,11.316224098205566,1280,8.840800076723099,0.0088408000767231
3,bf16,256,16384,False,"[16384, 256]",1.0,transform,cuda_graph,contiguous256,3,11.323328018188477,1280,8.846350014209747,0.008846350014209747
3,bf16,256,16384,False,"[16384, 256]",1.0,transform,cuda_graph,contiguous256,4,11.338687896728516,1280,8.858349919319153,0.008858349919319154
3,bf16,256,16384,False,"[16384, 256]",1.0,transform,cuda_graph,contiguous256,5,11.313152313232422,1280,8.83840024471283,0.00883840024471283
3,bf16,256,16384,False,"[16384, 256]",1.0,transform,cuda_graph,dao,1,11.463680267333984,1280,8.956000208854675,0.008956000208854675
3,bf16,256,16384,False,"[16384, 256]",1.0,transform,cuda_graph,dao,2,11.487232208251953,1280,8.974400162696838,0.008974400162696839
3,bf16,256,16384,False,"[16384, 256]",1.0,transform,cuda_graph,dao,3,11.514880180358887,1280,8.99600014090538,0.00899600014090538
3,bf16,256,16384,False,"[16384, 256]",1.0,transform,cuda_graph,dao,4,11.480064392089844,1280,8.96880030632019,0.00896880030632019
3,bf16,256,16384,False,"[16384, 256]",1.0,transform,cuda_graph,dao,5,11.472895622253418,1280,8.963199704885483,0.008963199704885483
3,fp16,256,257,True,"[257, 256]",0.0625,transform,cuda_graph,original,1,1.4161920547485352,1280,1.106400042772293,0.001106400042772293
3,fp16,256,257,True,"[257, 256]",0.0625,transform,cuda_graph,original,2,1.4161920547485352,1280,1.106400042772293,0.001106400042772293
3,fp16,256,257,True,"[257, 256]",0.0625,transform,cuda_graph,original,3,1.4254080057144165,1280,1.113600004464388,0.0011136000044643878
3,fp16,256,257,True,"[257, 256]",0.0625,transform,cuda_graph,original,4,1.415168046951294,1280,1.1056000366806984,0.0011056000366806984
3,fp16,256,257,True,"[257, 256]",0.0625,transform,cuda_graph,original,5,1.4141440391540527,1280,1.1048000305891037,0.0011048000305891037
3,fp16,256,257,True,"[257, 256]",0.0625,transform,cuda_graph,contiguous256,1,1.4786560535430908,1280,1.1552000418305397,0.0011552000418305398
3,fp16,256,257,True,"[257, 256]",0.0625,transform,cuda_graph,contiguous256,2,1.481727957725525,1280,1.1575999669730663,0.0011575999669730663
3,fp16,256,257,True,"[257, 256]",0.0625,transform,cuda_graph,contiguous256,3,1.4940160512924194,1280,1.1672000400722027,0.0011672000400722027
3,fp16,256,257,True,"[257, 256]",0.0625,transform,cuda_graph,contiguous256,4,1.4755840301513672,1280,1.1528000235557556,0.0011528000235557557
3,fp16,256,257,True,"[257, 256]",0.0625,transform,cuda_graph,contiguous256,5,1.4744960069656372,1280,1.151950005441904,0.001151950005441904
3,fp16,256,257,True,"[257, 256]",0.0625,transform,cuda_graph,dao,1,1.7182719707489014,1280,1.3423999771475792,0.0013423999771475792
3,fp16,256,257,True,"[257, 256]",0.0625,transform,cuda_graph,dao,2,1.7171200513839722,1280,1.3415000401437283,0.0013415000401437282
3,fp16,256,257,True,"[257, 256]",0.0625,transform,cuda_graph,dao,3,1.7326079607009888,1280,1.3535999692976475,0.0013535999692976474
3,fp16,256,257,True,"[257, 256]",0.0625,transform,cuda_graph,dao,4,1.7182719707489014,1280,1.3423999771475792,0.0013423999771475792
3,fp16,256,257,True,"[257, 256]",0.0625,transform,cuda_graph,dao,5,1.716223955154419,1280,1.3407999649643898,0.0013407999649643898
3,fp16,256,257,True,"[257, 256]",0.0625,fused_int4,cuda_graph,original,1,1.926144003868103,1280,1.5048000030219555,0.0015048000030219554
3,fp16,256,257,True,"[257, 256]",0.0625,fused_int4,cuda_graph,original,2,1.9251199960708618,1280,1.5039999969303608,0.0015039999969303608
3,fp16,256,257,True,"[257, 256]",0.0625,fused_int4,cuda_graph,original,3,1.9240959882736206,1280,1.503199990838766,0.001503199990838766
3,fp16,256,257,True,"[257, 256]",0.0625,fused_int4,cuda_graph,original,4,1.9251199960708618,1280,1.5039999969303608,0.0015039999969303608
3,fp16,256,257,True,"[257, 256]",0.0625,fused_int4,cuda_graph,original,5,1.9240959882736206,1280,1.503199990838766,0.001503199990838766
3,fp16,256,257,True,"[257, 256]",0.0625,fused_int4,cuda_graph,contiguous256,1,1.8391040563583374,1280,1.436800044029951,0.0014368000440299511
3,fp16,256,257,True,"[257, 256]",0.0625,fused_int4,cuda_graph,contiguous256,2,1.837056040763855,1280,1.4352000318467617,0.0014352000318467617
3,fp16,256,257,True,"[257, 256]",0.0625,fused_int4,cuda_graph,contiguous256,3,1.837056040763855,1280,1.4352000318467617,0.0014352000318467617
3,fp16,256,257,True,"[257, 256]",0.0625,fused_int4,cuda_graph,contiguous256,4,1.8360320329666138,1280,1.434400025755167,0.001434400025755167
3,fp16,256,257,True,"[257, 256]",0.0625,fused_int4,cuda_graph,contiguous256,5,1.837056040763855,1280,1.4352000318467617,0.0014352000318467617
3,bf16,256,16384,True,"[16384, 256]",0.0625,fused_int4,cuda_graph,original,1,10.914815902709961,1280,8.527199923992157,0.008527199923992156
3,bf16,256,16384,True,"[16384, 256]",0.0625,fused_int4,cuda_graph,original,2,10.950655937194824,1280,8.555199950933456,0.008555199950933456
3,bf16,256,16384,True,"[16384, 256]",0.0625,fused_int4,cuda_graph,original,3,10.953727722167969,1280,8.557599782943726,0.008557599782943726
3,bf16,256,16384,True,"[16384, 256]",0.0625,fused_int4,cuda_graph,original,4,11.485183715820312,1280,8.97279977798462,0.00897279977798462
3,bf16,256,16384,True,"[16384, 256]",0.0625,fused_int4,cuda_graph,original,5,11.495360374450684,1280,8.980750292539597,0.008980750292539596
3,bf16,256,16384,True,"[16384, 256]",0.0625,fused_int4,cuda_graph,contiguous256,1,9.374719619750977,1280,7.32399970293045,0.00732399970293045
3,bf16,256,16384,True,"[16384, 256]",0.0625,fused_int4,cuda_graph,contiguous256,2,9.373567581176758,1280,7.323099672794342,0.007323099672794342
3,bf16,256,16384,True,"[16384, 256]",0.0625,fused_int4,cuda_graph,contiguous256,3,9.41158390045166,1280,7.3527999222278595,0.007352799922227859
3,bf16,256,16384,True,"[16384, 256]",0.0625,fused_int4,cuda_graph,contiguous256,4,9.755647659301758,1280,7.621599733829498,0.007621599733829499
3,bf16,256,16384,True,"[16384, 256]",0.0625,fused_int4,cuda_graph,contiguous256,5,9.90719985961914,1280,7.739999890327454,0.007739999890327453
3,bf16,256,16384,True,"[16384, 256]",0.0625,transform,cuda_graph,original,1,11.313152313232422,1280,8.83840024471283,0.00883840024471283
3,bf16,256,16384,True,"[16384, 256]",0.0625,transform,cuda_graph,original,2,11.340800285339355,1280,8.860000222921371,0.008860000222921372
3,bf16,256,16384,True,"[16384, 256]",0.0625,transform,cuda_graph,original,3,11.330559730529785,1280,8.851999789476395,0.008851999789476395
3,bf16,256,16384,True,"[16384, 256]",0.0625,transform,cuda_graph,original,4,11.313152313232422,1280,8.83840024471283,0.00883840024471283
3,bf16,256,16384,True,"[16384, 256]",0.0625,transform,cuda_graph,original,5,11.339776039123535,1280,8.859200030565262,0.008859200030565261
3,bf16,256,16384,True,"[16384, 256]",0.0625,transform,cuda_graph,contiguous256,1,11.332608222961426,1280,8.853600174188614,0.008853600174188615
3,bf16,256,16384,True,"[16384, 256]",0.0625,transform,cuda_graph,contiguous256,2,11.331456184387207,1280,8.852700144052505,0.008852700144052506
3,bf16,256,16384,True,"[16384, 256]",0.0625,transform,cuda_graph,contiguous256,3,11.32748794555664,1280,8.849599957466125,0.008849599957466125
3,bf16,256,16384,True,"[16384, 256]",0.0625,transform,cuda_graph,contiguous256,4,11.333632469177246,1280,8.854400366544724,0.008854400366544724
3,bf16,256,16384,True,"[16384, 256]",0.0625,transform,cuda_graph,contiguous256,5,11.34284782409668,1280,8.861599862575531,0.008861599862575531
3,bf16,256,16384,True,"[16384, 256]",0.0625,transform,cuda_graph,dao,1,11.472800254821777,1280,8.963125199079514,0.008963125199079514
3,bf16,256,16384,True,"[16384, 256]",0.0625,transform,cuda_graph,dao,2,11.465567588806152,1280,8.957474678754807,0.008957474678754806
3,bf16,256,16384,True,"[16384, 256]",0.0625,transform,cuda_graph,dao,3,11.499520301818848,1280,8.984000235795975,0.008984000235795975
3,bf16,256,16384,True,"[16384, 256]",0.0625,transform,cuda_graph,dao,4,11.478015899658203,1280,8.967199921607971,0.00896719992160797
3,bf16,256,16384,True,"[16384, 256]",0.0625,transform,cuda_graph,dao,5,11.472895622253418,1280,8.963199704885483,0.008963199704885483
3,bf16,256,17,True,"[17, 256]",0.0625,transform,cuda_graph,original,1,1.3404159545898438,1280,1.0471999645233154,0.0010471999645233153
3,bf16,256,17,True,"[17, 256]",0.0625,transform,cuda_graph,original,2,1.3475840091705322,1280,1.0528000071644783,0.0010528000071644782
3,bf16,256,17,True,"[17, 256]",0.0625,transform,cuda_graph,original,3,1.3393919467926025,1280,1.0463999584317207,0.0010463999584317206
3,bf16,256,17,True,"[17, 256]",0.0625,transform,cuda_graph,original,4,1.3373440504074097,1280,1.0448000393807888,0.0010448000393807888
3,bf16,256,17,True,"[17, 256]",0.0625,transform,cuda_graph,original,5,1.3363200426101685,1280,1.044000033289194,0.001044000033289194
3,bf16,256,17,True,"[17, 256]",0.0625,transform,cuda_graph,contiguous256,1,1.3598719835281372,1280,1.0623999871313572,0.0010623999871313572
3,bf16,256,17,True,"[17, 256]",0.0625,transform,cuda_graph,contiguous256,2,1.3752319812774658,1280,1.0743999853730202,0.0010743999853730201
3,bf16,256,17,True,"[17, 256]",0.0625,transform,cuda_graph,contiguous256,3,1.3567999601364136,1280,1.059999968856573,0.0010599999688565731
3,bf16,256,17,True,"[17, 256]",0.0625,transform,cuda_graph,contiguous256,4,1.3578239679336548,1280,1.0607999749481678,0.0010607999749481678
3,bf16,256,17,True,"[17, 256]",0.0625,transform,cuda_graph,contiguous256,5,1.3567999601364136,1280,1.059999968856573,0.0010599999688565731
3,bf16,256,17,True,"[17, 256]",0.0625,transform,cuda_graph,dao,1,1.2552640438079834,1280,0.980675034224987,0.000980675034224987
3,bf16,256,17,True,"[17, 256]",0.0625,transform,cuda_graph,dao,2,1.2677119970321655,1280,0.9903999976813793,0.0009903999976813792
3,bf16,256,17,True,"[17, 256]",0.0625,transform,cuda_graph,dao,3,1.2728320360183716,1280,0.9944000281393528,0.0009944000281393527
3,bf16,256,17,True,"[17, 256]",0.0625,transform,cuda_graph,dao,4,1.2544000148773193,1280,0.9800000116229057,0.0009800000116229057
3,bf16,256,17,True,"[17, 256]",0.0625,transform,cuda_graph,dao,5,1.2562559843063354,1280,0.9814499877393246,0.0009814499877393245
3,bf16,256,17,True,"[17, 256]",0.0625,fused_int4,cuda_graph,original,1,1.819648027420044,1280,1.4216000214219093,0.0014216000214219092
3,bf16,256,17,True,"[17, 256]",0.0625,fused_int4,cuda_graph,original,2,1.8194559812545776,1280,1.4214499853551388,0.0014214499853551388
3,bf16,256,17,True,"[17, 256]",0.0625,fused_int4,cuda_graph,original,3,1.8186240196228027,1280,1.4208000153303146,0.0014208000153303145
3,bf16,256,17,True,"[17, 256]",0.0625,fused_int4,cuda_graph,original,4,1.8186240196228027,1280,1.4208000153303146,0.0014208000153303145
3,bf16,256,17,True,"[17, 256]",0.0625,fused_int4,cuda_graph,original,5,1.8350080251693726,1280,1.4336000196635723,0.0014336000196635724
3,bf16,256,17,True,"[17, 256]",0.0625,fused_int4,cuda_graph,contiguous256,1,1.7141120433807373,1280,1.339150033891201,0.001339150033891201
3,bf16,256,17,True,"[17, 256]",0.0625,fused_int4,cuda_graph,contiguous256,2,1.7131520509719849,1280,1.3384000398218632,0.0013384000398218633
3,bf16,256,17,True,"[17, 256]",0.0625,fused_int4,cuda_graph,contiguous256,3,1.7100800275802612,1280,1.336000021547079,0.0013360000215470792
3,bf16,256,17,True,"[17, 256]",0.0625,fused_int4,cuda_graph,contiguous256,4,1.7305599451065063,1280,1.351999957114458,0.001351999957114458
3,bf16,256,17,True,"[17, 256]",0.0625,fused_int4,cuda_graph,contiguous256,5,1.7396800518035889,1280,1.3591250404715538,0.0013591250404715537
3,fp16,256,17,False,"[17, 256]",1.0,fused_int4,cuda_graph,original,1,1.8380800485610962,1280,1.4360000379383564,0.0014360000379383564
3,fp16,256,17,False,"[17, 256]",1.0,fused_int4,cuda_graph,original,2,1.8350080251693726,1280,1.4336000196635723,0.0014336000196635724
3,fp16,256,17,False,"[17, 256]",1.0,fused_int4,cuda_graph,original,3,1.8339840173721313,1280,1.4328000135719776,0.0014328000135719777
3,fp16,256,17,False,"[17, 256]",1.0,fused_int4,cuda_graph,original,4,1.8350080251693726,1280,1.4336000196635723,0.0014336000196635724
3,fp16,256,17,False,"[17, 256]",1.0,fused_int4,cuda_graph,original,5,1.8339840173721313,1280,1.4328000135719776,0.0014328000135719777
3,fp16,256,17,False,"[17, 256]",1.0,fused_int4,cuda_graph,contiguous256,1,1.7479679584503174,1280,1.3655999675393105,0.0013655999675393105
3,fp16,256,17,False,"[17, 256]",1.0,fused_int4,cuda_graph,contiguous256,2,1.7479679584503174,1280,1.3655999675393105,0.0013655999675393105
3,fp16,256,17,False,"[17, 256]",1.0,fused_int4,cuda_graph,contiguous256,3,1.7479679584503174,1280,1.3655999675393105,0.0013655999675393105
3,fp16,256,17,False,"[17, 256]",1.0,fused_int4,cuda_graph,contiguous256,4,1.7479679584503174,1280,1.3655999675393105,0.0013655999675393105
3,fp16,256,17,False,"[17, 256]",1.0,fused_int4,cuda_graph,contiguous256,5,1.7479679584503174,1280,1.3655999675393105,0.0013655999675393105
3,fp16,256,17,False,"[17, 256]",1.0,transform,cuda_graph,original,1,1.324031949043274,1280,1.0343999601900578,0.0010343999601900578
3,fp16,256,17,False,"[17, 256]",1.0,transform,cuda_graph,original,2,1.3230079412460327,1280,1.033599954098463,0.001033599954098463
3,fp16,256,17,False,"[17, 256]",1.0,transform,cuda_graph,original,3,1.321984052658081,1280,1.0328000411391258,0.001032800041139126
3,fp16,256,17,False,"[17, 256]",1.0,transform,cuda_graph,original,4,1.321984052658081,1280,1.0328000411391258,0.001032800041139126
3,fp16,256,17,False,"[17, 256]",1.0,transform,cuda_graph,original,5,1.321984052658081,1280,1.0328000411391258,0.001032800041139126
3,fp16,256,17,False,"[17, 256]",1.0,transform,cuda_graph,contiguous256,1,1.415168046951294,1280,1.1056000366806984,0.0011056000366806984
3,fp16,256,17,False,"[17, 256]",1.0,transform,cuda_graph,contiguous256,2,1.3926399946212769,1280,1.0879999957978725,0.0010879999957978726
3,fp16,256,17,False,"[17, 256]",1.0,transform,cuda_graph,contiguous256,3,1.3844480514526367,1280,1.0816000401973724,0.0010816000401973724
3,fp16,256,17,False,"[17, 256]",1.0,transform,cuda_graph,contiguous256,4,1.385472059249878,1280,1.0824000462889671,0.001082400046288967
3,fp16,256,17,False,"[17, 256]",1.0,transform,cuda_graph,contiguous256,5,1.3853759765625,1280,1.0823249816894531,0.0010823249816894532
3,fp16,256,17,False,"[17, 256]",1.0,transform,cuda_graph,dao,1,1.287168025970459,1280,1.005600020289421,0.0010056000202894211
3,fp16,256,17,False,"[17, 256]",1.0,transform,cuda_graph,dao,2,1.2706559896469116,1280,0.9926999919116497,0.0009926999919116497
3,fp16,256,17,False,"[17, 256]",1.0,transform,cuda_graph,dao,3,1.2696000337600708,1280,0.9918750263750553,0.0009918750263750553
3,fp16,256,17,False,"[17, 256]",1.0,transform,cuda_graph,dao,4,1.269760012626648,1280,0.9920000098645687,0.0009920000098645686
3,fp16,256,17,False,"[17, 256]",1.0,transform,cuda_graph,dao,5,1.269760012626648,1280,0.9920000098645687,0.0009920000098645686
3,fp16,256,4096,False,"[4096, 256]",1.0,transform,cuda_graph,original,1,3.312608003616333,1280,2.58797500282526,0.00258797500282526
3,fp16,256,4096,False,"[4096, 256]",1.0,transform,cuda_graph,original,2,3.3208320140838623,1280,2.5944000110030174,0.0025944000110030173
3,fp16,256,4096,False,"[4096, 256]",1.0,transform,cuda_graph,original,3,3.3126399517059326,1280,2.58799996227026,0.0025879999622702597
3,fp16,256,4096,False,"[4096, 256]",1.0,transform,cuda_graph,original,4,3.3126399517059326,1280,2.58799996227026,0.0025879999622702597
3,fp16,256,4096,False,"[4096, 256]",1.0,transform,cuda_graph,original,5,3.3075199127197266,1280,2.5839999318122864,0.002583999931812286
3,fp16,256,4096,False,"[4096, 256]",1.0,transform,cuda_graph,contiguous256,1,3.151871919631958,1280,2.462399937212467,0.002462399937212467
3,fp16,256,4096,False,"[4096, 256]",1.0,transform,cuda_graph,contiguous256,2,3.180543899536133,1280,2.4847999215126038,0.002484799921512604
3,fp16,256,4096,False,"[4096, 256]",1.0,transform,cuda_graph,contiguous256,3,3.147775888442993,1280,2.4591999128460884,0.0024591999128460882
3,fp16,256,4096,False,"[4096, 256]",1.0,transform,cuda_graph,contiguous256,4,3.152895927429199,1280,2.463199943304062,0.0024631999433040617
3,fp16,256,4096,False,"[4096, 256]",1.0,transform,cuda_graph,contiguous256,5,3.1539199352264404,1280,2.4639999493956566,0.0024639999493956564
3,fp16,256,4096,False,"[4096, 256]",1.0,transform,cuda_graph,dao,1,3.989504098892212,1280,3.1168000772595406,0.0031168000772595406
3,fp16,256,4096,False,"[4096, 256]",1.0,transform,cuda_graph,dao,2,4.007936000823975,1280,3.13120000064373,0.00313120000064373
3,fp16,256,4096,False,"[4096, 256]",1.0,transform,cuda_graph,dao,3,3.9874560832977295,1280,3.115200065076351,0.0031152000650763513
3,fp16,256,4096,False,"[4096, 256]",1.0,transform,cuda_graph,dao,4,3.990528106689453,1280,3.1176000833511353,0.0031176000833511353
3,fp16,256,4096,False,"[4096, 256]",1.0,transform,cuda_graph,dao,5,3.9915521144866943,1280,3.11840008944273,0.00311840008944273
3,fp16,256,4096,False,"[4096, 256]",1.0,fused_int4,cuda_graph,original,1,3.9567360877990723,1280,3.091200068593025,0.003091200068593025
3,fp16,256,4096,False,"[4096, 256]",1.0,fused_int4,cuda_graph,original,2,3.9555840492248535,1280,3.090300038456917,0.0030903000384569167
3,fp16,256,4096,False,"[4096, 256]",1.0,fused_int4,cuda_graph,original,3,3.954655885696411,1280,3.089574910700321,0.003089574910700321
3,fp16,256,4096,False,"[4096, 256]",1.0,fused_int4,cuda_graph,original,4,3.9679360389709473,1280,3.0999500304460526,0.0030999500304460526
3,fp16,256,4096,False,"[4096, 256]",1.0,fused_int4,cuda_graph,original,5,3.9731199741363525,1280,3.1039999797940254,0.0031039999797940255
3,fp16,256,4096,False,"[4096, 256]",1.0,fused_int4,cuda_graph,contiguous256,1,3.631103992462158,1280,2.836799994111061,0.002836799994111061
3,fp16,256,4096,False,"[4096, 256]",1.0,fused_int4,cuda_graph,contiguous256,2,3.6248960494995117,1280,2.8319500386714935,0.0028319500386714937
3,fp16,256,4096,False,"[4096, 256]",1.0,fused_int4,cuda_graph,contiguous256,3,3.6280319690704346,1280,2.834399975836277,0.002834399975836277
3,fp16,256,4096,False,"[4096, 256]",1.0,fused_int4,cuda_graph,contiguous256,4,3.6310720443725586,1280,2.8367750346660614,0.0028367750346660614
3,fp16,256,4096,False,"[4096, 256]",1.0,fused_int4,cuda_graph,contiguous256,5,3.649535894393921,1280,2.8511999174952507,0.002851199917495251
3,bf16,256,4096,False,"[4096, 256]",1.0,fused_int4,cuda_graph,original,1,3.9639039039611816,1280,3.096799924969673,0.0030967999249696732
3,bf16,256,4096,False,"[4096, 256]",1.0,fused_int4,cuda_graph,original,2,3.960832118988037,1280,3.094400092959404,0.003094400092959404
3,bf16,256,4096,False,"[4096, 256]",1.0,fused_int4,cuda_graph,original,3,3.9628798961639404,1280,3.0959999188780785,0.0030959999188780785
3,bf16,256,4096,False,"[4096, 256]",1.0,fused_int4,cuda_graph,original,4,3.980288028717041,1280,3.1096000224351883,0.0031096000224351884
3,bf16,256,4096,False,"[4096, 256]",1.0,fused_int4,cuda_graph,original,5,3.984384059906006,1280,3.112800046801567,0.003112800046801567
3,bf16,256,4096,False,"[4096, 256]",1.0,fused_int4,cuda_graph,contiguous256,1,3.56659197807312,1280,2.786399982869625,0.0027863999828696253
3,bf16,256,4096,False,"[4096, 256]",1.0,fused_int4,cuda_graph,contiguous256,2,3.5645439624786377,1280,2.7847999706864357,0.002784799970686436
3,bf16,256,4096,False,"[4096, 256]",1.0,fused_int4,cuda_graph,contiguous256,3,3.5635199546813965,1280,2.783999964594841,0.002783999964594841
3,bf16,256,4096,False,"[4096, 256]",1.0,fused_int4,cuda_graph,contiguous256,4,3.5686399936676025,1280,2.7879999950528145,0.0027879999950528147
3,bf16,256,4096,False,"[4096, 256]",1.0,fused_int4,cuda_graph,contiguous256,5,3.571712017059326,1280,2.7904000133275986,0.0027904000133275987
3,bf16,256,4096,False,"[4096, 256]",1.0,transform,cuda_graph,original,1,3.3372159004211426,1280,2.6071999222040176,0.0026071999222040177
3,bf16,256,4096,False,"[4096, 256]",1.0,transform,cuda_graph,original,2,3.3320960998535156,1280,2.603200078010559,0.002603200078010559
3,bf16,256,4096,False,"[4096, 256]",1.0,transform,cuda_graph,original,3,3.363840103149414,1280,2.6280000805854797,0.00262800008058548
3,bf16,256,4096,False,"[4096, 256]",1.0,transform,cuda_graph,original,4,3.329024076461792,1280,2.600800059735775,0.002600800059735775
3,bf16,256,4096,False,"[4096, 256]",1.0,transform,cuda_graph,original,5,3.339263916015625,1280,2.608799934387207,0.002608799934387207
3,bf16,256,4096,False,"[4096, 256]",1.0,transform,cuda_graph,contiguous256,1,3.066879987716675,1280,2.395999990403652,0.002395999990403652
3,bf16,256,4096,False,"[4096, 256]",1.0,transform,cuda_graph,contiguous256,2,3.0648319721221924,1280,2.394399978220463,0.0023943999782204627
3,bf16,256,4096,False,"[4096, 256]",1.0,transform,cuda_graph,contiguous256,3,3.072000026702881,1280,2.4000000208616257,0.0024000000208616256
3,bf16,256,4096,False,"[4096, 256]",1.0,transform,cuda_graph,contiguous256,4,3.0699520111083984,1280,2.3984000086784363,0.002398400008678436
3,bf16,256,4096,False,"[4096, 256]",1.0,transform,cuda_graph,contiguous256,5,3.066879987716675,1280,2.395999990403652,0.002395999990403652
3,bf16,256,4096,False,"[4096, 256]",1.0,transform,cuda_graph,dao,1,3.9924159049987793,1280,3.1190749257802963,0.0031190749257802965
3,bf16,256,4096,False,"[4096, 256]",1.0,transform,cuda_graph,dao,2,3.9884800910949707,1280,3.116000071167946,0.003116000071167946
3,bf16,256,4096,False,"[4096, 256]",1.0,transform,cuda_graph,dao,3,3.990528106689453,1280,3.1176000833511353,0.0031176000833511353
3,bf16,256,4096,False,"[4096, 256]",1.0,transform,cuda_graph,dao,4,3.9904959201812744,1280,3.1175749376416206,0.0031175749376416207
3,bf16,256,4096,False,"[4096, 256]",1.0,transform,cuda_graph,dao,5,3.9925758838653564,1280,3.1191999092698097,0.0031191999092698096
3,fp16,256,16384,True,"[16384, 256]",0.0625,transform,cuda_graph,original,1,11.329536437988281,1280,8.851200342178345,0.008851200342178345
3,fp16,256,16384,True,"[16384, 256]",0.0625,transform,cuda_graph,original,2,11.314175605773926,1280,8.83919969201088,0.00883919969201088
3,fp16,256,16384,True,"[16384, 256]",0.0625,transform,cuda_graph,original,3,11.321344375610352,1280,8.844800293445587,0.008844800293445587
3,fp16,256,16384,True,"[16384, 256]",0.0625,transform,cuda_graph,original,4,11.316224098205566,1280,8.840800076723099,0.0088408000767231
3,fp16,256,16384,True,"[16384, 256]",0.0625,transform,cuda_graph,original,5,11.313023567199707,1280,8.838299661874771,0.008838299661874771
3,fp16,256,16384,True,"[16384, 256]",0.0625,transform,cuda_graph,contiguous256,1,11.348992347717285,1280,8.866400271654129,0.00886640027165413
3,fp16,256,16384,True,"[16384, 256]",0.0625,transform,cuda_graph,contiguous256,2,11.338751792907715,1280,8.858399838209152,0.008858399838209153
3,fp16,256,16384,True,"[16384, 256]",0.0625,transform,cuda_graph,contiguous256,3,11.359231948852539,1280,8.874399960041046,0.008874399960041046
3,fp16,256,16384,True,"[16384, 256]",0.0625,transform,cuda_graph,contiguous256,4,11.33568000793457,1280,8.856000006198883,0.008856000006198883
3,fp16,256,16384,True,"[16384, 256]",0.0625,transform,cuda_graph,contiguous256,5,11.346943855285645,1280,8.86479988694191,0.00886479988694191
3,fp16,256,16384,True,"[16384, 256]",0.0625,transform,cuda_graph,dao,1,12.307456016540527,1280,9.615200012922287,0.009615200012922287
3,fp16,256,16384,True,"[16384, 256]",0.0625,transform,cuda_graph,dao,2,12.305279731750488,1280,9.613499790430069,0.00961349979043007
3,fp16,256,16384,True,"[16384, 256]",0.0625,transform,cuda_graph,dao,3,12.292032241821289,1280,9.603150188922882,0.009603150188922882
3,fp16,256,16384,True,"[16384, 256]",0.0625,transform,cuda_graph,dao,4,12.284832000732422,1280,9.597525000572205,0.009597525000572205
3,fp16,256,16384,True,"[16384, 256]",0.0625,transform,cuda_graph,dao,5,12.300288200378418,1280,9.609600156545639,0.009609600156545639
3,fp16,256,16384,True,"[16384, 256]",0.0625,fused_int4,cuda_graph,original,1,11.006943702697754,1280,8.59917476773262,0.00859917476773262
3,fp16,256,16384,True,"[16384, 256]",0.0625,fused_int4,cuda_graph,original,2,11.254783630371094,1280,8.792799711227417,0.008792799711227418
3,fp16,256,16384,True,"[16384, 256]",0.0625,fused_int4,cuda_graph,original,3,11.54355239868164,1280,9.018400311470032,0.009018400311470031
3,fp16,256,16384,True,"[16384, 256]",0.0625,fused_int4,cuda_graph,original,4,11.538432121276855,1280,9.014400094747543,0.009014400094747544
3,fp16,256,16384,True,"[16384, 256]",0.0625,fused_int4,cuda_graph,original,5,11.630592346191406,1280,9.086400270462036,0.009086400270462036
3,fp16,256,16384,True,"[16384, 256]",0.0625,fused_int4,cuda_graph,contiguous256,1,9.42796802520752,1280,7.365600019693375,0.0073656000196933745
3,fp16,256,16384,True,"[16384, 256]",0.0625,fused_int4,cuda_graph,contiguous256,2,9.877504348754883,1280,7.716800272464752,0.007716800272464752
3,fp16,256,16384,True,"[16384, 256]",0.0625,fused_int4,cuda_graph,contiguous256,3,9.944064140319824,1280,7.768800109624863,0.007768800109624862
3,fp16,256,16384,True,"[16384, 256]",0.0625,fused_int4,cuda_graph,contiguous256,4,9.962400436401367,1280,7.783125340938568,0.007783125340938568
3,fp16,256,16384,True,"[16384, 256]",0.0625,fused_int4,cuda_graph,contiguous256,5,9.974783897399902,1280,7.792799919843674,0.007792799919843674
