dtype,batch,seq,heads,dim,scale,method,rows,repeats,seed,input_read_only,input_working_set_bytes,logical_io_bytes,run1_count,run1_median_us,run1_mean_us,run1_minimum_us,run1_maximum_us,run1_population_stddev_us,run1_cv_percent,run1_range_over_median_percent,run2_count,run2_median_us,run2_mean_us,run2_minimum_us,run2_maximum_us,run2_population_stddev_us,run2_cv_percent,run2_range_over_median_percent,run3_count,run3_median_us,run3_mean_us,run3_minimum_us,run3_maximum_us,run3_population_stddev_us,run3_cv_percent,run3_range_over_median_percent,across_run_medians_count,across_run_medians_median_us,across_run_medians_mean_us,across_run_medians_minimum_us,across_run_medians_maximum_us,across_run_medians_population_stddev_us,across_run_medians_cv_percent,across_run_medians_range_over_median_percent,comparison_role,run1_baseline_over_candidate,run1_time_reduction_percent,run2_baseline_over_candidate,run2_time_reduction_percent,run3_baseline_over_candidate,run3_time_reduction_percent,minimum_time_reduction_percent,maximum_time_reduction_percent,stable_candidate_every_run_at_least_5_percent,every_run_faster,any_run_slowdown,every_run_slowdown,any_run_regression_over_3_percent,every_run_regression_over_3_percent
bf16,1,1,1,64,1.0,baseline_fused,1,100,2909,true,128,164,5,5.99288463593,5.994331002236,5.99057734013,6.00196182728,0.004014672582897374,0.06697448942008415,0.18996673291097427,5,5.99803805351,5.998669266702,5.99596202374,6.00407719612,0.002850006842760155,0.047510651380302825,0.1352971139496392,5,5.92780828476,6.020415425302,5.92696130276,6.38376951218,0.18170716896624534,3.0181832337114916,7.706190677495822,3,5.99288463593,5.972910324733333,5.92780828476,5.99803805351,0.031961277983476435,0.5351039316818034,1.1718858782787402,baseline,,,,,,,,,,,,,,
bf16,1,1,1,64,1.0,baseline_split,1,100,2909,true,128,420,5,8.49215388298,8.498007774354,8.48999977112,8.52361559868,0.01286667742873481,0.15140816259976775,0.39584571856818823,5,8.51119279861,8.518107771872,8.51034581661,8.54700028896,0.014455031516186854,0.16969768290464013,0.4306619908314816,5,8.31688463688,8.324069142344,8.31280767918,8.35649967194,0.016299199877426094,0.1958080789419819,0.5253408537886142,3,8.49215388298,8.440077106156666,8.31688463688,8.51119279861,0.08745630696507277,1.0362027012914043,2.288090446870426,baseline,,,,,,,,,,,,,,
bf16,1,1,1,64,1.0,baseline_transform,1,100,2909,true,128,256,5,3.50357681513,3.51183074713,3.50184619427,3.54642301798,0.017316093585295282,0.4930788193436328,1.2723232873758445,5,3.51876914501,3.52761542797,3.5176923871,3.5640001297,0.01819933341624452,0.515910358933811,1.3160210486007504,5,3.39426934719,3.402769267558,3.39384615421,3.43653857708,0.01689356182914283,0.49646509947665385,1.2577794660091923,3,3.50357681513,3.472205102443333,3.39426934719,3.51876914501,0.055456819129699464,1.5971642657478795,3.5535055855591517,baseline,,,,,,,,,,,,,,
bf16,1,1,1,64,1.0,optimized_fused,1,100,2909,true,128,164,5,5.28838455677,5.289053916932,5.28750002384,5.29180824757,0.0015096452828414677,0.028542822715582405,0.08146578002699531,5,5.29330790043,5.2925692796720005,5.29007673264,5.29373049736,0.0013482095470300204,0.025473630590123777,0.06902611351407134,5,5.22342264652,5.2239382267,5.22196173668,5.22684633732,0.001819357595192653,0.03482731832267386,0.09351341008665826,3,5.28838455677,5.26837170124,5.22342264652,5.29330790043,0.03184727061423802,0.6044993106075304,1.3214858556482112,candidate_vs_matching_baseline,1.1332164995940253,11.755608892188752,1.1331360590270503,11.749344482194434,1.134851358181648,11.882733118257693,11.749344482194434,11.882733118257693,True,True,False,False,False,False
bf16,1,1,1,64,1.0,optimized_split,1,100,2909,true,128,420,5,7.80023097992,7.801930665968,7.79784619808,7.81199991703,0.0051870393636528535,0.06648404844558162,0.18145256193611534,5,7.81911492348,7.82080757618,7.81630754471,7.82957673073,0.004646526017722795,0.059412355724935854,0.16970189273154798,5,7.62319266796,7.6250923872,7.62130796909,7.63603806496,0.005539459199569828,0.07264776501421467,0.19322738531731104,3,7.80023097992,7.74751285712,7.62319266796,7.81911492348,0.08824504860775663,1.1390113218935678,2.511749408759298,candidate_vs_matching_baseline,1.088705437677577,8.147790449802772,1.0885110248286238,8.131385241831524,1.0909975648176335,8.340766996381365,8.131385241831524,8.340766996381365,True,True,False,False,False,False
bf16,1,1,1,64,1.0,optimized_transform,1,100,2909,true,128,256,5,3.57361525297,3.577623069288,3.57192307711,3.59380781651,0.008222033581947605,0.22981832973208977,0.6123977499203838,5,3.59123080969,3.594215393068,3.58865380287,3.60880762339,0.007409047231785809,0.20613809751288975,0.5611953557989144,5,3.46607685089,3.469207644464,3.46392303705,3.48576933146,0.008332146462544715,0.24017433709512215,0.6302888063312964,3,3.57361525297,3.543640971183333,3.46607685089,3.59123080969,0.05531558868467302,1.5609817454560415,3.5021665719605815,candidate_vs_matching_baseline,0.9804012371556251,-1.9990552950785112,0.9798226099852783,-2.0592901009933717,0.9792827721977481,-2.1155511350166467,-2.1155511350166467,-1.9990552950785112,False,False,True,True,False,False
bf16,1,1,1,128,1.0,baseline_fused,1,100,2909,true,256,324,5,8.33076894283,8.331384539602,8.32696139812,8.33526909351,0.002966808448703463,0.035610028976590616,0.09972303213558976,5,8.33334624767,8.333300113676,8.33161532879,8.3344233036,0.0010708010228051884,0.012849663497032447,0.03369564550115548,5,8.26265335083,8.263292074204,8.26115369797,8.26546132565,0.0015263145446112977,0.018471022576777636,0.052133709319496756,3,8.33076894283,8.30892284711,8.26265335083,8.33334624767,0.03273438904845367,0.3939666988223305,0.8485758916749644,baseline,,,,,,,,,,,,,,
bf16,1,1,1,128,1.0,baseline_split,1,100,2909,true,256,836,5,10.7727694511,10.77580761908,10.7691144943,10.7933461666,0.00890751037831568,0.08266211399824684,0.22493447399939331,5,10.7905769348,10.79516172408,10.7897698879,10.8115386963,0.008277849369658394,0.07668110567712556,0.20173905928786792,5,10.5953466892,10.59831571578,10.5906152725,10.6144237518,0.008486936380218663,0.08007816154771015,0.22470693973864628,3,10.7727694511,10.719564358366666,10.5953466892,10.7905769348,0.08813549651467019,0.8221928948621877,1.8122567876922901,baseline,,,,,,,,,,,,,,
bf16,1,1,1,128,1.0,baseline_transform,1,100,2909,true,256,512,5,3.93838465214,3.9402461648,3.93642306328,3.94907683134,0.004537284304735972,0.11515230559119842,0.32129335191077935,5,3.95269244909,3.954069316388,3.94950002432,3.96319240332,0.004944525763283196,0.1250490410673925,0.34640638441658633,5,3.82800012827,3.829138457774,3.82561534643,3.83803844452,0.004600913644574428,0.12015532202115997,0.3245323321244142,3,3.93838465214,3.9063590765,3.82800012827,3.95269244909,0.05571517949460746,1.4262687685261866,3.16607776622952,baseline,,,,,,,,,,,,,,
bf16,1,1,1,128,1.0,optimized_fused,1,100,2909,true,256,324,5,5.75888514519,5.759223222734,5.75723052025,5.761500597,0.001625651071402936,0.0282269154803,0.07414762827084041,5,5.76449990273,5.764623045922,5.76126873493,5.76726913452,0.0019840330363832064,0.034417394174398756,0.10409228365428037,5,5.69269239902,5.692869067192,5.69184601307,5.69461524487,0.0009813604298068933,0.017238415607737628,0.04864537912633683,3,5.75888514519,5.738692482313334,5.69269239902,5.76449990273,0.03260763839760487,0.5682067561226133,1.2468993893718392,candidate_vs_matching_baseline,1.4465940425618866,30.872105747855727,1.445632125646047,30.826108367431015,1.4514491161075944,31.103337423103216,30.826108367431015,31.103337423103216,True,True,False,False,False,False
bf16,1,1,1,128,1.0,optimized_split,1,100,2909,true,256,836,5,8.53434562683,8.53688454628,8.53176951408,8.54615390301,0.005304949505815465,0.06214151634658255,0.16854706334810102,5,8.55553865433,8.557415366172,8.55430781841,8.5663074255,0.004473759536433314,0.052279331375199654,0.14025542487527623,5,8.35888504982,8.360561609268,8.35565388203,8.37126910686,0.0054975553972453,0.0657558146710031,0.18680990032679762,3,8.53434562683,8.482923110326666,8.35888504982,8.55553865433,0.08813386199165303,1.0389562753947807,2.304261077636315,candidate_vs_matching_baseline,1.262284177621412,20.778536423996684,1.2612387566431993,20.712870998231068,1.2675550179300719,21.107960928354142,20.712870998231068,21.107960928354142,True,True,False,False,False,False
bf16,1,1,1,128,1.0,optimized_transform,1,100,2909,true,256,512,5,4.03453856707,4.035930812362,4.03238475323,4.04380768538,0.004027784718727491,0.09979816072144851,0.2831285898029228,5,4.04953837395,4.05209225416,4.04869228601,4.06265377998,0.005324308425830223,0.1313965253472235,0.34476754337758775,5,3.92765372992,3.928438425064,3.92399996519,3.93796145916,0.005038319745897549,0.1282524810304356,0.3554665184367986,3,4.03453856707,4.003910223646667,3.92765372992,4.04953837395,0.054268088709192655,1.3553772606761039,3.0210305838894556,candidate_vs_matching_baseline,0.9761673080250587,-2.44145565816567,0.9760847000529755,-2.450125480475873,0.9746277018030228,-2.6032810426011244,-2.6032810426011244,-2.44145565816567,False,False,True,True,False,False
bf16,1,1,1,256,1.0,baseline_fused,1,100,2909,true,512,644,5,12.3685777187,12.36981534958,12.3655378819,12.3786532879,0.004619066592570655,0.03734143527637613,0.10603810962170365,5,12.3883080482,12.38734602926,12.3809993267,12.39107728,0.0035544412967995938,0.028694130997904566,0.08135052228915174,5,12.3079621792,12.3095612526,12.3023462296,12.3237681389,0.0075124357490437095,0.061029273057615664,0.17404919667532776,3,12.3685777187,12.354949315366667,12.3079621792,12.3883080482,0.03418737290680378,0.2767099405602796,0.6495966701048069,baseline,,,,,,,,,,,,,,
bf16,1,1,1,256,1.0,baseline_split,1,100,2909,true,512,1668,5,14.6446919441,14.64865374566,14.6322691441,14.6676540375,0.012621673164473608,0.08616268350402553,0.24162265437243,5,14.6708846092,14.67625403404,14.6670007706,14.6971929073,0.010836267540656393,0.07383537730760745,0.2057962931633103,5,14.4778084755,14.4826004505,14.4722318649,14.4992303848,0.009738903606257216,0.06724554502172286,0.18648209047446124,3,14.6446919441,14.5977950096,14.4778084755,14.6708846092,0.08551448298488405,0.5858041089674629,1.318403517376723,baseline,,,,,,,,,,,,,,
bf16,1,1,1,256,1.0,baseline_transform,1,100,2909,true,512,1024,5,4.17557686567,4.174638450146,4.16980773211,4.18138474226,0.004168561928467978,0.09985444196543992,0.27725534752291736,5,4.19380784035,4.19717693329,4.18734610081,4.211807549,0.008419750064291152,0.20060507808259695,0.5832753698118612,5,4.07226920128,4.072661519052,4.07015383244,4.07676935196,0.002197073853976551,0.0539468807731404,0.1624529026205093,3,4.17557686567,4.1472179691,4.07226920128,4.19380784035,0.05351685377989434,1.2904278043410435,2.910702951471066,baseline,,,,,,,,,,,,,,
bf16,1,1,1,256,1.0,optimized_fused,1,100,2909,true,512,644,5,6.36253833771,6.362807631494,6.36061549187,6.36553823948,0.0017391027440696876,0.027332316876305482,0.07737081253913534,5,6.37111485004,6.3710536956779995,6.36900007725,6.37223064899,0.0011418284665884358,0.01792212907204079,0.050706537490520204,5,6.29419207573,6.2951152324679995,6.29338443279,6.29896104336,0.0020235061255920324,0.03214406807290034,0.0885993071533901,3,6.36253833771,6.342615087826666,6.29419207573,6.37111485004,0.034418795411055164,0.5426593752648635,1.208995061830713,candidate_vs_matching_baseline,1.9439690674070953,48.558852259217275,1.9444490234110634,48.57154968013803,1.9554475032083485,48.86081071676551,48.558852259217275,48.86081071676551,True,True,False,False,False,False
bf16,1,1,1,256,1.0,optimized_split,1,100,2909,true,512,1668,5,9.13396179676,9.135515451432,9.13326919079,9.14011597633,0.0025604362629368296,0.028027277459592926,0.07495964721933919,5,9.16261553764,9.164400219918,9.16134655476,9.17338490486,0.004524812249010413,0.04937379577963149,0.13138552033038461,5,8.95715355873,8.958215355874,8.95176947117,8.96615386009,0.0046499375240705515,0.051906962931199646,0.16059107199273515,3,9.13396179676,9.084576964376668,8.95715355873,9.16261553764,0.09085814014734064,1.0001361703866067,2.2494289277943045,candidate_vs_matching_baseline,1.6033231000916566,37.62953955177011,1.601167761424895,37.54558241229575,1.6163403229131141,38.13184105945524,37.54558241229575,38.13184105945524,True,True,False,False,False,False
bf16,1,1,1,256,1.0,optimized_transform,1,100,2909,true,512,1024,5,4.37723070383,4.378338456154,4.37426924706,4.38534617424,0.003726236961179227,0.0851061880778493,0.2530578790445818,5,4.40015375614,4.4012538790699995,4.39649999142,4.40934628248,0.0042925064002746986,0.09752917050951217,0.29195095835171675,5,4.26619231701,4.268569231032,4.26450014114,4.27738457918,0.0046746067259664644,0.10951226214120223,0.30201259302416256,3,4.37723070383,4.34785892566,4.26619231701,4.40015375614,0.05850038636964113,1.345498724082011,3.0604153217875,candidate_vs_matching_baseline,0.953931183480104,-4.829364771558153,0.9531048396883713,-4.920252039320405,0.9545442161721597,-4.76204067425221,-4.920252039320405,-4.76204067425221,False,False,True,True,True,True
bf16,1,17,1,64,1.0,baseline_fused,17,100,2909,true,2176,2788,5,7.86534667015,7.86513853073,7.85399973392,7.87692308426,0.007360717411669844,0.09358662130248152,0.2914474250320994,5,7.8548848629,7.85566163063,7.85165429115,7.86211550236,0.0035198308925963344,0.04480629459487112,0.13318096181664132,5,6.56123101711,6.560830712316,6.5558463335,6.5663844347,0.0039291577978029886,0.059888114327156294,0.1606116469991564,3,7.8548848629,7.4271541833866666,6.56123101711,7.86534667015,0.6123150386163917,8.244275310536041,16.602606859326066,baseline,,,,,,,,,,,,,,
bf16,1,17,1,64,1.0,baseline_split,17,100,2909,true,2176,7140,5,12.2243463993,12.225469350800001,12.2160387039,12.2365772724,0.006606650799376286,0.054040058584286295,0.16801363303297212,5,12.2391152382,12.23862290382,12.2161924839,12.2573459148,0.014242468493815412,0.11637312960570065,0.3362451459853408,5,9.5826536417,9.58470761776,9.5798844099,9.59100008011,0.004810840684283519,0.05019287886642743,0.11599782926128742,3,12.2243463993,11.348705093066666,9.5826536417,12.2391152382,1.2488015124660778,11.003911919686905,21.730909037820755,baseline,,,,,,,,,,,,,,
bf16,1,17,1,64,1.0,baseline_transform,17,100,2909,true,2176,4352,5,5.37492334843,5.374846458434,5.37088513374,5.38073122501,0.003339144829236131,0.06212539939622787,0.18318570576222334,5,5.38326919079,5.385753870012,5.37942290306,5.39438486099,0.005322459325499268,0.09882477836825859,0.2779344186539572,5,4.02919232845,4.028492331504,4.02215391397,4.03326928616,0.003578973589004239,0.0888415142562295,0.27587097571676156,3,5.37492334843,4.929128289223334,4.02919232845,5.38326919079,0.6363599418520631,12.910192320280068,25.19248693538155,baseline,,,,,,,,,,,,,,
bf16,1,17,1,64,1.0,optimized_fused,17,100,2909,true,2176,2788,5,7.15903878212,7.161261558534,7.1494615078,7.173422575,0.008407889102401445,0.11740793201976896,0.3346967090029447,5,7.1644616127,7.163307785986,7.15223073959,7.17642366886,0.008197337957987556,0.11443509343580754,0.33767965519020315,5,5.86415410042,5.960646271704,5.85426926613,6.35657727718,0.1980053506985425,3.3218772205708778,8.565736889725052,3,7.15903878212,6.72921816508,5.86415410042,7.1644616127,0.61169667251421,9.090159621937861,18.163157818443064,candidate_vs_matching_baseline,1.0986595979608371,8.979996911140987,1.0963677785607964,8.789731004982515,1.1188708387864625,10.624178829737929,8.789731004982515,10.624178829737929,True,True,False,False,False,False
bf16,1,17,1,64,1.0,optimized_split,17,100,2909,true,2176,7140,5,11.5306925774,11.53120779992,11.5248847008,11.5358459949,0.0038161452521012803,0.0330940636775946,0.09506188831610364,5,11.535192728,11.53963851926,11.5198075771,11.562885046,0.014939848079995332,0.12946547723362634,0.37344385929015034,5,8.89373064041,8.893069267272,8.89026939869,8.89584600925,0.0020065563343564744,0.022563147480937105,0.06270271481645952,3,11.5306925774,10.65320531527,8.89373064041,11.535192728,1.244137830372003,11.678530484986442,22.908095674731886,candidate_vs_matching_baseline,1.06015716898563,5.674363268532057,1.061023905434309,5.751416638377249,1.077461644516169,7.189271646969209,5.674363268532057,7.189271646969209,True,True,False,False,False,False
bf16,1,17,1,64,1.0,optimized_transform,17,100,2909,true,2176,4352,5,5.44200003147,5.441276788714,5.43234586716,5.4495382309,0.0056651032442052406,0.1041134914503061,0.31591994929401745,5,5.44799983501,5.447269320486,5.44369220734,5.45119285583,0.0029182964998346905,0.05357356738099234,0.13767710567461855,5,4.09969240427,4.102030754088,4.09738451242,4.10723090172,0.004217398845121534,0.10281246284949377,0.24017385523229207,3,5.44200003147,4.99656409025,4.09969240427,5.44799983501,0.6341887811711828,12.692497678728898,24.775954115086503,candidate_vs_matching_baseline,0.9876742589760917,-1.247956085915014,0.9881184570153568,-1.20244115473076,0.9828035694222885,-1.7497322061843734,-1.7497322061843734,-1.20244115473076,False,False,True,True,False,False
bf16,1,17,1,128,1.0,baseline_fused,17,100,2909,true,4352,5508,5,10.2220773697,10.22412347794,10.2153849602,10.2342700958,0.007615100972770282,0.07448169996382523,0.184748509691176,5,10.2636539936,10.25605392456,10.2218461037,10.2668464184,0.017191776901878203,0.16762564850316694,0.438443411362656,5,8.88619184494,8.886853933336,8.88365387917,8.88965427876,0.0024098310307269642,0.027116807014091963,0.06752498364546553,3,10.2220773697,9.790641069413333,8.88619184494,10.2636539936,0.6397673815023396,6.534478967889232,13.475364144112573,baseline,,,,,,,,,,,,,,
bf16,1,17,1,128,1.0,baseline_split,17,100,2909,true,4352,14212,5,14.5225775242,14.52059984206,14.5017695427,14.5409989357,0.012830835514696942,0.08836298537427821,0.27012693121884646,5,14.5367312431,14.832399845120001,14.5126914978,16.0238838196,0.5961556511533336,4.019279802178974,10.395681783807506,5,11.8703460693,11.87109231948,11.8648076057,11.8778848648,0.004881689433733074,0.04112249574306158,0.11016746288317934,3,14.5225775242,13.643218278866668,11.8703460693,14.5367312431,1.2536232782166583,9.188618495963812,18.360275022507633,baseline,,,,,,,,,,,,,,
bf16,1,17,1,128,1.0,baseline_transform,17,100,2909,true,4352,8704,5,5.79553842545,5.797107934954,5.78873097897,5.80950021744,0.007086310416198169,0.12223871792123875,0.3583659868217876,5,5.80111503601,5.962661385536,5.7820379734,6.60880744457,0.3234543192322724,5.424663557398979,14.251906160072487,5,4.49934601784,4.498369276526,4.49526935816,4.5015385747,0.0023187531154520197,0.051546526594694025,0.13933617274915544,3,5.79553842545,5.365333159766666,4.49934601784,5.80111503601,0.6123496126304929,11.41307714537383,22.461571688551487,baseline,,,,,,,,,,,,,,
bf16,1,17,1,128,1.0,optimized_fused,17,100,2909,true,4352,5508,5,7.65665352345,7.655015230182,7.64807701111,7.66003787518,0.00453405529637572,0.05922986643447765,0.15621529736675763,5,7.68023073673,7.677053809166,7.65346169472,7.70976901054,0.019733425012189717,0.25704424513254087,0.7331461482103037,5,6.31073117256,6.309384703636,6.30492329597,6.31219208241,0.0026406100036486407,0.04185210012835164,0.11518136712281186,3,7.65665352345,7.215871810913333,6.31073117256,7.68023073673,0.6401034565576217,8.870770896865503,17.886398541812547,candidate_vs_matching_baseline,1.3350581084011293,25.09689325825647,1.3363731306293984,25.17059965662247,1.4081081259773016,28.982726429055504,25.09689325825647,28.982726429055504,True,True,False,False,False,False
bf16,1,17,1,128,1.0,optimized_split,17,100,2909,true,4352,14212,5,12.2886157036,12.28770017624,12.2809231281,12.2953081131,0.005251073972201438,0.042734392090353325,0.1170594422265736,5,12.3023462296,12.300084352499999,12.2759997845,12.3126530647,0.013308500674376094,0.10819845045754613,0.297937316312965,5,9.63942289352,9.638953924178,9.63407695293,9.64519262314,0.004099055294409939,0.04252593514455981,0.11531468566932672,3,12.2886157036,11.410128275573333,9.63942289352,12.3023462296,1.252090330703164,10.973499161999992,21.669839795705258,candidate_vs_matching_baseline,1.181791169524941,15.382681324147807,1.1816226735778228,15.370615141286137,1.231437421142682,18.794087070045784,15.370615141286137,18.794087070045784,True,True,False,False,False,False
bf16,1,17,1,128,1.0,optimized_transform,17,100,2909,true,4352,8704,5,5.89865326881,5.897230625152,5.88684618473,5.91169238091,0.008927532165513943,0.15138516251064604,0.4212181161991234,5,5.89907705784,6.380707740786,5.8855766058,8.31707715988,0.9682240797398896,15.174242718420135,41.218321616065076,5,4.59961533546,4.598823070526,4.5938462019,4.60157692432,0.0026088596251113315,0.05672885399378798,0.1680732377858006,3,5.89865326881,5.46578188737,4.59961533546,5.89907705784,0.6124722669286228,11.205574601209149,22.02980346804066,candidate_vs_matching_baseline,0.9825189176815604,-1.779210761629857,0.9833936697436751,-1.6886757325429214,0.9782004993228477,-2.228530929215733,-2.228530929215733,-1.6886757325429214,False,False,True,True,False,False
bf16,1,17,1,256,1.0,baseline_fused,17,100,2909,true,8704,10948,5,14.2797684669,14.27684569358,14.2643845081,14.2909228802,0.010015371194803757,0.07015114829816688,0.18584595514637367,5,14.2769992352,14.2757534981,14.2609226704,14.2877304554,0.010205180347172226,0.07148610648489036,0.18776904416935247,5,12.974807024,12.975861310960001,12.9689991474,12.9859614372,0.005656636247707931,0.04359353196022586,0.13073250159809363,3,14.2769992352,13.843858242033333,12.974807024,14.2797684669,0.6145130494057698,4.4388857402480335,9.140306176403037,baseline,,,,,,,,,,,,,,
bf16,1,17,1,256,1.0,baseline_split,17,100,2909,true,8704,28356,5,18.3908843994,18.39752292632,18.3797681332,18.4154999256,0.013723629964903492,0.07459498770494853,0.19429077810507994,5,18.3945000172,18.391630887959998,18.3805775642,18.4041535854,0.008441501004949734,0.0458985995117808,0.12816886122457907,5,15.7592308521,15.76020002364,15.7574999332,15.7658457756,0.0029278646156045175,0.018577585380977247,0.05295843736490835,3,18.3908843994,17.514871756233333,15.7592308521,18.3945000172,1.2414264661731143,7.087842168934554,14.329213907657284,baseline,,,,,,,,,,,,,,
bf16,1,17,1,256,1.0,baseline_transform,17,100,2909,true,8704,17408,5,6.07246160507,6.069184660914,6.05703890324,6.07565402985,0.00690137418004877,0.11371171855247926,0.30654992687740057,5,6.05484604836,6.053738594056,6.04350030422,6.0653847456,0.007182315555101112,0.11864264443385829,0.36143679302841536,5,4.72799986601,4.7296307682980006,4.72434610128,4.73742306232,0.004556531711510995,0.09634011479400754,0.2765854782275215,3,6.05484604836,5.618435839813333,4.72799986601,6.07246160507,0.6296743838640564,11.207289747834455,22.204722107247584,baseline,,,,,,,,,,,,,,
bf16,1,17,1,256,1.0,optimized_fused,17,100,2909,true,8704,10948,5,8.24249982834,8.244030714034,8.23992311954,8.25126886368,0.004123177101130557,0.050014091943053764,0.13764930999440203,5,8.24896097183,8.248430728912,8.23888480663,8.25792312622,0.006134479886082946,0.0743714784993061,0.23079657735094655,5,6.94261550903,6.9418691396700005,6.93815410137,6.94330751896,0.0019185183745754576,0.027636913574355555,0.07422876268024664,3,8.24249982834,7.811358769733333,6.94261550903,8.24896097183,0.6142999139165896,7.864187678804576,15.848898877843123,candidate_vs_matching_baseline,1.7324560223589205,42.27847708143291,1.7307633390381654,42.2220255395675,1.8688644081073127,46.49157019300575,42.2220255395675,46.49157019300575,True,True,False,False,False,False
bf16,1,17,1,256,1.0,optimized_split,17,100,2909,true,8704,28356,5,12.8845775127,12.88413095474,12.8738462925,12.893999815,0.006470805228556397,0.050223063171954366,0.15641585826261137,5,12.8843462467,12.88980031012,12.8792309761,12.9066157341,0.010094939209733709,0.07831726610852148,0.21254285996089314,5,10.2540004253,10.25442314146,10.2505767345,10.2572309971,0.002539326405510786,0.02476323017375742,0.06489430782139623,3,12.8843462467,12.0076413949,10.2540004253,12.8845775127,1.2400114249650318,10.326852578156617,20.41684565931125,candidate_vs_matching_baseline,1.4273564174900244,29.940413778467565,1.42766265862432,29.95544192746562,1.5368861125865358,34.93337002590072,29.940413778467565,34.93337002590072,True,True,False,False,False,False
bf16,1,17,1,256,1.0,optimized_transform,17,100,2909,true,8704,17408,5,6.26803815365,6.2668230533600005,6.25369250774,6.28326892853,0.0099686050690351,0.15906951551297374,0.4718608927544076,5,6.2575763464,6.259876728058,6.24703884125,6.27619206905,0.009566751143733787,0.15282651015879795,0.4658868895266793,5,4.92988467216,4.928661525248,4.91719216108,4.93330776691,0.005924999993432671,0.1202151935790425,0.32689620349554027,3,6.2575763464,5.81849972407,4.92988467216,6.26803815365,0.6283602444529692,10.799351624157776,21.384533043050176,candidate_vs_matching_baseline,0.9687978050251478,-3.2207128064294377,0.9676024251535291,-3.348232084198255,0.959048777085987,-4.269983330612326,-4.269983330612326,-3.2207128064294377,False,False,True,True,True,True
bf16,1,257,1,64,1.0,baseline_fused,257,100,2909,true,32896,42148,5,7.99330770969,7.994146108628,7.98853874207,8.00038456917,0.003988855634152406,0.049897207030620505,0.1481968107600797,5,8.00334632397,7.99620783329,7.98088490963,8.00765395164,0.01174839127200489,0.14692453619193976,0.3344731181984033,5,6.66580796242,6.669992208482,6.66511535645,6.68249964714,0.006605507747487936,0.09903321534750727,0.2607979525964112,3,7.99330770969,7.554153998693333,6.66580796242,8.00334632397,0.6281688751527849,8.315542352743158,16.733227471382722,baseline,,,,,,,,,,,,,,
bf16,1,257,1,64,1.0,baseline_split,257,100,2909,true,32896,107940,5,12.4502301216,12.44773077962,12.4296545982,12.4562311172,0.009703413908719235,0.07795327582603338,0.21346207050334837,5,12.4348068237,12.43954610824,12.4304997921,12.4635004997,0.012135468862098662,0.09755555995777115,0.26538978906454574,5,9.79842364788,9.800569176672,9.78684604168,9.81707692146,0.009737628810596805,0.09935778866573372,0.30852799252602525,3,12.4348068237,11.56115353106,9.79842364788,12.4502301216,1.2464541575528991,10.781399574049393,21.325674868272305,baseline,,,,,,,,,,,,,,
bf16,1,257,1,64,1.0,baseline_transform,257,100,2909,true,32896,65792,5,5.46488463879,5.463292241096,5.45550048351,5.47049939632,0.005395927416132016,0.09876695549146626,0.27445982488884313,5,5.45911490917,5.45819234848,5.4526925087,5.46130776405,0.0029475258812064276,0.054001868989231504,0.15781414191388554,5,4.14238452911,4.145576894282,4.14026916027,4.15199995041,0.00510395201405335,0.12311801576020066,0.28318930938359926,3,5.45911490917,5.02212802569,4.14238452911,5.46488463879,0.622077051645574,12.386722291097023,24.22554080073526,baseline,,,,,,,,,,,,,,
bf16,1,257,1,64,1.0,optimized_fused,257,100,2909,true,32896,42148,5,7.30584621429,7.305392265316,7.2928071022,7.3221540451,0.009702101657116567,0.13280740177607556,0.4016912215124048,5,7.29576945305,7.29364621639,7.2866153717,7.29857742786,0.004229685285853643,0.057991368930794276,0.16395880156271997,5,5.96807718277,5.970307826996,5.96423089504,5.98180770874,0.006573063898376972,0.11009589603831622,0.2945138469513195,3,7.29576945305,6.85656428337,5.96807718277,7.30584621429,0.6282687223519979,9.163025334361832,18.336229511210018,candidate_vs_matching_baseline,1.094097449526839,8.600463292143946,1.096984543641822,8.841012774879042,1.1169104819328355,10.467309943274916,8.600463292143946,10.467309943274916,True,True,False,False,False,False
bf16,1,257,1,64,1.0,optimized_split,257,100,2909,true,32896,107940,5,11.7643082142,11.76546216012,11.75380826,11.7793083191,0.008209103195152683,0.06977289190541203,0.21675782915327665,5,11.7467308044,11.74599242208,11.7338466644,11.7546534538,0.00686965789665193,0.05848512113577066,0.17712834103771466,5,9.11207675934,9.1166151762,9.10392284393,9.13500010967,0.010818203634957321,0.1186646954584583,0.34105579398402075,3,11.7467308044,10.87437192598,9.11207675934,11.7643082142,1.2461515242553363,11.459526423573497,22.57846458749652,candidate_vs_matching_baseline,1.0583053329537955,5.509311078595969,1.0585759587716326,5.533467701231743,1.075322772916337,7.004666395379811,5.509311078595969,7.004666395379811,True,True,False,False,False,False
bf16,1,257,1,64,1.0,optimized_transform,257,100,2909,true,32896,65792,5,5.54161548615,5.542330861094,5.53738474846,5.54826974869,0.004130995588007704,0.07453534788055377,0.19642287086147747,5,5.53499996662,5.535707592964,5.52788436413,5.54507672787,0.005729370240982718,0.1034984262583679,0.31061181289397966,5,4.23000007868,4.228584647178,4.22119230032,4.2336538434,0.004585872738168462,0.10844935411731446,0.29459912170707103,3,5.53499996662,5.10220517715,4.23000007868,5.54161548615,0.6167480531640454,12.08787243457249,23.696755472086313,candidate_vs_matching_baseline,0.9861537041767384,-1.4040707614459302,0.9862899624376439,-1.390061552332078,0.9792871045058371,-2.115099381872798,-2.115099381872798,-1.390061552332078,False,False,True,True,False,False
bf16,1,257,1,128,1.0,baseline_fused,257,100,2909,true,65792,83268,5,10.9424996376,10.939338445659999,10.9168076515,10.9624230862,0.01579595636810257,0.14439590151239312,0.41686484999514184,5,10.9302699566,10.93204641342,10.9225773811,10.9423077106,0.008097220220769237,0.07406865937588064,0.1805109075836323,5,9.69026982784,9.693223237989999,9.67842340469,9.70865368843,0.010934273929838385,0.11280328185349553,0.3119653454143121,3,10.9302699566,10.52101314068,9.69026982784,10.9424996376,0.5874454471952403,5.583544468011873,11.456531400707703,baseline,,,,,,,,,,,,,,
bf16,1,257,1,128,1.0,baseline_split,257,100,2909,true,65792,214852,5,15.3441536427,15.34156942368,15.3314614296,15.3512310982,0.007177892549409871,0.046787211602553905,0.12884170127823144,5,15.3332304955,15.33706951142,15.3244233131,15.3516161442,0.009622167108934538,0.06273797678083066,0.1773457400772752,5,13.0388450623,13.03490757944,13.0035007,13.0626535416,0.019479974509865872,0.1494446691788724,0.4536662665854643,3,15.3332304955,14.572076400166667,13.0388450623,15.3441536427,1.0841674471988465,7.440034058471218,15.034722011624115,baseline,,,,,,,,,,,,,,
bf16,1,257,1,128,1.0,baseline_transform,257,100,2909,true,65792,131584,5,6.00642323494,6.010461568834,6.00000023842,6.02849960327,0.010168931752572968,0.16918720194971135,0.47448146318121937,5,6.0079228878,6.008730888366,6.00000023842,6.019500494,0.006904787792566375,0.11491258172229522,0.3245756635724788,5,4.69096153975,4.69110763073,4.68988448381,4.69242304564,0.0009005257152534827,0.01919644114226705,0.05411602309012058,3,6.00642323494,5.568435887496666,4.69096153975,6.0079228878,0.6204683636602024,11.142596883505448,21.925883284233066,baseline,,,,,,,,,,,,,,
bf16,1,257,1,128,1.0,optimized_fused,257,100,2909,true,65792,83268,5,7.78523087502,7.7826846838,7.77580797672,7.78842329979,0.004720006796133815,0.06064753986447268,0.1620417335403307,5,7.78715372086,7.78638458252,7.77192294598,7.80303895473,0.010494890256131508,0.1347851515026878,0.3995812830385909,5,6.47550046444,6.476000189782,6.47503852844,6.47761523724,0.000964422648519485,0.014892257879194876,0.03979165493308656,3,7.78523087502,7.349295020106666,6.47550046444,7.78715372086,0.6178665543457109,8.407154055665373,16.847968640578443,candidate_vs_matching_baseline,1.4055459386195646,28.85326814845093,1.4036283793037643,28.756071425684226,1.4964511053707434,33.17523062323834,28.756071425684226,33.17523062323834,True,True,False,False,False,False
bf16,1,257,1,128,1.0,optimized_split,257,100,2909,true,65792,214852,5,12.5503075123,12.55016183852,12.5416922569,12.5573468208,0.005094202553896503,0.04059073197176592,0.12473450459008865,5,12.5472688675,12.552169322960001,12.5337696075,12.5785768032,0.017661421027474464,0.1407041330709967,0.3571071615119408,5,9.91350054741,9.918099999428,9.91115391254,9.92811560631,0.0068340692277825445,0.06890502443186378,0.17109691666311863,3,12.5472688675,11.670358975736667,9.91350054741,12.5503075123,1.2422871276339158,10.644806472677496,21.01498734692671,candidate_vs_matching_baseline,1.222611766895901,18.207886830755083,1.2220372941251154,18.16943682427278,1.3152614457368972,23.969488861605516,18.16943682427278,23.969488861605516,True,True,False,False,False,False
bf16,1,257,1,128,1.0,optimized_transform,257,100,2909,true,65792,131584,5,6.05892300606,6.061507701876,6.05123102665,6.07523083687,0.008406097167804718,0.13867997173711552,0.396106869092019,5,6.06515407562,6.069223046304,6.0615003109,6.08573019505,0.00886967605876849,0.1461418700729724,0.3994932997233631,5,4.73811537027,4.738623023034,4.73526924849,4.74253833294,0.0030334492710081713,0.06401541663607467,0.15341721089382476,3,6.05892300606,5.620730817316667,4.73811537027,6.06515407562,0.6241085520329539,11.103690468687184,21.902220972650174,candidate_vs_matching_baseline,0.9913351314965563,-0.8740604693755705,0.9905639350449397,-0.9525952461243437,0.990047977553296,-1.005206078123444,-1.005206078123444,-0.8740604693755705,False,False,True,True,False,False
bf16,1,257,1,256,1.0,baseline_fused,257,100,2909,true,131584,165508,5,20.026268959,20.02079224584,19.9887692928,20.0363469124,0.01668156974291631,0.08332122694286723,0.23757605421860947,5,19.9339222908,19.94490766526,19.905654192,19.9896538258,0.03712450544151476,0.18613525850600024,0.4213903945977015,5,19.7316539288,19.72791504862,19.6992683411,19.7511148453,0.021628475867411054,0.10963386558643966,0.26275802518674013,3,19.9339222908,19.8972817262,19.7316539288,20.026268959,0.12303496043968362,0.6183505974973244,1.4779581554603098,baseline,,,,,,,,,,,,,,
bf16,1,257,1,256,1.0,baseline_split,257,100,2909,true,131584,428676,5,24.6438837051,24.64528417586,24.6300005913,24.6640753746,0.011074950334809649,0.04493740163750085,0.13826872301360424,5,24.6282672882,24.62468481064,24.5862698555,24.6638846397,0.025778847005100358,0.10468701306569277,0.3151451269054099,5,23.1696534157,23.1659231186,23.1373071671,23.1876540184,0.018762056734162636,0.08098989467464181,0.21729652315767126,3,24.6282672882,24.147268136333334,23.1696534157,24.6438837051,0.6913073964686717,2.8628803579999667,5.985927764014227,baseline,,,,,,,,,,,,,,
bf16,1,257,1,256,1.0,baseline_transform,257,100,2909,true,131584,263168,5,6.63688480854,6.6408461332319995,6.63257718086,6.65419220924,0.007838482479241482,0.11803439384051218,0.32568033050967377,5,6.6520768404,6.652807593346,6.64757668972,6.66042327881,0.00422343080717056,0.06348343534532319,0.1931214776711313,5,5.32950043678,5.327669382094,5.31984627247,5.33530771732,0.0065552097022212995,0.12304085017461847,0.2901105841608906,3,6.63688480854,6.206154028573334,5.32950043678,6.6520768404,0.6199187255660337,9.98877441184843,19.927668503725986,baseline,,,,,,,,,,,,,,
bf16,1,257,1,256,1.0,optimized_fused,257,100,2909,true,131584,165508,5,8.79042327404,8.792946219444,8.77884626389,8.80373060703,0.009337865184039264,0.10619722844875674,0.28308469756500676,5,8.78546178341,8.784892320632,8.77776920795,8.78869235516,0.003798370060477756,0.043237525536391486,0.12433207814559438,5,7.46403813362,7.465469121932,7.45823085308,7.47449994087,0.005936599728839605,0.07952078606017009,0.21796630053000665,3,8.78546178341,8.34664106369,7.46403813362,8.79042327404,0.6240978038862338,7.477233046491206,15.097500542597267,candidate_vs_matching_baseline,2.278191656383812,56.10553672260804,2.268966934491954,55.9270792007416,2.6435628510421747,62.17226310296466,55.9270792007416,62.17226310296466,True,True,False,False,False,False
bf16,1,257,1,256,1.0,optimized_split,257,100,2909,true,131584,428676,5,13.6909234524,13.6868081093,13.6711931229,13.6975765228,0.009253600497831197,0.06760963128827314,0.19270723404253126,5,13.6787307262,13.68273854254,13.6744236946,13.6979997158,0.00882027118291141,0.0644627620084163,0.17235532793143699,5,11.0442698002,11.048231124880001,11.0406529903,11.0575771332,0.0067415638956554854,0.061019395950849174,0.15323912948680574,3,13.6787307262,12.804641326266667,11.0442698002,13.6909234524,1.2447805959238385,9.721323418644854,19.34867865430413,candidate_vs_matching_baseline,1.8000161779284478,44.444943758736,1.8004789904247074,44.45922416655835,2.0978891166965536,52.33303838409474,44.444943758736,52.33303838409474,True,True,False,False,False,False
bf16,1,257,1,256,1.0,optimized_transform,257,100,2909,true,131584,263168,5,6.69684588909,6.69656920433,6.6919618845,6.69965386391,0.002555906977607084,0.03816740930496821,0.11485973452862128,5,6.70392334461,6.703115344046,6.68788433075,6.7133462429,0.009718597544639091,0.14498627945096565,0.37980613502198657,5,5.37234604359,5.373269200326,5.36849975586,5.37838459015,0.0033175113072439204,0.061741021779490306,0.18399474288878642,3,6.69684588909,6.25770509243,5.37234604359,6.70392334461,0.6260500547700164,10.004467221175933,19.88364855743964,candidate_vs_matching_baseline,0.9910463699563874,-0.9034521809516027,0.9922662444743369,-0.7794032668883233,0.9920247864783168,-0.8039328886121133,-0.9034521809516027,-0.7794032668883233,False,False,True,True,False,False
bf16,4,64,16,64,1.0,baseline_fused,4096,100,2909,true,524288,671744,5,27.3128461838,27.31002283096,27.2924995422,27.3338460922,0.014815662180207776,0.054249907705723355,0.1513813306813988,5,27.2751522064,27.27489233016,27.2653079033,27.2856545448,0.006679619418707325,0.024489993719686083,0.07459771936754686,5,26.0579991341,26.05897617342,26.0196518898,26.0821938515,0.02200447712806891,0.0844410654571815,0.2400106062562535,3,27.2751522064,26.88199917476667,26.0579991341,27.3128461838,0.5828591935433803,2.1682137171200155,4.600696781466743,baseline,,,,,,,,,,,,,,
bf16,4,64,16,64,1.0,baseline_split,4096,100,2909,true,524288,1720320,5,38.5315775871,38.53878498078,38.5283851624,38.5650396347,0.013504211254204626,0.035040573440339194,0.09512839752575293,5,38.5056138039,38.50829982758,38.4861540794,38.5519242287,0.02352636265245825,0.06109426476317308,0.17080665077812374,5,37.3212695122,37.31014633178,37.254652977,37.3320007324,0.028129955677601123,0.07539492187314371,0.2072484575443337,3,38.5056138039,38.11948696773333,37.3212695122,38.5315775871,0.5645244956291967,1.4809341377208063,3.143199017846642,baseline,,,,,,,,,,,,,,
bf16,4,64,16,64,1.0,baseline_transform,4096,100,2909,true,524288,1048576,5,16.1631155014,16.16308498384,16.1524236202,16.1721158028,0.007365920026002689,0.045572488379336015,0.12183407708924913,5,16.1659228802,16.16631531716,16.1607694626,16.1731922626,0.003992822722419571,0.024698409279332343,0.07684559732259356,5,16.168692112,16.169661283499998,16.1618840694,16.1779224873,0.00528990017258635,0.032714972069231414,0.09919428107667246,3,16.1659228802,16.165910164533333,16.1631155014,16.168692112,0.0022766594990816765,0.014083088894533625,0.03449608563225805,baseline,,,,,,,,,,,,,,
bf16,4,64,16,64,1.0,optimized_fused,4096,100,2909,true,524288,671744,5,21.6467308998,21.651346683499998,21.6042685509,21.6990017891,0.030407447424014074,0.14044136777499805,0.43763300166897334,5,21.5879607201,21.59283065798,21.5569615364,21.6345000267,0.026521300955863896,0.12282456791306562,0.3591746867864465,5,20.5489230156,20.55471563342,20.5414628983,20.5783081055,0.014022305121601597,0.06821940702892855,0.1793048091718841,3,21.5879607201,21.2612048785,20.5489230156,21.6467308998,0.5042304847770274,2.3715988235780614,5.085278310599577,candidate_vs_matching_baseline,1.2617538560546502,20.745239239697867,1.2634427382946274,20.85118148292322,1.2680956132989407,21.141592990885925,20.745239239697867,21.141592990885925,True,True,False,False,False,False
bf16,4,64,16,64,1.0,optimized_split,4096,100,2909,true,524288,1720320,5,34.5456552505,34.53861522674,34.5134997368,34.5670771599,0.019846125469881182,0.05746068665345967,0.15509163948837373,5,34.4470763206,34.45015382766,34.4172692299,34.4856142998,0.02385187369375914,0.06923589895441479,0.19840601061148996,5,33.55946064,33.56577682498,33.5536932945,33.5948467255,0.014939902450611064,0.044509330227961934,0.12262840407794441,3,34.4470763206,34.18406407036667,33.55946064,34.5456552505,0.443491101206787,1.2973621284288388,2.8629268891253834,candidate_vs_matching_baseline,1.1153812920234685,10.344560451982254,1.1178195050728563,10.540118913489271,1.1120938418097295,10.079530844925566,10.079530844925566,10.540118913489271,True,True,False,False,False,False
bf16,4,64,16,64,1.0,optimized_transform,4096,100,2909,true,524288,1048576,5,16.2610769272,16.261030673980002,16.2584996223,16.2655770779,0.002510910517967765,0.015441275330631927,0.04352390454633762,5,16.263422966,16.26271510124,16.2557303905,16.2677299976,0.0038938947988191065,0.02394369436209458,0.07378278930018511,5,16.2597692013,16.2624692917,16.2593460083,16.2679231167,0.003707947423294886,0.02280064212134955,0.052750492911763196,3,16.2610769272,16.2614230315,16.2597692013,16.263422966,0.0015115864206415037,0.009295535930117615,0.02246938942825694,candidate_vs_matching_baseline,0.9939757110652284,-0.60608009508758,0.994004946805858,-0.6031210622649885,0.9943986234876742,-0.5632928666654768,-0.60608009508758,-0.5632928666654768,False,False,True,True,False,False
bf16,4,64,16,128,1.0,baseline_fused,4096,100,2909,true,1048576,1327104,5,48.7558078766,48.76486968992,48.7317705154,48.8397693634,0.03873663408865716,0.07943553286406968,0.22150970869633446,5,48.817691803,48.73888492584,48.3681154251,48.9106893539,0.19035121416276776,0.3905530757472231,1.1114288872761762,5,47.6346540451,47.63476085662,47.5332689285,47.7036142349,0.05731634107482901,0.12032461178371491,0.3576079428197807,3,48.7558078766,48.402717908233335,47.6346540451,48.817691803,0.543690462472381,1.1232643247496208,2.4264550407907266,baseline,,,,,,,,,,,,,,
bf16,4,64,16,128,1.0,baseline_split,4096,100,2909,true,1048576,3424256,5,58.2229232788,58.183115005480005,58.069691658,58.2388067245,0.06473779973979732,0.11126561328608817,0.290461311415423,5,58.422460556,58.47445201872,58.3840370178,58.7258815765,0.12656783100922822,0.2164497941232674,0.5851252334234255,5,56.1835765839,56.17298507692,56.102809906,56.2163448334,0.03984578278506919,0.07093406684815969,0.20207849749554413,3,58.2229232788,57.6096534729,56.1835765839,58.422460556,1.0116736137882407,1.7560834908756036,3.8453651002357274,baseline,,,,,,,,,,,,,,
bf16,4,64,16,128,1.0,baseline_transform,4096,100,2909,true,1048576,2097152,5,17.8247308731,17.815846204739998,17.75826931,17.8519237041,0.03130738665357751,0.1757277554700041,0.5254182784960707,5,17.9644238949,17.9785311222,17.9340004921,18.0488467216,0.038368371733128195,0.2134121607173497,0.6392981493417312,5,16.8239998817,16.8190767765,16.7862689495,16.8385767937,0.01746026102977113,0.10381224404758653,0.31091205758327567,3,17.8247308731,17.537718216566667,16.8239998817,17.9644238949,0.5078870814321748,2.895970132262754,6.397987275763356,baseline,,,,,,,,,,,,,,
bf16,4,64,16,128,1.0,optimized_fused,4096,100,2909,true,1048576,1327104,5,25.0615787506,25.06880760192,25.0561928749,25.0913453102,0.013335082634501765,0.053193924682243134,0.14026424931095274,5,25.0576925278,25.10493898392,25.027077198,25.2499222755,0.08654545644470828,0.34473478107292604,0.8893280067698468,5,23.4522676468,23.45001459124,23.4181928635,23.4696531296,0.01739388687151382,0.07417431150772713,0.21942554500491052,3,25.0576925278,24.5238463084,23.4522676468,25.0615787506,0.7577221991729549,3.089736371873351,6.422423381620498,candidate_vs_matching_baseline,1.9454404034874595,48.59775718611746,1.9482117816251323,48.67087811337256,2.031132117477758,50.76637352168941,48.59775718611746,50.76637352168941,True,True,False,False,False,False
bf16,4,64,16,128,1.0,optimized_split,4096,100,2909,true,1048576,3424256,5,35.7621526718,35.75129985808,35.6986927986,35.7870006561,0.029327975489246292,0.08203331237092908,0.24693104553975306,5,35.8516931534,35.8425307274,35.8081912994,35.8756923676,0.025920534254391878,0.07231781274466982,0.1882786062883634,5,34.8103094101,34.81204652786,34.7953081131,34.8270010948,0.010541733214874574,0.030281854318556223,0.09104481470310899,3,35.7621526718,35.474718411766666,34.8103094101,35.8516931534,0.47122808743612693,1.328349056830919,2.911971639003651,candidate_vs_matching_baseline,1.6280598042609242,38.577194929644435,1.6295593155398713,38.63371584797446,1.6139924503974297,38.04184153688204,38.04184153688204,38.63371584797446,True,True,False,False,False,False
bf16,4,64,16,128,1.0,optimized_transform,4096,100,2909,true,1048576,2097152,5,16.8914997578,16.8916230202,16.888961792,16.8949234486,0.002376702207860485,0.014070301030388163,0.035293826394825215,5,16.8938839436,16.89794611932,16.8929994106,16.9148850441,0.008483869260889591,0.05020651149543963,0.12954767283274396,5,16.8841922283,16.88272309302,16.875654459,16.888961792,0.005336764614695786,0.031610804639106,0.07881533697357139,3,16.8914997578,16.88985864323333,16.8841922283,16.8938839436,0.004123289878219468,0.02441281460855448,0.05737628652850543,candidate_vs_matching_baseline,1.0552485645846255,5.235597226931354,1.0633684921048343,5.959222280453547,0.9964349880772436,-0.35777667037120153,-0.35777667037120153,5.959222280453547,False,False,True,False,False,False
bf16,4,64,16,256,1.0,baseline_fused,4096,100,2909,true,2097152,2637824,5,122.734689713,122.710952759,122.558765411,122.82491684,0.09250998029175209,0.07538852743930564,0.21685102200719836,5,122.677955627,122.6985378266,122.526426315,122.856845856,0.11676413784980155,0.09516343056574557,0.26933896910105537,5,121.449232101,121.5758018492,121.398658752,121.981887817,0.21712960170931164,0.17859606797299557,0.48022458018916975,3,122.677955627,122.28729248033333,121.449232101,122.734689713,0.593050637908099,0.4849650571857051,1.0478309696555403,baseline,,,,,,,,,,,,,,
bf16,4,64,16,256,1.0,baseline_split,4096,100,2909,true,2097152,6832128,5,131.996383667,131.901916504,131.534156799,132.150230408,0.2260756546343116,0.1713967928793936,0.466735217954334,5,131.82557106,131.8616199492,131.589231491,132.20911026,0.23080518468280403,0.17503590868345337,0.4702265000755128,5,129.851341248,129.7477684022,129.284763336,130.044231415,0.2606366992737908,0.20087952377404547,0.5848750360995697,3,131.82557106,131.22443199166668,129.851341248,131.996383667,0.9734227856503131,0.7417999612390243,1.6271823453916108,baseline,,,,,,,,,,,,,,
bf16,4,64,16,256,1.0,baseline_transform,4096,100,2909,true,2097152,4194304,5,29.3196153641,29.2613916397,29.0341925621,29.345998764,0.1159214208717917,0.3961582630763086,1.0634730300104422,5,29.2573070526,29.23213052748,29.0862703323,29.3033456802,0.07575365549688196,0.2591451739231558,0.7419525915687755,5,28.2389616966,28.20675420758,28.05727005,28.2567691803,0.07505071081078886,0.2660735448626006,0.7064676543118836,3,29.2573070526,28.938628037766666,28.2389616966,29.3196153641,0.4953923180279496,1.711872164020466,3.6936197359420477,baseline,,,,,,,,,,,,,,
bf16,4,64,16,256,1.0,optimized_fused,4096,100,2909,true,2097152,2637824,5,39.5333456993,39.505761623379996,39.3827295303,39.550921917,0.062458927388723474,0.15810080560947726,0.4254443526720724,5,39.5446920395,39.52048397064,39.3565750122,39.5856142044,0.08362373670686019,0.211595932805339,0.5791907342993723,5,38.2232308388,38.175592422499996,38.004424572,38.2259988785,0.08617446190959555,0.2257318261256527,0.579684923638336,3,39.5333456993,39.1004228592,38.2232308388,39.5446920395,0.6202857219857417,1.5863913396010592,3.3426495464141768,candidate_vs_matching_baseline,3.104586458392597,67.78959087137966,3.10226099382594,67.7654458477162,3.177366994778426,68.52740015102552,67.7654458477162,68.52740015102552,True,True,False,False,False,False
bf16,4,64,16,256,1.0,optimized_split,4096,100,2909,true,2097152,6832128,5,51.0914993286,51.02206993104,50.719499588,51.1660766602,0.16093741925365357,0.315427068073036,0.8740731395017317,5,51.005153656,50.95487689972,50.7304239273,51.087231636,0.12245329492334821,0.24031712443214853,0.6995522670247328,5,48.7120771408,48.65326976776,48.4508466721,48.83207798,0.16763907211711757,0.34455869650142873,0.7826217444968947,3,51.005153656,50.269576708466666,48.7120771408,51.0914993286,1.1018825016777964,2.191947045959931,4.665062287328487,candidate_vs_matching_baseline,2.58352926419427,61.293258262670705,2.5845539442756422,61.30860405468286,2.6656909101344772,62.48627340108413,61.293258262670705,62.48627340108413,True,True,False,False,False,False
bf16,4,64,16,256,1.0,optimized_transform,4096,100,2909,true,2097152,4194304,5,29.0178847313,28.95329236984,28.8019227982,29.0367698669,0.09526006921249543,0.3290129080854574,0.8093183596069707,5,28.9703464508,28.91575431824,28.7865018845,29.0009999275,0.08642229220759819,0.2988761463956801,0.7404055155649536,5,27.7165389061,27.69008493422,27.567615509,27.7780771255,0.08279152585403177,0.29899339800043817,0.7593358507460766,3,28.9703464508,28.568256696066666,27.7165389061,29.0178847313,0.6025680417111987,2.1092223026481047,4.491992622214796,candidate_vs_matching_baseline,1.0103980919213778,1.0291084281052632,1.0099053217153389,0.9808168649428017,1.0188487744544836,1.8500070792719758,0.9808168649428017,1.8500070792719758,False,True,False,False,False,False
bf16,16,64,16,64,1.0,baseline_fused,16384,100,2909,true,2097152,2686976,5,88.9272689819,88.89915466308,88.7603473663,88.9583492279,0.07124122302135456,0.08013712086616859,0.2226559567912807,5,88.7818050385,88.79674339294,88.6705684662,88.8878440857,0.07714954096887981,0.0868833000186511,0.24472989640814297,5,87.715921402,87.68246269228,87.5389671326,87.732000351,0.07260571253277118,0.08280528432188271,0.2200663406536229,3,88.7818050385,88.47499847413333,87.715921402,88.9272689819,0.5400237283590716,0.6103687343006327,1.3644097226618621,baseline,,,,,,,,,,,,,,
bf16,16,64,16,64,1.0,baseline_split,16384,100,2909,true,2097152,6881280,5,127.537918091,127.5161190034,127.38899231,127.564954758,0.0652862974785429,0.051198466506655646,0.13796873167902998,5,127.487354279,127.449687958,127.261734009,127.547121048,0.09798582806993134,0.07688196781009128,0.2238551741966845,5,126.350765228,126.2396526336,125.98608017,126.368770599,0.15270435058785317,0.12096385517715637,0.30287939159643573,3,127.487354279,127.125345866,126.350765228,127.537918091,0.5481000810949014,0.4311493332514836,0.9311926423713892,baseline,,,,,,,,,,,,,,
bf16,16,64,16,64,1.0,baseline_transform,16384,100,2909,true,2097152,4194304,5,57.1231889725,57.12315177918,57.1144199371,57.1308851242,0.005240563514656121,0.00917414979991734,0.02882399844294882,5,57.1136140823,57.11639881132,57.1096897125,57.1251535416,0.006126997171210466,0.010727211971907699,0.02707555693764465,5,57.1245002747,57.12411594392,57.1191120148,57.1307325363,0.0038674210930876563,0.00677020734445044,0.020342447538479403,3,57.1231889725,57.120434443166666,57.1136140823,57.1245002747,0.004852344459370409,0.008494936193453437,0.01905739612197539,baseline,,,,,,,,,,,,,,
bf16,16,64,16,64,1.0,optimized_fused,16384,100,2909,true,2097152,2686976,5,67.1535015106,67.15465545652,67.1128082275,67.187962532,0.02469095864991323,0.03676730746671711,0.11191420076306889,5,67.1136140823,67.11650753022,67.079539299,67.1449184418,0.022430932324638483,0.03342088727506968,0.09741561931059863,5,66.057844162,66.04489803314,65.9965372086,66.0627698898,0.024908565390297885,0.0377145943624582,0.10026467263685303,3,67.1136140823,66.77498658496667,66.057844162,67.1535015106,0.507357660070274,0.7598019648041346,1.632541122366646,candidate_vs_matching_baseline,1.3242387512416323,24.48491640481142,1.3228583537406993,24.406116711418115,1.3278653355214838,24.691158564864814,24.406116711418115,24.691158564864814,True,True,False,False,False,False
bf16,16,64,16,64,1.0,optimized_split,16384,100,2909,true,2097152,6881280,5,116.648769379,116.6294021606,116.544847488,116.689920425,0.052837398432747505,0.045303669103945,0.12436731032167403,5,116.578073502,116.5461769104,116.418619156,116.593494415,0.06466596347741974,0.055485272182831474,0.15000698994823364,5,115.658998489,115.6269474028,115.522727966,115.66865921,0.054813370489274704,0.047405359840838754,0.12617370538088774,3,116.578073502,116.29528045666666,115.658998489,116.648769379,0.45084404808427464,0.3876718352747477,0.8490197686986328,candidate_vs_matching_baseline,1.0933498807571675,8.537969628946307,1.0935791821676728,8.55714736469122,1.0924421521773497,8.461972287786867,8.461972287786867,8.55714736469122,True,True,False,False,False,False
bf16,16,64,16,64,1.0,optimized_transform,16384,100,2909,true,2097152,4194304,5,57.2183465958,57.22032451632,57.217502594,57.2258472443,0.0032539423576832052,0.005686689799802058,0.014583871776205301,5,57.2131919861,57.21580696106,57.2104215622,57.2221946716,0.004502321179021304,0.007869016305381307,0.020577613293912743,5,57.2192287445,57.21952342988,57.2166538239,57.2232723236,0.002315968956121922,0.004047515283765059,0.011566915257718649,3,57.2183465958,57.21692244213333,57.2131919861,57.2192287445,0.002662301416031349,0.004652996530395152,0.010550389445268633,candidate_vs_matching_baseline,0.9983369386051609,-0.16658317753550644,0.9982595289592618,-0.1743505561677683,0.9983444644068344,-0.16582809362790663,-0.1743505561677683,-0.16582809362790663,False,False,True,True,False,False
bf16,16,64,16,128,1.0,baseline_fused,16384,100,2909,true,4194304,5308416,5,160.90303421,160.9094085694,160.849723816,160.959415436,0.04253835680463727,0.02643621475141433,0.06817249938049298,5,160.894737244,160.922214508,160.861701965,161.021118164,0.0555566747766042,0.034523931295913336,0.09908105245122718,5,159.844036102,159.8427467344,159.80638504,159.874925613,0.024453047972294504,0.015298190547817909,0.042879656114439814,3,160.894737244,160.54726918533333,159.844036102,160.90303421,0.4972724183195655,0.309735830975438,0.6581931305770468,baseline,,,,,,,,,,,,,,
bf16,16,64,16,128,1.0,baseline_split,16384,100,2909,true,4194304,13697024,5,187.366695404,187.3349151612,187.066726685,187.44966507,0.13929459710739453,0.07435591864310655,0.20437911026520766,5,187.371006012,187.3848304748,187.238540649,187.555503845,0.10139919370900931,0.05411280809235288,0.16916341687342906,5,185.277862549,185.1959152222,184.99584198,185.32995224,0.13818061506804347,0.07461320888328067,0.18032929320503988,3,187.366695404,186.671854655,185.277862549,187.371006012,0.9857028419789594,0.5280404181983935,1.1171374178782323,baseline,,,,,,,,,,,,,,
bf16,16,64,16,128,1.0,baseline_transform,16384,100,2909,true,4194304,8388608,5,58.9705753326,58.9442462921,58.7671947479,59.0408468246,0.0928227650020875,0.157475531270858,0.4640485108998474,5,58.9410018921,58.93546962738,58.82999897,58.9988470078,0.0570682801720706,0.09683180694560554,0.28646957530363054,5,57.9203462601,57.8954000473,57.7963066101,57.9218482971,0.04956771058854704,0.08561597389093206,0.2167488544288705,3,58.9410018921,58.6106411616,57.9203462601,58.9705753326,0.48826149781541156,0.8330594720320282,1.7818310493306475,baseline,,,,,,,,,,,,,,
bf16,16,64,16,128,1.0,optimized_fused,16384,100,2909,true,4194304,5308416,5,80.4449653625,80.47315025329999,80.2827739716,80.698928833,0.16268322546703198,0.2021583906619348,0.5173162292068015,5,80.3483486176,80.37149429322,80.2660751343,80.4595375061,0.07451445446898504,0.09271254083833919,0.24077952456838986,5,78.1500005722,78.15145492554,78.1208467484,78.2012319565,0.028002379913530856,0.0358309131163464,0.10286015036651518,3,80.3483486176,79.64777151743333,78.1500005722,80.4449653625,1.0598182398058105,1.3306313781470172,2.8562687718976925,candidate_vs_matching_baseline,2.000162887570912,50.00407185764531,2.002464767630042,50.061543345727856,2.045349135401807,51.108591550872276,50.00407185764531,51.108591550872276,True,True,False,False,False,False
bf16,16,64,16,128,1.0,optimized_split,16384,100,2909,true,4194304,13697024,5,117.881155014,117.8624458314,117.712926865,117.947769165,0.08233601621858007,0.06985771900267554,0.19921954444042062,5,117.841453552,117.8396835326,117.731962204,117.90769577,0.060071424909731344,0.05097724561786757,0.14912712012879162,5,116.880617142,116.8664836884,116.786346436,116.897573471,0.040568224195500456,0.03471330950939461,0.09516294294105881,3,117.841453552,117.53440856933334,116.880617142,117.881155014,0.4625843882379015,0.39357358740187454,0.8490542519984167,candidate_vs_matching_baseline,1.5894541869881378,37.08532097456024,1.5900262629509967,37.10795706329668,1.5851889481718184,36.916037602123744,36.916037602123744,37.10795706329668,True,True,False,False,False,False
bf16,16,64,16,128,1.0,optimized_transform,16384,100,2909,true,4194304,8388608,5,57.8526115417,57.85516071318,57.8436517715,57.8714990616,0.009458103503076173,0.0163478994552711,0.048134888569250495,5,57.8416919708,57.8439683914,57.8369998932,57.8524208069,0.0055430908416991545,0.009582832913869164,0.026660550849347518,5,57.8438472748,57.84221553804,57.8386926651,57.8448820114,0.0024880070740365685,0.0043013689065909445,0.0107000944639813,3,57.8438472748,57.84605026243333,57.8416919708,57.8526115417,0.004722225678957098,0.008163436669458882,0.018877670511998745,candidate_vs_matching_baseline,1.0193243444177826,1.895799361960726,1.0190054938547606,1.8651021971300086,1.0013225085969226,0.13207618779844665,0.13207618779844665,1.895799361960726,False,True,False,False,False,False
bf16,16,64,16,256,1.0,baseline_fused,16384,100,2909,true,8388608,10551296,5,432.892723083,432.8674240112,432.748718262,432.983360291,0.10106701115814636,0.023348259894819746,0.054203274041868525,5,432.863769531,432.8835830688,432.817268372,433.009109497,0.06540983251349404,0.01511025944892398,0.04431905336125789,5,431.846542358,431.8501968382,431.671714783,431.968269348,0.10682489406801611,0.02473656255111998,0.06867128387335983,3,432.863769531,432.5343449906667,431.846542358,432.892723083,0.4864935238834091,0.11247512007258216,0.24168821662610318,baseline,,,,,,,,,,,,,,
bf16,16,64,16,256,1.0,baseline_split,16384,100,2909,true,8388608,27328512,5,457.03754425,456.9423294066,456.445922852,457.133331299,0.2510177445180787,0.05493422875575095,0.15040524693174498,5,456.70627594,456.7536468506,456.661300659,456.861228943,0.08718333297542682,0.019087605228019933,0.043776119254878565,5,454.694976807,454.7376861574,454.577827454,455.022010803,0.15317625003766605,0.033684529499199374,0.09768820234593262,3,456.70627594,456.14626566566665,454.694976807,457.03754425,1.0350891062351686,0.2269204384967692,0.5129264839154001,baseline,,,,,,,,,,,,,,
bf16,16,64,16,256,1.0,baseline_transform,16384,100,2909,true,8388608,16777216,5,101.110076904,101.0627136228,100.863189697,101.125078201,0.10011091244387611,0.09905820737955214,0.2590132576485436,5,101.045770645,101.010887146,100.841159821,101.113042831,0.09175515709769812,0.09083689856626667,0.26906916367157196,5,100.04527092,100.00494766254,99.8295021057,100.060081482,0.08796884650875667,0.08796449432242257,0.23047503812986797,3,101.045770645,100.73370615633333,100.04527092,101.110076904,0.48750461858027416,0.4839538196119708,1.0537858014274961,baseline,,,,,,,,,,,,,,
bf16,16,64,16,256,1.0,optimized_fused,16384,100,2909,true,8388608,10551296,5,137.184648514,137.1824054718,137.128267288,137.220420837,0.03325135269507321,0.024238788189137384,0.06717482604521324,5,137.180109024,137.1757068632,137.113924026,137.237539291,0.041903229945786616,0.030547121574212174,0.09011165385380833,5,136.099729538,136.0850925448,136.012039185,136.120462418,0.03812107414329974,0.028012674592369523,0.07966454699656389,3,137.180109024,136.82149569199998,136.099729538,137.184648514,0.5103691066521251,0.3730182191554325,0.7908719301354413,candidate_vs_matching_baseline,3.155547853000639,68.30978180067558,3.1554412123646105,68.30871080464135,3.173015433784719,68.48423775842727,68.30871080464135,68.48423775842727,True,True,False,False,False,False
bf16,16,64,16,256,1.0,optimized_split,16384,100,2909,true,8388608,27328512,5,169.933509827,169.9236488344,169.880809784,169.954071045,0.02501712377895937,0.01472256742988137,0.04311172121059716,5,169.831314087,169.8162002566,169.769115448,169.84369278,0.02855076429055942,0.016812744748391447,0.04391259197452001,5,167.898197174,168.1049423218,167.799854279,169.025115967,0.46190380856499536,0.274771105587593,0.7297646482351607,3,169.831314087,169.22100702933332,167.898197174,169.933509827,0.9362978256031568,0.5532988143965222,1.1984319051770216,candidate_vs_matching_baseline,2.689508059447986,62.81847914576441,2.6891758942996913,62.813886510000216,2.708158779905066,63.074543212896295,62.813886510000216,63.074543212896295,True,True,False,False,False,False
bf16,16,64,16,256,1.0,optimized_transform,16384,100,2909,true,8388608,16777216,5,99.4202327728,99.39573860166,99.236536026,99.4598484039,0.08242892916967094,0.0829300434096219,0.22461461985341094,5,99.3863868713,99.35623168944001,99.2393493652,99.4146537781,0.06533474366069816,0.06575807329822696,0.17638674512538047,5,98.3982658386,98.36173057554,98.2090759277,98.4154605865,0.07723390175555299,0.07852027541975665,0.20974420335672564,3,99.3863868713,99.0682951609,98.3982658386,99.4202327728,0.47398372392480626,0.47844138546544485,1.0282765742590085,candidate_vs_matching_baseline,1.0169969842563304,1.6712915101473325,1.016696288354348,1.6422100233465908,1.0167381515046365,1.6462598044409305,1.6422100233465908,1.6712915101473325,False,True,False,False,False,False
fp16,1,1,1,64,1.0,baseline_fused,1,100,2909,true,128,164,5,5.99380791187,5.99520778656,5.99207699299,6.00192308426,0.003627103238496357,0.06050004216079987,0.16427105130448122,5,5.99807679653,6.000561356544,5.9942305088,6.01157665253,0.006109782057450532,0.10182017472061043,0.2891950923341693,5,6.01173043251,6.015023112296,6.01073086262,6.02376937866,0.004965931729426032,0.08255881376872186,0.21688457568707292,3,5.99807679653,6.00120504697,5.99380791187,6.01173043251,0.007643892971269126,0.12737263451993724,0.29880445429389146,baseline,,,,,,,,,,,,,,
fp16,1,1,1,64,1.0,baseline_split,1,100,2909,true,128,420,5,8.4944999218,8.503238439562,8.49103868008,8.54099988937,0.01902364180114657,0.22372231399083845,0.5881595120364836,5,8.5161536932,8.525576710702,8.50973069668,8.57034564018,0.022515807354362743,0.26409717627781193,0.711764320885838,5,8.49492311478,8.499938488008,8.48615407944,8.53692293167,0.018893388669897898,0.22227676937372343,0.5976375718064971,3,8.49492311478,8.501858909926666,8.4944999218,8.5161536932,0.010109414579102501,0.11890828448468925,0.25490250008650317,baseline,,,,,,,,,,,,,,
fp16,1,1,1,64,1.0,baseline_transform,1,100,2909,true,128,256,5,3.50380778313,3.518707692624,3.50142300129,3.58096152544,0.03114032974225806,0.8849933686601807,2.2700595772678738,5,3.5202690959,3.533869206906,3.51815372705,3.59123080969,0.028692986133623574,0.8119425041976887,2.0758947867113764,5,3.47896158695,3.495515406132,3.478269279,3.55907678604,0.0318126927498799,0.9101002013629393,2.3227478953236633,3,3.50380778313,3.501012821993333,3.47896158695,3.5202690959,0.016979132874014976,0.4849777403656509,1.178931936531607,baseline,,,,,,,,,,,,,,
fp16,1,1,1,64,1.0,optimized_fused,1,100,2909,true,128,164,5,5.2881538868,5.289861679078,5.28750002384,5.29350042343,0.002562724180570459,0.04844595825078607,0.11346870228149555,5,5.29392302036,5.294230818748,5.29326915741,5.29546141624,0.0009285152250642781,0.017538246004994866,0.04141085583543283,5,5.30830740929,5.310230612756,5.30680716038,5.3161919117,0.003623316842436675,0.06823275873806504,0.17679366691491336,3,5.29392302036,5.29679477215,5.2881538868,5.30830740929,0.008474524015985087,0.15999343717342532,0.38069164233199887,candidate_vs_matching_baseline,1.133440523890845,11.773050378750693,1.1330117142734946,11.739659228394107,1.1325136185573859,11.700841065927648,11.700841065927648,11.773050378750693,True,True,False,False,False,False
fp16,1,1,1,64,1.0,optimized_split,1,100,2909,true,128,420,5,7.80403792858,7.806553721428,7.79507696629,7.83019185066,0.012301274915846098,0.15757625393751737,0.4499578896381637,5,7.82100021839,7.827646017074,7.81649947166,7.85830795765,0.015485003735345242,0.19782452734281394,0.5345669968361975,5,7.80150055885,7.804861545562,7.79423058033,7.83023059368,0.013157159747730813,0.16857646571850127,0.4614498592730535,3,7.80403792858,7.808846235273333,7.80150055885,7.82100021839,0.00865636723215331,0.11085334467275897,0.24986628356313237,candidate_vs_matching_baseline,1.0884749663621425,8.128341863280507,1.088882937654885,8.162763377146042,1.0888832283865422,8.162787897674328,8.128341863280507,8.162787897674328,True,True,False,False,False,False
fp16,1,1,1,64,1.0,optimized_transform,1,100,2909,true,128,256,5,3.5747307539,3.581484615804,3.57319235802,3.60792309046,0.013321983639780174,0.37196819388792907,0.9715621911415003,5,3.58969241381,3.597169280052,3.58926922083,3.6250770092,0.014005442650494491,0.3893462208787692,0.9975168967748604,5,3.55049997568,3.557146131992,3.5500767827,3.5815769434,0.012261655765033328,0.34470486480033385,0.8872035182584911,3,3.5747307539,3.5716410477966667,3.55049997568,3.58969241381,0.016148715418410124,0.45213713254785814,1.0963745475723206,candidate_vs_matching_baseline,0.9801599125493232,-2.0241684236069313,0.9806603714449406,-1.9721025870112152,0.9798511789269062,-2.0563144185997695,-2.0563144185997695,-1.9721025870112152,False,False,True,True,False,False
fp16,1,1,1,128,1.0,baseline_fused,1,100,2909,true,256,324,5,8.33057701588,8.330907702444,8.32992315292,8.33311498165,0.001177171870410084,0.014130175395710393,0.03831461762992975,5,8.33530783653,8.335023045538,8.33288490772,8.33592295647,0.0010975897412179322,0.013168406796493582,0.036447949008976646,5,8.35049986839,8.350223064422,8.34853827953,8.35134625435,0.0009753865954231884,0.011680964543079597,0.03362642792952945,3,8.33530783653,8.338794906933332,8.33057701588,8.35049986839,0.008499010061262146,0.10192132263854581,0.23901759719882898,baseline,,,,,,,,,,,,,,
fp16,1,1,1,128,1.0,baseline_split,1,100,2909,true,256,836,5,10.7712686062,10.77454590796,10.7665777206,10.7926917076,0.009253262196421102,0.08588076263691997,0.24244114555798305,5,10.7937693596,10.79823088646,10.7922697067,10.815653801,0.008801529582570836,0.08150899601162588,0.21664437622248367,5,10.7684993744,10.7714071274,10.7635378838,10.78799963,0.00864417741599957,0.08025114373414366,0.2271602137819973,3,10.7712686062,10.777845780066666,10.7684993744,10.7937693596,0.011316284727664118,0.10499579376607225,0.23460546871383195,baseline,,,,,,,,,,,,,,
fp16,1,1,1,128,1.0,baseline_transform,1,100,2909,true,256,512,5,3.93788456917,3.939707696438,3.93703848124,3.94734621048,0.0038489151960122985,0.09769545084505153,0.261758034267942,5,3.95423084497,3.955923140048,3.95138472319,3.96623075008,0.005304355916441127,0.13408642505568916,0.37544664113085063,5,3.91453832388,3.9159846305859998,3.91350001097,3.92188459635,0.0030714849256289587,0.0784345500653646,0.214190913111035,3,3.93788456917,3.935551246006667,3.91453832388,3.95423084497,0.01628818294262104,0.41387297291957165,1.0079655813366366,baseline,,,,,,,,,,,,,,
fp16,1,1,1,128,1.0,optimized_fused,1,100,2909,true,256,324,5,5.75892329216,5.759092569352,5.75765430927,5.76061546803,0.0012442908968379955,0.021605676273718937,0.05141861785224721,5,5.76253831387,5.763176679612,5.76107680798,5.76815366745,0.0025775127856644793,0.044723820367728304,0.12280802459857358,5,5.7788848877,5.77874648571,5.77396214008,5.78142285347,0.002662028222608063,0.04606584194670715,0.1291029936567729,3,5.76253831387,5.766782164576667,5.75892329216,5.7788848877,0.008684239584480693,0.15059073390746316,0.3464028255040631,candidate_vs_matching_baseline,1.446551133476801,30.870055205273705,1.4464646276567974,30.865920888784437,1.445001939070204,30.79594061697547,30.79594061697547,30.870055205273705,True,True,False,False,False,False
fp16,1,1,1,128,1.0,optimized_split,1,100,2909,true,256,836,5,8.53226959705,8.53493082523,8.53157639503,8.54596197605,0.00553990076173917,0.06490856077430342,0.1686020449350854,5,8.55469226837,8.55673110485,8.55150043964,8.56780827045,0.005700554179708898,0.06662070024004604,0.19063024476398882,5,8.52965414524,8.531492352484,8.52623105049,8.54376912117,0.006407917597485135,0.07510898835441643,0.20561291678849572,3,8.53226959705,8.538872003553333,8.52965414524,8.55469226837,0.011237459119530833,0.13160355506973895,0.29345208616773916,candidate_vs_matching_baseline,1.2624154081962113,20.786771651588186,1.261736719567194,20.744162827961134,1.262477843888828,20.790689132437667,20.744162827961134,20.790689132437667,True,True,False,False,False,False
fp16,1,1,1,128,1.0,optimized_transform,1,100,2909,true,256,512,5,4.03519243002,4.035992264748,4.03157681227,4.0433844924,0.004027208590769987,0.09978236643180084,0.2926175228263381,5,4.05084609985,4.0525768995260005,4.04938459396,4.06049996614,0.004032766664772019,0.0995111694300903,0.2743963089689216,5,4.00930762291,4.0114615559599995,4.00776922703,4.02019232512,0.004503580587590688,0.1122678237037951,0.3098564455122397,3,4.03519243002,4.031782050926667,4.00930762291,4.05084609985,0.01712861700573872,0.4248398546692738,1.0294051067050245,candidate_vs_matching_baseline,0.9758851993956783,-2.471069406448101,0.9761493642319372,-2.443338759619973,0.9763626770646212,-2.4209572416720393,-2.471069406448101,-2.4209572416720393,False,False,True,True,False,False
fp16,1,1,1,256,1.0,baseline_fused,1,100,2909,true,512,644,5,12.3754227161,12.375692129119999,12.3687696457,12.3829615116,0.004777429020701955,0.03860332796628534,0.11467782738068391,5,12.3756158352,12.37448477746,12.3672688007,12.3797309399,0.004370582175661068,0.035319306252023036,0.10069914391293619,5,12.308807373,12.30935430526,12.2918462753,12.3193085194,0.010084030371858562,0.08192168428809854,0.22311051970997914,3,12.3754227161,12.353281974766666,12.308807373,12.3756158352,0.031448391325835635,0.2545751921641021,0.5398479206135208,baseline,,,,,,,,,,,,,,
fp16,1,1,1,256,1.0,baseline_split,1,100,2909,true,512,1668,5,14.646422863,14.65034604072,14.6378457546,14.6738839149,0.012736368929956613,0.08693561841171825,0.24605434813055094,5,14.6710383892,14.6741461754,14.6605396271,14.6929228306,0.013056941273766224,0.08897922317044321,0.22072877625239495,5,14.4726538658,14.47608447074,14.4539999962,14.4992303848,0.01619548507266965,0.11187752534468152,0.31252311441568564,3,14.646422863,14.596705039333333,14.4726538658,14.6710383892,0.08829118972194064,0.604870684747173,1.3544912997231662,baseline,,,,,,,,,,,,,,
fp16,1,1,1,256,1.0,baseline_transform,1,100,2909,true,512,1024,5,4.17149990797,4.175353825092,4.16934609413,4.18696165085,0.006693206850599996,0.1603027463295884,0.4222835217218641,5,4.18519228697,4.1902307868,4.17796164751,4.20857697725,0.012186179839100988,0.2908235956236517,0.7315154870020256,5,4.06161546707,4.067238509654,4.05600011349,4.08557683229,0.011740492774548996,0.28866005144969387,0.7282008609578381,3,4.17149990797,4.139435887336667,4.06161546707,4.18519228697,0.05531053949312225,1.3361854368206998,2.9624073505046824,baseline,,,,,,,,,,,,,,
fp16,1,1,1,256,1.0,optimized_fused,1,100,2909,true,512,644,5,6.36126875877,6.36150765419,6.35999977589,6.36323094368,0.0010670048788029216,0.016772830228383672,0.05079439200779788,5,6.37007713318,6.36922311783,6.36684596539,6.37073099613,0.001429749343678811,0.022447782362598846,0.06098875506175852,5,6.29530787468,6.295469284058,6.2950772047,6.29634559155,0.0004471688731170275,0.007103026842643677,0.020148130564053002,3,6.36126875877,6.34221792221,6.29530787468,6.37007713318,0.03336476469158071,0.5260740816669143,1.1753827944609143,candidate_vs_matching_baseline,1.9454330866053335,48.59756385942108,1.9427733097200317,48.52719074341682,1.955235171659603,48.855257183656306,48.52719074341682,48.855257183656306,True,True,False,False,False,False
fp16,1,1,1,256,1.0,optimized_split,1,100,2909,true,512,1668,5,9.13373053074,9.135684609414,9.13176894188,9.14423048496,0.004408977846464471,0.04826105579346703,0.13643431934037134,5,9.16242361069,9.16430771351,9.15811598301,9.1746532917,0.005539301649203514,0.06044430002102057,0.18049054914582535,5,8.96315395832,8.964877009392,8.95996212959,8.97515356541,0.005279600005264918,0.05889205172289342,0.16948761441165355,3,9.13373053074,9.08643603325,8.96315395832,9.16242361069,0.087957094497029,0.9680043327787438,2.181689636007428,candidate_vs_matching_baseline,1.6035532046524446,37.638489505763495,1.6012180851453952,37.54754525463674,1.6146831721400743,38.068345713009656,37.54754525463674,38.068345713009656,True,True,False,False,False,False
fp16,1,1,1,256,1.0,optimized_transform,1,100,2909,true,512,1024,5,4.37550008297,4.377392351628,4.37376916409,4.38450008631,0.003856281243413293,0.088095398667636,0.24525018892735487,5,4.39738452435,4.399800002576,4.39607679844,4.40742313862,0.004203687962667902,0.0955427055822247,0.2580247444172856,5,4.26896154881,4.270492315294,4.26750004292,4.27799999714,0.0038176891466800184,0.08939693283155321,0.24596038404063608,3,4.37550008297,4.347282052043333,4.26896154881,4.39738452435,0.05609698811683552,1.2903921909200373,2.9350468084742576,candidate_vs_matching_baseline,0.9533767178307242,-4.890331523446534,0.9517458079444701,-5.070071404858267,0.9514293864282289,-5.105015071492636,-5.105015071492636,-4.890331523446534,False,False,True,True,True,True
fp16,1,17,1,64,1.0,baseline_fused,17,100,2909,true,2176,2788,5,7.86684632301,7.866292357444,7.86130785942,7.86965429783,0.0028022069182903923,0.03562296938580751,0.10609637035348578,5,7.86150038242,7.863030910494,7.85119235516,7.87734627724,0.008907596019153873,0.11328450975902685,0.3326835948324261,5,7.88315355778,7.87933087349,7.87092328072,7.88611590862,0.006839903387889723,0.08680817569043293,0.1927227192600667,3,7.86684632301,7.870500087736667,7.86150038242,7.88315355778,0.009209686867680991,0.11701526923341204,0.2752459431763133,baseline,,,,,,,,,,,,,,
fp16,1,17,1,64,1.0,baseline_split,17,100,2909,true,2176,7140,5,12.2251927853,12.222115993520001,12.1999239922,12.2386932373,0.01314894874665744,0.10758324298042037,0.3171258382658532,5,12.2269225121,12.2257306576,12.2138464451,12.2329235077,0.006363025679932295,0.05204617914575752,0.15602505521010654,5,12.2070002556,12.21356153488,12.200807333,12.2311925888,0.011964157898831266,0.09795797781559067,0.2489166475282188,3,12.2251927853,12.219705184333334,12.2070002556,12.2269225121,0.009011451947012196,0.07374524844155501,0.16296067350327967,baseline,,,,,,,,,,,,,,
fp16,1,17,1,64,1.0,baseline_transform,17,100,2909,true,2176,4352,5,5.37319242954,5.373123288152,5.3644233942,5.38180828094,0.0063605851814620236,0.11837780077534096,0.3235485601524942,5,5.37938475609,5.382715463636,5.37169218063,5.40042340755,0.00990885823592118,0.1840866065253204,0.5340987533467118,5,5.34684598446,5.347461462022,5.34196197987,5.35649955273,0.005353258759080674,0.10010841213349263,0.27189062303743045,3,5.37319242954,5.3664743900300005,5.34684598446,5.37938475609,0.014107727337426932,0.2628863255853172,0.6055761459633071,baseline,,,,,,,,,,,,,,
fp16,1,17,1,64,1.0,optimized_fused,17,100,2909,true,2176,2788,5,7.16484606266,7.166399955748,7.16015398502,7.17492282391,0.005229102545783718,0.07296693706844506,0.20612918631942265,5,7.15861558914,7.160053610802,7.15646147728,7.16465353966,0.0034089814229654554,0.04761111589754723,0.1144364057266579,5,7.1820384264,7.181838274002,7.17338442802,7.18973040581,0.005234152042224653,0.07288039416276051,0.2275952427365791,3,7.16484606266,7.168500026066667,7.15861558914,7.1820384264,0.009905248196791352,0.13817741732263522,0.32691333568308595,candidate_vs_matching_baseline,1.0979784149178744,8.92352833049117,1.0981872520639764,8.940847918188755,1.097620632159641,8.893840849872314,8.893840849872314,8.940847918188755,True,True,False,False,False,False
fp16,1,17,1,64,1.0,optimized_split,17,100,2909,true,2176,7140,5,11.5363073349,11.53735375404,11.5262305737,11.5495383739,0.007632614609040237,0.06615567808491221,0.2020386552071983,5,11.5437686443,11.543530941,11.5236544609,11.5648078918,0.014010805252522828,0.12137365355655287,0.35649909633558124,5,11.5244615078,11.52510023118,11.5193462372,11.5350008011,0.0057537080703049396,0.04992328010075661,0.13583770390837563,3,11.5363073349,11.534845829,11.5244615078,11.5437686443,0.007949565169626608,0.0689178276630316,0.16735976200626693,candidate_vs_matching_baseline,1.0597145542678084,5.634965946944748,1.0591794490040582,5.587292036274361,1.059225218231502,5.591371618812602,5.587292036274361,5.634965946944748,True,True,False,False,False,False
fp16,1,17,1,64,1.0,optimized_transform,17,100,2909,true,2176,4352,5,5.44603824615,5.445561289788,5.44115364552,5.44865369797,0.0028176173710342868,0.05174154180062453,0.1377157506248187,5,5.45915365219,5.46026158333,5.45165419579,5.4675000906,0.005852781635877987,0.10718866754930456,0.2902628469459405,5,5.41996181011,5.422461509704,5.41649997234,5.42999982834,0.005282661196815737,0.09742182931795684,0.24907658896818236,3,5.44603824615,5.4417179028166665,5.41996181011,5.45915365219,0.01628903816056109,0.29933632083592177,0.7196394940433309,candidate_vs_matching_baseline,0.9866240717898931,-1.355726927059564,0.9853880470889476,-1.4828628126979382,0.9865099002148658,-1.3674571113980738,-1.4828628126979382,-1.355726927059564,False,False,True,True,False,False
fp16,1,17,1,128,1.0,baseline_fused,17,100,2909,true,4352,5508,5,10.2250766754,10.22669243812,10.2214229107,10.2327692509,0.004376162769578399,0.042791575047923115,0.110965820210412,5,10.2345001698,10.23573088646,10.2237689495,10.2469229698,0.009778136171345387,0.09552943780771017,0.22623498867411976,5,10.1946151257,10.18194627764,10.1110768318,10.2075004578,0.03577282862482938,0.35133586103658865,0.9458289970841756,3,10.2250766754,10.218063990300001,10.1946151257,10.2345001698,0.01702131017183183,0.1665805791389655,0.39007085585927653,baseline,,,,,,,,,,,,,,
fp16,1,17,1,128,1.0,baseline_split,17,100,2909,true,4352,14212,5,14.5197308064,14.5179307461,14.51161623,14.5213067532,0.003689102325874494,0.02541066210048915,0.06674037782937657,5,14.5004999638,14.50651550292,14.497500658,14.5309615135,0.012398943345369012,0.08547154789083046,0.23075656414284634,5,14.5230007172,14.08205389978,12.3271930218,14.5273077488,0.8774596845605134,6.231049041604803,15.149174539352206,3,14.5197308064,14.5144104958,14.5004999638,14.5230007172,0.009926404335651786,0.06838999309358217,0.154966739397697,baseline,,,,,,,,,,,,,,
fp16,1,17,1,128,1.0,baseline_transform,17,100,2909,true,4352,8704,5,5.79511523247,5.796384692192,5.79196155071,5.80153822899,0.0040279799790349895,0.06949124657755834,0.16525432016160987,5,5.78292310238,5.784484624862,5.7824999094,5.78853845596,0.002342551486478172,0.04049715123123969,0.1044203156966575,5,5.81573069096,5.626161575318,4.84973073006,5.83026945591,0.3882723517884591,6.901194474965168,16.860112304962023,3,5.79511523247,5.797923008603333,5.78292310238,5.81573069096,0.013539994392411986,0.2335318073786159,0.566124870066071,baseline,,,,,,,,,,,,,,
fp16,1,17,1,128,1.0,optimized_fused,17,100,2909,true,4352,5508,5,7.66180813313,7.6572386026379995,7.64184594154,7.66284644604,0.007901138786800422,0.10318522377085647,0.2740933228175316,5,7.65596210957,7.65685403347,7.65192329884,7.66350030899,0.0039764985011947925,0.05193384233018594,0.1512156145016518,5,7.63049960136,7.414415240288,6.53784632683,7.64165401459,0.4383132160951079,5.911635670382044,14.465732854022637,3,7.65596210957,7.649423281353333,7.63049960136,7.66180813313,0.013592234210106278,0.17768965986284846,0.4089431389800616,candidate_vs_matching_baseline,1.334551387574731,25.068453016463334,1.3368013090094597,25.194567565094772,1.3360350774257288,25.1516657835961,25.068453016463334,25.194567565094772,True,True,False,False,False,False
fp16,1,17,1,128,1.0,optimized_split,17,100,2909,true,4352,14212,5,12.2886538506,12.28621530534,12.2708845139,12.296153307,0.008341961985996503,0.067896921701924,0.20562702316467846,5,12.2711145878,12.269584417339999,12.2603845596,12.2764229774,0.005226371415334954,0.042596156785463586,0.13070057886953895,5,12.2758078575,11.840615272540001,10.095615387,12.283500433,0.8725092929362165,7.368783402326097,17.82273778962168,3,12.2758078575,12.278525431966667,12.2711145878,12.2886538506,0.007413741436381073,0.06037973759519758,0.14287664814893616,candidate_vs_matching_baseline,1.181555846793672,15.36582864757099,1.1816774963715575,15.374541440402634,1.183058653718424,15.473337111652041,15.36582864757099,15.473337111652041,True,True,False,False,False,False
fp16,1,17,1,128,1.0,optimized_transform,17,100,2909,true,4352,8704,5,5.897346735,5.897176861764,5.89265346527,5.90230762959,0.003577220177346203,0.06065987609325597,0.163703522173867,5,5.88023066521,5.88250005245,5.87719261646,5.89246153831,0.0053494764106858704,0.09093882470018626,0.2596653553122891,5,5.91065347195,5.697861373424,4.83684629202,5.91880738735,0.43052709449713245,7.5559418926055235,18.305270313420145,3,5.897346735,5.896076957386667,5.88023066521,5.91065347195,0.0124524708090493,0.21119925840602732,0.5158727832542792,candidate_vs_matching_baseline,0.982664830961478,-1.7640978380757177,0.9834517439246535,-1.6826708760826037,0.9839403914574806,-1.6321729122971362,-1.7640978380757177,-1.6321729122971362,False,False,True,True,False,False
fp16,1,17,1,256,1.0,baseline_fused,17,100,2909,true,8704,10948,5,14.26607728,14.26715397834,14.2575001717,14.2787694931,0.007355458382573938,0.051555190290514794,0.14909018774080376,5,14.2787313461,14.28732323648,14.2750763893,14.3063461781,0.012610285584179832,0.08826205843780333,0.21899556789784658,5,12.9844236374,12.98180770876,12.9572308064,12.9944992065,0.013007651659638896,0.10019907821359468,0.28702390757379,3,14.26607728,13.843077421166667,12.9844236374,14.2787313461,0.6071818901723082,4.386177088368376,9.07262510427113,baseline,,,,,,,,,,,,,,
fp16,1,17,1,256,1.0,baseline_split,17,100,2909,true,8704,28356,5,18.4065377712,18.40333056448,18.3891546726,18.4131145477,0.009621061183220028,0.05227891304517182,0.13017046115804604,5,18.395768404,18.39385342596,18.3741533756,18.4124994278,0.013259933464740721,0.07208893730786413,0.20845039662308104,5,15.774846077,15.77892303468,15.7673466206,15.7993078232,0.01209835005112856,0.07667411790106318,0.20260864951702945,3,18.395768404,17.5257174174,15.774846077,18.4065377712,1.2380608043207575,7.06425177831281,14.3059623083087,baseline,,,,,,,,,,,,,,
fp16,1,17,1,256,1.0,baseline_transform,17,100,2909,true,8704,17408,5,6.06599986553,6.063392281534,6.05119287968,6.07049942017,0.006593583605935084,0.10874413694155624,0.31827466069870797,5,6.0606533289,6.056622862818,6.03815376759,6.07138454914,0.012878554644639951,0.21263590182743972,0.5483036192078603,5,4.7378847003,4.73842304945,4.72438454628,4.75288450718,0.009081504253453108,0.19165667899803124,0.6015334416685131,3,6.0606533289,5.621512631576667,4.7378847003,6.06599986553,0.6248231147360533,11.11485743581455,21.913729315236232,baseline,,,,,,,,,,,,,,
fp16,1,17,1,256,1.0,optimized_fused,17,100,2909,true,8704,10948,5,8.23542296886,8.236799955368,8.23438465595,8.24096143246,0.0024631698443730136,0.02990445145833295,0.0798596081205361,5,8.24334621429,8.247000098228,8.23969244957,8.26200008392,0.00802548887174188,0.0973140387553322,0.2706138231987515,5,6.94603800774,6.94904625416,6.94376945496,6.96046173573,0.006274945927989831,0.09029938351947761,0.24031369755535148,3,8.23542296886,7.80826906363,6.94603800774,8.24334621429,0.6096980070824265,7.808363186693043,15.752781750924216,candidate_vs_matching_baseline,1.732282280332567,42.2726878088242,1.7321523292746754,42.268356939557286,1.8693280432573793,46.50484147996519,42.268356939557286,46.50484147996519,True,True,False,False,False,False
fp16,1,17,1,256,1.0,optimized_split,17,100,2909,true,8704,28356,5,12.8955006599,12.88920021054,12.8757691383,12.8985381126,0.009297897662106099,0.07213711875235553,0.1765652602446261,5,12.8837299347,12.88611507416,12.8684997559,12.908115387,0.013498731131655216,0.10475407874265899,0.30748573045840294,5,10.2646923065,10.26834607124,10.257614851,10.284845829,0.009237883676156656,0.08996467018218732,0.26528781561973075,3,12.8837299347,12.014640967033333,10.2646923065,12.8955006599,1.2374098952704227,10.299183293664123,20.419617352536953,candidate_vs_matching_baseline,1.4273612368100748,29.940650326553573,1.4278294016746127,29.96362178652703,1.5368065214201068,34.930000226968296,29.940650326553573,34.930000226968296,True,True,False,False,False,False
fp16,1,17,1,256,1.0,optimized_transform,17,100,2909,true,8704,17408,5,6.2623077631,6.260822892188,6.25219225883,6.2684994936,0.005695285877120435,0.09096704978233422,0.26040295984954415,5,6.2611925602,6.261299967768,6.2513846159,6.26999974251,0.006085803753716063,0.09719712815301362,0.29730960086307906,5,4.94057685137,4.94255387783,4.93626922369,4.95323091745,0.006143877240866613,0.12430572114600898,0.3433140353903511,3,6.2611925602,5.821359058223333,4.94057685137,6.2623077631,0.6228072376219614,10.698656987017065,21.10989079191936,candidate_vs_matching_baseline,0.968652467269858,-3.2362001635627857,0.9679710806892043,-3.3088715096726506,0.9589739908582144,-4.278114894969165,-4.278114894969165,-3.2362001635627857,False,False,True,True,True,True
fp16,1,257,1,64,1.0,baseline_fused,257,100,2909,true,32896,42148,5,8.00057709217,8.000399827958,7.98834562302,8.01084637642,0.0074903889768338505,0.09362518296470786,0.2812391298875322,5,7.98684597015,7.987407565116,7.98496127129,7.98984587193,0.0019044270865101673,0.02384286855258912,0.06115806738048172,5,7.98684597015,7.986754059792,7.97892332077,7.99411594868,0.004981253139620305,0.06236893113683823,0.19022061983893476,3,7.98684597015,7.9914230108233335,7.98684597015,8.00057709217,0.006472912995760988,0.08099825258898544,0.17192170816011734,baseline,,,,,,,,,,,,,,
fp16,1,257,1,64,1.0,baseline_split,257,100,2909,true,32896,107940,5,12.4551153183,12.451577425,12.4416542053,12.4570775032,0.006197040553986699,0.04976912034891595,0.12383103251833313,5,12.4392688274,12.43786907196,12.4217307568,12.4531924725,0.010266158131535906,0.08253952563851946,0.2529225482344929,5,12.4442315102,12.44271564484,12.4338841438,12.4491548538,0.005120258984244934,0.04115065497272139,0.12271316221883699,3,12.4442315102,12.446205218633333,12.4392688274,12.4551153183,0.006618129755744952,0.05317387620956857,0.1273400521921555,baseline,,,,,,,,,,,,,,
fp16,1,257,1,64,1.0,baseline_transform,257,100,2909,true,32896,65792,5,5.46834588051,5.463653683664,5.44911503792,5.47219216824,0.009224982057015402,0.16884273036187397,0.42201299669522085,5,5.46407699585,5.467123031614,5.45784592628,5.47907710075,0.007421889322690969,0.13575493508694433,0.3885592111188178,5,5.46580791473,5.464976787566,5.45788407326,5.47115385532,0.0047178966783275236,0.08632967461200851,0.24277805343723954,3,5.46580791473,5.466076930363333,5.46407699585,5.46834588051,0.0017531155349509153,0.032072646566911465,0.0781016224243028,baseline,,,,,,,,,,,,,,
fp16,1,257,1,64,1.0,optimized_fused,257,100,2909,true,32896,42148,5,7.30092287064,7.299307703974,7.29065358639,7.30565428734,0.005919112820945168,0.0810914275845995,0.20546307933650287,5,7.29576945305,7.294961452484,7.29107677937,7.29773044586,0.0023099937544090975,0.03166560604131121,0.09119896856415234,5,7.29042351246,7.294707775116,7.28249967098,7.30565428734,0.009247150507373233,0.12676519461022803,0.31760317244158603,3,7.29576945305,7.2957052787166665,7.29042351246,7.30092287064,0.004286585222666617,0.05875491208741149,0.1439102242411242,candidate_vs_matching_baseline,1.0958309290382446,8.745046931861166,1.0947229105233163,8.652683671161633,1.095525651767658,8.719617985532778,8.652683671161633,8.745046931861166,True,True,False,False,False,False
fp16,1,257,1,64,1.0,optimized_split,257,100,2909,true,32896,107940,5,11.7679238319,11.76651525496,11.7544233799,11.7719995975,0.006357571824025387,0.05403105070845378,0.14935699662123403,5,11.7512309551,11.7593691349,11.7460775375,11.7777693272,0.013955324324709648,0.1186740901201272,0.2696891059420956,5,11.7471528053,11.75181508064,11.7299997807,11.7762696743,0.015453831087297875,0.13150165298938882,0.3938817717525914,3,11.7512309551,11.7554358641,11.7471528053,11.7679238319,0.008985908645509745,0.07644045486183859,0.17675617711337682,candidate_vs_matching_baseline,1.058395303727,5.517343427485799,1.0585502808113385,5.531176163541518,1.0593402262193692,5.601621155381387,5.517343427485799,5.601621155381387,True,True,False,False,False,False
fp16,1,257,1,64,1.0,optimized_transform,257,100,2909,true,32896,65792,5,5.5420768261,5.542507648472,5.5352306366,5.55192291737,0.005435902316759458,0.09807658665582661,0.30119179675368285,5,5.53973019123,5.53882288933,5.53265333176,5.54423093796,0.00445492186210439,0.08043084155455413,0.20899223970021114,5,5.54419219494,5.543484687806,5.53734660149,5.54742276669,0.0036899260226229535,0.0665632942170776,0.1817427110336361,3,5.5420768261,5.541999737423334,5.53973019123,5.54419219494,0.001822420784755851,0.0328838121815422,0.08051140123114374,candidate_vs_matching_baseline,0.9866961523804995,-1.3483226409065852,0.9863435234626106,-1.3845558076406972,0.9858619114464433,-1.4340840628291884,-1.4340840628291884,-1.3483226409065852,False,False,True,True,False,False
fp16,1,257,1,128,1.0,baseline_fused,257,100,2909,true,65792,83268,5,10.9418463707,10.94026136396,10.9291923046,10.9484994411,0.006288566848025174,0.05748095624791297,0.17645227181857437,5,10.9335005283,10.931530714019999,10.9150767326,10.9474229813,0.010547976764563129,0.09649130611722151,0.2958453115383975,5,9.70346152782,9.715015530586,9.68719244003,9.7543078661,0.024260328539021263,0.2497199151421007,0.6916647824859081,3,10.9335005283,10.526269475606666,9.70346152782,10.9418463707,0.5818230558494687,5.527343349871215,11.326517428472208,baseline,,,,,,,,,,,,,,
fp16,1,257,1,128,1.0,baseline_split,257,100,2909,true,65792,214852,5,15.3546535969,15.35206890104,15.3378844261,15.3615379333,0.00856527030123276,0.055792286736366326,0.15404780740071072,5,15.3359997272,15.3356616497,15.3325772285,15.3390002251,0.002251252926252921,0.014679855213791579,0.041881825210310274,5,13.0720758438,13.09161520004,13.0407691002,13.1567311287,0.04594504372863058,0.3509501541757063,0.8870972742634468,3,15.3359997272,14.5875763893,13.0720758438,15.3546535969,1.071647771509462,7.346304436804983,14.883788430509744,baseline,,,,,,,,,,,,,,
fp16,1,257,1,128,1.0,baseline_transform,257,100,2909,true,65792,131584,5,6.00815355778,6.00930786133,6.0004234314,6.0222697258,0.007132956076202967,0.11869846313089837,0.363610786407273,5,6.0043078661,6.002661585808,5.99615395069,6.0079228878,0.00429488605732627,0.07154969501330215,0.1960082223039737,5,4.71300005913,4.740599989892,4.68919217587,4.83965396881,0.053012017862644256,1.1182554523831902,3.192484427164963,3,6.0043078661,5.5751538276699995,4.71300005913,6.00815355778,0.6096367977694683,10.934887477790928,21.57040457506131,baseline,,,,,,,,,,,,,,
fp16,1,257,1,128,1.0,optimized_fused,257,100,2909,true,65792,83268,5,7.78284609318,7.783792257308,7.77553856373,7.79207706451,0.005765504961122916,0.07407064282464416,0.21249939394912043,5,7.7757692337,7.777469277382,7.76873111725,7.79315412045,0.008297491207922015,0.10668626145592518,0.31409115247596575,5,6.5012305975,6.517538309098,6.47784590721,6.55819177628,0.03251818858224772,0.49893360100169637,1.23585631773924,3,7.7757692337,7.353281974793333,6.5012305975,7.78284609318,0.6024982338262492,8.193596218553589,16.48216989420813,candidate_vs_matching_baseline,1.4058926824067854,28.870815495812018,1.4060988951311038,28.88124701166481,1.4925576600146122,33.000913345605035,28.870815495812018,33.000913345605035,True,True,False,False,False,False
fp16,1,257,1,128,1.0,optimized_split,257,100,2909,true,65792,214852,5,12.5580000877,12.5724928379,12.5515770912,12.6291549206,0.029305516688690733,0.23309233154103487,0.6177562419033835,5,12.5423455238,12.54695367812,12.5303459167,12.5648844242,0.01519584840846705,0.12111185550135825,0.27537518747559103,5,9.96688485146,10.004507780076,9.91930782795,10.0982308388,0.06877749893436784,0.6874650951977705,1.795174856703494,3,12.5423455238,11.689076820986667,9.96688485146,12.5580000877,1.2177903900834302,10.41819134849896,20.65893680989073,candidate_vs_matching_baseline,1.2226989560176225,18.213719323271647,1.2227377804333999,18.216316204317362,1.311550804350382,23.754383232199284,18.213719323271647,23.754383232199284,True,True,False,False,False,False
fp16,1,257,1,128,1.0,optimized_transform,257,100,2909,true,65792,131584,5,6.0649228096,6.066953778266,6.05596184731,6.08080744743,0.008093355127954846,0.13340063932822666,0.40966061564167816,5,6.0606533289,6.06310760975,6.0587310791,6.07392311096,0.005494479611663181,0.0906215090563061,0.25066657067410875,5,4.76076930761,4.797638475896,4.7404229641,4.90692317486,0.06083662096381838,1.268053465667953,3.4973383502084907,3,6.0606533289,5.62878181537,4.76076930761,6.0649228096,0.6137800052881133,10.904313320728125,21.51836495532902,candidate_vs_matching_baseline,0.9906397404217344,-0.9448701880545141,0.9907030711472443,-0.9384172839991045,0.9899660652736013,-1.0135635026666812,-1.0135635026666812,-0.9384172839991045,False,False,True,True,False,False
fp16,1,257,1,256,1.0,baseline_fused,257,100,2909,true,131584,165508,5,20.0059223175,20.01226139068,19.9690389633,20.0611925125,0.03118522080318445,0.15583056904157697,0.46063134574599673,5,19.9936926365,19.99148440362,19.945499897,20.0176930428,0.026400868699381935,0.13206057222344803,0.36107960201511735,5,19.7423458099,19.74435377122,19.74188447,19.7487688065,0.0028256646235607125,0.014311254023818654,0.034870914359875216,3,19.9936926365,19.9139869213,19.7423458099,20.0059223175,0.12147124382972499,0.6099795300146519,1.3182982873249784,baseline,,,,,,,,,,,,,,
fp16,1,257,1,256,1.0,baseline_split,257,100,2909,true,131584,428676,5,24.7247314453,24.72720766066,24.6554994583,24.783000946,0.04366437379238792,0.1765843292603402,0.5156840145345196,5,24.7429227829,24.73102331162,24.6925759315,24.7808837891,0.03332772211527407,0.13476078888985912,0.3569014799699832,5,23.1914997101,23.18592357638,23.1636166573,23.2019996643,0.014169037129272737,0.06111051424195602,0.16550463523186568,3,24.7247314453,24.219717979433334,23.1914997101,24.7429227829,0.7270980393473063,3.0020912711070227,6.274782301406607,baseline,,,,,,,,,,,,,,
fp16,1,257,1,256,1.0,baseline_transform,257,100,2909,true,131584,263168,5,6.644115448,6.6439691782,6.63923084736,6.64673089981,0.002624444088372937,0.03950114785276529,0.11288263289068746,5,6.63107693195,6.636007785794,6.62423074245,6.65723085403,0.01205423459077917,0.1816488916210167,0.4976584032828508,5,5.31707704067,5.319130897522,5.30719280243,5.33938467503,0.010884116193344898,0.20462207836275345,0.6054430348435008,3,6.63107693195,6.197423140206666,5.31707704067,6.644115448,0.6225214544909348,10.044843484257806,20.012411572787435,baseline,,,,,,,,,,,,,,
fp16,1,257,1,256,1.0,optimized_fused,257,100,2909,true,131584,165508,5,8.78484606743,8.787853837014,8.77861559391,8.80134642124,0.008070828576583741,0.09184072387037,0.25875043404885983,5,8.78226935863,8.78176140785,8.77326905727,8.79150032997,0.0067590144709139145,0.07696650087614591,0.20759181887408384,5,7.47023105621,7.4695615768420005,7.46165394783,7.47553825378,0.0044799597466640565,0.059976207446409524,0.185861800599294,3,8.78226935863,8.345782160756666,7.47023105621,8.78484606743,0.6191090169815142,7.418226417323394,14.968967103339608,candidate_vs_matching_baseline,2.277321897724808,56.088772474411066,2.2765975193932038,56.07480059687773,2.64280256679453,62.161380779461496,56.07480059687773,62.161380779461496,True,True,False,False,False,False
fp16,1,257,1,256,1.0,optimized_split,257,100,2909,true,131584,428676,5,13.6832308769,13.68287706374,13.6733460426,13.6896538734,0.00607489427844455,0.04439778454593579,0.11918114184223634,5,13.6832308769,13.68433856964,13.6767697334,13.6915767193,0.00563069669618263,0.04114701392053295,0.1082126438792835,5,11.0430002213,11.04505348206,11.0403835773,11.0541534424,0.004822331925950703,0.04366055749556493,0.12469315244095353,3,13.6832308769,12.8031539917,11.0430002213,13.6832308769,1.2446166669809093,9.721172359465227,19.29537460379501,candidate_vs_matching_baseline,1.8069366560963491,44.65771688088007,1.8082661182506938,44.698405289626606,2.1001085977855625,52.38341478843335,44.65771688088007,52.38341478843335,True,True,False,False,False,False
fp16,1,257,1,256,1.0,optimized_transform,257,100,2909,true,131584,263168,5,6.69192314148,6.6940693855280005,6.69061541557,6.70350015163,0.0047679446341271975,0.07122639995986718,0.19254160257959213,5,6.69857740402,6.696546316148,6.68442308903,6.7051923275,0.006802893711576454,0.10158809318128674,0.3100544670505053,5,5.37942290306,5.3791308403,5.37215411663,5.38500010967,0.00447628458404156,0.08321575951463403,0.2387987200763257,3,6.69192314148,6.25664114952,5.37942290306,6.69857740402,0.6202929193772115,9.914152091410891,19.712636757335094,candidate_vs_matching_baseline,0.9928559111530042,-0.7195494096116528,0.9899231630839272,-1.017941320281901,0.9884103065489542,-1.1725589438166928,-1.1725589438166928,-0.7195494096116528,False,False,True,True,False,False
fp16,4,64,16,64,1.0,baseline_fused,4096,100,2909,true,524288,671744,5,27.3192691803,27.31876087188,27.3014998436,27.336192131,0.011754209202073164,0.04302614330568747,0.12698834354258234,5,27.2882318497,27.2889389992,27.2613859177,27.3117685318,0.016632020849391586,0.06094784722073353,0.18463128859905312,5,27.309191227,27.30761528016,27.281806469,27.3278474808,0.01716775302585962,0.06286800531547194,0.16859163428640875,3,27.309191227,27.305564085666667,27.2882318497,27.3192691803,0.012927904918751124,0.04734531349798148,0.11365159202999142,baseline,,,,,,,,,,,,,,
fp16,4,64,16,64,1.0,baseline_split,4096,100,2909,true,524288,1720320,5,38.5831928253,38.5886077881,38.5420775414,38.654999733,0.03747264317695125,0.09710804645434011,0.292671972771401,5,38.4974980354,38.50830745696,38.4899997711,38.5412311554,0.02025594051877729,0.052601482268253334,0.13307717881532596,5,38.5364985466,38.55458497998,38.5277318954,38.587501049,0.026932741132214267,0.0698561303310604,0.15509752015409184,3,38.5364985466,38.53906313576667,38.4974980354,38.5831928253,0.03503171983785332,0.0908992512725139,0.22237305705493068,baseline,,,,,,,,,,,,,,
fp16,4,64,16,64,1.0,baseline_transform,4096,100,2909,true,524288,1048576,5,16.1643838882,16.1642460823,16.1620771885,16.1659228802,0.00126140297381528,0.007803661039264479,0.02379114308716611,5,16.1682701111,16.16813111306,16.1614620686,16.1729991436,0.004014666484365518,0.024830739287626285,0.07135627324829963,5,16.1631536484,16.16296124458,16.1597299576,16.1650764942,0.0017645538493217096,0.010917268331095117,0.033078548384216026,3,16.1643838882,16.1652692159,16.1631536484,16.1682701111,0.0021805811904796147,0.013489297093393388,0.03165269233511247,baseline,,,,,,,,,,,,,,
fp16,4,64,16,64,1.0,optimized_fused,4096,100,2909,true,524288,671744,5,21.641998291,21.64452266692,21.6246151924,21.6689991951,0.016971614120963215,0.07841066482330637,0.20508273821672357,5,21.5871167183,21.580139637,21.524348259,21.6162323952,0.0302835473474898,0.14033063667283907,0.42564339369188736,5,21.6163086891,21.61882305146,21.5922689438,21.6554999352,0.02060278646745385,0.09530022248858024,0.29251521297845484,3,21.6163086891,21.6151412328,21.5871167183,21.641998291,0.022420511013588787,0.10372595197095764,0.25388966029928656,candidate_vs_matching_baseline,1.2623265565851625,20.781196055544182,1.2640980361479681,20.892211568712092,1.2633605311516776,20.84603125218726,20.781196055544182,20.892211568712092,True,True,False,False,False,False
fp16,4,64,16,64,1.0,optimized_split,4096,100,2909,true,524288,1720320,5,34.4972300529,34.512430667880004,34.4749617577,34.591691494,0.04147728293546644,0.12018070629278647,0.3383742292381207,5,34.4991540909,34.48662281038,34.4339990616,34.5105004311,0.02733850853702914,0.07927279132939809,0.22174853707552172,5,34.5123839378,34.5134387016,34.4802689552,34.5561146736,0.028524616365552074,0.08264785381767742,0.21976377678426853,3,34.4991540909,34.502922693866665,34.4972300529,34.5123839378,0.006736063792795329,0.019523168667658262,0.04392538106897851,candidate_vs_matching_baseline,1.1184432131546318,10.59000687397942,1.1158968690642377,10.385983891273565,1.1165991493387553,10.442346244648725,10.385983891273565,10.59000687397942,True,True,False,False,False,False
fp16,4,64,16,64,1.0,optimized_transform,4096,100,2909,true,524288,1048576,5,16.2606537342,16.261438608160002,16.2576150894,16.2681162357,0.0035460565620339395,0.021806536601592715,0.06458009912548071,5,16.2653470039,16.2661538124,16.263384819,16.2689995766,0.002161595280299106,0.013288914547526783,0.03451975293643477,5,16.2608468533,16.26187705996,16.2569999695,16.2683463097,0.004091826416910626,0.025162079394792144,0.06977705590835645,3,16.2608468533,16.262282530466667,16.2606537342,16.2653470039,0.0021683437326527177,0.013333575582581483,0.028862394082792668,candidate_vs_matching_baseline,0.9940795832951338,-0.5955676793241604,0.9940316740382653,-0.600416075021859,0.9939921207190897,-0.6044192057140352,-0.6044192057140352,-0.5955676793241604,False,False,True,True,False,False
fp16,4,64,16,128,1.0,baseline_fused,4096,100,2909,true,1048576,1327104,5,48.7186908722,48.75538539886,48.6970376968,48.8457679749,0.06156479467463592,0.12627280898506738,0.30528381497390716,5,48.8376188278,48.8287305832,48.7909603119,48.8644218445,0.026359983531453735,0.05398457673712932,0.1504199720691192,5,47.6442670822,47.63914585114,47.6020765305,47.6639986038,0.020369564731948234,0.042758039356116606,0.1299675219962354,3,48.7186908722,48.400192260733334,47.6442670822,48.8376188278,0.5367203625174447,1.1089219638345968,2.449474163274267,baseline,,,,,,,,,,,,,,
fp16,4,64,16,128,1.0,baseline_split,4096,100,2909,true,1048576,3424256,5,58.2000017166,58.20561695098,58.1453847885,58.2863473892,0.04914451013535549,0.08443259037481614,0.2422037741277148,5,58.3048057556,58.33114624022,58.2531547546,58.4378480911,0.06241339243175077,0.10699839871947522,0.3167720638229977,5,56.2245035172,56.21850776674,56.1509990692,56.2874984741,0.04536312563700942,0.08069073235673317,0.2427756518263304,3,58.2000017166,57.57643699646667,56.2245035172,58.3048057556,0.9569183423605994,1.6619964559795932,3.5744023660512205,baseline,,,,,,,,,,,,,,
fp16,4,64,16,128,1.0,baseline_transform,4096,100,2909,true,1048576,2097152,5,17.7962315083,17.80805373192,17.7916920185,17.8446531296,0.020321823489606965,0.11411591516697393,0.29759733725255005,5,17.8773844242,17.88543844222,17.8328466415,17.9414999485,0.040055781405565496,0.2239575033900798,0.6077695954947251,5,16.8280386925,16.82866930962,16.8226933479,16.833230257,0.0036691997359900143,0.02180326720124294,0.06261519415626761,3,17.7962315083,17.500551541666667,16.8280386925,17.8773844242,0.4766910936588232,2.7238632595314503,5.896449094914235,baseline,,,,,,,,,,,,,,
fp16,4,64,16,128,1.0,optimized_fused,4096,100,2909,true,1048576,1327104,5,25.0324225426,25.0356001854,25.0199604034,25.0564622879,0.012630959673355405,0.05045199467884695,0.1458184258350662,5,25.0493454933,25.046661853779998,25.0348091125,25.056655407,0.008456257202201247,0.033762012884463656,0.08721303519025908,5,23.4336543083,23.44114542008,23.4270000458,23.4644985199,0.013357513605180829,0.05698319500095163,0.1600197459886555,3,25.0324225426,24.505140781399998,23.4336543083,25.0493454933,0.7576868496031439,3.091950608903446,6.454394025390181,candidate_vs_matching_baseline,1.9462235742182314,48.61844172236559,1.9496564826758727,48.708913140046306,2.0331556681419856,50.81537455939822,48.61844172236559,50.81537455939822,True,True,False,False,False,False
fp16,4,64,16,128,1.0,optimized_split,4096,100,2909,true,1048576,3424256,5,35.6944608688,35.69331502916,35.6588459015,35.7169222832,0.019145339075680393,0.05363844479012225,0.1627041851492463,5,35.7958078384,35.7861380577,35.6851911545,35.8407688141,0.05368133521025886,0.15000594678225806,0.43462536256301404,5,34.7907686234,34.79262256624,34.7861146927,34.8051142693,0.006975294273205084,0.020048199183390552,0.0546109711046264,3,35.6944608688,35.427012443533336,34.7907686234,35.7958078384,0.45179084471701486,1.2752722105402439,2.8156727697727844,candidate_vs_matching_baseline,1.630505134410694,38.66931303093225,1.6288165926808178,38.60573348199188,1.616075348199805,38.121697041296365,38.121697041296365,38.66931303093225,True,True,False,False,False,False
fp16,4,64,16,128,1.0,optimized_transform,4096,100,2909,true,1048576,2097152,5,16.887460947,16.88744616508,16.8840003014,16.8914997578,0.0024666704390497772,0.014606533249239183,0.04440843074950347,5,16.8934619427,16.89163064958,16.8874228001,16.8940770626,0.002653231643180942,0.015707374250732344,0.03938957285706091,5,16.875654459,16.8779537678,16.8737304211,16.8840003014,0.004080013437450346,0.024173626101727175,0.06085618975520041,3,16.887460947,16.8855257829,16.875654459,16.8934619427,0.007397534003612001,0.04380991210296511,0.10544796376369321,candidate_vs_matching_baseline,1.0538133331086363,5.106533711230698,1.0582427974110524,5.503727268783775,0.9971784343762381,-0.2829549383031704,-0.2829549383031704,5.503727268783775,False,False,True,False,False,False
fp16,4,64,16,256,1.0,baseline_fused,4096,100,2909,true,2097152,2637824,5,122.645149231,122.6552848816,122.487192154,122.843112946,0.1316339314153247,0.10732022802147649,0.29020372532600996,5,122.736654282,122.6797218324,122.472419739,122.823419571,0.12574659418324693,0.10249990161783767,0.28597800229550124,5,121.651687622,121.6175613404,121.347427368,121.787385941,0.1451108380403714,0.11931733907590465,0.3616543112554687,3,122.645149231,122.344497045,121.651687622,122.736654282,0.4913125047854489,0.40158120442862044,0.8846388681516384,baseline,,,,,,,,,,,,,,
fp16,4,64,16,256,1.0,baseline_split,4096,100,2909,true,2097152,6832128,5,131.812038422,131.70706176779998,131.351804733,132.040500641,0.2441478503401778,0.18537187532936641,0.5224833150634695,5,131.673650742,131.77374649040001,131.587696075,132.021846771,0.16494013238482721,0.12516919096387946,0.32971721643131763,5,129.799079895,129.7810726168,129.480657578,130.124998093,0.21125691224200038,0.1627794469427535,0.4964137769861053,3,131.673650742,131.09492301966668,129.799079895,131.812038422,0.9180395199566467,0.7002860971350688,1.5287481706907065,baseline,,,,,,,,,,,,,,
fp16,4,64,16,256,1.0,baseline_transform,4096,100,2909,true,2097152,4194304,5,29.3416905403,29.296353817,29.1126155853,29.3656921387,0.09522682275557592,0.3250466708260397,0.8625152427819591,5,29.2945766449,29.252869606020003,29.1081547737,29.3140769005,0.07549153321468859,0.25806539403284057,0.7029360051729937,5,28.2443475723,28.20784664152,28.0566549301,28.2542300224,0.07580070636700016,0.26872205925647213,0.6995208219777399,3,29.2945766449,28.960204919166667,28.2443475723,29.3416905403,0.5065528834400728,1.749134320195442,3.7458911978884664,baseline,,,,,,,,,,,,,,
fp16,4,64,16,256,1.0,optimized_fused,4096,100,2909,true,2097152,2637824,5,39.5473074913,39.50326871872,39.3704605103,39.576883316,0.07568268818156099,0.1915858880449964,0.5219642468590604,5,39.5380377769,39.51372289656,39.3844223022,39.5670008659,0.06608689302568652,0.16725048459415082,0.4617795266680362,5,38.2176542282,38.17405319214,38.041498661,38.2362675667,0.07409555017426799,0.1940992479926763,0.5096307181414763,3,39.5380377769,39.10099983213333,38.2176542282,39.5473074913,0.624631130557615,1.59748122359851,3.362972311885576,candidate_vs_matching_baseline,3.1012262783750995,67.75469087912043,3.1042677174462256,67.78628356117862,3.1831280615919066,68.58436165147901,67.75469087912043,68.58436165147901,True,True,False,False,False,False
fp16,4,64,16,256,1.0,optimized_split,4096,100,2909,true,2097152,6832128,5,51.0224962234,50.98011398314,50.6950807571,51.1326122284,0.15411654410409964,0.3023071783540316,0.8575265886331465,5,50.9940004349,50.93874645234,50.6586122513,51.0762691498,0.14896241151035827,0.2924343881326811,0.8190314447543457,5,48.8072299957,48.74558353424,48.5218048096,48.8637685776,0.12710770220136977,0.2607573712028423,0.7006416222148378,3,50.9940004349,50.274575551333335,48.8072299957,51.0224962234,1.0376352079667281,2.0639362870547577,4.344170311815512,candidate_vs_matching_baseline,2.5834102244795347,61.29147471337176,2.582140048221895,61.2724336664614,2.6594232023910296,62.39786134448546,61.2724336664614,62.39786134448546,True,True,False,False,False,False
fp16,4,64,16,256,1.0,optimized_transform,4096,100,2909,true,2097152,4194304,5,29.0125751495,28.9489302635,28.8089990616,29.0162324905,0.08390408427704953,0.289834835046873,0.7142882968234837,5,28.9695000648,28.91983032226,28.7854218483,28.9909219742,0.08096724440718046,0.2799713674144859,0.709367180794728,5,27.774617672,27.70602416994,27.5622701645,27.7841162682,0.09223156003971483,0.33289352335071815,0.7987368406645804,3,28.9695000648,28.585564295433333,27.774617672,29.0125751495,0.5736954391044783,2.0069411020727292,4.273313225050115,candidate_vs_matching_baseline,1.0113438875764764,1.1216647191748086,1.0112213389728113,1.1096817818549876,1.01691220040712,1.6630934706407419,1.1096817818549876,1.6630934706407419,False,True,False,False,False,False
fp16,16,64,16,64,1.0,baseline_fused,16384,100,2909,true,2097152,2686976,5,88.8730812073,88.85036087036,88.7444972992,88.8981151581,0.05616620678922749,0.06321438229291901,0.17285083043500193,5,88.9086151123,88.88767051698,88.7854290009,88.9264202118,0.05179589687671989,0.058271182690995876,0.15857992020448447,5,88.8719654083,88.8521461487,88.7644290924,88.8957691193,0.04696539348186733,0.05285791679501766,0.14778566705101737,3,88.8730812073,88.8845539093,88.8719654083,88.9086151123,0.01701993672544877,0.019148362653444082,0.04123825066277556,baseline,,,,,,,,,,,,,,
fp16,16,64,16,64,1.0,baseline_split,16384,100,2909,true,2097152,6881280,5,127.484111786,127.4646835328,127.288694382,127.543306351,0.09231041568187252,0.07242038588525475,0.1997205498261599,5,127.548847198,127.5026454924,127.31803894,127.56108284,0.09297957822602401,0.07292364630313981,0.19054966417902247,5,127.528038025,127.4917583466,127.329654694,127.54283905,0.08137495709831578,0.06382762160757816,0.16716665550693066,3,127.528038025,127.52033233633334,127.484111786,127.548847198,0.026983965857193416,0.02116052033649311,0.050761709348429024,baseline,,,,,,,,,,,,,,
fp16,16,64,16,64,1.0,baseline_transform,16384,100,2909,true,2097152,4194304,5,57.1212720871,57.1189622879,57.105884552,57.1257686615,0.006816433858279895,0.011933749468210977,0.034810340830081554,5,57.1189212799,57.11764526366,57.1131515503,57.1221542358,0.003492216273898532,0.006114076057894472,0.015761301681237128,5,57.1215009689,57.12286949158,57.118268013,57.1283435822,0.0037357725057574754,0.0065398894330897265,0.01763883831674984,3,57.1212720871,57.12056477863334,57.1189212799,57.1215009689,0.001165879577671381,0.002041085521807538,0.0045161616780301445,baseline,,,,,,,,,,,,,,
fp16,16,64,16,64,1.0,optimized_fused,16384,100,2909,true,2097152,2686976,5,67.1474981308,67.1481771469,67.1228456497,67.1781158447,0.01808454358850742,0.026932292665136512,0.08231162223250973,5,67.1862697601,67.1670923233,67.1089601517,67.1920776367,0.03088090096984923,0.045976236132432326,0.12371201035090591,5,67.1500730515,67.14154529574,67.0883846283,67.1953105927,0.037104533688637927,0.05526315119082035,0.1592343232716749,3,67.1500730515,67.16128031413334,67.1474981308,67.1862697601,0.017701447425631157,0.026356625935116496,0.05773877456583798,candidate_vs_matching_baseline,1.323550149764026,24.44562828402923,1.323315246251404,24.432216523407334,1.3234827807281853,24.441782351728357,24.432216523407334,24.44562828402923,True,True,False,False,False,False
fp16,16,64,16,64,1.0,optimized_split,16384,100,2909,true,2097152,6881280,5,116.572265625,116.567785263,116.417808533,116.687774658,0.09124204675284663,0.07827380999560599,0.23158692468794187,5,116.653957367,116.6163425446,116.425304413,116.693954468,0.09677251889801114,0.08298366831475651,0.23029656349746153,5,116.587495804,116.5740013124,116.476926804,116.619234085,0.05120062657091204,0.04392113678392355,0.12206050058682053,3,116.587495804,116.604572932,116.572265625,116.653957367,0.03546929567287859,0.0304184431030532,0.07006904251322044,candidate_vs_matching_baseline,1.0936058512931557,8.55937732798976,1.09339494413142,8.541739161379757,1.093839756532661,8.578930869190716,8.541739161379757,8.578930869190716,True,True,False,False,False,False
fp16,16,64,16,64,1.0,optimized_transform,16384,100,2909,true,2097152,4194304,5,57.2207307816,57.22067642214,57.2166538239,57.2249984741,0.0028080204386868673,0.004907352751251957,0.014583263943000427,5,57.2189998627,57.41858386994,57.2161912918,58.2175731659,0.39949775857675995,0.6957638653744412,1.7500862938934034,5,57.2194194794,57.22053050998,57.2172689438,57.2241544724,0.002445346300942856,0.004273547062826263,0.012033552004980564,3,57.2194194794,57.2197167079,57.2189998627,57.2207307816,0.0007372374766644549,0.001288432587717913,0.003025054982631745,candidate_vs_matching_baseline,0.9982618415888533,-0.17411848662671758,0.9982509553987287,-0.17521091182655102,0.998288718910627,-0.17142145923880747,-0.17521091182655102,-0.17142145923880747,False,False,True,True,False,False
fp16,16,64,16,128,1.0,baseline_fused,16384,100,2909,true,4194304,5308416,5,160.997772217,160.9750175476,160.899238586,161.028385162,0.045869924078671055,0.02849505766639063,0.08021637456320901,5,160.903968811,160.8729896544,160.713653564,160.923194885,0.0802015152585674,0.049853934728796054,0.1302275652666586,5,159.821767807,159.8282833098,159.76111412,159.890537262,0.04335150601375925,0.027123801317273558,0.08097967115236651,3,160.903968811,160.574502945,159.821767807,160.997772217,0.5336399602286305,0.33233169054953443,0.7308734636504644,baseline,,,,,,,,,,,,,,
fp16,16,64,16,128,1.0,baseline_split,16384,100,2909,true,4194304,13697024,5,187.526817322,187.4330635072,187.105731964,187.57434845,0.17123344868552273,0.09135711996669416,0.2498930514004012,5,187.420501709,187.351539612,187.024536133,187.474269867,0.16592377099386735,0.08856280089157047,0.2399597322059721,5,185.232219696,185.222782135,185.043201447,185.335731506,0.09745072483373259,0.05261270979220334,0.1579261207796873,3,187.420501709,186.726512909,185.232219696,187.526817322,1.0575159280771496,0.5663448171350596,1.224304494479872,baseline,,,,,,,,,,,,,,
fp16,16,64,16,128,1.0,baseline_transform,16384,100,2909,true,4194304,8388608,5,59.0148830414,58.99002933502,58.8111543655,59.0909957886,0.09676933165946666,0.1640435387985451,0.47418788054477967,5,59.0014219284,58.957999229420004,58.8105010986,59.0288448334,0.07875554431613187,0.13357906534391503,0.3700652080300165,5,57.936000824,57.91336917876,57.8112697601,57.9460763931,0.05119802752626054,0.08840450530209812,0.23268197853269856,3,59.0014219284,58.65076859793333,57.936000824,59.0148830414,0.505447015608303,0.861790949532609,1.828569858382831,baseline,,,,,,,,,,,,,,
fp16,16,64,16,128,1.0,optimized_fused,16384,100,2909,true,4194304,5308416,5,80.3055000305,80.25938224792,80.1027679443,80.3374195099,0.08701408906998334,0.10841609620318052,0.2921986233955122,5,80.3957271576,80.36184501648,80.2542686462,80.4303836823,0.06276338449020293,0.07810097500540447,0.21906019427470527,5,78.0614995956,78.05561447142,78.028922081,78.0783843994,0.016695698292423265,0.02138949056449537,0.06336326954546123,3,80.3055000305,79.58757559456667,78.0614995956,80.3957271576,1.0797271876366954,1.3566529443452564,2.906684549767414,candidate_vs_matching_baseline,2.0048162598558394,50.120117238479146,2.0013995084039657,50.03496324442194,2.047382751227706,51.157154205760826,50.03496324442194,51.157154205760826,True,True,False,False,False,False
fp16,16,64,16,128,1.0,optimized_split,16384,100,2909,true,4194304,13697024,5,117.898311615,117.8651924134,117.73434639,117.923536301,0.06814465166473288,0.05781575566917377,0.16046871953332487,5,117.823266983,117.799068451,117.667694092,117.866153717,0.06902441570060873,0.058595043753949805,0.1684383993771219,5,116.908226013,116.8923664092,116.798810959,116.938915253,0.0491942791550724,0.042085108434591983,0.11984126248261748,3,117.823266983,117.54326820366667,116.908226013,117.898311615,0.4500865562259766,0.38291138497707394,0.8403141648948225,candidate_vs_matching_baseline,1.590581024895197,37.12989251422197,1.590691775131662,37.134269779119855,1.5844241762372004,36.885588152607674,36.885588152607674,37.134269779119855,True,True,False,False,False,False
fp16,16,64,16,128,1.0,optimized_transform,16384,100,2909,true,4194304,8388608,5,57.8551912308,57.85113811494,57.841925621,57.8573417664,0.006108672997799924,0.010559296146712048,0.02664608840112025,5,57.8496551514,57.84720039368,57.840886116,57.8541517258,0.005242190297321174,0.009062133105224399,0.022931182157064606,5,57.8440761566,57.84414482118,57.837843895,57.8487300873,0.0038588691434636568,0.006671149094507327,0.018819891375786275,3,57.8496551514,57.84964084626667,57.8440761566,57.8551912308,0.0045377213147497954,0.007843992198341605,0.01921372594341256,candidate_vs_matching_baseline,1.0200447321308415,1.9650836379468073,1.0199096567470571,1.9521000331105598,1.0015891803190204,0.15866588320316843,0.15866588320316843,1.9650836379468073,False,True,False,False,False,False
fp16,16,64,16,256,1.0,baseline_fused,16384,100,2909,true,8388608,10551296,5,432.85949707,432.85924530020003,432.580718994,433.037986755,0.16507526246657506,0.038136014018157506,0.10563884218672424,5,432.820320129,432.8458862302,432.758979797,433.000297546,0.08503971195414325,0.019646648994352846,0.05575471801510947,5,431.818656921,431.83653259280004,431.752510071,431.974906921,0.07394419078231813,0.017123190189201467,0.05150237175617967,3,432.820320129,432.49949137333334,431.818656921,432.85949707,0.48168826142331783,0.11137313939810504,0.240478577505267,baseline,,,,,,,,,,,,,,
fp16,16,64,16,256,1.0,baseline_split,16384,100,2909,true,8388608,27328512,5,456.785163879,456.6985855104,456.282615662,456.895942688,0.21553971599410196,0.047195179234728254,0.13427034730980145,5,456.763267517,456.7771987916,456.666679382,456.949501038,0.10393763184591236,0.02275455782838514,0.06191865154513195,5,454.710845947,454.6830139158,454.45110321,454.857597351,0.1637156069240651,0.03600653684291417,0.089396183227918,3,456.763267517,456.086425781,454.710845947,456.785163879,0.9727229041708245,0.21327600410495423,0.4541341389547667,baseline,,,,,,,,,,,,,,
fp16,16,64,16,256,1.0,baseline_transform,16384,100,2909,true,8388608,16777216,5,101.040000916,101.0041599274,100.84069252,101.072540283,0.08366054064333991,0.0828288069555488,0.22946136272577627,5,101.092729568,101.0599308014,100.883808136,101.120767593,0.08921105403822431,0.088275395926739,0.23439811944201866,5,100.012960434,99.97868347174,99.8286533356,100.028533936,0.0757253248471791,0.07574147029909994,0.19985469836373,3,101.040000916,100.715230306,100.012960434,101.092729568,0.49704614643217243,0.4935163678045638,1.0686551110561382,baseline,,,,,,,,,,,,,,
fp16,16,64,16,256,1.0,optimized_fused,16384,100,2909,true,8388608,10551296,5,137.182731628,137.1777458188,137.125310898,137.206497192,0.02769449793131146,0.02018876878753607,0.059181132374696424,5,137.194108963,137.19866180420001,137.177581787,137.220840454,0.015852883943787626,0.01155469283396635,0.03153099453539215,5,136.06926918,136.079421997,136.005382538,136.147041321,0.05000132123417612,0.036744219295169,0.10410784437491377,3,137.182731628,136.81536992366665,136.06926918,137.194108963,0.5275933413232154,0.3856243210229782,0.8199572713351705,candidate_vs_matching_baseline,3.1553497436090576,68.30779212271378,3.154802515942778,68.30229483631685,3.1735208068896608,68.48925654342595,68.30229483631685,68.48925654342595,True,True,False,False,False,False
fp16,16,64,16,256,1.0,optimized_split,16384,100,2909,true,8388608,27328512,5,169.863185883,169.86126708999998,169.794616699,169.939689636,0.05061841467043351,0.029799856987769695,0.08540575537063913,5,169.871997833,169.8746490478,169.829120636,169.919548035,0.03806043922913306,0.022405014192802518,0.053232669394334645,5,167.81873703,167.8105659486,167.7709198,167.839279175,0.022641777536281025,0.013492462413371606,0.04073405402150046,3,169.863185883,169.18464024866665,167.81873703,169.871997833,0.9658461280793039,0.570882868952943,1.208773279699502,candidate_vs_matching_baseline,2.689135738885934,62.81333122982167,2.6888673433159997,62.8096193556813,2.70953562155407,63.09330676278601,62.8096193556813,63.09330676278601,True,True,False,False,False,False
fp16,16,64,16,256,1.0,optimized_transform,16384,100,2909,true,8388608,16777216,5,99.4054222107,99.37568473816,99.2243480682,99.4412326813,0.07712004912146131,0.0776045461469383,0.21818187406345219,5,99.4504261017,99.41621398926,99.248342514,99.4735336304,0.08460057421495196,0.0850973607022406,0.22643554706312957,5,98.368730545,98.3405151367,98.1985759735,98.3963489532,0.07174637285494699,0.07295708463110515,0.20105269083403637,3,99.4054222107,99.07485961913333,98.368730545,99.4504261017,0.49964656812162733,0.5043121635926452,1.088165547355388,candidate_vs_matching_baseline,1.016443556789441,1.6177540483782393,1.0165137901432473,1.6245515115855036,1.0167149650085991,1.644016817285432,1.6177540483782393,1.644016817285432,False,True,False,False,False,False
