dtype,batch,seq,heads,dim,scale,method,rows,repeats,seed,input_read_only,input_working_set_bytes,logical_io_bytes,run1_count,run1_median_us,run1_mean_us,run1_minimum_us,run1_maximum_us,run1_population_stddev_us,run1_cv_percent,run1_range_over_median_percent,run2_count,run2_median_us,run2_mean_us,run2_minimum_us,run2_maximum_us,run2_population_stddev_us,run2_cv_percent,run2_range_over_median_percent,run3_count,run3_median_us,run3_mean_us,run3_minimum_us,run3_maximum_us,run3_population_stddev_us,run3_cv_percent,run3_range_over_median_percent,across_run_medians_count,across_run_medians_median_us,across_run_medians_mean_us,across_run_medians_minimum_us,across_run_medians_maximum_us,across_run_medians_population_stddev_us,across_run_medians_cv_percent,across_run_medians_range_over_median_percent,comparison_role,run1_baseline_over_candidate,run1_time_reduction_percent,run2_baseline_over_candidate,run2_time_reduction_percent,run3_baseline_over_candidate,run3_time_reduction_percent,minimum_time_reduction_percent,maximum_time_reduction_percent,stable_candidate_every_run_at_least_5_percent,every_run_faster,any_run_slowdown,every_run_slowdown,any_run_regression_over_3_percent,every_run_regression_over_3_percent
bf16,1,1,1,64,1.0,baseline_fused,1,100,2909,true,128,164,5,10.7545602322,10.709503889099999,10.1427197456,11.0207998753,0.30889607757908105,2.8843173388589145,8.164723714791794,5,9.4566398859,9.470975875852,9.3619197607,9.67167973518,0.1071609469178262,1.1314667920446593,3.2755817945638115,5,11.7017602921,11.65260791782,11.2281596661,11.8758404255,0.22313703868956922,1.9149107243909935,5.534900247762358,3,10.7545602322,10.637653470066667,9.4566398859,11.7017602921,0.9202868403776031,8.651220336958726,20.87598523534168,baseline,,,,,,,,,,,,,,
bf16,1,1,1,64,1.0,baseline_split,1,100,2909,true,128,420,5,13.8035202026,13.8168320656,12.945920229,14.4102394581,0.537415455706569,3.889570729057215,10.608302864831415,5,13.5372805595,13.51987195014,13.3887994289,13.6243200302,0.08716657871670326,0.6447293216841498,1.7397925695993572,5,15.9231996536,15.86022400856,15.5750405788,16.0614395142,0.1816233976134404,1.1451502672056557,3.054655760031451,3,13.8035202026,14.421333471899999,13.5372805595,15.9231996536,1.0675274883861638,7.402418718534203,17.284859652326904,baseline,,,,,,,,,,,,,,
bf16,1,1,1,64,1.0,baseline_transform,1,100,2909,true,128,256,5,7.90527999401,7.83769595623,7.35487997532,8.05631995201,0.25484845118141397,3.2515735823975276,8.873056706675738,5,6.65343999863,6.841856002808,6.48191988468,7.76960015297,0.47082465413506436,6.881534103346093,19.353601573849684,5,8.59135985374,8.55859196186,8.19711983204,8.86016011238,0.22067978022975246,2.5784589476069977,7.717524252593883,3,7.90527999401,7.716693282126666,6.65343999863,8.59135985374,0.802312097267066,10.3970971494406,24.514246890412533,baseline,,,,,,,,,,,,,,
bf16,1,1,1,64,1.0,optimized_fused,1,100,2909,true,128,164,5,9.62303996086,9.638400077824,9.27488029003,10.0147199631,0.24960709271535417,2.589715001451842,7.688211584688058,5,8.80384027958,8.795135974884,8.71424019337,8.88831973076,0.05985352958088412,0.6805298946122722,1.9773136706462906,5,10.5753600597,10.54464006422,10.2886402607,10.7571196556,0.15596249811146715,1.4790689597900837,4.429914369395862,3,9.62303996086,9.66741343338,8.80384027958,10.5753600597,0.7239002401973704,7.488044710055133,18.409149159988335,candidate_vs_matching_baseline,1.1175844926283436,10.521306747180038,1.0741494149813384,6.903082005833117,1.1065117618729998,9.625904174096323,6.903082005833117,10.521306747180038,True,True,False,False,False,False
bf16,1,1,1,64,1.0,optimized_split,1,100,2909,true,128,420,5,15.029759407,15.12652802466,14.5433604717,16.0179197788,0.48372574680831626,3.1978636870253574,9.81093088165626,5,14.0313601494,13.97043204308,13.5116803646,14.2156803608,0.24775926758438385,1.7734545848000949,5.01733252303487,5,17.4643194675,17.09209585188,16.3430404663,17.5487995148,0.5142057227387166,3.0084416047910114,6.904128447397224,3,15.029759407,15.508479674633334,14.0313601494,17.4643194675,1.4418003192570519,9.296851461303156,22.841079654948608,candidate_vs_matching_baseline,0.9184125859107972,-8.883525263135628,0.9647874771483841,-3.649769890846155,0.9117560912254309,-9.678455633454153,-9.678455633454153,-3.649769890846155,False,False,True,True,True,True
bf16,1,1,1,64,1.0,optimized_transform,1,100,2909,true,128,256,5,8.15104007721,8.134655952454,7.84384012222,8.34559977055,0.1826454869111577,2.2452761122129403,6.155774521743576,5,6.90432012081,6.918143987655999,6.85311973095,7.02975988388,0.060788032335624076,0.8786754430680798,2.558400390468527,5,8.7577599287,8.714752078056,8.54784011841,8.77824008465,0.08587871288026638,0.9854406885138074,2.630809340696314,3,8.15104007721,7.937706708906667,6.90432012081,8.7577599287,0.7715538974008082,9.720110929962557,22.738690895069315,candidate_vs_matching_baseline,0.9698492363094697,-3.1088093449721965,0.9636633125651527,-3.7706828682855464,0.9809996989738561,-1.936830464476036,-3.7706828682855464,-1.936830464476036,False,False,True,True,True,False
bf16,1,1,1,64,1.0,warp64_fused,1,100,2909,true,128,164,5,8.24576020241,8.183808088304,7.76960015297,8.48384022713,0.2505893553761231,3.062014073060392,8.661906927044145,5,6.58688008785,6.557183980942,6.44864022732,6.63807988167,0.07315677047629507,1.11567359843677,2.8760149239612836,5,8.97791981697,9.002496004106,8.74495983124,9.33632016182,0.2058253848779419,2.2863146485604195,6.586830163733648,3,8.24576020241,7.936853369076666,6.58688008785,8.97791981697,1.000278401352204,12.602959319488741,28.997201839815407,candidate_vs_matching_baseline,1.3042533336170445,23.327778873546634,1.4356781601874746,30.346506081180667,1.303393272680094,23.277185715117565,23.277185715117565,30.346506081180667,True,True,False,False,False,False
bf16,1,1,1,64,1.0,warp64_split,1,100,2909,true,128,420,5,11.5072000027,11.5281918049,10.9081602097,12.3033595085,0.525837458176444,4.561317742414205,12.124576773434338,5,10.4627203941,10.42790412904,10.2425599098,10.5420804024,0.1009901125550863,0.9684603090456637,2.86274010312749,5,14.6483194828,14.96831965444,14.3129599094,16.2201595306,0.6649734388820632,4.442539003934316,13.01992097755259,3,11.5072000027,12.206079959866667,10.4627203941,14.6483194828,1.7787888817448292,14.572974186581192,36.373740681642005,candidate_vs_matching_baseline,1.1995550785039977,16.63575788056927,1.293858580712313,22.71180058569724,1.0870325208497096,8.006432114991213,8.006432114991213,22.71180058569724,True,True,False,False,False,False
bf16,1,1,1,64,1.0,warp64_transform,1,100,2909,true,128,256,5,6.74560010433,6.694911956788,6.31295979023,6.94015979767,0.21247325602789113,3.17365272910667,9.297912679961568,5,5.42720019817,5.364736080168,5.13791978359,5.44000029564,0.11514440768674825,2.1463200792375683,5.5660469674927135,5,7.88479983807,7.836672067644,7.69024014473,7.96415984631,0.11625209119647707,1.4834369767296751,3.47402226062151,3,6.74560010433,6.685866713523334,5.42720019817,7.88479983807,1.0041995339546481,15.019736063889505,36.43263166938204,candidate_vs_matching_baseline,1.1719164895256096,14.669687734763526,1.2259433512096118,18.430162452994125,1.0896103934380847,8.224076603687125,8.224076603687125,18.430162452994125,True,True,False,False,False,False
bf16,1,1,1,128,1.0,baseline_fused,1,100,2909,true,256,324,5,13.3478403091,13.86700820922,12.6028800011,16.8268799782,1.5070503137179183,10.867883619740699,31.645568715863742,5,11.1616003513,11.19027209282,11.0745596886,11.3792002201,0.10621268454643668,0.9491519389826614,2.7293624741233184,5,11.3868796825,11.34284782408,10.7980799675,11.5993595123,0.293413801369544,2.5867736737739606,7.03686670222266,3,11.3868796825,11.9654401143,11.1616003513,13.3478403091,0.9818215785649951,8.205478187063187,19.19964045251077,baseline,,,,,,,,,,,,,,
bf16,1,1,1,128,1.0,baseline_split,1,100,2909,true,256,836,5,16.5043199062,16.53145599364,15.1398396492,17.3619198799,0.7830967513170495,4.7370101678782754,13.463627967276947,5,15.1833605766,15.27705597876,14.7788798809,15.7824003696,0.34670237221352357,2.269431837492452,6.609343719641263,5,15.3036797047,15.1193599701,14.0467202663,15.8899199963,0.6578791401963275,4.351236702461925,12.044160395188646,3,15.3036797047,15.663786729166667,15.1833605766,16.5043199062,0.5963730317047079,3.807336259208859,8.631645166974526,baseline,,,,,,,,,,,,,,
bf16,1,1,1,128,1.0,baseline_transform,1,100,2909,true,256,512,5,8.71680021286,8.613888025284,8.06656002998,8.88575971127,0.28794432629363265,3.3427916110406963,9.397940313940252,5,7.09631979465,7.086080074308,7.0016002655,7.21408009529,0.07963195870496115,1.1237801135451846,2.9942256823063613,5,7.06560015678,7.054335951804,6.71231985092,7.27295994759,0.20786570871918145,2.946637502655712,7.93478380080738,3,7.09631979465,7.6262400547633336,7.06560015678,8.71680021286,0.7712444566450538,10.113036714118854,23.268399731997135,baseline,,,,,,,,,,,,,,
bf16,1,1,1,128,1.0,optimized_fused,1,100,2909,true,256,324,5,11.0387194157,12.05043172838,10.6675195694,16.3609600067,2.161586528911526,17.937834740150997,51.57700112571403,5,9.52319979668,9.508864045142,9.34656023979,9.65632021427,0.11147724890894128,1.1723508547363668,3.2526879735106426,5,9.60255980492,9.639936089516,9.47968006134,9.87904012203,0.13350936976482464,1.3849611504170027,4.158891678918603,3,9.60255980492,10.0548263391,9.52319979668,11.0387194157,0.6964714362953791,6.926737596521431,15.782454364340456,candidate_vs_matching_baseline,1.2091837654751707,17.299584351677765,1.1720430726646294,14.678903589566117,1.1858171064621519,15.66996339060509,14.678903589566117,17.299584351677765,True,True,False,False,False,False
bf16,1,1,1,128,1.0,optimized_split,1,100,2909,true,256,836,5,17.6051199436,18.72896003724,16.903680563,23.9155197144,2.62803953765335,14.031956565809578,39.82840885982725,5,15.5801594257,15.47161579132,15.039999485,15.815680027,0.29968695567214515,1.9370113614137041,4.978643162793896,5,15.7465600967,15.87865591048,15.1398396492,17.2441601753,0.7445432513728515,4.688956392596485,13.363683961305304,3,15.7465600967,16.310613155333332,15.5801594257,17.6051199436,0.9178718735853681,5.62745167728558,12.859700820145276,candidate_vs_matching_baseline,0.9374727328796091,-6.6697691492666245,0.9745317850569959,-2.6133796078816163,0.9718744672309215,-2.893947080348158,-6.6697691492666245,-2.6133796078816163,False,False,True,True,True,False
bf16,1,1,1,128,1.0,optimized_transform,1,100,2909,true,256,512,5,9.25696015358,9.128447890282,8.76287996769,9.44639980793,0.2874432178729462,3.1488728568955695,7.383847709181908,5,7.73375988007,7.675903916358,7.50079989433,7.8719997406,0.14128409439838996,1.8406183289671152,4.799733273676967,5,7.81055986881,7.7439998388280005,7.56479978561,7.82335996628,0.09836537136327825,1.2702140161480833,3.31039240480713,3,7.81055986881,8.267093300820001,7.73375988007,9.25696015358,0.7006434419933133,8.475088117413861,19.501806517002873,candidate_vs_matching_baseline,0.941648237460426,-6.196768625293192,0.9175769489478602,-8.982685446343242,0.9046214708621777,-10.543473951255965,-10.543473951255965,-6.196768625293192,False,False,True,True,True,True
bf16,1,1,1,128,1.0,warp64_fused,1,100,2909,true,256,324,5,9.48480010033,9.365504026412,8.88320028782,9.67167973518,0.2805020379753805,2.9950554415899715,8.313084503832265,5,7.49055981636,7.491072058676,7.30880022049,7.76448011398,0.17216749507483384,2.298302482292012,6.083389021135079,5,7.54688024521,8.232960104946,7.24735975266,11.3305604458,1.5597180743896986,18.944803017479565,54.10448503845817,3,7.54688024521,8.174080053966666,7.49055981636,9.48480010033,0.9271041932204767,11.342000409826882,26.424697612443804,candidate_vs_matching_baseline,1.407287467095442,28.941312746574745,1.4900889419402465,32.88991201438628,1.5088194475760028,33.723017581291636,28.941312746574745,33.723017581291636,True,True,False,False,False,False
bf16,1,1,1,128,1.0,warp64_split,1,100,2909,true,256,836,5,14.899200201,13.923328161239999,11.420160532,15.2499198914,1.521212494566373,10.925638446137832,25.704462707622078,5,11.3023996353,11.221503972999999,10.8185601234,11.4534401894,0.24048527335598385,2.1430752413813177,5.617214808235271,5,11.2153601646,11.2240641117,11.1257600784,11.3254404068,0.07385228378242686,0.6579816637490783,1.7804183322642424,3,11.3023996353,12.4723200003,11.2153601646,14.899200201,1.7164312975428964,13.761924786259577,32.593432857342236,candidate_vs_matching_baseline,1.1077319375232146,9.725451968469311,1.343374952800188,25.56061895336389,1.364528600071562,26.714617784665307,9.725451968469311,26.714617784665307,True,True,False,False,False,False
bf16,1,1,1,128,1.0,warp64_transform,1,100,2909,true,256,512,5,8.14848005772,8.82022380829,7.87455976009,11.6684794426,1.4319491298591969,16.2348389449407,46.55984497275145,5,5.48864006996,5.539840102196,5.2659201622,5.77023983002,0.1948090581210321,3.5165104863551844,9.188426666565443,5,5.51680028439,5.606912016868,5.38623988628,5.90080022812,0.19724570594588117,3.517902641462562,9.32715188722651,3,5.51680028439,6.384640137356667,5.48864006996,8.14848005772,1.2472761517054365,19.53557483071907,48.2134543693039,candidate_vs_matching_baseline,1.0697455416365123,6.519825409116875,1.2929103938676958,22.655119431089467,1.2807424217933698,21.920287562604358,6.519825409116875,22.655119431089467,True,True,False,False,False,False
bf16,1,1,1,256,1.0,baseline_fused,1,100,2909,true,512,644,5,16.0383999348,15.9375360012,15.498239994,16.122879982,0.22647886350253735,1.4210406394406567,3.894652774212601,5,13.076479435,13.09696006776,12.9715204239,13.2838404179,0.10210522379287527,0.7796101023795711,2.388410394039678,5,13.9571201801,13.93612790108,13.6396801472,14.2566394806,0.19864917982689362,1.4254259234482127,4.42039135178945,3,13.9571201801,14.3573331833,13.076479435,16.0383999348,1.2418725371340504,8.649743801854216,21.221573373159703,baseline,,,,,,,,,,,,,,
bf16,1,1,1,256,1.0,baseline_split,1,100,2909,true,512,1668,5,19.8528003693,19.79033637048,19.2895996571,20.0524806976,0.2784390495457555,1.4069445022727634,3.8426873101474732,5,16.8499195576,16.833023786560002,16.727039814,16.9139194489,0.06274020204686194,0.3727209254997645,1.1090832467251055,5,17.5513601303,17.55750393866,17.5052797794,17.617919445,0.04618232623728706,0.2630346910280217,0.641771718908228,3,17.5513601303,18.0846933524,16.8499195576,19.8528003693,1.282616216090037,7.092275169375887,17.109106014615584,baseline,,,,,,,,,,,,,,
bf16,1,1,1,256,1.0,baseline_transform,1,100,2909,true,512,1024,5,8.86272013187,8.964096069336,8.82175981998,9.33376014233,0.19021064817508362,2.1219166629165,5.777011061297831,5,6.65600001812,6.6734079122539995,6.53823971748,6.86847984791,0.11613938809849063,1.7403310216543257,4.96154040761672,5,7.21408009529,7.2412160635000005,7.14240014553,7.38816022873,0.0869737823998588,1.2010935958430788,3.4066725064565713,3,7.21408009529,7.57760008176,6.65600001812,8.86272013187,0.936843459186064,12.363326766757393,30.589071435327504,baseline,,,,,,,,,,,,,,
bf16,1,1,1,256,1.0,optimized_fused,1,100,2909,true,512,644,5,11.5788805485,11.47135996818,11.102720499,11.6351997852,0.19662379547229947,1.7140408462266659,4.598711282749866,5,9.23391997814,9.200640082358,9.03424024582,9.25952017307,0.08481286392331948,0.9218148211877787,2.4396998001208403,5,9.84319984913,9.813503980636,9.72800016403,9.8534399271,0.047662660565611276,0.4856844268842119,1.2743799271848295,3,9.84319984913,10.218666791923333,9.23391997814,11.5788805485,0.9934591378893262,9.722003448380761,23.823153103685716,candidate_vs_matching_baseline,1.3851425332199072,27.80526364493361,1.4161352346518832,29.385275111396993,1.4179454236453009,29.475423854525584,27.80526364493361,29.475423854525584,True,True,False,False,False,False
bf16,1,1,1,256,1.0,optimized_split,1,100,2909,true,512,1668,5,18.1606400013,17.961984157539998,17.4207997322,18.4704005718,0.3967608636436677,2.2088921811965703,5.779536621643654,5,14.320640564,14.26534414292,14.0927994251,14.3641602993,0.10680602533800268,0.7487097701110235,1.8948934091828316,5,15.4496002197,15.43014383316,15.1551997662,15.6108796597,0.1620914967128194,1.0504859738538421,2.9494607434498885,3,15.4496002197,15.976960261666667,14.320640564,18.1606400013,1.6114135368289526,10.085858075864394,24.855008431891736,candidate_vs_matching_baseline,1.0931773532143618,8.52353489947305,1.1766177275587963,15.010629486709881,1.1360397602987822,11.97491188715114,8.52353489947305,15.010629486709881,True,True,False,False,False,False
bf16,1,1,1,256,1.0,optimized_transform,1,100,2909,true,512,1024,5,9.60511982441,9.469439864158,8.90367984772,9.83807981014,0.3304919120901234,3.4900893488013085,9.728144775928358,5,7.14752018452,7.177728056908,7.07840025425,7.34207987785,0.08836104595155926,1.2310447714234407,3.689106386450975,5,7.74399995804,7.731199979782,7.58271992207,7.8719997406,0.11043059569963558,1.428375879403257,3.735534866960618,3,7.74399995804,8.165546655656666,7.14752018452,9.60511982441,1.0466534642056406,12.817922771656368,31.7355327118573,candidate_vs_matching_baseline,0.922707919722844,-8.376657295883216,0.9312320701850514,-7.384617864511833,0.9315702652865042,-7.345633202713953,-8.376657295883216,-7.345633202713953,False,False,True,True,True,True
bf16,1,1,1,256,1.0,warp64_fused,1,100,2909,true,512,644,5,10.967040062,12.02175998688,10.5216002464,16.9216001034,2.4561494880657735,20.430864455340174,58.35667436991988,5,7.8719997406,7.854592084884,7.69792020321,7.94368028641,0.08329090054567888,1.060410262500716,3.1219523792980803,5,8.62720012665,8.616960048676,8.54784011841,8.65535974503,0.03638436100581615,0.42224126374366355,1.2462864549515102,3,8.62720012665,9.15541330975,7.8719997406,10.967040062,1.3175926337765733,14.39140527247865,35.87537411864614,candidate_vs_matching_baseline,1.4624182864410147,31.62011106729046,1.6611381943469572,39.80031261678805,1.6178041514286334,38.187820873315815,31.62011106729046,39.80031261678805,True,True,False,False,False,False
bf16,1,1,1,256,1.0,warp64_split,1,100,2909,true,512,1668,5,15.0963199139,15.073791742320001,14.6585595608,15.4265594482,0.30610765082905256,2.03072761029097,5.087331825108324,5,11.3817596436,11.37152004242,11.2179195881,11.5686404705,0.12344418767983113,1.0855557323852782,3.0814293517190237,5,12.1907198429,12.16870403288,12.008960247,12.331520319,0.11938073039904533,0.9810472017108561,2.6459477057695016,3,12.1907198429,12.889599800133334,11.3817596436,15.0963199139,1.5949533736945942,12.373955735057775,30.47039320211593,candidate_vs_matching_baseline,1.3150754940626588,23.95873814736651,1.4804318563408394,32.452142547669524,1.4397312346179534,30.54259184247262,23.95873814736651,32.452142547669524,True,True,False,False,False,False
bf16,1,1,1,256,1.0,warp64_transform,1,100,2909,true,512,1024,5,8.11263978481,8.138751864432,8.06912004948,8.20735991001,0.05493928008819709,0.6750332360947494,1.7040058993971134,5,5.20448029041,5.205504059792,5.19424021244,5.22239983082,0.010812603264697698,0.20771481763342906,0.5410649442152421,5,5.77279984951,5.831680059432,5.63968002796,6.29760026932,0.2390717319074479,4.09953443040449,11.396900265229966,3,5.77279984951,6.363306641576667,5.20448029041,8.11263978481,1.258536614438866,19.778028709410624,50.37693268798928,candidate_vs_matching_baseline,1.0924582339356965,8.463319792337131,1.2788981121486103,21.807688157428583,1.2496674548490256,19.978711446813534,8.463319792337131,21.807688157428583,True,True,False,False,False,False
bf16,1,17,1,64,1.0,baseline_fused,17,100,2909,true,2176,2788,5,11.425280571,11.78214406968,11.3279998302,13.232640028,0.728699579392841,6.184779061292129,16.670401973623452,5,10.1375997066,10.110975742332,9.98399972916,10.2553594112,0.09967038183632394,0.9857642266812118,2.6767646177954085,5,12.4902403355,15.58118414878,12.0499205589,21.0201597214,4.082419568379091,26.200958344354998,71.81798685654282,3,11.425280571,11.351040204366667,10.1375997066,12.4902403355,0.9618950761270294,8.474069854470208,20.591534836103236,baseline,,,,,,,,,,,,,,
bf16,1,17,1,64,1.0,baseline_split,17,100,2909,true,2176,7140,5,14.5228803158,14.66572809218,14.1644799709,15.1782405376,0.41470863381496587,2.827739824496645,6.980437383327405,5,14.627840519,14.62528038028,14.4691205025,14.7404801846,0.09757594442662472,0.6671731542199442,1.855090515565401,5,16.5683197975,18.4647679329,16.3225603104,25.3209590912,3.4678045194353206,18.78065585247072,54.31087093187187,3,14.627840519,15.239680210766666,14.5228803158,16.5683197975,0.9404667368351871,6.171171073332351,13.983195120586611,baseline,,,,,,,,,,,,,,
bf16,1,17,1,64,1.0,baseline_transform,17,100,2909,true,2176,4352,5,7.94368028641,7.972352027894,7.69280016422,8.18943977356,0.1733131690057302,2.1739276991198433,6.2520090365374825,5,7.12960004807,7.186944007876,7.10911989212,7.29856014252,0.07954314642064697,1.1067728694348744,2.6570950561424898,5,8.82943987846,8.915967941284,8.50431978703,9.50528025627,0.3448061847982762,3.867288297456801,11.336624780490432,3,7.94368028641,7.967573404313334,7.12960004807,8.82943987846,0.6941623359884599,8.712343153470886,21.39864356447069,baseline,,,,,,,,,,,,,,
bf16,1,17,1,64,1.0,optimized_fused,17,100,2909,true,2176,2788,5,10.2527999878,10.21030390263,9.87392008305,10.5651199818,0.23130613982690665,2.265418757685813,6.741572054194675,5,9.27232027054,9.22265601158,9.09312009811,9.31584000587,0.0910381671280443,0.9871144170804641,2.4019867871434912,5,11.0745596886,11.60806393624,10.7212805748,14.0569603443,1.2329048759668482,10.62110686793996,30.120202186762363,3,10.2527999878,10.199893315646667,9.27232027054,11.0745596886,0.7367116428069931,7.222738709206646,17.578021810671423,candidate_vs_matching_baseline,1.1143571107009946,10.262160092383432,1.0933185449610885,8.535348219526428,1.1278317772179494,11.334294688280133,8.535348219526428,11.334294688280133,True,True,False,False,False,False
bf16,1,17,1,64,1.0,optimized_split,17,100,2909,true,2176,7140,5,15.9641599655,15.65542387964,14.4204795361,16.2764799595,0.6518358455591877,4.16364226590444,11.626045012145873,5,15.2550399303,15.62009620666,14.7609603405,17.6947200298,1.0553840536398003,6.756578446615534,19.231412718054447,5,17.8252804279,17.88160014152,17.1545600891,19.0489602089,0.6500344527321259,3.6352141172354315,10.627603461625764,3,15.9641599655,16.3481601079,15.2550399303,17.8252804279,1.0838591962360515,6.629854302150448,16.1000672954576,candidate_vs_matching_baseline,0.9097177895476657,-9.924199734208216,0.9588857574830572,-4.2877102090724595,0.9294843839633167,-7.5865304735949435,-9.924199734208216,-4.2877102090724595,False,False,True,True,True,True
bf16,1,17,1,64,1.0,optimized_transform,17,100,2909,true,2176,4352,5,8.31232011318,8.261119961738,7.95903980732,8.49152028561,0.2021202217010539,2.4466443126015474,6.405918817367237,5,7.457280159,7.44806396961,7.36768007278,7.51872003078,0.05277821760485075,0.7086165991618671,2.0254027578367686,5,9.32352006435,9.226751923562,8.67583990097,9.67679977417,0.336393719781882,3.645852002619105,10.735857983803058,3,8.31232011318,8.36437344551,7.457280159,9.32352006435,0.7627778217957428,9.119365924595375,22.45149224211051,candidate_vs_matching_baseline,0.9556513919398406,-4.640667970999113,0.9560590317188861,-4.596051794219558,0.9470071193626541,-5.595827059147207,-5.595827059147207,-4.596051794219558,False,False,True,True,True,True
bf16,1,17,1,64,1.0,warp64_fused,17,100,2909,true,2176,2788,5,8.27903985977,8.240127921104,7.74655997753,8.67327988148,0.30395035847286134,3.6886606783664897,11.19356736586294,5,6.74048006535,6.7737600803380005,6.68672025204,6.96832001209,0.0994519171901708,1.46819367693354,4.1777404178908215,5,9.01120007038,9.116160035134,8.80895972252,9.73312020302,0.3252793449047724,3.5681618537973714,10.255687070335236,3,8.27903985977,8.0102399985,6.74048006535,9.01120007038,0.9463024038769491,11.813658567710256,27.427335095510486,candidate_vs_matching_baseline,1.3800248295117408,27.537535657687783,1.5039877884534036,33.51009844113625,1.3860795718603205,27.854069831080874,27.537535657687783,33.51009844113625,True,True,False,False,False,False
bf16,1,17,1,64,1.0,warp64_split,17,100,2909,true,2176,7140,5,11.5737605095,11.52256011964,11.1897599697,11.8860805035,0.24599476053103006,2.134896741495289,6.016372407468121,5,10.9977602959,10.90969610214,10.7392001152,11.0310399532,0.12652317170727895,1.1597314033565125,2.6536297404918,5,15.3932797909,17.50425601004,14.4767999649,23.9385604858,3.5138772956968984,20.074416722889723,61.466826104814146,3,11.5737605095,12.6549335321,10.9977602959,15.3932797909,1.9505297120406,15.413196024245913,37.97831734458356,candidate_vs_matching_baseline,1.2548108545946928,20.30671424794116,1.3300744993008538,24.816241456727084,1.0763346098142546,7.092089125279333,7.092089125279333,24.816241456727084,True,True,False,False,False,False
bf16,1,17,1,64,1.0,warp64_transform,17,100,2909,true,2176,4352,5,6.86079978943,6.854143977166,6.54591977596,7.2115200758,0.21749223272556617,3.1731494618456093,9.701497205405245,5,5.67296028137,5.614591956138,5.42976021767,5.6806397438,0.0955451683970162,1.7017295137995565,4.42237409900238,5,7.80287981033,8.74956798554,7.62112021446,12.3955202103,1.830300495343482,20.918752770060575,61.187665476012,3,6.86079978943,6.778879960376667,5.67296028137,7.80287981033,0.8714633072235047,12.855564817747297,31.044770206549867,candidate_vs_matching_baseline,1.1578358981774,13.631974826990279,1.2567688992083383,20.430876302722144,1.1315616917193787,11.62655935439757,11.62655935439757,20.430876302722144,True,True,False,False,False,False
bf16,1,17,1,128,1.0,baseline_fused,17,100,2909,true,4352,5508,5,13.6755204201,13.58387184142,13.2019197941,13.831679821,0.22188812133892677,1.6334674232006852,4.605016902862367,5,11.8246400356,11.80006384848,11.6480004787,11.9423997402,0.12036449196908916,1.0200325482526407,2.4897101358998146,5,11.6607999802,11.69664001466,11.5865600109,11.9116795063,0.11995435358353482,1.0255453996463075,2.7881405731343714,3,11.8246400356,12.386986811966667,11.6607999802,13.6755204201,0.9135827039391666,7.375342509096594,17.038323651581415,baseline,,,,,,,,,,,,,,
bf16,1,17,1,128,1.0,baseline_split,17,100,2909,true,4352,14212,5,18.1247997284,18.8871679306,17.4822402,22.4921607971,1.824180590598163,9.658306620140339,27.641246646438166,5,16.3123202324,16.33331203462,16.0819196701,16.5657603741,0.1576380700229737,0.9651322994922579,2.966105968413885,5,15.8464002609,15.9057919979,15.6928002834,16.2815999985,0.2217462099367387,1.394122405008284,3.7156685771267877,3,16.3123202324,16.761173407233333,15.8464002609,18.1247997284,0.9828115834328036,5.863620401473017,13.967353724300832,baseline,,,,,,,,,,,,,,
bf16,1,17,1,128,1.0,baseline_transform,17,100,2909,true,4352,8704,5,9.11872029305,9.08288013935,8.69376003742,9.26720023155,0.2058979015321306,2.266878989629223,6.288603835859038,5,7.65695989132,7.660032033922,7.53152012825,7.83872008324,0.1021103011303587,1.3330270771475794,4.012035577439088,5,7.457280159,7.43833601475,7.19359993935,7.69536018372,0.1653578423206617,2.2230488377072777,6.72846176718248,3,7.65695989132,8.07765344779,7.457280159,9.11872029305,0.7406452732131865,9.169064729012643,21.698430677865037,baseline,,,,,,,,,,,,,,
bf16,1,17,1,128,1.0,optimized_fused,17,100,2909,true,4352,5508,5,11.5532803535,11.53433609008,11.1103999615,11.8092799187,0.2514571856297485,2.1800750703459384,6.0491906698020825,5,9.97120022774,10.025472044952,9.71264004707,10.2886402607,0.20991626303966524,2.093829219197332,5.776638724268719,5,9.98399972916,9.918463945392,9.65632021427,10.0095999241,0.13262268382395415,1.3371292626976685,3.538458728100575,3,9.98399972916,10.502826770133334,9.97120022774,11.5532803535,0.7428012317863832,7.072393442674609,15.846155535634281,candidate_vs_matching_baseline,1.183691557866254,15.518532395160445,1.1858793089625967,15.67438672365431,1.167948747648962,14.379804592199507,14.379804592199507,15.67438672365431,True,True,False,False,False,False
bf16,1,17,1,128,1.0,optimized_split,17,100,2909,true,4352,14212,5,18.8595199585,19.04947209358,17.8304004669,21.2172794342,1.1487049250254155,6.0301142172467275,17.958457981713018,5,16.3276803493,16.2047998905,15.8694398403,16.3891196251,0.19834306282787376,1.2239772423487414,3.182814543661009,5,15.8668804169,15.909888029080001,15.4675197601,16.3507199287,0.29969905188120116,1.8837282282151386,5.566312629792631,3,16.3276803493,17.018026908233335,15.8668804169,18.8595199585,1.3156510771123393,7.73092605979972,18.32862646486279,candidate_vs_matching_baseline,0.9610424744788446,-4.053673646659717,0.9990592590881621,-0.09416267386346266,0.9987092512540658,-0.12924169314676437,-4.053673646659717,-0.09416267386346266,False,False,True,True,True,False
bf16,1,17,1,128,1.0,optimized_transform,17,100,2909,true,4352,8704,5,9.72032010555,9.621504068374,9.14431989193,9.81248021126,0.24537899024855991,2.550318417004298,6.873850985097726,5,8.03583979607,8.099840044976,7.83104002476,8.40448021889,0.20148364563062296,2.4875015372136273,7.136033179885527,5,7.97183990479,8.420351982118,7.94368028641,9.71008002758,0.6790428795199787,8.064305161613644,22.157993164271048,3,8.03583979607,8.57599993547,7.97183990479,9.72032010555,0.809578279212868,9.4400453043905,21.758524872722194,candidate_vs_matching_baseline,0.9381090534090019,-6.597414913126798,0.9528512371618838,-4.948176693200423,0.9354528249518885,-6.900099430607987,-6.900099430607987,-4.948176693200423,False,False,True,True,True,True
bf16,1,17,1,128,1.0,warp64_fused,17,100,2909,true,4352,5508,5,9.75103974342,10.910207867626,9.31840002537,15.6902396679,2.4029907252550045,22.02515987239281,65.34523302327545,5,7.59039998055,7.881728053094,7.39584028721,9.24160003662,0.6874701545145034,8.722327767254475,24.317028801376228,5,7.57247984409,7.530495882034,7.39839971066,7.61856019497,0.08093178714915107,1.0747205551527539,2.907376300008589,3,7.59039998055,8.30463985602,7.57247984409,9.75103974342,1.0227853337906039,12.315830084421915,28.701516453842284,candidate_vs_matching_baseline,1.4024679193137572,28.69712125113629,1.5578414926617856,35.80861694142175,1.5398918478866288,35.06037444302238,28.69712125113629,35.80861694142175,True,True,False,False,False,False
bf16,1,17,1,128,1.0,warp64_split,17,100,2909,true,4352,14212,5,15.2524805069,16.57190418244,14.7123205662,22.622718811,3.0319795367331537,18.295903134329695,51.86302805777362,5,11.2921595573,11.50617599488,11.2102401257,11.9270396233,0.306660078218607,2.66517806050476,6.347762746025083,5,11.2998402119,11.97056031228,10.9875202179,14.4793605804,1.300016470036146,10.860113780158846,30.901679112441784,3,11.2998402119,12.6148267587,11.2921595573,15.2524805069,1.8651054875723792,14.785026566346476,35.04758364130971,candidate_vs_matching_baseline,1.1883181702937173,15.847453569372815,1.4445704694151826,30.775270492353467,1.4023561363471284,28.691437639741768,15.847453569372815,30.775270492353467,True,True,False,False,False,False
bf16,1,17,1,128,1.0,warp64_transform,17,100,2909,true,4352,8704,5,8.05631995201,8.106496095658,7.93600022793,8.47616016865,0.1931713333255875,2.3829202043168056,6.704797524646898,5,5.67296028137,5.684224009514,5.60383975506,5.81632018089,0.07381694764212363,1.2986284058927327,3.74549468516086,5,5.60895979404,5.574143886563999,5.46303987503,5.71135997772,0.09474906400836454,1.6997958060743483,4.427204184167295,3,5.67296028137,6.44608000914,5.60895979404,8.05631995201,1.138911328361462,17.668277879681625,43.14079486872367,candidate_vs_matching_baseline,1.1318716668861863,11.65076136669888,1.3497291557752402,25.91106180664574,1.3295299721927047,24.785448924421992,11.65076136669888,25.91106180664574,True,True,False,False,False,False
bf16,1,17,1,256,1.0,baseline_fused,17,100,2909,true,8704,10948,5,16.4940798283,16.4305920601,15.9360003471,16.8550395966,0.3027879323545707,1.8428303207031715,5.571934045833485,5,13.5628795624,13.54803204536,13.3708798885,13.6448001862,0.09426098327119992,0.6957540619597435,2.0196323091991606,5,14.3436801434,14.36467170716,14.3078398705,14.425599575,0.04375712751210776,0.3046162725062295,0.8209866876750196,3,14.3436801434,14.800213178033333,13.5628795624,16.4940798283,1.2394355055122732,8.374443601608789,20.435482641801247,baseline,,,,,,,,,,,,,,
bf16,1,17,1,256,1.0,baseline_split,17,100,2909,true,8704,28356,5,20.7923197746,21.8613758087,20.2086400986,26.6393589973,2.4034028590154364,10.993831678512077,30.92833781132877,5,17.7254402637,17.7884159088,17.7228796482,17.8944003582,0.07942777414920757,0.4465140378796424,0.9676527490900031,5,18.6700797081,18.6429438591,18.4780800343,18.8031995296,0.11902841165717172,0.6384636061598798,1.7413931830132896,3,18.6700797081,19.0626132488,17.7254402637,20.7923197746,1.282445429384921,6.727542612583043,16.426708181483736,baseline,,,,,,,,,,,,,,
bf16,1,17,1,256,1.0,baseline_transform,17,100,2909,true,8704,17408,5,9.37471985817,9.880575895308,8.96511971951,12.1907198429,1.1691524150228154,11.832836743635683,34.40742947192084,5,7.08607971668,7.178751945496,7.02719986439,7.37536013126,0.14119880226724876,1.966899028400583,4.913298760250491,5,7.68256008625,7.692799925804,7.4547201395,7.97183990479,0.16573299595604538,2.154391087179147,6.73108650611825,3,7.68256008625,8.0477865537,7.08607971668,9.37471985817,0.9693679052882335,12.045149294405217,29.790071483933268,baseline,,,,,,,,,,,,,,
bf16,1,17,1,256,1.0,optimized_fused,17,100,2909,true,8704,10948,5,12.2751998901,15.95955204962,12.1241605282,26.8108797073,5.653999664446953,35.427057394017375,119.64545840874577,5,9.68191981316,9.691135883332,9.55648005009,9.78431999683,0.07819695235337304,0.8068915067826643,2.3532517428032373,5,10.2988803387,10.30451202394,10.2169597149,10.4166400433,0.0650946504415608,0.6317101701694307,1.9388547282141215,3,10.2988803387,10.752000013986667,9.68191981316,12.2751998901,1.1061234016336523,10.287606028597091,25.180213689785834,candidate_vs_matching_baseline,1.3436913431937303,25.578146717596116,1.4008460950032724,28.614570610794754,1.3927417031442628,28.199177367749286,25.578146717596116,28.614570610794754,True,True,False,False,False,False
bf16,1,17,1,256,1.0,optimized_split,17,100,2909,true,8704,28356,5,19.1462397575,18.9107198715,18.3347201347,19.3817603588,0.4439338580279067,2.3475249014552393,5.468646780576605,5,15.4316794872,15.32415986062,15.060479641,15.4393601418,0.1497894903619049,0.9774727732176278,2.4552123514116952,5,16.1792004108,16.27596807478,16.0000002384,16.5401601791,0.21496907953754554,1.320775996548219,3.3386071436474145,3,16.1792004108,16.919039885166665,15.4316794872,19.1462397575,1.6041636110023518,9.481410422164446,22.958861847217374,candidate_vs_matching_baseline,1.0859740626853478,7.916769436717019,1.1486397367443115,12.940501010840356,1.1539556488611935,13.341556845198333,7.916769436717019,13.341556845198333,True,True,False,False,False,False
bf16,1,17,1,256,1.0,optimized_transform,17,100,2909,true,8704,17408,5,9.98143970966,9.80889594554,9.27232027054,10.1017594337,0.32191150240576005,3.2818321673819955,8.309814889301709,5,7.61344015598,7.619584083556,7.43936002254,7.76448011398,0.10849814041160977,1.4239378320630662,4.270344085973197,5,8.27647984028,8.279551863670001,8.12799990177,8.41727972031,0.0923503375124227,1.115402609139372,3.4952035662810745,3,8.27647984028,8.62378656864,7.61344015598,9.98143970966,0.9974373645264698,11.56611839343989,28.6111921901315,candidate_vs_matching_baseline,0.939215196490861,-6.4718718070412296,0.9307329632208662,-7.442203028829053,0.9282400530791473,-7.7307531260703,-7.7307531260703,-6.4718718070412296,False,False,True,True,True,True
bf16,1,17,1,256,1.0,warp64_fused,17,100,2909,true,8704,10948,5,11.0028803349,10.9629442692,10.6316804886,11.1923205853,0.18574101128696582,1.694262113589308,5.095393929912206,5,8.05375993252,7.994368076326,7.85664021969,8.061439991,0.08173406115088867,1.0223955210785276,2.5429088155837167,5,8.85760009289,9.017343997955999,8.68607997894,9.80224013329,0.40051238134460504,4.4415781568873385,12.601157679786679,3,8.85760009289,9.30474678677,8.05375993252,11.0028803349,1.2447979518297618,13.378095937008021,33.29480188146291,candidate_vs_matching_baseline,1.499069273341316,33.29194202139352,1.6840431892729897,40.61910012939126,1.6193641610568623,38.24736745147184,33.29194202139352,40.61910012939126,True,True,False,False,False,False
bf16,1,17,1,256,1.0,warp64_split,17,100,2909,true,8704,28356,5,15.1705598831,15.16134381294,14.9017596245,15.3983998299,0.18575518154874934,1.2251894280651419,3.2737104578009504,5,11.7990398407,11.779583930960001,11.6121602058,11.8707203865,0.09422188842616887,0.7998745030249135,2.1913662822640356,5,12.6105594635,12.60800004006,12.4544000626,12.8255999088,0.1322407157705594,1.0488635418019088,2.9435636640420313,3,12.6105594635,13.193386395766666,11.7990398407,15.1705598831,1.4367909320908527,10.890236130368113,26.73568965880162,candidate_vs_matching_baseline,1.3705703635739008,27.03767522067244,1.502278194074511,33.43443285375935,1.4805116110937564,32.45578133215512,27.03767522067244,33.43443285375935,True,True,False,False,False,False
bf16,1,17,1,256,1.0,warp64_transform,17,100,2909,true,8704,17408,5,7.95135974884,8.042495965956,7.8719997406,8.32000017166,0.16492929089074693,2.0507227058477238,5.634261877351959,5,5.35552024841,5.348352074622,5.24544000626,5.42464017868,0.058810979352124336,1.0996093475443247,3.346083370204838,5,5.99039971828,5.972479939458,5.84447979927,6.06464028358,0.07550927406988042,1.2642867759340326,3.675221932823104,3,5.99039971828,6.432426571843333,5.35552024841,7.95135974884,1.104879022774739,17.176706339892426,43.33332703172824,candidate_vs_matching_baseline,1.1790083902992379,15.182961527000217,1.3231356409834851,24.42195879050607,1.2824787071898205,22.025995878620908,15.182961527000217,24.42195879050607,True,True,False,False,False,False
bf16,1,257,1,64,1.0,baseline_fused,257,100,2909,true,32896,42148,5,15.5519998074,15.98976039886,13.690880537,20.7078409195,2.4705877597316004,15.451061792694171,45.119344582046416,5,13.3939194679,13.40979218482,13.2889604568,13.6704003811,0.1379685519984441,1.0288642068191458,2.847858875172149,5,16.102399826,16.82892775536,15.4700803757,20.0755190849,1.6530338063592525,9.82257354948097,28.60094618793253,3,15.5519998074,15.016106367099999,13.3939194679,16.102399826,1.1688606409864273,7.784046092983056,17.415640378359843,baseline,,,,,,,,,,,,,,
bf16,1,257,1,64,1.0,baseline_split,257,100,2909,true,32896,107940,5,21.8444800377,21.86547183992,20.3340792656,23.2703995705,1.228160641166567,5.616895213412694,13.441932698019784,5,20.8870410919,21.13075256346,20.7206392288,21.7292809486,0.38700065676134865,1.8314570463077735,4.8290311459728565,5,24.194560051,24.21811199188,24.0870404243,24.4684791565,0.13309389858467943,0.5495634780667625,1.5765475023970688,3,21.8444800377,22.308693726866665,20.8870410919,24.194560051,1.3896141378355802,6.229025127374665,15.14121166258828,baseline,,,,,,,,,,,,,,
bf16,1,257,1,64,1.0,baseline_transform,257,100,2909,true,32896,65792,5,12.2598397732,11.66284799576,10.19135952,12.3596799374,0.8483293450817976,7.273775199592807,17.686368317308236,5,10.2963197231,10.32396769524,10.0377595425,10.6700801849,0.2028543298094391,1.9648872971867952,6.14122967628303,5,12.5388801098,12.039679884918,9.66911971569,12.8768002987,1.1973786430774578,9.945269762341468,25.581874576685486,3,12.2598397732,11.698346535366666,10.2963197231,12.5388801098,0.9979062294285412,8.53031859170569,18.29192247358921,baseline,,,,,,,,,,,,,,
bf16,1,257,1,64,1.0,optimized_fused,257,100,2909,true,32896,42148,5,14.3283200264,14.0267522335,12.7129602432,14.9401605129,0.7705921390995615,5.493731736838991,15.544043304423502,5,12.4927997589,12.4687359333,12.3391997814,12.5440001488,0.06989518585185711,0.5605635264533068,1.6393472348269957,5,14.7737598419,14.7194879055,14.4076800346,14.8352003098,0.15853321534661705,1.07702942089025,2.893781134762356,3,14.3283200264,13.864959875733334,12.4927997589,14.7737598419,0.9871581085720155,7.119805015085221,15.9192430012543,candidate_vs_matching_baseline,1.0854028789659473,7.868311446465837,1.0721311256396335,6.727826840826035,1.089932420610482,8.251192359257464,6.727826840826035,8.251192359257464,True,True,False,False,False,False
bf16,1,257,1,64,1.0,optimized_split,257,100,2909,true,32896,107940,5,22.6278400421,22.90124750136,22.1183991432,23.7388801575,0.6898248374950346,3.012171443734972,7.161448071424527,5,21.5167999268,21.62995243074,21.3504004478,21.9084811211,0.2217464389437603,1.0251822774636308,2.5936973676317456,5,24.8012804985,25.08083200454,24.4582390785,25.7612800598,0.5056671433710156,2.0161497963045343,5.253926229247758,3,22.6278400421,22.981973489133335,21.5167999268,24.8012804985,1.3640652550860533,5.93537041425546,14.515219152995119,candidate_vs_matching_baseline,0.9653806990440745,-3.5860775951089385,0.9707317613658891,-3.015069641167245,0.9755367289387863,-2.5076729902138606,-3.5860775951089385,-2.5076729902138606,False,False,True,True,True,False
bf16,1,257,1,64,1.0,optimized_transform,257,100,2909,true,32896,65792,5,12.3775994778,12.05759978296,11.3279998302,12.5260794163,0.4938184833676139,4.095495722668506,9.67941795377069,5,10.6470394135,10.65164756776,10.5676794052,10.7417595387,0.0740085119914218,0.6948081179049516,1.635009759419826,5,13.0355203152,12.350464224816,9.91743981838,13.1456005573,1.2384334591538957,10.02742436730022,24.764341283376467,3,12.3775994778,12.020053068833333,10.6470394135,13.0355203152,1.0073363656594985,8.38046521001983,19.29680230794258,candidate_vs_matching_baseline,0.9904860627611024,-0.9605321666391164,0.9670594165402167,-3.406262624237999,0.9619010063740305,-3.9608019300849895,-3.9608019300849895,-0.9605321666391164,False,False,True,True,True,False
bf16,1,257,1,64,1.0,warp64_fused,257,100,2909,true,32896,42148,5,11.3894402981,11.12166392803,9.98655974865,12.2982394695,0.8468185343047724,7.61413525696034,20.296692904528744,5,9.3055999279,9.28307199478,9.10848021507,9.45407986641,0.11685937648543446,1.2588438024734279,3.71388899176533,5,12.4825596809,14.52953600882,12.2624003887,18.3091199398,2.6622707542224098,18.323164295172997,48.44134300717421,3,11.3894402981,11.059199968966666,9.3055999279,12.4825596809,1.3178422577038638,11.916253087039518,27.89390584478488,candidate_vs_matching_baseline,1.3654753350780902,26.765429275014252,1.4393397063785671,30.52369808403065,1.2899918155920251,22.480128330034177,22.480128330034177,30.52369808403065,True,True,False,False,False,False
bf16,1,257,1,64,1.0,warp64_split,257,100,2909,true,32896,107940,5,17.9711997509,17.61484789848,16.1843204498,18.9183998108,1.0189472769707821,5.784593104881183,15.213671868863827,5,15.6032001972,15.76294398306,15.4265594482,16.5939199924,0.4220185032863225,2.6772822623734127,7.4815456409351375,5,19.0975999832,19.02950406072,18.716160059,19.2179203033,0.17910210890111086,0.9411811696701378,2.6273471260336163,3,17.9711997509,17.557333310433332,15.6032001972,19.0975999832,1.4562901585896544,8.294483751266847,19.444443523171007,candidate_vs_matching_baseline,1.2155270844733683,17.731162655807566,1.338638281116728,25.297220757367466,1.26689008421392,21.06655403965213,17.731162655807566,25.297220757367466,True,True,False,False,False,False
bf16,1,257,1,64,1.0,warp64_transform,257,100,2909,true,32896,65792,5,9.98655974865,9.586687922475999,8.42751979828,10.6879997253,0.864586474054834,9.018614990353553,22.63522157693568,5,8.0025601387,7.965695858002,7.79007971287,8.02815973759,0.08939648077314585,1.1222683161238443,2.975048241982671,5,10.3654396534,11.225087761884,9.29791986942,15.7439994812,2.2974787837671005,20.467356981995618,62.188192950075226,3,9.98655974865,9.451519846916666,8.0025601387,10.3654396534,1.0361790941024105,10.963094940126899,23.6605955821715,candidate_vs_matching_baseline,1.227633948202964,18.542493756887325,1.2866282220495273,22.27747045630202,1.2096814538577805,17.333609041379272,17.333609041379272,22.27747045630202,True,True,False,False,False,False
bf16,1,257,1,128,1.0,baseline_fused,257,100,2909,true,65792,83268,5,17.6716804504,17.59488010406,17.1596801281,17.8969597816,0.24318105520412,1.3821126018813066,4.1720970202542995,5,15.6928002834,15.750144243240001,15.5776000023,16.0998404026,0.18590333646532886,1.18032783442678,3.327898086184352,5,15.5673599243,15.61241602898,15.4649603367,15.8438396454,0.12672983865304224,0.8117247094735652,2.433805799714206,3,15.6928002834,16.3106135527,15.5673599243,17.6716804504,0.9637811459502658,5.908920242860667,13.409464774275955,baseline,,,,,,,,,,,,,,
bf16,1,257,1,128,1.0,baseline_split,257,100,2909,true,65792,214852,5,25.7049608231,25.59078407288,24.8371195793,26.303999424,0.5180835416831641,2.0244926462890462,5.706602141100229,5,23.4931206703,23.8720002174,23.4470391273,24.9216008186,0.56433503908901,2.36400399610282,6.276567987683919,5,23.4163188934,23.22841548918,22.3385596275,23.5161590576,0.4471568169343264,1.9250422705010417,5.028969051288035,3,23.4931206703,24.204800128933332,23.4163188934,25.7049608231,1.061237079850903,4.384407531555478,9.741753604463879,baseline,,,,,,,,,,,,,,
bf16,1,257,1,128,1.0,baseline_transform,257,100,2909,true,65792,131584,5,12.3622405529,12.52761602404,11.6864001751,13.6268794537,0.632537592466682,5.049145753293103,15.696825104610943,5,10.8441603184,10.93836784362,10.6470394135,11.2153601646,0.21219557370136938,1.9399198923917726,5.240799973564506,5,10.7212805748,10.80320000648,10.5983996391,11.1411201954,0.19845536852002144,1.8370054095173978,5.062087056798466,3,10.8441603184,11.3092271487,10.7212805748,12.3622405529,0.7462809032866263,6.598867398046838,15.132199542602438,baseline,,,,,,,,,,,,,,
bf16,1,257,1,128,1.0,optimized_fused,257,100,2909,true,65792,83268,5,14.7763204575,14.76659178736,14.5100796223,14.9657595158,0.149117741108228,1.0098318099093844,3.0838522676239886,5,13.3913600445,13.35142397882,13.1711995602,13.5577595234,0.14318243927150676,1.0724132459477274,2.886637069837913,5,13.1763195992,13.15993618966,12.9075205326,13.383680582,0.16374065321110848,1.2442359206860174,3.6137560706170997,3,13.3913600445,13.781333367066667,13.1763195992,14.7763204575,0.7090181384024197,5.144771696015746,11.948008663669242,candidate_vs_matching_baseline,1.1959459393986278,16.38418033319782,1.1718600822658958,14.665580376591459,1.1814649612206714,15.359318065021977,14.665580376591459,16.38418033319782,True,True,False,False,False,False
bf16,1,257,1,128,1.0,optimized_split,257,100,2909,true,65792,214852,5,25.1417589188,25.1258878708,24.5248007774,25.71007967,0.3755138870125135,1.4945298209696947,4.714383335024724,5,22.9350399971,22.82803201674,22.4793601036,23.091199398,0.21753303918485864,0.9529206855209407,2.667705373425827,5,22.6662397385,23.980032444,22.5510406494,29.1916799545,2.607486325258733,10.873572966791993,29.29748993089694,3,22.9350399971,23.5810128848,22.6662397385,25.1417589188,1.109056515464355,4.703175902080261,10.793611786214525,candidate_vs_matching_baseline,1.0224010542030477,2.191024169131861,1.0243331022431428,2.375506775077052,1.0330923507186744,3.203232576028048,2.191024169131861,3.203232576028048,False,True,False,False,False,False
bf16,1,257,1,128,1.0,optimized_transform,257,100,2909,true,65792,131584,5,12.7718400955,12.78464007376,12.3801600933,13.0099201202,0.2275550470532631,1.7799096864706532,4.930848039053416,5,11.3305604458,11.373568058,11.2563204765,11.5225601196,0.09284562601165348,0.8163280470841096,2.349748226255568,5,11.3203203678,11.285504102700001,11.0336005688,11.5328001976,0.16548450453761906,1.4663457035829504,4.40976591280883,3,11.3305604458,11.807573636366667,11.3203203678,12.7718400955,0.6818521677296888,5.77470180350705,12.810661349395536,candidate_vs_matching_baseline,0.9679294808314803,-3.3133115380440836,0.9570718386149824,-4.485364593648544,0.9470827879832857,-5.587390319846897,-5.587390319846897,-3.3133115380440836,False,False,True,True,True,True
bf16,1,257,1,128,1.0,warp64_fused,257,100,2909,true,65792,83268,5,12.0627200603,13.46816039084,11.6582405567,19.6300804615,3.0897662618838253,22.9412642277801,66.08658631676595,5,10.0582396984,10.053119897828,9.98911976814,10.1171195507,0.04570855379519375,0.45467033378433286,1.2725863212462643,5,9.85855996609,9.840640068056,9.7612798214,9.8918402195,0.045507647103442454,0.4624460074621183,1.324335385178791,3,10.0582396984,10.659839908263333,9.85855996609,12.0627200603,0.9953299418141585,9.3371940890275,21.91397461486848,candidate_vs_matching_baseline,1.4649830520862228,31.739824663777462,1.5601935084025003,35.90538643992236,1.5790703690849652,36.67159997565677,31.739824663777462,36.67159997565677,True,True,False,False,False,False
bf16,1,257,1,128,1.0,warp64_split,257,100,2909,true,65792,214852,5,18.1811201572,18.0305919647,16.7756795883,18.6419200897,0.6543261358815771,3.6289775574901038,10.264716834077687,5,16.3839995861,16.41727995874,16.3660800457,16.5171194077,0.055499328221945914,0.33805434494281106,0.92187112924577,5,16.3558399677,16.3031039238,15.8412802219,16.6784000397,0.2891671200033494,1.7736936558516954,5.118170754013065,3,16.3839995861,16.973653237,16.3558399677,18.1811201572,0.8538854386704194,5.0306520744107,11.140626438055737,candidate_vs_matching_baseline,1.4138271240081126,29.269994681877254,1.4339063271358539,30.260437444512643,1.4316793842225923,30.15195922912559,29.269994681877254,30.260437444512643,True,True,False,False,False,False
bf16,1,257,1,128,1.0,warp64_transform,257,100,2909,true,65792,131584,5,9.77663993835,9.689087986946,9.29279983044,9.87392008305,0.2072393367617339,2.138894156405073,5.943967009877181,5,8.1536000967,8.130048036576,7.93600022793,8.35327982903,0.1420132771157536,1.7467704554371002,5.117734450440927,5,8.09472024441,8.018944025042,7.74143993855,8.16640019417,0.15398870456807046,1.920311503449657,5.24984487158116,3,8.1536000967,8.67498675982,8.09472024441,9.77663993835,0.7793572153064608,8.983958556757866,20.627939486763907,candidate_vs_matching_baseline,1.2644672025209482,20.915307411191375,1.329984324689771,24.81114390327437,1.3244782093864,24.498569103430047,20.915307411191375,24.81114390327437,True,True,False,False,False,False
bf16,1,257,1,256,1.0,baseline_fused,257,100,2909,true,131584,165508,5,22.8864002228,22.77836751936,22.3308801651,23.0195188522,0.2391338034645446,1.0498285413179755,3.0089427799744595,5,19.8707199097,19.87583994866,19.783680439,19.9654400349,0.061589016760295316,0.309868749795641,0.9147106734229112,5,20.6643199921,20.57727956772,20.3750395775,20.6924796104,0.12548693112058504,0.609832464527716,1.5361745899277424,3,20.6643199921,21.140480041533333,19.8707199097,22.8864002228,1.2763563327461998,6.0374992915895245,14.593658606975202,baseline,,,,,,,,,,,,,,
bf16,1,257,1,256,1.0,baseline_split,257,100,2909,true,131584,428676,5,30.8249592781,30.68006372452,30.0595188141,31.0963201523,0.36029179362373565,1.1743515165380332,3.3635124343428067,5,27.8272008896,27.80313587188,27.6275205612,27.9782390594,0.11992788470842979,0.4313466123428345,1.2603441488470903,5,28.6182403564,28.54553604126,28.2342410088,28.6719989777,0.15812875517008604,0.5539526563506293,1.5296466989176731,3,28.6182403564,29.090133508033333,27.8272008896,30.8249592781,1.2685033698219221,4.360596590151849,10.47499200218856,baseline,,,,,,,,,,,,,,
bf16,1,257,1,256,1.0,baseline_transform,257,100,2909,true,131584,263168,5,12.8153598309,15.19718384744,10.0889599323,20.7718396187,4.2508812084391705,27.971506110029992,83.35996669123382,5,10.6982398033,10.738175869,10.5779194832,10.967040062,0.13441953210589894,1.251791121189905,3.637239265098275,5,11.263999939,11.27475214004,11.2204802036,11.3843202591,0.05736693193470726,0.5088088076985764,1.454545955142707,3,11.263999939,11.592533191066666,10.6982398033,12.8153598309,0.8949859872651198,7.720365967593742,18.795454892269426,baseline,,,,,,,,,,,,,,
bf16,1,257,1,256,1.0,optimized_fused,257,100,2909,true,131584,165508,5,15.5519998074,15.55404806136,15.3139197826,15.7132804394,0.15033465143663122,0.966530711770775,2.567905489620542,5,13.2556796074,13.26592016222,13.1353604794,13.3606398106,0.08571971931722075,0.646164896735485,1.6994928805780636,5,13.9059197903,13.68678426742,12.7129602432,14.0825605392,0.4945522785776567,3.61335627795996,9.849044986979985,3,13.9059197903,14.2378664017,13.2556796074,15.5519998074,0.9664067569600173,6.787581296904348,16.513256473705436,candidate_vs_matching_baseline,1.471604970822474,32.04698136884493,1.4990344137924958,33.2903907475986,1.4860088583650746,32.70565014664768,32.04698136884493,33.2903907475986,True,True,False,False,False,False
bf16,1,257,1,256,1.0,optimized_split,257,100,2909,true,131584,428676,5,25.8432006836,26.7417602539,25.1571202278,31.4419198036,2.376627949152177,8.887328009028767,24.318967502304435,5,22.0953607559,22.10611248016,21.8572807312,22.2745609283,0.15000257832397526,0.678557021089081,1.8885421320336575,5,23.2217597961,23.16236829758,22.7865600586,23.5622406006,0.2986124191307448,1.2892136732060504,3.3403176538337647,3,23.2217597961,23.72010707853333,22.0953607559,25.8432006836,1.5701037208513966,6.619294405598779,16.139344996279885,candidate_vs_matching_baseline,1.1927686378901745,16.161444203559284,1.259413738341858,20.597975902930965,1.2323889579292917,18.856786766392396,16.161444203559284,20.597975902930965,True,True,False,False,False,False
bf16,1,257,1,256,1.0,optimized_transform,257,100,2909,true,131584,263168,5,13.2863998413,13.15071964266,12.6847994328,13.4732794762,0.29137710789993493,2.21567424306369,5.934489800232081,5,11.0284805298,11.00441598894,10.8032000065,11.2127995491,0.14120047945164726,1.2831256069705195,3.7140161012500656,5,11.6403198242,11.5788795948,11.3663995266,11.7094397545,0.1255184185040509,1.0840290502754724,2.9470000230305144,3,11.6403198242,11.985066731766667,11.0284805298,13.2863998413,0.9534805458664738,7.95557143907471,19.397399260506827,candidate_vs_matching_baseline,0.9645472049594805,-3.675589422500969,0.9700556458700128,-3.0868697334502926,0.967671001236784,-3.3409080898255894,-3.675589422500969,-3.0868697334502926,False,False,True,True,True,True
bf16,1,257,1,256,1.0,warp64_fused,257,100,2909,true,131584,165508,5,13.4451198578,13.37497615816,12.9945600033,13.5219204426,0.1933680636893004,1.445745109394663,3.922318617294139,5,10.4140794277,10.4263677597,10.327039957,10.6137597561,0.10177603342353879,0.9761408360917745,2.753193895730864,5,11.2307202816,11.26758408546,11.1334395409,11.420160532,0.11111254791262327,0.9861257486066243,2.5530062534791664,3,11.2307202816,11.6966398557,10.4140794277,13.4451198578,1.2805239316707677,10.94779310527154,26.988833788923976,candidate_vs_matching_baseline,1.7022087169808882,41.25279761381767,1.9080630263724179,47.590829748366026,1.8399817174643434,45.65163389894504,41.25279761381767,47.590829748366026,True,True,False,False,False,False
bf16,1,257,1,256,1.0,warp64_split,257,100,2909,true,131584,428676,5,19.8425602913,19.83078432086,19.6096003056,19.9475204945,0.12401193588638357,0.6253506360610025,1.703006990726704,5,16.8140804768,16.75929641724,16.581120491,16.883200407,0.12147027219671028,0.7247933873390764,1.7965889744420391,5,17.6076805592,17.53804826738,17.210880518,17.7510404587,0.18192504328538964,1.0373163564828491,3.0677518193489006,3,17.6076805592,18.0881071091,16.8140804768,19.8425602913,1.282193367916894,7.0885989351082035,17.19976577447403,candidate_vs_matching_baseline,1.5534769115261426,35.62826762467969,1.654993915843085,39.57681714554333,1.6253270986022628,38.47392313461254,35.62826762467969,39.57681714554333,True,True,False,False,False,False
bf16,1,257,1,256,1.0,warp64_transform,257,100,2909,true,131584,263168,5,10.0223994255,10.032128095614,9.84831988811,10.2502405643,0.1327396303096077,1.3231452892596223,4.010224090325051,5,7.80287981033,7.796736001968,7.7004802227,7.89247989655,0.0670816842079414,0.8603816288124813,2.4606258012050524,5,8.37119996548,8.357375979424,8.26623976231,8.46848011017,0.07869841000825409,0.9416641084714974,2.415906306072856,3,8.37119996548,8.73215973377,7.80287981033,10.0223994255,0.941376933459378,10.78057390336984,26.513756980152763,candidate_vs_matching_baseline,1.278671831646808,21.79385083410378,1.3710630002447197,27.063891314876788,1.345565747497244,25.68181808581239,21.79385083410378,27.063891314876788,True,True,False,False,False,False
bf16,4,64,16,64,1.0,baseline_fused,4096,100,2909,true,524288,671744,5,26.0249590874,25.79353618624,25.2543997765,26.1299204826,0.351108780603008,1.3612277822934293,3.3641578576923945,5,23.897600174,23.932928085340002,23.6441588402,24.345600605,0.22794919600093844,0.9524500938126648,2.9351975080876667,5,26.0812807083,26.752000331879998,25.7587194443,29.6524810791,1.466568112934245,5.482087674717002,14.92933448456335,3,26.0249590874,25.334613323233334,23.897600174,26.0812807083,1.0163818588658253,4.011830951979611,8.390716492450622,baseline,,,,,,,,,,,,,,
bf16,4,64,16,64,1.0,baseline_split,4096,100,2909,true,524288,1720320,5,35.2537608147,35.205120086680004,34.9772810936,35.4252791405,0.15410229280461107,0.4377269341084176,1.2707808657770188,5,33.2876801491,33.36857604982,33.0419206619,33.9507198334,0.30753495431301314,0.9216304401298302,2.7301366975090073,5,35.3971195221,35.653632164,35.0361609459,36.2931203842,0.5247493394024967,1.471797703495533,3.5510218211830065,3,35.2537608147,34.64618682863333,33.2876801491,35.3971195221,0.9623905058063712,2.7777674656277145,5.983586784081242,baseline,,,,,,,,,,,,,,
bf16,4,64,16,64,1.0,baseline_transform,4096,100,2909,true,524288,1048576,5,15.2473604679,15.12294387818,14.4998395443,15.523840189,0.3475633933758113,2.2982522197764017,6.715920744812257,5,13.5552000999,13.55264019966,13.3580803871,13.6985599995,0.11275623656626921,0.831987235735056,2.511800710359952,5,15.3318405151,15.45984005926,15.2550399303,15.9487998486,0.25817697554969626,1.6699847770744285,4.52496174622173,3,15.2473604679,14.711467027633333,13.5552000999,15.3318405151,0.8183312799924568,5.562540285447682,11.652117879290183,baseline,,,,,,,,,,,,,,
bf16,4,64,16,64,1.0,optimized_fused,4096,100,2909,true,524288,671744,5,22.3795199394,22.296063899980002,22.064640522,22.4383997917,0.14857353631867148,0.6663666599861365,1.6700951169286766,5,20.7103991508,20.69657564162,20.5823993683,20.8025598526,0.08471373529407056,0.4093128098143664,1.0630431731273433,5,23.1347203255,24.395776271819997,21.9212794304,28.4620809555,2.4759753447376682,10.149196800094089,28.27266304961756,3,22.3795199394,22.074879805233333,20.7103991508,23.1347203255,1.0128960124427082,4.58845539083107,10.83276666016364,candidate_vs_matching_baseline,1.1628917491470432,14.007473117469527,1.1538937516362104,13.336908308758112,1.1273652908417564,11.29760618642588,11.29760618642588,14.007473117469527,True,True,False,False,False,False
bf16,4,64,16,64,1.0,optimized_split,4096,100,2909,true,524288,1720320,5,34.0172791481,33.84985589982,33.1520009041,34.3935990334,0.42154233318137935,1.245329771650877,3.6499042850972683,5,31.7849588394,31.64876747132,31.0655999184,32.1228790283,0.36746951138878936,1.1610863257843735,3.326350413861212,5,35.1564788818,35.37407970426,33.4719991684,36.968960762,1.180395445843938,3.3368937247625032,9.946848219234868,3,34.0172791481,33.6529056231,31.7849588394,35.1564788818,1.4003244620127422,4.161080406238481,9.911198446299927,candidate_vs_matching_baseline,1.0363486350926765,3.5073752077095177,1.0472777491168952,4.514346758227383,1.0068448447613045,0.6798311375301513,0.6798311375301513,4.514346758227383,False,True,False,False,False,False
bf16,4,64,16,64,1.0,optimized_transform,4096,100,2909,true,524288,1048576,5,15.9539198875,15.92678403854,15.5903995037,16.3712000847,0.28895411128338644,1.814265269022099,4.894098669830741,5,14.2745602131,14.56793618202,14.2464005947,15.7260799408,0.5795255224185653,3.978089381897662,10.365848922911637,5,16.0614395142,16.12031984328,15.8233594894,16.7475199699,0.32799593549463285,2.0346738692741444,5.753908170453503,3,15.9539198875,15.429973204933333,14.2745602131,16.0614395142,0.8181786698940391,5.302528131626617,11.200252437647205,candidate_vs_matching_baseline,0.9557124879288386,-4.633978589851706,0.9496054447590035,-5.306894091554626,0.9545744951157735,-4.758717639812615,-5.306894091554626,-4.633978589851706,False,False,True,True,True,True
bf16,4,64,16,64,1.0,warp64_fused,4096,100,2909,true,524288,671744,5,18.3552002907,18.36902403832,17.9584002495,18.7929594517,0.26429590467270064,1.4388129936644838,4.546718036211493,5,16.3481605053,26.6419198513,16.1356794834,68.0575990677,20.708018893514343,77.72720212767959,317.60098983287537,5,18.4396803379,18.57945609092,18.2323205471,19.3817603588,0.40860239554425903,2.1992161317572037,6.23351267829465,3,18.3552002907,17.714347044633335,16.3481605053,18.4396803379,0.9666552176742993,5.456905723020443,11.394699047003625,candidate_vs_matching_baseline,1.41785208961114,29.47078137930029,1.46179138418983,31.59078574305383,1.4144106747172744,29.2991761250749,29.2991761250749,31.59078574305383,True,True,False,False,False,False
bf16,4,64,16,64,1.0,warp64_split,4096,100,2909,true,524288,1720320,5,27.5072002411,27.5077123642,27.4227190018,27.6377606392,0.07254189358267511,0.2637147452402658,0.7817649034258798,5,25.8483195305,25.90822410586,25.2979207039,26.7059206963,0.48833270707128973,1.8848559634036712,5.447162593059932,5,28.2214403152,28.12928056716,26.7571210861,29.8700809479,1.0266741574040854,3.649841505732263,11.03047834211129,3,27.5072002411,27.192320028933334,25.8483195305,28.2214403152,0.9940783757512549,3.6557321136759557,8.627271274065148,candidate_vs_matching_baseline,1.2816193762251908,21.973713994138933,1.2878082890387457,22.348690522373747,1.2542633943114234,20.271929760894537,20.271929760894537,22.348690522373747,True,True,False,False,False,False
bf16,4,64,16,64,1.0,warp64_transform,4096,100,2909,true,524288,1048576,5,13.5859203339,13.53984022142,13.2940804958,13.6985599995,0.1347346374823416,0.9950976915458107,2.9771961984108763,5,11.9040000439,11.90297603608,11.7631995678,12.1062397957,0.12874131915303968,1.0815893333129651,2.8817223339627454,5,13.8188803196,13.75795197488,13.2096004486,14.1132795811,0.30343222737252906,2.205504336158113,6.539452630024359,3,13.5859203339,13.1029335658,11.9040000439,13.8188803196,0.8530919376737733,6.5106942150758575,14.094593731143354,candidate_vs_matching_baseline,1.1222913202173226,10.896575426925859,1.1387096816121174,12.181303439498336,1.1094850060575525,9.868092444673671,9.868092444673671,12.181303439498336,True,True,False,False,False,False
bf16,4,64,16,128,1.0,baseline_fused,4096,100,2909,true,1048576,1327104,5,50.4729604721,50.78783988952,49.7740793228,52.6873588562,0.9904159943854566,1.9501045851525327,5.771960879945566,5,48.4121608734,48.38451194762,48.1356811523,48.5580778122,0.141827637758769,0.29312611009140377,0.8725011490492679,5,48.4352016449,48.39167976378,48.1408023834,48.4991979599,0.12800878742879274,0.26452643936655457,0.7399485587518736,3,48.4352016449,49.106774330133334,48.4121608734,50.4729604721,0.9660852792461454,1.9673156961020906,4.254755898011201,baseline,,,,,,,,,,,,,,
bf16,4,64,16,128,1.0,baseline_split,4096,100,2909,true,1048576,3424256,5,62.7814388275,66.308095932,62.6585578918,80.5222415924,7.107512581016613,10.718921243501669,28.453766008266772,5,60.705280304,60.73651313782,60.4672002792,60.9510421753,0.17738042801725126,0.2920490802867613,0.7970342838003858,5,60.6105613708,60.60492801668,60.4390382767,60.7718420029,0.13038942176246424,0.21514656650788827,0.5490853717126782,3,60.705280304,61.36576016743333,60.6105613708,62.7814388275,1.0017825680598056,1.632478055069298,3.576093291767494,baseline,,,,,,,,,,,,,,
bf16,4,64,16,128,1.0,baseline_transform,4096,100,2909,true,1048576,2097152,5,20.5311989784,20.501504421219998,20.1830410957,20.67456007,0.17233618688513896,0.8406026374667563,2.3940100859044136,5,18.9235198498,19.01056003572,18.7622404099,19.5174396038,0.2648725835233991,1.3932918495074065,3.990796637698365,5,18.9337599277,18.92505574226,18.7187194824,19.1897594929,0.15998332683300415,0.8453519451240421,2.487831325097074,3,18.9337599277,19.462826251966668,18.9235198498,20.5311989784,0.7554651665205104,3.8815799757970537,8.491071687499167,baseline,,,,,,,,,,,,,,
bf16,4,64,16,128,1.0,optimized_fused,4096,100,2909,true,1048576,1327104,5,24.1664004326,24.43315124514,23.8028788567,25.7766389847,0.6961907734690472,2.849369557303938,8.167373264813715,5,22.4358391762,22.52287960054,22.3232007027,22.9043197632,0.21249534739234877,0.9434643844886249,2.5901373955133957,5,22.4051189423,22.41433525086,22.3283195496,22.5151991844,0.06585912435160679,0.29382590924296936,0.8340934733766524,3,22.4358391762,23.002452850366666,22.4051189423,24.1664004326,0.8231307769051992,3.578447838844622,7.8503035989327845,candidate_vs_matching_baseline,2.0885593041822217,52.12010508882574,2.15780477356763,53.65660451540113,2.1617917659636348,53.742075636307064,52.12010508882574,53.742075636307064,True,True,False,False,False,False
bf16,4,64,16,128,1.0,optimized_split,4096,100,2909,true,1048576,3424256,5,36.6233611107,36.91980838776,36.1702394485,38.781440258,0.9658625331459111,2.616109279337763,7.129877570786664,5,34.0095996857,34.05312013628,33.7664008141,34.3833589554,0.2185342878769927,0.6417452703377025,1.8140705771359258,5,34.1350388527,34.06335973738,33.605120182,34.3577599525,0.2838946648387628,0.8334311912492479,2.2048891572902503,3,34.1350388527,34.922666549700004,34.0095996857,36.6233611107,1.2036625325828536,3.446651276957525,7.657121576099386,candidate_vs_matching_baseline,1.7142456870010645,41.66530459531621,1.7849454526077446,43.97587900856947,1.775611319276581,43.681368262091304,41.66530459531621,43.97587900856947,True,True,False,False,False,False
bf16,4,64,16,128,1.0,optimized_transform,4096,100,2909,true,1048576,2097152,5,17.7817595005,17.67833590508,17.1648001671,18.091520071,0.3153295951626976,1.7837063219965477,5.211632200255224,5,16.0640001297,16.12800025942,15.9104001522,16.4121603966,0.17593744479730714,1.0908819566427406,3.123507472290914,5,16.0000002384,16.65535998342,15.9590399265,19.0694403648,1.2130696127156861,7.283358714091243,19.44000244971896,3,16.0640001297,16.61525328953333,16.0000002384,17.7817595005,0.8252581623102206,4.966870789927028,11.09162878308118,candidate_vs_matching_baseline,1.154621339796137,13.391519320389255,1.1780079492662086,15.110929376757698,1.1833599778491863,15.49486050579908,13.391519320389255,15.49486050579908,True,True,False,False,False,False
bf16,4,64,16,128,1.0,warp64_fused,4096,100,2909,true,1048576,1327104,5,22.190079689,22.1347837448,21.6319990158,22.5356793404,0.2963619097631391,1.3388967933005522,4.072451912139682,5,20.0191998482,19.99513578416,19.8707199097,20.0473594666,0.06348791813823386,0.31751681420702593,0.8823507344919281,5,20.0115203857,19.97875213624,19.8246395588,20.0678396225,0.08368364896404798,0.418863242275537,1.2153002821004344,3,20.0191998482,20.740266640966667,20.0115203857,22.190079689,1.0251774315443654,4.942932746676509,10.88234954353525,candidate_vs_matching_baseline,2.274573195747481,56.03570806736007,2.4182865069780957,58.64840674938861,2.4203659048070745,58.68393295352964,56.03570806736007,58.68393295352964,True,True,False,False,False,False
bf16,4,64,16,128,1.0,warp64_split,4096,100,2909,true,1048576,3424256,5,31.4111995697,31.329280376459998,30.3129601479,32.0307207108,0.5764425362415936,1.8399482187746559,5.468624523837002,5,29.3248009682,29.19116830828,27.7836799622,29.9827194214,0.7488853334845222,2.565451733811225,7.498906681701438,5,29.4476795197,29.627904415139998,29.1865611076,30.5331206322,0.4707187645935068,1.5887683381109037,4.572718620151969,3,29.4476795197,30.061226685866668,29.3248009682,31.4111995697,0.9558922097247322,3.1798177090828648,7.085103599094224,candidate_vs_matching_baseline,1.9986959965725246,49.96737864513384,2.0701003348608977,51.69316273420168,2.058245755162221,51.41493684649019,49.96737864513384,51.69316273420168,True,True,False,False,False,False
bf16,4,64,16,128,1.0,warp64_transform,4096,100,2909,true,1048576,2097152,5,14.597120285,14.65087985992,14.4921600819,14.8377597332,0.12323135588457809,0.8411191482205698,2.367587884133138,5,13.0201601982,12.8988161087,12.477439642,13.0713605881,0.21913142784491885,1.698849150172154,4.56154868341871,5,13.0713605881,13.0923523903,12.7923202515,13.2992005348,0.1820547565239284,1.3905427466099298,3.8777928271786672,3,13.0713605881,13.5628803571,13.0201601982,14.597120285,0.7316167217555138,5.394257727655332,12.064238272453794,candidate_vs_matching_baseline,1.4065239292093699,28.90273821632624,1.4534014606376444,31.19588585240073,1.4484918995301113,30.96267916138167,28.90273821632624,31.19588585240073,True,True,False,False,False,False
bf16,4,64,16,256,1.0,baseline_fused,4096,100,2909,true,2097152,2637824,5,132.369918823,132.31001663199999,131.770877838,132.538881302,0.2782751983327122,0.21032058298858203,0.5801948590955532,5,129.459199905,129.418237686,129.244155884,129.502716064,0.09366973258284608,0.07237753678126228,0.1997232952078542,5,130.240001678,130.206720352,129.930238724,130.357761383,0.15064491092511978,0.11569672480642114,0.32825756564177105,3,130.240001678,130.689706802,129.459199905,132.369918823,1.230107631825954,0.9412429348315972,2.2348885753213947,baseline,,,,,,,,,,,,,,
bf16,4,64,16,256,1.0,baseline_split,4096,100,2909,true,2097152,6832128,5,150.760955811,150.6447353364,149.9289608,151.055364609,0.39385675735131476,0.26144740901287106,0.7471455742242142,5,147.417602539,147.514881134,147.276802063,147.834882736,0.19641688744631236,0.1331505580565059,0.3785712583762604,5,148.656635284,148.687871933,148.4416008,148.871679306,0.1616360588897655,0.10870830067606325,0.2893099962731973,3,148.656635284,148.94506454466668,147.417602539,150.760955811,1.3800715812727056,0.9265641567188956,2.249044091178787,baseline,,,,,,,,,,,,,,
bf16,4,64,16,256,1.0,baseline_transform,4096,100,2909,true,2097152,4194304,5,32.4223995209,32.31743955614,31.8079996109,32.5248003006,0.25851693978464585,0.7999301409245775,2.2108193726930554,5,30.0211191177,30.0180478096,29.839360714,30.2975988388,0.1718163011996456,0.5723766658293397,1.5263858852278005,5,30.6406402588,30.6355199814,30.4870390892,30.7609605789,0.08744607852274092,0.2854401641487815,0.893980959230546,3,30.6406402588,31.0280529658,30.0211191177,32.4223995209,1.017874696891155,3.2804981286227832,7.8369132724318735,baseline,,,,,,,,,,,,,,
bf16,4,64,16,256,1.0,optimized_fused,4096,100,2909,true,2097152,2637824,5,36.500480175,36.3397116661,35.9705591202,36.5875196457,0.2421570789453907,0.6663703916266629,1.6902805731376873,5,33.8534402847,33.84115171432,33.7305593491,33.896958828,0.05890014203703826,0.17404886965509056,0.49152900709830727,5,34.6393609047,34.6188802719,34.4652795792,34.7366404533,0.09417193343150684,0.27202478154079934,0.7833888010999015,3,34.6393609047,34.9977604548,33.8534402847,36.500480175,1.1099677843204194,3.171539463943572,7.6417111088814575,candidate_vs_matching_baseline,3.626525409757846,72.42539657079715,3.824107648034485,73.85010852103025,3.7598846594288218,73.40343945146674,72.42539657079715,73.85010852103025,True,True,False,False,False,False
bf16,4,64,16,256,1.0,optimized_split,4096,100,2909,true,2097152,6832128,5,52.4646377563,52.1599998474,51.5840005875,52.6566410065,0.4725614664691537,0.9059844092248579,2.044501715579269,5,48.4684801102,48.41779232024,48.212480545,48.5939216614,0.16420233509723303,0.33913635303977263,0.7869879879310103,5,49.5897579193,49.53958320618,49.0726423264,49.8534393311,0.2626034623672873,0.5300881545053611,1.5745126361992532,3,49.5897579193,50.1742919286,48.4684801102,52.4646377563,1.6829693974524367,3.3542464333076563,8.058433462416085,candidate_vs_matching_baseline,2.8735727960476862,65.2001159888693,3.041514860870922,67.12164675356361,2.9977285939954923,66.64140969922964,65.2001159888693,67.12164675356361,True,True,False,False,False,False
bf16,4,64,16,256,1.0,optimized_transform,4096,100,2909,true,2097152,4194304,5,24.6220803261,24.44339227678,23.9155197144,24.7705602646,0.3102163998047678,1.2691217171990397,3.4726576263080347,5,22.190079689,22.15628814696,21.9648003578,22.3846411705,0.14924969431714993,0.6736222842345911,1.8920203017933317,5,22.8940796852,22.94323205948,22.8377604485,23.1321597099,0.10292837304238023,0.4486219412136001,1.2859187416488218,3,22.8940796852,23.235413233433334,22.190079689,24.6220803261,1.02177564989446,4.39749291148492,10.622836429944723,candidate_vs_matching_baseline,1.316801793004122,24.058426612662608,1.3529072242395765,26.08510161795713,1.3383652315409649,25.281980102798883,24.058426612662608,26.08510161795713,True,True,False,False,False,False
bf16,4,64,16,256,1.0,warp64_fused,4096,100,2909,true,2097152,2637824,5,30.1593589783,30.0359683037,29.5808005333,30.2950406075,0.2765717866735305,0.92080196608631,2.3682203415327994,5,26.8953609467,26.958847999579998,26.8671989441,27.1718406677,0.11155753735211943,0.4138067670912994,1.1326924528126792,5,27.9423999786,27.94803190232,27.8732800484,28.1011199951,0.08324368379620736,0.2978516844661867,0.8153914727242171,3,27.9423999786,28.3323733012,26.8953609467,30.1593589783,1.3607547371041142,4.802826514524571,11.681165662576475,candidate_vs_matching_baseline,4.3890163222050464,77.21585142117678,4.813439766120125,79.22483611328016,4.661017012774342,78.54545483830411,77.21585142117678,79.22483611328016,True,True,False,False,False,False
bf16,4,64,16,256,1.0,warp64_split,4096,100,2909,true,2097152,6832128,5,40.6630420685,40.77670478822,40.3865623474,41.5667200089,0.4083579376107934,1.0014490865106984,2.9022857156430444,5,37.2787189484,37.326335907,37.1532797813,37.6115202904,0.15262087495169507,0.40888255234040616,1.2292281549006097,5,38.1721591949,38.21055984496,37.9315209389,38.6867189407,0.2539482964442107,0.6646023964961786,1.9784000112335671,3,38.1721591949,38.7046400706,37.2787189484,40.6630420685,1.4320294823665534,3.6998909685103136,8.865946258948231,candidate_vs_matching_baseline,3.7075670717658475,73.02813460570201,3.954470719421735,74.71216577508935,3.894373240061865,74.32192708924545,73.02813460570201,74.71216577508935,True,True,False,False,False,False
bf16,4,64,16,256,1.0,warp64_transform,4096,100,2909,true,2097152,4194304,5,17.8201603889,17.83347201346,17.7279996872,18.0019199848,0.09876950924208985,0.5538434084374738,1.5371371055146192,5,15.4675197601,15.412735939000001,15.2550399303,15.508480072,0.09583566264489518,0.6217952673956804,1.6385312295108405,5,16.1945605278,16.19814395906,16.1459195614,16.2329602242,0.03199908612476176,0.19754785613486245,0.5374685077164245,3,16.1945605278,16.4940802256,15.4675197601,17.8201603889,0.9835356353814425,5.962961389353038,14.527350864269495,candidate_vs_matching_baseline,1.8194224301760824,45.0375029232095,1.9409135778279367,48.47787086331308,1.8920328344941184,47.14679461324599,45.0375029232095,48.47787086331308,True,True,False,False,False,False
bf16,16,64,16,64,1.0,baseline_fused,16384,100,2909,true,2097152,2686976,5,64.1715192795,64.12902259828,63.5903978348,64.4863986969,0.30377030357908286,0.47368615842155415,1.396259387591325,5,62.4409580231,62.37286281586,62.0646381378,62.5459194183,0.16925935500412173,0.2713669813486305,0.7707781810809974,5,62.2720003128,62.59865665436,61.8240022659,64.4326400757,0.9371814905760794,1.497127160013592,4.189102319977649,3,62.4409580231,62.96149253846667,62.2720003128,64.1715192795,0.8583939315097966,1.3633633779970449,3.042104136194186,baseline,,,,,,,,,,,,,,
bf16,16,64,16,64,1.0,baseline_split,16384,100,2909,true,2097152,6881280,5,82.3091220856,82.13043212891999,81.589756012,82.416639328,0.30104408931924803,0.3665439003738586,1.0046071383680455,5,81.0316753387,81.22419166563999,80.3097629547,82.0966434479,0.6596602866108512,0.8121475549136244,2.2051629634104204,5,80.962562561,82.03724861143999,80.4300785065,86.4537620544,2.2570729848586333,2.7512782584274618,7.440085092861969,3,81.0316753387,81.43445332843334,80.962562561,82.3091220856,0.619127461342687,0.7602770523253638,1.6617693253552805,baseline,,,,,,,,,,,,,,
bf16,16,64,16,64,1.0,baseline_transform,16384,100,2909,true,2097152,4194304,5,29.5424008369,29.45177602768,28.9919996262,29.7958397865,0.2674809622360452,0.9081997703114933,2.720971002789873,5,28.45952034,28.43443202974,28.0601596832,28.7206411362,0.24548479845012253,0.8633363880571494,2.3207750696756917,5,28.0320000648,28.09907150266,27.8015995026,28.5055994987,0.23460216649253918,0.834910742407736,2.5114155053959935,3,28.45952034,28.677973747233334,28.0320000648,29.5424008369,0.63567236919604,2.216587457673384,5.3071898403611755,baseline,,,,,,,,,,,,,,
bf16,16,64,16,64,1.0,optimized_fused,16384,100,2909,true,2097152,2686976,5,51.9193601608,51.919872283939995,51.5020799637,52.1830415726,0.23379639480811057,0.4503023303476599,1.3115755024541624,5,50.5062389374,50.5175037384,50.2348804474,50.8211183548,0.20346726735509787,0.4027658777613664,1.1607237437074072,5,50.5881595612,54.40563201904,50.4320001602,64.7910404205,5.561993488755547,10.223194331809344,28.384191844197993,3,50.5881595612,51.0045862198,50.5062389374,51.9193601608,0.6477068624516524,1.2698992589811706,2.7933833443583707,candidate_vs_matching_baseline,1.2359844012089847,19.092830053369237,1.23630187748671,19.11360661904764,1.2309599885219238,18.762591040773724,18.762591040773724,19.11360661904764,True,True,False,False,False,False
bf16,16,64,16,64,1.0,optimized_split,16384,100,2909,true,2097152,6881280,5,72.199678421,72.10086345672,71.4547204971,72.7987194061,0.5565079434454988,0.7718464339606056,1.8615026249328714,5,70.4767990112,70.44915294646,70.1081609726,70.7865619659,0.22175818461277297,0.31477764506452605,0.9625876924293799,5,70.5433607101,71.22329711912,69.7907209396,75.1897621155,2.00517872218514,2.815341051722873,7.653507178496234,3,70.5433607101,71.07327938076666,70.4767990112,72.199678421,0.7969478081275854,1.1213043988839069,2.4422984565198473,candidate_vs_matching_baseline,1.1400206190067954,12.282288291310351,1.1497638439257527,13.02561780116508,1.1476992554085708,12.86916016652735,12.282288291310351,13.02561780116508,True,True,False,False,False,False
bf16,16,64,16,64,1.0,optimized_transform,16384,100,2909,true,2097152,4194304,5,30.7865595818,30.77990388872,30.4512000084,30.9708809853,0.1825237426750314,0.5929964672239324,1.6880125092224227,5,29.3632006645,29.37446451186,29.1968011856,29.5500802994,0.1207450490748744,0.4110544688435881,1.2031355772026446,5,29.1968011856,29.30739212038,29.1635203362,29.7753596306,0.23443424752630093,0.7999150745428429,2.095569615693932,3,29.3632006645,29.782187143966667,29.1968011856,30.7865595818,0.7134401129055393,2.3955262568755615,5.414118216758341,candidate_vs_matching_baseline,0.9595876005048806,-4.211434107095258,0.9692240524176731,-3.1753181842276934,0.9601051802423313,-4.155255130234714,-4.211434107095258,-3.1753181842276934,False,False,True,True,True,True
bf16,16,64,16,64,1.0,warp64_fused,16384,100,2909,true,2097152,2686976,5,41.4975976944,41.41363143922,41.0316801071,41.7689609528,0.2954885535666834,0.7135055374227496,1.7766831977348254,5,39.7516798973,39.7240319252,39.5059204102,39.9436807632,0.15007285739102846,0.3777885831770912,1.1012373669011533,5,39.7004795074,39.663104057299996,39.4265604019,39.8079991341,0.12660556794578695,0.3192023694436119,0.9607912471911189,3,39.7516798973,40.3165856997,39.7004795074,41.4975976944,0.8353631420727289,2.072008647495527,4.520860984096588,candidate_vs_matching_baseline,1.5463911851494911,35.333309604753794,1.570775327845732,36.33717169651067,1.5685452943003566,36.24666092629183,35.333309604753794,36.33717169651067,True,True,False,False,False,False
bf16,16,64,16,64,1.0,warp64_split,16384,100,2909,true,2097152,6881280,5,58.746881485,58.74585533144,58.4217596054,59.0105581284,0.19169959707991657,0.32632020761015545,1.0022634531678771,5,57.2800016403,57.26259136202,56.9984006882,57.5411176682,0.1740897061176226,0.30401995784125374,0.9474807340406338,5,57.0624017715,57.15660858154,56.9011211395,57.4745607376,0.2142120532409934,0.3747809020813351,1.0049342128925394,3,57.2800016403,57.696428298933334,57.0624017715,58.746881485,0.7480759087212366,1.296572302266875,2.940781538516697,candidate_vs_matching_baseline,1.40108070428583,28.626524015279486,1.414659095988734,29.31159154629549,1.4188425311154185,29.52001521875347,28.626524015279486,29.52001521875347,True,True,False,False,False,False
bf16,16,64,16,64,1.0,warp64_transform,16384,100,2909,true,2097152,4194304,5,25.3670406342,25.29382419588,24.9011206627,25.4924798012,0.207796061216345,0.8215288428002595,2.3312105934135876,5,23.7184000015,23.76294422152,23.6492800713,23.9052796364,0.0943329221738637,0.3969748920608697,1.0793289812289533,5,23.7184000015,23.76908779142,23.6467194557,23.9539194107,0.1193347232012499,0.5020584897848983,1.295196788065679,3,23.7184000015,24.267946879066667,23.7184000015,25.3670406342,0.7771766474145656,3.2024820694038683,6.950893115031934,candidate_vs_matching_baseline,1.1645978442227414,14.133449159232715,1.1998920811774894,16.659171629946034,1.1818672449670802,15.388128044122752,14.133449159232715,16.659171629946034,True,True,False,False,False,False
bf16,16,64,16,128,1.0,baseline_fused,16384,100,2909,true,4194304,5308416,5,161.564159393,161.5600624084,161.262073517,161.873912811,0.19440159090874654,0.12032775180373971,0.37869741426482545,5,159.452161789,159.3400325776,158.840322495,159.572477341,0.26193823875016514,0.1643894723208362,0.45916896816289804,5,159.196157455,159.4250221252,159.068155289,160.43264389,0.5110898318086424,0.3205831964114593,0.8571115175224662,3,159.452161789,160.07082621233334,159.196157455,161.564159393,1.061105570028021,0.662897540505269,1.485086129552481,baseline,,,,,,,,,,,,,,
bf16,16,64,16,128,1.0,baseline_split,16384,100,2909,true,4194304,13697024,5,190.40512085,190.3708190918,190.12096405,190.579204559,0.17653829025089446,0.09273390275521415,0.24066606347263406,5,188.531208038,188.5332489014,188.264961243,188.787193298,0.21612102521131277,0.11463284405836595,0.27700032288275456,5,188.223991394,188.2798080446,187.816963196,188.8256073,0.3246567456131224,0.17243311908211487,0.53587435721128,3,188.531208038,189.053440094,188.223991394,190.40512085,0.9639765440414749,0.5098963253787778,1.1569063173670342,baseline,,,,,,,,,,,,,,
bf16,16,64,16,128,1.0,baseline_transform,16384,100,2909,true,4194304,8388608,5,51.0540819168,50.99161720274,50.6342411041,51.2025594711,0.19928280626942593,0.3908148382058328,1.1131693013815434,5,49.4259214401,49.4597120285,49.2979192734,49.6640014648,0.12750188276045182,0.2577893754961247,0.7406684199983287,5,48.8959980011,48.89753627778,48.711681366,49.1468811035,0.1451011194895237,0.2967452565814865,0.890051855553105,3,49.4259214401,49.79200045266666,48.8959980011,51.0540819168,0.9182744431385443,1.8442208282261636,4.366299813581458,baseline,,,,,,,,,,,,,,
bf16,16,64,16,128,1.0,optimized_fused,16384,100,2909,true,4194304,5308416,5,57.0777606964,56.99072074888,56.7065620422,57.1392011642,0.16185146994257593,0.2839961801075427,0.7579819472968429,5,55.1936006546,55.20025539398,55.0835180283,55.2960014343,0.0708644062061783,0.12837695351298428,0.3849783371259274,5,55.1731204987,55.2017917633,55.1116800308,55.3420782089,0.08136420455826603,0.147394136964155,0.4175913488623955,3,55.1936006546,55.814827283233335,55.1731204987,57.0777606964,0.893067919688839,1.6000549731291829,3.450835196672857,candidate_vs_matching_baseline,2.8305973714065162,64.67176822456022,2.8889610371109353,65.38547986095251,2.8853933947555315,65.34268076520893,64.67176822456022,65.38547986095251,True,True,False,False,False,False
bf16,16,64,16,128,1.0,optimized_split,16384,100,2909,true,4194304,13697024,5,80.5836772919,80.61337661744,80.1663970947,81.4028835297,0.44224807271249544,0.5486038313606864,1.5344130183102114,5,78.0287981033,77.94636726378,77.5142383575,78.1158399582,0.2191246304245551,0.2811223128372496,0.7709994454913311,5,78.1798410416,78.14246368408,78.015999794,78.2003211975,0.0677624062886639,0.08671649586403962,0.23576589699373876,3,78.1798410416,78.9307721456,78.0287981033,80.5836772919,1.17040592938272,1.482825896120369,3.267951372836036,candidate_vs_matching_baseline,2.362824919993306,57.67777834327086,2.41617470242729,58.612264295483286,2.407577054215866,58.46446541559626,57.67777834327086,58.612264295483286,True,True,False,False,False,False
bf16,16,64,16,128,1.0,optimized_transform,16384,100,2909,true,4194304,8388608,5,36.3980793953,36.38374423982,35.7964801788,36.9305610657,0.39349692507106493,1.0815185003428105,3.1157712322767104,5,34.5702409744,34.5359363556,34.4192004204,34.6137595177,0.06770408683689143,0.19603952862251905,0.5627935814623592,5,34.5625591278,34.62809610366,34.5292806625,34.9158406258,0.14520078374578288,0.419314949661457,1.118435593471655,3,34.5702409744,35.1769598325,34.5625591278,36.3980793953,0.8634676186483757,2.4546396924574982,5.309538538823734,candidate_vs_matching_baseline,1.4026586777376087,28.706818282197442,1.4297245274252195,30.05645627407031,1.4147099993464043,29.314135019756716,28.706818282197442,30.05645627407031,True,True,False,False,False,False
bf16,16,64,16,128,1.0,warp64_fused,16384,100,2909,true,4194304,5308416,5,55.5571222305,55.60729598996,55.3318405151,55.8233594894,0.1782209761749798,0.32049926723133226,0.8847092048086026,5,53.5526418686,53.58643245698,53.4681606293,53.8060808182,0.11477724518295743,0.21419086869629236,0.631005636900494,5,53.4579181671,53.42361545564,53.2428789139,53.5859203339,0.11521309337847037,0.2156594839114491,0.6417036647923922,3,53.5526418686,54.189227422066665,53.4579181671,55.5571222305,0.9680204199329049,1.7863705868940154,3.919888898386631,candidate_vs_matching_baseline,2.908072860986018,65.61296611870523,2.9774845129067855,66.41460280766516,2.9779715131700595,66.42009516956404,65.61296611870523,66.42009516956404,True,True,False,False,False,False
bf16,16,64,16,128,1.0,warp64_split,16384,100,2909,true,4194304,13697024,5,75.5123186111,75.41913604736,74.9056005478,75.7119989395,0.2751327344992612,0.3648049406539072,1.067903100490233,5,73.1340789795,73.166847229,72.9139184952,73.6947202682,0.2816721926374638,0.3849724339711904,1.0676305545857379,5,72.7091217041,72.76441669464,72.6015996933,73.0880022049,0.18053130815679855,0.24810383475539757,0.6689704127901231,3,73.1340789795,73.78517309823333,72.7091217041,75.5123186111,1.2335371602132466,1.6717954413022602,3.832955779460566,candidate_vs_matching_baseline,2.521510719735882,60.3412354279126,2.577884492000598,61.20850243278596,2.5887259670114573,61.37095958617647,60.3412354279126,61.37095958617647,True,True,False,False,False,False
bf16,16,64,16,128,1.0,warp64_transform,16384,100,2909,true,4194304,8388608,5,31.1449599266,31.10707187652,30.9145593643,31.3113594055,0.14065928711062192,0.4521778445395669,1.2740425485701252,5,29.1660809517,29.1742720604,29.0790390968,29.2889595032,0.07575887317401635,0.2596769955979414,0.7197415612595918,5,29.4681596756,29.7502717972,28.3878397942,32.0153594017,1.2055303426636976,4.052165811732713,12.30996318546364,3,29.4681596756,29.926400184633334,29.1660809517,31.1449599266,0.8704323724121876,2.9085769322136477,6.715312380156997,candidate_vs_matching_baseline,1.639240571736816,38.99614143026759,1.69463705192175,40.990314187573006,1.659282375939699,39.73298249288815,38.99614143026759,40.990314187573006,True,True,False,False,False,False
bf16,16,64,16,256,1.0,baseline_fused,16384,100,2909,true,8388608,10551296,5,485.107192993,485.104637146,484.526062012,485.972480774,0.5391776618645454,0.11114667240384908,0.2981647732485548,5,483.727378845,483.6039733888,483.102722168,484.093437195,0.39128578893137056,0.08091037511323154,0.20480854926291403,5,483.778572083,483.6741180422,483.284492493,483.804168701,0.19700359144940163,0.04073064571799422,0.10742026166276865,3,483.778572083,484.204381307,483.727378845,485.107192993,0.638726280544798,0.1319125363592748,0.28521605288530794,baseline,,,,,,,,,,,,,,
bf16,16,64,16,256,1.0,baseline_split,16384,100,2909,true,8388608,27328512,5,540.14465332,540.9203262328,539.701766968,544.488945007,1.7991963568405183,0.33261762769591036,0.8862770388590483,5,537.827835083,537.9153900148,536.952323914,539.668464661,0.9564655042489352,0.17780965594284623,0.5050204860782052,5,538.007049561,537.969154358,537.738227844,538.24256897,0.18158604387718683,0.033753988013288126,0.09374247538420086,3,538.007049561,538.659845988,537.827835083,540.14465332,1.0524634806496902,0.1953855459040725,0.43062971737832634,baseline,,,,,,,,,,,,,,
bf16,16,64,16,256,1.0,baseline_transform,16384,100,2909,true,8388608,16777216,5,99.1001605988,99.03923225404,98.4115219116,99.6403217316,0.4056950214283229,0.4096306203057969,1.2399574456541005,5,97.3260784149,97.26668739318,97.0265579224,97.4771213531,0.15343440140818926,0.15774609531829037,0.462942140521941,5,97.3107242584,97.31481552124,97.0803165436,97.6793575287,0.21321373009799133,0.21909688566532312,0.6155960606246126,3,97.3260784149,97.9123210907,97.3107242584,99.1001605988,0.8399527606887183,0.8578621682460548,1.8385990369114167,baseline,,,,,,,,,,,,,,
bf16,16,64,16,256,1.0,optimized_fused,16384,100,2909,true,8388608,10551296,5,107.220478058,107.1288318634,106.73664093,107.27935791,0.1986488911063061,0.18542990495742862,0.5061691477503304,5,105.118722916,104.9850883484,104.468479156,105.198078156,0.27077190386485633,0.2579146316153793,0.6940714077957485,5,105.310716629,105.33785438540001,105.177602768,105.487356186,0.11449109798865427,0.10868941526923953,0.29413285553001467,3,105.310716629,105.88330586766666,105.118722916,107.220478058,0.9487667421126283,0.8960494143414831,1.9957656820476233,candidate_vs_matching_baseline,4.524389386984317,77.89756993779575,4.601724273529701,78.26901525255964,4.593820909863405,78.23162853708779,77.89756993779575,78.26901525255964,True,True,False,False,False,False
bf16,16,64,16,256,1.0,optimized_split,16384,100,2909,true,8388608,27328512,5,145.446395874,145.2241916656,144.496641159,145.884160995,0.5267643845597975,0.3627249554762541,0.953973336817505,5,142.714881897,142.48038482639998,141.455364227,143.357439041,0.8320344195318192,0.5839641860495963,1.3327795873262644,5,142.801923752,142.7691516876,142.594556808,142.899198532,0.10812149248973162,0.0757316907831164,0.21333166668614598,3,142.801923752,143.65440050766665,142.714881897,145.446395874,1.267630234164141,0.8824165703830905,1.9127991452998445,candidate_vs_matching_baseline,3.713702564262414,73.07269543815467,3.768547666046211,73.46457870203471,3.7675056149477473,73.45723929295671,73.07269543815467,73.46457870203471,True,True,False,False,False,False
bf16,16,64,16,256,1.0,optimized_transform,16384,100,2909,true,8388608,16777216,5,65.2006387711,65.35526371002,64.6015977859,66.2886381149,0.6490752340890724,0.9931491317501315,2.5874598175681895,5,63.5084819794,63.36409664156,62.9452800751,63.6441612244,0.27728771819968867,0.4376101497481428,1.1004532426498455,5,63.4419202805,63.49721622466,63.4316778183,63.7081623077,0.10635189422881669,0.16749064061727087,0.4358072520150059,3,63.5084819794,64.05034701033334,63.4419202805,65.2006387711,0.8138328928004301,1.2706143382316621,2.769265515070053,candidate_vs_matching_baseline,1.519926222605136,34.207332887117936,1.5324894467871122,34.746695835555975,1.5338552778376442,34.80480104943459,34.207332887117936,34.80480104943459,True,True,False,False,False,False
bf16,16,64,16,256,1.0,warp64_fused,16384,100,2909,true,8388608,10551296,5,84.5849609375,84.79078483582,84.2521572113,85.8700847626,0.5675432440756285,0.6693454308443538,1.9127839433483798,5,82.501115799,82.33318328856001,81.6384029388,82.5830364227,0.3507932802128103,0.4260654892734509,1.1449947976478831,5,82.3116779327,82.32294273378,82.2886371613,82.3859214783,0.03328554500674686,0.04043289015358367,0.1181901759790941,3,82.501115799,83.13258488973334,82.3116779327,84.5849609375,1.029892814614485,1.2388557579203507,2.7554572841638603,candidate_vs_matching_baseline,5.735147094900791,82.56365558802989,5.86328286787684,82.94470823710897,5.8773989819348476,82.9856709902856,82.56365558802989,82.9856709902856,True,True,False,False,False,False
bf16,16,64,16,256,1.0,warp64_split,16384,100,2909,true,8388608,27328512,5,107.617282867,107.6131858824,107.264003754,107.878398895,0.19985979185963015,0.18572054179126107,0.57090750168754,5,105.228796005,105.5380477906,104.450559616,107.353601456,0.9700297185906155,0.9191279722316539,2.758790321864046,5,105.195522308,105.214466095,105.006084442,105.431041718,0.14776694694638773,0.14044356487345222,0.40396897764885487,3,105.228796005,106.01386706,105.195522308,107.617282867,1.1338675620286254,1.0695464597918096,2.3014238031241323,candidate_vs_matching_baseline,5.019125543129942,80.07621065847266,5.111032868393218,80.43448309276134,5.11435313744419,80.447185144909,80.07621065847266,80.447185144909,True,True,False,False,False,False
bf16,16,64,16,256,1.0,warp64_transform,16384,100,2909,true,8388608,16777216,5,42.8441619873,42.8789768219,42.6700782776,43.1616020203,0.17940227487477325,0.41839215431825644,1.1472362158599405,5,40.9932804108,41.03372764588,40.4608011246,41.6179180145,0.36846261389032686,0.8979506250812737,2.8226989357873986,5,40.9779214859,41.01529598236,40.8089590073,41.369600296,0.1884177278454945,0.45938405010299044,1.3681545290014636,3,40.9932804108,41.60512129466667,40.9779214859,42.8441619873,0.8761565128995653,2.105886212166576,4.552552229775504,candidate_vs_matching_baseline,2.3130376695937147,56.76680872319515,2.374195903318308,57.88047656040749,2.374711081719541,57.88961412198849,56.76680872319515,57.88961412198849,True,True,False,False,False,False
fp16,1,1,1,64,1.0,baseline_fused,1,100,2909,true,128,164,5,9.48224008083,9.449983954428,9.12127971649,9.67679977417,0.18088611910562571,1.914142076620855,5.8585318758494775,5,9.48480010033,9.455103993418,9.16736006737,9.69215989113,0.17064730547489831,1.804816801525307,5.533061511140771,5,9.45407986641,9.458688020706,9.22623991966,9.738240242,0.18250065000918742,1.929449936499391,5.415654718119305,3,9.48224008083,9.473706682523334,9.45407986641,9.48480010033,0.01391755146137536,0.14690713917763393,0.32397654623939176,baseline,,,,,,,,,,,,,,
fp16,1,1,1,64,1.0,baseline_split,1,100,2909,true,128,420,5,13.1225597858,13.08927989006,12.8051197529,13.2633602619,0.15228032993819884,1.163397308463398,3.4920054964875527,5,13.2710397243,13.42412781714,13.1481599808,13.9161598682,0.30274045415714007,2.2551964513523135,5.787036308796141,5,12.9945600033,13.03705596924,12.764159441,13.3811199665,0.20130534006587197,1.5441012184103335,4.7478369821165245,3,13.1225597858,13.129386504466666,12.9945600033,13.2710397243,0.11297554926288177,0.8604785092163069,2.1069038778484344,baseline,,,,,,,,,,,,,,
fp16,1,1,1,64,1.0,baseline_transform,1,100,2909,true,128,256,5,6.46143972874,6.471167922022,6.39231979847,6.59200012684,0.07415003312905916,1.1458524028826318,3.090338016802002,5,6.52032017708,7.604223966594001,6.34368002415,12.0550394058,2.2268604804206737,29.284519895829742,87.59323509490177,5,6.43584012985,6.439424157142,6.34880006313,6.53056025505,0.06940575532913446,1.077825495501118,2.824187491497505,3,6.46143972874,6.472533345223334,6.43584012985,6.52032017708,0.03536967477001769,0.5464579768618754,1.3074492802933615,baseline,,,,,,,,,,,,,,
fp16,1,1,1,64,1.0,optimized_fused,1,100,2909,true,128,164,5,8.56320023537,8.604160070422,8.47872018814,8.75263988972,0.10340617267777846,1.2018160033220628,3.198800612516137,5,8.76800000668,8.694783926011999,8.44031989574,8.80639970303,0.1339601820355294,1.5406959295993956,4.17518028069226,5,8.6451202631,8.650752067564001,8.44031989574,8.78080010414,0.12263874535791741,1.4176657058263344,3.938409160752496,3,8.6451202631,8.658773501716666,8.56320023537,8.76800000668,0.0841646987586435,0.9720164032695534,2.368963820944723,candidate_vs_matching_baseline,1.1073243437265357,9.69222290962659,1.0817518354361197,7.557355833203716,1.0935741295309545,8.556724871599641,7.557355833203716,9.69222290962659,True,True,False,False,False,False
fp16,1,1,1,64,1.0,optimized_split,1,100,2909,true,128,420,5,13.6268794537,13.61356782914,13.0687999725,14.0262401104,0.3125943694150059,2.2961972448243437,7.026114387766399,5,13.7267196178,13.68319988248,13.3299195766,13.9903998375,0.23697915187399593,1.7318986341595768,4.811639483358633,5,13.3529603481,13.50246429444,13.2249605656,13.9673602581,0.2667789272550207,1.9757795424415532,5.559813503120571,3,13.6268794537,13.568853139866667,13.3529603481,13.7267196178,0.15800693601755353,1.1644826160975472,2.7428089532157474,candidate_vs_matching_baseline,0.9629908175519182,-3.843150087574587,0.9668034383896716,-3.4336412441417608,0.9731594840801727,-2.7580798788799488,-3.843150087574587,-2.7580798788799488,False,False,True,True,True,False
fp16,1,1,1,64,1.0,optimized_transform,1,100,2909,true,128,256,5,6.62271976471,6.548479914664,6.26944005489,6.72255992889,0.1568508543407043,2.3952254016915964,6.841900157311607,5,6.61248028278,7.650303959842,6.49215996265,11.9065594673,2.1288835650657103,27.827437657910753,81.88152210827755,5,6.61759972572,6.551551938056,6.34368002415,6.69184029102,0.12423151551165754,1.8962150752409355,5.261126107655594,3,6.61759972572,6.617599924403334,6.61248028278,6.62271976471,0.004180250995519021,0.06316868718678136,0.15473105588727906,candidate_vs_matching_baseline,0.9756474618132869,-2.496038696339431,0.9860627023811323,-1.4134291445373703,0.972533909060173,-2.8241782300803653,-2.8241782300803653,-1.4134291445373703,False,False,True,True,False,False
fp16,1,1,1,64,1.0,warp64_fused,1,100,2909,true,128,164,5,6.49215996265,6.50444805622,6.3257598877,6.7558401823,0.15956347164889986,2.4531439142836153,6.624610254126388,5,6.67648017406,6.584320068358,6.37184023857,6.79423987865,0.17582543659445635,2.6703658808965485,6.326681560759234,5,6.44864022732,6.517760038378,6.35136008263,6.71231985092,0.15695934561733094,2.408179262401805,5.597455518773942,3,6.49215996265,6.539093454676666,6.44864022732,6.67648017406,0.09875837462542733,1.5102762379821433,3.509462922213624,candidate_vs_matching_baseline,1.460567844197033,31.53347829934161,1.4206288123465283,29.608635886509525,1.4660578871119678,31.789869363894596,29.608635886509525,31.789869363894596,True,True,False,False,False,False
fp16,1,1,1,64,1.0,warp64_split,1,100,2909,true,128,420,5,10.2451205254,10.24819207194,10.1145601273,10.357760191,0.09042841628956733,0.8823840893572273,2.3738135934765348,5,10.1248002052,10.14886426924,10.0121605396,10.3833603859,0.12675073731854553,1.24891548409719,3.6662436668069267,5,10.2681601048,10.33728003504,10.0684797764,10.7775998116,0.23820377952638772,2.3043177578526923,6.906008749011533,3,10.2451205254,10.2126936118,10.1248002052,10.2681601048,0.0628577428142148,0.6154864250660316,1.3992992980861283,candidate_vs_matching_baseline,1.2808594836211218,21.92742351620828,1.3107458374817236,23.707558597229294,1.2655198078987397,20.981086684024884,20.981086684024884,23.707558597229294,True,True,False,False,False,False
fp16,1,1,1,64,1.0,warp64_transform,1,100,2909,true,128,256,5,5.21215975285,5.224447965624,5.14303982258,5.3248000145,0.06535582579037381,1.2509613689408774,3.487233709991608,5,5.21727979183,5.196287989614,5.11744022369,5.25824010372,0.05520107407139763,1.0623174501053427,2.698722047655675,5,5.1353597641,5.144063830378,4.99199986458,5.29407978058,0.11330829733980205,2.202700065086009,5.882351575672723,3,5.21215975285,5.18826643626,5.1353597641,5.21727979183,0.037469015368910286,0.7221875713059968,1.571709840344132,candidate_vs_matching_baseline,1.239685664892926,19.334390295916503,1.2497547452391755,19.984300615028104,1.2532403620173465,20.206846961879233,19.334390295916503,20.206846961879233,True,True,False,False,False,False
fp16,1,1,1,128,1.0,baseline_fused,1,100,2909,true,256,324,5,10.2630400658,10.75558400154,10.0608003139,12.7999997139,1.0305804209681837,9.58181741522007,26.689941600520108,5,10.347520113,10.6091518402,10.1068794727,11.3382399082,0.48077705904920065,4.531720030883612,11.900053559238739,5,11.0054397583,11.03820776938,10.8467197418,11.2025594711,0.12817810342875643,1.1612220580257842,3.2333076834266143,3,10.347520113,10.5386666457,10.2630400658,11.0054397583,0.3318554640989031,3.14893216813445,7.174662956849856,baseline,,,,,,,,,,,,,,
fp16,1,1,1,128,1.0,baseline_split,1,100,2909,true,256,836,5,13.7779200077,13.80147194862,13.5833597183,14.0160000324,0.16514197260115457,1.1965533329774076,3.140098896337117,5,14.7916805744,14.4230401516,13.7241601944,14.9350404739,0.5592133257179807,3.8772222765804694,8.18622517846737,5,14.7174394131,14.70054388046,14.435839653,15.0323200226,0.20244804612541578,1.3771466400947943,4.052881434450293,3,14.7174394131,14.429013331733334,13.7779200077,14.7916805744,0.4613890801759214,3.1976481660128555,6.8881585868643125,baseline,,,,,,,,,,,,,,
fp16,1,1,1,128,1.0,baseline_transform,1,100,2909,true,256,512,5,6.04672014713,6.083583950998,5.99295973778,6.28224015236,0.10355329320217363,1.7021757903938501,4.784088026916603,5,6.30016028881,6.395904064178,6.08767986298,6.92736029625,0.2965122146498159,4.635970328424924,13.327921747664012,5,6.83008015156,6.81830406189,6.72511994839,6.89920008183,0.05753120062659355,0.8437758144016563,2.5487275343356,3,6.30016028881,6.392320195833333,6.04672014713,6.83008015156,0.3263773996281547,5.105773641328156,12.433969431243847,baseline,,,,,,,,,,,,,,
fp16,1,1,1,128,1.0,optimized_fused,1,100,2909,true,256,324,5,8.51711988449,8.486400008202,8.28671991825,8.62208008766,0.12833748928843527,1.5122724496181972,3.937483256760351,5,8.89855980873,8.972287893294,8.52991998196,9.43359971046,0.3682036824359813,4.103788095243592,10.155348145364357,5,9.25184011459,9.247232079504,9.08032000065,9.43871974945,0.13572724361024616,1.467760757417113,3.8738212545935555,3,8.89855980873,8.88917326927,8.51711988449,9.25184011459,0.3000217041835745,3.3751361920320964,8.25661956420404,candidate_vs_matching_baseline,1.2049895040798224,17.01172527941316,1.1628308777391692,14.002971614905224,1.1895406342944257,15.933935237685382,14.002971614905224,17.01172527941316,True,True,False,False,False,False
fp16,1,1,1,128,1.0,optimized_split,1,100,2909,true,256,836,5,13.3350396156,13.45587205884,13.0739200115,13.9520001411,0.3275415946507088,2.4341907623558767,6.5847583127745395,5,13.7267196178,13.936127901059999,13.0329596996,14.9862396717,0.7577415861573266,5.437246210259679,14.22976520600816,5,14.4870400429,14.53465604782,14.0057599545,14.90432024,0.31700047060624176,2.1809974007179034,6.202511229617113,3,13.7267196178,13.849599758766667,13.3350396156,14.4870400429,0.47826136014236464,3.453250407757305,8.39239424549879,candidate_vs_matching_baseline,1.0332117792572508,3.2144212758710378,1.0775830632701946,7.199729275138155,1.0159038264212512,1.5654854335253487,1.5654854335253487,7.199729275138155,False,True,False,False,False,False
fp16,1,1,1,128,1.0,optimized_transform,1,100,2909,true,256,512,5,6.38463973999,6.477312088014,6.36928021908,6.67136013508,0.12775812859394495,1.9723942100976748,4.731354129629756,5,6.49984002113,6.7865600585940005,6.43584012985,7.32159972191,0.39691712793666983,5.848576075504456,13.627406046618523,5,7.15008020401,7.160319924354,7.03999996185,7.34719991684,0.10476626564553627,1.4631506238876362,4.296454672182725,3,6.49984002113,6.6781866550433335,6.38463973999,7.15008020401,0.3369771677339091,5.045938143693927,11.776296978566682,candidate_vs_matching_baseline,0.9470730367535931,-5.588477466091901,0.969279285079191,-3.1694389216518903,0.9552452499385204,-4.685158085251917,-5.588477466091901,-3.1694389216518903,False,False,True,True,True,True
fp16,1,1,1,128,1.0,warp64_fused,1,100,2909,true,256,324,5,6.31807982922,6.294015884402,6.15935981274,6.51008009911,0.12864970513469967,2.044000325031318,5.551058167197895,5,6.19520008564,6.560256123542,6.14144027233,7.21664011478,0.47511447335693424,7.242315915867191,17.35536911781479,5,7.09375977516,7.154175996782,7.05024003983,7.31903970242,0.10533514866616465,1.4723589231456589,3.78924112332147,3,6.31807982922,6.535679896673333,6.19520008564,7.09375977516,0.39779787239613784,6.086556849251711,14.222037609659829,candidate_vs_matching_baseline,1.6243922747438642,38.43851540369575,1.6702479290353769,40.12864900975912,1.5514254932676759,35.54315019706431,35.54315019706431,40.12864900975912,True,True,False,False,False,False
fp16,1,1,1,128,1.0,warp64_split,1,100,2909,true,256,836,5,9.72544014454,9.772031903274,9.53087985516,10.0326395035,0.19227211553177803,1.9675756018291306,5.15924874229672,5,9.84063982964,10.151936054242,9.64352011681,10.951679945,0.49787515682866307,4.90423850355741,13.293442813035627,5,10.5727994442,10.59071993828,10.4832005501,10.7315194607,0.0833944754070752,0.7874297110402014,2.348658100539515,3,9.84063982964,10.04629313946,9.72544014454,10.5727994442,0.3752549431697616,3.7352577508994727,8.610815092609663,candidate_vs_matching_baseline,1.4166885820005914,29.412856664106123,1.5031218325710356,33.471793281750415,1.3920097028960154,28.16142028898624,28.16142028898624,33.471793281750415,True,True,False,False,False,False
fp16,1,1,1,128,1.0,warp64_transform,1,100,2909,true,256,512,5,4.58496004343,4.624896049498,4.54912006855,4.81792002916,0.0977182463437531,2.1128744364829504,5.8626456515182905,5,4.68479990959,4.867583990098,4.61055994034,5.21215975285,0.27512365463386734,5.652160398126551,12.841526300376193,5,5.34784018993,5.323776006696,5.24287998676,5.38623988628,0.051164203016641936,0.9610510087631403,2.6807064988581217,3,4.68479990959,4.8725333809833336,4.58496004343,5.34784018993,0.3385551867293418,6.948237400500219,16.284156446860194,candidate_vs_matching_baseline,1.3188163233384387,24.174429577228018,1.3448088307706128,25.639988590276264,1.2771660911672458,21.701648132071394,21.701648132071394,25.639988590276264,True,True,False,False,False,False
fp16,1,1,1,256,1.0,baseline_fused,1,100,2909,true,512,644,5,16.0256004333,16.05119991302,15.6032001972,16.41471982,0.26953269851478473,1.6792059159150596,5.063895272926696,5,13.8777601719,13.89977622032,13.8393604755,13.992960453,0.053026123964449744,0.3814890479094992,1.1068066863629293,5,13.7702405453,13.80096006394,13.6422395706,14.003200531,0.13006247569798338,0.9424161442059283,2.621311945950004,3,13.8777601719,14.557867050166667,13.7702405453,16.0256004333,1.0387720572865717,7.135468772361671,16.25161308498977,baseline,,,,,,,,,,,,,,
fp16,1,1,1,256,1.0,baseline_split,1,100,2909,true,512,1668,5,20.0678396225,19.86662387848,19.2332804203,20.1958394051,0.3666990447699478,1.8458045363569047,4.796525201052431,5,17.6307201385,17.58259201048,17.4515199661,17.6947200298,0.10290306582229712,0.5852553807820962,1.3794108339847382,5,17.4694395065,17.423871994,17.2595202923,17.5590395927,0.11883902086123178,0.6820471414284645,1.7145329722144518,3,17.6307201385,18.389333089166666,17.4694395065,20.0678396225,1.1887082617689377,6.464118388660964,14.737912550298523,baseline,,,,,,,,,,,,,,
fp16,1,1,1,256,1.0,baseline_transform,1,100,2909,true,512,1024,5,8.94976019859,8.872960209846001,8.48384022713,9.03424024582,0.20466556057357663,2.3066209667712325,6.14988565589402,5,7.12704002857,7.139840006828,6.98880016804,7.39584028721,0.1430488873933562,2.003530712964928,5.71120854574,5,6.98368012905,7.153664112092,6.80447995663,7.78496026993,0.3561938939739507,4.97918113560669,14.039593669553941,3,7.12704002857,7.686826785403333,6.98368012905,8.94976019859,0.8949445494200894,11.642574685298193,27.586207761688186,baseline,,,,,,,,,,,,,,
fp16,1,1,1,256,1.0,optimized_fused,1,100,2909,true,512,644,5,11.6275203228,11.537407875060001,11.0745596886,11.8195199966,0.25166988871365714,2.181338229860824,6.40687169163001,5,9.80736017227,9.831936120986,9.68703985214,9.97376024723,0.09579476379099516,0.9743224794404821,2.9235226406866692,5,9.7408002615,9.765376091006,9.68447983265,9.8918402195,0.0728157814577718,0.7456526075307616,2.1287818380752705,3,9.80736017227,10.391893585523334,9.7408002615,11.6275203228,0.874142486796885,8.411772884343517,19.237797206985842,candidate_vs_matching_baseline,1.3782474670782519,27.444089404357776,1.4150352315130557,29.330381482393953,1.413666246676482,29.261945501564323,27.444089404357776,29.330381482393953,True,True,False,False,False,False
fp16,1,1,1,256,1.0,optimized_split,1,100,2909,true,512,1668,5,17.5872004032,17.68908786772,16.9651198387,18.6547195911,0.5519287360586368,3.1201650429122805,9.60698527147377,5,15.1782405376,15.07737612724,14.430719614,15.4342401028,0.3420361722298123,2.2685390968781514,6.6115732341574756,5,15.039999485,14.88179183006,14.3769598007,15.1935994625,0.30884412151587926,2.075315426009652,5.4297851712991605,3,15.1782405376,15.9351468086,15.039999485,17.5872004032,1.1695407807423324,7.339378763119683,16.78192483437061,candidate_vs_matching_baseline,1.1410479873106265,12.361266912451875,1.1615786490420046,13.910263345083374,1.1615319218543179,13.906800046996693,12.361266912451875,13.910263345083374,True,True,False,False,False,False
fp16,1,1,1,256,1.0,optimized_transform,1,100,2909,true,512,1024,5,9.18272018433,9.068032026292,8.66047978401,9.33376014233,0.23656069257347054,2.6087324337583127,7.332036093933578,5,7.58015990257,7.586303949354,7.40095973015,7.76448011398,0.1268852531413075,1.6725569392999633,4.7956822613564,5,7.48543977737,7.488511919974,7.34463989735,7.65183985233,0.09782279293277933,1.306304830360996,4.103966688887517,3,7.58015990257,8.08277328809,7.48543977737,9.18272018433,0.7787405885746904,9.634571709714635,22.391089749763047,candidate_vs_matching_baseline,0.9746306126002252,-2.6029746112828933,0.9402229135237142,-6.357756827288608,0.9329685812399532,-7.184745564631911,-7.184745564631911,-2.6029746112828933,False,False,True,True,True,False
fp16,1,1,1,256,1.0,warp64_fused,1,100,2909,true,512,644,5,10.9644794464,10.8298239708,10.3167998791,11.3484799862,0.3919847332022598,3.6194931169624898,9.40929400381825,5,8.37888002396,8.455680012704,8.3046400547,8.68351995945,0.13905301105522283,1.6444923512515437,4.521844252054771,5,8.363519907,8.43059206009,8.30976009369,8.64256024361,0.12184537354251601,1.4452765911818448,3.979187634161732,3,8.37888002396,9.23562645912,8.363519907,10.9644794464,1.222499753788248,13.236782141411247,31.041852037054735,candidate_vs_matching_baseline,1.4615924551312585,31.581474952934485,1.656278659226002,39.6236862420656,1.646464729972693,39.2638067614977,31.581474952934485,39.6236862420656,True,True,False,False,False,False
fp16,1,1,1,256,1.0,warp64_split,1,100,2909,true,512,1668,5,14.5868802071,14.74611210824,14.4742405415,15.2345597744,0.27866328699121423,1.8897407326470792,5.212349879516539,5,12.2239995003,12.2588157654,12.1088004112,12.477439642,0.1307714941802785,1.066754706840245,3.01570063702107,5,11.8860805035,11.926527977,11.842559576,12.0806396008,0.0861680792946195,0.7224908997890452,2.003015415635918,3,12.2239995003,12.898986736966666,11.8860805035,14.5868802071,1.201467321511115,9.314431792288614,22.09423931613967,candidate_vs_matching_baseline,1.3757458303340424,27.312154763558926,1.4423037352109929,30.66647644410966,1.4697392888560623,31.960722042184308,27.312154763558926,31.960722042184308,True,True,False,False,False,False
fp16,1,1,1,256,1.0,warp64_transform,1,100,2909,true,512,1024,5,7.65183985233,7.77727997303,7.5135999918,8.27391982079,0.28417144849364356,3.6538667693472715,9.936431546701572,5,5.77279984951,5.771263957024,5.67551970482,5.85215985775,0.06002864182010146,1.0401298964508934,3.0598696912208636,5,5.73952019215,5.769728064536,5.67807972431,5.8700799942,0.07050753081616279,1.222025198198539,3.3452320657848893,3,5.77279984951,6.388053297996667,5.73952019215,7.65183985233,0.893735316926956,13.990730434375632,33.126380786306314,candidate_vs_matching_baseline,1.1696219956648441,14.502291876652551,1.2345898375768127,19.00143921784203,1.2167707221592583,17.81524803412273,14.502291876652551,19.00143921784203,True,True,False,False,False,False
fp16,1,17,1,64,1.0,baseline_fused,17,100,2909,true,2176,2788,5,10.1631999016,10.12326395514,9.9123197794,10.2860796452,0.13838788200911536,1.3670282887254965,3.6775805791358804,5,10.1529598236,10.0981761217,9.8892802,10.2246403694,0.11640098150726977,1.1526931210591125,3.303077873119059,5,10.0223994255,10.073087811486,9.95584011078,10.2681601048,0.11435386627148877,1.1352414315409318,3.1162197869041535,3,10.1529598236,10.112853050233333,10.0223994255,10.1631999016,0.06409684583976856,0.6338156553979558,1.3867924087783523,baseline,,,,,,,,,,,,,,
fp16,1,17,1,64,1.0,baseline_split,17,100,2909,true,2176,7140,5,14.2054402828,14.194688081719999,13.8675200939,14.4972801208,0.20118669508316567,1.4173379078491697,4.433231313939037,5,14.2719995975,14.38822388646,14.1593599319,14.9734401703,0.2970554559371313,2.064573489273228,5.704037705708748,5,13.987840414,14.11328005792,13.8163197041,14.758399725,0.330646453155022,2.3428037408601687,6.734992629434789,3,14.2054402828,14.155093431433334,13.987840414,14.2719995975,0.12134720014281204,0.8572688038451508,2.0003546376810366,baseline,,,,,,,,,,,,,,
fp16,1,17,1,64,1.0,baseline_transform,17,100,2909,true,2176,4352,5,6.94527983665,6.906879901884,6.79423987865,6.95551991463,0.06175916687174698,0.894168825128997,2.3221531712650485,5,7.06560015678,7.094272136686,6.98624014854,7.22944021225,0.09821056968753779,1.3843642842465813,3.4420298108240694,5,6.96832001209,6.952960014344,6.88383996487,6.99392020702,0.04124710886434508,0.5932309229342905,1.5797242658059873,3,6.96832001209,6.993066668506667,6.94527983665,7.06560015678,0.052144303695928575,0.7456571797143144,1.7266761561071406,baseline,,,,,,,,,,,,,,
fp16,1,17,1,64,1.0,optimized_fused,17,100,2909,true,2176,2788,5,9.22111988068,9.233919978144,9.14431989193,9.33376014233,0.06262338858047974,0.6781885562004504,2.0544169564145234,5,9.20319974422,9.270783901211999,9.13407981396,9.63328003883,0.1836404111638679,1.980850951987566,5.424202872305569,5,9.25184011459,9.214464068412,9.13407981396,9.26720023155,0.058860120683714365,0.6387796430341737,1.438853416630829,3,9.22111988068,9.22538657983,9.20319974422,9.25184011459,0.020085234189326166,0.21771699229644947,0.5274887540710679,candidate_vs_matching_baseline,1.1021654672220278,9.269521706167449,1.1031988988369494,9.354514307959082,1.0832871408677762,7.688371598416499,7.688371598416499,9.354514307959082,True,True,False,False,False,False
fp16,1,17,1,64,1.0,optimized_split,17,100,2909,true,2176,7140,5,14.6483194828,14.64166402818,14.2310404778,15.1065599918,0.3369276371509857,2.3011567298807005,5.976928036202586,5,14.8172795773,14.67903971672,14.2515194416,14.9273598194,0.24221459516003388,1.6500711206887873,4.561163702650143,5,14.3488001823,14.45785617828,14.1081595421,14.9401605129,0.2906729192887263,2.0104842357292463,5.7984009828662755,3,14.6483194828,14.604799747466666,14.3488001823,14.8172795773,0.1937157907993121,1.326384436273519,3.198178436441721,candidate_vs_matching_baseline,0.9697658696944707,-3.1176731673444813,0.9631997238794517,-3.8206277689043278,0.9748439058517755,-2.5805253535686967,-3.8206277689043278,-2.5805253535686967,False,False,True,True,True,False
fp16,1,17,1,64,1.0,optimized_transform,17,100,2909,true,2176,4352,5,7.12704002857,7.10144007206,6.97344005108,7.18079984188,0.07431938041086839,1.0465395702383176,2.9094798116575973,5,7.06304013729,7.120384097098,7.03999996185,7.36768007278,0.12403298444092098,1.7419423271206977,4.639363568104062,5,7.07840025425,7.058432102204,6.83776021004,7.29088008404,0.1472157458160648,2.085672054139284,6.401444644613577,3,7.07840025425,7.08949347337,7.06304013729,7.12704002857,0.02727992123395522,0.3847936574936668,0.9041575635903502,candidate_vs_matching_baseline,0.9744970996105843,-2.617031943923376,1.0003624529154924,0.03623215909753785,0.9844484292769534,-1.5797242659494781,-2.617031943923376,0.03623215909753785,False,False,True,False,False,False
fp16,1,17,1,64,1.0,warp64_fused,17,100,2909,true,2176,2788,5,6.58176004887,6.38054394722,5.2300798893,6.94527983665,0.593451074989425,9.300948005349785,26.059897878599774,5,6.73023998737,6.822911977768,6.57151997089,7.22944021225,0.22506705293341703,3.2986949511701584,9.775583673013987,5,6.64063990116,6.682624101638,6.58432006836,6.91968023777,0.1210379815376062,1.8112343249703087,5.050118277779497,3,6.64063990116,6.650879979133333,6.58176004887,6.73023998737,0.061047617654395724,0.9178878260610374,2.2359281742421184,candidate_vs_matching_baseline,1.5441462201808598,35.239293602462475,1.5085583638403819,33.71154713204001,1.5092520562286877,33.742015068126165,33.71154713204001,35.239293602462475,True,True,False,False,False,False
fp16,1,17,1,64,1.0,warp64_split,17,100,2909,true,2176,7140,5,10.5292797089,10.45248007774,10.2476799488,10.6700801849,0.16126782971143971,1.5428666547270617,4.011672666867808,5,10.4166400433,10.46937584876,10.327039957,10.7315194607,0.15062354132130837,1.4387060269609895,3.8830131598927737,5,10.4320001602,10.71206402778,10.3500795364,11.6531205177,0.4907104577442857,4.580914158762566,12.49080676082945,3,10.4320001602,10.459306637466666,10.4166400433,10.5292797089,0.04987421740175508,0.47684057013013476,1.079751379124231,candidate_vs_matching_baseline,1.3491369472113728,25.878540198089517,1.3701154631602899,27.01345055303489,1.340858914800077,25.420938104505897,25.420938104505897,27.01345055303489,True,True,False,False,False,False
fp16,1,17,1,64,1.0,warp64_transform,17,100,2909,true,2176,4352,5,5.29663980007,5.330431938172,5.21215975285,5.52703976631,0.1080234767072251,2.026542650955793,5.944901396841038,5,5.3248000145,5.30892789364,5.14815986156,5.45023977757,0.10449563290472144,1.9683000974623395,5.673075330292299,5,5.30431985855,5.3201919794079995,5.19424021244,5.49632012844,0.10544463471633293,1.9819704838558514,5.694979263233523,3,5.30431985855,5.308586557706667,5.29663980007,5.3248000145,0.011885648501617828,0.2238947857855497,0.5308920875992884,candidate_vs_matching_baseline,1.3112614976306698,23.737560981779072,1.3269231027530828,24.637682626430045,1.313706601018377,23.87950252934664,23.737560981779072,24.637682626430045,True,True,False,False,False,False
fp16,1,17,1,128,1.0,baseline_fused,17,100,2909,true,4352,5508,5,11.0950398445,12.1072638035,10.7545602322,13.8598394394,1.432008718894461,11.827682473396607,27.987995092593927,5,10.8057594299,10.79961562156,10.5395197868,11.0694396496,0.16793751100767454,1.555032298301521,4.904050161746975,5,11.5891194344,11.61574363712,11.4303994179,11.8143999577,0.1281904701528477,1.1035924531184915,3.3134574371558325,3,11.0950398445,11.163306236266667,10.8057594299,11.5891194344,0.3234279408113345,2.897241497869167,7.060452377630039,baseline,,,,,,,,,,,,,,
fp16,1,17,1,128,1.0,baseline_split,17,100,2909,true,4352,14212,5,15.0835204124,16.37376022336,14.9759995937,18.7724804878,1.6788988315670055,10.253593607482818,25.16972689597684,5,14.8556804657,14.8828160763,14.7174394131,15.0911998749,0.15263800641136394,1.0255989567352841,2.515943060723259,5,15.6697595119,15.73580789566,15.6108796597,15.8771204948,0.10918253297698141,0.6938476479945742,1.6990741619091845,3,15.0835204124,15.202986796666668,14.8556804657,15.6697595119,0.34291431008614826,2.255571978536046,5.397142205149629,baseline,,,,,,,,,,,,,,
fp16,1,17,1,128,1.0,baseline_transform,17,100,2909,true,4352,8704,5,8.36863994598,7.981567859648,6.56127989292,9.12383973598,1.0407253483144625,13.039109190263279,30.620983333032083,5,6.57407999039,6.61401605606,6.49215996265,6.84800028801,0.12162140517310557,1.8388435126593268,5.412777542715755,5,7.25247979164,7.247871875762,7.12704002857,7.33695983887,0.07930869397009147,1.0942342156366196,2.8944556390488274,3,7.25247979164,7.398399909336667,6.57407999039,8.36863994598,0.7398562333828795,10.000219540027734,24.74408763825314,baseline,,,,,,,,,,,,,,
fp16,1,17,1,128,1.0,optimized_fused,17,100,2909,true,4352,5508,5,9.97888028622,10.405375838288,9.27743971348,11.7734396458,1.1181071065323254,10.745475453352658,25.012825695151065,5,9.13407981396,9.183231949806,9.10592019558,9.32096004486,0.08149332275146234,0.8874144004735056,2.354258487552798,5,9.77663993835,9.768447995184,9.66656029224,9.85599994659,0.061958258042501935,0.6342692111689425,1.9376764976983671,3,9.77663993835,9.62986667951,9.13407981396,9.97888028622,0.36016547272567684,3.7400878403853794,8.641010383804497,candidate_vs_matching_baseline,1.1118521844401041,10.059986930405652,1.183015656747941,15.470264971052305,1.1853887948701416,15.639492770003006,10.059986930405652,15.639492770003006,True,True,False,False,False,False
fp16,1,17,1,128,1.0,optimized_split,17,100,2909,true,4352,14212,5,14.7558403015,17.12281632424,14.617600441,22.668800354,3.221588729077849,18.814596080886478,54.562801904148806,5,14.4384002686,14.40511989596,14.0236794949,14.6201598644,0.20457609252028483,1.420162372807875,4.131208156053129,5,15.5519998074,15.602175951,15.2908802032,16.0307204723,0.24003260198683807,1.5384559355097744,4.757203435329051,3,14.7558403015,14.915413459166666,14.4384002686,15.5519998074,0.4684183868364377,3.1404988411404626,7.546839190762972,candidate_vs_matching_baseline,1.0222068078946809,2.1724378788297916,1.0289007223333102,2.808893191149675,1.0075719975539075,0.751509328592892,0.751509328592892,2.808893191149675,False,True,False,False,False,False
fp16,1,17,1,128,1.0,optimized_transform,17,100,2909,true,4352,8704,5,9.58208024502,10.009088039406,6.98624014854,16.5529596806,3.475968314380912,34.72812208960445,99.83969333832303,5,6.94015979767,7.07123208046,6.91712021828,7.34975993633,0.18162217602425207,2.5684657773590867,6.233858162678744,5,7.73375988007,7.677439928054,7.37280011177,7.90015995502,0.1832716040653374,2.3871447485462935,6.818932206687893,3,7.73375988007,8.085333307586666,6.94015979767,9.58208024502,1.1068389882102303,13.689466421522242,34.16088019694358,candidate_vs_matching_baseline,0.8733635841057948,-14.49985071496467,0.9472519627857988,-5.568532902172407,0.9377689382792624,-6.6360762422913,-14.49985071496467,-5.568532902172407,False,False,True,True,True,True
fp16,1,17,1,128,1.0,warp64_fused,17,100,2909,true,4352,5508,5,7.8540802002,8.23859202861,6.60224020481,10.1375997066,1.509743182249864,18.32525724064267,45.0130303189414,5,6.55103981495,6.549503922464,6.36416018009,6.77375972271,0.1550657752105989,2.3675957300940333,6.252435555119989,5,7.41119980812,7.38867199421,7.23456025124,7.49311983585,0.08495791282900261,1.1498400916372842,3.4887682332719243,3,7.41119980812,7.272106607756667,6.55103981495,7.8540802002,0.5409798210584217,7.439107403642775,17.58204364996796,candidate_vs_matching_baseline,1.4126466195516403,29.210887835671894,1.649472409744845,39.37455430644706,1.563730534117095,36.0503630144554,29.210887835671894,39.37455430644706,True,True,False,False,False,False
fp16,1,17,1,128,1.0,warp64_split,17,100,2909,true,4352,14212,5,12.8025603294,12.79948806762,10.4012799263,15.80031991,2.172217191293544,16.97112556234803,42.171564474502496,5,10.2041602135,10.202112197894,9.96096014977,10.3936004639,0.14245575694085946,1.3963359172845238,4.239842427773927,5,10.9132802486,11.0131201744,10.8723199368,11.3152003288,0.1627806518912413,1.4780611608109477,4.058178493645976,3,10.9132802486,11.3066669305,10.2041602135,12.8025603294,1.0966572243867583,9.699208715775464,23.80952432916156,candidate_vs_matching_baseline,1.1781643690256212,15.122199729479913,1.4558454742847027,31.311391376112375,1.4358432254051372,30.35451347985152,15.122199729479913,31.311391376112375,True,True,False,False,False,False
fp16,1,17,1,128,1.0,warp64_transform,17,100,2909,true,4352,8704,5,5.66784024239,6.274560034278,4.82048004866,8.08960020542,1.3725669214156806,21.875110189675933,57.67841041654847,5,4.91008013487,4.918272078038,4.82816010714,5.08928000927,0.09127968383011568,1.855929935997543,5.31803748528665,5,5.43744027615,5.468160033228,5.40416002274,5.55519998074,0.06506624017720056,1.1899110446990746,2.7777768642811567,3,5.43744027615,5.338453551136666,4.91008013487,5.66784024239,0.3171738471078905,5.941305737133512,13.935971137811451,candidate_vs_matching_baseline,1.4765130257890147,32.2728629863849,1.3388946432264401,25.311524319029232,1.3338040370670783,25.02646774117472,25.02646774117472,32.2728629863849,True,True,False,False,False,False
fp16,1,17,1,256,1.0,baseline_fused,17,100,2909,true,8704,10948,5,16.5785598755,16.59238386152,16.1663997173,16.9958400726,0.2984771006495992,1.7988801557430716,5.003090506828388,5,14.2489600182,14.30476832392,14.1363203526,14.4793605804,0.1449459062247738,1.013269861787273,2.407475544614056,5,14.2873597145,14.31705594064,14.2668795586,14.4000005722,0.04933854077554399,0.34461373190205236,0.931739777398465,3,14.2873597145,15.038293202733334,14.2489600182,16.5785598755,1.0892458252068289,7.243147945864292,16.305320953987952,baseline,,,,,,,,,,,,,,
fp16,1,17,1,256,1.0,baseline_split,17,100,2909,true,8704,28356,5,21.0636806488,20.99609661102,20.5772805214,21.1507201195,0.21217816742761894,1.0105600643705135,2.7224092866821494,5,18.4294402599,18.90918397902,18.2400000095,20.8819198608,0.9927144822309601,5.249906518083438,14.335323341580066,5,18.4268796444,18.411008119599998,18.2963204384,18.5139203072,0.0764819409569963,0.41541419383534534,1.180882889557105,3,18.4294402599,19.306666851033334,18.4268796444,21.0636806488,1.242396810831055,6.435066292991736,14.307547962470272,baseline,,,,,,,,,,,,,,
fp16,1,17,1,256,1.0,baseline_transform,17,100,2909,true,8704,17408,5,9.50528025627,9.367040038108,8.71168017387,9.63840007782,0.33864835624771156,3.615318765266145,9.749527409659533,5,7.68000006676,7.673344016074,7.47775971889,7.94368028641,0.1588077309398649,2.0696026479093987,6.066674003514178,5,7.53152012825,7.571967959404,7.49311983585,7.73375988007,0.09054442295701673,1.1957845495709627,3.1951059032210862,3,7.68000006676,8.23893348376,7.53152012825,9.50528025627,0.8974917582610822,10.893300207243499,25.70000144352446,baseline,,,,,,,,,,,,,,
fp16,1,17,1,256,1.0,optimized_fused,17,100,2909,true,8704,10948,5,12.2009599209,12.02841591834,11.4995205402,12.2982394695,0.2968432258000594,2.467849697044943,6.546361388597057,5,10.3628802299,10.35571193692,10.2502405643,10.4806399345,0.09196628622847262,0.8880730440231351,2.223314031317548,5,10.2784001827,10.25792002678,10.1196801662,10.3807997704,0.09719883460282562,0.9475491556677371,2.5404693294536287,3,10.3628802299,10.9474134445,10.2784001827,12.2009599209,0.8870619279264446,8.102936208845806,18.552368603593834,candidate_vs_matching_baseline,1.3587914379672095,26.40518831234112,1.3749999712519596,27.272725752169723,1.390037307415569,28.059484830716308,26.40518831234112,28.059484830716308,True,True,False,False,False,False
fp16,1,17,1,256,1.0,optimized_split,17,100,2909,true,8704,28356,5,18.8953602314,18.86003184318,18.242559433,19.8451197147,0.5844282798991918,3.0987661354905276,8.48123699190922,5,16.1638402939,16.10700821876,15.523840189,16.4326405525,0.32615802621326573,2.0249448052890795,5.622428500750339,5,15.9871995449,15.90118408204,15.5878400803,16.0460805893,0.1649450451802444,1.037312971972608,2.8662962998180777,3,16.1638402939,17.015466690066667,15.9871995449,18.8953602314,1.3312400944512621,7.823706035805747,17.991768253225686,candidate_vs_matching_baseline,1.1147541190454109,10.2941193115911,1.1401647086834312,12.293373721879352,1.1526020922331124,13.239789625702736,10.2941193115911,13.239789625702736,True,True,False,False,False,False
fp16,1,17,1,256,1.0,optimized_transform,17,100,2909,true,8704,17408,5,9.74847972393,9.648128032684,9.19552028179,9.97120022774,0.26946671179497833,2.7929429510277317,7.956932443998496,5,7.96159982681,8.022015810014,7.88479983807,8.25855970383,0.1288226562196573,1.6058639034199618,4.694532178085568,5,7.95391976833,7.963647961616,7.86688029766,8.10751974583,0.091107175503609,1.1440382089054744,3.025419606671806,3,7.96159982681,8.55466643969,7.95391976833,9.74847972393,0.8441592914632032,9.867822403298678,22.540192858688712,candidate_vs_matching_baseline,0.9750525749093976,-2.5585722998496374,0.9646302544493963,-3.666663510444468,0.9468941537778818,-5.608424765348752,-5.608424765348752,-2.5585722998496374,False,False,True,True,True,False
fp16,1,17,1,256,1.0,warp64_fused,17,100,2909,true,8704,10948,5,10.9798395634,11.007999897,10.6675195694,11.4483201504,0.29984584728989244,2.723890353338477,7.111220309654685,5,8.59647989273,8.660479903221999,8.50175976753,8.85760009289,0.14511386522858574,1.67558688259987,4.139372508285995,5,8.68863999844,8.889855861664,8.57855975628,9.85599994659,0.48709640769962903,5.479238530740975,14.702418221256227,3,8.68863999844,9.421653151523333,8.59647989273,10.9798395634,1.1024463832431735,11.70119898825744,27.430756379570564,candidate_vs_matching_baseline,1.5099091184139588,33.77084833751971,1.6575342693758026,39.66942231748959,1.6443723893572784,39.18652450793939,33.77084833751971,39.66942231748959,True,True,False,False,False,False
fp16,1,17,1,256,1.0,warp64_split,17,100,2909,true,8704,28356,5,15.0374400616,15.10707211494,14.9888002872,15.2960002422,0.12733689131863726,0.8428958990187689,2.0429006116837236,5,12.4876797199,12.53017616272,12.3520004749,12.7974402905,0.1527837968128556,1.2193268061738878,3.5670342737102763,5,12.5158405304,12.51840019228,12.4262404442,12.6028800011,0.056389630681483054,0.4504539702785512,1.4113279605229687,3,12.5158405304,13.346986770633332,12.4876797199,15.0374400616,1.1953862707696983,8.956225785731977,20.372266133519613,candidate_vs_matching_baseline,1.4007491010779662,28.609627574957152,1.4758098120126661,32.24059144611397,1.4722846299968864,32.07835090948991,28.609627574957152,32.24059144611397,True,True,False,False,False,False
fp16,1,17,1,256,1.0,warp64_transform,17,100,2909,true,8704,17408,5,7.87967979908,7.9994879961,7.68256008625,8.44543993473,0.26425543522866307,3.303404359847728,9.681609759943184,5,5.99039971828,6.01702392101,5.95200002193,6.11072003841,0.06244717811961429,1.0378416130533197,2.649573049285147,5,5.93407988548,5.952000021934,5.81120014191,6.05696022511,0.08731066675261034,1.4669130784754305,4.1415027762155106,3,5.99039971828,6.601386467613334,5.93407988548,7.87967979908,0.9041822684414047,13.696854030245905,32.47863256374872,candidate_vs_matching_baseline,1.206302857303897,17.102078143542375,1.2820513534888334,22.000004346260383,1.2691976302305519,21.21006404508111,17.102078143542375,22.000004346260383,True,True,False,False,False,False
fp16,1,257,1,64,1.0,baseline_fused,257,100,2909,true,32896,42148,5,13.2044804096,13.2567038536,13.0380797386,13.539839983,0.1693289023283467,1.2773077244413482,3.79992418357641,5,13.3094394207,13.31097602842,13.2044804096,13.3990395069,0.06441007443824996,0.48388693887457457,1.4618128619106514,5,13.2812798023,13.34886407852,13.2249605656,13.6396801472,0.14920733666012992,1.1177530596046992,3.1225874898605817,3,13.2812798023,13.2650665442,13.2044804096,13.3094394207,0.04435651629268912,0.33438593123442345,0.7902778396538537,baseline,,,,,,,,,,,,,,
fp16,1,257,1,64,1.0,baseline_split,257,100,2909,true,32896,107940,5,20.7718396187,21.19167995454,20.2828788757,23.5340809822,1.2003681525577798,5.6643369243627095,15.651970004491469,5,20.7487988472,20.72575998308,20.3750395775,20.9664011002,0.2127608416657145,1.026552666051364,2.850100032560684,5,20.6617593765,20.72422361372,20.6310391426,20.9075188637,0.1080380493513193,0.521312891450347,1.3381228387281399,3,20.7487988472,20.727465947466666,20.6617593765,20.7718396187,0.047404179766323856,0.22870224409712586,0.5305379025102156,baseline,,,,,,,,,,,,,,
fp16,1,257,1,64,1.0,baseline_transform,257,100,2909,true,32896,65792,5,10.1760005951,10.16064023972,10.0172805786,10.2707195282,0.08978244364004273,0.8836297863304419,2.4905555697592883,5,10.2348804474,10.20313596726,10.035200119,10.2758395672,0.08763414317252033,0.8588942012899003,2.351170093649018,5,10.2246403694,10.23129582404,10.1068794727,10.3551995754,0.08329416803528278,0.8141116185847187,2.428643881139977,3,10.2246403694,10.211840470633334,10.1760005951,10.2348804474,0.025685109928324207,0.2515228278603458,0.5758623303389169,baseline,,,,,,,,,,,,,,
fp16,1,257,1,64,1.0,optimized_fused,257,100,2909,true,32896,42148,5,12.5388801098,12.55475211144,12.4800002575,12.6361596584,0.06642973504898426,0.5291202443451903,1.245401499436546,5,12.5875198841,12.56140804292,12.4441599846,12.6796805859,0.08416761253099421,0.6700491875067596,1.871064383361956,5,12.5926399231,12.5322239399,12.2751998901,12.6745605469,0.14070790613966683,1.1227688462514787,3.1713815311070053,3,12.5875198841,12.573013305666667,12.5388801098,12.5926399231,0.024226156592886613,0.19268377439772427,0.42708820955197085,candidate_vs_matching_baseline,1.0530829144207057,5.04071556890715,1.0573520076430543,5.424116777429466,1.0546859025117328,5.185041573182914,5.04071556890715,5.424116777429466,True,True,False,False,False,False
fp16,1,257,1,64,1.0,optimized_split,257,100,2909,true,32896,107940,5,21.2531208992,21.22137594222,20.9587192535,21.3939189911,0.1585598644883597,0.7471705176896863,2.047698028275852,5,21.1942410469,21.26284790038,21.0073590279,21.5731191635,0.22139124429758944,1.0412116257184574,2.6694050253936763,5,21.0816001892,21.16915178298,20.5260801315,21.8726396561,0.43745697002832534,2.066483222913262,6.387368665163453,3,21.1942410469,21.176320711766667,21.0816001892,21.2531208992,0.07116034615895861,0.33603734627714726,0.8092797926589923,candidate_vs_matching_baseline,0.9773547949601079,-2.3169891994867964,0.9789828662081225,-2.1468336696517376,0.9800849646643484,-2.0319702937665163,-2.3169891994867964,-2.0319702937665163,False,False,True,True,False,False
fp16,1,257,1,64,1.0,optimized_transform,257,100,2909,true,32896,65792,5,10.2809596062,10.34803175928,10.2271997929,10.5599999428,0.12306560260590431,1.1892657992235136,3.2370533748552184,5,10.4063999653,10.33779215812,10.1708805561,10.4422402382,0.11173329383276066,1.0808235658423235,2.6076230301049845,5,10.4320001602,10.481151819219999,10.2604794502,10.8697605133,0.21181866868304017,2.020948387510368,5.840500898615,3,10.4063999653,10.373119910566666,10.2809596062,10.4320001602,0.06599991803250961,0.6362590869626238,1.451419842631865,candidate_vs_matching_baseline,0.9897909324498557,-1.031436762597493,0.9835178814506526,-1.6758331353403433,0.9801227197454314,-2.0280399437869745,-2.0280399437869745,-1.031436762597493,False,False,True,True,False,False
fp16,1,257,1,64,1.0,warp64_fused,257,100,2909,true,32896,42148,5,9.05727982521,9.072128057479999,8.96256029606,9.25952017307,0.10285213122085349,1.1337156019976102,3.278687229950022,5,9.2492800951,9.31430399418,9.1571199894,9.67423975468,0.19114535123161028,2.052169988772608,5.590919076544729,5,9.18272018433,9.075199961662,8.89087975025,9.21599984169,0.1468200922259536,1.6178166084074415,3.5405640694007547,3,9.18272018433,9.163093368213334,9.05727982521,9.2492800951,0.07960290967301942,0.8687340232629409,2.090886643999479,candidate_vs_matching_baseline,1.4578858845507565,31.407525746903897,1.4389703072946136,30.505862773493575,1.4463339332678407,30.85967375870078,30.505862773493575,31.407525746903897,True,True,False,False,False,False
fp16,1,257,1,64,1.0,warp64_split,257,100,2909,true,32896,107940,5,15.4112005234,15.477760076520001,15.3190398216,15.7491195202,0.15091390727658888,0.9750371276624684,2.7906956239196123,5,15.5263996124,15.55302405356,15.3907203674,15.7081604004,0.1299675109991401,0.8356414196465625,2.044517988230061,5,15.221760273,15.288320302959999,15.0732803345,15.6928002834,0.21511920170289073,1.4070819909577714,4.069962591638568,3,15.4112005234,15.3864534696,15.221760273,15.5263996124,0.12559350907153433,0.8162602858396021,1.976739832418923,candidate_vs_matching_baseline,1.3478404610439358,25.807242852356925,1.3363561009101674,25.169646075704033,1.3573830493933967,26.328828074957045,25.169646075704033,26.328828074957045,True,True,False,False,False,False
fp16,1,257,1,64,1.0,warp64_transform,257,100,2909,true,32896,65792,5,7.70816028118,7.728128194808,7.62624025345,7.88991987705,0.09954931471871971,1.2881426421678677,3.4207854271503884,5,7.88223981857,7.902719974518,7.8156799078,7.98976004124,0.07321782252856976,0.9264888894539811,2.2085110000063675,5,7.79263973236,7.801343917845999,7.67488002777,7.88991987705,0.07401191136443162,0.9487071989625447,2.7595250988829596,3,7.79263973236,7.794346610703333,7.70816028118,7.88223981857,0.07107792160597785,0.9119163562520097,2.233896899751581,candidate_vs_matching_baseline,1.32015944452341,24.251573993699715,1.2984736170152227,22.986498385798438,1.3120894485780967,23.785683888877095,22.986498385798438,24.251573993699715,True,True,False,False,False,False
fp16,1,257,1,128,1.0,baseline_fused,257,100,2909,true,65792,83268,5,17.4259197712,17.584639787660002,16.9651198387,18.3398401737,0.5157469999062471,2.9329403737241853,7.888939884091593,5,14.6355199814,14.58432006834,14.3462395668,14.6867203712,0.1220991003143801,0.8371943274848705,2.3264004615668648,5,15.3702402115,15.43577575684,15.3395199776,15.6748795509,0.12468632945601477,0.8077749471111808,2.1818759413342423,3,15.3702402115,15.810559988033333,14.6355199814,17.4259197712,1.1809583328618456,7.46942760886197,18.154562006859372,baseline,,,,,,,,,,,,,,
fp16,1,257,1,128,1.0,baseline_split,257,100,2909,true,65792,214852,5,25.2134394646,25.17657613756,24.4966411591,25.7305598259,0.4517843161668571,1.7944628916116072,4.893892673914781,5,22.1363210678,22.13427209854,21.8316793442,22.6047992706,0.2643644670964887,1.194367115031203,3.492540264626888,5,23.2012796402,23.16083192826,22.9811191559,23.2243204117,0.09107890600188505,0.3932453993189852,1.04822345823811,3,23.2012796402,23.517013390866666,22.1363210678,25.2134394646,1.275912812581325,5.425488310845003,13.262709835488515,baseline,,,,,,,,,,,,,,
fp16,1,257,1,128,1.0,baseline_transform,257,100,2909,true,65792,131584,5,12.3647999763,12.30745577812,11.8323194981,12.5260794163,0.2482255489363506,2.0168713453973326,5.610765394747598,5,9.95328009129,10.008064031608,9.87904012203,10.2271997929,0.12105948214834643,1.2096193805915902,3.4979390479995716,5,10.6470394135,10.63731193544,10.4268801212,10.8032000065,0.12389342842164008,1.1647061698817744,3.5345026038209397,3,10.6470394135,10.988373160363334,9.95328009129,12.3647999763,1.0136529925671416,9.224777660659868,22.649675570396532,baseline,,,,,,,,,,,,,,
fp16,1,257,1,128,1.0,optimized_fused,257,100,2909,true,65792,83268,5,14.8044800758,14.79936003682,14.6329605579,14.9862396717,0.1463281398691835,0.9887464019060762,2.386298687905181,5,12.3801600933,12.43136000634,12.3187196255,12.5823998451,0.10039652445421195,0.8076069263782053,2.129861145678561,5,13.0841600895,13.09286379814,13.0227196217,13.1660795212,0.04984045706742699,0.38066887302766744,1.095675217357253,3,13.0841600895,13.422933419533333,12.3801600933,14.8044800758,1.018301648577541,7.586282496907025,18.52866340610973,candidate_vs_matching_baseline,1.1770707030559695,15.043336190107336,1.1821753411186156,15.410179419428161,1.1747211977201788,14.873418310597108,14.873418310597108,15.410179419428161,True,True,False,False,False,False
fp16,1,257,1,128,1.0,optimized_split,257,100,2909,true,65792,214852,5,24.4403195381,24.62259244918,23.9590406418,25.8048009872,0.6503679175167023,2.6413462305361812,7.552112166629589,5,21.0918402672,21.01503944396,20.6438398361,21.3043189049,0.24460516859960077,1.1639529359527496,3.131443536613135,5,22.0748806,21.9985918999,21.6243195534,22.1926403046,0.2128246432614222,0.9674466630856934,2.5745133642987934,3,22.0748806,22.535680135099998,21.0918402672,24.4403195381,1.4053067317785184,6.235918877769795,15.168731063940616,candidate_vs_matching_baseline,1.0316329712995276,3.0663009209254133,1.0495206102155192,4.7184028339710355,1.0510262800787245,4.854900495437886,3.0663009209254133,4.854900495437886,False,True,False,False,False,False
fp16,1,257,1,128,1.0,optimized_transform,257,100,2909,true,65792,131584,5,12.6745605469,12.56192016604,11.9628798962,12.9715204239,0.3691374949806651,2.9385435514754703,7.957992105270244,5,10.1760005951,10.23744010926,10.1119995117,10.4652798176,0.12369852222608967,1.2082954420822596,3.471700916272682,5,11.0438394547,10.97216010096,10.6368005276,11.1308801174,0.17340838041138523,1.580439756764149,4.473802718942381,3,11.0438394547,11.298133532233333,10.1760005951,12.6745605469,1.0357604506146203,9.16753592670522,22.624015516059245,candidate_vs_matching_baseline,0.9755604488649697,-2.5051806029513513,0.978113159317498,-2.2376593622126517,0.9640704627382888,-3.726858009907197,-3.726858009907197,-2.2376593622126517,False,False,True,True,True,False
fp16,1,257,1,128,1.0,warp64_fused,257,100,2909,true,65792,83268,5,12.1830403805,12.042752027519999,11.5968000889,12.4902403355,0.33985938073968336,2.8221072721836293,7.33347521387212,5,8.99327993393,9.025023937225999,8.86528015137,9.23391997814,0.13751365502424967,1.5236929672511974,4.099058735836626,5,9.84831988811,9.826303958892,9.73312020302,9.9097597599,0.0625519413737664,0.6365764954498688,1.7936009277405665,3,9.84831988811,10.34154673418,8.99327993393,12.1830403805,1.3481091617246064,13.035856205812529,32.388879350081204,candidate_vs_matching_baseline,1.4303424454778693,30.086672379640834,1.627384012164779,38.55168832156708,1.5606966859450497,35.926050910112025,30.086672379640834,38.55168832156708,True,True,False,False,False,False
fp16,1,257,1,128,1.0,warp64_split,257,100,2909,true,65792,214852,5,18.4806394577,18.52723193168,18.1990396976,18.8774394989,0.2223070471019359,1.199893475300051,3.6708675738887524,5,15.0655996799,15.10246372222,14.8403203487,15.5007994175,0.2433458332547092,1.6112989094400447,4.3840210999445794,5,15.8438396454,15.81004810334,15.6544005871,15.9692800045,0.11737401322480859,0.7424013668877604,1.9873933620088131,3,15.8438396454,16.463359594333333,15.0655996799,18.4806394577,1.4613869887504907,8.876602496452172,21.554369737587578,candidate_vs_matching_baseline,1.364316398375207,26.703219195274563,1.4693289041347297,31.941718618209023,1.4643722834531536,31.711354325698636,26.703219195274563,31.941718618209023,True,True,False,False,False,False
fp16,1,257,1,128,1.0,warp64_transform,257,100,2909,true,65792,131584,5,9.65888023376,9.599488019948,9.21599984169,10.0735998154,0.29877903098703834,3.1124475635176303,8.878875738747558,5,7.31392025948,7.324159979822,7.09375977516,7.57503986359,0.15490012088147276,2.11491995407284,6.580329992061164,5,7.86176025867,7.905280113218,7.77984023094,8.16384017467,0.13482235619560037,1.7054722193862688,4.884401598312827,3,7.86176025867,8.278186917303334,7.31392025948,9.65888023376,1.001587969762419,12.099122425816063,29.82741647068114,candidate_vs_matching_baseline,1.2801483895702725,21.88405593075927,1.3608680076035793,26.517487778925,1.3542818736756028,26.16012815072688,21.88405593075927,26.517487778925,True,True,False,False,False,False
fp16,1,257,1,256,1.0,baseline_fused,257,100,2909,true,131584,165508,5,22.7814388275,22.739455699940002,22.3692798615,23.1936001778,0.32537430817229623,1.4308799316298269,3.6183856627393687,5,20.6284809113,20.6387205124,20.4953598976,20.7872009277,0.11669793806767334,0.5654320382775656,1.414748043517505,5,20.4876804352,20.52095985412,20.3724789619,20.7897591591,0.14099983904605223,0.6871015783296494,2.0367371431812686,3,20.6284809113,21.299200058,20.4876804352,22.7814388275,1.0496761471597331,4.928242113794662,11.119376177833384,baseline,,,,,,,,,,,,,,
fp16,1,257,1,256,1.0,baseline_split,257,100,2909,true,131584,428676,5,30.901761055,30.75430440902,30.1875209808,31.3548803329,0.43554161219384235,1.4161972464124448,3.777646684997319,5,28.3801603317,28.48563194274,28.2214403152,28.8384008408,0.21860318620863164,0.7674156102559138,2.1739148700681183,5,28.2086396217,28.27878379822,28.0115199089,28.7334394455,0.24614677265552085,0.8704291330626973,2.5592142913713993,3,28.3801603317,29.163520336133335,28.2086396217,30.901761055,1.2311147891333574,4.221420373616615,9.48945108774401,baseline,,,,,,,,,,,,,,
fp16,1,257,1,256,1.0,baseline_transform,257,100,2909,true,131584,263168,5,12.8076803684,12.8368639946,12.3699200153,13.1763195992,0.2817004140976128,2.194464428509283,6.296218836703674,5,11.2230396271,11.2522239685,11.1513602734,11.4227199554,0.09126820342476072,0.8111125736588712,2.4178804585591442,5,11.0771203041,11.111424207659999,10.936319828,11.3152003288,0.12405426952324997,1.116456965415193,3.420388064755092,3,11.2230396271,11.7026134332,11.0771203041,12.8076803684,0.7836677912910271,6.696519506213737,15.419709114465382,baseline,,,,,,,,,,,,,,
fp16,1,257,1,256,1.0,optimized_fused,257,100,2909,true,131584,165508,5,15.4726397991,15.527936220159999,15.1782405376,15.8566403389,0.2612633638306862,1.6825375898407329,4.384512339901173,5,13.8649594784,13.84703969956,13.6268794537,13.9622402191,0.11639437598397763,0.8405722703869778,2.4187648432903988,5,13.7676799297,13.7538561821,13.6448001862,13.8188803196,0.058188082354025894,0.42306740439641183,1.2644115369392788,3,13.8649594784,14.368426402399999,13.7676799297,15.4726397991,0.7818061339989739,5.441139566044523,12.296897600430276,candidate_vs_matching_baseline,1.472369235198323,32.08225381961994,1.4878140064842442,32.787297629827094,1.4880997045118285,32.80020169562158,32.08225381961994,32.80020169562158,True,True,False,False,False,False
fp16,1,257,1,256,1.0,optimized_split,257,100,2909,true,131584,428676,5,25.7279992104,25.57439994812,24.6937608719,26.4780807495,0.6203720622187181,2.425754127084895,6.935323120185437,5,23.1731200218,23.56070423124,22.5868797302,25.7459211349,1.118472184987748,4.74719335216103,13.63235249171518,5,22.8633594513,22.72665548326,22.315518856,23.0399990082,0.2908713234150855,1.2798685826400436,3.168738844976715,3,23.1731200218,23.9214928945,22.8633594513,25.7279992104,1.2836372033662955,5.366041363001337,12.361907919197352,candidate_vs_matching_baseline,1.201094605231044,16.742611644014605,1.2247017365379156,18.34746614903319,1.2337924215286775,18.949088797206826,16.742611644014605,18.949088797206826,True,True,False,False,False,False
fp16,1,257,1,256,1.0,optimized_transform,257,100,2909,true,131584,263168,5,13.1430399418,12.9894399643,12.4108803272,13.4912002087,0.44840199418656623,3.452050245576008,8.21971086053054,5,11.4559996128,11.44729566572,11.233279705,11.6095995903,0.13875676451362984,1.2121357617166295,3.2849153109217264,5,11.2998402119,11.39660811426,11.2281596661,11.5865600109,0.15394452104333,1.3507924419258306,3.1717293172213528,3,11.4559996128,11.9662932555,11.2998402119,13.1430399418,0.8345242207033837,6.973957623174712,16.08938366094705,candidate_vs_matching_baseline,0.9744838656136603,-2.618425536504043,0.9796648050302211,-2.0757298685596393,0.9802899949359062,-2.0106300345728245,-2.618425536504043,-2.0106300345728245,False,False,True,True,False,False
fp16,1,257,1,256,1.0,warp64_fused,257,100,2909,true,131584,165508,5,13.5168004036,13.42003202438,12.8051197529,13.8675200939,0.4235680262165568,3.1562370748971857,7.859850772946572,5,11.102720499,11.08582401272,10.9004795551,11.3331198692,0.1569312676112505,1.4156030930238996,3.896705443850158,5,10.9849596024,10.98342370986,10.6572794914,11.2025594711,0.1943754520833502,1.7697164128235914,4.963877878812291,3,11.102720499,11.868160168333333,10.9849596024,13.5168004036,1.1667555802872356,9.830972650675687,22.80378760708276,candidate_vs_matching_baseline,1.6854165295976777,40.66748590399146,1.8579663347517363,46.17771154967556,1.8650665252081438,46.38260960217499,40.66748590399146,46.38260960217499,True,True,False,False,False,False
fp16,1,257,1,256,1.0,warp64_split,257,100,2909,true,131584,428676,5,20.1190400124,20.04326367378,19.60703969,20.3827190399,0.29973025490500965,1.49541641412974,3.8554491139831883,5,17.5564801693,17.5841281414,17.4336004257,17.7817595005,0.1149137205669616,0.6535082071906039,1.9830801586801394,5,17.5539195538,17.35423994064,16.2918400764,17.8304004669,0.5446125238205203,3.1382101762068624,8.764768379988034,3,17.5564801693,18.409813245166667,17.5539195538,20.1190400124,1.208606289783986,6.565011136662643,14.610676137039569,candidate_vs_matching_baseline,1.5359461006069013,34.89354869908078,1.6165062733546527,38.13819244111244,1.6069709978586242,37.77112335365391,34.89354869908078,38.13819244111244,True,True,False,False,False,False
fp16,1,257,1,256,1.0,warp64_transform,257,100,2909,true,131584,263168,5,10.357760191,10.254336118704,9.73312020302,10.5958402157,0.29943282767174023,2.920060589057268,8.329214007383836,5,8.49663972855,8.470016002654,8.32256019115,8.62464010715,0.10628897648336014,1.2548851908904952,3.5552868622282032,5,8.4582400322,8.46796810627,8.33536028862,8.55296015739,0.07680676356051316,0.9070270765857344,2.5726376638829174,3,8.49663972855,9.10421331725,8.4582400322,10.357760191,0.8865301114217691,9.737580618218121,22.356133948075062,candidate_vs_matching_baseline,1.2365299188456562,19.128523721161972,1.3208797813786175,24.29288311489721,1.3096247283040068,23.64224816562357,19.128523721161972,24.29288311489721,True,True,False,False,False,False
fp16,4,64,16,64,1.0,baseline_fused,4096,100,2909,true,524288,671744,5,23.6441588402,23.65593624116,23.4137606621,23.8208007812,0.1511103764283972,0.6387841719216069,1.7215250576304977,5,23.6697602272,23.8115839958,23.4521603584,24.4505596161,0.3458048996209065,1.4522549179504447,4.218037057057701,5,23.5417604446,23.58579206464,23.4521603584,23.7951993942,0.1155165498504084,0.4897717640086877,1.4571511616867487,3,23.6441588402,23.618559837333333,23.5417604446,23.6697602272,0.05530200597469298,0.23414639315678482,0.5413590031478455,baseline,,,,,,,,,,,,,,
fp16,4,64,16,64,1.0,baseline_split,4096,100,2909,true,524288,1720320,5,32.6528000832,32.67942380906,32.5990390778,32.82943964,0.08595821757594883,0.263034679185861,0.7056073647985195,5,32.7475190163,32.81049585342,32.5196790695,33.1008005142,0.24734763336051108,0.7538674040938909,1.7745510565571423,5,32.7552008629,32.645632266999996,32.3200011253,32.9983997345,0.2619987459504318,0.8025537499400023,2.0711172312436634,3,32.7475190163,32.71850665413333,32.6528000832,32.7552008629,0.04656728314785835,0.14232704334620208,0.3126978249834085,baseline,,,,,,,,,,,,,,
fp16,4,64,16,64,1.0,baseline_transform,4096,100,2909,true,524288,1048576,5,13.2761597633,13.258239984520001,13.1891202927,13.3094394207,0.04892204002900465,0.36899347187956194,0.9062796030265078,5,13.2838404179,13.30841636656,13.1046402454,13.5961604118,0.1593102270060662,1.1970637423575379,3.700136036997815,5,13.3452796936,13.36063981056,13.232640028,13.4656000137,0.08590320004362509,0.6429572330490401,1.745635843149243,3,13.2838404179,13.301759958266667,13.2761597633,13.3452796936,0.03093243859751595,0.23254395429299804,0.5203309293512753,baseline,,,,,,,,,,,,,,
fp16,4,64,16,64,1.0,optimized_fused,4096,100,2909,true,524288,671744,5,20.4108810425,20.40064001082,20.3187203407,20.4774403572,0.057471827815909024,0.28171580786400513,0.7776245237503859,5,20.5158400536,20.49535989762,20.3520011902,20.6796789169,0.11292988639716046,0.5510022120190938,1.5971938065607032,5,20.4185605049,20.38783979416,20.2803206444,20.4518389702,0.06506577115119691,0.31914009433130175,0.8400118400062554,3,20.4185605049,20.448427200333334,20.4108810425,20.5158400536,0.047771073010439716,0.23361734642193405,0.5140372705255702,candidate_vs_matching_baseline,1.1584095165205066,13.674742330874345,1.1537309788612125,13.324681548635574,1.1529588698944033,13.266637161862715,13.266637161862715,13.674742330874345,True,True,False,False,False,False
fp16,4,64,16,64,1.0,optimized_split,4096,100,2909,true,524288,1720320,5,30.8531188965,30.76966381074,30.4204797745,30.901761055,0.17875037289056994,0.5809305359656806,1.5599112754678417,5,30.9376001358,30.9027838707,30.3103995323,31.3267207146,0.34706917054794906,1.1231000158436126,3.285067936229307,5,30.6636810303,30.6406402588,30.0211191177,31.0963201523,0.34903649193481434,1.139129238118877,3.506431708370402,3,30.8531188965,30.8181333542,30.6636810303,30.9376001358,0.1145306661030099,0.37163401425609466,0.8878165815873895,candidate_vs_matching_baseline,1.0583306080898083,5.511567712766974,1.058502239105664,5.526888554821863,1.0682083742826989,6.385306081175479,5.511567712766974,6.385306081175479,True,True,False,False,False,False
fp16,4,64,16,64,1.0,optimized_transform,4096,100,2909,true,524288,1048576,5,13.9263999462,13.90694403648,13.8035202026,14.0134394169,0.08117396309577297,0.5836937495602305,1.5073473051969921,5,13.8803195953,13.89209580422,13.6780798435,14.1977596283,0.17037058126638258,1.2263850153886005,3.7440044606463343,5,13.9468801022,13.9074561596,13.8342404366,13.9622402191,0.058948978150990636,0.42386600018364606,0.9177664220387828,3,13.9263999462,13.9178665479,13.8803195953,13.9468801022,0.02783510295299897,0.19999547241814067,0.4779448181664641,candidate_vs_matching_baseline,0.9533088102157065,-4.897803238987031,0.957026985343913,-4.49026154060268,0.95686487557134,-4.507964032320055,-4.897803238987031,-4.49026154060268,False,False,True,True,True,True
fp16,4,64,16,64,1.0,warp64_fused,4096,100,2909,true,524288,671744,5,15.7670402527,15.77471995354,15.5263996124,16.0691201687,0.21932511747451458,1.390358232161807,3.442120699901567,5,15.805439949,15.80134367942,15.5622398853,16.0767996311,0.16488142149753596,1.043464561259312,3.2555863516633954,5,15.6799995899,15.67948770522,15.4367995262,15.8847999573,0.16481634490831004,1.051158991970379,2.857145681231856,3,15.7670402527,15.7508265972,15.6799995899,15.805439949,0.052478458382392665,0.33317907513324846,0.7955859634373662,candidate_vs_matching_baseline,1.4995939923570054,33.31528366366435,1.497570475961194,33.22517931196764,1.5013878227244355,33.39495732785493,33.22517931196764,33.39495732785493,True,True,False,False,False,False
fp16,4,64,16,64,1.0,warp64_split,4096,100,2909,true,524288,1720320,5,24.8550391197,24.79103946686,24.5171189308,25.0367999077,0.18740897558287695,0.7559544884489425,2.090847551666515,5,24.8396801949,24.97126388552,24.6988797188,25.4643201828,0.26816119355965007,1.0738791387934024,3.0815230228171724,5,24.7833609581,24.7987203598,24.6041607857,25.0726389885,0.16063195530043162,0.6477429196742921,1.890293264065487,3,24.8396801949,24.826026757566666,24.7833609581,24.8550391197,0.030813979250228968,0.12411965696781202,0.28856314186651427,candidate_vs_matching_baseline,1.3137295791789572,23.88083393654188,1.3183550979462129,24.147902066913485,1.321660969159009,24.33763095566682,23.88083393654188,24.33763095566682,True,True,False,False,False,False
fp16,4,64,16,64,1.0,warp64_transform,4096,100,2909,true,524288,1048576,5,11.6787195206,11.65823984146,11.5763199329,11.7401599884,0.06769247537658536,0.5806406138244966,1.4028940005880228,5,11.6915202141,11.651583910000001,11.5123200417,11.7785596848,0.10622734644666998,0.9116987635947084,2.2772029490135344,5,11.6403198242,11.63724803924,11.5865600109,11.6864001751,0.04036044963338269,0.3468212544519979,0.8577098027189423,3,11.6787195206,11.670186519633333,11.6403198242,11.6915202141,0.02175590434189989,0.18642293595992537,0.4384075652274037,candidate_vs_matching_baseline,1.1367821395044455,12.032396951985247,1.1361944532995512,11.986896512655676,1.1464701911244244,12.775752240079674,11.986896512655676,12.775752240079674,True,True,False,False,False,False
fp16,4,64,16,128,1.0,baseline_fused,4096,100,2909,true,1048576,1327104,5,50.1580810547,50.115583419800004,49.7075176239,50.4652786255,0.3031789972096493,0.6049595285961837,1.5107455980495292,5,47.1193599701,47.1413755417,47.0527982712,47.2832012177,0.07831513784078913,0.1661282407245704,0.4889772412999755,5,48.0870389938,48.142848014820004,47.9334402084,48.368639946,0.1518182634826332,0.3153495685089058,0.9050250269227702,3,48.0870389938,48.454826672866666,47.1193599701,50.1580810547,1.2675191754376163,2.6158780506945685,6.319210224176601,baseline,,,,,,,,,,,,,,
fp16,4,64,16,128,1.0,baseline_split,4096,100,2909,true,1048576,3424256,5,62.5023984909,62.487039566039996,61.9519996643,63.1142377853,0.3797636941540127,0.6077479374785486,1.8595096333290584,5,59.1820812225,59.234303474440004,58.8697576523,59.6940803528,0.27051204376510823,0.45668139557315124,1.3928585873837178,5,60.1881599426,60.24089431762,60.0396776199,60.5158376694,0.16963820470390614,0.281599744866816,0.7911191336537035,3,60.1881599426,60.62421321866667,59.1820812225,62.5023984909,1.3901399294999426,2.2930440754518653,5.516562180280147,baseline,,,,,,,,,,,,,,
fp16,4,64,16,128,1.0,baseline_transform,4096,100,2909,true,1048576,2097152,5,20.4031991959,20.29465556146,19.6659195423,20.6233596802,0.32913916515883873,1.621802174282185,4.692598100460624,5,17.8688001633,17.90361595154,17.7689599991,18.1606400013,0.14242997971564939,0.7955375053909046,2.191977069643731,5,18.6163198948,18.55743980408,18.3654403687,18.6649596691,0.1184589722714832,0.6383368262115502,1.6089071421879855,3,18.6163198948,18.96277308466667,17.8688001633,20.4031991959,1.0632707318105912,5.607147894789469,13.613856266554167,baseline,,,,,,,,,,,,,,
fp16,4,64,16,128,1.0,optimized_fused,4096,100,2909,true,1048576,1327104,5,23.9078402519,23.89401626586,23.4828805923,24.2969608307,0.26614955343333,1.1138753337738665,3.4050764511667087,5,21.585919857,21.655552387220002,21.5782403946,21.8649601936,0.10992381767912303,0.5076010794533897,1.3282723224186392,5,21.9776010513,22.0441598892,21.9417595863,22.2796797752,0.12764087808027735,0.5790235541832189,1.5375663072199217,3,21.9776010513,22.490453720066668,21.585919857,23.9078402519,1.0149193645996266,4.5126673620376305,10.564940138280729,candidate_vs_matching_baseline,2.097976250728622,52.335018108393626,2.1828747758840525,54.18885173589468,2.1880021791985165,54.296206397458505,52.335018108393626,54.296206397458505,True,True,False,False,False,False
fp16,4,64,16,128,1.0,optimized_split,4096,100,2909,true,1048576,3424256,5,35.5660796165,35.95417594906,35.3868794441,37.1353602409,0.6724387176090899,1.8702659701109638,4.916147114479357,5,32.3200011253,32.32460832596,32.0819211006,32.6604795456,0.19557704553198668,0.6050407279797357,1.7900941363120961,5,33.464319706,33.878527641299996,33.2851195335,35.6761598587,0.9023097364904504,2.6633676234219807,7.145043874211172,3,33.464319706,33.78346681593333,32.3200011253,35.5660796165,1.3442835889032516,3.9791167562153382,9.700117975558273,candidate_vs_matching_baseline,1.7573597980111242,43.09645633570651,1.831128686940931,45.388873696769394,1.7985771254692067,44.40049382151886,43.09645633570651,45.388873696769394,True,True,False,False,False,False
fp16,4,64,16,128,1.0,optimized_transform,4096,100,2909,true,1048576,2097152,5,17.2620797157,17.239040136339998,16.7936003208,17.507840395,0.26422378462477586,1.5327058962394928,4.1376247008660965,5,14.9683201313,14.8705279827,14.6380794048,15.0041604042,0.14538834275036,0.9776945574461186,2.445705304194392,5,15.5776000023,15.5422718525,15.3164803982,15.7491195202,0.16246112077813307,1.0452855433229404,2.7773156451322603,3,15.5776000023,15.935999949766668,14.9683201313,17.2620797157,0.9701103543806403,6.087539893565603,14.724730279769227,candidate_vs_matching_baseline,1.1819664566456107,15.395230179545594,1.193774585695482,16.232091721285112,1.1950698369486532,16.322881803018387,15.395230179545594,16.322881803018387,True,True,False,False,False,False
fp16,4,64,16,128,1.0,warp64_fused,4096,100,2909,true,1048576,1327104,5,21.8444800377,21.92384004594,21.3196802139,22.4588799477,0.46161311476357847,2.1055303897323543,5.215046235176709,5,18.6495995522,18.72230386736,18.5728001595,19.002879858,0.16336415123373618,0.8725643616891678,2.306106880719935,5,19.6300804615,19.60601592064,19.4380795956,19.7299194336,0.1021771008513137,0.5211517794584059,1.4866971053551012,3,19.6300804615,20.0413866838,18.6495995522,21.8444800377,1.3363370172563,6.6678869997378865,16.275432450549747,candidate_vs_matching_baseline,2.2961444249593197,56.448732530502,2.5265614866535597,60.42051597467736,2.44966081968497,59.17802203618534,56.448732530502,60.42051597467736,True,True,False,False,False,False
fp16,4,64,16,128,1.0,warp64_split,4096,100,2909,true,1048576,3424256,5,31.4649605751,31.25811243056,30.7430410385,31.7337608337,0.384359684048082,1.2296317792763025,3.1486446418242546,5,27.8527998924,27.8702082634,27.6787209511,28.0448007584,0.13150931684106926,0.47186341629808076,1.3143375485201754,5,28.6873602867,28.992000103,28.5619211197,30.4281592369,0.7198030947691777,2.4827645288766913,6.505436884219789,3,28.6873602867,29.3350402514,27.8527998924,31.4649605751,1.5441379907931976,5.263800484199113,12.591471109925253,candidate_vs_matching_baseline,1.9864127381224712,49.65799499729419,2.1248162285705647,52.93710643989511,2.098072438212601,52.337203340227646,49.65799499729419,52.93710643989511,True,True,False,False,False,False
fp16,4,64,16,128,1.0,warp64_transform,4096,100,2909,true,1048576,2097152,5,14.4588804245,14.40716838838,14.003200531,14.7942399979,0.29314121555941997,2.0346900074816294,5.470959325174416,5,12.008960247,11.9971842766,11.8502402306,12.0985603333,0.08098024409603402,0.6749937504417812,2.0677901965911913,5,12.6745605469,12.63923192026,12.4646401405,12.8409600258,0.1312798854883769,1.0386698045942364,2.9690961190133027,3,12.6745605469,13.0474670728,12.008960247,14.4588804245,1.0343505778424498,7.9275967670288745,19.329428964692692,candidate_vs_matching_baseline,1.4111188831278796,29.134248577029553,1.4879556427679799,32.79369550696127,1.4687941113156195,31.916938371690108,29.134248577029553,32.79369550696127,True,True,False,False,False,False
fp16,4,64,16,256,1.0,baseline_fused,4096,100,2909,true,2097152,2637824,5,132.144641876,132.3064346312,131.745281219,133.655042648,0.6976033783813899,0.5272633793858456,1.4452053461176795,5,129.574403763,129.5288333894,129.379844666,129.669122696,0.11274905164272446,0.08704552391340481,0.22325244924846394,5,129.364480972,129.3767681122,129.249277115,129.556484222,0.09997211839008655,0.07727207894340603,0.2374740768808673,3,129.574403763,130.361175537,129.364480972,132.144641876,1.2640097656017484,0.9696213311938019,2.1456096445445416,baseline,,,,,,,,,,,,,,
fp16,4,64,16,256,1.0,baseline_split,4096,100,2909,true,2097152,6832128,5,150.94783783,150.238718033,148.177919388,151.193599701,1.1468157682324782,0.7633290427708386,1.997829419985683,5,148.085756302,148.1538562776,147.712001801,148.692483902,0.33360883668929475,0.22517728871275725,0.6621042600480924,5,147.845115662,147.855358124,147.491836548,148.277759552,0.26038226478953447,0.1761060729169943,0.5315853692432704,3,148.085756302,148.95956993133333,147.845115662,150.94783783,1.4093459256113956,0.9461264732847101,2.0952198546850256,baseline,,,,,,,,,,,,,,
fp16,4,64,16,256,1.0,baseline_transform,4096,100,2909,true,2097152,4194304,5,32.2329592705,32.13824033738,31.6236805916,32.3148798943,0.2593267380112022,0.8069101957320893,2.144386734396409,5,30.2361607552,30.32320070268,29.9596810341,30.6099200249,0.2447765087402375,0.80722517105064,2.1505342429698873,5,30.2207994461,30.2305278778,30.07999897,30.4102396965,0.10541994602532612,0.34872016278201345,1.092759730228179,3,30.2361607552,30.89663982393333,30.2207994461,32.2329592705,0.9449413526452296,3.0583952107091394,6.654812562649666,baseline,,,,,,,,,,,,,,
fp16,4,64,16,256,1.0,optimized_fused,4096,100,2909,true,2097152,2637824,5,36.1907196045,36.528640270240004,35.770881176,38.6150407791,1.058405813115127,2.89746841186808,7.8588092035239585,5,33.7817597389,33.86470413208,33.7664008141,34.1196799278,0.13305689293944872,0.3929072949242278,1.0457688303702946,5,33.8073611259,33.84064006806,33.7433600426,33.9814400673,0.09107262658293477,0.2691220567925734,0.7042254017205809,3,33.8073611259,34.59328015643334,33.7817597389,36.1907196045,1.1296086196654538,3.2653989866161326,7.125548358030484,candidate_vs_matching_baseline,3.6513405458665975,72.61279830137939,3.8356321507370708,73.92867822823324,3.826518150595705,73.86658155941788,72.61279830137939,73.92867822823324,True,True,False,False,False,False
fp16,4,64,16,256,1.0,optimized_split,4096,100,2909,true,2097152,6832128,5,51.9833612442,52.44518375394,51.0182380676,55.0707197189,1.4108001279871074,2.6900470682040836,7.795728391365134,5,49.4899177551,49.59078407288,48.9497613907,50.2988815308,0.4663632754577555,0.9404232745591904,2.726050479162449,5,48.3584022522,48.74495983124,47.9436779022,50.5113601685,0.9552175094026861,1.959623133775771,5.309692104608736,3,49.4899177551,49.9438937505,48.3584022522,51.9833612442,1.5142990846636983,3.0320004528051805,7.32464137430586,candidate_vs_matching_baseline,2.903772172809273,65.56203653427316,2.9922409052041625,66.58023094795674,3.0572787514970883,67.29117358008916,65.56203653427316,67.29117358008916,True,True,False,False,False,False
fp16,4,64,16,256,1.0,optimized_transform,4096,100,2909,true,2097152,4194304,5,23.8694405556,23.72300815582,22.8249597549,24.330239296,0.5231788925146132,2.205364889133004,6.306304236974861,5,22.1516799927,22.73843193054,22.0697593689,24.6707201004,0.9927288116152223,4.365863110735828,11.741595817369769,5,22.0672011375,22.08460807798,21.9545602798,22.190079689,0.08181415660000109,0.3704578152852796,1.0672826505386355,3,22.1516799927,22.6961072286,22.0672011375,23.8694405556,0.8303884598710989,3.65872636883167,8.13590399777318,candidate_vs_matching_baseline,1.35038603839158,25.94710167537857,1.3649601639769178,26.73778866289972,1.3694894634709314,26.98008807855089,25.94710167537857,26.98008807855089,True,True,False,False,False,False
fp16,4,64,16,256,1.0,warp64_fused,4096,100,2909,true,2097152,2637824,5,29.4937610626,29.44307231902,28.7641596794,30.412800312,0.581771532355985,1.975919924566313,5.589794496201388,5,27.0387196541,26.83494377136,25.7459211349,27.2665596008,0.5518075534306498,2.0563022532567214,5.623929259052096,5,26.9977593422,26.98496007922,26.8953609467,27.0975995064,0.06941290010598196,0.2572281000312984,0.749093867889568,3,27.0387196541,27.843413352966667,26.9977593422,29.4937610626,1.1670918583689778,4.191626377031917,9.231212691764872,candidate_vs_matching_baseline,4.480426948449378,77.680698480173,4.792179711932183,79.13266905433301,4.7916747213088655,79.13046986363787,77.680698480173,79.13266905433301,True,True,False,False,False,False
fp16,4,64,16,256,1.0,warp64_split,4096,100,2909,true,2097152,6832128,5,40.0947189331,42.21337556838,39.9078392982,48.9983987808,3.4863192883710896,8.25880243271169,22.672710333168926,5,37.401599884,37.29715156554,36.933119297,37.6166391373,0.24500890488566665,0.656910500135989,1.8275149790915843,5,37.0534396172,37.05446386338,36.9228792191,37.1584010124,0.08283690972946871,0.22355446845726554,0.6356273418424402,3,37.401599884,38.183252811433334,37.0534396172,40.0947189331,1.3590636344076792,3.559318639298144,8.131415033935555,candidate_vs_matching_baseline,3.764781044652386,73.43803030934744,3.959342829218102,74.74328333933433,3.9900510503044133,74.93766402002032,73.43803030934744,74.93766402002032,True,True,False,False,False,False
fp16,4,64,16,256,1.0,warp64_transform,4096,100,2909,true,2097152,4194304,5,17.5052797794,18.27993607522,17.1161603928,21.0432004929,1.4696502910946152,8.039690538561842,22.43346093057759,5,15.2831995487,15.13420796396,14.4921600819,15.4572796822,0.33888590531732193,2.2392047613217114,6.314905443880652,5,15.3856003284,15.36051177976,15.2729594707,15.4316794872,0.06521534461964751,0.42456492045779004,1.0316140619292042,3,15.3856003284,16.058026552166666,15.2831995487,17.5052797794,1.0242160929946253,6.378218952791746,14.442596865058949,candidate_vs_matching_baseline,1.841327855178376,45.691366304610305,1.9783920676329787,49.453901662857106,1.9642262115905853,49.08936689169712,45.691366304610305,49.453901662857106,True,True,False,False,False,False
fp16,16,64,16,64,1.0,baseline_fused,16384,100,2909,true,2097152,2686976,5,60.3647994995,60.46771240236,60.2803182602,60.7231998444,0.18367508951408998,0.3037572982617436,0.7336752343618244,5,61.414399147,61.38828754424,61.1840009689,61.5091180801,0.11620667002485809,0.18929778736882463,0.5293825482551877,5,61.3529586792,61.36934375764,61.1993598938,61.642241478,0.15570726497893075,0.2537215740710058,0.7218585602623082,3,61.3529586792,61.0440524419,60.3647994995,61.414399147,0.4809588704453926,0.7878881745329009,1.710756367900857,baseline,,,,,,,,,,,,,,
fp16,16,64,16,64,1.0,baseline_split,16384,100,2909,true,2097152,6881280,5,78.4076786041,78.55155181886,78.2643222809,78.9196777344,0.2770681823343908,0.35272146242675184,0.835830705827993,5,79.7363185883,79.80339145662,79.6620798111,80.1126384735,0.16237244526894826,0.20346559501448208,0.5650607782964675,5,79.6876811981,79.78905582428,79.5136022568,80.1075172424,0.22355288116601735,0.2801798803815268,0.7453033852541755,3,79.6876811981,79.27722613016667,78.4076786041,79.7363185883,0.6151834815716137,0.7759901696882446,1.6673091301239598,baseline,,,,,,,,,,,,,,
fp16,16,64,16,64,1.0,baseline_transform,16384,100,2909,true,2097152,4194304,5,26.7903995514,26.84467220306,26.6495990753,27.2716808319,0.2201210868984609,0.8199805355543494,2.3220323959949734,5,27.6300811768,27.619328498839998,27.392001152,27.8067207336,0.13370345464627542,0.48409379196851554,1.5009712745550141,5,27.4585604668,27.5389442444,27.2383999825,27.8937602043,0.2864258405411675,1.0400756034771075,2.3867246157801856,3,27.4585604668,27.29301373166667,26.7903995514,27.6300811768,0.36223436165331463,1.3272054351148217,3.05799579848789,baseline,,,,,,,,,,,,,,
fp16,16,64,16,64,1.0,optimized_fused,16384,100,2909,true,2097152,2686976,5,48.7475204468,48.7260160446,48.5196781158,48.8704013824,0.11410464394981515,0.2341760176850343,0.7194689358256832,5,49.4540786743,49.45203208924,49.3337583542,49.5616006851,0.07874558968561565,0.1592363071016236,0.46071494406061986,5,49.3286418915,49.3829126358,49.2902421951,49.551358223,0.09421766025749334,0.19079000251028233,0.5293395842406026,3,49.3286418915,49.1767470042,48.7475204468,49.4540786743,0.3077988247788845,0.6259031829669346,1.4323488350927953,candidate_vs_matching_baseline,1.2383152813973046,19.245121575855183,1.2418469981307216,19.4747821989955,1.2437593318329723,19.598593199999183,19.245121575855183,19.598593199999183,True,True,False,False,False,False
fp16,16,64,16,64,1.0,optimized_split,16384,100,2909,true,2097152,6881280,5,67.824640274,67.78060817718,67.4201583862,68.2649612427,0.31200344617959946,0.46031373068240344,1.2455692401568752,5,69.2761611938,69.34630393982,69.1200017929,69.8623991013,0.26498899622495414,0.382124181347742,1.0716490284776972,5,68.9663982391,68.85887908936,68.4953594208,69.0636777878,0.21090407565005606,0.30628450308690075,0.8240511053363946,3,68.9663982391,68.68906656896667,67.824640274,69.2761611938,0.6241863432226313,0.9087128045275188,2.104678447564716,candidate_vs_matching_baseline,1.1560353035024782,13.497451421226748,1.1509921625887687,13.118435337488554,1.1554566170300835,13.454128414588151,13.118435337488554,13.497451421226748,True,True,False,False,False,False
fp16,16,64,16,64,1.0,optimized_transform,16384,100,2909,true,2097152,4194304,5,27.9679989815,28.39654350282,27.4329590797,31.0246396065,1.331513704111755,4.688999222667806,12.842107614405263,5,28.4083199501,28.49638366698,28.1676793098,29.032959938,0.28722075047873447,1.0079200007808347,3.0458704693550698,5,28.4620809555,28.39296054842,28.1804800034,28.5670399666,0.14334181673300447,0.5048498429339772,1.3581577671863843,3,28.4083199501,28.279466629033333,27.9679989815,28.4620809555,0.22133177663162384,0.7826589501670157,1.739215746893406,candidate_vs_matching_baseline,0.957894755685634,-4.395602341953353,0.9726052517478331,-2.8166358553932236,0.9647418440602081,-3.6546726107996363,-4.395602341953353,-2.8166358553932236,False,False,True,True,True,False
fp16,16,64,16,64,1.0,warp64_fused,16384,100,2909,true,2097152,2686976,5,37.3708796501,37.4179840088,37.2915196419,37.6908802986,0.13976398233753673,0.3735208778342171,1.0686413069191123,5,38.3692789078,38.39283180238,38.2438397408,38.5894393921,0.11593586136690621,0.3019726754297901,0.9007196933006282,5,38.3744001389,38.38617610932,38.2873606682,38.5356807709,0.0930459980066419,0.2423945478227792,0.6470983306610127,3,38.3692789078,38.03818623226667,37.3708796501,38.3744001389,0.4718616412355171,1.2404945870822064,2.615427022257633,candidate_vs_matching_baseline,1.6152897674523556,38.091603119779194,1.6006138477237633,37.52396923079841,1.5987991592605173,37.45305692664213,37.45305692664213,38.091603119779194,True,True,False,False,False,False
fp16,16,64,16,64,1.0,warp64_split,16384,100,2909,true,2097152,6881280,5,54.2515182495,54.22284793854,54.0083217621,54.4767999649,0.16314574644062368,0.30088007665245575,0.863530123978268,5,55.5801582336,55.55046367644,55.0681591034,56.0102415085,0.32207068961239793,0.5797803803913056,1.6949977024903164,5,55.3113603592,55.23507308962,54.9196815491,55.4521608353,0.18394538121804072,0.33302278955906456,0.9626942507687447,3,55.3113603592,55.04767894743333,54.2515182495,55.5801582336,0.5735660188799886,1.041944056220252,2.402110480508199,candidate_vs_matching_baseline,1.445262384059134,30.8084116054124,1.4346184163991245,30.29505347422011,1.4407109259399267,30.589823260513192,30.29505347422011,30.8084116054124,True,True,False,False,False,False
fp16,16,64,16,64,1.0,warp64_transform,16384,100,2909,true,2097152,4194304,5,21.7523193359,21.8408961296,21.6473603249,22.054400444,0.1595817231209362,0.730655565476831,1.8712492806604812,5,22.5894403458,22.61606359482,22.4793601036,22.7327990532,0.08963036624535525,0.39631285024279933,1.1219354960563281,5,22.5510406494,22.53209590912,22.4281597137,22.5971198082,0.05791719748694474,0.2570430985228605,0.7492341356960517,3,22.5510406494,22.297600110366666,21.7523193359,22.5894403458,0.38589029220157767,1.7306359890370822,3.7121169834895023,candidate_vs_matching_baseline,1.2316111738569946,18.80554340309091,1.2231414658281783,18.243308076968113,1.2176183305106396,17.87245847550405,17.87245847550405,18.80554340309091,True,True,False,False,False,False
fp16,16,64,16,128,1.0,baseline_fused,16384,100,2909,true,4194304,5308416,5,160.099830627,160.1541099548,159.393281937,161.039352417,0.5492415050877305,0.3429456198425017,1.0281525430435967,5,157.808637619,157.7763843536,157.498884201,158.056955338,0.2018880239298524,0.12795832833726986,0.3536378904349615,5,157.683200836,157.7026557922,157.527036667,157.864961624,0.13011110015622562,0.08250406405816593,0.2143062515273561,3,157.808637619,158.53055636066665,157.683200836,160.099830627,1.1108254855029662,0.7007011840517173,1.5313672479921538,baseline,,,,,,,,,,,,,,
fp16,16,64,16,128,1.0,baseline_split,16384,100,2909,true,4194304,13697024,5,189.747200012,190.207485199,188.884487152,192.821750641,1.362515519206035,0.7163311779137062,2.075004789926282,5,187.315196991,187.399169922,187.225608826,187.61472702,0.1672703124190608,0.08925883315741616,0.20773444987418035,5,186.949119568,187.088382721,186.944007874,187.412471771,0.18743538865854562,0.10018547700958166,0.2505836337087557,3,187.315196991,188.003838857,186.949119568,189.747200012,1.241768700276562,0.6605017790200973,1.4937818655122048,baseline,,,,,,,,,,,,,,
fp16,16,64,16,128,1.0,baseline_transform,16384,100,2909,true,4194304,8388608,5,49.9942398071,49.89644718168,49.1340780258,50.4140806198,0.42032259751254153,0.8423898318493251,2.5603001444542843,5,48.2227182388,48.21606349944,48.1510400772,48.3046388626,0.05759864898291656,0.11945945977855604,0.3185195505557674,5,48.0588817596,48.0788488388,48.0076789856,48.1971216202,0.06613399967496791,0.13755320951361313,0.3941886029467524,3,48.2227182388,48.7586132685,48.0588817596,49.9942398071,0.876276328239226,1.7971723752966846,4.013374024077336,baseline,,,,,,,,,,,,,,
fp16,16,64,16,128,1.0,optimized_fused,16384,100,2909,true,4194304,5308416,5,55.5366420746,55.58118438722,55.321598053,55.7926416397,0.18068319254515242,0.32507978111149716,0.848167208358161,5,53.8367986679,53.841918945319996,53.7343978882,53.9955186844,0.08784935935347557,0.16316164259058516,0.48502288891796413,5,53.7983989716,53.78559970856,53.6524820328,53.9007997513,0.09186053071284536,0.17079019516486998,0.46157083342030963,3,53.8367986679,54.39061323803333,53.7983989716,55.5366420746,0.8105163806079626,1.4901769484760998,3.228726718545439,candidate_vs_matching_baseline,2.8827783720150872,65.31124245597168,2.931241112467797,65.88475797004276,2.9310017370450083,65.8819717722793,65.31124245597168,65.88475797004276,True,True,False,False,False,False
fp16,16,64,16,128,1.0,optimized_split,16384,100,2909,true,4194304,13697024,5,79.0912008286,79.9503364563,78.6892795563,83.289604187,1.7089873811289733,2.137561212219648,5.816480951742596,5,76.7283201218,76.76825523376,76.3084793091,77.194237709,0.29656500902586075,0.38631203499782263,1.1544086961554,5,76.6822385788,76.63615989684,76.3776016235,76.833281517,0.17015769594034708,0.2220331709853371,0.5942443803746549,3,76.7283201218,77.50058650973332,76.6822385788,79.0912008286,1.1248914942307593,1.45146191131016,3.1395998843399227,candidate_vs_matching_baseline,2.3990936795005133,58.317592658232584,2.4412784835332286,59.03785632220402,2.437971595937276,58.98229488536961,58.317592658232584,59.03785632220402,True,True,False,False,False,False
fp16,16,64,16,128,1.0,optimized_transform,16384,100,2909,true,4194304,8388608,5,35.1513600349,35.0801920891,34.5011210442,35.6044793129,0.35831302644416146,1.0214112440835101,3.1388778915084106,5,33.4847998619,33.46585559846,33.2031989098,33.8380789757,0.2166044147411542,0.6472400327667752,1.896024669457214,5,33.433599472,33.431039810179996,33.318400383,33.5769605637,0.09718576927829124,0.29070519442442666,0.7733543046016955,3,33.4847998619,34.02325312293333,33.433599472,35.1513600349,0.7979658612587831,2.345354391526174,5.129971121178846,candidate_vs_matching_baseline,1.422256201679345,29.68917985245986,1.4401375680214006,30.56218918211431,1.437442648071692,30.43200705492597,29.68917985245986,30.56218918211431,True,True,False,False,False,False
fp16,16,64,16,128,1.0,warp64_fused,16384,100,2909,true,4194304,5308416,5,54.1209602356,54.13222503664,53.4912014008,54.8377609253,0.4655273533274719,0.8599819294558362,2.4880554939124195,5,51.768321991,51.8046731949,51.5072011948,52.065281868,0.18861050794983156,0.36408010381657935,1.078035083495706,5,51.8502378464,51.7939195633,51.4201593399,52.0755195618,0.23038846881217903,0.44481759780819347,1.2639483426120854,3,51.8502378464,52.579840024333336,51.768321991,54.1209602356,1.0902495680722046,2.0735125241302557,4.537372136207755,candidate_vs_matching_baseline,2.9581853302316055,66.1954918855031,3.0483630055931745,67.1955079442577,3.0411278209198813,67.11746237297189,66.1954918855031,67.1955079442577,True,True,False,False,False,False
fp16,16,64,16,128,1.0,warp64_split,16384,100,2909,true,4194304,13697024,5,73.7279987335,73.96505641938,73.3235216141,75.4073619843,0.7511962812757214,1.0156096914419388,2.8263894395564995,5,70.9708786011,71.01235198974,70.9452819824,71.1859178543,0.09038375461319717,0.12727891990713952,0.33906283343696286,5,71.224322319,71.09580802918,70.7891178131,71.3727998734,0.24671118988948124,0.3470122876839983,0.8194982293910679,3,71.224322319,71.97439988453333,70.9708786011,73.7279987335,1.2442909954022454,1.7287966240752677,3.871037368458762,candidate_vs_matching_baseline,2.5736111554833787,61.144091333712815,2.6393247580296513,62.11152125339303,2.6247932374939413,61.901761033384695,61.144091333712815,62.11152125339303,True,True,False,False,False,False
fp16,16,64,16,128,1.0,warp64_transform,16384,100,2909,true,4194304,8388608,5,29.7779202461,29.77228832246,29.2659211159,30.1235198975,0.29347174079398236,0.9857211431497169,2.879982129417918,5,27.6403188705,27.663359642019998,27.5251197815,27.834880352,0.10705595910457405,0.38699550773998737,1.1206837806440855,5,27.8732800484,27.8599677086,27.7913594246,27.9500794411,0.060567589045033086,0.21740006908312634,0.5694342977374597,3,27.8732800484,28.430506388333335,27.6403188705,29.7779202461,0.9575004980602273,3.3678629743054613,7.668998309091014,candidate_vs_matching_baseline,1.6789030057815313,40.43729765469693,1.74465129960086,42.68195597430964,1.7241918308914168,42.001813134505205,40.43729765469693,42.68195597430964,True,True,False,False,False,False
fp16,16,64,16,256,1.0,baseline_fused,16384,100,2909,true,8388608,10551296,5,483.072013855,483.2491607666,482.816009521,483.99105072,0.45137525701665593,0.09340425057347619,0.24324348446992963,5,480.747528076,480.791557312,480.581130981,481.08543396,0.16603863862878762,0.03453443308303356,0.10489975497497805,5,480.660476685,480.6297607422,480.435218811,480.834541321,0.14546774593443498,0.030266071270701217,0.08307787500108642,3,480.747528076,481.49333953866665,480.660476685,483.072013855,1.1168568795080547,0.23195686997002887,0.5016223753975908,baseline,,,,,,,,,,,,,,
fp16,16,64,16,256,1.0,baseline_split,16384,100,2909,true,8388608,27328512,5,539.724807739,539.6526107788,538.723831177,540.408325195,0.5465560281154128,0.10127923356595091,0.312102388818599,5,536.862716675,536.7726058961999,536.092147827,537.310714722,0.4614963947796359,0.08597614515165462,0.22697923643255402,5,536.686096191,536.7372894286,536.291847229,537.320976257,0.3978774702828111,0.07412890405031924,0.19175623056083205,3,536.862716675,537.757873535,536.686096191,539.724807739,1.392700331727498,0.25898278765728827,0.5660127726544039,baseline,,,,,,,,,,,,,,
fp16,16,64,16,256,1.0,baseline_transform,16384,100,2909,true,8388608,16777216,5,98.46783638,98.3444480896,97.8124809265,98.5472011566,0.2723160619072894,0.27690028994741706,0.7461525073675995,5,96.3814353943,96.46284675598,96.23295784,96.9190406799,0.2529546806545209,0.2622301633855105,0.7118412763756895,5,96.3097572327,96.69273567201999,96.0691165924,98.2963180542,0.8127962246384046,0.8405969889975962,2.312539794300101,3,96.3814353943,97.05300966899999,96.3097572327,98.46783638,1.0008614310788797,1.0312523377609053,2.2391025185205216,baseline,,,,,,,,,,,,,,
fp16,16,64,16,256,1.0,optimized_fused,16384,100,2909,true,8388608,10551296,5,104.58111763,104.6092796324,104.133119583,105.100803375,0.31432509384873913,0.30047534497253636,0.9252949422701656,5,102.771196365,102.81369590759999,102.584323883,103.114242554,0.18171035756459136,0.17673750171173383,0.5156295632853747,5,102.481918335,102.9294090272,102.289924622,105.006084442,1.0414345247182948,1.0117949131944268,2.650379563662372,3,102.771196365,103.27807744333333,102.481918335,104.58111763,0.9289261688320155,0.8994417710202818,2.0425949772390695,candidate_vs_matching_baseline,4.61911313248795,78.35082252117563,4.67784306381515,78.62262614717945,4.690197885580007,78.67893798096462,78.35082252117563,78.67893798096462,True,True,False,False,False,False
fp16,16,64,16,256,1.0,optimized_split,16384,100,2909,true,8388608,27328512,5,143.8463974,144.0875530244,142.883844376,145.960960388,1.1094671076208449,0.769995106678622,2.139167937201308,5,140.579843521,140.5936660766,140.221443176,140.935678482,0.2912203455408353,0.20713617737385764,0.5080638078056221,5,140.597763062,141.27411270160002,140.006399155,144.750080109,1.7525456606182948,1.2405285208338428,3.373937714718954,3,140.597763062,141.67466799433333,140.579843521,143.8463974,1.5356620149120022,1.083935495775028,2.323332752854359,candidate_vs_matching_baseline,3.7520912410351404,73.34819609226464,3.818916732502998,73.81456391837642,3.8171737906977596,73.80260750933205,73.34819609226464,73.81456391837642,True,True,False,False,False,False
fp16,16,64,16,256,1.0,optimized_transform,16384,100,2909,true,8388608,16777216,5,63.669757843,63.4004468918,62.778878212,63.8387203217,0.41539150209579484,0.6551870254238227,1.6645926505852437,5,61.6678380966,61.64735889432,61.4681577682,61.757440567,0.0989771271112007,0.16055371858001877,0.4690983302298569,5,61.5116786957,61.91513538362,61.1967992783,63.9001607895,1.0037252304182294,1.6211306398657581,4.394875198535234,3,61.6678380966,62.2830915451,61.5116786957,63.669757843,0.9825914735776105,1.5776215489658267,3.499521328961561,candidate_vs_matching_baseline,1.5465401426970524,35.33953808298351,1.562912506245519,36.01689179631471,1.5657149873790157,36.13141548360691,35.33953808298351,36.13141548360691,True,True,False,False,False,False
fp16,16,64,16,256,1.0,warp64_fused,16384,100,2909,true,8388608,10551296,5,82.0044803619,81.71366310118,80.2431964874,82.4448013306,0.8149766400217329,0.9973566342419473,2.6847372649444736,5,79.3676805496,79.37075138093999,79.244799614,79.5187187195,0.09065987858346895,0.11422328377407791,0.34512676142629156,5,79.4112014771,79.98976039888,79.3574380875,82.3142433167,1.163043040473363,1.4539899040498285,3.7234107710266313,3,79.4112014771,80.26112079619999,79.3676805496,82.0044803619,1.2328694035381802,1.5360729968731648,3.3204381286944495,candidate_vs_matching_baseline,5.890800255341165,83.02437773045685,6.057220328815857,83.49077719291924,6.052804487835501,83.47873284178054,83.02437773045685,83.49077719291924,True,True,False,False,False,False
fp16,16,64,16,256,1.0,warp64_split,16384,100,2909,true,8388608,27328512,5,104.325122833,104.3998718262,104.115200043,104.844799042,0.2412453867454315,0.2310782403517176,0.6993512005424813,5,101.404161453,101.4932498932,101.137924194,102.072324753,0.31171352686466874,0.3071273480676604,0.9214617483258649,5,101.570558548,101.9617271424,101.09951973,104.035835266,1.054729881439726,1.0344370490769421,2.8909120693792105,3,101.570558548,102.43328094466666,101.404161453,104.325122833,1.3394579242229743,1.3076393842607998,2.8757953306120814,candidate_vs_matching_baseline,5.173488351439303,80.6706822926973,5.294286831845964,81.11171472643221,5.283874617440191,81.0744941467885,80.6706822926973,81.11171472643221,True,True,False,False,False,False
fp16,16,64,16,256,1.0,warp64_transform,16384,100,2909,true,8388608,16777216,5,39.9846410751,40.02048063276,39.7286391258,40.2790403366,0.2002769100518262,0.5004360439586609,1.376531578128266,5,37.9545593262,37.99705600738,37.844479084,38.1568002701,0.10871567360562863,0.28611604431804727,0.8228818662226045,5,37.9545593262,38.40000009538,37.7702403069,40.3200006485,0.9649090838077813,2.512784066174708,6.717928983672593,3,37.9545593262,38.6312532425,37.9545593262,39.9846410751,0.9569897140068252,2.477242216294441,5.348716425482614,candidate_vs_matching_baseline,2.462641497645449,59.39319625060699,2.539390184087001,60.62046682441853,2.537501658363807,60.591158760274276,59.39319625060699,60.62046682441853,True,True,False,False,False,False
