variant,round,dtype,M,N,method,block_dim,groups,median_ms,median_us,min_group_ms,max_group_ms
new,1,bf16,1,16,quant_only,32,5,0.00745600014925,7.45600014925,0.00732399970293,0.0074960000813
new,1,bf16,1,16,scalar_fused,32,5,0.00743200033903,7.43200033903,0.00731199979782,0.00755999982357
new,1,bf16,1,16,scalar_split,32,5,0.0129280000925,12.9280000925,0.0124080002308,0.0137040004134
new,1,bf16,1,16,scalar_transform,32,5,0.00725200027227,7.25200027227,0.00670799985528,0.00856000036001
new,1,bf16,1,16,vector_fused,32,5,0.00772000029683,7.72000029683,0.00766799971461,0.00777600035071
new,1,bf16,1,16,vector_split,32,5,0.0128360003233,12.8360003233,0.0127800002694,0.0128879994154
new,1,bf16,1,16,vector_transform,32,5,0.00742800012231,7.42800012231,0.00730800032616,0.00750000029802
new,1,bf16,1,64,quant_only,32,5,0.0085199996829,8.5199996829,0.00849599987268,0.00860000029206
new,1,bf16,1,64,scalar_fused,32,5,0.0138040006161,13.8040006161,0.0136439993978,0.0140520006418
new,1,bf16,1,64,scalar_split,32,5,0.0174079999328,17.4079999328,0.0172639995813,0.0183479994535
new,1,bf16,1,64,scalar_transform,32,5,0.0108640000224,10.8640000224,0.00976800024509,0.0128040000796
new,1,bf16,1,64,vector_fused,32,5,0.0124839998782,12.4839998782,0.0123719997704,0.012839999795
new,1,bf16,1,64,vector_split,32,5,0.0172600001097,17.2600001097,0.0169640004635,0.0173559993505
new,1,bf16,1,64,vector_transform,32,5,0.0107239998877,10.7239998877,0.0106440000236,0.0109640002251
new,1,bf16,1,128,quant_only,32,5,0.0105439998209,10.5439998209,0.010447999835,0.0107680000365
new,1,bf16,1,128,scalar_fused,32,5,0.0241520002484,24.1520002484,0.0240679994226,0.0243799999356
new,1,bf16,1,128,scalar_split,32,5,0.028044000268,28.044000268,0.027783998847,0.0283639997244
new,1,bf16,1,128,scalar_transform,32,5,0.0183239996433,18.3239996433,0.0181439995766,0.020068000257
new,1,bf16,1,128,vector_fused,32,5,0.0203920006752,20.3920006752,0.0199479997158,0.0205799996853
new,1,bf16,1,128,vector_split,32,5,0.0248799994588,24.8799994588,0.0247600004077,0.0262519985437
new,1,bf16,1,128,vector_transform,32,5,0.0150999993086,15.0999993086,0.0150319993496,0.015175999701
new,1,bf16,1,256,quant_only,32,5,0.0172519996762,17.2519996762,0.0171320006251,0.0174879997969
new,1,bf16,1,256,scalar_fused,32,5,0.0483159989119,48.3159989119,0.0480599999428,0.0484600007534
new,1,bf16,1,256,scalar_split,32,5,0.0538359999657,53.8359999657,0.053571999073,0.0539120018482
new,1,bf16,1,256,scalar_transform,32,5,0.0368039995432,36.8039995432,0.0365960001945,0.0377000004053
new,1,bf16,1,256,vector_fused,32,5,0.0391240000725,39.1240000725,0.0388080000877,0.0395080000162
new,1,bf16,1,256,vector_split,32,5,0.0445160001516,44.5160001516,0.0442959994078,0.0446079999208
new,1,bf16,1,256,vector_transform,32,5,0.0273999989033,27.3999989033,0.0273680001497,0.0275840014219
new,1,bf16,17,16,quant_only,32,5,0.00745600014925,7.45600014925,0.00740400031209,0.00750399976969
new,1,bf16,17,16,scalar_fused,32,5,0.00845199972391,8.45199972391,0.00814799964428,0.00860399976373
new,1,bf16,17,16,scalar_split,32,5,0.0132760003209,13.2760003209,0.0126880005002,0.0141920000315
new,1,bf16,17,16,scalar_transform,32,5,0.00732399970293,7.32399970293,0.00638400018215,0.00884800031781
new,1,bf16,17,16,vector_fused,32,5,0.00801599994302,8.01599994302,0.0079120002687,0.00806000009179
new,1,bf16,17,16,vector_split,32,5,0.0130280002952,13.0280002952,0.0129480004311,0.0136800006032
new,1,bf16,17,16,vector_transform,32,5,0.00740000009537,7.40000009537,0.00730800032616,0.00750799998641
new,1,bf16,17,64,quant_only,32,5,0.00938400030136,9.38400030136,0.00935999974608,0.00957200005651
new,1,bf16,17,64,scalar_fused,32,5,0.0150120005012,15.0120005012,0.0148919999599,0.015107999742
new,1,bf16,17,64,scalar_split,32,5,0.0195319995284,19.5319995284,0.0193599998951,0.0197080001235
new,1,bf16,17,64,scalar_transform,32,5,0.0119439996779,11.9439996779,0.0116959996521,0.0135480001569
new,1,bf16,17,64,vector_fused,32,5,0.0132719993591,13.2719993591,0.0132159993052,0.0135879993439
new,1,bf16,17,64,vector_split,32,5,0.018452000618,18.452000618,0.0182559996843,0.0187279999256
new,1,bf16,17,64,vector_transform,32,5,0.0105559997261,10.5559997261,0.010475999862,0.0107519999146
new,1,bf16,17,128,quant_only,32,5,0.0121919997036,12.1919997036,0.0121160000563,0.0137679994106
new,1,bf16,17,128,scalar_fused,32,5,0.0276840001345,27.6840001345,0.0261040002108,0.0278160005808
new,1,bf16,17,128,scalar_split,32,5,0.0328079998493,32.8079998493,0.0312480002642,0.032947999239
new,1,bf16,17,128,scalar_transform,32,5,0.0217920005322,21.7920005322,0.0202319994569,0.0223039999604
new,1,bf16,17,128,vector_fused,32,5,0.0235080003738,23.5080003738,0.0219280004501,0.0235520005226
new,1,bf16,17,128,vector_split,32,5,0.0288560003042,28.8560003042,0.0287319988012,0.0288879990578
new,1,bf16,17,128,vector_transform,32,5,0.0160840004683,16.0840004683,0.0156839996576,0.0172480002046
new,1,bf16,17,256,quant_only,32,5,0.0190119996667,19.0119996667,0.018979999423,0.0190559998155
new,1,bf16,17,256,scalar_fused,32,5,0.0497880011797,49.7880011797,0.0496479988098,0.0498879998922
new,1,bf16,17,256,scalar_split,32,5,0.056547999382,56.547999382,0.0563799977303,0.0566640019417
new,1,bf16,17,256,scalar_transform,32,5,0.0386079996824,38.6079996824,0.0384440004826,0.0404799997807
new,1,bf16,17,256,vector_fused,32,5,0.0403640002012,40.3640002012,0.0403039991856,0.040476000309
new,1,bf16,17,256,vector_split,32,5,0.0460399985313,46.0399985313,0.0458799988031,0.046167999506
new,1,bf16,17,256,vector_transform,32,5,0.0276120007038,27.6120007038,0.0274679988623,0.0282319992781
new,1,bf16,257,16,quant_only,32,5,0.016859999299,16.859999299,0.0166920006275,0.0169200003147
new,1,bf16,257,16,scalar_fused,32,5,0.0264120012522,26.4120012522,0.0263240009546,0.0268159985542
new,1,bf16,257,16,scalar_split,32,5,0.0352279990911,35.2279990911,0.0351680010557,0.0354079991579
new,1,bf16,257,16,scalar_transform,32,5,0.0193839997053,19.3839997053,0.0193360000849,0.0198440000415
new,1,bf16,257,16,vector_fused,32,5,0.0204480007291,20.4480007291,0.0203759998083,0.0205840006471
new,1,bf16,257,16,vector_split,32,5,0.0288159996271,28.8159996271,0.0287600010633,0.0289319992065
new,1,bf16,257,16,vector_transform,32,5,0.0126120001078,12.6120001078,0.0125520005822,0.0129840001464
new,1,bf16,257,64,quant_only,32,5,0.034580001235,34.580001235,0.0345319986343,0.0347400009632
new,1,bf16,257,64,scalar_fused,32,5,0.0914879977703,91.4879977703,0.0913959980011,0.0918120026588
new,1,bf16,257,64,scalar_split,32,5,0.099143999815,99.143999815,0.0990679979324,0.0993279993534
new,1,bf16,257,64,scalar_transform,32,5,0.0651880025864,65.1880025864,0.0651080012321,0.0655200004578
new,1,bf16,257,64,vector_fused,32,5,0.0451840013266,45.1840013266,0.0449840009212,0.045311999321
new,1,bf16,257,64,vector_split,32,5,0.0515959978104,51.5959978104,0.0513999998569,0.0518079996109
new,1,bf16,257,64,vector_transform,32,5,0.0175439998507,17.5439998507,0.0174360007048,0.017919999361
new,1,bf16,257,128,quant_only,32,5,0.0620959997177,62.0959997177,0.0619920015335,0.0626999974251
new,1,bf16,257,128,scalar_fused,32,5,0.187888002396,187.888002396,0.187580001354,0.187955999374
new,1,bf16,257,128,scalar_split,32,5,0.199551999569,199.551999569,0.199316000938,0.199787998199
new,1,bf16,257,128,scalar_transform,32,5,0.137880003452,137.880003452,0.137759995461,0.138067996502
new,1,bf16,257,128,vector_fused,32,5,0.0788119971752,78.8119971752,0.0786719977856,0.0791119992733
new,1,bf16,257,128,vector_split,32,5,0.085923999548,85.923999548,0.0857280015945,0.0862919986248
new,1,bf16,257,128,vector_transform,32,5,0.0242520004511,24.2520004511,0.0241119995713,0.0245320007205
new,1,bf16,257,256,quant_only,32,5,0.118907999992,118.907999992,0.118807995319,0.119335997105
new,1,bf16,257,256,scalar_fused,32,5,0.394379997253,394.379997253,0.39430000782,0.394619989395
new,1,bf16,257,256,scalar_split,32,5,0.41459197998,414.59197998,0.414315986633,0.414983987808
new,1,bf16,257,256,scalar_transform,32,5,0.29608399868,296.08399868,0.296063995361,0.296560001373
new,1,bf16,257,256,vector_fused,32,5,0.149580001831,149.580001831,0.149487996101,0.150264000893
new,1,bf16,257,256,vector_split,32,5,0.157843995094,157.843995094,0.157368004322,0.157987999916
new,1,bf16,257,256,vector_transform,32,5,0.0392439991236,39.2439991236,0.0389999985695,0.0396800011396
new,1,bf16,4096,16,quant_only,32,5,0.162463998795,162.463998795,0.162000000477,0.162924003601
new,1,bf16,4096,16,scalar_fused,32,5,0.326083993912,326.083993912,0.325683999062,0.326232004166
new,1,bf16,4096,16,scalar_split,32,5,0.387651991844,387.651991844,0.38684399128,0.387872004509
new,1,bf16,4096,16,scalar_transform,32,5,0.225135993958,225.135993958,0.225040006638,0.226916003227
new,1,bf16,4096,16,vector_fused,32,5,0.224288010597,224.288010597,0.224187994003,0.224611997604
new,1,bf16,4096,16,vector_split,32,5,0.273000001907,273.000001907,0.272936010361,0.273115992546
new,1,bf16,4096,16,vector_transform,32,5,0.111199998856,111.199998856,0.11090400219,0.111339998245
new,1,bf16,4096,64,quant_only,32,5,0.448347997665,448.347997665,0.448220014572,0.448420000076
new,1,bf16,4096,64,scalar_fused,32,5,1.25778799057,1257.78799057,1.25752801895,1.25812797546
new,1,bf16,4096,64,scalar_split,32,5,1.33975200653,1339.75200653,1.33954000473,1.3400560379
new,1,bf16,4096,64,scalar_transform,32,5,0.892035961151,892.035961151,0.8917719841,0.892368030548
new,1,bf16,4096,64,vector_fused,32,5,0.543887996674,543.887996674,0.543767976761,0.543943977356
new,1,bf16,4096,64,vector_split,32,5,0.584848022461,584.848022461,0.584751987457,0.585188007355
new,1,bf16,4096,64,vector_transform,32,5,0.13700799942,137.00799942,0.136787998676,0.137300002575
new,1,bf16,4096,128,quant_only,32,5,0.84359998703,843.59998703,0.843467998505,0.849464035034
new,1,bf16,4096,128,scalar_fused,32,5,2.62439994812,2624.39994812,2.62423992157,2.62465991974
new,1,bf16,4096,128,scalar_split,32,5,2.76159191132,2761.59191132,2.76108398437,2.76181201935
new,1,bf16,4096,128,scalar_transform,32,5,1.91882801056,1918.82801056,1.91819190979,1.92005195618
new,1,bf16,4096,128,vector_fused,32,5,0.957940006256,957.940006256,0.957915973663,0.95808801651
new,1,bf16,4096,128,vector_split,32,5,1.00937595367,1009.37595367,1.00905199051,1.00956001282
new,1,bf16,4096,128,vector_transform,32,5,0.166147994995,166.147994995,0.165864002705,0.166592001915
new,1,bf16,4096,256,quant_only,32,5,1.62956008911,1629.56008911,1.6292640686,1.62973995209
new,1,bf16,4096,256,scalar_fused,32,5,5.54844818115,5548.44818115,5.54810791016,5.54882011414
new,1,bf16,4096,256,scalar_split,32,5,5.79058799744,5790.58799744,5.79020004272,5.79083213806
new,1,bf16,4096,256,scalar_transform,32,5,4.16179199219,4161.79199219,4.16160392761,4.1637840271
new,1,bf16,4096,256,vector_fused,32,5,1.7992559433,1799.2559433,1.79899997711,1.7993719101
new,1,bf16,4096,256,vector_split,32,5,1.85294799805,1852.94799805,1.85252399445,1.85359592438
new,1,bf16,4096,256,vector_transform,32,5,0.224095988274,224.095988274,0.223907995224,0.224212002754
new,1,bf16,16384,16,quant_only,32,5,0.60541601181,605.41601181,0.604839992523,0.673067998886
new,1,bf16,16384,16,scalar_fused,32,5,1.28513202667,1285.13202667,1.28420801163,1.29001998901
new,1,bf16,16384,16,scalar_split,32,5,1.49427995682,1494.27995682,1.49258403778,1.49544801712
new,1,bf16,16384,16,scalar_transform,32,5,0.889260005951,889.260005951,0.888687992096,0.895328044891
new,1,bf16,16384,16,vector_fused,32,5,0.869983959198,869.983959198,0.869548034668,0.870304012299
new,1,bf16,16384,16,vector_split,32,5,1.03524398804,1035.24398804,1.03500404358,1.03704395294
new,1,bf16,16384,16,vector_transform,32,5,0.430155992508,430.155992508,0.43006401062,0.430808019638
new,1,bf16,16384,64,quant_only,32,5,1.77381191254,1773.81191254,1.7737159729,1.7753200531
new,1,bf16,16384,64,scalar_fused,32,5,5.01038818359,5010.38818359,5.00950393677,5.01139984131
new,1,bf16,16384,64,scalar_split,32,5,5.32476806641,5324.76806641,5.32431983948,5.32542381287
new,1,bf16,16384,64,scalar_transform,32,5,3.55123214722,3551.23214722,3.55119590759,3.55138816833
new,1,bf16,16384,64,vector_fused,32,5,2.14399604797,2143.99604797,2.14350395203,2.1441400528
new,1,bf16,16384,64,vector_split,32,5,2.2931640625,2293.1640625,2.29238395691,2.2933599472
new,1,bf16,16384,64,vector_transform,32,5,0.518684005737,518.684005737,0.518544006348,0.5194439888
new,1,bf16,16384,128,quant_only,32,5,3.35419998169,3354.19998169,3.35355606079,3.35481987
new,1,bf16,16384,128,scalar_fused,32,5,10.4772880554,10477.2880554,10.4767562866,10.4776557922
new,1,bf16,16384,128,scalar_split,32,5,11.0151000977,11015.1000977,11.0148643494,11.0168479919
new,1,bf16,16384,128,scalar_transform,32,5,7.66143188477,7661.43188477,7.66088027954,7.66199188232
new,1,bf16,16384,128,vector_fused,32,5,3.78406410217,3784.06410217,3.78310813904,3.78442802429
new,1,bf16,16384,128,vector_split,32,5,3.97795600891,3977.95600891,3.97747612,3.97891998291
new,1,bf16,16384,128,vector_transform,32,5,0.624535989761,624.535989761,0.624223995209,0.62476401329
new,1,bf16,16384,256,quant_only,32,5,6.4963722229,6496.3722229,6.49629974365,6.50018386841
new,1,bf16,16384,256,scalar_fused,32,5,22.1695800781,22169.5800781,22.1690567017,22.1722045898
new,1,bf16,16384,256,scalar_split,32,5,23.1253677368,23125.3677368,23.1226165771,23.1261764526
new,1,bf16,16384,256,scalar_transform,32,5,16.6288116455,16628.8116455,16.6282684326,16.6373886108
new,1,bf16,16384,256,vector_fused,32,5,7.11498413086,7114.98413086,7.11259613037,7.11683197021
new,1,bf16,16384,256,vector_split,32,5,7.31481170654,7314.81170654,7.31304016113,7.3177482605
new,1,bf16,16384,256,vector_transform,32,5,0.818023967743,818.023967743,0.816816043854,0.821135997772
new,1,fp16,1,16,quant_only,32,5,0.00739599987864,7.39599987864,0.00724800005555,0.00758000016212
new,1,fp16,1,16,scalar_fused,32,5,0.00742800012231,7.42800012231,0.00652799978852,0.00782399997115
new,1,fp16,1,16,scalar_split,32,5,0.0125520005822,12.5520005822,0.0123439997435,0.0131640002131
new,1,fp16,1,16,scalar_transform,32,5,0.00726400017738,7.26400017738,0.00716800019145,0.00787599980831
new,1,fp16,1,16,vector_fused,32,5,0.00768399983644,7.68399983644,0.00662399977446,0.00775199979544
new,1,fp16,1,16,vector_split,32,5,0.0128999993205,12.8999993205,0.0128040000796,0.0136639997363
new,1,fp16,1,16,vector_transform,32,5,0.00742399990559,7.42399990559,0.00732399970293,0.00766400024295
new,1,fp16,1,64,quant_only,32,5,0.00855600014329,8.55600014329,0.00842000022531,0.0100040003657
new,1,fp16,1,64,scalar_fused,32,5,0.0137319996953,13.7319996953,0.0135879993439,0.0138160005212
new,1,fp16,1,64,scalar_split,32,5,0.0174919992685,17.4919992685,0.0171959996223,0.0184560000896
new,1,fp16,1,64,scalar_transform,32,5,0.0111720003188,11.1720003188,0.0108599998057,0.0115319997072
new,1,fp16,1,64,vector_fused,32,5,0.0124399997294,12.4399997294,0.0123120002449,0.0129559993744
new,1,fp16,1,64,vector_split,32,5,0.0173040002584,17.3040002584,0.0168799996376,0.0174639999866
new,1,fp16,1,64,vector_transform,32,5,0.0107639998198,10.7639998198,0.0107359997928,0.0113240003586
new,1,fp16,1,128,quant_only,32,5,0.0108680002391,10.8680002391,0.0107440002263,0.0109959997237
new,1,fp16,1,128,scalar_fused,32,5,0.0244959995151,24.4959995151,0.0242080003023,0.0247639998794
new,1,fp16,1,128,scalar_split,32,5,0.028503999114,28.503999114,0.0283439993858,0.0286199986935
new,1,fp16,1,128,scalar_transform,32,5,0.018219999969,18.219999969,0.0181999996305,0.0188119992614
new,1,fp16,1,128,vector_fused,32,5,0.0203840002418,20.3840002418,0.0202559992671,0.0209079995751
new,1,fp16,1,128,vector_split,32,5,0.0250200003386,25.0200003386,0.0249239996076,0.0254000008106
new,1,fp16,1,128,vector_transform,32,5,0.0150759994984,15.0759994984,0.0150279998779,0.0151199996471
new,1,fp16,1,256,quant_only,32,5,0.0173360005021,17.3360005021,0.0171759992838,0.0175200000405
new,1,fp16,1,256,scalar_fused,32,5,0.047947999835,47.947999835,0.0477999985218,0.0483960002661
new,1,fp16,1,256,scalar_split,32,5,0.0536880016327,53.6880016327,0.0533640027046,0.053855997324
new,1,fp16,1,256,scalar_transform,32,5,0.0367439985275,36.7439985275,0.036496001482,0.0367639988661
new,1,fp16,1,256,vector_fused,32,5,0.0391160011292,39.1160011292,0.03869599998,0.0396519988775
new,1,fp16,1,256,vector_split,32,5,0.0441960006952,44.1960006952,0.0440560013056,0.0444519996643
new,1,fp16,1,256,vector_transform,32,5,0.0273880004883,27.3880004883,0.0273160010576,0.0274839997292
new,1,fp16,17,16,quant_only,32,5,0.00744000002742,7.44000002742,0.00730400010943,0.0081200003624
new,1,fp16,17,16,scalar_fused,32,5,0.00813999995589,8.13999995589,0.00741200000048,0.0107359997928
new,1,fp16,17,16,scalar_split,32,5,0.0127639994025,12.7639994025,0.0126240000129,0.0130720004439
new,1,fp16,17,16,scalar_transform,32,5,0.00737200006843,7.37200006843,0.00734800025821,0.00915199965239
new,1,fp16,17,16,vector_fused,32,5,0.00808800011873,8.08800011873,0.00793600007892,0.00821600034833
new,1,fp16,17,16,vector_split,32,5,0.0131040006876,13.1040006876,0.0129439994693,0.0147359997034
new,1,fp16,17,16,vector_transform,32,5,0.0074359998107,7.4359998107,0.00740000009537,0.00843600034714
new,1,fp16,17,64,quant_only,32,5,0.0092239998281,9.2239998281,0.00913200005889,0.00926799997687
new,1,fp16,17,64,scalar_fused,32,5,0.0148080006242,14.8080006242,0.014756000042,0.0149159997702
new,1,fp16,17,64,scalar_split,32,5,0.0195879995823,19.5879995823,0.0193880006671,0.0196879997849
new,1,fp16,17,64,scalar_transform,32,5,0.0116319999099,11.6319999099,0.0114440001547,0.0133039996028
new,1,fp16,17,64,vector_fused,32,5,0.013259999454,13.259999454,0.0131799995899,0.0133520007133
new,1,fp16,17,64,vector_split,32,5,0.0185399994254,18.5399994254,0.0183479994535,0.0187839999795
new,1,fp16,17,64,vector_transform,32,5,0.0105640001595,10.5640001595,0.0104599997401,0.0116879999638
new,1,fp16,17,128,quant_only,32,5,0.0134800001979,13.4800001979,0.0134200006723,0.0135399997234
new,1,fp16,17,128,scalar_fused,32,5,0.0274760007858,27.4760007858,0.0274040013552,0.0275440007448
new,1,fp16,17,128,scalar_split,32,5,0.03133200109,31.33200109,0.03116799891,0.0330480009317
new,1,fp16,17,128,scalar_transform,32,5,0.0214039996266,21.4039996266,0.0199359998107,0.0214120000601
new,1,fp16,17,128,vector_fused,32,5,0.0234760001302,23.4760001302,0.023423999548,0.0235239997506
new,1,fp16,17,128,vector_split,32,5,0.0287719994783,28.7719994783,0.0273719996214,0.0289079993963
new,1,fp16,17,128,vector_transform,32,5,0.0172720000148,17.2720000148,0.0157120004296,0.0174040004611
new,1,fp16,17,256,quant_only,32,5,0.0187999993563,18.7999993563,0.0187720000744,0.018843999505
new,1,fp16,17,256,scalar_fused,32,5,0.0494320005178,49.4320005178,0.049347999692,0.0494960010052
new,1,fp16,17,256,scalar_split,32,5,0.0565079987049,56.5079987049,0.0563639998436,0.0566519975662
new,1,fp16,17,256,scalar_transform,32,5,0.0380600005388,38.0600005388,0.0379440009594,0.0386440008879
new,1,fp16,17,256,vector_fused,32,5,0.0403160005808,40.3160005808,0.0402520000935,0.0403759986162
new,1,fp16,17,256,vector_split,32,5,0.0459479987621,45.9479987621,0.0457879990339,0.0460960000753
new,1,fp16,17,256,vector_transform,32,5,0.0275559991598,27.5559991598,0.0274919986725,0.027636000514
new,1,fp16,257,16,quant_only,32,5,0.0167040005326,16.7040005326,0.0166400000453,0.0168040007353
new,1,fp16,257,16,scalar_fused,32,5,0.0261799991131,26.1799991131,0.0260720014572,0.026263999939
new,1,fp16,257,16,scalar_split,32,5,0.0352479994297,35.2479994297,0.0350479990244,0.0354279994965
new,1,fp16,257,16,scalar_transform,32,5,0.0189640000463,18.9640000463,0.0188280001283,0.0193240001798
new,1,fp16,257,16,vector_fused,32,5,0.0204960003495,20.4960003495,0.0204199999571,0.0205359995365
new,1,fp16,257,16,vector_split,32,5,0.028832000494,28.832000494,0.0287239998579,0.0289600014687
new,1,fp16,257,16,vector_transform,32,5,0.0126519992948,12.6519992948,0.0125760003924,0.0135120004416
new,1,fp16,257,64,quant_only,32,5,0.0343800008297,34.3800008297,0.0342079997063,0.0350479990244
new,1,fp16,257,64,scalar_fused,32,5,0.0910120010376,91.0120010376,0.0909319996834,0.0913479983807
new,1,fp16,257,64,scalar_split,32,5,0.0990999996662,99.0999996662,0.0987839996815,0.099256002903
new,1,fp16,257,64,scalar_transform,32,5,0.0650960028172,65.0960028172,0.0650200009346,0.0674319982529
new,1,fp16,257,64,vector_fused,32,5,0.0451559990644,45.1559990644,0.0449440002441,0.0455559998751
new,1,fp16,257,64,vector_split,32,5,0.0515200018883,51.5200018883,0.0512839972973,0.0520039975643
new,1,fp16,257,64,vector_transform,32,5,0.0174439996481,17.4439996481,0.0173879995942,0.0175760000944
new,1,fp16,257,128,quant_only,32,5,0.0624360024929,62.4360024929,0.0624239981174,0.0628000020981
new,1,fp16,257,128,scalar_fused,32,5,0.187567996979,187.567996979,0.187435996532,0.187707996368
new,1,fp16,257,128,scalar_split,32,5,0.199855995178,199.855995178,0.199608004093,0.200216007233
new,1,fp16,257,128,scalar_transform,32,5,0.137855994701,137.855994701,0.137712001801,0.138311994076
new,1,fp16,257,128,vector_fused,32,5,0.0790799975395,79.0799975395,0.078979998827,0.0792519986629
new,1,fp16,257,128,vector_split,32,5,0.0863200008869,86.3200008869,0.0862999975681,0.0864799976349
new,1,fp16,257,128,vector_transform,32,5,0.0241840004921,24.1840004921,0.0240920007229,0.0257239997387
new,1,fp16,257,256,quant_only,32,5,0.118599998951,118.599998951,0.11848000288,0.118708002567
new,1,fp16,257,256,scalar_fused,32,5,0.393971991539,393.971991539,0.393916010857,0.39420800209
new,1,fp16,257,256,scalar_split,32,5,0.414111995697,414.111995697,0.414052009583,0.414319992065
new,1,fp16,257,256,scalar_transform,32,5,0.296031999588,296.031999588,0.29599199295,0.29627199173
new,1,fp16,257,256,vector_fused,32,5,0.149567997456,149.567997456,0.149352002144,0.149735999107
new,1,fp16,257,256,vector_split,32,5,0.157167994976,157.167994976,0.15696400404,0.157612001896
new,1,fp16,257,256,vector_transform,32,5,0.0392320007086,39.2320007086,0.0391400009394,0.0393999993801
new,1,fp16,4096,16,quant_only,32,5,0.162135994434,162.135994434,0.161784005165,0.162595999241
new,1,fp16,4096,16,scalar_fused,32,5,0.326275992393,326.275992393,0.325975990295,0.32682800293
new,1,fp16,4096,16,scalar_split,32,5,0.386579990387,386.579990387,0.386012005806,0.386944007874
new,1,fp16,4096,16,scalar_transform,32,5,0.224927997589,224.927997589,0.224731993675,0.225311994553
new,1,fp16,4096,16,vector_fused,32,5,0.224744009972,224.744009972,0.224492001534,0.224832010269
new,1,fp16,4096,16,vector_split,32,5,0.273052000999,273.052000999,0.272476005554,0.273395991325
new,1,fp16,4096,16,vector_transform,32,5,0.111228001118,111.228001118,0.110756003857,0.111507999897
new,1,fp16,4096,64,quant_only,32,5,0.447887992859,447.887992859,0.447548007965,0.448012018204
new,1,fp16,4096,64,scalar_fused,32,5,1.25516796112,1255.16796112,1.2550359726,1.25532798767
new,1,fp16,4096,64,scalar_split,32,5,1.33945598602,1339.45598602,1.33915596008,1.33959197998
new,1,fp16,4096,64,scalar_transform,32,5,0.892220020294,892.220020294,0.892039966583,0.892467975616
new,1,fp16,4096,64,vector_fused,32,5,0.544199991226,544.199991226,0.543983983994,0.54439201355
new,1,fp16,4096,64,vector_split,32,5,0.584195995331,584.195995331,0.583996009827,0.584312009811
new,1,fp16,4096,64,vector_transform,32,5,0.136948001385,136.948001385,0.136559998989,0.137047994137
new,1,fp16,4096,128,quant_only,32,5,0.842123985291,842.123985291,0.842028045654,0.842440032959
new,1,fp16,4096,128,scalar_fused,32,5,2.62121601105,2621.21601105,2.62113609314,2.62132396698
new,1,fp16,4096,128,scalar_split,32,5,2.76069602966,2760.69602966,2.76054401398,2.76229991913
new,1,fp16,4096,128,scalar_transform,32,5,1.91879196167,1918.79196167,1.91852798462,1.9189119339
new,1,fp16,4096,128,vector_fused,32,5,0.957824039459,957.824039459,0.957631969452,0.957987976074
new,1,fp16,4096,128,vector_split,32,5,1.00777597427,1007.77597427,1.0073679924,1.00942401886
new,1,fp16,4096,128,vector_transform,32,5,0.1662520051,166.2520051,0.165659999847,0.166315996647
new,1,fp16,4096,256,quant_only,32,5,1.62710800171,1627.10800171,1.62703990936,1.6272480011
new,1,fp16,4096,256,scalar_fused,32,5,5.5443321228,5544.3321228,5.54400405884,5.55070800781
new,1,fp16,4096,256,scalar_split,32,5,5.78869590759,5788.69590759,5.78847198486,5.78904418945
new,1,fp16,4096,256,scalar_transform,32,5,4.16209983826,4162.09983826,4.16188812256,4.16322402954
new,1,fp16,4096,256,vector_fused,32,5,1.79747200012,1797.47200012,1.7972360611,1.79767608643
new,1,fp16,4096,256,vector_split,32,5,1.85055999756,1850.55999756,1.85027198792,1.85083999634
new,1,fp16,4096,256,vector_transform,32,5,0.223907995224,223.907995224,0.223672008514,0.224095988274
new,1,fp16,16384,16,quant_only,32,5,0.605452013016,605.452013016,0.604300022125,0.605836009979
new,1,fp16,16384,16,scalar_fused,32,5,1.28700399399,1287.00399399,1.28637199402,1.28823604584
new,1,fp16,16384,16,scalar_split,32,5,1.49301595688,1493.01595688,1.49297199249,1.4946559906
new,1,fp16,16384,16,scalar_transform,32,5,0.887588024139,887.588024139,0.887415981293,0.889708042145
new,1,fp16,16384,16,vector_fused,32,5,0.870788002014,870.788002014,0.87033996582,0.871191978455
new,1,fp16,16384,16,vector_split,32,5,1.03574399948,1035.74399948,1.03477602005,1.03612003326
new,1,fp16,16384,16,vector_transform,32,5,0.43015999794,430.15999794,0.429932022095,0.431139993668
new,1,fp16,16384,64,quant_only,32,5,1.77166805267,1771.66805267,1.77149600983,1.77223205566
new,1,fp16,16384,64,scalar_fused,32,5,5.00111999512,5001.11999512,5.0007598877,5.00131988525
new,1,fp16,16384,64,scalar_split,32,5,5.3245639801,5324.5639801,5.32400016785,5.32513999939
new,1,fp16,16384,64,scalar_transform,32,5,3.55336418152,3553.36418152,3.55260391235,3.55514793396
new,1,fp16,16384,64,vector_fused,32,5,2.14636001587,2146.36001587,2.14500808716,2.15208396912
new,1,fp16,16384,64,vector_split,32,5,2.29095191956,2290.95191956,2.2903799057,2.29129199982
new,1,fp16,16384,64,vector_transform,32,5,0.519267988205,519.267988205,0.518732023239,0.519435977936
new,1,fp16,16384,128,quant_only,32,5,3.34852409363,3348.52409363,3.34805603027,3.34938812256
new,1,fp16,16384,128,scalar_fused,32,5,10.4642562866,10464.2562866,10.4640602112,10.4715522766
new,1,fp16,16384,128,scalar_split,32,5,11.0113723755,11011.3723755,11.0108398438,11.0115356445
new,1,fp16,16384,128,scalar_transform,32,5,7.66271972656,7662.71972656,7.66244430542,7.66355209351
new,1,fp16,16384,128,vector_fused,32,5,3.78347206116,3783.47206116,3.78335189819,3.78372383118
new,1,fp16,16384,128,vector_split,32,5,3.97262802124,3972.62802124,3.97165184021,3.97429618835
new,1,fp16,16384,128,vector_transform,32,5,0.624172019958,624.172019958,0.623827981949,0.624688005447
new,1,fp16,16384,256,quant_only,32,5,6.48734436035,6487.34436035,6.48688812256,6.48875198364
new,1,fp16,16384,256,scalar_fused,32,5,22.154284668,22154.284668,22.1537399292,22.15572052
new,1,fp16,16384,256,scalar_split,32,5,23.1184326172,23118.4326172,23.116444397,23.1208206177
new,1,fp16,16384,256,scalar_transform,32,5,16.630355835,16630.355835,16.6296600342,16.6307037354
new,1,fp16,16384,256,vector_fused,32,5,7.1064956665,7106.4956665,7.10507202148,7.10815963745
new,1,fp16,16384,256,vector_split,32,5,7.30355987549,7303.55987549,7.30303192139,7.30925598145
new,1,fp16,16384,256,vector_transform,32,5,0.817216014862,817.216014862,0.816475963593,0.81756401062
new,2,bf16,1,16,quant_only,32,5,0.00718400031328,7.18400031328,0.006712000072,0.00841199979186
new,2,bf16,1,16,scalar_fused,32,5,0.00746399983764,7.46399983764,0.00713199973106,0.0081200003624
new,2,bf16,1,16,scalar_split,32,5,0.0126200005412,12.6200005412,0.0123960003257,0.0142599999905
new,2,bf16,1,16,scalar_transform,32,5,0.00715600028634,7.15600028634,0.00689999982715,0.00795999988914
new,2,bf16,1,16,vector_fused,32,5,0.00768000036478,7.68000036478,0.00695599988103,0.00774800032377
new,2,bf16,1,16,vector_split,32,5,0.0127399995923,12.7399995923,0.0122400000691,0.0138840004802
new,2,bf16,1,16,vector_transform,32,5,0.00725599974394,7.25599974394,0.00659999996424,0.00744400024414
new,2,bf16,1,64,quant_only,32,5,0.00805199965835,8.05199965835,0.0074960000813,0.00835599973798
new,2,bf16,1,64,scalar_fused,32,5,0.0134399995208,13.4399995208,0.0132239997387,0.0135560005903
new,2,bf16,1,64,scalar_split,32,5,0.0170440003276,17.0440003276,0.0165959998965,0.018016000092
new,2,bf16,1,64,scalar_transform,32,5,0.0105360001326,10.5360001326,0.0103479996324,0.0121119998395
new,2,bf16,1,64,vector_fused,32,5,0.0122079998255,12.2079998255,0.0119000002742,0.0124439999461
new,2,bf16,1,64,vector_split,32,5,0.0168200001121,16.8200001121,0.0164039999247,0.0169719994068
new,2,bf16,1,64,vector_transform,32,5,0.010583999753,10.583999753,0.0103959999979,0.0118000000715
new,2,bf16,1,128,quant_only,32,5,0.0106279999018,10.6279999018,0.0102679997683,0.0107079997659
new,2,bf16,1,128,scalar_fused,32,5,0.0243000000715,24.3000000715,0.0241600006819,0.0245079994202
new,2,bf16,1,128,scalar_split,32,5,0.0280039995909,28.0039995909,0.0277999997139,0.0281280010939
new,2,bf16,1,128,scalar_transform,32,5,0.0183960005641,18.3960005641,0.0181720003486,0.0200560003519
new,2,bf16,1,128,vector_fused,32,5,0.020340000093,20.340000093,0.0199880003929,0.0215479999781
new,2,bf16,1,128,vector_split,32,5,0.0245759993792,24.5759993792,0.0244399994612,0.0246199995279
new,2,bf16,1,128,vector_transform,32,5,0.0150560006499,15.0560006499,0.0149759992957,0.0150999993086
new,2,bf16,1,256,quant_only,32,5,0.0174879997969,17.4879997969,0.0173840001225,0.017880000174
new,2,bf16,1,256,scalar_fused,32,5,0.048219999671,48.219999671,0.0481799989939,0.0485040009022
new,2,bf16,1,256,scalar_split,32,5,0.0539399981499,53.9399981499,0.0536199986935,0.0544080018997
new,2,bf16,1,256,scalar_transform,32,5,0.0367439985275,36.7439985275,0.0366560012102,0.0367599993944
new,2,bf16,1,256,vector_fused,32,5,0.039359998703,39.359998703,0.0389200001955,0.0395480006933
new,2,bf16,1,256,vector_split,32,5,0.0449479997158,44.9479997158,0.0446040004492,0.0473159998655
new,2,bf16,1,256,vector_transform,32,5,0.0277599990368,27.7599990368,0.0276879996061,0.0278039991856
new,2,bf16,17,16,quant_only,32,5,0.00748799964786,7.48799964786,0.00740000009537,0.00759999975562
new,2,bf16,17,16,scalar_fused,32,5,0.00853200033307,8.53200033307,0.00829199999571,0.00857999995351
new,2,bf16,17,16,scalar_split,32,5,0.0135440006852,13.5440006852,0.012800000608,0.014824000001
new,2,bf16,17,16,scalar_transform,32,5,0.00746000036597,7.46000036597,0.0073679998517,0.00913999974728
new,2,bf16,17,16,vector_fused,32,5,0.00805199965835,8.05199965835,0.00800800025463,0.00824799984694
new,2,bf16,17,16,vector_split,32,5,0.0130439996719,13.0439996719,0.012936000526,0.0134159997106
new,2,bf16,17,16,vector_transform,32,5,0.00755200013518,7.55200013518,0.0073360003531,0.00759999975562
new,2,bf16,17,64,quant_only,32,5,0.00917999967933,9.17999967933,0.00894400030375,0.0095119997859
new,2,bf16,17,64,scalar_fused,32,5,0.0153960004449,15.3960004449,0.0150440007448,0.0155799999833
new,2,bf16,17,64,scalar_split,32,5,0.0199200004339,19.9200004339,0.0197119995952,0.0213520005345
new,2,bf16,17,64,scalar_transform,32,5,0.0119560003281,11.9560003281,0.0118359997869,0.0119800001383
new,2,bf16,17,64,vector_fused,32,5,0.0135959997773,13.5959997773,0.0132719993591,0.0137119993567
new,2,bf16,17,64,vector_split,32,5,0.0187040001154,18.7040001154,0.0185839995742,0.0188920006156
new,2,bf16,17,64,vector_transform,32,5,0.0107639998198,10.7639998198,0.010623999685,0.0108319997787
new,2,bf16,17,128,quant_only,32,5,0.0121440000832,12.1440000832,0.0119719997048,0.0122079998255
new,2,bf16,17,128,scalar_fused,32,5,0.0259479999542,25.9479999542,0.0258960008621,0.0260280013084
new,2,bf16,17,128,scalar_split,32,5,0.0310759991407,31.0759991407,0.0310039997101,0.0311360001564
new,2,bf16,17,128,scalar_transform,32,5,0.0200320005417,20.0320005417,0.0199200004339,0.0218600004911
new,2,bf16,17,128,vector_fused,32,5,0.0217720001936,21.7720001936,0.0216759994626,0.0218280002475
new,2,bf16,17,128,vector_split,32,5,0.0266799986362,26.6799986362,0.0266479998827,0.0267479985952
new,2,bf16,17,128,vector_transform,32,5,0.0153160005808,15.3160005808,0.0152759999037,0.0158280000091
new,2,bf16,17,256,quant_only,32,5,0.0190799996257,19.0799996257,0.019008000195,0.0191760003567
new,2,bf16,17,256,scalar_fused,32,5,0.0498959988356,49.8959988356,0.0498519986868,0.0499119997025
new,2,bf16,17,256,scalar_split,32,5,0.0565999984741,56.5999984741,0.056388002634,0.0568480014801
new,2,bf16,17,256,scalar_transform,32,5,0.0385879993439,38.5879993439,0.0385120004416,0.0402119994164
new,2,bf16,17,256,vector_fused,32,5,0.0404559999704,40.4559999704,0.0403679996729,0.04075999856
new,2,bf16,17,256,vector_split,32,5,0.0460040003061,46.0040003061,0.0458359986544,0.0461439996958
new,2,bf16,17,256,vector_transform,32,5,0.0276320010424,27.6320010424,0.0275880008936,0.0280919998884
new,2,bf16,257,16,quant_only,32,5,0.016332000494,16.332000494,0.0162039995193,0.016371999681
new,2,bf16,257,16,scalar_fused,32,5,0.0264600008726,26.4600008726,0.0263399988413,0.026587998867
new,2,bf16,257,16,scalar_split,32,5,0.0345880001783,34.5880001783,0.0344839990139,0.0348399996758
new,2,bf16,257,16,scalar_transform,32,5,0.019047999382,19.047999382,0.0189559996128,0.0208039999008
new,2,bf16,257,16,vector_fused,32,5,0.0202079996467,20.2079996467,0.0201480001211,0.0202959999442
new,2,bf16,257,16,vector_split,32,5,0.028316000104,28.316000104,0.0281360000372,0.0312799990177
new,2,bf16,257,16,vector_transform,32,5,0.0122720003128,12.2720003128,0.0121959999204,0.0126039996743
new,2,bf16,257,64,quant_only,32,5,0.0346799999475,34.6799999475,0.0343919992447,0.0348919987679
new,2,bf16,257,64,scalar_fused,32,5,0.0915880024433,91.5880024433,0.0915639996529,0.0918439984322
new,2,bf16,257,64,scalar_split,32,5,0.0990840017796,99.0840017796,0.0990400016308,0.0995320022106
new,2,bf16,257,64,scalar_transform,32,5,0.0652000010014,65.2000010014,0.0650640010834,0.0667680025101
new,2,bf16,257,64,vector_fused,32,5,0.0450080007315,45.0080007315,0.0448879987001,0.0452679991722
new,2,bf16,257,64,vector_split,32,5,0.0516439974308,51.6439974308,0.0516240000725,0.0524320006371
new,2,bf16,257,64,vector_transform,32,5,0.0176799997687,17.6799997687,0.0176320001483,0.0181480005383
new,2,bf16,257,128,quant_only,32,5,0.0620119988918,62.0119988918,0.0620000004768,0.062375998497
new,2,bf16,257,128,scalar_fused,32,5,0.187632000446,187.632000446,0.187603998184,0.188103997707
new,2,bf16,257,128,scalar_split,32,5,0.199448001385,199.448001385,0.19915599823,0.199803996086
new,2,bf16,257,128,scalar_transform,32,5,0.138276004791,138.276004791,0.137815999985,0.140100002289
new,2,bf16,257,128,vector_fused,32,5,0.0788399994373,78.8399994373,0.0787840008736,0.0791719973087
new,2,bf16,257,128,vector_split,32,5,0.0859759986401,85.9759986401,0.0858280003071,0.0862399995327
new,2,bf16,257,128,vector_transform,32,5,0.0243560001254,24.3560001254,0.0242080003023,0.024592000246
new,2,bf16,257,256,quant_only,32,5,0.119071996212,119.071996212,0.11897200346,0.119239997864
new,2,bf16,257,256,scalar_fused,32,5,0.394664001465,394.664001465,0.394424009323,0.394819998741
new,2,bf16,257,256,scalar_split,32,5,0.414508008957,414.508008957,0.414455986023,0.415019989014
new,2,bf16,257,256,scalar_transform,32,5,0.296316003799,296.316003799,0.296104001999,0.297555994987
new,2,bf16,257,256,vector_fused,32,5,0.149728000164,149.728000164,0.14960000515,0.149955999851
new,2,bf16,257,256,vector_split,32,5,0.158355998993,158.355998993,0.158288002014,0.158619999886
new,2,bf16,257,256,vector_transform,32,5,0.0399639993906,39.9639993906,0.0397960007191,0.040136000514
new,2,bf16,4096,16,quant_only,32,5,0.162544000149,162.544000149,0.162331998348,0.162864005566
new,2,bf16,4096,16,scalar_fused,32,5,0.32584400177,325.84400177,0.325636005402,0.326356005669
new,2,bf16,4096,16,scalar_split,32,5,0.387904000282,387.904000282,0.3865639925,0.388384008408
new,2,bf16,4096,16,scalar_transform,32,5,0.225219988823,225.219988823,0.224851989746,0.227571988106
new,2,bf16,4096,16,vector_fused,32,5,0.22469599247,224.69599247,0.224451994896,0.224939990044
new,2,bf16,4096,16,vector_split,32,5,0.273399996758,273.399996758,0.272943997383,0.274395990372
new,2,bf16,4096,16,vector_transform,32,5,0.11114000082,111.14000082,0.111015999317,0.11146800518
new,2,bf16,4096,64,quant_only,32,5,0.448135995865,448.135995865,0.447896003723,0.448415994644
new,2,bf16,4096,64,scalar_fused,32,5,1.25754003525,1257.54003525,1.25737199783,1.2575920105
new,2,bf16,4096,64,scalar_split,32,5,1.33984804153,1339.84804153,1.33937597275,1.34035596848
new,2,bf16,4096,64,scalar_transform,32,5,0.892055988312,892.055988312,0.891812038422,0.893103981018
new,2,bf16,4096,64,vector_fused,32,5,0.543792009354,543.792009354,0.543571996689,0.543983983994
new,2,bf16,4096,64,vector_split,32,5,0.584643983841,584.643983841,0.584600019455,0.584743976593
new,2,bf16,4096,64,vector_transform,32,5,0.136839997768,136.839997768,0.1366320014,0.136979997158
new,2,bf16,4096,128,quant_only,32,5,0.843607997894,843.607997894,0.843379974365,0.843995952606
new,2,bf16,4096,128,scalar_fused,32,5,2.62463207245,2624.63207245,2.62456798553,2.6248840332
new,2,bf16,4096,128,scalar_split,32,5,2.76168804169,2761.68804169,2.76156406403,2.7618719101
new,2,bf16,4096,128,scalar_transform,32,5,1.91867599487,1918.67599487,1.91843605042,1.91891994476
new,2,bf16,4096,128,vector_fused,32,5,0.958123970032,958.123970032,0.958040046692,0.963372039795
new,2,bf16,4096,128,vector_split,32,5,1.00927600861,1009.27600861,1.00911598206,1.00948400497
new,2,bf16,4096,128,vector_transform,32,5,0.166331994534,166.331994534,0.165856003761,0.166703999043
new,2,bf16,4096,256,quant_only,32,5,1.62928390503,1629.28390503,1.62905597687,1.62952404022
new,2,bf16,4096,256,scalar_fused,32,5,5.54835205078,5548.35205078,5.5479839325,5.54879188538
new,2,bf16,4096,256,scalar_split,32,5,5.79030799866,5790.30799866,5.78991584778,5.79108009338
new,2,bf16,4096,256,scalar_transform,32,5,4.16171989441,4161.71989441,4.16149597168,4.16344795227
new,2,bf16,4096,256,vector_fused,32,5,1.79928798676,1799.28798676,1.7990480423,1.79934005737
new,2,bf16,4096,256,vector_split,32,5,1.85301990509,1853.01990509,1.85230007172,1.85354404449
new,2,bf16,4096,256,vector_transform,32,5,0.223776006699,223.776006699,0.22371199131,0.224268007278
new,2,bf16,16384,16,quant_only,32,5,0.605967998505,605.967998505,0.605635976791,0.606383991241
new,2,bf16,16384,16,scalar_fused,32,5,1.284815979,1284.815979,1.28381204605,1.28514003754
new,2,bf16,16384,16,scalar_split,32,5,1.49396800995,1493.96800995,1.49357995987,1.49557600021
new,2,bf16,16384,16,scalar_transform,32,5,0.888751983643,888.751983643,0.888191986084,0.890499973297
new,2,bf16,16384,16,vector_fused,32,5,0.869703960419,869.703960419,0.868647956848,0.870547962189
new,2,bf16,16384,16,vector_split,32,5,1.03599996567,1035.99996567,1.03469600677,1.03640403748
new,2,bf16,16384,16,vector_transform,32,5,0.430955982208,430.955982208,0.430068016052,0.431056022644
new,2,bf16,16384,64,quant_only,32,5,1.77420005798,1774.20005798,1.7740480423,1.77460803986
new,2,bf16,16384,64,scalar_fused,32,5,5.00993995667,5009.93995667,5.00960006714,5.01034011841
new,2,bf16,16384,64,scalar_split,32,5,5.32441596985,5324.41596985,5.3233921051,5.32693595886
new,2,bf16,16384,64,scalar_transform,32,5,3.55124397278,3551.24397278,3.55038414001,3.55315208435
new,2,bf16,16384,64,vector_fused,32,5,2.14411201477,2144.11201477,2.14372406006,2.14524402618
new,2,bf16,16384,64,vector_split,32,5,2.29262008667,2292.62008667,2.29190006256,2.29483604431
new,2,bf16,16384,64,vector_transform,32,5,0.519439983368,519.439983368,0.518675994873,0.519572019577
new,2,bf16,16384,128,quant_only,32,5,3.3551399231,3355.1399231,3.35451202393,3.35590400696
new,2,bf16,16384,128,scalar_fused,32,5,10.4777198792,10477.7198792,10.4770042419,10.4779403687
new,2,bf16,16384,128,scalar_split,32,5,11.019216156,11019.216156,11.0184318542,11.0205200195
new,2,bf16,16384,128,scalar_transform,32,5,7.66382827759,7663.82827759,7.66373977661,7.66452026367
new,2,bf16,16384,128,vector_fused,32,5,3.78386802673,3783.86802673,3.78347206116,3.78444786072
new,2,bf16,16384,128,vector_split,32,5,3.98242797852,3982.42797852,3.98082008362,3.98254394531
new,2,bf16,16384,128,vector_transform,32,5,0.627924013138,627.924013138,0.626588010788,0.62842798233
new,2,bf16,16384,256,quant_only,32,5,6.49387207031,6493.87207031,6.49301986694,6.49459991455
new,2,bf16,16384,256,scalar_fused,32,5,22.1686126709,22168.6126709,22.1682632446,22.1689758301
new,2,bf16,16384,256,scalar_split,32,5,23.1198959351,23119.8959351,23.1187072754,23.1227996826
new,2,bf16,16384,256,scalar_transform,32,5,16.6274002075,16627.4002075,16.6268157959,16.6360198975
new,2,bf16,16384,256,vector_fused,32,5,7.1131439209,7113.1439209,7.11134796143,7.11328430176
new,2,bf16,16384,256,vector_split,32,5,7.3115562439,7311.5562439,7.30855636597,7.31372375488
new,2,bf16,16384,256,vector_transform,32,5,0.815359973907,815.359973907,0.814087963104,0.817516040802
new,2,fp16,1,16,quant_only,32,5,0.00721599981189,7.21599981189,0.00633599981666,0.00787200033665
new,2,fp16,1,16,scalar_fused,32,5,0.00738399997354,7.38399997354,0.00703200027347,0.00752800032496
new,2,fp16,1,16,scalar_split,32,5,0.0124959997833,12.4959997833,0.0124600000679,0.0131999999285
new,2,fp16,1,16,scalar_transform,32,5,0.00728000029922,7.28000029922,0.00699599981308,0.0108800001442
new,2,fp16,1,16,vector_fused,32,5,0.00768399983644,7.68399983644,0.00744799971581,0.00789600014687
new,2,fp16,1,16,vector_split,32,5,0.0128159999847,12.8159999847,0.0126800000668,0.0143959999084
new,2,fp16,1,16,vector_transform,32,5,0.00728399977088,7.28399977088,0.00674000009894,0.00773999989033
new,2,fp16,1,64,quant_only,32,5,0.00811600014567,8.11600014567,0.00805599987507,0.00858400017023
new,2,fp16,1,64,scalar_fused,32,5,0.0131760001183,13.1760001183,0.0130799993873,0.0135519996285
new,2,fp16,1,64,scalar_split,32,5,0.0172120004892,17.2120004892,0.0167439997196,0.0174520000815
new,2,fp16,1,64,scalar_transform,32,5,0.0105360001326,10.5360001326,0.0104719996452,0.0113839998841
new,2,fp16,1,64,vector_fused,32,5,0.01232400015,12.32400015,0.0117559999228,0.0124240003526
new,2,fp16,1,64,vector_split,32,5,0.0170440003276,17.0440003276,0.0167960003018,0.0172800004482
new,2,fp16,1,64,vector_transform,32,5,0.0104280002415,10.4280002415,0.0101520001888,0.0114079996943
new,2,fp16,1,128,quant_only,32,5,0.0107680000365,10.7680000365,0.0106959998608,0.0109159998596
new,2,fp16,1,128,scalar_fused,32,5,0.0244839996099,24.4839996099,0.0241760000587,0.0245600000024
new,2,fp16,1,128,scalar_split,32,5,0.0283320009708,28.3320009708,0.0282119989395,0.0285919994116
new,2,fp16,1,128,scalar_transform,32,5,0.0184080004692,18.4080004692,0.0182400003076,0.0198039993644
new,2,fp16,1,128,vector_fused,32,5,0.0205119997263,20.5119997263,0.020311999321,0.021167999506
new,2,fp16,1,128,vector_split,32,5,0.0250279992819,25.0279992819,0.0249400004745,0.025203999877
new,2,fp16,1,128,vector_transform,32,5,0.0149759992957,14.9759992957,0.0149440005422,0.0166119992733
new,2,fp16,1,256,quant_only,32,5,0.0175879999995,17.5879999995,0.0175080001354,0.0176919996738
new,2,fp16,1,256,scalar_fused,32,5,0.0480919986963,48.0919986963,0.0479279994965,0.048480001092
new,2,fp16,1,256,scalar_split,32,5,0.0538879990578,53.8879990578,0.0536679983139,0.0541719973087
new,2,fp16,1,256,scalar_transform,32,5,0.0367920011282,36.7920011282,0.0366039991379,0.0368999987841
new,2,fp16,1,256,vector_fused,32,5,0.039291998744,39.291998744,0.0388359993696,0.0395119994879
new,2,fp16,1,256,vector_split,32,5,0.04451200068,44.51200068,0.044387999177,0.0449200004339
new,2,fp16,1,256,vector_transform,32,5,0.0277319997549,27.7319997549,0.0276800006628,0.027772000432
new,2,fp16,17,16,quant_only,32,5,0.00751999989152,7.51999989152,0.00725200027227,0.00795599967241
new,2,fp16,17,16,scalar_fused,32,5,0.00824799984694,8.24799984694,0.00739599987864,0.00835599973798
new,2,fp16,17,16,scalar_split,32,5,0.012839999795,12.839999795,0.0127920001745,0.0143999993801
new,2,fp16,17,16,scalar_transform,32,5,0.00737200006843,7.37200006843,0.00729599967599,0.00865200012922
new,2,fp16,17,16,vector_fused,32,5,0.00803200006485,8.03200006485,0.00714399963617,0.00827599987388
new,2,fp16,17,16,vector_split,32,5,0.0131119996309,13.1119996309,0.0129120007157,0.0147640004754
new,2,fp16,17,16,vector_transform,32,5,0.00742800012231,7.42800012231,0.00631999969482,0.00841199979186
new,2,fp16,17,64,quant_only,32,5,0.00940399989486,9.40399989486,0.00932400003076,0.00948000028729
new,2,fp16,17,64,scalar_fused,32,5,0.0148479998112,14.8479998112,0.0148039996624,0.0150480002165
new,2,fp16,17,64,scalar_split,32,5,0.0197799995542,19.7799995542,0.0196879997849,0.0198760002851
new,2,fp16,17,64,scalar_transform,32,5,0.0117600001395,11.7600001395,0.0116760000587,0.0118040002882
new,2,fp16,17,64,vector_fused,32,5,0.0133039996028,13.3039996028,0.0131479993463,0.0134039998055
new,2,fp16,17,64,vector_split,32,5,0.0188319995999,18.8319995999,0.0187839999795,0.0189640000463
new,2,fp16,17,64,vector_transform,32,5,0.0107280001044,10.7280001044,0.0104919999838,0.010924000293
new,2,fp16,17,128,quant_only,32,5,0.0120039999485,12.0039999485,0.0117839999497,0.0121279999614
new,2,fp16,17,128,scalar_fused,32,5,0.0257239997387,25.7239997387,0.0257039994001,0.0259840011597
new,2,fp16,17,128,scalar_split,32,5,0.0311760008335,31.1760008335,0.0310240000486,0.0313120007515
new,2,fp16,17,128,scalar_transform,32,5,0.0197040006518,19.7040006518,0.0195639997721,0.0198440000415
new,2,fp16,17,128,vector_fused,32,5,0.0217079997063,21.7079997063,0.0216759994626,0.0218600004911
new,2,fp16,17,128,vector_split,32,5,0.0266519993544,26.6519993544,0.026587998867,0.026791998744
new,2,fp16,17,128,vector_transform,32,5,0.0152639999986,15.2639999986,0.0152319997549,0.0155039995909
new,2,fp16,17,256,quant_only,32,5,0.0188639998436,18.8639998436,0.0187399998307,0.0189040005207
new,2,fp16,17,256,scalar_fused,32,5,0.049472001195,49.472001195,0.0494439989328,0.0495719999075
new,2,fp16,17,256,scalar_split,32,5,0.0565439999104,56.5439999104,0.0564360022545,0.0567239999771
new,2,fp16,17,256,scalar_transform,32,5,0.0381359994411,38.1359994411,0.0380919992924,0.040215998888
new,2,fp16,17,256,vector_fused,32,5,0.0403880000114,40.3880000114,0.0403600007296,0.0404639989138
new,2,fp16,17,256,vector_split,32,5,0.0459679991007,45.9679991007,0.0459560006857,0.0461239993572
new,2,fp16,17,256,vector_transform,32,5,0.0275400012732,27.5400012732,0.0274639993906,0.029036000371
new,2,fp16,257,16,quant_only,32,5,0.0164039999247,16.4039999247,0.0162680000067,0.0165519997478
new,2,fp16,257,16,scalar_fused,32,5,0.0258120000362,25.8120000362,0.0257160007954,0.0259119987488
new,2,fp16,257,16,scalar_split,32,5,0.0344639986753,34.4639986753,0.0343160003424,0.0346960008144
new,2,fp16,257,16,scalar_transform,32,5,0.0185800001025,18.5800001025,0.018491999805,0.0210879996419
new,2,fp16,257,16,vector_fused,32,5,0.0201959997416,20.1959997416,0.0201039999723,0.0202600002289
new,2,fp16,257,16,vector_split,32,5,0.028248000145,28.248000145,0.0280919998884,0.028435999155
new,2,fp16,257,16,vector_transform,32,5,0.0121760003269,12.1760003269,0.0121119998395,0.0137239992619
new,2,fp16,257,64,quant_only,32,5,0.0346199989319,34.6199989319,0.0342119991779,0.0348080009222
new,2,fp16,257,64,scalar_fused,32,5,0.0912519991398,91.2519991398,0.0911119997501,0.0915400028229
new,2,fp16,257,64,scalar_split,32,5,0.0989199995995,98.9199995995,0.0988399982452,0.0995079994202
new,2,fp16,257,64,scalar_transform,32,5,0.0651600003242,65.1600003242,0.0649240016937,0.0665560007095
new,2,fp16,257,64,vector_fused,32,5,0.0449279993773,44.9279993773,0.0448040008545,0.0451559990644
new,2,fp16,257,64,vector_split,32,5,0.0514800012112,51.4800012112,0.0514559984207,0.0522119998932
new,2,fp16,257,64,vector_transform,32,5,0.0177520006895,17.7520006895,0.0176280006766,0.0177959993482
new,2,fp16,257,128,quant_only,32,5,0.0625479996204,62.5479996204,0.0623880028725,0.062896001339
new,2,fp16,257,128,scalar_fused,32,5,0.187355995178,187.355995178,0.187328004837,0.187479996681
new,2,fp16,257,128,scalar_split,32,5,0.199951994419,199.951994419,0.199567997456,0.200167989731
new,2,fp16,257,128,scalar_transform,32,5,0.137707996368,137.707996368,0.137644004822,0.137888002396
new,2,fp16,257,128,vector_fused,32,5,0.0790080010891,79.0080010891,0.078968000412,0.0795679986477
new,2,fp16,257,128,vector_split,32,5,0.0865559995174,86.5559995174,0.0862439990044,0.0868200004101
new,2,fp16,257,128,vector_transform,32,5,0.0243039995432,24.3039995432,0.0242280006409,0.0243959993124
new,2,fp16,257,256,quant_only,32,5,0.118739998341,118.739998341,0.118400001526,0.118936002254
new,2,fp16,257,256,scalar_fused,32,5,0.394287991524,394.287991524,0.394023990631,0.394600009918
new,2,fp16,257,256,scalar_split,32,5,0.414292001724,414.292001724,0.414043998718,0.414415979385
new,2,fp16,257,256,scalar_transform,32,5,0.296199989319,296.199989319,0.296047997475,0.296496009827
new,2,fp16,257,256,vector_fused,32,5,0.149487996101,149.487996101,0.149451994896,0.149684000015
new,2,fp16,257,256,vector_split,32,5,0.158039999008,158.039999008,0.157811999321,0.158264005184
new,2,fp16,257,256,vector_transform,32,5,0.0398039996624,39.8039996624,0.0396719992161,0.0398479998112
new,2,fp16,4096,16,quant_only,32,5,0.16210000515,162.10000515,0.16146800518,0.162688004971
new,2,fp16,4096,16,scalar_fused,32,5,0.326096010208,326.096010208,0.325927996635,0.32664000988
new,2,fp16,4096,16,scalar_split,32,5,0.38691599369,386.91599369,0.386472010612,0.389007997513
new,2,fp16,4096,16,scalar_transform,32,5,0.224864006042,224.864006042,0.22469201088,0.225295996666
new,2,fp16,4096,16,vector_fused,32,5,0.224659991264,224.659991264,0.224404001236,0.225128006935
new,2,fp16,4096,16,vector_split,32,5,0.274004006386,274.004006386,0.273383998871,0.274519991875
new,2,fp16,4096,16,vector_transform,32,5,0.111212003231,111.212003231,0.11090400219,0.111479997635
new,2,fp16,4096,64,quant_only,32,5,0.447595977783,447.595977783,0.447544002533,0.447936010361
new,2,fp16,4096,64,scalar_fused,32,5,1.25496397018,1254.96397018,1.25485200882,1.25523996353
new,2,fp16,4096,64,scalar_split,32,5,1.33936796188,1339.36796188,1.33915996552,1.33970804214
new,2,fp16,4096,64,scalar_transform,32,5,0.892288017273,892.288017273,0.891987991333,0.892467975616
new,2,fp16,4096,64,vector_fused,32,5,0.544320011139,544.320011139,0.544104003906,0.544396018982
new,2,fp16,4096,64,vector_split,32,5,0.584187984467,584.187984467,0.583920001984,0.584583997726
new,2,fp16,4096,64,vector_transform,32,5,0.136852002144,136.852002144,0.136707997322,0.136968004704
new,2,fp16,4096,128,quant_only,32,5,0.842136001587,842.136001587,0.842024040222,0.84235200882
new,2,fp16,4096,128,scalar_fused,32,5,2.62152004242,2621.52004242,2.62122802734,2.62175998688
new,2,fp16,4096,128,scalar_split,32,5,2.76057605743,2760.57605743,2.76019592285,2.76070804596
new,2,fp16,4096,128,scalar_transform,32,5,1.9192440033,1919.2440033,1.91863594055,1.91931991577
new,2,fp16,4096,128,vector_fused,32,5,0.957847976685,957.847976685,0.95768404007,0.958104038239
new,2,fp16,4096,128,vector_split,32,5,1.00772399902,1007.72399902,1.00732002258,1.0082280159
new,2,fp16,4096,128,vector_transform,32,5,0.16606400013,166.06400013,0.165631997585,0.166384005547
new,2,fp16,4096,256,quant_only,32,5,1.62717208862,1627.17208862,1.62700405121,1.62739200592
new,2,fp16,4096,256,scalar_fused,32,5,5.54469985962,5544.69985962,5.54422798157,5.54997215271
new,2,fp16,4096,256,scalar_split,32,5,5.78891181946,5788.91181946,5.78853187561,5.78913612366
new,2,fp16,4096,256,scalar_transform,32,5,4.161951828,4161.951828,4.16181182861,4.16219596863
new,2,fp16,4096,256,vector_fused,32,5,1.79768390656,1797.68390656,1.79742393494,1.79799995422
new,2,fp16,4096,256,vector_split,32,5,1.85061607361,1850.61607361,1.85051193237,1.85071601868
new,2,fp16,4096,256,vector_transform,32,5,0.224008011818,224.008011818,0.223555994034,0.224072003365
new,2,fp16,16384,16,quant_only,32,5,0.605427980423,605.427980423,0.605287981033,0.606464004517
new,2,fp16,16384,16,scalar_fused,32,5,1.28777198792,1287.77198792,1.28765602112,1.28796796799
new,2,fp16,16384,16,scalar_split,32,5,1.49323997498,1493.23997498,1.49228401184,1.49386396408
new,2,fp16,16384,16,scalar_transform,32,5,0.887611961365,887.611961365,0.886664009094,0.888848018646
new,2,fp16,16384,16,vector_fused,32,5,0.870471954346,870.471954346,0.870296001434,0.870623970032
new,2,fp16,16384,16,vector_split,32,5,1.03565998077,1035.65998077,1.03540802002,1.03693599701
new,2,fp16,16384,16,vector_transform,32,5,0.430967998505,430.967998505,0.429052019119,0.431023979187
new,2,fp16,16384,64,quant_only,32,5,1.77222805023,1772.22805023,1.77159996033,1.77248401642
new,2,fp16,16384,64,scalar_fused,32,5,5.00060806274,5000.60806274,5.00037612915,5.00159988403
new,2,fp16,16384,64,scalar_split,32,5,5.32476005554,5324.76005554,5.32343215942,5.32513198853
new,2,fp16,16384,64,scalar_transform,32,5,3.55287590027,3552.87590027,3.55251998901,3.55294418335
new,2,fp16,16384,64,vector_fused,32,5,2.14568405151,2145.68405151,2.14510402679,2.1527879715
new,2,fp16,16384,64,vector_split,32,5,2.29046001434,2290.46001434,2.29006404877,2.29152393341
new,2,fp16,16384,64,vector_transform,32,5,0.519191980362,519.191980362,0.518635988235,0.519852018356
new,2,fp16,16384,128,quant_only,32,5,3.35021591187,3350.21591187,3.34938812256,3.35054397583
new,2,fp16,16384,128,scalar_fused,32,5,10.4647956848,10464.7956848,10.4643478394,10.4707122803
new,2,fp16,16384,128,scalar_split,32,5,11.0153923035,11015.3923035,11.0144081116,11.0158317566
new,2,fp16,16384,128,scalar_transform,32,5,7.66488037109,7664.88037109,7.66466369629,7.66659164429
new,2,fp16,16384,128,vector_fused,32,5,3.78391609192,3783.91609192,3.78359184265,3.78426399231
new,2,fp16,16384,128,vector_split,32,5,3.97612380981,3976.12380981,3.97537994385,3.97712783813
new,2,fp16,16384,128,vector_transform,32,5,0.627704000473,627.704000473,0.625835990906,0.628927993774
new,2,fp16,16384,256,quant_only,32,5,6.48771209717,6487.71209717,6.48733215332,6.48832397461
new,2,fp16,16384,256,scalar_fused,32,5,22.1540527344,22154.0527344,22.1536437988,22.1591995239
new,2,fp16,16384,256,scalar_split,32,5,23.1159072876,23115.9072876,23.114680481,23.116444397
new,2,fp16,16384,256,scalar_transform,32,5,16.6275726318,16627.5726318,16.6274032593,16.6285644531
new,2,fp16,16384,256,vector_fused,32,5,7.10585174561,7105.85174561,7.10528030396,7.1072479248
new,2,fp16,16384,256,vector_split,32,5,7.30270004272,7302.70004272,7.30066833496,7.30684814453
new,2,fp16,16384,256,vector_transform,32,5,0.815279960632,815.279960632,0.814992046356,0.817908000946
new,3,bf16,1,16,quant_only,32,5,0.00628800019622,6.28800019622,0.00595999993384,0.00745600014925
new,3,bf16,1,16,scalar_fused,32,5,0.00709199979901,7.09199979901,0.00575199984014,0.00780799984932
new,3,bf16,1,16,scalar_split,32,5,0.0141920000315,14.1920000315,0.0111519999802,0.014348000288
new,3,bf16,1,16,scalar_transform,32,5,0.00597600005567,5.97600005567,0.00580400004983,0.00746000036597
new,3,bf16,1,16,vector_fused,32,5,0.00795200020075,7.95200020075,0.00728399977088,0.00827199965715
new,3,bf16,1,16,vector_split,32,5,0.0136680006981,13.6680006981,0.011984000355,0.0141599997878
new,3,bf16,1,16,vector_transform,32,5,0.00776399970055,7.76399970055,0.00605200007558,0.00876799970865
new,3,bf16,1,64,quant_only,32,5,0.0080119997263,8.0119997263,0.00794000029564,0.00806000009179
new,3,bf16,1,64,scalar_fused,32,5,0.0134399995208,13.4399995208,0.0132520005107,0.0138199999928
new,3,bf16,1,64,scalar_split,32,5,0.0170880004764,17.0880004764,0.0167439997196,0.0171800002456
new,3,bf16,1,64,scalar_transform,32,5,0.0103959999979,10.3959999979,0.0103160001338,0.0116719998419
new,3,bf16,1,64,vector_fused,32,5,0.011819999665,11.819999665,0.0117839999497,0.0121040001512
new,3,bf16,1,64,vector_split,32,5,0.01660400033,16.60400033,0.0165600001812,0.0167919993401
new,3,bf16,1,64,vector_transform,32,5,0.0101559996605,10.1559996605,0.00958800017834,0.0104280002415
new,3,bf16,1,128,quant_only,32,5,0.0103560000658,10.3560000658,0.00997600033879,0.0106080003083
new,3,bf16,1,128,scalar_fused,32,5,0.0243919998407,24.3919998407,0.0240920007229,0.0245759993792
new,3,bf16,1,128,scalar_split,32,5,0.0280840009451,28.0840009451,0.0279680013657,0.028248000145
new,3,bf16,1,128,scalar_transform,32,5,0.0186320006847,18.6320006847,0.0183280006051,0.0186440005898
new,3,bf16,1,128,vector_fused,32,5,0.0203160002828,20.3160002828,0.0200159996748,0.020788000524
new,3,bf16,1,128,vector_split,32,5,0.024660000205,24.660000205,0.0245800003409,0.0247720003128
new,3,bf16,1,128,vector_transform,32,5,0.015039999783,15.039999783,0.0149959996343,0.0151240006089
new,3,bf16,1,256,quant_only,32,5,0.0174520000815,17.4520000815,0.0172680005431,0.0176200002432
new,3,bf16,1,256,scalar_fused,32,5,0.048276001215,48.276001215,0.0480760008097,0.0486559987068
new,3,bf16,1,256,scalar_split,32,5,0.0537360012531,53.7360012531,0.0535520017147,0.0540520012379
new,3,bf16,1,256,scalar_transform,32,5,0.0365799993277,36.5799993277,0.0364800006151,0.0385120004416
new,3,bf16,1,256,vector_fused,32,5,0.0391000002623,39.1000002623,0.0387279987335,0.0391920000315
new,3,bf16,1,256,vector_split,32,5,0.0437880009413,43.7880009413,0.0437400013208,0.0439960002899
new,3,bf16,1,256,vector_transform,32,5,0.0268839985132,26.8839985132,0.0267720013857,0.0270759999752
new,3,bf16,17,16,quant_only,32,5,0.00813999995589,8.13999995589,0.00756400004029,0.00828400030732
new,3,bf16,17,16,scalar_fused,32,5,0.0082800000906,8.2800000906,0.00818800032139,0.00882000029087
new,3,bf16,17,16,scalar_split,32,5,0.0138160005212,13.8160005212,0.0133320003748,0.0145319998264
new,3,bf16,17,16,scalar_transform,32,5,0.00774400010705,7.74400010705,0.00740799978375,0.00832000002265
new,3,bf16,17,16,vector_fused,32,5,0.0082800000906,8.2800000906,0.00798399969935,0.00901200026274
new,3,bf16,17,16,vector_split,32,5,0.0140959993005,14.0959993005,0.0139960005879,0.0144999995828
new,3,bf16,17,16,vector_transform,32,5,0.00794000029564,7.94000029564,0.00763999968767,0.00868000015616
new,3,bf16,17,64,quant_only,32,5,0.00947600007057,9.47600007057,0.00936399996281,0.00957999974489
new,3,bf16,17,64,scalar_fused,32,5,0.0150639995933,15.0639995933,0.0149440005422,0.0151240006089
new,3,bf16,17,64,scalar_split,32,5,0.0196239992976,19.6239992976,0.0196079999208,0.0197239995003
new,3,bf16,17,64,scalar_transform,32,5,0.0118359997869,11.8359997869,0.0117600001395,0.0134800001979
new,3,bf16,17,64,vector_fused,32,5,0.0132280007005,13.2280007005,0.0130960002542,0.0132640004158
new,3,bf16,17,64,vector_split,32,5,0.0185800001025,18.5800001025,0.0185080006719,0.0188559994102
new,3,bf16,17,64,vector_transform,32,5,0.0105319999158,10.5319999158,0.0105039998889,0.01078799963
new,3,bf16,17,128,quant_only,32,5,0.0122040003538,12.2040003538,0.0121639996767,0.01232400015
new,3,bf16,17,128,scalar_fused,32,5,0.0262239992619,26.2239992619,0.0260520011187,0.0263440012932
new,3,bf16,17,128,scalar_split,32,5,0.0313679993153,31.3679993153,0.0313600003719,0.0315120011568
new,3,bf16,17,128,scalar_transform,32,5,0.0203079998493,20.3079998493,0.0202519997954,0.0221359997988
new,3,bf16,17,128,vector_fused,32,5,0.0218679994345,21.8679994345,0.0218079999089,0.0220479995012
new,3,bf16,17,128,vector_split,32,5,0.0273360013962,27.3360013962,0.0271519988775,0.0277680009604
new,3,bf16,17,128,vector_transform,32,5,0.0158120006323,15.8120006323,0.0156839996576,0.0162799999118
new,3,bf16,17,256,quant_only,32,5,0.019115999341,19.115999341,0.0190320000052,0.0191960006952
new,3,bf16,17,256,scalar_fused,32,5,0.0498320013285,49.8320013285,0.0498160004616,0.049864000082
new,3,bf16,17,256,scalar_split,32,5,0.05666000247,56.66000247,0.0564960002899,0.0567239999771
new,3,bf16,17,256,scalar_transform,32,5,0.0386040002108,38.6040002108,0.0385159999132,0.038763999939
new,3,bf16,17,256,vector_fused,32,5,0.0404119998217,40.4119998217,0.0403479993343,0.0405039995909
new,3,bf16,17,256,vector_split,32,5,0.0461120009422,46.1120009422,0.0459560006857,0.0461439996958
new,3,bf16,17,256,vector_transform,32,5,0.0275840014219,27.5840014219,0.0275200009346,0.0281560003757
new,3,bf16,257,16,quant_only,32,5,0.0167960003018,16.7960003018,0.016507999599,0.0168200001121
new,3,bf16,257,16,scalar_fused,32,5,0.0263960003853,26.3960003853,0.0263559997082,0.0266840010881
new,3,bf16,257,16,scalar_split,32,5,0.0351680010557,35.1680010557,0.0350120007992,0.0352999985218
new,3,bf16,257,16,scalar_transform,32,5,0.0192760005593,19.2760005593,0.0192320004106,0.020924000442
new,3,bf16,257,16,vector_fused,32,5,0.0205400004983,20.5400004983,0.0204720005393,0.0205799996853
new,3,bf16,257,16,vector_split,32,5,0.0289039999247,28.9039999247,0.0288159996271,0.0290839999914
new,3,bf16,257,16,vector_transform,32,5,0.0126399993896,12.6399993896,0.0125239998102,0.0129240006208
new,3,bf16,257,64,quant_only,32,5,0.0345880001783,34.5880001783,0.0344159990549,0.0346119999886
new,3,bf16,257,64,scalar_fused,32,5,0.0915560007095,91.5560007095,0.0913879990578,0.0917720019817
new,3,bf16,257,64,scalar_split,32,5,0.0990320026875,99.0320026875,0.0989199995995,0.0994360029697
new,3,bf16,257,64,scalar_transform,32,5,0.0651960015297,65.1960015297,0.0651080012321,0.0669080018997
new,3,bf16,257,64,vector_fused,32,5,0.0450480014086,45.0480014086,0.0449680000544,0.0450879991055
new,3,bf16,257,64,vector_split,32,5,0.0515439987183,51.5439987183,0.0514039993286,0.0517719984055
new,3,bf16,257,64,vector_transform,32,5,0.0175160005689,17.5160005689,0.0174439996481,0.0179279997945
new,3,bf16,257,128,quant_only,32,5,0.0621680021286,62.1680021286,0.0620840013027,0.0625760018826
new,3,bf16,257,128,scalar_fused,32,5,0.187580001354,187.580001354,0.187528002262,0.187916004658
new,3,bf16,257,128,scalar_split,32,5,0.199580001831,199.580001831,0.199228000641,0.199960005283
new,3,bf16,257,128,scalar_transform,32,5,0.137911999226,137.911999226,0.137740004063,0.13975199461
new,3,bf16,257,128,vector_fused,32,5,0.078991997242,78.991997242,0.0786679983139,0.0795040011406
new,3,bf16,257,128,vector_split,32,5,0.0860239982605,86.0239982605,0.0858560025692,0.0865679979324
new,3,bf16,257,128,vector_transform,32,5,0.0242880001664,24.2880001664,0.0242280006409,0.0247600004077
new,3,bf16,257,256,quant_only,32,5,0.118827998638,118.827998638,0.118768000603,0.119131994247
new,3,bf16,257,256,scalar_fused,32,5,0.394587993622,394.587993622,0.394244003296,0.395228004456
new,3,bf16,257,256,scalar_split,32,5,0.414516019821,414.516019821,0.414308023453,0.414919996262
new,3,bf16,257,256,scalar_transform,32,5,0.296203994751,296.203994751,0.296043992043,0.298456001282
new,3,bf16,257,256,vector_fused,32,5,0.14964799881,149.64799881,0.149520003796,0.150056004524
new,3,bf16,257,256,vector_split,32,5,0.157532000542,157.532000542,0.157436001301,0.157648003101
new,3,bf16,257,256,vector_transform,32,5,0.0391920000315,39.1920000315,0.0390159994364,0.039620000124
new,3,bf16,4096,16,quant_only,32,5,0.162344002724,162.344002724,0.161704003811,0.163352000713
new,3,bf16,4096,16,scalar_fused,32,5,0.326528000832,326.528000832,0.325975990295,0.326699995995
new,3,bf16,4096,16,scalar_split,32,5,0.387719988823,387.719988823,0.387143993378,0.388131999969
new,3,bf16,4096,16,scalar_transform,32,5,0.225232005119,225.232005119,0.225200009346,0.225476002693
new,3,bf16,4096,16,vector_fused,32,5,0.224620008469,224.620008469,0.224340009689,0.224932003021
new,3,bf16,4096,16,vector_split,32,5,0.273327994347,273.327994347,0.272828006744,0.273772001266
new,3,bf16,4096,16,vector_transform,32,5,0.11116399765,111.16399765,0.111088001728,0.111611998081
new,3,bf16,4096,64,quant_only,32,5,0.448400020599,448.400020599,0.448235988617,0.448504018784
new,3,bf16,4096,64,scalar_fused,32,5,1.25721197128,1257.21197128,1.25719604492,1.25750398636
new,3,bf16,4096,64,scalar_split,32,5,1.3397480011,1339.7480011,1.33948402405,1.33989200592
new,3,bf16,4096,64,scalar_transform,32,5,0.892164039612,892.164039612,0.891604042053,0.893908023834
new,3,bf16,4096,64,vector_fused,32,5,0.543819999695,543.819999695,0.543788003922,0.544140005112
new,3,bf16,4096,64,vector_split,32,5,0.584779977798,584.779977798,0.584624004364,0.585088014603
new,3,bf16,4096,64,vector_transform,32,5,0.136836004257,136.836004257,0.136668002605,0.137088000774
new,3,bf16,4096,128,quant_only,32,5,0.843488025665,843.488025665,0.843255996704,0.849715995789
new,3,bf16,4096,128,scalar_fused,32,5,2.6245759964,2624.5759964,2.62437591553,2.62464809418
new,3,bf16,4096,128,scalar_split,32,5,2.7629360199,2762.9360199,2.76265201569,2.76310005188
new,3,bf16,4096,128,scalar_transform,32,5,1.92004394531,1920.04394531,1.91989994049,1.92015590668
new,3,bf16,4096,128,vector_fused,32,5,0.957855987549,957.855987549,0.957699966431,0.958071994781
new,3,bf16,4096,128,vector_split,32,5,1.01054401398,1010.54401398,1.01032800674,1.01074399948
new,3,bf16,4096,128,vector_transform,32,5,0.167563998699,167.563998699,0.167475998402,0.167651998997
new,3,bf16,4096,256,quant_only,32,5,1.62923202515,1629.23202515,1.62882003784,1.62932395935
new,3,bf16,4096,256,scalar_fused,32,5,5.54855613708,5548.55613708,5.54825210571,5.54874801636
new,3,bf16,4096,256,scalar_split,32,5,5.78886795044,5788.86795044,5.78867607117,5.78952789307
new,3,bf16,4096,256,scalar_transform,32,5,4.16065597534,4160.65597534,4.16034011841,4.16110801697
new,3,bf16,4096,256,vector_fused,32,5,1.79939594269,1799.39594269,1.79911193848,1.79950008392
new,3,bf16,4096,256,vector_split,32,5,1.85125598907,1851.25598907,1.85077590942,1.85447998047
new,3,bf16,4096,256,vector_transform,32,5,0.222891998291,222.891998291,0.222675991058,0.223207998276
new,3,bf16,16384,16,quant_only,32,5,0.605495977402,605.495977402,0.604583978653,0.606196022034
new,3,bf16,16384,16,scalar_fused,32,5,1.28484802246,1284.84802246,1.28439598083,1.28506002426
new,3,bf16,16384,16,scalar_split,32,5,1.49420003891,1494.20003891,1.49319601059,1.49583597183
new,3,bf16,16384,16,scalar_transform,32,5,0.88902797699,889.02797699,0.888080024719,0.889416027069
new,3,bf16,16384,16,vector_fused,32,5,0.869659996033,869.659996033,0.869227981567,0.870503997803
new,3,bf16,16384,16,vector_split,32,5,1.03543195724,1035.43195724,1.03455600739,1.03661203384
new,3,bf16,16384,16,vector_transform,32,5,0.430352020264,430.352020264,0.430164003372,0.431008005142
new,3,bf16,16384,64,quant_only,32,5,1.77519607544,1775.19607544,1.77388000488,1.77557601929
new,3,bf16,16384,64,scalar_fused,32,5,5.01051216125,5010.51216125,5.00975608826,5.01066398621
new,3,bf16,16384,64,scalar_split,32,5,5.32271995544,5322.71995544,5.32237205505,5.32398796082
new,3,bf16,16384,64,scalar_transform,32,5,3.54846000671,3548.46000671,3.54749183655,3.55113601685
new,3,bf16,16384,64,vector_fused,32,5,2.14345607758,2143.45607758,2.14334392548,2.145195961
new,3,bf16,16384,64,vector_split,32,5,2.29066390991,2290.66390991,2.28959598541,2.292304039
new,3,bf16,16384,64,vector_transform,32,5,0.51658000946,516.58000946,0.516028022766,0.517127990723
new,3,bf16,16384,128,quant_only,32,5,3.35520401001,3355.20401001,3.35483207703,3.35583190918
new,3,bf16,16384,128,scalar_fused,32,5,10.478868103,10478.868103,10.4785240173,10.4791282654
new,3,bf16,16384,128,scalar_split,32,5,11.0224960327,11022.4960327,11.0219520569,11.0234680176
new,3,bf16,16384,128,scalar_transform,32,5,7.66825637817,7668.25637817,7.66620025635,7.66968765259
new,3,bf16,16384,128,vector_fused,32,5,3.78523597717,3785.23597717,3.78496017456,3.7859161377
new,3,bf16,16384,128,vector_split,32,5,3.98458404541,3984.58404541,3.9842918396,3.98516807556
new,3,bf16,16384,128,vector_transform,32,5,0.631080007553,631.080007553,0.629152011871,0.631311988831
new,3,bf16,16384,256,quant_only,32,5,6.49483566284,6494.83566284,6.49416809082,6.49799194336
new,3,bf16,16384,256,scalar_fused,32,5,22.1698516846,22169.8516846,22.1690887451,22.1717605591
new,3,bf16,16384,256,scalar_split,32,5,23.1201156616,23120.1156616,23.1179443359,23.1213516235
new,3,bf16,16384,256,scalar_transform,32,5,16.6262756348,16626.2756348,16.6258560181,16.6269485474
new,3,bf16,16384,256,vector_fused,32,5,7.11242828369,7112.42828369,7.11226425171,7.11766433716
new,3,bf16,16384,256,vector_split,32,5,7.30992431641,7309.92431641,7.3083480835,7.31179962158
new,3,bf16,16384,256,vector_transform,32,5,0.814663982391,814.663982391,0.814472007751,0.814799976349
new,3,fp16,1,16,quant_only,32,5,0.00618400014937,6.18400014937,0.00574799999595,0.00716399997473
new,3,fp16,1,16,scalar_fused,32,5,0.00719600021839,7.19600021839,0.00601999983191,0.00755200013518
new,3,fp16,1,16,scalar_split,32,5,0.0121399998665,12.1399998665,0.0113959997892,0.0132520005107
new,3,fp16,1,16,scalar_transform,32,5,0.00658399984241,6.58399984241,0.00573999993503,0.00791999995708
new,3,fp16,1,16,vector_fused,32,5,0.00744400024414,7.44400024414,0.00652799978852,0.00802799984813
new,3,fp16,1,16,vector_split,32,5,0.0130280002952,13.0280002952,0.0126440003514,0.0134200006723
new,3,fp16,1,16,vector_transform,32,5,0.00760800018907,7.60800018907,0.00598400011659,0.00856000036001
new,3,fp16,1,64,quant_only,32,5,0.0081200003624,8.1200003624,0.00792400017381,0.00822800025344
new,3,fp16,1,64,scalar_fused,32,5,0.0133440002799,13.3440002799,0.0130919992924,0.0137480005622
new,3,fp16,1,64,scalar_split,32,5,0.0169679999352,16.9679999352,0.0167679995298,0.0172079995275
new,3,fp16,1,64,scalar_transform,32,5,0.0103239998221,10.3239998221,0.0100560002029,0.0104000002146
new,3,fp16,1,64,vector_fused,32,5,0.0120039999485,12.0039999485,0.0115840002894,0.0124080002308
new,3,fp16,1,64,vector_split,32,5,0.0164199993014,16.4199993014,0.0160479992628,0.0170159995556
new,3,fp16,1,64,vector_transform,32,5,0.0102159999311,10.2159999311,0.00955199971795,0.0102920003235
new,3,fp16,1,128,quant_only,32,5,0.0108079999685,10.8079999685,0.0105959996581,0.0109999999404
new,3,fp16,1,128,scalar_fused,32,5,0.0242320001125,24.2320001125,0.0241679996252,0.0246120005846
new,3,fp16,1,128,scalar_split,32,5,0.0285079985857,28.5079985857,0.0280640006065,0.0287000000477
new,3,fp16,1,128,scalar_transform,32,5,0.0182080000639,18.2080000639,0.0181840002537,0.0199159994721
new,3,fp16,1,128,vector_fused,32,5,0.0207800000906,20.7800000906,0.020136000216,0.0209439992905
new,3,fp16,1,128,vector_split,32,5,0.0251199990511,25.1199990511,0.0248919993639,0.0252559989691
new,3,fp16,1,128,vector_transform,32,5,0.0150279998779,15.0279998779,0.0148800000548,0.0151040002704
new,3,fp16,1,256,quant_only,32,5,0.017295999825,17.295999825,0.0171480000019,0.0174720004201
new,3,fp16,1,256,scalar_fused,32,5,0.0479240000248,47.9240000248,0.0477120012045,0.0485639989376
new,3,fp16,1,256,scalar_split,32,5,0.0536480009556,53.6480009556,0.0534680008888,0.0539080023766
new,3,fp16,1,256,scalar_transform,32,5,0.0367199987173,36.7199987173,0.0365040004253,0.038356000185
new,3,fp16,1,256,vector_fused,32,5,0.0389319986105,38.9319986105,0.0386999994516,0.0396479994059
new,3,fp16,1,256,vector_split,32,5,0.0437720000744,43.7720000744,0.0437279999256,0.0440200001001
new,3,fp16,1,256,vector_transform,32,5,0.0268440008163,26.8440008163,0.0268119990826,0.0285120010376
new,3,fp16,17,16,quant_only,32,5,0.00783199965954,7.83199965954,0.00751999989152,0.00852800011635
new,3,fp16,17,16,scalar_fused,32,5,0.00816799998283,8.16799998283,0.00709600001574,0.00839599967003
new,3,fp16,17,16,scalar_split,32,5,0.0139960005879,13.9960005879,0.0133239999413,0.0142879992723
new,3,fp16,17,16,scalar_transform,32,5,0.00765200033784,7.65200033784,0.00740400031209,0.00804399996996
new,3,fp16,17,16,vector_fused,32,5,0.00839200019836,8.39200019836,0.0080239996314,0.00889199972153
new,3,fp16,17,16,vector_split,32,5,0.0141920000315,14.1920000315,0.0137720003724,0.0143920004368
new,3,fp16,17,16,vector_transform,32,5,0.0079439997673,7.9439997673,0.00694800019264,0.00824000015855
new,3,fp16,17,64,quant_only,32,5,0.00934400036931,9.34400036931,0.00914800018072,0.00944800004363
new,3,fp16,17,64,scalar_fused,32,5,0.0147440001369,14.7440001369,0.0146679997444,0.0147960007191
new,3,fp16,17,64,scalar_split,32,5,0.0196360006928,19.6360006928,0.0195079997182,0.0198080003262
new,3,fp16,17,64,scalar_transform,32,5,0.0116520002484,11.6520002484,0.0114320002496,0.0130759999156
new,3,fp16,17,64,vector_fused,32,5,0.0132919996977,13.2919996977,0.0131840005517,0.0133479997516
new,3,fp16,17,64,vector_split,32,5,0.0185519993305,18.5519993305,0.0185440003872,0.0186360001564
new,3,fp16,17,64,vector_transform,32,5,0.0105120003223,10.5120003223,0.010068000108,0.0105800002813
new,3,fp16,17,128,quant_only,32,5,0.0119999997318,11.9999997318,0.0119439996779,0.012160000205
new,3,fp16,17,128,scalar_fused,32,5,0.0259440004826,25.9440004826,0.0258399993181,0.0259719997644
new,3,fp16,17,128,scalar_split,32,5,0.0314399987459,31.4399987459,0.0313080012798,0.0315079987049
new,3,fp16,17,128,scalar_transform,32,5,0.0199200004339,19.9200004339,0.0198039993644,0.0216480001807
new,3,fp16,17,128,vector_fused,32,5,0.0218439996243,21.8439996243,0.0218160003424,0.0218679994345
new,3,fp16,17,128,vector_split,32,5,0.0271759986877,27.1759986877,0.0271560013294,0.0273719996214
new,3,fp16,17,128,vector_transform,32,5,0.0157560005784,15.7560005784,0.0157360002398,0.0157839998603
new,3,fp16,17,256,quant_only,32,5,0.0188240006566,18.8240006566,0.0187120005488,0.0189480006695
new,3,fp16,17,256,scalar_fused,32,5,0.0493680000305,49.3680000305,0.0493319988251,0.0497920006514
new,3,fp16,17,256,scalar_split,32,5,0.0565639972687,56.5639972687,0.0563120007515,0.0567200005054
new,3,fp16,17,256,scalar_transform,32,5,0.0381000012159,38.1000012159,0.038084000349,0.0403959989548
new,3,fp16,17,256,vector_fused,32,5,0.0403200000525,40.3200000525,0.0402799993753,0.0404320001602
new,3,fp16,17,256,vector_split,32,5,0.0460480004549,46.0480004549,0.0457879990339,0.0461360007524
new,3,fp16,17,256,vector_transform,32,5,0.0275160014629,27.5160014629,0.0273479998112,0.0277759999037
new,3,fp16,257,16,quant_only,32,5,0.0166559994221,16.6559994221,0.0166079998016,0.0168040007353
new,3,fp16,257,16,scalar_fused,32,5,0.0261319994926,26.1319994926,0.0260839998722,0.0263080000877
new,3,fp16,257,16,scalar_split,32,5,0.0351839989424,35.1839989424,0.0350919991732,0.0352759987116
new,3,fp16,257,16,scalar_transform,32,5,0.0188280001283,18.8280001283,0.0187720000744,0.0194999992847
new,3,fp16,257,16,vector_fused,32,5,0.0204999998212,20.4999998212,0.0204119995236,0.0205640003085
new,3,fp16,257,16,vector_split,32,5,0.0288960009813,28.8960009813,0.0288399994373,0.0289440006018
new,3,fp16,257,16,vector_transform,32,5,0.012567999959,12.567999959,0.0124719999731,0.0127000004053
new,3,fp16,257,64,quant_only,32,5,0.0342960000038,34.2960000038,0.0341520011425,0.0343639999628
new,3,fp16,257,64,scalar_fused,32,5,0.0912240028381,91.2240028381,0.0909799993038,0.091592001915
new,3,fp16,257,64,scalar_split,32,5,0.0989759981632,98.9759981632,0.0986199975014,0.0992399990559
new,3,fp16,257,64,scalar_transform,32,5,0.0652719974518,65.2719974518,0.0650039970875,0.0669839978218
new,3,fp16,257,64,vector_fused,32,5,0.0451279997826,45.1279997826,0.0447800010443,0.0454239994287
new,3,fp16,257,64,vector_split,32,5,0.0511839985847,51.1839985847,0.051139998436,0.0515720009804
new,3,fp16,257,64,vector_transform,32,5,0.0174239993095,17.4239993095,0.0173840001225,0.0175119996071
new,3,fp16,257,128,quant_only,32,5,0.0624599993229,62.4599993229,0.0624239981174,0.0625440001488
new,3,fp16,257,128,scalar_fused,32,5,0.1875,187.5,0.187432003021,0.18766399622
new,3,fp16,257,128,scalar_split,32,5,0.199823999405,199.823999405,0.199616003036,0.199963998795
new,3,fp16,257,128,scalar_transform,32,5,0.137872004509,137.872004509,0.137720000744,0.139903998375
new,3,fp16,257,128,vector_fused,32,5,0.0790080010891,79.0080010891,0.0789439976215,0.0791480004787
new,3,fp16,257,128,vector_split,32,5,0.0863359987736,86.3359987736,0.0861919999123,0.0863960027695
new,3,fp16,257,128,vector_transform,32,5,0.0242840006948,24.2840006948,0.0242440000176,0.0257160007954
new,3,fp16,257,256,quant_only,32,5,0.118524003029,118.524003029,0.118408000469,0.118623995781
new,3,fp16,257,256,scalar_fused,32,5,0.393944001198,393.944001198,0.393883991241,0.394180011749
new,3,fp16,257,256,scalar_split,32,5,0.41414399147,414.14399147,0.414043998718,0.414440011978
new,3,fp16,257,256,scalar_transform,32,5,0.296108007431,296.108007431,0.296020007133,0.29627199173
new,3,fp16,257,256,vector_fused,32,5,0.149616003036,149.616003036,0.149383997917,0.149751996994
new,3,fp16,257,256,vector_split,32,5,0.157115995884,157.115995884,0.157063996792,0.157519996166
new,3,fp16,257,256,vector_transform,32,5,0.039087998867,39.087998867,0.0390480011702,0.0391360014677
new,3,fp16,4096,16,quant_only,32,5,0.162119996548,162.119996548,0.161992001534,0.162487995625
new,3,fp16,4096,16,scalar_fused,32,5,0.326367998123,326.367998123,0.326191997528,0.326568007469
new,3,fp16,4096,16,scalar_split,32,5,0.386719989777,386.719989777,0.386524009705,0.387235999107
new,3,fp16,4096,16,scalar_transform,32,5,0.225079989433,225.079989433,0.225004005432,0.225252008438
new,3,fp16,4096,16,vector_fused,32,5,0.224616003036,224.616003036,0.224388003349,0.224708008766
new,3,fp16,4096,16,vector_split,32,5,0.27317199707,273.17199707,0.272199988365,0.273916006088
new,3,fp16,4096,16,vector_transform,32,5,0.111147999763,111.147999763,0.111015999317,0.111228001118
new,3,fp16,4096,64,quant_only,32,5,0.447684001923,447.684001923,0.447539997101,0.44790802002
new,3,fp16,4096,64,scalar_fused,32,5,1.25489196777,1254.89196777,1.25488004684,1.25515203476
new,3,fp16,4096,64,scalar_split,32,5,1.33939599991,1339.39599991,1.3393239975,1.33998403549
new,3,fp16,4096,64,scalar_transform,32,5,0.892292022705,892.292022705,0.892000007629,0.892920017242
new,3,fp16,4096,64,vector_fused,32,5,0.544131994247,544.131994247,0.543919992447,0.544356012344
new,3,fp16,4096,64,vector_split,32,5,0.584144020081,584.144020081,0.583960008621,0.584299993515
new,3,fp16,4096,64,vector_transform,32,5,0.136751997471,136.751997471,0.136603999138,0.136823999882
new,3,fp16,4096,128,quant_only,32,5,0.84205198288,842.05198288,0.841907978058,0.842088031769
new,3,fp16,4096,128,scalar_fused,32,5,2.62134799957,2621.34799957,2.62120399475,2.62141990662
new,3,fp16,4096,128,scalar_split,32,5,2.76198806763,2761.98806763,2.76198406219,2.7620759964
new,3,fp16,4096,128,scalar_transform,32,5,1.92043590546,1920.43590546,1.92030792236,1.92062797546
new,3,fp16,4096,128,vector_fused,32,5,0.95789604187,957.89604187,0.957851982117,0.95794801712
new,3,fp16,4096,128,vector_split,32,5,1.00916004181,1009.16004181,1.00902395248,1.00929203033
new,3,fp16,4096,128,vector_transform,32,5,0.167460000515,167.460000515,0.167315995693,0.167563998699
new,3,fp16,4096,256,quant_only,32,5,1.62719192505,1627.19192505,1.62695198059,1.62765598297
new,3,fp16,4096,256,scalar_fused,32,5,5.54451217651,5544.51217651,5.54419212341,5.55019989014
new,3,fp16,4096,256,scalar_split,32,5,5.78743209839,5787.43209839,5.78722000122,5.78796005249
new,3,fp16,4096,256,scalar_transform,32,5,4.16081581116,4160.81581116,4.16035995483,4.16276817322
new,3,fp16,4096,256,vector_fused,32,5,1.79745998383,1797.45998383,1.79725208282,1.79764003754
new,3,fp16,4096,256,vector_split,32,5,1.84934005737,1849.34005737,1.8489440918,1.84962005615
new,3,fp16,4096,256,vector_transform,32,5,0.222808003426,222.808003426,0.222551989555,0.222984004021
new,3,fp16,16384,16,quant_only,32,5,0.605543994904,605.543994904,0.604739999771,0.60689997673
new,3,fp16,16384,16,scalar_fused,32,5,1.28698396683,1286.98396683,1.28674001694,1.28705196381
new,3,fp16,16384,16,scalar_split,32,5,1.49392004013,1493.92004013,1.49218397141,1.49437599182
new,3,fp16,16384,16,scalar_transform,32,5,0.887491989136,887.491989136,0.88736000061,0.890375995636
new,3,fp16,16384,16,vector_fused,32,5,0.870528030396,870.528030396,0.870108032227,0.871479988098
new,3,fp16,16384,16,vector_split,32,5,1.03499603271,1034.99603271,1.03456802368,1.03517999649
new,3,fp16,16384,16,vector_transform,32,5,0.430100011826,430.100011826,0.429835987091,0.431031990051
new,3,fp16,16384,64,quant_only,32,5,1.7728679657,1772.8679657,1.77182407379,1.77399997711
new,3,fp16,16384,64,scalar_fused,32,5,5.00130386353,5001.30386353,5.00061607361,5.00162010193
new,3,fp16,16384,64,scalar_split,32,5,5.32253189087,5322.53189087,5.3221321106,5.32283210754
new,3,fp16,16384,64,scalar_transform,32,5,3.55051612854,3550.51612854,3.54962005615,3.55166816711
new,3,fp16,16384,64,vector_fused,32,5,2.1453119278,2145.3119278,2.14514408112,2.15090408325
new,3,fp16,16384,64,vector_split,32,5,2.28857192993,2288.57192993,2.28828792572,2.28871994019
new,3,fp16,16384,64,vector_transform,32,5,0.516900014877,516.900014877,0.515691995621,0.519356012344
new,3,fp16,16384,128,quant_only,32,5,3.34928817749,3349.28817749,3.34905586243,3.35002403259
new,3,fp16,16384,128,scalar_fused,32,5,10.4660957336,10466.0957336,10.4651321411,10.4716438293
new,3,fp16,16384,128,scalar_split,32,5,11.0184158325,11018.4158325,11.0180358887,11.0214118958
new,3,fp16,16384,128,scalar_transform,32,5,7.66978378296,7669.78378296,7.66924362183,7.67093582153
new,3,fp16,16384,128,vector_fused,32,5,3.78490791321,3784.90791321,3.78453216553,3.78562812805
new,3,fp16,16384,128,vector_split,32,5,3.97915611267,3979.15611267,3.97841186523,3.98003997803
new,3,fp16,16384,128,vector_transform,32,5,0.629695987701,629.695987701,0.629044008255,0.630639982224
new,3,fp16,16384,256,quant_only,32,5,6.48593597412,6485.93597412,6.48588409424,6.48735198975
new,3,fp16,16384,256,scalar_fused,32,5,22.153364563,22153.364563,22.1526519775,22.1561004639
new,3,fp16,16384,256,scalar_split,32,5,23.1136566162,23113.6566162,23.1126480103,23.1137802124
new,3,fp16,16384,256,scalar_transform,32,5,16.628187561,16628.187561,16.6265441895,16.6293884277
new,3,fp16,16384,256,vector_fused,32,5,7.10574417114,7105.74417114,7.10487213135,7.10855636597
new,3,fp16,16384,256,vector_split,32,5,7.30113220215,7301.13220215,7.2993637085,7.30656814575
new,3,fp16,16384,256,vector_transform,32,5,0.814111995697,814.111995697,0.813239955902,0.816244029999
old,1,bf16,1,16,quant_only,32,5,0.00740799978375,7.40799978375,0.00718000009656,0.00742800012231
old,1,bf16,1,16,scalar_fused,32,5,0.00730800032616,7.30800032616,0.00725999996066,0.00759600028396
old,1,bf16,1,16,scalar_split,32,5,0.0133039996028,13.3039996028,0.0125200003386,0.0142440006137
old,1,bf16,1,16,scalar_transform,32,5,0.00729999989271,7.29999989271,0.00706000030041,0.00799600034952
old,1,bf16,1,16,vector_fused,32,5,0.00759999975562,7.59999975562,0.00711600035429,0.00780799984932
old,1,bf16,1,16,vector_split,32,5,0.0129120007157,12.9120007157,0.0124559998512,0.0138999998569
old,1,bf16,1,16,vector_transform,32,5,0.00751200020313,7.51200020313,0.00716800019145,0.00761599987745
old,1,bf16,1,64,quant_only,32,5,0.00827199965715,8.27199965715,0.00817999988794,0.00842000022531
old,1,bf16,1,64,scalar_fused,32,5,0.0136199995875,13.6199995875,0.0134399995208,0.0139880001545
old,1,bf16,1,64,scalar_split,32,5,0.0172720000148,17.2720000148,0.0172040000558,0.0175040006638
old,1,bf16,1,64,scalar_transform,32,5,0.0108159996569,10.8159996569,0.0106080003083,0.0111120000482
old,1,bf16,1,64,vector_fused,32,5,0.0134599998593,13.4599998593,0.0130280002952,0.0138520002365
old,1,bf16,1,64,vector_split,32,5,0.0170000001788,17.0000001788,0.0168640002608,0.0171800002456
old,1,bf16,1,64,vector_transform,32,5,0.0107280001044,10.7280001044,0.0105039998889,0.0108240000904
old,1,bf16,1,128,quant_only,32,5,0.0100960001349,10.0960001349,0.00995600000024,0.0116599999368
old,1,bf16,1,128,scalar_fused,32,5,0.0261759996414,26.1759996414,0.0244080007076,0.0262239992619
old,1,bf16,1,128,scalar_split,32,5,0.0298839986324,29.8839986324,0.0284960001707,0.0299400001764
old,1,bf16,1,128,scalar_transform,32,5,0.0202240005136,20.2240005136,0.0186360001564,0.0207080006599
old,1,bf16,1,128,vector_fused,32,5,0.0236000001431,23.6000001431,0.0232559993863,0.0246879994869
old,1,bf16,1,128,vector_split,32,5,0.0264800012112,26.4800012112,0.0262879997492,0.0278439998627
old,1,bf16,1,128,vector_transform,32,5,0.0167999997735,16.7999997735,0.0165879994631,0.0184880003333
old,1,bf16,1,256,quant_only,32,5,0.0189199998975,18.9199998975,0.0188319995999,0.0192760005593
old,1,bf16,1,256,scalar_fused,32,5,0.0499399989843,49.9399989843,0.0487879991531,0.0506439983845
old,1,bf16,1,256,scalar_split,32,5,0.0545199990273,54.5199990273,0.0541719973087,0.0557560026646
old,1,bf16,1,256,scalar_transform,32,5,0.0387760013342,38.7760013342,0.0370640009642,0.0396039992571
old,1,bf16,1,256,vector_fused,32,5,0.0450439989567,45.0439989567,0.0446599990129,0.0464159995317
old,1,bf16,1,256,vector_split,32,5,0.0503040015697,50.3040015697,0.0489199995995,0.0506879985332
old,1,bf16,1,256,vector_transform,32,5,0.0335799992085,33.5799992085,0.0320600003004,0.0340479999781
old,1,bf16,17,16,quant_only,32,5,0.00740000009537,7.40000009537,0.00678000003099,0.00879999995232
old,1,bf16,17,16,scalar_fused,32,5,0.00835200026631,8.35200026631,0.0081200003624,0.0083599999547
old,1,bf16,17,16,scalar_split,32,5,0.0124760001898,12.4760001898,0.0123120002449,0.014319999516
old,1,bf16,17,16,scalar_transform,32,5,0.00729999989271,7.29999989271,0.00701199993491,0.00773999989033
old,1,bf16,17,16,vector_fused,32,5,0.00833199992776,8.33199992776,0.00754399970174,0.00844800025225
old,1,bf16,17,16,vector_split,32,5,0.0135159999132,13.5159999132,0.0134560003877,0.0140560001135
old,1,bf16,17,16,vector_transform,32,5,0.00764399990439,7.64399990439,0.00756800025702,0.00778800025582
old,1,bf16,17,64,quant_only,32,5,0.00933599993587,9.33599993587,0.00922000035644,0.00949999988079
old,1,bf16,17,64,scalar_fused,32,5,0.0151999995112,15.1999995112,0.0151399999857,0.015311999619
old,1,bf16,17,64,scalar_split,32,5,0.0197479993105,19.7479993105,0.0195360004902,0.0198559999466
old,1,bf16,17,64,scalar_transform,32,5,0.0117919996381,11.7919996381,0.0116360001266,0.013424000144
old,1,bf16,17,64,vector_fused,32,5,0.0146999999881,14.6999999881,0.0146559998393,0.0147440001369
old,1,bf16,17,64,vector_split,32,5,0.0193639993668,19.3639993668,0.0192440003157,0.0195680007339
old,1,bf16,17,64,vector_transform,32,5,0.0112719997764,11.2719997764,0.0109719999135,0.0113600000739
old,1,bf16,17,128,quant_only,32,5,0.0118720002472,11.8720002472,0.011847999692,0.0119640000165
old,1,bf16,17,128,scalar_fused,32,5,0.0263240009546,26.3240009546,0.0262239992619,0.0263839989901
old,1,bf16,17,128,scalar_split,32,5,0.0314639985561,31.4639985561,0.0314040005207,0.031479999423
old,1,bf16,17,128,scalar_transform,32,5,0.0200599998236,20.0599998236,0.0200080007315,0.0218400001526
old,1,bf16,17,128,vector_fused,32,5,0.0246720001101,24.6720001101,0.024660000205,0.0247999995947
old,1,bf16,17,128,vector_split,32,5,0.0296079993248,29.6079993248,0.0294360011816,0.0297280013561
old,1,bf16,17,128,vector_transform,32,5,0.0182400003076,18.2400003076,0.0180439993739,0.0182600006461
old,1,bf16,17,256,quant_only,32,5,0.0188480004668,18.8480004668,0.0188240006566,0.0189559996128
old,1,bf16,17,256,scalar_fused,32,5,0.050271999836,50.271999836,0.0500800013542,0.0516439974308
old,1,bf16,17,256,scalar_split,32,5,0.0572120010853,57.2120010853,0.0571720004082,0.0573239982128
old,1,bf16,17,256,scalar_transform,32,5,0.040340000391,40.340000391,0.0387760013342,0.0410079985857
old,1,bf16,17,256,vector_fused,32,5,0.0461800009012,46.1800009012,0.0460119992495,0.0477600008249
old,1,bf16,17,256,vector_split,32,5,0.0519879996777,51.9879996777,0.0518760025501,0.0520839989185
old,1,bf16,17,256,vector_transform,32,5,0.03492000103,34.92000103,0.0333519995213,0.0352120012045
old,1,bf16,257,16,quant_only,32,5,0.0163159996271,16.3159996271,0.0162119999528,0.0164159998298
old,1,bf16,257,16,scalar_fused,32,5,0.0261920005083,26.1920005083,0.0260239988565,0.0263639986515
old,1,bf16,257,16,scalar_split,32,5,0.0347999989986,34.7999989986,0.0346560001373,0.0348439991474
old,1,bf16,257,16,scalar_transform,32,5,0.0194959998131,19.4959998131,0.0189999997616,0.0207399994135
old,1,bf16,257,16,vector_fused,32,5,0.0232840001583,23.2840001583,0.0231999993324,0.0233919993043
old,1,bf16,257,16,vector_split,32,5,0.0314280003309,31.4280003309,0.0313199996948,0.0315759986639
old,1,bf16,257,16,vector_transform,32,5,0.0155560001731,15.5560001731,0.0155399993062,0.0156920000911
old,1,bf16,257,64,quant_only,32,5,0.0346799999475,34.6799999475,0.0345759987831,0.0364120006561
old,1,bf16,257,64,scalar_fused,32,5,0.092188000679,92.188000679,0.0920360028744,0.0926800012589
old,1,bf16,257,64,scalar_split,32,5,0.100256001949,100.256001949,0.0999559998512,0.100367999077
old,1,bf16,257,64,scalar_transform,32,5,0.066320002079,66.320002079,0.0661880016327,0.0680719971657
old,1,bf16,257,64,vector_fused,32,5,0.0580359995365,58.0359995365,0.0578960001469,0.0581759989262
old,1,bf16,257,64,vector_split,32,5,0.0639039993286,63.9039993286,0.0636720001698,0.0639440000057
old,1,bf16,257,64,vector_transform,32,5,0.0299080014229,29.9080014229,0.0296400010586,0.0299840003252
old,1,bf16,257,128,quant_only,32,5,0.0621200025082,62.1200025082,0.0619560003281,0.0623679995537
old,1,bf16,257,128,scalar_fused,32,5,0.188580000401,188.580000401,0.188388001919,0.189087998867
old,1,bf16,257,128,scalar_split,32,5,0.201764011383,201.764011383,0.201559996605,0.201939988136
old,1,bf16,257,128,scalar_transform,32,5,0.140392005444,140.392005444,0.140087997913,0.142288005352
old,1,bf16,257,128,vector_fused,32,5,0.10478399992,104.78399992,0.104651999474,0.10504399538
old,1,bf16,257,128,vector_split,32,5,0.111756002903,111.756002903,0.1116320014,0.111919999123
old,1,bf16,257,128,vector_transform,32,5,0.0501039981842,50.1039981842,0.0500840008259,0.0503359973431
old,1,bf16,257,256,quant_only,32,5,0.118991994858,118.991994858,0.118991994858,0.119123995304
old,1,bf16,257,256,scalar_fused,32,5,0.39662001133,396.62001133,0.396499991417,0.396724009514
old,1,bf16,257,256,scalar_split,32,5,0.419880008698,419.880008698,0.419528007507,0.419992017746
old,1,bf16,257,256,scalar_transform,32,5,0.30147600174,301.47600174,0.301203989983,0.301528000832
old,1,bf16,257,256,vector_fused,32,5,0.201839995384,201.839995384,0.201623988152,0.201927995682
old,1,bf16,257,256,vector_split,32,5,0.210563993454,210.563993454,0.210380005836,0.210696005821
old,1,bf16,257,256,vector_transform,32,5,0.0922320008278,92.2320008278,0.0921280026436,0.0923399984837
old,1,bf16,4096,16,quant_only,32,5,0.162471997738,162.471997738,0.162083995342,0.163163995743
old,1,bf16,4096,16,scalar_fused,32,5,0.329380011559,329.380011559,0.329311990738,0.32966799736
old,1,bf16,4096,16,scalar_split,32,5,0.390851998329,390.851998329,0.390303993225,0.391147994995
old,1,bf16,4096,16,scalar_transform,32,5,0.228959989548,228.959989548,0.228475999832,0.23006799221
old,1,bf16,4096,16,vector_fused,32,5,0.272831988335,272.831988335,0.272779989243,0.273295998573
old,1,bf16,4096,16,vector_split,32,5,0.326331996918,326.331996918,0.325643992424,0.326796007156
old,1,bf16,4096,16,vector_transform,32,5,0.164403998852,164.403998852,0.163940000534,0.164507997036
old,1,bf16,4096,64,quant_only,32,5,0.44852399826,448.52399826,0.448296022415,0.448704004288
old,1,bf16,4096,64,scalar_fused,32,5,1.26559200287,1265.59200287,1.26541595459,1.26580400467
old,1,bf16,4096,64,scalar_split,32,5,1.35565595627,1355.65595627,1.35516796112,1.35602798462
old,1,bf16,4096,64,scalar_transform,32,5,0.907336044312,907.336044312,0.907075977325,0.907376003265
old,1,bf16,4096,64,vector_fused,32,5,0.729120016098,729.120016098,0.728800010681,0.729243993759
old,1,bf16,4096,64,vector_split,32,5,0.782376003265,782.376003265,0.782108020782,0.782520008087
old,1,bf16,4096,64,vector_transform,32,5,0.334331989288,334.331989288,0.333904004097,0.389267992973
old,1,bf16,4096,128,quant_only,32,5,0.843844032288,843.844032288,0.843780040741,0.844116020203
old,1,bf16,4096,128,scalar_fused,32,5,2.63829193115,2638.29193115,2.63805599213,2.63838405609
old,1,bf16,4096,128,scalar_split,32,5,2.79515991211,2795.15991211,2.79501590729,2.80194797516
old,1,bf16,4096,128,scalar_transform,32,5,1.95200405121,1952.00405121,1.95160808563,1.9521320343
old,1,bf16,4096,128,vector_fused,32,5,1.32652797699,1326.52797699,1.32636404037,1.32687196732
old,1,bf16,4096,128,vector_split,32,5,1.3946559906,1394.6559906,1.39438400269,1.39487600327
old,1,bf16,4096,128,vector_transform,32,5,0.551104021072,551.104021072,0.550791978836,0.551611995697
old,1,bf16,4096,256,quant_only,32,5,1.62958393097,1629.58393097,1.62933998108,1.6321680069
old,1,bf16,4096,256,scalar_fused,32,5,5.57375602722,5573.75602722,5.57320404053,5.58623199463
old,1,bf16,4096,256,scalar_split,32,5,5.86269989014,5862.69989014,5.86196403503,5.86548805237
old,1,bf16,4096,256,scalar_transform,32,5,4.2334438324,4233.4438324,4.23335189819,4.23345985413
old,1,bf16,4096,256,vector_fused,32,5,2.5354839325,2535.4839325,2.53523197174,2.53812408447
old,1,bf16,4096,256,vector_split,32,5,2.61995601654,2619.95601654,2.61764392853,2.62104797363
old,1,bf16,4096,256,vector_transform,32,5,0.989387989044,989.387989044,0.988947963715,0.999460029602
old,1,bf16,16384,16,quant_only,32,5,0.607040023804,607.040023804,0.605847978592,0.610839986801
old,1,bf16,16384,16,scalar_fused,32,5,1.29836397171,1298.36397171,1.29758396149,1.29869203568
old,1,bf16,16384,16,scalar_split,32,5,1.50828399658,1508.28399658,1.50732002258,1.5091919899
old,1,bf16,16384,16,scalar_transform,32,5,0.902927970886,902.927970886,0.902388000488,0.904504013062
old,1,bf16,16384,16,vector_fused,32,5,1.06865997314,1068.65997314,1.06759595871,1.12570400238
old,1,bf16,16384,16,vector_split,32,5,1.2471280098,1247.1280098,1.24586801529,1.2487159729
old,1,bf16,16384,16,vector_transform,32,5,0.642592000961,642.592000961,0.640600013733,0.642708015442
old,1,bf16,16384,64,quant_only,32,5,1.77648792267,1776.48792267,1.77574806213,1.77659606934
old,1,bf16,16384,64,scalar_fused,32,5,5.04217185974,5042.17185974,5.04178009033,5.04630813599
old,1,bf16,16384,64,scalar_split,32,5,5.38692817688,5386.92817688,5.38550415039,5.39896011353
old,1,bf16,16384,64,scalar_transform,32,5,3.61029586792,3610.29586792,3.60964393616,3.61240386963
old,1,bf16,16384,64,vector_fused,32,5,2.88537998199,2885.37998199,2.88491191864,2.88680400848
old,1,bf16,16384,64,vector_split,32,5,3.08136005402,3081.36005402,3.08079605103,3.08209991455
old,1,bf16,16384,64,vector_transform,32,5,1.30570402145,1305.70402145,1.30484800339,1.30629196167
old,1,bf16,16384,128,quant_only,32,5,3.35536384583,3355.36384583,3.3547039032,3.35692405701
old,1,bf16,16384,128,scalar_fused,32,5,10.5323318481,10532.3318481,10.5323036194,10.5327682495
old,1,bf16,16384,128,scalar_split,32,5,11.1498756409,11149.8756409,11.1492881775,11.1507156372
old,1,bf16,16384,128,scalar_transform,32,5,7.79492416382,7794.92416382,7.79461212158,7.79705200195
old,1,bf16,16384,128,vector_fused,32,5,5.2602519989,5260.2519989,5.25955581665,5.26150817871
old,1,bf16,16384,128,vector_split,32,5,5.51993598938,5519.93598938,5.51948013306,5.52094802856
old,1,bf16,16384,128,vector_transform,32,5,2.16639194489,2166.39194489,2.16562004089,2.16660404205
old,1,bf16,16384,256,quant_only,32,5,6.49591598511,6495.91598511,6.49522018433,6.49828796387
old,1,bf16,16384,256,scalar_fused,32,5,22.2724761963,22272.4761963,22.2712234497,22.2740432739
old,1,bf16,16384,256,scalar_split,32,5,23.4135955811,23413.5955811,23.4122802734,23.4143280029
old,1,bf16,16384,256,scalar_transform,32,5,16.9182479858,16918.2479858,16.9178604126,16.9212844849
old,1,bf16,16384,256,vector_fused,32,5,10.0610717773,10061.0717773,10.0596801758,10.0628242493
old,1,bf16,16384,256,vector_split,32,5,10.373475647,10373.475647,10.3726402283,10.3855201721
old,1,bf16,16384,256,vector_transform,32,5,3.87956008911,3879.56008911,3.87856788635,3.88827209473
old,1,fp16,1,16,quant_only,32,5,0.00779199972749,7.79199972749,0.00707200020552,0.00803600028157
old,1,fp16,1,16,scalar_fused,32,5,0.00713599994779,7.13599994779,0.00694800019264,0.00837600007653
old,1,fp16,1,16,scalar_split,32,5,0.01266400069,12.66400069,0.0118280000985,0.0130280002952
old,1,fp16,1,16,scalar_transform,32,5,0.00709600001574,7.09600001574,0.00686800032854,0.00772799998522
old,1,fp16,1,16,vector_fused,32,5,0.00777600035071,7.77600035071,0.00766400024295,0.00820799991488
old,1,fp16,1,16,vector_split,32,5,0.0135040000081,13.5040000081,0.0111479997635,0.0144319996238
old,1,fp16,1,16,vector_transform,32,5,0.00768000036478,7.68000036478,0.00695199966431,0.00800400003791
old,1,fp16,1,64,quant_only,32,5,0.00850400030613,8.50400030613,0.00823599994183,0.0108000002801
old,1,fp16,1,64,scalar_fused,32,5,0.0136240005493,13.6240005493,0.013356000185,0.0141120001674
old,1,fp16,1,64,scalar_split,32,5,0.0175359994173,17.5359994173,0.0171920001507,0.017596000433
old,1,fp16,1,64,scalar_transform,32,5,0.0108079999685,10.8079999685,0.0107759997249,0.0115599997342
old,1,fp16,1,64,vector_fused,32,5,0.0135920003057,13.5920003057,0.013152000308,0.0137520000339
old,1,fp16,1,64,vector_split,32,5,0.0168080002069,16.8080002069,0.0167960003018,0.0174919992685
old,1,fp16,1,64,vector_transform,32,5,0.0106720000505,10.6720000505,0.0105120003223,0.0119920000434
old,1,fp16,1,128,quant_only,32,5,0.0106720000505,10.6720000505,0.0103639997542,0.0118280000985
old,1,fp16,1,128,scalar_fused,32,5,0.0259440004826,25.9440004826,0.0246279999614,0.0261920005083
old,1,fp16,1,128,scalar_split,32,5,0.0289759993553,28.9759993553,0.028707998991,0.0341439992189
old,1,fp16,1,128,scalar_transform,32,5,0.0187480002642,18.7480002642,0.0186519995332,0.0190679997206
old,1,fp16,1,128,vector_fused,32,5,0.0238480001688,23.8480001688,0.0236359998584,0.0249359995127
old,1,fp16,1,128,vector_split,32,5,0.026848000288,26.848000288,0.026519998908,0.0282799988985
old,1,fp16,1,128,vector_transform,32,5,0.0182760000229,18.2760000229,0.0165879994631,0.0187959998846
old,1,fp16,1,256,quant_only,32,5,0.0186759993434,18.6759993434,0.0172399997711,0.0188559994102
old,1,fp16,1,256,scalar_fused,32,5,0.0493719995022,49.3719995022,0.048208001256,0.05
old,1,fp16,1,256,scalar_split,32,5,0.0543720006943,54.3720006943,0.053968000412,0.0558920025826
old,1,fp16,1,256,scalar_transform,32,5,0.0388839989901,38.8839989901,0.0376560002565,0.0399360001087
old,1,fp16,1,256,vector_fused,32,5,0.0450080007315,45.0080007315,0.0445879995823,0.0462799996138
old,1,fp16,1,256,vector_split,32,5,0.0489120006561,48.9120006561,0.0487480014563,0.0504159986973
old,1,fp16,1,256,vector_transform,32,5,0.0334199994802,33.4199994802,0.0319880008698,0.0336279988289
old,1,fp16,17,16,quant_only,32,5,0.00744400024414,7.44400024414,0.00701199993491,0.00788000002503
old,1,fp16,17,16,scalar_fused,32,5,0.0080719999969,8.0719999969,0.00729200020432,0.00861999988556
old,1,fp16,17,16,scalar_split,32,5,0.0131439998746,13.1439998746,0.0130720004439,0.016711999476
old,1,fp16,17,16,scalar_transform,32,5,0.00727600008249,7.27600008249,0.00676800012589,0.00795999988914
old,1,fp16,17,16,vector_fused,32,5,0.0078039996326,7.8039996326,0.00754399970174,0.0084880001843
old,1,fp16,17,16,vector_split,32,5,0.0137239992619,13.7239992619,0.012567999959,0.0141120001674
old,1,fp16,17,16,vector_transform,32,5,0.00755600035191,7.55600035191,0.00748400017619,0.00846799984574
old,1,fp16,17,64,quant_only,32,5,0.00929600000381,9.29600000381,0.0091240003705,0.00938000008464
old,1,fp16,17,64,scalar_fused,32,5,0.0148919999599,14.8919999599,0.0148399993777,0.0149759992957
old,1,fp16,17,64,scalar_split,32,5,0.0197119995952,19.7119995952,0.0195840001106,0.0198679998517
old,1,fp16,17,64,scalar_transform,32,5,0.0119240000844,11.9240000844,0.0118239998817,0.0139440000057
old,1,fp16,17,64,vector_fused,32,5,0.0146840006113,14.6840006113,0.0146119996905,0.0147080004215
old,1,fp16,17,64,vector_split,32,5,0.0192159995437,19.2159995437,0.0190720006824,0.0193599998951
old,1,fp16,17,64,vector_transform,32,5,0.0113519996405,11.3519996405,0.0111759997904,0.0147479996085
old,1,fp16,17,128,quant_only,32,5,0.0118919998407,11.8919998407,0.0117279998958,0.0119599997997
old,1,fp16,17,128,scalar_fused,32,5,0.0261000007391,26.1000007391,0.026003998518,0.0261720001698
old,1,fp16,17,128,scalar_split,32,5,0.0315200001001,31.5200001001,0.0314839988947,0.0315719991922
old,1,fp16,17,128,scalar_transform,32,5,0.0203559994698,20.3559994698,0.0201959997416,0.0206919997931
old,1,fp16,17,128,vector_fused,32,5,0.0246840000153,24.6840000153,0.0245440006256,0.0247160002589
old,1,fp16,17,128,vector_split,32,5,0.0294800013304,29.4800013304,0.0294200003147,0.0296480000019
old,1,fp16,17,128,vector_transform,32,5,0.0180959999561,18.0959999561,0.0180279999971,0.0182679995894
old,1,fp16,17,256,quant_only,32,5,0.0189239993691,18.9239993691,0.0188800007105,0.019008000195
old,1,fp16,17,256,scalar_fused,32,5,0.049864000082,49.864000082,0.0496919989586,0.0514680027962
old,1,fp16,17,256,scalar_split,32,5,0.0571879982948,57.1879982948,0.0569639980793,0.0573159992695
old,1,fp16,17,256,scalar_transform,32,5,0.0403759986162,40.3759986162,0.0388960003853,0.0410239994526
old,1,fp16,17,256,vector_fused,32,5,0.0461600005627,46.1600005627,0.0460359990597,0.0461640000343
old,1,fp16,17,256,vector_split,32,5,0.0519680023193,51.9680023193,0.0518000006676,0.0533240020275
old,1,fp16,17,256,vector_transform,32,5,0.0334919989109,33.4919989109,0.0333999991417,0.0351040005684
old,1,fp16,257,16,quant_only,32,5,0.0163680002093,16.3680002093,0.0162680000067,0.0164320006967
old,1,fp16,257,16,scalar_fused,32,5,0.0259200006723,25.9200006723,0.025652000308,0.0261440008879
old,1,fp16,257,16,scalar_split,32,5,0.0346679985523,34.6679985523,0.0345719993114,0.0350360006094
old,1,fp16,257,16,scalar_transform,32,5,0.0190720006824,19.0720006824,0.0190160006285,0.019580000639
old,1,fp16,257,16,vector_fused,32,5,0.0230480000377,23.0480000377,0.0230039998889,0.023180000484
old,1,fp16,257,16,vector_split,32,5,0.0313479989767,31.3479989767,0.0313239991665,0.0314880013466
old,1,fp16,257,16,vector_transform,32,5,0.0156479999423,15.6479999423,0.0154840007424,0.0156719997525
old,1,fp16,257,64,quant_only,32,5,0.0343800008297,34.3800008297,0.0343679994345,0.0346280008554
old,1,fp16,257,64,scalar_fused,32,5,0.0918919980526,91.8919980526,0.091615998745,0.0921440005302
old,1,fp16,257,64,scalar_split,32,5,0.100295996666,100.295996666,0.100036001205,0.100495994091
old,1,fp16,257,64,scalar_transform,32,5,0.0663800001144,66.3800001144,0.0663359999657,0.0666079998016
old,1,fp16,257,64,vector_fused,32,5,0.0583320021629,58.3320021629,0.0578719973564,0.0584519982338
old,1,fp16,257,64,vector_split,32,5,0.0637920022011,63.7920022011,0.0635399997234,0.0642279982567
old,1,fp16,257,64,vector_transform,32,5,0.0298079997301,29.8079997301,0.0296559989452,0.0299919992685
old,1,fp16,257,128,quant_only,32,5,0.0625280022621,62.5280022621,0.0624960005283,0.0629239976406
old,1,fp16,257,128,scalar_fused,32,5,0.188815999031,188.815999031,0.188463997841,0.189012002945
old,1,fp16,257,128,scalar_split,32,5,0.202035999298,202.035999298,0.201959991455,0.202516007423
old,1,fp16,257,128,scalar_transform,32,5,0.140251994133,140.251994133,0.140072000027,0.140331995487
old,1,fp16,257,128,vector_fused,32,5,0.104843997955,104.843997955,0.104755997658,0.104856002331
old,1,fp16,257,128,vector_split,32,5,0.112108004093,112.108004093,0.111948001385,0.112323999405
old,1,fp16,257,128,vector_transform,32,5,0.0500320017338,50.0320017338,0.0499520003796,0.0503440022469
old,1,fp16,257,256,quant_only,32,5,0.11883200407,118.83200407,0.118547999859,0.118931996822
old,1,fp16,257,256,scalar_fused,32,5,0.396043992043,396.043992043,0.395695996284,0.396316003799
old,1,fp16,257,256,scalar_split,32,5,0.419759988785,419.759988785,0.419471979141,0.420071983337
old,1,fp16,257,256,scalar_transform,32,5,0.301740002632,301.740002632,0.301668000221,0.301943993568
old,1,fp16,257,256,vector_fused,32,5,0.201300001144,201.300001144,0.201180005074,0.201564002037
old,1,fp16,257,256,vector_split,32,5,0.210396003723,210.396003723,0.210267996788,0.210700011253
old,1,fp16,257,256,vector_transform,32,5,0.092040002346,92.040002346,0.0919120013714,0.0922559976578
old,1,fp16,4096,16,quant_only,32,5,0.163108003139,163.108003139,0.162608003616,0.163844001293
old,1,fp16,4096,16,scalar_fused,32,5,0.327512001991,327.512001991,0.327160000801,0.327652001381
old,1,fp16,4096,16,scalar_split,32,5,0.391012001038,391.012001038,0.390651988983,0.391400003433
old,1,fp16,4096,16,scalar_transform,32,5,0.228972005844,228.972005844,0.228631997108,0.229119992256
old,1,fp16,4096,16,vector_fused,32,5,0.271652007103,271.652007103,0.271532011032,0.271871995926
old,1,fp16,4096,16,vector_split,32,5,0.326415991783,326.415991783,0.325952005386,0.326676011086
old,1,fp16,4096,16,vector_transform,32,5,0.164344000816,164.344000816,0.164056003094,0.16475199461
old,1,fp16,4096,64,quant_only,32,5,0.448744010925,448.744010925,0.448511981964,0.448988008499
old,1,fp16,4096,64,scalar_fused,32,5,1.26204004288,1262.04004288,1.26188001633,1.26217603683
old,1,fp16,4096,64,scalar_split,32,5,1.35559597015,1355.59597015,1.35476799011,1.35593996048
old,1,fp16,4096,64,scalar_transform,32,5,0.90743598938,907.43598938,0.907316017151,0.907711982727
old,1,fp16,4096,64,vector_fused,32,5,0.728448009491,728.448009491,0.728287982941,0.728652000427
old,1,fp16,4096,64,vector_split,32,5,0.782255983353,782.255983353,0.782136011124,0.782592010498
old,1,fp16,4096,64,vector_transform,32,5,0.334091997147,334.091997147,0.333904004097,0.334260010719
old,1,fp16,4096,128,quant_only,32,5,0.844223976135,844.223976135,0.844139957428,0.844328022003
old,1,fp16,4096,128,scalar_fused,32,5,2.63494796753,2634.94796753,2.63479194641,2.6353559494
old,1,fp16,4096,128,scalar_split,32,5,2.79581604004,2795.81604004,2.79565200806,2.79597606659
old,1,fp16,4096,128,scalar_transform,32,5,1.9523399353,1952.3399353,1.95199604034,1.95339202881
old,1,fp16,4096,128,vector_fused,32,5,1.3254360199,1325.4360199,1.3252120018,1.32569198608
old,1,fp16,4096,128,vector_split,32,5,1.39495601654,1394.95601654,1.39469203949,1.39536800385
old,1,fp16,4096,128,vector_transform,32,5,0.550871992111,550.871992111,0.550763988495,0.551363992691
old,1,fp16,4096,256,quant_only,32,5,1.63182792664,1631.82792664,1.63159599304,1.63636798859
old,1,fp16,4096,256,scalar_fused,32,5,5.5702041626,5570.2041626,5.56971588135,5.62834396362
old,1,fp16,4096,256,scalar_split,32,5,5.86515197754,5865.15197754,5.86484794617,5.86552391052
old,1,fp16,4096,256,scalar_transform,32,5,4.23415603638,4234.15603638,4.23395614624,4.2386920929
old,1,fp16,4096,256,vector_fused,32,5,2.53436393738,2534.36393738,2.53424797058,2.53463993073
old,1,fp16,4096,256,vector_split,32,5,2.61998806,2619.98806,2.6198600769,2.62045192719
old,1,fp16,4096,256,vector_transform,32,5,0.988860034943,988.860034943,0.988496017456,0.991055965424
old,1,fp16,16384,16,quant_only,32,5,0.606612014771,606.612014771,0.605772018433,0.608243989944
old,1,fp16,16384,16,scalar_fused,32,5,1.29091997147,1290.91997147,1.2903960228,1.29228801727
old,1,fp16,16384,16,scalar_split,32,5,1.50939598083,1509.39598083,1.50782003403,1.51180000305
old,1,fp16,16384,16,scalar_transform,32,5,0.90375995636,903.75995636,0.90291595459,0.904148006439
old,1,fp16,16384,16,vector_fused,32,5,1.06415195465,1064.15195465,1.0636639595,1.06448001862
old,1,fp16,16384,16,vector_split,32,5,1.24756803513,1247.56803513,1.24671602249,1.24840803146
old,1,fp16,16384,16,vector_transform,32,5,0.641552019119,641.552019119,0.640503978729,0.642920017242
old,1,fp16,16384,64,quant_only,32,5,1.77716407776,1777.16407776,1.77676391602,1.78011207581
old,1,fp16,16384,64,scalar_fused,32,5,5.02936401367,5029.36401367,5.0292881012,5.03233985901
old,1,fp16,16384,64,scalar_split,32,5,5.3860118866,5386.0118866,5.38579597473,5.38762817383
old,1,fp16,16384,64,scalar_transform,32,5,3.61022415161,3610.22415161,3.60990409851,3.61061210632
old,1,fp16,16384,64,vector_fused,32,5,2.88326396942,2883.26396942,2.88272800446,2.94743595123
old,1,fp16,16384,64,vector_split,32,5,3.08101196289,3081.01196289,3.08063201904,3.08221206665
old,1,fp16,16384,64,vector_transform,32,5,1.30580797195,1305.80797195,1.30479602814,1.3059679985
old,1,fp16,16384,128,quant_only,32,5,3.35701217651,3357.01217651,3.35670013428,3.3573600769
old,1,fp16,16384,128,scalar_fused,32,5,10.5197357178,10519.7357178,10.5193840027,10.5202758789
old,1,fp16,16384,128,scalar_split,32,5,11.1529556274,11152.9556274,11.1518318176,11.1538162231
old,1,fp16,16384,128,scalar_transform,32,5,7.79677963257,7796.77963257,7.79524002075,7.79785232544
old,1,fp16,16384,128,vector_fused,32,5,5.25418014526,5254.18014526,5.25407218933,5.25527191162
old,1,fp16,16384,128,vector_split,32,5,5.52283210754,5522.83210754,5.52084007263,5.52823600769
old,1,fp16,16384,128,vector_transform,32,5,2.16543998718,2165.43998718,2.16401996613,2.16683597565
old,1,fp16,16384,256,quant_only,32,5,6.50510406494,6505.10406494,6.5044921875,6.5058883667
old,1,fp16,16384,256,scalar_fused,32,5,22.263444519,22263.444519,22.258543396,22.264175415
old,1,fp16,16384,256,scalar_split,32,5,23.4251602173,23425.1602173,23.4250076294,23.4892837524
old,1,fp16,16384,256,scalar_transform,32,5,16.9206314087,16920.6314087,16.9196395874,16.9296157837
old,1,fp16,16384,256,vector_fused,32,5,10.0536880493,10053.6880493,10.0527801514,10.0577438354
old,1,fp16,16384,256,vector_split,32,5,10.3835601807,10383.5601807,10.382888031,10.3953956604
old,1,fp16,16384,256,vector_transform,32,5,3.87872009277,3878.72009277,3.87773590088,3.88725204468
old,2,bf16,1,16,quant_only,32,5,0.0073360003531,7.3360003531,0.00722400024533,0.00742800012231
old,2,bf16,1,16,scalar_fused,32,5,0.00766799971461,7.66799971461,0.00731600001454,0.00912000015378
old,2,bf16,1,16,scalar_split,32,5,0.0129399999976,12.9399999976,0.0126880005002,0.0138679996133
old,2,bf16,1,16,scalar_transform,32,5,0.00706399977207,7.06399977207,0.00695599988103,0.00810799971223
old,2,bf16,1,16,vector_fused,32,5,0.00803600028157,8.03600028157,0.00795599967241,0.00816399976611
old,2,bf16,1,16,vector_split,32,5,0.0133320003748,13.3320003748,0.0132159993052,0.014183999598
old,2,bf16,1,16,vector_transform,32,5,0.00740000009537,7.40000009537,0.00721599981189,0.00766799971461
old,2,bf16,1,64,quant_only,32,5,0.00806400030851,8.06400030851,0.00792400017381,0.00814799964428
old,2,bf16,1,64,scalar_fused,32,5,0.0137160003185,13.7160003185,0.0133479997516,0.0138679996133
old,2,bf16,1,64,scalar_split,32,5,0.0172680005431,17.2680005431,0.0169839993119,0.0189040005207
old,2,bf16,1,64,scalar_transform,32,5,0.0106839999557,10.6839999557,0.0102880001068,0.0116959996521
old,2,bf16,1,64,vector_fused,32,5,0.0133719995618,13.3719995618,0.0130360007286,0.0137360006571
old,2,bf16,1,64,vector_split,32,5,0.016672000289,16.672000289,0.0164320006967,0.0172120004892
old,2,bf16,1,64,vector_transform,32,5,0.0105039998889,10.5039998889,0.0101879999042,0.0124040000141
old,2,bf16,1,128,quant_only,32,5,0.010339999944,10.339999944,0.0102200001478,0.0105279996991
old,2,bf16,1,128,scalar_fused,32,5,0.0244479998946,24.4479998946,0.024211999774,0.0246240004897
old,2,bf16,1,128,scalar_split,32,5,0.0283520013094,28.3520013094,0.0281480014324,0.0286320000887
old,2,bf16,1,128,scalar_transform,32,5,0.0188360005617,18.8360005617,0.0184200003743,0.020311999321
old,2,bf16,1,128,vector_fused,32,5,0.0233480006456,23.3480006456,0.0230759993196,0.0237800002098
old,2,bf16,1,128,vector_split,32,5,0.0264600008726,26.4600008726,0.0262199997902,0.0267879992723
old,2,bf16,1,128,vector_transform,32,5,0.0168040007353,16.8040007353,0.0166079998016,0.0169200003147
old,2,bf16,1,256,quant_only,32,5,0.0173999994993,17.3999994993,0.0172759994864,0.0176159992814
old,2,bf16,1,256,scalar_fused,32,5,0.0486519992352,48.6519992352,0.0485320001841,0.0489760011435
old,2,bf16,1,256,scalar_split,32,5,0.0544120013714,54.4120013714,0.0541840016842,0.0545080006123
old,2,bf16,1,256,scalar_transform,32,5,0.0373360008001,37.3360008001,0.0371439993382,0.0374760001898
old,2,bf16,1,256,vector_fused,32,5,0.0449360013008,44.9360013008,0.0447200000286,0.0452479988337
old,2,bf16,1,256,vector_split,32,5,0.0489320009947,48.9320009947,0.0488400012255,0.0493840008974
old,2,bf16,1,256,vector_transform,32,5,0.0321200013161,32.1200013161,0.0319200009108,0.0323680013418
old,2,bf16,17,16,quant_only,32,5,0.00760800018907,7.60800018907,0.00732399970293,0.00777600035071
old,2,bf16,17,16,scalar_fused,32,5,0.0084399998188,8.4399998188,0.00838399976492,0.00873999968171
old,2,bf16,17,16,scalar_split,32,5,0.0135680004954,13.5680004954,0.0128839999437,0.0137439996004
old,2,bf16,17,16,scalar_transform,32,5,0.00738800019026,7.38800019026,0.00725599974394,0.00868000015616
old,2,bf16,17,16,vector_fused,32,5,0.0085199996829,8.5199996829,0.00845199972391,0.00993999987841
old,2,bf16,17,16,vector_split,32,5,0.0132400006056,13.2400006056,0.0127360001206,0.0135000005364
old,2,bf16,17,16,vector_transform,32,5,0.0075159996748,7.5159996748,0.0074960000813,0.00779199972749
old,2,bf16,17,64,quant_only,32,5,0.00942000001669,9.42000001669,0.00915599986911,0.0094920001924
old,2,bf16,17,64,scalar_fused,32,5,0.0152559995651,15.2559995651,0.0151639997959,0.015311999619
old,2,bf16,17,64,scalar_split,32,5,0.019648000598,19.648000598,0.0195720002055,0.019767999649
old,2,bf16,17,64,scalar_transform,32,5,0.0118160001934,11.8160001934,0.0116920001805,0.0128120005131
old,2,bf16,17,64,vector_fused,32,5,0.0145879998803,14.5879998803,0.014552000165,0.0146320000291
old,2,bf16,17,64,vector_split,32,5,0.0192320004106,19.2320004106,0.0187560006976,0.0194120004773
old,2,bf16,17,64,vector_transform,32,5,0.0113640002906,11.3640002906,0.0112559996545,0.0114600002766
old,2,bf16,17,128,quant_only,32,5,0.0119960002601,11.9960002601,0.0118840001523,0.0120880000293
old,2,bf16,17,128,scalar_fused,32,5,0.026331999898,26.331999898,0.0263080000877,0.0264200001955
old,2,bf16,17,128,scalar_split,32,5,0.0315319985151,31.5319985151,0.0314639985561,0.0316520005465
old,2,bf16,17,128,scalar_transform,32,5,0.0201800003648,20.1800003648,0.0200360000134,0.022023999691
old,2,bf16,17,128,vector_fused,32,5,0.0247079998255,24.7079998255,0.0245680004358,0.0247639998794
old,2,bf16,17,128,vector_split,32,5,0.0296559989452,29.6559989452,0.0295599997044,0.0297120004892
old,2,bf16,17,128,vector_transform,32,5,0.0181400001049,18.1400001049,0.0180680006742,0.0182799994946
old,2,bf16,17,256,quant_only,32,5,0.0188920006156,18.8920006156,0.0187839999795,0.0189960002899
old,2,bf16,17,256,scalar_fused,32,5,0.05,50.0,0.049932000041,0.0500559985638
old,2,bf16,17,256,scalar_split,32,5,0.0570240020752,57.0240020752,0.0569959998131,0.0572359979153
old,2,bf16,17,256,scalar_transform,32,5,0.0387199997902,38.7199997902,0.0386040002108,0.0404159992933
old,2,bf16,17,256,vector_fused,32,5,0.0461439996958,46.1439996958,0.0460920006037,0.0462199985981
old,2,bf16,17,256,vector_split,32,5,0.0519800007343,51.9800007343,0.0519200026989,0.0520359992981
old,2,bf16,17,256,vector_transform,32,5,0.0335640013218,33.5640013218,0.0335159987211,0.0336479991674
old,2,bf16,257,16,quant_only,32,5,0.016196000576,16.196000576,0.0160720005631,0.016303999722
old,2,bf16,257,16,scalar_fused,32,5,0.0264079988003,26.4079988003,0.026331999898,0.0267479985952
old,2,bf16,257,16,scalar_split,32,5,0.0344520002604,34.4520002604,0.0343320012093,0.0344920009375
old,2,bf16,257,16,scalar_transform,32,5,0.018843999505,18.843999505,0.0187600001693,0.0189999997616
old,2,bf16,257,16,vector_fused,32,5,0.0229919999838,22.9919999838,0.0229560002685,0.0230120003223
old,2,bf16,257,16,vector_split,32,5,0.031099998951,31.099998951,0.0309920012951,0.0311360001564
old,2,bf16,257,16,vector_transform,32,5,0.015447999537,15.447999537,0.0153040006757,0.0155479997396
old,2,bf16,257,64,quant_only,32,5,0.0345880001783,34.5880001783,0.0345160007477,0.0347400009632
old,2,bf16,257,64,scalar_fused,32,5,0.0922280013561,92.2280013561,0.0919319987297,0.092312002182
old,2,bf16,257,64,scalar_split,32,5,0.100323998928,100.323998928,0.100031995773,0.100440001488
old,2,bf16,257,64,scalar_transform,32,5,0.0662959992886,66.2959992886,0.0662559986115,0.0680159986019
old,2,bf16,257,64,vector_fused,32,5,0.0580519974232,58.0519974232,0.0579280018806,0.0582000017166
old,2,bf16,257,64,vector_split,32,5,0.064076000452,64.076000452,0.0639999985695,0.0643679976463
old,2,bf16,257,64,vector_transform,32,5,0.0299080014229,29.9080014229,0.0298799991608,0.030107998848
old,2,bf16,257,128,quant_only,32,5,0.0623319983482,62.3319983482,0.0621680021286,0.0624040007591
old,2,bf16,257,128,scalar_fused,32,5,0.18871999979,188.71999979,0.188528001308,0.189219999313
old,2,bf16,257,128,scalar_split,32,5,0.201760005951,201.760005951,0.201656007767,0.201939988136
old,2,bf16,257,128,scalar_transform,32,5,0.140144002438,140.144002438,0.140087997913,0.141988003254
old,2,bf16,257,128,vector_fused,32,5,0.104532003403,104.532003403,0.104507994652,0.104851996899
old,2,bf16,257,128,vector_split,32,5,0.111644005775,111.644005775,0.11153999567,0.112179994583
old,2,bf16,257,128,vector_transform,32,5,0.0502680003643,50.2680003643,0.0500199973583,0.0504920005798
old,2,bf16,257,256,quant_only,32,5,0.118791997433,118.791997433,0.118724000454,0.11899600029
old,2,bf16,257,256,scalar_fused,32,5,0.39662399292,396.62399292,0.39627199173,0.396799993515
old,2,bf16,257,256,scalar_split,32,5,0.419608020782,419.608020782,0.419284009933,0.420103979111
old,2,bf16,257,256,scalar_transform,32,5,0.301363992691,301.363992691,0.301232004166,0.30337998867
old,2,bf16,257,256,vector_fused,32,5,0.201623988152,201.623988152,0.201507997513,0.201999998093
old,2,bf16,257,256,vector_split,32,5,0.210439991951,210.439991951,0.210247993469,0.210592007637
old,2,bf16,257,256,vector_transform,32,5,0.0919920027256,91.9920027256,0.0919439971447,0.0921599984169
old,2,bf16,4096,16,quant_only,32,5,0.162559998035,162.559998035,0.1625,0.162632000446
old,2,bf16,4096,16,scalar_fused,32,5,0.329796004295,329.796004295,0.329184007645,0.330035996437
old,2,bf16,4096,16,scalar_split,32,5,0.391088008881,391.088008881,0.390795993805,0.391176009178
old,2,bf16,4096,16,scalar_transform,32,5,0.229067993164,229.067993164,0.228968000412,0.229204010963
old,2,bf16,4096,16,vector_fused,32,5,0.272932004929,272.932004929,0.272587990761,0.273187994957
old,2,bf16,4096,16,vector_split,32,5,0.326304006577,326.304006577,0.326015996933,0.327415990829
old,2,bf16,4096,16,vector_transform,32,5,0.164251995087,164.251995087,0.164059996605,0.164403998852
old,2,bf16,4096,64,quant_only,32,5,0.449160003662,449.160003662,0.448731994629,0.449404001236
old,2,bf16,4096,64,scalar_fused,32,5,1.26595602036,1265.95602036,1.26585998535,1.26629199982
old,2,bf16,4096,64,scalar_split,32,5,1.35581998825,1355.81998825,1.35546798706,1.35593204498
old,2,bf16,4096,64,scalar_transform,32,5,0.907431983948,907.431983948,0.90713596344,0.907676029205
old,2,bf16,4096,64,vector_fused,32,5,0.729284000397,729.284000397,0.729076004028,0.72961602211
old,2,bf16,4096,64,vector_split,32,5,0.782772016525,782.772016525,0.782556009293,0.782995986938
old,2,bf16,4096,64,vector_transform,32,5,0.334231996536,334.231996536,0.334112000465,0.334595990181
old,2,bf16,4096,128,quant_only,32,5,0.84379196167,843.79196167,0.84365196228,0.844139957428
old,2,bf16,4096,128,scalar_fused,32,5,2.63836803436,2638.36803436,2.638256073,2.63849601746
old,2,bf16,4096,128,scalar_split,32,5,2.79649200439,2796.49200439,2.79618797302,2.80165596008
old,2,bf16,4096,128,scalar_transform,32,5,1.95315608978,1953.15608978,1.95296802521,1.95331993103
old,2,bf16,4096,128,vector_fused,32,5,1.3266119957,1326.6119957,1.32646799088,1.32685203552
old,2,bf16,4096,128,vector_split,32,5,1.39593200684,1395.93200684,1.39533996582,1.39609603882
old,2,bf16,4096,128,vector_transform,32,5,0.552428007126,552.428007126,0.552299976349,0.552720022202
old,2,bf16,4096,256,quant_only,32,5,1.62891597748,1628.91597748,1.62880401611,1.62928390503
old,2,bf16,4096,256,scalar_fused,32,5,5.57309989929,5573.09989929,5.5729598999,5.57340011597
old,2,bf16,4096,256,scalar_split,32,5,5.86326789856,5863.26789856,5.863256073,5.86367607117
old,2,bf16,4096,256,scalar_transform,32,5,4.23494415283,4234.94415283,4.23470802307,4.2350479126
old,2,bf16,4096,256,vector_fused,32,5,2.53565597534,2535.65597534,2.53541603088,2.53576393127
old,2,bf16,4096,256,vector_split,32,5,2.61896400452,2618.96400452,2.6186000824,2.61905994415
old,2,bf16,4096,256,vector_transform,32,5,0.990404033661,990.404033661,0.990215969086,0.990456008911
old,2,bf16,16384,16,quant_only,32,5,0.606267976761,606.267976761,0.605215978622,0.606928014755
old,2,bf16,16384,16,scalar_fused,32,5,1.29770402908,1297.70402908,1.29706401825,1.29795598984
old,2,bf16,16384,16,scalar_split,32,5,1.50783996582,1507.83996582,1.50752401352,1.50945196152
old,2,bf16,16384,16,scalar_transform,32,5,0.902995967865,902.995967865,0.902647972107,0.905515956879
old,2,bf16,16384,16,vector_fused,32,5,1.06865596771,1068.65596771,1.06787595749,1.07516002655
old,2,bf16,16384,16,vector_split,32,5,1.24788398743,1247.88398743,1.24673995972,1.24886398315
old,2,bf16,16384,16,vector_transform,32,5,0.641800022125,641.800022125,0.641588020325,0.642776012421
old,2,bf16,16384,64,quant_only,32,5,1.77613601685,1776.13601685,1.77560005188,1.77625999451
old,2,bf16,16384,64,scalar_fused,32,5,5.04287986755,5042.87986755,5.04282417297,5.0431640625
old,2,bf16,16384,64,scalar_split,32,5,5.38563194275,5385.63194275,5.38510818481,5.38604812622
old,2,bf16,16384,64,scalar_transform,32,5,3.61062812805,3610.62812805,3.60938796997,3.61164016724
old,2,bf16,16384,64,vector_fused,32,5,2.88500804901,2885.00804901,2.88486804962,2.88597202301
old,2,bf16,16384,64,vector_split,32,5,3.08087997437,3080.87997437,3.08019599915,3.08120803833
old,2,bf16,16384,64,vector_transform,32,5,1.30569601059,1305.69601059,1.30453195572,1.30599603653
old,2,bf16,16384,128,quant_only,32,5,3.35528793335,3355.28793335,3.35457611084,3.35593986511
old,2,bf16,16384,128,scalar_fused,32,5,10.5308441162,10530.8441162,10.5302642822,10.5312202454
old,2,bf16,16384,128,scalar_split,32,5,11.1483520508,11148.3520508,11.1477836609,11.1492080688
old,2,bf16,16384,128,scalar_transform,32,5,7.79438018799,7794.38018799,7.79376373291,7.79787979126
old,2,bf16,16384,128,vector_fused,32,5,5.25872802734,5258.72802734,5.25828018188,5.25915603638
old,2,bf16,16384,128,vector_split,32,5,5.51935997009,5519.35997009,5.51855583191,5.5196559906
old,2,bf16,16384,128,vector_transform,32,5,2.16395206451,2163.95206451,2.16352005005,2.16398792267
old,2,bf16,16384,256,quant_only,32,5,6.4947517395,6494.7517395,6.49409179687,6.49544372559
old,2,bf16,16384,256,scalar_fused,32,5,22.2698196411,22269.8196411,22.26953125,22.2700439453
old,2,bf16,16384,256,scalar_split,32,5,23.4131118774,23413.1118774,23.4114837646,23.4142883301
old,2,bf16,16384,256,scalar_transform,32,5,16.9191192627,16919.1192627,16.918812561,16.9242080688
old,2,bf16,16384,256,vector_fused,32,5,10.0608322144,10060.8322144,10.0603477478,10.0612121582
old,2,bf16,16384,256,vector_split,32,5,10.3753997803,10375.3997803,10.3730239868,10.3847480774
old,2,bf16,16384,256,vector_transform,32,5,3.88009986877,3880.09986877,3.8794719696,3.88038787842
old,2,fp16,1,16,quant_only,32,5,0.0073360003531,7.3360003531,0.00725999996066,0.0081200003624
old,2,fp16,1,16,scalar_fused,32,5,0.00758399963379,7.58399963379,0.00722400024533,0.00787200033665
old,2,fp16,1,16,scalar_split,32,5,0.0128879994154,12.8879994154,0.0121359996498,0.0130600005388
old,2,fp16,1,16,scalar_transform,32,5,0.00713199973106,7.13199973106,0.00702800005674,0.00776799991727
old,2,fp16,1,16,vector_fused,32,5,0.00802000015974,8.02000015974,0.00773200020194,0.00812399983406
old,2,fp16,1,16,vector_split,32,5,0.0132479995489,13.2479995489,0.0131439998746,0.0142639994621
old,2,fp16,1,16,vector_transform,32,5,0.00754799991846,7.54799991846,0.00747999995947,0.00819199979305
old,2,fp16,1,64,quant_only,32,5,0.00816399976611,8.16399976611,0.00803600028157,0.00838399976492
old,2,fp16,1,64,scalar_fused,32,5,0.013463999331,13.463999331,0.0132799997926,0.0137720003724
old,2,fp16,1,64,scalar_split,32,5,0.0171399995685,17.1399995685,0.0169960007071,0.0173120006919
old,2,fp16,1,64,scalar_transform,32,5,0.0108039997518,10.8039997518,0.0106600001454,0.0116039998829
old,2,fp16,1,64,vector_fused,32,5,0.0134079992771,13.4079992771,0.0133080005646,0.0137759998441
old,2,fp16,1,64,vector_split,32,5,0.0166679993272,16.6679993272,0.0164360001683,0.017256000638
old,2,fp16,1,64,vector_transform,32,5,0.0102760002017,10.2760002017,0.00985599979758,0.011371999979
old,2,fp16,1,128,quant_only,32,5,0.0106360003352,10.6360003352,0.0103639997542,0.0109319999814
old,2,fp16,1,128,scalar_fused,32,5,0.0247240006924,24.7240006924,0.0244479998946,0.0253919988871
old,2,fp16,1,128,scalar_split,32,5,0.028628000617,28.628000617,0.0283919990063,0.0291399985552
old,2,fp16,1,128,scalar_transform,32,5,0.0187399998307,18.7399998307,0.0185479998589,0.0201719999313
old,2,fp16,1,128,vector_fused,32,5,0.0236120000482,23.6120000482,0.0231560006738,0.0237760007381
old,2,fp16,1,128,vector_split,32,5,0.0264160007238,26.4160007238,0.026331999898,0.0268079996109
old,2,fp16,1,128,vector_transform,32,5,0.0169159993529,16.9159993529,0.0165319994092,0.0188119992614
old,2,fp16,1,256,quant_only,32,5,0.0172600001097,17.2600001097,0.0171920001507,0.0174079999328
old,2,fp16,1,256,scalar_fused,32,5,0.0482959985733,48.2959985733,0.0481680005789,0.0485599994659
old,2,fp16,1,256,scalar_split,32,5,0.0543919980526,54.3919980526,0.0541719973087,0.0544640004635
old,2,fp16,1,256,scalar_transform,32,5,0.0373519986868,37.3519986868,0.0373400002718,0.0375120013952
old,2,fp16,1,256,vector_fused,32,5,0.0448119997978,44.8119997978,0.0445719987154,0.0451559990644
old,2,fp16,1,256,vector_split,32,5,0.0488880008459,48.8880008459,0.0487439990044,0.0492359995842
old,2,fp16,1,256,vector_transform,32,5,0.0321359992027,32.1359992027,0.0319079995155,0.0324319988489
old,2,fp16,17,16,quant_only,32,5,0.00759200006723,7.59200006723,0.00732799991965,0.0081200003624
old,2,fp16,17,16,scalar_fused,32,5,0.00837199985981,8.37199985981,0.00742800012231,0.00855199992657
old,2,fp16,17,16,scalar_split,32,5,0.0129519999027,12.9519999027,0.0125919997692,0.013259999454
old,2,fp16,17,16,scalar_transform,32,5,0.00746800005436,7.46800005436,0.00737600028515,0.00927999988198
old,2,fp16,17,16,vector_fused,32,5,0.00849199965596,8.49199965596,0.00842799991369,0.00878399983048
old,2,fp16,17,16,vector_split,32,5,0.0137400001287,13.7400001287,0.0126399993896,0.0152799993753
old,2,fp16,17,16,vector_transform,32,5,0.0077840000391,7.7840000391,0.00754000023007,0.00860799998045
old,2,fp16,17,64,quant_only,32,5,0.00937599986792,9.37599986792,0.00924799963832,0.0095119997859
old,2,fp16,17,64,scalar_fused,32,5,0.0149680003524,14.9680003524,0.0148440003395,0.0150480002165
old,2,fp16,17,64,scalar_split,32,5,0.019619999826,19.619999826,0.0195960000157,0.0198799997568
old,2,fp16,17,64,scalar_transform,32,5,0.0119280003011,11.9280003011,0.0117080003023,0.0119960002601
old,2,fp16,17,64,vector_fused,32,5,0.0146919995546,14.6919995546,0.0145480006933,0.0147080004215
old,2,fp16,17,64,vector_split,32,5,0.0193000003695,19.3000003695,0.0192320004106,0.0194720000029
old,2,fp16,17,64,vector_transform,32,5,0.0114759996533,11.4759996533,0.011371999979,0.0159280002117
old,2,fp16,17,128,quant_only,32,5,0.011915999651,11.915999651,0.0117839999497,0.0119759999216
old,2,fp16,17,128,scalar_fused,32,5,0.0260960012674,26.0960012674,0.0260720014572,0.0261480003595
old,2,fp16,17,128,scalar_split,32,5,0.0314759999514,31.4759999514,0.0313560009003,0.031615999341
old,2,fp16,17,128,scalar_transform,32,5,0.020311999321,20.311999321,0.0201560005546,0.0208320006728
old,2,fp16,17,128,vector_fused,32,5,0.0246560007334,24.6560007334,0.0245519995689,0.0248919993639
old,2,fp16,17,128,vector_split,32,5,0.029563999176,29.563999176,0.029484000802,0.0296119987965
old,2,fp16,17,128,vector_transform,32,5,0.0180199995637,18.0199995637,0.0180079996586,0.0181319996715
old,2,fp16,17,256,quant_only,32,5,0.0189079999924,18.9079999924,0.0188480004668,0.0190640002489
old,2,fp16,17,256,scalar_fused,32,5,0.0498199999332,49.8199999332,0.0496679991484,0.0498320013285
old,2,fp16,17,256,scalar_split,32,5,0.0570240020752,57.0240020752,0.0568000018597,0.0572239995003
old,2,fp16,17,256,scalar_transform,32,5,0.0388480007648,38.8480007648,0.038820001483,0.0406480014324
old,2,fp16,17,256,vector_fused,32,5,0.0460440009832,46.0440009832,0.046020001173,0.0461160004139
old,2,fp16,17,256,vector_split,32,5,0.0518159985542,51.8159985542,0.051723998785,0.0520319998264
old,2,fp16,17,256,vector_transform,32,5,0.0334760010242,33.4760010242,0.0333719998598,0.0334800004959
old,2,fp16,257,16,quant_only,32,5,0.0161880001426,16.1880001426,0.016060000658,0.0162919998169
old,2,fp16,257,16,scalar_fused,32,5,0.0260159999132,26.0159999132,0.0257759988308,0.0262879997492
old,2,fp16,257,16,scalar_split,32,5,0.0342759996653,34.2759996653,0.034064000845,0.0345279991627
old,2,fp16,257,16,scalar_transform,32,5,0.0189319998026,18.9319998026,0.0188400000334,0.020476000011
old,2,fp16,257,16,vector_fused,32,5,0.0228080004454,22.8080004454,0.0227919995785,0.0228159993887
old,2,fp16,257,16,vector_split,32,5,0.0311239987612,31.1239987612,0.0308360010386,0.0311760008335
old,2,fp16,257,16,vector_transform,32,5,0.0153880000114,15.3880000114,0.0152960002422,0.015544000268
old,2,fp16,257,64,quant_only,32,5,0.0344639986753,34.4639986753,0.0343840003014,0.0345719993114
old,2,fp16,257,64,scalar_fused,32,5,0.0916519999504,91.6519999504,0.0916320025921,0.0918919980526
old,2,fp16,257,64,scalar_split,32,5,0.100240004063,100.240004063,0.0999599993229,0.100619995594
old,2,fp16,257,64,scalar_transform,32,5,0.0663640022278,66.3640022278,0.0662440001965,0.0665759980679
old,2,fp16,257,64,vector_fused,32,5,0.0581200003624,58.1200003624,0.0580039978027,0.05839599967
old,2,fp16,257,64,vector_split,32,5,0.0641600012779,64.1600012779,0.0639800012112,0.0646799981594
old,2,fp16,257,64,vector_transform,32,5,0.030096000433,30.096000433,0.0298599988222,0.0301880002022
old,2,fp16,257,128,quant_only,32,5,0.0625519990921,62.5519990921,0.0624319970608,0.0627200007439
old,2,fp16,257,128,scalar_fused,32,5,0.188675999641,188.675999641,0.188655996323,0.188795995712
old,2,fp16,257,128,scalar_split,32,5,0.202203989029,202.203989029,0.202004003525,0.202340006828
old,2,fp16,257,128,scalar_transform,32,5,0.140315997601,140.315997601,0.14021999836,0.140444004536
old,2,fp16,257,128,vector_fused,32,5,0.105055999756,105.055999756,0.10492399931,0.105192005634
old,2,fp16,257,128,vector_split,32,5,0.112251996994,112.251996994,0.112176001072,0.112380003929
old,2,fp16,257,128,vector_transform,32,5,0.0501720011234,50.1720011234,0.0499960005283,0.0502240002155
old,2,fp16,257,256,quant_only,32,5,0.118783998489,118.783998489,0.1186439991,0.118900001049
old,2,fp16,257,256,scalar_fused,32,5,0.395767998695,395.767998695,0.395576000214,0.395912003517
old,2,fp16,257,256,scalar_split,32,5,0.419479990005,419.479990005,0.419352006912,0.419996023178
old,2,fp16,257,256,scalar_transform,32,5,0.301448011398,301.448011398,0.301324009895,0.303408002853
old,2,fp16,257,256,vector_fused,32,5,0.201155996323,201.155996323,0.200920009613,0.20133600235
old,2,fp16,257,256,vector_split,32,5,0.210247993469,210.247993469,0.21010799408,0.210552000999
old,2,fp16,257,256,vector_transform,32,5,0.0920319974422,92.0319974422,0.0919120013714,0.0922399997711
old,2,fp16,4096,16,quant_only,32,5,0.162704002857,162.704002857,0.161487996578,0.163056004047
old,2,fp16,4096,16,scalar_fused,32,5,0.327239990234,327.239990234,0.326932001114,0.327751994133
old,2,fp16,4096,16,scalar_split,32,5,0.391283988953,391.283988953,0.390116000175,0.392795991898
old,2,fp16,4096,16,scalar_transform,32,5,0.229047989845,229.047989845,0.228995990753,0.229191994667
old,2,fp16,4096,16,vector_fused,32,5,0.271691989899,271.691989899,0.271607995033,0.272059988976
old,2,fp16,4096,16,vector_split,32,5,0.326552009583,326.552009583,0.325692009926,0.327415990829
old,2,fp16,4096,16,vector_transform,32,5,0.164227998257,164.227998257,0.163844001293,0.164347994328
old,2,fp16,4096,64,quant_only,32,5,0.448979997635,448.979997635,0.448931980133,0.449083995819
old,2,fp16,4096,64,scalar_fused,32,5,1.26224002838,1262.24002838,1.26190004349,1.2625120163
old,2,fp16,4096,64,scalar_split,32,5,1.3557559967,1355.7559967,1.35547599792,1.35585203171
old,2,fp16,4096,64,scalar_transform,32,5,0.907528018951,907.528018951,0.907172012329,0.907631969452
old,2,fp16,4096,64,vector_fused,32,5,0.728367996216,728.367996216,0.728316020966,0.728620004654
old,2,fp16,4096,64,vector_split,32,5,0.782539987564,782.539987564,0.782335996628,0.782791996002
old,2,fp16,4096,64,vector_transform,32,5,0.334179997444,334.179997444,0.33398399353,0.334511995316
old,2,fp16,4096,128,quant_only,32,5,0.844375991821,844.375991821,0.844132041931,0.844587993622
old,2,fp16,4096,128,scalar_fused,32,5,2.63512001038,2635.12001038,2.63479595184,2.63513202667
old,2,fp16,4096,128,scalar_split,32,5,2.79720401764,2797.20401764,2.7969039917,2.79735603333
old,2,fp16,4096,128,scalar_transform,32,5,1.95352401733,1953.52401733,1.95322799683,1.95389595032
old,2,fp16,4096,128,vector_fused,32,5,1.32527999878,1325.27999878,1.32508802414,1.32551603317
old,2,fp16,4096,128,vector_split,32,5,1.39646396637,1396.46396637,1.39617595673,1.39666404724
old,2,fp16,4096,128,vector_transform,32,5,0.552415990829,552.415990829,0.552076005936,0.552619981766
old,2,fp16,4096,256,quant_only,32,5,1.63188800812,1631.88800812,1.63153190613,1.63207607269
old,2,fp16,4096,256,scalar_fused,32,5,5.57017211914,5570.17211914,5.56988792419,5.57033195496
old,2,fp16,4096,256,scalar_split,32,5,5.86692810059,5866.92810059,5.86651611328,5.86723594666
old,2,fp16,4096,256,scalar_transform,32,5,4.23562393188,4235.62393188,4.23546409607,4.24076385498
old,2,fp16,4096,256,vector_fused,32,5,2.53419208527,2534.19208527,2.53411598206,2.53430404663
old,2,fp16,4096,256,vector_split,32,5,2.62168807983,2621.68807983,2.6213640213,2.62222003937
old,2,fp16,4096,256,vector_transform,32,5,0.989995956421,989.995956421,0.989908027649,0.990240001678
old,2,fp16,16384,16,quant_only,32,5,0.606224012375,606.224012375,0.605268001556,0.606419992447
old,2,fp16,16384,16,scalar_fused,32,5,1.29000396729,1290.00396729,1.2897600174,1.29057998657
old,2,fp16,16384,16,scalar_split,32,5,1.50942802429,1509.42802429,1.50791597366,1.51050796509
old,2,fp16,16384,16,scalar_transform,32,5,0.903499984741,903.499984741,0.903207969666,0.903783988953
old,2,fp16,16384,16,vector_fused,32,5,1.06428804398,1064.28804398,1.06347999573,1.06443195343
old,2,fp16,16384,16,vector_split,32,5,1.24762401581,1247.62401581,1.24740400314,1.24843196869
old,2,fp16,16384,16,vector_transform,32,5,0.641915988922,641.915988922,0.641607999802,0.642784023285
old,2,fp16,16384,64,quant_only,32,5,1.77619991302,1776.19991302,1.77584400177,1.77637996674
old,2,fp16,16384,64,scalar_fused,32,5,5.02997589111,5029.97589111,5.02928390503,5.03224411011
old,2,fp16,16384,64,scalar_split,32,5,5.38643188477,5386.43188477,5.38522796631,5.3866481781
old,2,fp16,16384,64,scalar_transform,32,5,3.61006393433,3610.06393433,3.60985984802,3.61111183167
old,2,fp16,16384,64,vector_fused,32,5,2.88394393921,2883.94393921,2.8834280014,2.88435192108
old,2,fp16,16384,64,vector_split,32,5,3.08105602264,3081.05602264,3.08011608124,3.0821439743
old,2,fp16,16384,64,vector_transform,32,5,1.30574798584,1305.74798584,1.30495195389,1.31276397705
old,2,fp16,16384,128,quant_only,32,5,3.35730781555,3357.30781555,3.35673599243,3.35777206421
old,2,fp16,16384,128,scalar_fused,32,5,10.5184120178,10518.4120178,10.5179237366,10.5199638367
old,2,fp16,16384,128,scalar_split,32,5,11.151587677,11151.587677,11.1504600525,11.1517120361
old,2,fp16,16384,128,scalar_transform,32,5,7.79447631836,7794.47631836,7.79435577393,7.79686813354
old,2,fp16,16384,128,vector_fused,32,5,5.25280799866,5252.80799866,5.25262794495,5.25331993103
old,2,fp16,16384,128,vector_split,32,5,5.52036399841,5520.36399841,5.51943206787,5.52548789978
old,2,fp16,16384,128,vector_transform,32,5,2.1636800766,2163.6800766,2.16350803375,2.16458797455
old,2,fp16,16384,256,quant_only,32,5,6.50544815063,6505.44815063,6.50508804321,6.50798797607
old,2,fp16,16384,256,scalar_fused,32,5,22.2588439941,22258.8439941,22.258555603,22.2632919312
old,2,fp16,16384,256,scalar_split,32,5,23.4263595581,23426.3595581,23.4255844116,23.4275604248
old,2,fp16,16384,256,scalar_transform,32,5,16.9216796875,16921.6796875,16.9207595825,16.9222320557
old,2,fp16,16384,256,vector_fused,32,5,10.0548362732,10054.8362732,10.0535522461,10.0583480835
old,2,fp16,16384,256,vector_split,32,5,10.3849716187,10384.9716187,10.3836837769,10.3897636414
old,2,fp16,16384,256,vector_transform,32,5,3.87974014282,3879.74014282,3.87888412476,3.8798160553
old,3,bf16,1,16,quant_only,32,5,0.00737999975681,7.37999975681,0.00735199972987,0.00739199966192
old,3,bf16,1,16,scalar_fused,32,5,0.0074960000813,7.4960000813,0.00658800005913,0.00785600021482
old,3,bf16,1,16,scalar_split,32,5,0.0130919992924,13.0919992924,0.0126959994435,0.0141639992595
old,3,bf16,1,16,scalar_transform,32,5,0.0070799998939,7.0799998939,0.00701600015163,0.00866400003433
old,3,bf16,1,16,vector_fused,32,5,0.00811600014567,8.11600014567,0.00787599980831,0.00894400030375
old,3,bf16,1,16,vector_split,32,5,0.0134000003338,13.4000003338,0.0132799997926,0.0136720001698
old,3,bf16,1,16,vector_transform,32,5,0.00765200033784,7.65200033784,0.00760800018907,0.00782399997115
old,3,bf16,1,64,quant_only,32,5,0.00793600007892,7.93600007892,0.00790800005198,0.00813200026751
old,3,bf16,1,64,scalar_fused,32,5,0.0135680004954,13.5680004954,0.0134599998593,0.0138960003853
old,3,bf16,1,64,scalar_split,32,5,0.0172440007329,17.2440007329,0.0170000001788,0.0185080006719
old,3,bf16,1,64,scalar_transform,32,5,0.0107320003211,10.7320003211,0.0106279999018,0.0125560000539
old,3,bf16,1,64,vector_fused,32,5,0.0134200006723,13.4200006723,0.0131080001593,0.0136879995465
old,3,bf16,1,64,vector_split,32,5,0.0167960003018,16.7960003018,0.0163760006428,0.0169599995017
old,3,bf16,1,64,vector_transform,32,5,0.0103359997272,10.3359997272,0.00989200025797,0.0106279999018
old,3,bf16,1,128,quant_only,32,5,0.0104680001736,10.4680001736,0.0102200001478,0.0105120003223
old,3,bf16,1,128,scalar_fused,32,5,0.0244240000844,24.4240000844,0.0243359997869,0.0247400000691
old,3,bf16,1,128,scalar_split,32,5,0.0283520013094,28.3520013094,0.02825999856,0.0286320000887
old,3,bf16,1,128,scalar_transform,32,5,0.0186360001564,18.6360001564,0.0184679999948,0.0202120006084
old,3,bf16,1,128,vector_fused,32,5,0.0233520001173,23.3520001173,0.0229320004582,0.0234960004687
old,3,bf16,1,128,vector_split,32,5,0.0264400005341,26.4400005341,0.0261999994516,0.0266119986773
old,3,bf16,1,128,vector_transform,32,5,0.0168479993939,16.8479993939,0.0165399998426,0.0170640006661
old,3,bf16,1,256,quant_only,32,5,0.017499999702,17.499999702,0.0174559995532,0.0175799995661
old,3,bf16,1,256,scalar_fused,32,5,0.0485720008612,48.5720008612,0.0484400004148,0.0489679992199
old,3,bf16,1,256,scalar_split,32,5,0.0545279979706,54.5279979706,0.0541719973087,0.0551119983196
old,3,bf16,1,256,scalar_transform,32,5,0.0373919993639,37.3919993639,0.0373320013285,0.0376720011234
old,3,bf16,1,256,vector_fused,32,5,0.0452360004187,45.2360004187,0.0448879987001,0.0456120014191
old,3,bf16,1,256,vector_split,32,5,0.049268001318,49.268001318,0.0488480001688,0.0496360003948
old,3,bf16,1,256,vector_transform,32,5,0.0322479993105,32.2479993105,0.0321520000696,0.032335999608
old,3,bf16,17,16,quant_only,32,5,0.00767600014806,7.67600014806,0.00752400010824,0.00779199972749
old,3,bf16,17,16,scalar_fused,32,5,0.00845199972391,8.45199972391,0.00743200033903,0.00857999995351
old,3,bf16,17,16,scalar_split,32,5,0.0133320003748,13.3320003748,0.0132039994001,0.0136079996824
old,3,bf16,17,16,scalar_transform,32,5,0.00763600021601,7.63600021601,0.00755200013518,0.00830399990082
old,3,bf16,17,16,vector_fused,32,5,0.00854799970984,8.54799970984,0.00844400003552,0.00870800018311
old,3,bf16,17,16,vector_split,32,5,0.0136920005083,13.6920005083,0.0136319994926,0.0144280001521
old,3,bf16,17,16,vector_transform,32,5,0.00766799971461,7.66799971461,0.00753600001335,0.00795200020075
old,3,bf16,17,64,quant_only,32,5,0.00929600000381,9.29600000381,0.00908399969339,0.0094120003283
old,3,bf16,17,64,scalar_fused,32,5,0.0153200000525,15.3200000525,0.0152239993215,0.0153559997678
old,3,bf16,17,64,scalar_split,32,5,0.0197600007057,19.7600007057,0.0194800004363,0.0198919996619
old,3,bf16,17,64,scalar_transform,32,5,0.0117919996381,11.7919996381,0.0116039998829,0.0132679998875
old,3,bf16,17,64,vector_fused,32,5,0.0148000001907,14.8000001907,0.0146640002728,0.0149959996343
old,3,bf16,17,64,vector_split,32,5,0.0194360002875,19.4360002875,0.0192560002208,0.0194720000029
old,3,bf16,17,64,vector_transform,32,5,0.0113159999251,11.3159999251,0.0112839996815,0.0114519998431
old,3,bf16,17,128,quant_only,32,5,0.0120679996908,12.0679996908,0.0120240002871,0.0122120000422
old,3,bf16,17,128,scalar_fused,32,5,0.0264679998159,26.4679998159,0.0264360010624,0.0265119999647
old,3,bf16,17,128,scalar_split,32,5,0.0317079991102,31.7079991102,0.031536000967,0.0318360000849
old,3,bf16,17,128,scalar_transform,32,5,0.0202360004187,20.2360004187,0.0202120006084,0.0221039995551
old,3,bf16,17,128,vector_fused,32,5,0.0247999995947,24.7999995947,0.024767999351,0.0248759999871
old,3,bf16,17,128,vector_split,32,5,0.0298640012741,29.8640012741,0.0297600001097,0.0299120008945
old,3,bf16,17,128,vector_transform,32,5,0.0182999998331,18.2999998331,0.0182600006461,0.018384000659
old,3,bf16,17,256,quant_only,32,5,0.0189840003848,18.9840003848,0.0189079999924,0.0190559998155
old,3,bf16,17,256,scalar_fused,32,5,0.0500800013542,50.0800013542,0.0500240027905,0.0501119971275
old,3,bf16,17,256,scalar_split,32,5,0.0572200000286,57.2200000286,0.0571399986744,0.0573199987411
old,3,bf16,17,256,scalar_transform,32,5,0.0388599991798,38.8599991798,0.0387560009956,0.0404839992523
old,3,bf16,17,256,vector_fused,32,5,0.046156001091,46.156001091,0.0460839986801,0.0463759988546
old,3,bf16,17,256,vector_split,32,5,0.0520479977131,52.0479977131,0.0519240021706,0.0521520018578
old,3,bf16,17,256,vector_transform,32,5,0.0336320012808,33.6320012808,0.0334399998188,0.0336800009012
old,3,bf16,257,16,quant_only,32,5,0.0166559994221,16.6559994221,0.0163800001144,0.0167199999094
old,3,bf16,257,16,scalar_fused,32,5,0.0265679985285,26.5679985285,0.026320001483,0.0268040001392
old,3,bf16,257,16,scalar_split,32,5,0.0352319985628,35.2319985628,0.0351599991322,0.0353439986706
old,3,bf16,257,16,scalar_transform,32,5,0.0193800002337,19.3800002337,0.0192320004106,0.0208719998598
old,3,bf16,257,16,vector_fused,32,5,0.0234400004148,23.4400004148,0.0233520001173,0.0235760003328
old,3,bf16,257,16,vector_split,32,5,0.0319959998131,31.9959998131,0.0319599986076,0.0321799993515
old,3,bf16,257,16,vector_transform,32,5,0.0158639997244,15.8639997244,0.0157399997115,0.016031999886
old,3,bf16,257,64,quant_only,32,5,0.0347000002861,34.7000002861,0.0344999998808,0.0348199993372
old,3,bf16,257,64,scalar_fused,32,5,0.0921679973602,92.1679973602,0.0920279979706,0.0929000020027
old,3,bf16,257,64,scalar_split,32,5,0.100171995163,100.171995163,0.100044000149,0.100688004494
old,3,bf16,257,64,scalar_transform,32,5,0.0663079977036,66.3079977036,0.0661759972572,0.0682519972324
old,3,bf16,257,64,vector_fused,32,5,0.0580760002136,58.0760002136,0.0579119980335,0.0581799983978
old,3,bf16,257,64,vector_split,32,5,0.0644599974155,64.4599974155,0.0641680002213,0.0649999976158
old,3,bf16,257,64,vector_transform,32,5,0.0303119987249,30.3119987249,0.0302240014076,0.0306560009718
old,3,bf16,257,128,quant_only,32,5,0.0620760023594,62.0760023594,0.0619960010052,0.0627240002155
old,3,bf16,257,128,scalar_fused,32,5,0.188815999031,188.815999031,0.188567996025,0.188880002499
old,3,bf16,257,128,scalar_split,32,5,0.201884007454,201.884007454,0.201579999924,0.20204000473
old,3,bf16,257,128,scalar_transform,32,5,0.140424001217,140.424001217,0.140072000027,0.141960000992
old,3,bf16,257,128,vector_fused,32,5,0.104560005665,104.560005665,0.104472005367,0.104659998417
old,3,bf16,257,128,vector_split,32,5,0.111652004719,111.652004719,0.111591994762,0.112020003796
old,3,bf16,257,128,vector_transform,32,5,0.0501160025597,50.1160025597,0.0500320017338,0.0504880011082
old,3,bf16,257,256,quant_only,32,5,0.118868005276,118.868005276,0.118799996376,0.11890399456
old,3,bf16,257,256,scalar_fused,32,5,0.396567988396,396.567988396,0.396248006821,0.396932005882
old,3,bf16,257,256,scalar_split,32,5,0.419755983353,419.755983353,0.419371986389,0.41989197731
old,3,bf16,257,256,scalar_transform,32,5,0.301379990578,301.379990578,0.301200008392,0.302904009819
old,3,bf16,257,256,vector_fused,32,5,0.201631999016,201.631999016,0.201487994194,0.201959991455
old,3,bf16,257,256,vector_split,32,5,0.210380005836,210.380005836,0.210292005539,0.210439991951
old,3,bf16,257,256,vector_transform,32,5,0.0920599997044,92.0599997044,0.0920120000839,0.0921519994736
old,3,bf16,4096,16,quant_only,32,5,0.162544000149,162.544000149,0.162067997456,0.163287997246
old,3,bf16,4096,16,scalar_fused,32,5,0.32957201004,329.57201004,0.329396009445,0.329776000977
old,3,bf16,4096,16,scalar_split,32,5,0.391359996796,391.359996796,0.390583992004,0.391980004311
old,3,bf16,4096,16,scalar_transform,32,5,0.229168009758,229.168009758,0.228692007065,0.231107997894
old,3,bf16,4096,16,vector_fused,32,5,0.272979998589,272.979998589,0.272796010971,0.273307991028
old,3,bf16,4096,16,vector_split,32,5,0.326848006248,326.848006248,0.326307988167,0.32718000412
old,3,bf16,4096,16,vector_transform,32,5,0.164103996754,164.103996754,0.163971996307,0.16435199976
old,3,bf16,4096,64,quant_only,32,5,0.448827981949,448.827981949,0.448604011536,0.449068021774
old,3,bf16,4096,64,scalar_fused,32,5,1.26588802338,1265.88802338,1.26555204391,1.26593999863
old,3,bf16,4096,64,scalar_split,32,5,1.3554599762,1355.4599762,1.3553440094,1.35583200455
old,3,bf16,4096,64,scalar_transform,32,5,0.907444000244,907.444000244,0.907079982758,0.909004020691
old,3,bf16,4096,64,vector_fused,32,5,0.728936004639,728.936004639,0.728764009476,0.729160022736
old,3,bf16,4096,64,vector_split,32,5,0.782560014725,782.560014725,0.782304000854,0.782840013504
old,3,bf16,4096,64,vector_transform,32,5,0.334191989899,334.191989899,0.334060001373,0.334340000153
old,3,bf16,4096,128,quant_only,32,5,0.84395198822,843.95198822,0.843776035309,0.844095993042
old,3,bf16,4096,128,scalar_fused,32,5,2.63824005127,2638.24005127,2.63818798065,2.63839206696
old,3,bf16,4096,128,scalar_split,32,5,2.79517192841,2795.17192841,2.79483604431,2.79540805817
old,3,bf16,4096,128,scalar_transform,32,5,1.95167598724,1951.67598724,1.95153999329,1.95197200775
old,3,bf16,4096,128,vector_fused,32,5,1.32658004761,1326.58004761,1.32646398544,1.3266119957
old,3,bf16,4096,128,vector_split,32,5,1.39451198578,1394.51198578,1.39434404373,1.39458799362
old,3,bf16,4096,128,vector_transform,32,5,0.551376008987,551.376008987,0.550860023499,0.557876014709
old,3,bf16,4096,256,quant_only,32,5,1.62926807404,1629.26807404,1.62896003723,1.62940807343
old,3,bf16,4096,256,scalar_fused,32,5,5.57389183044,5573.89183044,5.57373580933,5.57454414368
old,3,bf16,4096,256,scalar_split,32,5,5.86220817566,5862.20817566,5.86161193848,5.86240386963
old,3,bf16,4096,256,scalar_transform,32,5,4.23363609314,4233.63609314,4.23358383179,4.23562011719
old,3,bf16,4096,256,vector_fused,32,5,2.53636398315,2536.36398315,2.53619995117,2.53640804291
old,3,bf16,4096,256,vector_split,32,5,2.61764793396,2617.64793396,2.61751995087,2.61800804138
old,3,bf16,4096,256,vector_transform,32,5,0.988908004761,988.908004761,0.988687992096,0.989068031311
old,3,bf16,16384,16,quant_only,32,5,0.606112003326,606.112003326,0.605951976776,0.607348012924
old,3,bf16,16384,16,scalar_fused,32,5,1.29738397598,1297.38397598,1.29681196213,1.29806003571
old,3,bf16,16384,16,scalar_split,32,5,1.50888004303,1508.88004303,1.50772399902,1.51074399948
old,3,bf16,16384,16,scalar_transform,32,5,0.902591991425,902.591991425,0.902031993866,0.90367603302
old,3,bf16,16384,16,vector_fused,32,5,1.06912002563,1069.12002563,1.06833600998,1.07465200424
old,3,bf16,16384,16,vector_split,32,5,1.24853601456,1248.53601456,1.24687995911,1.24998397827
old,3,bf16,16384,16,vector_transform,32,5,0.642180013657,642.180013657,0.640863990784,0.642751979828
old,3,bf16,16384,64,quant_only,32,5,1.77556400299,1775.56400299,1.77527599335,1.77581596375
old,3,bf16,16384,64,scalar_fused,32,5,5.04287185669,5042.87185669,5.04241218567,5.0430519104
old,3,bf16,16384,64,scalar_split,32,5,5.38799209595,5387.99209595,5.38717193604,5.39197998047
old,3,bf16,16384,64,scalar_transform,32,5,3.61326789856,3613.26789856,3.61249198914,3.61340789795
old,3,bf16,16384,64,vector_fused,32,5,2.88551197052,2885.51197052,2.88492794037,2.88641204834
old,3,bf16,16384,64,vector_split,32,5,3.08299999237,3082.99999237,3.08223590851,3.08577194214
old,3,bf16,16384,64,vector_transform,32,5,1.30800800323,1308.00800323,1.30760002136,1.30849199295
old,3,bf16,16384,128,quant_only,32,5,3.35519218445,3355.19218445,3.35488815308,3.35822410583
old,3,bf16,16384,128,scalar_fused,32,5,10.5315917969,10531.5917969,10.5314399719,10.5321281433
old,3,bf16,16384,128,scalar_split,32,5,11.1502120972,11150.2120972,11.1490516663,11.1508003235
old,3,bf16,16384,128,scalar_transform,32,5,7.79554367065,7795.54367065,7.79476776123,7.79875564575
old,3,bf16,16384,128,vector_fused,32,5,5.26059608459,5260.59608459,5.25987586975,5.26286811829
old,3,bf16,16384,128,vector_split,32,5,5.52027587891,5520.27587891,5.51981201172,5.52068786621
old,3,bf16,16384,128,vector_transform,32,5,2.16527996063,2165.27996063,2.16457195282,2.18116397858
old,3,bf16,16384,256,quant_only,32,5,6.49459228516,6494.59228516,6.4942237854,6.49706420898
old,3,bf16,16384,256,scalar_fused,32,5,22.2700759888,22270.0759888,22.2692672729,22.2709838867
old,3,bf16,16384,256,scalar_split,32,5,23.4153076172,23415.3076172,23.4143875122,23.4166763306
old,3,bf16,16384,256,scalar_transform,32,5,16.920539856,16920.539856,16.9194915771,16.9218566895
old,3,bf16,16384,256,vector_fused,32,5,10.0615196228,10061.5196228,10.0612121582,10.0618797302
old,3,bf16,16384,256,vector_split,32,5,10.3772636414,10377.2636414,10.3752922058,10.3819000244
old,3,bf16,16384,256,vector_transform,32,5,3.88154411316,3881.54411316,3.88093986511,3.88200798035
old,3,fp16,1,16,quant_only,32,5,0.00750799998641,7.50799998641,0.00653999969363,0.00778800025582
old,3,fp16,1,16,scalar_fused,32,5,0.00748799964786,7.48799964786,0.0074359998107,0.0078639999032
old,3,fp16,1,16,scalar_split,32,5,0.012800000608,12.800000608,0.0127120003104,0.0143040001392
old,3,fp16,1,16,scalar_transform,32,5,0.00718799978495,7.18799978495,0.00690400004387,0.00837199985981
old,3,fp16,1,16,vector_fused,32,5,0.00810000002384,8.10000002384,0.00791999995708,0.00837600007653
old,3,fp16,1,16,vector_split,32,5,0.013424000144,13.424000144,0.0133159995079,0.0148839995265
old,3,fp16,1,16,vector_transform,32,5,0.0076559998095,7.6559998095,0.00762000009418,0.00873600021005
old,3,fp16,1,64,quant_only,32,5,0.00801599994302,8.01599994302,0.00784000009298,0.00855199992657
old,3,fp16,1,64,scalar_fused,32,5,0.0135199993849,13.5199993849,0.013288000226,0.0138080000877
old,3,fp16,1,64,scalar_split,32,5,0.0172680005431,17.2680005431,0.0169520005584,0.0174239993095
old,3,fp16,1,64,scalar_transform,32,5,0.0107160001993,10.7160001993,0.0101839996874,0.0119560003281
old,3,fp16,1,64,vector_fused,32,5,0.013560000062,13.560000062,0.0132119998336,0.0138040006161
old,3,fp16,1,64,vector_split,32,5,0.0168280005455,16.8280005455,0.0165999993682,0.0171399995685
old,3,fp16,1,64,vector_transform,32,5,0.0102880001068,10.2880001068,0.0102519996464,0.0113439999521
old,3,fp16,1,128,quant_only,32,5,0.0106200002134,10.6200002134,0.0105640001595,0.0109279997647
old,3,fp16,1,128,scalar_fused,32,5,0.0248280003667,24.8280003667,0.0245279997587,0.0252519994974
old,3,fp16,1,128,scalar_split,32,5,0.0288239985704,28.8239985704,0.028628000617,0.0289279997349
old,3,fp16,1,128,scalar_transform,32,5,0.0186639994383,18.6639994383,0.0185959994793,0.0188119992614
old,3,fp16,1,128,vector_fused,32,5,0.02345200032,23.45200032,0.0232960000634,0.0237639993429
old,3,fp16,1,128,vector_split,32,5,0.0266319990158,26.6319990158,0.0264800012112,0.0271719992161
old,3,fp16,1,128,vector_transform,32,5,0.0167280003428,16.7280003428,0.0165560007095,0.0172680005431
old,3,fp16,1,256,quant_only,32,5,0.0173120006919,17.3120006919,0.0171759992838,0.0174160003662
old,3,fp16,1,256,scalar_fused,32,5,0.0483759999275,48.3759999275,0.0481840014458,0.0491479992867
old,3,fp16,1,256,scalar_split,32,5,0.0542159974575,54.2159974575,0.0540960013866,0.0545560002327
old,3,fp16,1,256,scalar_transform,32,5,0.0373959988356,37.3959988356,0.0373279988766,0.037567999959
old,3,fp16,1,256,vector_fused,32,5,0.0449239999056,44.9239999056,0.0446599990129,0.045243999362
old,3,fp16,1,256,vector_split,32,5,0.0488079994917,48.8079994917,0.0486559987068,0.0492320001125
old,3,fp16,1,256,vector_transform,32,5,0.0320959985256,32.0959985256,0.03201200068,0.0324319988489
old,3,fp16,17,16,quant_only,32,5,0.00759600028396,7.59600028396,0.00633599981666,0.00835200026631
old,3,fp16,17,16,scalar_fused,32,5,0.00814799964428,8.14799964428,0.00758799985051,0.00841600000858
old,3,fp16,17,16,scalar_split,32,5,0.0131559997797,13.1559997797,0.01266400069,0.013763999939
old,3,fp16,17,16,scalar_transform,32,5,0.00757199972868,7.57199972868,0.00735599994659,0.00798799991608
old,3,fp16,17,16,vector_fused,32,5,0.00855199992657,8.55199992657,0.00766400024295,0.00889599993825
old,3,fp16,17,16,vector_split,32,5,0.0135800004005,13.5800004005,0.0134880006313,0.014387999475
old,3,fp16,17,16,vector_transform,32,5,0.00771199986339,7.71199986339,0.00686800032854,0.00788400024176
old,3,fp16,17,64,quant_only,32,5,0.00934799984097,9.34799984097,0.00901999995112,0.00944800004363
old,3,fp16,17,64,scalar_fused,32,5,0.0150999993086,15.0999993086,0.015068000555,0.0151399999857
old,3,fp16,17,64,scalar_split,32,5,0.0198159992695,19.8159992695,0.0196520000696,0.0199159994721
old,3,fp16,17,64,scalar_transform,32,5,0.0117559999228,11.7559999228,0.0117279998958,0.0119640000165
old,3,fp16,17,64,vector_fused,32,5,0.0146760001779,14.6760001779,0.0146320000291,0.0148000001907
old,3,fp16,17,64,vector_split,32,5,0.019415999949,19.415999949,0.0193360000849,0.0194639995694
old,3,fp16,17,64,vector_transform,32,5,0.0113080002367,11.3080002367,0.0111000001431,0.0126120001078
old,3,fp16,17,128,quant_only,32,5,0.0122079998255,12.2079998255,0.0120679996908,0.0122519999743
old,3,fp16,17,128,scalar_fused,32,5,0.0262120008469,26.2120008469,0.0261759996414,0.0262439996004
old,3,fp16,17,128,scalar_split,32,5,0.0317600011826,31.7600011826,0.0316760003567,0.0319359987974
old,3,fp16,17,128,scalar_transform,32,5,0.0204199999571,20.4199999571,0.0203040003777,0.0207919999957
old,3,fp16,17,128,vector_fused,32,5,0.0247559994459,24.7559994459,0.0247079998255,0.0248319998384
old,3,fp16,17,128,vector_split,32,5,0.029835999012,29.835999012,0.0297919988632,0.0299639999866
old,3,fp16,17,128,vector_transform,32,5,0.0182640001178,18.2640001178,0.0181319996715,0.0183039993048
old,3,fp16,17,256,quant_only,32,5,0.0190239995718,19.0239995718,0.0188679993153,0.0191080003977
old,3,fp16,17,256,scalar_fused,32,5,0.0498560011387,49.8560011387,0.0497720003128,0.0499240010977
old,3,fp16,17,256,scalar_split,32,5,0.057267999649,57.267999649,0.0570640027523,0.0573440015316
old,3,fp16,17,256,scalar_transform,32,5,0.0389519989491,38.9519989491,0.0388760000467,0.0390960007906
old,3,fp16,17,256,vector_fused,32,5,0.046167999506,46.167999506,0.0460680007935,0.0461959987879
old,3,fp16,17,256,vector_split,32,5,0.0519119977951,51.9119977951,0.0518440008163,0.0521040022373
old,3,fp16,17,256,vector_transform,32,5,0.0335079997778,33.5079997778,0.0334039986134,0.0335839986801
old,3,fp16,257,16,quant_only,32,5,0.0165480002761,16.5480002761,0.0164759993553,0.0166920006275
old,3,fp16,257,16,scalar_fused,32,5,0.0261559993029,26.1559993029,0.0260720014572,0.0264880001545
old,3,fp16,257,16,scalar_split,32,5,0.0352079987526,35.2079987526,0.0350840002298,0.0352840006351
old,3,fp16,257,16,scalar_transform,32,5,0.0193159997463,19.3159997463,0.0191760003567,0.0196759998798
old,3,fp16,257,16,vector_fused,32,5,0.0233040004969,23.3040004969,0.0232120007277,0.0234080001712
old,3,fp16,257,16,vector_split,32,5,0.0319319993258,31.9319993258,0.0319279998541,0.0319959998131
old,3,fp16,257,16,vector_transform,32,5,0.0157920002937,15.7920002937,0.0157039999962,0.0159199997783
old,3,fp16,257,64,quant_only,32,5,0.0346280008554,34.6280008554,0.0345560014248,0.0350479990244
old,3,fp16,257,64,scalar_fused,32,5,0.0919520020485,91.9520020485,0.0916960000992,0.0921039998531
old,3,fp16,257,64,scalar_split,32,5,0.100251996517,100.251996517,0.1,0.100507998466
old,3,fp16,257,64,scalar_transform,32,5,0.0663720011711,66.3720011711,0.066196000576,0.0666760027409
old,3,fp16,257,64,vector_fused,32,5,0.0578320026398,57.8320026398,0.0577759981155,0.0580760002136
old,3,fp16,257,64,vector_split,32,5,0.0642279982567,64.2279982567,0.0641160011292,0.0646399974823
old,3,fp16,257,64,vector_transform,32,5,0.0303279995918,30.3279995918,0.0301440000534,0.0304159998894
old,3,fp16,257,128,quant_only,32,5,0.0625039994717,62.5039994717,0.0624360024929,0.0625760018826
old,3,fp16,257,128,scalar_fused,32,5,0.188520002365,188.520002365,0.188336002827,0.188611996174
old,3,fp16,257,128,scalar_split,32,5,0.202148008347,202.148008347,0.201959991455,0.202715992928
old,3,fp16,257,128,scalar_transform,32,5,0.140235996246,140.235996246,0.140191996098,0.142232000828
old,3,fp16,257,128,vector_fused,32,5,0.104864001274,104.864001274,0.104768002033,0.105356001854
old,3,fp16,257,128,vector_split,32,5,0.112144005299,112.144005299,0.112059998512,0.112636005878
old,3,fp16,257,128,vector_transform,32,5,0.0500320017338,50.0320017338,0.0499839991331,0.050396001339
old,3,fp16,257,256,quant_only,32,5,0.118876004219,118.876004219,0.118684005737,0.119195997715
old,3,fp16,257,256,scalar_fused,32,5,0.39582400322,395.82400322,0.39563601017,0.397796010971
old,3,fp16,257,256,scalar_split,32,5,0.419551992416,419.551992416,0.419339990616,0.419856023788
old,3,fp16,257,256,scalar_transform,32,5,0.301435995102,301.435995102,0.30128800869,0.301600003242
old,3,fp16,257,256,vector_fused,32,5,0.200979995728,200.979995728,0.200911998749,0.201191997528
old,3,fp16,257,256,vector_split,32,5,0.21022799015,210.22799015,0.209996008873,0.210495996475
old,3,fp16,257,256,vector_transform,32,5,0.0921599984169,92.1599984169,0.0918680012226,0.0923839986324
old,3,fp16,4096,16,quant_only,32,5,0.161932003498,161.932003498,0.161764001846,0.162344002724
old,3,fp16,4096,16,scalar_fused,32,5,0.327304005623,327.304005623,0.327175998688,0.327507996559
old,3,fp16,4096,16,scalar_split,32,5,0.39132399559,391.32399559,0.389691996574,0.391388010979
old,3,fp16,4096,16,scalar_transform,32,5,0.228724002838,228.724002838,0.228652000427,0.229064011574
old,3,fp16,4096,16,vector_fused,32,5,0.271740007401,271.740007401,0.271532011032,0.271756005287
old,3,fp16,4096,16,vector_split,32,5,0.326184010506,326.184010506,0.325523996353,0.326412010193
old,3,fp16,4096,16,vector_transform,32,5,0.164087998867,164.087998867,0.163947999477,0.164323997498
old,3,fp16,4096,64,quant_only,32,5,0.448632001877,448.632001877,0.448388004303,0.448744010925
old,3,fp16,4096,64,scalar_fused,32,5,1.2620880127,1262.0880127,1.26193199158,1.26216802597
old,3,fp16,4096,64,scalar_split,32,5,1.35551996231,1355.51996231,1.35530004501,1.35586004257
old,3,fp16,4096,64,scalar_transform,32,5,0.907483959198,907.483959198,0.907176017761,0.909399986267
old,3,fp16,4096,64,vector_fused,32,5,0.728603982925,728.603982925,0.728355979919,0.728683996201
old,3,fp16,4096,64,vector_split,32,5,0.78234000206,782.34000206,0.782115983963,0.782704019547
old,3,fp16,4096,64,vector_transform,32,5,0.33412399292,334.12399292,0.333915996552,0.334367990494
old,3,fp16,4096,128,quant_only,32,5,0.844268035889,844.268035889,0.843959999084,0.844699954987
old,3,fp16,4096,128,scalar_fused,32,5,2.63498802185,2634.98802185,2.63478393555,2.63507995605
old,3,fp16,4096,128,scalar_split,32,5,2.79562397003,2795.62397003,2.79532394409,2.79602394104
old,3,fp16,4096,128,scalar_transform,32,5,1.95205192566,1952.05192566,1.95189609528,1.95230407715
old,3,fp16,4096,128,vector_fused,32,5,1.32518396378,1325.18396378,1.32497997284,1.3253279686
old,3,fp16,4096,128,vector_split,32,5,1.39482002258,1394.82002258,1.39435997009,1.39483604431
old,3,fp16,4096,128,vector_transform,32,5,0.551287984848,551.287984848,0.550612020493,0.551408004761
old,3,fp16,4096,256,quant_only,32,5,1.63192806244,1631.92806244,1.6318239212,1.63223209381
old,3,fp16,4096,256,scalar_fused,32,5,5.57030410767,5570.30410767,5.57011604309,5.5705078125
old,3,fp16,4096,256,scalar_split,32,5,5.86551589966,5865.51589966,5.86518783569,5.8660320282
old,3,fp16,4096,256,scalar_transform,32,5,4.23427581787,4234.27581787,4.23402404785,4.23941612244
old,3,fp16,4096,256,vector_fused,32,5,2.53425998688,2534.25998688,2.53420391083,2.53684406281
old,3,fp16,4096,256,vector_split,32,5,2.62036800385,2620.36800385,2.62005596161,2.62061195374
old,3,fp16,4096,256,vector_transform,32,5,0.988936042786,988.936042786,0.988780021667,0.989052009583
old,3,fp16,16384,16,quant_only,32,5,0.60595998764,605.95998764,0.60586400032,0.607344007492
old,3,fp16,16384,16,scalar_fused,32,5,1.28999595642,1289.99595642,1.28966398239,1.29026403427
old,3,fp16,16384,16,scalar_split,32,5,1.50916004181,1509.16004181,1.50839595795,1.51022396088
old,3,fp16,16384,16,scalar_transform,32,5,0.903188037872,903.188037872,0.902499961853,0.903528022766
old,3,fp16,16384,16,vector_fused,32,5,1.06413202286,1064.13202286,1.0638879776,1.0644080162
old,3,fp16,16384,16,vector_split,32,5,1.24766397476,1247.66397476,1.24666404724,1.2481880188
old,3,fp16,16384,16,vector_transform,32,5,0.64270401001,642.70401001,0.641504001617,0.642736005783
old,3,fp16,16384,64,quant_only,32,5,1.7759759903,1775.9759903,1.77572002411,1.77695598602
old,3,fp16,16384,64,scalar_fused,32,5,5.02947998047,5029.47998047,5.02887611389,5.03120002747
old,3,fp16,16384,64,scalar_split,32,5,5.38895187378,5388.95187378,5.38791618347,5.38921203613
old,3,fp16,16384,64,scalar_transform,32,5,3.61355209351,3613.55209351,3.61301193237,3.61899986267
old,3,fp16,16384,64,vector_fused,32,5,2.88388805389,2883.88805389,2.88371601105,2.88494796753
old,3,fp16,16384,64,vector_split,32,5,3.08433208466,3084.33208466,3.08302402496,3.08457202911
old,3,fp16,16384,64,vector_transform,32,5,1.30794000626,1307.94000626,1.30777196884,1.30856800079
old,3,fp16,16384,128,quant_only,32,5,3.35709190369,3357.09190369,3.35642814636,3.35726394653
old,3,fp16,16384,128,scalar_fused,32,5,10.519631958,10519.631958,10.5187477112,10.5209960938
old,3,fp16,16384,128,scalar_split,32,5,11.1527877808,11152.7877808,11.1510322571,11.1537162781
old,3,fp16,16384,128,scalar_transform,32,5,7.79524765015,7795.24765015,7.79507980347,7.79629592896
old,3,fp16,16384,128,vector_fused,32,5,5.2544921875,5254.4921875,5.25377998352,5.25522384644
old,3,fp16,16384,128,vector_split,32,5,5.52221984863,5522.21984863,5.52081604004,5.52795982361
old,3,fp16,16384,128,vector_transform,32,5,2.16574802399,2165.74802399,2.164220047,2.16664791107
old,3,fp16,16384,256,quant_only,32,5,6.50540390015,6505.40390015,6.50495223999,6.50617218018
old,3,fp16,16384,256,scalar_fused,32,5,22.259487915,22259.487915,22.2591964722,22.2742843628
old,3,fp16,16384,256,scalar_split,32,5,23.4282913208,23428.2913208,23.4269714355,23.429107666
old,3,fp16,16384,256,scalar_transform,32,5,16.9230804443,16923.0804443,16.9222595215,16.9235153198
old,3,fp16,16384,256,vector_fused,32,5,10.054119873,10054.119873,10.0531677246,10.0548362732
old,3,fp16,16384,256,vector_split,32,5,10.3943321228,10394.3321228,10.3868118286,10.3982437134
old,3,fp16,16384,256,vector_transform,32,5,3.88078804016,3880.78804016,3.88015594482,3.88117599487
