dtype,batch,seq,heads,dim,rows,method,group,order,repeats,kernel_us,logical_io_bytes,logical_GBs,input_working_set_bytes,seed,input_read_only,scale
fp16,1,1,1,64,1,baseline_transform,0,0,100,3.57538461685,256,0.0716006884388,128,2909,true,1
fp16,1,1,1,64,1,optimized_transform,0,1,100,3.59961539507,256,0.0711187090573,128,2909,true,1
fp16,1,1,1,64,1,baseline_split,0,2,100,8.57100009918,420,0.0490024495555,128,2909,true,1
fp16,1,1,1,64,1,optimized_split,0,3,100,7.84392297268,420,0.053544635951,128,2909,true,1
fp16,1,1,1,64,1,baseline_fused,0,4,100,6.03965401649,164,0.02715387331,128,2909,true,1
fp16,1,1,1,64,1,optimized_fused,0,5,100,5.32096147537,164,0.0308214973476,128,2909,true,1
fp16,1,1,1,64,1,warp64_transform,0,6,100,2.62603849173,256,0.0974852428122,128,2909,true,1
fp16,1,1,1,64,1,warp64_split,0,7,100,5.63892304897,420,0.0744823074109,128,2909,true,1
fp16,1,1,1,64,1,warp64_fused,0,8,100,3.31565380096,164,0.0494623413193,128,2909,true,1
fp16,1,1,1,64,1,optimized_transform,1,0,100,3.57273072004,256,0.0716538748817,128,2909,true,1
fp16,1,1,1,64,1,baseline_split,1,1,100,8.51826965809,420,0.0493057882479,128,2909,true,1
fp16,1,1,1,64,1,optimized_split,1,2,100,7.82400012016,420,0.0536809807706,128,2909,true,1
fp16,1,1,1,64,1,baseline_fused,1,3,100,6.02184593678,164,0.0272341739928,128,2909,true,1
fp16,1,1,1,64,1,optimized_fused,1,4,100,5.31961560249,164,0.0308292952452,128,2909,true,1
fp16,1,1,1,64,1,warp64_transform,1,5,100,2.62865394354,256,0.0973882471785,128,2909,true,1
fp16,1,1,1,64,1,warp64_split,1,6,100,5.64019203186,420,0.0744655496883,128,2909,true,1
fp16,1,1,1,64,1,warp64_fused,1,7,100,3.3057692647,164,0.0496102380016,128,2909,true,1
fp16,1,1,1,64,1,baseline_transform,1,8,100,3.52861523628,256,0.0725497065726,128,2909,true,1
fp16,1,1,1,64,1,baseline_split,2,0,100,8.54680716991,420,0.0491411578207,128,2909,true,1
fp16,1,1,1,64,1,optimized_split,2,1,100,7.82226979733,420,0.0536928552559,128,2909,true,1
fp16,1,1,1,64,1,baseline_fused,2,2,100,6.02184593678,164,0.0272341739928,128,2909,true,1
fp16,1,1,1,64,1,optimized_fused,2,3,100,5.31853854656,164,0.0308355384781,128,2909,true,1
fp16,1,1,1,64,1,warp64_transform,2,4,100,2.62773066759,256,0.0974224653833,128,2909,true,1
fp16,1,1,1,64,1,warp64_split,2,5,100,5.638499856,420,0.0744878976193,128,2909,true,1
fp16,1,1,1,64,1,warp64_fused,2,6,100,3.31307679415,164,0.0495008145569,128,2909,true,1
fp16,1,1,1,64,1,baseline_transform,2,7,100,3.55115383863,256,0.0720892452517,128,2909,true,1
fp16,1,1,1,64,1,optimized_transform,2,8,100,3.57192307711,256,0.0716700764473,128,2909,true,1
fp16,1,1,1,64,1,optimized_split,3,0,100,7.82380819321,420,0.0536822976265,128,2909,true,1
fp16,1,1,1,64,1,baseline_fused,3,1,100,6.01861536503,164,0.0272487922975,128,2909,true,1
fp16,1,1,1,64,1,optimized_fused,3,2,100,5.31449973583,164,0.0308589722743,128,2909,true,1
fp16,1,1,1,64,1,warp64_transform,3,3,100,2.62434601784,256,0.0975481122763,128,2909,true,1
fp16,1,1,1,64,1,warp64_split,3,4,100,5.63615381718,420,0.0745189030718,128,2909,true,1
fp16,1,1,1,64,1,warp64_fused,3,5,100,3.29934626818,164,0.0497068166448,128,2909,true,1
fp16,1,1,1,64,1,baseline_transform,3,6,100,3.49903851748,256,0.0731629556867,128,2909,true,1
fp16,1,1,1,64,1,optimized_transform,3,7,100,3.57107698917,256,0.0716870570912,128,2909,true,1
fp16,1,1,1,64,1,baseline_split,3,8,100,8.55665326118,420,0.0490846113755,128,2909,true,1
fp16,1,1,1,64,1,baseline_fused,4,0,100,6.03534638882,164,0.0271732539335,128,2909,true,1
fp16,1,1,1,64,1,optimized_fused,4,1,100,5.31599998474,164,0.0308502634445,128,2909,true,1
fp16,1,1,1,64,1,warp64_transform,4,2,100,2.62584626675,256,0.0974923792158,128,2909,true,1
fp16,1,1,1,64,1,warp64_split,4,3,100,5.64196169376,420,0.0744421927686,128,2909,true,1
fp16,1,1,1,64,1,warp64_fused,4,4,100,3.31715375185,164,0.0494399754333,128,2909,true,1
fp16,1,1,1,64,1,baseline_transform,4,5,100,3.53788465261,256,0.0723596230903,128,2909,true,1
fp16,1,1,1,64,1,optimized_transform,4,6,100,3.57103854418,256,0.0716878288579,128,2909,true,1
fp16,1,1,1,64,1,baseline_split,4,7,100,8.54742288589,420,0.0491376179238,128,2909,true,1
fp16,1,1,1,64,1,optimized_split,4,8,100,7.82380819321,420,0.0536822976265,128,2909,true,1
fp16,1,17,1,64,17,baseline_transform,0,0,100,5.38176894188,4352,0.808656047296,2176,2909,true,1
fp16,1,17,1,64,17,optimized_transform,0,1,100,5.44265329838,4352,0.79960999928,2176,2909,true,1
fp16,1,17,1,64,17,baseline_split,0,2,100,12.2599613667,7140,0.58238356439,2176,2909,true,1
fp16,1,17,1,64,17,optimized_split,0,3,100,11.5536153316,7140,0.6179883781,2176,2909,true,1
fp16,1,17,1,64,17,baseline_fused,0,4,100,7.89946138859,2788,0.352935455071,2176,2909,true,1
fp16,1,17,1,64,17,optimized_fused,0,5,100,7.19638466835,2788,0.387416755564,2176,2909,true,1
fp16,1,17,1,64,17,warp64_transform,0,6,100,3.1493845582,4352,1.38185728658,2176,2909,true,1
fp16,1,17,1,64,17,warp64_split,0,7,100,6.6835385561,7140,1.06829637326,2176,2909,true,1
fp16,1,17,1,64,17,warp64_fused,0,8,100,3.82757693529,2788,0.728398160803,2176,2909,true,1
fp16,1,17,1,64,17,optimized_transform,1,0,100,5.4528850317,4352,0.798109619898,2176,2909,true,1
fp16,1,17,1,64,17,baseline_split,1,1,100,12.2790002823,7140,0.581480563226,2176,2909,true,1
fp16,1,17,1,64,17,optimized_split,1,2,100,11.575460434,7140,0.616822116125,2176,2909,true,1
fp16,1,17,1,64,17,baseline_fused,1,3,100,7.88888514042,2788,0.353408618629,2176,2909,true,1
fp16,1,17,1,64,17,optimized_fused,1,4,100,7.20880746841,2788,0.386749127677,2176,2909,true,1
fp16,1,17,1,64,17,warp64_transform,1,5,100,3.14353853464,4352,1.38442711996,2176,2909,true,1
fp16,1,17,1,64,17,warp64_split,1,6,100,6.67738437653,7140,1.06928096353,2176,2909,true,1
fp16,1,17,1,64,17,warp64_fused,1,7,100,3.83015394211,2788,0.727908079451,2176,2909,true,1
fp16,1,17,1,64,17,baseline_transform,1,8,100,5.36934673786,4352,0.810526906246,2176,2909,true,1
fp16,1,17,1,64,17,baseline_split,2,0,100,12.2654998302,7140,0.582120590177,2176,2909,true,1
fp16,1,17,1,64,17,optimized_split,2,1,100,11.5609228611,7140,0.61759775459,2176,2909,true,1
fp16,1,17,1,64,17,baseline_fused,2,2,100,7.89130747318,2788,0.353300135557,2176,2909,true,1
fp16,1,17,1,64,17,optimized_fused,2,3,100,7.18457698822,2788,0.388053465718,2176,2909,true,1
fp16,1,17,1,64,17,warp64_transform,2,4,100,3.14676910639,4352,1.38300582371,2176,2909,true,1
fp16,1,17,1,64,17,warp64_split,2,5,100,6.67692303658,7140,1.06935484517,2176,2909,true,1
fp16,1,17,1,64,17,warp64_fused,2,6,100,3.82973074913,2788,0.727988514763,2176,2909,true,1
fp16,1,17,1,64,17,baseline_transform,2,7,100,5.36615371704,4352,0.811009193825,2176,2909,true,1
fp16,1,17,1,64,17,optimized_transform,2,8,100,5.44457733631,4352,0.799327428224,2176,2909,true,1
fp16,1,17,1,64,17,optimized_split,3,0,100,11.5738081932,7140,0.616910171726,2176,2909,true,1
fp16,1,17,1,64,17,baseline_fused,3,1,100,7.89192318916,2788,0.353272571612,2176,2909,true,1
fp16,1,17,1,64,17,optimized_fused,3,2,100,7.19973027706,2788,0.387236728698,2176,2909,true,1
fp16,1,17,1,64,17,warp64_transform,3,3,100,3.14315378666,4352,1.38459658527,2176,2909,true,1
fp16,1,17,1,64,17,warp64_split,3,4,100,6.67476952076,7140,1.06969985672,2176,2909,true,1
fp16,1,17,1,64,17,warp64_fused,3,5,100,3.82396161556,2788,0.729086816315,2176,2909,true,1
fp16,1,17,1,64,17,baseline_transform,3,6,100,5.37257730961,4352,0.81003953023,2176,2909,true,1
fp16,1,17,1,64,17,optimized_transform,3,7,100,5.4362308979,4352,0.800554664019,2176,2909,true,1
fp16,1,17,1,64,17,baseline_split,3,8,100,12.2672307491,7140,0.582038452363,2176,2909,true,1
fp16,1,17,1,64,17,baseline_fused,4,0,100,7.90007710457,2788,0.352907947998,2176,2909,true,1
fp16,1,17,1,64,17,optimized_fused,4,1,100,7.19446182251,2788,0.387520299472,2176,2909,true,1
fp16,1,17,1,64,17,warp64_transform,4,2,100,3.14615398645,4352,1.38327622193,2176,2909,true,1
fp16,1,17,1,64,17,warp64_split,4,3,100,6.67265355587,7140,1.0700390692,2176,2909,true,1
fp16,1,17,1,64,17,warp64_fused,4,4,100,3.83338451385,2788,0.727294637395,2176,2909,true,1
fp16,1,17,1,64,17,baseline_transform,4,5,100,5.38734674454,4352,0.807818803275,2176,2909,true,1
fp16,1,17,1,64,17,optimized_transform,4,6,100,5.4383456707,4352,0.800243357727,2176,2909,true,1
fp16,1,17,1,64,17,baseline_split,4,7,100,12.2564995289,7140,0.582548058128,2176,2909,true,1
fp16,1,17,1,64,17,optimized_split,4,8,100,11.5710389614,7140,0.617057813375,2176,2909,true,1
fp16,1,257,1,64,257,baseline_transform,0,0,100,5.47069251537,65792,12.0262653796,32896,2909,true,1
fp16,1,257,1,64,257,optimized_transform,0,1,100,5.54315388203,65792,11.8690553068,32896,2909,true,1
fp16,1,257,1,64,257,baseline_split,0,2,100,12.4609613419,107940,8.66225301875,32896,2909,true,1
fp16,1,257,1,64,257,optimized_split,0,3,100,11.7687690258,107940,9.17173238453,32896,2909,true,1
fp16,1,257,1,64,257,baseline_fused,0,4,100,7.99734652042,42148,5.27024806195,32896,2909,true,1
fp16,1,257,1,64,257,optimized_fused,0,5,100,7.29319274426,42148,5.7790876339,32896,2909,true,1
fp16,1,257,1,64,257,warp64_transform,0,6,100,4.59453850985,65792,14.319610089,32896,2909,true,1
fp16,1,257,1,64,257,warp64_split,0,7,100,9.55369234085,107940,11.29824953,32896,2909,true,1
fp16,1,257,1,64,257,warp64_fused,0,8,100,5.2422696352,42148,8.04002902044,32896,2909,true,1
fp16,1,257,1,64,257,optimized_transform,1,0,100,5.53907692432,65792,11.8777913538,32896,2909,true,1
fp16,1,257,1,64,257,baseline_split,1,1,100,12.4684619904,107940,8.6570420701,32896,2909,true,1
fp16,1,257,1,64,257,optimized_split,1,2,100,11.7872309685,107940,9.15736700915,32896,2909,true,1
fp16,1,257,1,64,257,baseline_fused,1,3,100,7.99261510372,42148,5.27336790938,32896,2909,true,1
fp16,1,257,1,64,257,optimized_fused,1,4,100,7.29150056839,42148,5.78042881636,32896,2909,true,1
fp16,1,257,1,64,257,warp64_transform,1,5,100,4.59407687187,65792,14.3210490018,32896,2909,true,1
fp16,1,257,1,64,257,warp64_split,1,6,100,9.54538464546,107940,11.3080828075,32896,2909,true,1
fp16,1,257,1,64,257,warp64_fused,1,7,100,5.24484634399,42148,8.03607908328,32896,2909,true,1
fp16,1,257,1,64,257,baseline_transform,1,8,100,5.4741537571,65792,12.0186613163,32896,2909,true,1
fp16,1,257,1,64,257,baseline_split,2,0,100,12.4448466301,107940,8.67346968656,32896,2909,true,1
fp16,1,257,1,64,257,optimized_split,2,1,100,11.7820382118,107940,9.16140298134,32896,2909,true,1
fp16,1,257,1,64,257,baseline_fused,2,2,100,7.99265325069,42148,5.27334274089,32896,2909,true,1
fp16,1,257,1,64,257,optimized_fused,2,3,100,7.3037302494,42148,5.77074981698,32896,2909,true,1
fp16,1,257,1,64,257,warp64_transform,2,4,100,4.58465397358,65792,14.350483238,32896,2909,true,1
fp16,1,257,1,64,257,warp64_split,2,5,100,9.54411566257,107940,11.3095863269,32896,2909,true,1
fp16,1,257,1,64,257,warp64_fused,2,6,100,5.2495765686,42148,8.02883803088,32896,2909,true,1
fp16,1,257,1,64,257,baseline_transform,2,7,100,5.47030746937,65792,12.0271118888,32896,2909,true,1
fp16,1,257,1,64,257,optimized_transform,2,8,100,5.54184615612,65792,11.8718560831,32896,2909,true,1
fp16,1,257,1,64,257,optimized_split,3,0,100,11.7726159096,107940,9.16873537955,32896,2909,true,1
fp16,1,257,1,64,257,baseline_fused,3,1,100,7.99926877022,42148,5.26898160453,32896,2909,true,1
fp16,1,257,1,64,257,optimized_fused,3,2,100,7.30519235134,42148,5.76959482693,32896,2909,true,1
fp16,1,257,1,64,257,warp64_transform,3,3,100,4.58249986172,65792,14.3572290203,32896,2909,true,1
fp16,1,257,1,64,257,warp64_split,3,4,100,9.51176941395,107940,11.3480463311,32896,2909,true,1
fp16,1,257,1,64,257,warp64_fused,3,5,100,5.25665342808,42148,8.01802907052,32896,2909,true,1
fp16,1,257,1,64,257,baseline_transform,3,6,100,5.49276947975,65792,11.9779284826,32896,2909,true,1
fp16,1,257,1,64,257,optimized_transform,3,7,100,5.3100001812,65792,12.3902067335,32896,2909,true,1
fp16,1,257,1,64,257,baseline_split,3,8,100,12.0306158066,107940,8.97210930308,32896,2909,true,1
fp16,1,257,1,64,257,baseline_fused,4,0,100,7.99950003624,42148,5.26882927796,32896,2909,true,1
fp16,1,257,1,64,257,optimized_fused,4,1,100,7.30711519718,42148,5.76807657504,32896,2909,true,1
fp16,1,257,1,64,257,warp64_transform,4,2,100,4.60111528635,65792,14.2991418179,32896,2909,true,1
fp16,1,257,1,64,257,warp64_split,4,3,100,9.55826938152,107940,11.2928392883,32896,2909,true,1
fp16,1,257,1,64,257,warp64_fused,4,4,100,5.2420771122,42148,8.04032430235,32896,2909,true,1
fp16,1,257,1,64,257,baseline_transform,4,5,100,5.48526883125,65792,11.9943073027,32896,2909,true,1
fp16,1,257,1,64,257,optimized_transform,4,6,100,5.5504232645,65792,11.8535104198,32896,2909,true,1
fp16,1,257,1,64,257,baseline_split,4,7,100,12.4508452415,107940,8.66929095222,32896,2909,true,1
fp16,1,257,1,64,257,optimized_split,4,8,100,11.7623460293,107940,9.17674073958,32896,2909,true,1
fp16,4,64,16,64,4096,baseline_transform,0,0,100,16.1644232273,1048576,64.8693730209,524288,2909,true,1
fp16,4,64,16,64,4096,optimized_transform,0,1,100,16.263231039,1048576,64.4752569451,524288,2909,true,1
fp16,4,64,16,64,4096,baseline_split,0,2,100,38.5684227943,1720320,44.6043647979,524288,2909,true,1
fp16,4,64,16,64,4096,optimized_split,0,3,100,34.5391917229,1720320,49.8077666033,524288,2909,true,1
fp16,4,64,16,64,4096,baseline_fused,0,4,100,27.2933459282,671744,24.6120062292,524288,2909,true,1
fp16,4,64,16,64,4096,optimized_fused,0,5,100,21.5860772133,671744,31.1193179457,524288,2909,true,1
fp16,4,64,16,64,4096,warp64_transform,0,6,100,6.53249979019,1048576,160.516805768,524288,2909,true,1
fp16,4,64,16,64,4096,warp64_split,0,7,100,14.7392308712,1720320,116.717080764,524288,2909,true,1
fp16,4,64,16,64,4096,warp64_fused,0,8,100,9.30730760098,671744,72.1738260729,524288,2909,true,1
fp16,4,64,16,64,4096,optimized_transform,1,0,100,16.2656152248,1048576,64.4658062733,524288,2909,true,1
fp16,4,64,16,64,4096,baseline_split,1,1,100,38.530728817,1720320,44.6480005133,524288,2909,true,1
fp16,4,64,16,64,4096,optimized_split,1,2,100,34.4736146927,1720320,49.9025128446,524288,2909,true,1
fp16,4,64,16,64,4096,baseline_fused,1,3,100,27.3079228401,671744,24.5988683919,524288,2909,true,1
fp16,4,64,16,64,4096,optimized_fused,1,4,100,21.5715003014,671744,31.1403467824,524288,2909,true,1
fp16,4,64,16,64,4096,warp64_transform,1,5,100,6.50207698345,1048576,161.267853744,524288,2909,true,1
fp16,4,64,16,64,4096,warp64_split,1,6,100,14.4062304497,1720320,119.414999365,524288,2909,true,1
fp16,4,64,16,64,4096,warp64_fused,1,7,100,9.31542277336,671744,72.1109515202,524288,2909,true,1
fp16,4,64,16,64,4096,baseline_transform,1,8,100,16.1620771885,1048576,64.8787892652,524288,2909,true,1
fp16,4,64,16,64,4096,baseline_split,2,0,100,38.5409998894,1720320,44.6361019418,524288,2909,true,1
fp16,4,64,16,64,4096,optimized_split,2,1,100,34.498500824,1720320,49.8665147444,524288,2909,true,1
fp16,4,64,16,64,4096,baseline_fused,2,2,100,27.3128461838,671744,24.5944342629,524288,2909,true,1
fp16,4,64,16,64,4096,optimized_fused,2,3,100,21.6271924973,671744,31.0601572574,524288,2909,true,1
fp16,4,64,16,64,4096,warp64_transform,2,4,100,6.43692314625,1048576,162.90018945,524288,2909,true,1
fp16,4,64,16,64,4096,warp64_split,2,5,100,14.4092309475,1720320,119.390133052,524288,2909,true,1
fp16,4,64,16,64,4096,warp64_fused,2,6,100,9.32611584663,671744,72.0282710452,524288,2909,true,1
fp16,4,64,16,64,4096,baseline_transform,2,7,100,16.1584234238,1048576,64.8934597454,524288,2909,true,1
fp16,4,64,16,64,4096,optimized_transform,2,8,100,16.2548458576,1048576,64.5085169792,524288,2909,true,1
fp16,4,64,16,64,4096,optimized_split,3,0,100,34.523768425,1720320,49.8300179408,524288,2909,true,1
fp16,4,64,16,64,4096,baseline_fused,3,1,100,27.3223090172,671744,24.5859162041,524288,2909,true,1
fp16,4,64,16,64,4096,optimized_fused,3,2,100,21.6728830338,671744,30.9946765714,524288,2909,true,1
fp16,4,64,16,64,4096,warp64_transform,3,3,100,6.49411559105,1048576,161.465558366,524288,2909,true,1
fp16,4,64,16,64,4096,warp64_split,3,4,100,14.4411146641,1720320,119.126538361,524288,2909,true,1
fp16,4,64,16,64,4096,warp64_fused,3,5,100,9.32249963284,671744,72.0562109366,524288,2909,true,1
fp16,4,64,16,64,4096,baseline_transform,3,6,100,16.1676537991,1048576,64.8564110187,524288,2909,true,1
fp16,4,64,16,64,4096,optimized_transform,3,7,100,16.2625777721,1048576,64.4778469128,524288,2909,true,1
fp16,4,64,16,64,4096,baseline_split,3,8,100,38.5838842392,1720320,44.5864908088,524288,2909,true,1
fp16,4,64,16,64,4096,baseline_fused,4,0,100,27.2935771942,671744,24.6117976849,524288,2909,true,1
fp16,4,64,16,64,4096,optimized_fused,4,1,100,21.6010379791,671744,31.0977648689,524288,2909,true,1
fp16,4,64,16,64,4096,warp64_transform,4,2,100,6.53961539268,1048576,160.342151187,524288,2909,true,1
fp16,4,64,16,64,4096,warp64_split,4,3,100,14.4404995441,1720320,119.131612777,524288,2909,true,1
fp16,4,64,16,64,4096,warp64_fused,4,4,100,9.34457719326,671744,71.8859704519,524288,2909,true,1
fp16,4,64,16,64,4096,baseline_transform,4,5,100,16.1661541462,1048576,64.862427422,524288,2909,true,1
fp16,4,64,16,64,4096,optimized_transform,4,6,100,16.2618839741,1048576,64.4805977998,524288,2909,true,1
fp16,4,64,16,64,4096,baseline_split,4,7,100,38.5514998436,1720320,44.6239447746,524288,2909,true,1
fp16,4,64,16,64,4096,optimized_split,4,8,100,34.4822311401,1720320,49.8900431648,524288,2909,true,1
fp16,16,64,16,64,16384,baseline_transform,0,0,100,57.1317720413,4194304,73.4145616377,2097152,2909,true,1
fp16,16,64,16,64,16384,optimized_transform,0,1,100,57.2243452072,4194304,73.2957971788,2097152,2909,true,1
fp16,16,64,16,64,16384,baseline_split,0,2,100,127.288923264,6881280,54.0603205964,2097152,2909,true,1
fp16,16,64,16,64,16384,optimized_split,0,3,100,116.447534561,6881280,59.0933936552,2097152,2909,true,1
fp16,16,64,16,64,16384,baseline_fused,0,4,100,88.6894321442,2686976,30.2964618787,2097152,2909,true,1
fp16,16,64,16,64,16384,optimized_fused,0,5,100,66.7341136932,2686976,40.2639047902,2097152,2909,true,1
fp16,16,64,16,64,16384,warp64_transform,0,6,100,16.6061151028,4194304,252.575871843,2097152,2909,true,1
fp16,16,64,16,64,16384,warp64_split,0,7,100,34.9545001984,6881280,196.863921983,2097152,2909,true,1
fp16,16,64,16,64,16384,warp64_fused,0,8,100,22.8518843651,2686976,117.582250858,2097152,2909,true,1
fp16,16,64,16,64,16384,optimized_transform,1,0,100,57.2228479385,4194304,73.2977150055,2097152,2909,true,1
fp16,16,64,16,64,16384,baseline_split,1,1,100,127.433538437,6881280,53.99897142,2097152,2909,true,1
fp16,16,64,16,64,16384,optimized_split,1,2,100,116.559000015,6881280,59.0368826011,2097152,2909,true,1
fp16,16,64,16,64,16384,baseline_fused,1,3,100,88.8479995728,2686976,30.2423916455,2097152,2909,true,1
fp16,16,64,16,64,16384,optimized_fused,1,4,100,67.1290397644,2686976,40.0270286813,2097152,2909,true,1
fp16,16,64,16,64,16384,warp64_transform,1,5,100,16.9527697563,4194304,247.411134599,2097152,2909,true,1
fp16,16,64,16,64,16384,warp64_split,1,6,100,35.3357315063,6881280,194.739989995,2097152,2909,true,1
fp16,16,64,16,64,16384,warp64_fused,1,7,100,23.0539226532,2686976,116.551792093,2097152,2909,true,1
fp16,16,64,16,64,16384,baseline_transform,1,8,100,57.1131515503,4194304,73.4384968462,2097152,2909,true,1
fp16,16,64,16,64,16384,baseline_split,2,0,100,127.452001572,6881280,53.9911489435,2097152,2909,true,1
fp16,16,64,16,64,16384,optimized_split,2,1,100,116.526422501,6881280,59.0533876552,2097152,2909,true,1
fp16,16,64,16,64,16384,baseline_fused,2,2,100,88.8835334778,2686976,30.2303013265,2097152,2909,true,1
fp16,16,64,16,64,16384,optimized_fused,2,3,100,67.1391534805,2686976,40.0209990848,2097152,2909,true,1
fp16,16,64,16,64,16384,warp64_transform,2,4,100,16.9645774364,4194304,247.238931574,2097152,2909,true,1
fp16,16,64,16,64,16384,warp64_split,2,5,100,35.2471923828,6881280,195.229166773,2097152,2909,true,1
fp16,16,64,16,64,16384,warp64_fused,2,6,100,23.0676531792,2686976,116.482417138,2097152,2909,true,1
fp16,16,64,16,64,16384,baseline_transform,2,7,100,57.1215343475,4194304,73.4277194741,2097152,2909,true,1
fp16,16,64,16,64,16384,optimized_transform,2,8,100,57.2155380249,4194304,73.3070795939,2097152,2909,true,1
fp16,16,64,16,64,16384,optimized_split,3,0,100,116.548728943,6881280,59.0420853356,2097152,2909,true,1
fp16,16,64,16,64,16384,baseline_fused,3,1,100,88.858499527,2686976,30.2388180568,2097152,2909,true,1
fp16,16,64,16,64,16384,optimized_fused,3,2,100,67.1269226074,2686976,40.0282911182,2097152,2909,true,1
fp16,16,64,16,64,16384,warp64_transform,3,3,100,16.9347691536,4194304,247.674117194,2097152,2909,true,1
fp16,16,64,16,64,16384,warp64_split,3,4,100,35.189614296,6881280,195.548605396,2097152,2909,true,1
fp16,16,64,16,64,16384,warp64_fused,3,5,100,23.0877327919,2686976,116.381111312,2097152,2909,true,1
fp16,16,64,16,64,16384,baseline_transform,3,6,100,57.1184968948,4194304,73.4316242201,2097152,2909,true,1
fp16,16,64,16,64,16384,optimized_transform,3,7,100,57.2166538239,4194304,73.3056500108,2097152,2909,true,1
fp16,16,64,16,64,16384,baseline_split,3,8,100,127.520771027,6881280,53.962032574,2097152,2909,true,1
fp16,16,64,16,64,16384,baseline_fused,4,0,100,88.8758468628,2686976,30.2329158579,2097152,2909,true,1
fp16,16,64,16,64,16384,optimized_fused,4,1,100,67.106347084,2686976,40.0405642202,2097152,2909,true,1
fp16,16,64,16,64,16384,warp64_transform,4,2,100,16.9026148319,4194304,248.145274664,2097152,2909,true,1
fp16,16,64,16,64,16384,warp64_split,4,3,100,35.2231931686,6881280,195.362185565,2097152,2909,true,1
fp16,16,64,16,64,16384,warp64_fused,4,4,100,23.096768856,2686976,116.335579957,2097152,2909,true,1
fp16,16,64,16,64,16384,baseline_transform,4,5,100,57.1206569672,4194304,73.428847333,2097152,2909,true,1
fp16,16,64,16,64,16384,optimized_transform,4,6,100,57.2140741348,4194304,73.3089552427,2097152,2909,true,1
fp16,16,64,16,64,16384,baseline_split,4,7,100,127.520160675,6881280,53.9622908532,2097152,2909,true,1
fp16,16,64,16,64,16384,optimized_split,4,8,100,116.529006958,6881280,59.0520779301,2097152,2909,true,1
fp16,1,1,1,128,1,baseline_transform,0,0,100,3.97523075342,512,0.128797554597,256,2909,true,1
fp16,1,1,1,128,1,optimized_transform,0,1,100,4.05665397644,512,0.126212391536,256,2909,true,1
fp16,1,1,1,128,1,baseline_split,0,2,100,10.8323454857,836,0.0771762681595,256,2909,true,1
fp16,1,1,1,128,1,optimized_split,0,3,100,8.56542289257,836,0.0976017192012,256,2909,true,1
fp16,1,1,1,128,1,baseline_fused,0,4,100,8.37665379047,324,0.038678929332,256,2909,true,1
fp16,1,1,1,128,1,optimized_fused,0,5,100,5.78896105289,324,0.0559685921255,256,2909,true,1
fp16,1,1,1,128,1,warp64_transform,0,6,100,2.66915380955,512,0.191821092576,256,2909,true,1
fp16,1,1,1,128,1,warp64_split,0,7,100,6.04176938534,836,0.138370061265,256,2909,true,1
fp16,1,1,1,128,1,warp64_fused,0,8,100,3.682076931,324,0.0879938160097,256,2909,true,1
fp16,1,1,1,128,1,optimized_transform,1,0,100,4.05469238758,512,0.126273450871,256,2909,true,1
fp16,1,1,1,128,1,baseline_split,1,1,100,10.8186531067,836,0.0772739445249,256,2909,true,1
fp16,1,1,1,128,1,optimized_split,1,2,100,8.55769217014,836,0.0976898892106,256,2909,true,1
fp16,1,1,1,128,1,baseline_fused,1,3,100,8.3616155386,324,0.0387484928606,256,2909,true,1
fp16,1,1,1,128,1,optimized_fused,1,4,100,5.78761518002,324,0.0559816072635,256,2909,true,1
fp16,1,1,1,128,1,warp64_transform,1,5,100,2.67430782318,512,0.191451408683,256,2909,true,1
fp16,1,1,1,128,1,warp64_split,1,6,100,6.04003787041,836,0.138409728206,256,2909,true,1
fp16,1,1,1,128,1,warp64_fused,1,7,100,3.68099987507,324,0.0880195628895,256,2909,true,1
fp16,1,1,1,128,1,baseline_transform,1,8,100,3.95292311907,512,0.129524401203,256,2909,true,1
fp16,1,1,1,128,1,baseline_split,2,0,100,10.8179998398,836,0.077278610869,256,2909,true,1
fp16,1,1,1,128,1,optimized_split,2,1,100,8.55430781841,836,0.0977285383863,256,2909,true,1
fp16,1,1,1,128,1,baseline_fused,2,2,100,8.36053848267,324,0.0387534846795,256,2909,true,1
fp16,1,1,1,128,1,optimized_fused,2,3,100,5.78746140003,324,0.0559830947638,256,2909,true,1
fp16,1,1,1,128,1,warp64_transform,2,4,100,2.66461551189,512,0.192147796826,256,2909,true,1
fp16,1,1,1,128,1,warp64_split,2,5,100,6.03834569454,836,0.138448515916,256,2909,true,1
fp16,1,1,1,128,1,warp64_fused,2,6,100,3.66942316294,324,0.0882972569838,256,2909,true,1
fp16,1,1,1,128,1,baseline_transform,2,7,100,3.95292311907,512,0.129524401203,256,2909,true,1
fp16,1,1,1,128,1,optimized_transform,2,8,100,4.05646145344,512,0.12621838168,256,2909,true,1
fp16,1,1,1,128,1,optimized_split,3,0,100,8.57938468456,836,0.0974428855608,256,2909,true,1
fp16,1,1,1,128,1,baseline_fused,3,1,100,8.35776925087,324,0.0387663251132,256,2909,true,1
fp16,1,1,1,128,1,optimized_fused,3,2,100,5.78292310238,324,0.0560270289374,256,2909,true,1
fp16,1,1,1,128,1,warp64_transform,3,3,100,2.68180757761,512,0.19091600914,256,2909,true,1
fp16,1,1,1,128,1,warp64_split,3,4,100,6.03299975395,836,0.13857119743,256,2909,true,1
fp16,1,1,1,128,1,warp64_fused,3,5,100,3.67884606123,324,0.0880710947421,256,2909,true,1
fp16,1,1,1,128,1,baseline_transform,3,6,100,3.93234610558,512,0.130202170982,256,2909,true,1
fp16,1,1,1,128,1,optimized_transform,3,7,100,4.05496150255,512,0.126265070501,256,2909,true,1
fp16,1,1,1,128,1,baseline_split,3,8,100,10.8130764961,836,0.0773137968921,256,2909,true,1
fp16,1,1,1,128,1,baseline_fused,4,0,100,8.37726891041,324,0.038676089244,256,2909,true,1
fp16,1,1,1,128,1,optimized_fused,4,1,100,5.78957676888,324,0.055962639919,256,2909,true,1
fp16,1,1,1,128,1,warp64_transform,4,2,100,2.66892313957,512,0.19183767131,256,2909,true,1
fp16,1,1,1,128,1,warp64_split,4,3,100,6.0368847847,836,0.138482020084,256,2909,true,1
fp16,1,1,1,128,1,warp64_fused,4,4,100,3.67307692766,324,0.0882094239737,256,2909,true,1
fp16,1,1,1,128,1,baseline_transform,4,5,100,3.95292311907,512,0.129524401203,256,2909,true,1
fp16,1,1,1,128,1,optimized_transform,4,6,100,4.03823077679,512,0.126788197184,256,2909,true,1
fp16,1,1,1,128,1,baseline_split,4,7,100,10.8136928082,836,0.0773093904952,256,2909,true,1
fp16,1,1,1,128,1,optimized_split,4,8,100,8.55946183205,836,0.097669691904,256,2909,true,1
fp16,1,17,1,128,17,baseline_transform,0,0,100,5.82492291927,8704,1.49426870031,4352,2909,true,1
fp16,1,17,1,128,17,optimized_transform,0,1,100,5.92199981213,8704,1.46977377172,4352,2909,true,1
fp16,1,17,1,128,17,baseline_split,0,2,100,14.5201921463,14212,0.978774926448,4352,2909,true,1
fp16,1,17,1,128,17,optimized_split,0,3,100,12.2867310047,14212,1.156694974,4352,2909,true,1
fp16,1,17,1,128,17,baseline_fused,0,4,100,10.218423605,5508,0.539026391245,4352,2909,true,1
fp16,1,17,1,128,17,optimized_fused,0,5,100,7.63907670975,5508,0.721029544444,4352,2909,true,1
fp16,1,17,1,128,17,warp64_transform,0,6,100,3.21130782366,8704,2.71042219493,4352,2909,true,1
fp16,1,17,1,128,17,warp64_split,0,7,100,7.08084642887,14212,2.00710467919,4352,2909,true,1
fp16,1,17,1,128,17,warp64_fused,0,8,100,4.17557686567,5508,1.31909917532,4352,2909,true,1
fp16,1,17,1,128,17,optimized_transform,1,0,100,5.93273103237,8704,1.46711522105,4352,2909,true,1
fp16,1,17,1,128,17,baseline_split,1,1,100,14.5328462124,14212,0.977922685777,4352,2909,true,1
fp16,1,17,1,128,17,optimized_split,1,2,100,12.283115387,14212,1.15703545495,4352,2909,true,1
fp16,1,17,1,128,17,baseline_fused,1,3,100,10.1974618435,5508,0.540134406437,4352,2909,true,1
fp16,1,17,1,128,17,optimized_fused,1,4,100,7.64615356922,5508,0.720362199129,4352,2909,true,1
fp16,1,17,1,128,17,warp64_transform,1,5,100,3.21023076773,8704,2.71133156143,4352,2909,true,1
fp16,1,17,1,128,17,warp64_split,1,6,100,7.07569241524,14212,2.00856667672,4352,2909,true,1
fp16,1,17,1,128,17,warp64_fused,1,7,100,4.17815387249,5508,1.31828557973,4352,2909,true,1
fp16,1,17,1,128,17,baseline_transform,1,8,100,5.82088470459,8704,1.49530534304,4352,2909,true,1
fp16,1,17,1,128,17,baseline_split,2,0,100,14.5332694054,14212,0.977894209733,4352,2909,true,1
fp16,1,17,1,128,17,optimized_split,2,1,100,12.2888469696,14212,1.15649580755,4352,2909,true,1
fp16,1,17,1,128,17,baseline_fused,2,2,100,10.2096545696,5508,0.539489359061,4352,2909,true,1
fp16,1,17,1,128,17,optimized_fused,2,3,100,7.64550030231,5508,0.720423750207,4352,2909,true,1
fp16,1,17,1,128,17,warp64_transform,2,4,100,3.20869237185,8704,2.71263149948,4352,2909,true,1
fp16,1,17,1,128,17,warp64_split,2,5,100,7.07461535931,14212,2.0088724656,4352,2909,true,1
fp16,1,17,1,128,17,warp64_fused,2,6,100,4.17796164751,5508,1.31834623309,4352,2909,true,1
fp16,1,17,1,128,17,baseline_transform,2,7,100,5.81273078918,8704,1.49740291021,4352,2909,true,1
fp16,1,17,1,128,17,optimized_transform,2,8,100,5.92884600163,8704,1.46807658651,4352,2909,true,1
fp16,1,17,1,128,17,optimized_split,3,0,100,12.3017299175,14212,1.15528467096,4352,2909,true,1
fp16,1,17,1,128,17,baseline_fused,3,1,100,10.2165389061,5508,0.539125828289,4352,2909,true,1
fp16,1,17,1,128,17,optimized_fused,3,2,100,7.63565421104,5508,0.721352728628,4352,2909,true,1
fp16,1,17,1,128,17,warp64_transform,3,3,100,3.20507705212,8704,2.71569134173,4352,2909,true,1
fp16,1,17,1,128,17,warp64_split,3,4,100,7.07657694817,14212,2.00831561701,4352,2909,true,1
fp16,1,17,1,128,17,warp64_fused,3,5,100,4.1753461957,5508,1.3191720499,4352,2909,true,1
fp16,1,17,1,128,17,baseline_transform,3,6,100,5.81142306328,8704,1.49773986599,4352,2909,true,1
fp16,1,17,1,128,17,optimized_transform,3,7,100,5.90334653854,8704,1.47441793281,4352,2909,true,1
fp16,1,17,1,128,17,baseline_split,3,8,100,14.5236539841,14212,0.978541627031,4352,2909,true,1
fp16,1,17,1,128,17,baseline_fused,4,0,100,10.2298080921,5508,0.538426522805,4352,2909,true,1
fp16,1,17,1,128,17,optimized_fused,4,1,100,7.63757646084,5508,0.721171176255,4352,2909,true,1
fp16,1,17,1,128,17,warp64_transform,4,2,100,3.21084618568,8704,2.71081188467,4352,2909,true,1
fp16,1,17,1,128,17,warp64_split,4,3,100,7.07700014114,14212,2.00819552304,4352,2909,true,1
fp16,1,17,1,128,17,warp64_fused,4,4,100,4.17769223452,5508,1.31843125123,4352,2909,true,1
fp16,1,17,1,128,17,baseline_transform,4,5,100,5.82000017166,8704,1.49553260194,4352,2909,true,1
fp16,1,17,1,128,17,optimized_transform,4,6,100,5.91557681561,8704,1.4713696181,4352,2909,true,1
fp16,1,17,1,128,17,baseline_split,4,7,100,14.5060777664,14212,0.979727272171,4352,2909,true,1
fp16,1,17,1,128,17,optimized_split,4,8,100,12.2856545448,14212,1.15679632275,4352,2909,true,1
fp16,1,257,1,128,257,baseline_transform,0,0,100,6.0010766983,131584,21.9267319208,65792,2909,true,1
fp16,1,257,1,128,257,optimized_transform,0,1,100,6.06665372849,131584,21.6897165866,65792,2909,true,1
fp16,1,257,1,128,257,baseline_split,0,2,100,15.3694224358,214852,13.9791850278,65792,2909,true,1
fp16,1,257,1,128,257,optimized_split,0,3,100,12.553538084,214852,17.1148562709,65792,2909,true,1
fp16,1,257,1,128,257,baseline_fused,0,4,100,10.9397304058,83268,7.61152212268,65792,2909,true,1
fp16,1,257,1,128,257,optimized_fused,0,5,100,7.79249966145,83268,10.685659752,65792,2909,true,1
fp16,1,257,1,128,257,warp64_transform,0,6,100,4.63265389204,131584,28.4035896198,65792,2909,true,1
fp16,1,257,1,128,257,warp64_split,0,7,100,9.93319272995,214852,21.6297021352,65792,2909,true,1
fp16,1,257,1,128,257,warp64_fused,0,8,100,5.60526907444,83268,14.8553082634,65792,2909,true,1
fp16,1,257,1,128,257,optimized_transform,1,0,100,6.05611562729,131584,21.727458341,65792,2909,true,1
fp16,1,257,1,128,257,baseline_split,1,1,100,15.3722310066,214852,13.9766309723,65792,2909,true,1
fp16,1,257,1,128,257,optimized_split,1,2,100,12.5580000877,214852,17.1087751632,65792,2909,true,1
fp16,1,257,1,128,257,baseline_fused,1,3,100,10.9500002861,83268,7.60438336296,65792,2909,true,1
fp16,1,257,1,128,257,optimized_fused,1,4,100,7.79273092747,83268,10.6853426321,65792,2909,true,1
fp16,1,257,1,128,257,warp64_transform,1,5,100,4.64361548424,131584,28.33654088,65792,2909,true,1
fp16,1,257,1,128,257,warp64_split,1,6,100,9.94415402412,214852,21.6058600338,65792,2909,true,1
fp16,1,257,1,128,257,warp64_fused,1,7,100,5.60080766678,83268,14.8671414828,65792,2909,true,1
fp16,1,257,1,128,257,baseline_transform,1,8,100,6.00488483906,131584,21.9128265615,65792,2909,true,1
fp16,1,257,1,128,257,baseline_split,2,0,100,15.3514611721,214852,13.9955407235,65792,2909,true,1
fp16,1,257,1,128,257,optimized_split,2,1,100,12.5783848763,214852,17.0810483312,65792,2909,true,1
fp16,1,257,1,128,257,baseline_fused,2,2,100,10.9491539001,83268,7.60497119315,65792,2909,true,1
fp16,1,257,1,128,257,optimized_fused,2,3,100,7.7864998579,83268,10.693893472,65792,2909,true,1
fp16,1,257,1,128,257,warp64_transform,2,4,100,4.62257683277,131584,28.4655084729,65792,2909,true,1
fp16,1,257,1,128,257,warp64_split,2,5,100,9.93707716465,214852,21.6212470166,65792,2909,true,1
fp16,1,257,1,128,257,warp64_fused,2,6,100,5.60615360737,83268,14.8529644087,65792,2909,true,1
fp16,1,257,1,128,257,baseline_transform,2,7,100,6.00942254066,131584,21.8962802348,65792,2909,true,1
fp16,1,257,1,128,257,optimized_transform,2,8,100,6.05161547661,131584,21.7436154872,65792,2909,true,1
fp16,1,257,1,128,257,optimized_split,3,0,100,12.568885088,214852,17.0939584932,65792,2909,true,1
fp16,1,257,1,128,257,baseline_fused,3,1,100,10.9635007381,83268,7.5950193272,65792,2909,true,1
fp16,1,257,1,128,257,optimized_fused,3,2,100,7.79038488865,83268,10.6885604742,65792,2909,true,1
fp16,1,257,1,128,257,warp64_transform,3,3,100,4.6373847127,131584,28.3746137429,65792,2909,true,1
fp16,1,257,1,128,257,warp64_split,3,4,100,9.93857741356,214852,21.6179832445,65792,2909,true,1
fp16,1,257,1,128,257,warp64_fused,3,5,100,5.59865355492,83268,14.8728616949,65792,2909,true,1
fp16,1,257,1,128,257,baseline_transform,3,6,100,6.01307690144,131584,21.8829730863,65792,2909,true,1
fp16,1,257,1,128,257,optimized_transform,3,7,100,6.0613077879,131584,21.7088464412,65792,2909,true,1
fp16,1,257,1,128,257,baseline_split,3,8,100,15.3735005856,214852,13.97547675,65792,2909,true,1
fp16,1,257,1,128,257,baseline_fused,4,0,100,10.95023036,83268,7.6042235882,65792,2909,true,1
fp16,1,257,1,128,257,optimized_fused,4,1,100,7.79507696629,83268,10.6821267269,65792,2909,true,1
fp16,1,257,1,128,257,warp64_transform,4,2,100,4.63584601879,131584,28.3840316237,65792,2909,true,1
fp16,1,257,1,128,257,warp64_split,4,3,100,9.93300020695,214852,21.6301213655,65792,2909,true,1
fp16,1,257,1,128,257,warp64_fused,4,4,100,5.59092283249,83268,14.8934268089,65792,2909,true,1
fp16,1,257,1,128,257,baseline_transform,4,5,100,6.01819217205,131584,21.86437326,65792,2909,true,1
fp16,1,257,1,128,257,optimized_transform,4,6,100,6.07692301273,131584,21.6530635199,65792,2909,true,1
fp16,1,257,1,128,257,baseline_split,4,7,100,15.3493070602,214852,13.9975048487,65792,2909,true,1
fp16,1,257,1,128,257,optimized_split,4,8,100,12.5279998779,214852,17.1497447393,65792,2909,true,1
fp16,4,64,16,128,4096,baseline_transform,0,0,100,17.8590011597,2097152,117.428291832,1048576,2909,true,1
fp16,4,64,16,128,4096,optimized_transform,0,1,100,16.8853068352,2097152,124.19981588,1048576,2909,true,1
fp16,4,64,16,128,4096,baseline_split,0,2,100,58.2000017166,3424256,58.8360120103,1048576,2909,true,1
fp16,4,64,16,128,4096,optimized_split,0,3,100,35.7012701035,3424256,95.914122665,1048576,2909,true,1
fp16,4,64,16,128,4096,baseline_fused,0,4,100,48.6601924896,1327104,27.2728884145,1048576,2909,true,1
fp16,4,64,16,128,4096,optimized_fused,0,5,100,25.0167679787,1327104,53.0485793022,1048576,2909,true,1
fp16,4,64,16,128,4096,warp64_transform,0,6,100,7.82746136189,2097152,267.922370107,1048576,2909,true,1
fp16,4,64,16,128,4096,warp64_split,0,7,100,17.9560768604,3424256,190.701790075,1048576,2909,true,1
fp16,4,64,16,128,4096,warp64_fused,0,8,100,12.4658465385,1327104,106.459196004,1048576,2909,true,1
fp16,4,64,16,128,4096,optimized_transform,1,0,100,16.8833851814,2097152,124.213952206,1048576,2909,true,1
fp16,4,64,16,128,4096,baseline_split,1,1,100,58.1506919861,3424256,58.885902868,1048576,2909,true,1
fp16,4,64,16,128,4096,optimized_split,1,2,100,35.7190775871,3424256,95.8663053839,1048576,2909,true,1
fp16,4,64,16,128,4096,baseline_fused,1,3,100,48.7647724152,1327104,27.2143995403,1048576,2909,true,1
fp16,4,64,16,128,4096,optimized_fused,1,4,100,25.0491142273,1327104,52.9800769783,1048576,2909,true,1
fp16,4,64,16,128,4096,warp64_transform,1,5,100,7.81157672405,2097152,268.46718327,1048576,2909,true,1
fp16,4,64,16,128,4096,warp64_split,1,6,100,17.9376542568,3424256,190.897647539,1048576,2909,true,1
fp16,4,64,16,128,4096,warp64_fused,1,7,100,12.4549615383,1327104,106.552235904,1048576,2909,true,1
fp16,4,64,16,128,4096,baseline_transform,1,8,100,17.8422689438,2097152,117.538414347,1048576,2909,true,1
fp16,4,64,16,128,4096,baseline_split,2,0,100,58.099732399,3424256,58.9375520094,1048576,2909,true,1
fp16,4,64,16,128,4096,optimized_split,2,1,100,35.7811903954,3424256,95.6998904219,1048576,2909,true,1
fp16,4,64,16,128,4096,baseline_fused,2,2,100,48.763923645,1327104,27.214873226,1048576,2909,true,1
fp16,4,64,16,128,4096,optimized_fused,2,3,100,25.0289988518,1327104,53.0226561541,1048576,2909,true,1
fp16,4,64,16,128,4096,warp64_transform,2,4,100,7.81903862953,2097152,268.210978275,1048576,2909,true,1
fp16,4,64,16,128,4096,warp64_split,2,5,100,17.9684996605,3424256,190.569945443,1048576,2909,true,1
fp16,4,64,16,128,4096,warp64_fused,2,6,100,12.4696922302,1327104,106.426363658,1048576,2909,true,1
fp16,4,64,16,128,4096,baseline_transform,2,7,100,17.8026151657,2097152,117.80022095,1048576,2909,true,1
fp16,4,64,16,128,4096,optimized_transform,2,8,100,16.88803792,2097152,124.179730643,1048576,2909,true,1
fp16,4,64,16,128,4096,optimized_split,3,0,100,35.7310771942,3424256,95.8341104968,1048576,2909,true,1
fp16,4,64,16,128,4096,baseline_fused,3,1,100,48.7392711639,1327104,27.2286385969,1048576,2909,true,1
fp16,4,64,16,128,4096,optimized_fused,3,2,100,25.0309228897,1327104,53.0185804913,1048576,2909,true,1
fp16,4,64,16,128,4096,warp64_transform,3,3,100,7.85550057888,2097152,266.966055052,1048576,2909,true,1
fp16,4,64,16,128,4096,warp64_split,3,4,100,17.9511153698,3424256,190.75449795,1048576,2909,true,1
fp16,4,64,16,128,4096,warp64_fused,3,5,100,12.446577549,1327104,106.624009273,1048576,2909,true,1
fp16,4,64,16,128,4096,baseline_transform,3,6,100,17.8699612617,2097152,117.356270071,1048576,2909,true,1
fp16,4,64,16,128,4096,optimized_transform,3,7,100,16.8908846378,2097152,124.15880192,1048576,2909,true,1
fp16,4,64,16,128,4096,baseline_split,3,8,100,58.1361532211,3424256,58.9006291313,1048576,2909,true,1
fp16,4,64,16,128,4096,baseline_fused,4,0,100,48.6813831329,1327104,27.2610167295,1048576,2909,true,1
fp16,4,64,16,128,4096,optimized_fused,4,1,100,25.0748443604,1327104,52.9257123565,1048576,2909,true,1
fp16,4,64,16,128,4096,warp64_transform,4,2,100,7.80126869678,2097152,268.821916218,1048576,2909,true,1
fp16,4,64,16,128,4096,warp64_split,4,3,100,17.9884231091,3424256,190.358875775,1048576,2909,true,1
fp16,4,64,16,128,4096,warp64_fused,4,4,100,12.4654233456,1327104,106.462810224,1048576,2909,true,1
fp16,4,64,16,128,4096,baseline_transform,4,5,100,17.8146541119,2097152,117.720612864,1048576,2909,true,1
fp16,4,64,16,128,4096,optimized_transform,4,6,100,16.888076067,2097152,124.179450145,1048576,2909,true,1
fp16,4,64,16,128,4096,baseline_split,4,7,100,58.2405042648,3424256,58.7950953245,1048576,2909,true,1
fp16,4,64,16,128,4096,optimized_split,4,8,100,35.7008457184,3424256,95.9152628207,1048576,2909,true,1
fp16,16,64,16,128,16384,baseline_transform,0,0,100,58.9090776443,8388608,142.399241941,4194304,2909,true,1
fp16,16,64,16,128,16384,optimized_transform,0,1,100,57.8453445435,8388608,145.017858675,4194304,2909,true,1
fp16,16,64,16,128,16384,baseline_split,0,2,100,187.212467194,13697024,73.1629907202,4194304,2909,true,1
fp16,16,64,16,128,16384,optimized_split,0,3,100,117.722349167,13697024,116.350243577,4194304,2909,true,1
fp16,16,64,16,128,16384,baseline_fused,0,4,100,160.967998505,5308416,32.9780829066,4194304,2909,true,1
fp16,16,64,16,128,16384,optimized_fused,0,5,100,80.3172302246,5308416,66.0931158253,4194304,2909,true,1
fp16,16,64,16,128,16384,warp64_transform,0,6,100,18.7883460522,8388608,446.479321634,4194304,2909,true,1
fp16,16,64,16,128,16384,warp64_split,0,7,100,44.7379255295,13697024,306.161357235,4194304,2909,true,1
fp16,16,64,16,128,16384,warp64_fused,0,8,100,34.6105766296,5308416,153.375543459,4194304,2909,true,1
fp16,16,64,16,128,16384,optimized_transform,1,0,100,57.8515768051,8388608,145.002236123,4194304,2909,true,1
fp16,16,64,16,128,16384,baseline_split,1,1,100,187.550354004,13697024,73.0311818005,4194304,2909,true,1
fp16,16,64,16,128,16384,optimized_split,1,2,100,117.922496796,13697024,116.152764504,4194304,2909,true,1
fp16,16,64,16,128,16384,baseline_fused,1,3,100,161.066112518,5308416,32.9579941864,4194304,2909,true,1
fp16,16,64,16,128,16384,optimized_fused,1,4,100,80.2293872833,5308416,66.1654810008,4194304,2909,true,1
fp16,16,64,16,128,16384,warp64_transform,1,5,100,18.7975764275,8388608,446.260082111,4194304,2909,true,1
fp16,16,64,16,128,16384,warp64_split,1,6,100,44.7076940536,13697024,306.368384457,4194304,2909,true,1
fp16,16,64,16,128,16384,warp64_fused,1,7,100,34.6036934853,5308416,153.406051937,4194304,2909,true,1
fp16,16,64,16,128,16384,baseline_transform,1,8,100,58.996963501,8388608,142.187114424,4194304,2909,true,1
fp16,16,64,16,128,16384,baseline_split,2,0,100,187.419395447,13697024,73.0822120483,4194304,2909,true,1
fp16,16,64,16,128,16384,optimized_split,2,1,100,117.925043106,13697024,116.150256461,4194304,2909,true,1
fp16,16,64,16,128,16384,baseline_fused,2,2,100,161.027812958,5308416,32.9658330601,4194304,2909,true,1
fp16,16,64,16,128,16384,optimized_fused,2,3,100,80.2542304993,5308416,66.1449990483,4194304,2909,true,1
fp16,16,64,16,128,16384,warp64_transform,2,4,100,18.764538765,8388608,447.045787007,4194304,2909,true,1
fp16,16,64,16,128,16384,warp64_split,2,5,100,44.7033834457,13697024,306.397926605,4194304,2909,true,1
fp16,16,64,16,128,16384,warp64_fused,2,6,100,34.5976901054,5308416,153.432670904,4194304,2909,true,1
fp16,16,64,16,128,16384,baseline_transform,2,7,100,58.9118862152,8388608,142.392453186,4194304,2909,true,1
fp16,16,64,16,128,16384,optimized_transform,2,8,100,57.8432273865,8388608,145.023166566,4194304,2909,true,1
fp16,16,64,16,128,16384,optimized_split,3,0,100,117.892694473,13697024,116.182126986,4194304,2909,true,1
fp16,16,64,16,128,16384,baseline_fused,3,1,100,161.009616852,5308416,32.9695586127,4194304,2909,true,1
fp16,16,64,16,128,16384,optimized_fused,3,2,100,80.4962348938,5308416,65.9461403009,4194304,2909,true,1
fp16,16,64,16,128,16384,warp64_transform,3,3,100,18.7827694416,8388608,446.611881495,4194304,2909,true,1
fp16,16,64,16,128,16384,warp64_split,3,4,100,44.7448062897,13697024,306.1142764,4194304,2909,true,1
fp16,16,64,16,128,16384,warp64_fused,3,5,100,34.5998477936,5308416,153.423102658,4194304,2909,true,1
fp16,16,64,16,128,16384,baseline_transform,3,6,100,59.1375017166,8388608,141.849211693,4194304,2909,true,1
fp16,16,64,16,128,16384,optimized_transform,3,7,100,57.8476905823,8388608,145.011977411,4194304,2909,true,1
fp16,16,64,16,128,16384,baseline_split,3,8,100,187.55695343,13697024,73.0286121069,4194304,2909,true,1
fp16,16,64,16,128,16384,baseline_fused,4,0,100,160.977191925,5308416,32.9761995257,4194304,2909,true,1
fp16,16,64,16,128,16384,optimized_fused,4,1,100,80.3056907654,5308416,66.1026130204,4194304,2909,true,1
fp16,16,64,16,128,16384,warp64_transform,4,2,100,18.832038641,8388608,445.443436047,4194304,2909,true,1
fp16,16,64,16,128,16384,warp64_split,4,3,100,44.6403837204,13697024,306.830337431,4194304,2909,true,1
fp16,16,64,16,128,16384,warp64_fused,4,4,100,34.6240758896,5308416,153.31574529,4194304,2909,true,1
fp16,16,64,16,128,16384,baseline_transform,4,5,100,58.9397335052,8388608,142.325176941,4194304,2909,true,1
fp16,16,64,16,128,16384,optimized_transform,4,6,100,57.8513479233,8388608,145.002809807,4194304,2909,true,1
fp16,16,64,16,128,16384,baseline_split,4,7,100,187.415771484,13697024,73.0836252014,4194304,2909,true,1
fp16,16,64,16,128,16384,optimized_split,4,8,100,117.903423309,13697024,116.171554782,4194304,2909,true,1
fp16,1,1,1,256,1,baseline_transform,0,0,100,4.21780765057,1024,0.242780156146,512,2909,true,1
fp16,1,1,1,256,1,optimized_transform,0,1,100,4.39842313528,1024,0.232810707043,512,2909,true,1
fp16,1,1,1,256,1,baseline_split,0,2,100,14.7119998932,1668,0.11337683606,512,2909,true,1
fp16,1,1,1,256,1,optimized_split,0,3,100,9.16434586048,1668,0.182009717376,512,2909,true,1
fp16,1,1,1,256,1,baseline_fused,0,4,100,12.4172306061,644,0.0518634162826,512,2909,true,1
fp16,1,1,1,256,1,optimized_fused,0,5,100,6.39126896858,644,0.100762462535,512,2909,true,1
fp16,1,1,1,256,1,warp64_transform,0,6,100,2.89457678795,1024,0.353765014721,512,2909,true,1
fp16,1,1,1,256,1,warp64_split,0,7,100,7.00996160507,1668,0.237947095002,512,2909,true,1
fp16,1,1,1,256,1,warp64_fused,0,8,100,4.67807680368,644,0.137663408923,512,2909,true,1
fp16,1,1,1,256,1,optimized_transform,1,0,100,4.39073085785,1024,0.233218576395,512,2909,true,1
fp16,1,1,1,256,1,baseline_split,1,1,100,14.6946537495,1668,0.113510670509,512,2909,true,1
fp16,1,1,1,256,1,optimized_split,1,2,100,9.15557682514,1668,0.182184042781,512,2909,true,1
fp16,1,1,1,256,1,baseline_fused,1,3,100,12.4124991894,644,0.0518831856643,512,2909,true,1
fp16,1,1,1,256,1,optimized_fused,1,4,100,6.38911485672,644,0.100796434943,512,2909,true,1
fp16,1,1,1,256,1,warp64_transform,1,5,100,2.9020383954,1024,0.352855427971,512,2909,true,1
fp16,1,1,1,256,1,warp64_split,1,6,100,7.01638460159,1668,0.237729271514,512,2909,true,1
fp16,1,1,1,256,1,warp64_fused,1,7,100,4.6414232254,644,0.138750544547,512,2909,true,1
fp16,1,1,1,256,1,baseline_transform,1,8,100,4.19826924801,1024,0.243910035185,512,2909,true,1
fp16,1,1,1,256,1,baseline_split,2,0,100,14.6819996834,1668,0.113608502654,512,2909,true,1
fp16,1,1,1,256,1,optimized_split,2,1,100,9.15534675121,1668,0.182188621068,512,2909,true,1
fp16,1,1,1,256,1,baseline_fused,2,2,100,12.4120759964,644,0.0518849546351,512,2909,true,1
fp16,1,1,1,256,1,optimized_fused,2,3,100,6.38896107674,644,0.100798861077,512,2909,true,1
fp16,1,1,1,256,1,warp64_transform,2,4,100,2.90423065424,1024,0.352589075012,512,2909,true,1
fp16,1,1,1,256,1,warp64_split,2,5,100,7.00500011444,1668,0.238115627802,512,2909,true,1
fp16,1,1,1,256,1,warp64_fused,2,6,100,4.64957684278,644,0.138507228029,512,2909,true,1
fp16,1,1,1,256,1,baseline_transform,2,7,100,4.19846147299,1024,0.243898867856,512,2909,true,1
fp16,1,1,1,256,1,optimized_transform,2,8,100,4.39153850079,1024,0.233175685427,512,2909,true,1
fp16,1,1,1,256,1,optimized_split,3,0,100,9.16950047016,1668,0.18190740111,512,2909,true,1
fp16,1,1,1,256,1,baseline_fused,3,1,100,12.4255383015,644,0.0518287404839,512,2909,true,1
fp16,1,1,1,256,1,optimized_fused,3,2,100,6.38957679272,644,0.100789147841,512,2909,true,1
fp16,1,1,1,256,1,warp64_transform,3,3,100,2.90184617043,1024,0.352878801928,512,2909,true,1
fp16,1,1,1,256,1,warp64_split,3,4,100,7.00711488724,1668,0.238043763638,512,2909,true,1
fp16,1,1,1,256,1,warp64_fused,3,5,100,4.63780760765,644,0.138858713962,512,2909,true,1
fp16,1,1,1,256,1,baseline_transform,3,6,100,4.20365393162,1024,0.243597597866,512,2909,true,1
fp16,1,1,1,256,1,optimized_transform,3,7,100,4.39284622669,1024,0.233106270321,512,2909,true,1
fp16,1,1,1,256,1,baseline_split,3,8,100,14.6969997883,1668,0.113492551135,512,2909,true,1
fp16,1,1,1,256,1,baseline_fused,4,0,100,12.4429225922,644,0.0517563293696,512,2909,true,1
fp16,1,1,1,256,1,optimized_fused,4,1,100,6.38826966286,644,0.100809770718,512,2909,true,1
fp16,1,1,1,256,1,warp64_transform,4,2,100,2.89992302656,1024,0.353112820796,512,2909,true,1
fp16,1,1,1,256,1,warp64_split,4,3,100,7.00930774212,1668,0.237969291886,512,2909,true,1
fp16,1,1,1,256,1,warp64_fused,4,4,100,4.63349997997,644,0.138987806795,512,2909,true,1
fp16,1,1,1,256,1,baseline_transform,4,5,100,4.20253843069,1024,0.243662257202,512,2909,true,1
fp16,1,1,1,256,1,optimized_transform,4,6,100,4.37830775976,1024,0.233880315452,512,2909,true,1
fp16,1,1,1,256,1,baseline_split,4,7,100,14.6764230728,1668,0.113651670555,512,2909,true,1
fp16,1,1,1,256,1,optimized_split,4,8,100,9.15726900101,1668,0.18215037691,512,2909,true,1
fp16,1,17,1,256,17,baseline_transform,0,0,100,6.06407701969,17408,2.87067594021,8704,2909,true,1
fp16,1,17,1,256,17,optimized_transform,0,1,100,6.27446174622,17408,2.77442124984,8704,2909,true,1
fp16,1,17,1,256,17,baseline_split,0,2,100,18.4423077106,28356,1.53755161474,8704,2909,true,1
fp16,1,17,1,256,17,optimized_split,0,3,100,12.9246532917,28356,2.19394666611,8704,2909,true,1
fp16,1,17,1,256,17,baseline_fused,0,4,100,14.2937302589,10948,0.765930222669,8704,2909,true,1
fp16,1,17,1,256,17,optimized_fused,0,5,100,8.28107714653,10948,1.32205023649,8704,2909,true,1
fp16,1,17,1,256,17,warp64_transform,0,6,100,3.46500009298,17408,5.02395368914,8704,2909,true,1
fp16,1,17,1,256,17,warp64_split,0,7,100,8.12723100185,28356,3.48901120117,8704,2909,true,1
fp16,1,17,1,256,17,warp64_fused,0,8,100,5.16773045063,10948,2.1185315497,8704,2909,true,1
fp16,1,17,1,256,17,optimized_transform,1,0,100,6.25542283058,17408,2.78286543875,8704,2909,true,1
fp16,1,17,1,256,17,baseline_split,1,1,100,18.4403455257,28356,1.53771522125,8704,2909,true,1
fp16,1,17,1,256,17,optimized_split,1,2,100,12.9083454609,28356,2.19671840097,8704,2909,true,1
fp16,1,17,1,256,17,baseline_fused,1,3,100,14.2958843708,10948,0.765814811874,8704,2909,true,1
fp16,1,17,1,256,17,optimized_fused,1,4,100,8.25557649136,10948,1.32613391826,8704,2909,true,1
fp16,1,17,1,256,17,warp64_transform,1,5,100,3.45857679844,17408,5.03328421328,8704,2909,true,1
fp16,1,17,1,256,17,warp64_split,1,6,100,8.12503874302,28356,3.48995258938,8704,2909,true,1
fp16,1,17,1,256,17,warp64_fused,1,7,100,5.16346156597,10948,2.12028304271,8704,2909,true,1
fp16,1,17,1,256,17,baseline_transform,1,8,100,6.05203807354,17408,2.87638639884,8704,2909,true,1
fp16,1,17,1,256,17,baseline_split,2,0,100,18.4337306023,28356,1.53826702862,8704,2909,true,1
fp16,1,17,1,256,17,optimized_split,2,1,100,12.9340779781,28356,2.19234800099,8704,2909,true,1
fp16,1,17,1,256,17,baseline_fused,2,2,100,14.2993080616,10948,0.765631452434,8704,2909,true,1
fp16,1,17,1,256,17,optimized_fused,2,3,100,8.2596540451,10948,1.32547924407,8704,2909,true,1
fp16,1,17,1,256,17,warp64_transform,2,4,100,3.45707684755,17408,5.03546804646,8704,2909,true,1
fp16,1,17,1,256,17,warp64_split,2,5,100,8.12353849411,28356,3.49059711117,8704,2909,true,1
fp16,1,17,1,256,17,warp64_fused,2,6,100,5.15553832054,10948,2.12354158175,8704,2909,true,1
fp16,1,17,1,256,17,baseline_transform,2,7,100,6.06534659863,17408,2.87007505951,8704,2909,true,1
fp16,1,17,1,256,17,optimized_transform,2,8,100,6.25457704067,17408,2.78324175828,8704,2909,true,1
fp16,1,17,1,256,17,optimized_split,3,0,100,12.9109227657,28356,2.19627988754,8704,2909,true,1
fp16,1,17,1,256,17,baseline_fused,3,1,100,14.307384491,10948,0.765199258251,8704,2909,true,1
fp16,1,17,1,256,17,optimized_fused,3,2,100,8.2690769434,10948,1.32396881477,8704,2909,true,1
fp16,1,17,1,256,17,warp64_transform,3,3,100,3.45600008965,17408,5.03703690638,8704,2909,true,1
fp16,1,17,1,256,17,warp64_split,3,4,100,8.12761545181,28356,3.48884616504,8704,2909,true,1
fp16,1,17,1,256,17,warp64_fused,3,5,100,5.1675003767,10948,2.11862587362,8704,2909,true,1
fp16,1,17,1,256,17,baseline_transform,3,6,100,6.06811583042,17408,2.86876527846,8704,2909,true,1
fp16,1,17,1,256,17,optimized_transform,3,7,100,6.26311480999,17408,2.77944769146,8704,2909,true,1
fp16,1,17,1,256,17,baseline_split,3,8,100,18.4035384655,28356,1.5407906503,8704,2909,true,1
fp16,1,17,1,256,17,baseline_fused,4,0,100,14.3151533604,10948,0.764783982707,8704,2909,true,1
fp16,1,17,1,256,17,optimized_fused,4,1,100,8.27915370464,10948,1.32235737982,8704,2909,true,1
fp16,1,17,1,256,17,warp64_transform,4,2,100,3.45838457346,17408,5.03356397481,8704,2909,true,1
fp16,1,17,1,256,17,warp64_split,4,3,100,8.11584591866,28356,3.49390566112,8704,2909,true,1
fp16,1,17,1,256,17,warp64_fused,4,4,100,5.17180800438,10948,2.11686125833,8704,2909,true,1
fp16,1,17,1,256,17,baseline_transform,4,5,100,6.06838464737,17408,2.86863819807,8704,2909,true,1
fp16,1,17,1,256,17,optimized_transform,4,6,100,6.26292288303,17408,2.7795328675,8704,2909,true,1
fp16,1,17,1,256,17,baseline_split,4,7,100,18.4451150894,28356,1.53731759669,8704,2909,true,1
fp16,1,17,1,256,17,optimized_split,4,8,100,12.9057693481,28356,2.19715688659,8704,2909,true,1
fp16,1,257,1,256,257,baseline_transform,0,0,100,6.644577384,263168,39.6064316496,131584,2909,true,1
fp16,1,257,1,256,257,optimized_transform,0,1,100,6.68615400791,263168,39.3601463096,131584,2909,true,1
fp16,1,257,1,256,257,baseline_split,0,2,100,24.6561527252,428676,17.3861674519,131584,2909,true,1
fp16,1,257,1,256,257,optimized_split,0,3,100,13.6860001087,428676,31.3222268446,131584,2909,true,1
fp16,1,257,1,256,257,baseline_fused,0,4,100,20.0350761414,165508,8.26091195423,131584,2909,true,1
fp16,1,257,1,256,257,optimized_fused,0,5,100,8.77373039722,165508,18.8640398675,131584,2909,true,1
fp16,1,257,1,256,257,warp64_transform,0,6,100,4.9375769496,263168,53.2990174506,131584,2909,true,1
fp16,1,257,1,256,257,warp64_split,0,7,100,11.0339999199,428676,38.8504624898,131584,2909,true,1
fp16,1,257,1,256,257,warp64_fused,0,8,100,6.61242365837,165508,25.0298541883,131584,2909,true,1
fp16,1,257,1,256,257,optimized_transform,1,0,100,6.69084608555,263168,39.3325442904,131584,2909,true,1
fp16,1,257,1,256,257,baseline_split,1,1,100,24.6728825569,428676,17.3743784907,131584,2909,true,1
fp16,1,257,1,256,257,optimized_split,1,2,100,13.6870765686,428676,31.3197634171,131584,2909,true,1
fp16,1,257,1,256,257,baseline_fused,1,3,100,19.9855768681,165508,8.28137216617,131584,2909,true,1
fp16,1,257,1,256,257,optimized_fused,1,4,100,8.7883079052,165508,18.8327493512,131584,2909,true,1
fp16,1,257,1,256,257,warp64_transform,1,5,100,4.93349999189,263168,53.343062822,131584,2909,true,1
fp16,1,257,1,256,257,warp64_split,1,6,100,11.0382699966,428676,38.8354334629,131584,2909,true,1
fp16,1,257,1,256,257,warp64_fused,1,7,100,6.6235768795,165508,24.9877072481,131584,2909,true,1
fp16,1,257,1,256,257,baseline_transform,1,8,100,6.64584636688,263168,39.5988690487,131584,2909,true,1
fp16,1,257,1,256,257,baseline_split,2,0,100,24.6921539307,428676,17.360818388,131584,2909,true,1
fp16,1,257,1,256,257,optimized_split,2,1,100,13.6720764637,428676,31.3541254058,131584,2909,true,1
fp16,1,257,1,256,257,baseline_fused,2,2,100,20.013384819,165508,8.26986546737,131584,2909,true,1
fp16,1,257,1,256,257,optimized_fused,2,3,100,8.77669215202,165508,18.8576740682,131584,2909,true,1
fp16,1,257,1,256,257,warp64_transform,2,4,100,4.93180781603,263168,53.3613656122,131584,2909,true,1
fp16,1,257,1,256,257,warp64_split,2,5,100,11.0301542282,428676,38.8640078036,131584,2909,true,1
fp16,1,257,1,256,257,warp64_fused,2,6,100,6.61350011826,165508,25.0257801528,131584,2909,true,1
fp16,1,257,1,256,257,baseline_transform,2,7,100,6.65400028229,263168,39.5503439789,131584,2909,true,1
fp16,1,257,1,256,257,optimized_transform,2,8,100,6.6953843832,263168,39.305883716,131584,2909,true,1
fp16,1,257,1,256,257,optimized_split,3,0,100,13.6514997482,428676,31.4013850424,131584,2909,true,1
fp16,1,257,1,256,257,baseline_fused,3,1,100,20.0014615059,165508,8.2747953169,131584,2909,true,1
fp16,1,257,1,256,257,optimized_fused,3,2,100,8.79684627056,165508,18.8144699713,131584,2909,true,1
fp16,1,257,1,256,257,warp64_transform,3,3,100,4.93349999189,263168,53.343062822,131584,2909,true,1
fp16,1,257,1,256,257,warp64_split,3,4,100,11.0241162777,428676,38.8852937688,131584,2909,true,1
fp16,1,257,1,256,257,warp64_fused,3,5,100,6.62334620953,165508,24.98857749,131584,2909,true,1
fp16,1,257,1,256,257,baseline_transform,3,6,100,6.63773059845,263168,39.6472854836,131584,2909,true,1
fp16,1,257,1,256,257,optimized_transform,3,7,100,6.69084608555,263168,39.3325442904,131584,2909,true,1
fp16,1,257,1,256,257,baseline_split,3,8,100,24.6981143951,428676,17.3566286536,131584,2909,true,1
fp16,1,257,1,256,257,baseline_fused,4,0,100,19.9666929245,165508,8.28920445794,131584,2909,true,1
fp16,1,257,1,256,257,optimized_fused,4,1,100,8.78676950932,165508,18.8360466067,131584,2909,true,1
fp16,1,257,1,256,257,warp64_transform,4,2,100,4.93565380573,263168,53.3197850494,131584,2909,true,1
fp16,1,257,1,256,257,warp64_split,4,3,100,11.0168468952,428676,38.9109519336,131584,2909,true,1
fp16,1,257,1,256,257,warp64_fused,4,4,100,6.61196172237,165508,25.0316028661,131584,2909,true,1
fp16,1,257,1,256,257,baseline_transform,4,5,100,6.63792312145,263168,39.6461355736,131584,2909,true,1
fp16,1,257,1,256,257,optimized_transform,4,6,100,6.69665336609,263168,39.2984354443,131584,2909,true,1
fp16,1,257,1,256,257,baseline_split,4,7,100,24.6263861656,428676,17.407182569,131584,2909,true,1
fp16,1,257,1,256,257,optimized_split,4,8,100,13.6768078804,428676,31.343278618,131584,2909,true,1
fp16,4,64,16,256,4096,baseline_transform,0,0,100,29.1559243202,4194304,143.857692657,2097152,2909,true,1
fp16,4,64,16,256,4096,optimized_transform,0,1,100,28.8132691383,4194304,145.568487209,2097152,2909,true,1
fp16,4,64,16,256,4096,baseline_split,0,2,100,131.566505432,6832128,51.9290831474,2097152,2909,true,1
fp16,4,64,16,256,4096,optimized_split,0,3,100,50.7156515121,6832128,134.714388878,2097152,2909,true,1
fp16,4,64,16,256,4096,baseline_fused,0,4,100,122.533931732,2637824,21.5272942173,2097152,2909,true,1
fp16,4,64,16,256,4096,optimized_fused,0,5,100,39.427959919,2637824,66.9023709424,2097152,2909,true,1
fp16,4,64,16,256,4096,warp64_transform,0,6,100,11.60353899,4194304,361.46765255,2097152,2909,true,1
fp16,4,64,16,256,4096,warp64_split,0,7,100,26.8680000305,6832128,254.284948349,2097152,2909,true,1
fp16,4,64,16,256,4096,warp64_fused,0,8,100,19.2216539383,2637824,137.231895261,2097152,2909,true,1
fp16,4,64,16,256,4096,optimized_transform,1,0,100,28.9020013809,4194304,145.121576348,2097152,2909,true,1
fp16,4,64,16,256,4096,baseline_split,1,1,100,131.750154495,6832128,51.8566982041,2097152,2909,true,1
fp16,4,64,16,256,4096,optimized_split,1,2,100,50.8386564255,6832128,134.388445336,2097152,2909,true,1
fp16,4,64,16,256,4096,baseline_fused,1,3,100,122.831115723,2637824,21.4752099619,2097152,2909,true,1
fp16,4,64,16,256,4096,optimized_fused,1,4,100,39.5504999161,2637824,66.6950861708,2097152,2909,true,1
fp16,4,64,16,256,4096,warp64_transform,1,5,100,11.7273843288,4194304,357.650425908,2097152,2909,true,1
fp16,4,64,16,256,4096,warp64_split,1,6,100,27.1221542358,6832128,251.902114434,2097152,2909,true,1
fp16,4,64,16,256,4096,warp64_fused,1,7,100,19.3495762348,2637824,136.324639258,2097152,2909,true,1
fp16,4,64,16,256,4096,baseline_transform,1,8,100,29.3522310257,4194304,142.895577387,2097152,2909,true,1
fp16,4,64,16,256,4096,baseline_split,2,0,100,131.83303833,6832128,51.8240957391,2097152,2909,true,1
fp16,4,64,16,256,4096,optimized_split,2,1,100,51.1444616318,6832128,133.584904055,2097152,2909,true,1
fp16,4,64,16,256,4096,baseline_fused,2,2,100,122.592458725,2637824,21.5170168494,2097152,2909,true,1
fp16,4,64,16,256,4096,optimized_fused,2,3,100,39.5243477821,2637824,66.7392164076,2097152,2909,true,1
fp16,4,64,16,256,4096,warp64_transform,2,4,100,11.7435002327,4194304,357.159613138,2097152,2909,true,1
fp16,4,64,16,256,4096,warp64_split,2,5,100,27.1043467522,6832128,252.067613452,2097152,2909,true,1
fp16,4,64,16,256,4096,warp64_fused,2,6,100,19.3562316895,2637824,136.277765338,2097152,2909,true,1
fp16,4,64,16,256,4096,baseline_transform,2,7,100,29.2579221725,4194304,143.356181456,2097152,2909,true,1
fp16,4,64,16,256,4096,optimized_transform,2,8,100,28.9673447609,4194304,144.794216889,2097152,2909,true,1
fp16,4,64,16,256,4096,optimized_split,3,0,100,50.9809207916,6832128,134.013428826,2097152,2909,true,1
fp16,4,64,16,256,4096,baseline_fused,3,1,100,122.719497681,2637824,21.4947424806,2097152,2909,true,1
fp16,4,64,16,256,4096,optimized_fused,3,2,100,39.4782304764,2637824,66.8171791939,2097152,2909,true,1
fp16,4,64,16,256,4096,warp64_transform,3,3,100,11.6869235039,4194304,358.888632976,2097152,2909,true,1
fp16,4,64,16,256,4096,warp64_split,3,4,100,27.05057621,6832128,252.568667926,2097152,2909,true,1
fp16,4,64,16,256,4096,warp64_fused,3,5,100,19.3311536312,2637824,136.454556739,2097152,2909,true,1
fp16,4,64,16,256,4096,baseline_transform,3,6,100,29.3089222908,4194304,143.106729015,2097152,2909,true,1
fp16,4,64,16,256,4096,optimized_transform,3,7,100,29.0355014801,4194304,144.454333013,2097152,2909,true,1
fp16,4,64,16,256,4096,baseline_split,3,8,100,131.773920059,6832128,51.8473457945,2097152,2909,true,1
fp16,4,64,16,256,4096,baseline_fused,4,0,100,122.642536163,2637824,21.5082310145,2097152,2909,true,1
fp16,4,64,16,256,4096,optimized_fused,4,1,100,39.5217704773,2637824,66.7435686242,2097152,2909,true,1
fp16,4,64,16,256,4096,warp64_transform,4,2,100,11.7668449879,4194304,356.451028659,2097152,2909,true,1
fp16,4,64,16,256,4096,warp64_split,4,3,100,27.0891141891,6832128,252.209354366,2097152,2909,true,1
fp16,4,64,16,256,4096,warp64_fused,4,4,100,19.3560004234,2637824,136.279393588,2097152,2909,true,1
fp16,4,64,16,256,4096,baseline_transform,4,5,100,29.3181538582,4194304,143.061668217,2097152,2909,true,1
fp16,4,64,16,256,4096,optimized_transform,4,6,100,28.9261937141,4194304,145.000204363,2097152,2909,true,1
fp16,4,64,16,256,4096,baseline_split,4,7,100,132.060194016,6832128,51.7349535258,2097152,2909,true,1
fp16,4,64,16,256,4096,optimized_split,4,8,100,51.004076004,6832128,133.952588406,2097152,2909,true,1
fp16,16,64,16,256,16384,baseline_transform,0,0,100,100.837955475,16777216,166.377986553,8388608,2909,true,1
fp16,16,64,16,256,16384,optimized_transform,0,1,100,99.2068004608,16777216,169.113568042,8388608,2909,true,1
fp16,16,64,16,256,16384,baseline_split,0,2,100,456.408653259,27328512,59.8772871742,8388608,2909,true,1
fp16,16,64,16,256,16384,optimized_split,0,3,100,169.853134155,27328512,160.894952783,8388608,2909,true,1
fp16,16,64,16,256,16384,baseline_fused,0,4,100,432.816581726,10551296,24.3782157281,8388608,2909,true,1
fp16,16,64,16,256,16384,optimized_fused,0,5,100,137.140693665,10551296,76.9377470542,8388608,2909,true,1
fp16,16,64,16,256,16384,warp64_transform,0,6,100,33.0775785446,16777216,507.208107068,8388608,2909,true,1
fp16,16,64,16,256,16384,warp64_split,0,7,100,76.6834211349,27328512,356.380969909,8388608,2909,true,1
fp16,16,64,16,256,16384,warp64_fused,0,8,100,58.8887262344,10551296,179.173445831,8388608,2909,true,1
fp16,16,64,16,256,16384,optimized_transform,1,0,100,99.4146156311,16777216,168.760054983,8388608,2909,true,1
fp16,16,64,16,256,16384,baseline_split,1,1,100,456.761131287,27328512,59.8310804665,8388608,2909,true,1
fp16,16,64,16,256,16384,optimized_split,1,2,100,169.839191437,27328512,160.908161237,8388608,2909,true,1
fp16,16,64,16,256,16384,baseline_fused,1,3,100,432.944755554,10551296,24.3709985273,8388608,2909,true,1
fp16,16,64,16,256,16384,optimized_fused,1,4,100,137.142419815,10551296,76.9367786731,8388608,2909,true,1
fp16,16,64,16,256,16384,warp64_transform,1,5,100,33.0904626846,16777216,507.010619945,8388608,2909,true,1
fp16,16,64,16,256,16384,warp64_split,1,6,100,76.6761541367,27328512,356.414745989,8388608,2909,true,1
fp16,16,64,16,256,16384,warp64_fused,1,7,100,58.8203859329,10551296,179.381617999,8388608,2909,true,1
fp16,16,64,16,256,16384,baseline_transform,1,8,100,101.075115204,16777216,165.987602054,8388608,2909,true,1
fp16,16,64,16,256,16384,baseline_split,2,0,100,456.976242065,27328512,59.8029163978,8388608,2909,true,1
fp16,16,64,16,256,16384,optimized_split,2,1,100,169.807262421,27328512,160.938416947,8388608,2909,true,1
fp16,16,64,16,256,16384,baseline_fused,2,2,100,432.665939331,10551296,24.3867035531,8388608,2909,true,1
fp16,16,64,16,256,16384,optimized_fused,2,3,100,137.155265808,10551296,76.9295727571,8388608,2909,true,1
fp16,16,64,16,256,16384,warp64_transform,2,4,100,33.0644989014,16777216,507.408748279,8388608,2909,true,1
fp16,16,64,16,256,16384,warp64_split,2,5,100,76.6394996643,27328512,356.585208929,8388608,2909,true,1
fp16,16,64,16,256,16384,warp64_fused,2,6,100,58.8244247437,10551296,179.369301884,8388608,2909,true,1
fp16,16,64,16,256,16384,baseline_transform,2,7,100,101.0841465,16777216,165.972772002,8388608,2909,true,1
fp16,16,64,16,256,16384,optimized_transform,2,8,100,99.3951511383,16777216,168.793103163,8388608,2909,true,1
fp16,16,64,16,256,16384,optimized_split,3,0,100,169.820327759,27328512,160.926034949,8388608,2909,true,1
fp16,16,64,16,256,16384,baseline_fused,3,1,100,433.152809143,10551296,24.3592925575,8388608,2909,true,1
fp16,16,64,16,256,16384,optimized_fused,3,2,100,137.155914307,10551296,76.9292090198,8388608,2909,true,1
fp16,16,64,16,256,16384,warp64_transform,3,3,100,33.0897688866,16777216,507.021250511,8388608,2909,true,1
fp16,16,64,16,256,16384,warp64_split,3,4,100,76.6855382919,27328512,356.371130838,8388608,2909,true,1
fp16,16,64,16,256,16384,warp64_fused,3,5,100,58.8426160812,10551296,179.313849429,8388608,2909,true,1
fp16,16,64,16,256,16384,baseline_transform,3,6,100,101.031885147,16777216,166.058625706,8388608,2909,true,1
fp16,16,64,16,256,16384,optimized_transform,3,7,100,99.4197654724,16777216,168.751313386,8388608,2909,true,1
fp16,16,64,16,256,16384,baseline_split,3,8,100,456.766281128,27328512,59.8304058971,8388608,2909,true,1
fp16,16,64,16,256,16384,baseline_fused,4,0,100,433.021507263,10551296,24.3666788439,8388608,2909,true,1
fp16,16,64,16,256,16384,optimized_fused,4,1,100,137.238197327,10551296,76.8830850706,8388608,2909,true,1
fp16,16,64,16,256,16384,warp64_transform,4,2,100,33.1020021439,16777216,506.833874492,8388608,2909,true,1
fp16,16,64,16,256,16384,warp64_split,4,3,100,76.7325019836,27328512,356.153015913,8388608,2909,true,1
fp16,16,64,16,256,16384,warp64_fused,4,4,100,58.8392305374,10551296,179.324166948,8388608,2909,true,1
fp16,16,64,16,256,16384,baseline_transform,4,5,100,101.048154831,16777216,166.031888737,8388608,2909,true,1
fp16,16,64,16,256,16384,optimized_transform,4,6,100,99.3940734863,16777216,168.794933254,8388608,2909,true,1
fp16,16,64,16,256,16384,baseline_split,4,7,100,457.060279846,27328512,59.7919206832,8388608,2909,true,1
fp16,16,64,16,256,16384,optimized_split,4,8,100,169.824390411,27328512,160.922185169,8388608,2909,true,1
bf16,1,1,1,64,1,baseline_transform,0,0,100,3.54065388441,256,0.0723030288634,128,2909,true,1
bf16,1,1,1,64,1,optimized_transform,0,1,100,3.59723091125,256,0.071165851266,128,2909,true,1
bf16,1,1,1,64,1,baseline_split,0,2,100,8.55319261551,420,0.0491044711466,128,2909,true,1
bf16,1,1,1,64,1,optimized_split,0,3,100,7.83126890659,420,0.0536311554372,128,2909,true,1
bf16,1,1,1,64,1,baseline_fused,0,4,100,6.03857696056,164,0.0271587165438,128,2909,true,1
bf16,1,1,1,64,1,optimized_fused,0,5,100,5.31711518764,164,0.0308437929615,128,2909,true,1
bf16,1,1,1,64,1,warp64_transform,0,6,100,2.62884616852,256,0.097381126011,128,2909,true,1
bf16,1,1,1,64,1,warp64_split,0,7,100,5.64065337181,420,0.074459459271,128,2909,true,1
bf16,1,1,1,64,1,warp64_fused,0,8,100,3.3164614439,164,0.0494502959778,128,2909,true,1
bf16,1,1,1,64,1,optimized_transform,1,0,100,3.57130765915,256,0.07168242684,128,2909,true,1
bf16,1,1,1,64,1,baseline_split,1,1,100,8.51700007915,420,0.0493131379707,128,2909,true,1
bf16,1,1,1,64,1,optimized_split,1,2,100,7.82015383244,420,0.0537073833839,128,2909,true,1
bf16,1,1,1,64,1,baseline_fused,1,3,100,6.01649940014,164,0.0272583755258,128,2909,true,1
bf16,1,1,1,64,1,optimized_fused,1,4,100,5.3170388937,164,0.0308442355376,128,2909,true,1
bf16,1,1,1,64,1,warp64_transform,1,5,100,2.62884616852,256,0.097381126011,128,2909,true,1
bf16,1,1,1,64,1,warp64_split,1,6,100,5.64173042774,420,0.0744452443057,128,2909,true,1
bf16,1,1,1,64,1,warp64_fused,1,7,100,3.30580770969,164,0.0496096610577,128,2909,true,1
bf16,1,1,1,64,1,baseline_transform,1,8,100,3.52907687426,256,0.0725402163573,128,2909,true,1
bf16,1,1,1,64,1,baseline_split,2,0,100,8.54615390301,420,0.0491449141645,128,2909,true,1
bf16,1,1,1,64,1,optimized_split,2,1,100,7.8223079443,420,0.0536925934124,128,2909,true,1
bf16,1,1,1,64,1,baseline_fused,2,2,100,6.02146148682,164,0.0272359128027,128,2909,true,1
bf16,1,1,1,64,1,optimized_fused,2,3,100,5.31665325165,164,0.0308464728162,128,2909,true,1
bf16,1,1,1,64,1,warp64_transform,2,4,100,2.62907683849,256,0.0973725819846,128,2909,true,1
bf16,1,1,1,64,1,warp64_split,2,5,100,5.63853859901,420,0.0744873858048,128,2909,true,1
bf16,1,1,1,64,1,warp64_fused,2,6,100,3.3139231801,164,0.0494881718999,128,2909,true,1
bf16,1,1,1,64,1,baseline_transform,2,7,100,3.55073064566,256,0.0720978371911,128,2909,true,1
bf16,1,1,1,64,1,optimized_transform,2,8,100,3.56999993324,256,0.0717086848143,128,2909,true,1
bf16,1,1,1,64,1,optimized_split,3,0,100,7.82380819321,420,0.0536822976265,128,2909,true,1
bf16,1,1,1,64,1,baseline_fused,3,1,100,6.02076947689,164,0.0272390432202,128,2909,true,1
bf16,1,1,1,64,1,optimized_fused,3,2,100,5.31603813171,164,0.0308500420683,128,2909,true,1
bf16,1,1,1,64,1,warp64_transform,3,3,100,2.6264616847,256,0.0974695353414,128,2909,true,1
bf16,1,1,1,64,1,warp64_split,3,4,100,5.63700020313,420,0.0745077141857,128,2909,true,1
bf16,1,1,1,64,1,warp64_fused,3,5,100,3.30469220877,164,0.0496264068299,128,2909,true,1
bf16,1,1,1,64,1,baseline_transform,3,6,100,3.49757701159,256,0.0731935277342,128,2909,true,1
bf16,1,1,1,64,1,optimized_transform,3,7,100,3.56934607029,256,0.0717218210167,128,2909,true,1
bf16,1,1,1,64,1,baseline_split,3,8,100,8.56219172478,420,0.049052860938,128,2909,true,1
bf16,1,1,1,64,1,baseline_fused,4,0,100,6.03600025177,164,0.0271703103312,128,2909,true,1
bf16,1,1,1,64,1,optimized_fused,4,1,100,5.31750023365,164,0.0308415595287,128,2909,true,1
bf16,1,1,1,64,1,warp64_transform,4,2,100,2.62415379286,256,0.097555257888,128,2909,true,1
bf16,1,1,1,64,1,warp64_split,4,3,100,5.62950015068,420,0.0746069790849,128,2909,true,1
bf16,1,1,1,64,1,warp64_fused,4,4,100,3.30492317677,164,0.0496229386368,128,2909,true,1
bf16,1,1,1,64,1,baseline_transform,4,5,100,3.52992296219,256,0.0725228291785,128,2909,true,1
bf16,1,1,1,64,1,optimized_transform,4,6,100,3.5706537962,256,0.0716955534229,128,2909,true,1
bf16,1,1,1,64,1,baseline_split,4,7,100,8.53946149349,420,0.0491834292268,128,2909,true,1
bf16,1,1,1,64,1,optimized_split,4,8,100,7.82334625721,420,0.0536854673424,128,2909,true,1
bf16,1,17,1,64,17,baseline_transform,0,0,100,5.37511527538,4352,0.809657054228,2176,2909,true,1
bf16,1,17,1,64,17,optimized_transform,0,1,100,5.4293847084,4352,0.801564124433,2176,2909,true,1
bf16,1,17,1,64,17,baseline_split,0,2,100,12.2515380383,7140,0.582783971915,2176,2909,true,1
bf16,1,17,1,64,17,optimized_split,0,3,100,11.5604996681,7140,0.617620362871,2176,2909,true,1
bf16,1,17,1,64,17,baseline_fused,0,4,100,7.8904235363,2788,0.353339714551,2176,2909,true,1
bf16,1,17,1,64,17,optimized_fused,0,5,100,7.18007683754,2788,0.388296680256,2176,2909,true,1
bf16,1,17,1,64,17,warp64_transform,0,6,100,3.14869225025,4352,1.38216111773,2176,2909,true,1
bf16,1,17,1,64,17,warp64_split,0,7,100,6.67865335941,7140,1.06907779394,2176,2909,true,1
bf16,1,17,1,64,17,warp64_fused,0,8,100,3.82588475943,2788,0.728720328842,2176,2909,true,1
bf16,1,17,1,64,17,optimized_transform,1,0,100,5.42934656143,4352,0.801569756279,2176,2909,true,1
bf16,1,17,1,64,17,baseline_split,1,1,100,12.2603464127,7140,0.582365274168,2176,2909,true,1
bf16,1,17,1,64,17,optimized_split,1,2,100,11.5603077412,7140,0.61763061675,2176,2909,true,1
bf16,1,17,1,64,17,baseline_fused,1,3,100,7.88807690144,2788,0.353444830069,2176,2909,true,1
bf16,1,17,1,64,17,optimized_fused,1,4,100,7.18369245529,2788,0.388101247005,2176,2909,true,1
bf16,1,17,1,64,17,warp64_transform,1,5,100,3.14099997282,4352,1.38554601645,2176,2909,true,1
bf16,1,17,1,64,17,warp64_split,1,6,100,6.67323052883,7140,1.06994655275,2176,2909,true,1
bf16,1,17,1,64,17,warp64_fused,1,7,100,3.83249998093,2788,0.727462495466,2176,2909,true,1
bf16,1,17,1,64,17,baseline_transform,1,8,100,5.367000103,4352,0.810881296158,2176,2909,true,1
bf16,1,17,1,64,17,baseline_split,2,0,100,12.2183454037,7140,0.584367176087,2176,2909,true,1
bf16,1,17,1,64,17,optimized_split,2,1,100,11.5540778637,7140,0.617963638832,2176,2909,true,1
bf16,1,17,1,64,17,baseline_fused,2,2,100,7.88849949837,2788,0.353425895581,2176,2909,true,1
bf16,1,17,1,64,17,optimized_fused,2,3,100,7.1850001812,2788,0.38803060956,2176,2909,true,1
bf16,1,17,1,64,17,warp64_transform,2,4,100,3.14338475466,4352,1.3844948486,2176,2909,true,1
bf16,1,17,1,64,17,warp64_split,2,5,100,6.67626976967,7140,1.06945948057,2176,2909,true,1
bf16,1,17,1,64,17,warp64_fused,2,6,100,3.83784621954,2788,0.726449117686,2176,2909,true,1
bf16,1,17,1,64,17,baseline_transform,2,7,100,5.36611557007,4352,0.811014959177,2176,2909,true,1
bf16,1,17,1,64,17,optimized_transform,2,8,100,5.43496131897,4352,0.80074166946,2176,2909,true,1
bf16,1,17,1,64,17,optimized_split,3,0,100,11.549346447,7140,0.618216799779,2176,2909,true,1
bf16,1,17,1,64,17,baseline_fused,3,1,100,7.88315355778,2788,0.353665570456,2176,2909,true,1
bf16,1,17,1,64,17,optimized_fused,3,2,100,7.18819200993,2788,0.387858309315,2176,2909,true,1
bf16,1,17,1,64,17,warp64_transform,3,3,100,3.14719229937,4352,1.3828198553,2176,2909,true,1
bf16,1,17,1,64,17,warp64_split,3,4,100,6.67176902294,7140,1.07018093334,2176,2909,true,1
bf16,1,17,1,64,17,warp64_fused,3,5,100,3.82950007915,2788,0.728032365158,2176,2909,true,1
bf16,1,17,1,64,17,baseline_transform,3,6,100,5.36311507225,4352,0.811468697086,2176,2909,true,1
bf16,1,17,1,64,17,optimized_transform,3,7,100,5.43688476086,4352,0.8004583859,2176,2909,true,1
bf16,1,17,1,64,17,baseline_split,3,8,100,12.2461915016,7140,0.583038408231,2176,2909,true,1
bf16,1,17,1,64,17,baseline_fused,4,0,100,7.88038432598,2788,0.353789851443,2176,2909,true,1
bf16,1,17,1,64,17,optimized_fused,4,1,100,7.19465374947,2788,0.387509961853,2176,2909,true,1
bf16,1,17,1,64,17,warp64_transform,4,2,100,3.14892321825,4352,1.38205973864,2176,2909,true,1
bf16,1,17,1,64,17,warp64_split,4,3,100,6.67176902294,7140,1.07018093334,2176,2909,true,1
bf16,1,17,1,64,17,warp64_fused,4,4,100,3.8286152482,2788,0.728200620657,2176,2909,true,1
bf16,1,17,1,64,17,baseline_transform,4,5,100,5.37173032761,4352,0.810167252372,2176,2909,true,1
bf16,1,17,1,64,17,optimized_transform,4,6,100,5.43319284916,4352,0.801002305794,2176,2909,true,1
bf16,1,17,1,64,17,baseline_split,4,7,100,12.2481536865,7140,0.582945004018,2176,2909,true,1
bf16,1,17,1,64,17,optimized_split,4,8,100,11.5420770645,7140,0.618606162486,2176,2909,true,1
bf16,1,257,1,64,257,baseline_transform,0,0,100,5.46684622765,65792,12.0347266523,32896,2909,true,1
bf16,1,257,1,64,257,optimized_transform,0,1,100,5.54484605789,65792,11.8654331091,32896,2909,true,1
bf16,1,257,1,64,257,baseline_split,0,2,100,12.4146533012,107940,8.69456418805,32896,2909,true,1
bf16,1,257,1,64,257,optimized_split,0,3,100,11.752499342,107940,9.18442935917,32896,2909,true,1
bf16,1,257,1,64,257,baseline_fused,0,4,100,7.99176931381,42148,5.27392600374,32896,2909,true,1
bf16,1,257,1,64,257,optimized_fused,0,5,100,7.30026960373,42148,5.77348540367,32896,2909,true,1
bf16,1,257,1,64,257,warp64_transform,0,6,100,4.57415372133,65792,14.3834256582,32896,2909,true,1
bf16,1,257,1,64,257,warp64_split,0,7,100,9.53634560108,107940,11.3188011965,32896,2909,true,1
bf16,1,257,1,64,257,warp64_fused,0,8,100,5.2530002594,42148,8.02360516251,32896,2909,true,1
bf16,1,257,1,64,257,optimized_transform,1,0,100,5.54142296314,65792,11.872762725,32896,2909,true,1
bf16,1,257,1,64,257,baseline_split,1,1,100,12.4384617805,107940,8.67792190903,32896,2909,true,1
bf16,1,257,1,64,257,optimized_split,1,2,100,11.7604613304,107940,9.17821137857,32896,2909,true,1
bf16,1,257,1,64,257,baseline_fused,1,3,100,8.01169216633,42148,5.26081121503,32896,2909,true,1
bf16,1,257,1,64,257,optimized_fused,1,4,100,7.29234576225,42148,5.77975885595,32896,2909,true,1
bf16,1,257,1,64,257,warp64_transform,1,5,100,4.59130764008,65792,14.3296866944,32896,2909,true,1
bf16,1,257,1,64,257,warp64_split,1,6,100,9.52561557293,107940,11.3315511395,32896,2909,true,1
bf16,1,257,1,64,257,warp64_fused,1,7,100,5.23649990559,42148,8.04888776089,32896,2909,true,1
bf16,1,257,1,64,257,baseline_transform,1,8,100,5.46811580658,65792,12.0319324475,32896,2909,true,1
bf16,1,257,1,64,257,baseline_split,2,0,100,12.4536144733,107940,8.6673632166,32896,2909,true,1
bf16,1,257,1,64,257,optimized_split,2,1,100,11.7477691174,107940,9.18812745822,32896,2909,true,1
bf16,1,257,1,64,257,baseline_fused,2,2,100,7.98642337322,42148,5.27745625674,32896,2909,true,1
bf16,1,257,1,64,257,optimized_fused,2,3,100,7.30049967766,42148,5.77330345332,32896,2909,true,1
bf16,1,257,1,64,257,warp64_transform,2,4,100,4.58784610033,65792,14.3404984738,32896,2909,true,1
bf16,1,257,1,64,257,warp64_split,2,5,100,9.51961517334,107940,11.3386936378,32896,2909,true,1
bf16,1,257,1,64,257,warp64_fused,2,6,100,5.25365412235,42148,8.02260655506,32896,2909,true,1
bf16,1,257,1,64,257,baseline_transform,2,7,100,5.46515405178,65792,12.0384529652,32896,2909,true,1
bf16,1,257,1,64,257,optimized_transform,2,8,100,5.54357647896,65792,11.8681505071,32896,2909,true,1
bf16,1,257,1,64,257,optimized_split,3,0,100,11.752307415,107940,9.18457935011,32896,2909,true,1
bf16,1,257,1,64,257,baseline_fused,3,1,100,7.97680735588,42148,5.28381821443,32896,2909,true,1
bf16,1,257,1,64,257,optimized_fused,3,2,100,7.30138480663,42148,5.7726035699,32896,2909,true,1
bf16,1,257,1,64,257,warp64_transform,3,3,100,4.6020001173,65792,14.2963925083,32896,2909,true,1
bf16,1,257,1,64,257,warp64_split,3,4,100,9.52350020409,107940,11.3340681143,32896,2909,true,1
bf16,1,257,1,64,257,warp64_fused,3,5,100,5.22946178913,42148,8.05972042622,32896,2909,true,1
bf16,1,257,1,64,257,baseline_transform,3,6,100,5.46773016453,65792,12.0327810664,32896,2909,true,1
bf16,1,257,1,64,257,optimized_transform,3,7,100,5.54249942303,65792,11.8704568063,32896,2909,true,1
bf16,1,257,1,64,257,baseline_split,3,8,100,12.4366915226,107940,8.67915713788,32896,2909,true,1
bf16,1,257,1,64,257,baseline_fused,4,0,100,7.99069225788,42148,5.27463686997,32896,2909,true,1
bf16,1,257,1,64,257,optimized_fused,4,1,100,7.29253828526,42148,5.77960627032,32896,2909,true,1
bf16,1,257,1,64,257,warp64_transform,4,2,100,4.5976921916,65792,14.3097878801,32896,2909,true,1
bf16,1,257,1,64,257,warp64_split,4,3,100,9.53826963902,107940,11.3165179938,32896,2909,true,1
bf16,1,257,1,64,257,warp64_fused,4,4,100,5.24080753326,42148,8.04227206065,32896,2909,true,1
bf16,1,257,1,64,257,baseline_transform,4,5,100,5.46665370464,65792,12.0351504878,32896,2909,true,1
bf16,1,257,1,64,257,optimized_transform,4,6,100,5.53011596203,65792,11.8970380462,32896,2909,true,1
bf16,1,257,1,64,257,baseline_split,4,7,100,12.4375760555,107940,8.6785398954,32896,2909,true,1
bf16,1,257,1,64,257,optimized_split,4,8,100,11.7481923103,107940,9.18779648381,32896,2909,true,1
bf16,4,64,16,64,4096,baseline_transform,0,0,100,16.1629235744,1048576,64.8753918293,524288,2909,true,1
bf16,4,64,16,64,4096,optimized_transform,0,1,100,16.2626159191,1048576,64.4776956681,524288,2909,true,1
bf16,4,64,16,64,4096,baseline_split,0,2,100,38.5585379601,1720320,44.6157995353,524288,2909,true,1
bf16,4,64,16,64,4096,optimized_split,0,3,100,34.6594238281,1720320,49.6349855246,524288,2909,true,1
bf16,4,64,16,64,4096,baseline_fused,0,4,100,27.3107290268,671744,24.5963408498,524288,2909,true,1
bf16,4,64,16,64,4096,optimized_fused,0,5,100,21.6388082504,671744,31.0434841062,524288,2909,true,1
bf16,4,64,16,64,4096,warp64_transform,0,6,100,6.54126882553,1048576,160.301621592,524288,2909,true,1
bf16,4,64,16,64,4096,warp64_split,0,7,100,14.4661915302,1720320,118.920034786,524288,2909,true,1
bf16,4,64,16,64,4096,warp64_fused,0,8,100,9.35184597969,671744,71.8300965883,524288,2909,true,1
bf16,4,64,16,64,4096,optimized_transform,1,0,100,16.2565767765,1048576,64.5016484353,524288,2909,true,1
bf16,4,64,16,64,4096,baseline_split,1,1,100,38.5663056374,1720320,44.6068134235,524288,2909,true,1
bf16,4,64,16,64,4096,optimized_split,1,2,100,34.5608472824,1720320,49.7765574421,524288,2909,true,1
bf16,4,64,16,64,4096,baseline_fused,1,3,100,27.3790764809,671744,24.534940047,524288,2909,true,1
bf16,4,64,16,64,4096,optimized_fused,1,4,100,21.7013454437,671744,30.9540254885,524288,2909,true,1
bf16,4,64,16,64,4096,warp64_transform,1,5,100,6.53203845024,1048576,160.528142629,524288,2909,true,1
bf16,4,64,16,64,4096,warp64_split,1,6,100,14.4585001469,1720320,118.983295814,524288,2909,true,1
bf16,4,64,16,64,4096,warp64_fused,1,7,100,9.30923104286,671744,72.1589137607,524288,2909,true,1
bf16,4,64,16,64,4096,baseline_transform,1,8,100,16.1646533012,1048576,64.8684497254,524288,2909,true,1
bf16,4,64,16,64,4096,baseline_split,2,0,100,38.5656142235,1720320,44.6076131455,524288,2909,true,1
bf16,4,64,16,64,4096,optimized_split,2,1,100,34.5436930656,1720320,49.8012762194,524288,2909,true,1
bf16,4,64,16,64,4096,baseline_fused,2,2,100,27.3286914825,671744,24.5801742988,524288,2909,true,1
bf16,4,64,16,64,4096,optimized_fused,2,3,100,21.6586923599,671744,31.0149841383,524288,2909,true,1
bf16,4,64,16,64,4096,warp64_transform,2,4,100,6.56957685947,1048576,159.610888559,524288,2909,true,1
bf16,4,64,16,64,4096,warp64_split,2,5,100,14.4638466835,1720320,118.939313838,524288,2909,true,1
bf16,4,64,16,64,4096,warp64_fused,2,6,100,9.30384635925,671744,72.2006763721,524288,2909,true,1
bf16,4,64,16,64,4096,baseline_transform,2,7,100,16.1605393887,1048576,64.8849629819,524288,2909,true,1
bf16,4,64,16,64,4096,optimized_transform,2,8,100,16.2563455105,1048576,64.5025660487,524288,2909,true,1
bf16,4,64,16,64,4096,optimized_split,3,0,100,34.5726156235,1720320,49.7596137572,524288,2909,true,1
bf16,4,64,16,64,4096,baseline_fused,3,1,100,27.3190760612,671744,24.5888257163,524288,2909,true,1
bf16,4,64,16,64,4096,optimized_fused,3,2,100,21.6353464127,671744,31.0484513253,524288,2909,true,1
bf16,4,64,16,64,4096,warp64_transform,3,3,100,6.49307668209,1048576,161.49139327,524288,2909,true,1
bf16,4,64,16,64,4096,warp64_split,3,4,100,14.4544231892,1720320,119.016855774,524288,2909,true,1
bf16,4,64,16,64,4096,warp64_fused,3,5,100,9.34950053692,671744,71.8481160943,524288,2909,true,1
bf16,4,64,16,64,4096,baseline_transform,3,6,100,16.153922081,1048576,64.9115425184,524288,2909,true,1
bf16,4,64,16,64,4096,optimized_transform,3,7,100,16.2587308884,1048576,64.4931026413,524288,2909,true,1
bf16,4,64,16,64,4096,baseline_split,3,8,100,38.6091160774,1720320,44.5573526353,524288,2909,true,1
bf16,4,64,16,64,4096,baseline_fused,4,0,100,27.3302292824,671744,24.5787912373,524288,2909,true,1
bf16,4,64,16,64,4096,optimized_fused,4,1,100,21.6676926613,671744,31.0021011697,524288,2909,true,1
bf16,4,64,16,64,4096,warp64_transform,4,2,100,6.54984593391,1048576,160.091704535,524288,2909,true,1
bf16,4,64,16,64,4096,warp64_split,4,3,100,14.4272303581,1720320,119.241181938,524288,2909,true,1
bf16,4,64,16,64,4096,warp64_fused,4,4,100,9.35188412666,671744,71.8298035884,524288,2909,true,1
bf16,4,64,16,64,4096,baseline_transform,4,5,100,16.1627316475,1048576,64.8761622026,524288,2909,true,1
bf16,4,64,16,64,4096,optimized_transform,4,6,100,16.2670385838,1048576,64.4601655428,524288,2909,true,1
bf16,4,64,16,64,4096,baseline_split,4,7,100,38.5962677002,1720320,44.5721854083,524288,2909,true,1
bf16,4,64,16,64,4096,optimized_split,4,8,100,34.5353460312,1720320,49.813312959,524288,2909,true,1
bf16,16,64,16,64,16384,baseline_transform,0,0,100,57.1097326279,4194304,73.4428933039,2097152,2909,true,1
bf16,16,64,16,64,16384,optimized_transform,0,1,100,57.2166538239,4194304,73.3056500108,2097152,2909,true,1
bf16,16,64,16,64,16384,baseline_split,0,2,100,127.371845245,6881280,54.0251260924,2097152,2909,true,1
bf16,16,64,16,64,16384,optimized_split,0,3,100,116.553382874,6881280,59.0397278084,2097152,2909,true,1
bf16,16,64,16,64,16384,baseline_fused,0,4,100,88.6913490295,2686976,30.2958070815,2097152,2909,true,1
bf16,16,64,16,64,16384,optimized_fused,0,5,100,67.0219230652,2686976,40.0910012294,2097152,2909,true,1
bf16,16,64,16,64,16384,warp64_transform,0,6,100,16.8818461895,4194304,248.45055173,2097152,2909,true,1
bf16,16,64,16,64,16384,warp64_split,0,7,100,35.2049994469,6881280,195.463147511,2097152,2909,true,1
bf16,16,64,16,64,16384,warp64_fused,0,8,100,23.0393457413,2686976,116.625533996,2097152,2909,true,1
bf16,16,64,16,64,16384,optimized_transform,1,0,100,57.2177314758,4194304,73.3042693552,2097152,2909,true,1
bf16,16,64,16,64,16384,baseline_split,1,1,100,127.55569458,6881280,53.9472582753,2097152,2909,true,1
bf16,16,64,16,64,16384,optimized_split,1,2,100,116.629953384,6881280,59.0009667355,2097152,2909,true,1
bf16,16,64,16,64,16384,baseline_fused,1,3,100,88.9169979095,2686976,30.218923976,2097152,2909,true,1
bf16,16,64,16,64,16384,optimized_fused,1,4,100,67.2090005875,2686976,39.9794071704,2097152,2909,true,1
bf16,16,64,16,64,16384,warp64_transform,1,5,100,16.9502305984,4194304,247.448196981,2097152,2909,true,1
bf16,16,64,16,64,16384,warp64_split,1,6,100,35.3305387497,6881280,194.768612184,2097152,2909,true,1
bf16,16,64,16,64,16384,warp64_fused,1,7,100,23.096768856,2686976,116.335579957,2097152,2909,true,1
bf16,16,64,16,64,16384,baseline_transform,1,8,100,57.1212720871,4194304,73.4280566022,2097152,2909,true,1
bf16,16,64,16,64,16384,baseline_split,2,0,100,127.486038208,6881280,53.9767342113,2097152,2909,true,1
bf16,16,64,16,64,16384,optimized_split,2,1,100,116.607189178,6881280,59.0124849804,2097152,2909,true,1
bf16,16,64,16,64,16384,baseline_fused,2,2,100,88.8558864594,2686976,30.2397073179,2097152,2909,true,1
bf16,16,64,16,64,16384,optimized_fused,2,3,100,67.162694931,2686976,40.0069711729,2097152,2909,true,1
bf16,16,64,16,64,16384,warp64_transform,2,4,100,17.0296919346,4194304,246.293592163,2097152,2909,true,1
bf16,16,64,16,64,16384,warp64_split,2,5,100,35.3492307663,6881280,194.66562216,2097152,2909,true,1
bf16,16,64,16,64,16384,warp64_fused,2,6,100,23.0944609642,2686976,116.347205686,2097152,2909,true,1
bf16,16,64,16,64,16384,baseline_transform,2,7,100,57.1262311935,4194304,73.4216823405,2097152,2909,true,1
bf16,16,64,16,64,16384,optimized_transform,2,8,100,57.2262716293,4194304,73.2933298043,2097152,2909,true,1
bf16,16,64,16,64,16384,optimized_split,3,0,100,116.579999924,6881280,59.0262481086,2097152,2909,true,1
bf16,16,64,16,64,16384,baseline_fused,3,1,100,88.8801574707,2686976,30.2314495886,2097152,2909,true,1
bf16,16,64,16,64,16384,optimized_fused,3,2,100,67.1470785141,2686976,40.0162756066,2097152,2909,true,1
bf16,16,64,16,64,16384,warp64_transform,3,3,100,17.024115324,4194304,246.37427086,2097152,2909,true,1
bf16,16,64,16,64,16384,warp64_split,3,4,100,35.3155398369,6881280,194.851332637,2097152,2909,true,1
bf16,16,64,16,64,16384,warp64_fused,3,5,100,23.0166149139,2686976,116.74071144,2097152,2909,true,1
bf16,16,64,16,64,16384,baseline_transform,3,6,100,57.1210765839,4194304,73.4283079179,2097152,2909,true,1
bf16,16,64,16,64,16384,optimized_transform,3,7,100,57.2200345993,4194304,73.3013188365,2097152,2909,true,1
bf16,16,64,16,64,16384,baseline_split,3,8,100,127.526769638,6881280,53.9594943048,2097152,2909,true,1
bf16,16,64,16,64,16384,baseline_fused,4,0,100,88.8486194611,2686976,30.2421806472,2097152,2909,true,1
bf16,16,64,16,64,16384,optimized_fused,4,1,100,67.1755743027,2686976,39.9993007562,2097152,2909,true,1
bf16,16,64,16,64,16384,warp64_transform,4,2,100,16.9508850574,4194304,247.43864322,2097152,2909,true,1
bf16,16,64,16,64,16384,warp64_split,4,3,100,35.2723073959,6881280,195.090157351,2097152,2909,true,1
bf16,16,64,16,64,16384,warp64_fused,4,4,100,23.1216144562,2686976,116.210570204,2097152,2909,true,1
bf16,16,64,16,64,16384,baseline_transform,4,5,100,57.1247291565,4194304,73.4236128894,2097152,2909,true,1
bf16,16,64,16,64,16384,optimized_transform,4,6,100,57.2221946716,4194304,73.2985517957,2097152,2909,true,1
bf16,16,64,16,64,16384,baseline_split,4,7,100,127.459497452,6881280,53.9879737295,2097152,2909,true,1
bf16,16,64,16,64,16384,optimized_split,4,8,100,116.627578735,6881280,59.0021680516,2097152,2909,true,1
bf16,1,1,1,128,1,baseline_transform,0,0,100,3.97646158934,512,0.128757687833,256,2909,true,1
bf16,1,1,1,128,1,optimized_transform,0,1,100,4.05492305756,512,0.126266267629,256,2909,true,1
bf16,1,1,1,128,1,baseline_split,0,2,100,10.8295381069,836,0.0771962748315,256,2909,true,1
bf16,1,1,1,128,1,optimized_split,0,3,100,8.56711506844,836,0.0975824409176,256,2909,true,1
bf16,1,1,1,128,1,baseline_fused,0,4,100,8.37619185448,324,0.0386810624242,256,2909,true,1
bf16,1,1,1,128,1,optimized_fused,0,5,100,5.78892290592,324,0.0559689609389,256,2909,true,1
bf16,1,1,1,128,1,warp64_transform,0,6,100,2.67215371132,512,0.191605744023,256,2909,true,1
bf16,1,1,1,128,1,warp64_split,0,7,100,6.03988409042,836,0.138413252222,256,2909,true,1
bf16,1,1,1,128,1,warp64_fused,0,8,100,3.67500007153,324,0.0881632635902,256,2909,true,1
bf16,1,1,1,128,1,optimized_transform,1,0,100,4.05111551285,512,0.126384942216,256,2909,true,1
bf16,1,1,1,128,1,baseline_split,1,1,100,10.816270113,836,0.077290969185,256,2909,true,1
bf16,1,1,1,128,1,optimized_split,1,2,100,8.56030762196,836,0.0976600417788,256,2909,true,1
bf16,1,1,1,128,1,baseline_fused,1,3,100,8.36138486862,324,0.0387495618358,256,2909,true,1
bf16,1,1,1,128,1,optimized_fused,1,4,100,5.78503847122,324,0.056006541981,256,2909,true,1
bf16,1,1,1,128,1,warp64_transform,1,5,100,2.67130762339,512,0.191666431645,256,2909,true,1
bf16,1,1,1,128,1,warp64_split,1,6,100,6.04376912117,836,0.138324277986,256,2909,true,1
bf16,1,1,1,128,1,warp64_fused,1,7,100,3.67607682943,324,0.0881374397308,256,2909,true,1
bf16,1,1,1,128,1,baseline_transform,1,8,100,3.95550012589,512,0.129440016106,256,2909,true,1
bf16,1,1,1,128,1,baseline_split,2,0,100,10.8207690716,836,0.0772588338657,256,2909,true,1
bf16,1,1,1,128,1,optimized_split,2,1,100,8.55899989605,836,0.0976749632146,256,2909,true,1
bf16,1,1,1,128,1,baseline_fused,2,2,100,8.36146175861,324,0.0387492055042,256,2909,true,1
bf16,1,1,1,128,1,optimized_fused,2,3,100,5.7854616642,324,0.0560024452335,256,2909,true,1
bf16,1,1,1,128,1,warp64_transform,2,4,100,2.6616537571,512,0.192361609257,256,2909,true,1
bf16,1,1,1,128,1,warp64_split,2,5,100,6.04134619236,836,0.138379754012,256,2909,true,1
bf16,1,1,1,128,1,warp64_fused,2,6,100,3.66834610701,324,0.0883231817688,256,2909,true,1
bf16,1,1,1,128,1,baseline_transform,2,7,100,3.9499232173,512,0.129622772857,256,2909,true,1
bf16,1,1,1,128,1,optimized_transform,2,8,100,4.05900001526,512,0.126139442738,256,2909,true,1
bf16,1,1,1,128,1,optimized_split,3,0,100,8.57934653759,836,0.0974433188282,256,2909,true,1
bf16,1,1,1,128,1,baseline_fused,3,1,100,8.3588463068,324,0.038761329986,256,2909,true,1
bf16,1,1,1,128,1,optimized_fused,3,2,100,5.78807711601,324,0.0559771394724,256,2909,true,1
bf16,1,1,1,128,1,warp64_transform,3,3,100,2.67623066902,512,0.191313852698,256,2909,true,1
bf16,1,1,1,128,1,warp64_split,3,4,100,6.03346168995,836,0.138560588094,256,2909,true,1
bf16,1,1,1,128,1,warp64_fused,3,5,100,3.67911547422,324,0.0880646455024,256,2909,true,1
bf16,1,1,1,128,1,baseline_transform,3,6,100,3.93642306328,512,0.13006732045,256,2909,true,1
bf16,1,1,1,128,1,optimized_transform,3,7,100,4.04934614897,512,0.126440166181,256,2909,true,1
bf16,1,1,1,128,1,baseline_split,3,8,100,10.8083462715,836,0.077347632931,256,2909,true,1
bf16,1,1,1,128,1,baseline_fused,4,0,100,8.37065339088,324,0.0387066558451,256,2909,true,1
bf16,1,1,1,128,1,optimized_fused,4,1,100,5.78611552715,324,0.0559961166485,256,2909,true,1
bf16,1,1,1,128,1,warp64_transform,4,2,100,2.67169237137,512,0.191638829937,256,2909,true,1
bf16,1,1,1,128,1,warp64_split,4,3,100,6.04480743408,836,0.138300518109,256,2909,true,1
bf16,1,1,1,128,1,warp64_fused,4,4,100,3.67415398359,324,0.0881835659166,256,2909,true,1
bf16,1,1,1,128,1,baseline_transform,4,5,100,3.95334601402,512,0.129510545797,256,2909,true,1
bf16,1,1,1,128,1,optimized_transform,4,6,100,4.0395000577,512,0.126748358135,256,2909,true,1
bf16,1,1,1,128,1,baseline_split,4,7,100,10.8239996433,836,0.0772357749028,256,2909,true,1
bf16,1,1,1,128,1,optimized_split,4,8,100,8.55684638023,836,0.0976995452356,256,2909,true,1
bf16,1,17,1,128,17,baseline_transform,0,0,100,5.81980824471,8704,1.49558192195,4352,2909,true,1
bf16,1,17,1,128,17,optimized_transform,0,1,100,5.92542290688,8704,1.46892468889,4352,2909,true,1
bf16,1,17,1,128,17,baseline_split,0,2,100,14.5300376415,14212,0.978111712483,4352,2909,true,1
bf16,1,17,1,128,17,optimized_split,0,3,100,12.3053467274,14212,1.15494510759,4352,2909,true,1
bf16,1,17,1,128,17,baseline_fused,0,4,100,10.2161157131,5508,0.539148161069,4352,2909,true,1
bf16,1,17,1,128,17,optimized_fused,0,5,100,7.64873087406,5508,0.720119466967,4352,2909,true,1
bf16,1,17,1,128,17,warp64_transform,0,6,100,3.20869237185,8704,2.71263149948,4352,2909,true,1
bf16,1,17,1,128,17,warp64_split,0,7,100,7.09350049496,14212,2.00352421348,4352,2909,true,1
bf16,1,17,1,128,17,warp64_fused,0,8,100,4.1726154089,5508,1.32003538794,4352,2909,true,1
bf16,1,17,1,128,17,optimized_transform,1,0,100,5.92711508274,8704,1.46850531473,4352,2909,true,1
bf16,1,17,1,128,17,baseline_split,1,1,100,14.5324611664,14212,0.977948596407,4352,2909,true,1
bf16,1,17,1,128,17,optimized_split,1,2,100,12.2997689247,14212,1.15546886181,4352,2909,true,1
bf16,1,17,1,128,17,baseline_fused,1,3,100,10.2263462543,5508,0.538608791743,4352,2909,true,1
bf16,1,17,1,128,17,optimized_fused,1,4,100,7.64553844929,5508,0.720420155694,4352,2909,true,1
bf16,1,17,1,128,17,warp64_transform,1,5,100,3.2131922245,8704,2.70883264737,4352,2909,true,1
bf16,1,17,1,128,17,warp64_split,1,6,100,7.08623051643,14212,2.00557968966,4352,2909,true,1
bf16,1,17,1,128,17,warp64_fused,1,7,100,4.1753461957,5508,1.3191720499,4352,2909,true,1
bf16,1,17,1,128,17,baseline_transform,1,8,100,5.81700026989,8704,1.49630386731,4352,2909,true,1
bf16,1,17,1,128,17,baseline_split,2,0,100,14.523845911,14212,0.978528695985,4352,2909,true,1
bf16,1,17,1,128,17,optimized_split,2,1,100,12.3027694225,14212,1.15518705682,4352,2909,true,1
bf16,1,17,1,128,17,baseline_fused,2,2,100,10.21692276,5508,0.539105573114,4352,2909,true,1
bf16,1,17,1,128,17,optimized_fused,2,3,100,7.64015376568,5508,0.720927898695,4352,2909,true,1
bf16,1,17,1,128,17,warp64_transform,2,4,100,3.21276932955,8704,2.70918920943,4352,2909,true,1
bf16,1,17,1,128,17,warp64_split,2,5,100,7.07788407803,14212,2.00794472519,4352,2909,true,1
bf16,1,17,1,128,17,warp64_fused,2,6,100,4.1794615984,5508,1.31787309689,4352,2909,true,1
bf16,1,17,1,128,17,baseline_transform,2,7,100,5.83626925945,8704,1.49136367996,4352,2909,true,1
bf16,1,17,1,128,17,optimized_transform,2,8,100,5.91365396976,8704,1.47184803922,4352,2909,true,1
bf16,1,17,1,128,17,optimized_split,3,0,100,12.2877681255,14212,1.15659734582,4352,2909,true,1
bf16,1,17,1,128,17,baseline_fused,3,1,100,10.2235388756,5508,0.538756693453,4352,2909,true,1
bf16,1,17,1,128,17,optimized_fused,3,2,100,7.64376938343,5508,0.720586888969,4352,2909,true,1
bf16,1,17,1,128,17,warp64_transform,3,3,100,3.21407705545,8704,2.7080869095,4352,2909,true,1
bf16,1,17,1,128,17,warp64_split,3,4,100,7.1143078804,14212,1.99766445857,4352,2909,true,1
bf16,1,17,1,128,17,warp64_fused,3,5,100,4.19146150351,5508,1.31410010456,4352,2909,true,1
bf16,1,17,1,128,17,baseline_transform,3,6,100,5.8679997921,8704,1.48329930272,4352,2909,true,1
bf16,1,17,1,128,17,optimized_transform,3,7,100,5.95350027084,8704,1.46199707803,4352,2909,true,1
bf16,1,17,1,128,17,baseline_split,3,8,100,14.5842695236,14212,0.974474585579,4352,2909,true,1
bf16,1,17,1,128,17,baseline_fused,4,0,100,10.2475762367,5508,0.537492951773,4352,2909,true,1
bf16,1,17,1,128,17,optimized_fused,4,1,100,7.65446126461,5508,0.719580360994,4352,2909,true,1
bf16,1,17,1,128,17,warp64_transform,4,2,100,3.40030759573,8704,2.55976841946,4352,2909,true,1
bf16,1,17,1,128,17,warp64_split,4,3,100,7.28892326355,14212,1.94980787781,4352,2909,true,1
bf16,1,17,1,128,17,warp64_fused,4,4,100,4.18003857136,5508,1.31769119016,4352,2909,true,1
bf16,1,17,1,128,17,baseline_transform,4,5,100,5.82346141338,8704,1.49464371482,4352,2909,true,1
bf16,1,17,1,128,17,optimized_transform,4,6,100,5.9295386076,8704,1.46790510628,4352,2909,true,1
bf16,1,17,1,128,17,baseline_split,4,7,100,14.5626533031,14212,0.975921056703,4352,2909,true,1
bf16,1,17,1,128,17,optimized_split,4,8,100,45.0306558609,14212,0.315607217534,4352,2909,true,1
bf16,1,257,1,128,257,baseline_transform,0,0,100,6.04157686234,131584,21.7797444274,65792,2909,true,1
bf16,1,257,1,128,257,optimized_transform,0,1,100,6.09984636307,131584,21.5716908538,65792,2909,true,1
bf16,1,257,1,128,257,baseline_split,0,2,100,15.367269516,214852,13.9811434801,65792,2909,true,1
bf16,1,257,1,128,257,optimized_split,0,3,100,12.5826537609,214852,17.0752532878,65792,2909,true,1
bf16,1,257,1,128,257,baseline_fused,0,4,100,10.9592306614,83268,7.59797859656,65792,2909,true,1
bf16,1,257,1,128,257,optimized_fused,0,5,100,7.80084609985,83268,10.6742267357,65792,2909,true,1
bf16,1,257,1,128,257,warp64_transform,0,6,100,4.63776916265,131584,28.3722616165,65792,2909,true,1
bf16,1,257,1,128,257,warp64_split,0,7,100,9.92442309856,214852,21.648815036,65792,2909,true,1
bf16,1,257,1,128,257,warp64_fused,0,8,100,5.61515390873,83268,14.8291571974,65792,2909,true,1
bf16,1,257,1,128,257,optimized_transform,1,0,100,6.08680725098,131584,21.6179015655,65792,2909,true,1
bf16,1,257,1,128,257,baseline_split,1,1,100,15.3705000877,214852,13.9782049233,65792,2909,true,1
bf16,1,257,1,128,257,optimized_split,1,2,100,12.5601160526,214852,17.1058928994,65792,2909,true,1
bf16,1,257,1,128,257,baseline_fused,1,3,100,10.9827697277,83268,7.58169405937,65792,2909,true,1
bf16,1,257,1,128,257,optimized_fused,1,4,100,7.82423079014,83268,10.6423241125,65792,2909,true,1
bf16,1,257,1,128,257,warp64_transform,1,5,100,4.64465379715,131584,28.3302062429,65792,2909,true,1
bf16,1,257,1,128,257,warp64_split,1,6,100,9.95896100998,214852,21.5737364354,65792,2909,true,1
bf16,1,257,1,128,257,warp64_fused,1,7,100,5.6209230423,83268,14.8139370302,65792,2909,true,1
bf16,1,257,1,128,257,baseline_transform,1,8,100,6.01926863194,131584,21.8604631303,65792,2909,true,1
bf16,1,257,1,128,257,baseline_split,2,0,100,15.366230011,214852,13.9820892858,65792,2909,true,1
bf16,1,257,1,128,257,optimized_split,2,1,100,12.5734221935,214852,17.0877901571,65792,2909,true,1
bf16,1,257,1,128,257,baseline_fused,2,2,100,10.951308012,83268,7.60347530256,65792,2909,true,1
bf16,1,257,1,128,257,optimized_fused,2,3,100,7.79911518097,83268,10.6765957507,65792,2909,true,1
bf16,1,257,1,128,257,warp64_transform,2,4,100,4.64403837919,131584,28.3339605007,65792,2909,true,1
bf16,1,257,1,128,257,warp64_split,2,5,100,9.94930744171,214852,21.5946689012,65792,2909,true,1
bf16,1,257,1,128,257,warp64_fused,2,6,100,5.59607684612,83268,14.8797098913,65792,2909,true,1
bf16,1,257,1,128,257,baseline_transform,2,7,100,6.019307971,131584,21.8603202617,65792,2909,true,1
bf16,1,257,1,128,257,optimized_transform,2,8,100,6.06388449669,131584,21.6996217642,65792,2909,true,1
bf16,1,257,1,128,257,optimized_split,3,0,100,12.554577589,214852,17.11343918,65792,2909,true,1
bf16,1,257,1,128,257,baseline_fused,3,1,100,10.9615385532,83268,7.59637888382,65792,2909,true,1
bf16,1,257,1,128,257,optimized_fused,3,2,100,7.79123067856,83268,10.6874001599,65792,2909,true,1
bf16,1,257,1,128,257,warp64_transform,3,3,100,4.64211553335,131584,28.3456969252,65792,2909,true,1
bf16,1,257,1,128,257,warp64_split,3,4,100,9.95788455009,214852,21.5760685836,65792,2909,true,1
bf16,1,257,1,128,257,warp64_fused,3,5,100,5.60400009155,83268,14.8586721341,65792,2909,true,1
bf16,1,257,1,128,257,baseline_transform,3,6,100,6.00449979305,131584,21.9142317487,65792,2909,true,1
bf16,1,257,1,128,257,optimized_transform,3,7,100,6.07011556625,131584,21.6773467595,65792,2909,true,1
bf16,1,257,1,128,257,baseline_split,3,8,100,15.3645002842,214852,13.9836633816,65792,2909,true,1
bf16,1,257,1,128,257,baseline_fused,4,0,100,10.9602689743,83268,7.59725880772,65792,2909,true,1
bf16,1,257,1,128,257,optimized_fused,4,1,100,7.79719233513,83268,10.6792286789,65792,2909,true,1
bf16,1,257,1,128,257,warp64_transform,4,2,100,4.64334607124,131584,28.338185003,65792,2909,true,1
bf16,1,257,1,128,257,warp64_split,4,3,100,9.96788442135,214852,21.5544232776,65792,2909,true,1
bf16,1,257,1,128,257,warp64_fused,4,4,100,5.62307715416,83268,14.8082620453,65792,2909,true,1
bf16,1,257,1,128,257,baseline_transform,4,5,100,6.02269232273,131584,21.8480362185,65792,2909,true,1
bf16,1,257,1,128,257,optimized_transform,4,6,100,6.07069253922,131584,21.6752864933,65792,2909,true,1
bf16,1,257,1,128,257,baseline_split,4,7,100,15.3828847408,214852,13.9669511681,65792,2909,true,1
bf16,1,257,1,128,257,optimized_split,4,8,100,12.5997686386,214852,17.0520591419,65792,2909,true,1
bf16,4,64,16,128,4096,baseline_transform,0,0,100,17.9119241238,2097152,117.081335624,1048576,2909,true,1
bf16,4,64,16,128,4096,optimized_transform,0,1,100,16.8961918354,2097152,124.119802878,1048576,2909,true,1
bf16,4,64,16,128,4096,baseline_split,0,2,100,58.2919216156,3424256,58.7432341411,1048576,2909,true,1
bf16,4,64,16,128,4096,optimized_split,0,3,100,35.8270382881,3424256,95.577423187,1048576,2909,true,1
bf16,4,64,16,128,4096,baseline_fused,0,4,100,48.8142681122,1327104,27.186805238,1048576,2909,true,1
bf16,4,64,16,128,4096,optimized_fused,0,5,100,25.0341534615,1327104,53.0117386251,1048576,2909,true,1
bf16,4,64,16,128,4096,warp64_transform,0,6,100,7.84930765629,2097152,267.176685108,1048576,2909,true,1
bf16,4,64,16,128,4096,warp64_split,0,7,100,18.0113470554,3424256,190.116596469,1048576,2909,true,1
bf16,4,64,16,128,4096,warp64_fused,0,8,100,12.445076704,1327104,106.63686786,1048576,2909,true,1
bf16,4,64,16,128,4096,optimized_transform,1,0,100,16.888923645,2097152,124.173218145,1048576,2909,true,1
bf16,4,64,16,128,4096,baseline_split,1,1,100,58.2426548004,3424256,58.7929243908,1048576,2909,true,1
bf16,4,64,16,128,4096,optimized_split,1,2,100,35.7811903954,3424256,95.6998904219,1048576,2909,true,1
bf16,4,64,16,128,4096,baseline_fused,1,3,100,48.7703847885,1327104,27.2112677756,1048576,2909,true,1
bf16,4,64,16,128,4096,optimized_fused,1,4,100,25.0683832169,1327104,52.9393534685,1048576,2909,true,1
bf16,4,64,16,128,4096,warp64_transform,1,5,100,7.87261545658,2097152,266.385677233,1048576,2909,true,1
bf16,4,64,16,128,4096,warp64_split,1,6,100,18.0227315426,3424256,189.996504798,1048576,2909,true,1
bf16,4,64,16,128,4096,warp64_fused,1,7,100,12.4688470364,1327104,106.43357771,1048576,2909,true,1
bf16,4,64,16,128,4096,baseline_transform,1,8,100,17.8219223022,2097152,117.672603686,1048576,2909,true,1
bf16,4,64,16,128,4096,baseline_split,2,0,100,58.262386322,3424256,58.7730131937,1048576,2909,true,1
bf16,4,64,16,128,4096,optimized_split,2,1,100,35.7588839531,3424256,95.7595881485,1048576,2909,true,1
bf16,4,64,16,128,4096,baseline_fused,2,2,100,48.6518859863,1327104,27.2775448083,1048576,2909,true,1
bf16,4,64,16,128,4096,optimized_fused,2,3,100,25.0694990158,1327104,52.9369972317,1048576,2909,true,1
bf16,4,64,16,128,4096,warp64_transform,2,4,100,7.825730443,2097152,267.981629993,1048576,2909,true,1
bf16,4,64,16,128,4096,warp64_split,2,5,100,17.9931545258,3424256,190.308819674,1048576,2909,true,1
bf16,4,64,16,128,4096,warp64_fused,2,6,100,12.4545001984,1327104,106.556182814,1048576,2909,true,1
bf16,4,64,16,128,4096,baseline_transform,2,7,100,17.7766919136,2097152,117.972005714,1048576,2909,true,1
bf16,4,64,16,128,4096,optimized_transform,2,8,100,16.8818843365,2097152,124.224995161,1048576,2909,true,1
bf16,4,64,16,128,4096,optimized_split,3,0,100,35.7165002823,3424256,95.8732231024,1048576,2909,true,1
bf16,4,64,16,128,4096,baseline_fused,3,1,100,48.6903810501,1327104,27.2559789301,1048576,2909,true,1
bf16,4,64,16,128,4096,optimized_fused,3,2,100,25.0411915779,1327104,52.996839063,1048576,2909,true,1
bf16,4,64,16,128,4096,warp64_transform,3,3,100,7.81696140766,2097152,268.282250689,1048576,2909,true,1
bf16,4,64,16,128,4096,warp64_split,3,4,100,17.9659223557,3424256,190.597283692,1048576,2909,true,1
bf16,4,64,16,128,4096,warp64_fused,3,5,100,12.5065767765,1327104,106.11248975,1048576,2909,true,1
bf16,4,64,16,128,4096,baseline_transform,3,6,100,17.7430772781,2097152,118.195506175,1048576,2909,true,1
bf16,4,64,16,128,4096,optimized_transform,3,7,100,16.8861544132,2097152,124.193581835,1048576,2909,true,1
bf16,4,64,16,128,4096,baseline_split,3,8,100,58.2387685776,3424256,58.796847592,1048576,2909,true,1
bf16,4,64,16,128,4096,baseline_fused,4,0,100,48.7711906433,1327104,27.2108181591,1048576,2909,true,1
bf16,4,64,16,128,4096,optimized_fused,4,1,100,25.0823450089,1327104,52.9098854007,1048576,2909,true,1
bf16,4,64,16,128,4096,warp64_transform,4,2,100,7.85811543465,2097152,266.877219792,1048576,2909,true,1
bf16,4,64,16,128,4096,warp64_split,4,3,100,18.0508077145,3424256,189.700984807,1048576,2909,true,1
bf16,4,64,16,128,4096,warp64_fused,4,4,100,12.5056922436,1327104,106.119995131,1048576,2909,true,1
bf16,4,64,16,128,4096,baseline_transform,4,5,100,17.881500721,2097152,117.280536613,1048576,2909,true,1
bf16,4,64,16,128,4096,optimized_transform,4,6,100,16.8861544132,2097152,124.193581835,1048576,2909,true,1
bf16,4,64,16,128,4096,baseline_split,4,7,100,58.2978868484,3424256,58.7372233388,1048576,2909,true,1
bf16,4,64,16,128,4096,optimized_split,4,8,100,35.7565760612,3424256,95.7657689074,1048576,2909,true,1
bf16,16,64,16,128,16384,baseline_transform,0,0,100,58.7200403214,8388608,142.857667571,4194304,2909,true,1
bf16,16,64,16,128,16384,optimized_transform,0,1,100,57.8455400467,8388608,145.017368551,4194304,2909,true,1
bf16,16,64,16,128,16384,baseline_split,0,2,100,186.986122131,13697024,73.2515538794,4194304,2909,true,1
bf16,16,64,16,128,16384,optimized_split,0,3,100,117.749385834,13697024,116.32352817,4194304,2909,true,1
bf16,16,64,16,128,16384,baseline_fused,0,4,100,160.758419037,5308416,33.0210761701,4194304,2909,true,1
bf16,16,64,16,128,16384,optimized_fused,0,5,100,80.3986930847,5308416,66.0261478928,4194304,2909,true,1
bf16,16,64,16,128,16384,warp64_transform,0,6,100,18.7296545506,8388608,447.878415342,4194304,2909,true,1
bf16,16,64,16,128,16384,warp64_split,0,7,100,44.6980762482,13697024,306.434306567,4194304,2909,true,1
bf16,16,64,16,128,16384,warp64_fused,0,8,100,34.577999115,5308416,153.520045574,4194304,2909,true,1
bf16,16,64,16,128,16384,optimized_transform,1,0,100,57.8601551056,8388608,144.980738207,4194304,2909,true,1
bf16,16,64,16,128,16384,baseline_split,1,1,100,187.382354736,13697024,73.0966585369,4194304,2909,true,1
bf16,16,64,16,128,16384,optimized_split,1,2,100,117.850694656,13697024,116.223532156,4194304,2909,true,1
bf16,16,64,16,128,16384,baseline_fused,1,3,100,160.895996094,5308416,32.9928408965,4194304,2909,true,1
bf16,16,64,16,128,16384,optimized_fused,1,4,100,80.340423584,5308416,66.0740355003,4194304,2909,true,1
bf16,16,64,16,128,16384,warp64_transform,1,5,100,18.7741923332,8388608,446.815918955,4194304,2909,true,1
bf16,16,64,16,128,16384,warp64_split,1,6,100,44.6016550064,13697024,307.09676576,4194304,2909,true,1
bf16,16,64,16,128,16384,warp64_fused,1,7,100,34.5625376701,5308416,153.588722294,4194304,2909,true,1
bf16,16,64,16,128,16384,baseline_transform,1,8,100,58.9438056946,8388608,142.31534427,4194304,2909,true,1
bf16,16,64,16,128,16384,baseline_split,2,0,100,187.338199615,13697024,73.113887227,4194304,2909,true,1
bf16,16,64,16,128,16384,optimized_split,2,1,100,117.824544907,13697024,116.24932658,4194304,2909,true,1
bf16,16,64,16,128,16384,baseline_fused,2,2,100,160.985774994,5308416,32.9744413766,4194304,2909,true,1
bf16,16,64,16,128,16384,optimized_fused,2,3,100,80.2701568604,5308416,66.1318752527,4194304,2909,true,1
bf16,16,64,16,128,16384,warp64_transform,2,4,100,18.763923645,8388608,447.060442085,4194304,2909,true,1
bf16,16,64,16,128,16384,warp64_split,2,5,100,44.6303462982,13697024,306.899343968,4194304,2909,true,1
bf16,16,64,16,128,16384,warp64_fused,2,6,100,34.5434999466,5308416,153.673368599,4194304,2909,true,1
bf16,16,64,16,128,16384,baseline_transform,2,7,100,58.9116573334,8388608,142.393006405,4194304,2909,true,1
bf16,16,64,16,128,16384,optimized_transform,2,8,100,57.8451538086,8388608,145.018336847,4194304,2909,true,1
bf16,16,64,16,128,16384,optimized_split,3,0,100,117.82242775,13697024,116.25141547,4194304,2909,true,1
bf16,16,64,16,128,16384,baseline_fused,3,1,100,160.933074951,5308416,32.9852393712,4194304,2909,true,1
bf16,16,64,16,128,16384,optimized_fused,3,2,100,80.6003475189,5308416,65.8609567255,4194304,2909,true,1
bf16,16,64,16,128,16384,warp64_transform,3,3,100,18.764115572,8388608,447.055869371,4194304,2909,true,1
bf16,16,64,16,128,16384,warp64_split,3,4,100,44.6490001678,13697024,306.77112474,4194304,2909,true,1
bf16,16,64,16,128,16384,warp64_fused,3,5,100,34.538807869,5308416,153.69424504,4194304,2909,true,1
bf16,16,64,16,128,16384,baseline_transform,3,6,100,58.8505744934,8388608,142.540800531,4194304,2909,true,1
bf16,16,64,16,128,16384,optimized_transform,3,7,100,57.8498458862,8388608,145.006574719,4194304,2909,true,1
bf16,16,64,16,128,16384,baseline_split,3,8,100,187.443408966,13697024,73.0728494299,4194304,2909,true,1
bf16,16,64,16,128,16384,baseline_fused,4,0,100,160.891494751,5308416,32.9937639539,4194304,2909,true,1
bf16,16,64,16,128,16384,optimized_fused,4,1,100,80.4062366486,5308416,66.0199534422,4194304,2909,true,1
bf16,16,64,16,128,16384,warp64_transform,4,2,100,18.7491154671,8388608,447.41353344,4194304,2909,true,1
bf16,16,64,16,128,16384,warp64_split,4,3,100,44.6843481064,13697024,306.528450799,4194304,2909,true,1
bf16,16,64,16,128,16384,warp64_fused,4,4,100,34.5441532135,5308416,153.670462471,4194304,2909,true,1
bf16,16,64,16,128,16384,baseline_transform,4,5,100,58.9272737503,8388608,142.355270592,4194304,2909,true,1
bf16,16,64,16,128,16384,optimized_transform,4,6,100,57.8472709656,8388608,145.013029309,4194304,2909,true,1
bf16,16,64,16,128,16384,baseline_split,4,7,100,187.356243134,13697024,73.1068459258,4194304,2909,true,1
bf16,16,64,16,128,16384,optimized_split,4,8,100,117.778501511,13697024,116.294772173,4194304,2909,true,1
bf16,1,1,1,256,1,baseline_transform,0,0,100,4.21780765057,1024,0.242780156146,512,2909,true,1
bf16,1,1,1,256,1,optimized_transform,0,1,100,4.40526932478,1024,0.232448898014,512,2909,true,1
bf16,1,1,1,256,1,baseline_split,0,2,100,14.6995770931,1668,0.11347265227,512,2909,true,1
bf16,1,1,1,256,1,optimized_split,0,3,100,9.17803823948,1668,0.181738183747,512,2909,true,1
bf16,1,1,1,256,1,baseline_fused,0,4,100,12.4337303638,644,0.0517945927051,512,2909,true,1
bf16,1,1,1,256,1,optimized_fused,0,5,100,6.39834582806,644,0.100651014701,512,2909,true,1
bf16,1,1,1,256,1,warp64_transform,0,6,100,2.89153844118,1024,0.354136740988,512,2909,true,1
bf16,1,1,1,256,1,warp64_split,0,7,100,7.01099991798,1668,0.237911855586,512,2909,true,1
bf16,1,1,1,256,1,warp64_fused,0,8,100,4.67553853989,644,0.137738143854,512,2909,true,1
bf16,1,1,1,256,1,optimized_transform,1,0,100,4.39284622669,1024,0.233106270321,512,2909,true,1
bf16,1,1,1,256,1,baseline_split,1,1,100,14.7186148167,1668,0.113325881598,512,2909,true,1
bf16,1,1,1,256,1,optimized_split,1,2,100,9.16973054409,1668,0.181902836946,512,2909,true,1
bf16,1,1,1,256,1,baseline_fused,1,3,100,12.4335002899,644,0.0517955511307,512,2909,true,1
bf16,1,1,1,256,1,optimized_fused,1,4,100,6.39642357826,644,0.10068126229,512,2909,true,1
bf16,1,1,1,256,1,warp64_transform,1,5,100,2.89903849363,1024,0.353220559937,512,2909,true,1
bf16,1,1,1,256,1,warp64_split,1,6,100,7.01699972153,1668,0.237708431836,512,2909,true,1
bf16,1,1,1,256,1,warp64_fused,1,7,100,4.63219225407,644,0.139027044794,512,2909,true,1
bf16,1,1,1,256,1,baseline_transform,1,8,100,4.20280754566,1024,0.243646654974,512,2909,true,1
bf16,1,1,1,256,1,baseline_split,2,0,100,14.6858847141,1668,0.113578448454,512,2909,true,1
bf16,1,1,1,256,1,optimized_split,2,1,100,9.16692316532,1668,0.181958544859,512,2909,true,1
bf16,1,1,1,256,1,baseline_fused,2,2,100,12.4337303638,644,0.0517945927051,512,2909,true,1
bf16,1,1,1,256,1,optimized_fused,2,3,100,6.3940769434,644,0.100718212449,512,2909,true,1
bf16,1,1,1,256,1,warp64_transform,2,4,100,2.89630770683,1024,0.353553594317,512,2909,true,1
bf16,1,1,1,256,1,warp64_split,2,5,100,7.00161516666,1668,0.238230745377,512,2909,true,1
bf16,1,1,1,256,1,warp64_fused,2,6,100,4.65149998665,644,0.138449962775,512,2909,true,1
bf16,1,1,1,256,1,baseline_transform,2,7,100,4.20388460159,1024,0.243584231501,512,2909,true,1
bf16,1,1,1,256,1,optimized_transform,2,8,100,4.39757704735,1024,0.232855499511,512,2909,true,1
bf16,1,1,1,256,1,optimized_split,3,0,100,9.18388426304,1668,0.18162249787,512,2909,true,1
bf16,1,1,1,256,1,baseline_fused,3,1,100,12.4292683601,644,0.051813186532,512,2909,true,1
bf16,1,1,1,256,1,optimized_fused,3,2,100,6.39623105526,644,0.10068429274,512,2909,true,1
bf16,1,1,1,256,1,warp64_transform,3,3,100,2.90165394545,1024,0.352902178982,512,2909,true,1
bf16,1,1,1,256,1,warp64_split,3,4,100,7.0101159811,1668,0.237941854956,512,2909,true,1
bf16,1,1,1,256,1,warp64_fused,3,5,100,4.63223069906,644,0.139025890945,512,2909,true,1
bf16,1,1,1,256,1,baseline_transform,3,6,100,4.20838475227,1024,0.243323759655,512,2909,true,1
bf16,1,1,1,256,1,optimized_transform,3,7,100,4.39176917076,1024,0.233163438283,512,2909,true,1
bf16,1,1,1,256,1,baseline_split,3,8,100,14.6929228306,1668,0.113524042781,512,2909,true,1
bf16,1,1,1,256,1,baseline_fused,4,0,100,12.431153059,644,0.0518053310858,512,2909,true,1
bf16,1,1,1,256,1,optimized_fused,4,1,100,6.39576911926,644,0.100691564688,512,2909,true,1
bf16,1,1,1,256,1,warp64_transform,4,2,100,2.89630770683,1024,0.353553594317,512,2909,true,1
bf16,1,1,1,256,1,warp64_split,4,3,100,7.01226949692,1668,0.237868781389,512,2909,true,1
bf16,1,1,1,256,1,warp64_fused,4,4,100,4.63607698679,644,0.138910549121,512,2909,true,1
bf16,1,1,1,256,1,baseline_transform,4,5,100,4.20646160841,1024,0.243435004364,512,2909,true,1
bf16,1,1,1,256,1,optimized_transform,4,6,100,5.0024998188,1024,0.204697658589,512,2909,true,1
bf16,1,1,1,256,1,baseline_split,4,7,100,14.6924996376,1668,0.113527312652,512,2909,true,1
bf16,1,1,1,256,1,optimized_split,4,8,100,9.16499972343,1668,0.18199673217,512,2909,true,1
bf16,1,17,1,256,17,baseline_transform,0,0,100,6.07757687569,17408,2.86429943316,8704,2909,true,1
bf16,1,17,1,256,17,optimized_transform,0,1,100,6.26830756664,17408,2.77714515679,8704,2909,true,1
bf16,1,17,1,256,17,baseline_split,0,2,100,18.4281539917,28356,1.53873252919,8704,2909,true,1
bf16,1,17,1,256,17,optimized_split,0,3,100,12.9180002213,28356,2.19507659965,8704,2909,true,1
bf16,1,17,1,256,17,baseline_fused,0,4,100,14.2983853817,10948,0.765680858904,8704,2909,true,1
bf16,1,17,1,256,17,optimized_fused,0,5,100,8.27273130417,10948,1.32338397048,8704,2909,true,1
bf16,1,17,1,256,17,warp64_transform,0,6,100,3.45176935196,17408,5.04321066242,8704,2909,true,1
bf16,1,17,1,256,17,warp64_split,0,7,100,8.11219215393,28356,3.49547933061,8704,2909,true,1
bf16,1,17,1,256,17,warp64_fused,0,8,100,5.1599997282,10948,2.12170553812,8704,2909,true,1
bf16,1,17,1,256,17,optimized_transform,1,0,100,6.2657302618,17408,2.77828748967,8704,2909,true,1
bf16,1,17,1,256,17,baseline_split,1,1,100,18.4336924553,28356,1.53827021194,8704,2909,true,1
bf16,1,17,1,256,17,optimized_split,1,2,100,12.921230793,28356,2.19452778565,8704,2909,true,1
bf16,1,17,1,256,17,baseline_fused,1,3,100,14.2986536026,10948,0.765666495901,8704,2909,true,1
bf16,1,17,1,256,17,optimized_fused,1,4,100,8.27896118164,10948,1.32238813056,8704,2909,true,1
bf16,1,17,1,256,17,warp64_transform,1,5,100,3.4635001421,17408,5.02612943144,8704,2909,true,1
bf16,1,17,1,256,17,warp64_split,1,6,100,8.10988426208,28356,3.49647406592,8704,2909,true,1
bf16,1,17,1,256,17,warp64_fused,1,7,100,5.16857743263,10948,2.11818438298,8704,2909,true,1
bf16,1,17,1,256,17,baseline_transform,1,8,100,6.08011543751,17408,2.86310353462,8704,2909,true,1
bf16,1,17,1,256,17,baseline_split,2,0,100,18.4433841705,28356,1.53746187456,8704,2909,true,1
bf16,1,17,1,256,17,optimized_split,2,1,100,12.9025375843,28356,2.19770721959,8704,2909,true,1
bf16,1,17,1,256,17,baseline_fused,2,2,100,14.307653904,10948,0.765184849556,8704,2909,true,1
bf16,1,17,1,256,17,optimized_fused,2,3,100,8.2866537571,10948,1.32116054573,8704,2909,true,1
bf16,1,17,1,256,17,warp64_transform,2,4,100,3.45084607601,17408,5.04455997647,8704,2909,true,1
bf16,1,17,1,256,17,warp64_split,2,5,100,8.11757683754,28356,3.49316065219,8704,2909,true,1
bf16,1,17,1,256,17,warp64_fused,2,6,100,5.16215384007,10948,2.12082017297,8704,2909,true,1
bf16,1,17,1,256,17,baseline_transform,2,7,100,6.05188429356,17408,2.87645948858,8704,2909,true,1
bf16,1,17,1,256,17,optimized_transform,2,8,100,6.26615405083,17408,2.77809959008,8704,2909,true,1
bf16,1,17,1,256,17,optimized_split,3,0,100,12.9244232178,28356,2.19398572162,8704,2909,true,1
bf16,1,17,1,256,17,baseline_fused,3,1,100,14.2993080616,10948,0.765631452434,8704,2909,true,1
bf16,1,17,1,256,17,optimized_fused,3,2,100,8.28173041344,10948,1.32194595253,8704,2909,true,1
bf16,1,17,1,256,17,warp64_transform,3,3,100,3.46396148205,17408,5.02546003765,8704,2909,true,1
bf16,1,17,1,256,17,warp64_split,3,4,100,8.12719285488,28356,3.4890275777,8704,2909,true,1
bf16,1,17,1,256,17,warp64_fused,3,5,100,5.16061544418,10948,2.12145239621,8704,2909,true,1
bf16,1,17,1,256,17,baseline_transform,3,6,100,6.05761528015,17408,2.87373812877,8704,2909,true,1
bf16,1,17,1,256,17,optimized_transform,3,7,100,6.27042353153,17408,2.77620800452,8704,2909,true,1
bf16,1,17,1,256,17,baseline_split,3,8,100,18.4321916103,28356,1.5383954659,8704,2909,true,1
bf16,1,17,1,256,17,baseline_fused,4,0,100,14.3058848381,10948,0.765279472322,8704,2909,true,1
bf16,1,17,1,256,17,optimized_fused,4,1,100,8.25557649136,10948,1.32613391826,8704,2909,true,1
bf16,1,17,1,256,17,warp64_transform,4,2,100,3.46607685089,17408,5.02239296729,8704,2909,true,1
bf16,1,17,1,256,17,warp64_split,4,3,100,8.12873125076,28356,3.48836726486,8704,2909,true,1
bf16,1,17,1,256,17,warp64_fused,4,4,100,5.15957713127,10948,2.12187931713,8704,2909,true,1
bf16,1,17,1,256,17,baseline_transform,4,5,100,6.07734620571,17408,2.86440814967,8704,2909,true,1
bf16,1,17,1,256,17,optimized_transform,4,6,100,6.25865340233,17408,2.78142898815,8704,2909,true,1
bf16,1,17,1,256,17,baseline_split,4,7,100,18.4427309036,28356,1.53751633357,8704,2909,true,1
bf16,1,17,1,256,17,optimized_split,4,8,100,12.9130768776,28356,2.19591351223,8704,2909,true,1
bf16,1,257,1,256,257,baseline_transform,0,0,100,6.67115390301,263168,39.4486476892,131584,2909,true,1
bf16,1,257,1,256,257,optimized_transform,0,1,100,6.70926868916,263168,39.2245432688,131584,2909,true,1
bf16,1,257,1,256,257,baseline_split,0,2,100,24.64823246,428676,17.3917541834,131584,2909,true,1
bf16,1,257,1,256,257,optimized_split,0,3,100,13.6814618111,428676,31.3326167861,131584,2909,true,1
bf16,1,257,1,256,257,baseline_fused,0,4,100,19.9221539497,165508,8.30773622258,131584,2909,true,1
bf16,1,257,1,256,257,optimized_fused,0,5,100,8.7987691164,165508,18.8103583365,131584,2909,true,1
bf16,1,257,1,256,257,warp64_transform,0,6,100,4.93373066187,263168,53.3405688385,131584,2909,true,1
bf16,1,257,1,256,257,warp64_split,0,7,100,11.0241544247,428676,38.8851592137,131584,2909,true,1
bf16,1,257,1,256,257,warp64_fused,0,8,100,6.63019180298,165508,24.9627770837,131584,2909,true,1
bf16,1,257,1,256,257,optimized_transform,1,0,100,6.7024230957,263168,39.264605687,131584,2909,true,1
bf16,1,257,1,256,257,baseline_split,1,1,100,24.6128463745,428676,17.4167584471,131584,2909,true,1
bf16,1,257,1,256,257,optimized_split,1,2,100,13.6710011959,428676,31.3565915076,131584,2909,true,1
bf16,1,257,1,256,257,baseline_fused,1,3,100,19.959000349,165508,8.29239927379,131584,2909,true,1
bf16,1,257,1,256,257,optimized_fused,1,4,100,8.79323065281,165508,18.8222061418,131584,2909,true,1
bf16,1,257,1,256,257,warp64_transform,1,5,100,4.92965370417,263168,53.3846829398,131584,2909,true,1
bf16,1,257,1,256,257,warp64_split,1,6,100,11.0243463516,428676,38.8844822475,131584,2909,true,1
bf16,1,257,1,256,257,warp64_fused,1,7,100,7.40484595299,165508,22.351309001,131584,2909,true,1
bf16,1,257,1,256,257,baseline_transform,1,8,100,6.64907693863,263168,39.5796292371,131584,2909,true,1
bf16,1,257,1,256,257,baseline_split,2,0,100,24.6000003815,428676,17.4258533883,131584,2909,true,1
bf16,1,257,1,256,257,optimized_split,2,1,100,13.69607687,428676,31.2991818073,131584,2909,true,1
bf16,1,257,1,256,257,baseline_fused,2,2,100,19.9161159992,165508,8.3102548713,131584,2909,true,1
bf16,1,257,1,256,257,optimized_fused,2,3,100,8.80176901817,165508,18.8039472131,131584,2909,true,1
bf16,1,257,1,256,257,warp64_transform,2,4,100,4.9498078227,263168,53.167316677,131584,2909,true,1
bf16,1,257,1,256,257,warp64_split,2,5,100,11.0215389729,428676,38.8943868053,131584,2909,true,1
bf16,1,257,1,256,257,warp64_fused,2,6,100,6.61049962044,165508,25.0371393243,131584,2909,true,1
bf16,1,257,1,256,257,baseline_transform,2,7,100,6.66084587574,263168,39.5096966526,131584,2909,true,1
bf16,1,257,1,256,257,optimized_transform,2,8,100,6.69488489628,263168,39.3088162197,131584,2909,true,1
bf16,1,257,1,256,257,optimized_split,3,0,100,13.6874604225,428676,31.3188850793,131584,2909,true,1
bf16,1,257,1,256,257,baseline_fused,3,1,100,20.0290393829,165508,8.26340179555,131584,2909,true,1
bf16,1,257,1,256,257,optimized_fused,3,2,100,8.78207683563,165508,18.8461115859,131584,2909,true,1
bf16,1,257,1,256,257,warp64_transform,3,3,100,4.9496152997,263168,53.1693847027,131584,2909,true,1
bf16,1,257,1,256,257,warp64_split,3,4,100,11.0393464565,428676,38.8316465733,131584,2909,true,1
bf16,1,257,1,256,257,warp64_fused,3,5,100,6.62273108959,165508,24.9908984316,131584,2909,true,1
bf16,1,257,1,256,257,baseline_transform,3,6,100,6.65765404701,263168,39.5286384876,131584,2909,true,1
bf16,1,257,1,256,257,optimized_transform,3,7,100,6.68896138668,263168,39.3436267287,131584,2909,true,1
bf16,1,257,1,256,257,baseline_split,3,8,100,24.6441149712,428676,17.3946599625,131584,2909,true,1
bf16,1,257,1,256,257,baseline_fused,4,0,100,19.9857699871,165508,8.2812921447,131584,2909,true,1
bf16,1,257,1,256,257,optimized_fused,4,1,100,8.78826975822,165508,18.832831098,131584,2909,true,1
bf16,1,257,1,256,257,warp64_transform,4,2,100,4.92557704449,263168,53.4288668359,131584,2909,true,1
bf16,1,257,1,256,257,warp64_split,4,3,100,11.0391533375,428676,38.8323258945,131584,2909,true,1
bf16,1,257,1,256,257,warp64_fused,4,4,100,6.63407683372,165508,24.9481584474,131584,2909,true,1
bf16,1,257,1,256,257,baseline_transform,4,5,100,6.66061520576,263168,39.5110649497,131584,2909,true,1
bf16,1,257,1,256,257,optimized_transform,4,6,100,6.70157670975,263168,39.2695646708,131584,2909,true,1
bf16,1,257,1,256,257,baseline_split,4,7,100,24.6548843384,428676,17.3870618948,131584,2909,true,1
bf16,1,257,1,256,257,optimized_split,4,8,100,13.7009990215,428676,31.2879374217,131584,2909,true,1
bf16,4,64,16,256,4096,baseline_transform,0,0,100,29.1505765915,4194304,143.884083625,2097152,2909,true,1
bf16,4,64,16,256,4096,optimized_transform,0,1,100,28.8211917877,4194304,145.528471928,2097152,2909,true,1
bf16,4,64,16,256,4096,baseline_split,0,2,100,131.616230011,6832128,51.9094643528,2097152,2909,true,1
bf16,4,64,16,256,4096,optimized_split,0,3,100,50.7218456268,6832128,134.697937655,2097152,2909,true,1
bf16,4,64,16,256,4096,baseline_fused,0,4,100,122.474155426,2637824,21.5378011044,2097152,2909,true,1
bf16,4,64,16,256,4096,optimized_fused,0,5,100,39.4187307358,2637824,66.9180349231,2097152,2909,true,1
bf16,4,64,16,256,4096,warp64_transform,0,6,100,11.6320383549,4194304,360.582029739,2097152,2909,true,1
bf16,4,64,16,256,4096,warp64_split,0,7,100,26.8628454208,6832128,254.333742125,2097152,2909,true,1
bf16,4,64,16,256,4096,warp64_fused,0,8,100,19.2042696476,2637824,137.356121759,2097152,2909,true,1
bf16,4,64,16,256,4096,optimized_transform,1,0,100,28.8992285728,4194304,145.135500397,2097152,2909,true,1
bf16,4,64,16,256,4096,baseline_split,1,1,100,131.774349213,6832128,51.8471769417,2097152,2909,true,1
bf16,4,64,16,256,4096,optimized_split,1,2,100,50.9253835678,6832128,134.15957861,2097152,2909,true,1
bf16,4,64,16,256,4096,baseline_fused,1,3,100,122.50369072,2637824,21.5326084015,2097152,2909,true,1
bf16,4,64,16,256,4096,optimized_fused,1,4,100,39.5181155205,2637824,66.7497416124,2097152,2909,true,1
bf16,4,64,16,256,4096,warp64_transform,1,5,100,11.7152309418,4194304,358.021452658,2097152,2909,true,1
bf16,4,64,16,256,4096,warp64_split,1,6,100,27.0895767212,6832128,252.205048101,2097152,2909,true,1
bf16,4,64,16,256,4096,warp64_fused,1,7,100,19.3356537819,2637824,136.422798513,2097152,2909,true,1
bf16,4,64,16,256,4096,baseline_transform,1,8,100,29.3173074722,4194304,143.065798385,2097152,2909,true,1
bf16,4,64,16,256,4096,baseline_split,2,0,100,132.093887329,6832128,51.7217574419,2097152,2909,true,1
bf16,4,64,16,256,4096,optimized_split,2,1,100,51.0454273224,6832128,133.844074942,2097152,2909,true,1
bf16,4,64,16,256,4096,baseline_fused,2,2,100,122.44846344,2637824,21.5423201394,2097152,2909,true,1
bf16,4,64,16,256,4096,optimized_fused,2,3,100,39.5406150818,2637824,66.7117594034,2097152,2909,true,1
bf16,4,64,16,256,4096,warp64_transform,2,4,100,11.7507696152,4194304,356.938663369,2097152,2909,true,1
bf16,4,64,16,256,4096,warp64_split,2,5,100,27.1031165123,6832128,252.079055075,2097152,2909,true,1
bf16,4,64,16,256,4096,warp64_fused,2,6,100,19.34653759,2637824,136.346050952,2097152,2909,true,1
bf16,4,64,16,256,4096,baseline_transform,2,7,100,29.308962822,4194304,143.106531114,2097152,2909,true,1
bf16,4,64,16,256,4096,optimized_transform,2,8,100,28.9831924438,4194304,144.715045043,2097152,2909,true,1
bf16,4,64,16,256,4096,optimized_split,3,0,100,51.0248470306,6832128,133.898059428,2097152,2909,true,1
bf16,4,64,16,256,4096,baseline_fused,3,1,100,122.711381912,2637824,21.4961640794,2097152,2909,true,1
bf16,4,64,16,256,4096,optimized_fused,3,2,100,39.5101928711,2637824,66.7631263812,2097152,2909,true,1
bf16,4,64,16,256,4096,warp64_transform,3,3,100,11.7019224167,4194304,358.428628276,2097152,2909,true,1
bf16,4,64,16,256,4096,warp64_split,3,4,100,27.0827293396,6832128,252.268813617,2097152,2909,true,1
bf16,4,64,16,256,4096,warp64_fused,3,5,100,19.347423315,2637824,136.33980903,2097152,2909,true,1
bf16,4,64,16,256,4096,baseline_transform,3,6,100,29.3116927147,4194304,143.09320314,2097152,2909,true,1
bf16,4,64,16,256,4096,optimized_transform,3,7,100,29.0183448792,4194304,144.539739171,2097152,2909,true,1
bf16,4,64,16,256,4096,baseline_split,3,8,100,131.68888092,6832128,51.880826629,2097152,2909,true,1
bf16,4,64,16,256,4096,baseline_fused,4,0,100,122.456541061,2637824,21.5408991397,2097152,2909,true,1
bf16,4,64,16,256,4096,optimized_fused,4,1,100,39.580039978,2637824,66.6453091372,2097152,2909,true,1
bf16,4,64,16,256,4096,warp64_transform,4,2,100,11.7284619808,4194304,357.61756374,2097152,2909,true,1
bf16,4,64,16,256,4096,warp64_split,4,3,100,27.1506524086,6832128,251.637710107,2097152,2909,true,1
bf16,4,64,16,256,4096,warp64_fused,4,4,100,19.4102299213,2637824,135.89864781,2097152,2909,true,1
bf16,4,64,16,256,4096,baseline_transform,4,5,100,29.3774986267,4194304,142.77267283,2097152,2909,true,1
bf16,4,64,16,256,4096,optimized_transform,4,6,100,28.9984226227,4194304,144.639039667,2097152,2909,true,1
bf16,4,64,16,256,4096,baseline_split,4,7,100,132.046728134,6832128,51.7402293608,2097152,2909,true,1
bf16,4,64,16,256,4096,optimized_split,4,8,100,51.1208868027,6832128,133.646507862,2097152,2909,true,1
bf16,16,64,16,256,16384,baseline_transform,0,0,100,100.922775269,16777216,166.238155415,8388608,2909,true,1
bf16,16,64,16,256,16384,optimized_transform,0,1,100,99.2627334595,16777216,169.01827519,8388608,2909,true,1
bf16,16,64,16,256,16384,baseline_split,0,2,100,456.858177185,27328512,59.8183711374,8388608,2909,true,1
bf16,16,64,16,256,16384,optimized_split,0,3,100,169.894123077,27328512,160.856135015,8388608,2909,true,1
bf16,16,64,16,256,16384,baseline_fused,0,4,100,432.804908752,10551296,24.3788732212,8388608,2909,true,1
bf16,16,64,16,256,16384,optimized_fused,0,5,100,137.184000015,10551296,76.913459287,8388608,2909,true,1
bf16,16,64,16,256,16384,warp64_transform,0,6,100,33.1478452682,16777216,506.132928528,8388608,2909,true,1
bf16,16,64,16,256,16384,warp64_split,0,7,100,76.7935752869,27328512,355.869770328,8388608,2909,true,1
bf16,16,64,16,256,16384,warp64_fused,0,8,100,58.8664197922,10551296,179.241340602,8388608,2909,true,1
bf16,16,64,16,256,16384,optimized_transform,1,0,100,99.3876552582,16777216,168.805833646,8388608,2909,true,1
bf16,16,64,16,256,16384,baseline_split,1,1,100,456.97177887,27328512,59.8035004866,8388608,2909,true,1
bf16,16,64,16,256,16384,optimized_split,1,2,100,169.965000153,27328512,160.789056426,8388608,2909,true,1
bf16,16,64,16,256,16384,baseline_fused,1,3,100,432.83870697,10551296,24.3769695965,8388608,2909,true,1
bf16,16,64,16,256,16384,optimized_fused,1,4,100,137.20284462,10551296,76.902895339,8388608,2909,true,1
bf16,16,64,16,256,16384,warp64_transform,1,5,100,33.1482672691,16777216,506.126485098,8388608,2909,true,1
bf16,16,64,16,256,16384,warp64_split,1,6,100,76.8505764008,27328512,355.605816897,8388608,2909,true,1
bf16,16,64,16,256,16384,warp64_fused,1,7,100,58.8730764389,10551296,179.221074186,8388608,2909,true,1
bf16,16,64,16,256,16384,baseline_transform,1,8,100,101.121854782,16777216,165.910880849,8388608,2909,true,1
bf16,16,64,16,256,16384,baseline_split,2,0,100,456.986808777,27328512,59.8015336004,8388608,2909,true,1
bf16,16,64,16,256,16384,optimized_split,2,1,100,170.051345825,27328512,160.707413795,8388608,2909,true,1
bf16,16,64,16,256,16384,baseline_fused,2,2,100,432.91179657,10551296,24.3728539707,8388608,2909,true,1
bf16,16,64,16,256,16384,optimized_fused,2,3,100,137.190847397,10551296,76.9096204317,8388608,2909,true,1
bf16,16,64,16,256,16384,warp64_transform,2,4,100,33.1534218788,16777216,506.047793839,8388608,2909,true,1
bf16,16,64,16,256,16384,warp64_split,2,5,100,76.8492698669,27328512,355.611862641,8388608,2909,true,1
bf16,16,64,16,256,16384,warp64_fused,2,6,100,58.8945007324,10551296,179.155878202,8388608,2909,true,1
bf16,16,64,16,256,16384,baseline_transform,2,7,100,101.162576675,16777216,165.844095231,8388608,2909,true,1
bf16,16,64,16,256,16384,optimized_transform,2,8,100,99.4521141052,16777216,168.696423912,8388608,2909,true,1
bf16,16,64,16,256,16384,optimized_split,3,0,100,169.982337952,27328512,160.77265632,8388608,2909,true,1
bf16,16,64,16,256,16384,baseline_fused,3,1,100,432.775688171,10551296,24.3805192583,8388608,2909,true,1
bf16,16,64,16,256,16384,optimized_fused,3,2,100,137.244462967,10551296,76.8795751166,8388608,2909,true,1
bf16,16,64,16,256,16384,warp64_transform,3,3,100,33.124268055,16777216,506.493184156,8388608,2909,true,1
bf16,16,64,16,256,16384,warp64_split,3,4,100,76.753077507,27328512,356.057540461,8388608,2909,true,1
bf16,16,64,16,256,16384,warp64_fused,3,5,100,58.8810014725,10551296,179.196952092,8388608,2909,true,1
bf16,16,64,16,256,16384,baseline_transform,3,6,100,101.141996384,16777216,165.877841054,8388608,2909,true,1
bf16,16,64,16,256,16384,optimized_transform,3,7,100,99.4619941711,16777216,168.679666438,8388608,2909,true,1
bf16,16,64,16,256,16384,baseline_split,3,8,100,456.907920837,27328512,59.8118586999,8388608,2909,true,1
bf16,16,64,16,256,16384,baseline_fused,4,0,100,432.957000732,10551296,24.3703092505,8388608,2909,true,1
bf16,16,64,16,256,16384,optimized_fused,4,1,100,137.234582901,10551296,76.8851099844,8388608,2909,true,1
bf16,16,64,16,256,16384,warp64_transform,4,2,100,33.1319999695,16777216,506.374985375,8388608,2909,true,1
bf16,16,64,16,256,16384,warp64_split,4,3,100,76.877117157,27328512,355.483048931,8388608,2909,true,1
bf16,16,64,16,256,16384,warp64_fused,4,4,100,58.8745737076,10551296,179.216516325,8388608,2909,true,1
bf16,16,64,16,256,16384,baseline_transform,4,5,100,101.123571396,16777216,165.908064444,8388608,2909,true,1
bf16,16,64,16,256,16384,optimized_transform,4,6,100,99.4099617004,16777216,168.767955575,8388608,2909,true,1
bf16,16,64,16,256,16384,baseline_split,4,7,100,456.87538147,27328512,59.8161185925,8388608,2909,true,1
bf16,16,64,16,256,16384,optimized_split,4,8,100,169.914226532,27328512,160.837103271,8388608,2909,true,1
