/data/infinitensor-2026/Learning-CUDA/03_hadamard_tc/a962695448-rgb/platforms/metax/hadamard_api.cu:181:40: warning: '__shfl_xor' is deprecated [-Wdeprecated-declarations]
                    const float peer = __shfl_xor(current, stride, width);
                                       ^
/opt/maca-3.0.0/mxgpu_llvm/lib/clang/12.0.0/include/__clang_maca_device_functions.h:2146:3: note: '__shfl_xor' has been explicitly marked deprecated here
[[deprecated]] __device__ MACA_INLINE float __shfl_xor(float var, int laneMask,
  ^
/data/infinitensor-2026/Learning-CUDA/03_hadamard_tc/a962695448-rgb/platforms/metax/hadamard_api.cu:219:46: warning: '__shfl_xor' is deprecated [-Wdeprecated-declarations]
                magnitude = fmaxf(magnitude, __shfl_xor(magnitude, stride, width));
                                             ^
/opt/maca-3.0.0/mxgpu_llvm/lib/clang/12.0.0/include/__clang_maca_device_functions.h:2146:3: note: '__shfl_xor' has been explicitly marked deprecated here
[[deprecated]] __device__ MACA_INLINE float __shfl_xor(float var, int laneMask,
  ^
/data/infinitensor-2026/Learning-CUDA/03_hadamard_tc/a962695448-rgb/platforms/metax/hadamard_api.cu:225:36: warning: '__shfl_xor' is deprecated [-Wdeprecated-declarations]
                const float peer = __shfl_xor(values[r], 1, width);
                                   ^
/data/infinitensor-2026/Learning-CUDA/03_hadamard_tc/a962695448-rgb/platforms/metax/hadamard_api.cu:249:9: note: in instantiation of function template specialization 'hadamard::metax::(anonymous namespace)::warp64_kernel<__half, false, true, 1>' requested here
        LAUNCH_WARP64(1);
        ^
/data/infinitensor-2026/Learning-CUDA/03_hadamard_tc/a962695448-rgb/platforms/metax/hadamard_api.cu:245:9: note: expanded from macro 'LAUNCH_WARP64'
        warp64_kernel<T, Transform, Quantize, N><<<blocks, 256, 0, stream>>>( \
        ^
/data/infinitensor-2026/Learning-CUDA/03_hadamard_tc/a962695448-rgb/platforms/metax/hadamard_api.cu:311:16: note: in instantiation of function template specialization 'hadamard::metax::(anonymous namespace)::launch_warp64<__half, false, true>' requested here
        return launch_warp64<T, Transform, Quantize>(input, output, packed, scales, rows, n, scale, stream);
               ^
/data/infinitensor-2026/Learning-CUDA/03_hadamard_tc/a962695448-rgb/platforms/metax/hadamard_api.cu:347:1: note: in instantiation of function template specialization 'hadamard::metax::(anonymous namespace)::launch<__half, false, true>' requested here
DEFINE_TYPED_API(__half)
^
/data/infinitensor-2026/Learning-CUDA/03_hadamard_tc/a962695448-rgb/platforms/metax/hadamard_api.cu:340:12: note: expanded from macro 'DEFINE_TYPED_API'
    return launch<T, false, true>(input, nullptr, packed, scales, rows, n, 1.0f, stream, method); \
           ^
/opt/maca-3.0.0/mxgpu_llvm/lib/clang/12.0.0/include/__clang_maca_device_functions.h:2146:3: note: '__shfl_xor' has been explicitly marked deprecated here
[[deprecated]] __device__ MACA_INLINE float __shfl_xor(float var, int laneMask,
  ^
/data/infinitensor-2026/Learning-CUDA/03_hadamard_tc/a962695448-rgb/platforms/metax/hadamard_api.cu:225:36: warning: '__shfl_xor' is deprecated [-Wdeprecated-declarations]
                const float peer = __shfl_xor(values[r], 1, width);
                                   ^
/data/infinitensor-2026/Learning-CUDA/03_hadamard_tc/a962695448-rgb/platforms/metax/hadamard_api.cu:250:9: note: in instantiation of function template specialization 'hadamard::metax::(anonymous namespace)::warp64_kernel<__half, false, true, 2>' requested here
        LAUNCH_WARP64(2);
        ^
/data/infinitensor-2026/Learning-CUDA/03_hadamard_tc/a962695448-rgb/platforms/metax/hadamard_api.cu:245:9: note: expanded from macro 'LAUNCH_WARP64'
        warp64_kernel<T, Transform, Quantize, N><<<blocks, 256, 0, stream>>>( \
        ^
/data/infinitensor-2026/Learning-CUDA/03_hadamard_tc/a962695448-rgb/platforms/metax/hadamard_api.cu:311:16: note: in instantiation of function template specialization 'hadamard::metax::(anonymous namespace)::launch_warp64<__half, false, true>' requested here
        return launch_warp64<T, Transform, Quantize>(input, output, packed, scales, rows, n, scale, stream);
               ^
/data/infinitensor-2026/Learning-CUDA/03_hadamard_tc/a962695448-rgb/platforms/metax/hadamard_api.cu:347:1: note: in instantiation of function template specialization 'hadamard::metax::(anonymous namespace)::launch<__half, false, true>' requested here
DEFINE_TYPED_API(__half)
^
/data/infinitensor-2026/Learning-CUDA/03_hadamard_tc/a962695448-rgb/platforms/metax/hadamard_api.cu:340:12: note: expanded from macro 'DEFINE_TYPED_API'
    return launch<T, false, true>(input, nullptr, packed, scales, rows, n, 1.0f, stream, method); \
           ^
/opt/maca-3.0.0/mxgpu_llvm/lib/clang/12.0.0/include/__clang_maca_device_functions.h:2146:3: note: '__shfl_xor' has been explicitly marked deprecated here
[[deprecated]] __device__ MACA_INLINE float __shfl_xor(float var, int laneMask,
  ^
/data/infinitensor-2026/Learning-CUDA/03_hadamard_tc/a962695448-rgb/platforms/metax/hadamard_api.cu:225:36: warning: '__shfl_xor' is deprecated [-Wdeprecated-declarations]
                const float peer = __shfl_xor(values[r], 1, width);
                                   ^
/data/infinitensor-2026/Learning-CUDA/03_hadamard_tc/a962695448-rgb/platforms/metax/hadamard_api.cu:251:9: note: in instantiation of function template specialization 'hadamard::metax::(anonymous namespace)::warp64_kernel<__half, false, true, 4>' requested here
        LAUNCH_WARP64(4);
        ^
/data/infinitensor-2026/Learning-CUDA/03_hadamard_tc/a962695448-rgb/platforms/metax/hadamard_api.cu:245:9: note: expanded from macro 'LAUNCH_WARP64'
        warp64_kernel<T, Transform, Quantize, N><<<blocks, 256, 0, stream>>>( \
        ^
/data/infinitensor-2026/Learning-CUDA/03_hadamard_tc/a962695448-rgb/platforms/metax/hadamard_api.cu:311:16: note: in instantiation of function template specialization 'hadamard::metax::(anonymous namespace)::launch_warp64<__half, false, true>' requested here
        return launch_warp64<T, Transform, Quantize>(input, output, packed, scales, rows, n, scale, stream);
               ^
/data/infinitensor-2026/Learning-CUDA/03_hadamard_tc/a962695448-rgb/platforms/metax/hadamard_api.cu:347:1: note: in instantiation of function template specialization 'hadamard::metax::(anonymous namespace)::launch<__half, false, true>' requested here
DEFINE_TYPED_API(__half)
^
/data/infinitensor-2026/Learning-CUDA/03_hadamard_tc/a962695448-rgb/platforms/metax/hadamard_api.cu:340:12: note: expanded from macro 'DEFINE_TYPED_API'
    return launch<T, false, true>(input, nullptr, packed, scales, rows, n, 1.0f, stream, method); \
           ^
/opt/maca-3.0.0/mxgpu_llvm/lib/clang/12.0.0/include/__clang_maca_device_functions.h:2146:3: note: '__shfl_xor' has been explicitly marked deprecated here
[[deprecated]] __device__ MACA_INLINE float __shfl_xor(float var, int laneMask,
  ^
/data/infinitensor-2026/Learning-CUDA/03_hadamard_tc/a962695448-rgb/platforms/metax/hadamard_api.cu:225:36: warning: '__shfl_xor' is deprecated [-Wdeprecated-declarations]
                const float peer = __shfl_xor(values[r], 1, width);
                                   ^
/data/infinitensor-2026/Learning-CUDA/03_hadamard_tc/a962695448-rgb/platforms/metax/hadamard_api.cu:252:9: note: in instantiation of function template specialization 'hadamard::metax::(anonymous namespace)::warp64_kernel<__half, false, true, 8>' requested here
        LAUNCH_WARP64(8);
        ^
/data/infinitensor-2026/Learning-CUDA/03_hadamard_tc/a962695448-rgb/platforms/metax/hadamard_api.cu:245:9: note: expanded from macro 'LAUNCH_WARP64'
        warp64_kernel<T, Transform, Quantize, N><<<blocks, 256, 0, stream>>>( \
        ^
/data/infinitensor-2026/Learning-CUDA/03_hadamard_tc/a962695448-rgb/platforms/metax/hadamard_api.cu:311:16: note: in instantiation of function template specialization 'hadamard::metax::(anonymous namespace)::launch_warp64<__half, false, true>' requested here
        return launch_warp64<T, Transform, Quantize>(input, output, packed, scales, rows, n, scale, stream);
               ^
/data/infinitensor-2026/Learning-CUDA/03_hadamard_tc/a962695448-rgb/platforms/metax/hadamard_api.cu:347:1: note: in instantiation of function template specialization 'hadamard::metax::(anonymous namespace)::launch<__half, false, true>' requested here
DEFINE_TYPED_API(__half)
^
/data/infinitensor-2026/Learning-CUDA/03_hadamard_tc/a962695448-rgb/platforms/metax/hadamard_api.cu:340:12: note: expanded from macro 'DEFINE_TYPED_API'
    return launch<T, false, true>(input, nullptr, packed, scales, rows, n, 1.0f, stream, method); \
           ^
/opt/maca-3.0.0/mxgpu_llvm/lib/clang/12.0.0/include/__clang_maca_device_functions.h:2146:3: note: '__shfl_xor' has been explicitly marked deprecated here
[[deprecated]] __device__ MACA_INLINE float __shfl_xor(float var, int laneMask,
  ^
/data/infinitensor-2026/Learning-CUDA/03_hadamard_tc/a962695448-rgb/platforms/metax/hadamard_api.cu:225:36: warning: '__shfl_xor' is deprecated [-Wdeprecated-declarations]
                const float peer = __shfl_xor(values[r], 1, width);
                                   ^
/data/infinitensor-2026/Learning-CUDA/03_hadamard_tc/a962695448-rgb/platforms/metax/hadamard_api.cu:253:9: note: in instantiation of function template specialization 'hadamard::metax::(anonymous namespace)::warp64_kernel<__half, false, true, 16>' requested here
        LAUNCH_WARP64(16);
        ^
/data/infinitensor-2026/Learning-CUDA/03_hadamard_tc/a962695448-rgb/platforms/metax/hadamard_api.cu:245:9: note: expanded from macro 'LAUNCH_WARP64'
        warp64_kernel<T, Transform, Quantize, N><<<blocks, 256, 0, stream>>>( \
        ^
/data/infinitensor-2026/Learning-CUDA/03_hadamard_tc/a962695448-rgb/platforms/metax/hadamard_api.cu:311:16: note: in instantiation of function template specialization 'hadamard::metax::(anonymous namespace)::launch_warp64<__half, false, true>' requested here
        return launch_warp64<T, Transform, Quantize>(input, output, packed, scales, rows, n, scale, stream);
               ^
/data/infinitensor-2026/Learning-CUDA/03_hadamard_tc/a962695448-rgb/platforms/metax/hadamard_api.cu:347:1: note: in instantiation of function template specialization 'hadamard::metax::(anonymous namespace)::launch<__half, false, true>' requested here
DEFINE_TYPED_API(__half)
^
/data/infinitensor-2026/Learning-CUDA/03_hadamard_tc/a962695448-rgb/platforms/metax/hadamard_api.cu:340:12: note: expanded from macro 'DEFINE_TYPED_API'
    return launch<T, false, true>(input, nullptr, packed, scales, rows, n, 1.0f, stream, method); \
           ^
/opt/maca-3.0.0/mxgpu_llvm/lib/clang/12.0.0/include/__clang_maca_device_functions.h:2146:3: note: '__shfl_xor' has been explicitly marked deprecated here
[[deprecated]] __device__ MACA_INLINE float __shfl_xor(float var, int laneMask,
  ^
/data/infinitensor-2026/Learning-CUDA/03_hadamard_tc/a962695448-rgb/platforms/metax/hadamard_api.cu:225:36: warning: '__shfl_xor' is deprecated [-Wdeprecated-declarations]
                const float peer = __shfl_xor(values[r], 1, width);
                                   ^
/data/infinitensor-2026/Learning-CUDA/03_hadamard_tc/a962695448-rgb/platforms/metax/hadamard_api.cu:254:9: note: in instantiation of function template specialization 'hadamard::metax::(anonymous namespace)::warp64_kernel<__half, false, true, 32>' requested here
        LAUNCH_WARP64(32);
        ^
/data/infinitensor-2026/Learning-CUDA/03_hadamard_tc/a962695448-rgb/platforms/metax/hadamard_api.cu:245:9: note: expanded from macro 'LAUNCH_WARP64'
        warp64_kernel<T, Transform, Quantize, N><<<blocks, 256, 0, stream>>>( \
        ^
/data/infinitensor-2026/Learning-CUDA/03_hadamard_tc/a962695448-rgb/platforms/metax/hadamard_api.cu:311:16: note: in instantiation of function template specialization 'hadamard::metax::(anonymous namespace)::launch_warp64<__half, false, true>' requested here
        return launch_warp64<T, Transform, Quantize>(input, output, packed, scales, rows, n, scale, stream);
               ^
/data/infinitensor-2026/Learning-CUDA/03_hadamard_tc/a962695448-rgb/platforms/metax/hadamard_api.cu:347:1: note: in instantiation of function template specialization 'hadamard::metax::(anonymous namespace)::launch<__half, false, true>' requested here
DEFINE_TYPED_API(__half)
^
/data/infinitensor-2026/Learning-CUDA/03_hadamard_tc/a962695448-rgb/platforms/metax/hadamard_api.cu:340:12: note: expanded from macro 'DEFINE_TYPED_API'
    return launch<T, false, true>(input, nullptr, packed, scales, rows, n, 1.0f, stream, method); \
           ^
/opt/maca-3.0.0/mxgpu_llvm/lib/clang/12.0.0/include/__clang_maca_device_functions.h:2146:3: note: '__shfl_xor' has been explicitly marked deprecated here
[[deprecated]] __device__ MACA_INLINE float __shfl_xor(float var, int laneMask,
  ^
/data/infinitensor-2026/Learning-CUDA/03_hadamard_tc/a962695448-rgb/platforms/metax/hadamard_api.cu:225:36: warning: '__shfl_xor' is deprecated [-Wdeprecated-declarations]
                const float peer = __shfl_xor(values[r], 1, width);
                                   ^
/data/infinitensor-2026/Learning-CUDA/03_hadamard_tc/a962695448-rgb/platforms/metax/hadamard_api.cu:255:9: note: in instantiation of function template specialization 'hadamard::metax::(anonymous namespace)::warp64_kernel<__half, false, true, 64>' requested here
        LAUNCH_WARP64(64);
        ^
/data/infinitensor-2026/Learning-CUDA/03_hadamard_tc/a962695448-rgb/platforms/metax/hadamard_api.cu:245:9: note: expanded from macro 'LAUNCH_WARP64'
        warp64_kernel<T, Transform, Quantize, N><<<blocks, 256, 0, stream>>>( \
        ^
/data/infinitensor-2026/Learning-CUDA/03_hadamard_tc/a962695448-rgb/platforms/metax/hadamard_api.cu:311:16: note: in instantiation of function template specialization 'hadamard::metax::(anonymous namespace)::launch_warp64<__half, false, true>' requested here
        return launch_warp64<T, Transform, Quantize>(input, output, packed, scales, rows, n, scale, stream);
               ^
/data/infinitensor-2026/Learning-CUDA/03_hadamard_tc/a962695448-rgb/platforms/metax/hadamard_api.cu:347:1: note: in instantiation of function template specialization 'hadamard::metax::(anonymous namespace)::launch<__half, false, true>' requested here
DEFINE_TYPED_API(__half)
^
/data/infinitensor-2026/Learning-CUDA/03_hadamard_tc/a962695448-rgb/platforms/metax/hadamard_api.cu:340:12: note: expanded from macro 'DEFINE_TYPED_API'
    return launch<T, false, true>(input, nullptr, packed, scales, rows, n, 1.0f, stream, method); \
           ^
/opt/maca-3.0.0/mxgpu_llvm/lib/clang/12.0.0/include/__clang_maca_device_functions.h:2146:3: note: '__shfl_xor' has been explicitly marked deprecated here
[[deprecated]] __device__ MACA_INLINE float __shfl_xor(float var, int laneMask,
  ^
/data/infinitensor-2026/Learning-CUDA/03_hadamard_tc/a962695448-rgb/platforms/metax/hadamard_api.cu:225:36: warning: '__shfl_xor' is deprecated [-Wdeprecated-declarations]
                const float peer = __shfl_xor(values[r], 1, width);
                                   ^
/data/infinitensor-2026/Learning-CUDA/03_hadamard_tc/a962695448-rgb/platforms/metax/hadamard_api.cu:256:9: note: in instantiation of function template specialization 'hadamard::metax::(anonymous namespace)::warp64_kernel<__half, false, true, 128>' requested here
        LAUNCH_WARP64(128);
        ^
/data/infinitensor-2026/Learning-CUDA/03_hadamard_tc/a962695448-rgb/platforms/metax/hadamard_api.cu:245:9: note: expanded from macro 'LAUNCH_WARP64'
        warp64_kernel<T, Transform, Quantize, N><<<blocks, 256, 0, stream>>>( \
        ^
/data/infinitensor-2026/Learning-CUDA/03_hadamard_tc/a962695448-rgb/platforms/metax/hadamard_api.cu:311:16: note: in instantiation of function template specialization 'hadamard::metax::(anonymous namespace)::launch_warp64<__half, false, true>' requested here
        return launch_warp64<T, Transform, Quantize>(input, output, packed, scales, rows, n, scale, stream);
               ^
/data/infinitensor-2026/Learning-CUDA/03_hadamard_tc/a962695448-rgb/platforms/metax/hadamard_api.cu:347:1: note: in instantiation of function template specialization 'hadamard::metax::(anonymous namespace)::launch<__half, false, true>' requested here
DEFINE_TYPED_API(__half)
^
/data/infinitensor-2026/Learning-CUDA/03_hadamard_tc/a962695448-rgb/platforms/metax/hadamard_api.cu:340:12: note: expanded from macro 'DEFINE_TYPED_API'
    return launch<T, false, true>(input, nullptr, packed, scales, rows, n, 1.0f, stream, method); \
           ^
/opt/maca-3.0.0/mxgpu_llvm/lib/clang/12.0.0/include/__clang_maca_device_functions.h:2146:3: note: '__shfl_xor' has been explicitly marked deprecated here
[[deprecated]] __device__ MACA_INLINE float __shfl_xor(float var, int laneMask,
  ^
/data/infinitensor-2026/Learning-CUDA/03_hadamard_tc/a962695448-rgb/platforms/metax/hadamard_api.cu:225:36: warning: '__shfl_xor' is deprecated [-Wdeprecated-declarations]
                const float peer = __shfl_xor(values[r], 1, width);
                                   ^
/data/infinitensor-2026/Learning-CUDA/03_hadamard_tc/a962695448-rgb/platforms/metax/hadamard_api.cu:257:9: note: in instantiation of function template specialization 'hadamard::metax::(anonymous namespace)::warp64_kernel<__half, false, true, 256>' requested here
        LAUNCH_WARP64(256);
        ^
/data/infinitensor-2026/Learning-CUDA/03_hadamard_tc/a962695448-rgb/platforms/metax/hadamard_api.cu:245:9: note: expanded from macro 'LAUNCH_WARP64'
        warp64_kernel<T, Transform, Quantize, N><<<blocks, 256, 0, stream>>>( \
        ^
/data/infinitensor-2026/Learning-CUDA/03_hadamard_tc/a962695448-rgb/platforms/metax/hadamard_api.cu:311:16: note: in instantiation of function template specialization 'hadamard::metax::(anonymous namespace)::launch_warp64<__half, false, true>' requested here
        return launch_warp64<T, Transform, Quantize>(input, output, packed, scales, rows, n, scale, stream);
               ^
/data/infinitensor-2026/Learning-CUDA/03_hadamard_tc/a962695448-rgb/platforms/metax/hadamard_api.cu:347:1: note: in instantiation of function template specialization 'hadamard::metax::(anonymous namespace)::launch<__half, false, true>' requested here
DEFINE_TYPED_API(__half)
^
/data/infinitensor-2026/Learning-CUDA/03_hadamard_tc/a962695448-rgb/platforms/metax/hadamard_api.cu:340:12: note: expanded from macro 'DEFINE_TYPED_API'
    return launch<T, false, true>(input, nullptr, packed, scales, rows, n, 1.0f, stream, method); \
           ^
/opt/maca-3.0.0/mxgpu_llvm/lib/clang/12.0.0/include/__clang_maca_device_functions.h:2146:3: note: '__shfl_xor' has been explicitly marked deprecated here
[[deprecated]] __device__ MACA_INLINE float __shfl_xor(float var, int laneMask,
  ^
/data/infinitensor-2026/Learning-CUDA/03_hadamard_tc/a962695448-rgb/platforms/metax/hadamard_api.cu:225:36: warning: '__shfl_xor' is deprecated [-Wdeprecated-declarations]
                const float peer = __shfl_xor(values[r], 1, width);
                                   ^
/data/infinitensor-2026/Learning-CUDA/03_hadamard_tc/a962695448-rgb/platforms/metax/hadamard_api.cu:249:9: note: in instantiation of function template specialization 'hadamard::metax::(anonymous namespace)::warp64_kernel<__half, true, true, 1>' requested here
        LAUNCH_WARP64(1);
        ^
/data/infinitensor-2026/Learning-CUDA/03_hadamard_tc/a962695448-rgb/platforms/metax/hadamard_api.cu:245:9: note: expanded from macro 'LAUNCH_WARP64'
        warp64_kernel<T, Transform, Quantize, N><<<blocks, 256, 0, stream>>>( \
        ^
/data/infinitensor-2026/Learning-CUDA/03_hadamard_tc/a962695448-rgb/platforms/metax/hadamard_api.cu:311:16: note: in instantiation of function template specialization 'hadamard::metax::(anonymous namespace)::launch_warp64<__half, true, true>' requested here
        return launch_warp64<T, Transform, Quantize>(input, output, packed, scales, rows, n, scale, stream);
               ^
/data/infinitensor-2026/Learning-CUDA/03_hadamard_tc/a962695448-rgb/platforms/metax/hadamard_api.cu:347:1: note: in instantiation of function template specialization 'hadamard::metax::(anonymous namespace)::launch<__half, true, true>' requested here
DEFINE_TYPED_API(__half)
^
/data/infinitensor-2026/Learning-CUDA/03_hadamard_tc/a962695448-rgb/platforms/metax/hadamard_api.cu:344:12: note: expanded from macro 'DEFINE_TYPED_API'
    return launch<T, true, true>(input, nullptr, packed, scales, rows, n, scale, stream, method); \
           ^
/opt/maca-3.0.0/mxgpu_llvm/lib/clang/12.0.0/include/__clang_maca_device_functions.h:2146:3: note: '__shfl_xor' has been explicitly marked deprecated here
[[deprecated]] __device__ MACA_INLINE float __shfl_xor(float var, int laneMask,
  ^
/data/infinitensor-2026/Learning-CUDA/03_hadamard_tc/a962695448-rgb/platforms/metax/hadamard_api.cu:225:36: warning: '__shfl_xor' is deprecated [-Wdeprecated-declarations]
                const float peer = __shfl_xor(values[r], 1, width);
                                   ^
/data/infinitensor-2026/Learning-CUDA/03_hadamard_tc/a962695448-rgb/platforms/metax/hadamard_api.cu:250:9: note: in instantiation of function template specialization 'hadamard::metax::(anonymous namespace)::warp64_kernel<__half, true, true, 2>' requested here
        LAUNCH_WARP64(2);
        ^
/data/infinitensor-2026/Learning-CUDA/03_hadamard_tc/a962695448-rgb/platforms/metax/hadamard_api.cu:245:9: note: expanded from macro 'LAUNCH_WARP64'
        warp64_kernel<T, Transform, Quantize, N><<<blocks, 256, 0, stream>>>( \
        ^
/data/infinitensor-2026/Learning-CUDA/03_hadamard_tc/a962695448-rgb/platforms/metax/hadamard_api.cu:311:16: note: in instantiation of function template specialization 'hadamard::metax::(anonymous namespace)::launch_warp64<__half, true, true>' requested here
        return launch_warp64<T, Transform, Quantize>(input, output, packed, scales, rows, n, scale, stream);
               ^
/data/infinitensor-2026/Learning-CUDA/03_hadamard_tc/a962695448-rgb/platforms/metax/hadamard_api.cu:347:1: note: in instantiation of function template specialization 'hadamard::metax::(anonymous namespace)::launch<__half, true, true>' requested here
DEFINE_TYPED_API(__half)
^
/data/infinitensor-2026/Learning-CUDA/03_hadamard_tc/a962695448-rgb/platforms/metax/hadamard_api.cu:344:12: note: expanded from macro 'DEFINE_TYPED_API'
    return launch<T, true, true>(input, nullptr, packed, scales, rows, n, scale, stream, method); \
           ^
/opt/maca-3.0.0/mxgpu_llvm/lib/clang/12.0.0/include/__clang_maca_device_functions.h:2146:3: note: '__shfl_xor' has been explicitly marked deprecated here
[[deprecated]] __device__ MACA_INLINE float __shfl_xor(float var, int laneMask,
  ^
/data/infinitensor-2026/Learning-CUDA/03_hadamard_tc/a962695448-rgb/platforms/metax/hadamard_api.cu:225:36: warning: '__shfl_xor' is deprecated [-Wdeprecated-declarations]
                const float peer = __shfl_xor(values[r], 1, width);
                                   ^
/data/infinitensor-2026/Learning-CUDA/03_hadamard_tc/a962695448-rgb/platforms/metax/hadamard_api.cu:251:9: note: in instantiation of function template specialization 'hadamard::metax::(anonymous namespace)::warp64_kernel<__half, true, true, 4>' requested here
        LAUNCH_WARP64(4);
        ^
/data/infinitensor-2026/Learning-CUDA/03_hadamard_tc/a962695448-rgb/platforms/metax/hadamard_api.cu:245:9: note: expanded from macro 'LAUNCH_WARP64'
        warp64_kernel<T, Transform, Quantize, N><<<blocks, 256, 0, stream>>>( \
        ^
/data/infinitensor-2026/Learning-CUDA/03_hadamard_tc/a962695448-rgb/platforms/metax/hadamard_api.cu:311:16: note: in instantiation of function template specialization 'hadamard::metax::(anonymous namespace)::launch_warp64<__half, true, true>' requested here
        return launch_warp64<T, Transform, Quantize>(input, output, packed, scales, rows, n, scale, stream);
               ^
/data/infinitensor-2026/Learning-CUDA/03_hadamard_tc/a962695448-rgb/platforms/metax/hadamard_api.cu:347:1: note: in instantiation of function template specialization 'hadamard::metax::(anonymous namespace)::launch<__half, true, true>' requested here
DEFINE_TYPED_API(__half)
^
/data/infinitensor-2026/Learning-CUDA/03_hadamard_tc/a962695448-rgb/platforms/metax/hadamard_api.cu:344:12: note: expanded from macro 'DEFINE_TYPED_API'
    return launch<T, true, true>(input, nullptr, packed, scales, rows, n, scale, stream, method); \
           ^
/opt/maca-3.0.0/mxgpu_llvm/lib/clang/12.0.0/include/__clang_maca_device_functions.h:2146:3: note: '__shfl_xor' has been explicitly marked deprecated here
[[deprecated]] __device__ MACA_INLINE float __shfl_xor(float var, int laneMask,
  ^
/data/infinitensor-2026/Learning-CUDA/03_hadamard_tc/a962695448-rgb/platforms/metax/hadamard_api.cu:225:36: warning: '__shfl_xor' is deprecated [-Wdeprecated-declarations]
                const float peer = __shfl_xor(values[r], 1, width);
                                   ^
/data/infinitensor-2026/Learning-CUDA/03_hadamard_tc/a962695448-rgb/platforms/metax/hadamard_api.cu:252:9: note: in instantiation of function template specialization 'hadamard::metax::(anonymous namespace)::warp64_kernel<__half, true, true, 8>' requested here
        LAUNCH_WARP64(8);
        ^
/data/infinitensor-2026/Learning-CUDA/03_hadamard_tc/a962695448-rgb/platforms/metax/hadamard_api.cu:245:9: note: expanded from macro 'LAUNCH_WARP64'
        warp64_kernel<T, Transform, Quantize, N><<<blocks, 256, 0, stream>>>( \
        ^
/data/infinitensor-2026/Learning-CUDA/03_hadamard_tc/a962695448-rgb/platforms/metax/hadamard_api.cu:311:16: note: in instantiation of function template specialization 'hadamard::metax::(anonymous namespace)::launch_warp64<__half, true, true>' requested here
        return launch_warp64<T, Transform, Quantize>(input, output, packed, scales, rows, n, scale, stream);
               ^
/data/infinitensor-2026/Learning-CUDA/03_hadamard_tc/a962695448-rgb/platforms/metax/hadamard_api.cu:347:1: note: in instantiation of function template specialization 'hadamard::metax::(anonymous namespace)::launch<__half, true, true>' requested here
DEFINE_TYPED_API(__half)
^
/data/infinitensor-2026/Learning-CUDA/03_hadamard_tc/a962695448-rgb/platforms/metax/hadamard_api.cu:344:12: note: expanded from macro 'DEFINE_TYPED_API'
    return launch<T, true, true>(input, nullptr, packed, scales, rows, n, scale, stream, method); \
           ^
/opt/maca-3.0.0/mxgpu_llvm/lib/clang/12.0.0/include/__clang_maca_device_functions.h:2146:3: note: '__shfl_xor' has been explicitly marked deprecated here
[[deprecated]] __device__ MACA_INLINE float __shfl_xor(float var, int laneMask,
  ^
/data/infinitensor-2026/Learning-CUDA/03_hadamard_tc/a962695448-rgb/platforms/metax/hadamard_api.cu:225:36: warning: '__shfl_xor' is deprecated [-Wdeprecated-declarations]
                const float peer = __shfl_xor(values[r], 1, width);
                                   ^
/data/infinitensor-2026/Learning-CUDA/03_hadamard_tc/a962695448-rgb/platforms/metax/hadamard_api.cu:253:9: note: in instantiation of function template specialization 'hadamard::metax::(anonymous namespace)::warp64_kernel<__half, true, true, 16>' requested here
        LAUNCH_WARP64(16);
        ^
/data/infinitensor-2026/Learning-CUDA/03_hadamard_tc/a962695448-rgb/platforms/metax/hadamard_api.cu:245:9: note: expanded from macro 'LAUNCH_WARP64'
        warp64_kernel<T, Transform, Quantize, N><<<blocks, 256, 0, stream>>>( \
        ^
/data/infinitensor-2026/Learning-CUDA/03_hadamard_tc/a962695448-rgb/platforms/metax/hadamard_api.cu:311:16: note: in instantiation of function template specialization 'hadamard::metax::(anonymous namespace)::launch_warp64<__half, true, true>' requested here
        return launch_warp64<T, Transform, Quantize>(input, output, packed, scales, rows, n, scale, stream);
               ^
/data/infinitensor-2026/Learning-CUDA/03_hadamard_tc/a962695448-rgb/platforms/metax/hadamard_api.cu:347:1: note: in instantiation of function template specialization 'hadamard::metax::(anonymous namespace)::launch<__half, true, true>' requested here
DEFINE_TYPED_API(__half)
^
/data/infinitensor-2026/Learning-CUDA/03_hadamard_tc/a962695448-rgb/platforms/metax/hadamard_api.cu:344:12: note: expanded from macro 'DEFINE_TYPED_API'
    return launch<T, true, true>(input, nullptr, packed, scales, rows, n, scale, stream, method); \
           ^
/opt/maca-3.0.0/mxgpu_llvm/lib/clang/12.0.0/include/__clang_maca_device_functions.h:2146:3: note: '__shfl_xor' has been explicitly marked deprecated here
[[deprecated]] __device__ MACA_INLINE float __shfl_xor(float var, int laneMask,
  ^
/data/infinitensor-2026/Learning-CUDA/03_hadamard_tc/a962695448-rgb/platforms/metax/hadamard_api.cu:225:36: warning: '__shfl_xor' is deprecated [-Wdeprecated-declarations]
                const float peer = __shfl_xor(values[r], 1, width);
                                   ^
/data/infinitensor-2026/Learning-CUDA/03_hadamard_tc/a962695448-rgb/platforms/metax/hadamard_api.cu:254:9: note: in instantiation of function template specialization 'hadamard::metax::(anonymous namespace)::warp64_kernel<__half, true, true, 32>' requested here
        LAUNCH_WARP64(32);
        ^
/data/infinitensor-2026/Learning-CUDA/03_hadamard_tc/a962695448-rgb/platforms/metax/hadamard_api.cu:245:9: note: expanded from macro 'LAUNCH_WARP64'
        warp64_kernel<T, Transform, Quantize, N><<<blocks, 256, 0, stream>>>( \
        ^
/data/infinitensor-2026/Learning-CUDA/03_hadamard_tc/a962695448-rgb/platforms/metax/hadamard_api.cu:311:16: note: in instantiation of function template specialization 'hadamard::metax::(anonymous namespace)::launch_warp64<__half, true, true>' requested here
        return launch_warp64<T, Transform, Quantize>(input, output, packed, scales, rows, n, scale, stream);
               ^
/data/infinitensor-2026/Learning-CUDA/03_hadamard_tc/a962695448-rgb/platforms/metax/hadamard_api.cu:347:1: note: in instantiation of function template specialization 'hadamard::metax::(anonymous namespace)::launch<__half, true, true>' requested here
DEFINE_TYPED_API(__half)
^
/data/infinitensor-2026/Learning-CUDA/03_hadamard_tc/a962695448-rgb/platforms/metax/hadamard_api.cu:344:12: note: expanded from macro 'DEFINE_TYPED_API'
    return launch<T, true, true>(input, nullptr, packed, scales, rows, n, scale, stream, method); \
           ^
/opt/maca-3.0.0/mxgpu_llvm/lib/clang/12.0.0/include/__clang_maca_device_functions.h:2146:3: note: '__shfl_xor' has been explicitly marked deprecated here
[[deprecated]] __device__ MACA_INLINE float __shfl_xor(float var, int laneMask,
  ^
/data/infinitensor-2026/Learning-CUDA/03_hadamard_tc/a962695448-rgb/platforms/metax/hadamard_api.cu:225:36: warning: '__shfl_xor' is deprecated [-Wdeprecated-declarations]
                const float peer = __shfl_xor(values[r], 1, width);
                                   ^
/data/infinitensor-2026/Learning-CUDA/03_hadamard_tc/a962695448-rgb/platforms/metax/hadamard_api.cu:255:9: note: in instantiation of function template specialization 'hadamard::metax::(anonymous namespace)::warp64_kernel<__half, true, true, 64>' requested here
        LAUNCH_WARP64(64);
        ^
/data/infinitensor-2026/Learning-CUDA/03_hadamard_tc/a962695448-rgb/platforms/metax/hadamard_api.cu:245:9: note: expanded from macro 'LAUNCH_WARP64'
        warp64_kernel<T, Transform, Quantize, N><<<blocks, 256, 0, stream>>>( \
        ^
/data/infinitensor-2026/Learning-CUDA/03_hadamard_tc/a962695448-rgb/platforms/metax/hadamard_api.cu:311:16: note: in instantiation of function template specialization 'hadamard::metax::(anonymous namespace)::launch_warp64<__half, true, true>' requested here
        return launch_warp64<T, Transform, Quantize>(input, output, packed, scales, rows, n, scale, stream);
               ^
/data/infinitensor-2026/Learning-CUDA/03_hadamard_tc/a962695448-rgb/platforms/metax/hadamard_api.cu:347:1: note: in instantiation of function template specialization 'hadamard::metax::(anonymous namespace)::launch<__half, true, true>' requested here
DEFINE_TYPED_API(__half)
^
/data/infinitensor-2026/Learning-CUDA/03_hadamard_tc/a962695448-rgb/platforms/metax/hadamard_api.cu:344:12: note: expanded from macro 'DEFINE_TYPED_API'
    return launch<T, true, true>(input, nullptr, packed, scales, rows, n, scale, stream, method); \
           ^
/opt/maca-3.0.0/mxgpu_llvm/lib/clang/12.0.0/include/__clang_maca_device_functions.h:2146:3: note: '__shfl_xor' has been explicitly marked deprecated here
[[deprecated]] __device__ MACA_INLINE float __shfl_xor(float var, int laneMask,
  ^
/data/infinitensor-2026/Learning-CUDA/03_hadamard_tc/a962695448-rgb/platforms/metax/hadamard_api.cu:225:36: warning: '__shfl_xor' is deprecated [-Wdeprecated-declarations]
                const float peer = __shfl_xor(values[r], 1, width);
                                   ^
/data/infinitensor-2026/Learning-CUDA/03_hadamard_tc/a962695448-rgb/platforms/metax/hadamard_api.cu:256:9: note: in instantiation of function template specialization 'hadamard::metax::(anonymous namespace)::warp64_kernel<__half, true, true, 128>' requested here
        LAUNCH_WARP64(128);
        ^
/data/infinitensor-2026/Learning-CUDA/03_hadamard_tc/a962695448-rgb/platforms/metax/hadamard_api.cu:245:9: note: expanded from macro 'LAUNCH_WARP64'
        warp64_kernel<T, Transform, Quantize, N><<<blocks, 256, 0, stream>>>( \
        ^
/data/infinitensor-2026/Learning-CUDA/03_hadamard_tc/a962695448-rgb/platforms/metax/hadamard_api.cu:311:16: note: in instantiation of function template specialization 'hadamard::metax::(anonymous namespace)::launch_warp64<__half, true, true>' requested here
        return launch_warp64<T, Transform, Quantize>(input, output, packed, scales, rows, n, scale, stream);
               ^
/data/infinitensor-2026/Learning-CUDA/03_hadamard_tc/a962695448-rgb/platforms/metax/hadamard_api.cu:347:1: note: in instantiation of function template specialization 'hadamard::metax::(anonymous namespace)::launch<__half, true, true>' requested here
DEFINE_TYPED_API(__half)
^
/data/infinitensor-2026/Learning-CUDA/03_hadamard_tc/a962695448-rgb/platforms/metax/hadamard_api.cu:344:12: note: expanded from macro 'DEFINE_TYPED_API'
    return launch<T, true, true>(input, nullptr, packed, scales, rows, n, scale, stream, method); \
           ^
/opt/maca-3.0.0/mxgpu_llvm/lib/clang/12.0.0/include/__clang_maca_device_functions.h:2146:3: note: '__shfl_xor' has been explicitly marked deprecated here
[[deprecated]] __device__ MACA_INLINE float __shfl_xor(float var, int laneMask,
  ^
/data/infinitensor-2026/Learning-CUDA/03_hadamard_tc/a962695448-rgb/platforms/metax/hadamard_api.cu:225:36: warning: '__shfl_xor' is deprecated [-Wdeprecated-declarations]
                const float peer = __shfl_xor(values[r], 1, width);
                                   ^
/data/infinitensor-2026/Learning-CUDA/03_hadamard_tc/a962695448-rgb/platforms/metax/hadamard_api.cu:257:9: note: in instantiation of function template specialization 'hadamard::metax::(anonymous namespace)::warp64_kernel<__half, true, true, 256>' requested here
        LAUNCH_WARP64(256);
        ^
/data/infinitensor-2026/Learning-CUDA/03_hadamard_tc/a962695448-rgb/platforms/metax/hadamard_api.cu:245:9: note: expanded from macro 'LAUNCH_WARP64'
        warp64_kernel<T, Transform, Quantize, N><<<blocks, 256, 0, stream>>>( \
        ^
/data/infinitensor-2026/Learning-CUDA/03_hadamard_tc/a962695448-rgb/platforms/metax/hadamard_api.cu:311:16: note: in instantiation of function template specialization 'hadamard::metax::(anonymous namespace)::launch_warp64<__half, true, true>' requested here
        return launch_warp64<T, Transform, Quantize>(input, output, packed, scales, rows, n, scale, stream);
               ^
/data/infinitensor-2026/Learning-CUDA/03_hadamard_tc/a962695448-rgb/platforms/metax/hadamard_api.cu:347:1: note: in instantiation of function template specialization 'hadamard::metax::(anonymous namespace)::launch<__half, true, true>' requested here
DEFINE_TYPED_API(__half)
^
/data/infinitensor-2026/Learning-CUDA/03_hadamard_tc/a962695448-rgb/platforms/metax/hadamard_api.cu:344:12: note: expanded from macro 'DEFINE_TYPED_API'
    return launch<T, true, true>(input, nullptr, packed, scales, rows, n, scale, stream, method); \
           ^
/opt/maca-3.0.0/mxgpu_llvm/lib/clang/12.0.0/include/__clang_maca_device_functions.h:2146:3: note: '__shfl_xor' has been explicitly marked deprecated here
[[deprecated]] __device__ MACA_INLINE float __shfl_xor(float var, int laneMask,
  ^
/data/infinitensor-2026/Learning-CUDA/03_hadamard_tc/a962695448-rgb/platforms/metax/hadamard_api.cu:225:36: warning: '__shfl_xor' is deprecated [-Wdeprecated-declarations]
                const float peer = __shfl_xor(values[r], 1, width);
                                   ^
/data/infinitensor-2026/Learning-CUDA/03_hadamard_tc/a962695448-rgb/platforms/metax/hadamard_api.cu:249:9: note: in instantiation of function template specialization 'hadamard::metax::(anonymous namespace)::warp64_kernel<__maca_bfloat16, false, true, 1>' requested here
        LAUNCH_WARP64(1);
        ^
/data/infinitensor-2026/Learning-CUDA/03_hadamard_tc/a962695448-rgb/platforms/metax/hadamard_api.cu:245:9: note: expanded from macro 'LAUNCH_WARP64'
        warp64_kernel<T, Transform, Quantize, N><<<blocks, 256, 0, stream>>>( \
        ^
/data/infinitensor-2026/Learning-CUDA/03_hadamard_tc/a962695448-rgb/platforms/metax/hadamard_api.cu:311:16: note: in instantiation of function template specialization 'hadamard::metax::(anonymous namespace)::launch_warp64<__maca_bfloat16, false, true>' requested here
        return launch_warp64<T, Transform, Quantize>(input, output, packed, scales, rows, n, scale, stream);
               ^
/data/infinitensor-2026/Learning-CUDA/03_hadamard_tc/a962695448-rgb/platforms/metax/hadamard_api.cu:348:1: note: in instantiation of function template specialization 'hadamard::metax::(anonymous namespace)::launch<__maca_bfloat16, false, true>' requested here
DEFINE_TYPED_API(__nv_bfloat16)
^
/data/infinitensor-2026/Learning-CUDA/03_hadamard_tc/a962695448-rgb/platforms/metax/hadamard_api.cu:340:12: note: expanded from macro 'DEFINE_TYPED_API'
    return launch<T, false, true>(input, nullptr, packed, scales, rows, n, 1.0f, stream, method); \
           ^
/opt/maca-3.0.0/mxgpu_llvm/lib/clang/12.0.0/include/__clang_maca_device_functions.h:2146:3: note: '__shfl_xor' has been explicitly marked deprecated here
[[deprecated]] __device__ MACA_INLINE float __shfl_xor(float var, int laneMask,
  ^
/data/infinitensor-2026/Learning-CUDA/03_hadamard_tc/a962695448-rgb/platforms/metax/hadamard_api.cu:225:36: warning: '__shfl_xor' is deprecated [-Wdeprecated-declarations]
                const float peer = __shfl_xor(values[r], 1, width);
                                   ^
/data/infinitensor-2026/Learning-CUDA/03_hadamard_tc/a962695448-rgb/platforms/metax/hadamard_api.cu:250:9: note: in instantiation of function template specialization 'hadamard::metax::(anonymous namespace)::warp64_kernel<__maca_bfloat16, false, true, 2>' requested here
        LAUNCH_WARP64(2);
        ^
/data/infinitensor-2026/Learning-CUDA/03_hadamard_tc/a962695448-rgb/platforms/metax/hadamard_api.cu:245:9: note: expanded from macro 'LAUNCH_WARP64'
        warp64_kernel<T, Transform, Quantize, N><<<blocks, 256, 0, stream>>>( \
        ^
/data/infinitensor-2026/Learning-CUDA/03_hadamard_tc/a962695448-rgb/platforms/metax/hadamard_api.cu:311:16: note: in instantiation of function template specialization 'hadamard::metax::(anonymous namespace)::launch_warp64<__maca_bfloat16, false, true>' requested here
        return launch_warp64<T, Transform, Quantize>(input, output, packed, scales, rows, n, scale, stream);
               ^
/data/infinitensor-2026/Learning-CUDA/03_hadamard_tc/a962695448-rgb/platforms/metax/hadamard_api.cu:348:1: note: in instantiation of function template specialization 'hadamard::metax::(anonymous namespace)::launch<__maca_bfloat16, false, true>' requested here
DEFINE_TYPED_API(__nv_bfloat16)
^
/data/infinitensor-2026/Learning-CUDA/03_hadamard_tc/a962695448-rgb/platforms/metax/hadamard_api.cu:340:12: note: expanded from macro 'DEFINE_TYPED_API'
    return launch<T, false, true>(input, nullptr, packed, scales, rows, n, 1.0f, stream, method); \
           ^
/opt/maca-3.0.0/mxgpu_llvm/lib/clang/12.0.0/include/__clang_maca_device_functions.h:2146:3: note: '__shfl_xor' has been explicitly marked deprecated here
[[deprecated]] __device__ MACA_INLINE float __shfl_xor(float var, int laneMask,
  ^
/data/infinitensor-2026/Learning-CUDA/03_hadamard_tc/a962695448-rgb/platforms/metax/hadamard_api.cu:225:36: warning: '__shfl_xor' is deprecated [-Wdeprecated-declarations]
                const float peer = __shfl_xor(values[r], 1, width);
                                   ^
/data/infinitensor-2026/Learning-CUDA/03_hadamard_tc/a962695448-rgb/platforms/metax/hadamard_api.cu:251:9: note: in instantiation of function template specialization 'hadamard::metax::(anonymous namespace)::warp64_kernel<__maca_bfloat16, false, true, 4>' requested here
        LAUNCH_WARP64(4);
        ^
/data/infinitensor-2026/Learning-CUDA/03_hadamard_tc/a962695448-rgb/platforms/metax/hadamard_api.cu:245:9: note: expanded from macro 'LAUNCH_WARP64'
        warp64_kernel<T, Transform, Quantize, N><<<blocks, 256, 0, stream>>>( \
        ^
/data/infinitensor-2026/Learning-CUDA/03_hadamard_tc/a962695448-rgb/platforms/metax/hadamard_api.cu:311:16: note: in instantiation of function template specialization 'hadamard::metax::(anonymous namespace)::launch_warp64<__maca_bfloat16, false, true>' requested here
        return launch_warp64<T, Transform, Quantize>(input, output, packed, scales, rows, n, scale, stream);
               ^
/data/infinitensor-2026/Learning-CUDA/03_hadamard_tc/a962695448-rgb/platforms/metax/hadamard_api.cu:348:1: note: in instantiation of function template specialization 'hadamard::metax::(anonymous namespace)::launch<__maca_bfloat16, false, true>' requested here
DEFINE_TYPED_API(__nv_bfloat16)
^
/data/infinitensor-2026/Learning-CUDA/03_hadamard_tc/a962695448-rgb/platforms/metax/hadamard_api.cu:340:12: note: expanded from macro 'DEFINE_TYPED_API'
    return launch<T, false, true>(input, nullptr, packed, scales, rows, n, 1.0f, stream, method); \
           ^
/opt/maca-3.0.0/mxgpu_llvm/lib/clang/12.0.0/include/__clang_maca_device_functions.h:2146:3: note: '__shfl_xor' has been explicitly marked deprecated here
[[deprecated]] __device__ MACA_INLINE float __shfl_xor(float var, int laneMask,
  ^
/data/infinitensor-2026/Learning-CUDA/03_hadamard_tc/a962695448-rgb/platforms/metax/hadamard_api.cu:225:36: warning: '__shfl_xor' is deprecated [-Wdeprecated-declarations]
                const float peer = __shfl_xor(values[r], 1, width);
                                   ^
/data/infinitensor-2026/Learning-CUDA/03_hadamard_tc/a962695448-rgb/platforms/metax/hadamard_api.cu:252:9: note: in instantiation of function template specialization 'hadamard::metax::(anonymous namespace)::warp64_kernel<__maca_bfloat16, false, true, 8>' requested here
        LAUNCH_WARP64(8);
        ^
/data/infinitensor-2026/Learning-CUDA/03_hadamard_tc/a962695448-rgb/platforms/metax/hadamard_api.cu:245:9: note: expanded from macro 'LAUNCH_WARP64'
        warp64_kernel<T, Transform, Quantize, N><<<blocks, 256, 0, stream>>>( \
        ^
/data/infinitensor-2026/Learning-CUDA/03_hadamard_tc/a962695448-rgb/platforms/metax/hadamard_api.cu:311:16: note: in instantiation of function template specialization 'hadamard::metax::(anonymous namespace)::launch_warp64<__maca_bfloat16, false, true>' requested here
        return launch_warp64<T, Transform, Quantize>(input, output, packed, scales, rows, n, scale, stream);
               ^
/data/infinitensor-2026/Learning-CUDA/03_hadamard_tc/a962695448-rgb/platforms/metax/hadamard_api.cu:348:1: note: in instantiation of function template specialization 'hadamard::metax::(anonymous namespace)::launch<__maca_bfloat16, false, true>' requested here
DEFINE_TYPED_API(__nv_bfloat16)
^
/data/infinitensor-2026/Learning-CUDA/03_hadamard_tc/a962695448-rgb/platforms/metax/hadamard_api.cu:340:12: note: expanded from macro 'DEFINE_TYPED_API'
    return launch<T, false, true>(input, nullptr, packed, scales, rows, n, 1.0f, stream, method); \
           ^
/opt/maca-3.0.0/mxgpu_llvm/lib/clang/12.0.0/include/__clang_maca_device_functions.h:2146:3: note: '__shfl_xor' has been explicitly marked deprecated here
[[deprecated]] __device__ MACA_INLINE float __shfl_xor(float var, int laneMask,
  ^
/data/infinitensor-2026/Learning-CUDA/03_hadamard_tc/a962695448-rgb/platforms/metax/hadamard_api.cu:225:36: warning: '__shfl_xor' is deprecated [-Wdeprecated-declarations]
                const float peer = __shfl_xor(values[r], 1, width);
                                   ^
/data/infinitensor-2026/Learning-CUDA/03_hadamard_tc/a962695448-rgb/platforms/metax/hadamard_api.cu:253:9: note: in instantiation of function template specialization 'hadamard::metax::(anonymous namespace)::warp64_kernel<__maca_bfloat16, false, true, 16>' requested here
        LAUNCH_WARP64(16);
        ^
/data/infinitensor-2026/Learning-CUDA/03_hadamard_tc/a962695448-rgb/platforms/metax/hadamard_api.cu:245:9: note: expanded from macro 'LAUNCH_WARP64'
        warp64_kernel<T, Transform, Quantize, N><<<blocks, 256, 0, stream>>>( \
        ^
/data/infinitensor-2026/Learning-CUDA/03_hadamard_tc/a962695448-rgb/platforms/metax/hadamard_api.cu:311:16: note: in instantiation of function template specialization 'hadamard::metax::(anonymous namespace)::launch_warp64<__maca_bfloat16, false, true>' requested here
        return launch_warp64<T, Transform, Quantize>(input, output, packed, scales, rows, n, scale, stream);
               ^
/data/infinitensor-2026/Learning-CUDA/03_hadamard_tc/a962695448-rgb/platforms/metax/hadamard_api.cu:348:1: note: in instantiation of function template specialization 'hadamard::metax::(anonymous namespace)::launch<__maca_bfloat16, false, true>' requested here
DEFINE_TYPED_API(__nv_bfloat16)
^
/data/infinitensor-2026/Learning-CUDA/03_hadamard_tc/a962695448-rgb/platforms/metax/hadamard_api.cu:340:12: note: expanded from macro 'DEFINE_TYPED_API'
    return launch<T, false, true>(input, nullptr, packed, scales, rows, n, 1.0f, stream, method); \
           ^
/opt/maca-3.0.0/mxgpu_llvm/lib/clang/12.0.0/include/__clang_maca_device_functions.h:2146:3: note: '__shfl_xor' has been explicitly marked deprecated here
[[deprecated]] __device__ MACA_INLINE float __shfl_xor(float var, int laneMask,
  ^
/data/infinitensor-2026/Learning-CUDA/03_hadamard_tc/a962695448-rgb/platforms/metax/hadamard_api.cu:225:36: warning: '__shfl_xor' is deprecated [-Wdeprecated-declarations]
                const float peer = __shfl_xor(values[r], 1, width);
                                   ^
/data/infinitensor-2026/Learning-CUDA/03_hadamard_tc/a962695448-rgb/platforms/metax/hadamard_api.cu:254:9: note: in instantiation of function template specialization 'hadamard::metax::(anonymous namespace)::warp64_kernel<__maca_bfloat16, false, true, 32>' requested here
        LAUNCH_WARP64(32);
        ^
/data/infinitensor-2026/Learning-CUDA/03_hadamard_tc/a962695448-rgb/platforms/metax/hadamard_api.cu:245:9: note: expanded from macro 'LAUNCH_WARP64'
        warp64_kernel<T, Transform, Quantize, N><<<blocks, 256, 0, stream>>>( \
        ^
/data/infinitensor-2026/Learning-CUDA/03_hadamard_tc/a962695448-rgb/platforms/metax/hadamard_api.cu:311:16: note: in instantiation of function template specialization 'hadamard::metax::(anonymous namespace)::launch_warp64<__maca_bfloat16, false, true>' requested here
        return launch_warp64<T, Transform, Quantize>(input, output, packed, scales, rows, n, scale, stream);
               ^
/data/infinitensor-2026/Learning-CUDA/03_hadamard_tc/a962695448-rgb/platforms/metax/hadamard_api.cu:348:1: note: in instantiation of function template specialization 'hadamard::metax::(anonymous namespace)::launch<__maca_bfloat16, false, true>' requested here
DEFINE_TYPED_API(__nv_bfloat16)
^
/data/infinitensor-2026/Learning-CUDA/03_hadamard_tc/a962695448-rgb/platforms/metax/hadamard_api.cu:340:12: note: expanded from macro 'DEFINE_TYPED_API'
    return launch<T, false, true>(input, nullptr, packed, scales, rows, n, 1.0f, stream, method); \
           ^
/opt/maca-3.0.0/mxgpu_llvm/lib/clang/12.0.0/include/__clang_maca_device_functions.h:2146:3: note: '__shfl_xor' has been explicitly marked deprecated here
[[deprecated]] __device__ MACA_INLINE float __shfl_xor(float var, int laneMask,
  ^
/data/infinitensor-2026/Learning-CUDA/03_hadamard_tc/a962695448-rgb/platforms/metax/hadamard_api.cu:225:36: warning: '__shfl_xor' is deprecated [-Wdeprecated-declarations]
                const float peer = __shfl_xor(values[r], 1, width);
                                   ^
/data/infinitensor-2026/Learning-CUDA/03_hadamard_tc/a962695448-rgb/platforms/metax/hadamard_api.cu:255:9: note: in instantiation of function template specialization 'hadamard::metax::(anonymous namespace)::warp64_kernel<__maca_bfloat16, false, true, 64>' requested here
        LAUNCH_WARP64(64);
        ^
/data/infinitensor-2026/Learning-CUDA/03_hadamard_tc/a962695448-rgb/platforms/metax/hadamard_api.cu:245:9: note: expanded from macro 'LAUNCH_WARP64'
        warp64_kernel<T, Transform, Quantize, N><<<blocks, 256, 0, stream>>>( \
        ^
/data/infinitensor-2026/Learning-CUDA/03_hadamard_tc/a962695448-rgb/platforms/metax/hadamard_api.cu:311:16: note: in instantiation of function template specialization 'hadamard::metax::(anonymous namespace)::launch_warp64<__maca_bfloat16, false, true>' requested here
        return launch_warp64<T, Transform, Quantize>(input, output, packed, scales, rows, n, scale, stream);
               ^
/data/infinitensor-2026/Learning-CUDA/03_hadamard_tc/a962695448-rgb/platforms/metax/hadamard_api.cu:348:1: note: in instantiation of function template specialization 'hadamard::metax::(anonymous namespace)::launch<__maca_bfloat16, false, true>' requested here
DEFINE_TYPED_API(__nv_bfloat16)
^
/data/infinitensor-2026/Learning-CUDA/03_hadamard_tc/a962695448-rgb/platforms/metax/hadamard_api.cu:340:12: note: expanded from macro 'DEFINE_TYPED_API'
    return launch<T, false, true>(input, nullptr, packed, scales, rows, n, 1.0f, stream, method); \
           ^
/opt/maca-3.0.0/mxgpu_llvm/lib/clang/12.0.0/include/__clang_maca_device_functions.h:2146:3: note: '__shfl_xor' has been explicitly marked deprecated here
[[deprecated]] __device__ MACA_INLINE float __shfl_xor(float var, int laneMask,
  ^
/data/infinitensor-2026/Learning-CUDA/03_hadamard_tc/a962695448-rgb/platforms/metax/hadamard_api.cu:225:36: warning: '__shfl_xor' is deprecated [-Wdeprecated-declarations]
                const float peer = __shfl_xor(values[r], 1, width);
                                   ^
/data/infinitensor-2026/Learning-CUDA/03_hadamard_tc/a962695448-rgb/platforms/metax/hadamard_api.cu:256:9: note: in instantiation of function template specialization 'hadamard::metax::(anonymous namespace)::warp64_kernel<__maca_bfloat16, false, true, 128>' requested here
        LAUNCH_WARP64(128);
        ^
/data/infinitensor-2026/Learning-CUDA/03_hadamard_tc/a962695448-rgb/platforms/metax/hadamard_api.cu:245:9: note: expanded from macro 'LAUNCH_WARP64'
        warp64_kernel<T, Transform, Quantize, N><<<blocks, 256, 0, stream>>>( \
        ^
/data/infinitensor-2026/Learning-CUDA/03_hadamard_tc/a962695448-rgb/platforms/metax/hadamard_api.cu:311:16: note: in instantiation of function template specialization 'hadamard::metax::(anonymous namespace)::launch_warp64<__maca_bfloat16, false, true>' requested here
        return launch_warp64<T, Transform, Quantize>(input, output, packed, scales, rows, n, scale, stream);
               ^
/data/infinitensor-2026/Learning-CUDA/03_hadamard_tc/a962695448-rgb/platforms/metax/hadamard_api.cu:348:1: note: in instantiation of function template specialization 'hadamard::metax::(anonymous namespace)::launch<__maca_bfloat16, false, true>' requested here
DEFINE_TYPED_API(__nv_bfloat16)
^
/data/infinitensor-2026/Learning-CUDA/03_hadamard_tc/a962695448-rgb/platforms/metax/hadamard_api.cu:340:12: note: expanded from macro 'DEFINE_TYPED_API'
    return launch<T, false, true>(input, nullptr, packed, scales, rows, n, 1.0f, stream, method); \
           ^
/opt/maca-3.0.0/mxgpu_llvm/lib/clang/12.0.0/include/__clang_maca_device_functions.h:2146:3: note: '__shfl_xor' has been explicitly marked deprecated here
[[deprecated]] __device__ MACA_INLINE float __shfl_xor(float var, int laneMask,
  ^
/data/infinitensor-2026/Learning-CUDA/03_hadamard_tc/a962695448-rgb/platforms/metax/hadamard_api.cu:225:36: warning: '__shfl_xor' is deprecated [-Wdeprecated-declarations]
                const float peer = __shfl_xor(values[r], 1, width);
                                   ^
/data/infinitensor-2026/Learning-CUDA/03_hadamard_tc/a962695448-rgb/platforms/metax/hadamard_api.cu:257:9: note: in instantiation of function template specialization 'hadamard::metax::(anonymous namespace)::warp64_kernel<__maca_bfloat16, false, true, 256>' requested here
        LAUNCH_WARP64(256);
        ^
/data/infinitensor-2026/Learning-CUDA/03_hadamard_tc/a962695448-rgb/platforms/metax/hadamard_api.cu:245:9: note: expanded from macro 'LAUNCH_WARP64'
        warp64_kernel<T, Transform, Quantize, N><<<blocks, 256, 0, stream>>>( \
        ^
/data/infinitensor-2026/Learning-CUDA/03_hadamard_tc/a962695448-rgb/platforms/metax/hadamard_api.cu:311:16: note: in instantiation of function template specialization 'hadamard::metax::(anonymous namespace)::launch_warp64<__maca_bfloat16, false, true>' requested here
        return launch_warp64<T, Transform, Quantize>(input, output, packed, scales, rows, n, scale, stream);
               ^
/data/infinitensor-2026/Learning-CUDA/03_hadamard_tc/a962695448-rgb/platforms/metax/hadamard_api.cu:348:1: note: in instantiation of function template specialization 'hadamard::metax::(anonymous namespace)::launch<__maca_bfloat16, false, true>' requested here
DEFINE_TYPED_API(__nv_bfloat16)
^
/data/infinitensor-2026/Learning-CUDA/03_hadamard_tc/a962695448-rgb/platforms/metax/hadamard_api.cu:340:12: note: expanded from macro 'DEFINE_TYPED_API'
    return launch<T, false, true>(input, nullptr, packed, scales, rows, n, 1.0f, stream, method); \
           ^
/opt/maca-3.0.0/mxgpu_llvm/lib/clang/12.0.0/include/__clang_maca_device_functions.h:2146:3: note: '__shfl_xor' has been explicitly marked deprecated here
[[deprecated]] __device__ MACA_INLINE float __shfl_xor(float var, int laneMask,
  ^
/data/infinitensor-2026/Learning-CUDA/03_hadamard_tc/a962695448-rgb/platforms/metax/hadamard_api.cu:225:36: warning: '__shfl_xor' is deprecated [-Wdeprecated-declarations]
                const float peer = __shfl_xor(values[r], 1, width);
                                   ^
/data/infinitensor-2026/Learning-CUDA/03_hadamard_tc/a962695448-rgb/platforms/metax/hadamard_api.cu:249:9: note: in instantiation of function template specialization 'hadamard::metax::(anonymous namespace)::warp64_kernel<__maca_bfloat16, true, true, 1>' requested here
        LAUNCH_WARP64(1);
        ^
/data/infinitensor-2026/Learning-CUDA/03_hadamard_tc/a962695448-rgb/platforms/metax/hadamard_api.cu:245:9: note: expanded from macro 'LAUNCH_WARP64'
        warp64_kernel<T, Transform, Quantize, N><<<blocks, 256, 0, stream>>>( \
        ^
/data/infinitensor-2026/Learning-CUDA/03_hadamard_tc/a962695448-rgb/platforms/metax/hadamard_api.cu:311:16: note: in instantiation of function template specialization 'hadamard::metax::(anonymous namespace)::launch_warp64<__maca_bfloat16, true, true>' requested here
        return launch_warp64<T, Transform, Quantize>(input, output, packed, scales, rows, n, scale, stream);
               ^
/data/infinitensor-2026/Learning-CUDA/03_hadamard_tc/a962695448-rgb/platforms/metax/hadamard_api.cu:348:1: note: in instantiation of function template specialization 'hadamard::metax::(anonymous namespace)::launch<__maca_bfloat16, true, true>' requested here
DEFINE_TYPED_API(__nv_bfloat16)
^
/data/infinitensor-2026/Learning-CUDA/03_hadamard_tc/a962695448-rgb/platforms/metax/hadamard_api.cu:344:12: note: expanded from macro 'DEFINE_TYPED_API'
    return launch<T, true, true>(input, nullptr, packed, scales, rows, n, scale, stream, method); \
           ^
/opt/maca-3.0.0/mxgpu_llvm/lib/clang/12.0.0/include/__clang_maca_device_functions.h:2146:3: note: '__shfl_xor' has been explicitly marked deprecated here
[[deprecated]] __device__ MACA_INLINE float __shfl_xor(float var, int laneMask,
  ^
/data/infinitensor-2026/Learning-CUDA/03_hadamard_tc/a962695448-rgb/platforms/metax/hadamard_api.cu:225:36: warning: '__shfl_xor' is deprecated [-Wdeprecated-declarations]
                const float peer = __shfl_xor(values[r], 1, width);
                                   ^
/data/infinitensor-2026/Learning-CUDA/03_hadamard_tc/a962695448-rgb/platforms/metax/hadamard_api.cu:250:9: note: in instantiation of function template specialization 'hadamard::metax::(anonymous namespace)::warp64_kernel<__maca_bfloat16, true, true, 2>' requested here
        LAUNCH_WARP64(2);
        ^
/data/infinitensor-2026/Learning-CUDA/03_hadamard_tc/a962695448-rgb/platforms/metax/hadamard_api.cu:245:9: note: expanded from macro 'LAUNCH_WARP64'
        warp64_kernel<T, Transform, Quantize, N><<<blocks, 256, 0, stream>>>( \
        ^
/data/infinitensor-2026/Learning-CUDA/03_hadamard_tc/a962695448-rgb/platforms/metax/hadamard_api.cu:311:16: note: in instantiation of function template specialization 'hadamard::metax::(anonymous namespace)::launch_warp64<__maca_bfloat16, true, true>' requested here
        return launch_warp64<T, Transform, Quantize>(input, output, packed, scales, rows, n, scale, stream);
               ^
/data/infinitensor-2026/Learning-CUDA/03_hadamard_tc/a962695448-rgb/platforms/metax/hadamard_api.cu:348:1: note: in instantiation of function template specialization 'hadamard::metax::(anonymous namespace)::launch<__maca_bfloat16, true, true>' requested here
DEFINE_TYPED_API(__nv_bfloat16)
^
/data/infinitensor-2026/Learning-CUDA/03_hadamard_tc/a962695448-rgb/platforms/metax/hadamard_api.cu:344:12: note: expanded from macro 'DEFINE_TYPED_API'
    return launch<T, true, true>(input, nullptr, packed, scales, rows, n, scale, stream, method); \
           ^
/opt/maca-3.0.0/mxgpu_llvm/lib/clang/12.0.0/include/__clang_maca_device_functions.h:2146:3: note: '__shfl_xor' has been explicitly marked deprecated here
[[deprecated]] __device__ MACA_INLINE float __shfl_xor(float var, int laneMask,
  ^
/data/infinitensor-2026/Learning-CUDA/03_hadamard_tc/a962695448-rgb/platforms/metax/hadamard_api.cu:225:36: warning: '__shfl_xor' is deprecated [-Wdeprecated-declarations]
                const float peer = __shfl_xor(values[r], 1, width);
                                   ^
/data/infinitensor-2026/Learning-CUDA/03_hadamard_tc/a962695448-rgb/platforms/metax/hadamard_api.cu:251:9: note: in instantiation of function template specialization 'hadamard::metax::(anonymous namespace)::warp64_kernel<__maca_bfloat16, true, true, 4>' requested here
        LAUNCH_WARP64(4);
        ^
/data/infinitensor-2026/Learning-CUDA/03_hadamard_tc/a962695448-rgb/platforms/metax/hadamard_api.cu:245:9: note: expanded from macro 'LAUNCH_WARP64'
        warp64_kernel<T, Transform, Quantize, N><<<blocks, 256, 0, stream>>>( \
        ^
/data/infinitensor-2026/Learning-CUDA/03_hadamard_tc/a962695448-rgb/platforms/metax/hadamard_api.cu:311:16: note: in instantiation of function template specialization 'hadamard::metax::(anonymous namespace)::launch_warp64<__maca_bfloat16, true, true>' requested here
        return launch_warp64<T, Transform, Quantize>(input, output, packed, scales, rows, n, scale, stream);
               ^
/data/infinitensor-2026/Learning-CUDA/03_hadamard_tc/a962695448-rgb/platforms/metax/hadamard_api.cu:348:1: note: in instantiation of function template specialization 'hadamard::metax::(anonymous namespace)::launch<__maca_bfloat16, true, true>' requested here
DEFINE_TYPED_API(__nv_bfloat16)
^
/data/infinitensor-2026/Learning-CUDA/03_hadamard_tc/a962695448-rgb/platforms/metax/hadamard_api.cu:344:12: note: expanded from macro 'DEFINE_TYPED_API'
    return launch<T, true, true>(input, nullptr, packed, scales, rows, n, scale, stream, method); \
           ^
/opt/maca-3.0.0/mxgpu_llvm/lib/clang/12.0.0/include/__clang_maca_device_functions.h:2146:3: note: '__shfl_xor' has been explicitly marked deprecated here
[[deprecated]] __device__ MACA_INLINE float __shfl_xor(float var, int laneMask,
  ^
/data/infinitensor-2026/Learning-CUDA/03_hadamard_tc/a962695448-rgb/platforms/metax/hadamard_api.cu:225:36: warning: '__shfl_xor' is deprecated [-Wdeprecated-declarations]
                const float peer = __shfl_xor(values[r], 1, width);
                                   ^
/data/infinitensor-2026/Learning-CUDA/03_hadamard_tc/a962695448-rgb/platforms/metax/hadamard_api.cu:252:9: note: in instantiation of function template specialization 'hadamard::metax::(anonymous namespace)::warp64_kernel<__maca_bfloat16, true, true, 8>' requested here
        LAUNCH_WARP64(8);
        ^
/data/infinitensor-2026/Learning-CUDA/03_hadamard_tc/a962695448-rgb/platforms/metax/hadamard_api.cu:245:9: note: expanded from macro 'LAUNCH_WARP64'
        warp64_kernel<T, Transform, Quantize, N><<<blocks, 256, 0, stream>>>( \
        ^
/data/infinitensor-2026/Learning-CUDA/03_hadamard_tc/a962695448-rgb/platforms/metax/hadamard_api.cu:311:16: note: in instantiation of function template specialization 'hadamard::metax::(anonymous namespace)::launch_warp64<__maca_bfloat16, true, true>' requested here
        return launch_warp64<T, Transform, Quantize>(input, output, packed, scales, rows, n, scale, stream);
               ^
/data/infinitensor-2026/Learning-CUDA/03_hadamard_tc/a962695448-rgb/platforms/metax/hadamard_api.cu:348:1: note: in instantiation of function template specialization 'hadamard::metax::(anonymous namespace)::launch<__maca_bfloat16, true, true>' requested here
DEFINE_TYPED_API(__nv_bfloat16)
^
/data/infinitensor-2026/Learning-CUDA/03_hadamard_tc/a962695448-rgb/platforms/metax/hadamard_api.cu:344:12: note: expanded from macro 'DEFINE_TYPED_API'
    return launch<T, true, true>(input, nullptr, packed, scales, rows, n, scale, stream, method); \
           ^
/opt/maca-3.0.0/mxgpu_llvm/lib/clang/12.0.0/include/__clang_maca_device_functions.h:2146:3: note: '__shfl_xor' has been explicitly marked deprecated here
[[deprecated]] __device__ MACA_INLINE float __shfl_xor(float var, int laneMask,
  ^
/data/infinitensor-2026/Learning-CUDA/03_hadamard_tc/a962695448-rgb/platforms/metax/hadamard_api.cu:225:36: warning: '__shfl_xor' is deprecated [-Wdeprecated-declarations]
                const float peer = __shfl_xor(values[r], 1, width);
                                   ^
/data/infinitensor-2026/Learning-CUDA/03_hadamard_tc/a962695448-rgb/platforms/metax/hadamard_api.cu:253:9: note: in instantiation of function template specialization 'hadamard::metax::(anonymous namespace)::warp64_kernel<__maca_bfloat16, true, true, 16>' requested here
        LAUNCH_WARP64(16);
        ^
/data/infinitensor-2026/Learning-CUDA/03_hadamard_tc/a962695448-rgb/platforms/metax/hadamard_api.cu:245:9: note: expanded from macro 'LAUNCH_WARP64'
        warp64_kernel<T, Transform, Quantize, N><<<blocks, 256, 0, stream>>>( \
        ^
/data/infinitensor-2026/Learning-CUDA/03_hadamard_tc/a962695448-rgb/platforms/metax/hadamard_api.cu:311:16: note: in instantiation of function template specialization 'hadamard::metax::(anonymous namespace)::launch_warp64<__maca_bfloat16, true, true>' requested here
        return launch_warp64<T, Transform, Quantize>(input, output, packed, scales, rows, n, scale, stream);
               ^
/data/infinitensor-2026/Learning-CUDA/03_hadamard_tc/a962695448-rgb/platforms/metax/hadamard_api.cu:348:1: note: in instantiation of function template specialization 'hadamard::metax::(anonymous namespace)::launch<__maca_bfloat16, true, true>' requested here
DEFINE_TYPED_API(__nv_bfloat16)
^
/data/infinitensor-2026/Learning-CUDA/03_hadamard_tc/a962695448-rgb/platforms/metax/hadamard_api.cu:344:12: note: expanded from macro 'DEFINE_TYPED_API'
    return launch<T, true, true>(input, nullptr, packed, scales, rows, n, scale, stream, method); \
           ^
/opt/maca-3.0.0/mxgpu_llvm/lib/clang/12.0.0/include/__clang_maca_device_functions.h:2146:3: note: '__shfl_xor' has been explicitly marked deprecated here
[[deprecated]] __device__ MACA_INLINE float __shfl_xor(float var, int laneMask,
  ^
/data/infinitensor-2026/Learning-CUDA/03_hadamard_tc/a962695448-rgb/platforms/metax/hadamard_api.cu:225:36: warning: '__shfl_xor' is deprecated [-Wdeprecated-declarations]
                const float peer = __shfl_xor(values[r], 1, width);
                                   ^
/data/infinitensor-2026/Learning-CUDA/03_hadamard_tc/a962695448-rgb/platforms/metax/hadamard_api.cu:254:9: note: in instantiation of function template specialization 'hadamard::metax::(anonymous namespace)::warp64_kernel<__maca_bfloat16, true, true, 32>' requested here
        LAUNCH_WARP64(32);
        ^
/data/infinitensor-2026/Learning-CUDA/03_hadamard_tc/a962695448-rgb/platforms/metax/hadamard_api.cu:245:9: note: expanded from macro 'LAUNCH_WARP64'
        warp64_kernel<T, Transform, Quantize, N><<<blocks, 256, 0, stream>>>( \
        ^
/data/infinitensor-2026/Learning-CUDA/03_hadamard_tc/a962695448-rgb/platforms/metax/hadamard_api.cu:311:16: note: in instantiation of function template specialization 'hadamard::metax::(anonymous namespace)::launch_warp64<__maca_bfloat16, true, true>' requested here
        return launch_warp64<T, Transform, Quantize>(input, output, packed, scales, rows, n, scale, stream);
               ^
/data/infinitensor-2026/Learning-CUDA/03_hadamard_tc/a962695448-rgb/platforms/metax/hadamard_api.cu:348:1: note: in instantiation of function template specialization 'hadamard::metax::(anonymous namespace)::launch<__maca_bfloat16, true, true>' requested here
DEFINE_TYPED_API(__nv_bfloat16)
^
/data/infinitensor-2026/Learning-CUDA/03_hadamard_tc/a962695448-rgb/platforms/metax/hadamard_api.cu:344:12: note: expanded from macro 'DEFINE_TYPED_API'
    return launch<T, true, true>(input, nullptr, packed, scales, rows, n, scale, stream, method); \
           ^
/opt/maca-3.0.0/mxgpu_llvm/lib/clang/12.0.0/include/__clang_maca_device_functions.h:2146:3: note: '__shfl_xor' has been explicitly marked deprecated here
[[deprecated]] __device__ MACA_INLINE float __shfl_xor(float var, int laneMask,
  ^
/data/infinitensor-2026/Learning-CUDA/03_hadamard_tc/a962695448-rgb/platforms/metax/hadamard_api.cu:225:36: warning: '__shfl_xor' is deprecated [-Wdeprecated-declarations]
                const float peer = __shfl_xor(values[r], 1, width);
                                   ^
/data/infinitensor-2026/Learning-CUDA/03_hadamard_tc/a962695448-rgb/platforms/metax/hadamard_api.cu:255:9: note: in instantiation of function template specialization 'hadamard::metax::(anonymous namespace)::warp64_kernel<__maca_bfloat16, true, true, 64>' requested here
        LAUNCH_WARP64(64);
        ^
/data/infinitensor-2026/Learning-CUDA/03_hadamard_tc/a962695448-rgb/platforms/metax/hadamard_api.cu:245:9: note: expanded from macro 'LAUNCH_WARP64'
        warp64_kernel<T, Transform, Quantize, N><<<blocks, 256, 0, stream>>>( \
        ^
/data/infinitensor-2026/Learning-CUDA/03_hadamard_tc/a962695448-rgb/platforms/metax/hadamard_api.cu:311:16: note: in instantiation of function template specialization 'hadamard::metax::(anonymous namespace)::launch_warp64<__maca_bfloat16, true, true>' requested here
        return launch_warp64<T, Transform, Quantize>(input, output, packed, scales, rows, n, scale, stream);
               ^
/data/infinitensor-2026/Learning-CUDA/03_hadamard_tc/a962695448-rgb/platforms/metax/hadamard_api.cu:348:1: note: in instantiation of function template specialization 'hadamard::metax::(anonymous namespace)::launch<__maca_bfloat16, true, true>' requested here
DEFINE_TYPED_API(__nv_bfloat16)
^
/data/infinitensor-2026/Learning-CUDA/03_hadamard_tc/a962695448-rgb/platforms/metax/hadamard_api.cu:344:12: note: expanded from macro 'DEFINE_TYPED_API'
    return launch<T, true, true>(input, nullptr, packed, scales, rows, n, scale, stream, method); \
           ^
/opt/maca-3.0.0/mxgpu_llvm/lib/clang/12.0.0/include/__clang_maca_device_functions.h:2146:3: note: '__shfl_xor' has been explicitly marked deprecated here
[[deprecated]] __device__ MACA_INLINE float __shfl_xor(float var, int laneMask,
  ^
/data/infinitensor-2026/Learning-CUDA/03_hadamard_tc/a962695448-rgb/platforms/metax/hadamard_api.cu:225:36: warning: '__shfl_xor' is deprecated [-Wdeprecated-declarations]
                const float peer = __shfl_xor(values[r], 1, width);
                                   ^
/data/infinitensor-2026/Learning-CUDA/03_hadamard_tc/a962695448-rgb/platforms/metax/hadamard_api.cu:256:9: note: in instantiation of function template specialization 'hadamard::metax::(anonymous namespace)::warp64_kernel<__maca_bfloat16, true, true, 128>' requested here
        LAUNCH_WARP64(128);
        ^
/data/infinitensor-2026/Learning-CUDA/03_hadamard_tc/a962695448-rgb/platforms/metax/hadamard_api.cu:245:9: note: expanded from macro 'LAUNCH_WARP64'
        warp64_kernel<T, Transform, Quantize, N><<<blocks, 256, 0, stream>>>( \
        ^
/data/infinitensor-2026/Learning-CUDA/03_hadamard_tc/a962695448-rgb/platforms/metax/hadamard_api.cu:311:16: note: in instantiation of function template specialization 'hadamard::metax::(anonymous namespace)::launch_warp64<__maca_bfloat16, true, true>' requested here
        return launch_warp64<T, Transform, Quantize>(input, output, packed, scales, rows, n, scale, stream);
               ^
/data/infinitensor-2026/Learning-CUDA/03_hadamard_tc/a962695448-rgb/platforms/metax/hadamard_api.cu:348:1: note: in instantiation of function template specialization 'hadamard::metax::(anonymous namespace)::launch<__maca_bfloat16, true, true>' requested here
DEFINE_TYPED_API(__nv_bfloat16)
^
/data/infinitensor-2026/Learning-CUDA/03_hadamard_tc/a962695448-rgb/platforms/metax/hadamard_api.cu:344:12: note: expanded from macro 'DEFINE_TYPED_API'
    return launch<T, true, true>(input, nullptr, packed, scales, rows, n, scale, stream, method); \
           ^
/opt/maca-3.0.0/mxgpu_llvm/lib/clang/12.0.0/include/__clang_maca_device_functions.h:2146:3: note: '__shfl_xor' has been explicitly marked deprecated here
[[deprecated]] __device__ MACA_INLINE float __shfl_xor(float var, int laneMask,
  ^
/data/infinitensor-2026/Learning-CUDA/03_hadamard_tc/a962695448-rgb/platforms/metax/hadamard_api.cu:225:36: warning: '__shfl_xor' is deprecated [-Wdeprecated-declarations]
                const float peer = __shfl_xor(values[r], 1, width);
                                   ^
/data/infinitensor-2026/Learning-CUDA/03_hadamard_tc/a962695448-rgb/platforms/metax/hadamard_api.cu:257:9: note: in instantiation of function template specialization 'hadamard::metax::(anonymous namespace)::warp64_kernel<__maca_bfloat16, true, true, 256>' requested here
        LAUNCH_WARP64(256);
        ^
/data/infinitensor-2026/Learning-CUDA/03_hadamard_tc/a962695448-rgb/platforms/metax/hadamard_api.cu:245:9: note: expanded from macro 'LAUNCH_WARP64'
        warp64_kernel<T, Transform, Quantize, N><<<blocks, 256, 0, stream>>>( \
        ^
/data/infinitensor-2026/Learning-CUDA/03_hadamard_tc/a962695448-rgb/platforms/metax/hadamard_api.cu:311:16: note: in instantiation of function template specialization 'hadamard::metax::(anonymous namespace)::launch_warp64<__maca_bfloat16, true, true>' requested here
        return launch_warp64<T, Transform, Quantize>(input, output, packed, scales, rows, n, scale, stream);
               ^
/data/infinitensor-2026/Learning-CUDA/03_hadamard_tc/a962695448-rgb/platforms/metax/hadamard_api.cu:348:1: note: in instantiation of function template specialization 'hadamard::metax::(anonymous namespace)::launch<__maca_bfloat16, true, true>' requested here
DEFINE_TYPED_API(__nv_bfloat16)
^
/data/infinitensor-2026/Learning-CUDA/03_hadamard_tc/a962695448-rgb/platforms/metax/hadamard_api.cu:344:12: note: expanded from macro 'DEFINE_TYPED_API'
    return launch<T, true, true>(input, nullptr, packed, scales, rows, n, scale, stream, method); \
           ^
/opt/maca-3.0.0/mxgpu_llvm/lib/clang/12.0.0/include/__clang_maca_device_functions.h:2146:3: note: '__shfl_xor' has been explicitly marked deprecated here
[[deprecated]] __device__ MACA_INLINE float __shfl_xor(float var, int laneMask,
  ^
38 warnings generated when compiling for xcore1000.
/data/infinitensor-2026/Learning-CUDA/03_hadamard_tc/a962695448-rgb/platforms/metax/hadamard_api.cu:181:40: warning: '__shfl_xor' is deprecated [-Wdeprecated-declarations]
                    const float peer = __shfl_xor(current, stride, width);
                                       ^
/opt/maca-3.0.0/mxgpu_llvm/lib/clang/12.0.0/include/__clang_maca_device_functions.h:2146:3: note: '__shfl_xor' has been explicitly marked deprecated here
[[deprecated]] __device__ MACA_INLINE float __shfl_xor(float var, int laneMask,
  ^
/data/infinitensor-2026/Learning-CUDA/03_hadamard_tc/a962695448-rgb/platforms/metax/hadamard_api.cu:219:46: warning: '__shfl_xor' is deprecated [-Wdeprecated-declarations]
                magnitude = fmaxf(magnitude, __shfl_xor(magnitude, stride, width));
                                             ^
/opt/maca-3.0.0/mxgpu_llvm/lib/clang/12.0.0/include/__clang_maca_device_functions.h:2146:3: note: '__shfl_xor' has been explicitly marked deprecated here
[[deprecated]] __device__ MACA_INLINE float __shfl_xor(float var, int laneMask,
  ^
/data/infinitensor-2026/Learning-CUDA/03_hadamard_tc/a962695448-rgb/platforms/metax/hadamard_api.cu:225:36: warning: '__shfl_xor' is deprecated [-Wdeprecated-declarations]
                const float peer = __shfl_xor(values[r], 1, width);
                                   ^
/data/infinitensor-2026/Learning-CUDA/03_hadamard_tc/a962695448-rgb/platforms/metax/hadamard_api.cu:249:9: note: in instantiation of function template specialization 'hadamard::metax::(anonymous namespace)::warp64_kernel<__half, false, true, 1>' requested here
        LAUNCH_WARP64(1);
        ^
/data/infinitensor-2026/Learning-CUDA/03_hadamard_tc/a962695448-rgb/platforms/metax/hadamard_api.cu:245:9: note: expanded from macro 'LAUNCH_WARP64'
        warp64_kernel<T, Transform, Quantize, N><<<blocks, 256, 0, stream>>>( \
        ^
/data/infinitensor-2026/Learning-CUDA/03_hadamard_tc/a962695448-rgb/platforms/metax/hadamard_api.cu:311:16: note: in instantiation of function template specialization 'hadamard::metax::(anonymous namespace)::launch_warp64<__half, false, true>' requested here
        return launch_warp64<T, Transform, Quantize>(input, output, packed, scales, rows, n, scale, stream);
               ^
/data/infinitensor-2026/Learning-CUDA/03_hadamard_tc/a962695448-rgb/platforms/metax/hadamard_api.cu:347:1: note: in instantiation of function template specialization 'hadamard::metax::(anonymous namespace)::launch<__half, false, true>' requested here
DEFINE_TYPED_API(__half)
^
/data/infinitensor-2026/Learning-CUDA/03_hadamard_tc/a962695448-rgb/platforms/metax/hadamard_api.cu:340:12: note: expanded from macro 'DEFINE_TYPED_API'
    return launch<T, false, true>(input, nullptr, packed, scales, rows, n, 1.0f, stream, method); \
           ^
/opt/maca-3.0.0/mxgpu_llvm/lib/clang/12.0.0/include/__clang_maca_device_functions.h:2146:3: note: '__shfl_xor' has been explicitly marked deprecated here
[[deprecated]] __device__ MACA_INLINE float __shfl_xor(float var, int laneMask,
  ^
/data/infinitensor-2026/Learning-CUDA/03_hadamard_tc/a962695448-rgb/platforms/metax/hadamard_api.cu:225:36: warning: '__shfl_xor' is deprecated [-Wdeprecated-declarations]
                const float peer = __shfl_xor(values[r], 1, width);
                                   ^
/data/infinitensor-2026/Learning-CUDA/03_hadamard_tc/a962695448-rgb/platforms/metax/hadamard_api.cu:250:9: note: in instantiation of function template specialization 'hadamard::metax::(anonymous namespace)::warp64_kernel<__half, false, true, 2>' requested here
        LAUNCH_WARP64(2);
        ^
/data/infinitensor-2026/Learning-CUDA/03_hadamard_tc/a962695448-rgb/platforms/metax/hadamard_api.cu:245:9: note: expanded from macro 'LAUNCH_WARP64'
        warp64_kernel<T, Transform, Quantize, N><<<blocks, 256, 0, stream>>>( \
        ^
/data/infinitensor-2026/Learning-CUDA/03_hadamard_tc/a962695448-rgb/platforms/metax/hadamard_api.cu:311:16: note: in instantiation of function template specialization 'hadamard::metax::(anonymous namespace)::launch_warp64<__half, false, true>' requested here
        return launch_warp64<T, Transform, Quantize>(input, output, packed, scales, rows, n, scale, stream);
               ^
/data/infinitensor-2026/Learning-CUDA/03_hadamard_tc/a962695448-rgb/platforms/metax/hadamard_api.cu:347:1: note: in instantiation of function template specialization 'hadamard::metax::(anonymous namespace)::launch<__half, false, true>' requested here
DEFINE_TYPED_API(__half)
^
/data/infinitensor-2026/Learning-CUDA/03_hadamard_tc/a962695448-rgb/platforms/metax/hadamard_api.cu:340:12: note: expanded from macro 'DEFINE_TYPED_API'
    return launch<T, false, true>(input, nullptr, packed, scales, rows, n, 1.0f, stream, method); \
           ^
/opt/maca-3.0.0/mxgpu_llvm/lib/clang/12.0.0/include/__clang_maca_device_functions.h:2146:3: note: '__shfl_xor' has been explicitly marked deprecated here
[[deprecated]] __device__ MACA_INLINE float __shfl_xor(float var, int laneMask,
  ^
/data/infinitensor-2026/Learning-CUDA/03_hadamard_tc/a962695448-rgb/platforms/metax/hadamard_api.cu:225:36: warning: '__shfl_xor' is deprecated [-Wdeprecated-declarations]
                const float peer = __shfl_xor(values[r], 1, width);
                                   ^
/data/infinitensor-2026/Learning-CUDA/03_hadamard_tc/a962695448-rgb/platforms/metax/hadamard_api.cu:251:9: note: in instantiation of function template specialization 'hadamard::metax::(anonymous namespace)::warp64_kernel<__half, false, true, 4>' requested here
        LAUNCH_WARP64(4);
        ^
/data/infinitensor-2026/Learning-CUDA/03_hadamard_tc/a962695448-rgb/platforms/metax/hadamard_api.cu:245:9: note: expanded from macro 'LAUNCH_WARP64'
        warp64_kernel<T, Transform, Quantize, N><<<blocks, 256, 0, stream>>>( \
        ^
/data/infinitensor-2026/Learning-CUDA/03_hadamard_tc/a962695448-rgb/platforms/metax/hadamard_api.cu:311:16: note: in instantiation of function template specialization 'hadamard::metax::(anonymous namespace)::launch_warp64<__half, false, true>' requested here
        return launch_warp64<T, Transform, Quantize>(input, output, packed, scales, rows, n, scale, stream);
               ^
/data/infinitensor-2026/Learning-CUDA/03_hadamard_tc/a962695448-rgb/platforms/metax/hadamard_api.cu:347:1: note: in instantiation of function template specialization 'hadamard::metax::(anonymous namespace)::launch<__half, false, true>' requested here
DEFINE_TYPED_API(__half)
^
/data/infinitensor-2026/Learning-CUDA/03_hadamard_tc/a962695448-rgb/platforms/metax/hadamard_api.cu:340:12: note: expanded from macro 'DEFINE_TYPED_API'
    return launch<T, false, true>(input, nullptr, packed, scales, rows, n, 1.0f, stream, method); \
           ^
/opt/maca-3.0.0/mxgpu_llvm/lib/clang/12.0.0/include/__clang_maca_device_functions.h:2146:3: note: '__shfl_xor' has been explicitly marked deprecated here
[[deprecated]] __device__ MACA_INLINE float __shfl_xor(float var, int laneMask,
  ^
/data/infinitensor-2026/Learning-CUDA/03_hadamard_tc/a962695448-rgb/platforms/metax/hadamard_api.cu:225:36: warning: '__shfl_xor' is deprecated [-Wdeprecated-declarations]
                const float peer = __shfl_xor(values[r], 1, width);
                                   ^
/data/infinitensor-2026/Learning-CUDA/03_hadamard_tc/a962695448-rgb/platforms/metax/hadamard_api.cu:252:9: note: in instantiation of function template specialization 'hadamard::metax::(anonymous namespace)::warp64_kernel<__half, false, true, 8>' requested here
        LAUNCH_WARP64(8);
        ^
/data/infinitensor-2026/Learning-CUDA/03_hadamard_tc/a962695448-rgb/platforms/metax/hadamard_api.cu:245:9: note: expanded from macro 'LAUNCH_WARP64'
        warp64_kernel<T, Transform, Quantize, N><<<blocks, 256, 0, stream>>>( \
        ^
/data/infinitensor-2026/Learning-CUDA/03_hadamard_tc/a962695448-rgb/platforms/metax/hadamard_api.cu:311:16: note: in instantiation of function template specialization 'hadamard::metax::(anonymous namespace)::launch_warp64<__half, false, true>' requested here
        return launch_warp64<T, Transform, Quantize>(input, output, packed, scales, rows, n, scale, stream);
               ^
/data/infinitensor-2026/Learning-CUDA/03_hadamard_tc/a962695448-rgb/platforms/metax/hadamard_api.cu:347:1: note: in instantiation of function template specialization 'hadamard::metax::(anonymous namespace)::launch<__half, false, true>' requested here
DEFINE_TYPED_API(__half)
^
/data/infinitensor-2026/Learning-CUDA/03_hadamard_tc/a962695448-rgb/platforms/metax/hadamard_api.cu:340:12: note: expanded from macro 'DEFINE_TYPED_API'
    return launch<T, false, true>(input, nullptr, packed, scales, rows, n, 1.0f, stream, method); \
           ^
/opt/maca-3.0.0/mxgpu_llvm/lib/clang/12.0.0/include/__clang_maca_device_functions.h:2146:3: note: '__shfl_xor' has been explicitly marked deprecated here
[[deprecated]] __device__ MACA_INLINE float __shfl_xor(float var, int laneMask,
  ^
/data/infinitensor-2026/Learning-CUDA/03_hadamard_tc/a962695448-rgb/platforms/metax/hadamard_api.cu:225:36: warning: '__shfl_xor' is deprecated [-Wdeprecated-declarations]
                const float peer = __shfl_xor(values[r], 1, width);
                                   ^
/data/infinitensor-2026/Learning-CUDA/03_hadamard_tc/a962695448-rgb/platforms/metax/hadamard_api.cu:253:9: note: in instantiation of function template specialization 'hadamard::metax::(anonymous namespace)::warp64_kernel<__half, false, true, 16>' requested here
        LAUNCH_WARP64(16);
        ^
/data/infinitensor-2026/Learning-CUDA/03_hadamard_tc/a962695448-rgb/platforms/metax/hadamard_api.cu:245:9: note: expanded from macro 'LAUNCH_WARP64'
        warp64_kernel<T, Transform, Quantize, N><<<blocks, 256, 0, stream>>>( \
        ^
/data/infinitensor-2026/Learning-CUDA/03_hadamard_tc/a962695448-rgb/platforms/metax/hadamard_api.cu:311:16: note: in instantiation of function template specialization 'hadamard::metax::(anonymous namespace)::launch_warp64<__half, false, true>' requested here
        return launch_warp64<T, Transform, Quantize>(input, output, packed, scales, rows, n, scale, stream);
               ^
/data/infinitensor-2026/Learning-CUDA/03_hadamard_tc/a962695448-rgb/platforms/metax/hadamard_api.cu:347:1: note: in instantiation of function template specialization 'hadamard::metax::(anonymous namespace)::launch<__half, false, true>' requested here
DEFINE_TYPED_API(__half)
^
/data/infinitensor-2026/Learning-CUDA/03_hadamard_tc/a962695448-rgb/platforms/metax/hadamard_api.cu:340:12: note: expanded from macro 'DEFINE_TYPED_API'
    return launch<T, false, true>(input, nullptr, packed, scales, rows, n, 1.0f, stream, method); \
           ^
/opt/maca-3.0.0/mxgpu_llvm/lib/clang/12.0.0/include/__clang_maca_device_functions.h:2146:3: note: '__shfl_xor' has been explicitly marked deprecated here
[[deprecated]] __device__ MACA_INLINE float __shfl_xor(float var, int laneMask,
  ^
/data/infinitensor-2026/Learning-CUDA/03_hadamard_tc/a962695448-rgb/platforms/metax/hadamard_api.cu:225:36: warning: '__shfl_xor' is deprecated [-Wdeprecated-declarations]
                const float peer = __shfl_xor(values[r], 1, width);
                                   ^
/data/infinitensor-2026/Learning-CUDA/03_hadamard_tc/a962695448-rgb/platforms/metax/hadamard_api.cu:254:9: note: in instantiation of function template specialization 'hadamard::metax::(anonymous namespace)::warp64_kernel<__half, false, true, 32>' requested here
        LAUNCH_WARP64(32);
        ^
/data/infinitensor-2026/Learning-CUDA/03_hadamard_tc/a962695448-rgb/platforms/metax/hadamard_api.cu:245:9: note: expanded from macro 'LAUNCH_WARP64'
        warp64_kernel<T, Transform, Quantize, N><<<blocks, 256, 0, stream>>>( \
        ^
/data/infinitensor-2026/Learning-CUDA/03_hadamard_tc/a962695448-rgb/platforms/metax/hadamard_api.cu:311:16: note: in instantiation of function template specialization 'hadamard::metax::(anonymous namespace)::launch_warp64<__half, false, true>' requested here
        return launch_warp64<T, Transform, Quantize>(input, output, packed, scales, rows, n, scale, stream);
               ^
/data/infinitensor-2026/Learning-CUDA/03_hadamard_tc/a962695448-rgb/platforms/metax/hadamard_api.cu:347:1: note: in instantiation of function template specialization 'hadamard::metax::(anonymous namespace)::launch<__half, false, true>' requested here
DEFINE_TYPED_API(__half)
^
/data/infinitensor-2026/Learning-CUDA/03_hadamard_tc/a962695448-rgb/platforms/metax/hadamard_api.cu:340:12: note: expanded from macro 'DEFINE_TYPED_API'
    return launch<T, false, true>(input, nullptr, packed, scales, rows, n, 1.0f, stream, method); \
           ^
/opt/maca-3.0.0/mxgpu_llvm/lib/clang/12.0.0/include/__clang_maca_device_functions.h:2146:3: note: '__shfl_xor' has been explicitly marked deprecated here
[[deprecated]] __device__ MACA_INLINE float __shfl_xor(float var, int laneMask,
  ^
/data/infinitensor-2026/Learning-CUDA/03_hadamard_tc/a962695448-rgb/platforms/metax/hadamard_api.cu:225:36: warning: '__shfl_xor' is deprecated [-Wdeprecated-declarations]
                const float peer = __shfl_xor(values[r], 1, width);
                                   ^
/data/infinitensor-2026/Learning-CUDA/03_hadamard_tc/a962695448-rgb/platforms/metax/hadamard_api.cu:255:9: note: in instantiation of function template specialization 'hadamard::metax::(anonymous namespace)::warp64_kernel<__half, false, true, 64>' requested here
        LAUNCH_WARP64(64);
        ^
/data/infinitensor-2026/Learning-CUDA/03_hadamard_tc/a962695448-rgb/platforms/metax/hadamard_api.cu:245:9: note: expanded from macro 'LAUNCH_WARP64'
        warp64_kernel<T, Transform, Quantize, N><<<blocks, 256, 0, stream>>>( \
        ^
/data/infinitensor-2026/Learning-CUDA/03_hadamard_tc/a962695448-rgb/platforms/metax/hadamard_api.cu:311:16: note: in instantiation of function template specialization 'hadamard::metax::(anonymous namespace)::launch_warp64<__half, false, true>' requested here
        return launch_warp64<T, Transform, Quantize>(input, output, packed, scales, rows, n, scale, stream);
               ^
/data/infinitensor-2026/Learning-CUDA/03_hadamard_tc/a962695448-rgb/platforms/metax/hadamard_api.cu:347:1: note: in instantiation of function template specialization 'hadamard::metax::(anonymous namespace)::launch<__half, false, true>' requested here
DEFINE_TYPED_API(__half)
^
/data/infinitensor-2026/Learning-CUDA/03_hadamard_tc/a962695448-rgb/platforms/metax/hadamard_api.cu:340:12: note: expanded from macro 'DEFINE_TYPED_API'
    return launch<T, false, true>(input, nullptr, packed, scales, rows, n, 1.0f, stream, method); \
           ^
/opt/maca-3.0.0/mxgpu_llvm/lib/clang/12.0.0/include/__clang_maca_device_functions.h:2146:3: note: '__shfl_xor' has been explicitly marked deprecated here
[[deprecated]] __device__ MACA_INLINE float __shfl_xor(float var, int laneMask,
  ^
/data/infinitensor-2026/Learning-CUDA/03_hadamard_tc/a962695448-rgb/platforms/metax/hadamard_api.cu:225:36: warning: '__shfl_xor' is deprecated [-Wdeprecated-declarations]
                const float peer = __shfl_xor(values[r], 1, width);
                                   ^
/data/infinitensor-2026/Learning-CUDA/03_hadamard_tc/a962695448-rgb/platforms/metax/hadamard_api.cu:256:9: note: in instantiation of function template specialization 'hadamard::metax::(anonymous namespace)::warp64_kernel<__half, false, true, 128>' requested here
        LAUNCH_WARP64(128);
        ^
/data/infinitensor-2026/Learning-CUDA/03_hadamard_tc/a962695448-rgb/platforms/metax/hadamard_api.cu:245:9: note: expanded from macro 'LAUNCH_WARP64'
        warp64_kernel<T, Transform, Quantize, N><<<blocks, 256, 0, stream>>>( \
        ^
/data/infinitensor-2026/Learning-CUDA/03_hadamard_tc/a962695448-rgb/platforms/metax/hadamard_api.cu:311:16: note: in instantiation of function template specialization 'hadamard::metax::(anonymous namespace)::launch_warp64<__half, false, true>' requested here
        return launch_warp64<T, Transform, Quantize>(input, output, packed, scales, rows, n, scale, stream);
               ^
/data/infinitensor-2026/Learning-CUDA/03_hadamard_tc/a962695448-rgb/platforms/metax/hadamard_api.cu:347:1: note: in instantiation of function template specialization 'hadamard::metax::(anonymous namespace)::launch<__half, false, true>' requested here
DEFINE_TYPED_API(__half)
^
/data/infinitensor-2026/Learning-CUDA/03_hadamard_tc/a962695448-rgb/platforms/metax/hadamard_api.cu:340:12: note: expanded from macro 'DEFINE_TYPED_API'
    return launch<T, false, true>(input, nullptr, packed, scales, rows, n, 1.0f, stream, method); \
           ^
/opt/maca-3.0.0/mxgpu_llvm/lib/clang/12.0.0/include/__clang_maca_device_functions.h:2146:3: note: '__shfl_xor' has been explicitly marked deprecated here
[[deprecated]] __device__ MACA_INLINE float __shfl_xor(float var, int laneMask,
  ^
/data/infinitensor-2026/Learning-CUDA/03_hadamard_tc/a962695448-rgb/platforms/metax/hadamard_api.cu:225:36: warning: '__shfl_xor' is deprecated [-Wdeprecated-declarations]
                const float peer = __shfl_xor(values[r], 1, width);
                                   ^
/data/infinitensor-2026/Learning-CUDA/03_hadamard_tc/a962695448-rgb/platforms/metax/hadamard_api.cu:257:9: note: in instantiation of function template specialization 'hadamard::metax::(anonymous namespace)::warp64_kernel<__half, false, true, 256>' requested here
        LAUNCH_WARP64(256);
        ^
/data/infinitensor-2026/Learning-CUDA/03_hadamard_tc/a962695448-rgb/platforms/metax/hadamard_api.cu:245:9: note: expanded from macro 'LAUNCH_WARP64'
        warp64_kernel<T, Transform, Quantize, N><<<blocks, 256, 0, stream>>>( \
        ^
/data/infinitensor-2026/Learning-CUDA/03_hadamard_tc/a962695448-rgb/platforms/metax/hadamard_api.cu:311:16: note: in instantiation of function template specialization 'hadamard::metax::(anonymous namespace)::launch_warp64<__half, false, true>' requested here
        return launch_warp64<T, Transform, Quantize>(input, output, packed, scales, rows, n, scale, stream);
               ^
/data/infinitensor-2026/Learning-CUDA/03_hadamard_tc/a962695448-rgb/platforms/metax/hadamard_api.cu:347:1: note: in instantiation of function template specialization 'hadamard::metax::(anonymous namespace)::launch<__half, false, true>' requested here
DEFINE_TYPED_API(__half)
^
/data/infinitensor-2026/Learning-CUDA/03_hadamard_tc/a962695448-rgb/platforms/metax/hadamard_api.cu:340:12: note: expanded from macro 'DEFINE_TYPED_API'
    return launch<T, false, true>(input, nullptr, packed, scales, rows, n, 1.0f, stream, method); \
           ^
/opt/maca-3.0.0/mxgpu_llvm/lib/clang/12.0.0/include/__clang_maca_device_functions.h:2146:3: note: '__shfl_xor' has been explicitly marked deprecated here
[[deprecated]] __device__ MACA_INLINE float __shfl_xor(float var, int laneMask,
  ^
/data/infinitensor-2026/Learning-CUDA/03_hadamard_tc/a962695448-rgb/platforms/metax/hadamard_api.cu:225:36: warning: '__shfl_xor' is deprecated [-Wdeprecated-declarations]
                const float peer = __shfl_xor(values[r], 1, width);
                                   ^
/data/infinitensor-2026/Learning-CUDA/03_hadamard_tc/a962695448-rgb/platforms/metax/hadamard_api.cu:249:9: note: in instantiation of function template specialization 'hadamard::metax::(anonymous namespace)::warp64_kernel<__half, true, true, 1>' requested here
        LAUNCH_WARP64(1);
        ^
/data/infinitensor-2026/Learning-CUDA/03_hadamard_tc/a962695448-rgb/platforms/metax/hadamard_api.cu:245:9: note: expanded from macro 'LAUNCH_WARP64'
        warp64_kernel<T, Transform, Quantize, N><<<blocks, 256, 0, stream>>>( \
        ^
/data/infinitensor-2026/Learning-CUDA/03_hadamard_tc/a962695448-rgb/platforms/metax/hadamard_api.cu:311:16: note: in instantiation of function template specialization 'hadamard::metax::(anonymous namespace)::launch_warp64<__half, true, true>' requested here
        return launch_warp64<T, Transform, Quantize>(input, output, packed, scales, rows, n, scale, stream);
               ^
/data/infinitensor-2026/Learning-CUDA/03_hadamard_tc/a962695448-rgb/platforms/metax/hadamard_api.cu:347:1: note: in instantiation of function template specialization 'hadamard::metax::(anonymous namespace)::launch<__half, true, true>' requested here
DEFINE_TYPED_API(__half)
^
/data/infinitensor-2026/Learning-CUDA/03_hadamard_tc/a962695448-rgb/platforms/metax/hadamard_api.cu:344:12: note: expanded from macro 'DEFINE_TYPED_API'
    return launch<T, true, true>(input, nullptr, packed, scales, rows, n, scale, stream, method); \
           ^
/opt/maca-3.0.0/mxgpu_llvm/lib/clang/12.0.0/include/__clang_maca_device_functions.h:2146:3: note: '__shfl_xor' has been explicitly marked deprecated here
[[deprecated]] __device__ MACA_INLINE float __shfl_xor(float var, int laneMask,
  ^
/data/infinitensor-2026/Learning-CUDA/03_hadamard_tc/a962695448-rgb/platforms/metax/hadamard_api.cu:225:36: warning: '__shfl_xor' is deprecated [-Wdeprecated-declarations]
                const float peer = __shfl_xor(values[r], 1, width);
                                   ^
/data/infinitensor-2026/Learning-CUDA/03_hadamard_tc/a962695448-rgb/platforms/metax/hadamard_api.cu:250:9: note: in instantiation of function template specialization 'hadamard::metax::(anonymous namespace)::warp64_kernel<__half, true, true, 2>' requested here
        LAUNCH_WARP64(2);
        ^
/data/infinitensor-2026/Learning-CUDA/03_hadamard_tc/a962695448-rgb/platforms/metax/hadamard_api.cu:245:9: note: expanded from macro 'LAUNCH_WARP64'
        warp64_kernel<T, Transform, Quantize, N><<<blocks, 256, 0, stream>>>( \
        ^
/data/infinitensor-2026/Learning-CUDA/03_hadamard_tc/a962695448-rgb/platforms/metax/hadamard_api.cu:311:16: note: in instantiation of function template specialization 'hadamard::metax::(anonymous namespace)::launch_warp64<__half, true, true>' requested here
        return launch_warp64<T, Transform, Quantize>(input, output, packed, scales, rows, n, scale, stream);
               ^
/data/infinitensor-2026/Learning-CUDA/03_hadamard_tc/a962695448-rgb/platforms/metax/hadamard_api.cu:347:1: note: in instantiation of function template specialization 'hadamard::metax::(anonymous namespace)::launch<__half, true, true>' requested here
DEFINE_TYPED_API(__half)
^
/data/infinitensor-2026/Learning-CUDA/03_hadamard_tc/a962695448-rgb/platforms/metax/hadamard_api.cu:344:12: note: expanded from macro 'DEFINE_TYPED_API'
    return launch<T, true, true>(input, nullptr, packed, scales, rows, n, scale, stream, method); \
           ^
/opt/maca-3.0.0/mxgpu_llvm/lib/clang/12.0.0/include/__clang_maca_device_functions.h:2146:3: note: '__shfl_xor' has been explicitly marked deprecated here
[[deprecated]] __device__ MACA_INLINE float __shfl_xor(float var, int laneMask,
  ^
/data/infinitensor-2026/Learning-CUDA/03_hadamard_tc/a962695448-rgb/platforms/metax/hadamard_api.cu:225:36: warning: '__shfl_xor' is deprecated [-Wdeprecated-declarations]
                const float peer = __shfl_xor(values[r], 1, width);
                                   ^
/data/infinitensor-2026/Learning-CUDA/03_hadamard_tc/a962695448-rgb/platforms/metax/hadamard_api.cu:251:9: note: in instantiation of function template specialization 'hadamard::metax::(anonymous namespace)::warp64_kernel<__half, true, true, 4>' requested here
        LAUNCH_WARP64(4);
        ^
/data/infinitensor-2026/Learning-CUDA/03_hadamard_tc/a962695448-rgb/platforms/metax/hadamard_api.cu:245:9: note: expanded from macro 'LAUNCH_WARP64'
        warp64_kernel<T, Transform, Quantize, N><<<blocks, 256, 0, stream>>>( \
        ^
/data/infinitensor-2026/Learning-CUDA/03_hadamard_tc/a962695448-rgb/platforms/metax/hadamard_api.cu:311:16: note: in instantiation of function template specialization 'hadamard::metax::(anonymous namespace)::launch_warp64<__half, true, true>' requested here
        return launch_warp64<T, Transform, Quantize>(input, output, packed, scales, rows, n, scale, stream);
               ^
/data/infinitensor-2026/Learning-CUDA/03_hadamard_tc/a962695448-rgb/platforms/metax/hadamard_api.cu:347:1: note: in instantiation of function template specialization 'hadamard::metax::(anonymous namespace)::launch<__half, true, true>' requested here
DEFINE_TYPED_API(__half)
^
/data/infinitensor-2026/Learning-CUDA/03_hadamard_tc/a962695448-rgb/platforms/metax/hadamard_api.cu:344:12: note: expanded from macro 'DEFINE_TYPED_API'
    return launch<T, true, true>(input, nullptr, packed, scales, rows, n, scale, stream, method); \
           ^
/opt/maca-3.0.0/mxgpu_llvm/lib/clang/12.0.0/include/__clang_maca_device_functions.h:2146:3: note: '__shfl_xor' has been explicitly marked deprecated here
[[deprecated]] __device__ MACA_INLINE float __shfl_xor(float var, int laneMask,
  ^
/data/infinitensor-2026/Learning-CUDA/03_hadamard_tc/a962695448-rgb/platforms/metax/hadamard_api.cu:225:36: warning: '__shfl_xor' is deprecated [-Wdeprecated-declarations]
                const float peer = __shfl_xor(values[r], 1, width);
                                   ^
/data/infinitensor-2026/Learning-CUDA/03_hadamard_tc/a962695448-rgb/platforms/metax/hadamard_api.cu:252:9: note: in instantiation of function template specialization 'hadamard::metax::(anonymous namespace)::warp64_kernel<__half, true, true, 8>' requested here
        LAUNCH_WARP64(8);
        ^
/data/infinitensor-2026/Learning-CUDA/03_hadamard_tc/a962695448-rgb/platforms/metax/hadamard_api.cu:245:9: note: expanded from macro 'LAUNCH_WARP64'
        warp64_kernel<T, Transform, Quantize, N><<<blocks, 256, 0, stream>>>( \
        ^
/data/infinitensor-2026/Learning-CUDA/03_hadamard_tc/a962695448-rgb/platforms/metax/hadamard_api.cu:311:16: note: in instantiation of function template specialization 'hadamard::metax::(anonymous namespace)::launch_warp64<__half, true, true>' requested here
        return launch_warp64<T, Transform, Quantize>(input, output, packed, scales, rows, n, scale, stream);
               ^
/data/infinitensor-2026/Learning-CUDA/03_hadamard_tc/a962695448-rgb/platforms/metax/hadamard_api.cu:347:1: note: in instantiation of function template specialization 'hadamard::metax::(anonymous namespace)::launch<__half, true, true>' requested here
DEFINE_TYPED_API(__half)
^
/data/infinitensor-2026/Learning-CUDA/03_hadamard_tc/a962695448-rgb/platforms/metax/hadamard_api.cu:344:12: note: expanded from macro 'DEFINE_TYPED_API'
    return launch<T, true, true>(input, nullptr, packed, scales, rows, n, scale, stream, method); \
           ^
/opt/maca-3.0.0/mxgpu_llvm/lib/clang/12.0.0/include/__clang_maca_device_functions.h:2146:3: note: '__shfl_xor' has been explicitly marked deprecated here
[[deprecated]] __device__ MACA_INLINE float __shfl_xor(float var, int laneMask,
  ^
/data/infinitensor-2026/Learning-CUDA/03_hadamard_tc/a962695448-rgb/platforms/metax/hadamard_api.cu:225:36: warning: '__shfl_xor' is deprecated [-Wdeprecated-declarations]
                const float peer = __shfl_xor(values[r], 1, width);
                                   ^
/data/infinitensor-2026/Learning-CUDA/03_hadamard_tc/a962695448-rgb/platforms/metax/hadamard_api.cu:253:9: note: in instantiation of function template specialization 'hadamard::metax::(anonymous namespace)::warp64_kernel<__half, true, true, 16>' requested here
        LAUNCH_WARP64(16);
        ^
/data/infinitensor-2026/Learning-CUDA/03_hadamard_tc/a962695448-rgb/platforms/metax/hadamard_api.cu:245:9: note: expanded from macro 'LAUNCH_WARP64'
        warp64_kernel<T, Transform, Quantize, N><<<blocks, 256, 0, stream>>>( \
        ^
/data/infinitensor-2026/Learning-CUDA/03_hadamard_tc/a962695448-rgb/platforms/metax/hadamard_api.cu:311:16: note: in instantiation of function template specialization 'hadamard::metax::(anonymous namespace)::launch_warp64<__half, true, true>' requested here
        return launch_warp64<T, Transform, Quantize>(input, output, packed, scales, rows, n, scale, stream);
               ^
/data/infinitensor-2026/Learning-CUDA/03_hadamard_tc/a962695448-rgb/platforms/metax/hadamard_api.cu:347:1: note: in instantiation of function template specialization 'hadamard::metax::(anonymous namespace)::launch<__half, true, true>' requested here
DEFINE_TYPED_API(__half)
^
/data/infinitensor-2026/Learning-CUDA/03_hadamard_tc/a962695448-rgb/platforms/metax/hadamard_api.cu:344:12: note: expanded from macro 'DEFINE_TYPED_API'
    return launch<T, true, true>(input, nullptr, packed, scales, rows, n, scale, stream, method); \
           ^
/opt/maca-3.0.0/mxgpu_llvm/lib/clang/12.0.0/include/__clang_maca_device_functions.h:2146:3: note: '__shfl_xor' has been explicitly marked deprecated here
[[deprecated]] __device__ MACA_INLINE float __shfl_xor(float var, int laneMask,
  ^
/data/infinitensor-2026/Learning-CUDA/03_hadamard_tc/a962695448-rgb/platforms/metax/hadamard_api.cu:225:36: warning: '__shfl_xor' is deprecated [-Wdeprecated-declarations]
                const float peer = __shfl_xor(values[r], 1, width);
                                   ^
/data/infinitensor-2026/Learning-CUDA/03_hadamard_tc/a962695448-rgb/platforms/metax/hadamard_api.cu:254:9: note: in instantiation of function template specialization 'hadamard::metax::(anonymous namespace)::warp64_kernel<__half, true, true, 32>' requested here
        LAUNCH_WARP64(32);
        ^
/data/infinitensor-2026/Learning-CUDA/03_hadamard_tc/a962695448-rgb/platforms/metax/hadamard_api.cu:245:9: note: expanded from macro 'LAUNCH_WARP64'
        warp64_kernel<T, Transform, Quantize, N><<<blocks, 256, 0, stream>>>( \
        ^
/data/infinitensor-2026/Learning-CUDA/03_hadamard_tc/a962695448-rgb/platforms/metax/hadamard_api.cu:311:16: note: in instantiation of function template specialization 'hadamard::metax::(anonymous namespace)::launch_warp64<__half, true, true>' requested here
        return launch_warp64<T, Transform, Quantize>(input, output, packed, scales, rows, n, scale, stream);
               ^
/data/infinitensor-2026/Learning-CUDA/03_hadamard_tc/a962695448-rgb/platforms/metax/hadamard_api.cu:347:1: note: in instantiation of function template specialization 'hadamard::metax::(anonymous namespace)::launch<__half, true, true>' requested here
DEFINE_TYPED_API(__half)
^
/data/infinitensor-2026/Learning-CUDA/03_hadamard_tc/a962695448-rgb/platforms/metax/hadamard_api.cu:344:12: note: expanded from macro 'DEFINE_TYPED_API'
    return launch<T, true, true>(input, nullptr, packed, scales, rows, n, scale, stream, method); \
           ^
/opt/maca-3.0.0/mxgpu_llvm/lib/clang/12.0.0/include/__clang_maca_device_functions.h:2146:3: note: '__shfl_xor' has been explicitly marked deprecated here
[[deprecated]] __device__ MACA_INLINE float __shfl_xor(float var, int laneMask,
  ^
/data/infinitensor-2026/Learning-CUDA/03_hadamard_tc/a962695448-rgb/platforms/metax/hadamard_api.cu:225:36: warning: '__shfl_xor' is deprecated [-Wdeprecated-declarations]
                const float peer = __shfl_xor(values[r], 1, width);
                                   ^
/data/infinitensor-2026/Learning-CUDA/03_hadamard_tc/a962695448-rgb/platforms/metax/hadamard_api.cu:255:9: note: in instantiation of function template specialization 'hadamard::metax::(anonymous namespace)::warp64_kernel<__half, true, true, 64>' requested here
        LAUNCH_WARP64(64);
        ^
/data/infinitensor-2026/Learning-CUDA/03_hadamard_tc/a962695448-rgb/platforms/metax/hadamard_api.cu:245:9: note: expanded from macro 'LAUNCH_WARP64'
        warp64_kernel<T, Transform, Quantize, N><<<blocks, 256, 0, stream>>>( \
        ^
/data/infinitensor-2026/Learning-CUDA/03_hadamard_tc/a962695448-rgb/platforms/metax/hadamard_api.cu:311:16: note: in instantiation of function template specialization 'hadamard::metax::(anonymous namespace)::launch_warp64<__half, true, true>' requested here
        return launch_warp64<T, Transform, Quantize>(input, output, packed, scales, rows, n, scale, stream);
               ^
/data/infinitensor-2026/Learning-CUDA/03_hadamard_tc/a962695448-rgb/platforms/metax/hadamard_api.cu:347:1: note: in instantiation of function template specialization 'hadamard::metax::(anonymous namespace)::launch<__half, true, true>' requested here
DEFINE_TYPED_API(__half)
^
/data/infinitensor-2026/Learning-CUDA/03_hadamard_tc/a962695448-rgb/platforms/metax/hadamard_api.cu:344:12: note: expanded from macro 'DEFINE_TYPED_API'
    return launch<T, true, true>(input, nullptr, packed, scales, rows, n, scale, stream, method); \
           ^
/opt/maca-3.0.0/mxgpu_llvm/lib/clang/12.0.0/include/__clang_maca_device_functions.h:2146:3: note: '__shfl_xor' has been explicitly marked deprecated here
[[deprecated]] __device__ MACA_INLINE float __shfl_xor(float var, int laneMask,
  ^
/data/infinitensor-2026/Learning-CUDA/03_hadamard_tc/a962695448-rgb/platforms/metax/hadamard_api.cu:225:36: warning: '__shfl_xor' is deprecated [-Wdeprecated-declarations]
                const float peer = __shfl_xor(values[r], 1, width);
                                   ^
/data/infinitensor-2026/Learning-CUDA/03_hadamard_tc/a962695448-rgb/platforms/metax/hadamard_api.cu:256:9: note: in instantiation of function template specialization 'hadamard::metax::(anonymous namespace)::warp64_kernel<__half, true, true, 128>' requested here
        LAUNCH_WARP64(128);
        ^
/data/infinitensor-2026/Learning-CUDA/03_hadamard_tc/a962695448-rgb/platforms/metax/hadamard_api.cu:245:9: note: expanded from macro 'LAUNCH_WARP64'
        warp64_kernel<T, Transform, Quantize, N><<<blocks, 256, 0, stream>>>( \
        ^
/data/infinitensor-2026/Learning-CUDA/03_hadamard_tc/a962695448-rgb/platforms/metax/hadamard_api.cu:311:16: note: in instantiation of function template specialization 'hadamard::metax::(anonymous namespace)::launch_warp64<__half, true, true>' requested here
        return launch_warp64<T, Transform, Quantize>(input, output, packed, scales, rows, n, scale, stream);
               ^
/data/infinitensor-2026/Learning-CUDA/03_hadamard_tc/a962695448-rgb/platforms/metax/hadamard_api.cu:347:1: note: in instantiation of function template specialization 'hadamard::metax::(anonymous namespace)::launch<__half, true, true>' requested here
DEFINE_TYPED_API(__half)
^
/data/infinitensor-2026/Learning-CUDA/03_hadamard_tc/a962695448-rgb/platforms/metax/hadamard_api.cu:344:12: note: expanded from macro 'DEFINE_TYPED_API'
    return launch<T, true, true>(input, nullptr, packed, scales, rows, n, scale, stream, method); \
           ^
/opt/maca-3.0.0/mxgpu_llvm/lib/clang/12.0.0/include/__clang_maca_device_functions.h:2146:3: note: '__shfl_xor' has been explicitly marked deprecated here
[[deprecated]] __device__ MACA_INLINE float __shfl_xor(float var, int laneMask,
  ^
/data/infinitensor-2026/Learning-CUDA/03_hadamard_tc/a962695448-rgb/platforms/metax/hadamard_api.cu:225:36: warning: '__shfl_xor' is deprecated [-Wdeprecated-declarations]
                const float peer = __shfl_xor(values[r], 1, width);
                                   ^
/data/infinitensor-2026/Learning-CUDA/03_hadamard_tc/a962695448-rgb/platforms/metax/hadamard_api.cu:257:9: note: in instantiation of function template specialization 'hadamard::metax::(anonymous namespace)::warp64_kernel<__half, true, true, 256>' requested here
        LAUNCH_WARP64(256);
        ^
/data/infinitensor-2026/Learning-CUDA/03_hadamard_tc/a962695448-rgb/platforms/metax/hadamard_api.cu:245:9: note: expanded from macro 'LAUNCH_WARP64'
        warp64_kernel<T, Transform, Quantize, N><<<blocks, 256, 0, stream>>>( \
        ^
/data/infinitensor-2026/Learning-CUDA/03_hadamard_tc/a962695448-rgb/platforms/metax/hadamard_api.cu:311:16: note: in instantiation of function template specialization 'hadamard::metax::(anonymous namespace)::launch_warp64<__half, true, true>' requested here
        return launch_warp64<T, Transform, Quantize>(input, output, packed, scales, rows, n, scale, stream);
               ^
/data/infinitensor-2026/Learning-CUDA/03_hadamard_tc/a962695448-rgb/platforms/metax/hadamard_api.cu:347:1: note: in instantiation of function template specialization 'hadamard::metax::(anonymous namespace)::launch<__half, true, true>' requested here
DEFINE_TYPED_API(__half)
^
/data/infinitensor-2026/Learning-CUDA/03_hadamard_tc/a962695448-rgb/platforms/metax/hadamard_api.cu:344:12: note: expanded from macro 'DEFINE_TYPED_API'
    return launch<T, true, true>(input, nullptr, packed, scales, rows, n, scale, stream, method); \
           ^
/opt/maca-3.0.0/mxgpu_llvm/lib/clang/12.0.0/include/__clang_maca_device_functions.h:2146:3: note: '__shfl_xor' has been explicitly marked deprecated here
[[deprecated]] __device__ MACA_INLINE float __shfl_xor(float var, int laneMask,
  ^
/data/infinitensor-2026/Learning-CUDA/03_hadamard_tc/a962695448-rgb/platforms/metax/hadamard_api.cu:225:36: warning: '__shfl_xor' is deprecated [-Wdeprecated-declarations]
                const float peer = __shfl_xor(values[r], 1, width);
                                   ^
/data/infinitensor-2026/Learning-CUDA/03_hadamard_tc/a962695448-rgb/platforms/metax/hadamard_api.cu:249:9: note: in instantiation of function template specialization 'hadamard::metax::(anonymous namespace)::warp64_kernel<__maca_bfloat16, false, true, 1>' requested here
        LAUNCH_WARP64(1);
        ^
/data/infinitensor-2026/Learning-CUDA/03_hadamard_tc/a962695448-rgb/platforms/metax/hadamard_api.cu:245:9: note: expanded from macro 'LAUNCH_WARP64'
        warp64_kernel<T, Transform, Quantize, N><<<blocks, 256, 0, stream>>>( \
        ^
/data/infinitensor-2026/Learning-CUDA/03_hadamard_tc/a962695448-rgb/platforms/metax/hadamard_api.cu:311:16: note: in instantiation of function template specialization 'hadamard::metax::(anonymous namespace)::launch_warp64<__maca_bfloat16, false, true>' requested here
        return launch_warp64<T, Transform, Quantize>(input, output, packed, scales, rows, n, scale, stream);
               ^
/data/infinitensor-2026/Learning-CUDA/03_hadamard_tc/a962695448-rgb/platforms/metax/hadamard_api.cu:348:1: note: in instantiation of function template specialization 'hadamard::metax::(anonymous namespace)::launch<__maca_bfloat16, false, true>' requested here
DEFINE_TYPED_API(__nv_bfloat16)
^
/data/infinitensor-2026/Learning-CUDA/03_hadamard_tc/a962695448-rgb/platforms/metax/hadamard_api.cu:340:12: note: expanded from macro 'DEFINE_TYPED_API'
    return launch<T, false, true>(input, nullptr, packed, scales, rows, n, 1.0f, stream, method); \
           ^
/opt/maca-3.0.0/mxgpu_llvm/lib/clang/12.0.0/include/__clang_maca_device_functions.h:2146:3: note: '__shfl_xor' has been explicitly marked deprecated here
[[deprecated]] __device__ MACA_INLINE float __shfl_xor(float var, int laneMask,
  ^
/data/infinitensor-2026/Learning-CUDA/03_hadamard_tc/a962695448-rgb/platforms/metax/hadamard_api.cu:225:36: warning: '__shfl_xor' is deprecated [-Wdeprecated-declarations]
                const float peer = __shfl_xor(values[r], 1, width);
                                   ^
/data/infinitensor-2026/Learning-CUDA/03_hadamard_tc/a962695448-rgb/platforms/metax/hadamard_api.cu:250:9: note: in instantiation of function template specialization 'hadamard::metax::(anonymous namespace)::warp64_kernel<__maca_bfloat16, false, true, 2>' requested here
        LAUNCH_WARP64(2);
        ^
/data/infinitensor-2026/Learning-CUDA/03_hadamard_tc/a962695448-rgb/platforms/metax/hadamard_api.cu:245:9: note: expanded from macro 'LAUNCH_WARP64'
        warp64_kernel<T, Transform, Quantize, N><<<blocks, 256, 0, stream>>>( \
        ^
/data/infinitensor-2026/Learning-CUDA/03_hadamard_tc/a962695448-rgb/platforms/metax/hadamard_api.cu:311:16: note: in instantiation of function template specialization 'hadamard::metax::(anonymous namespace)::launch_warp64<__maca_bfloat16, false, true>' requested here
        return launch_warp64<T, Transform, Quantize>(input, output, packed, scales, rows, n, scale, stream);
               ^
/data/infinitensor-2026/Learning-CUDA/03_hadamard_tc/a962695448-rgb/platforms/metax/hadamard_api.cu:348:1: note: in instantiation of function template specialization 'hadamard::metax::(anonymous namespace)::launch<__maca_bfloat16, false, true>' requested here
DEFINE_TYPED_API(__nv_bfloat16)
^
/data/infinitensor-2026/Learning-CUDA/03_hadamard_tc/a962695448-rgb/platforms/metax/hadamard_api.cu:340:12: note: expanded from macro 'DEFINE_TYPED_API'
    return launch<T, false, true>(input, nullptr, packed, scales, rows, n, 1.0f, stream, method); \
           ^
/opt/maca-3.0.0/mxgpu_llvm/lib/clang/12.0.0/include/__clang_maca_device_functions.h:2146:3: note: '__shfl_xor' has been explicitly marked deprecated here
[[deprecated]] __device__ MACA_INLINE float __shfl_xor(float var, int laneMask,
  ^
/data/infinitensor-2026/Learning-CUDA/03_hadamard_tc/a962695448-rgb/platforms/metax/hadamard_api.cu:225:36: warning: '__shfl_xor' is deprecated [-Wdeprecated-declarations]
                const float peer = __shfl_xor(values[r], 1, width);
                                   ^
/data/infinitensor-2026/Learning-CUDA/03_hadamard_tc/a962695448-rgb/platforms/metax/hadamard_api.cu:251:9: note: in instantiation of function template specialization 'hadamard::metax::(anonymous namespace)::warp64_kernel<__maca_bfloat16, false, true, 4>' requested here
        LAUNCH_WARP64(4);
        ^
/data/infinitensor-2026/Learning-CUDA/03_hadamard_tc/a962695448-rgb/platforms/metax/hadamard_api.cu:245:9: note: expanded from macro 'LAUNCH_WARP64'
        warp64_kernel<T, Transform, Quantize, N><<<blocks, 256, 0, stream>>>( \
        ^
/data/infinitensor-2026/Learning-CUDA/03_hadamard_tc/a962695448-rgb/platforms/metax/hadamard_api.cu:311:16: note: in instantiation of function template specialization 'hadamard::metax::(anonymous namespace)::launch_warp64<__maca_bfloat16, false, true>' requested here
        return launch_warp64<T, Transform, Quantize>(input, output, packed, scales, rows, n, scale, stream);
               ^
/data/infinitensor-2026/Learning-CUDA/03_hadamard_tc/a962695448-rgb/platforms/metax/hadamard_api.cu:348:1: note: in instantiation of function template specialization 'hadamard::metax::(anonymous namespace)::launch<__maca_bfloat16, false, true>' requested here
DEFINE_TYPED_API(__nv_bfloat16)
^
/data/infinitensor-2026/Learning-CUDA/03_hadamard_tc/a962695448-rgb/platforms/metax/hadamard_api.cu:340:12: note: expanded from macro 'DEFINE_TYPED_API'
    return launch<T, false, true>(input, nullptr, packed, scales, rows, n, 1.0f, stream, method); \
           ^
/opt/maca-3.0.0/mxgpu_llvm/lib/clang/12.0.0/include/__clang_maca_device_functions.h:2146:3: note: '__shfl_xor' has been explicitly marked deprecated here
[[deprecated]] __device__ MACA_INLINE float __shfl_xor(float var, int laneMask,
  ^
/data/infinitensor-2026/Learning-CUDA/03_hadamard_tc/a962695448-rgb/platforms/metax/hadamard_api.cu:225:36: warning: '__shfl_xor' is deprecated [-Wdeprecated-declarations]
                const float peer = __shfl_xor(values[r], 1, width);
                                   ^
/data/infinitensor-2026/Learning-CUDA/03_hadamard_tc/a962695448-rgb/platforms/metax/hadamard_api.cu:252:9: note: in instantiation of function template specialization 'hadamard::metax::(anonymous namespace)::warp64_kernel<__maca_bfloat16, false, true, 8>' requested here
        LAUNCH_WARP64(8);
        ^
/data/infinitensor-2026/Learning-CUDA/03_hadamard_tc/a962695448-rgb/platforms/metax/hadamard_api.cu:245:9: note: expanded from macro 'LAUNCH_WARP64'
        warp64_kernel<T, Transform, Quantize, N><<<blocks, 256, 0, stream>>>( \
        ^
/data/infinitensor-2026/Learning-CUDA/03_hadamard_tc/a962695448-rgb/platforms/metax/hadamard_api.cu:311:16: note: in instantiation of function template specialization 'hadamard::metax::(anonymous namespace)::launch_warp64<__maca_bfloat16, false, true>' requested here
        return launch_warp64<T, Transform, Quantize>(input, output, packed, scales, rows, n, scale, stream);
               ^
/data/infinitensor-2026/Learning-CUDA/03_hadamard_tc/a962695448-rgb/platforms/metax/hadamard_api.cu:348:1: note: in instantiation of function template specialization 'hadamard::metax::(anonymous namespace)::launch<__maca_bfloat16, false, true>' requested here
DEFINE_TYPED_API(__nv_bfloat16)
^
/data/infinitensor-2026/Learning-CUDA/03_hadamard_tc/a962695448-rgb/platforms/metax/hadamard_api.cu:340:12: note: expanded from macro 'DEFINE_TYPED_API'
    return launch<T, false, true>(input, nullptr, packed, scales, rows, n, 1.0f, stream, method); \
           ^
/opt/maca-3.0.0/mxgpu_llvm/lib/clang/12.0.0/include/__clang_maca_device_functions.h:2146:3: note: '__shfl_xor' has been explicitly marked deprecated here
[[deprecated]] __device__ MACA_INLINE float __shfl_xor(float var, int laneMask,
  ^
/data/infinitensor-2026/Learning-CUDA/03_hadamard_tc/a962695448-rgb/platforms/metax/hadamard_api.cu:225:36: warning: '__shfl_xor' is deprecated [-Wdeprecated-declarations]
                const float peer = __shfl_xor(values[r], 1, width);
                                   ^
/data/infinitensor-2026/Learning-CUDA/03_hadamard_tc/a962695448-rgb/platforms/metax/hadamard_api.cu:253:9: note: in instantiation of function template specialization 'hadamard::metax::(anonymous namespace)::warp64_kernel<__maca_bfloat16, false, true, 16>' requested here
        LAUNCH_WARP64(16);
        ^
/data/infinitensor-2026/Learning-CUDA/03_hadamard_tc/a962695448-rgb/platforms/metax/hadamard_api.cu:245:9: note: expanded from macro 'LAUNCH_WARP64'
        warp64_kernel<T, Transform, Quantize, N><<<blocks, 256, 0, stream>>>( \
        ^
/data/infinitensor-2026/Learning-CUDA/03_hadamard_tc/a962695448-rgb/platforms/metax/hadamard_api.cu:311:16: note: in instantiation of function template specialization 'hadamard::metax::(anonymous namespace)::launch_warp64<__maca_bfloat16, false, true>' requested here
        return launch_warp64<T, Transform, Quantize>(input, output, packed, scales, rows, n, scale, stream);
               ^
/data/infinitensor-2026/Learning-CUDA/03_hadamard_tc/a962695448-rgb/platforms/metax/hadamard_api.cu:348:1: note: in instantiation of function template specialization 'hadamard::metax::(anonymous namespace)::launch<__maca_bfloat16, false, true>' requested here
DEFINE_TYPED_API(__nv_bfloat16)
^
/data/infinitensor-2026/Learning-CUDA/03_hadamard_tc/a962695448-rgb/platforms/metax/hadamard_api.cu:340:12: note: expanded from macro 'DEFINE_TYPED_API'
    return launch<T, false, true>(input, nullptr, packed, scales, rows, n, 1.0f, stream, method); \
           ^
/opt/maca-3.0.0/mxgpu_llvm/lib/clang/12.0.0/include/__clang_maca_device_functions.h:2146:3: note: '__shfl_xor' has been explicitly marked deprecated here
[[deprecated]] __device__ MACA_INLINE float __shfl_xor(float var, int laneMask,
  ^
/data/infinitensor-2026/Learning-CUDA/03_hadamard_tc/a962695448-rgb/platforms/metax/hadamard_api.cu:225:36: warning: '__shfl_xor' is deprecated [-Wdeprecated-declarations]
                const float peer = __shfl_xor(values[r], 1, width);
                                   ^
/data/infinitensor-2026/Learning-CUDA/03_hadamard_tc/a962695448-rgb/platforms/metax/hadamard_api.cu:254:9: note: in instantiation of function template specialization 'hadamard::metax::(anonymous namespace)::warp64_kernel<__maca_bfloat16, false, true, 32>' requested here
        LAUNCH_WARP64(32);
        ^
/data/infinitensor-2026/Learning-CUDA/03_hadamard_tc/a962695448-rgb/platforms/metax/hadamard_api.cu:245:9: note: expanded from macro 'LAUNCH_WARP64'
        warp64_kernel<T, Transform, Quantize, N><<<blocks, 256, 0, stream>>>( \
        ^
/data/infinitensor-2026/Learning-CUDA/03_hadamard_tc/a962695448-rgb/platforms/metax/hadamard_api.cu:311:16: note: in instantiation of function template specialization 'hadamard::metax::(anonymous namespace)::launch_warp64<__maca_bfloat16, false, true>' requested here
        return launch_warp64<T, Transform, Quantize>(input, output, packed, scales, rows, n, scale, stream);
               ^
/data/infinitensor-2026/Learning-CUDA/03_hadamard_tc/a962695448-rgb/platforms/metax/hadamard_api.cu:348:1: note: in instantiation of function template specialization 'hadamard::metax::(anonymous namespace)::launch<__maca_bfloat16, false, true>' requested here
DEFINE_TYPED_API(__nv_bfloat16)
^
/data/infinitensor-2026/Learning-CUDA/03_hadamard_tc/a962695448-rgb/platforms/metax/hadamard_api.cu:340:12: note: expanded from macro 'DEFINE_TYPED_API'
    return launch<T, false, true>(input, nullptr, packed, scales, rows, n, 1.0f, stream, method); \
           ^
/opt/maca-3.0.0/mxgpu_llvm/lib/clang/12.0.0/include/__clang_maca_device_functions.h:2146:3: note: '__shfl_xor' has been explicitly marked deprecated here
[[deprecated]] __device__ MACA_INLINE float __shfl_xor(float var, int laneMask,
  ^
/data/infinitensor-2026/Learning-CUDA/03_hadamard_tc/a962695448-rgb/platforms/metax/hadamard_api.cu:225:36: warning: '__shfl_xor' is deprecated [-Wdeprecated-declarations]
                const float peer = __shfl_xor(values[r], 1, width);
                                   ^
/data/infinitensor-2026/Learning-CUDA/03_hadamard_tc/a962695448-rgb/platforms/metax/hadamard_api.cu:255:9: note: in instantiation of function template specialization 'hadamard::metax::(anonymous namespace)::warp64_kernel<__maca_bfloat16, false, true, 64>' requested here
        LAUNCH_WARP64(64);
        ^
/data/infinitensor-2026/Learning-CUDA/03_hadamard_tc/a962695448-rgb/platforms/metax/hadamard_api.cu:245:9: note: expanded from macro 'LAUNCH_WARP64'
        warp64_kernel<T, Transform, Quantize, N><<<blocks, 256, 0, stream>>>( \
        ^
/data/infinitensor-2026/Learning-CUDA/03_hadamard_tc/a962695448-rgb/platforms/metax/hadamard_api.cu:311:16: note: in instantiation of function template specialization 'hadamard::metax::(anonymous namespace)::launch_warp64<__maca_bfloat16, false, true>' requested here
        return launch_warp64<T, Transform, Quantize>(input, output, packed, scales, rows, n, scale, stream);
               ^
/data/infinitensor-2026/Learning-CUDA/03_hadamard_tc/a962695448-rgb/platforms/metax/hadamard_api.cu:348:1: note: in instantiation of function template specialization 'hadamard::metax::(anonymous namespace)::launch<__maca_bfloat16, false, true>' requested here
DEFINE_TYPED_API(__nv_bfloat16)
^
/data/infinitensor-2026/Learning-CUDA/03_hadamard_tc/a962695448-rgb/platforms/metax/hadamard_api.cu:340:12: note: expanded from macro 'DEFINE_TYPED_API'
    return launch<T, false, true>(input, nullptr, packed, scales, rows, n, 1.0f, stream, method); \
           ^
/opt/maca-3.0.0/mxgpu_llvm/lib/clang/12.0.0/include/__clang_maca_device_functions.h:2146:3: note: '__shfl_xor' has been explicitly marked deprecated here
[[deprecated]] __device__ MACA_INLINE float __shfl_xor(float var, int laneMask,
  ^
/data/infinitensor-2026/Learning-CUDA/03_hadamard_tc/a962695448-rgb/platforms/metax/hadamard_api.cu:225:36: warning: '__shfl_xor' is deprecated [-Wdeprecated-declarations]
                const float peer = __shfl_xor(values[r], 1, width);
                                   ^
/data/infinitensor-2026/Learning-CUDA/03_hadamard_tc/a962695448-rgb/platforms/metax/hadamard_api.cu:256:9: note: in instantiation of function template specialization 'hadamard::metax::(anonymous namespace)::warp64_kernel<__maca_bfloat16, false, true, 128>' requested here
        LAUNCH_WARP64(128);
        ^
/data/infinitensor-2026/Learning-CUDA/03_hadamard_tc/a962695448-rgb/platforms/metax/hadamard_api.cu:245:9: note: expanded from macro 'LAUNCH_WARP64'
        warp64_kernel<T, Transform, Quantize, N><<<blocks, 256, 0, stream>>>( \
        ^
/data/infinitensor-2026/Learning-CUDA/03_hadamard_tc/a962695448-rgb/platforms/metax/hadamard_api.cu:311:16: note: in instantiation of function template specialization 'hadamard::metax::(anonymous namespace)::launch_warp64<__maca_bfloat16, false, true>' requested here
        return launch_warp64<T, Transform, Quantize>(input, output, packed, scales, rows, n, scale, stream);
               ^
/data/infinitensor-2026/Learning-CUDA/03_hadamard_tc/a962695448-rgb/platforms/metax/hadamard_api.cu:348:1: note: in instantiation of function template specialization 'hadamard::metax::(anonymous namespace)::launch<__maca_bfloat16, false, true>' requested here
DEFINE_TYPED_API(__nv_bfloat16)
^
/data/infinitensor-2026/Learning-CUDA/03_hadamard_tc/a962695448-rgb/platforms/metax/hadamard_api.cu:340:12: note: expanded from macro 'DEFINE_TYPED_API'
    return launch<T, false, true>(input, nullptr, packed, scales, rows, n, 1.0f, stream, method); \
           ^
/opt/maca-3.0.0/mxgpu_llvm/lib/clang/12.0.0/include/__clang_maca_device_functions.h:2146:3: note: '__shfl_xor' has been explicitly marked deprecated here
[[deprecated]] __device__ MACA_INLINE float __shfl_xor(float var, int laneMask,
  ^
/data/infinitensor-2026/Learning-CUDA/03_hadamard_tc/a962695448-rgb/platforms/metax/hadamard_api.cu:225:36: warning: '__shfl_xor' is deprecated [-Wdeprecated-declarations]
                const float peer = __shfl_xor(values[r], 1, width);
                                   ^
/data/infinitensor-2026/Learning-CUDA/03_hadamard_tc/a962695448-rgb/platforms/metax/hadamard_api.cu:257:9: note: in instantiation of function template specialization 'hadamard::metax::(anonymous namespace)::warp64_kernel<__maca_bfloat16, false, true, 256>' requested here
        LAUNCH_WARP64(256);
        ^
/data/infinitensor-2026/Learning-CUDA/03_hadamard_tc/a962695448-rgb/platforms/metax/hadamard_api.cu:245:9: note: expanded from macro 'LAUNCH_WARP64'
        warp64_kernel<T, Transform, Quantize, N><<<blocks, 256, 0, stream>>>( \
        ^
/data/infinitensor-2026/Learning-CUDA/03_hadamard_tc/a962695448-rgb/platforms/metax/hadamard_api.cu:311:16: note: in instantiation of function template specialization 'hadamard::metax::(anonymous namespace)::launch_warp64<__maca_bfloat16, false, true>' requested here
        return launch_warp64<T, Transform, Quantize>(input, output, packed, scales, rows, n, scale, stream);
               ^
/data/infinitensor-2026/Learning-CUDA/03_hadamard_tc/a962695448-rgb/platforms/metax/hadamard_api.cu:348:1: note: in instantiation of function template specialization 'hadamard::metax::(anonymous namespace)::launch<__maca_bfloat16, false, true>' requested here
DEFINE_TYPED_API(__nv_bfloat16)
^
/data/infinitensor-2026/Learning-CUDA/03_hadamard_tc/a962695448-rgb/platforms/metax/hadamard_api.cu:340:12: note: expanded from macro 'DEFINE_TYPED_API'
    return launch<T, false, true>(input, nullptr, packed, scales, rows, n, 1.0f, stream, method); \
           ^
/opt/maca-3.0.0/mxgpu_llvm/lib/clang/12.0.0/include/__clang_maca_device_functions.h:2146:3: note: '__shfl_xor' has been explicitly marked deprecated here
[[deprecated]] __device__ MACA_INLINE float __shfl_xor(float var, int laneMask,
  ^
/data/infinitensor-2026/Learning-CUDA/03_hadamard_tc/a962695448-rgb/platforms/metax/hadamard_api.cu:225:36: warning: '__shfl_xor' is deprecated [-Wdeprecated-declarations]
                const float peer = __shfl_xor(values[r], 1, width);
                                   ^
/data/infinitensor-2026/Learning-CUDA/03_hadamard_tc/a962695448-rgb/platforms/metax/hadamard_api.cu:249:9: note: in instantiation of function template specialization 'hadamard::metax::(anonymous namespace)::warp64_kernel<__maca_bfloat16, true, true, 1>' requested here
        LAUNCH_WARP64(1);
        ^
/data/infinitensor-2026/Learning-CUDA/03_hadamard_tc/a962695448-rgb/platforms/metax/hadamard_api.cu:245:9: note: expanded from macro 'LAUNCH_WARP64'
        warp64_kernel<T, Transform, Quantize, N><<<blocks, 256, 0, stream>>>( \
        ^
/data/infinitensor-2026/Learning-CUDA/03_hadamard_tc/a962695448-rgb/platforms/metax/hadamard_api.cu:311:16: note: in instantiation of function template specialization 'hadamard::metax::(anonymous namespace)::launch_warp64<__maca_bfloat16, true, true>' requested here
        return launch_warp64<T, Transform, Quantize>(input, output, packed, scales, rows, n, scale, stream);
               ^
/data/infinitensor-2026/Learning-CUDA/03_hadamard_tc/a962695448-rgb/platforms/metax/hadamard_api.cu:348:1: note: in instantiation of function template specialization 'hadamard::metax::(anonymous namespace)::launch<__maca_bfloat16, true, true>' requested here
DEFINE_TYPED_API(__nv_bfloat16)
^
/data/infinitensor-2026/Learning-CUDA/03_hadamard_tc/a962695448-rgb/platforms/metax/hadamard_api.cu:344:12: note: expanded from macro 'DEFINE_TYPED_API'
    return launch<T, true, true>(input, nullptr, packed, scales, rows, n, scale, stream, method); \
           ^
/opt/maca-3.0.0/mxgpu_llvm/lib/clang/12.0.0/include/__clang_maca_device_functions.h:2146:3: note: '__shfl_xor' has been explicitly marked deprecated here
[[deprecated]] __device__ MACA_INLINE float __shfl_xor(float var, int laneMask,
  ^
/data/infinitensor-2026/Learning-CUDA/03_hadamard_tc/a962695448-rgb/platforms/metax/hadamard_api.cu:225:36: warning: '__shfl_xor' is deprecated [-Wdeprecated-declarations]
                const float peer = __shfl_xor(values[r], 1, width);
                                   ^
/data/infinitensor-2026/Learning-CUDA/03_hadamard_tc/a962695448-rgb/platforms/metax/hadamard_api.cu:250:9: note: in instantiation of function template specialization 'hadamard::metax::(anonymous namespace)::warp64_kernel<__maca_bfloat16, true, true, 2>' requested here
        LAUNCH_WARP64(2);
        ^
/data/infinitensor-2026/Learning-CUDA/03_hadamard_tc/a962695448-rgb/platforms/metax/hadamard_api.cu:245:9: note: expanded from macro 'LAUNCH_WARP64'
        warp64_kernel<T, Transform, Quantize, N><<<blocks, 256, 0, stream>>>( \
        ^
/data/infinitensor-2026/Learning-CUDA/03_hadamard_tc/a962695448-rgb/platforms/metax/hadamard_api.cu:311:16: note: in instantiation of function template specialization 'hadamard::metax::(anonymous namespace)::launch_warp64<__maca_bfloat16, true, true>' requested here
        return launch_warp64<T, Transform, Quantize>(input, output, packed, scales, rows, n, scale, stream);
               ^
/data/infinitensor-2026/Learning-CUDA/03_hadamard_tc/a962695448-rgb/platforms/metax/hadamard_api.cu:348:1: note: in instantiation of function template specialization 'hadamard::metax::(anonymous namespace)::launch<__maca_bfloat16, true, true>' requested here
DEFINE_TYPED_API(__nv_bfloat16)
^
/data/infinitensor-2026/Learning-CUDA/03_hadamard_tc/a962695448-rgb/platforms/metax/hadamard_api.cu:344:12: note: expanded from macro 'DEFINE_TYPED_API'
    return launch<T, true, true>(input, nullptr, packed, scales, rows, n, scale, stream, method); \
           ^
/opt/maca-3.0.0/mxgpu_llvm/lib/clang/12.0.0/include/__clang_maca_device_functions.h:2146:3: note: '__shfl_xor' has been explicitly marked deprecated here
[[deprecated]] __device__ MACA_INLINE float __shfl_xor(float var, int laneMask,
  ^
/data/infinitensor-2026/Learning-CUDA/03_hadamard_tc/a962695448-rgb/platforms/metax/hadamard_api.cu:225:36: warning: '__shfl_xor' is deprecated [-Wdeprecated-declarations]
                const float peer = __shfl_xor(values[r], 1, width);
                                   ^
/data/infinitensor-2026/Learning-CUDA/03_hadamard_tc/a962695448-rgb/platforms/metax/hadamard_api.cu:251:9: note: in instantiation of function template specialization 'hadamard::metax::(anonymous namespace)::warp64_kernel<__maca_bfloat16, true, true, 4>' requested here
        LAUNCH_WARP64(4);
        ^
/data/infinitensor-2026/Learning-CUDA/03_hadamard_tc/a962695448-rgb/platforms/metax/hadamard_api.cu:245:9: note: expanded from macro 'LAUNCH_WARP64'
        warp64_kernel<T, Transform, Quantize, N><<<blocks, 256, 0, stream>>>( \
        ^
/data/infinitensor-2026/Learning-CUDA/03_hadamard_tc/a962695448-rgb/platforms/metax/hadamard_api.cu:311:16: note: in instantiation of function template specialization 'hadamard::metax::(anonymous namespace)::launch_warp64<__maca_bfloat16, true, true>' requested here
        return launch_warp64<T, Transform, Quantize>(input, output, packed, scales, rows, n, scale, stream);
               ^
/data/infinitensor-2026/Learning-CUDA/03_hadamard_tc/a962695448-rgb/platforms/metax/hadamard_api.cu:348:1: note: in instantiation of function template specialization 'hadamard::metax::(anonymous namespace)::launch<__maca_bfloat16, true, true>' requested here
DEFINE_TYPED_API(__nv_bfloat16)
^
/data/infinitensor-2026/Learning-CUDA/03_hadamard_tc/a962695448-rgb/platforms/metax/hadamard_api.cu:344:12: note: expanded from macro 'DEFINE_TYPED_API'
    return launch<T, true, true>(input, nullptr, packed, scales, rows, n, scale, stream, method); \
           ^
/opt/maca-3.0.0/mxgpu_llvm/lib/clang/12.0.0/include/__clang_maca_device_functions.h:2146:3: note: '__shfl_xor' has been explicitly marked deprecated here
[[deprecated]] __device__ MACA_INLINE float __shfl_xor(float var, int laneMask,
  ^
/data/infinitensor-2026/Learning-CUDA/03_hadamard_tc/a962695448-rgb/platforms/metax/hadamard_api.cu:225:36: warning: '__shfl_xor' is deprecated [-Wdeprecated-declarations]
                const float peer = __shfl_xor(values[r], 1, width);
                                   ^
/data/infinitensor-2026/Learning-CUDA/03_hadamard_tc/a962695448-rgb/platforms/metax/hadamard_api.cu:252:9: note: in instantiation of function template specialization 'hadamard::metax::(anonymous namespace)::warp64_kernel<__maca_bfloat16, true, true, 8>' requested here
        LAUNCH_WARP64(8);
        ^
/data/infinitensor-2026/Learning-CUDA/03_hadamard_tc/a962695448-rgb/platforms/metax/hadamard_api.cu:245:9: note: expanded from macro 'LAUNCH_WARP64'
        warp64_kernel<T, Transform, Quantize, N><<<blocks, 256, 0, stream>>>( \
        ^
/data/infinitensor-2026/Learning-CUDA/03_hadamard_tc/a962695448-rgb/platforms/metax/hadamard_api.cu:311:16: note: in instantiation of function template specialization 'hadamard::metax::(anonymous namespace)::launch_warp64<__maca_bfloat16, true, true>' requested here
        return launch_warp64<T, Transform, Quantize>(input, output, packed, scales, rows, n, scale, stream);
               ^
/data/infinitensor-2026/Learning-CUDA/03_hadamard_tc/a962695448-rgb/platforms/metax/hadamard_api.cu:348:1: note: in instantiation of function template specialization 'hadamard::metax::(anonymous namespace)::launch<__maca_bfloat16, true, true>' requested here
DEFINE_TYPED_API(__nv_bfloat16)
^
/data/infinitensor-2026/Learning-CUDA/03_hadamard_tc/a962695448-rgb/platforms/metax/hadamard_api.cu:344:12: note: expanded from macro 'DEFINE_TYPED_API'
    return launch<T, true, true>(input, nullptr, packed, scales, rows, n, scale, stream, method); \
           ^
/opt/maca-3.0.0/mxgpu_llvm/lib/clang/12.0.0/include/__clang_maca_device_functions.h:2146:3: note: '__shfl_xor' has been explicitly marked deprecated here
[[deprecated]] __device__ MACA_INLINE float __shfl_xor(float var, int laneMask,
  ^
/data/infinitensor-2026/Learning-CUDA/03_hadamard_tc/a962695448-rgb/platforms/metax/hadamard_api.cu:225:36: warning: '__shfl_xor' is deprecated [-Wdeprecated-declarations]
                const float peer = __shfl_xor(values[r], 1, width);
                                   ^
/data/infinitensor-2026/Learning-CUDA/03_hadamard_tc/a962695448-rgb/platforms/metax/hadamard_api.cu:253:9: note: in instantiation of function template specialization 'hadamard::metax::(anonymous namespace)::warp64_kernel<__maca_bfloat16, true, true, 16>' requested here
        LAUNCH_WARP64(16);
        ^
/data/infinitensor-2026/Learning-CUDA/03_hadamard_tc/a962695448-rgb/platforms/metax/hadamard_api.cu:245:9: note: expanded from macro 'LAUNCH_WARP64'
        warp64_kernel<T, Transform, Quantize, N><<<blocks, 256, 0, stream>>>( \
        ^
/data/infinitensor-2026/Learning-CUDA/03_hadamard_tc/a962695448-rgb/platforms/metax/hadamard_api.cu:311:16: note: in instantiation of function template specialization 'hadamard::metax::(anonymous namespace)::launch_warp64<__maca_bfloat16, true, true>' requested here
        return launch_warp64<T, Transform, Quantize>(input, output, packed, scales, rows, n, scale, stream);
               ^
/data/infinitensor-2026/Learning-CUDA/03_hadamard_tc/a962695448-rgb/platforms/metax/hadamard_api.cu:348:1: note: in instantiation of function template specialization 'hadamard::metax::(anonymous namespace)::launch<__maca_bfloat16, true, true>' requested here
DEFINE_TYPED_API(__nv_bfloat16)
^
/data/infinitensor-2026/Learning-CUDA/03_hadamard_tc/a962695448-rgb/platforms/metax/hadamard_api.cu:344:12: note: expanded from macro 'DEFINE_TYPED_API'
    return launch<T, true, true>(input, nullptr, packed, scales, rows, n, scale, stream, method); \
           ^
/opt/maca-3.0.0/mxgpu_llvm/lib/clang/12.0.0/include/__clang_maca_device_functions.h:2146:3: note: '__shfl_xor' has been explicitly marked deprecated here
[[deprecated]] __device__ MACA_INLINE float __shfl_xor(float var, int laneMask,
  ^
/data/infinitensor-2026/Learning-CUDA/03_hadamard_tc/a962695448-rgb/platforms/metax/hadamard_api.cu:225:36: warning: '__shfl_xor' is deprecated [-Wdeprecated-declarations]
                const float peer = __shfl_xor(values[r], 1, width);
                                   ^
/data/infinitensor-2026/Learning-CUDA/03_hadamard_tc/a962695448-rgb/platforms/metax/hadamard_api.cu:254:9: note: in instantiation of function template specialization 'hadamard::metax::(anonymous namespace)::warp64_kernel<__maca_bfloat16, true, true, 32>' requested here
        LAUNCH_WARP64(32);
        ^
/data/infinitensor-2026/Learning-CUDA/03_hadamard_tc/a962695448-rgb/platforms/metax/hadamard_api.cu:245:9: note: expanded from macro 'LAUNCH_WARP64'
        warp64_kernel<T, Transform, Quantize, N><<<blocks, 256, 0, stream>>>( \
        ^
/data/infinitensor-2026/Learning-CUDA/03_hadamard_tc/a962695448-rgb/platforms/metax/hadamard_api.cu:311:16: note: in instantiation of function template specialization 'hadamard::metax::(anonymous namespace)::launch_warp64<__maca_bfloat16, true, true>' requested here
        return launch_warp64<T, Transform, Quantize>(input, output, packed, scales, rows, n, scale, stream);
               ^
/data/infinitensor-2026/Learning-CUDA/03_hadamard_tc/a962695448-rgb/platforms/metax/hadamard_api.cu:348:1: note: in instantiation of function template specialization 'hadamard::metax::(anonymous namespace)::launch<__maca_bfloat16, true, true>' requested here
DEFINE_TYPED_API(__nv_bfloat16)
^
/data/infinitensor-2026/Learning-CUDA/03_hadamard_tc/a962695448-rgb/platforms/metax/hadamard_api.cu:344:12: note: expanded from macro 'DEFINE_TYPED_API'
    return launch<T, true, true>(input, nullptr, packed, scales, rows, n, scale, stream, method); \
           ^
/opt/maca-3.0.0/mxgpu_llvm/lib/clang/12.0.0/include/__clang_maca_device_functions.h:2146:3: note: '__shfl_xor' has been explicitly marked deprecated here
[[deprecated]] __device__ MACA_INLINE float __shfl_xor(float var, int laneMask,
  ^
/data/infinitensor-2026/Learning-CUDA/03_hadamard_tc/a962695448-rgb/platforms/metax/hadamard_api.cu:225:36: warning: '__shfl_xor' is deprecated [-Wdeprecated-declarations]
                const float peer = __shfl_xor(values[r], 1, width);
                                   ^
/data/infinitensor-2026/Learning-CUDA/03_hadamard_tc/a962695448-rgb/platforms/metax/hadamard_api.cu:255:9: note: in instantiation of function template specialization 'hadamard::metax::(anonymous namespace)::warp64_kernel<__maca_bfloat16, true, true, 64>' requested here
        LAUNCH_WARP64(64);
        ^
/data/infinitensor-2026/Learning-CUDA/03_hadamard_tc/a962695448-rgb/platforms/metax/hadamard_api.cu:245:9: note: expanded from macro 'LAUNCH_WARP64'
        warp64_kernel<T, Transform, Quantize, N><<<blocks, 256, 0, stream>>>( \
        ^
/data/infinitensor-2026/Learning-CUDA/03_hadamard_tc/a962695448-rgb/platforms/metax/hadamard_api.cu:311:16: note: in instantiation of function template specialization 'hadamard::metax::(anonymous namespace)::launch_warp64<__maca_bfloat16, true, true>' requested here
        return launch_warp64<T, Transform, Quantize>(input, output, packed, scales, rows, n, scale, stream);
               ^
/data/infinitensor-2026/Learning-CUDA/03_hadamard_tc/a962695448-rgb/platforms/metax/hadamard_api.cu:348:1: note: in instantiation of function template specialization 'hadamard::metax::(anonymous namespace)::launch<__maca_bfloat16, true, true>' requested here
DEFINE_TYPED_API(__nv_bfloat16)
^
/data/infinitensor-2026/Learning-CUDA/03_hadamard_tc/a962695448-rgb/platforms/metax/hadamard_api.cu:344:12: note: expanded from macro 'DEFINE_TYPED_API'
    return launch<T, true, true>(input, nullptr, packed, scales, rows, n, scale, stream, method); \
           ^
/opt/maca-3.0.0/mxgpu_llvm/lib/clang/12.0.0/include/__clang_maca_device_functions.h:2146:3: note: '__shfl_xor' has been explicitly marked deprecated here
[[deprecated]] __device__ MACA_INLINE float __shfl_xor(float var, int laneMask,
  ^
/data/infinitensor-2026/Learning-CUDA/03_hadamard_tc/a962695448-rgb/platforms/metax/hadamard_api.cu:225:36: warning: '__shfl_xor' is deprecated [-Wdeprecated-declarations]
                const float peer = __shfl_xor(values[r], 1, width);
                                   ^
/data/infinitensor-2026/Learning-CUDA/03_hadamard_tc/a962695448-rgb/platforms/metax/hadamard_api.cu:256:9: note: in instantiation of function template specialization 'hadamard::metax::(anonymous namespace)::warp64_kernel<__maca_bfloat16, true, true, 128>' requested here
        LAUNCH_WARP64(128);
        ^
/data/infinitensor-2026/Learning-CUDA/03_hadamard_tc/a962695448-rgb/platforms/metax/hadamard_api.cu:245:9: note: expanded from macro 'LAUNCH_WARP64'
        warp64_kernel<T, Transform, Quantize, N><<<blocks, 256, 0, stream>>>( \
        ^
/data/infinitensor-2026/Learning-CUDA/03_hadamard_tc/a962695448-rgb/platforms/metax/hadamard_api.cu:311:16: note: in instantiation of function template specialization 'hadamard::metax::(anonymous namespace)::launch_warp64<__maca_bfloat16, true, true>' requested here
        return launch_warp64<T, Transform, Quantize>(input, output, packed, scales, rows, n, scale, stream);
               ^
/data/infinitensor-2026/Learning-CUDA/03_hadamard_tc/a962695448-rgb/platforms/metax/hadamard_api.cu:348:1: note: in instantiation of function template specialization 'hadamard::metax::(anonymous namespace)::launch<__maca_bfloat16, true, true>' requested here
DEFINE_TYPED_API(__nv_bfloat16)
^
/data/infinitensor-2026/Learning-CUDA/03_hadamard_tc/a962695448-rgb/platforms/metax/hadamard_api.cu:344:12: note: expanded from macro 'DEFINE_TYPED_API'
    return launch<T, true, true>(input, nullptr, packed, scales, rows, n, scale, stream, method); \
           ^
/opt/maca-3.0.0/mxgpu_llvm/lib/clang/12.0.0/include/__clang_maca_device_functions.h:2146:3: note: '__shfl_xor' has been explicitly marked deprecated here
[[deprecated]] __device__ MACA_INLINE float __shfl_xor(float var, int laneMask,
  ^
/data/infinitensor-2026/Learning-CUDA/03_hadamard_tc/a962695448-rgb/platforms/metax/hadamard_api.cu:225:36: warning: '__shfl_xor' is deprecated [-Wdeprecated-declarations]
                const float peer = __shfl_xor(values[r], 1, width);
                                   ^
/data/infinitensor-2026/Learning-CUDA/03_hadamard_tc/a962695448-rgb/platforms/metax/hadamard_api.cu:257:9: note: in instantiation of function template specialization 'hadamard::metax::(anonymous namespace)::warp64_kernel<__maca_bfloat16, true, true, 256>' requested here
        LAUNCH_WARP64(256);
        ^
/data/infinitensor-2026/Learning-CUDA/03_hadamard_tc/a962695448-rgb/platforms/metax/hadamard_api.cu:245:9: note: expanded from macro 'LAUNCH_WARP64'
        warp64_kernel<T, Transform, Quantize, N><<<blocks, 256, 0, stream>>>( \
        ^
/data/infinitensor-2026/Learning-CUDA/03_hadamard_tc/a962695448-rgb/platforms/metax/hadamard_api.cu:311:16: note: in instantiation of function template specialization 'hadamard::metax::(anonymous namespace)::launch_warp64<__maca_bfloat16, true, true>' requested here
        return launch_warp64<T, Transform, Quantize>(input, output, packed, scales, rows, n, scale, stream);
               ^
/data/infinitensor-2026/Learning-CUDA/03_hadamard_tc/a962695448-rgb/platforms/metax/hadamard_api.cu:348:1: note: in instantiation of function template specialization 'hadamard::metax::(anonymous namespace)::launch<__maca_bfloat16, true, true>' requested here
DEFINE_TYPED_API(__nv_bfloat16)
^
/data/infinitensor-2026/Learning-CUDA/03_hadamard_tc/a962695448-rgb/platforms/metax/hadamard_api.cu:344:12: note: expanded from macro 'DEFINE_TYPED_API'
    return launch<T, true, true>(input, nullptr, packed, scales, rows, n, scale, stream, method); \
           ^
/opt/maca-3.0.0/mxgpu_llvm/lib/clang/12.0.0/include/__clang_maca_device_functions.h:2146:3: note: '__shfl_xor' has been explicitly marked deprecated here
[[deprecated]] __device__ MACA_INLINE float __shfl_xor(float var, int laneMask,
  ^
38 warnings generated when compiling for xcore1000.
/data/infinitensor-2026/Learning-CUDA/03_hadamard_tc/a962695448-rgb/platforms/metax/hadamard_api.cu:181:40: warning: '__shfl_xor' is deprecated [-Wdeprecated-declarations]
                    const float peer = __shfl_xor(current, stride, width);
                                       ^
/opt/maca-3.0.0/mxgpu_llvm/lib/clang/12.0.0/include/__clang_maca_device_functions.h:2146:3: note: '__shfl_xor' has been explicitly marked deprecated here
[[deprecated]] __device__ MACA_INLINE float __shfl_xor(float var, int laneMask,
  ^
/data/infinitensor-2026/Learning-CUDA/03_hadamard_tc/a962695448-rgb/platforms/metax/hadamard_api.cu:219:46: warning: '__shfl_xor' is deprecated [-Wdeprecated-declarations]
                magnitude = fmaxf(magnitude, __shfl_xor(magnitude, stride, width));
                                             ^
/opt/maca-3.0.0/mxgpu_llvm/lib/clang/12.0.0/include/__clang_maca_device_functions.h:2146:3: note: '__shfl_xor' has been explicitly marked deprecated here
[[deprecated]] __device__ MACA_INLINE float __shfl_xor(float var, int laneMask,
  ^
/data/infinitensor-2026/Learning-CUDA/03_hadamard_tc/a962695448-rgb/platforms/metax/hadamard_api.cu:225:36: warning: '__shfl_xor' is deprecated [-Wdeprecated-declarations]
                const float peer = __shfl_xor(values[r], 1, width);
                                   ^
/data/infinitensor-2026/Learning-CUDA/03_hadamard_tc/a962695448-rgb/platforms/metax/hadamard_api.cu:249:9: note: in instantiation of function template specialization 'hadamard::metax::(anonymous namespace)::warp64_kernel<__half, false, true, 1>' requested here
        LAUNCH_WARP64(1);
        ^
/data/infinitensor-2026/Learning-CUDA/03_hadamard_tc/a962695448-rgb/platforms/metax/hadamard_api.cu:245:9: note: expanded from macro 'LAUNCH_WARP64'
        warp64_kernel<T, Transform, Quantize, N><<<blocks, 256, 0, stream>>>( \
        ^
/data/infinitensor-2026/Learning-CUDA/03_hadamard_tc/a962695448-rgb/platforms/metax/hadamard_api.cu:311:16: note: in instantiation of function template specialization 'hadamard::metax::(anonymous namespace)::launch_warp64<__half, false, true>' requested here
        return launch_warp64<T, Transform, Quantize>(input, output, packed, scales, rows, n, scale, stream);
               ^
/data/infinitensor-2026/Learning-CUDA/03_hadamard_tc/a962695448-rgb/platforms/metax/hadamard_api.cu:347:1: note: in instantiation of function template specialization 'hadamard::metax::(anonymous namespace)::launch<__half, false, true>' requested here
DEFINE_TYPED_API(__half)
^
/data/infinitensor-2026/Learning-CUDA/03_hadamard_tc/a962695448-rgb/platforms/metax/hadamard_api.cu:340:12: note: expanded from macro 'DEFINE_TYPED_API'
    return launch<T, false, true>(input, nullptr, packed, scales, rows, n, 1.0f, stream, method); \
           ^
/opt/maca-3.0.0/mxgpu_llvm/lib/clang/12.0.0/include/__clang_maca_device_functions.h:2146:3: note: '__shfl_xor' has been explicitly marked deprecated here
[[deprecated]] __device__ MACA_INLINE float __shfl_xor(float var, int laneMask,
  ^
/data/infinitensor-2026/Learning-CUDA/03_hadamard_tc/a962695448-rgb/platforms/metax/hadamard_api.cu:225:36: warning: '__shfl_xor' is deprecated [-Wdeprecated-declarations]
                const float peer = __shfl_xor(values[r], 1, width);
                                   ^
/data/infinitensor-2026/Learning-CUDA/03_hadamard_tc/a962695448-rgb/platforms/metax/hadamard_api.cu:250:9: note: in instantiation of function template specialization 'hadamard::metax::(anonymous namespace)::warp64_kernel<__half, false, true, 2>' requested here
        LAUNCH_WARP64(2);
        ^
/data/infinitensor-2026/Learning-CUDA/03_hadamard_tc/a962695448-rgb/platforms/metax/hadamard_api.cu:245:9: note: expanded from macro 'LAUNCH_WARP64'
        warp64_kernel<T, Transform, Quantize, N><<<blocks, 256, 0, stream>>>( \
        ^
/data/infinitensor-2026/Learning-CUDA/03_hadamard_tc/a962695448-rgb/platforms/metax/hadamard_api.cu:311:16: note: in instantiation of function template specialization 'hadamard::metax::(anonymous namespace)::launch_warp64<__half, false, true>' requested here
        return launch_warp64<T, Transform, Quantize>(input, output, packed, scales, rows, n, scale, stream);
               ^
/data/infinitensor-2026/Learning-CUDA/03_hadamard_tc/a962695448-rgb/platforms/metax/hadamard_api.cu:347:1: note: in instantiation of function template specialization 'hadamard::metax::(anonymous namespace)::launch<__half, false, true>' requested here
DEFINE_TYPED_API(__half)
^
/data/infinitensor-2026/Learning-CUDA/03_hadamard_tc/a962695448-rgb/platforms/metax/hadamard_api.cu:340:12: note: expanded from macro 'DEFINE_TYPED_API'
    return launch<T, false, true>(input, nullptr, packed, scales, rows, n, 1.0f, stream, method); \
           ^
/opt/maca-3.0.0/mxgpu_llvm/lib/clang/12.0.0/include/__clang_maca_device_functions.h:2146:3: note: '__shfl_xor' has been explicitly marked deprecated here
[[deprecated]] __device__ MACA_INLINE float __shfl_xor(float var, int laneMask,
  ^
/data/infinitensor-2026/Learning-CUDA/03_hadamard_tc/a962695448-rgb/platforms/metax/hadamard_api.cu:225:36: warning: '__shfl_xor' is deprecated [-Wdeprecated-declarations]
                const float peer = __shfl_xor(values[r], 1, width);
                                   ^
/data/infinitensor-2026/Learning-CUDA/03_hadamard_tc/a962695448-rgb/platforms/metax/hadamard_api.cu:251:9: note: in instantiation of function template specialization 'hadamard::metax::(anonymous namespace)::warp64_kernel<__half, false, true, 4>' requested here
        LAUNCH_WARP64(4);
        ^
/data/infinitensor-2026/Learning-CUDA/03_hadamard_tc/a962695448-rgb/platforms/metax/hadamard_api.cu:245:9: note: expanded from macro 'LAUNCH_WARP64'
        warp64_kernel<T, Transform, Quantize, N><<<blocks, 256, 0, stream>>>( \
        ^
/data/infinitensor-2026/Learning-CUDA/03_hadamard_tc/a962695448-rgb/platforms/metax/hadamard_api.cu:311:16: note: in instantiation of function template specialization 'hadamard::metax::(anonymous namespace)::launch_warp64<__half, false, true>' requested here
        return launch_warp64<T, Transform, Quantize>(input, output, packed, scales, rows, n, scale, stream);
               ^
/data/infinitensor-2026/Learning-CUDA/03_hadamard_tc/a962695448-rgb/platforms/metax/hadamard_api.cu:347:1: note: in instantiation of function template specialization 'hadamard::metax::(anonymous namespace)::launch<__half, false, true>' requested here
DEFINE_TYPED_API(__half)
^
/data/infinitensor-2026/Learning-CUDA/03_hadamard_tc/a962695448-rgb/platforms/metax/hadamard_api.cu:340:12: note: expanded from macro 'DEFINE_TYPED_API'
    return launch<T, false, true>(input, nullptr, packed, scales, rows, n, 1.0f, stream, method); \
           ^
/opt/maca-3.0.0/mxgpu_llvm/lib/clang/12.0.0/include/__clang_maca_device_functions.h:2146:3: note: '__shfl_xor' has been explicitly marked deprecated here
[[deprecated]] __device__ MACA_INLINE float __shfl_xor(float var, int laneMask,
  ^
/data/infinitensor-2026/Learning-CUDA/03_hadamard_tc/a962695448-rgb/platforms/metax/hadamard_api.cu:225:36: warning: '__shfl_xor' is deprecated [-Wdeprecated-declarations]
                const float peer = __shfl_xor(values[r], 1, width);
                                   ^
/data/infinitensor-2026/Learning-CUDA/03_hadamard_tc/a962695448-rgb/platforms/metax/hadamard_api.cu:252:9: note: in instantiation of function template specialization 'hadamard::metax::(anonymous namespace)::warp64_kernel<__half, false, true, 8>' requested here
        LAUNCH_WARP64(8);
        ^
/data/infinitensor-2026/Learning-CUDA/03_hadamard_tc/a962695448-rgb/platforms/metax/hadamard_api.cu:245:9: note: expanded from macro 'LAUNCH_WARP64'
        warp64_kernel<T, Transform, Quantize, N><<<blocks, 256, 0, stream>>>( \
        ^
/data/infinitensor-2026/Learning-CUDA/03_hadamard_tc/a962695448-rgb/platforms/metax/hadamard_api.cu:311:16: note: in instantiation of function template specialization 'hadamard::metax::(anonymous namespace)::launch_warp64<__half, false, true>' requested here
        return launch_warp64<T, Transform, Quantize>(input, output, packed, scales, rows, n, scale, stream);
               ^
/data/infinitensor-2026/Learning-CUDA/03_hadamard_tc/a962695448-rgb/platforms/metax/hadamard_api.cu:347:1: note: in instantiation of function template specialization 'hadamard::metax::(anonymous namespace)::launch<__half, false, true>' requested here
DEFINE_TYPED_API(__half)
^
/data/infinitensor-2026/Learning-CUDA/03_hadamard_tc/a962695448-rgb/platforms/metax/hadamard_api.cu:340:12: note: expanded from macro 'DEFINE_TYPED_API'
    return launch<T, false, true>(input, nullptr, packed, scales, rows, n, 1.0f, stream, method); \
           ^
/opt/maca-3.0.0/mxgpu_llvm/lib/clang/12.0.0/include/__clang_maca_device_functions.h:2146:3: note: '__shfl_xor' has been explicitly marked deprecated here
[[deprecated]] __device__ MACA_INLINE float __shfl_xor(float var, int laneMask,
  ^
/data/infinitensor-2026/Learning-CUDA/03_hadamard_tc/a962695448-rgb/platforms/metax/hadamard_api.cu:225:36: warning: '__shfl_xor' is deprecated [-Wdeprecated-declarations]
                const float peer = __shfl_xor(values[r], 1, width);
                                   ^
/data/infinitensor-2026/Learning-CUDA/03_hadamard_tc/a962695448-rgb/platforms/metax/hadamard_api.cu:253:9: note: in instantiation of function template specialization 'hadamard::metax::(anonymous namespace)::warp64_kernel<__half, false, true, 16>' requested here
        LAUNCH_WARP64(16);
        ^
/data/infinitensor-2026/Learning-CUDA/03_hadamard_tc/a962695448-rgb/platforms/metax/hadamard_api.cu:245:9: note: expanded from macro 'LAUNCH_WARP64'
        warp64_kernel<T, Transform, Quantize, N><<<blocks, 256, 0, stream>>>( \
        ^
/data/infinitensor-2026/Learning-CUDA/03_hadamard_tc/a962695448-rgb/platforms/metax/hadamard_api.cu:311:16: note: in instantiation of function template specialization 'hadamard::metax::(anonymous namespace)::launch_warp64<__half, false, true>' requested here
        return launch_warp64<T, Transform, Quantize>(input, output, packed, scales, rows, n, scale, stream);
               ^
/data/infinitensor-2026/Learning-CUDA/03_hadamard_tc/a962695448-rgb/platforms/metax/hadamard_api.cu:347:1: note: in instantiation of function template specialization 'hadamard::metax::(anonymous namespace)::launch<__half, false, true>' requested here
DEFINE_TYPED_API(__half)
^
/data/infinitensor-2026/Learning-CUDA/03_hadamard_tc/a962695448-rgb/platforms/metax/hadamard_api.cu:340:12: note: expanded from macro 'DEFINE_TYPED_API'
    return launch<T, false, true>(input, nullptr, packed, scales, rows, n, 1.0f, stream, method); \
           ^
/opt/maca-3.0.0/mxgpu_llvm/lib/clang/12.0.0/include/__clang_maca_device_functions.h:2146:3: note: '__shfl_xor' has been explicitly marked deprecated here
[[deprecated]] __device__ MACA_INLINE float __shfl_xor(float var, int laneMask,
  ^
/data/infinitensor-2026/Learning-CUDA/03_hadamard_tc/a962695448-rgb/platforms/metax/hadamard_api.cu:225:36: warning: '__shfl_xor' is deprecated [-Wdeprecated-declarations]
                const float peer = __shfl_xor(values[r], 1, width);
                                   ^
/data/infinitensor-2026/Learning-CUDA/03_hadamard_tc/a962695448-rgb/platforms/metax/hadamard_api.cu:254:9: note: in instantiation of function template specialization 'hadamard::metax::(anonymous namespace)::warp64_kernel<__half, false, true, 32>' requested here
        LAUNCH_WARP64(32);
        ^
/data/infinitensor-2026/Learning-CUDA/03_hadamard_tc/a962695448-rgb/platforms/metax/hadamard_api.cu:245:9: note: expanded from macro 'LAUNCH_WARP64'
        warp64_kernel<T, Transform, Quantize, N><<<blocks, 256, 0, stream>>>( \
        ^
/data/infinitensor-2026/Learning-CUDA/03_hadamard_tc/a962695448-rgb/platforms/metax/hadamard_api.cu:311:16: note: in instantiation of function template specialization 'hadamard::metax::(anonymous namespace)::launch_warp64<__half, false, true>' requested here
        return launch_warp64<T, Transform, Quantize>(input, output, packed, scales, rows, n, scale, stream);
               ^
/data/infinitensor-2026/Learning-CUDA/03_hadamard_tc/a962695448-rgb/platforms/metax/hadamard_api.cu:347:1: note: in instantiation of function template specialization 'hadamard::metax::(anonymous namespace)::launch<__half, false, true>' requested here
DEFINE_TYPED_API(__half)
^
/data/infinitensor-2026/Learning-CUDA/03_hadamard_tc/a962695448-rgb/platforms/metax/hadamard_api.cu:340:12: note: expanded from macro 'DEFINE_TYPED_API'
    return launch<T, false, true>(input, nullptr, packed, scales, rows, n, 1.0f, stream, method); \
           ^
/opt/maca-3.0.0/mxgpu_llvm/lib/clang/12.0.0/include/__clang_maca_device_functions.h:2146:3: note: '__shfl_xor' has been explicitly marked deprecated here
[[deprecated]] __device__ MACA_INLINE float __shfl_xor(float var, int laneMask,
  ^
/data/infinitensor-2026/Learning-CUDA/03_hadamard_tc/a962695448-rgb/platforms/metax/hadamard_api.cu:225:36: warning: '__shfl_xor' is deprecated [-Wdeprecated-declarations]
                const float peer = __shfl_xor(values[r], 1, width);
                                   ^
/data/infinitensor-2026/Learning-CUDA/03_hadamard_tc/a962695448-rgb/platforms/metax/hadamard_api.cu:255:9: note: in instantiation of function template specialization 'hadamard::metax::(anonymous namespace)::warp64_kernel<__half, false, true, 64>' requested here
        LAUNCH_WARP64(64);
        ^
/data/infinitensor-2026/Learning-CUDA/03_hadamard_tc/a962695448-rgb/platforms/metax/hadamard_api.cu:245:9: note: expanded from macro 'LAUNCH_WARP64'
        warp64_kernel<T, Transform, Quantize, N><<<blocks, 256, 0, stream>>>( \
        ^
/data/infinitensor-2026/Learning-CUDA/03_hadamard_tc/a962695448-rgb/platforms/metax/hadamard_api.cu:311:16: note: in instantiation of function template specialization 'hadamard::metax::(anonymous namespace)::launch_warp64<__half, false, true>' requested here
        return launch_warp64<T, Transform, Quantize>(input, output, packed, scales, rows, n, scale, stream);
               ^
/data/infinitensor-2026/Learning-CUDA/03_hadamard_tc/a962695448-rgb/platforms/metax/hadamard_api.cu:347:1: note: in instantiation of function template specialization 'hadamard::metax::(anonymous namespace)::launch<__half, false, true>' requested here
DEFINE_TYPED_API(__half)
^
/data/infinitensor-2026/Learning-CUDA/03_hadamard_tc/a962695448-rgb/platforms/metax/hadamard_api.cu:340:12: note: expanded from macro 'DEFINE_TYPED_API'
    return launch<T, false, true>(input, nullptr, packed, scales, rows, n, 1.0f, stream, method); \
           ^
/opt/maca-3.0.0/mxgpu_llvm/lib/clang/12.0.0/include/__clang_maca_device_functions.h:2146:3: note: '__shfl_xor' has been explicitly marked deprecated here
[[deprecated]] __device__ MACA_INLINE float __shfl_xor(float var, int laneMask,
  ^
/data/infinitensor-2026/Learning-CUDA/03_hadamard_tc/a962695448-rgb/platforms/metax/hadamard_api.cu:225:36: warning: '__shfl_xor' is deprecated [-Wdeprecated-declarations]
                const float peer = __shfl_xor(values[r], 1, width);
                                   ^
/data/infinitensor-2026/Learning-CUDA/03_hadamard_tc/a962695448-rgb/platforms/metax/hadamard_api.cu:256:9: note: in instantiation of function template specialization 'hadamard::metax::(anonymous namespace)::warp64_kernel<__half, false, true, 128>' requested here
        LAUNCH_WARP64(128);
        ^
/data/infinitensor-2026/Learning-CUDA/03_hadamard_tc/a962695448-rgb/platforms/metax/hadamard_api.cu:245:9: note: expanded from macro 'LAUNCH_WARP64'
        warp64_kernel<T, Transform, Quantize, N><<<blocks, 256, 0, stream>>>( \
        ^
/data/infinitensor-2026/Learning-CUDA/03_hadamard_tc/a962695448-rgb/platforms/metax/hadamard_api.cu:311:16: note: in instantiation of function template specialization 'hadamard::metax::(anonymous namespace)::launch_warp64<__half, false, true>' requested here
        return launch_warp64<T, Transform, Quantize>(input, output, packed, scales, rows, n, scale, stream);
               ^
/data/infinitensor-2026/Learning-CUDA/03_hadamard_tc/a962695448-rgb/platforms/metax/hadamard_api.cu:347:1: note: in instantiation of function template specialization 'hadamard::metax::(anonymous namespace)::launch<__half, false, true>' requested here
DEFINE_TYPED_API(__half)
^
/data/infinitensor-2026/Learning-CUDA/03_hadamard_tc/a962695448-rgb/platforms/metax/hadamard_api.cu:340:12: note: expanded from macro 'DEFINE_TYPED_API'
    return launch<T, false, true>(input, nullptr, packed, scales, rows, n, 1.0f, stream, method); \
           ^
/opt/maca-3.0.0/mxgpu_llvm/lib/clang/12.0.0/include/__clang_maca_device_functions.h:2146:3: note: '__shfl_xor' has been explicitly marked deprecated here
[[deprecated]] __device__ MACA_INLINE float __shfl_xor(float var, int laneMask,
  ^
/data/infinitensor-2026/Learning-CUDA/03_hadamard_tc/a962695448-rgb/platforms/metax/hadamard_api.cu:225:36: warning: '__shfl_xor' is deprecated [-Wdeprecated-declarations]
                const float peer = __shfl_xor(values[r], 1, width);
                                   ^
/data/infinitensor-2026/Learning-CUDA/03_hadamard_tc/a962695448-rgb/platforms/metax/hadamard_api.cu:257:9: note: in instantiation of function template specialization 'hadamard::metax::(anonymous namespace)::warp64_kernel<__half, false, true, 256>' requested here
        LAUNCH_WARP64(256);
        ^
/data/infinitensor-2026/Learning-CUDA/03_hadamard_tc/a962695448-rgb/platforms/metax/hadamard_api.cu:245:9: note: expanded from macro 'LAUNCH_WARP64'
        warp64_kernel<T, Transform, Quantize, N><<<blocks, 256, 0, stream>>>( \
        ^
/data/infinitensor-2026/Learning-CUDA/03_hadamard_tc/a962695448-rgb/platforms/metax/hadamard_api.cu:311:16: note: in instantiation of function template specialization 'hadamard::metax::(anonymous namespace)::launch_warp64<__half, false, true>' requested here
        return launch_warp64<T, Transform, Quantize>(input, output, packed, scales, rows, n, scale, stream);
               ^
/data/infinitensor-2026/Learning-CUDA/03_hadamard_tc/a962695448-rgb/platforms/metax/hadamard_api.cu:347:1: note: in instantiation of function template specialization 'hadamard::metax::(anonymous namespace)::launch<__half, false, true>' requested here
DEFINE_TYPED_API(__half)
^
/data/infinitensor-2026/Learning-CUDA/03_hadamard_tc/a962695448-rgb/platforms/metax/hadamard_api.cu:340:12: note: expanded from macro 'DEFINE_TYPED_API'
    return launch<T, false, true>(input, nullptr, packed, scales, rows, n, 1.0f, stream, method); \
           ^
/opt/maca-3.0.0/mxgpu_llvm/lib/clang/12.0.0/include/__clang_maca_device_functions.h:2146:3: note: '__shfl_xor' has been explicitly marked deprecated here
[[deprecated]] __device__ MACA_INLINE float __shfl_xor(float var, int laneMask,
  ^
/data/infinitensor-2026/Learning-CUDA/03_hadamard_tc/a962695448-rgb/platforms/metax/hadamard_api.cu:225:36: warning: '__shfl_xor' is deprecated [-Wdeprecated-declarations]
                const float peer = __shfl_xor(values[r], 1, width);
                                   ^
/data/infinitensor-2026/Learning-CUDA/03_hadamard_tc/a962695448-rgb/platforms/metax/hadamard_api.cu:249:9: note: in instantiation of function template specialization 'hadamard::metax::(anonymous namespace)::warp64_kernel<__half, true, true, 1>' requested here
        LAUNCH_WARP64(1);
        ^
/data/infinitensor-2026/Learning-CUDA/03_hadamard_tc/a962695448-rgb/platforms/metax/hadamard_api.cu:245:9: note: expanded from macro 'LAUNCH_WARP64'
        warp64_kernel<T, Transform, Quantize, N><<<blocks, 256, 0, stream>>>( \
        ^
/data/infinitensor-2026/Learning-CUDA/03_hadamard_tc/a962695448-rgb/platforms/metax/hadamard_api.cu:311:16: note: in instantiation of function template specialization 'hadamard::metax::(anonymous namespace)::launch_warp64<__half, true, true>' requested here
        return launch_warp64<T, Transform, Quantize>(input, output, packed, scales, rows, n, scale, stream);
               ^
/data/infinitensor-2026/Learning-CUDA/03_hadamard_tc/a962695448-rgb/platforms/metax/hadamard_api.cu:347:1: note: in instantiation of function template specialization 'hadamard::metax::(anonymous namespace)::launch<__half, true, true>' requested here
DEFINE_TYPED_API(__half)
^
/data/infinitensor-2026/Learning-CUDA/03_hadamard_tc/a962695448-rgb/platforms/metax/hadamard_api.cu:344:12: note: expanded from macro 'DEFINE_TYPED_API'
    return launch<T, true, true>(input, nullptr, packed, scales, rows, n, scale, stream, method); \
           ^
/opt/maca-3.0.0/mxgpu_llvm/lib/clang/12.0.0/include/__clang_maca_device_functions.h:2146:3: note: '__shfl_xor' has been explicitly marked deprecated here
[[deprecated]] __device__ MACA_INLINE float __shfl_xor(float var, int laneMask,
  ^
/data/infinitensor-2026/Learning-CUDA/03_hadamard_tc/a962695448-rgb/platforms/metax/hadamard_api.cu:225:36: warning: '__shfl_xor' is deprecated [-Wdeprecated-declarations]
                const float peer = __shfl_xor(values[r], 1, width);
                                   ^
/data/infinitensor-2026/Learning-CUDA/03_hadamard_tc/a962695448-rgb/platforms/metax/hadamard_api.cu:250:9: note: in instantiation of function template specialization 'hadamard::metax::(anonymous namespace)::warp64_kernel<__half, true, true, 2>' requested here
        LAUNCH_WARP64(2);
        ^
/data/infinitensor-2026/Learning-CUDA/03_hadamard_tc/a962695448-rgb/platforms/metax/hadamard_api.cu:245:9: note: expanded from macro 'LAUNCH_WARP64'
        warp64_kernel<T, Transform, Quantize, N><<<blocks, 256, 0, stream>>>( \
        ^
/data/infinitensor-2026/Learning-CUDA/03_hadamard_tc/a962695448-rgb/platforms/metax/hadamard_api.cu:311:16: note: in instantiation of function template specialization 'hadamard::metax::(anonymous namespace)::launch_warp64<__half, true, true>' requested here
        return launch_warp64<T, Transform, Quantize>(input, output, packed, scales, rows, n, scale, stream);
               ^
/data/infinitensor-2026/Learning-CUDA/03_hadamard_tc/a962695448-rgb/platforms/metax/hadamard_api.cu:347:1: note: in instantiation of function template specialization 'hadamard::metax::(anonymous namespace)::launch<__half, true, true>' requested here
DEFINE_TYPED_API(__half)
^
/data/infinitensor-2026/Learning-CUDA/03_hadamard_tc/a962695448-rgb/platforms/metax/hadamard_api.cu:344:12: note: expanded from macro 'DEFINE_TYPED_API'
    return launch<T, true, true>(input, nullptr, packed, scales, rows, n, scale, stream, method); \
           ^
/opt/maca-3.0.0/mxgpu_llvm/lib/clang/12.0.0/include/__clang_maca_device_functions.h:2146:3: note: '__shfl_xor' has been explicitly marked deprecated here
[[deprecated]] __device__ MACA_INLINE float __shfl_xor(float var, int laneMask,
  ^
/data/infinitensor-2026/Learning-CUDA/03_hadamard_tc/a962695448-rgb/platforms/metax/hadamard_api.cu:225:36: warning: '__shfl_xor' is deprecated [-Wdeprecated-declarations]
                const float peer = __shfl_xor(values[r], 1, width);
                                   ^
/data/infinitensor-2026/Learning-CUDA/03_hadamard_tc/a962695448-rgb/platforms/metax/hadamard_api.cu:251:9: note: in instantiation of function template specialization 'hadamard::metax::(anonymous namespace)::warp64_kernel<__half, true, true, 4>' requested here
        LAUNCH_WARP64(4);
        ^
/data/infinitensor-2026/Learning-CUDA/03_hadamard_tc/a962695448-rgb/platforms/metax/hadamard_api.cu:245:9: note: expanded from macro 'LAUNCH_WARP64'
        warp64_kernel<T, Transform, Quantize, N><<<blocks, 256, 0, stream>>>( \
        ^
/data/infinitensor-2026/Learning-CUDA/03_hadamard_tc/a962695448-rgb/platforms/metax/hadamard_api.cu:311:16: note: in instantiation of function template specialization 'hadamard::metax::(anonymous namespace)::launch_warp64<__half, true, true>' requested here
        return launch_warp64<T, Transform, Quantize>(input, output, packed, scales, rows, n, scale, stream);
               ^
/data/infinitensor-2026/Learning-CUDA/03_hadamard_tc/a962695448-rgb/platforms/metax/hadamard_api.cu:347:1: note: in instantiation of function template specialization 'hadamard::metax::(anonymous namespace)::launch<__half, true, true>' requested here
DEFINE_TYPED_API(__half)
^
/data/infinitensor-2026/Learning-CUDA/03_hadamard_tc/a962695448-rgb/platforms/metax/hadamard_api.cu:344:12: note: expanded from macro 'DEFINE_TYPED_API'
    return launch<T, true, true>(input, nullptr, packed, scales, rows, n, scale, stream, method); \
           ^
/opt/maca-3.0.0/mxgpu_llvm/lib/clang/12.0.0/include/__clang_maca_device_functions.h:2146:3: note: '__shfl_xor' has been explicitly marked deprecated here
[[deprecated]] __device__ MACA_INLINE float __shfl_xor(float var, int laneMask,
  ^
/data/infinitensor-2026/Learning-CUDA/03_hadamard_tc/a962695448-rgb/platforms/metax/hadamard_api.cu:225:36: warning: '__shfl_xor' is deprecated [-Wdeprecated-declarations]
                const float peer = __shfl_xor(values[r], 1, width);
                                   ^
/data/infinitensor-2026/Learning-CUDA/03_hadamard_tc/a962695448-rgb/platforms/metax/hadamard_api.cu:252:9: note: in instantiation of function template specialization 'hadamard::metax::(anonymous namespace)::warp64_kernel<__half, true, true, 8>' requested here
        LAUNCH_WARP64(8);
        ^
/data/infinitensor-2026/Learning-CUDA/03_hadamard_tc/a962695448-rgb/platforms/metax/hadamard_api.cu:245:9: note: expanded from macro 'LAUNCH_WARP64'
        warp64_kernel<T, Transform, Quantize, N><<<blocks, 256, 0, stream>>>( \
        ^
/data/infinitensor-2026/Learning-CUDA/03_hadamard_tc/a962695448-rgb/platforms/metax/hadamard_api.cu:311:16: note: in instantiation of function template specialization 'hadamard::metax::(anonymous namespace)::launch_warp64<__half, true, true>' requested here
        return launch_warp64<T, Transform, Quantize>(input, output, packed, scales, rows, n, scale, stream);
               ^
/data/infinitensor-2026/Learning-CUDA/03_hadamard_tc/a962695448-rgb/platforms/metax/hadamard_api.cu:347:1: note: in instantiation of function template specialization 'hadamard::metax::(anonymous namespace)::launch<__half, true, true>' requested here
DEFINE_TYPED_API(__half)
^
/data/infinitensor-2026/Learning-CUDA/03_hadamard_tc/a962695448-rgb/platforms/metax/hadamard_api.cu:344:12: note: expanded from macro 'DEFINE_TYPED_API'
    return launch<T, true, true>(input, nullptr, packed, scales, rows, n, scale, stream, method); \
           ^
/opt/maca-3.0.0/mxgpu_llvm/lib/clang/12.0.0/include/__clang_maca_device_functions.h:2146:3: note: '__shfl_xor' has been explicitly marked deprecated here
[[deprecated]] __device__ MACA_INLINE float __shfl_xor(float var, int laneMask,
  ^
/data/infinitensor-2026/Learning-CUDA/03_hadamard_tc/a962695448-rgb/platforms/metax/hadamard_api.cu:225:36: warning: '__shfl_xor' is deprecated [-Wdeprecated-declarations]
                const float peer = __shfl_xor(values[r], 1, width);
                                   ^
/data/infinitensor-2026/Learning-CUDA/03_hadamard_tc/a962695448-rgb/platforms/metax/hadamard_api.cu:253:9: note: in instantiation of function template specialization 'hadamard::metax::(anonymous namespace)::warp64_kernel<__half, true, true, 16>' requested here
        LAUNCH_WARP64(16);
        ^
/data/infinitensor-2026/Learning-CUDA/03_hadamard_tc/a962695448-rgb/platforms/metax/hadamard_api.cu:245:9: note: expanded from macro 'LAUNCH_WARP64'
        warp64_kernel<T, Transform, Quantize, N><<<blocks, 256, 0, stream>>>( \
        ^
/data/infinitensor-2026/Learning-CUDA/03_hadamard_tc/a962695448-rgb/platforms/metax/hadamard_api.cu:311:16: note: in instantiation of function template specialization 'hadamard::metax::(anonymous namespace)::launch_warp64<__half, true, true>' requested here
        return launch_warp64<T, Transform, Quantize>(input, output, packed, scales, rows, n, scale, stream);
               ^
/data/infinitensor-2026/Learning-CUDA/03_hadamard_tc/a962695448-rgb/platforms/metax/hadamard_api.cu:347:1: note: in instantiation of function template specialization 'hadamard::metax::(anonymous namespace)::launch<__half, true, true>' requested here
DEFINE_TYPED_API(__half)
^
/data/infinitensor-2026/Learning-CUDA/03_hadamard_tc/a962695448-rgb/platforms/metax/hadamard_api.cu:344:12: note: expanded from macro 'DEFINE_TYPED_API'
    return launch<T, true, true>(input, nullptr, packed, scales, rows, n, scale, stream, method); \
           ^
/opt/maca-3.0.0/mxgpu_llvm/lib/clang/12.0.0/include/__clang_maca_device_functions.h:2146:3: note: '__shfl_xor' has been explicitly marked deprecated here
[[deprecated]] __device__ MACA_INLINE float __shfl_xor(float var, int laneMask,
  ^
/data/infinitensor-2026/Learning-CUDA/03_hadamard_tc/a962695448-rgb/platforms/metax/hadamard_api.cu:225:36: warning: '__shfl_xor' is deprecated [-Wdeprecated-declarations]
                const float peer = __shfl_xor(values[r], 1, width);
                                   ^
/data/infinitensor-2026/Learning-CUDA/03_hadamard_tc/a962695448-rgb/platforms/metax/hadamard_api.cu:254:9: note: in instantiation of function template specialization 'hadamard::metax::(anonymous namespace)::warp64_kernel<__half, true, true, 32>' requested here
        LAUNCH_WARP64(32);
        ^
/data/infinitensor-2026/Learning-CUDA/03_hadamard_tc/a962695448-rgb/platforms/metax/hadamard_api.cu:245:9: note: expanded from macro 'LAUNCH_WARP64'
        warp64_kernel<T, Transform, Quantize, N><<<blocks, 256, 0, stream>>>( \
        ^
/data/infinitensor-2026/Learning-CUDA/03_hadamard_tc/a962695448-rgb/platforms/metax/hadamard_api.cu:311:16: note: in instantiation of function template specialization 'hadamard::metax::(anonymous namespace)::launch_warp64<__half, true, true>' requested here
        return launch_warp64<T, Transform, Quantize>(input, output, packed, scales, rows, n, scale, stream);
               ^
/data/infinitensor-2026/Learning-CUDA/03_hadamard_tc/a962695448-rgb/platforms/metax/hadamard_api.cu:347:1: note: in instantiation of function template specialization 'hadamard::metax::(anonymous namespace)::launch<__half, true, true>' requested here
DEFINE_TYPED_API(__half)
^
/data/infinitensor-2026/Learning-CUDA/03_hadamard_tc/a962695448-rgb/platforms/metax/hadamard_api.cu:344:12: note: expanded from macro 'DEFINE_TYPED_API'
    return launch<T, true, true>(input, nullptr, packed, scales, rows, n, scale, stream, method); \
           ^
/opt/maca-3.0.0/mxgpu_llvm/lib/clang/12.0.0/include/__clang_maca_device_functions.h:2146:3: note: '__shfl_xor' has been explicitly marked deprecated here
[[deprecated]] __device__ MACA_INLINE float __shfl_xor(float var, int laneMask,
  ^
/data/infinitensor-2026/Learning-CUDA/03_hadamard_tc/a962695448-rgb/platforms/metax/hadamard_api.cu:225:36: warning: '__shfl_xor' is deprecated [-Wdeprecated-declarations]
                const float peer = __shfl_xor(values[r], 1, width);
                                   ^
/data/infinitensor-2026/Learning-CUDA/03_hadamard_tc/a962695448-rgb/platforms/metax/hadamard_api.cu:255:9: note: in instantiation of function template specialization 'hadamard::metax::(anonymous namespace)::warp64_kernel<__half, true, true, 64>' requested here
        LAUNCH_WARP64(64);
        ^
/data/infinitensor-2026/Learning-CUDA/03_hadamard_tc/a962695448-rgb/platforms/metax/hadamard_api.cu:245:9: note: expanded from macro 'LAUNCH_WARP64'
        warp64_kernel<T, Transform, Quantize, N><<<blocks, 256, 0, stream>>>( \
        ^
/data/infinitensor-2026/Learning-CUDA/03_hadamard_tc/a962695448-rgb/platforms/metax/hadamard_api.cu:311:16: note: in instantiation of function template specialization 'hadamard::metax::(anonymous namespace)::launch_warp64<__half, true, true>' requested here
        return launch_warp64<T, Transform, Quantize>(input, output, packed, scales, rows, n, scale, stream);
               ^
/data/infinitensor-2026/Learning-CUDA/03_hadamard_tc/a962695448-rgb/platforms/metax/hadamard_api.cu:347:1: note: in instantiation of function template specialization 'hadamard::metax::(anonymous namespace)::launch<__half, true, true>' requested here
DEFINE_TYPED_API(__half)
^
/data/infinitensor-2026/Learning-CUDA/03_hadamard_tc/a962695448-rgb/platforms/metax/hadamard_api.cu:344:12: note: expanded from macro 'DEFINE_TYPED_API'
    return launch<T, true, true>(input, nullptr, packed, scales, rows, n, scale, stream, method); \
           ^
/opt/maca-3.0.0/mxgpu_llvm/lib/clang/12.0.0/include/__clang_maca_device_functions.h:2146:3: note: '__shfl_xor' has been explicitly marked deprecated here
[[deprecated]] __device__ MACA_INLINE float __shfl_xor(float var, int laneMask,
  ^
/data/infinitensor-2026/Learning-CUDA/03_hadamard_tc/a962695448-rgb/platforms/metax/hadamard_api.cu:225:36: warning: '__shfl_xor' is deprecated [-Wdeprecated-declarations]
                const float peer = __shfl_xor(values[r], 1, width);
                                   ^
/data/infinitensor-2026/Learning-CUDA/03_hadamard_tc/a962695448-rgb/platforms/metax/hadamard_api.cu:256:9: note: in instantiation of function template specialization 'hadamard::metax::(anonymous namespace)::warp64_kernel<__half, true, true, 128>' requested here
        LAUNCH_WARP64(128);
        ^
/data/infinitensor-2026/Learning-CUDA/03_hadamard_tc/a962695448-rgb/platforms/metax/hadamard_api.cu:245:9: note: expanded from macro 'LAUNCH_WARP64'
        warp64_kernel<T, Transform, Quantize, N><<<blocks, 256, 0, stream>>>( \
        ^
/data/infinitensor-2026/Learning-CUDA/03_hadamard_tc/a962695448-rgb/platforms/metax/hadamard_api.cu:311:16: note: in instantiation of function template specialization 'hadamard::metax::(anonymous namespace)::launch_warp64<__half, true, true>' requested here
        return launch_warp64<T, Transform, Quantize>(input, output, packed, scales, rows, n, scale, stream);
               ^
/data/infinitensor-2026/Learning-CUDA/03_hadamard_tc/a962695448-rgb/platforms/metax/hadamard_api.cu:347:1: note: in instantiation of function template specialization 'hadamard::metax::(anonymous namespace)::launch<__half, true, true>' requested here
DEFINE_TYPED_API(__half)
^
/data/infinitensor-2026/Learning-CUDA/03_hadamard_tc/a962695448-rgb/platforms/metax/hadamard_api.cu:344:12: note: expanded from macro 'DEFINE_TYPED_API'
    return launch<T, true, true>(input, nullptr, packed, scales, rows, n, scale, stream, method); \
           ^
/opt/maca-3.0.0/mxgpu_llvm/lib/clang/12.0.0/include/__clang_maca_device_functions.h:2146:3: note: '__shfl_xor' has been explicitly marked deprecated here
[[deprecated]] __device__ MACA_INLINE float __shfl_xor(float var, int laneMask,
  ^
/data/infinitensor-2026/Learning-CUDA/03_hadamard_tc/a962695448-rgb/platforms/metax/hadamard_api.cu:225:36: warning: '__shfl_xor' is deprecated [-Wdeprecated-declarations]
                const float peer = __shfl_xor(values[r], 1, width);
                                   ^
/data/infinitensor-2026/Learning-CUDA/03_hadamard_tc/a962695448-rgb/platforms/metax/hadamard_api.cu:257:9: note: in instantiation of function template specialization 'hadamard::metax::(anonymous namespace)::warp64_kernel<__half, true, true, 256>' requested here
        LAUNCH_WARP64(256);
        ^
/data/infinitensor-2026/Learning-CUDA/03_hadamard_tc/a962695448-rgb/platforms/metax/hadamard_api.cu:245:9: note: expanded from macro 'LAUNCH_WARP64'
        warp64_kernel<T, Transform, Quantize, N><<<blocks, 256, 0, stream>>>( \
        ^
/data/infinitensor-2026/Learning-CUDA/03_hadamard_tc/a962695448-rgb/platforms/metax/hadamard_api.cu:311:16: note: in instantiation of function template specialization 'hadamard::metax::(anonymous namespace)::launch_warp64<__half, true, true>' requested here
        return launch_warp64<T, Transform, Quantize>(input, output, packed, scales, rows, n, scale, stream);
               ^
/data/infinitensor-2026/Learning-CUDA/03_hadamard_tc/a962695448-rgb/platforms/metax/hadamard_api.cu:347:1: note: in instantiation of function template specialization 'hadamard::metax::(anonymous namespace)::launch<__half, true, true>' requested here
DEFINE_TYPED_API(__half)
^
/data/infinitensor-2026/Learning-CUDA/03_hadamard_tc/a962695448-rgb/platforms/metax/hadamard_api.cu:344:12: note: expanded from macro 'DEFINE_TYPED_API'
    return launch<T, true, true>(input, nullptr, packed, scales, rows, n, scale, stream, method); \
           ^
/opt/maca-3.0.0/mxgpu_llvm/lib/clang/12.0.0/include/__clang_maca_device_functions.h:2146:3: note: '__shfl_xor' has been explicitly marked deprecated here
[[deprecated]] __device__ MACA_INLINE float __shfl_xor(float var, int laneMask,
  ^
/data/infinitensor-2026/Learning-CUDA/03_hadamard_tc/a962695448-rgb/platforms/metax/hadamard_api.cu:225:36: warning: '__shfl_xor' is deprecated [-Wdeprecated-declarations]
                const float peer = __shfl_xor(values[r], 1, width);
                                   ^
/data/infinitensor-2026/Learning-CUDA/03_hadamard_tc/a962695448-rgb/platforms/metax/hadamard_api.cu:249:9: note: in instantiation of function template specialization 'hadamard::metax::(anonymous namespace)::warp64_kernel<__maca_bfloat16, false, true, 1>' requested here
        LAUNCH_WARP64(1);
        ^
/data/infinitensor-2026/Learning-CUDA/03_hadamard_tc/a962695448-rgb/platforms/metax/hadamard_api.cu:245:9: note: expanded from macro 'LAUNCH_WARP64'
        warp64_kernel<T, Transform, Quantize, N><<<blocks, 256, 0, stream>>>( \
        ^
/data/infinitensor-2026/Learning-CUDA/03_hadamard_tc/a962695448-rgb/platforms/metax/hadamard_api.cu:311:16: note: in instantiation of function template specialization 'hadamard::metax::(anonymous namespace)::launch_warp64<__maca_bfloat16, false, true>' requested here
        return launch_warp64<T, Transform, Quantize>(input, output, packed, scales, rows, n, scale, stream);
               ^
/data/infinitensor-2026/Learning-CUDA/03_hadamard_tc/a962695448-rgb/platforms/metax/hadamard_api.cu:348:1: note: in instantiation of function template specialization 'hadamard::metax::(anonymous namespace)::launch<__maca_bfloat16, false, true>' requested here
DEFINE_TYPED_API(__nv_bfloat16)
^
/data/infinitensor-2026/Learning-CUDA/03_hadamard_tc/a962695448-rgb/platforms/metax/hadamard_api.cu:340:12: note: expanded from macro 'DEFINE_TYPED_API'
    return launch<T, false, true>(input, nullptr, packed, scales, rows, n, 1.0f, stream, method); \
           ^
/opt/maca-3.0.0/mxgpu_llvm/lib/clang/12.0.0/include/__clang_maca_device_functions.h:2146:3: note: '__shfl_xor' has been explicitly marked deprecated here
[[deprecated]] __device__ MACA_INLINE float __shfl_xor(float var, int laneMask,
  ^
/data/infinitensor-2026/Learning-CUDA/03_hadamard_tc/a962695448-rgb/platforms/metax/hadamard_api.cu:225:36: warning: '__shfl_xor' is deprecated [-Wdeprecated-declarations]
                const float peer = __shfl_xor(values[r], 1, width);
                                   ^
/data/infinitensor-2026/Learning-CUDA/03_hadamard_tc/a962695448-rgb/platforms/metax/hadamard_api.cu:250:9: note: in instantiation of function template specialization 'hadamard::metax::(anonymous namespace)::warp64_kernel<__maca_bfloat16, false, true, 2>' requested here
        LAUNCH_WARP64(2);
        ^
/data/infinitensor-2026/Learning-CUDA/03_hadamard_tc/a962695448-rgb/platforms/metax/hadamard_api.cu:245:9: note: expanded from macro 'LAUNCH_WARP64'
        warp64_kernel<T, Transform, Quantize, N><<<blocks, 256, 0, stream>>>( \
        ^
/data/infinitensor-2026/Learning-CUDA/03_hadamard_tc/a962695448-rgb/platforms/metax/hadamard_api.cu:311:16: note: in instantiation of function template specialization 'hadamard::metax::(anonymous namespace)::launch_warp64<__maca_bfloat16, false, true>' requested here
        return launch_warp64<T, Transform, Quantize>(input, output, packed, scales, rows, n, scale, stream);
               ^
/data/infinitensor-2026/Learning-CUDA/03_hadamard_tc/a962695448-rgb/platforms/metax/hadamard_api.cu:348:1: note: in instantiation of function template specialization 'hadamard::metax::(anonymous namespace)::launch<__maca_bfloat16, false, true>' requested here
DEFINE_TYPED_API(__nv_bfloat16)
^
/data/infinitensor-2026/Learning-CUDA/03_hadamard_tc/a962695448-rgb/platforms/metax/hadamard_api.cu:340:12: note: expanded from macro 'DEFINE_TYPED_API'
    return launch<T, false, true>(input, nullptr, packed, scales, rows, n, 1.0f, stream, method); \
           ^
/opt/maca-3.0.0/mxgpu_llvm/lib/clang/12.0.0/include/__clang_maca_device_functions.h:2146:3: note: '__shfl_xor' has been explicitly marked deprecated here
[[deprecated]] __device__ MACA_INLINE float __shfl_xor(float var, int laneMask,
  ^
/data/infinitensor-2026/Learning-CUDA/03_hadamard_tc/a962695448-rgb/platforms/metax/hadamard_api.cu:225:36: warning: '__shfl_xor' is deprecated [-Wdeprecated-declarations]
                const float peer = __shfl_xor(values[r], 1, width);
                                   ^
/data/infinitensor-2026/Learning-CUDA/03_hadamard_tc/a962695448-rgb/platforms/metax/hadamard_api.cu:251:9: note: in instantiation of function template specialization 'hadamard::metax::(anonymous namespace)::warp64_kernel<__maca_bfloat16, false, true, 4>' requested here
        LAUNCH_WARP64(4);
        ^
/data/infinitensor-2026/Learning-CUDA/03_hadamard_tc/a962695448-rgb/platforms/metax/hadamard_api.cu:245:9: note: expanded from macro 'LAUNCH_WARP64'
        warp64_kernel<T, Transform, Quantize, N><<<blocks, 256, 0, stream>>>( \
        ^
/data/infinitensor-2026/Learning-CUDA/03_hadamard_tc/a962695448-rgb/platforms/metax/hadamard_api.cu:311:16: note: in instantiation of function template specialization 'hadamard::metax::(anonymous namespace)::launch_warp64<__maca_bfloat16, false, true>' requested here
        return launch_warp64<T, Transform, Quantize>(input, output, packed, scales, rows, n, scale, stream);
               ^
/data/infinitensor-2026/Learning-CUDA/03_hadamard_tc/a962695448-rgb/platforms/metax/hadamard_api.cu:348:1: note: in instantiation of function template specialization 'hadamard::metax::(anonymous namespace)::launch<__maca_bfloat16, false, true>' requested here
DEFINE_TYPED_API(__nv_bfloat16)
^
/data/infinitensor-2026/Learning-CUDA/03_hadamard_tc/a962695448-rgb/platforms/metax/hadamard_api.cu:340:12: note: expanded from macro 'DEFINE_TYPED_API'
    return launch<T, false, true>(input, nullptr, packed, scales, rows, n, 1.0f, stream, method); \
           ^
/opt/maca-3.0.0/mxgpu_llvm/lib/clang/12.0.0/include/__clang_maca_device_functions.h:2146:3: note: '__shfl_xor' has been explicitly marked deprecated here
[[deprecated]] __device__ MACA_INLINE float __shfl_xor(float var, int laneMask,
  ^
/data/infinitensor-2026/Learning-CUDA/03_hadamard_tc/a962695448-rgb/platforms/metax/hadamard_api.cu:225:36: warning: '__shfl_xor' is deprecated [-Wdeprecated-declarations]
                const float peer = __shfl_xor(values[r], 1, width);
                                   ^
/data/infinitensor-2026/Learning-CUDA/03_hadamard_tc/a962695448-rgb/platforms/metax/hadamard_api.cu:252:9: note: in instantiation of function template specialization 'hadamard::metax::(anonymous namespace)::warp64_kernel<__maca_bfloat16, false, true, 8>' requested here
        LAUNCH_WARP64(8);
        ^
/data/infinitensor-2026/Learning-CUDA/03_hadamard_tc/a962695448-rgb/platforms/metax/hadamard_api.cu:245:9: note: expanded from macro 'LAUNCH_WARP64'
        warp64_kernel<T, Transform, Quantize, N><<<blocks, 256, 0, stream>>>( \
        ^
/data/infinitensor-2026/Learning-CUDA/03_hadamard_tc/a962695448-rgb/platforms/metax/hadamard_api.cu:311:16: note: in instantiation of function template specialization 'hadamard::metax::(anonymous namespace)::launch_warp64<__maca_bfloat16, false, true>' requested here
        return launch_warp64<T, Transform, Quantize>(input, output, packed, scales, rows, n, scale, stream);
               ^
/data/infinitensor-2026/Learning-CUDA/03_hadamard_tc/a962695448-rgb/platforms/metax/hadamard_api.cu:348:1: note: in instantiation of function template specialization 'hadamard::metax::(anonymous namespace)::launch<__maca_bfloat16, false, true>' requested here
DEFINE_TYPED_API(__nv_bfloat16)
^
/data/infinitensor-2026/Learning-CUDA/03_hadamard_tc/a962695448-rgb/platforms/metax/hadamard_api.cu:340:12: note: expanded from macro 'DEFINE_TYPED_API'
    return launch<T, false, true>(input, nullptr, packed, scales, rows, n, 1.0f, stream, method); \
           ^
/opt/maca-3.0.0/mxgpu_llvm/lib/clang/12.0.0/include/__clang_maca_device_functions.h:2146:3: note: '__shfl_xor' has been explicitly marked deprecated here
[[deprecated]] __device__ MACA_INLINE float __shfl_xor(float var, int laneMask,
  ^
/data/infinitensor-2026/Learning-CUDA/03_hadamard_tc/a962695448-rgb/platforms/metax/hadamard_api.cu:225:36: warning: '__shfl_xor' is deprecated [-Wdeprecated-declarations]
                const float peer = __shfl_xor(values[r], 1, width);
                                   ^
/data/infinitensor-2026/Learning-CUDA/03_hadamard_tc/a962695448-rgb/platforms/metax/hadamard_api.cu:253:9: note: in instantiation of function template specialization 'hadamard::metax::(anonymous namespace)::warp64_kernel<__maca_bfloat16, false, true, 16>' requested here
        LAUNCH_WARP64(16);
        ^
/data/infinitensor-2026/Learning-CUDA/03_hadamard_tc/a962695448-rgb/platforms/metax/hadamard_api.cu:245:9: note: expanded from macro 'LAUNCH_WARP64'
        warp64_kernel<T, Transform, Quantize, N><<<blocks, 256, 0, stream>>>( \
        ^
/data/infinitensor-2026/Learning-CUDA/03_hadamard_tc/a962695448-rgb/platforms/metax/hadamard_api.cu:311:16: note: in instantiation of function template specialization 'hadamard::metax::(anonymous namespace)::launch_warp64<__maca_bfloat16, false, true>' requested here
        return launch_warp64<T, Transform, Quantize>(input, output, packed, scales, rows, n, scale, stream);
               ^
/data/infinitensor-2026/Learning-CUDA/03_hadamard_tc/a962695448-rgb/platforms/metax/hadamard_api.cu:348:1: note: in instantiation of function template specialization 'hadamard::metax::(anonymous namespace)::launch<__maca_bfloat16, false, true>' requested here
DEFINE_TYPED_API(__nv_bfloat16)
^
/data/infinitensor-2026/Learning-CUDA/03_hadamard_tc/a962695448-rgb/platforms/metax/hadamard_api.cu:340:12: note: expanded from macro 'DEFINE_TYPED_API'
    return launch<T, false, true>(input, nullptr, packed, scales, rows, n, 1.0f, stream, method); \
           ^
/opt/maca-3.0.0/mxgpu_llvm/lib/clang/12.0.0/include/__clang_maca_device_functions.h:2146:3: note: '__shfl_xor' has been explicitly marked deprecated here
[[deprecated]] __device__ MACA_INLINE float __shfl_xor(float var, int laneMask,
  ^
/data/infinitensor-2026/Learning-CUDA/03_hadamard_tc/a962695448-rgb/platforms/metax/hadamard_api.cu:225:36: warning: '__shfl_xor' is deprecated [-Wdeprecated-declarations]
                const float peer = __shfl_xor(values[r], 1, width);
                                   ^
/data/infinitensor-2026/Learning-CUDA/03_hadamard_tc/a962695448-rgb/platforms/metax/hadamard_api.cu:254:9: note: in instantiation of function template specialization 'hadamard::metax::(anonymous namespace)::warp64_kernel<__maca_bfloat16, false, true, 32>' requested here
        LAUNCH_WARP64(32);
        ^
/data/infinitensor-2026/Learning-CUDA/03_hadamard_tc/a962695448-rgb/platforms/metax/hadamard_api.cu:245:9: note: expanded from macro 'LAUNCH_WARP64'
        warp64_kernel<T, Transform, Quantize, N><<<blocks, 256, 0, stream>>>( \
        ^
/data/infinitensor-2026/Learning-CUDA/03_hadamard_tc/a962695448-rgb/platforms/metax/hadamard_api.cu:311:16: note: in instantiation of function template specialization 'hadamard::metax::(anonymous namespace)::launch_warp64<__maca_bfloat16, false, true>' requested here
        return launch_warp64<T, Transform, Quantize>(input, output, packed, scales, rows, n, scale, stream);
               ^
/data/infinitensor-2026/Learning-CUDA/03_hadamard_tc/a962695448-rgb/platforms/metax/hadamard_api.cu:348:1: note: in instantiation of function template specialization 'hadamard::metax::(anonymous namespace)::launch<__maca_bfloat16, false, true>' requested here
DEFINE_TYPED_API(__nv_bfloat16)
^
/data/infinitensor-2026/Learning-CUDA/03_hadamard_tc/a962695448-rgb/platforms/metax/hadamard_api.cu:340:12: note: expanded from macro 'DEFINE_TYPED_API'
    return launch<T, false, true>(input, nullptr, packed, scales, rows, n, 1.0f, stream, method); \
           ^
/opt/maca-3.0.0/mxgpu_llvm/lib/clang/12.0.0/include/__clang_maca_device_functions.h:2146:3: note: '__shfl_xor' has been explicitly marked deprecated here
[[deprecated]] __device__ MACA_INLINE float __shfl_xor(float var, int laneMask,
  ^
/data/infinitensor-2026/Learning-CUDA/03_hadamard_tc/a962695448-rgb/platforms/metax/hadamard_api.cu:225:36: warning: '__shfl_xor' is deprecated [-Wdeprecated-declarations]
                const float peer = __shfl_xor(values[r], 1, width);
                                   ^
/data/infinitensor-2026/Learning-CUDA/03_hadamard_tc/a962695448-rgb/platforms/metax/hadamard_api.cu:255:9: note: in instantiation of function template specialization 'hadamard::metax::(anonymous namespace)::warp64_kernel<__maca_bfloat16, false, true, 64>' requested here
        LAUNCH_WARP64(64);
        ^
/data/infinitensor-2026/Learning-CUDA/03_hadamard_tc/a962695448-rgb/platforms/metax/hadamard_api.cu:245:9: note: expanded from macro 'LAUNCH_WARP64'
        warp64_kernel<T, Transform, Quantize, N><<<blocks, 256, 0, stream>>>( \
        ^
/data/infinitensor-2026/Learning-CUDA/03_hadamard_tc/a962695448-rgb/platforms/metax/hadamard_api.cu:311:16: note: in instantiation of function template specialization 'hadamard::metax::(anonymous namespace)::launch_warp64<__maca_bfloat16, false, true>' requested here
        return launch_warp64<T, Transform, Quantize>(input, output, packed, scales, rows, n, scale, stream);
               ^
/data/infinitensor-2026/Learning-CUDA/03_hadamard_tc/a962695448-rgb/platforms/metax/hadamard_api.cu:348:1: note: in instantiation of function template specialization 'hadamard::metax::(anonymous namespace)::launch<__maca_bfloat16, false, true>' requested here
DEFINE_TYPED_API(__nv_bfloat16)
^
/data/infinitensor-2026/Learning-CUDA/03_hadamard_tc/a962695448-rgb/platforms/metax/hadamard_api.cu:340:12: note: expanded from macro 'DEFINE_TYPED_API'
    return launch<T, false, true>(input, nullptr, packed, scales, rows, n, 1.0f, stream, method); \
           ^
/opt/maca-3.0.0/mxgpu_llvm/lib/clang/12.0.0/include/__clang_maca_device_functions.h:2146:3: note: '__shfl_xor' has been explicitly marked deprecated here
[[deprecated]] __device__ MACA_INLINE float __shfl_xor(float var, int laneMask,
  ^
/data/infinitensor-2026/Learning-CUDA/03_hadamard_tc/a962695448-rgb/platforms/metax/hadamard_api.cu:225:36: warning: '__shfl_xor' is deprecated [-Wdeprecated-declarations]
                const float peer = __shfl_xor(values[r], 1, width);
                                   ^
/data/infinitensor-2026/Learning-CUDA/03_hadamard_tc/a962695448-rgb/platforms/metax/hadamard_api.cu:256:9: note: in instantiation of function template specialization 'hadamard::metax::(anonymous namespace)::warp64_kernel<__maca_bfloat16, false, true, 128>' requested here
        LAUNCH_WARP64(128);
        ^
/data/infinitensor-2026/Learning-CUDA/03_hadamard_tc/a962695448-rgb/platforms/metax/hadamard_api.cu:245:9: note: expanded from macro 'LAUNCH_WARP64'
        warp64_kernel<T, Transform, Quantize, N><<<blocks, 256, 0, stream>>>( \
        ^
/data/infinitensor-2026/Learning-CUDA/03_hadamard_tc/a962695448-rgb/platforms/metax/hadamard_api.cu:311:16: note: in instantiation of function template specialization 'hadamard::metax::(anonymous namespace)::launch_warp64<__maca_bfloat16, false, true>' requested here
        return launch_warp64<T, Transform, Quantize>(input, output, packed, scales, rows, n, scale, stream);
               ^
/data/infinitensor-2026/Learning-CUDA/03_hadamard_tc/a962695448-rgb/platforms/metax/hadamard_api.cu:348:1: note: in instantiation of function template specialization 'hadamard::metax::(anonymous namespace)::launch<__maca_bfloat16, false, true>' requested here
DEFINE_TYPED_API(__nv_bfloat16)
^
/data/infinitensor-2026/Learning-CUDA/03_hadamard_tc/a962695448-rgb/platforms/metax/hadamard_api.cu:340:12: note: expanded from macro 'DEFINE_TYPED_API'
    return launch<T, false, true>(input, nullptr, packed, scales, rows, n, 1.0f, stream, method); \
           ^
/opt/maca-3.0.0/mxgpu_llvm/lib/clang/12.0.0/include/__clang_maca_device_functions.h:2146:3: note: '__shfl_xor' has been explicitly marked deprecated here
[[deprecated]] __device__ MACA_INLINE float __shfl_xor(float var, int laneMask,
  ^
/data/infinitensor-2026/Learning-CUDA/03_hadamard_tc/a962695448-rgb/platforms/metax/hadamard_api.cu:225:36: warning: '__shfl_xor' is deprecated [-Wdeprecated-declarations]
                const float peer = __shfl_xor(values[r], 1, width);
                                   ^
/data/infinitensor-2026/Learning-CUDA/03_hadamard_tc/a962695448-rgb/platforms/metax/hadamard_api.cu:257:9: note: in instantiation of function template specialization 'hadamard::metax::(anonymous namespace)::warp64_kernel<__maca_bfloat16, false, true, 256>' requested here
        LAUNCH_WARP64(256);
        ^
/data/infinitensor-2026/Learning-CUDA/03_hadamard_tc/a962695448-rgb/platforms/metax/hadamard_api.cu:245:9: note: expanded from macro 'LAUNCH_WARP64'
        warp64_kernel<T, Transform, Quantize, N><<<blocks, 256, 0, stream>>>( \
        ^
/data/infinitensor-2026/Learning-CUDA/03_hadamard_tc/a962695448-rgb/platforms/metax/hadamard_api.cu:311:16: note: in instantiation of function template specialization 'hadamard::metax::(anonymous namespace)::launch_warp64<__maca_bfloat16, false, true>' requested here
        return launch_warp64<T, Transform, Quantize>(input, output, packed, scales, rows, n, scale, stream);
               ^
/data/infinitensor-2026/Learning-CUDA/03_hadamard_tc/a962695448-rgb/platforms/metax/hadamard_api.cu:348:1: note: in instantiation of function template specialization 'hadamard::metax::(anonymous namespace)::launch<__maca_bfloat16, false, true>' requested here
DEFINE_TYPED_API(__nv_bfloat16)
^
/data/infinitensor-2026/Learning-CUDA/03_hadamard_tc/a962695448-rgb/platforms/metax/hadamard_api.cu:340:12: note: expanded from macro 'DEFINE_TYPED_API'
    return launch<T, false, true>(input, nullptr, packed, scales, rows, n, 1.0f, stream, method); \
           ^
/opt/maca-3.0.0/mxgpu_llvm/lib/clang/12.0.0/include/__clang_maca_device_functions.h:2146:3: note: '__shfl_xor' has been explicitly marked deprecated here
[[deprecated]] __device__ MACA_INLINE float __shfl_xor(float var, int laneMask,
  ^
/data/infinitensor-2026/Learning-CUDA/03_hadamard_tc/a962695448-rgb/platforms/metax/hadamard_api.cu:225:36: warning: '__shfl_xor' is deprecated [-Wdeprecated-declarations]
                const float peer = __shfl_xor(values[r], 1, width);
                                   ^
/data/infinitensor-2026/Learning-CUDA/03_hadamard_tc/a962695448-rgb/platforms/metax/hadamard_api.cu:249:9: note: in instantiation of function template specialization 'hadamard::metax::(anonymous namespace)::warp64_kernel<__maca_bfloat16, true, true, 1>' requested here
        LAUNCH_WARP64(1);
        ^
/data/infinitensor-2026/Learning-CUDA/03_hadamard_tc/a962695448-rgb/platforms/metax/hadamard_api.cu:245:9: note: expanded from macro 'LAUNCH_WARP64'
        warp64_kernel<T, Transform, Quantize, N><<<blocks, 256, 0, stream>>>( \
        ^
/data/infinitensor-2026/Learning-CUDA/03_hadamard_tc/a962695448-rgb/platforms/metax/hadamard_api.cu:311:16: note: in instantiation of function template specialization 'hadamard::metax::(anonymous namespace)::launch_warp64<__maca_bfloat16, true, true>' requested here
        return launch_warp64<T, Transform, Quantize>(input, output, packed, scales, rows, n, scale, stream);
               ^
/data/infinitensor-2026/Learning-CUDA/03_hadamard_tc/a962695448-rgb/platforms/metax/hadamard_api.cu:348:1: note: in instantiation of function template specialization 'hadamard::metax::(anonymous namespace)::launch<__maca_bfloat16, true, true>' requested here
DEFINE_TYPED_API(__nv_bfloat16)
^
/data/infinitensor-2026/Learning-CUDA/03_hadamard_tc/a962695448-rgb/platforms/metax/hadamard_api.cu:344:12: note: expanded from macro 'DEFINE_TYPED_API'
    return launch<T, true, true>(input, nullptr, packed, scales, rows, n, scale, stream, method); \
           ^
/opt/maca-3.0.0/mxgpu_llvm/lib/clang/12.0.0/include/__clang_maca_device_functions.h:2146:3: note: '__shfl_xor' has been explicitly marked deprecated here
[[deprecated]] __device__ MACA_INLINE float __shfl_xor(float var, int laneMask,
  ^
/data/infinitensor-2026/Learning-CUDA/03_hadamard_tc/a962695448-rgb/platforms/metax/hadamard_api.cu:225:36: warning: '__shfl_xor' is deprecated [-Wdeprecated-declarations]
                const float peer = __shfl_xor(values[r], 1, width);
                                   ^
/data/infinitensor-2026/Learning-CUDA/03_hadamard_tc/a962695448-rgb/platforms/metax/hadamard_api.cu:250:9: note: in instantiation of function template specialization 'hadamard::metax::(anonymous namespace)::warp64_kernel<__maca_bfloat16, true, true, 2>' requested here
        LAUNCH_WARP64(2);
        ^
/data/infinitensor-2026/Learning-CUDA/03_hadamard_tc/a962695448-rgb/platforms/metax/hadamard_api.cu:245:9: note: expanded from macro 'LAUNCH_WARP64'
        warp64_kernel<T, Transform, Quantize, N><<<blocks, 256, 0, stream>>>( \
        ^
/data/infinitensor-2026/Learning-CUDA/03_hadamard_tc/a962695448-rgb/platforms/metax/hadamard_api.cu:311:16: note: in instantiation of function template specialization 'hadamard::metax::(anonymous namespace)::launch_warp64<__maca_bfloat16, true, true>' requested here
        return launch_warp64<T, Transform, Quantize>(input, output, packed, scales, rows, n, scale, stream);
               ^
/data/infinitensor-2026/Learning-CUDA/03_hadamard_tc/a962695448-rgb/platforms/metax/hadamard_api.cu:348:1: note: in instantiation of function template specialization 'hadamard::metax::(anonymous namespace)::launch<__maca_bfloat16, true, true>' requested here
DEFINE_TYPED_API(__nv_bfloat16)
^
/data/infinitensor-2026/Learning-CUDA/03_hadamard_tc/a962695448-rgb/platforms/metax/hadamard_api.cu:344:12: note: expanded from macro 'DEFINE_TYPED_API'
    return launch<T, true, true>(input, nullptr, packed, scales, rows, n, scale, stream, method); \
           ^
/opt/maca-3.0.0/mxgpu_llvm/lib/clang/12.0.0/include/__clang_maca_device_functions.h:2146:3: note: '__shfl_xor' has been explicitly marked deprecated here
[[deprecated]] __device__ MACA_INLINE float __shfl_xor(float var, int laneMask,
  ^
/data/infinitensor-2026/Learning-CUDA/03_hadamard_tc/a962695448-rgb/platforms/metax/hadamard_api.cu:225:36: warning: '__shfl_xor' is deprecated [-Wdeprecated-declarations]
                const float peer = __shfl_xor(values[r], 1, width);
                                   ^
/data/infinitensor-2026/Learning-CUDA/03_hadamard_tc/a962695448-rgb/platforms/metax/hadamard_api.cu:251:9: note: in instantiation of function template specialization 'hadamard::metax::(anonymous namespace)::warp64_kernel<__maca_bfloat16, true, true, 4>' requested here
        LAUNCH_WARP64(4);
        ^
/data/infinitensor-2026/Learning-CUDA/03_hadamard_tc/a962695448-rgb/platforms/metax/hadamard_api.cu:245:9: note: expanded from macro 'LAUNCH_WARP64'
        warp64_kernel<T, Transform, Quantize, N><<<blocks, 256, 0, stream>>>( \
        ^
/data/infinitensor-2026/Learning-CUDA/03_hadamard_tc/a962695448-rgb/platforms/metax/hadamard_api.cu:311:16: note: in instantiation of function template specialization 'hadamard::metax::(anonymous namespace)::launch_warp64<__maca_bfloat16, true, true>' requested here
        return launch_warp64<T, Transform, Quantize>(input, output, packed, scales, rows, n, scale, stream);
               ^
/data/infinitensor-2026/Learning-CUDA/03_hadamard_tc/a962695448-rgb/platforms/metax/hadamard_api.cu:348:1: note: in instantiation of function template specialization 'hadamard::metax::(anonymous namespace)::launch<__maca_bfloat16, true, true>' requested here
DEFINE_TYPED_API(__nv_bfloat16)
^
/data/infinitensor-2026/Learning-CUDA/03_hadamard_tc/a962695448-rgb/platforms/metax/hadamard_api.cu:344:12: note: expanded from macro 'DEFINE_TYPED_API'
    return launch<T, true, true>(input, nullptr, packed, scales, rows, n, scale, stream, method); \
           ^
/opt/maca-3.0.0/mxgpu_llvm/lib/clang/12.0.0/include/__clang_maca_device_functions.h:2146:3: note: '__shfl_xor' has been explicitly marked deprecated here
[[deprecated]] __device__ MACA_INLINE float __shfl_xor(float var, int laneMask,
  ^
/data/infinitensor-2026/Learning-CUDA/03_hadamard_tc/a962695448-rgb/platforms/metax/hadamard_api.cu:225:36: warning: '__shfl_xor' is deprecated [-Wdeprecated-declarations]
                const float peer = __shfl_xor(values[r], 1, width);
                                   ^
/data/infinitensor-2026/Learning-CUDA/03_hadamard_tc/a962695448-rgb/platforms/metax/hadamard_api.cu:252:9: note: in instantiation of function template specialization 'hadamard::metax::(anonymous namespace)::warp64_kernel<__maca_bfloat16, true, true, 8>' requested here
        LAUNCH_WARP64(8);
        ^
/data/infinitensor-2026/Learning-CUDA/03_hadamard_tc/a962695448-rgb/platforms/metax/hadamard_api.cu:245:9: note: expanded from macro 'LAUNCH_WARP64'
        warp64_kernel<T, Transform, Quantize, N><<<blocks, 256, 0, stream>>>( \
        ^
/data/infinitensor-2026/Learning-CUDA/03_hadamard_tc/a962695448-rgb/platforms/metax/hadamard_api.cu:311:16: note: in instantiation of function template specialization 'hadamard::metax::(anonymous namespace)::launch_warp64<__maca_bfloat16, true, true>' requested here
        return launch_warp64<T, Transform, Quantize>(input, output, packed, scales, rows, n, scale, stream);
               ^
/data/infinitensor-2026/Learning-CUDA/03_hadamard_tc/a962695448-rgb/platforms/metax/hadamard_api.cu:348:1: note: in instantiation of function template specialization 'hadamard::metax::(anonymous namespace)::launch<__maca_bfloat16, true, true>' requested here
DEFINE_TYPED_API(__nv_bfloat16)
^
/data/infinitensor-2026/Learning-CUDA/03_hadamard_tc/a962695448-rgb/platforms/metax/hadamard_api.cu:344:12: note: expanded from macro 'DEFINE_TYPED_API'
    return launch<T, true, true>(input, nullptr, packed, scales, rows, n, scale, stream, method); \
           ^
/opt/maca-3.0.0/mxgpu_llvm/lib/clang/12.0.0/include/__clang_maca_device_functions.h:2146:3: note: '__shfl_xor' has been explicitly marked deprecated here
[[deprecated]] __device__ MACA_INLINE float __shfl_xor(float var, int laneMask,
  ^
/data/infinitensor-2026/Learning-CUDA/03_hadamard_tc/a962695448-rgb/platforms/metax/hadamard_api.cu:225:36: warning: '__shfl_xor' is deprecated [-Wdeprecated-declarations]
                const float peer = __shfl_xor(values[r], 1, width);
                                   ^
/data/infinitensor-2026/Learning-CUDA/03_hadamard_tc/a962695448-rgb/platforms/metax/hadamard_api.cu:253:9: note: in instantiation of function template specialization 'hadamard::metax::(anonymous namespace)::warp64_kernel<__maca_bfloat16, true, true, 16>' requested here
        LAUNCH_WARP64(16);
        ^
/data/infinitensor-2026/Learning-CUDA/03_hadamard_tc/a962695448-rgb/platforms/metax/hadamard_api.cu:245:9: note: expanded from macro 'LAUNCH_WARP64'
        warp64_kernel<T, Transform, Quantize, N><<<blocks, 256, 0, stream>>>( \
        ^
/data/infinitensor-2026/Learning-CUDA/03_hadamard_tc/a962695448-rgb/platforms/metax/hadamard_api.cu:311:16: note: in instantiation of function template specialization 'hadamard::metax::(anonymous namespace)::launch_warp64<__maca_bfloat16, true, true>' requested here
        return launch_warp64<T, Transform, Quantize>(input, output, packed, scales, rows, n, scale, stream);
               ^
/data/infinitensor-2026/Learning-CUDA/03_hadamard_tc/a962695448-rgb/platforms/metax/hadamard_api.cu:348:1: note: in instantiation of function template specialization 'hadamard::metax::(anonymous namespace)::launch<__maca_bfloat16, true, true>' requested here
DEFINE_TYPED_API(__nv_bfloat16)
^
/data/infinitensor-2026/Learning-CUDA/03_hadamard_tc/a962695448-rgb/platforms/metax/hadamard_api.cu:344:12: note: expanded from macro 'DEFINE_TYPED_API'
    return launch<T, true, true>(input, nullptr, packed, scales, rows, n, scale, stream, method); \
           ^
/opt/maca-3.0.0/mxgpu_llvm/lib/clang/12.0.0/include/__clang_maca_device_functions.h:2146:3: note: '__shfl_xor' has been explicitly marked deprecated here
[[deprecated]] __device__ MACA_INLINE float __shfl_xor(float var, int laneMask,
  ^
/data/infinitensor-2026/Learning-CUDA/03_hadamard_tc/a962695448-rgb/platforms/metax/hadamard_api.cu:225:36: warning: '__shfl_xor' is deprecated [-Wdeprecated-declarations]
                const float peer = __shfl_xor(values[r], 1, width);
                                   ^
/data/infinitensor-2026/Learning-CUDA/03_hadamard_tc/a962695448-rgb/platforms/metax/hadamard_api.cu:254:9: note: in instantiation of function template specialization 'hadamard::metax::(anonymous namespace)::warp64_kernel<__maca_bfloat16, true, true, 32>' requested here
        LAUNCH_WARP64(32);
        ^
/data/infinitensor-2026/Learning-CUDA/03_hadamard_tc/a962695448-rgb/platforms/metax/hadamard_api.cu:245:9: note: expanded from macro 'LAUNCH_WARP64'
        warp64_kernel<T, Transform, Quantize, N><<<blocks, 256, 0, stream>>>( \
        ^
/data/infinitensor-2026/Learning-CUDA/03_hadamard_tc/a962695448-rgb/platforms/metax/hadamard_api.cu:311:16: note: in instantiation of function template specialization 'hadamard::metax::(anonymous namespace)::launch_warp64<__maca_bfloat16, true, true>' requested here
        return launch_warp64<T, Transform, Quantize>(input, output, packed, scales, rows, n, scale, stream);
               ^
/data/infinitensor-2026/Learning-CUDA/03_hadamard_tc/a962695448-rgb/platforms/metax/hadamard_api.cu:348:1: note: in instantiation of function template specialization 'hadamard::metax::(anonymous namespace)::launch<__maca_bfloat16, true, true>' requested here
DEFINE_TYPED_API(__nv_bfloat16)
^
/data/infinitensor-2026/Learning-CUDA/03_hadamard_tc/a962695448-rgb/platforms/metax/hadamard_api.cu:344:12: note: expanded from macro 'DEFINE_TYPED_API'
    return launch<T, true, true>(input, nullptr, packed, scales, rows, n, scale, stream, method); \
           ^
/opt/maca-3.0.0/mxgpu_llvm/lib/clang/12.0.0/include/__clang_maca_device_functions.h:2146:3: note: '__shfl_xor' has been explicitly marked deprecated here
[[deprecated]] __device__ MACA_INLINE float __shfl_xor(float var, int laneMask,
  ^
/data/infinitensor-2026/Learning-CUDA/03_hadamard_tc/a962695448-rgb/platforms/metax/hadamard_api.cu:225:36: warning: '__shfl_xor' is deprecated [-Wdeprecated-declarations]
                const float peer = __shfl_xor(values[r], 1, width);
                                   ^
/data/infinitensor-2026/Learning-CUDA/03_hadamard_tc/a962695448-rgb/platforms/metax/hadamard_api.cu:255:9: note: in instantiation of function template specialization 'hadamard::metax::(anonymous namespace)::warp64_kernel<__maca_bfloat16, true, true, 64>' requested here
        LAUNCH_WARP64(64);
        ^
/data/infinitensor-2026/Learning-CUDA/03_hadamard_tc/a962695448-rgb/platforms/metax/hadamard_api.cu:245:9: note: expanded from macro 'LAUNCH_WARP64'
        warp64_kernel<T, Transform, Quantize, N><<<blocks, 256, 0, stream>>>( \
        ^
/data/infinitensor-2026/Learning-CUDA/03_hadamard_tc/a962695448-rgb/platforms/metax/hadamard_api.cu:311:16: note: in instantiation of function template specialization 'hadamard::metax::(anonymous namespace)::launch_warp64<__maca_bfloat16, true, true>' requested here
        return launch_warp64<T, Transform, Quantize>(input, output, packed, scales, rows, n, scale, stream);
               ^
/data/infinitensor-2026/Learning-CUDA/03_hadamard_tc/a962695448-rgb/platforms/metax/hadamard_api.cu:348:1: note: in instantiation of function template specialization 'hadamard::metax::(anonymous namespace)::launch<__maca_bfloat16, true, true>' requested here
DEFINE_TYPED_API(__nv_bfloat16)
^
/data/infinitensor-2026/Learning-CUDA/03_hadamard_tc/a962695448-rgb/platforms/metax/hadamard_api.cu:344:12: note: expanded from macro 'DEFINE_TYPED_API'
    return launch<T, true, true>(input, nullptr, packed, scales, rows, n, scale, stream, method); \
           ^
/opt/maca-3.0.0/mxgpu_llvm/lib/clang/12.0.0/include/__clang_maca_device_functions.h:2146:3: note: '__shfl_xor' has been explicitly marked deprecated here
[[deprecated]] __device__ MACA_INLINE float __shfl_xor(float var, int laneMask,
  ^
/data/infinitensor-2026/Learning-CUDA/03_hadamard_tc/a962695448-rgb/platforms/metax/hadamard_api.cu:225:36: warning: '__shfl_xor' is deprecated [-Wdeprecated-declarations]
                const float peer = __shfl_xor(values[r], 1, width);
                                   ^
/data/infinitensor-2026/Learning-CUDA/03_hadamard_tc/a962695448-rgb/platforms/metax/hadamard_api.cu:256:9: note: in instantiation of function template specialization 'hadamard::metax::(anonymous namespace)::warp64_kernel<__maca_bfloat16, true, true, 128>' requested here
        LAUNCH_WARP64(128);
        ^
/data/infinitensor-2026/Learning-CUDA/03_hadamard_tc/a962695448-rgb/platforms/metax/hadamard_api.cu:245:9: note: expanded from macro 'LAUNCH_WARP64'
        warp64_kernel<T, Transform, Quantize, N><<<blocks, 256, 0, stream>>>( \
        ^
/data/infinitensor-2026/Learning-CUDA/03_hadamard_tc/a962695448-rgb/platforms/metax/hadamard_api.cu:311:16: note: in instantiation of function template specialization 'hadamard::metax::(anonymous namespace)::launch_warp64<__maca_bfloat16, true, true>' requested here
        return launch_warp64<T, Transform, Quantize>(input, output, packed, scales, rows, n, scale, stream);
               ^
/data/infinitensor-2026/Learning-CUDA/03_hadamard_tc/a962695448-rgb/platforms/metax/hadamard_api.cu:348:1: note: in instantiation of function template specialization 'hadamard::metax::(anonymous namespace)::launch<__maca_bfloat16, true, true>' requested here
DEFINE_TYPED_API(__nv_bfloat16)
^
/data/infinitensor-2026/Learning-CUDA/03_hadamard_tc/a962695448-rgb/platforms/metax/hadamard_api.cu:344:12: note: expanded from macro 'DEFINE_TYPED_API'
    return launch<T, true, true>(input, nullptr, packed, scales, rows, n, scale, stream, method); \
           ^
/opt/maca-3.0.0/mxgpu_llvm/lib/clang/12.0.0/include/__clang_maca_device_functions.h:2146:3: note: '__shfl_xor' has been explicitly marked deprecated here
[[deprecated]] __device__ MACA_INLINE float __shfl_xor(float var, int laneMask,
  ^
/data/infinitensor-2026/Learning-CUDA/03_hadamard_tc/a962695448-rgb/platforms/metax/hadamard_api.cu:225:36: warning: '__shfl_xor' is deprecated [-Wdeprecated-declarations]
                const float peer = __shfl_xor(values[r], 1, width);
                                   ^
/data/infinitensor-2026/Learning-CUDA/03_hadamard_tc/a962695448-rgb/platforms/metax/hadamard_api.cu:257:9: note: in instantiation of function template specialization 'hadamard::metax::(anonymous namespace)::warp64_kernel<__maca_bfloat16, true, true, 256>' requested here
        LAUNCH_WARP64(256);
        ^
/data/infinitensor-2026/Learning-CUDA/03_hadamard_tc/a962695448-rgb/platforms/metax/hadamard_api.cu:245:9: note: expanded from macro 'LAUNCH_WARP64'
        warp64_kernel<T, Transform, Quantize, N><<<blocks, 256, 0, stream>>>( \
        ^
/data/infinitensor-2026/Learning-CUDA/03_hadamard_tc/a962695448-rgb/platforms/metax/hadamard_api.cu:311:16: note: in instantiation of function template specialization 'hadamard::metax::(anonymous namespace)::launch_warp64<__maca_bfloat16, true, true>' requested here
        return launch_warp64<T, Transform, Quantize>(input, output, packed, scales, rows, n, scale, stream);
               ^
/data/infinitensor-2026/Learning-CUDA/03_hadamard_tc/a962695448-rgb/platforms/metax/hadamard_api.cu:348:1: note: in instantiation of function template specialization 'hadamard::metax::(anonymous namespace)::launch<__maca_bfloat16, true, true>' requested here
DEFINE_TYPED_API(__nv_bfloat16)
^
/data/infinitensor-2026/Learning-CUDA/03_hadamard_tc/a962695448-rgb/platforms/metax/hadamard_api.cu:344:12: note: expanded from macro 'DEFINE_TYPED_API'
    return launch<T, true, true>(input, nullptr, packed, scales, rows, n, scale, stream, method); \
           ^
/opt/maca-3.0.0/mxgpu_llvm/lib/clang/12.0.0/include/__clang_maca_device_functions.h:2146:3: note: '__shfl_xor' has been explicitly marked deprecated here
[[deprecated]] __device__ MACA_INLINE float __shfl_xor(float var, int laneMask,
  ^
38 warnings generated when compiling for host.
