dtype,batch,seq,heads,dim,scale,method,rows,repeats,seed,input_read_only,input_working_set_bytes,logical_io_bytes,run1_count,run1_median_ms,run1_mean_ms,run1_minimum_ms,run1_maximum_ms,run1_population_stddev_ms,run1_cv_percent,run1_range_over_median_percent,run2_count,run2_median_ms,run2_mean_ms,run2_minimum_ms,run2_maximum_ms,run2_population_stddev_ms,run2_cv_percent,run2_range_over_median_percent,run3_count,run3_median_ms,run3_mean_ms,run3_minimum_ms,run3_maximum_ms,run3_population_stddev_ms,run3_cv_percent,run3_range_over_median_percent,across_run_medians_count,across_run_medians_median_ms,across_run_medians_mean_ms,across_run_medians_minimum_ms,across_run_medians_maximum_ms,across_run_medians_population_stddev_ms,across_run_medians_cv_percent,across_run_medians_range_over_median_percent,comparison_role,run1_baseline_over_candidate,run1_time_reduction_percent,run2_baseline_over_candidate,run2_time_reduction_percent,run3_baseline_over_candidate,run3_time_reduction_percent,minimum_time_reduction_percent,maximum_time_reduction_percent,stable_candidate_every_run_at_least_5_percent,every_run_faster,any_run_slowdown,every_run_slowdown,any_run_regression_over_3_percent,every_run_regression_over_3_percent
bf16,1,1,1,64,1.0,baseline_fused,1,100,2909,true,128,164,5,0.0221311998367,0.02216063976288,0.0221119999886,0.0222463989258,0.000048841371715024146,0.22039693906687427,0.6072826516035862,5,0.0221248006821,0.02214656019214,0.0221056008339,0.0221887993813,0.000035193521516277096,0.15891190871604327,0.37604201997315,5,0.0221311998367,0.02215935993194,0.0221183991432,0.0222399997711,0.000046257448622686666,0.20874902869379464,0.5494533906758563,3,0.0221311998367,0.022129066785166664,0.0221248006821,0.0221311998367,0.000003016590407680915,0.013631801272808152,0.02891463023793555,baseline,,,,,,,,,,,,,,
bf16,1,1,1,64,1.0,baseline_split,1,100,2909,true,128,420,5,0.0359488010406,0.0358937602043,0.0356735992432,0.0359552001953,0.00011015488175206388,0.3068914516759588,0.7833389263301553,5,0.0359488010406,0.03592448091504,0.0358272004128,0.0359488010406,0.00004864025111999979,0.13539583560033086,0.3382605936222064,5,0.0359488010406,0.0359270401001,0.0358272004128,0.03596159935,0.00005032841270596848,0.1400850517207745,0.37386208527012826,3,0.0359488010406,0.0359488010406,0.0359488010406,0.0359488010406,0.0000,0.0,0.0,baseline,,,,,,,,,,,,,,
bf16,1,1,1,64,1.0,baseline_transform,1,100,2909,true,128,256,5,0.0162047994137,0.01620991969106,0.0161663997173,0.0162559998035,0.00004015207839539994,0.2477006620677114,0.552923142783553,5,0.0162176001072,0.01622527980804,0.0162047994137,0.0162559998035,0.00002079775535028954,0.1281811814424536,0.3157087945291434,5,0.0162111997604,0.01621887969968,0.0161663997173,0.0163007998466,0.0000514235209169132,0.3170596358633068,0.8290572646468024,3,0.0162111997604,0.016211199760433335,0.0162047994137,0.0162176001072,0.000005225861238125802,0.032236116483374405,0.07896203667335171,baseline,,,,,,,,,,,,,,
bf16,1,1,1,64,1.0,optimized_fused,1,100,2909,true,128,164,5,0.0182335996628,0.01821183991432,0.0181247997284,0.0182783997059,0.00005317773709154181,0.29199541255426953,0.8424007345810813,5,0.0182335996628,0.01822079968454,0.0181695997715,0.0182783997059,0.00003818606183584067,0.20957401704076034,0.596700247960214,5,0.0182335996628,0.0182169597149,0.0181695997715,0.0182783997059,0.00004198708540494793,0.23048349484247854,0.596700247960214,3,0.0182335996628,0.0182335996628,0.0182335996628,0.0182335996628,0.0000,0.0,0.0,candidate_vs_matching_baseline,1.2137592272496716,17.61133694810635,1.2134082732571334,17.587507680682357,1.2137592272496716,17.61133694810635,17.587507680682357,17.61133694810635,True,True,False,False,False,False
bf16,1,1,1,64,1.0,optimized_split,1,100,2909,true,128,420,5,0.0311104011536,0.03109120082856,0.0309888005257,0.0311296010017,0.00005167791335594676,0.1662139511461907,0.4525832865504726,5,0.0311104011536,0.0311078410149,0.0310976004601,0.0311104011536,0.000005120277400000361,0.01645976458973111,0.0411460252048844,5,0.0310976004601,0.03047040033342,0.0280575990677,0.0311168003082,0.0012076112708586064,3.9632274523616804,9.837418949494603,3,0.0311104011536,0.03110613425576667,0.0310976004601,0.0311104011536,0.0000060343047851608,0.01939908294468355,0.0411460252048844,candidate_vs_matching_baseline,1.1555235454249395,13.459141186754985,1.1555235454249395,13.459141186754985,1.155999193144319,13.494749310334807,13.459141186754985,13.494749310334807,True,True,False,False,False,False
bf16,1,1,1,64,1.0,optimized_transform,1,100,2909,true,128,256,5,0.0156799995899,0.01567999982834,0.0155967998505,0.015724799633,0.00004561549897851581,0.2909151752417143,0.8163251648453406,5,0.0156863999367,0.0156838400364,0.015609600544,0.0157311999798,0.00004139748676236109,0.26394994252863657,0.7751902048315465,5,0.0156863999367,0.0156838400364,0.015609600544,0.015724799633,0.000040999797695952474,0.26141428120152765,0.7343883202319752,3,0.0156863999367,0.015684266487766667,0.0156799995899,0.0156863999367,0.0000030171524161510467,0.01923680918393187,0.04080188459958267,candidate_vs_matching_baseline,1.0334693773932266,3.2385456333160256,1.033863740096107,3.275454857615867,1.0334557212501112,3.2372670219138033,3.2372670219138033,3.275454857615867,False,True,False,False,False,False
bf16,1,1,1,64,1.0,warp32_fused,1,100,2909,true,128,164,5,0.015584000349,0.01561344003676,0.0155327999592,0.0156928002834,0.000062261140778725146,0.39876632332233414,1.0266961025207324,5,0.0155776000023,0.01560831999778,0.0155584001541,0.0156928002834,0.00005110400933495973,0.32741518204539855,0.8627781511924643,5,0.015584000349,0.01561216020582,0.0155392003059,0.0156928002834,0.00006011924005780533,0.3850795742884684,0.9856261169158472,3,0.015584000349,0.0155818669001,0.0155776000023,0.015584000349,0.0000030171523690097533,0.01936322770790957,0.0410699856048852,candidate_vs_matching_baseline,1.420123161003402,29.583572223873865,1.4202958529448257,29.592134066531905,1.420123161003402,29.583572223873865,29.583572223873865,29.592134066531905,True,True,False,False,False,False
bf16,1,1,1,64,1.0,warp32_split,1,100,2909,true,128,420,5,0.0298431992531,0.02985727977752,0.0298239994049,0.0299392008781,0.000041556201738626106,0.13918281252773204,0.38602253137465603,5,0.0298431992531,0.0298380804062,0.0297216010094,0.0299456000328,0.00007119805616182352,0.2386147338989991,0.7505864954365874,5,0.0298496007919,0.0298432006836,0.0298304009438,0.0298559999466,0.000010708973655229298,0.03588413243192878,0.08575995028699511,3,0.0298431992531,0.029845333099366666,0.0298431992531,0.0298496007919,0.000003017714330338592,0.010111176579237541,0.02145057822288859,candidate_vs_matching_baseline,1.2045893851968896,16.984159723726066,1.2045893851968896,16.984159723726066,1.2043310492231134,16.966352345970215,16.966352345970215,16.984159723726066,True,True,False,False,False,False
bf16,1,1,1,64,1.0,warp32_transform,1,100,2909,true,128,256,5,0.0152704000473,0.0152499201298,0.0151935994625,0.0152768003941,0.000032734264237464734,0.2146520372490242,0.5448510277549107,5,0.015232000351,0.01523327994348,0.0151935994625,0.0152768003941,0.000035840341037157254,0.23527658633029513,0.5462245908794124,5,0.0152768003941,0.01524863982202,0.0151935994625,0.0152895998955,0.000042568561547341364,0.27916300761376545,0.6284066723623383,3,0.0152704000473,0.015259733597466667,0.015232000351,0.0152768003941,0.000019783677269839445,0.12964628211546114,0.2933783198949108,candidate_vs_matching_baseline,1.061190234932006,5.766189031689173,1.0647058648561083,6.0773465228214025,1.061164598750722,5.763912480941158,5.763912480941158,6.0773465228214025,True,True,False,False,False,False
bf16,1,1,1,128,1.0,baseline_fused,1,100,2909,true,256,324,5,0.0279552006721,0.02798848009108,0.027936000824,0.028051199913,0.00005158240733930889,0.18429870850953545,0.4120846433950745,5,0.0279615998268,0.02798976039884,0.0279552006721,0.028051199913,0.00004059833345611755,0.14504709178503755,0.34332528000773344,5,0.0279552006721,0.02798079967498,0.0279487991333,0.028051199913,0.000040070452877453436,0.14320696099791536,0.3663031465991239,3,0.0279552006721,0.027957333723666665,0.0279552006721,0.0279615998268,0.000003016590454822208,0.010789979061088289,0.022890748576842465,baseline,,,,,,,,,,,,,,
bf16,1,1,1,128,1.0,baseline_split,1,100,2909,true,256,836,5,0.0418368005753,0.041812479972860004,0.0417023992538,0.0418495988846,0.00005526310419558769,0.1321689223682937,0.3518424659052465,5,0.0418431997299,0.04184320068358,0.0418240022659,0.0418688011169,0.00001459399064959504,0.034877806695418435,0.10706363588153368,5,0.0418431997299,0.041841919899000004,0.0418368005753,0.0418495988846,0.000004788688847709252,0.01144471587171051,0.030586354252564868,3,0.0418431997299,0.041841066678366666,0.0418368005753,0.0418431997299,0.00000301659040767924,0.007209640305941162,0.015293177006786573,baseline,,,,,,,,,,,,,,
bf16,1,1,1,128,1.0,baseline_transform,1,100,2909,true,256,512,5,0.0167040002346,0.0167180800438,0.0166592001915,0.0167680001259,0.00004329357608958702,0.2589626080037983,0.6513405943004988,5,0.0167040002346,0.01672704029082,0.0166592001915,0.0168384003639,0.00006982758056346186,0.4174532932869426,1.072797951887079,5,0.0167104005814,0.016718080282219997,0.0166592001915,0.0167680001259,0.000043857441648462524,0.2623353932275691,0.6510911205869194,3,0.0167040002346,0.01670613368353333,0.0167040002346,0.0167104005814,0.0000030171524161502093,0.018060147687696967,0.03831625185649929,baseline,,,,,,,,,,,,,,
bf16,1,1,1,128,1.0,optimized_fused,1,100,2909,true,256,324,5,0.0189440000057,0.01892095994948,0.0188543999195,0.0189567995071,0.000038950712524816425,0.20586012881384963,0.5405383634353362,5,0.0189952003956,0.01896063995362,0.0188927996159,0.0190144002438,0.000053177937945333494,0.280464889768558,0.6401650173070483,5,0.0189952003956,0.0189555199146,0.0188800001144,0.0190015995502,0.00005421509646210964,0.28601218381961585,0.6401587415111835,3,0.0189952003956,0.018978133598966668,0.0189440000057,0.0189952003956,0.000024136095265123468,0.12717844533688835,0.2695438259859575,candidate_vs_matching_baseline,1.4756757107099159,32.23443384326482,1.4720350006561107,32.06683268031784,1.4716981179401227,32.051282269786405,32.051282269786405,32.23443384326482,True,True,False,False,False,False
bf16,1,1,1,128,1.0,optimized_split,1,100,2909,true,256,836,5,0.031948800087,0.03198591995242,0.0319359993935,0.0320512008667,0.00005094351704904337,0.1592685691855146,0.3605815332228226,5,0.032063999176,0.03201792001724,0.0319359993935,0.0320767998695,0.00006443364072469455,0.20124243139467013,0.43912325230281496,5,0.032063999176,0.0320396800041,0.0319232010841,0.0320767998695,0.00005843257572200915,0.1823756532978224,0.47903814042937276,3,0.032063999176,0.03202559947966667,0.031948800087,0.032063999176,0.00005430537134561044,0.16956863330564476,0.35927860516610527,candidate_vs_matching_baseline,1.309495206748733,23.634695656287285,1.3049900450727232,23.37106296130611,1.3049900450727232,23.37106296130611,23.37106296130611,23.634695656287285,True,True,False,False,False,False
bf16,1,1,1,128,1.0,optimized_transform,1,100,2909,true,256,512,5,0.0163520002365,0.01635712003708,0.0162815999985,0.0164031994343,0.00004348225715780477,0.2658307639684414,0.743636460624389,5,0.0163968002796,0.01635840010642,0.0162495994568,0.0163968002796,0.000057100367062724505,0.3490583840183427,0.8977411463817201,5,0.0163584005833,0.01635584020616,0.0162688004971,0.0164031994343,0.000047995491366513,0.29344558739597343,0.8215897178676854,3,0.0163584005833,0.016369067033133334,0.0163520002365,0.0163968002796,0.000019783677269839445,0.12086013961452081,0.27386566841831694,candidate_vs_matching_baseline,1.021526418359161,2.1072796525162807,1.0187353599337425,1.8390801645445154,1.0215179959866827,2.1064725311959465,1.8390801645445154,2.1072796525162807,False,True,False,False,False,False
bf16,1,1,1,128,1.0,warp32_fused,1,100,2909,true,256,324,5,0.0172160005569,0.01724031996726,0.0172031998634,0.0173119997978,0.0000411593122001009,0.2387386793183882,0.6319698587393136,5,0.0172160005569,0.01724032020568,0.0171648001671,0.0173119997978,0.000056290796185314185,0.3265066745498649,0.8550164146050839,5,0.0172160005569,0.01724416017532,0.0171840000153,0.0173119997978,0.00005145528050456466,0.29839249914999005,0.743493136381766,3,0.0172160005569,0.0172160005569,0.0172160005569,0.0172160005569,0.0000,0.0,0.0,candidate_vs_matching_baseline,1.6237918080744855,38.41575040424588,1.624163506174683,38.429844273791524,1.6237918080744855,38.41575040424588,38.41575040424588,38.429844273791524,True,True,False,False,False,False
bf16,1,1,1,128,1.0,warp32_split,1,100,2909,true,256,836,5,0.031027200222,0.03099647951124,0.0308735990524,0.0311615991592,0.00010488212285136744,0.3383678550118406,0.9282181593548812,5,0.0310335993767,0.03097855949402,0.0308927989006,0.0310400009155,0.00007006223577911362,0.22616363356933433,0.4743311051779532,5,0.0310400009155,0.03102080059052,0.0308800005913,0.0311552000046,0.00012203704433198646,0.39340391611066655,0.8865960218531396,3,0.0310335993767,0.0310336001714,0.031027200222,0.0310400009155,0.000005225861268338434,0.016839365202476548,0.04124785315624104,candidate_vs_matching_baseline,1.3483910980029516,25.837540645213373,1.3483192594577296,25.833589264149314,1.3480411886523291,25.81829038920351,25.81829038920351,25.837540645213373,True,True,False,False,False,False
bf16,1,1,1,128,1.0,warp32_transform,1,100,2909,true,256,512,5,0.0152704000473,0.01525120019914,0.0151872003078,0.0152768003941,0.00003410666991446464,0.2236326942740407,0.5867566404446833,5,0.015232000351,0.01522560024264,0.0151872003078,0.0152447998524,0.000019829594911201738,0.1302385101092306,0.3781482620319064,5,0.015232000351,0.01524479985236,0.0152191996574,0.0152831995487,0.000026849483641272837,0.1761222443147809,0.4201673439155237,3,0.015232000351,0.015244800249766667,0.015232000351,0.0152704000473,0.000018101790432823048,0.11874075183832015,0.2520988406980955,candidate_vs_matching_baseline,1.0938809843134054,8.582376479679976,1.0966386455934765,8.812259715795246,1.0970588364188778,8.84718605755972,8.582376479679976,8.84718605755972,True,True,False,False,False,False
bf16,1,1,1,256,1.0,baseline_fused,1,100,2909,true,512,644,5,0.0398207998276,0.03985279941562,0.0397887992859,0.0399167990685,0.0000535460082706399,0.13435946547246302,0.3214395068762094,5,0.0398271989822,0.03986047935486,0.0398144006729,0.0399167990685,0.000046221708382382855,0.11595873690050659,0.25710669647082907,5,0.0398207998276,0.03985663986208,0.0398144006729,0.0399167990685,0.00004917533225279362,0.12338052686568673,0.2571480132074726,3,0.0398207998276,0.03982293287913333,0.0398207998276,0.0398271989822,0.0000030165904076825895,0.007575008141259333,0.016069879630013526,baseline,,,,,,,,,,,,,,
bf16,1,1,1,256,1.0,baseline_split,1,100,2909,true,512,1668,5,0.0547200012207,0.05478144073484,0.054713602066,0.0550271987915,0.00012307881466711601,0.22467246756589979,0.5730934183191647,5,0.054713602066,0.05477632045744,0.0547007989883,0.0550400018692,0.00013199600495026273,0.24097274853067344,0.6199607923653475,5,0.0547200012207,0.05472128009796,0.054707198143,0.05473279953,0.00000849101955214489,0.015516851098776532,0.0467861594095087,3,0.0547200012207,0.05471786816913333,0.054713602066,0.0547200012207,0.0000030165904548205336,0.005512989733986401,0.011694361398475078,baseline,,,,,,,,,,,,,,
bf16,1,1,1,256,1.0,baseline_transform,1,100,2909,true,512,1024,5,0.0184256005287,0.01844736003876,0.0183871996403,0.0185344004631,0.00006052676682938722,0.3281053045108547,0.7988929455553773,5,0.0184384000301,0.0184652798176,0.018419200182,0.0185407996178,0.00004604425441675658,0.24935584443659475,0.659490170521812,5,0.0184319996834,0.01844736003876,0.0183808004856,0.0185471999645,0.00006330505312465887,0.3431659217993673,0.9027749661359932,3,0.0184319996834,0.01843200008073333,0.0184256005287,0.0184384000301,0.0000052253745728930365,0.028349471299943384,0.0694417405590957,baseline,,,,,,,,,,,,,,
bf16,1,1,1,256,1.0,optimized_fused,1,100,2909,true,512,644,5,0.019692800045,0.01966079998016,0.019596799612,0.0197119998932,0.00005006762715463366,0.25465712079446223,0.5849868019619143,5,0.019692800045,0.0196646399498,0.019596799612,0.0197119998932,0.00005081455166752153,0.25840570586210165,0.5849868019619143,5,0.0196800005436,0.01966208004952,0.0196031999588,0.0197119998932,0.000046750551044665196,0.23777011855775904,0.5528451798512904,3,0.019692800045,0.019688533544533332,0.0196800005436,0.019692800045,0.000006033742823831124,0.03064597376022674,0.06499584300227414,candidate_vs_matching_baseline,2.022099434138646,50.546447760321435,2.0224243830837114,50.55439360975067,2.0234145694955203,50.578590513494184,50.546447760321435,50.578590513494184,True,True,False,False,False,False
bf16,1,1,1,256,1.0,optimized_split,1,100,2909,true,512,1668,5,0.0338240003586,0.03378176021576,0.033696000576,0.0338495993614,0.00006792448073270599,0.2010685064924994,0.4541118252470282,5,0.0338368010521,0.03378304052352,0.033696000576,0.0338368010521,0.00006596719883317237,0.1952672045230669,0.41611639316376453,5,0.0338303995132,0.0338060798645,0.0337023997307,0.0338432002068,0.00005221403009120381,0.15445159657814725,0.41619513256135054,3,0.0338303995132,0.03383040030796667,0.0338240003586,0.0338368010521,0.000005225861268343503,0.01544723450142821,0.03783784313573582,candidate_vs_matching_baseline,1.6177862062606982,38.18713522651615,1.6169850684689453,38.156509945583004,1.6174801955663947,38.17544086530042,38.156509945583004,38.18713522651615,True,True,False,False,False,False
bf16,1,1,1,256,1.0,optimized_transform,1,100,2909,true,512,1024,5,0.0178175997734,0.01778559994698,0.0176639997959,0.0178240001202,0.00006111922824888888,0.3436444563640764,0.8979903372780084,5,0.0177727997303,0.01777664017676,0.0177216005325,0.0178175997734,0.00003352503668016818,0.18859039923638993,0.5401469794111192,5,0.017804800272,0.01777408003808,0.0176639997959,0.0178240001202,0.000058292761548718715,0.32796499972898535,0.8986358838948525,3,0.017804800272,0.017798399925233333,0.0177727997303,0.0178175997734,0.000018841165825405824,0.10585876204913301,0.2516177795628148,candidate_vs_matching_baseline,1.0341236060430365,3.2997608645263243,1.0374505035728978,3.609859308364227,1.035226422190556,3.4027746428666683,3.2997608645263243,3.609859308364227,False,True,False,False,False,False
bf16,1,1,1,256,1.0,warp32_fused,1,100,2909,true,512,644,5,0.0198399996758,0.0198745598793,0.0198272001743,0.0199487996101,0.00005333144906754646,0.26834027717561126,0.6129003920716904,5,0.0198399996758,0.01986559987066,0.0197951996326,0.0199487996101,0.000057671096294360166,0.29030634196723176,0.7741934476307253,5,0.0198399996758,0.01986816000938,0.0198272001743,0.0199231994152,0.00004256825326303252,0.21425362611804782,0.48386714953980214,3,0.0198399996758,0.0198399996758,0.0198399996758,0.0198399996758,0.0000,0.0,0.0,candidate_vs_matching_baseline,2.0070967983014505,50.176792626729714,2.0074193363409956,50.184797869749495,2.0070967983014505,50.176792626729714,50.176792626729714,50.184797869749495,True,True,False,False,False,False
bf16,1,1,1,256,1.0,warp32_split,1,100,2909,true,512,1668,5,0.0341951990128,0.03422591972352,0.0341887998581,0.0343488001823,0.00006157343228364165,0.17990292965400861,0.4679028893503853,5,0.0341951990128,0.0342246398926,0.0341887998581,0.0343424010277,0.000059296479304355915,0.17325669310307895,0.4491892839766935,5,0.0342079997063,0.03422975969316,0.0341951990128,0.0343359994888,0.0000533315406007838,0.15580460125590903,0.41160102083976746,3,0.0341951990128,0.034199465910633336,0.0341951990128,0.0342079997063,0.000006034304785159125,0.017644441585512982,0.03743418336359375,candidate_vs_matching_baseline,1.60022467482108,37.50877512797949,1.6000375387644188,37.50146632358262,1.5996258679405435,37.485382048274744,37.485382048274744,37.50877512797949,True,True,False,False,False,False
bf16,1,1,1,256,1.0,warp32_transform,1,100,2909,true,512,1024,5,0.0162176001072,0.016245759964,0.0161728000641,0.0163199996948,0.00005984609029451773,0.36837975217616437,0.9076535968762119,5,0.0162047994137,0.01621632003786,0.0161663997173,0.0162688004971,0.00004478202430887374,0.27615404854074055,0.6319163674030263,5,0.0162111997604,0.01621759986876,0.0161663997173,0.0162751996517,0.00004470847708191217,0.27567875298264205,0.6711405448582036,3,0.0162111997604,0.016211199760433335,0.0162047994137,0.0162176001072,0.000005225861238125802,0.032236116483374405,0.07896203667335171,candidate_vs_matching_baseline,1.1361484070950627,11.983329488017414,1.137835746026677,12.113852681109682,1.1369917067103739,12.048610900314149,11.983329488017414,12.113852681109682,True,True,False,False,False,False
bf16,1,17,1,64,1.0,baseline_fused,17,100,2909,true,2176,2788,5,0.0237824010849,0.023772159576419998,0.0237439990044,0.0237951993942,0.00002346312227988627,0.0987000032725665,0.21528688216645234,5,0.0237888002396,0.023773439884200002,0.0237375998497,0.0238016009331,0.000027032332289175436,0.11370812310229164,0.26903871887352077,5,0.0237824010849,0.02376832008362,0.0237247991562,0.0237951993942,0.00002666604498469736,0.11219154273790824,0.2960182100565953,3,0.0237824010849,0.023784534136466664,0.0237824010849,0.0237888002396,0.000003016590454822208,0.012682991550366942,0.02690710108351994,baseline,,,,,,,,,,,,,,
bf16,1,17,1,64,1.0,baseline_split,17,100,2909,true,2176,7140,5,0.0388159990311,0.03884671974184,0.0388095998764,0.0389824008942,0.0000679009102487529,0.1747918761223486,0.44517987972316964,5,0.0388095998764,0.03878656005858,0.0386816000938,0.0388224005699,0.00005333170085792463,0.1375004660825215,0.3627980616868395,5,0.0388159990311,0.03881088018416,0.0387904000282,0.0388224005699,0.000012410093480811337,0.03197581044780403,0.08244162844903488,3,0.0388159990311,0.03881386597953333,0.0388095998764,0.0388159990311,0.0000030165904548205336,0.007771940204078591,0.016485868867812798,baseline,,,,,,,,,,,,,,
bf16,1,17,1,64,1.0,baseline_transform,17,100,2909,true,2176,4352,5,0.0176895999908,0.01769088006018,0.0176447999477,0.0177408003807,0.00003066678912643557,0.17334801333859443,0.5426941991335488,5,0.0177023994923,0.01771264004708,0.0176831996441,0.0177408003807,0.000023809640906932248,0.13442175104132692,0.32538377989410905,5,0.017708799839,0.017719040155400002,0.0176960003376,0.0177535998821,0.000023809294836983307,0.13437124487653052,0.3252594474140997,3,0.0177023994923,0.017700266440700002,0.0176895999908,0.017708799839,0.000007982103923651122,0.045095953500999666,0.10845901544788254,baseline,,,,,,,,,,,,,,
bf16,1,17,1,64,1.0,optimized_fused,17,100,2909,true,2176,2788,5,0.0196415996552,0.01964416003228,0.019622399807,0.0196800005436,0.0000200762368156085,0.10219951773259076,0.2932588873164834,5,0.0196480000019,0.01965439987182,0.0196288001537,0.0197055995464,0.000026542473360355805,0.13504596188872578,0.39087638788972545,5,0.0196415996552,0.01965056014062,0.0196288001537,0.0196992003918,0.00002514809821619045,0.12797649551071266,0.3584241575831376,3,0.0196415996552,0.0196437331041,0.0196415996552,0.0196480000019,0.0000030171523690105907,0.015359363482600244,0.03258566925483017,candidate_vs_matching_baseline,1.2108179324693518,17.411200050482243,1.210749197745296,17.40651145074151,1.2108179324693518,17.411200050482243,17.40651145074151,17.411200050482243,True,True,False,False,False,False
bf16,1,17,1,64,1.0,optimized_split,17,100,2909,true,2176,7140,5,0.0342592000961,0.03426047992704,0.0342592000961,0.0342655992508,0.000002559661879999453,0.007471179287185775,0.018678645975529064,5,0.0342592000961,0.03423359966278,0.0341183996201,0.034284799099,0.00005893560861571351,0.17215720577520927,0.4857074258395769,5,0.0342592000961,0.034259200096120004,0.0342528009415,0.0342655992508,0.000004047180758732339,0.011813412885815448,0.037357291659181266,3,0.0342592000961,0.0342592000961,0.0342592000961,0.0342592000961,0.0000,0.0,0.0,candidate_vs_matching_baseline,1.1330094959081878,11.7394864198884,1.1328227094484324,11.724933508183577,1.1330094959081878,11.7394864198884,11.724933508183577,11.7394864198884,True,True,False,False,False,False
bf16,1,17,1,64,1.0,optimized_transform,17,100,2909,true,2176,4352,5,0.0173119997978,0.01731584000586,0.0172800004482,0.0173759996891,0.000034250361179155864,0.19779786119278595,0.554524272303879,5,0.0173248004913,0.01732480025292,0.0173184001446,0.0173375999928,0.000007010793309244925,0.040466806005819866,0.11082291083029286,5,0.0173184001446,0.01731712007522,0.0172863996029,0.0173440003395,0.000018725066819446648,0.1081303746703319,0.3325984855359637,3,0.0173184001446,0.017318400144566667,0.0173119997978,0.0173248004913,0.000005225861238127252,0.030175196291250792,0.07391383380174553,candidate_vs_matching_baseline,1.0218114716618694,2.1345886464158914,1.0217952871197344,2.1330385248860995,1.0225424803180638,2.2045519625797816,2.1330385248860995,2.2045519625797816,False,True,False,False,False,False
bf16,1,17,1,64,1.0,warp32_fused,17,100,2909,true,2176,2788,5,0.0171391999722,0.01711872005464,0.0170752000809,0.0171456003189,0.000030666789110574962,0.17914183427669747,0.4107556835452726,5,0.0171008002758,0.017109760046,0.0170560002327,0.0171519994736,0.00003542604298496644,0.20705166460384408,0.5613727974815989,5,0.0171008002758,0.0170982401371,0.0170560002327,0.0171519994736,0.00003150956787140107,0.18428544469340546,0.5613727974815989,3,0.0171008002758,0.017113600174600002,0.0171008002758,0.0171391999722,0.000018101790479962666,0.10577429819138427,0.22454911922654264,candidate_vs_matching_baseline,1.3876027541236087,27.933264975999084,1.3910928059468917,28.114070051615414,1.3907186038863566,28.09472763177937,27.933264975999084,28.114070051615414,True,True,False,False,False,False
bf16,1,17,1,64,1.0,warp32_split,17,100,2909,true,2176,7140,5,0.0321408009529,0.03216640043258,0.0321408009529,0.032256000042,0.00004507318504604226,0.1401250511088879,0.3584200943492705,5,0.0321472001076,0.03211520004274,0.0320063996315,0.0321472001076,0.0000549060788723216,0.17096601858076776,0.43798674730217096,5,0.0321408009529,0.03214080047608,0.0321280002594,0.0321472001076,0.000007010793317354306,0.021812752680419132,0.059736682443412244,3,0.0321408009529,0.03214293400446667,0.0321408009529,0.0321472001076,0.0000030165904548205336,0.00938492563995975,0.019909754922959533,candidate_vs_matching_baseline,1.2076861148538898,17.19702762990004,1.2072466574538454,17.166886002479465,1.2076861148538898,17.19702762990004,17.166886002479465,17.19702762990004,True,True,False,False,False,False
bf16,1,17,1,64,1.0,warp32_transform,17,100,2909,true,2176,4352,5,0.0164031994343,0.01639295959474,0.0163520002365,0.0164031994343,0.000020479679119999615,0.12492972365143216,0.31212933796890063,5,0.0164031994343,0.01641087961198,0.0163968002796,0.0164479994774,0.000018724675680259623,0.11409915935639758,0.31212933796890063,5,0.0164031994343,0.01639039969444,0.0163520002365,0.016409599781,0.00002103230734716653,0.1283208935673556,0.3511482301407403,3,0.0164031994343,0.0164031994343,0.0164031994343,0.0164031994343,0.0000,0.0,0.0,candidate_vs_matching_baseline,1.0784237588314671,7.272072614242453,1.07920406401225,7.339118397848344,1.0795942529339684,7.37260806248814,7.272072614242453,7.37260806248814,True,True,False,False,False,False
bf16,1,17,1,128,1.0,baseline_fused,17,100,2909,true,4352,5508,5,0.0295487999916,0.02953344011306,0.0294847989082,0.0295679998398,0.00003303312975925912,0.11184992209780371,0.28157127065617693,5,0.0295167994499,0.02952447986604,0.0294655990601,0.0295679998398,0.00003932757945263434,0.13320329310143134,0.34692372346740014,5,0.0295679998398,0.02954496002198,0.0295040011406,0.0295679998398,0.00002850665676402644,0.0964856839976053,0.21644581827227144,3,0.0295487999916,0.029544533093766667,0.0295167994499,0.0295679998398,0.000021119103426646458,0.07148227172729356,0.1732740074539575,baseline,,,,,,,,,,,,,,
bf16,1,17,1,128,1.0,baseline_split,17,100,2909,true,4352,14212,5,0.0451200008392,0.04511744022368,0.0451071977615,0.0451263999939,0.0000065273792574858346,0.014467530128315932,0.042558138392856965,5,0.0451136016846,0.045157120704659995,0.0451071977615,0.045337600708,0.00009027407953594477,0.19991106192611816,0.5107172513309891,5,0.0451136016846,0.0451136007309,0.0451071977615,0.0451200008392,0.0000040486888277015635,0.008974430686328402,0.028379639891125765,3,0.0451136016846,0.045115734736133334,0.0451136016846,0.0451200008392,0.0000030165904076825895,0.006686337760707225,0.014184534954096497,baseline,,,,,,,,,,,,,,
bf16,1,17,1,128,1.0,baseline_transform,17,100,2909,true,4352,8704,5,0.0186943995953,0.018671360015879998,0.0186176002026,0.018700799942,0.00003448861363105336,0.18471398763518446,0.44505167965340103,5,0.0186624002457,0.01865984010696,0.0186111998558,0.018700799942,0.000028792964165033685,0.15430445277124372,0.4801101949393973,5,0.0186624002457,0.018654720067979998,0.0186111998558,0.018700799942,0.000035147600150267556,0.18841129763505193,0.4801101949393973,3,0.0186624002457,0.018673066695566664,0.0186624002457,0.0186943995953,0.000015084638063812458,0.08078286394914358,0.17146427672063497,baseline,,,,,,,,,,,,,,
bf16,1,17,1,128,1.0,optimized_fused,17,100,2909,true,4352,5508,5,0.0203008008003,0.0203046402931,0.0202559995651,0.0203584003448,0.00003253336397645134,0.1602262512747244,0.5044174400178584,5,0.0203135991096,0.02031487989426,0.0202751994133,0.0203520011902,0.000025083306639477675,0.12347258152663261,0.37808059756236156,5,0.0203008008003,0.0202995200157,0.0202559995651,0.0203520011902,0.00003298380297255513,0.16248562994122465,0.4728957544304316,3,0.0203008008003,0.0203050669034,0.0203008008003,0.0203135991096,0.000006033180862501449,0.029712686450155047,0.06304337166743641,candidate_vs_matching_baseline,1.455548492016302,31.297376522664134,1.4530561172663226,31.179533390538992,1.4564942600374193,31.341988263358576,31.179533390538992,31.341988263358576,True,True,False,False,False,False
bf16,1,17,1,128,1.0,optimized_split,17,100,2909,true,4352,14212,5,0.0357184004784,0.03566463994982,0.0355776000023,0.035724799633,0.00006852512864291793,0.19213744689230708,0.41211148519659296,5,0.035724799633,0.03569152021408,0.0355712008476,0.0357312011719,0.000060769403692060985,0.17026286167572088,0.44786905999104193,5,0.0357184004784,0.03566976022724,0.035583999157,0.0357312011719,0.00007017944960136628,0.19674774698309355,0.41211816018752995,3,0.0357184004784,0.035720533529933334,0.0357184004784,0.035724799633,0.0000030165904076825895,0.008444975787258963,0.017915568766506542,candidate_vs_matching_baseline,1.2632144842680018,20.836879844718325,1.2628090891495805,20.811466389315047,1.2630353285803366,20.825650924269144,20.811466389315047,20.836879844718325,True,True,False,False,False,False
bf16,1,17,1,128,1.0,optimized_transform,17,100,2909,true,4352,8704,5,0.0185088002682,0.01850367999078,0.0184767997265,0.0185344004631,0.00002339307739013633,0.1264239189274383,0.3112072947211045,5,0.0185215997696,0.01851391983032,0.0184767997265,0.0185344004631,0.00001958039181569434,0.10576037919116295,0.31099223240175716,5,0.0185280001163,0.01851392006872,0.0184704005718,0.0185471999645,0.000027273201722307884,0.14731186923717488,0.41450449167708975,3,0.0185215997696,0.018519466718033335,0.0185088002682,0.0185280001163,0.000007982103879107458,0.043101154048539,0.10366193168427587,candidate_vs_matching_baseline,1.010027626016305,0.9928071032923591,1.007601960837697,0.7544607030515182,1.0072538929488544,0.7201652929449187,0.7201652929449187,0.9928071032923591,False,True,False,False,False,False
bf16,1,17,1,128,1.0,warp32_fused,17,100,2909,true,4352,5508,5,0.0187647998333,0.01875200009346,0.0187199997902,0.0187776005268,0.000026542933266040243,0.14154721167742224,0.3069616362109181,5,0.0187712001801,0.01875455999374,0.0187135994434,0.0187839996815,0.00002879305958940693,0.1535256470907216,0.37504388331350946,5,0.0187776005268,0.01876096010208,0.0187264001369,0.0187839996815,0.00002579109720470575,0.13747216061637663,0.30674603242193094,3,0.0187712001801,0.018771200180066668,0.0187647998333,0.0187776005268,0.000005225861238127252,0.027839782155627154,0.06819326083140578,candidate_vs_matching_baseline,1.5746930558333332,36.495560433471496,1.572451370541122,36.40502856022354,1.5746420740818077,36.49350436777121,36.40502856022354,36.495560433471496,True,True,False,False,False,False
bf16,1,17,1,128,1.0,warp32_split,17,100,2909,true,4352,14212,5,0.0339903998375,0.03403264045716,0.0339648008347,0.0341248011589,0.0000706442089186286,0.20757780756845753,0.4707221008429497,5,0.0339967989922,0.03404159975054,0.033977599144,0.0341248011589,0.0000632282034207084,0.18573804957478654,0.4329878672805902,5,0.0339903998375,0.03403904008866,0.033977599144,0.0341248011589,0.00006509211240892634,0.1912278144136373,0.43306938313092436,3,0.0339903998375,0.033992532889066666,0.0339903998375,0.0339967989922,0.0000030165904548205336,0.008874273843214512,0.018826359003105187,candidate_vs_matching_baseline,1.327433659354052,24.666668427963923,1.3269955708168457,24.641798210039255,1.327245395766963,24.655982745215,24.641798210039255,24.666668427963923,True,True,False,False,False,False
bf16,1,17,1,128,1.0,warp32_transform,17,100,2909,true,4352,8704,5,0.0169280004501,0.01692928004262,0.0168703997135,0.0169728004932,0.00003606804142850672,0.21305124221292507,0.6049195237314446,5,0.0169216001034,0.01691776013374,0.0168768000603,0.0169664001465,0.000030452242316431805,0.1800016200472027,0.5295012626022156,5,0.0169280004501,0.01693695998192,0.0169151997566,0.0169664001465,0.00001966368110440935,0.11609923578611565,0.3024597621610857,3,0.0169280004501,0.0169258670012,0.0169216001034,0.0169280004501,0.0000030171523690105907,0.01782568874490555,0.03780923044554577,candidate_vs_matching_baseline,1.1043477728162254,9.448814529695259,1.1028744404585136,9.327847004573254,1.1024574521197956,9.293551594466642,9.293551594466642,9.448814529695259,True,True,False,False,False,False
bf16,1,17,1,256,1.0,baseline_fused,17,100,2909,true,8704,10948,5,0.0410368013382,0.04104191970824,0.0409855985641,0.0410879993439,0.00003674350766702939,0.08952677635021147,0.2495340193697747,5,0.0410816001892,0.04106496047974,0.0410304021835,0.0410879993439,0.000023461977708190643,0.05713381294928057,0.14020184251523407,5,0.0410752010345,0.04106240081786,0.0410368013382,0.0410816001892,0.00001854881553817096,0.0451722626264541,0.10906544550415091,3,0.0410752010345,0.0410645341873,0.0410368013382,0.0410816001892,0.000019783334478312528,0.0481762057450317,0.10906544550415091,baseline,,,,,,,,,,,,,,
bf16,1,17,1,256,1.0,baseline_split,17,100,2909,true,8704,28356,5,0.057312002182,0.05730816078184,0.0572800016403,0.057331199646,0.00001924223462730185,0.033576779231413396,0.08933208359641191,5,0.0573439979553,0.05744895935058,0.0572927999496,0.0576575994492,0.00015148481830723087,0.2636859222859039,0.636159864340746,5,0.057331199646,0.05737983894348,0.0572735977173,0.0576319980621,0.00012810203853431762,0.22325269797376052,0.6251401453536632,3,0.057331199646,0.057329066594433336,0.057312002182,0.0573439979553,0.00001314901286550302,0.02293603166178148,0.055808658283028,baseline,,,,,,,,,,,,,,
bf16,1,17,1,256,1.0,baseline_transform,17,100,2909,true,8704,17408,5,0.0200575995445,0.02003839993476,0.0199551999569,0.0201151990891,0.00006085036687374741,0.3036687912800469,0.7976983080404195,5,0.0200383996964,0.02002175974846,0.019903999567,0.0201151990891,0.0000788628287784765,0.3938856013120542,1.0539739964261838,5,0.0200640010834,0.0200217604637,0.019903999567,0.0200832009315,0.00006633872327437108,0.3313331182572332,0.8931486982836224,3,0.0200575995445,0.020053333441433335,0.0200383996964,0.0200640010834,0.00001087834180417016,0.05424704992783792,0.1276393366175364,baseline,,,,,,,,,,,,,,
bf16,1,17,1,256,1.0,optimized_fused,17,100,2909,true,8704,10948,5,0.0207103991508,0.0207257595062,0.0207039999962,0.0207615995407,0.000022390896295274323,0.10803414122689306,0.27811894923220454,5,0.0207103991508,0.0207257595062,0.0207103991508,0.0207615995407,0.000020480275180204593,0.09881555932402877,0.24722068139387943,5,0.0207103991508,0.02073471975324,0.0207103991508,0.0207744002342,0.00002985519171812989,0.1439864732845725,0.3090287296443953,3,0.0207103991508,0.0207103991508,0.0207103991508,0.0207103991508,0.0000,0.0,0.0,candidate_vs_matching_baseline,1.9814587367146341,49.532130976491885,1.9836218457244512,49.587165408798796,1.983312863041239,49.57931153299806,49.532130976491885,49.587165408798796,True,True,False,False,False,False
bf16,1,17,1,256,1.0,optimized_split,17,100,2909,true,8704,28356,5,0.0370303988457,0.03707519960404,0.0370303988457,0.0371456003189,0.00005490680139879074,0.14809576748120237,0.311099736408537,5,0.0370303988457,0.03701631975176,0.0368704009056,0.0371519994736,0.00008990976720518785,0.24289223728383466,0.7604524303758591,5,0.0370368003845,0.03704831981658,0.0369919991493,0.0371519994736,0.000054816197568719305,0.14795866004208852,0.4320036359484252,3,0.0370303988457,0.037032532691966665,0.0370303988457,0.0370368003845,0.000003017714330338592,0.008148819729505603,0.01728725317454168,candidate_vs_matching_baseline,1.5477014552505992,35.388055841939945,1.548565495992729,35.424106853230874,1.5479522812665336,35.39852538724252,35.388055841939945,35.424106853230874,True,True,False,False,False,False
bf16,1,17,1,256,1.0,optimized_transform,17,100,2909,true,8704,17408,5,0.0197119998932,0.01970304012298,0.0196736001968,0.0197311997414,0.000022390650974201908,0.11364058964731692,0.292205483523121,5,0.0197184002399,0.01970944023132,0.0196800005436,0.0197376000881,0.000024819854925634814,0.12592876628831867,0.2921106367617401,5,0.0197248005867,0.01971968007086,0.0196736001968,0.0197503995895,0.00002540710167635349,0.12884134826253016,0.38935446957970293,3,0.0197184002399,0.019718400239933334,0.0197119998932,0.0197248005867,0.000005225861238125802,0.02650246051676386,0.06491750519443898,candidate_vs_matching_baseline,1.0175324499377265,1.7230359521998029,1.0162284694806267,1.5969311988396462,1.0171966502378087,1.6905924959336294,1.5969311988396462,1.7230359521998029,False,True,False,False,False,False
bf16,1,17,1,256,1.0,warp32_fused,17,100,2909,true,8704,10948,5,0.0214016008377,0.02138496017456,0.021343998909,0.0214208006859,0.000031510274892342406,0.14734783060212428,0.35885996324495306,5,0.0214016008377,0.02138880014418,0.0213504004478,0.021414399147,0.00002684891532541478,0.12552791715490644,0.2990369724458445,5,0.021414399147,0.02138751935956,0.021343998909,0.021414399147,0.00003298306276151782,0.15421640166406086,0.3287518716576451,3,0.0214016008377,0.0214058669408,0.0214016008377,0.021414399147,0.000006033180862503124,0.028184706927257233,0.05980071022284333,candidate_vs_matching_baseline,1.9174641023073193,47.84778506170301,1.9195573499732177,47.904656247235735,1.918111302238164,47.86538201233985,47.84778506170301,47.904656247235735,True,True,False,False,False,False
bf16,1,17,1,256,1.0,warp32_split,17,100,2909,true,8704,28356,5,0.0368192005157,0.0368473601341,0.0367359995842,0.0369727993011,0.00010403464746265907,0.2823394866933257,0.643141930251912,5,0.0368384003639,0.03685888004302,0.0367616009712,0.03697920084,0.00007533538215261221,0.2043886902279293,0.5906876157772555,5,0.0369023990631,0.03688191986082,0.0367488002777,0.0369727993011,0.00008656781009420288,0.2347161167880652,0.6070039593278964,3,0.0368384003639,0.03685333331423333,0.0368192005157,0.0369023990631,0.00003556912824918934,0.0965153625206868,0.22584734021603445,candidate_vs_matching_baseline,1.5565792135427197,35.75656212676546,1.556636482280446,35.75892564621015,1.55359004025642,35.63295502107171,35.63295502107171,35.75892564621015,True,True,False,False,False,False
bf16,1,17,1,256,1.0,warp32_transform,17,100,2909,true,8704,17408,5,0.0175616002083,0.01753855991366,0.017427200079,0.0176127994061,0.00007202201109815569,0.4106495142857252,1.0568474677625443,5,0.0175616002083,0.017528320074099998,0.017427200079,0.0176127994061,0.00006643660527486046,0.37902437309453163,1.0568474677625443,5,0.0175872004032,0.01754367995264,0.0174528002739,0.0176127994061,0.00007211302141785011,0.4110484323273261,0.9097475921800917,3,0.0175616002083,0.0175701336066,0.0175616002083,0.0175872004032,0.000012068047608991925,0.06868500763396992,0.1457737028309166,candidate_vs_matching_baseline,1.1421282403992055,12.444157789980547,1.1410349546010852,12.360265917567103,1.14082972977037,12.34450033123845,12.34450033123845,12.444157789980547,True,True,False,False,False,False
bf16,1,257,1,64,1.0,baseline_fused,257,100,2909,true,32896,42148,5,0.0422847986221,0.04221440029144,0.0420671987534,0.0423040008545,0.00010311747991943912,0.2442708630408963,0.5600170955437401,5,0.0422720003128,0.04220415973662,0.042073597908,0.0422976016998,0.00010180656089720046,0.24122399671628633,0.5299105557873627,5,0.0422656011581,0.042209280014019996,0.042099199295,0.0422976016998,0.0000878839254684019,0.20820996103039632,0.46941815415767874,3,0.0422720003128,0.04227413336433333,0.0422656011581,0.0422847986221,0.000007981148106244553,0.01887950732770845,0.04541413668136307,baseline,,,,,,,,,,,,,,
bf16,1,257,1,64,1.0,baseline_split,257,100,2909,true,32896,107940,5,0.0751488018036,0.07517056083678,0.0748799991608,0.0755072021484,0.0002580275382621434,0.34325610370581916,0.8346147543898089,5,0.0750719976425,0.07514623832702,0.0748543977737,0.0754303979874,0.00023457968116293842,0.3121642365411545,0.7672637358645584,5,0.075372800827,0.07533824062348,0.0749440002441,0.0755647993088,0.00021294214000603606,0.28264814554173473,0.8236380469990794,3,0.0751488018036,0.0751978667577,0.0750719976425,0.075372800827,0.00012760921137588688,0.1696979141536886,0.40027675396096857,baseline,,,,,,,,,,,,,,
bf16,1,257,1,64,1.0,baseline_transform,257,100,2909,true,32896,65792,5,0.0368127989769,0.03681023979186,0.036742401123,0.0368576002121,0.00003831408284326929,0.1040853932490324,0.3129321657184771,5,0.0368768000603,0.03687295961382,0.0367871999741,0.0369343996048,0.00004917581626422011,0.1333655252500778,0.39916595382273984,5,0.0368192005157,0.03684352016448,0.0368000006676,0.0369023990631,0.00003911806081785655,0.10617351611144199,0.27811140401142825,3,0.0368192005157,0.036836266517633334,0.0368127989769,0.0368768000603,0.00002878044458290964,0.07813073175896527,0.1738252936065527,baseline,,,,,,,,,,,,,,
bf16,1,257,1,64,1.0,optimized_fused,257,100,2909,true,32896,42148,5,0.0382719993591,0.03831680011748,0.0382272005081,0.0384448003769,0.00009096135543901926,0.2373928803034964,0.5685615396214246,5,0.038278400898,0.038314239978799996,0.0381951999664,0.0384191989899,0.0000878080078505552,0.2291785192637021,0.5851838588996807,5,0.0382464003563,0.03830656003952,0.0382080006599,0.0384256005287,0.00009540914691396901,0.24906738379937426,0.5689420880732828,3,0.0382719993591,0.038265600204466665,0.0382464003563,0.038278400898,0.000013825593472237122,0.03613060659799422,0.08361345692903188,candidate_vs_matching_baseline,1.1048494808266627,9.489933483809288,1.1043303617996398,9.44738688788932,1.105087034710652,9.509389886034391,9.44738688788932,9.509389886034391,True,True,False,False,False,False
bf16,1,257,1,64,1.0,optimized_split,257,100,2909,true,32896,107940,5,0.0715583992004,0.07147903919218,0.0712383985519,0.0716224002838,0.00014737281816210343,0.20617627185205142,0.5366270573278186,5,0.0715136003494,0.0714470396042,0.0711999988556,0.0715967988968,0.00013896104347988472,0.1944951732775726,0.5548595501573351,5,0.0716224002838,0.07154559993742001,0.0712703990936,0.0716480016708,0.00014155479019057832,0.19785254483070158,0.5272129608945855,3,0.0715583992004,0.07156479994453333,0.0715136003494,0.0716224002838,0.00004464738570515222,0.06238735487244624,0.15204355549558302,candidate_vs_matching_baseline,1.0501744399444297,4.777724350926372,1.0497583295445123,4.739979492813584,1.0523635137657945,4.975800954787568,4.739979492813584,4.975800954787568,False,True,False,False,False,False
bf16,1,257,1,64,1.0,optimized_transform,257,100,2909,true,32896,65792,5,0.0380672001839,0.03814143991472,0.0379327988625,0.0385472011566,0.00021348082115814848,0.5597083425153002,1.6139939137416681,5,0.038015999794,0.03811711978912,0.0380031991005,0.0384256005287,0.0001613208801524854,0.42322421275526756,1.1111148739712247,5,0.0380288004875,0.03814271974562,0.0379839992523,0.0385344004631,0.0002056545669251829,0.5391712187718303,1.4473272986375492,3,0.0380288004875,0.038037333488466665,0.038015999794,0.0380672001839,0.00002175590434189873,0.05719618686860728,0.13463582664624382,candidate_vs_matching_baseline,0.9670477155940002,-3.4075138046067543,0.9700336768762345,-3.089204409919555,0.9681925289177187,-3.2852423595787217,-3.4075138046067543,-3.089204409919555,False,False,True,True,True,True
bf16,1,257,1,64,1.0,warp32_fused,257,100,2909,true,32896,42148,5,0.021414399147,0.02140543985364,0.021369600296,0.0214335989952,0.00002514743077034396,0.11748149508858438,0.2988582530879217,5,0.0213888001442,0.02137983989714,0.0212736010551,0.0214335989952,0.000057471264947836595,0.2688105487428116,0.7480454210676639,5,0.0214208006859,0.02137600040436,0.0212224006653,0.0214271998405,0.00007796438403842137,0.36472858609470843,0.956076190629068,3,0.021414399147,0.02140799999236667,0.0213888001442,0.0214208006859,0.000013825593472237122,0.06458143440380622,0.14943469335904053,candidate_vs_matching_baseline,1.9745965474835088,49.35674321549721,1.9763614615036225,49.40196823919059,1.9731102388680013,49.31859455690054,49.31859455690054,49.40196823919059,True,True,False,False,False,False
bf16,1,257,1,64,1.0,warp32_split,257,100,2909,true,32896,107940,5,0.0439359998703,0.04372863960268,0.0430143976212,0.0441279983521,0.00042969959819763603,0.9826502770310308,2.534597446711982,5,0.0430272006989,0.04321536064148,0.0427648019791,0.0437951993942,0.0004320184262236849,0.9996871941154524,2.3947581956600303,5,0.0432768011093,0.04329984092712,0.0429120016098,0.0437056016922,0.0002652286618247064,0.612539575540532,1.8337771324541274,3,0.0432768011093,0.043413333892833336,0.0430272006989,0.0439359998703,0.0003833709119715535,0.8830718067354884,2.0999684544722537,candidate_vs_matching_baseline,1.7104151954078852,41.53466347324349,1.7447567218663895,42.68541926405152,1.7416444583470545,42.58299992243699,41.53466347324349,42.68541926405152,True,True,False,False,False,False
bf16,1,257,1,64,1.0,warp32_transform,257,100,2909,true,32896,65792,5,0.0215808010101,0.021585919857,0.0215551996231,0.0216127991676,0.00002339247729192492,0.10836914732794711,0.26690179142582937,5,0.0216000008583,0.02160000038146,0.0215808010101,0.0216192007065,0.000014593990651556386,0.06756477034177692,0.17777636515807654,5,0.0216000008583,0.02159360027312,0.0215680003166,0.0216127991676,0.00001668878239163805,0.07728577995589031,0.20740207972160846,3,0.0216000008583,0.0215936009089,0.0215808010101,0.0216000008583,0.000009050895239981333,0.041914710187363535,0.08888818257903827,candidate_vs_matching_baseline,1.7058124468907012,41.37690800516979,1.7072591942110849,41.42658575857929,1.7045925487337135,41.33495416585814,41.33495416585814,41.42658575857929,True,True,False,False,False,False
bf16,1,257,1,128,1.0,baseline_fused,257,100,2909,true,65792,83268,5,0.0691455984116,0.06914815998078,0.0690623998642,0.0692288017273,0.00005646539721710654,0.08165856796883868,0.24065431050210714,5,0.069260802269,0.06920320034028,0.0689919996262,0.0693824005127,0.000137265386129788,0.19835121129490904,0.5636678665426618,5,0.0691775989532,0.0691763191223,0.0690687990189,0.0692479991913,0.00005968159525624696,0.08627460381454109,0.2590436429012722,3,0.0691775989532,0.0691946665446,0.0691455984116,0.069260802269,0.00004855552970299249,0.07017235883591638,0.16653347202456092,baseline,,,,,,,,,,,,,,
bf16,1,257,1,128,1.0,baseline_split,257,100,2909,true,65792,214852,5,0.103219203949,0.1033433628084,0.102931203842,0.103814401627,0.0003900664206859281,0.3774469981290589,0.8556525832502795,5,0.103756799698,0.103564798355,0.103091201782,0.103916797638,0.00032308156282541134,0.3119607897250478,0.7957028921507115,5,0.103788795471,0.1035814418792,0.103148803711,0.103942403793,0.0003539973400033934,0.34175749398838884,0.7646298219365502,3,0.103756799698,0.10358826637266667,0.103219203949,0.103788795471,0.0002612932411353192,0.2522421218975679,0.5489678976779153,baseline,,,,,,,,,,,,,,
bf16,1,257,1,128,1.0,baseline_transform,257,100,2909,true,65792,131584,5,0.0441535997391,0.0437491197586,0.0429759979248,0.0442944002151,0.0005585615568066217,1.2767378175576256,2.9859451960663024,5,0.0440447998047,0.04362368011476,0.0428416013718,0.0440447998047,0.0005244622565977158,1.2022421199174915,2.7317604762313,5,0.0440191984177,0.04374271869662,0.0431807994843,0.0442047977448,0.0004472381186291903,1.0224287194653685,2.326253764966894,3,0.0440447998047,0.044072532653833335,0.0440191984177,0.0441535997391,0.000058268127304190974,0.13220961854372337,0.30514685501116484,baseline,,,,,,,,,,,,,,
bf16,1,257,1,128,1.0,optimized_fused,257,100,2909,true,65792,83268,5,0.0398271989822,0.03982719993592,0.0397568011284,0.0398783993721,0.00004340666239756849,0.10898748209115296,0.30531457598699163,5,0.0397760009766,0.03976448011398,0.0396799993515,0.0398144006729,0.00005094399629116169,0.12811432752329963,0.33789551010687613,5,0.0398144006729,0.03981440019608,0.0397248005867,0.0398656010628,0.00005039359507269061,0.12657127779022076,0.35364208356862536,3,0.0398144006729,0.039805866877233335,0.0397760009766,0.0398271989822,0.00002175512500101522,0.054653061741152274,0.12859167721906264,candidate_vs_matching_baseline,1.736140129826938,42.40096275525398,1.7412711325541683,42.570689807901495,1.7375019536658831,42.446107879755665,42.40096275525398,42.570689807901495,True,True,False,False,False,False
bf16,1,257,1,128,1.0,optimized_split,257,100,2909,true,65792,214852,5,0.0771903991699,0.07712639999388,0.0768576002121,0.0772480010986,0.00014655890127840193,0.19002429944873794,0.5057635284936297,5,0.0770431995392,0.0771212797165,0.0770047998428,0.077312002182,0.0001251793659196089,0.16231494910324595,0.39874037038622356,5,0.0771456003189,0.07705727958680001,0.0767360019684,0.0773439979553,0.0002631128523216805,0.34145100077832496,0.788114920859641,3,0.0771456003189,0.077126399676,0.0770431995392,0.0771903991699,0.00006160861052041341,0.07988005505148014,0.19080755103533567,candidate_vs_matching_baseline,1.3372026192248245,25.217017554175946,1.3467353422310553,25.746360948442902,1.3453624709894527,25.67058903727665,25.217017554175946,25.746360948442902,True,True,False,False,False,False
bf16,1,257,1,128,1.0,optimized_transform,257,100,2909,true,65792,131584,5,0.0425279998779,0.04260223960876,0.0424832010269,0.0428416013718,0.00013262730068325732,0.3113153249717559,0.8427397148443148,5,0.042624001503,0.04260736083984,0.0424384021759,0.0427072000504,0.00009753201294283972,0.228908834108407,0.6306256217663574,5,0.042553601265,0.04258048057558,0.0425343990326,0.0426560020447,0.00005013397643441445,0.11773933914490953,0.28576432660241297,3,0.042553601265,0.0425685342153,0.0425279998779,0.042624001503,0.000040590005000878934,0.09535213215373073,0.22560164650262376,candidate_vs_matching_baseline,1.0382242255894276,3.681692706383033,1.0333332923141905,3.225802610069717,1.0344412014290654,3.3294498886437873,3.225802610069717,3.681692706383033,False,True,False,False,False,False
bf16,1,257,1,128,1.0,warp32_fused,257,100,2909,true,65792,83268,5,0.0291968011856,0.0294323196411,0.0289791989326,0.0299519991875,0.0004272862521260635,1.4517586698446652,3.331872723713962,5,0.0289791989326,0.02927999973298,0.0288703989983,0.0298688006401,0.0004414983919245987,1.507849712946923,3.445235474321046,5,0.0287551999092,0.02909823942182,0.0284671998024,0.0298047995567,0.000571983745268593,1.965698807329482,4.651679551954867,3,0.0289791989326,0.0289770666758,0.0287551999092,0.0291968011856,0.00018028927074532639,0.6221791624474321,1.5238560507730927,candidate_vs_matching_baseline,2.3682593847199587,57.77489550122704,2.39001783417434,58.15930803104396,2.4057422369394543,58.43278699416346,57.77489550122704,58.43278699416346,True,True,False,False,False,False
bf16,1,257,1,128,1.0,warp32_split,257,100,2909,true,65792,214852,5,0.0556799983978,0.05503232002258,0.0539455986023,0.0558336019516,0.0008656003841919789,1.572894589646265,3.390810710538019,5,0.0558016014099,0.05520512008666,0.0540799999237,0.0559104013443,0.0008165904383243638,1.4791933013504814,3.28019514557383,5,0.0555263996124,0.05498112010956,0.0539455986023,0.0557952022552,0.0007948326845524143,1.4456465837155807,3.3310347254838986,3,0.0556799983978,0.05566933314003333,0.0555263996124,0.0558016014099,0.0001126034875991273,0.20227202527445237,0.4942561160541926,candidate_vs_matching_baseline,1.8537932277145746,46.0565512350675,1.8593874920512954,46.21884871900532,1.8691792768033564,46.50058384393253,46.0565512350675,46.50058384393253,True,True,False,False,False,False
bf16,1,257,1,128,1.0,warp32_transform,257,100,2909,true,65792,131584,5,0.0263488006592,0.02641280031206,0.0262400007248,0.0266431999207,0.00016266571303570443,0.6158593981473134,1.5302373763232962,5,0.0263551998138,0.02638208007812,0.0261504006386,0.0266623997688,0.00018310670816719035,0.6940571312989458,1.9426873399453748,5,0.0263807988167,0.02642815923692,0.0262463998795,0.0266687989235,0.00014187786485163645,0.5368435371519702,1.6011609312323205,3,0.0263551998138,0.026361599763233333,0.0263488006592,0.0263807988167,0.000013824857694521549,0.05244316664652179,0.12141117398490517,candidate_vs_matching_baseline,1.6757347064934907,40.324682891331854,1.6711996158586302,40.162743545975545,1.6686074869664012,40.06978826290405,40.06978826290405,40.324682891331854,True,True,False,False,False,False
bf16,1,257,1,256,1.0,baseline_fused,257,100,2909,true,131584,165508,5,0.1100096035,0.1100761604308,0.109875202179,0.110323200226,0.0001562750975686684,0.1419699751127417,0.4072353983168376,5,0.110060796738,0.1101171207428,0.109932804108,0.110304002762,0.00014146134406790536,0.12846444141807511,0.33726691519745794,5,0.1099903965,0.1098419189454,0.108825597763,0.110284795761,0.000521989355989382,0.47521871522369474,1.3266594579463975,3,0.1100096035,0.11002026557933333,0.1099903965,0.110060796738,0.00002971316576195992,0.027006993307550575,0.06399462934160163,baseline,,,,,,,,,,,,,,
bf16,1,257,1,256,1.0,baseline_split,257,100,2909,true,131584,428676,5,0.152863998413,0.1532531204224,0.152256002426,0.154252796173,0.0008269355313626731,0.5395880547707304,1.306255081464744,5,0.152441596985,0.1526105594636,0.151929597855,0.153926401138,0.0006898440470546269,0.45202904011315514,1.309880847808537,5,0.152569599152,0.152614397049,0.149561595917,0.154399995804,0.0017493342971415724,1.146244607957867,3.1712739063957764,3,0.152569599152,0.15262506485,0.152441596985,0.152863998413,0.00017684847437864246,0.11587118705073064,0.2768581882286891,baseline,,,,,,,,,,,,,,
bf16,1,257,1,256,1.0,baseline_transform,257,100,2909,true,131584,263168,5,0.0505215978622,0.05144191932676,0.0498687982559,0.0535232019424,0.0015909510811866203,3.092713300763275,7.233349381521053,5,0.0502207994461,0.0513510389328,0.0499071979523,0.053363199234,0.0015739245580902204,3.0650296290011196,6.881613434706842,5,0.0500479984283,0.05131903934478,0.0499520015717,0.053407998085,0.0016312466081808141,3.178638238376804,6.905364094132849,3,0.0502207994461,0.05026346524553333,0.0500479984283,0.0505215978622,0.00019568577495322043,0.3893201035728631,0.943034438167983,baseline,,,,,,,,,,,,,,
bf16,1,257,1,256,1.0,optimized_fused,257,100,2909,true,131584,165508,5,0.0470976018906,0.047104000091559996,0.0469888019562,0.047295999527,0.00010823339745272427,0.22977538477059684,0.6522573516876066,5,0.0471808004379,0.04716928005218,0.0470399999619,0.0472639989853,0.00007758485676657323,0.16448174888560235,0.4747673234048415,5,0.0471744012833,0.04707839965818,0.0468287992477,0.0473023986816,0.0001800213047745454,0.3823862027630886,1.0039331099421132,3,0.0471744012833,0.047150934537266664,0.0470976018906,0.0471808004379,0.000037802254740975434,0.08017286425383081,0.17636375881139812,candidate_vs_matching_baseline,2.3357792983926076,57.187735986522306,2.332745432813576,57.13205624868043,2.3315695272837984,57.11043619767295,57.11043619767295,57.187735986522306,True,True,False,False,False,False
bf16,1,257,1,256,1.0,optimized_split,257,100,2909,true,131584,428676,5,0.092025604248,0.09206144142149999,0.0918591976166,0.0924160003662,0.00018744927066252143,0.20361322587193884,0.6050519897695719,5,0.0920960044861,0.09212928199768,0.0916736030579,0.0925119972229,0.0003046649438260229,0.3306928451192043,0.9103480326625347,5,0.0919487953186,0.09138303756714001,0.0889087963104,0.0920895957947,0.0012386187461603344,1.35541428599406,3.4593161044455396,3,0.092025604248,0.09202346801756667,0.0919487953186,0.0920960044861,0.00006011687150519706,0.06532776127685294,0.15996544516380481,candidate_vs_matching_baseline,1.6611029035033171,39.79903364860966,1.655246585730089,39.58604061648469,1.6592887228522202,39.73321301906647,39.58604061648469,39.79903364860966,True,True,False,False,False,False
bf16,1,257,1,256,1.0,optimized_transform,257,100,2909,true,131584,263168,5,0.0531008005142,0.05316736030578,0.0529023981094,0.0534528017044,0.00020827501495968345,0.3917347292809667,1.036525983921489,5,0.0532032012939,0.053317120552060004,0.0529856014252,0.0537919998169,0.0003152123250270092,0.5912028289660335,1.5156952440612959,5,0.0531712007523,0.05276928043366,0.0509119987488,0.0533504009247,0.0009318496277957614,1.7658941341208083,4.585945288802827,3,0.0531712007523,0.05315840085346667,0.0531008005142,0.0532032012939,0.00004277349629852245,0.08046422693645237,0.1925869234682812,candidate_vs_matching_baseline,0.9514281775976186,-5.105148611955834,0.9439431880926694,-5.938578996538868,0.9412613918848747,-6.240414046676368,-6.240414046676368,-5.105148611955834,False,False,True,True,True,True
bf16,1,257,1,256,1.0,warp32_fused,257,100,2909,true,131584,165508,5,0.0372031998634,0.03721216011046,0.0370688009262,0.0373952007294,0.00012294653855003894,0.330393447155678,0.877343358631665,5,0.0372991991043,0.0373388800621,0.0372095990181,0.0374720001221,0.00010267209008698477,0.2749736733298538,0.7035033199137722,5,0.0373248004913,0.03728128004074,0.036908800602,0.0375103998184,0.0002048956133414215,0.5495938259563968,1.611794861543145,3,0.0372991991043,0.037275733153000004,0.0372031998634,0.0373248004913,0.00005234288445261108,0.14042080470360502,0.3260140453953679,candidate_vs_matching_baseline,2.9569930517784826,66.18186169228399,2.9507549593822713,66.11036789685356,2.9468448605810376,66.06540054494667,66.06540054494667,66.18186169228399,True,True,False,False,False,False
bf16,1,257,1,256,1.0,warp32_split,257,100,2909,true,131584,428676,5,0.0711359977722,0.07229951858522,0.0694464015961,0.075935997963,0.0023002071981108125,3.181497253539165,9.12280219598767,5,0.0724671983719,0.0725196800232,0.0715072011948,0.0737152004242,0.0007028048877923871,0.96912298505392,3.0468947040957772,5,0.0723839998245,0.07200255966188,0.0700159978867,0.0734592008591,0.0013024699649435634,1.808921753698604,4.75685646102491,3,0.0723839998245,0.07199573198953333,0.0711359977722,0.0724671983719,0.0006088720133233714,0.8457057057380688,1.8390812927271012,candidate_vs_matching_baseline,2.1488979307286717,53.46451845384257,2.1035944594224993,52.462320124453534,2.107780718417268,52.55673461369834,52.462320124453534,53.46451845384257,True,True,False,False,False,False
bf16,1,257,1,256,1.0,warp32_transform,257,100,2909,true,131584,263168,5,0.0352448010445,0.03508992052078,0.0341696000099,0.0361344003677,0.0006706199503427377,1.911146962973602,5.5747239296917845,5,0.0352128005028,0.03541887998582,0.0350207996368,0.0360640001297,0.0003706345401201529,1.046432129611487,2.9625604269022765,5,0.0353279995918,0.03541887998578,0.0345792007446,0.0361087989807,0.0005574599853318841,1.5739063052126256,4.329705202031977,3,0.0352448010445,0.03526186704636667,0.0352128005028,0.0353279995918,0.00004855336474019986,0.1376936867136272,0.32685413333600793,candidate_vs_matching_baseline,1.4334482353414777,30.238150541810192,1.4262086153047275,29.884030339675284,1.4166666385468556,29.4117633047568,29.4117633047568,30.238150541810192,True,True,False,False,False,False
bf16,4,64,16,64,1.0,baseline_fused,4096,100,2909,true,524288,671744,5,0.158745603561,0.15880447959880001,0.158284797668,0.159379196167,0.00045224784368811394,0.2847828001015226,0.6894039736851402,5,0.159014396667,0.1590451183316,0.158464002609,0.1596352005,0.0004233177733423835,0.2661620663262296,0.7365357574840569,5,0.158777599335,0.1587340793612,0.158476800919,0.158956804276,0.00020747894442637854,0.13070850649170265,0.30231176123734615,3,0.158777599335,0.158845866521,0.158745603561,0.159014396667,0.0001198825535584773,0.07547099347569639,0.16928906037487418,baseline,,,,,,,,,,,,,,
bf16,4,64,16,64,1.0,baseline_split,4096,100,2909,true,524288,1720320,5,0.308204803467,0.3081907196046,0.307955207825,0.308435192108,0.0001946417125442666,0.06315625363216205,0.15573549717612184,5,0.308057594299,0.3081216011048,0.307878398895,0.308582401276,0.00026022097800370236,0.08445398734481929,0.22852946787499293,5,0.307443199158,0.307484161377,0.307302398682,0.307667198181,0.00015374008528558708,0.04999935105505793,0.11865590131741309,3,0.308057594299,0.30790186564133336,0.307443199158,0.308204803467,0.00032984727979861744,0.10712740538663956,0.24722789604749623,baseline,,,,,,,,,,,,,,
bf16,4,64,16,64,1.0,baseline_transform,4096,100,2909,true,524288,1048576,5,0.166361598969,0.1664627189638,0.166131191254,0.16704000473,0.0003350687677682482,0.20128757349032264,0.546288014561194,5,0.166566390991,0.1666303939818,0.166009597778,0.1673279953,0.00042191417427442923,0.2532036108133503,0.7915147312468541,5,0.166508808136,0.166547203064,0.165926399231,0.167231998444,0.00043012594342071786,0.25826068256182666,0.7841021911186913,3,0.166508808136,0.16647893269866665,0.166361598969,0.166566390991,0.00008623359509922217,0.05179850309066333,0.12299170493895051,baseline,,,,,,,,,,,,,,
bf16,4,64,16,64,1.0,optimized_fused,4096,100,2909,true,524288,671744,5,0.128614397049,0.1285747203826,0.128339195251,0.128857603073,0.00020028819427091235,0.1557757183332108,0.4030713776176204,5,0.128921604156,0.1288320007324,0.127929601669,0.129491195679,0.0005701798460140604,0.44257625649887594,1.2112741074105824,5,0.128627195358,0.1287321605682,0.128326396942,0.129516801834,0.0004129195061219207,0.3207586234079893,0.9254690570581318,3,0.128627195358,0.12872106552099999,0.128614397049,0.128921604156,0.00014189845494593195,0.11023716621020524,0.23883526819113207,candidate_vs_matching_baseline,1.2342755337143205,18.980813223228388,1.2334193148464596,18.924571071397278,1.2344014723564816,18.989079129094645,18.924571071397278,18.989079129094645,True,True,False,False,False,False
bf16,4,64,16,64,1.0,optimized_split,4096,100,2909,true,524288,1720320,5,0.275782394409,0.276006401062,0.275359992981,0.277280006409,0.0006821119620567352,0.247136283590579,0.6962059460374841,5,0.277152004242,0.2768294410706,0.275507202148,0.277395191193,0.0006765921320026553,0.2444075779606489,0.6812106772107305,5,0.2761536026,0.27645568084720003,0.275929603577,0.277587203979,0.0006105666339381434,0.22085515915862478,0.6002458003059046,3,0.2761536026,0.2763626670836667,0.275782394409,0.277152004242,0.0005783532613726995,0.20927329565740785,0.4959594298625927,candidate_vs_matching_baseline,1.117565188044295,10.519761111209124,1.111511335238313,10.032406481433187,1.1133050456825726,10.177358498640853,10.032406481433187,10.519761111209124,True,True,False,False,False,False
bf16,4,64,16,64,1.0,optimized_transform,4096,100,2909,true,524288,1048576,5,0.158079996109,0.15805439949040002,0.15754240036,0.158425598145,0.0002888373552602833,0.18274553330470683,0.5587030660040219,5,0.158035202026,0.1580147209166,0.157561597824,0.158380804062,0.00029743000747677384,0.18822930278360397,0.5183694692687802,5,0.157824001312,0.1579455986024,0.157478399277,0.158515195847,0.0004165402958159092,0.26372390209142543,0.656932127801258,3,0.158035202026,0.157979733149,0.157824001312,0.158079996109,0.00011162715099681507,0.07065915910335975,0.16198593333520925,candidate_vs_matching_baseline,1.0523886833492178,4.978073612735113,1.0539828396182038,5.1217949276819885,1.0550284288308667,5.215824268531466,4.978073612735113,5.215824268531466,False,True,False,False,False,False
bf16,4,64,16,64,1.0,warp32_fused,4096,100,2909,true,524288,671744,5,0.147763204575,0.1478604812624,0.146905603409,0.148806400299,0.0006145241445279734,0.41561081046220233,1.286380391835097,5,0.147443199158,0.147889919281,0.146694402695,0.149683198929,0.001023217990398555,0.6918781181118758,2.0270831418933164,5,0.148140802383,0.1482099208828,0.146752004623,0.149587202072,0.0010206124739036746,0.6886262861652458,1.9138531744076384,3,0.147763204575,0.14778240203866667,0.147443199158,0.148140802383,0.0002851186558154609,0.19293139905850276,0.4721088900355521,candidate_vs_matching_baseline,1.074324315160786,6.9182381997620945,1.0784790181919501,7.2768238295000565,1.0718019396472542,6.699179856950566,6.699179856950566,7.2768238295000565,True,True,False,False,False,False
bf16,4,64,16,64,1.0,warp32_split,4096,100,2909,true,524288,1720320,5,0.258841590881,0.25871360015839997,0.257196807861,0.260262393951,0.0010704071370344517,0.4137421211637441,1.1843483419978393,5,0.258502407074,0.2585471992492,0.258156795502,0.259097595215,0.000316265742500649,0.12232418042781316,0.3639423414462336,5,0.258752002716,0.2587763214108,0.257478408813,0.260256004333,0.0009129491531673594,0.352794702463553,1.0734585591009536,3,0.258752002716,0.25869866689033336,0.258502407074,0.258841590881,0.00014351526389762723,0.055475842076320295,0.13108451468577176,candidate_vs_matching_baseline,1.190708194992876,16.016367049024716,1.1917010668717454,16.086338445174587,1.1881770804898555,15.83746089533008,15.83746089533008,16.086338445174587,True,True,False,False,False,False
bf16,4,64,16,64,1.0,warp32_transform,4096,100,2909,true,524288,1048576,5,0.0908672046661,0.09088256072996,0.0897408008575,0.0915647983551,0.0006441656738118994,0.7087890885094154,2.007322118362107,5,0.0904640007019,0.09067776107787999,0.0899967956543,0.0918208026886,0.0006189791792562871,0.6826140962221898,2.016279426233342,5,0.0909440040588,0.09097216033934001,0.090713596344,0.0914560031891,0.00026485956255808424,0.2911435339889893,0.8163340208992804,3,0.0908672046661,0.09075840314226667,0.0904640007019,0.0909440040588,0.00021052178723377998,0.23195845227001233,0.5282470817318705,candidate_vs_matching_baseline,1.8308211370682215,45.379699865091894,1.8412450223141814,45.688923099265565,1.8308937445545441,45.381865934371866,45.379699865091894,45.688923099265565,True,True,False,False,False,False
bf16,4,64,16,128,1.0,baseline_fused,4096,100,2909,true,1048576,1327104,5,0.210726394653,0.2108172760008,0.210655994415,0.211116790771,0.00016734932875481606,0.07938122146791282,0.21867045025792306,5,0.210899200439,0.2109657592772,0.210758399963,0.21125120163,0.00018267038275456282,0.08658769242004896,0.2336669204881817,5,0.210969600677,0.2110271987914,0.210879993439,0.211289596558,0.00015177605563060975,0.07192250880448833,0.19415267303231493,3,0.210899200439,0.21086506525633334,0.210726394653,0.210969600677,0.00010218023471375108,0.048457640239998025,0.11531860883954978,baseline,,,,,,,,,,,,,,
bf16,4,64,16,128,1.0,baseline_split,4096,100,2909,true,1048576,3424256,5,0.432441596985,0.4325030364992,0.430937614441,0.433958396912,0.000969458327423474,0.2241506407146964,0.698541142216899,5,0.4315391922,0.4316774368286,0.430790405273,0.432979202271,0.000716281625830181,0.1659298273943803,0.5072070017190071,5,0.431705589294,0.4318323135376,0.431059188843,0.432742385864,0.0005845035628804207,0.13535429020865236,0.3898946556964131,3,0.431705589294,0.431895459493,0.4315391922,0.432441596985,0.00039210680377412804,0.09078743366147456,0.20903245345415994,baseline,,,,,,,,,,,,,,
bf16,4,64,16,128,1.0,baseline_transform,4096,100,2909,true,1048576,2097152,5,0.235110397339,0.2351667175294,0.234310398102,0.235865592957,0.000527034039855395,0.2241108118496855,0.6614742999892083,5,0.234297599792,0.234306560516,0.233676795959,0.234835205078,0.00040833312523047255,0.17427302262950886,0.49441783442441883,5,0.234419193268,0.2344140777588,0.232742404938,0.236051197052,0.0011348558213233662,0.48412443150751133,1.411485155235228,3,0.234419193268,0.23460906346633334,0.234297599792,0.235110397339,0.0003579552879561566,0.15257521711539657,0.3467282416891397,baseline,,,,,,,,,,,,,,
bf16,4,64,16,128,1.0,optimized_fused,4096,100,2909,true,1048576,1327104,5,0.178111991882,0.178077442169,0.17793920517,0.17821439743,0.00009778092915812478,0.054909217005334236,0.15450518356018333,5,0.178636798859,0.1786022415162,0.178489608765,0.178694400787,0.00007201923987848027,0.04032381635700122,0.11464156506836923,5,0.178444805145,0.1785510368346,0.178284797668,0.179123191833,0.00029444232537626114,0.16490653350224815,0.46983388746941857,3,0.178444805145,0.17839786529533333,0.178111991882,0.178636798859,0.00021680729214675953,0.12153020541352348,0.29410045115830163,candidate_vs_matching_baseline,1.1831117738136754,15.47713224283348,1.180603334733204,15.297545705646943,1.1822680996825383,15.416816179974813,15.297545705646943,15.47713224283348,True,True,False,False,False,False
bf16,4,64,16,128,1.0,optimized_split,4096,100,2909,true,1048576,3424256,5,0.39505279541,0.3950067214966,0.39401599884,0.395763206482,0.0006407866405112423,0.16222170551514473,0.4422719348654813,5,0.394463996887,0.39479552459720003,0.394086418152,0.395622406006,0.0005936144457135855,0.15035997338602947,0.38938606973553286,5,0.394598388672,0.394764793396,0.393753585815,0.395904006958,0.0007061566110783221,0.1788803416342034,0.5449645018159212,3,0.394598388672,0.394705060323,0.394463996887,0.39505279541,0.00025193260476701396,0.06382806558417298,0.1492146293302287,candidate_vs_matching_baseline,1.0946425440078118,8.645977129784976,1.0939887939218462,8.591385436856736,1.0940378919105127,8.595487652287325,8.591385436856736,8.645977129784976,True,True,False,False,False,False
bf16,4,64,16,128,1.0,optimized_transform,4096,100,2909,true,1048576,2097152,5,0.229043197632,0.2291200027466,0.228544006348,0.229977607727,0.0005386975667435678,0.23511590445437955,0.6259087341695803,5,0.22949760437,0.2294860801696,0.229017601013,0.229811191559,0.00026798585310082135,0.11677651773160636,0.3457946971509899,5,0.229401607513,0.2293683242798,0.228896007538,0.229759998322,0.00027688574944908095,0.12071664660692895,0.37662804256986193,3,0.229401607513,0.229314136505,0.229043197632,0.22949760437,0.00019555008534107976,0.08527607077412602,0.19808350208455552,candidate_vs_matching_baseline,1.0264893250257014,2.580574817476855,1.0209152310551415,2.0486746028389735,1.0218724960535233,2.1404329931566823,2.0486746028389735,2.580574817476855,False,True,False,False,False,False
bf16,4,64,16,128,1.0,warp32_fused,4096,100,2909,true,1048576,1327104,5,0.182118396759,0.182378238678,0.181728000641,0.183347206116,0.0005748870726295042,0.31521692324515904,0.8890949535113247,5,0.183059196472,0.182977279663,0.18248960495,0.183327999115,0.00028785159859645587,0.15731548699740705,0.45799073805518886,5,0.182585601807,0.1827353591918,0.182419204712,0.183219203949,0.00031878504716583705,0.1744517583109017,0.43815023149832494,3,0.182585601807,0.18258773167933333,0.182118396759,0.183059196472,0.0003840828272324717,0.21035522140502344,0.5152650064896417,candidate_vs_matching_baseline,1.1570846131039545,13.575896812123778,1.1520819740474404,13.20062091703016,1.155455844212749,13.454070529079043,13.20062091703016,13.575896812123778,True,True,False,False,False,False
bf16,4,64,16,128,1.0,warp32_split,4096,100,2909,true,1048576,3424256,5,0.312531204224,0.3127910385132,0.312102394104,0.313593597412,0.00055737563508286,0.1781942467828529,0.4771374147111519,5,0.312435207367,0.3126835174562,0.312089595795,0.314111995697,0.0007393186104900572,0.23644310275920422,0.647302177959867,5,0.313132801056,0.3126988830566,0.31163520813,0.313535995483,0.0007521584569690866,0.24053762188621003,0.6070227541125804,3,0.312531204224,0.312699737549,0.312435207367,0.313132801056,0.0003087197758052105,0.09872722574857747,0.22320769240694588,candidate_vs_matching_baseline,1.3836749455425794,27.728690671068644,1.3812117905556505,27.599807152116185,1.378666137300623,27.466123019604826,27.466123019604826,27.728690671068644,True,True,False,False,False,False
bf16,4,64,16,128,1.0,warp32_transform,4096,100,2909,true,1048576,2097152,5,0.131961603165,0.1318694419864,0.131302404404,0.132339200974,0.00036245908420455014,0.27486207474960833,0.7856804897282388,5,0.131840000153,0.131998720169,0.131353597641,0.132755203247,0.0004808010268626735,0.3642467337918857,1.0631110470065563,5,0.132249603271,0.1321510391234,0.131583995819,0.132723197937,0.00037987438469957363,0.2874547088084979,0.8614030513691688,3,0.131961603165,0.13201706886300002,0.131840000153,0.132249603271,0.00017175760305306623,0.1301025727448219,0.3103956819074515,candidate_vs_matching_baseline,1.781657631462892,43.87249366316719,1.7771359186900653,43.729683842240696,1.7725512021963392,43.58414026286427,43.58414026286427,43.87249366316719,True,True,False,False,False,False
bf16,4,64,16,256,1.0,baseline_fused,4096,100,2909,true,2097152,2637824,5,0.657587203979,0.6572351989744,0.655347213745,0.658124771118,0.0009835296039164242,0.1496465200663627,0.42238616508856774,5,0.65712638855,0.6567795104982,0.654982376099,0.65799041748,0.001015361892145753,0.15459707191162989,0.45775689934435193,5,0.656876831055,0.6568780975342,0.655628814697,0.657919998169,0.0007444831793969764,0.11333658135225237,0.34879955627603854,3,0.65712638855,0.6571968078613334,0.656876831055,0.657587203979,0.00029425225271817324,0.04477384083403211,0.10810293672234114,baseline,,,,,,,,,,,,,,
bf16,4,64,16,256,1.0,baseline_split,4096,100,2909,true,2097152,6832128,5,1.11105918884,1.109785598756,1.10549118042,1.1118271637,0.0022897851893744967,0.20632680690227034,0.5702651437152518,5,1.10824958801,1.10863999939,1.10627197266,1.11125762939,0.0016415901962593826,0.1480724308308039,0.44986768178747644,5,1.10621437073,1.106369277956,1.10241920471,1.10920959473,0.002300536334166698,0.20793566668959781,0.6138403368886692,3,1.10824958801,1.10850771586,1.10621437073,1.11105918884,0.0019862927142384628,0.17918618750411328,0.4371594776497485,baseline,,,,,,,,,,,,,,
bf16,4,64,16,256,1.0,baseline_transform,4096,100,2909,true,2097152,4194304,5,0.447417602539,0.447813117981,0.446041603088,0.449209594727,0.001166306448253318,0.260444904676241,0.7080614667421119,5,0.44766078949,0.4478015975952,0.447110404968,0.448774414062,0.0006129481458322468,0.13687940130716877,0.3717120491825351,5,0.447289581299,0.4477503967286,0.447014389038,0.448838386536,0.0007400682551898063,0.1652858960253233,0.4077889524506259,3,0.447417602539,0.44745599110933335,0.447289581299,0.44766078949,0.00015395701134960071,0.034407185155328986,0.08296682761104303,baseline,,,,,,,,,,,,,,
bf16,4,64,16,256,1.0,optimized_fused,4096,100,2909,true,2097152,2637824,5,0.356166381836,0.356381439209,0.356012802124,0.356947212219,0.0003696954182265894,0.10373587890748188,0.2623521316591393,5,0.356287994385,0.3564351959228,0.355673599243,0.357843208313,0.0007545204109896136,0.21168515893504372,0.6089481274116489,5,0.356774406433,0.356828163147,0.356396789551,0.357472000122,0.00035160819005288413,0.09853711852560096,0.30136987172086616,3,0.356287994385,0.356409594218,0.356166381836,0.356774406433,0.00026269547284321093,0.07370606097728438,0.1706553705379624,candidate_vs_matching_baseline,1.8462921755534802,45.83739165225998,1.8443685976124082,45.780902944534475,1.841154576143503,45.68625508377423,45.68625508377423,45.83739165225998,True,True,False,False,False,False
bf16,4,64,16,256,1.0,optimized_split,4096,100,2909,true,2097152,6832128,5,0.712511978149,0.7124646453856001,0.710976028442,0.713497619629,0.0008565639620453588,0.12022546909422702,0.35390158542326977,5,0.712748794556,0.7123353424072,0.711103973389,0.71337600708,0.0009605937714284812,0.13485134237230736,0.3187706115189417,5,0.711360015869,0.7120383911133999,0.710931167603,0.713830413818,0.0011516762719938778,0.1617435641627448,0.40756384254438766,3,0.712511978149,0.7122069295246666,0.711360015869,0.712748794556,0.0006066122087858759,0.08517358981479362,0.19491303017920525,candidate_vs_matching_baseline,1.5593551026698051,35.87092521210348,1.554895071692648,35.68697861319947,1.5550696497590526,35.69419863895208,35.68697861319947,35.87092521210348,True,True,False,False,False,False
bf16,4,64,16,256,1.0,optimized_transform,4096,100,2909,true,2097152,4194304,5,0.394822387695,0.394800628662,0.394092788696,0.39544960022,0.0005158547677261027,0.13066209379512933,0.34365111155958605,5,0.394265594482,0.3943731155394,0.393427200317,0.395436782837,0.0006673111681838534,0.16920807780498553,0.5097027354467228,5,0.394342384338,0.39423487091059997,0.393446388245,0.394950408936,0.0005615068156760896,0.1424295152732498,0.3813997051128196,3,0.394342384338,0.39447678883833333,0.394265594482,0.394822387695,0.0002463778910442278,0.06245687909034358,0.1411953761791812,candidate_vs_matching_baseline,1.133212341759682,11.755285117423476,1.135429506797702,11.927601492377926,1.1342670711135574,11.837341886487263,11.755285117423476,11.927601492377926,True,True,False,False,False,False
bf16,4,64,16,256,1.0,warp32_fused,4096,100,2909,true,2097152,2637824,5,0.353632011414,0.3534259109498,0.352831993103,0.354060783386,0.0004592574335024977,0.1299444718889696,0.34747710708843843,5,0.353235206604,0.3531443099976,0.351756782532,0.354118385315,0.0007944611216063702,0.224967838675291,0.6685638177758244,5,0.353177604675,0.3533401641844,0.352588806152,0.354207992554,0.0005660508737280838,0.1601999803884947,0.45846236583714617,3,0.353235206604,0.353348274231,0.353177604675,0.353632011414,0.00020200591958109748,0.057169069247820045,0.1286414067750042,candidate_vs_matching_baseline,1.859523976208017,46.22279611370096,1.860308305243996,46.24546924931128,1.8599051082513265,46.233816146663784,46.22279611370096,46.24546924931128,True,True,False,False,False,False
bf16,4,64,16,256,1.0,warp32_split,4096,100,2909,true,2097152,6832128,5,0.569286384583,0.569265914917,0.567993583679,0.570553588867,0.0009240378729495426,0.16232095559142495,0.44968670555421497,5,0.568326416016,0.568424964905,0.567475204468,0.569356803894,0.000756421155938309,0.13307317634522411,0.331077242404127,5,0.568723182678,0.5688819198607999,0.568064002991,0.570195198059,0.00071239064645849,0.12522645237746444,0.37473328552645596,3,0.568723182678,0.5687786610923333,0.568326416016,0.569286384583,0.00039386402327849057,0.06924732769019129,0.16879364095545135,candidate_vs_matching_baseline,1.9516700538233431,48.761831025639346,1.950023009275007,48.71855381994765,1.945084013493287,48.58833895796392,48.58833895796392,48.761831025639346,True,True,False,False,False,False
bf16,4,64,16,256,1.0,warp32_transform,4096,100,2909,true,2097152,4194304,5,0.227583999634,0.2275980796814,0.227296009064,0.227987194061,0.0002427695286152185,0.10666589496495578,0.303705444192718,5,0.228121604919,0.2278988838194,0.227155208588,0.228249607086,0.0004005261640276522,0.1757473127183246,0.47974346769504633,5,0.227999992371,0.2278707199098,0.227065601349,0.228524799347,0.0005025083140290822,0.2205234240836183,0.6399991433445361,3,0.227999992371,0.22790186564133333,0.227583999634,0.228121604919,0.0002301832631061372,0.10100104378627348,0.23579179955637727,candidate_vs_matching_baseline,1.9659448962077113,49.13387440670437,1.9623778714381421,49.04141477771846,1.9617964748488832,49.02631272813201,49.02631272813201,49.13387440670437,True,True,False,False,False,False
bf16,16,64,16,64,1.0,baseline_fused,16384,100,2909,true,2097152,2686976,5,0.567775993347,0.5678131179808,0.567020797729,0.568953590393,0.000636768474107239,0.11214402308485777,0.34041465061005793,5,0.568902397156,0.5690342407226,0.568281593323,0.57016960144,0.0006341211302408956,0.11143813234079616,0.3318685465974927,5,0.567795181274,0.5677222442626,0.565926399231,0.569107208252,0.0011022425807483112,0.19415173386062862,0.5602035955752505,3,0.567795181274,0.568157857259,0.567775993347,0.568902397156,0.0005265274844388127,0.09267274538435015,0.198382065601995,baseline,,,,,,,,,,,,,,
bf16,16,64,16,64,1.0,baseline_split,16384,100,2909,true,2097152,6881280,5,0.975091171265,0.9755071868896,0.974419174194,0.977523193359,0.0010891294091967372,0.11164750232844733,0.31833117317358794,5,0.97685760498,0.976152328491,0.971564788818,0.978560028076,0.002424887431659961,0.24841281026379464,0.7160961047278931,5,0.975718383789,0.9756492767334,0.973779220581,0.977567977905,0.0013805700402875258,0.1415026970459972,0.3883043905852387,3,0.975718383789,0.9758890533446666,0.975091171265,0.97685760498,0.0007311717036354848,0.07492365050407507,0.18103929825945095,baseline,,,,,,,,,,,,,,
bf16,16,64,16,64,1.0,baseline_transform,16384,100,2909,true,2097152,4194304,5,0.468288002014,0.4679129638672,0.46675201416,0.468774414062,0.000817954884802639,0.1748091948644504,0.43187096259185304,5,0.467308807373,0.4675020751952,0.466617584229,0.468556785583,0.000668910215262666,0.1430817638581327,0.41497213906610314,5,0.467743988037,0.4671398391722,0.464633598328,0.468569602966,0.0013950729843811962,0.2986414061479641,0.8414869541174381,3,0.467743988037,0.467780265808,0.467308807373,0.468288002014,0.00040057674565751644,0.08563352816211635,0.2093441425317885,baseline,,,,,,,,,,,,,,
bf16,16,64,16,64,1.0,optimized_fused,16384,100,2909,true,2097152,2686976,5,0.475763206482,0.475665916443,0.473990402222,0.477292785645,0.0010714747657312633,0.2252578393137109,0.6941233323651149,5,0.476953582764,0.4767526397706,0.475788803101,0.477587203979,0.0007469656866807247,0.15667782920722656,0.37705993685550254,5,0.477203216553,0.476762878418,0.475391998291,0.477382392883,0.0007517128919947708,0.15767018071732283,0.4170958038332856,3,0.476953582764,0.476640001933,0.475763206482,0.477203216553,0.0006283082864981439,0.1318203012651178,0.30191828367343343,candidate_vs_matching_baseline,1.1934003840805232,16.205825526822835,1.1927835699632368,16.162493751417006,1.189839384100083,15.955042893765448,15.955042893765448,16.205825526822835,True,True,False,False,False,False
bf16,16,64,16,64,1.0,optimized_split,16384,100,2909,true,2097152,6881280,5,0.906643218994,0.9065791931152,0.90555519104,0.90823677063,0.0009695153937636278,0.10694216248579075,0.29577010380946944,5,0.907110366821,0.9073254241942,0.905292816162,0.910431976318,0.0017147627894158475,0.1889909335383979,0.5665418833223536,5,0.906713562012,0.9065446319578,0.904211196899,0.908198394775,0.0015494077297700797,0.1709135629013581,0.43974172694101743,3,0.906713562012,0.906822382609,0.906643218994,0.907110366821,0.0002056505366169677,0.022678149609110305,0.051520992579327934,candidate_vs_matching_baseline,1.0754960174377624,7.019646396982704,1.0768894731116696,7.139959580949162,1.0761043229836311,7.072206788708235,7.019646396982704,7.139959580949162,True,True,False,False,False,False
bf16,16,64,16,64,1.0,optimized_transform,16384,100,2909,true,2097152,4194304,5,0.463148803711,0.4630259246826,0.462316818237,0.463596801758,0.00042727819016099566,0.092279539305254,0.2763655029968977,5,0.462419204712,0.4623411178588,0.460998382568,0.463244781494,0.00081026656210448,0.17525297465581188,0.48579274024725394,5,0.461843185425,0.4617625579836,0.46042881012,0.463129615784,0.0008826332713186408,0.19114440009447203,0.5847884626715187,3,0.462419204712,0.46247039794933335,0.461843185425,0.463148803711,0.0005342442249545377,0.1155196586253868,0.2823451692092201,candidate_vs_matching_baseline,1.0110962141364113,1.0974439406727265,1.0105739610534672,1.0463322291071497,1.0127766367421227,1.2615453673203048,1.0463322291071497,1.2615453673203048,False,True,False,False,False,False
bf16,16,64,16,64,1.0,warp32_fused,16384,100,2909,true,2097152,2686976,5,0.535948791504,0.5367206344604,0.534592018127,0.539564781189,0.001712691593126467,0.31910299011483817,0.9278429470929964,5,0.536505584717,0.5366758346558,0.535859184265,0.538060798645,0.0007950091816794046,0.14813582619930857,0.41036187557327064,5,0.536390419006,0.5358476867674,0.533459205627,0.53719039917,0.0012738621321331265,0.23772839998954456,0.6956115192949188,3,0.536390419006,0.536281598409,0.535948791504,0.536505584717,0.000239980710696071,0.04474901085698777,0.10380372081063653,candidate_vs_matching_baseline,1.059384781433475,5.605591327555237,1.0603848559304165,5.694616967858613,1.0585483281491064,5.531001900638721,5.531001900638721,5.694616967858613,True,True,False,False,False,False
bf16,16,64,16,64,1.0,warp32_split,16384,100,2909,true,2097152,6881280,5,0.871628799438,0.8709951934814,0.867545623779,0.873087997437,0.00196732102546177,0.22587048013414573,0.6358639895301222,5,0.872844772339,0.8726259155274,0.870732803345,0.873785629272,0.0010144167639168635,0.11624875514999662,0.3497558814288687,5,0.87144317627,0.8717951965332,0.869587173462,0.87557762146,0.0021249134063118564,0.2437399764029251,0.6874169379167886,3,0.871628799438,0.871972249349,0.87144317627,0.872844772339,0.0006216034460347881,0.0712870675068922,0.16080194572548542,candidate_vs_matching_baseline,1.1187000382430106,10.610533135355615,1.119165326914054,10.64769646166901,1.1196580687742883,10.687018841857709,10.610533135355615,10.687018841857709,True,True,False,False,False,False
bf16,16,64,16,64,1.0,warp32_transform,16384,100,2909,true,2097152,4194304,5,0.330937614441,0.3309900894166,0.329855995178,0.332454414368,0.0009438199854713885,0.2851505273571655,0.7851688888218735,5,0.332319984436,0.3319232025146,0.327340812683,0.335008010864,0.0025525744189697597,0.7690256058123812,2.307173369068508,5,0.330547218323,0.3303296051026,0.328217582703,0.332748794556,0.0015695137646209598,0.4751356646139757,1.37082135375051,3,0.330937614441,0.3312682724,0.330547218323,0.332319984436,0.0007605594157100681,0.22959017783378524,0.5356798489027897,candidate_vs_matching_baseline,1.4150340776614472,29.33032385674783,1.4062013398504982,28.88642816210686,1.415059519817032,29.331594466832,28.88642816210686,29.331594466832,True,True,False,False,False,False
bf16,16,64,16,128,1.0,baseline_fused,16384,100,2909,true,4194304,5308416,5,0.735257568359,0.735101425171,0.73431678772,0.735788803101,0.0006489217811016547,0.08827649612442282,0.2002040433647428,5,0.734713592529,0.734789123535,0.733644790649,0.735904006958,0.0008675272827005487,0.11806479640402924,0.30749619062080696,5,0.735456008911,0.735447052002,0.734233627319,0.73658241272,0.0007694945503687031,0.10462949688546859,0.3193644993774496,3,0.735257568359,0.735142389933,0.734713592529,0.735456008911,0.00031384186403065706,0.042691302845325005,0.10097364705227928,baseline,,,,,,,,,,,,,,
bf16,16,64,16,128,1.0,baseline_split,16384,100,2909,true,4194304,13697024,5,1.54714874268,1.547893737794,1.54638076782,1.55087997437,0.001572744095605243,0.10160543047655576,0.29080633463891886,5,1.54635513306,1.5461350097660002,1.54431365967,1.54804473877,0.001488603542599568,0.09627901400569545,0.24128216217815074,5,1.54562561035,1.545931518554,1.54449920654,1.54716156006,0.0009474436744837716,0.0612862641787633,0.17225086736219689,3,1.54635513306,1.5463764953633333,1.54562561035,1.54714874268,0.0006219996166534447,0.040223038730765305,0.0984982231724421,baseline,,,,,,,,,,,,,,
bf16,16,64,16,128,1.0,baseline_transform,16384,100,2909,true,4194304,8388608,5,0.832799987793,0.8327948760986,0.832121582031,0.833657608032,0.0005230762365006284,0.06280973280612476,0.18444116516747297,5,0.832595214844,0.8325875244142,0.831539230347,0.833862380981,0.0007460341267960747,0.08960428842853209,0.2790252204890869,5,0.833113632202,0.8327974395752,0.831737594604,0.833324813843,0.0006074167450333707,0.07293691312778372,0.1905165367183831,3,0.832799987793,0.8328362782796667,0.832595214844,0.833113632202,0.00021319300932221394,0.025598429713291578,0.06224992382310438,baseline,,,,,,,,,,,,,,
bf16,16,64,16,128,1.0,optimized_fused,16384,100,2909,true,4194304,5308416,5,0.651155166626,0.6510553588866001,0.650060806274,0.652646408081,0.0009419620400214394,0.14468232649714033,0.3970792123784323,5,0.651180801392,0.6509247894286,0.649177627563,0.652332763672,0.0010435282254626324,0.16031471567992836,0.48452535797361884,5,0.651059188843,0.651265274048,0.650598373413,0.652019195557,0.0005359078959442337,0.08228719038146287,0.2182324077976609,3,0.651155166626,0.6511317189536667,0.651059188843,0.651180801392,0.00005234340469093216,0.00803883502635153,0.01867643155319834,candidate_vs_matching_baseline,1.1291587720462724,11.438495209332656,1.128278952571138,11.369435925292592,1.129630026753761,11.475440957096472,11.369435925292592,11.475440957096472,True,True,False,False,False,False
bf16,16,64,16,128,1.0,optimized_split,16384,100,2909,true,4194304,13697024,5,1.46173446655,1.46198272705,1.46092163086,1.46387832642,0.0010640798549889545,0.07278333972769042,0.2022730959459597,5,1.46220794678,1.4614118042,1.45827835083,1.46254714966,0.001586125001134486,0.10853374774831219,0.29194197989421977,5,1.46140792847,1.461141754152,1.45927032471,1.46260482788,0.0010843245618461048,0.07421077104701673,0.22817059528962902,3,1.46173446655,1.4617834472666666,1.46140792847,1.46220794678,0.00032843736798940554,0.022468264270165197,0.05473075502476537,candidate_vs_matching_baseline,1.0584335103841367,5.520754002103489,1.0575480296528992,5.441646907685804,1.0576277713014535,5.448776295892854,5.441646907685804,5.520754002103489,True,True,False,False,False,False
bf16,16,64,16,128,1.0,optimized_transform,16384,100,2909,true,4194304,8388608,5,0.867174377441,0.8664038238524,0.864921569824,0.867513580322,0.0011006447938352277,0.1270360037125982,0.2989030309738815,5,0.865817565918,0.8659647827148,0.863737564087,0.867583999634,0.0013034617578713643,0.15052133572741966,0.4442547366109029,5,0.867244796753,0.867526382446,0.86622718811,0.868524780273,0.0008870019016166361,0.10224494834563125,0.2649300603015745,3,0.867174377441,0.8667455800373333,0.865817565918,0.867244796753,0.0006568345170269984,0.0757816979001735,0.16458406430453335,candidate_vs_matching_baseline,0.9603604643515441,-4.127568462037989,0.9616289246352083,-3.990216431909799,0.9606441402948873,-4.096819837263732,-4.127568462037989,-3.990216431909799,False,False,True,True,True,True
bf16,16,64,16,128,1.0,warp32_fused,16384,100,2909,true,4194304,5308416,5,0.683251190186,0.6830630340578,0.68228477478,0.683564834595,0.0005018113662717889,0.07346486945585848,0.1873483476335388,5,0.68287361145,0.6827980957032,0.681708831787,0.683692779541,0.000632573894826624,0.09264435545549506,0.2905292752179085,5,0.683372802734,0.682856964111,0.680627212524,0.684364776611,0.001316328272644981,0.19276778913116696,0.5469290074242011,3,0.683251190186,0.6831658681233333,0.68287361145,0.683372802734,0.00021253686000104424,0.031110579424128156,0.07306116566940114,candidate_vs_matching_baseline,1.076116044757774,7.073219020250477,1.0759144594399015,7.055808087143001,1.076214923931167,7.081756834663766,7.055808087143001,7.081756834663766,True,True,False,False,False,False
bf16,16,64,16,128,1.0,warp32_split,16384,100,2909,true,4194304,13697024,5,1.20094078064,1.20103552246,1.19928321838,1.20263679504,0.0012221539622197486,0.10175835263527369,0.27924579746660316,5,1.20181121826,1.2020032196040002,1.20088317871,1.20378883362,0.0009747314342565244,0.08109224820359878,0.24177298945560824,5,1.20110717773,1.201215988158,1.2000,1.20330879211,0.001156677756189428,0.09629223783169344,0.2754785061107848,3,1.20110717773,1.20128639221,1.20094078064,1.20181121826,0.0003772742459264721,0.03140585362266551,0.07246960438993755,candidate_vs_matching_baseline,1.288280627672166,22.37716080486819,1.286687218063113,22.28103411912892,1.2868340469591675,22.28990192146112,22.28103411912892,22.37716080486819,True,True,False,False,False,False
bf16,16,64,16,128,1.0,warp32_transform,16384,100,2909,true,4194304,8388608,5,0.527340812683,0.5274879989622,0.526374397278,0.528895988464,0.0008827993175743464,0.16735912841831463,0.4781710661025256,5,0.526950416565,0.52691456604,0.526246414185,0.527929611206,0.0005762649806559036,0.10936592339566434,0.3194222773315392,5,0.527987213135,0.5275878372192,0.526534385681,0.528198394775,0.0006770378374173214,0.12832703668565212,0.3151608699232885,3,0.527340812683,0.527426147461,0.526950416565,0.527987213135,0.00042754984126081635,0.08106345188212935,0.1966084446840152,candidate_vs_matching_baseline,1.579244328835251,36.67857583901942,1.5800257266544895,36.709891292885644,1.5779049406429142,36.624826106916686,36.624826106916686,36.709891292885644,True,True,False,False,False,False
bf16,16,64,16,256,1.0,baseline_fused,16384,100,2909,true,8388608,10551296,5,2.37705596924,2.37697277832,2.3757951355,2.3779776001,0.0007709562409633437,0.03243437400693504,0.09181376577758021,5,2.37745925903,2.377623046876,2.3772543335,2.37807998657,0.00035406036644836536,0.014891358279588155,0.03472837933453839,5,2.37782394409,2.377904632568,2.37665283203,2.37918075562,0.0008681030492032976,0.036507059085283684,0.10631247936935344,3,2.37745925903,2.3774463907866666,2.37705596924,2.37782394409,0.0003136564323406328,0.013192997055838887,0.032302334817434726,baseline,,,,,,,,,,,,,,
bf16,16,64,16,256,1.0,baseline_split,16384,100,2909,true,8388608,27328512,5,3.95647369385,3.956531188964,3.95296630859,3.96104309082,0.002626127643655036,0.06637449619960345,0.2041409309141775,5,3.9561920166,3.95629309082,3.95121917725,3.95980804443,0.002963649082300013,0.07490974541741428,0.2170993506877664,5,3.95528320312,3.9550335693340003,3.94933105469,3.96004486084,0.0037061173748412117,0.0937063443298484,0.27087330033785534,3,3.9561920166,3.95598297119,3.95528320312,3.95647369385,0.0005079973964077005,0.012841243253756717,0.03009183388987998,baseline,,,,,,,,,,,,,,
bf16,16,64,16,256,1.0,baseline_transform,16384,100,2909,true,8388608,16777216,5,1.68897277832,1.690787841798,1.68397445679,1.70071044922,0.005749272979343011,0.34003515031366555,0.9908977009473892,5,1.68693756104,1.687681274416,1.68397445679,1.69297912598,0.002940006722362256,0.1742039072738783,0.5337879360779995,5,1.69177597046,1.691001586914,1.68369277954,1.69583999634,0.003976418473299017,0.23515167011497595,0.718015683642625,3,1.68897277832,1.6892287699400001,1.68693756104,1.69177597046,0.001983549043342763,0.11742335192486787,0.2864705389042899,baseline,,,,,,,,,,,,,,
bf16,16,64,16,256,1.0,optimized_fused,16384,100,2909,true,8388608,10551296,5,0.738873596191,0.7389491119386,0.738022384644,0.740198364258,0.0007437078601509927,0.10064398862323662,0.2944995768176667,5,0.738854370117,0.738627838135,0.737836837769,0.73926399231,0.0005110310800130627,0.06918654478328244,0.19315775864925253,5,0.738579177856,0.7383436584474,0.737843170166,0.738643188477,0.00034554632388159595,0.04680020203711316,0.10831855743919927,3,0.738854370117,0.7387690480546667,0.738579177856,0.738873596191,0.00013448774352249912,0.01820430131400787,0.03984795203328413,candidate_vs_matching_baseline,3.2171348137138294,68.91644093566569,3.217764359509062,68.92252233931228,3.2194570540053893,68.9388619501577,68.91644093566569,68.9388619501577,True,True,False,False,False,False
bf16,16,64,16,256,1.0,optimized_split,16384,100,2909,true,8388608,27328512,5,2.07753601074,2.078286102294,2.07681915283,2.08003845215,0.0014028688774882108,0.06750123940778568,0.15495757009061095,5,2.07748474121,2.077538543702,2.07714553833,2.07810562134,0.000373981816281047,0.018001197494735412,0.046213721379301374,5,2.0783039856,2.07808126831,2.07649276733,2.07955841064,0.0010734302951039476,0.051654875652525134,0.14750697353425066,3,2.07753601074,2.0777749125166665,2.07748474121,2.0783039856,0.0003746962207864909,0.018033532820580983,0.03943346280233256,candidate_vs_matching_baseline,1.9044067941044924,47.490210437406624,1.904318206590425,47.48776771974239,1.9031302593485244,47.45498921643346,47.45498921643346,47.490210437406624,True,True,False,False,False,False
bf16,16,64,16,256,1.0,optimized_transform,16384,100,2909,true,8388608,16777216,5,1.48089599609,1.480025604248,1.47756164551,1.48119674683,0.0013864252199971827,0.09367575912320951,0.24546634804858752,5,1.48138244629,1.481096954346,1.47994873047,1.48219512939,0.0008622115187982125,0.05821438740173053,0.15164206418307036,5,1.48141433716,1.480938232422,1.47873916626,1.48290557861,0.00155113933946948,0.10474031296583311,0.2812455803544704,3,1.48138244629,1.4812309265133333,1.48089599609,1.48141433716,0.00023718916255885086,0.01601297666105109,0.03499036128707179,candidate_vs_matching_baseline,1.1405073568835244,12.31972385232707,1.1387589783210919,12.185105097978543,1.1420005382851104,12.434367018630832,12.185105097978543,12.434367018630832,True,True,False,False,False,False
bf16,16,64,16,256,1.0,warp32_fused,16384,100,2909,true,8388608,10551296,5,1.36263687134,1.3631308898940001,1.36067199707,1.3658303833,0.0021536905903248815,0.15799587598608061,0.378559125948736,5,1.36193283081,1.3616383667,1.35986557007,1.36298233032,0.0010792177846345974,0.07925876730766164,0.22884830877792253,5,1.36361602783,1.363078399658,1.3608895874,1.3642880249,0.0012021361093322072,0.08819273415482384,0.24922246663587022,3,1.36263687134,1.36272857666,1.36193283081,1.36361602783,0.000690215160328682,0.05064949632305908,0.123524987133558,candidate_vs_matching_baseline,1.7444529934834607,42.67544016745779,1.7456508905920292,42.7147773137586,1.7437635636139943,42.652775819706044,42.652775819706044,42.7147773137586,True,True,False,False,False,False
bf16,16,64,16,256,1.0,warp32_split,16384,100,2909,true,8388608,27328512,5,2.21623046875,2.216033294678,2.21438720703,2.21717758179,0.0009457234902504033,0.04267641160995378,0.12590634409850585,5,2.21646713257,2.216314849856,2.21412475586,2.21784317017,0.0013233503084094276,0.059709490666247596,0.16776311524587265,5,2.21709442139,2.217301757814,2.21624954224,2.21861114502,0.0007957031569135423,0.035886101389195325,0.10651791629692008,3,2.21646713257,2.2165973409033336,2.21623046875,2.21709442139,0.0003645263580711415,0.016445312432008308,0.03897881576066735,candidate_vs_matching_baseline,1.7852266493211482,43.98470354561081,1.7849089474260706,43.97473319621985,1.7839940261273346,43.946000639319195,43.946000639319195,43.98470354561081,True,True,False,False,False,False
bf16,16,64,16,256,1.0,warp32_transform,16384,100,2909,true,8388608,16777216,5,0.864000015259,0.8640511932372,0.863135986328,0.865446395874,0.0007858367555762054,0.09094793939604882,0.26740850754585754,5,0.863884811401,0.8636825561521999,0.863104019165,0.864160003662,0.0004507444532075228,0.05218867163598146,0.12223672451047236,5,0.863174362183,0.8633651123047999,0.862867202759,0.864211196899,0.0004832394423014035,0.055971620281409055,0.1557036676345498,3,0.863884811401,0.8636863962809999,0.863174362183,0.864000015259,0.0003651047067719265,0.04227283286434211,0.09557444060869441,candidate_vs_matching_baseline,1.9548295700130276,48.84464531640291,1.9527343677963491,48.78975776267538,1.959946963880433,48.97821122566839,48.78975776267538,48.97821122566839,True,True,False,False,False,False
fp16,1,1,1,64,1.0,baseline_fused,1,100,2909,true,128,164,5,0.0223679995537,0.022403840065,0.022361600399,0.0224832010269,0.00005065316032995619,0.2260914208590883,0.5436365805000506,5,0.0223679995537,0.02241152000428,0.0223679995537,0.0224896001816,0.00005391266384604626,0.240557819530984,0.5436365805000506,5,0.0223744010925,0.02240256023408,0.0223232007027,0.0224896001816,0.00006146641645810712,0.27437228520247897,0.7437047285068049,3,0.0223679995537,0.022370133399966665,0.0223679995537,0.0223744010925,0.0000030177143303402668,0.013489925501940742,0.02861918333212485,baseline,,,,,,,,,,,,,,
fp16,1,1,1,64,1.0,baseline_split,1,100,2909,true,128,420,5,0.034924800396,0.03490432024002,0.0347456002235,0.0350528001785,0.00013494174050874247,0.3866046941490735,0.8796040392980619,5,0.035039999485,0.03492992019654,0.034617600441,0.0351999998093,0.00021454403383965565,0.6142127798531511,1.6620986782528844,5,0.0350336003304,0.03492352056504,0.0347392010689,0.0350528001785,0.00014802682524376315,0.42385997416292726,0.8951381149595304,3,0.0350336003304,0.03499946673713333,0.034924800396,0.035039999485,0.000052861669595136544,0.15103564289181579,0.3288245795852106,baseline,,,,,,,,,,,,,,
fp16,1,1,1,64,1.0,baseline_transform,1,100,2909,true,128,256,5,0.0156351995468,0.0156454398632,0.0156032001972,0.0156863999367,0.000032533026292446525,0.20793935214930073,0.5321309731350979,5,0.0155967998505,0.01564032006264,0.0155711996555,0.0157376003265,0.00007234009480072448,0.4625231102113,1.066889827368447,5,0.0155776000023,0.0156006398201,0.0154815995693,0.0156863999367,0.0000778173926637878,0.498808981946543,1.3147106574168188,3,0.0155967998505,0.015603199799866667,0.0155776000023,0.0156351995468,0.00002394641790294533,0.1534711995622203,0.3693036074842756,baseline,,,,,,,,,,,,,,
fp16,1,1,1,64,1.0,optimized_fused,1,100,2909,true,128,164,5,0.017638399601,0.01763967990874,0.0175872004032,0.0176895999908,0.00004441433464304973,0.2517865112792868,0.5805491989998645,5,0.0176831996441,0.01763967990874,0.0175424003601,0.0176895999908,0.00006076957440808456,0.3445049724398617,0.8324264480558209,5,0.0176895999908,0.01763200020788,0.0175424003601,0.0176960003376,0.00007319528951160421,0.415127544513595,0.8683066749948274,3,0.0176831996441,0.0176703997453,0.017638399601,0.0176895999908,0.000022777884535746595,0.12890418362949085,0.2895425648665611,candidate_vs_matching_baseline,1.2681422385073902,21.14449234204162,1.2649294247584364,20.944206022326494,1.264833636946933,20.938219004531778,20.938219004531778,21.14449234204162,True,True,False,False,False,False
fp16,1,1,1,64,1.0,optimized_split,1,100,2909,true,128,420,5,0.0309951996803,0.03097727966306,0.030764799118,0.0311296010017,0.00013554766292446777,0.43757122768306406,1.1769625214960684,5,0.0310080003738,0.03097855997084,0.0307839989662,0.0311296010017,0.00013391809808642252,0.43229284451078137,1.1145576345903774,5,0.0311168003082,0.0310041604042,0.0307712006569,0.0311296010017,0.0001498527890777552,0.48333122756472163,1.151790483758553,3,0.0310080003738,0.031040000120766667,0.0309951996803,0.0311168003082,0.000054556796282201045,0.17576287393665618,0.3921588829789338,candidate_vs_matching_baseline,1.1267809453151414,11.2516053667985,1.1300309295212345,11.506846947660565,1.1258741253408318,11.18012418153107,11.18012418153107,11.506846947660565,True,True,False,False,False,False
fp16,1,1,1,64,1.0,optimized_transform,1,100,2909,true,128,256,5,0.0155711996555,0.01555200004576,0.0154752004147,0.0155903995037,0.00004225915158434191,0.2717280829475253,0.7398215394361768,5,0.0155648005009,0.01554432010652,0.0154688000679,0.0155776000023,0.000041159542047152366,0.26478830701568074,0.6990127139355833,5,0.0155327999592,0.0155468800068,0.015513600111,0.0155776000023,0.000026044128675520896,0.16751996969250124,0.4120306156527377,3,0.0155648005009,0.0155562667052,0.0155327999592,0.0155711996555,0.000016797885199632562,0.1079814682916019,0.24670856717873565,candidate_vs_matching_baseline,1.004110145185724,0.40933210419498156,1.0020558791998746,0.20516612322222239,1.0028842219830088,0.2875927170641557,0.20516612322222239,0.40933210419498156,False,True,False,False,False,False
fp16,1,1,1,64,1.0,warp32_fused,1,100,2909,true,128,164,5,0.0155071997643,0.01547391986848,0.015417599678,0.0155200004578,0.000046222183754265525,0.29871024373351573,0.6603434621106937,5,0.0155200004578,0.01550208020212,0.0154688000679,0.0155327999592,0.000027572120954797,0.1778607812326139,0.4123704214701557,5,0.0155200004578,0.01549568009378,0.015443199873,0.0155263996124,0.00003347643469906039,0.21603720841202645,0.5360807792900996,3,0.0155200004578,0.015515733559966666,0.0155071997643,0.0155200004578,0.0000060343047851608,0.03889152106046969,0.08247869279905572,candidate_vs_matching_baseline,1.4424267368499781,30.67238879779538,1.4412370421328402,30.615161089661402,1.4416495124041788,30.635012782521475,30.615161089661402,30.67238879779538,True,True,False,False,False,False
fp16,1,1,1,64,1.0,warp32_split,1,100,2909,true,128,420,5,0.0298431992531,0.029812479495999998,0.0295743989944,0.0299584007263,0.0001271270554392119,0.426422282173037,1.2867311196875486,5,0.0298368000984,0.02978431987764,0.0294655990601,0.0299456000328,0.00016488703227714435,0.5536034831566864,1.6087548635141373,5,0.0299456000328,0.02985472011566,0.0295808005333,0.0299584007263,0.0001441007361528623,0.48267321078409875,1.2609538382480443,3,0.0298431992531,0.02987519979476667,0.0298368000984,0.0299456000328,0.000049848988164797596,0.16685742189924968,0.3645719531517675,candidate_vs_matching_baseline,1.1702766884945202,14.550122220546768,1.174388653255046,14.849313536169994,1.1699081097732893,14.523201297084343,14.523201297084343,14.849313536169994,True,True,False,False,False,False
fp16,1,1,1,64,1.0,warp32_transform,1,100,2909,true,128,256,5,0.0152383995056,0.01523839998244,0.0151872003078,0.0152831995487,0.000031090862482936195,0.2040297046852938,0.6299824391972543,5,0.0152512001991,0.0152473602295,0.0152191996574,0.0152768003941,0.000020076236832186338,0.13167024671814087,0.377680024837643,5,0.0152447998524,0.0152409603596,0.0152128005028,0.0152576005459,0.000016981122426195972,0.11141766677124039,0.293870982457979,3,0.0152447998524,0.015244799852366667,0.0152383995056,0.0152512001991,0.000005225861238126527,0.03427963166938688,0.08396760616036494,candidate_vs_matching_baseline,1.0260394827589459,2.537863619919134,1.0226604888066708,2.215836932657189,1.0218304046705873,2.136401947994959,2.136401947994959,2.537863619919134,False,True,False,False,False,False
fp16,1,1,1,128,1.0,baseline_fused,1,100,2909,true,256,324,5,0.0281983995438,0.02822655963898,0.0281791996956,0.0283071994781,0.000048165883733896075,0.17064029180297444,0.4539256999361919,5,0.0281983995438,0.02823039960862,0.0281920003891,0.0283071994781,0.0000448911164235092,0.15901693580632822,0.4085305934511083,5,0.0281983995438,0.02823040008544,0.0281920003891,0.0283071994781,0.00004668038003859889,0.16535500700422087,0.4085305934511083,3,0.0281983995438,0.0281983995438,0.0281983995438,0.0281983995438,0.0000,0.0,0.0,baseline,,,,,,,,,,,,,,
fp16,1,1,1,128,1.0,baseline_split,1,100,2909,true,256,836,5,0.0409407997131,0.04093440055844,0.0409216022491,0.0409471988678,0.00001070783383438642,0.026158521166321662,0.062521052054119,5,0.0409216022491,0.04091008090972,0.0408192014694,0.0409535980225,0.00004692491793617732,0.11470257915092079,0.32842446461870783,5,0.0409280014038,0.04092928123474,0.0409216022491,0.0409344005585,0.000004788688890474092,0.011699909565989503,0.03127030140987069,3,0.0409280014038,0.04093013445533333,0.0409216022491,0.0409407997131,0.000007981148106244553,0.019499442678240664,0.0469054518704615,baseline,,,,,,,,,,,,,,
fp16,1,1,1,128,1.0,baseline_transform,1,100,2909,true,256,512,5,0.0161344003677,0.0161395201683,0.0160831999779,0.0161792004108,0.000034678417230338446,0.21486646981272167,0.5950046528669581,5,0.0161215996742,0.0161369600296,0.0160831999779,0.0162240004539,0.00005454680626924475,0.33802405266660895,0.873365415625146,5,0.0161344003677,0.0161510400772,0.0160896003246,0.0162047994137,0.000044080881122188054,0.2729290554136874,0.7139967180349849,3,0.0161344003677,0.016130133469866667,0.0161215996742,0.0161344003677,0.0000060343047851608,0.03741013548606848,0.07933789424010479,baseline,,,,,,,,,,,,,,
fp16,1,1,1,128,1.0,optimized_fused,1,100,2909,true,256,324,5,0.0181951999664,0.01819264006612,0.0181312000751,0.0182464003563,0.00004625751460817993,0.25426499089774723,0.6331355599978756,5,0.0182335996628,0.01819263982774,0.0181055998802,0.0182464003563,0.00005689892284756148,0.31275792510772643,0.7722033975949382,5,0.0182143998146,0.01819391989708,0.0181312000751,0.0182335996628,0.000042142703788796705,0.23163069875645834,0.5621902930774543,3,0.0182143998146,0.0182143998146,0.0181951999664,0.0182335996628,0.000015676610409630976,0.08606712584108961,0.21082054193857802,candidate_vs_matching_baseline,1.5497713460622755,35.47435223003431,1.5465075500878789,35.33817536531419,1.548137727886987,35.40626379767426,35.33817536531419,35.47435223003431,True,True,False,False,False,False
fp16,1,1,1,128,1.0,optimized_split,1,100,2909,true,256,836,5,0.0320128011703,0.031970560073839998,0.0318975996971,0.0320255994797,0.00005970921806314081,0.1867631280942058,0.3998393702540226,5,0.0319104003906,0.0319500799179,0.0318847990036,0.0320320010185,0.00006236701806675117,0.19520144621550733,0.4612979251221115,5,0.032019200325,0.03197439956666,0.0318975996971,0.0320255994797,0.00006017383277750891,0.18819378500621703,0.39975946088840963,3,0.0320128011703,0.031980800628633332,0.0319104003906,0.032019200325,0.000049848988164797596,0.15587160791767785,0.33986383703572903,candidate_vs_matching_baseline,1.2788883889074656,21.807093670286235,1.2823907487276303,22.020647685412133,1.278233091032076,21.767007362281944,21.767007362281944,22.020647685412133,True,True,False,False,False,False
fp16,1,1,1,128,1.0,optimized_transform,1,100,2909,true,256,512,5,0.0161663997173,0.01616767978666,0.0160959994793,0.0162111997604,0.00004272216188873557,0.2642442357374356,0.7125908248867553,5,0.0161728000641,0.016162559986119998,0.0160448002815,0.0162176001072,0.000061466495909641726,0.38030173414624674,1.0684595432770934,5,0.0162111997604,0.01617280006408,0.0160511994362,0.0162240004539,0.00006489006148113688,0.4012296029384457,1.065936021108753,3,0.0161728000641,0.016183466513933332,0.0161663997173,0.0162111997604,0.000019783677269839445,0.12224622736300948,0.277008575648236,candidate_vs_matching_baseline,0.99802062610355,-0.1983299587883014,0.996834166644176,-0.3175887686997836,0.9952625719357551,-0.4759978118167085,-0.4759978118167085,-0.1983299587883014,False,False,True,True,False,False
fp16,1,1,1,128,1.0,warp32_fused,1,100,2909,true,256,324,5,0.0165631997585,0.01659391999244,0.0165375995636,0.0166592001915,0.000053912335547143926,0.3248921024791355,0.7341614523340755,5,0.0165631997585,0.01660543966294,0.0165567994118,0.0166784000397,0.0000570428115616016,0.34351882707995784,0.734161452334097,5,0.0165183997154,0.01656704020502,0.0165120005608,0.0166656005383,0.00006596653726656332,0.3981793757377055,0.9298720223896778,3,0.0165631997585,0.0165482664108,0.0165183997154,0.0165631997585,0.000021118942848973258,0.12762027347583835,0.27047939862591863,candidate_vs_matching_baseline,1.7024729493665,41.26191547583146,1.7024729493665,41.26191547583146,1.7070902768814105,41.42078989361681,41.26191547583146,41.42078989361681,True,True,False,False,False,False
fp16,1,1,1,128,1.0,warp32_split,1,100,2909,true,256,836,5,0.0305279994011,0.03050368022918,0.030387198925,0.0306624007225,0.00009975819888070576,0.32703660060426576,0.9014734109634553,5,0.0305471992493,0.0304934401512,0.0303999996185,0.0305536007881,0.00007122157244882155,0.23356358644899822,0.5028322509911215,5,0.0305408000946,0.0304908800125,0.0303999996185,0.0305536007881,0.00006921481397249486,0.22700169343790552,0.5029376084589112,3,0.0305408000946,0.030538666248333335,0.0305279994011,0.0305471992493,0.0000079822101218098,0.026138044330097206,0.06286622531344328,candidate_vs_matching_baseline,1.3410901636621757,25.43379803269493,1.3396187950041845,25.35189833635648,1.3401090107995104,25.3792048302549,25.35189833635648,25.43379803269493,True,True,False,False,False,False
fp16,1,1,1,128,1.0,warp32_transform,1,100,2909,true,256,512,5,0.0152512001991,0.01524607968328,0.0151935994625,0.0152831995487,0.000035379931781414665,0.23205920811377473,0.5874953120429713,5,0.015232000351,0.01522559976578,0.0151935994625,0.0152383995056,0.00001668923952819129,0.10961301876396924,0.29411792323822544,5,0.015232000351,0.015235839843760001,0.0151935994625,0.0152831995487,0.000028506935082668695,0.187104454857761,0.5882358464764509,3,0.015232000351,0.015238400300366667,0.015232000351,0.0152512001991,0.000009050895192840878,0.059395310626031365,0.12604942002078562,candidate_vs_matching_baseline,1.0579102075292488,5.474019166947841,1.0584033155659425,5.518058636722367,1.05924369721018,5.593018619437162,5.474019166947841,5.593018619437162,True,True,False,False,False,False
fp16,1,1,1,256,1.0,baseline_fused,1,100,2909,true,512,644,5,0.040044798851,0.040074239254,0.0399871993065,0.0401535987854,0.000065342659068639,0.16305402244689357,0.4155333118768852,5,0.040044798851,0.040084479331960004,0.0400320005417,0.0401535987854,0.000054063738833835175,0.13487449440494362,0.3036555237858632,5,0.0400511980057,0.04008063983918,0.040025601387,0.0401535987854,0.000055143710619678744,0.1375819119678178,0.3195844438455541,3,0.040044798851,0.04004693190256667,0.040044798851,0.0400511980057,0.0000030165904548205336,0.007532638111103827,0.01597998962064666,baseline,,,,,,,,,,,,,,
fp16,1,1,1,256,1.0,baseline_split,1,100,2909,true,512,1668,5,0.0538112020493,0.053804800987280004,0.0537919998169,0.0538112020493,0.000008096623405054106,0.015048143021601786,0.035684451691685715,5,0.0538047981262,0.05380607986452,0.0537983989716,0.0538176012039,0.000007464758847377196,0.01387344862545821,0.035688698719688404,5,0.0538047981262,0.05380607986452,0.0537983989716,0.0538176012039,0.000007464758847377196,0.01387344862545821,0.035688698719688404,3,0.0538047981262,0.053806932767233334,0.0538047981262,0.0538112020493,0.000003018838300139237,0.005610500626747509,0.011902141301565469,baseline,,,,,,,,,,,,,,
fp16,1,1,1,256,1.0,baseline_transform,1,100,2909,true,512,1024,5,0.0178431999683,0.01786624002456,0.0177983999252,0.017945599556,0.00006407670133939782,0.35864681797241144,0.8249620643243138,5,0.0178623998165,0.01788031983378,0.0178559994698,0.0179136002064,0.0000272736269352174,0.15253433489311138,0.32246919334318047,5,0.0178496003151,0.0178559999466,0.0177983999252,0.0179136002064,0.00004755002702872395,0.2662971951776806,0.6453941778323684,3,0.0178496003151,0.017851733366633333,0.0178431999683,0.0178623998165,0.00000798210391474522,0.04471332699638325,0.10756458330196245,baseline,,,,,,,,,,,,,,
fp16,1,1,1,256,1.0,optimized_fused,1,100,2909,true,512,644,5,0.018937599659,0.018905600070960002,0.0188352000713,0.0189504003525,0.00005023090592157611,0.2656932640754071,0.6083151152963124,5,0.018937599659,0.01890303993226,0.0188287997246,0.0189504003525,0.00005097562360296566,0.26966891984378905,0.642112147735741,5,0.018937599659,0.01890943980216,0.0188416004181,0.0189567995071,0.00005081423334878503,0.26872416042161434,0.6083088198839021,3,0.018937599659,0.018937599659,0.018937599659,0.018937599659,0.0000,0.0,0.0,candidate_vs_matching_baseline,2.1145657090690957,52.70896545275795,2.1145657090690957,52.70896545275795,2.114903616449927,52.716521347738855,52.70896545275795,52.716521347738855,True,True,False,False,False,False
fp16,1,1,1,256,1.0,optimized_split,1,100,2909,true,512,1668,5,0.0338175988197,0.03383551931382,0.0337983989716,0.033932800293,0.00004914314245064794,0.14524128326464195,0.3974301135824725,5,0.0339520001411,0.03389951992034,0.0338048005104,0.0339583992958,0.00006980359031585796,0.2059132119861533,0.4523998137419406,5,0.0339583992958,0.03395455932616,0.0338175988197,0.0340799999237,0.00008311168382541637,0.2447732660202239,0.7727134065251787,3,0.0339520001411,0.0339093327522,0.0338175988197,0.0339583992958,0.00006491827207679081,0.19144662194091383,0.4147045108236604,candidate_vs_matching_baseline,1.5912188897915776,37.15509497684615,1.5847313237097786,36.89782078270222,1.5844326953554202,36.885927503807295,36.885927503807295,37.15509497684615,True,True,False,False,False,False
fp16,1,1,1,256,1.0,optimized_transform,1,100,2909,true,512,1024,5,0.0177856004238,0.01775487995148,0.0176320004463,0.0177919995785,0.0000618384542271406,0.3482899033737815,0.8995992734993349,5,0.0177408003807,0.01774336004258,0.0176639997959,0.0177983999252,0.000046257494806835275,0.2607031289216241,0.7575764701473667,5,0.0177408003807,0.01774592018128,0.0176768004894,0.0177919995785,0.00004155548207281981,0.23416921550597466,0.6493455009240883,3,0.0177408003807,0.0177557337284,0.0177408003807,0.0177856004238,0.000021118942848971582,0.11894153838989027,0.2525254900491089,candidate_vs_matching_baseline,1.0032385493392129,0.32280949943021,1.006854224904773,0.6807564327816484,1.006132752303462,0.6095370903512976,0.32280949943021,0.6807564327816484,False,True,False,False,False,False
fp16,1,1,1,256,1.0,warp32_fused,1,100,2909,true,512,644,5,0.0186176002026,0.01865087985992,0.018604799509,0.0187199997902,0.0000491426829059959,0.26348720958522487,0.6187708402069558,5,0.0186176002026,0.01863680005074,0.0186111998558,0.0186751997471,0.000028906558001964722,0.1551047278677916,0.343760154926209,5,0.0186176002026,0.018654720068,0.0186111998558,0.0187199997902,0.00004830195314951009,0.2589261751097861,0.584392903575221,3,0.0186176002026,0.0186176002026,0.0186176002026,0.0186176002026,0.0000,0.0,0.0,candidate_vs_matching_baseline,2.1509108808453004,53.50806912060422,2.1509108808453004,53.50806912060422,2.1512545961808085,53.51549733930461,53.50806912060422,53.51549733930461,True,True,False,False,False,False
fp16,1,1,1,256,1.0,warp32_split,1,100,2909,true,512,1668,5,0.0333119988441,0.03331199932098,0.0333055996895,0.0333247995377,0.0000070107933173570265,0.021045849724611418,0.057636433916374366,5,0.0333504009247,0.03338496017458,0.0333247995377,0.0334592008591,0.00005860108725182868,0.17553139780723404,0.40299761823990005,5,0.033318400383,0.0333734397888,0.0333119988441,0.0334656000137,0.00007270183463255031,0.2178433961037147,0.4610100359991061,3,0.033318400383,0.03332693338393333,0.0333119988441,0.0333504009247,0.000016798591752452276,0.050405453027822705,0.11525787600411837,candidate_vs_matching_baseline,1.615369954265914,38.09467624681441,1.6133178802762473,38.015935221100335,1.6148673858200213,38.075410477609886,38.015935221100335,38.09467624681441,True,True,False,False,False,False
fp16,1,1,1,256,1.0,warp32_transform,1,100,2909,true,512,1024,5,0.0158080005646,0.01583104014396,0.0157760000229,0.0158975994587,0.00005286861456076517,0.33395540709898386,0.7692271726780345,5,0.015820800066,0.01582207989694,0.0157760000229,0.0158527994156,0.000029019297067026172,0.18341012847899044,0.4854330525612744,5,0.0158272004128,0.015834880352039999,0.0158272004128,0.0158464002609,0.000009405966196788787,0.05940029850353129,0.12130918671170647,3,0.015820800066,0.015818667014466667,0.0158080005646,0.0158272004128,0.000007982103914743638,0.05046002869548839,0.12135826329833563,candidate_vs_matching_baseline,1.1287448969515834,11.406022503338564,1.1290452911346462,11.429593847821717,1.1277800147563946,11.330225140050532,11.330225140050532,11.429593847821717,True,True,False,False,False,False
fp16,1,17,1,64,1.0,baseline_fused,17,100,2909,true,2176,2788,5,0.0238527989388,0.023850239753740002,0.0238143992424,0.0238784003258,0.0000261073189924869,0.10946354947393332,0.2683168694969961,5,0.0238271999359,0.02383104038238,0.0237824010849,0.0238784003258,0.00003071979682577568,0.12890665423272513,0.4028977016110178,5,0.0238784003258,0.02386175966264,0.0238335990906,0.0238847994804,0.000023111435171634855,0.09685553579613025,0.2144213561269472,3,0.0238527989388,0.0238527997335,0.0238271999359,0.0238784003258,0.000020902471655311738,0.08763110363918965,0.2146514965869066,baseline,,,,,,,,,,,,,,
fp16,1,17,1,64,1.0,baseline_split,17,100,2909,true,2176,7140,5,0.0380992007256,0.03809664011002,0.038086400032,0.0381055998802,0.000006526911609350301,0.01713251244860731,0.05039435955175336,5,0.0381055998802,0.03807872009278,0.037971200943,0.0381119990349,0.0000539117015539992,0.1415796051512279,0.3694944898982219,5,0.0380800008774,0.03804416036606,0.0379647994041,0.0381055998802,0.00006278540758110891,0.1650329695201293,0.36974914090290273,3,0.0380992007256,0.038094933827733335,0.0380800008774,0.0381055998802,0.000010877562507045028,0.028553829641058723,0.06719039326932441,baseline,,,,,,,,,,,,,,
fp16,1,17,1,64,1.0,baseline_transform,17,100,2909,true,2176,4352,5,0.0172415995598,0.01724799990656,0.0172096002102,0.0172863996029,0.00002833387353866647,0.16427338643415773,0.4454307875184799,5,0.0172352004051,0.01723392009736,0.0171840000153,0.0172863996029,0.00004441433464304897,0.25771463713501047,0.5941305305025646,5,0.0172415995598,0.01724671959878,0.0171775996685,0.0172863996029,0.000039947465036349904,0.23162355488852332,0.6310315584272995,3,0.0172415995598,0.017239466508233335,0.0172352004051,0.0172415995598,0.000003016590454822208,0.017498165928635467,0.037114623140432186,baseline,,,,,,,,,,,,,,
fp16,1,17,1,64,1.0,optimized_fused,17,100,2909,true,2176,2788,5,0.0192320001125,0.0192256002426,0.0191872000694,0.0192768001556,0.00003263371619945146,0.1697409484627784,0.4658906285143192,5,0.0192384004593,0.0192473602295,0.0192320001125,0.0192895996571,0.000021264688496846883,0.11048106464103566,0.2993988233161792,5,0.0192384004593,0.0192422401905,0.019219199419,0.0192832005024,0.00002164703476729841,0.1124974771803632,0.33267362084181085,3,0.0192384004593,0.019236267010366667,0.0192320001125,0.0192384004593,0.0000030171524161502093,0.01568470854830736,0.033268601584315126,candidate_vs_matching_baseline,1.2402661605277692,19.372145122908858,1.2385229211912854,19.258660224217717,1.2411842853732151,19.431786900258142,19.258660224217717,19.431786900258142,True,True,False,False,False,False
fp16,1,17,1,64,1.0,optimized_split,17,100,2909,true,2176,7140,5,0.0340544009209,0.034050560474419996,0.0340416002274,0.0340608000755,0.000007680098201559129,0.022554983220698217,0.05637993205224144,5,0.034047999382,0.03405311965942,0.0340416002274,0.0340671992302,0.00000940590134213638,0.027621261829191786,0.07518504248311386,5,0.0340544009209,0.03400192022324,0.0339136004448,0.0340608000755,0.00006956905847981604,0.20460332246843585,0.4322484810169168,3,0.0340544009209,0.0340522670746,0.034047999382,0.0340544009209,0.0000030177143774798854,0.008862007251584241,0.018797978313785945,candidate_vs_matching_baseline,1.1187746574692379,10.616495169627472,1.1191729491262008,10.64830500230064,1.1182108581457793,10.57142821361946,10.57142821361946,10.64830500230064,True,True,False,False,False,False
fp16,1,17,1,64,1.0,optimized_transform,17,100,2909,true,2176,4352,5,0.0170431995392,0.01704703998568,0.017023999691,0.0170752000809,0.00001924282140881946,0.11288071961457226,0.3004153638067615,5,0.0170624005795,0.01705472016334,0.0170176005363,0.017094399929,0.000027571877432917925,0.16166713478058173,0.45010895355646646,5,0.0170495998859,0.01704447984694,0.017023999691,0.0170687997341,0.0000178284299540915,0.10459943696839916,0.26276301731309243,3,0.0170495998859,0.017051733334866668,0.0170431995392,0.0170624005795,0.000007982634925076912,0.046814213947120285,0.11261871497570866,candidate_vs_matching_baseline,1.011641007907211,1.1507054198299782,1.0101275213176986,1.0025982961524793,1.0112612422100757,1.113583883177871,1.0025982961524793,1.1507054198299782,False,True,False,False,False,False
fp16,1,17,1,64,1.0,warp32_fused,17,100,2909,true,2176,2788,5,0.0169216001034,0.01690495991708,0.0168576002121,0.0169343996048,0.000031768554945194837,0.18792446182080172,0.45385419954800177,5,0.0169087994099,0.01690623974802,0.0168768000603,0.0169343996048,0.000025791073505313525,0.15255357719822996,0.3406483399777999,5,0.0168640005589,0.0168409602642,0.0167040002346,0.0169280004501,0.0000760066791210559,0.4513203399845826,1.3282744786306688,3,0.0169087994099,0.0168981333574,0.0168640005589,0.0169216001034,0.000024694809017300787,0.14613927168758248,0.3406483399777999,candidate_vs_matching_baseline,1.4096065852547441,29.05822018281222,1.4091597728665066,29.03572616426564,1.4159392513301443,29.37550116923504,29.03572616426564,29.37550116923504,True,True,False,False,False,False
fp16,1,17,1,64,1.0,warp32_split,17,100,2909,true,2176,7140,5,0.0321472001076,0.03214592027664,0.0321408009529,0.0321535992622,0.000004788688858399892,0.014896723494582195,0.03981158314614715,5,0.0321472001076,0.03214976024626,0.0321408009529,0.0321663999557,0.000009578206080625705,0.02979246503631374,0.07963058280135574,5,0.0321600008011,0.032158720016459995,0.0321535992622,0.0321663999557,0.000004789708419119037,0.014893964736990438,0.03980315043887257,3,0.0321472001076,0.03215146700543333,0.0321472001076,0.0321600008011,0.000006034304785159125,0.018768365325723325,0.039818999655186475,candidate_vs_matching_baseline,1.185148336342762,15.622376597524445,1.1853473942569377,15.636546311651268,1.1840795997771716,15.546218329562722,15.546218329562722,15.636546311651268,True,True,False,False,False,False
fp16,1,17,1,64,1.0,warp32_transform,17,100,2909,true,2176,4352,5,0.016409599781,0.01641088008878,0.0163520002365,0.0164543998241,0.000036067762208082284,0.21977957314270763,0.624022456163526,5,0.0163839995861,0.0163891198635,0.0163520002365,0.0164287996292,0.000025727414891891686,0.15697862427126966,0.46874630517664106,5,0.0164031994343,0.0163916797638,0.0163520002365,0.016409599781,0.000020797285819017096,0.12687708714848495,0.3511482301407403,3,0.0164031994343,0.0163989329338,0.0163839995861,0.016409599781,0.000010877952154607013,0.06633329252896912,0.15606830242196193,candidate_vs_matching_baseline,1.0507020152778703,4.825537073369146,1.0519531763002574,4.938734676668588,1.051111987564259,4.862658610021253,4.825537073369146,4.938734676668588,False,True,False,False,False,False
fp16,1,17,1,128,1.0,baseline_fused,17,100,2909,true,4352,5508,5,0.0296063995361,0.0296243200302,0.0296000003815,0.029657599926,0.00002475422887917076,0.08356049642299128,0.1945509937125839,5,0.0296512007713,0.02963199996946,0.0295935988426,0.029657599926,0.000026543278206678123,0.08957639792803306,0.21584651459359724,5,0.0296512007713,0.02962815999982,0.0295743989944,0.029657599926,0.00003253375797337248,0.10980687958202648,0.2805988608749103,3,0.0296512007713,0.029636267026233334,0.0296063995361,0.0296512007713,0.000021119504810302933,0.07126236510019443,0.15109416831228423,baseline,,,,,,,,,,,,,,
fp16,1,17,1,128,1.0,baseline_split,17,100,2909,true,4352,14212,5,0.0444095993042,0.0444044790268,0.0443839979172,0.0444159984589,0.000011011295789398435,0.024797714173727045,0.0720577132002495,5,0.0444032001495,0.04440320014952,0.0443904018402,0.0444095993042,0.000007009922719796016,0.015786976380511603,0.04323441539205681,5,0.0444095993042,0.04440703964232,0.0444032001495,0.0444095993042,0.0000031349327600258834,0.0070595400757997966,0.014409395266472126,3,0.0444095993042,0.044407466252633334,0.0444032001495,0.0444095993042,0.0000030165904548205336,0.006792980346276009,0.014409395266472126,baseline,,,,,,,,,,,,,,
fp16,1,17,1,128,1.0,baseline_transform,17,100,2909,true,4352,8704,5,0.0181951999664,0.0182028799057,0.0181887996197,0.0182400000095,0.0000191573998153414,0.10524378512953053,0.28139503767230084,5,0.0182016003132,0.01821055984498,0.0181887996197,0.0182400000095,0.000022022009492019996,0.1209298872713717,0.28129608890966945,5,0.0182400000095,0.01820928001402,0.0181376004219,0.0182400000095,0.00004095989464065087,0.22493967147034,0.5614012475146254,3,0.0182016003132,0.018212266763033334,0.0181951999664,0.0182400000095,0.000019783677269839445,0.10862830820156724,0.24613244071462734,baseline,,,,,,,,,,,,,,
fp16,1,17,1,128,1.0,optimized_fused,17,100,2909,true,4352,5508,5,0.0198015999794,0.0198156797886,0.0197951996326,0.0198399996758,0.00001999416250230467,0.10090071456346075,0.22624456229096931,5,0.0198015999794,0.01980288004876,0.0197440004349,0.0198399996758,0.00003298309052016159,0.16655703836486602,0.48480547531448437,5,0.0197951996326,0.01980415964126,0.0197503995895,0.0198399996758,0.00003352528248134406,0.16928404480994722,0.45263542658313716,3,0.0198015999794,0.019799466530466667,0.0197951996326,0.0198015999794,0.0000030171524161502093,0.015238554086836279,0.03232237196316448,candidate_vs_matching_baseline,1.4951518850446495,33.117162878061905,1.4974143908647148,33.218218944554955,1.4978985472047732,33.23980440023132,33.117162878061905,33.23980440023132,True,True,False,False,False,False
fp16,1,17,1,128,1.0,optimized_split,17,100,2909,true,4352,14212,5,0.0354367995262,0.0354867196083,0.035417599678,0.035583999157,0.0000745705913109882,0.21013661486351323,0.46956689437197185,5,0.0355712008476,0.03551872015,0.0354304003716,0.0355776000023,0.00006956905848828031,0.19586589323737305,0.4138168720551722,5,0.0355776000023,0.03557632017136,0.0355647993088,0.0355904006958,0.000008490875724701157,0.02386664973725013,0.07195928617542145,3,0.0355712008476,0.0355285334587,0.0354367995262,0.0355776000023,0.0000649182720767926,0.18272150791773206,0.39582716564235476,candidate_vs_matching_baseline,1.2532057041823434,20.204640254773498,1.248290726527325,19.890456706191827,1.2482460677878506,19.88759061166472,19.88759061166472,20.204640254773498,True,True,False,False,False,False
fp16,1,17,1,128,1.0,optimized_transform,17,100,2909,true,4352,8704,5,0.0183296000957,0.0183283202648,0.0183104002476,0.0183552002907,0.000015359958017695153,0.08380450469972603,0.24441364168392415,5,0.018323199749,0.0183065600395,0.0182720005512,0.0183296000957,0.00002346256301273899,0.1281647833460459,0.31435308946593976,5,0.0182783997059,0.01829247999192,0.0182656002045,0.018323199749,0.000023040082707033036,0.12595384943545165,0.3151235634780877,3,0.018323199749,0.0183103998502,0.0182783997059,0.0183296000957,0.000022777884535745595,0.12439861893838872,0.27942930547811384,candidate_vs_matching_baseline,0.9926675907494825,-0.7386570609181797,0.9933636353112051,-0.6680700252044147,0.9978991762398322,-0.21052465120614539,-0.7386570609181797,-0.21052465120614539,False,False,True,True,False,False
fp16,1,17,1,128,1.0,warp32_fused,17,100,2909,true,4352,5508,5,0.0181312000751,0.0181273598671,0.0180991995335,0.0181439995766,0.000015466446204387396,0.08532100823163999,0.24708812938160307,5,0.0181376004219,0.0181273601055,0.018086400032,0.0181568002701,0.000027032038776742495,0.14912286521268334,0.3881452698395301,5,0.0181312000751,0.01812863993646,0.0180991995335,0.0181568002701,0.00002087627602405608,0.11515632776218408,0.3176884947571989,3,0.0181312000751,0.018133333524033333,0.0181312000751,0.0181376004219,0.0000030171524161502093,0.016638708002317242,0.03530018296356077,candidate_vs_matching_baseline,1.6328979556493426,38.75918598952883,1.6347918181888084,38.830131832449254,1.6353689026917024,38.85171728812562,38.75918598952883,38.85171728812562,True,True,False,False,False,False
fp16,1,17,1,128,1.0,warp32_split,17,100,2909,true,4352,14212,5,0.0338495993614,0.03382783937454,0.0337791991234,0.0338687992096,0.000035426120496691346,0.10472475083157179,0.2647005810715008,5,0.0338687992096,0.0338598394394,0.0337791991234,0.0339903998375,0.00007524845176032052,0.2222351109933495,0.6235848894227638,5,0.0338624000549,0.03387775993346,0.0337727999687,0.0339903998375,0.0000920885088318459,0.27182584979856644,0.6426002541084305,3,0.0338624000549,0.033860266208633334,0.0338495993614,0.0338687992096,0.000007982210121808218,0.02357397331912588,0.05669960832329633,candidate_vs_matching_baseline,1.3119682401571338,23.778642699442898,1.3110355603311163,23.724418295149896,1.3114722887982002,23.74981854047602,23.724418295149896,23.778642699442898,True,True,False,False,False,False
fp16,1,17,1,128,1.0,warp32_transform,17,100,2909,true,4352,8704,5,0.0170816004276,0.017061120271660002,0.0170047998428,0.0171264004707,0.00004639910184735631,0.2719581194467589,0.7118807655957026,5,0.0170816004276,0.017048320055,0.016953599453,0.0171264004707,0.00006289001885960198,0.3688927627866614,1.011620769566721,5,0.0170816004276,0.01706112003326,0.0169472002983,0.0171391999722,0.00007457017797130448,0.4370766856216519,1.1240145483661579,3,0.0170816004276,0.0170816004276,0.0170816004276,0.0170816004276,0.0000,0.0,0.0,candidate_vs_matching_baseline,1.065192927531584,6.120292939107108,1.0655676199866104,6.153304469540311,1.0678156351221217,6.350874897459791,6.120292939107108,6.350874897459791,True,True,False,False,False,False
fp16,1,17,1,256,1.0,baseline_fused,17,100,2909,true,8704,10948,5,0.0411583995819,0.041144319534299996,0.0411136007309,0.0411583995819,0.0000182818454492585,0.04443346166903508,0.10884497807272361,5,0.0411583995819,0.041134079933159995,0.0410752010345,0.0411647987366,0.000034677537245543115,0.084303665724119,0.2176899563883981,5,0.0411520004272,0.04113663959502,0.0410879993439,0.0411583995819,0.000027032174220123634,0.06571313186066892,0.17107367143558272,3,0.0411583995819,0.04115626653033333,0.0411520004272,0.0411583995819,0.0000030165904548205336,0.007329601805832464,0.015547627616727724,baseline,,,,,,,,,,,,,,
fp16,1,17,1,256,1.0,baseline_split,17,100,2909,true,8704,28356,5,0.056620798111,0.05675391960144,0.0566079998016,0.0569600009918,0.0001683296345416944,0.29659561088257136,0.6216817882184079,5,0.056627202034,0.056691200256340004,0.0566143989563,0.0569600009918,0.0001347352354193134,0.23766516639281315,0.6103109867453719,5,0.0566143989563,0.05661311912538,0.056601600647,0.056620798111,0.000007462632613804945,0.013181807907947261,0.033909154479975175,3,0.056620798111,0.05662079970043333,0.0566143989563,0.056627202034,0.000005226834704533779,0.009231297919117481,0.022611969677467165,baseline,,,,,,,,,,,,,,
fp16,1,17,1,256,1.0,baseline_transform,17,100,2909,true,8704,17408,5,0.0195648002625,0.01957248020174,0.0195264005661,0.0196096003056,0.000030666510485596696,0.15668178058941368,0.4252521793410232,5,0.0195775997639,0.01953919982908,0.0193983995914,0.0196031999588,0.00007626485237281605,0.39031717286248235,1.0460953838562028,5,0.0195775997639,0.01957376003268,0.0195135998726,0.0196096003056,0.00003588585213226116,0.1833365284561923,0.49035854322152306,3,0.0195775997639,0.019573333263433334,0.0195648002625,0.0195775997639,0.000006033742823831124,0.030826342874891367,0.06537829741315651,baseline,,,,,,,,,,,,,,
fp16,1,17,1,256,1.0,optimized_fused,17,100,2909,true,8704,10948,5,0.0201984000206,0.02020480012892,0.0201728010178,0.0202367997169,0.000022896710737469655,0.11332312416541358,0.31685033980278665,5,0.0201984000206,0.02021120023728,0.0201792001724,0.0202496004105,0.000032127870948306915,0.15896072757245933,0.3485436372593845,5,0.0202047991753,0.02021503973006,0.0201792001724,0.0202559995651,0.000029633688449512384,0.14659228398867177,0.38010470697420135,3,0.0201984000206,0.020200533072166667,0.0201984000206,0.0202047991753,0.0000030165904548205336,0.014933222029555977,0.031681493056243286,candidate_vs_matching_baseline,2.037705934129597,50.92520548470855,2.037705934129597,50.92520548470855,2.03674384833815,50.90202428666055,50.90202428666055,50.92520548470855,True,True,False,False,False,False
fp16,1,17,1,256,1.0,optimized_split,17,100,2909,true,8704,28356,5,0.0368384003639,0.03681408023832,0.0366847991943,0.0368576002121,0.00006506684053546416,0.17674444156759261,0.4690785052907513,5,0.0368512010574,0.03684608030318,0.0368319988251,0.0368576002121,0.000009406615133515131,0.025529486599700252,0.06947232726587309,5,0.0368447995186,0.03681279993058,0.0366784000397,0.0368576002121,0.00006773125366935466,0.18398832416192018,0.4863649001795702,3,0.0368447995186,0.0368448003133,0.0368384003639,0.0368512010574,0.000005225861268338434,0.014183443047327457,0.034742198810269825,candidate_vs_matching_baseline,1.537004798028252,34.93839438348852,1.5366446793904112,34.9231469439831,1.536564174483292,34.9197373851128,34.9197373851128,34.93839438348852,True,True,False,False,False,False
fp16,1,17,1,256,1.0,optimized_transform,17,100,2909,true,8704,17408,5,0.0194687998295,0.0194739201069,0.0194368004799,0.0195392000675,0.00003651929192909971,0.1875292274417835,0.5259676430841942,5,0.0194368004799,0.01945600008966,0.0194304001331,0.0194879996777,0.000026231870216230253,0.13482663494728972,0.2963427270839329,5,0.0194687998295,0.01946368002894,0.0194368004799,0.0194879996777,0.00002039979651787796,0.10480955547741268,0.26298076023371364,3,0.0194687998295,0.019458133379633335,0.0194368004799,0.0194687998295,0.000015084638063812458,0.07752356184176136,0.1643622096905668,candidate_vs_matching_baseline,1.004930988753325,0.4906793410204391,1.0072439537641806,0.7191856289739174,1.0055884253447993,0.5557368406346797,0.4906793410204391,0.7191856289739174,False,True,False,False,False,False
fp16,1,17,1,256,1.0,warp32_fused,17,100,2909,true,8704,10948,5,0.0201920008659,0.02017664051056,0.0201087999344,0.0202175998688,0.00004059845370927726,0.2012151313695109,0.5388269103323007,5,0.0202047991753,0.02018816041946,0.0201536011696,0.0202112007141,0.000025791049866328304,0.12775334319945023,0.28507853010690265,5,0.0202047991753,0.02018815994262,0.0201471996307,0.0202175998688,0.000028792921804500004,0.1426228139975955,0.34843324840398576,3,0.0202047991753,0.020200533072166667,0.0201920008659,0.0202047991753,0.000006033180909642742,0.029866444059120242,0.06334291813029509,candidate_vs_matching_baseline,2.0383517143864527,50.94075311232529,2.037060562928801,50.909657857091815,2.03674384833815,50.90202428666055,50.90202428666055,50.94075311232529,True,True,False,False,False,False
fp16,1,17,1,256,1.0,warp32_split,17,100,2909,true,8704,28356,5,0.0368000006676,0.03681791973114,0.0367488002777,0.0368831992149,0.000049142297885976655,0.13347385796056505,0.36521449663541267,5,0.0367871999741,0.03678591966628,0.0367296004295,0.0368831992149,0.000055114054355020564,0.14982377729036672,0.4175332330488348,5,0.0368000006676,0.036817920208000004,0.0367359995842,0.0368896007538,0.00005758605552710636,0.15640768191624724,0.41739447503662,3,0.0368000006676,0.03679573376976667,0.0367871999741,0.0368000006676,0.000006034304785162475,0.016399468544151117,0.03478449257549778,candidate_vs_matching_baseline,1.5386086164082848,35.00621344924015,1.5393180800351303,35.0361687444626,1.53843472633807,34.99886716804059,34.99886716804059,35.0361687444626,True,True,False,False,False,False
fp16,1,17,1,256,1.0,warp32_transform,17,100,2909,true,8704,17408,5,0.0177983999252,0.01780480003356,0.0177727997303,0.0178304004669,0.000022537066445685303,0.12657859904747892,0.32362873540358716,5,0.0178304004669,0.017818880081179998,0.0177792000771,0.0178496003151,0.000026044198973494973,0.1461606950315717,0.39483262381395934,5,0.0178175997734,0.017818880081179998,0.0177856004238,0.0178496003151,0.00002118782337013376,0.11890659386900516,0.35919479679606314,3,0.0178175997734,0.01781546672183333,0.0177983999252,0.0178304004669,0.000013150946708961482,0.07381758173556376,0.17960074368588208,candidate_vs_matching_baseline,1.0992448953121359,9.028460876677979,1.0979899077557718,8.924481642646198,1.0987787363552477,8.989866029161252,8.924481642646198,9.028460876677979,True,True,False,False,False,False
fp16,1,257,1,64,1.0,baseline_fused,257,100,2909,true,32896,42148,5,0.0423424005508,0.042269440650920004,0.0421248006821,0.0423744010925,0.00010379855910661034,0.2455640706576304,0.5894810099407165,5,0.0423040008545,0.04227711963654,0.0421695995331,0.0423808002472,0.00008618943336720947,0.2038677991977395,0.4992452482837354,5,0.0423424005508,0.0422668800354,0.0421375989914,0.0423551988602,0.00009801820688791922,0.23190310428833527,0.5139053666523624,3,0.0423424005508,0.042329600652033335,0.0423040008545,0.0423424005508,0.000018101790432821376,0.04276390552706961,0.09068851978273532,baseline,,,,,,,,,,,,,,
fp16,1,257,1,64,1.0,baseline_split,257,100,2909,true,32896,107940,5,0.0743616008759,0.07438080024722,0.0740416002274,0.0746560001373,0.00020270959269384864,0.27252945924230626,0.8262327635002857,5,0.0743616008759,0.07435519981384,0.0742848014832,0.0744575977325,0.0000604443654938427,0.081291376588557,0.2323729549453638,5,0.0743359994888,0.07434751987454,0.0742912006378,0.0744575977325,0.00005744217284867479,0.07726172029088173,0.22384456500793132,3,0.0743616008759,0.07435306708019999,0.0743359994888,0.0743616008759,0.000012068609617459545,0.016231488614238187,0.034428235538825916,baseline,,,,,,,,,,,,,,
fp16,1,257,1,64,1.0,baseline_transform,257,100,2909,true,32896,65792,5,0.0358015990257,0.03583615970612,0.0356416010857,0.0360640001297,0.00017748178002780335,0.49525892697005003,1.1798328999125938,5,0.0358080005646,0.0357990398407,0.035654399395,0.0360127997398,0.00013013285555233697,0.36350934586907185,1.0008946021809437,5,0.0359488010406,0.03585152006148,0.0356223988533,0.036057600975,0.000177980620848677,0.4964381441664588,1.2106165132141435,3,0.0358080005646,0.0358528002103,0.0358015990257,0.0359488010406,0.00006793312637581841,0.1894778817201067,0.41108694308256866,baseline,,,,,,,,,,,,,,
fp16,1,257,1,64,1.0,optimized_fused,257,100,2909,true,32896,42148,5,0.0368063998222,0.03683840036394,0.0367871999741,0.036908800602,0.000050393897866996995,0.13679719360541523,0.3303790332317618,5,0.0367808008194,0.03682048034666,0.0367359995842,0.0369408011436,0.00007457088593948774,0.20252556522188905,0.5568164771767936,5,0.0368255996704,0.03684352016448,0.0367743992805,0.0369472002983,0.00006618995062473365,0.17965153798888597,0.4692415584447174,3,0.0368063998222,0.036804266770666665,0.0367808008194,0.0368255996704,0.000018351143367885035,0.0498614562334144,0.12171484094182537,candidate_vs_matching_baseline,1.150408645109075,13.074366725991894,1.1501653012456106,13.0559756135039,1.1498088538890607,13.02902246598242,13.02902246598242,13.074366725991894,True,True,False,False,False,False
fp16,1,257,1,64,1.0,optimized_split,257,100,2909,true,32896,107940,5,0.0708095979691,0.07067903995514,0.0702207994461,0.0711231994629,0.00035321002647534616,0.4997380081839377,1.2744035309927788,5,0.0707072019577,0.07075839996338,0.0701567983627,0.0711488008499,0.0003528957271384338,0.4987333338813059,1.4029723419029572,5,0.0708864021301,0.07083264064788,0.0703552007675,0.0712383985519,0.00033293683846055966,0.47003307432182306,1.245933998426173,3,0.0708095979691,0.0708010673523,0.0707072019577,0.0708864021301,0.00007340642121907742,0.1036798228673777,0.2530732803739421,candidate_vs_matching_baseline,1.0501627322944276,4.776662773476104,1.0516835459050722,4.914362890463753,1.0486637388136706,4.640547490344494,4.640547490344494,4.914362890463753,False,True,False,False,False,False
fp16,1,257,1,64,1.0,optimized_transform,257,100,2909,true,32896,65792,5,0.0358976006508,0.03588352060318,0.0357568001747,0.036057600975,0.00010243223570364222,0.2854575971973181,0.8379412407700829,5,0.0358207988739,0.0358822398186,0.0357055997849,0.0361919999123,0.00016657725803174633,0.4642331662512299,1.357870686000809,5,0.0358592009544,0.03592192029954,0.0357504010201,0.0362815999985,0.00018541873521956895,0.5161715567359113,1.4813463888263796,3,0.0358592009544,0.0358592001597,0.0358207988739,0.0358976006508,0.00003135419412904688,0.08743695896564914,0.21417592934561608,candidate_vs_matching_baseline,0.9973256812890122,-0.2681489869519105,0.9996427129013773,-0.03574147983189668,1.0024986637687199,0.249243600916782,-0.2681489869519105,0.249243600916782,False,False,True,False,False,False
fp16,1,257,1,64,1.0,warp32_fused,257,100,2909,true,32896,42148,5,0.0224320006371,0.02243200063706,0.0220864009857,0.022739200592,0.00020966218520177363,0.9346566478577478,2.9101265502834526,5,0.022335999012,0.02230656003952,0.0219903993607,0.0227200007439,0.00024473151831752352,1.0971280102532104,3.2664819818805544,5,0.0227263998985,0.02268160009384,0.0222591996193,0.0233344006538,0.00039636667065669134,1.747525170256127,4.731066245872788,3,0.0224320006371,0.022498133182533333,0.022335999012,0.0227263998985,0.0001660990632506504,0.7382793136792487,1.7403748012307076,candidate_vs_matching_baseline,1.8875891292892728,47.022369196599136,1.893982930057089,47.20121368940438,1.8631371770235685,46.32708679038129,46.32708679038129,47.20121368940438,True,True,False,False,False,False
fp16,1,257,1,64,1.0,warp32_split,257,100,2909,true,32896,107940,5,0.0438144016266,0.04386560058594,0.0425152015686,0.0450176000595,0.0008094917242618309,1.8453907240501635,5.711360643986924,5,0.0444672012329,0.04441728019714,0.0437440013885,0.0449792003632,0.0003938238428784156,0.8866455603100472,2.7777753950165622,5,0.0447488021851,0.0442726402283,0.0430079984665,0.0451904010773,0.0009291846588402141,2.09877850981713,4.877007884529876,3,0.0444672012329,0.0443434683482,0.0438144016266,0.0447488021851,0.0003913723470033906,0.8825929986581154,2.1013253197699764,candidate_vs_matching_baseline,1.6971953995773525,41.079265224910046,1.672279766078059,40.20139331439344,1.6611841179863278,39.80197684455406,39.80197684455406,41.079265224910046,True,True,False,False,False,False
fp16,1,257,1,64,1.0,warp32_transform,257,100,2909,true,32896,65792,5,0.0217727994919,0.02174975967408,0.0216192007065,0.0218495988846,0.00007697000097381197,0.35388897223328863,1.058192715115543,5,0.0216831994057,0.02169087982178,0.021606400013,0.0218111991882,0.0000694508672131065,0.3201846480352092,0.9445062574398717,5,0.021747200489,0.02176384019852,0.0217151999474,0.0218176007271,0.00004256828911064067,0.19559181064716433,0.47086878953361044,3,0.021747200489,0.021734399795533335,0.0216831994057,0.0217727994919,0.0000376823316394869,0.17337645388869236,0.41200745008681955,candidate_vs_matching_baseline,1.6443268601733576,39.184840665159946,1.6514168363542754,39.44593648399308,1.6530312055008343,39.50507427371761,39.184840665159946,39.50507427371761,True,True,False,False,False,False
fp16,1,257,1,128,1.0,baseline_fused,257,100,2909,true,65792,83268,5,0.0685695981979,0.06853887939452,0.0684159994125,0.0686719989777,0.00009435585914459801,0.13766764204222195,0.37334266486607465,5,0.0684991979599,0.06851711940766,0.0684223985672,0.0687167978287,0.00010488126741816725,0.1530730835226004,0.4297849759822498,5,0.0684672021866,0.06847103977202,0.0684159994125,0.0685567998886,0.000051455588938481976,0.07514941953533584,0.20564660392615527,3,0.0684991979599,0.06851199944813334,0.0684672021866,0.0685695981979,0.00004277183152713704,0.062429693880875915,0.1494849784371855,baseline,,,,,,,,,,,,,,
fp16,1,257,1,128,1.0,baseline_split,257,100,2909,true,65792,214852,5,0.1042304039,0.1037081604004,0.102771196365,0.104326400757,0.0007146804030563187,0.6891264875368113,1.492083244244252,5,0.10403840065,0.1036620788574,0.102828798294,0.104307203293,0.0005957643166320166,0.5747177012064015,1.4210185756061078,5,0.104166402817,0.1036454410554,0.102604799271,0.104275197983,0.0007155266702964928,0.6903600033059181,1.6035868253361476,3,0.104166402817,0.10414506912233334,0.10403840065,0.1042304039,0.0000798233754349296,0.0766463319940434,0.18432358688368192,baseline,,,,,,,,,,,,,,
fp16,1,257,1,128,1.0,baseline_transform,257,100,2909,true,65792,131584,5,0.04403840065,0.0434982395172,0.0424896001816,0.0442687988281,0.0007691358027441385,1.7681998427545742,4.040107315977213,5,0.0440064001083,0.04351360034942,0.042598400116,0.0441919994354,0.0007393921496447204,1.699220803857422,3.6212898930113395,5,0.0440768003464,0.04359168052674,0.0427072000504,0.0442303991318,0.0007163924992671862,1.643415648606933,3.455784152726979,3,0.04403840065,0.044040533701566666,0.0440064001083,0.0440768003464,0.000028780326762955034,0.06534963213202664,0.15986102369955055,baseline,,,,,,,,,,,,,,
fp16,1,257,1,128,1.0,optimized_fused,257,100,2909,true,65792,83268,5,0.0393664002419,0.03938560009004,0.039315199852,0.0394815993309,0.00005837679894602334,0.14821863526915238,0.4226941703521457,5,0.0393792009354,0.039392000198379996,0.0393407988548,0.0394560003281,0.000037971225404760785,0.09639324028618979,0.29254395864705507,5,0.0393472003937,0.039372799873379996,0.0393215990067,0.0395007991791,0.00006526724538603916,0.16576734597471804,0.45543309462162884,3,0.0393664002419,0.03936426719033334,0.0393472003937,0.0393792009354,0.000013150946708961482,0.03340833615769927,0.08128897105999638,candidate_vs_matching_baseline,1.7418305401700738,42.58913384867169,1.7394765849177638,42.51144231140792,1.7400781123315319,42.53131552467496,42.51144231140792,42.58913384867169,True,True,False,False,False,False
fp16,1,257,1,128,1.0,optimized_split,257,100,2909,true,65792,214852,5,0.075232000351,0.0754419193268,0.0749247980118,0.076006398201,0.00046861594755032643,0.6211612214164005,1.4376863358062049,5,0.0751423978806,0.07537407875064,0.0749119997025,0.075935997963,0.00039407352577152427,0.5228236713515761,1.36274365655342,5,0.0752896022797,0.07539327907566,0.0747455978394,0.07596159935,0.00044820861834752185,0.5944941297721347,1.6150988632966383,3,0.075232000351,0.07522133350376667,0.0751423978806,0.0752896022797,0.00006056742799570719,0.08051895010964451,0.19566726713793708,candidate_vs_matching_baseline,1.3854530440996649,27.82144409305124,1.3845499156856194,27.774362724596536,1.3835430081038682,27.721798733926605,27.721798733926605,27.82144409305124,True,True,False,False,False,False
fp16,1,257,1,128,1.0,optimized_transform,257,100,2909,true,65792,131584,5,0.0402687978745,0.04046079921724,0.0402048015594,0.0411647987366,0.0003625808689758323,0.8961287863570913,2.3839727726461577,5,0.0404095983505,0.04052608013152,0.0402239990234,0.0410879993439,0.0003015044184059982,0.7439762676960628,2.138106677047221,5,0.0403584003448,0.040529920578,0.0403136014938,0.0411967992783,0.0003355058567190962,0.8277979624297901,2.188386499351911,3,0.0403584003448,0.0403455988566,0.0402687978745,0.0404095983505,0.000058189930890475194,0.14422869542053185,0.3488752646216736,candidate_vs_matching_baseline,1.093611008385405,8.55980853042173,1.0890085995560383,8.173360576980283,1.0921344743555748,8.436184052329242,8.173360576980283,8.55980853042173,True,True,False,False,False,False
fp16,1,257,1,128,1.0,warp32_fused,257,100,2909,true,65792,83268,5,0.0290176010132,0.02897792005538,0.0287615990639,0.0292095994949,0.00015125689815841373,0.5219729292832098,1.5438920357206882,5,0.0286976003647,0.02887807989122,0.0282112002373,0.0295104002953,0.0004650187247793324,1.6102827006885427,4.527207994707813,5,0.0290687990189,0.02908927965166,0.0288703989983,0.0292928004265,0.0001443852949265722,0.4963522529796737,1.4531093215284296,3,0.0290176010132,0.028928000132266668,0.0286976003647,0.0290687990189,0.00016425254664285382,0.5677977941504653,1.2792189610407148,candidate_vs_matching_baseline,2.3630347032033403,57.681535584543234,2.3869312099055735,58.10520236820902,2.3553502207670807,57.54346885728423,57.54346885728423,58.10520236820902,True,True,False,False,False,False
fp16,1,257,1,128,1.0,warp32_split,257,100,2909,true,65792,214852,5,0.0564096021652,0.05627136039732,0.0558975982666,0.0566527986526,0.00031010907695154033,0.5510957523719467,1.3387798477789903,5,0.0551616001129,0.05567231941224,0.0549440002441,0.0569087982178,0.0007822398561595892,1.4050786179165504,3.561894451354956,5,0.0571456003189,0.05667455959322,0.0557183980942,0.057305598259,0.0006558746416014418,1.1572646462697953,2.77746695448584,3,0.0564096021652,0.056238934199,0.0551616001129,0.0571456003189,0.0008189057212187283,1.456118848769523,3.5171320659020116,candidate_vs_matching_baseline,1.8477422264874868,45.879896791611685,1.886065676794422,46.97957699439126,1.8228245435466817,45.14008473606058,45.14008473606058,46.97957699439126,True,True,False,False,False,False
fp16,1,257,1,128,1.0,warp32_transform,257,100,2909,true,65792,131584,5,0.0262400007248,0.02592640018462,0.0244479990005,0.026944000721,0.0009229859774989122,3.560023647426548,9.512201415989182,5,0.026303999424,0.02586879968646,0.0243391990662,0.0266560006142,0.0008907001732817805,3.4431445760043604,8.807791965985714,5,0.0264256000519,0.02596352052688,0.0243264007568,0.0266944003105,0.0008549057038703837,3.2927187319812847,8.96100580137912,3,0.026303999424,0.0263232000669,0.0262400007248,0.0264256000519,0.00007697738226614738,0.2924317031003471,0.7055935643408441,candidate_vs_matching_baseline,1.6782926613404525,40.415636495645536,1.6729927414820491,40.226877546752945,1.6679583532571811,40.04646470655548,40.04646470655548,40.415636495645536,True,True,False,False,False,False
fp16,1,257,1,256,1.0,baseline_fused,257,100,2909,true,131584,165508,5,0.109587202072,0.1095385608672,0.10930560112,0.109695997238,0.00015028821597066055,0.13720119634661235,0.35624243581244425,5,0.109523200989,0.109553920746,0.109382400513,0.109683198929,0.00011006481792281923,0.10046634312431751,0.2746435579710797,5,0.109491195679,0.1094399986268,0.109254398346,0.109542398453,0.00010686280302618036,0.09764510632953485,0.2630349456081786,3,0.109523200989,0.10953386624666666,0.109491195679,0.109587202072,0.00003991338676884966,0.036439311544948144,0.08765849804703806,baseline,,,,,,,,,,,,,,
fp16,1,257,1,256,1.0,baseline_split,257,100,2909,true,131584,428676,5,0.152076797485,0.1520307197568,0.151539201736,0.152249603271,0.00025776593006923687,0.1695485823401869,0.46713341334669206,5,0.152281599045,0.1522444801332,0.151980800629,0.152441596985,0.00015819133135315214,0.10390611943024088,0.3025949023977843,5,0.151910400391,0.1519743995668,0.151904001236,0.152223997116,0.0001251510083129862,0.08235005939798193,0.21064777604190402,3,0.152076797485,0.15208959897366665,0.151910400391,0.152281599045,0.0001518113275679548,0.09981703455884576,0.24408631700481737,baseline,,,,,,,,,,,,,,
fp16,1,257,1,256,1.0,baseline_transform,257,100,2909,true,131584,263168,5,0.0502207994461,0.050209279060360004,0.0498880004883,0.0504831981659,0.0002108848021901034,0.4200116116715884,1.185161694287245,5,0.0501503992081,0.0503014392853,0.0500224018097,0.0509887981415,0.000352466777249242,0.7007091293156025,1.9269962892816055,5,0.05007999897,0.05012096023558,0.0499520015717,0.0502911996841,0.00014507476628164728,0.2894492954639389,0.6773125386907297,3,0.0501503992081,0.050150399208066666,0.05007999897,0.0502207994461,0.000057481553664324773,0.11461833718579631,0.2807564412712852,baseline,,,,,,,,,,,,,,
fp16,1,257,1,256,1.0,optimized_fused,257,100,2909,true,131584,165508,5,0.0460160017014,0.04602752017978,0.045907201767,0.0461503982544,0.00007925571059840104,0.1721920066274139,0.5285041690021643,5,0.0460544013977,0.0459763202667,0.0456383991241,0.0461632013321,0.00018099287887505355,0.39366542999776377,1.1395267163893985,5,0.046067199707,0.04605311965944,0.045971198082,0.0461055994034,0.00005252691205624601,0.11405722879292285,0.2917505779705035,3,0.0460544013977,0.04604586760203333,0.0460160017014,0.046067199707,0.00002175512500101522,0.04724663934892289,0.11116853991409549,candidate_vs_matching_baseline,2.3815020432048075,58.00969380423913,2.3781266863772483,57.950095521472676,2.376771246687317,57.92611504393725,57.92611504393725,58.00969380423913,True,True,False,False,False,False
fp16,1,257,1,256,1.0,optimized_split,257,100,2909,true,131584,428676,5,0.0928767967224,0.09284095954894,0.0926655960083,0.0929343986511,0.00009463469929990986,0.1019320564540528,0.2894185117122665,5,0.0928767967224,0.09283712005616,0.092544002533,0.0929983997345,0.00015431199456246075,0.16621798960277176,0.4892472797680042,5,0.0930303955078,0.09288831901552,0.0925568008423,0.0930815982819,0.00020814836584639865,0.22408454373215725,0.5641139508602782,3,0.0928767967224,0.09292799631753333,0.0928767967224,0.0930303955078,0.00007240716182556808,0.07791748955627331,0.1653790729444352,candidate_vs_matching_baseline,1.6374035588193594,38.927700833810064,1.6396086473584501,39.009836181878796,1.632911475457108,38.759693037244055,38.759693037244055,39.009836181878796,True,True,False,False,False,False
fp16,1,257,1,256,1.0,optimized_transform,257,100,2909,true,131584,263168,5,0.0543103981018,0.05423487949372,0.0536831998825,0.0545088005066,0.00029119385493312167,0.5369125139603929,1.5201520389382586,5,0.0543103981018,0.05416319942476,0.0534144020081,0.0544767999649,0.0003809574257293634,0.7033510386670653,1.956159398442698,5,0.0542592000961,0.054123518943760004,0.0534208011627,0.0544575977325,0.00037820374752783087,0.6987789318000999,1.9108217002161785,3,0.0543103981018,0.0542933320999,0.0542592000961,0.0543103981018,0.000024134971342462442,0.044452919739856774,0.09426925135777584,candidate_vs_matching_baseline,0.9246995271875119,-8.14323686760343,0.9234032701085628,-8.295046419148155,0.9229770966269665,-8.345050343558347,-8.345050343558347,-8.14323686760343,False,False,True,True,True,True
fp16,1,257,1,256,1.0,warp32_fused,257,100,2909,true,131584,165508,5,0.0383168005943,0.03814911985396,0.0374079990387,0.0388863992691,0.0005159589707196132,1.3524793565219173,3.8583603209813195,5,0.0374783992767,0.03767808008192,0.0371456003189,0.0385920000076,0.0005062297352269396,1.34356563319121,3.8592888613554317,5,0.0374271988869,0.03778559970856,0.0369151997566,0.0393023991585,0.0008271513325714883,2.189064984944792,6.378247565664201,3,0.0374783992767,0.03774079958596667,0.0374271988869,0.0383168005943,0.00040783022707958466,1.080608337803288,2.3736384812812825,candidate_vs_matching_baseline,2.8600300748570895,65.03533271236779,2.922301995354685,65.78040183425232,2.925444567996333,65.81716122944998,65.03533271236779,65.81716122944998,True,True,False,False,False,False
fp16,1,257,1,256,1.0,warp32_split,257,100,2909,true,131584,428676,5,0.0758016014099,0.07561344051362,0.0743552017212,0.0770175981522,0.0009915454692723326,1.311334945926351,3.5123221429095963,5,0.0740159988403,0.07393791961667999,0.0725952005386,0.0755263996124,0.0011041017905900878,1.4932821971650505,3.960223626954598,5,0.0719360017776,0.07183360004424,0.0710271978378,0.072588801384,0.0005346217831931863,0.7442502991134093,2.170823381354882,3,0.0740159988403,0.0739178673426,0.0719360017776,0.0758016014099,0.0015796492168495542,2.1370329984333547,5.222654146221255,candidate_vs_matching_baseline,2.006247818731942,50.15570904734719,2.0574146323900746,51.39531019868797,2.1117437254943887,52.64576908990763,50.15570904734719,52.64576908990763,True,True,False,False,False,False
fp16,1,257,1,256,1.0,warp32_transform,257,100,2909,true,131584,263168,5,0.0354496002197,0.03513344049452,0.0339840006828,0.0362111997604,0.0007945756800383178,2.261593709167917,6.282719872147675,5,0.0347648000717,0.03472896003724,0.0331263995171,0.0358080005646,0.0009870338141973317,2.842105876878926,7.713552334457225,5,0.0335807991028,0.03410943984986,0.0330496001244,0.0354496002197,0.0009584165462824524,2.8098278673033854,7.146941583947854,3,0.0347648000717,0.034598399798066666,0.0335807991028,0.0354496002197,0.0007719547447575796,2.231186266599289,5.37555548441449,candidate_vs_matching_baseline,1.4166816870953418,29.412513120690853,1.4425625662931545,30.67891657762717,1.4913283872933292,32.94568731337974,29.412513120690853,32.94568731337974,True,True,False,False,False,False
fp16,4,64,16,64,1.0,baseline_fused,4096,100,2909,true,524288,671744,5,0.15667840004,0.1562496013644,0.154700803757,0.156812801361,0.0007962469629196199,0.509599356393006,1.3479826213829198,5,0.15596159935,0.155550720215,0.153779201508,0.156409597397,0.0009305107357718596,0.5982040677701272,1.6865663727242348,5,0.155967998505,0.1556377601624,0.154156799316,0.15687040329,0.0009066672130150579,0.5825496409540957,1.7398466352141015,3,0.155967998505,0.156202665965,0.15596159935,0.15667840004,0.00033640493444980357,0.21536440007059876,0.45958189940934235,baseline,,,,,,,,,,,,,,
fp16,4,64,16,64,1.0,baseline_split,4096,100,2909,true,524288,1720320,5,0.307526397705,0.3071961593628,0.306406402588,0.30767999649,0.0005073788684430025,0.1651644569695892,0.4141413262420915,5,0.306924800873,0.3071244812012,0.306240005493,0.307936000824,0.0006300600424630627,0.20514810151207213,0.5525768286485844,5,0.307289600372,0.307325439453,0.306809597015,0.307903995514,0.0004519434585046982,0.14705696323386044,0.35614563515169506,3,0.307289600372,0.30724693298333335,0.306924800873,0.307526397705,0.00024744705374395476,0.08053686698880003,0.19577520074605756,baseline,,,,,,,,,,,,,,
fp16,4,64,16,64,1.0,baseline_transform,4096,100,2909,true,524288,1048576,5,0.166751995087,0.1667647972106,0.166444797516,0.167078399658,0.0002113751984716494,0.126750490515521,0.3799667534229079,5,0.166342391968,0.1662975997924,0.165900802612,0.166668796539,0.00026809623151553486,0.1612147330149182,0.4616946515640669,5,0.166329593658,0.1664345550536,0.165740795135,0.167481594086,0.0006339495978217498,0.38090022688953457,1.0465960462690402,3,0.166342391968,0.16647466023766665,0.166329593658,0.166751995087,0.00019617494433247923,0.11784072365873047,0.2539349254285568,baseline,,,,,,,,,,,,,,
fp16,4,64,16,64,1.0,optimized_fused,4096,100,2909,true,524288,671744,5,0.129171199799,0.1291967983246,0.12876159668,0.129548797607,0.00025876914005067814,0.20029067547055976,0.6094244910823451,5,0.129324798584,0.1292620811462,0.12895359993,0.129369602203,0.0001558982376283676,0.12060631876415573,0.32167246928267884,5,0.129932804108,0.1298291225436,0.129363203049,0.130399999619,0.000387975968808685,0.2988358553208219,0.7979482757396837,3,0.129324798584,0.129476267497,0.129171199799,0.129932804108,0.00032885397425594415,0.25398783932627944,0.5889081733271159,candidate_vs_matching_baseline,1.212951496028552,17.556472515661014,1.2059682370098466,17.079076437414077,1.200374297897547,16.69265147117046,16.69265147117046,17.556472515661014,True,True,False,False,False,False
fp16,4,64,16,64,1.0,optimized_split,4096,100,2909,true,524288,1720320,5,0.277747192383,0.277544960022,0.276620807648,0.27792640686,0.00046955963189503847,0.169183267409294,0.4700674742373797,5,0.277587203979,0.2775615997314,0.276979198456,0.278086395264,0.0003625571696082104,0.1306222366347008,0.39886449812136543,5,0.27789440155,0.27757824325539997,0.276921596527,0.278022403717,0.000485045462503464,0.17474188784211495,0.39612427737299805,3,0.277747192383,0.27774293263733335,0.277587203979,0.27789440155,0.00012544904937048176,0.04516732367562655,0.11060330380456439,candidate_vs_matching_baseline,1.1072169445404723,9.683463125193637,1.1056878576298474,9.558561840083879,1.1057783052052996,9.565959533422097,9.558561840083879,9.683463125193637,True,True,False,False,False,False
fp16,4,64,16,64,1.0,optimized_transform,4096,100,2909,true,524288,1048576,5,0.161529598236,0.16148992157,0.161113605499,0.161715202332,0.00022701062343855236,0.14057262597663192,0.372437522020608,5,0.161465606689,0.1615014419554,0.160723209381,0.16206079483,0.0005064712287398423,0.3136016760021924,0.8284027022400631,5,0.161497592926,0.1614553604124,0.161011199951,0.161913604736,0.0002947244999831182,0.18254240629132,0.558772900976598,3,0.161497592926,0.16149759928366666,0.161465606689,0.161529598236,0.00002612444005369,0.01617636433579613,0.03962383948924996,candidate_vs_matching_baseline,1.0323308972970386,3.1318347035520167,1.0302032450068033,2.931775370849643,1.029919955117932,2.9050757749912726,2.9050757749912726,3.1318347035520167,False,True,False,False,False,False
fp16,4,64,16,64,1.0,warp32_fused,4096,100,2909,true,524288,671744,5,0.147712001801,0.147558401108,0.146483201981,0.148352003098,0.0007495154800756718,0.5079449725990804,1.2651653854895846,5,0.14718079567,0.1471462383272,0.146790399551,0.147603197098,0.00027290100414168295,0.18546244011678356,0.5522442947124763,5,0.14736000061,0.1476723194122,0.147027196884,0.14876159668,0.0006338440095317974,0.42922330471599,1.1769813984937598,3,0.14736000061,0.14741759936033333,0.14718079567,0.147712001801,0.0002206553880798008,0.14968049204250852,0.36048190065218866,candidate_vs_matching_baseline,1.0607018937505137,5.722804315534802,1.0596599824048225,5.6301062034473155,1.058414752031535,5.519079540361005,5.519079540361005,5.722804315534802,True,True,False,False,False,False
fp16,4,64,16,64,1.0,warp32_split,4096,100,2909,true,524288,1720320,5,0.256576004028,0.2565465621948,0.254329605103,0.258739204407,0.001468883111799976,0.5725600449421065,1.7186327773343784,5,0.257004795074,0.257361919403,0.255398406982,0.260166397095,0.0015596001245459958,0.6059949071578987,1.8552144568458766,5,0.257280006409,0.2570252799988,0.254150390625,0.259641609192,0.0019067893844632324,0.7418684202861816,2.13433552169248,3,0.257004795074,0.256953601837,0.256576004028,0.257280006409,0.00028967844097588014,0.11273569971579511,0.273925776675608,candidate_vs_matching_baseline,1.1985781712908734,16.567811432524582,1.1942376436386193,16.264572187392567,1.1943780811459532,16.27441797654693,16.264572187392567,16.567811432524582,True,True,False,False,False,False
fp16,4,64,16,64,1.0,warp32_transform,4096,100,2909,true,524288,1048576,5,0.0874816036224,0.08736128044128,0.0862080001831,0.0878271961212,0.000596641345867682,0.6829585633977919,1.8508987844907367,5,0.0874623966217,0.08701567840576,0.0854784011841,0.0879487991333,0.0008933101117056468,1.0266082251753315,2.8245257900777485,5,0.0872511959076,0.08699903678892,0.0860223960876,0.0877503967285,0.0007111963873098889,0.8174761624492667,1.980489347939671,3,0.0874623966217,0.08739839871723333,0.0872511959076,0.0874816036224,0.00010438303691031976,0.11943358052592945,0.2634363151476107,candidate_vs_matching_baseline,1.9061378413541394,47.537896876881156,1.901873243737862,47.42026035159726,1.9063302448501096,47.54319181047103,47.42026035159726,47.54319181047103,True,True,False,False,False,False
fp16,4,64,16,128,1.0,baseline_fused,4096,100,2909,true,1048576,1327104,5,0.210400009155,0.2104140815734,0.210163192749,0.210790405273,0.00020897657626835728,0.09931682076869876,0.29810479881583685,5,0.210195198059,0.21022848129279998,0.209932804108,0.210451202393,0.00019248669234172092,0.09156071106922528,0.2466270827245441,5,0.210431995392,0.2104115180968,0.210240001678,0.21056640625,0.00010612544068982964,0.0504370871184944,0.15511166512105898,3,0.210400009155,0.21034240086866666,0.210195198059,0.210431995392,0.00010490402032230783,0.04987297848131327,0.11254625603440527,baseline,,,,,,,,,,,,,,
fp16,4,64,16,128,1.0,baseline_split,4096,100,2909,true,1048576,3424256,5,0.428019218445,0.4280908813476,0.427225608826,0.429388809204,0.000744280047614864,0.17386028996271136,0.5053979552270894,5,0.427481613159,0.427572479248,0.426931190491,0.428140792847,0.00047638385005004,0.11141592903450845,0.28296008968930747,5,0.427417602539,0.427539199829,0.426809616089,0.428307189941,0.0005969890436573353,0.1396337561318609,0.3503772055956374,3,0.427481613159,0.42763947804766667,0.427417602539,0.428019218445,0.0002697856147553111,0.06308716304373553,0.14073491993122003,baseline,,,,,,,,,,,,,,
fp16,4,64,16,128,1.0,baseline_transform,4096,100,2909,true,1048576,2097152,5,0.230265598297,0.229934082031,0.228307209015,0.230899200439,0.0008794540393387436,0.3824809404376053,1.1256529169662575,5,0.230348796844,0.2299392013548,0.228736000061,0.230899200439,0.0008895779849616863,0.38687530430666006,0.9390977542048946,5,0.23015039444,0.23010943985,0.229216003418,0.230803203583,0.0005350740050328049,0.2325302279565759,0.6896360829022025,3,0.230265598297,0.23025492986033333,0.23015039444,0.230348796844,0.00008134797737262464,0.035329526895240944,0.08616241656040853,baseline,,,,,,,,,,,,,,
fp16,4,64,16,128,1.0,optimized_fused,4096,100,2909,true,1048576,1327104,5,0.175200004578,0.1752640037538,0.174950408936,0.175776004791,0.0002845221556523505,0.16233918520543988,0.471230498531425,5,0.175353603363,0.1754265594482,0.174758396149,0.176211204529,0.0005096071270439948,0.2904959936778967,0.8285021534416712,5,0.175340805054,0.17535231781,0.175219192505,0.175526409149,0.00010106881739148962,0.057637571406955114,0.17521115173697263,3,0.175340805054,0.17529813766499998,0.175200004578,0.175353603363,0.00006958700190612922,0.039696372610136955,0.08760013674665262,candidate_vs_matching_baseline,1.2009132628836705,16.73003947023045,1.1986933489121083,16.575828095854163,1.2001313403756355,16.675786527914127,16.575828095854163,16.73003947023045,True,True,False,False,False,False
fp16,4,64,16,128,1.0,optimized_split,4096,100,2909,true,1048576,3424256,5,0.401267204285,0.401163520813,0.400051193237,0.402054405212,0.0007573452738524491,0.18878717394782293,0.4992214548331785,5,0.402092781067,0.4019673614504,0.401408004761,0.402476806641,0.0004391435216216792,0.10924855193146484,0.26580976588632943,5,0.402220802307,0.4020633544922,0.401222381592,0.402687988281,0.0005036737866922156,0.12527224405426057,0.3643786399395086,3,0.402092781067,0.401860262553,0.401267204285,0.402220802307,0.00042259984335471823,0.10516089365740235,0.23715870239438544,candidate_vs_matching_baseline,1.0666688278392156,6.250189946421203,1.0631417257097424,5.939163536036518,1.062644199622396,5.895124599998402,5.895124599998402,6.250189946421203,True,True,False,False,False,False
fp16,4,64,16,128,1.0,optimized_transform,4096,100,2909,true,1048576,2097152,5,0.236140804291,0.2363494415284,0.235872001648,0.237305603027,0.0005248268085621329,0.2220554468706325,0.6070960007544193,5,0.236115207672,0.23627264404299999,0.235967998505,0.236883201599,0.00032895218533000326,0.13922567577063058,0.3876087029817022,5,0.23648639679,0.2362995224,0.23548160553,0.236639995575,0.00041934990814534007,0.1774654065679737,0.48983369053089987,3,0.236140804291,0.23624746958433332,0.236115207672,0.23648639679,0.00016926991056065205,0.07164940680993315,0.15718974072035743,candidate_vs_matching_baseline,0.9751199035184115,-2.5514909901660943,0.9755779778657442,-2.503338809234257,0.9732077513294503,-2.7529834851757196,-2.7529834851757196,-2.503338809234257,False,False,True,True,False,False
fp16,4,64,16,128,1.0,warp32_fused,4096,100,2909,true,1048576,1327104,5,0.179468803406,0.1792140808106,0.177203197479,0.180204792023,0.00110239448177395,0.6151271578593207,1.6724881912817446,5,0.179801597595,0.1793817596434,0.177497596741,0.180147209167,0.0009613201483964641,0.5359074135004083,1.4736311920699452,5,0.179705600739,0.1794393577576,0.177376003265,0.180505599976,0.0010820075099703415,0.6029934143166058,1.741513173841117,3,0.179705600739,0.17965866724666668,0.179468803406,0.179801597595,0.00013985720714355723,0.07784606737148779,0.18518854595040685,candidate_vs_matching_baseline,1.172348648689803,14.701142777143705,1.169039657436532,14.459702573923106,1.170981842116464,14.601579287295074,14.459702573923106,14.701142777143705,True,True,False,False,False,False
fp16,4,64,16,128,1.0,warp32_split,4096,100,2909,true,1048576,3424256,5,0.315507202148,0.31574143981919997,0.314617595673,0.316863994598,0.000920263817576939,0.2914612089258543,0.7119960843068932,5,0.315615997314,0.3155046424864,0.314566402435,0.316620807648,0.0007354789759228636,0.23311193462218766,0.6509192279490538,5,0.316006393433,0.3160409584046,0.315379199982,0.316966400146,0.000604419012021838,0.19124705072184106,0.502268370825397,3,0.315615997314,0.31570986429833334,0.315507202148,0.316006393433,0.00021433034132054837,0.06788838916924518,0.1581641264220889,candidate_vs_matching_baseline,1.3566068081204123,26.28667392687595,1.3544358232694622,26.16852103142785,1.352559984295449,26.06612559805236,26.06612559805236,26.28667392687595,True,True,False,False,False,False
fp16,4,64,16,128,1.0,warp32_transform,4096,100,2909,true,1048576,2097152,5,0.139187202454,0.139399679184,0.138476800919,0.140172796249,0.0006218387386518314,0.4460833355513236,1.2184994741599884,5,0.1396352005,0.1399564781188,0.139423999786,0.141113595963,0.0006219181764118474,0.4443654089980325,1.21000734123628,5,0.139897603989,0.1397030410768,0.138809604645,0.140473604202,0.0007066894668591546,0.505851169317539,1.1894410694344852,3,0.1396352005,0.13957333564766665,0.139187202454,0.139897603989,0.00029330079008674576,0.2101409905593591,0.5087553370899602,candidate_vs_matching_baseline,1.65435898011601,39.55362699274154,1.6496470518835973,39.38097250207663,1.6451346404624376,39.214701617436866,39.214701617436866,39.55362699274154,True,True,False,False,False,False
fp16,4,64,16,256,1.0,baseline_fused,4096,100,2909,true,2097152,2637824,5,0.655257568359,0.6553523254394,0.652723236084,0.657824020386,0.0016954667877004133,0.258710730379058,0.7784395859439324,5,0.654464035034,0.6546534423828,0.653523178101,0.656640014648,0.001061812546977176,0.16219460224823734,0.4762426016027184,5,0.654406433105,0.6552217559812,0.653126373291,0.657644805908,0.0018223422444239248,0.27812602798802866,0.6904627443164103,3,0.654464035034,0.6547093454993333,0.654406433105,0.655257568359,0.00038836471128045896,0.05931864482311021,0.13005072982439908,baseline,,,,,,,,,,,,,,
fp16,4,64,16,256,1.0,baseline_split,4096,100,2909,true,2097152,6832128,5,1.10422401428,1.10455809021,1.10288642883,1.10579841614,0.0010789632837880774,0.09768280123528346,0.26371345599638996,5,1.10321281433,1.103298553468,1.09946243286,1.10594558716,0.0024520829680064637,0.22225017519499393,0.5876612577181997,5,1.10505599976,1.104482559206,1.10252799988,1.10556159973,0.0011595145828746667,0.10498260685150418,0.27452001081020516,3,1.10422401428,1.1041642761233334,1.10321281433,1.10505599976,0.0007536620011042422,0.0682563290084255,0.16692133173738388,baseline,,,,,,,,,,,,,,
fp16,4,64,16,256,1.0,baseline_transform,4096,100,2909,true,2097152,4194304,5,0.442624015808,0.4424665603638,0.441766395569,0.443443183899,0.0006333231957617326,0.14313470270860887,0.37882904454225863,5,0.442995185852,0.4426700820922,0.441900787354,0.443232002258,0.0005289591336604602,0.11949285823890123,0.30050324394377953,5,0.442707214355,0.442668800354,0.441561584473,0.443776016235,0.0007017488587141969,0.15852683951365262,0.500202321126912,3,0.442707214355,0.44277547200500004,0.442624015808,0.442995185852,0.0001590306689046315,0.03591677474465786,0.0838409747943164,baseline,,,,,,,,,,,,,,
fp16,4,64,16,256,1.0,optimized_fused,4096,100,2909,true,2097152,2637824,5,0.352198410034,0.3522841567994,0.352025604248,0.352716789246,0.0002632735072382345,0.07473328055117433,0.19624875590247984,5,0.352249603271,0.3521600112914,0.351360015869,0.352844810486,0.0004890857087628075,0.13888167113843777,0.4215177542322636,5,0.352249603271,0.3520767974852,0.351411209106,0.352409591675,0.0003805878388507742,0.10809796089069819,0.28343043107188504,3,0.352249603271,0.35223253885866666,0.352198410034,0.352249603271,0.000024132723355729906,0.0068513611587182645,0.014533227723927832,candidate_vs_matching_baseline,1.8604784964694863,46.250386559283676,1.8579553502874893,46.177393345579276,1.8577918243999794,46.17265579134653,46.17265579134653,46.250386559283676,True,True,False,False,False,False
fp16,4,64,16,256,1.0,optimized_split,4096,100,2909,true,2097152,6832128,5,0.705459213257,0.7053171234132,0.703801574707,0.706700820923,0.0010238277588708293,0.1451585003234119,0.4109729041052088,5,0.705740814209,0.7052697601318,0.704051208496,0.706182403564,0.0009057768698119952,0.12842984642397326,0.301979852247694,5,0.706009597778,0.7053683319090001,0.704236831665,0.706195220947,0.000874887408891959,0.124032703101963,0.2773884785934455,3,0.705740814209,0.705736541748,0.705459213257,0.706009597778,0.00022471384867777353,0.031841039167561334,0.07798677785370037,candidate_vs_matching_baseline,1.5652556427492985,36.11267241665735,1.5631982621927425,36.02858804376665,1.565213848703906,36.110966509268884,36.02858804376665,36.11267241665735,True,True,False,False,False,False
fp16,4,64,16,256,1.0,optimized_transform,4096,100,2909,true,2097152,4194304,5,0.388019218445,0.3872985687256,0.384140815735,0.388345603943,0.0015989533215093232,0.41284772282289983,1.0836546253690358,5,0.388563194275,0.3876927947998,0.384236793518,0.38940158844,0.0018452290684732264,0.4759513442662975,1.3292033311690066,5,0.387974395752,0.3873574371336,0.384204788208,0.388678398132,0.0016021051016259926,0.41359864250481004,1.1530683398137356,3,0.388019218445,0.388185602824,0.387974395752,0.388563194275,0.00026762379858445146,0.06894222676923692,0.15174468042062703,candidate_vs_matching_baseline,1.1407270433197372,12.336609721304937,1.1400852998405109,12.287264809054864,1.1410732749436026,12.363209098081384,12.287264809054864,12.363209098081384,True,True,False,False,False,False
fp16,4,64,16,256,1.0,warp32_fused,4096,100,2909,true,2097152,2637824,5,0.352012786865,0.3520191955564,0.351283187866,0.352742385864,0.0006315254723155468,0.17940086230734106,0.4145298274518793,5,0.352134399414,0.3521574325562,0.3515391922,0.353055992126,0.0005730689175951059,0.16273088812448994,0.4307446044817375,5,0.351750411987,0.351806716919,0.351366386414,0.35227519989,0.0003290986912158187,0.0935453120673618,0.25836884479146605,3,0.352012786865,0.35196586608866664,0.351750411987,0.352134399414,0.00016023473502397748,0.04552564622377654,0.10908337461821464,candidate_vs_matching_baseline,1.8614595628604167,46.27871483475325,1.8585631966746732,46.19499612446904,1.8604283344213555,46.24893732813269,46.19499612446904,46.27871483475325,True,True,False,False,False,False
fp16,4,64,16,256,1.0,warp32_split,4096,100,2909,true,2097152,6832128,5,0.579187202454,0.5792640075684,0.577875213623,0.580844802856,0.0009647047593660814,0.16653973779860096,0.512716651959487,5,0.581216011047,0.580335357666,0.578079986572,0.581440010071,0.0012984495386801058,0.2237412422882911,0.5781023638607574,5,0.579116783142,0.579591682434,0.578636817932,0.581657600403,0.0010851753933369757,0.18723101559701008,0.5216188787709961,3,0.579187202454,0.579839998881,0.579116783142,0.581216011047,0.0009734121534104202,0.16787599256500976,0.3624437653500717,candidate_vs_matching_baseline,1.9065062377093858,47.54803418836582,1.8981115340279031,47.316056929597714,1.9081747100550515,47.59389720812568,47.316056929597714,47.59389720812568,True,True,False,False,False,False
fp16,4,64,16,256,1.0,warp32_transform,4096,100,2909,true,2097152,4194304,5,0.229055995941,0.229424636841,0.228659191132,0.230310401917,0.0006504235073106551,0.28350203198160595,0.7208764731159165,5,0.228755207062,0.2292236824036,0.228172798157,0.230393600464,0.0008993177185007174,0.39233193929642296,0.9708204396842888,5,0.229126396179,0.2290188789368,0.228140792847,0.229804801941,0.0005342148341284916,0.23326235662690212,0.7262406783983207,3,0.229055995941,0.22897919972733334,0.228755207062,0.229126396179,0.0001609732565158174,0.0703003839246111,0.1620516919782404,candidate_vs_matching_baseline,1.9323834505603192,48.250436541979425,1.936546894567231,48.36169458093734,1.9321528280362104,48.2442596936613,48.2442596936613,48.36169458093734,True,True,False,False,False,False
fp16,16,64,16,64,1.0,baseline_fused,16384,100,2909,true,2097152,2686976,5,0.561823997498,0.561383682251,0.560223999023,0.562553596497,0.0008864994948632857,0.15791329938708895,0.4146489798183111,5,0.561075210571,0.5610624084472,0.559673614502,0.562316818237,0.00104307843155397,0.18591130253064017,0.4710961534568751,5,0.561375999451,0.5615782394409999,0.56039680481,0.562892799377,0.0009430951814170094,0.16793656078194463,0.44462081910179274,3,0.561375999451,0.5614250691733333,0.561075210571,0.561823997498,0.0003076538571717251,0.054798738792467536,0.1333842073284861,baseline,,,,,,,,,,,,,,
fp16,16,64,16,64,1.0,baseline_split,16384,100,2909,true,2097152,6881280,5,0.971859207153,0.9718912048340001,0.970304031372,0.973542404175,0.0010446106496691216,0.10748226184920998,0.3332141918464255,5,0.971257629395,0.9713536071778,0.968268814087,0.973907165527,0.0018822014905438589,0.19377098892055014,0.5805206846624311,5,0.970886383057,0.9702310333252,0.967897567749,0.971897583008,0.0015456482004950483,0.15930723172168224,0.41199622621188975,3,0.971257629395,0.971334406535,0.970886383057,0.971859207153,0.0004008472089292254,0.04126768353230178,0.10016128229603131,baseline,,,,,,,,,,,,,,
fp16,16,64,16,64,1.0,baseline_transform,16384,100,2909,true,2097152,4194304,5,0.463680000305,0.4633561553954,0.461587181091,0.464838409424,0.00125230792923535,0.2702689744494074,0.7011793329152501,5,0.463315200806,0.463171836853,0.461011199951,0.464998397827,0.0012816399278560444,0.276709382108396,0.8605799829282019,5,0.464236793518,0.4638208007814,0.46220161438,0.465055999756,0.0010196665128526028,0.21984061756927853,0.6148554823432598,3,0.463680000305,0.4637439982096667,0.463315200806,0.464236793518,0.00037895037542680404,0.08171542421891874,0.1987561920707815,baseline,,,,,,,,,,,,,,
fp16,16,64,16,64,1.0,optimized_fused,16384,100,2909,true,2097152,2686976,5,0.475519981384,0.4755059127806,0.474879989624,0.476531181335,0.0006080449048881191,0.12787325846958986,0.34723918565822975,5,0.475968017578,0.4754342498778,0.474278411865,0.476595191956,0.0009564345477321752,0.20117072928128457,0.4867512113080859,5,0.475391998291,0.476029449463,0.474662399292,0.479142417908,0.0015918105319150058,0.33439328884183483,0.942384102405046,3,0.475519981384,0.475626665751,0.475391998291,0.475968017578,0.00024696250777616924,0.051923604280307324,0.1211346125400462,candidate_vs_matching_baseline,1.1814939844647798,15.361397252225284,1.1788086380805047,15.16858905714037,1.1808696853735576,15.316650737489379,15.16858905714037,15.361397252225284,True,True,False,False,False,False
fp16,16,64,16,64,1.0,optimized_split,16384,100,2909,true,2097152,6881280,5,0.904371185303,0.9036761627198,0.901734390259,0.904672012329,0.0011451345006375366,0.1267195648041681,0.3248248194701017,5,0.903129577637,0.9036006317138,0.902195205688,0.906297607422,0.0015354581165475278,0.1699266315955673,0.4542428722945634,5,0.903455963135,0.9032767944336,0.901331176758,0.904723205566,0.0011005033341872579,0.12183456289025213,0.3754503757139095,3,0.903455963135,0.903652242025,0.903129577637,0.904371185303,0.0005255419114667342,0.05815753970676198,0.13742868680522588,candidate_vs_matching_baseline,1.0746242504701087,6.944217984794521,1.0754355227034575,7.014416123602263,1.0746360892765772,6.945243140570567,6.944217984794521,7.014416123602263,True,True,False,False,False,False
fp16,16,64,16,64,1.0,optimized_transform,16384,100,2909,true,2097152,4194304,5,0.462291183472,0.46245248413080003,0.462003211975,0.463596801758,0.0005855251087290306,0.12661303135381596,0.3447155905140786,5,0.462054405212,0.4619379119874,0.461094398499,0.462547187805,0.00047363812528634375,0.10253285409041353,0.31441953363336733,5,0.461580810547,0.4614784011842,0.460876808167,0.46174079895,0.0003135560698495692,0.06794599033128154,0.1871808279846254,3,0.462054405212,0.46197546641033335,0.461580810547,0.462291183472,0.0002953313663776019,0.06392793294250051,0.15374226865645135,candidate_vs_matching_baseline,1.0030042035899742,0.29952053832092984,1.0027286734630774,0.2721248065694071,1.00575410179607,0.5721181535123243,0.2721248065694071,0.5721181535123243,False,True,False,False,False,False
fp16,16,64,16,64,1.0,warp32_fused,16384,100,2909,true,2097152,2686976,5,0.547558403015,0.5469209594728,0.54320640564,0.548582382202,0.0019230664187604116,0.35161688091349363,0.9818087956277304,5,0.546572799683,0.546693122864,0.544697608948,0.549350395203,0.001550178751461087,0.2835555609955464,0.8512656059171665,5,0.546950416565,0.5474905624388,0.546534385681,0.548851203918,0.0008891116083077166,0.16239761364052807,0.4235883485655367,3,0.546950416565,0.547027206421,0.546572799683,0.547558403015,0.0004060180566598346,0.07422264411970714,0.1801997589086492,candidate_vs_matching_baseline,1.0260531011933156,2.539157199857922,1.0265333563917032,2.5847534545753725,1.0263745715317243,2.5696828685422224,2.539157199857922,2.5847534545753725,False,True,False,False,False,False
fp16,16,64,16,64,1.0,warp32_split,16384,100,2909,true,2097152,6881280,5,0.878079986572,0.875887359619,0.869555206299,0.881305618286,0.004811176649722854,0.5492917093603971,1.3381938054269167,5,0.88161277771,0.8783705596924,0.868390426636,0.886662368774,0.007028836754380361,0.8002131534146383,2.072558678818333,5,0.877465591431,0.8742681732178,0.866348800659,0.881363220215,0.005979740456178742,0.6839709644433154,1.7111120598488647,3,0.878079986572,0.8790527852376667,0.877465591431,0.88161277771,0.0018274830489179477,0.2078922994850482,0.4723016516058564,candidate_vs_matching_baseline,1.1068003166170675,9.649465672679103,1.1016827953853545,9.229770657332192,1.106466615373084,9.622216693558805,9.229770657332192,9.649465672679103,True,True,False,False,False,False
fp16,16,64,16,64,1.0,warp32_transform,16384,100,2909,true,2097152,4194304,5,0.342598381042,0.3401625595092,0.334630393982,0.345081596375,0.004424126330735476,1.3005917926766486,3.0505696965680573,5,0.34210559845,0.3398630371094,0.33324798584,0.344435195923,0.004421481758130127,1.3009598795254915,3.2701043577440956,5,0.344492797852,0.3407129592896,0.333727989197,0.345312004089,0.005026354772489772,1.4752461376784496,3.36262904891751,3,0.342598381042,0.343065592448,0.34210559845,0.344492797852,0.001029043283718646,0.2999552582279503,0.6967923767588874,candidate_vs_matching_baseline,1.3534214577860375,26.11318564168279,1.3543046442536228,26.161369656151876,1.3475950626911046,25.79373228015308,25.79373228015308,26.161369656151876,True,True,False,False,False,False
fp16,16,64,16,128,1.0,baseline_fused,16384,100,2909,true,4194304,5308416,5,0.733721618652,0.7336320037841999,0.733049621582,0.734131164551,0.0004210537681727302,0.057393048013290385,0.14740508409538455,5,0.732959976196,0.7327308807372,0.732102432251,0.733132781982,0.00041835808489819415,0.0570957354052397,0.14057380545489384,5,0.732620773315,0.7324927978514,0.7310912323,0.733363189697,0.0008251663695516328,0.11265180653954135,0.31011370135189886,3,0.732959976196,0.7331007893876666,0.732620773315,0.733721618652,0.00046031610892891217,0.06279028962898786,0.1501917393516224,baseline,,,,,,,,,,,,,,
fp16,16,64,16,128,1.0,baseline_split,16384,100,2909,true,4194304,13697024,5,1.54897277832,1.548729583742,1.54706558228,1.55011199951,0.0010096173773663644,0.06519003627004744,0.19667338720466093,5,1.54715515137,1.54751486206,1.54650238037,1.54885116577,0.0008372718965965589,0.05410428792147499,0.15181317774886097,5,1.54781433105,1.548037078858,1.54691833496,1.54963195801,0.0010258017610515746,0.06626467641255189,0.17531967468986848,3,1.54781433105,1.54798075358,1.54715515137,1.54897277832,0.0007513163009945844,0.04853524821009708,0.11743184654240421,baseline,,,,,,,,,,,,,,
fp16,16,64,16,128,1.0,baseline_transform,16384,100,2909,true,4194304,8388608,5,0.833862380981,0.8338419036866,0.83324798584,0.834438400269,0.0003957157725494951,0.04745693048046014,0.14275909984086058,5,0.83257598877,0.8326259155274,0.831891174316,0.834035186768,0.0007821800385032687,0.09394135156216246,0.25751552782196024,5,0.832473602295,0.8330854339599999,0.832172775269,0.835008010864,0.0010501078572522136,0.1260504402604444,0.34057963966468957,3,0.83257598877,0.8329706573486667,0.832473602295,0.833862380981,0.0006319277516256988,0.07586434720727325,0.16680503698547988,baseline,,,,,,,,,,,,,,
fp16,16,64,16,128,1.0,optimized_fused,16384,100,2909,true,4194304,5308416,5,0.638617591858,0.6384371261596,0.637945594788,0.638745613098,0.00032494204590991843,0.05089648339603102,0.12527345319011032,5,0.638208007812,0.6382463989258,0.638022384644,0.638553581238,0.0001741431966117036,0.02728463441467044,0.08323251784651232,5,0.638553581238,0.6384537582398,0.637952003479,0.638732795715,0.00027945552936053025,0.043770676537480444,0.12227513225846215,3,0.638553581238,0.6384597269693334,0.638208007812,0.638617591858,0.000179900417814304,0.02817725382120226,0.06414247105244947,candidate_vs_matching_baseline,1.1489217146638624,12.961867876910315,1.1484656526151134,12.927304554302488,1.1473129191361304,12.839820477838748,12.839820477838748,12.961867876910315,True,True,False,False,False,False
fp16,16,64,16,128,1.0,optimized_split,16384,100,2909,true,4194304,13697024,5,1.46929916382,1.468765441894,1.46775680542,1.46945281982,0.0007349048272042915,0.05003554728633989,0.1154301616554749,5,1.46938873291,1.46975741577,1.46911361694,1.47110397339,0.0007401944907140985,0.05036167756475061,0.13545472381963233,5,1.46941436768,1.469282562256,1.46810241699,1.47091842651,0.0010694439814948222,0.07278681507338873,0.19164162144720046,3,1.46938873291,1.46936742147,1.46929916382,1.46941436768,0.00004938701209745481,0.00336110705707947,0.007840257477113373,candidate_vs_matching_baseline,1.0542255903099123,5.143642006828109,1.0529243328999742,5.026413698143861,1.0533545643042694,5.065204643557952,5.026413698143861,5.143642006828109,True,True,False,False,False,False
fp16,16,64,16,128,1.0,optimized_transform,16384,100,2909,true,4194304,8388608,5,0.872691192627,0.873216003418,0.871916809082,0.875615997314,0.0012675704110900612,0.14516115212369596,0.42388284232187345,5,0.87278717041,0.8725759887694,0.87171836853,0.873830413818,0.0007834955530909135,0.08979109707062678,0.24198858090544992,5,0.87450881958,0.8741184082032,0.872608032227,0.875564804077,0.0010351496072050776,0.11842212650948358,0.33810657866435734,3,0.87278717041,0.8733290608723333,0.872691192627,0.87450881958,0.0008351350748806712,0.09562662143024168,0.2082554618838188,candidate_vs_matching_baseline,0.9555068138947107,-4.656501184322481,0.9539278497630637,-4.829731121528713,0.95193276917986,-5.0494354618711546,-5.0494354618711546,-4.656501184322481,False,False,True,True,True,True
fp16,16,64,16,128,1.0,warp32_fused,16384,100,2909,true,4194304,5308416,5,0.669971237183,0.66978944397,0.668793563843,0.670886383057,0.0007379401914592827,0.11017495096449074,0.31237448682119,5,0.669440002441,0.669506576538,0.668780822754,0.670182418823,0.0005523742941416611,0.08250468531585951,0.20936843688595083,5,0.670495986938,0.6703449554444,0.669132766724,0.670905609131,0.0006260701877026433,0.09339522623655683,0.26440760892487153,3,0.669971237183,0.6699690755206667,0.669440002441,0.670495986938,0.00043110657542660813,0.06434723499611882,0.15761639282307016,candidate_vs_matching_baseline,1.0951539080051385,8.68863337925394,1.094885237696261,8.66622678153085,1.0926549712261657,8.479801370618334,8.479801370618334,8.68863337925394,True,True,False,False,False,False
fp16,16,64,16,128,1.0,warp32_split,16384,100,2909,true,4194304,13697024,5,1.21143043518,1.211850234986,1.21071357727,1.21290237427,0.0008856387905082056,0.07308153804322504,0.1806787196719885,5,1.21265281677,1.212832000732,1.21178237915,1.21437438965,0.0008990430052825746,0.07412757947844059,0.21374712235477641,5,1.21177597046,1.211950073244,1.21089279175,1.21349121094,0.0009998618557177983,0.08250025127202561,0.2144306582522492,3,1.21177597046,1.2119530741366666,1.21143043518,1.21265281677,0.0005145084852617183,0.04245283883026807,0.10087521289402547,candidate_vs_matching_baseline,1.2786312225099798,21.791367018476283,1.275843448325939,21.620477707345607,1.2773106323130314,21.710508414923357,21.620477707345607,21.791367018476283,True,True,False,False,False,False
fp16,16,64,16,128,1.0,warp32_transform,16384,100,2909,true,4194304,8388608,5,0.543590393066,0.5436352081296,0.541977615356,0.544608001709,0.0009458732149904461,0.1739904260882519,0.483891250940592,5,0.544006385803,0.5434828720094,0.541830406189,0.544172782898,0.0008683045864140451,0.1597666883601489,0.4305788994631957,5,0.543852806091,0.5436377563474,0.542719993591,0.544172782898,0.00049842228118621795,0.09168279343491954,0.2671291369152008,3,0.543852806091,0.54381652832,0.543590393066,0.544006385803,0.0001717547608475809,0.03158321821850082,0.07648994954901288,candidate_vs_matching_baseline,1.5339902831574814,34.81053882938197,1.5304526022080542,34.659851696337796,1.5306965284936058,34.670264067030764,34.659851696337796,34.81053882938197,True,True,False,False,False,False
fp16,16,64,16,256,1.0,baseline_fused,16384,100,2909,true,8388608,10551296,5,2.36800643921,2.367978240966,2.36743041992,2.36860153198,0.00038572808027624134,0.016289342258435882,0.04945561129430515,5,2.36703994751,2.366999053954,2.36656646729,2.36757125854,0.00037081616179138005,0.015666088297413675,0.04244927302798217,5,2.36698242188,2.367274230958,2.36649597168,2.36871673584,0.0007644965224752116,0.03229437943764679,0.09382258775865378,3,2.36703994751,2.3673429361999997,2.36698242188,2.36800643921,0.0004697548883804385,0.019843127972598573,0.04326151449522812,baseline,,,,,,,,,,,,,,
fp16,16,64,16,256,1.0,baseline_split,16384,100,2909,true,8388608,27328512,5,3.94856323242,3.948620788574,3.94757110596,3.94970245361,0.000860594459103189,0.02179481153504191,0.053977802166123336,5,3.9519039917,3.9514739379879998,3.94718078613,3.95412475586,0.0023198481787916867,0.05870842665794983,0.17571200475983303,5,3.94842254639,3.94768902588,3.94090881348,3.95086730957,0.003563221593006292,0.09026094937181624,0.2522145482910662,3,3.94856323242,3.9496299235033334,3.94842254639,3.9519039917,0.0016090344438155162,0.040738866045158424,0.08816992675753825,baseline,,,,,,,,,,,,,,
fp16,16,64,16,256,1.0,baseline_transform,16384,100,2909,true,8388608,16777216,5,1.67928955078,1.6797990112319999,1.67717758179,1.68179199219,0.0017017171938388098,0.10130480982904821,0.2747834879253959,5,1.68128005981,1.681102081298,1.67729278564,1.68353286743,0.002145460049676658,0.1276222350530981,0.37115064522356633,5,1.67868164062,1.679205139158,1.6761088562,1.68357757568,0.00256958415074493,0.15302383793521446,0.4449157779101962,3,1.67928955078,1.67975041707,1.67868164062,1.68128005981,0.001109727856934256,0.0660650442861602,0.15473324351914414,baseline,,,,,,,,,,,,,,
fp16,16,64,16,256,1.0,optimized_fused,16384,100,2909,true,8388608,10551296,5,0.725132827759,0.7250291290284,0.724761581421,0.725292816162,0.00021247752489224306,0.029306067354422132,0.07326033530185257,5,0.725267181396,0.7252044525146,0.724697570801,0.7254271698,0.0002611137752496044,0.03600553945086921,0.1005972719730238,5,0.724857635498,0.7249267272948,0.72400642395,0.725932769775,0.0006534287447532199,0.09013721251409942,0.2657550573605448,3,0.725132827759,0.7250858815509999,0.724857635498,0.725267181396,0.0001704600060157269,0.023508940161833414,0.05647874186934937,candidate_vs_matching_baseline,3.2656174821490964,69.37791993501021,3.2636799351018513,69.35974054181288,3.265444558990964,69.37629832830467,69.35974054181288,69.37791993501021,True,True,False,False,False,False
fp16,16,64,16,256,1.0,optimized_split,16384,100,2909,true,8388608,27328512,5,2.0816192627,2.081441314698,2.08039047241,2.08263687134,0.0007893959787003727,0.03792544969325295,0.10791593689840598,5,2.08123519897,2.0816051025379998,2.08023040771,2.08351364136,0.0011491772666077005,0.05520630523083195,0.15775409005310517,5,2.08163192749,2.081551391602,2.0795904541,2.08342407227,0.001272636606870774,0.06113885114752462,0.18416407431945253,3,2.0816192627,2.0814954630533334,2.08123519897,2.08163192749,0.00018410711380689176,0.008844944275632777,0.01905864953831858,candidate_vs_matching_baseline,1.8968710095901247,47.28160244190354,1.8988262324487837,47.33588661715665,1.896791884409146,47.279403279843656,47.279403279843656,47.33588661715665,True,True,False,False,False,False
fp16,16,64,16,256,1.0,optimized_transform,16384,100,2909,true,8388608,16777216,5,1.48409606934,1.483946258546,1.48238082886,1.48508163452,0.0009656259648810334,0.0650714915934471,0.18198320956412908,5,1.48467834473,1.484812805178,1.48401916504,1.48611846924,0.0007126289263824597,0.04799452994325634,0.14139791338990537,5,1.4838079834,1.48423678589,1.48363525391,1.48549118042,0.0006897542769484238,0.046471983682497345,0.12507861736579584,3,1.48409606934,1.48419413249,1.4838079834,1.48467834473,0.000362026239592979,0.024392108260501984,0.058645888765609784,candidate_vs_matching_baseline,1.131523481176529,11.623575061807301,1.132420409968163,11.693573235039612,1.1313334740075103,11.608732263732024,11.608732263732024,11.693573235039612,True,True,False,False,False,False
fp16,16,64,16,256,1.0,warp32_fused,16384,100,2909,true,8388608,10551296,5,1.41833602905,1.418397460936,1.41596801758,1.42027526855,0.0014455142262062664,0.10191178890382192,0.30368339249515036,5,1.41767684937,1.41734527588,1.41583999634,1.41828475952,0.0009609849861078016,0.06780175603373328,0.17244855067546142,5,1.41834243774,1.418355224608,1.41669754028,1.42083206177,0.0014093763009599316,0.09936694817403377,0.2915037567787919,3,1.41833602905,1.4181184387199999,1.41767684937,1.41834243774,0.00031226178478104805,0.022019443246425664,0.04692741045616909,candidate_vs_matching_baseline,1.6695665841585425,40.104215699549506,1.6696611421438436,40.1076077798636,1.6688370585960692,40.078032492802926,40.078032492802926,40.1076077798636,True,True,False,False,False,False
fp16,16,64,16,256,1.0,warp32_split,16384,100,2909,true,8388608,27328512,5,2.2817791748,2.281483520508,2.27994873047,2.28250244141,0.0008685219670368657,0.03806829894802303,0.11191753208211225,5,2.28227844238,2.282099212646,2.27888000488,2.28598403931,0.002424386433132049,0.10623492702234769,0.311269400704313,5,2.2821824646,2.281934051514,2.28095993042,2.28245758057,0.0005656915231219473,0.024790003144333925,0.06562359378493082,3,2.2821824646,2.28208002726,2.2817791748,2.28227844238,0.00021631317663588218,0.009478772613228667,0.021876759976219972,candidate_vs_matching_baseline,1.7304756200897904,42.21241903725218,1.7315608465279484,42.24863642504061,1.7301081783055605,42.20014606373438,42.20014606373438,42.24863642504061,True,True,False,False,False,False
fp16,16,64,16,256,1.0,warp32_transform,16384,100,2909,true,8388608,16777216,5,0.877548828125,0.8781670532226,0.877248001099,0.879353637695,0.0008894769082682042,0.10128789334604396,0.23994523478527424,5,0.877356796265,0.8778201751712,0.876473617554,0.879731216431,0.001104893027950575,0.12586780974076944,0.3712969331140882,5,0.87731842041,0.8776448059082,0.876627197266,0.879008026123,0.0008054755249445527,0.09177693749478007,0.271375683174114,3,0.877356796265,0.8774080149333333,0.87731842041,0.877548828125,0.000100794982587622,0.011487811926960861,0.026261575220118606,candidate_vs_matching_baseline,1.9136138035396,47.74285186748204,1.9163014032231651,47.81614216229095,1.9134234521549158,47.73765321660554,47.73765321660554,47.81614216229095,True,True,False,False,False,False
