dtype,batch,seq,heads,dim,rows,method,group,order,repeats,kernel_us,logical_io_bytes,logical_GBs,input_working_set_bytes,seed,input_read_only,scale,kernel_ms
fp16,1,1,1,64,1,baseline_transform,0,0,100,8.9780575037,256,0.0285139630588,128,2909,true,1,0.0089780575037
fp16,1,1,1,64,1,control_optimized_transform,0,1,100,9.23520028591,256,0.0277200268618,128,2909,true,1,0.00923520028591
fp16,1,1,1,64,1,optimized_transform,0,2,100,9.32022869587,256,0.0274671371651,128,2909,true,1,0.00932022869587
fp16,1,1,1,64,1,control_shuffle32_transform,0,3,100,7.87908554077,256,0.0324910801736,128,2909,true,1,0.00787908554077
fp16,1,1,1,64,1,shuffle32_transform,0,4,100,7.89874315262,256,0.0324102195822,128,2909,true,1,0.00789874315262
fp16,1,1,1,64,1,baseline_split,0,5,100,69.9092578888,420,0.00600778799094,128,2909,true,1,0.0699092578888
fp16,1,1,1,64,1,control_optimized_split,0,6,100,64.604344368,420,0.00650111078611,128,2909,true,1,0.064604344368
fp16,1,1,1,64,1,optimized_split,0,7,100,33.7078857422,420,0.012459992395,128,2909,true,1,0.0337078857422
fp16,1,1,1,64,1,control_shuffle32_split,0,8,100,94.5702838898,420,0.00444114136836,128,2909,true,1,0.0945702838898
fp16,1,1,1,64,1,shuffle32_split,0,9,100,34.929599762,420,0.0120241858728,128,2909,true,1,0.034929599762
fp16,1,1,1,64,1,baseline_fused,0,10,100,65.4630851746,164,0.00250522870352,128,2909,true,1,0.0654630851746
fp16,1,1,1,64,1,control_optimized_fused,0,11,100,58.6957740784,164,0.0027940682711,128,2909,true,1,0.0586957740784
fp16,1,1,1,64,1,optimized_fused,0,12,100,28.5122299194,164,0.0057519177021,128,2909,true,1,0.0285122299194
fp16,1,1,1,64,1,control_shuffle32_fused,0,13,100,89.2457199097,164,0.00183762313942,128,2909,true,1,0.0892457199097
fp16,1,1,1,64,1,shuffle32_fused,0,14,100,29.7817134857,164,0.00550673486529,128,2909,true,1,0.0297817134857
fp16,1,1,1,64,1,control_optimized_transform,1,0,100,9.18697178364,256,0.0278655476504,128,2909,true,1,0.00918697178364
fp16,1,1,1,64,1,optimized_transform,1,1,100,9.32571411133,256,0.0274509809055,128,2909,true,1,0.00932571411133
fp16,1,1,1,64,1,control_shuffle32_transform,1,2,100,8.09074282646,256,0.0316410996482,128,2909,true,1,0.00809074282646
fp16,1,1,1,64,1,shuffle32_transform,1,3,100,8.07999968529,256,0.0316831695509,128,2909,true,1,0.00807999968529
fp16,1,1,1,64,1,baseline_split,1,4,100,69.8902893066,420,0.00600941853535,128,2909,true,1,0.0698902893066
fp16,1,1,1,64,1,control_optimized_split,1,5,100,64.1247987747,420,0.00654972815549,128,2909,true,1,0.0641247987747
fp16,1,1,1,64,1,optimized_split,1,6,100,33.7154269218,420,0.01245720545,128,2909,true,1,0.0337154269218
fp16,1,1,1,64,1,control_shuffle32_split,1,7,100,94.5785140991,420,0.00444075490084,128,2909,true,1,0.0945785140991
fp16,1,1,1,64,1,shuffle32_split,1,8,100,34.8450279236,420,0.0120533695918,128,2909,true,1,0.0348450279236
fp16,1,1,1,64,1,baseline_fused,1,9,100,65.4601144791,164,0.00250534239521,128,2909,true,1,0.0654601144791
fp16,1,1,1,64,1,control_optimized_fused,1,10,100,58.6639976501,164,0.00279558172933,128,2909,true,1,0.0586639976501
fp16,1,1,1,64,1,optimized_fused,1,11,100,28.569829464,164,0.00574032127867,128,2909,true,1,0.028569829464
fp16,1,1,1,64,1,control_shuffle32_fused,1,12,100,89.2482280731,164,0.00183757149627,128,2909,true,1,0.0892482280731
fp16,1,1,1,64,1,shuffle32_fused,1,13,100,29.7309708595,164,0.00551613335383,128,2909,true,1,0.0297309708595
fp16,1,1,1,64,1,baseline_transform,1,14,100,9.02742862701,256,0.0283580198279,128,2909,true,1,0.00902742862701
fp16,1,1,1,64,1,optimized_transform,2,0,100,9.2699432373,256,0.027616134581,128,2909,true,1,0.0092699432373
fp16,1,1,1,64,1,control_shuffle32_transform,2,1,100,7.95588612556,256,0.0321774339099,128,2909,true,1,0.00795588612556
fp16,1,1,1,64,1,shuffle32_transform,2,2,100,7.926171422,256,0.0322980650266,128,2909,true,1,0.007926171422
fp16,1,1,1,64,1,baseline_split,2,3,100,70.0034284592,420,0.00599970614646,128,2909,true,1,0.0700034284592
fp16,1,1,1,64,1,control_optimized_split,2,4,100,64.1126823425,420,0.00655096596577,128,2909,true,1,0.0641126823425
fp16,1,1,1,64,1,optimized_split,2,5,100,33.6701726913,420,0.0124739484959,128,2909,true,1,0.0336701726913
fp16,1,1,1,64,1,control_shuffle32_split,2,6,100,93.9197731018,420,0.00447190177456,128,2909,true,1,0.0939197731018
fp16,1,1,1,64,1,shuffle32_split,2,7,100,34.8029708862,420,0.0120679352741,128,2909,true,1,0.0348029708862
fp16,1,1,1,64,1,baseline_fused,2,8,100,65.4578304291,164,0.00250542981527,128,2909,true,1,0.0654578304291
fp16,1,1,1,64,1,control_optimized_fused,2,9,100,58.6738300323,164,0.00279511325423,128,2909,true,1,0.0586738300323
fp16,1,1,1,64,1,optimized_fused,2,10,100,28.5449123383,164,0.00574533205976,128,2909,true,1,0.0285449123383
fp16,1,1,1,64,1,control_shuffle32_fused,2,11,100,89.251203537,164,0.00183751023516,128,2909,true,1,0.089251203537
fp16,1,1,1,64,1,shuffle32_fused,2,12,100,29.7814869881,164,0.00550677674576,128,2909,true,1,0.0297814869881
fp16,1,1,1,64,1,baseline_transform,2,13,100,9.13919985294,256,0.0280112049325,128,2909,true,1,0.00913919985294
fp16,1,1,1,64,1,control_optimized_transform,2,14,100,9.330971241,256,0.0274355148449,128,2909,true,1,0.009330971241
fp16,1,1,1,64,1,control_shuffle32_transform,3,0,100,8.00228536129,256,0.0319908611655,128,2909,true,1,0.00800228536129
fp16,1,1,1,64,1,shuffle32_transform,3,1,100,8.05279970169,256,0.0317901859581,128,2909,true,1,0.00805279970169
fp16,1,1,1,64,1,baseline_split,3,2,100,69.8838853836,420,0.00600996921815,128,2909,true,1,0.0698838853836
fp16,1,1,1,64,1,control_optimized_split,3,3,100,64.0834283829,420,0.00655395646891,128,2909,true,1,0.0640834283829
fp16,1,1,1,64,1,optimized_split,3,4,100,33.914513588,420,0.0123840785424,128,2909,true,1,0.033914513588
fp16,1,1,1,64,1,control_shuffle32_split,3,5,100,93.91954422,420,0.00447191267258,128,2909,true,1,0.09391954422
fp16,1,1,1,64,1,shuffle32_split,3,6,100,34.8639988899,420,0.0120468108471,128,2909,true,1,0.0348639988899
fp16,1,1,1,64,1,baseline_fused,3,7,100,65.4493713379,164,0.00250575363289,128,2909,true,1,0.0654493713379
fp16,1,1,1,64,1,control_optimized_fused,3,8,100,58.6681175232,164,0.00279538541415,128,2909,true,1,0.0586681175232
fp16,1,1,1,64,1,optimized_fused,3,9,100,28.5229706764,164,0.0057497517303,128,2909,true,1,0.0285229706764
fp16,1,1,1,64,1,control_shuffle32_fused,3,10,100,89.245262146,164,0.0018376325651,128,2909,true,1,0.089245262146
fp16,1,1,1,64,1,shuffle32_fused,3,11,100,29.7506284714,164,0.00551248859021,128,2909,true,1,0.0297506284714
fp16,1,1,1,64,1,baseline_transform,3,12,100,9.1325712204,256,0.0280315361164,128,2909,true,1,0.0091325712204
fp16,1,1,1,64,1,control_optimized_transform,3,13,100,9.16502833366,256,0.0279322649838,128,2909,true,1,0.00916502833366
fp16,1,1,1,64,1,optimized_transform,3,14,100,9.31817173958,256,0.0274732004469,128,2909,true,1,0.00931817173958
fp16,1,1,1,64,1,shuffle32_transform,4,0,100,8.08777153492,256,0.031652723979,128,2909,true,1,0.00808777153492
fp16,1,1,1,64,1,baseline_split,4,1,100,69.9517726898,420,0.00600413661942,128,2909,true,1,0.0699517726898
fp16,1,1,1,64,1,control_optimized_split,4,2,100,64.090514183,420,0.0065532318683,128,2909,true,1,0.064090514183
fp16,1,1,1,64,1,optimized_split,4,3,100,33.716571331,420,0.0124567826271,128,2909,true,1,0.033716571331
fp16,1,1,1,64,1,control_shuffle32_split,4,4,100,93.9275455475,420,0.00447153172748,128,2909,true,1,0.0939275455475
fp16,1,1,1,64,1,shuffle32_split,4,5,100,34.8130297661,420,0.0120644483638,128,2909,true,1,0.0348130297661
fp16,1,1,1,64,1,baseline_fused,4,6,100,65.4571390152,164,0.00250545627975,128,2909,true,1,0.0654571390152
fp16,1,1,1,64,1,control_optimized_fused,4,7,100,58.6761140823,164,0.00279500445053,128,2909,true,1,0.0586761140823
fp16,1,1,1,64,1,optimized_fused,4,8,100,28.5378289223,164,0.00574675811698,128,2909,true,1,0.0285378289223
fp16,1,1,1,64,1,control_shuffle32_fused,4,9,100,89.2470836639,164,0.00183759505932,128,2909,true,1,0.0892470836639
fp16,1,1,1,64,1,shuffle32_fused,4,10,100,29.7325706482,164,0.00551583655314,128,2909,true,1,0.0297325706482
fp16,1,1,1,64,1,baseline_transform,4,11,100,9.01165723801,256,0.0284076494743,128,2909,true,1,0.00901165723801
fp16,1,1,1,64,1,control_optimized_transform,4,12,100,9.33668553829,256,0.0274187235877,128,2909,true,1,0.00933668553829
fp16,1,1,1,64,1,optimized_transform,4,13,100,9.26605701447,256,0.0276277169027,128,2909,true,1,0.00926605701447
fp16,1,1,1,64,1,control_shuffle32_transform,4,14,100,7.99748599529,256,0.0320100591799,128,2909,true,1,0.00799748599529
fp16,1,17,1,64,17,baseline_transform,0,0,100,9.21302855015,4352,0.472374526608,2176,2909,true,1,0.00921302855015
fp16,1,17,1,64,17,control_optimized_transform,0,1,100,9.49074268341,4352,0.45855210126,2176,2909,true,1,0.00949074268341
fp16,1,17,1,64,17,optimized_transform,0,2,100,9.4047999382,4352,0.462742432438,2176,2909,true,1,0.0094047999382
fp16,1,17,1,64,17,control_shuffle32_transform,0,3,100,8.09599995613,4352,0.537549410027,2176,2909,true,1,0.00809599995613
fp16,1,17,1,64,17,shuffle32_transform,0,4,100,8.04159998894,4352,0.541185834409,2176,2909,true,1,0.00804159998894
fp16,1,17,1,64,17,baseline_split,0,5,100,70.324344635,7140,0.101529563298,2176,2909,true,1,0.070324344635
fp16,1,17,1,64,17,control_optimized_split,0,6,100,65.0098276138,7140,0.109829548271,2176,2909,true,1,0.0650098276138
fp16,1,17,1,64,17,optimized_split,0,7,100,34.292113781,7140,0.208211136986,2176,2909,true,1,0.034292113781
fp16,1,17,1,64,17,control_shuffle32_split,0,8,100,94.4102859497,7140,0.0756273527633,2176,2909,true,1,0.0944102859497
fp16,1,17,1,64,17,shuffle32_split,0,9,100,34.7929143906,7140,0.205214197346,2176,2909,true,1,0.0347929143906
fp16,1,17,1,64,17,baseline_fused,0,10,100,65.7371425629,2788,0.0424113353776,2176,2909,true,1,0.0657371425629
fp16,1,17,1,64,17,control_optimized_fused,0,11,100,58.912229538,2788,0.0473246390752,2176,2909,true,1,0.058912229538
fp16,1,17,1,64,17,optimized_fused,0,12,100,29.0461730957,2788,0.09598510588,2176,2909,true,1,0.0290461730957
fp16,1,17,1,64,17,control_shuffle32_fused,0,13,100,89.091424942,2788,0.0312936963553,2176,2909,true,1,0.089091424942
fp16,1,17,1,64,17,shuffle32_fused,0,14,100,29.5547413826,2788,0.0943334256899,2176,2909,true,1,0.0295547413826
fp16,1,17,1,64,17,control_optimized_transform,1,0,100,9.49919998646,4352,0.458143844345,2176,2909,true,1,0.00949919998646
fp16,1,17,1,64,17,optimized_transform,1,1,100,9.48822855949,4352,0.458673605164,2176,2909,true,1,0.00948822855949
fp16,1,17,1,64,17,control_shuffle32_transform,1,2,100,8.06605756283,4352,0.539544872585,2176,2909,true,1,0.00806605756283
fp16,1,17,1,64,17,shuffle32_transform,1,3,100,8.03542852402,4352,0.541601482359,2176,2909,true,1,0.00803542852402
fp16,1,17,1,64,17,baseline_split,1,4,100,70.4137134552,7140,0.101400702358,2176,2909,true,1,0.0704137134552
fp16,1,17,1,64,17,control_optimized_split,1,5,100,64.3641138077,7140,0.11093138051,2176,2909,true,1,0.0643641138077
fp16,1,17,1,64,17,optimized_split,1,6,100,34.3524575233,7140,0.207845391997,2176,2909,true,1,0.0343524575233
fp16,1,17,1,64,17,control_shuffle32_split,1,7,100,94.4745159149,7140,0.0755759363343,2176,2909,true,1,0.0944745159149
fp16,1,17,1,64,17,shuffle32_split,1,8,100,34.7794294357,7140,0.205293764614,2176,2909,true,1,0.0347794294357
fp16,1,17,1,64,17,baseline_fused,1,9,100,65.7366847992,2788,0.042411630713,2176,2909,true,1,0.0657366847992
fp16,1,17,1,64,17,control_optimized_fused,1,10,100,58.9238834381,2788,0.0473152792607,2176,2909,true,1,0.0589238834381
fp16,1,17,1,64,17,optimized_fused,1,11,100,29.0633130074,2788,0.095928499249,2176,2909,true,1,0.0290633130074
fp16,1,17,1,64,17,control_shuffle32_fused,1,12,100,89.0850257874,2788,0.0312959442438,2176,2909,true,1,0.0890850257874
fp16,1,17,1,64,17,shuffle32_fused,1,13,100,29.6262860298,2788,0.0941056194892,2176,2909,true,1,0.0296262860298
fp16,1,17,1,64,17,baseline_transform,1,14,100,9.36251401901,4352,0.464832414794,2176,2909,true,1,0.00936251401901
fp16,1,17,1,64,17,optimized_transform,2,0,100,9.48937118053,4352,0.458618375992,2176,2909,true,1,0.00948937118053
fp16,1,17,1,64,17,control_shuffle32_transform,2,1,100,8.03839981556,4352,0.541401286308,2176,2909,true,1,0.00803839981556
fp16,1,17,1,64,17,shuffle32_transform,2,2,100,8.07565689087,4352,0.538903529312,2176,2909,true,1,0.00807565689087
fp16,1,17,1,64,17,baseline_split,2,3,100,70.3327989578,7140,0.101517358982,2176,2909,true,1,0.0703327989578
fp16,1,17,1,64,17,control_optimized_split,2,4,100,64.4587469101,7140,0.110768520058,2176,2909,true,1,0.0644587469101
fp16,1,17,1,64,17,optimized_split,2,5,100,34.3266296387,7140,0.20800177807,2176,2909,true,1,0.0343266296387
fp16,1,17,1,64,17,control_shuffle32_split,2,6,100,93.7750816345,7140,0.0761396297987,2176,2909,true,1,0.0937750816345
fp16,1,17,1,64,17,shuffle32_split,2,7,100,34.7462844849,7140,0.205489597114,2176,2909,true,1,0.0347462844849
fp16,1,17,1,64,17,baseline_fused,2,8,100,65.7510852814,2788,0.0424023419244,2176,2909,true,1,0.0657510852814
fp16,1,17,1,64,17,control_optimized_fused,2,9,100,58.9225149155,2788,0.047316378196,2176,2909,true,1,0.0589225149155
fp16,1,17,1,64,17,optimized_fused,2,10,100,29.0317726135,2788,0.0960327168828,2176,2909,true,1,0.0290317726135
fp16,1,17,1,64,17,control_shuffle32_fused,2,11,100,89.0861701965,2788,0.0312955422132,2176,2909,true,1,0.0890861701965
fp16,1,17,1,64,17,shuffle32_fused,2,12,100,29.5533704758,2788,0.0943378015812,2176,2909,true,1,0.0295533704758
fp16,1,17,1,64,17,baseline_transform,2,13,100,9.41005706787,4352,0.46248391148,2176,2909,true,1,0.00941005706787
fp16,1,17,1,64,17,control_optimized_transform,2,14,100,9.46308553219,4352,0.459892281983,2176,2909,true,1,0.00946308553219
fp16,1,17,1,64,17,control_shuffle32_transform,3,0,100,8.09737145901,4352,0.537458361893,2176,2909,true,1,0.00809737145901
fp16,1,17,1,64,17,shuffle32_transform,3,1,100,8.04137170315,4352,0.541201198086,2176,2909,true,1,0.00804137170315
fp16,1,17,1,64,17,baseline_split,3,2,100,70.3570270538,7140,0.101482400536,2176,2909,true,1,0.0703570270538
fp16,1,17,1,64,17,control_optimized_split,3,3,100,64.4676589966,7140,0.110753207285,2176,2909,true,1,0.0644676589966
fp16,1,17,1,64,17,optimized_split,3,4,100,34.4628572464,7140,0.207179571588,2176,2909,true,1,0.0344628572464
fp16,1,17,1,64,17,control_shuffle32_split,3,5,100,94.4027423859,7140,0.0756333960174,2176,2909,true,1,0.0944027423859
fp16,1,17,1,64,17,shuffle32_split,3,6,100,34.8235440254,7140,0.205033697742,2176,2909,true,1,0.0348235440254
fp16,1,17,1,64,17,baseline_fused,3,7,100,65.7407999039,2788,0.0424089759187,2176,2909,true,1,0.0657407999039
fp16,1,17,1,64,17,control_optimized_fused,3,8,100,58.915886879,2788,0.0473217012879,2176,2909,true,1,0.058915886879
fp16,1,17,1,64,17,optimized_fused,3,9,100,29.0452575684,2788,0.0959881313994,2176,2909,true,1,0.0290452575684
fp16,1,17,1,64,17,control_shuffle32_fused,3,10,100,89.0884590149,2788,0.031294738183,2176,2909,true,1,0.0890884590149
fp16,1,17,1,64,17,shuffle32_fused,3,11,100,29.6265149117,2788,0.0941048924693,2176,2909,true,1,0.0296265149117
fp16,1,17,1,64,17,baseline_transform,3,12,100,9.28251445293,4352,0.468838483588,2176,2909,true,1,0.00928251445293
fp16,1,17,1,64,17,control_optimized_transform,3,13,100,9.40525710583,4352,0.462719939607,2176,2909,true,1,0.00940525710583
fp16,1,17,1,64,17,optimized_transform,3,14,100,9.41760003567,4352,0.462113487886,2176,2909,true,1,0.00941760003567
fp16,1,17,1,64,17,shuffle32_transform,4,0,100,7.94422864914,4352,0.547819076239,2176,2909,true,1,0.00794422864914
fp16,1,17,1,64,17,baseline_split,4,1,100,70.3538322449,7140,0.101487008912,2176,2909,true,1,0.0703538322449
fp16,1,17,1,64,17,control_optimized_split,4,2,100,64.4937133789,7140,0.11070846484,2176,2909,true,1,0.0644937133789
fp16,1,17,1,64,17,optimized_split,4,3,100,34.3449139595,7140,0.207891043443,2176,2909,true,1,0.0343449139595
fp16,1,17,1,64,17,control_shuffle32_split,4,4,100,93.8646888733,7140,0.076066943658,2176,2909,true,1,0.0938646888733
fp16,1,17,1,64,17,shuffle32_split,4,5,100,34.7780585289,7140,0.205301857033,2176,2909,true,1,0.0347780585289
fp16,1,17,1,64,17,baseline_fused,4,6,100,65.7433128357,2788,0.0424073549042,2176,2909,true,1,0.0657433128357
fp16,1,17,1,64,17,control_optimized_fused,4,7,100,58.9200019836,2788,0.0473183962345,2176,2909,true,1,0.0589200019836
fp16,1,17,1,64,17,optimized_fused,4,8,100,29.0397715569,2788,0.0960062648751,2176,2909,true,1,0.0290397715569
fp16,1,17,1,64,17,control_shuffle32_fused,4,9,100,89.0404510498,2788,0.0313116113758,2176,2909,true,1,0.0890404510498
fp16,1,17,1,64,17,shuffle32_fused,4,10,100,29.6114301682,2788,0.0941528316656,2176,2909,true,1,0.0296114301682
fp16,1,17,1,64,17,baseline_transform,4,11,100,9.29988563061,4352,0.467962744152,2176,2909,true,1,0.00929988563061
fp16,1,17,1,64,17,control_optimized_transform,4,12,100,9.4534856081,4352,0.460359298191,2176,2909,true,1,0.0094534856081
fp16,1,17,1,64,17,optimized_transform,4,13,100,9.39360022545,4352,0.463294146605,2176,2909,true,1,0.00939360022545
fp16,1,17,1,64,17,control_shuffle32_transform,4,14,100,8.0891430378,4352,0.538005074167,2176,2909,true,1,0.0080891430378
fp16,1,257,1,64,257,baseline_transform,0,0,100,9.55611407757,65792,6.88480688551,32896,2909,true,1,0.00955611407757
fp16,1,257,1,64,257,control_optimized_transform,0,1,100,9.5647996664,65792,6.87855494047,32896,2909,true,1,0.0095647996664
fp16,1,257,1,64,257,optimized_transform,0,2,100,9.55428600311,65792,6.88612419375,32896,2909,true,1,0.00955428600311
fp16,1,257,1,64,257,control_shuffle32_transform,0,3,100,8.7899428606,65792,7.48491782522,32896,2909,true,1,0.0087899428606
fp16,1,257,1,64,257,shuffle32_transform,0,4,100,8.79360020161,65792,7.48180477752,32896,2909,true,1,0.00879360020161
fp16,1,257,1,64,257,baseline_split,0,5,100,71.0925674438,107940,1.51830217815,32896,2909,true,1,0.0710925674438
fp16,1,257,1,64,257,control_optimized_split,0,6,100,64.4413709641,107940,1.675010919,32896,2909,true,1,0.0644413709641
fp16,1,257,1,64,257,optimized_split,0,7,100,34.7497153282,107940,3.10621249643,32896,2909,true,1,0.0347497153282
fp16,1,257,1,64,257,control_shuffle32_split,0,8,100,102.086400986,107940,1.05733965502,32896,2909,true,1,0.102086400986
fp16,1,257,1,64,257,shuffle32_split,0,9,100,39.1581702232,107940,2.75651286525,32896,2909,true,1,0.0391581702232
fp16,1,257,1,64,257,baseline_fused,0,10,100,65.99588871,42148,0.638645843307,32896,2909,true,1,0.06599588871
fp16,1,257,1,64,257,control_optimized_fused,0,11,100,59.3414878845,42148,0.710261934821,32896,2909,true,1,0.0593414878845
fp16,1,257,1,64,257,optimized_fused,0,12,100,29.3602275848,42148,1.43554745542,32896,2909,true,1,0.0293602275848
fp16,1,257,1,64,257,control_shuffle32_fused,0,13,100,96.660118103,42148,0.436043332319,32896,2909,true,1,0.096660118103
fp16,1,257,1,64,257,shuffle32_fused,0,14,100,33.2130289078,42148,1.26902006189,32896,2909,true,1,0.0332130289078
fp16,1,257,1,64,257,control_optimized_transform,1,0,100,9.54171419144,65792,6.89519709771,32896,2909,true,1,0.00954171419144
fp16,1,257,1,64,257,optimized_transform,1,1,100,9.69417154789,65792,6.78675838105,32896,2909,true,1,0.00969417154789
fp16,1,257,1,64,257,control_shuffle32_transform,1,2,100,8.94468545914,65792,7.3554291317,32896,2909,true,1,0.00894468545914
fp16,1,257,1,64,257,shuffle32_transform,1,3,100,8.86468589306,65792,7.42180837468,32896,2909,true,1,0.00886468589306
fp16,1,257,1,64,257,baseline_split,1,4,100,71.1081123352,107940,1.51797026324,32896,2909,true,1,0.0711081123352
fp16,1,257,1,64,257,control_optimized_split,1,5,100,64.5478868484,107940,1.67224684293,32896,2909,true,1,0.0645478868484
fp16,1,257,1,64,257,optimized_split,1,6,100,34.748570919,107940,3.10631479641,32896,2909,true,1,0.034748570919
fp16,1,257,1,64,257,control_shuffle32_split,1,7,100,102.688684464,107940,1.05113821025,32896,2909,true,1,0.102688684464
fp16,1,257,1,64,257,shuffle32_split,1,8,100,39.129140377,107940,2.7585579177,32896,2909,true,1,0.039129140377
fp16,1,257,1,64,257,baseline_fused,1,9,100,65.9865140915,42148,0.638736574894,32896,2909,true,1,0.0659865140915
fp16,1,257,1,64,257,control_optimized_fused,1,10,100,59.3474292755,42148,0.710190829064,32896,2909,true,1,0.0593474292755
fp16,1,257,1,64,257,optimized_fused,1,11,100,29.3901729584,42148,1.43408478949,32896,2909,true,1,0.0293901729584
fp16,1,257,1,64,257,control_shuffle32_fused,1,12,100,96.7149734497,42148,0.435796014791,32896,2909,true,1,0.0967149734497
fp16,1,257,1,64,257,shuffle32_fused,1,13,100,33.2569146156,42148,1.26734546747,32896,2909,true,1,0.0332569146156
fp16,1,257,1,64,257,baseline_transform,1,14,100,9.64479982853,65792,6.82149978949,32896,2909,true,1,0.00964479982853
fp16,1,257,1,64,257,optimized_transform,2,0,100,9.78399991989,65792,6.72444813355,32896,2909,true,1,0.00978399991989
fp16,1,257,1,64,257,control_shuffle32_transform,2,1,100,8.95291447639,65792,7.34866843344,32896,2909,true,1,0.00895291447639
fp16,1,257,1,64,257,shuffle32_transform,2,2,100,9.016456604,65792,7.2968797932,32896,2909,true,1,0.009016456604
fp16,1,257,1,64,257,baseline_split,2,3,100,71.0742855072,107940,1.5186927203,32896,2909,true,1,0.0710742855072
fp16,1,257,1,64,257,control_optimized_split,2,4,100,64.5545101166,107940,1.67207527104,32896,2909,true,1,0.0645545101166
fp16,1,257,1,64,257,optimized_split,2,5,100,34.7757720947,107940,3.10388507568,32896,2909,true,1,0.0347757720947
fp16,1,257,1,64,257,control_shuffle32_split,2,6,100,102.142400742,107940,1.05675996664,32896,2909,true,1,0.102142400742
fp16,1,257,1,64,257,shuffle32_split,2,7,100,39.0982866287,107940,2.7607347868,32896,2909,true,1,0.0390982866287
fp16,1,257,1,64,257,baseline_fused,2,8,100,65.9901714325,42148,0.638701174509,32896,2909,true,1,0.0659901714325
fp16,1,257,1,64,257,control_optimized_fused,2,9,100,59.3309688568,42148,0.710387860035,32896,2909,true,1,0.0593309688568
fp16,1,257,1,64,257,optimized_fused,2,10,100,29.3401145935,42148,1.43653153997,32896,2909,true,1,0.0293401145935
fp16,1,257,1,64,257,control_shuffle32_fused,2,11,100,96.7156600952,42148,0.4357929208,32896,2909,true,1,0.0967156600952
fp16,1,257,1,64,257,shuffle32_fused,2,12,100,33.2107424736,42148,1.26910742912,32896,2909,true,1,0.0332107424736
fp16,1,257,1,64,257,baseline_transform,2,13,100,9.79862868786,65792,6.71440893372,32896,2909,true,1,0.00979862868786
fp16,1,257,1,64,257,control_optimized_transform,2,14,100,9.69714283943,65792,6.78467885741,32896,2909,true,1,0.00969714283943
fp16,1,257,1,64,257,control_shuffle32_transform,3,0,100,9.05897140503,65792,7.262634692,32896,2909,true,1,0.00905897140503
fp16,1,257,1,64,257,shuffle32_transform,3,1,100,9.0221709013,65792,7.29225822917,32896,2909,true,1,0.0090221709013
fp16,1,257,1,64,257,baseline_split,3,2,100,71.1849164963,107940,1.51633246638,32896,2909,true,1,0.0711849164963
fp16,1,257,1,64,257,control_optimized_split,3,3,100,64.5755434036,107940,1.67153064939,32896,2909,true,1,0.0645755434036
fp16,1,257,1,64,257,optimized_split,3,4,100,34.9177145958,107940,3.09126760584,32896,2909,true,1,0.0349177145958
fp16,1,257,1,64,257,control_shuffle32_split,3,5,100,102.11268425,107940,1.05706750139,32896,2909,true,1,0.10211268425
fp16,1,257,1,64,257,shuffle32_split,3,6,100,39.1220569611,107940,2.75905738053,32896,2909,true,1,0.0391220569611
fp16,1,257,1,64,257,baseline_fused,3,7,100,65.9915447235,42148,0.63868788307,32896,2909,true,1,0.0659915447235
fp16,1,257,1,64,257,control_optimized_fused,3,8,100,59.352684021,42148,0.71012795285,32896,2909,true,1,0.059352684021
fp16,1,257,1,64,257,optimized_fused,3,9,100,29.350399971,42148,1.43602813051,32896,2909,true,1,0.029350399971
fp16,1,257,1,64,257,control_shuffle32_fused,3,10,100,96.6708564758,42148,0.435994895841,32896,2909,true,1,0.0966708564758
fp16,1,257,1,64,257,shuffle32_fused,3,11,100,33.2164573669,42148,1.26888907912,32896,2909,true,1,0.0332164573669
fp16,1,257,1,64,257,baseline_transform,3,12,100,9.65805709362,65792,6.81213616385,32896,2909,true,1,0.00965805709362
fp16,1,257,1,64,257,control_optimized_transform,3,13,100,9.69645738602,65792,6.78515847395,32896,2909,true,1,0.00969645738602
fp16,1,257,1,64,257,optimized_transform,3,14,100,9.60662841797,65792,6.84860464437,32896,2909,true,1,0.00960662841797
fp16,1,257,1,64,257,shuffle32_transform,4,0,100,8.87771427631,65792,7.41091658869,32896,2909,true,1,0.00887771427631
fp16,1,257,1,64,257,baseline_split,4,1,100,71.07817173,107940,1.51860968526,32896,2909,true,1,0.07107817173
fp16,1,257,1,64,257,control_optimized_split,4,2,100,64.4502830505,107940,1.67477930105,32896,2909,true,1,0.0644502830505
fp16,1,257,1,64,257,optimized_split,4,3,100,34.8052573204,107940,3.10125562372,32896,2909,true,1,0.0348052573204
fp16,1,257,1,64,257,control_shuffle32_split,4,4,100,102.228345871,107940,1.05587153035,32896,2909,true,1,0.102228345871
fp16,1,257,1,64,257,shuffle32_split,4,5,100,39.0537142754,107940,2.7638856381,32896,2909,true,1,0.0390537142754
fp16,1,257,1,64,257,baseline_fused,4,6,100,65.9935998917,42148,0.638667993096,32896,2909,true,1,0.0659935998917
fp16,1,257,1,64,257,control_optimized_fused,4,7,100,59.3385124207,42148,0.710297550117,32896,2909,true,1,0.0593385124207
fp16,1,257,1,64,257,optimized_fused,4,8,100,29.3327999115,42148,1.43688976597,32896,2909,true,1,0.0293327999115
fp16,1,257,1,64,257,control_shuffle32_fused,4,9,100,96.7138290405,42148,0.43580117154,32896,2909,true,1,0.0967138290405
fp16,1,257,1,64,257,shuffle32_fused,4,10,100,33.2143998146,42148,1.26896768375,32896,2909,true,1,0.0332143998146
fp16,1,257,1,64,257,baseline_transform,4,11,100,9.70674276352,65792,6.77796884113,32896,2909,true,1,0.00970674276352
fp16,1,257,1,64,257,control_optimized_transform,4,12,100,9.60411429405,65792,6.85039744277,32896,2909,true,1,0.00960411429405
fp16,1,257,1,64,257,optimized_transform,4,13,100,9.59725677967,65792,6.85529224761,32896,2909,true,1,0.00959725677967
fp16,1,257,1,64,257,control_shuffle32_transform,4,14,100,8.79131436348,65792,7.4837501288,32896,2909,true,1,0.00879131436348
fp16,4,64,16,64,4096,baseline_transform,0,0,100,23.1433153152,1048576,45.3079425189,524288,2909,true,1,0.0231433153152
fp16,4,64,16,64,4096,control_optimized_transform,0,1,100,23.9798855782,1048576,43.7273145688,524288,2909,true,1,0.0239798855782
fp16,4,64,16,64,4096,optimized_transform,0,2,100,24.0050268173,1048576,43.6815175413,524288,2909,true,1,0.0240050268173
fp16,4,64,16,64,4096,control_shuffle32_transform,0,3,100,11.269942522,1048576,93.0418232345,524288,2909,true,1,0.011269942522
fp16,4,64,16,64,4096,shuffle32_transform,0,4,100,11.3499426842,1048576,92.3860171966,524288,2909,true,1,0.0113499426842
fp16,4,64,16,64,4096,baseline_split,0,5,100,437.937583923,1720320,3.92823101545,524288,2909,true,1,0.437937583923
fp16,4,64,16,64,4096,control_optimized_split,0,6,100,380.525016785,1720320,4.52091169862,524288,2909,true,1,0.380525016785
fp16,4,64,16,64,4096,optimized_split,0,7,100,162.120456696,1720320,10.6113690713,524288,2909,true,1,0.162120456696
fp16,4,64,16,64,4096,control_shuffle32_split,0,8,100,248.871765137,1720320,6.91247558378,524288,2909,true,1,0.248871765137
fp16,4,64,16,64,4096,shuffle32_split,0,9,100,72.6537132263,1720320,23.6783493039,524288,2909,true,1,0.0726537132263
fp16,4,64,16,64,4096,baseline_fused,0,10,100,433.890304565,671744,1.54818854658,524288,2909,true,1,0.433890304565
fp16,4,64,16,64,4096,control_optimized_fused,0,11,100,370.888671875,671744,1.81117421733,524288,2909,true,1,0.370888671875
fp16,4,64,16,64,4096,optimized_fused,0,12,100,147.895307541,671744,4.5420237543,524288,2909,true,1,0.147895307541
fp16,4,64,16,64,4096,control_shuffle32_fused,0,13,100,248.679084778,671744,2.70124848095,524288,2909,true,1,0.248679084778
fp16,4,64,16,64,4096,shuffle32_fused,0,14,100,68.7590837479,671744,9.769530997,524288,2909,true,1,0.0687590837479
fp16,4,64,16,64,4096,control_optimized_transform,1,0,100,23.9382839203,1048576,43.8033070161,524288,2909,true,1,0.0239382839203
fp16,4,64,16,64,4096,optimized_transform,1,1,100,24.005715847,1048576,43.6802637623,524288,2909,true,1,0.024005715847
fp16,4,64,16,64,4096,control_shuffle32_transform,1,2,100,11.1860573292,1048576,93.7395517601,524288,2909,true,1,0.0111860573292
fp16,4,64,16,64,4096,shuffle32_transform,1,3,100,11.1062860489,1048576,94.4128393042,524288,2909,true,1,0.0111062860489
fp16,4,64,16,64,4096,baseline_split,1,4,100,437.805938721,1720320,3.92941220721,524288,2909,true,1,0.437805938721
fp16,4,64,16,64,4096,control_optimized_split,1,5,100,382.102851868,1720320,4.50224328762,524288,2909,true,1,0.382102851868
fp16,4,64,16,64,4096,optimized_split,1,6,100,162.537384033,1720320,10.5841496726,524288,2909,true,1,0.162537384033
fp16,4,64,16,64,4096,control_shuffle32_split,1,7,100,249.290962219,1720320,6.90085185875,524288,2909,true,1,0.249290962219
fp16,4,64,16,64,4096,shuffle32_split,1,8,100,70.9129142761,1720320,24.259615016,524288,2909,true,1,0.0709129142761
fp16,4,64,16,64,4096,baseline_fused,1,9,100,433.926391602,671744,1.54805979309,524288,2909,true,1,0.433926391602
fp16,4,64,16,64,4096,control_optimized_fused,1,10,100,371.781692505,671744,1.80682377197,524288,2909,true,1,0.371781692505
fp16,4,64,16,64,4096,optimized_fused,1,11,100,147.653942108,671744,4.54944846314,524288,2909,true,1,0.147653942108
fp16,4,64,16,64,4096,control_shuffle32_fused,1,12,100,247.970962524,671744,2.70896234447,524288,2909,true,1,0.247970962524
fp16,4,64,16,64,4096,shuffle32_fused,1,13,100,68.0484580994,671744,9.87155357759,524288,2909,true,1,0.0680484580994
fp16,4,64,16,64,4096,baseline_transform,1,14,100,22.8011417389,1048576,45.9878725376,524288,2909,true,1,0.0228011417389
fp16,4,64,16,64,4096,optimized_transform,2,0,100,24.2114281654,1048576,43.3091345473,524288,2909,true,1,0.0242114281654
fp16,4,64,16,64,4096,control_shuffle32_transform,2,1,100,11.1028575897,1048576,94.4419931109,524288,2909,true,1,0.0111028575897
fp16,4,64,16,64,4096,shuffle32_transform,2,2,100,11.412115097,1048576,91.8827045717,524288,2909,true,1,0.011412115097
fp16,4,64,16,64,4096,baseline_split,2,3,100,437.011871338,1720320,3.93655210037,524288,2909,true,1,0.437011871338
fp16,4,64,16,64,4096,control_optimized_split,2,4,100,381.82308197,1720320,4.50554217708,524288,2909,true,1,0.38182308197
fp16,4,64,16,64,4096,optimized_split,2,5,100,162.611198425,1720320,10.5793451906,524288,2909,true,1,0.162611198425
fp16,4,64,16,64,4096,control_shuffle32_split,2,6,100,248.551769257,1720320,6.9213749922,524288,2909,true,1,0.248551769257
fp16,4,64,16,64,4096,shuffle32_split,2,7,100,70.584230423,1720320,24.3725827949,524288,2909,true,1,0.070584230423
fp16,4,64,16,64,4096,baseline_fused,2,8,100,433.973693848,671744,1.54789105774,524288,2909,true,1,0.433973693848
fp16,4,64,16,64,4096,control_optimized_fused,2,9,100,371.947441101,671744,1.80601860847,524288,2909,true,1,0.371947441101
fp16,4,64,16,64,4096,optimized_fused,2,10,100,147.472686768,671744,4.55504008724,524288,2909,true,1,0.147472686768
fp16,4,64,16,64,4096,control_shuffle32_fused,2,11,100,248.29668045,671744,2.70540870213,524288,2909,true,1,0.24829668045
fp16,4,64,16,64,4096,shuffle32_fused,2,12,100,68.3291435242,671744,9.83100278086,524288,2909,true,1,0.0683291435242
fp16,4,64,16,64,4096,baseline_transform,2,13,100,23.226287365,1048576,45.1460874277,524288,2909,true,1,0.023226287365
fp16,4,64,16,64,4096,control_optimized_transform,2,14,100,23.9696002007,1048576,43.7460779997,524288,2909,true,1,0.0239696002007
fp16,4,64,16,64,4096,control_shuffle32_transform,3,0,100,11.6530287266,1048576,89.9831301032,524288,2909,true,1,0.0116530287266
fp16,4,64,16,64,4096,shuffle32_transform,3,1,100,11.2379419804,1048576,93.3067639816,524288,2909,true,1,0.0112379419804
fp16,4,64,16,64,4096,baseline_split,3,2,100,439.051208496,1720320,3.91826731532,524288,2909,true,1,0.439051208496
fp16,4,64,16,64,4096,control_optimized_split,3,3,100,382.447090149,1720320,4.49819084603,524288,2909,true,1,0.382447090149
fp16,4,64,16,64,4096,optimized_split,3,4,100,161.949939728,1720320,10.6225417737,524288,2909,true,1,0.161949939728
fp16,4,64,16,64,4096,control_shuffle32_split,3,5,100,247.200222015,1720320,6.95921705076,524288,2909,true,1,0.247200222015
fp16,4,64,16,64,4096,shuffle32_split,3,6,100,70.5353116989,1720320,24.3894860399,524288,2909,true,1,0.0705353116989
fp16,4,64,16,64,4096,baseline_fused,3,7,100,433.846855164,671744,1.54834359638,524288,2909,true,1,0.433846855164
fp16,4,64,16,64,4096,control_optimized_fused,3,8,100,371.6015625,671744,1.80769961106,524288,2909,true,1,0.3716015625
fp16,4,64,16,64,4096,optimized_fused,3,9,100,147.93554306,671744,4.54078841436,524288,2909,true,1,0.14793554306
fp16,4,64,16,64,4096,control_shuffle32_fused,3,10,100,247.294406891,671744,2.71637360685,524288,2909,true,1,0.247294406891
fp16,4,64,16,64,4096,shuffle32_fused,3,11,100,69.1846847534,671744,9.70943211484,524288,2909,true,1,0.0691846847534
fp16,4,64,16,64,4096,baseline_transform,3,12,100,23.1890296936,1048576,45.2186233687,524288,2909,true,1,0.0231890296936
fp16,4,64,16,64,4096,control_optimized_transform,3,13,100,24.1142868996,1048576,43.4835997584,524288,2909,true,1,0.0241142868996
fp16,4,64,16,64,4096,optimized_transform,3,14,100,24.0676569939,1048576,43.5678471015,524288,2909,true,1,0.0240676569939
fp16,4,64,16,64,4096,shuffle32_transform,4,0,100,11.369600296,1048576,92.226285243,524288,2909,true,1,0.011369600296
fp16,4,64,16,64,4096,baseline_split,4,1,100,437.938499451,1720320,3.92822280333,524288,2909,true,1,0.437938499451
fp16,4,64,16,64,4096,control_optimized_split,4,2,100,381.407775879,1720320,4.51044815758,524288,2909,true,1,0.381407775879
fp16,4,64,16,64,4096,optimized_split,4,3,100,162.67747879,1720320,10.5750348038,524288,2909,true,1,0.16267747879
fp16,4,64,16,64,4096,control_shuffle32_split,4,4,100,247.637939453,1720320,6.94691614621,524288,2909,true,1,0.247637939453
fp16,4,64,16,64,4096,shuffle32_split,4,5,100,71.7942857742,1720320,23.9617955865,524288,2909,true,1,0.0717942857742
fp16,4,64,16,64,4096,baseline_fused,4,6,100,433.982887268,671744,1.54785826747,524288,2909,true,1,0.433982887268
fp16,4,64,16,64,4096,control_optimized_fused,4,7,100,372.141952515,671744,1.80507463741,524288,2909,true,1,0.372141952515
fp16,4,64,16,64,4096,optimized_fused,4,8,100,147.847995758,671744,4.54347721493,524288,2909,true,1,0.147847995758
fp16,4,64,16,64,4096,control_shuffle32_fused,4,9,100,248.671321869,671744,2.7013328073,524288,2909,true,1,0.248671321869
fp16,4,64,16,64,4096,shuffle32_fused,4,10,100,68.3337116241,671744,9.83034557957,524288,2909,true,1,0.0683337116241
fp16,4,64,16,64,4096,baseline_transform,4,11,100,22.7876567841,1048576,46.0150865855,524288,2909,true,1,0.0227876567841
fp16,4,64,16,64,4096,control_optimized_transform,4,12,100,23.9755415916,1048576,43.7352372622,524288,2909,true,1,0.0239755415916
fp16,4,64,16,64,4096,optimized_transform,4,13,100,24.0226268768,1048576,43.6495144922,524288,2909,true,1,0.0240226268768
fp16,4,64,16,64,4096,control_shuffle32_transform,4,14,100,11.1471998692,1048576,94.0663137208,524288,2909,true,1,0.0111471998692
fp16,16,64,16,64,16384,baseline_transform,0,0,100,68.298740387,4194304,61.4111472076,2097152,2909,true,1,0.068298740387
fp16,16,64,16,64,16384,control_optimized_transform,0,1,100,73.9970302582,4194304,56.6820585281,2097152,2909,true,1,0.0739970302582
fp16,16,64,16,64,16384,optimized_transform,0,2,100,74.0484571457,4194304,56.6426926593,2097152,2909,true,1,0.0740484571457
fp16,16,64,16,64,16384,control_shuffle32_transform,0,3,100,21.2681150436,4194304,197.210894872,2097152,2909,true,1,0.0212681150436
fp16,16,64,16,64,16384,shuffle32_transform,0,4,100,21.2706279755,4194304,197.187596193,2097152,2909,true,1,0.0212706279755
fp16,16,64,16,64,16384,baseline_split,0,5,100,1548.35784912,6881280,4.44424394781,2097152,2909,true,1,1.54835784912
fp16,16,64,16,64,16384,control_optimized_split,0,6,100,1361.84585571,6881280,5.05290666424,2097152,2909,true,1,1.36184585571
fp16,16,64,16,64,16384,optimized_split,0,7,100,576.817855835,6881280,11.9297277822,2097152,2909,true,1,0.576817855835
fp16,16,64,16,64,16384,control_shuffle32_split,0,8,100,851.698760986,6881280,8.07947635386,2097152,2909,true,1,0.851698760986
fp16,16,64,16,64,16384,shuffle32_split,0,9,100,228.516788483,6881280,30.1127984762,2097152,2909,true,1,0.228516788483
fp16,16,64,16,64,16384,baseline_fused,0,10,100,1526.21673584,2686976,1.7605468063,2097152,2909,true,1,1.52621673584
fp16,16,64,16,64,16384,control_optimized_fused,0,11,100,1333.61877441,2686976,2.01480066984,2097152,2909,true,1,1.33361877441
fp16,16,64,16,64,16384,optimized_fused,0,12,100,544.386062622,2686976,4.93579131519,2097152,2909,true,1,0.544386062622
fp16,16,64,16,64,16384,control_shuffle32_fused,0,13,100,866.503982544,2686976,3.10093900793,2097152,2909,true,1,0.866503982544
fp16,16,64,16,64,16384,shuffle32_fused,0,14,100,211.431083679,2686976,12.7085192643,2097152,2909,true,1,0.211431083679
fp16,16,64,16,64,16384,control_optimized_transform,1,0,100,73.9876556396,4194304,56.689240438,2097152,2909,true,1,0.0739876556396
fp16,16,64,16,64,16384,optimized_transform,1,1,100,74.0518856049,4194304,56.6400702121,2097152,2909,true,1,0.0740518856049
fp16,16,64,16,64,16384,control_shuffle32_transform,1,2,100,21.4009141922,4194304,195.987141593,2097152,2909,true,1,0.0214009141922
fp16,16,64,16,64,16384,shuffle32_transform,1,3,100,21.3147425652,4194304,196.779481956,2097152,2909,true,1,0.0213147425652
fp16,16,64,16,64,16384,baseline_split,1,4,100,1548.5760498,6881280,4.4436177357,2097152,2909,true,1,1.5485760498
fp16,16,64,16,64,16384,control_optimized_split,1,5,100,1361.74468994,6881280,5.0532820512,2097152,2909,true,1,1.36174468994
fp16,16,64,16,64,16384,optimized_split,1,6,100,576.692771912,6881280,11.9323153248,2097152,2909,true,1,0.576692771912
fp16,16,64,16,64,16384,control_shuffle32_split,1,7,100,851.731033325,6881280,8.07917022013,2097152,2909,true,1,0.851731033325
fp16,16,64,16,64,16384,shuffle32_split,1,8,100,228.429489136,6881280,30.1243067436,2097152,2909,true,1,0.228429489136
fp16,16,64,16,64,16384,baseline_fused,1,9,100,1526.08840942,2686976,1.76069484796,2097152,2909,true,1,1.52608840942
fp16,16,64,16,64,16384,control_optimized_fused,1,10,100,1333.28323364,2686976,2.01530772472,2097152,2909,true,1,1.33328323364
fp16,16,64,16,64,16384,optimized_fused,1,11,100,544.491195679,2686976,4.93483828816,2097152,2909,true,1,0.544491195679
fp16,16,64,16,64,16384,control_shuffle32_fused,1,12,100,866.502609253,2686976,3.10094392251,2097152,2909,true,1,0.866502609253
fp16,16,64,16,64,16384,shuffle32_fused,1,13,100,211.367301941,2686976,12.7123541594,2097152,2909,true,1,0.211367301941
fp16,16,64,16,64,16384,baseline_transform,1,14,100,68.2815980911,4194304,61.4265646566,2097152,2909,true,1,0.0682815980911
fp16,16,64,16,64,16384,optimized_transform,2,0,100,74.0447998047,4194304,56.6454904472,2097152,2909,true,1,0.0740447998047
fp16,16,64,16,64,16384,control_shuffle32_transform,2,1,100,21.3840007782,4194304,196.142155226,2097152,2909,true,1,0.0213840007782
fp16,16,64,16,64,16384,shuffle32_transform,2,2,100,21.2962293625,4194304,196.950545968,2097152,2909,true,1,0.0212962293625
fp16,16,64,16,64,16384,baseline_split,2,3,100,1548.55514526,6881280,4.44367772181,2097152,2909,true,1,1.54855514526
fp16,16,64,16,64,16384,control_optimized_split,2,4,100,1361.72683716,6881280,5.05334830175,2097152,2909,true,1,1.36172683716
fp16,16,64,16,64,16384,optimized_split,2,5,100,576.781692505,6881280,11.9304757578,2097152,2909,true,1,0.576781692505
fp16,16,64,16,64,16384,control_shuffle32_split,2,6,100,851.739196777,6881280,8.07909278572,2097152,2909,true,1,0.851739196777
fp16,16,64,16,64,16384,shuffle32_split,2,7,100,228.459434509,6881280,30.120358193,2097152,2909,true,1,0.228459434509
fp16,16,64,16,64,16384,baseline_fused,2,8,100,1526.10900879,2686976,1.76067108216,2097152,2909,true,1,1.52610900879
fp16,16,64,16,64,16384,control_optimized_fused,2,9,100,1333.48098755,2686976,2.01500885659,2097152,2909,true,1,1.33348098755
fp16,16,64,16,64,16384,optimized_fused,2,10,100,544.504890442,2686976,4.93471417276,2097152,2909,true,1,0.544504890442
fp16,16,64,16,64,16384,control_shuffle32_fused,2,11,100,866.417388916,2686976,3.10124892964,2097152,2909,true,1,0.866417388916
fp16,16,64,16,64,16384,shuffle32_fused,2,12,100,211.414394379,2686976,12.7095224897,2097152,2909,true,1,0.211414394379
fp16,16,64,16,64,16384,baseline_transform,2,13,100,68.2781744003,4194304,61.4296447853,2097152,2909,true,1,0.0682781744003
fp16,16,64,16,64,16384,control_optimized_transform,2,14,100,73.9888000488,4194304,56.6883636068,2097152,2909,true,1,0.0739888000488
fp16,16,64,16,64,16384,control_shuffle32_transform,3,0,100,21.3819432259,4194304,196.161029692,2097152,2909,true,1,0.0213819432259
fp16,16,64,16,64,16384,shuffle32_transform,3,1,100,21.2137150764,4194304,197.716617994,2097152,2909,true,1,0.0212137150764
fp16,16,64,16,64,16384,baseline_split,3,2,100,1548.44955444,6881280,4.44398074206,2097152,2909,true,1,1.54844955444
fp16,16,64,16,64,16384,control_optimized_split,3,3,100,1361.58157349,6881280,5.05388743062,2097152,2909,true,1,1.36158157349
fp16,16,64,16,64,16384,optimized_split,3,4,100,576.782188416,6881280,11.9304655002,2097152,2909,true,1,0.576782188416
fp16,16,64,16,64,16384,control_shuffle32_split,3,5,100,851.698074341,6881280,8.07948286759,2097152,2909,true,1,0.851698074341
fp16,16,64,16,64,16384,shuffle32_split,3,6,100,228.497142792,6881280,30.1153875096,2097152,2909,true,1,0.228497142792
fp16,16,64,16,64,16384,baseline_fused,3,7,100,1526.14471436,2686976,1.76062988963,2097152,2909,true,1,1.52614471436
fp16,16,64,16,64,16384,control_optimized_fused,3,8,100,1333.41598511,2686976,2.01510708587,2097152,2909,true,1,1.33341598511
fp16,16,64,16,64,16384,optimized_fused,3,9,100,544.401359558,2686976,4.93565262618,2097152,2909,true,1,0.544401359558
fp16,16,64,16,64,16384,control_shuffle32_fused,3,10,100,866.502380371,2686976,3.10094474161,2097152,2909,true,1,0.866502380371
fp16,16,64,16,64,16384,shuffle32_fused,3,11,100,211.828804016,2686976,12.684658314,2097152,2909,true,1,0.211828804016
fp16,16,64,16,64,16384,baseline_transform,3,12,100,68.2882261276,4194304,61.4206026111,2097152,2909,true,1,0.0682882261276
fp16,16,64,16,64,16384,control_optimized_transform,3,13,100,74.0025138855,4194304,56.6778583561,2097152,2909,true,1,0.0740025138855
fp16,16,64,16,64,16384,optimized_transform,3,14,100,74.0537118912,4194304,56.6386733749,2097152,2909,true,1,0.0740537118912
fp16,16,64,16,64,16384,shuffle32_transform,4,0,100,21.280913353,4194304,197.092292536,2097152,2909,true,1,0.021280913353
fp16,16,64,16,64,16384,baseline_split,4,1,100,1548.50036621,6881280,4.44383491935,2097152,2909,true,1,1.54850036621
fp16,16,64,16,64,16384,control_optimized_split,4,2,100,1361.55212402,6881280,5.05399674282,2097152,2909,true,1,1.36155212402
fp16,16,64,16,64,16384,optimized_split,4,3,100,576.856918335,6881280,11.9289199475,2097152,2909,true,1,0.576856918335
fp16,16,64,16,64,16384,control_shuffle32_split,4,4,100,851.781311035,6881280,8.0786933346,2097152,2909,true,1,0.851781311035
fp16,16,64,16,64,16384,shuffle32_split,4,5,100,228.443641663,6881280,30.1224404843,2097152,2909,true,1,0.228443641663
fp16,16,64,16,64,16384,baseline_fused,4,6,100,1526.21643066,2686976,1.76054715833,2097152,2909,true,1,1.52621643066
fp16,16,64,16,64,16384,control_optimized_fused,4,7,100,1333.43383789,2686976,2.01508010645,2097152,2909,true,1,1.33343383789
fp16,16,64,16,64,16384,optimized_fused,4,8,100,544.41783905,2686976,4.9355032243,2097152,2909,true,1,0.54441783905
fp16,16,64,16,64,16384,control_shuffle32_fused,4,9,100,866.450271606,2686976,3.10113123402,2097152,2909,true,1,0.866450271606
fp16,16,64,16,64,16384,shuffle32_fused,4,10,100,211.380786896,2686976,12.7115431798,2097152,2909,true,1,0.211380786896
fp16,16,64,16,64,16384,baseline_transform,4,11,100,68.2182836533,4194304,61.4835755956,2097152,2909,true,1,0.0682182836533
fp16,16,64,16,64,16384,control_optimized_transform,4,12,100,73.9405727386,4194304,56.7253382635,2097152,2909,true,1,0.0739405727386
fp16,16,64,16,64,16384,optimized_transform,4,13,100,74.0226268768,4194304,56.6624581829,2097152,2909,true,1,0.0740226268768
fp16,16,64,16,64,16384,control_shuffle32_transform,4,14,100,21.1977148056,4194304,197.865856696,2097152,2909,true,1,0.0211977148056
fp16,1,1,1,128,1,baseline_transform,0,0,100,9.41760003567,512,0.0543662926925,256,2909,true,1,0.00941760003567
fp16,1,1,1,128,1,control_optimized_transform,0,1,100,9.55862879753,512,0.0535641681297,256,2909,true,1,0.00955862879753
fp16,1,1,1,128,1,optimized_transform,0,2,100,9.73942875862,512,0.0525698182808,256,2909,true,1,0.00973942875862
fp16,1,1,1,128,1,control_shuffle32_transform,0,3,100,9.14308607578,512,0.0559985978209,256,2909,true,1,0.00914308607578
fp16,1,1,1,128,1,shuffle32_transform,0,4,100,9.2102855444,512,0.0555900246015,256,2909,true,1,0.0092102855444
fp16,1,1,1,128,1,baseline_split,0,5,100,80.2006816864,836,0.0104238515487,256,2909,true,1,0.0802006816864
fp16,1,1,1,128,1,control_optimized_split,0,6,100,64.7165727615,836,0.0129178657696,256,2909,true,1,0.0647165727615
fp16,1,1,1,128,1,optimized_split,0,7,100,34.1003441811,836,0.0245158815864,256,2909,true,1,0.0341003441811
fp16,1,1,1,128,1,control_shuffle32_split,0,8,100,164.734859467,836,0.00507482145981,256,2909,true,1,0.164734859467
fp16,1,1,1,128,1,shuffle32_split,0,9,100,46.0717725754,836,0.0181456009454,256,2909,true,1,0.0460717725754
fp16,1,1,1,128,1,baseline_fused,0,10,100,75.7705163956,324,0.0042760695771,256,2909,true,1,0.0757705163956
fp16,1,1,1,128,1,control_optimized_fused,0,11,100,59.2063999176,324,0.00547238137179,256,2909,true,1,0.0592063999176
fp16,1,1,1,128,1,optimized_fused,0,12,100,28.9645719528,324,0.011186079343,256,2909,true,1,0.0289645719528
fp16,1,1,1,128,1,control_shuffle32_fused,0,13,100,159.349031448,324,0.00203327247775,256,2909,true,1,0.159349031448
fp16,1,1,1,128,1,shuffle32_fused,0,14,100,40.3734874725,324,0.00802506843682,256,2909,true,1,0.0403734874725
fp16,1,1,1,128,1,control_optimized_transform,1,0,100,9.56799983978,512,0.0535117065817,256,2909,true,1,0.00956799983978
fp16,1,1,1,128,1,optimized_transform,1,1,100,9.69439983368,512,0.052813996615,256,2909,true,1,0.00969439983368
fp16,1,1,1,128,1,control_shuffle32_transform,1,2,100,9.1503995657,512,0.0559538407393,256,2909,true,1,0.0091503995657
fp16,1,1,1,128,1,shuffle32_transform,1,3,100,9.21097099781,512,0.0555858877551,256,2909,true,1,0.00921097099781
fp16,1,1,1,128,1,baseline_split,1,4,100,80.1926803589,836,0.0104248916018,256,2909,true,1,0.0801926803589
fp16,1,1,1,128,1,control_optimized_split,1,5,100,64.7261714935,836,0.0129159500819,256,2909,true,1,0.0647261714935
fp16,1,1,1,128,1,optimized_split,1,6,100,34.1284584999,836,0.0244956859098,256,2909,true,1,0.0341284584999
fp16,1,1,1,128,1,control_shuffle32_split,1,7,100,165.381717682,836,0.00505497228907,256,2909,true,1,0.165381717682
fp16,1,1,1,128,1,shuffle32_split,1,8,100,46.2086868286,836,0.0180918363489,256,2909,true,1,0.0462086868286
fp16,1,1,1,128,1,baseline_fused,1,9,100,75.7741689682,324,0.004275863456,256,2909,true,1,0.0757741689682
fp16,1,1,1,128,1,control_optimized_fused,1,10,100,59.2665147781,324,0.0054668306583,256,2909,true,1,0.0592665147781
fp16,1,1,1,128,1,optimized_fused,1,11,100,28.9465141296,324,0.011193057601,256,2909,true,1,0.0289465141296
fp16,1,1,1,128,1,control_shuffle32_fused,1,12,100,159.293489456,324,0.0020339814333,256,2909,true,1,0.159293489456
fp16,1,1,1,128,1,shuffle32_fused,1,13,100,40.3673171997,324,0.00802629509405,256,2909,true,1,0.0403673171997
fp16,1,1,1,128,1,baseline_transform,1,14,100,9.40800011158,512,0.054421768062,256,2909,true,1,0.00940800011158
fp16,1,1,1,128,1,optimized_transform,2,0,100,9.61531400681,512,0.0532483910185,256,2909,true,1,0.00961531400681
fp16,1,1,1,128,1,control_shuffle32_transform,2,1,100,9.26217138767,512,0.0552786143303,256,2909,true,1,0.00926217138767
fp16,1,1,1,128,1,shuffle32_transform,2,2,100,9.23977136612,512,0.0554126265372,256,2909,true,1,0.00923977136612
fp16,1,1,1,128,1,baseline_split,2,3,100,80.1999950409,836,0.0104239407942,256,2909,true,1,0.0801999950409
fp16,1,1,1,128,1,control_optimized_split,2,4,100,64.6946287155,836,0.0129222474354,256,2909,true,1,0.0646946287155
fp16,1,1,1,128,1,optimized_split,2,5,100,34.0939426422,836,0.0245204847316,256,2909,true,1,0.0340939426422
fp16,1,1,1,128,1,control_shuffle32_split,2,6,100,165.457839966,836,0.00505264664505,256,2909,true,1,0.165457839966
fp16,1,1,1,128,1,shuffle32_split,2,7,100,46.1860561371,836,0.0181007011622,256,2909,true,1,0.0461860561371
fp16,1,1,1,128,1,baseline_fused,2,8,100,75.7711982727,324,0.00427603109606,256,2909,true,1,0.0757711982727
fp16,1,1,1,128,1,control_optimized_fused,2,9,100,59.2562294006,324,0.00546777956136,256,2909,true,1,0.0592562294006
fp16,1,1,1,128,1,optimized_fused,2,10,100,28.951086998,324,0.0111912896404,256,2909,true,1,0.028951086998
fp16,1,1,1,128,1,control_shuffle32_fused,2,11,100,159.349479675,324,0.00203326675845,256,2909,true,1,0.159349479675
fp16,1,1,1,128,1,shuffle32_fused,2,12,100,40.3721141815,324,0.00802534141619,256,2909,true,1,0.0403721141815
fp16,1,1,1,128,1,baseline_transform,2,13,100,9.41485702991,512,0.0543821322377,256,2909,true,1,0.00941485702991
fp16,1,1,1,128,1,control_optimized_transform,2,14,100,9.58377122879,512,0.0534236458464,256,2909,true,1,0.00958377122879
fp16,1,1,1,128,1,control_shuffle32_transform,3,0,100,9.10971403122,512,0.0562037401224,256,2909,true,1,0.00910971403122
fp16,1,1,1,128,1,shuffle32_transform,3,1,100,9.20000016689,512,0.0556521729035,256,2909,true,1,0.00920000016689
fp16,1,1,1,128,1,baseline_split,3,2,100,80.2175998688,836,0.0104216531206,256,2909,true,1,0.0802175998688
fp16,1,1,1,128,1,control_optimized_split,3,3,100,64.7924566269,836,0.0129027365765,256,2909,true,1,0.0647924566269
fp16,1,1,1,128,1,optimized_split,3,4,100,34.1636562347,836,0.0244704487791,256,2909,true,1,0.0341636562347
fp16,1,1,1,128,1,control_shuffle32_split,3,5,100,164.733715057,836,0.00507485671472,256,2909,true,1,0.164733715057
fp16,1,1,1,128,1,shuffle32_split,3,6,100,46.1490249634,836,0.018115225634,256,2909,true,1,0.0461490249634
fp16,1,1,1,128,1,baseline_fused,3,7,100,75.7209157944,324,0.00427887059475,256,2909,true,1,0.0757209157944
fp16,1,1,1,128,1,control_optimized_fused,3,8,100,59.2683458328,324,0.00546666176434,256,2909,true,1,0.0592683458328
fp16,1,1,1,128,1,optimized_fused,3,9,100,28.953602314,324,0.011190317408,256,2909,true,1,0.028953602314
fp16,1,1,1,128,1,control_shuffle32_fused,3,10,100,159.306507111,324,0.00203381522749,256,2909,true,1,0.159306507111
fp16,1,1,1,128,1,shuffle32_fused,3,11,100,40.4253673553,324,0.0080147694677,256,2909,true,1,0.0404253673553
fp16,1,1,1,128,1,baseline_transform,3,12,100,9.43611443043,512,0.0542596217728,256,2909,true,1,0.00943611443043
fp16,1,1,1,128,1,control_optimized_transform,3,13,100,9.63817119598,512,0.0531221109886,256,2909,true,1,0.00963817119598
fp16,1,1,1,128,1,optimized_transform,3,14,100,9.71337139606,512,0.0527108435499,256,2909,true,1,0.00971337139606
fp16,1,1,1,128,1,shuffle32_transform,4,0,100,9.25919950008,512,0.0552963568822,256,2909,true,1,0.00925919950008
fp16,1,1,1,128,1,baseline_split,4,1,100,80.2112007141,836,0.0104224845478,256,2909,true,1,0.0802112007141
fp16,1,1,1,128,1,control_optimized_split,4,2,100,64.7369098663,836,0.0129138076211,256,2909,true,1,0.0647369098663
fp16,1,1,1,128,1,optimized_split,4,3,100,35.1250290871,836,0.0238006920344,256,2909,true,1,0.0351250290871
fp16,1,1,1,128,1,control_shuffle32_split,4,4,100,164.832668304,836,0.00507181014904,256,2909,true,1,0.164832668304
fp16,1,1,1,128,1,shuffle32_split,4,5,100,46.1600017548,836,0.0181109178557,256,2909,true,1,0.0461600017548
fp16,1,1,1,128,1,baseline_fused,4,6,100,75.728225708,324,0.00427845756283,256,2909,true,1,0.075728225708
fp16,1,1,1,128,1,control_optimized_fused,4,7,100,59.260802269,324,0.00546735763936,256,2909,true,1,0.059260802269
fp16,1,1,1,128,1,optimized_fused,4,8,100,28.9172554016,324,0.011204382833,256,2909,true,1,0.0289172554016
fp16,1,1,1,128,1,control_shuffle32_fused,4,9,100,159.348564148,324,0.00203327844046,256,2909,true,1,0.159348564148
fp16,1,1,1,128,1,shuffle32_fused,4,10,100,40.4217147827,324,0.00801549369545,256,2909,true,1,0.0404217147827
fp16,1,1,1,128,1,baseline_transform,4,11,100,9.33554291725,512,0.0548441589887,256,2909,true,1,0.00933554291725
fp16,1,1,1,128,1,control_optimized_transform,4,12,100,9.64845716953,512,0.053065478864,256,2909,true,1,0.00964845716953
fp16,1,1,1,128,1,optimized_transform,4,13,100,9.69828546047,512,0.0527928366397,256,2909,true,1,0.00969828546047
fp16,1,1,1,128,1,control_shuffle32_transform,4,14,100,9.18902873993,512,0.0557186199424,256,2909,true,1,0.00918902873993
fp16,1,17,1,128,17,baseline_transform,0,0,100,9.58880007267,8704,0.907725673081,4352,2909,true,1,0.00958880007267
fp16,1,17,1,128,17,control_optimized_transform,0,1,100,9.68982875347,8704,0.898261488562,4352,2909,true,1,0.00968982875347
fp16,1,17,1,128,17,optimized_transform,0,2,100,9.7931432724,8704,0.888785118107,4352,2909,true,1,0.0097931432724
fp16,1,17,1,128,17,control_shuffle32_transform,0,3,100,9.28982853889,8704,0.936938713514,4352,2909,true,1,0.00928982853889
fp16,1,17,1,128,17,shuffle32_transform,0,4,100,9.26125764847,8704,0.939829160399,4352,2909,true,1,0.00926125764847
fp16,1,17,1,128,17,baseline_split,0,5,100,80.3488063812,14212,0.176878794348,4352,2909,true,1,0.0803488063812
fp16,1,17,1,128,17,control_optimized_split,0,6,100,64.4400024414,14212,0.220546236213,4352,2909,true,1,0.0644400024414
fp16,1,17,1,128,17,optimized_split,0,7,100,34.7197699547,14212,0.409334509375,4352,2909,true,1,0.0347197699547
fp16,1,17,1,128,17,control_shuffle32_split,0,8,100,163.313827515,14212,0.0870226374354,4352,2909,true,1,0.163313827515
fp16,1,17,1,128,17,shuffle32_split,0,9,100,45.6198883057,14212,0.311530793429,4352,2909,true,1,0.0456198883057
fp16,1,17,1,128,17,baseline_fused,0,10,100,75.7264041901,5508,0.0727355281016,4352,2909,true,1,0.0757264041901
fp16,1,17,1,128,17,control_optimized_fused,0,11,100,59.3339395523,5508,0.0928305122087,4352,2909,true,1,0.0593339395523
fp16,1,17,1,128,17,optimized_fused,0,12,100,29.3835449219,5508,0.187451854929,4352,2909,true,1,0.0293835449219
fp16,1,17,1,128,17,control_shuffle32_fused,0,13,100,157.950630188,5508,0.0348716557411,4352,2909,true,1,0.157950630188
fp16,1,17,1,128,17,shuffle32_fused,0,14,100,39.93942976,5508,0.137908829272,4352,2909,true,1,0.03993942976
fp16,1,17,1,128,17,control_optimized_transform,1,0,100,9.75337147713,8704,0.892409360231,4352,2909,true,1,0.00975337147713
fp16,1,17,1,128,17,optimized_transform,1,1,100,9.85897123814,8704,0.882850734601,4352,2909,true,1,0.00985897123814
fp16,1,17,1,128,17,control_shuffle32_transform,1,2,100,9.21074271202,8704,0.94498351242,4352,2909,true,1,0.00921074271202
fp16,1,17,1,128,17,shuffle32_transform,1,3,100,9.29508566856,8704,0.936408798193,4352,2909,true,1,0.00929508566856
fp16,1,17,1,128,17,baseline_split,1,4,100,80.3199958801,14212,0.176942240152,4352,2909,true,1,0.0803199958801
fp16,1,17,1,128,17,control_optimized_split,1,5,100,64.4992017746,14212,0.220343812155,4352,2909,true,1,0.0644992017746
fp16,1,17,1,128,17,optimized_split,1,6,100,34.8736000061,14212,0.407528904315,4352,2909,true,1,0.0348736000061
fp16,1,17,1,128,17,control_shuffle32_split,1,7,100,163.448925018,14212,0.0869507095162,4352,2909,true,1,0.163448925018
fp16,1,17,1,128,17,shuffle32_split,1,8,100,45.6989717484,14212,0.310991680037,4352,2909,true,1,0.0456989717484
fp16,1,17,1,128,17,baseline_fused,1,9,100,75.738286972,5508,0.0727241164305,4352,2909,true,1,0.075738286972
fp16,1,17,1,128,17,control_optimized_fused,1,10,100,59.3398857117,5508,0.0928212101176,4352,2909,true,1,0.0593398857117
fp16,1,17,1,128,17,optimized_fused,1,11,100,29.3901729584,5508,0.187409581012,4352,2909,true,1,0.0293901729584
fp16,1,17,1,128,17,control_shuffle32_fused,1,12,100,157.991085052,5508,0.0348627265783,4352,2909,true,1,0.157991085052
fp16,1,17,1,128,17,shuffle32_fused,1,13,100,40.0390863419,5508,0.137565576621,4352,2909,true,1,0.0400390863419
fp16,1,17,1,128,17,baseline_transform,1,14,100,9.69599962234,8704,0.897689803942,4352,2909,true,1,0.00969599962234
fp16,1,17,1,128,17,optimized_transform,2,0,100,9.87542927265,8704,0.881379407385,4352,2909,true,1,0.00987542927265
fp16,1,17,1,128,17,control_shuffle32_transform,2,1,100,9.23291444778,8704,0.942714247947,4352,2909,true,1,0.00923291444778
fp16,1,17,1,128,17,shuffle32_transform,2,2,100,9.33485686779,8704,0.932419224341,4352,2909,true,1,0.00933485686779
fp16,1,17,1,128,17,baseline_split,2,3,100,80.3266239166,14212,0.176927640016,4352,2909,true,1,0.0803266239166
fp16,1,17,1,128,17,control_optimized_split,2,4,100,64.5247983932,14212,0.220256403025,4352,2909,true,1,0.0645247983932
fp16,1,17,1,128,17,optimized_split,2,5,100,34.7209143639,14212,0.409321017617,4352,2909,true,1,0.0347209143639
fp16,1,17,1,128,17,control_shuffle32_split,2,6,100,163.359775543,14212,0.0869981606717,4352,2909,true,1,0.163359775543
fp16,1,17,1,128,17,shuffle32_split,2,7,100,45.6779432297,14212,0.31113484967,4352,2909,true,1,0.0456779432297
fp16,1,17,1,128,17,baseline_fused,2,8,100,75.7229709625,5508,0.0727388258805,4352,2909,true,1,0.0757229709625
fp16,1,17,1,128,17,control_optimized_fused,2,9,100,59.3373680115,5508,0.0928251485461,4352,2909,true,1,0.0593373680115
fp16,1,17,1,128,17,optimized_fused,2,10,100,29.4406843185,5508,0.187088042533,4352,2909,true,1,0.0294406843185
fp16,1,17,1,128,17,control_shuffle32_fused,2,11,100,157.990627289,5508,0.03486282759,4352,2909,true,1,0.157990627289
fp16,1,17,1,128,17,shuffle32_fused,2,12,100,39.901714325,5508,0.138039181854,4352,2909,true,1,0.039901714325
fp16,1,17,1,128,17,baseline_transform,2,13,100,9.70011413097,8704,0.897309029819,4352,2909,true,1,0.00970011413097
fp16,1,17,1,128,17,control_optimized_transform,2,14,100,9.74605739117,8704,0.893079083229,4352,2909,true,1,0.00974605739117
fp16,1,17,1,128,17,control_shuffle32_transform,3,0,100,9.1867429018,8704,0.947452224694,4352,2909,true,1,0.0091867429018
fp16,1,17,1,128,17,shuffle32_transform,3,1,100,9.32365715504,8704,0.933539259892,4352,2909,true,1,0.00932365715504
fp16,1,17,1,128,17,baseline_split,3,2,100,80.3501701355,14212,0.176875792248,4352,2909,true,1,0.0803501701355
fp16,1,17,1,128,17,control_optimized_split,3,3,100,64.4813728333,14212,0.220404736679,4352,2909,true,1,0.0644813728333
fp16,1,17,1,128,17,optimized_split,3,4,100,34.750854969,14212,0.408968355244,4352,2909,true,1,0.034750854969
fp16,1,17,1,128,17,control_shuffle32_split,3,5,100,163.379898071,14212,0.0869874456269,4352,2909,true,1,0.163379898071
fp16,1,17,1,128,17,shuffle32_split,3,6,100,45.625371933,14212,0.311493351131,4352,2909,true,1,0.045625371933
fp16,1,17,1,128,17,baseline_fused,3,7,100,75.677485466,5508,0.0727825451134,4352,2909,true,1,0.075677485466
fp16,1,17,1,128,17,control_optimized_fused,3,8,100,59.3440008163,5508,0.0928147735952,4352,2909,true,1,0.0593440008163
fp16,1,17,1,128,17,optimized_fused,3,9,100,29.4045710564,5508,0.187317814956,4352,2909,true,1,0.0294045710564
fp16,1,17,1,128,17,control_shuffle32_fused,3,10,100,157.995891571,5508,0.0348616659916,4352,2909,true,1,0.157995891571
fp16,1,17,1,128,17,shuffle32_fused,3,11,100,39.8898267746,5508,0.138080318852,4352,2909,true,1,0.0398898267746
fp16,1,17,1,128,17,baseline_transform,3,12,100,9.7529143095,8704,0.892451191899,4352,2909,true,1,0.0097529143095
fp16,1,17,1,128,17,control_optimized_transform,3,13,100,9.80594336987,8704,0.887624950675,4352,2909,true,1,0.00980594336987
fp16,1,17,1,128,17,optimized_transform,3,14,100,9.7492569685,8704,0.892785986473,4352,2909,true,1,0.0097492569685
fp16,1,17,1,128,17,shuffle32_transform,4,0,100,9.40571427345,8704,0.925394897926,4352,2909,true,1,0.00940571427345
fp16,1,17,1,128,17,baseline_split,4,1,100,80.4317760468,14212,0.17669633444,4352,2909,true,1,0.0804317760468
fp16,1,17,1,128,17,control_optimized_split,4,2,100,64.5298290253,14212,0.220239232223,4352,2909,true,1,0.0645298290253
fp16,1,17,1,128,17,optimized_split,4,3,100,34.6943998337,14212,0.40963383336,4352,2909,true,1,0.0346943998337
fp16,1,17,1,128,17,control_shuffle32_split,4,4,100,163.405704498,14212,0.0869737078252,4352,2909,true,1,0.163405704498
fp16,1,17,1,128,17,shuffle32_split,4,5,100,45.7593154907,14212,0.310581568968,4352,2909,true,1,0.0457593154907
fp16,1,17,1,128,17,baseline_fused,4,6,100,75.7373714447,5508,0.072724995533,4352,2909,true,1,0.0757373714447
fp16,1,17,1,128,17,control_optimized_fused,4,7,100,59.3574857712,5508,0.0927936877454,4352,2909,true,1,0.0593574857712
fp16,1,17,1,128,17,optimized_fused,4,8,100,29.345600605,5508,0.187694233086,4352,2909,true,1,0.029345600605
fp16,1,17,1,128,17,control_shuffle32_fused,4,9,100,157.987661362,5508,0.0348634820753,4352,2909,true,1,0.157987661362
fp16,1,17,1,128,17,shuffle32_fused,4,10,100,39.9398851395,5508,0.137907256888,4352,2909,true,1,0.0399398851395
fp16,1,17,1,128,17,baseline_transform,4,11,100,9.5995426178,8704,0.906709865933,4352,2909,true,1,0.0095995426178
fp16,1,17,1,128,17,control_optimized_transform,4,12,100,9.81120049953,8704,0.887149335131,4352,2909,true,1,0.00981120049953
fp16,1,17,1,128,17,optimized_transform,4,13,100,9.82994318008,8704,0.885457814002,4352,2909,true,1,0.00982994318008
fp16,1,17,1,128,17,control_shuffle32_transform,4,14,100,9.29645717144,8704,0.93627065015,4352,2909,true,1,0.00929645717144
fp16,1,257,1,128,257,baseline_transform,0,0,100,9.89462852478,131584,13.2985285572,65792,2909,true,1,0.00989462852478
fp16,1,257,1,128,257,control_optimized_transform,0,1,100,10.0258278847,131584,13.1245021871,65792,2909,true,1,0.0100258278847
fp16,1,257,1,128,257,optimized_transform,0,2,100,9.95977222919,131584,13.2115471089,65792,2909,true,1,0.00995977222919
fp16,1,257,1,128,257,control_shuffle32_transform,0,3,100,10.5316579342,131584,12.4941391775,65792,2909,true,1,0.0105316579342
fp16,1,257,1,128,257,shuffle32_transform,0,4,100,10.6084573269,131584,12.403688486,65792,2909,true,1,0.0106084573269
fp16,1,257,1,128,257,baseline_split,0,5,100,81.7897129059,214852,2.62688292166,65792,2909,true,1,0.0817897129059
fp16,1,257,1,128,257,control_optimized_split,0,6,100,65.7449150085,214852,3.26796376529,65792,2909,true,1,0.0657449150085
fp16,1,257,1,128,257,optimized_split,0,7,100,35.321829319,214852,6.08269741806,65792,2909,true,1,0.035321829319
fp16,1,257,1,128,257,control_shuffle32_split,0,8,100,177.890758514,214852,1.20777493892,65792,2909,true,1,0.177890758514
fp16,1,257,1,128,257,shuffle32_split,0,9,100,51.5312004089,214852,4.16935755998,65792,2909,true,1,0.0515312004089
fp16,1,257,1,128,257,baseline_fused,0,10,100,76.6868543625,83268,1.08581843254,65792,2909,true,1,0.0766868543625
fp16,1,257,1,128,257,control_optimized_fused,0,11,100,60.2642297745,83268,1.38171516191,65792,2909,true,1,0.0602642297745
fp16,1,257,1,128,257,optimized_fused,0,12,100,29.6898269653,83268,2.80459701221,65792,2909,true,1,0.0296898269653
fp16,1,257,1,128,257,control_shuffle32_fused,0,13,100,170.371417999,83268,0.488743951174,65792,2909,true,1,0.170371417999
fp16,1,257,1,128,257,shuffle32_fused,0,14,100,44.9081134796,83268,1.85418610465,65792,2909,true,1,0.0449081134796
fp16,1,257,1,128,257,control_optimized_transform,1,0,100,10.0340569019,131584,13.1137386688,65792,2909,true,1,0.0100340569019
fp16,1,257,1,128,257,optimized_transform,1,1,100,10.1126861572,131584,13.0117753042,65792,2909,true,1,0.0101126861572
fp16,1,257,1,128,257,control_shuffle32_transform,1,2,100,10.4873132706,131584,12.5469695245,65792,2909,true,1,0.0104873132706
fp16,1,257,1,128,257,shuffle32_transform,1,3,100,10.6221711636,131584,12.3876746076,65792,2909,true,1,0.0106221711636
fp16,1,257,1,128,257,baseline_split,1,4,100,81.7378330231,214852,2.62855023254,65792,2909,true,1,0.0817378330231
fp16,1,257,1,128,257,control_optimized_split,1,5,100,65.747885704,214852,3.26781610845,65792,2909,true,1,0.065747885704
fp16,1,257,1,128,257,optimized_split,1,6,100,35.234515667,214852,6.09777077769,65792,2909,true,1,0.035234515667
fp16,1,257,1,128,257,control_shuffle32_split,1,7,100,177.394962311,214852,1.21115051522,65792,2909,true,1,0.177394962311
fp16,1,257,1,128,257,shuffle32_split,1,8,100,51.4898252487,214852,4.17270788864,65792,2909,true,1,0.0514898252487
fp16,1,257,1,128,257,baseline_fused,1,9,100,76.675658226,83268,1.08597698313,65792,2909,true,1,0.076675658226
fp16,1,257,1,128,257,control_optimized_fused,1,10,100,60.2834320068,83268,1.38127504072,65792,2909,true,1,0.0602834320068
fp16,1,257,1,128,257,optimized_fused,1,11,100,29.7124576569,83268,2.80246087219,65792,2909,true,1,0.0297124576569
fp16,1,257,1,128,257,control_shuffle32_fused,1,12,100,170.328445435,83268,0.488867257536,65792,2909,true,1,0.170328445435
fp16,1,257,1,128,257,shuffle32_fused,1,13,100,44.9094867706,83268,1.85412940534,65792,2909,true,1,0.0449094867706
fp16,1,257,1,128,257,baseline_transform,1,14,100,10.0975990295,131584,13.0312165907,65792,2909,true,1,0.0100975990295
fp16,1,257,1,128,257,optimized_transform,2,0,100,10.050971508,131584,13.0916697848,65792,2909,true,1,0.010050971508
fp16,1,257,1,128,257,control_shuffle32_transform,2,1,100,10.5812573433,131584,12.4355731773,65792,2909,true,1,0.0105812573433
fp16,1,257,1,128,257,shuffle32_transform,2,2,100,10.5010282993,131584,12.5305823629,65792,2909,true,1,0.0105010282993
fp16,1,257,1,128,257,baseline_split,2,3,100,81.6795444489,214852,2.630426032,65792,2909,true,1,0.0816795444489
fp16,1,257,1,128,257,control_optimized_split,2,4,100,65.7741737366,214852,3.26651005698,65792,2909,true,1,0.0657741737366
fp16,1,257,1,128,257,optimized_split,2,5,100,35.2146291733,214852,6.10121432609,65792,2909,true,1,0.0352146291733
fp16,1,257,1,128,257,control_shuffle32_split,2,6,100,177.295074463,214852,1.21183287607,65792,2909,true,1,0.177295074463
fp16,1,257,1,128,257,shuffle32_split,2,7,100,51.4969158173,214852,4.17213335188,65792,2909,true,1,0.0514969158173
fp16,1,257,1,128,257,baseline_fused,2,8,100,76.6304016113,83268,1.08661834271,65792,2909,true,1,0.0766304016113
fp16,1,257,1,128,257,control_optimized_fused,2,9,100,60.2367973328,83268,1.38234440885,65792,2909,true,1,0.0602367973328
fp16,1,257,1,128,257,optimized_fused,2,10,100,29.6799993515,83268,2.80552566777,65792,2909,true,1,0.0296799993515
fp16,1,257,1,128,257,control_shuffle32_fused,2,11,100,170.358409882,83268,0.488781270369,65792,2909,true,1,0.170358409882
fp16,1,257,1,128,257,shuffle32_fused,2,12,100,44.9099445343,83268,1.85411050634,65792,2909,true,1,0.0449099445343
fp16,1,257,1,128,257,baseline_transform,2,13,100,9.99657094479,131584,13.1629136358,65792,2909,true,1,0.00999657094479
fp16,1,257,1,128,257,control_optimized_transform,2,14,100,10.0438857079,131584,13.1009057478,65792,2909,true,1,0.0100438857079
fp16,1,257,1,128,257,control_shuffle32_transform,3,0,100,10.6063997746,131584,12.4060946973,65792,2909,true,1,0.0106063997746
fp16,1,257,1,128,257,shuffle32_transform,3,1,100,10.6395435333,131584,12.3674478692,65792,2909,true,1,0.0106395435333
fp16,1,257,1,128,257,baseline_split,3,2,100,81.7812633514,214852,2.62715432845,65792,2909,true,1,0.0817812633514
fp16,1,257,1,128,257,control_optimized_split,3,3,100,65.7341718674,214852,3.26849785882,65792,2909,true,1,0.0657341718674
fp16,1,257,1,128,257,optimized_split,3,4,100,35.1792001724,214852,6.10735886396,65792,2909,true,1,0.0351792001724
fp16,1,257,1,128,257,control_shuffle32_split,3,5,100,177.274742126,214852,1.21197186595,65792,2909,true,1,0.177274742126
fp16,1,257,1,128,257,shuffle32_split,3,6,100,51.5602302551,214852,4.16701009551,65792,2909,true,1,0.0515602302551
fp16,1,257,1,128,257,baseline_fused,3,7,100,76.6820573807,83268,1.08588635783,65792,2909,true,1,0.0766820573807
fp16,1,257,1,128,257,control_optimized_fused,3,8,100,60.2619457245,83268,1.38176753171,65792,2909,true,1,0.0602619457245
fp16,1,257,1,128,257,optimized_fused,3,9,100,29.6765708923,83268,2.80584978305,65792,2909,true,1,0.0296765708923
fp16,1,257,1,128,257,control_shuffle32_fused,3,10,100,170.365028381,83268,0.488762281738,65792,2909,true,1,0.170365028381
fp16,1,257,1,128,257,shuffle32_fused,3,11,100,44.9110841751,83268,1.85406345737,65792,2909,true,1,0.0449110841751
fp16,1,257,1,128,257,baseline_transform,3,12,100,9.96959984303,131584,13.1985237193,65792,2909,true,1,0.00996959984303
fp16,1,257,1,128,257,control_optimized_transform,3,13,100,10.0244569778,131584,13.1262970444,65792,2909,true,1,0.0100244569778
fp16,1,257,1,128,257,optimized_transform,3,14,100,10.0052571297,131584,13.1514860932,65792,2909,true,1,0.0100052571297
fp16,1,257,1,128,257,shuffle32_transform,4,0,100,10.5510866642,131584,12.4711325182,65792,2909,true,1,0.0105510866642
fp16,1,257,1,128,257,baseline_split,4,1,100,81.7088031769,214852,2.62948411489,65792,2909,true,1,0.0817088031769
fp16,1,257,1,128,257,control_optimized_split,4,2,100,65.703086853,214852,3.27004422913,65792,2909,true,1,0.065703086853
fp16,1,257,1,128,257,optimized_split,4,3,100,35.2761149406,214852,6.09057999617,65792,2909,true,1,0.0352761149406
fp16,1,257,1,128,257,control_shuffle32_split,4,4,100,177.282276154,214852,1.21192036035,65792,2909,true,1,0.177282276154
fp16,1,257,1,128,257,shuffle32_split,4,5,100,51.5268564224,214852,4.16970905888,65792,2909,true,1,0.0515268564224
fp16,1,257,1,128,257,baseline_fused,4,6,100,76.6832017899,83268,1.08587015222,65792,2909,true,1,0.0766832017899
fp16,1,257,1,128,257,control_optimized_fused,4,7,100,60.2617168427,83268,1.38177277985,65792,2909,true,1,0.0602617168427
fp16,1,257,1,128,257,optimized_fused,4,8,100,29.6715426445,83268,2.80632527259,65792,2909,true,1,0.0296715426445
fp16,1,257,1,128,257,control_shuffle32_fused,4,9,100,170.361824036,83268,0.488771474897,65792,2909,true,1,0.170361824036
fp16,1,257,1,128,257,shuffle32_fused,4,10,100,44.9156570435,83268,1.85387469495,65792,2909,true,1,0.0449156570435
fp16,1,257,1,128,257,baseline_transform,4,11,100,9.93417084217,131584,13.245594634,65792,2909,true,1,0.00993417084217
fp16,1,257,1,128,257,control_optimized_transform,4,12,100,9.95222806931,131584,13.2215619541,65792,2909,true,1,0.00995222806931
fp16,1,257,1,128,257,optimized_transform,4,13,100,9.96868610382,131584,13.1997335085,65792,2909,true,1,0.00996868610382
fp16,1,257,1,128,257,control_shuffle32_transform,4,14,100,10.5104005337,131584,12.5194087112,65792,2909,true,1,0.0105104005337
fp16,4,64,16,128,4096,baseline_transform,0,0,100,25.8450269699,2097152,81.1433473233,1048576,2909,true,1,0.0258450269699
fp16,4,64,16,128,4096,control_optimized_transform,0,1,100,27.756114006,2097152,75.5563981162,1048576,2909,true,1,0.027756114006
fp16,4,64,16,128,4096,optimized_transform,0,2,100,27.8436589241,2097152,75.3188367131,1048576,2909,true,1,0.0278436589241
fp16,4,64,16,128,4096,control_shuffle32_transform,0,3,100,15.6724572182,2097152,133.811308004,1048576,2909,true,1,0.0156724572182
fp16,4,64,16,128,4096,shuffle32_transform,0,4,100,15.9638857841,2097152,131.368516936,1048576,2909,true,1,0.0159638857841
fp16,4,64,16,128,4096,baseline_split,0,5,100,526.315193176,3424256,6.50609377118,1048576,2909,true,1,0.526315193176
fp16,4,64,16,128,4096,control_optimized_split,0,6,100,403.751754761,3424256,8.48109255161,1048576,2909,true,1,0.403751754761
fp16,4,64,16,128,4096,optimized_split,0,7,100,168.871765137,3424256,20.2772559239,1048576,2909,true,1,0.168871765137
fp16,4,64,16,128,4096,control_shuffle32_split,0,8,100,455.617828369,3424256,7.51563215219,1048576,2909,true,1,0.455617828369
fp16,4,64,16,128,4096,shuffle32_split,0,9,100,105.843887329,3424256,32.3519485764,1048576,2909,true,1,0.105843887329
fp16,4,64,16,128,4096,baseline_fused,0,10,100,529.039993286,1327104,2.50851356578,1048576,2909,true,1,0.529039993286
fp16,4,64,16,128,4096,control_optimized_fused,0,11,100,392.894630432,1327104,3.37776059332,1048576,2909,true,1,0.392894630432
fp16,4,64,16,128,4096,optimized_fused,0,12,100,153.549947739,1327104,8.64281635744,1048576,2909,true,1,0.153549947739
fp16,4,64,16,128,4096,control_shuffle32_fused,0,13,100,442.181282043,1327104,3.00126679688,1048576,2909,true,1,0.442181282043
fp16,4,64,16,128,4096,shuffle32_fused,0,14,100,92.9135990143,1327104,14.2832051936,1048576,2909,true,1,0.0929135990143
fp16,4,64,16,128,4096,control_optimized_transform,1,0,100,27.7862858772,2097152,75.4743548406,1048576,2909,true,1,0.0277862858772
fp16,4,64,16,128,4096,optimized_transform,1,1,100,27.8672003746,2097152,75.255209415,1048576,2909,true,1,0.0278672003746
fp16,4,64,16,128,4096,control_shuffle32_transform,1,2,100,15.8386278152,2097152,132.407429764,1048576,2909,true,1,0.0158386278152
fp16,4,64,16,128,4096,shuffle32_transform,1,3,100,15.7469713688,2097152,133.178117295,1048576,2909,true,1,0.0157469713688
fp16,4,64,16,128,4096,baseline_split,1,4,100,525.186271667,3424256,6.5200790362,1048576,2909,true,1,0.525186271667
fp16,4,64,16,128,4096,control_optimized_split,1,5,100,403.101463318,3424256,8.49477442184,1048576,2909,true,1,0.403101463318
fp16,4,64,16,128,4096,optimized_split,1,6,100,168.776016235,3424256,20.2887594836,1048576,2909,true,1,0.168776016235
fp16,4,64,16,128,4096,control_shuffle32_split,1,7,100,453.146057129,3424256,7.5566275953,1048576,2909,true,1,0.453146057129
fp16,4,64,16,128,4096,shuffle32_split,1,8,100,105.780563354,3424256,32.3713155934,1048576,2909,true,1,0.105780563354
fp16,4,64,16,128,4096,baseline_fused,1,9,100,528.998184204,1327104,2.50871182478,1048576,2909,true,1,0.528998184204
fp16,4,64,16,128,4096,control_optimized_fused,1,10,100,394.618530273,1327104,3.36300477091,1048576,2909,true,1,0.394618530273
fp16,4,64,16,128,4096,optimized_fused,1,11,100,153.887996674,1327104,8.62383050456,1048576,2909,true,1,0.153887996674
fp16,4,64,16,128,4096,control_shuffle32_fused,1,12,100,442.458724976,1327104,2.99938485804,1048576,2909,true,1,0.442458724976
fp16,4,64,16,128,4096,shuffle32_fused,1,13,100,92.8921127319,1327104,14.2865089508,1048576,2909,true,1,0.0928921127319
fp16,4,64,16,128,4096,baseline_transform,1,14,100,25.9055995941,2097152,80.9536174749,1048576,2909,true,1,0.0259055995941
fp16,4,64,16,128,4096,optimized_transform,2,0,100,27.8306293488,2097152,75.3540990295,1048576,2909,true,1,0.0278306293488
fp16,4,64,16,128,4096,control_shuffle32_transform,2,1,100,15.7714283466,2097152,132.971596098,1048576,2909,true,1,0.0157714283466
fp16,4,64,16,128,4096,shuffle32_transform,2,2,100,15.728456974,2097152,133.334884882,1048576,2909,true,1,0.015728456974
fp16,4,64,16,128,4096,baseline_split,2,3,100,525.949707031,3424256,6.51061490143,1048576,2909,true,1,0.525949707031
fp16,4,64,16,128,4096,control_optimized_split,2,4,100,402.319984436,3424256,8.51127493654,1048576,2909,true,1,0.402319984436
fp16,4,64,16,128,4096,optimized_split,2,5,100,168.645019531,3424256,20.3045189803,1048576,2909,true,1,0.168645019531
fp16,4,64,16,128,4096,control_shuffle32_split,2,6,100,454.620361328,3424256,7.53212194455,1048576,2909,true,1,0.454620361328
fp16,4,64,16,128,4096,shuffle32_split,2,7,100,105.927085876,3424256,32.3265383133,1048576,2909,true,1,0.105927085876
fp16,4,64,16,128,4096,baseline_fused,2,8,100,528.942642212,1327104,2.50897525382,1048576,2909,true,1,0.528942642212
fp16,4,64,16,128,4096,control_optimized_fused,2,9,100,392.323226929,1327104,3.3826801701,1048576,2909,true,1,0.392323226929
fp16,4,64,16,128,4096,optimized_fused,2,10,100,153.514976501,1327104,8.6447852206,1048576,2909,true,1,0.153514976501
fp16,4,64,16,128,4096,control_shuffle32_fused,2,11,100,439.834060669,1327104,3.01728337724,1048576,2909,true,1,0.439834060669
fp16,4,64,16,128,4096,shuffle32_fused,2,12,100,92.9145145416,1327104,14.283064455,1048576,2909,true,1,0.0929145145416
fp16,4,64,16,128,4096,baseline_transform,2,13,100,25.8173727989,2097152,81.2302636807,1048576,2909,true,1,0.0258173727989
fp16,4,64,16,128,4096,control_optimized_transform,2,14,100,27.7606868744,2097152,75.5439521179,1048576,2909,true,1,0.0277606868744
fp16,4,64,16,128,4096,control_shuffle32_transform,3,0,100,15.7583999634,2097152,133.081531429,1048576,2909,true,1,0.0157583999634
fp16,4,64,16,128,4096,shuffle32_transform,3,1,100,15.7099425793,2097152,133.492021974,1048576,2909,true,1,0.0157099425793
fp16,4,64,16,128,4096,baseline_split,3,2,100,526.333694458,3424256,6.50586507392,1048576,2909,true,1,0.526333694458
fp16,4,64,16,128,4096,control_optimized_split,3,3,100,404.876098633,3424256,8.45754049588,1048576,2909,true,1,0.404876098633
fp16,4,64,16,128,4096,optimized_split,3,4,100,169.062862396,3424256,20.2543358811,1048576,2909,true,1,0.169062862396
fp16,4,64,16,128,4096,control_shuffle32_split,3,5,100,455.95703125,3424256,7.51004100236,1048576,2909,true,1,0.45595703125
fp16,4,64,16,128,4096,shuffle32_split,3,6,100,105.362062454,3424256,32.4998953156,1048576,2909,true,1,0.105362062454
fp16,4,64,16,128,4096,baseline_fused,3,7,100,528.957023621,1327104,2.50890703921,1048576,2909,true,1,0.528957023621
fp16,4,64,16,128,4096,control_optimized_fused,3,8,100,392.365264893,1327104,3.38231775018,1048576,2909,true,1,0.392365264893
fp16,4,64,16,128,4096,optimized_fused,3,9,100,152.939424515,1327104,8.67731786105,1048576,2909,true,1,0.152939424515
fp16,4,64,16,128,4096,control_shuffle32_fused,3,10,100,442.117271423,1327104,3.00170132627,1048576,2909,true,1,0.442117271423
fp16,4,64,16,128,4096,shuffle32_fused,3,11,100,92.9135990143,1327104,14.2832051936,1048576,2909,true,1,0.0929135990143
fp16,4,64,16,128,4096,baseline_transform,3,12,100,25.8777141571,2097152,81.04085188,1048576,2909,true,1,0.0258777141571
fp16,4,64,16,128,4096,control_optimized_transform,3,13,100,27.7021718025,2097152,75.7035229927,1048576,2909,true,1,0.0277021718025
fp16,4,64,16,128,4096,optimized_transform,3,14,100,27.8041148186,2097152,75.4259581247,1048576,2909,true,1,0.0278041148186
fp16,4,64,16,128,4096,shuffle32_transform,4,0,100,15.8395433426,2097152,132.3997766,1048576,2909,true,1,0.0158395433426
fp16,4,64,16,128,4096,baseline_split,4,1,100,524.728012085,3424256,6.52577320276,1048576,2909,true,1,0.524728012085
fp16,4,64,16,128,4096,control_optimized_split,4,2,100,402.603187561,3424256,8.50528785116,1048576,2909,true,1,0.402603187561
fp16,4,64,16,128,4096,optimized_split,4,3,100,169.15725708,3424256,20.2430333709,1048576,2909,true,1,0.16915725708
fp16,4,64,16,128,4096,control_shuffle32_split,4,4,100,454.522285461,3424256,7.53374721005,1048576,2909,true,1,0.454522285461
fp16,4,64,16,128,4096,shuffle32_split,4,5,100,105.810747147,3424256,32.3620812851,1048576,2909,true,1,0.105810747147
fp16,4,64,16,128,4096,baseline_fused,4,6,100,528.908576965,1327104,2.50913684859,1048576,2909,true,1,0.528908576965
fp16,4,64,16,128,4096,control_optimized_fused,4,7,100,394.11151886,1327104,3.36733116515,1048576,2909,true,1,0.39411151886
fp16,4,64,16,128,4096,optimized_fused,4,8,100,154.181251526,1327104,8.60742786082,1048576,2909,true,1,0.154181251526
fp16,4,64,16,128,4096,control_shuffle32_fused,4,9,100,441.340370178,1327104,3.00698528771,1048576,2909,true,1,0.441340370178
fp16,4,64,16,128,4096,shuffle32_fused,4,10,100,92.944688797,1327104,14.2784274946,1048576,2909,true,1,0.092944688797
fp16,4,64,16,128,4096,baseline_transform,4,11,100,25.8157706261,2097152,81.235304976,1048576,2909,true,1,0.0258157706261
fp16,4,64,16,128,4096,control_optimized_transform,4,12,100,27.7222847939,2097152,75.6485987932,1048576,2909,true,1,0.0277222847939
fp16,4,64,16,128,4096,optimized_transform,4,13,100,27.7707433701,2097152,75.5165957229,1048576,2909,true,1,0.0277707433701
fp16,4,64,16,128,4096,control_shuffle32_transform,4,14,100,15.6607997417,2097152,133.910913528,1048576,2909,true,1,0.0156607997417
fp16,16,64,16,128,16384,baseline_transform,0,0,100,78.8420534134,8388608,106.397634724,4194304,2909,true,1,0.0788420534134
fp16,16,64,16,128,16384,control_optimized_transform,0,1,100,87.0630931854,8388608,96.3509070616,4194304,2909,true,1,0.0870630931854
fp16,16,64,16,128,16384,optimized_transform,0,2,100,87.1940612793,8388608,96.2061851108,4194304,2909,true,1,0.0871940612793
fp16,16,64,16,128,16384,control_shuffle32_transform,0,3,100,26.7355418205,8388608,313.762408718,4194304,2909,true,1,0.0267355418205
fp16,16,64,16,128,16384,shuffle32_transform,0,4,100,26.716799736,8388608,313.982515978,4194304,2909,true,1,0.026716799736
fp16,16,64,16,128,16384,baseline_split,0,5,100,1884.15924072,13697024,7.26956814688,4194304,2909,true,1,1.88415924072
fp16,16,64,16,128,16384,control_optimized_split,0,6,100,1453.91494751,13697024,9.42078766262,4194304,2909,true,1,1.45391494751
fp16,16,64,16,128,16384,optimized_split,0,7,100,601.828079224,13697024,22.7590311467,4194304,2909,true,1,0.601828079224
fp16,16,64,16,128,16384,control_shuffle32_split,0,8,100,1601.22421265,13697024,8.55409498047,4194304,2909,true,1,1.60122421265
fp16,16,64,16,128,16384,shuffle32_split,0,9,100,288.731651306,13697024,47.4385954503,4194304,2909,true,1,0.288731651306
fp16,16,64,16,128,16384,baseline_fused,0,10,100,1865.20965576,5308416,2.84601571925,4194304,2909,true,1,1.86520965576
fp16,16,64,16,128,16384,control_optimized_fused,0,11,100,1421.51611328,5308416,3.7343340328,4194304,2909,true,1,1.42151611328
fp16,16,64,16,128,16384,optimized_fused,0,12,100,566.117515564,5308416,9.3768799835,4194304,2909,true,1,0.566117515564
fp16,16,64,16,128,16384,control_shuffle32_fused,0,13,100,1574.12582397,5308416,3.37229458989,4194304,2909,true,1,1.57412582397
fp16,16,64,16,128,16384,shuffle32_fused,0,14,100,265.220565796,5308416,20.0150994478,4194304,2909,true,1,0.265220565796
fp16,16,64,16,128,16384,control_optimized_transform,1,0,100,87.0571517944,8388608,96.3574827236,4194304,2909,true,1,0.0870571517944
fp16,16,64,16,128,16384,optimized_transform,1,1,100,87.1263980865,8388608,96.2808997529,4194304,2909,true,1,0.0871263980865
fp16,16,64,16,128,16384,control_shuffle32_transform,1,2,100,26.7405724525,8388608,313.70338144,4194304,2909,true,1,0.0267405724525
fp16,16,64,16,128,16384,shuffle32_transform,1,3,100,26.7330288887,8388608,313.791902703,4194304,2909,true,1,0.0267330288887
fp16,16,64,16,128,16384,baseline_split,1,4,100,1884.38018799,13697024,7.26871577578,4194304,2909,true,1,1.88438018799
fp16,16,64,16,128,16384,control_optimized_split,1,5,100,1453.88244629,13697024,9.42099826225,4194304,2909,true,1,1.45388244629
fp16,16,64,16,128,16384,optimized_split,1,6,100,601.815986633,13697024,22.7594884553,4194304,2909,true,1,0.601815986633
fp16,16,64,16,128,16384,control_shuffle32_split,1,7,100,1601.42074585,13697024,8.55304518534,4194304,2909,true,1,1.60142074585
fp16,16,64,16,128,16384,shuffle32_split,1,8,100,288.733711243,13697024,47.4382570052,4194304,2909,true,1,0.288733711243
fp16,16,64,16,128,16384,baseline_fused,1,9,100,1865.20492554,5308416,2.84602293685,4194304,2909,true,1,1.86520492554
fp16,16,64,16,128,16384,control_optimized_fused,1,10,100,1421.34918213,5308416,3.73477261376,4194304,2909,true,1,1.42134918213
fp16,16,64,16,128,16384,optimized_fused,1,11,100,566.189460754,5308416,9.37568847171,4194304,2909,true,1,0.566189460754
fp16,16,64,16,128,16384,control_shuffle32_fused,1,12,100,1574.36035156,5308416,3.37179222961,4194304,2909,true,1,1.57436035156
fp16,16,64,16,128,16384,shuffle32_fused,1,13,100,265.238170624,5308416,20.0137709724,4194304,2909,true,1,0.265238170624
fp16,16,64,16,128,16384,baseline_transform,1,14,100,78.8550806046,8388608,106.380057387,4194304,2909,true,1,0.0788550806046
fp16,16,64,16,128,16384,optimized_transform,2,0,100,87.1940612793,8388608,96.2061851108,4194304,2909,true,1,0.0871940612793
fp16,16,64,16,128,16384,control_shuffle32_transform,2,1,100,26.7026305199,8388608,314.149124513,4194304,2909,true,1,0.0267026305199
fp16,16,64,16,128,16384,shuffle32_transform,2,2,100,26.6662859917,8388608,314.577290689,4194304,2909,true,1,0.0266662859917
fp16,16,64,16,128,16384,baseline_split,2,3,100,1884.2678833,13697024,7.2691490002,4194304,2909,true,1,1.8842678833
fp16,16,64,16,128,16384,control_optimized_split,2,4,100,1453.53530884,13697024,9.42324821194,4194304,2909,true,1,1.45353530884
fp16,16,64,16,128,16384,optimized_split,2,5,100,601.761360168,13697024,22.7615545075,4194304,2909,true,1,0.601761360168
fp16,16,64,16,128,16384,control_shuffle32_split,2,6,100,1601.63864136,13697024,8.55188158322,4194304,2909,true,1,1.60163864136
fp16,16,64,16,128,16384,shuffle32_split,2,7,100,288.859882355,13697024,47.4175364483,4194304,2909,true,1,0.288859882355
fp16,16,64,16,128,16384,baseline_fused,2,8,100,1865.07659912,5308416,2.84621875718,4194304,2909,true,1,1.86507659912
fp16,16,64,16,128,16384,control_optimized_fused,2,9,100,1421.15905762,5308416,3.73527225651,4194304,2909,true,1,1.42115905762
fp16,16,64,16,128,16384,optimized_fused,2,10,100,566.239089966,5308416,9.37486671985,4194304,2909,true,1,0.566239089966
fp16,16,64,16,128,16384,control_shuffle32_fused,2,11,100,1574.43099976,5308416,3.37164092985,4194304,2909,true,1,1.57443099976
fp16,16,64,16,128,16384,shuffle32_fused,2,12,100,265.22195816,5308416,20.0149943723,4194304,2909,true,1,0.26522195816
fp16,16,64,16,128,16384,baseline_transform,2,13,100,78.8464021683,8388608,106.391766388,4194304,2909,true,1,0.0788464021683
fp16,16,64,16,128,16384,control_optimized_transform,2,14,100,87.0847988129,8388608,96.3268918842,4194304,2909,true,1,0.0870847988129
fp16,16,64,16,128,16384,control_shuffle32_transform,3,0,100,26.7460560799,8388608,313.639064203,4194304,2909,true,1,0.0267460560799
fp16,16,64,16,128,16384,shuffle32_transform,3,1,100,26.7261719704,8388608,313.87240976,4194304,2909,true,1,0.0267261719704
fp16,16,64,16,128,16384,baseline_split,3,2,100,1884.30221558,13697024,7.26901655519,4194304,2909,true,1,1.88430221558
fp16,16,64,16,128,16384,control_optimized_split,3,3,100,1453.66989136,13697024,9.42237579621,4194304,2909,true,1,1.45366989136
fp16,16,64,16,128,16384,optimized_split,3,4,100,601.850318909,13697024,22.7581901507,4194304,2909,true,1,0.601850318909
fp16,16,64,16,128,16384,control_shuffle32_split,3,5,100,1602.64068604,13697024,8.54653455347,4194304,2909,true,1,1.60264068604
fp16,16,64,16,128,16384,shuffle32_split,3,6,100,288.709945679,13697024,47.4421619519,4194304,2909,true,1,0.288709945679
fp16,16,64,16,128,16384,baseline_fused,3,7,100,1865.23025513,5308416,2.84598428822,4194304,2909,true,1,1.86523025513
fp16,16,64,16,128,16384,control_optimized_fused,3,8,100,1421.64230347,5308416,3.73400255961,4194304,2909,true,1,1.42164230347
fp16,16,64,16,128,16384,optimized_fused,3,9,100,566.145133972,5308416,9.37642254868,4194304,2909,true,1,0.566145133972
fp16,16,64,16,128,16384,control_shuffle32_fused,3,10,100,1574.00436401,5308416,3.37255481711,4194304,2909,true,1,1.57400436401
fp16,16,64,16,128,16384,shuffle32_fused,3,11,100,265.229034424,5308416,20.0144603758,4194304,2909,true,1,0.265229034424
fp16,16,64,16,128,16384,baseline_transform,3,12,100,78.8665103912,8388608,106.36464018,4194304,2909,true,1,0.0788665103912
fp16,16,64,16,128,16384,control_optimized_transform,3,13,100,87.1311950684,8388608,96.2755990368,4194304,2909,true,1,0.0871311950684
fp16,16,64,16,128,16384,optimized_transform,3,14,100,87.2233104706,8388608,96.1739236305,4194304,2909,true,1,0.0872233104706
fp16,16,64,16,128,16384,shuffle32_transform,4,0,100,26.6923427582,8388608,314.270203856,4194304,2909,true,1,0.0266923427582
fp16,16,64,16,128,16384,baseline_split,4,1,100,1884.2616272,13697024,7.26917313514,4194304,2909,true,1,1.8842616272
fp16,16,64,16,128,16384,control_optimized_split,4,2,100,1453.92044067,13697024,9.42075206925,4194304,2909,true,1,1.45392044067
fp16,16,64,16,128,16384,optimized_split,4,3,100,601.75037384,13697024,22.7619700717,4194304,2909,true,1,0.60175037384
fp16,16,64,16,128,16384,control_shuffle32_split,4,4,100,1601.26754761,13697024,8.55386348176,4194304,2909,true,1,1.60126754761
fp16,16,64,16,128,16384,shuffle32_split,4,5,100,288.635196686,13697024,47.4544482353,4194304,2909,true,1,0.288635196686
fp16,16,64,16,128,16384,baseline_fused,4,6,100,1865.20187378,5308416,2.84602759338,4194304,2909,true,1,1.86520187378
fp16,16,64,16,128,16384,control_optimized_fused,4,7,100,1421.59301758,5308416,3.73413201554,4194304,2909,true,1,1.42159301758
fp16,16,64,16,128,16384,optimized_fused,4,8,100,566.07749939,5308416,9.37754283773,4194304,2909,true,1,0.56607749939
fp16,16,64,16,128,16384,control_shuffle32_fused,4,9,100,1574.28634644,5308416,3.37195073312,4194304,2909,true,1,1.57428634644
fp16,16,64,16,128,16384,shuffle32_fused,4,10,100,265.228347778,5308416,20.014512191,4194304,2909,true,1,0.265228347778
fp16,16,64,16,128,16384,baseline_transform,4,11,100,78.8029766083,8388608,106.450395163,4194304,2909,true,1,0.0788029766083
fp16,16,64,16,128,16384,control_optimized_transform,4,12,100,87.1195411682,8388608,96.2884777343,4194304,2909,true,1,0.0871195411682
fp16,16,64,16,128,16384,optimized_transform,4,13,100,87.1664047241,8388608,96.2367098488,4194304,2909,true,1,0.0871664047241
fp16,16,64,16,128,16384,control_shuffle32_transform,4,14,100,26.7485713959,8388608,313.609570988,4194304,2909,true,1,0.0267485713959
fp16,1,1,1,256,1,baseline_transform,0,0,100,9.8859423399,1024,0.103581425502,512,2909,true,1,0.0098859423399
fp16,1,1,1,256,1,control_optimized_transform,0,1,100,10.5714285374,1024,0.096864865177,512,2909,true,1,0.0105714285374
fp16,1,1,1,256,1,optimized_transform,0,2,100,10.6315433979,1024,0.0963171537448,512,2909,true,1,0.0106315433979
fp16,1,1,1,256,1,control_shuffle32_transform,0,3,100,11.4877724648,1024,0.0891382557534,512,2909,true,1,0.0114877724648
fp16,1,1,1,256,1,shuffle32_transform,0,4,100,11.5364563465,1024,0.0887620920361,512,2909,true,1,0.0115364563465
fp16,1,1,1,256,1,baseline_split,0,5,100,100.666742325,1668,0.0165695239707,512,2909,true,1,0.100666742325
fp16,1,1,1,256,1,control_optimized_split,0,6,100,66.9250249863,1668,0.0249234124357,512,2909,true,1,0.0669250249863
fp16,1,1,1,256,1,optimized_split,0,7,100,35.4873132706,1668,0.0470027129775,512,2909,true,1,0.0354873132706
fp16,1,1,1,256,1,control_shuffle32_split,0,8,100,303.295783997,1668,0.00549958188677,512,2909,true,1,0.303295783997
fp16,1,1,1,256,1,shuffle32_split,0,9,100,67.7830886841,1668,0.0246079078481,512,2909,true,1,0.0677830886841
fp16,1,1,1,256,1,baseline_fused,0,10,100,96.1403465271,644,0.00669854044908,512,2909,true,1,0.0961403465271
fp16,1,1,1,256,1,control_optimized_fused,0,11,100,61.299200058,644,0.0105058467222,512,2909,true,1,0.061299200058
fp16,1,1,1,256,1,optimized_fused,0,12,100,29.7444558144,644,0.0216510937036,512,2909,true,1,0.0297444558144
fp16,1,1,1,256,1,control_shuffle32_fused,0,13,100,299.446392059,644,0.00215063536271,512,2909,true,1,0.299446392059
fp16,1,1,1,256,1,shuffle32_fused,0,14,100,61.6290283203,644,0.0104496211859,512,2909,true,1,0.0616290283203
fp16,1,1,1,256,1,control_optimized_transform,1,0,100,10.6178283691,1024,0.0964415664295,512,2909,true,1,0.0106178283691
fp16,1,1,1,256,1,optimized_transform,1,1,100,10.6822860241,1024,0.0958596313271,512,2909,true,1,0.0106822860241
fp16,1,1,1,256,1,control_shuffle32_transform,1,2,100,11.5101718903,1024,0.088964787821,512,2909,true,1,0.0115101718903
fp16,1,1,1,256,1,shuffle32_transform,1,3,100,11.6057145596,1024,0.0882323957517,512,2909,true,1,0.0116057145596
fp16,1,1,1,256,1,baseline_split,1,4,100,100.654859543,1668,0.0165714800813,512,2909,true,1,0.100654859543
fp16,1,1,1,256,1,control_optimized_split,1,5,100,66.9280004501,1668,0.0249223043985,512,2909,true,1,0.0669280004501
fp16,1,1,1,256,1,optimized_split,1,6,100,35.4843425751,1668,0.0470066479736,512,2909,true,1,0.0354843425751
fp16,1,1,1,256,1,control_shuffle32_split,1,7,100,302.654628754,1668,0.00551123241323,512,2909,true,1,0.302654628754
fp16,1,1,1,256,1,shuffle32_split,1,8,100,67.7424001694,1668,0.02462268824,512,2909,true,1,0.0677424001694
fp16,1,1,1,256,1,baseline_fused,1,9,100,96.1412620544,644,0.00669847666068,512,2909,true,1,0.0961412620544
fp16,1,1,1,256,1,control_optimized_fused,1,10,100,61.2425136566,644,0.0105155709906,512,2909,true,1,0.0612425136566
fp16,1,1,1,256,1,optimized_fused,1,11,100,29.677028656,644,0.021700285681,512,2909,true,1,0.029677028656
fp16,1,1,1,256,1,control_shuffle32_fused,1,12,100,299.443664551,644,0.00215065495196,512,2909,true,1,0.299443664551
fp16,1,1,1,256,1,shuffle32_fused,1,13,100,61.6292572021,644,0.0104495823775,512,2909,true,1,0.0616292572021
fp16,1,1,1,256,1,baseline_transform,1,14,100,9.78148519993,1024,0.104687578529,512,2909,true,1,0.00978148519993
fp16,1,1,1,256,1,optimized_transform,2,0,100,10.6249141693,1024,0.0963772491412,512,2909,true,1,0.0106249141693
fp16,1,1,1,256,1,control_shuffle32_transform,2,1,100,11.4756572247,1024,0.0892323620298,512,2909,true,1,0.0114756572247
fp16,1,1,1,256,1,shuffle32_transform,2,2,100,11.6038858891,1024,0.0882463004024,512,2909,true,1,0.0116038858891
fp16,1,1,1,256,1,baseline_split,2,3,100,100.578975677,1668,0.0165839827734,512,2909,true,1,0.100578975677
fp16,1,1,1,256,1,control_optimized_split,2,4,100,66.9517707825,1668,0.024913456067,512,2909,true,1,0.0669517707825
fp16,1,1,1,256,1,optimized_split,2,5,100,35.5284571648,1668,0.0469482812683,512,2909,true,1,0.0355284571648
fp16,1,1,1,256,1,control_shuffle32_split,2,6,100,302.691879272,1668,0.00551055417809,512,2909,true,1,0.302691879272
fp16,1,1,1,256,1,shuffle32_split,2,7,100,67.7332544327,1668,0.0246260129381,512,2909,true,1,0.0677332544327
fp16,1,1,1,256,1,baseline_fused,2,8,100,96.0962295532,644,0.00670161569288,512,2909,true,1,0.0960962295532
fp16,1,1,1,256,1,control_optimized_fused,2,9,100,61.2895965576,644,0.010507492889,512,2909,true,1,0.0612895965576
fp16,1,1,1,256,1,optimized_fused,2,10,100,29.7250294685,644,0.0216652434502,512,2909,true,1,0.0297250294685
fp16,1,1,1,256,1,control_shuffle32_fused,2,11,100,299.450969696,644,0.00215060248646,512,2909,true,1,0.299450969696
fp16,1,1,1,256,1,shuffle32_fused,2,12,100,61.6329145432,644,0.0104489622919,512,2909,true,1,0.0616329145432
fp16,1,1,1,256,1,baseline_transform,2,13,100,9.87611472607,1024,0.103684498247,512,2909,true,1,0.00987611472607
fp16,1,1,1,256,1,control_optimized_transform,2,14,100,10.5538284779,1024,0.0970264015706,512,2909,true,1,0.0105538284779
fp16,1,1,1,256,1,control_shuffle32_transform,3,0,100,11.4706289768,1024,0.0892714777951,512,2909,true,1,0.0114706289768
fp16,1,1,1,256,1,shuffle32_transform,3,1,100,11.6114282608,1024,0.0881889787372,512,2909,true,1,0.0116114282608
fp16,1,1,1,256,1,baseline_split,3,2,100,100.593137741,1668,0.0165816479877,512,2909,true,1,0.100593137741
fp16,1,1,1,256,1,control_optimized_split,3,3,100,67.0393133163,1668,0.0248809231104,512,2909,true,1,0.0670393133163
fp16,1,1,1,256,1,optimized_split,3,4,100,35.5771446228,1668,0.0468840323664,512,2909,true,1,0.0355771446228
fp16,1,1,1,256,1,control_shuffle32_split,3,5,100,303.307437897,1668,0.00549937057781,512,2909,true,1,0.303307437897
fp16,1,1,1,256,1,shuffle32_split,3,6,100,67.7609157562,1668,0.0246159601207,512,2909,true,1,0.0677609157562
fp16,1,1,1,256,1,baseline_fused,3,7,100,96.1408042908,644,0.00669850855473,512,2909,true,1,0.0961408042908
fp16,1,1,1,256,1,control_optimized_fused,3,8,100,61.2946271896,644,0.0105066305079,512,2909,true,1,0.0612946271896
fp16,1,1,1,256,1,optimized_fused,3,9,100,29.7222876549,644,0.0216672420198,512,2909,true,1,0.0297222876549
fp16,1,1,1,256,1,control_shuffle32_fused,3,10,100,299.439086914,644,0.00215068782983,512,2909,true,1,0.299439086914
fp16,1,1,1,256,1,shuffle32_fused,3,11,100,61.624455452,644,0.0104503966043,512,2909,true,1,0.061624455452
fp16,1,1,1,256,1,baseline_transform,3,12,100,9.81874287128,1024,0.104290336698,512,2909,true,1,0.00981874287128
fp16,1,1,1,256,1,control_optimized_transform,3,13,100,10.7021713257,1024,0.0956815181553,512,2909,true,1,0.0107021713257
fp16,1,1,1,256,1,optimized_transform,3,14,100,10.6299424171,1024,0.0963316601178,512,2909,true,1,0.0106299424171
fp16,1,1,1,256,1,shuffle32_transform,4,0,100,11.6779434681,1024,0.0876866721266,512,2909,true,1,0.0116779434681
fp16,1,1,1,256,1,baseline_split,4,1,100,100.672912598,1668,0.0165685084196,512,2909,true,1,0.100672912598
fp16,1,1,1,256,1,control_optimized_split,4,2,100,66.9462823868,1668,0.0249154985241,512,2909,true,1,0.0669462823868
fp16,1,1,1,256,1,optimized_split,4,3,100,35.5131435394,1668,0.0469685258402,512,2909,true,1,0.0355131435394
fp16,1,1,1,256,1,control_shuffle32_split,4,4,100,302.694187164,1668,0.00551051216287,512,2909,true,1,0.302694187164
fp16,1,1,1,256,1,shuffle32_split,4,5,100,67.7588558197,1668,0.0246167084704,512,2909,true,1,0.0677588558197
fp16,1,1,1,256,1,baseline_fused,4,6,100,96.1606884003,644,0.00669712343696,512,2909,true,1,0.0961606884003
fp16,1,1,1,256,1,control_optimized_fused,4,7,100,61.2943983078,644,0.0105066697411,512,2909,true,1,0.0612943983078
fp16,1,1,1,256,1,optimized_fused,4,8,100,29.7238874435,644,0.0216660758531,512,2909,true,1,0.0297238874435
fp16,1,1,1,256,1,control_shuffle32_fused,4,9,100,299.446868896,644,0.00215063193806,512,2909,true,1,0.299446868896
fp16,1,1,1,256,1,shuffle32_fused,4,10,100,61.6667413712,644,0.0104432305921,512,2909,true,1,0.0616667413712
fp16,1,1,1,256,1,baseline_transform,4,11,100,9.76251423359,1024,0.104891012243,512,2909,true,1,0.00976251423359
fp16,1,1,1,256,1,control_optimized_transform,4,12,100,10.4671990871,1024,0.0978294184982,512,2909,true,1,0.0104671990871
fp16,1,1,1,256,1,optimized_transform,4,13,100,10.6873142719,1024,0.0958145305682,512,2909,true,1,0.0106873142719
fp16,1,1,1,256,1,control_shuffle32_transform,4,14,100,11.4994287491,1024,0.0890479016257,512,2909,true,1,0.0114994287491
fp16,1,17,1,256,17,baseline_transform,0,0,100,10.0653707981,17408,1.72949415865,8704,2909,true,1,0.0100653707981
fp16,1,17,1,256,17,control_optimized_transform,0,1,100,10.6591999531,17408,1.63314320743,8704,2909,true,1,0.0106591999531
fp16,1,17,1,256,17,optimized_transform,0,2,100,10.6379425526,17408,1.63640665608,8704,2909,true,1,0.0106379425526
fp16,1,17,1,256,17,control_shuffle32_transform,0,3,100,11.6045713425,17408,1.50009849449,8704,2909,true,1,0.0116045713425
fp16,1,17,1,256,17,shuffle32_transform,0,4,100,11.7028570175,17408,1.48750001593,8704,2909,true,1,0.0117028570175
fp16,1,17,1,256,17,baseline_split,0,5,100,101.21805191,28356,0.280147656123,8704,2909,true,1,0.10121805191
fp16,1,17,1,256,17,control_optimized_split,0,6,100,67.281370163,28356,0.421453961644,8704,2909,true,1,0.067281370163
fp16,1,17,1,256,17,optimized_split,0,7,100,36.8509721756,28356,0.769477664385,8704,2909,true,1,0.0368509721756
fp16,1,17,1,256,17,control_shuffle32_split,0,8,100,303.241825104,28356,0.0935095282133,8704,2909,true,1,0.303241825104
fp16,1,17,1,256,17,shuffle32_split,0,9,100,68.61348629,28356,0.413271523329,8704,2909,true,1,0.06861348629
fp16,1,17,1,256,17,baseline_fused,0,10,100,96.5883350372,10948,0.113347020588,8704,2909,true,1,0.0965883350372
fp16,1,17,1,256,17,control_optimized_fused,0,11,100,61.6457128525,10948,0.177595480584,8704,2909,true,1,0.0616457128525
fp16,1,17,1,256,17,optimized_fused,0,12,100,30.4779434204,10948,0.359210588752,8704,2909,true,1,0.0304779434204
fp16,1,17,1,256,17,control_shuffle32_fused,0,13,100,299.919319153,10948,0.0365031503503,8704,2909,true,1,0.299919319153
fp16,1,17,1,256,17,shuffle32_fused,0,14,100,61.6050291061,10948,0.17771276402,8704,2909,true,1,0.0616050291061
fp16,1,17,1,256,17,control_optimized_transform,1,0,100,10.9001147747,17408,1.59704740361,8704,2909,true,1,0.0109001147747
fp16,1,17,1,256,17,optimized_transform,1,1,100,10.7284581661,17408,1.6226003523,8704,2909,true,1,0.0107284581661
fp16,1,17,1,256,17,control_shuffle32_transform,1,2,100,11.7021715641,17408,1.48758714608,8704,2909,true,1,0.0117021715641
fp16,1,17,1,256,17,shuffle32_transform,1,3,100,11.8059432507,17408,1.47451157696,8704,2909,true,1,0.0118059432507
fp16,1,17,1,256,17,baseline_split,1,4,100,101.218748093,28356,0.280145729268,8704,2909,true,1,0.101218748093
fp16,1,17,1,256,17,control_optimized_split,1,5,100,67.2816038132,28356,0.421452498052,8704,2909,true,1,0.0672816038132
fp16,1,17,1,256,17,optimized_split,1,6,100,36.3954305649,28356,0.779108793601,8704,2909,true,1,0.0363954305649
fp16,1,17,1,256,17,control_shuffle32_split,1,7,100,303.840694427,28356,0.093325221144,8704,2909,true,1,0.303840694427
fp16,1,17,1,256,17,shuffle32_split,1,8,100,68.1394290924,28356,0.416146721182,8704,2909,true,1,0.0681394290924
fp16,1,17,1,256,17,baseline_fused,1,9,100,96.6102790833,10948,0.11332127496,8704,2909,true,1,0.0966102790833
fp16,1,17,1,256,17,control_optimized_fused,1,10,100,61.6969108582,10948,0.177448106359,8704,2909,true,1,0.0616969108582
fp16,1,17,1,256,17,optimized_fused,1,11,100,30.4973697662,10948,0.358981777246,8704,2909,true,1,0.0304973697662
fp16,1,17,1,256,17,control_shuffle32_fused,1,12,100,299.936904907,10948,0.0365010101154,8704,2909,true,1,0.299936904907
fp16,1,17,1,256,17,shuffle32_fused,1,13,100,61.6034317017,10948,0.177717372192,8704,2909,true,1,0.0616034317017
fp16,1,17,1,256,17,baseline_transform,1,14,100,10.0948572159,17408,1.72444241932,8704,2909,true,1,0.0100948572159
fp16,1,17,1,256,17,optimized_transform,2,0,100,10.9611427784,17408,1.58815557392,8704,2909,true,1,0.0109611427784
fp16,1,17,1,256,17,control_shuffle32_transform,2,1,100,11.6278862953,17408,1.49709066273,8704,2909,true,1,0.0116278862953
fp16,1,17,1,256,17,shuffle32_transform,2,2,100,11.7906284332,17408,1.47642681631,8704,2909,true,1,0.0117906284332
fp16,1,17,1,256,17,baseline_split,2,3,100,101.276807785,28356,0.279985128088,8704,2909,true,1,0.101276807785
fp16,1,17,1,256,17,control_optimized_split,2,4,100,67.2715425491,28356,0.421515531315,8704,2909,true,1,0.0672715425491
fp16,1,17,1,256,17,optimized_split,2,5,100,36.3328003883,28356,0.780451814804,8704,2909,true,1,0.0363328003883
fp16,1,17,1,256,17,control_shuffle32_split,2,6,100,303.860797882,28356,0.09331904674,8704,2909,true,1,0.303860797882
fp16,1,17,1,256,17,shuffle32_split,2,7,100,68.1040000916,28356,0.41636320865,8704,2909,true,1,0.0681040000916
fp16,1,17,1,256,17,baseline_fused,2,8,100,96.595659256,10948,0.113338426223,8704,2909,true,1,0.096595659256
fp16,1,17,1,256,17,control_optimized_fused,2,9,100,61.642742157,10948,0.17760403929,8704,2909,true,1,0.061642742157
fp16,1,17,1,256,17,optimized_fused,2,10,100,30.5008006096,10948,0.358941397642,8704,2909,true,1,0.0305008006096
fp16,1,17,1,256,17,control_shuffle32_fused,2,11,100,299.890060425,10948,0.0365067117746,8704,2909,true,1,0.299890060425
fp16,1,17,1,256,17,shuffle32_fused,2,12,100,61.6011428833,10948,0.177723975361,8704,2909,true,1,0.0616011428833
fp16,1,17,1,256,17,baseline_transform,2,13,100,10.089828968,17408,1.72530179204,8704,2909,true,1,0.010089828968
fp16,1,17,1,256,17,control_optimized_transform,2,14,100,10.7259428501,17408,1.62298086455,8704,2909,true,1,0.0107259428501
fp16,1,17,1,256,17,control_shuffle32_transform,3,0,100,11.737600565,17408,1.48309698423,8704,2909,true,1,0.011737600565
fp16,1,17,1,256,17,shuffle32_transform,3,1,100,11.9474279881,17408,1.45705000419,8704,2909,true,1,0.0119474279881
fp16,1,17,1,256,17,baseline_split,3,2,100,101.230859756,28356,0.280112211515,8704,2909,true,1,0.101230859756
fp16,1,17,1,256,17,control_optimized_split,3,3,100,67.287774086,28356,0.421413850958,8704,2909,true,1,0.067287774086
fp16,1,17,1,256,17,optimized_split,3,4,100,36.2710857391,28356,0.781779740588,8704,2909,true,1,0.0362710857391
fp16,1,17,1,256,17,control_shuffle32_split,3,5,100,303.247089386,28356,0.0935079049148,8704,2909,true,1,0.303247089386
fp16,1,17,1,256,17,shuffle32_split,3,6,100,68.0889129639,28356,0.416455466326,8704,2909,true,1,0.0680889129639
fp16,1,17,1,256,17,baseline_fused,3,7,100,96.5622806549,10948,0.11337760382,8704,2909,true,1,0.0965622806549
fp16,1,17,1,256,17,control_optimized_fused,3,8,100,61.7124557495,10948,0.177403408551,8704,2909,true,1,0.0617124557495
fp16,1,17,1,256,17,optimized_fused,3,9,100,30.5508565903,10948,0.358353290935,8704,2909,true,1,0.0305508565903
fp16,1,17,1,256,17,control_shuffle32_fused,3,10,100,299.930973053,10948,0.0365017320104,8704,2909,true,1,0.299930973053
fp16,1,17,1,256,17,shuffle32_fused,3,11,100,61.5999984741,10948,0.17772727713,8704,2909,true,1,0.0615999984741
fp16,1,17,1,256,17,baseline_transform,3,12,100,10.2073144913,17408,1.70544368109,8704,2909,true,1,0.0102073144913
fp16,1,17,1,256,17,control_optimized_transform,3,13,100,10.8210289478,17408,1.60871947427,8704,2909,true,1,0.0108210289478
fp16,1,17,1,256,17,optimized_transform,3,14,100,10.8150863647,17408,1.60960341997,8704,2909,true,1,0.0108150863647
fp16,1,17,1,256,17,shuffle32_transform,4,0,100,11.9677710533,17408,1.45457328039,8704,2909,true,1,0.0119677710533
fp16,1,17,1,256,17,baseline_split,4,1,100,101.188344955,28356,0.280229902095,8704,2909,true,1,0.101188344955
fp16,1,17,1,256,17,control_optimized_split,4,2,100,67.2507429123,28356,0.421645899689,8704,2909,true,1,0.0672507429123
fp16,1,17,1,256,17,optimized_split,4,3,100,36.2708592415,28356,0.781784622504,8704,2909,true,1,0.0362708592415
fp16,1,17,1,256,17,control_shuffle32_split,4,4,100,303.314743042,28356,0.0934870481916,8704,2909,true,1,0.303314743042
fp16,1,17,1,256,17,shuffle32_split,4,5,100,68.0326843262,28356,0.416799664468,8704,2909,true,1,0.0680326843262
fp16,1,17,1,256,17,baseline_fused,4,6,100,96.5926933289,10948,0.113341906336,8704,2909,true,1,0.0965926933289
fp16,1,17,1,256,17,control_optimized_fused,4,7,100,61.6841173172,10948,0.17748490983,8704,2909,true,1,0.0616841173172
fp16,1,17,1,256,17,optimized_fused,4,8,100,30.4756569862,10948,0.359237538503,8704,2909,true,1,0.0304756569862
fp16,1,17,1,256,17,control_shuffle32_fused,4,9,100,299.925479889,10948,0.0365024005431,8704,2909,true,1,0.299925479889
fp16,1,17,1,256,17,shuffle32_fused,4,10,100,61.6011428833,10948,0.177723975361,8704,2909,true,1,0.0616011428833
fp16,1,17,1,256,17,baseline_transform,4,11,100,9.95839953423,17408,1.7480720612,8704,2909,true,1,0.00995839953423
fp16,1,17,1,256,17,control_optimized_transform,4,12,100,10.6672000885,17408,1.63191839054,8704,2909,true,1,0.0106672000885
fp16,1,17,1,256,17,optimized_transform,4,13,100,10.7645714283,17408,1.61715681074,8704,2909,true,1,0.0107645714283
fp16,1,17,1,256,17,control_shuffle32_transform,4,14,100,11.6873145103,17408,1.48947818462,8704,2909,true,1,0.0116873145103
fp16,1,257,1,256,257,baseline_transform,0,0,100,10.4482281208,263168,25.1878114602,131584,2909,true,1,0.0104482281208
fp16,1,257,1,256,257,control_optimized_transform,0,1,100,11.1136007309,263168,23.679814164,131584,2909,true,1,0.0111136007309
fp16,1,257,1,256,257,optimized_transform,0,2,100,11.0838854313,263168,23.7432984698,131584,2909,true,1,0.0110838854313
fp16,1,257,1,256,257,control_shuffle32_transform,0,3,100,13.6669719219,263168,19.25576503,131584,2909,true,1,0.0136669719219
fp16,1,257,1,256,257,shuffle32_transform,0,4,100,13.7675428391,263168,19.1151030417,131584,2909,true,1,0.0137675428391
fp16,1,257,1,256,257,baseline_split,0,5,100,103.927087784,428676,4.12477640951,131584,2909,true,1,0.103927087784
fp16,1,257,1,256,257,control_optimized_split,0,6,100,69.8052597046,428676,6.14102722079,131584,2909,true,1,0.0698052597046
fp16,1,257,1,256,257,optimized_split,0,7,100,37.0018267632,428676,11.5852658504,131584,2909,true,1,0.0370018267632
fp16,1,257,1,256,257,control_shuffle32_split,0,8,100,325.687522888,428676,1.31621867549,131584,2909,true,1,0.325687522888
fp16,1,257,1,256,257,shuffle32_split,0,9,100,76.7782831192,428676,5.58329754957,131584,2909,true,1,0.0767782831192
fp16,1,257,1,256,257,baseline_fused,0,10,100,98.9590835571,165508,1.67248921525,131584,2909,true,1,0.0989590835571
fp16,1,257,1,256,257,control_optimized_fused,0,11,100,63.993601799,165508,2.58632105941,131584,2909,true,1,0.063993601799
fp16,1,257,1,256,257,optimized_fused,0,12,100,30.8473157883,165508,5.36539390124,131584,2909,true,1,0.0308473157883
fp16,1,257,1,256,257,control_shuffle32_fused,0,13,100,320.781021118,165508,0.515953217628,131584,2909,true,1,0.320781021118
fp16,1,257,1,256,257,shuffle32_fused,0,14,100,68.0425167084,165508,2.4324203161,131584,2909,true,1,0.0680425167084
fp16,1,257,1,256,257,control_optimized_transform,1,0,100,11.0772562027,263168,23.7575077424,131584,2909,true,1,0.0110772562027
fp16,1,257,1,256,257,optimized_transform,1,1,100,11.1684572697,263168,23.563505115,131584,2909,true,1,0.0111684572697
fp16,1,257,1,256,257,control_shuffle32_transform,1,2,100,13.8253712654,263168,19.0351488541,131584,2909,true,1,0.0138253712654
fp16,1,257,1,256,257,shuffle32_transform,1,3,100,13.9321136475,263168,18.8893090208,131584,2909,true,1,0.0139321136475
fp16,1,257,1,256,257,baseline_split,1,4,100,103.885259628,428676,4.12643720133,131584,2909,true,1,0.103885259628
fp16,1,257,1,256,257,control_optimized_split,1,5,100,69.8194265366,428676,6.139781165,131584,2909,true,1,0.0698194265366
fp16,1,257,1,256,257,optimized_split,1,6,100,37.0038866997,428676,11.5846209205,131584,2909,true,1,0.0370038866997
fp16,1,257,1,256,257,control_shuffle32_split,1,7,100,325.739860535,428676,1.3160071945,131584,2909,true,1,0.325739860535
fp16,1,257,1,256,257,shuffle32_split,1,8,100,76.7145109177,428676,5.58793890324,131584,2909,true,1,0.0767145109177
fp16,1,257,1,256,257,baseline_fused,1,9,100,98.9497184753,165508,1.67264750775,131584,2909,true,1,0.0989497184753
fp16,1,257,1,256,257,control_optimized_fused,1,10,100,63.987660408,165508,2.58656120484,131584,2909,true,1,0.063987660408
fp16,1,257,1,256,257,optimized_fused,1,11,100,30.8797717094,165508,5.35975464966,131584,2909,true,1,0.0308797717094
fp16,1,257,1,256,257,control_shuffle32_fused,1,12,100,320.831108093,165508,0.515872668906,131584,2909,true,1,0.320831108093
fp16,1,257,1,256,257,shuffle32_fused,1,13,100,68.0480003357,165508,2.43222430025,131584,2909,true,1,0.0680480003357
fp16,1,257,1,256,257,baseline_transform,1,14,100,10.6128001213,263168,24.7972257078,131584,2909,true,1,0.0106128001213
fp16,1,257,1,256,257,optimized_transform,2,0,100,11.1588573456,263168,23.5837767121,131584,2909,true,1,0.0111588573456
fp16,1,257,1,256,257,control_shuffle32_transform,2,1,100,13.6950862408,263168,19.2162353251,131584,2909,true,1,0.0136950862408
fp16,1,257,1,256,257,shuffle32_transform,2,2,100,13.8473141193,263168,19.0049852074,131584,2909,true,1,0.0138473141193
fp16,1,257,1,256,257,baseline_split,2,3,100,103.917264938,428676,4.12516630662,131584,2909,true,1,0.103917264938
fp16,1,257,1,256,257,control_optimized_split,2,4,100,69.8237705231,428676,6.13939918725,131584,2909,true,1,0.0698237705231
fp16,1,257,1,256,257,optimized_split,2,5,100,36.969370842,428676,11.5954367152,131584,2909,true,1,0.036969370842
fp16,1,257,1,256,257,control_shuffle32_split,2,6,100,326.285018921,428676,1.31380840413,131584,2909,true,1,0.326285018921
fp16,1,257,1,256,257,shuffle32_split,2,7,100,76.7604589462,428676,5.58459401995,131584,2909,true,1,0.0767604589462
fp16,1,257,1,256,257,baseline_fused,2,8,100,98.9622879028,165508,1.67243506094,131584,2909,true,1,0.0989622879028
fp16,1,257,1,256,257,control_optimized_fused,2,9,100,63.9981746674,165508,2.58613625873,131584,2909,true,1,0.0639981746674
fp16,1,257,1,256,257,optimized_fused,2,10,100,30.8957719803,165508,5.35697894539,131584,2909,true,1,0.0308957719803
fp16,1,257,1,256,257,control_shuffle32_fused,2,11,100,320.829277039,165508,0.515875613123,131584,2909,true,1,0.320829277039
fp16,1,257,1,256,257,shuffle32_fused,2,12,100,68.0528020859,165508,2.43205268449,131584,2909,true,1,0.0680528020859
fp16,1,257,1,256,257,baseline_transform,2,13,100,10.5663990974,263168,24.906119632,131584,2909,true,1,0.0105663990974
fp16,1,257,1,256,257,control_optimized_transform,2,14,100,11.1764574051,263168,23.5466383006,131584,2909,true,1,0.0111764574051
fp16,1,257,1,256,257,control_shuffle32_transform,3,0,100,13.745828867,263168,19.1452987337,131584,2909,true,1,0.013745828867
fp16,1,257,1,256,257,shuffle32_transform,3,1,100,13.9168000221,263168,18.9100942445,131584,2909,true,1,0.0139168000221
fp16,1,257,1,256,257,baseline_split,3,2,100,103.899202347,428676,4.12588345548,131584,2909,true,1,0.103899202347
fp16,1,257,1,256,257,control_optimized_split,3,3,100,69.6982860565,428676,6.15045253268,131584,2909,true,1,0.0696982860565
fp16,1,257,1,256,257,optimized_split,3,4,100,36.9915437698,428676,11.5884863489,131584,2909,true,1,0.0369915437698
fp16,1,257,1,256,257,control_shuffle32_split,3,5,100,325.752906799,428676,1.31595448898,131584,2909,true,1,0.325752906799
fp16,1,257,1,256,257,shuffle32_split,3,6,100,76.7076587677,428676,5.58843806325,131584,2909,true,1,0.0767076587677
fp16,1,257,1,256,257,baseline_fused,3,7,100,98.9577198029,165508,1.67251226412,131584,2909,true,1,0.0989577198029
fp16,1,257,1,256,257,control_optimized_fused,3,8,100,63.9883422852,165508,2.58653364174,131584,2909,true,1,0.0639883422852
fp16,1,257,1,256,257,optimized_fused,3,9,100,30.8473157883,165508,5.36539390124,131584,2909,true,1,0.0308473157883
fp16,1,257,1,256,257,control_shuffle32_fused,3,10,100,320.824699402,165508,0.515882973813,131584,2909,true,1,0.320824699402
fp16,1,257,1,256,257,shuffle32_fused,3,11,100,68.0338287354,165508,2.43273093807,131584,2909,true,1,0.0680338287354
fp16,1,257,1,256,257,baseline_transform,3,12,100,10.6043422222,263168,24.8170036845,131584,2909,true,1,0.0106043422222
fp16,1,257,1,256,257,control_optimized_transform,3,13,100,11.2150859833,263168,23.4655356537,131584,2909,true,1,0.0112150859833
fp16,1,257,1,256,257,optimized_transform,3,14,100,11.0580575466,263168,23.7987547895,131584,2909,true,1,0.0110580575466
fp16,1,257,1,256,257,shuffle32_transform,4,0,100,13.8845717907,263168,18.9539874882,131584,2909,true,1,0.0138845717907
fp16,1,257,1,256,257,baseline_split,4,1,100,103.909263611,428676,4.1254839569,131584,2909,true,1,0.103909263611
fp16,1,257,1,256,257,control_optimized_split,4,2,100,69.6943998337,428676,6.15079548749,131584,2909,true,1,0.0696943998337
fp16,1,257,1,256,257,optimized_split,4,3,100,36.8886852264,428676,11.6207990978,131584,2909,true,1,0.0368886852264
fp16,1,257,1,256,257,control_shuffle32_split,4,4,100,325.736923218,428676,1.31601906153,131584,2909,true,1,0.325736923218
fp16,1,257,1,256,257,shuffle32_split,4,5,100,76.6665172577,428676,5.59143698362,131584,2909,true,1,0.0766665172577
fp16,1,257,1,256,257,baseline_fused,4,6,100,98.9581775665,165508,1.67250452737,131584,2909,true,1,0.0989581775665
fp16,1,257,1,256,257,control_optimized_fused,4,7,100,63.9929151535,165508,2.58634881069,131584,2909,true,1,0.0639929151535
fp16,1,257,1,256,257,optimized_fused,4,8,100,30.8774852753,165508,5.36015153192,131584,2909,true,1,0.0308774852753
fp16,1,257,1,256,257,control_shuffle32_fused,4,9,100,320.828819275,165508,0.515876349182,131584,2909,true,1,0.320828819275
fp16,1,257,1,256,257,shuffle32_fused,4,10,100,68.0381727219,165508,2.43257561717,131584,2909,true,1,0.0680381727219
fp16,1,257,1,256,257,baseline_transform,4,11,100,10.6822860241,263168,24.6359252511,131584,2909,true,1,0.0106822860241
fp16,1,257,1,256,257,control_optimized_transform,4,12,100,11.3222849369,263168,23.2433648744,131584,2909,true,1,0.0113222849369
fp16,1,257,1,256,257,optimized_transform,4,13,100,11.1056005955,263168,23.6968723787,131584,2909,true,1,0.0111056005955
fp16,1,257,1,256,257,control_shuffle32_transform,4,14,100,13.7778294086,263168,19.1008316473,131584,2909,true,1,0.0137778294086
fp16,4,64,16,256,4096,baseline_transform,0,0,100,49.2054891586,4194304,85.2405711582,2097152,2909,true,1,0.0492054891586
fp16,4,64,16,256,4096,control_optimized_transform,0,1,100,37.3846840858,4194304,112.193110697,2097152,2909,true,1,0.0373846840858
fp16,4,64,16,256,4096,optimized_transform,0,2,100,37.4758839607,4194304,111.920081842,2097152,2909,true,1,0.0374758839607
fp16,4,64,16,256,4096,control_shuffle32_transform,0,3,100,22.706284523,4194304,184.719961372,2097152,2909,true,1,0.022706284523
fp16,4,64,16,256,4096,shuffle32_transform,0,4,100,22.7117729187,4194304,184.675323015,2097152,2909,true,1,0.0227117729187
fp16,4,64,16,256,4096,baseline_split,0,5,100,1139.77966309,6832128,5.9942532941,2097152,2909,true,1,1.13977966309
fp16,4,64,16,256,4096,control_optimized_split,0,6,100,501.357498169,6832128,13.6272580443,2097152,2909,true,1,0.501357498169
fp16,4,64,16,256,4096,optimized_split,0,7,100,188.882274628,6832128,36.1713560125,2097152,2909,true,1,0.188882274628
fp16,4,64,16,256,4096,control_shuffle32_split,0,8,100,841.649398804,6832128,8.11754634378,2097152,2909,true,1,0.841649398804
fp16,4,64,16,256,4096,shuffle32_split,0,9,100,149.530973434,6832128,45.690386701,2097152,2909,true,1,0.149530973434
fp16,4,64,16,256,4096,baseline_fused,0,10,100,1129.94812012,2637824,2.33446470067,2097152,2909,true,1,1.12994812012
fp16,4,64,16,256,4096,control_optimized_fused,0,11,100,496.430625916,2637824,5.31358031172,2097152,2909,true,1,0.496430625916
fp16,4,64,16,256,4096,optimized_fused,0,12,100,171.281604767,2637824,15.4005096087,2097152,2909,true,1,0.171281604767
fp16,4,64,16,256,4096,control_shuffle32_fused,0,13,100,981.268386841,2637824,2.68817790869,2097152,2909,true,1,0.981268386841
fp16,4,64,16,256,4096,shuffle32_fused,0,14,100,131.983547211,2637824,19.9860062542,2097152,2909,true,1,0.131983547211
fp16,4,64,16,256,4096,control_optimized_transform,1,0,100,37.362742424,4194304,112.258997276,2097152,2909,true,1,0.037362742424
fp16,4,64,16,256,4096,optimized_transform,1,1,100,37.5330281258,4194304,111.749683131,2097152,2909,true,1,0.0375330281258
fp16,4,64,16,256,4096,control_shuffle32_transform,1,2,100,22.319085598,4194304,187.924544739,2097152,2909,true,1,0.022319085598
fp16,4,64,16,256,4096,shuffle32_transform,1,3,100,23.1732559204,4194304,180.997612697,2097152,2909,true,1,0.0231732559204
fp16,4,64,16,256,4096,baseline_split,1,4,100,1142.40463257,6832128,5.98047995012,2097152,2909,true,1,1.14240463257
fp16,4,64,16,256,4096,control_optimized_split,1,5,100,503.130531311,6832128,13.5792355558,2097152,2909,true,1,0.503130531311
fp16,4,64,16,256,4096,optimized_split,1,6,100,188.80777359,6832128,36.1856287487,2097152,2909,true,1,0.18880777359
fp16,4,64,16,256,4096,control_shuffle32_split,1,7,100,841.608200073,6832128,8.11794371705,2097152,2909,true,1,0.841608200073
fp16,4,64,16,256,4096,shuffle32_split,1,8,100,149.390630722,6832128,45.7333098266,2097152,2909,true,1,0.149390630722
fp16,4,64,16,256,4096,baseline_fused,1,9,100,1132.81852722,2637824,2.32854948662,2097152,2909,true,1,1.13281852722
fp16,4,64,16,256,4096,control_optimized_fused,1,10,100,496.620330811,2637824,5.3115505676,2097152,2909,true,1,0.496620330811
fp16,4,64,16,256,4096,optimized_fused,1,11,100,171.133480072,2637824,15.4138395298,2097152,2909,true,1,0.171133480072
fp16,4,64,16,256,4096,control_shuffle32_fused,1,12,100,991.271743774,2637824,2.6610503291,2097152,2909,true,1,0.991271743774
fp16,4,64,16,256,4096,shuffle32_fused,1,13,100,131.96480751,2637824,19.9888443727,2097152,2909,true,1,0.13196480751
fp16,4,64,16,256,4096,baseline_transform,1,14,100,49.2118835449,4194304,85.2294953549,2097152,2909,true,1,0.0492118835449
fp16,4,64,16,256,4096,optimized_transform,2,0,100,37.5229716301,4194304,111.779633056,2097152,2909,true,1,0.0375229716301
fp16,4,64,16,256,4096,control_shuffle32_transform,2,1,100,23.1037712097,4194304,181.541963947,2097152,2909,true,1,0.0231037712097
fp16,4,64,16,256,4096,shuffle32_transform,2,2,100,22.7362298965,4194304,184.476670894,2097152,2909,true,1,0.0227362298965
fp16,4,64,16,256,4096,baseline_split,2,3,100,1141.93458557,6832128,5.98294165561,2097152,2909,true,1,1.14193458557
fp16,4,64,16,256,4096,control_optimized_split,2,4,100,503.74786377,6832128,13.562594487,2097152,2909,true,1,0.50374786377
fp16,4,64,16,256,4096,optimized_split,2,5,100,188.736457825,6832128,36.1993018135,2097152,2909,true,1,0.188736457825
fp16,4,64,16,256,4096,control_shuffle32_split,2,6,100,840.345840454,6832128,8.13013841576,2097152,2909,true,1,0.840345840454
fp16,4,64,16,256,4096,shuffle32_split,2,7,100,149.488229752,6832128,45.7034511102,2097152,2909,true,1,0.149488229752
fp16,4,64,16,256,4096,baseline_fused,2,8,100,1131.45011902,2637824,2.33136570111,2097152,2909,true,1,1.13145011902
fp16,4,64,16,256,4096,control_optimized_fused,2,9,100,496.117477417,2637824,5.31693423448,2097152,2909,true,1,0.496117477417
fp16,4,64,16,256,4096,optimized_fused,2,10,100,171.221942902,2637824,15.4058758784,2097152,2909,true,1,0.171221942902
fp16,4,64,16,256,4096,control_shuffle32_fused,2,11,100,952.227630615,2637824,2.7701611623,2097152,2909,true,1,0.952227630615
fp16,4,64,16,256,4096,shuffle32_fused,2,12,100,131.495990753,2637824,20.0601097029,2097152,2909,true,1,0.131495990753
fp16,4,64,16,256,4096,baseline_transform,2,13,100,49.1588544846,4194304,85.3214348458,2097152,2909,true,1,0.0491588544846
fp16,4,64,16,256,4096,control_optimized_transform,2,14,100,37.4086856842,4194304,112.12112704,2097152,2909,true,1,0.0374086856842
fp16,4,64,16,256,4096,control_shuffle32_transform,3,0,100,22.5039982796,4194304,186.380391071,2097152,2909,true,1,0.0225039982796
fp16,4,64,16,256,4096,shuffle32_transform,3,1,100,22.8557705879,4194304,183.511817458,2097152,2909,true,1,0.0228557705879
fp16,4,64,16,256,4096,baseline_split,3,2,100,1142.45735168,6832128,5.98020397867,2097152,2909,true,1,1.14245735168
fp16,4,64,16,256,4096,control_optimized_split,3,3,100,503.601341248,6832128,13.5665405161,2097152,2909,true,1,0.503601341248
fp16,4,64,16,256,4096,optimized_split,3,4,100,188.843421936,6832128,36.1787979161,2097152,2909,true,1,0.188843421936
fp16,4,64,16,256,4096,control_shuffle32_split,3,5,100,841.457366943,6832128,8.11939887676,2097152,2909,true,1,0.841457366943
fp16,4,64,16,256,4096,shuffle32_split,3,6,100,149.297370911,6832128,45.7618775088,2097152,2909,true,1,0.149297370911
fp16,4,64,16,256,4096,baseline_fused,3,7,100,1131.05239868,2637824,2.33218549651,2097152,2909,true,1,1.13105239868
fp16,4,64,16,256,4096,control_optimized_fused,3,8,100,495.001144409,2637824,5.32892505359,2097152,2909,true,1,0.495001144409
fp16,4,64,16,256,4096,optimized_fused,3,9,100,171.21301651,2637824,15.4066790818,2097152,2909,true,1,0.17121301651
fp16,4,64,16,256,4096,control_shuffle32_fused,3,10,100,988.690261841,2637824,2.66799836289,2097152,2909,true,1,0.988690261841
fp16,4,64,16,256,4096,shuffle32_fused,3,11,100,131.867198944,2637824,20.0036401859,2097152,2909,true,1,0.131867198944
fp16,4,64,16,256,4096,baseline_transform,3,12,100,49.1929149628,4194304,85.2623594917,2097152,2909,true,1,0.0491929149628
fp16,4,64,16,256,4096,control_optimized_transform,3,13,100,37.3908567429,4194304,112.174589335,2097152,2909,true,1,0.0373908567429
fp16,4,64,16,256,4096,optimized_transform,3,14,100,37.4285721779,4194304,112.061555008,2097152,2909,true,1,0.0374285721779
fp16,4,64,16,256,4096,shuffle32_transform,4,0,100,22.8502845764,4194304,183.555875901,2097152,2909,true,1,0.0228502845764
fp16,4,64,16,256,4096,baseline_split,4,1,100,1141.74034119,6832128,5.983959534,2097152,2909,true,1,1.14174034119
fp16,4,64,16,256,4096,control_optimized_split,4,2,100,502.050056458,6832128,13.6084597783,2097152,2909,true,1,0.502050056458
fp16,4,64,16,256,4096,optimized_split,4,3,100,188.882961273,6832128,36.1712245189,2097152,2909,true,1,0.188882961273
fp16,4,64,16,256,4096,control_shuffle32_split,4,4,100,845.250701904,6832128,8.0829604573,2097152,2909,true,1,0.845250701904
fp16,4,64,16,256,4096,shuffle32_split,4,5,100,149.340343475,6832128,45.7487095651,2097152,2909,true,1,0.149340343475
fp16,4,64,16,256,4096,baseline_fused,4,6,100,1130.50079346,2637824,2.33332343972,2097152,2909,true,1,1.13050079346
fp16,4,64,16,256,4096,control_optimized_fused,4,7,100,494.701919556,2637824,5.33214830128,2097152,2909,true,1,0.494701919556
fp16,4,64,16,256,4096,optimized_fused,4,8,100,171.445484161,2637824,15.3857887416,2097152,2909,true,1,0.171445484161
fp16,4,64,16,256,4096,control_shuffle32_fused,4,9,100,971.508560181,2637824,2.71518348692,2097152,2909,true,1,0.971508560181
fp16,4,64,16,256,4096,shuffle32_fused,4,10,100,131.876573563,2637824,20.002218201,2097152,2909,true,1,0.131876573563
fp16,4,64,16,256,4096,baseline_transform,4,11,100,49.1949748993,4194304,85.258789309,2097152,2909,true,1,0.0491949748993
fp16,4,64,16,256,4096,control_optimized_transform,4,12,100,37.3497128487,4194304,112.298159212,2097152,2909,true,1,0.0373497128487
fp16,4,64,16,256,4096,optimized_transform,4,13,100,37.4774861336,4194304,111.915297228,2097152,2909,true,1,0.0374774861336
fp16,4,64,16,256,4096,control_shuffle32_transform,4,14,100,22.7216005325,4194304,184.595446698,2097152,2909,true,1,0.0227216005325
fp16,16,64,16,256,16384,baseline_transform,0,0,100,170.537834167,16777216,98.3782635795,8388608,2909,true,1,0.170537834167
fp16,16,64,16,256,16384,control_optimized_transform,0,1,100,120.761833191,16777216,138.928132811,8388608,2909,true,1,0.120761833191
fp16,16,64,16,256,16384,optimized_transform,0,2,100,120.843429565,16777216,138.834325212,8388608,2909,true,1,0.120843429565
fp16,16,64,16,256,16384,control_shuffle32_transform,0,3,100,43.2841157913,16777216,387.606762741,8388608,2909,true,1,0.0432841157913
fp16,16,64,16,256,16384,shuffle32_transform,0,4,100,43.5023975372,16777216,385.661870375,8388608,2909,true,1,0.0435023975372
fp16,16,64,16,256,16384,baseline_split,0,5,100,4263.64868164,27328512,6.40965380606,8388608,2909,true,1,4.26364868164
fp16,16,64,16,256,16384,control_optimized_split,0,6,100,1870.68618774,27328512,14.6088169031,8388608,2909,true,1,1.87068618774
fp16,16,64,16,256,16384,optimized_split,0,7,100,678.003005981,27328512,40.3073611163,8388608,2909,true,1,0.678003005981
fp16,16,64,16,256,16384,control_shuffle32_split,0,8,100,3159.89990234,27328512,8.6485372463,8388608,2909,true,1,3.15989990234
fp16,16,64,16,256,16384,shuffle32_split,0,9,100,436.298294067,27328512,62.6372194703,8388608,2909,true,1,0.436298294067
fp16,16,64,16,256,16384,baseline_fused,0,10,100,4263.90106201,10551296,2.47456398414,8388608,2909,true,1,4.26390106201
fp16,16,64,16,256,16384,control_optimized_fused,0,11,100,1824.09118652,10551296,5.7844125765,8388608,2909,true,1,1.82409118652
fp16,16,64,16,256,16384,optimized_fused,0,12,100,631.356544495,10551296,16.7121036315,8388608,2909,true,1,0.631356544495
fp16,16,64,16,256,16384,control_shuffle32_fused,0,13,100,2898.07403564,10551296,3.64079587693,8388608,2909,true,1,2.89807403564
fp16,16,64,16,256,16384,shuffle32_fused,0,14,100,391.717262268,10551296,26.9359995495,8388608,2909,true,1,0.391717262268
fp16,16,64,16,256,16384,control_optimized_transform,1,0,100,120.797939301,16777216,138.886607645,8388608,2909,true,1,0.120797939301
fp16,16,64,16,256,16384,optimized_transform,1,1,100,120.86856842,16777216,138.805449748,8388608,2909,true,1,0.12086856842
fp16,16,64,16,256,16384,control_shuffle32_transform,1,2,100,43.4155416489,16777216,386.43341446,8388608,2909,true,1,0.0434155416489
fp16,16,64,16,256,16384,shuffle32_transform,1,3,100,43.5309696198,16777216,385.408736505,8388608,2909,true,1,0.0435309696198
fp16,16,64,16,256,16384,baseline_split,1,4,100,4267.02514648,27328512,6.40458189531,8388608,2909,true,1,4.26702514648
fp16,16,64,16,256,16384,control_optimized_split,1,5,100,1870.74951172,27328512,14.6083224017,8388608,2909,true,1,1.87074951172
fp16,16,64,16,256,16384,optimized_split,1,6,100,677.895507812,27328512,40.3137529089,8388608,2909,true,1,0.677895507812
fp16,16,64,16,256,16384,control_shuffle32_split,1,7,100,3182.75512695,27328512,8.58643248064,8388608,2909,true,1,3.18275512695
fp16,16,64,16,256,16384,shuffle32_split,1,8,100,436.311340332,27328512,62.6353465376,8388608,2909,true,1,0.436311340332
fp16,16,64,16,256,16384,baseline_fused,1,9,100,4262.66174316,10551296,2.47528343456,8388608,2909,true,1,4.26266174316
fp16,16,64,16,256,16384,control_optimized_fused,1,10,100,1824.01473999,10551296,5.78465500781,8388608,2909,true,1,1.82401473999
fp16,16,64,16,256,16384,optimized_fused,1,11,100,631.384048462,10551296,16.711375629,8388608,2909,true,1,0.631384048462
fp16,16,64,16,256,16384,control_shuffle32_fused,1,12,100,2898.10699463,10551296,3.64075447164,8388608,2909,true,1,2.89810699463
fp16,16,64,16,256,16384,shuffle32_fused,1,13,100,391.880912781,10551296,26.9247510044,8388608,2909,true,1,0.391880912781
fp16,16,64,16,256,16384,baseline_transform,1,14,100,170.525951385,16777216,98.3851188848,8388608,2909,true,1,0.170525951385
fp16,16,64,16,256,16384,optimized_transform,2,0,100,120.853481293,16777216,138.822777967,8388608,2909,true,1,0.120853481293
fp16,16,64,16,256,16384,control_shuffle32_transform,2,1,100,43.3856010437,16777216,386.700093957,8388608,2909,true,1,0.0433856010437
fp16,16,64,16,256,16384,shuffle32_transform,2,2,100,43.5236549377,16777216,385.473509153,8388608,2909,true,1,0.0435236549377
fp16,16,64,16,256,16384,baseline_split,2,3,100,4266.79077148,27328512,6.40493369927,8388608,2909,true,1,4.26679077148
fp16,16,64,16,256,16384,control_optimized_split,2,4,100,1870.47241211,27328512,14.6104865397,8388608,2909,true,1,1.87047241211
fp16,16,64,16,256,16384,optimized_split,2,5,100,677.996139526,27328512,40.307769332,8388608,2909,true,1,0.677996139526
fp16,16,64,16,256,16384,control_shuffle32_split,2,6,100,3175.79711914,27328512,8.60524491168,8388608,2909,true,1,3.17579711914
fp16,16,64,16,256,16384,shuffle32_split,2,7,100,436.465148926,27328512,62.613274089,8388608,2909,true,1,0.436465148926
fp16,16,64,16,256,16384,baseline_fused,2,8,100,4263.2244873,10551296,2.47495669802,8388608,2909,true,1,4.2632244873
fp16,16,64,16,256,16384,control_optimized_fused,2,9,100,1824.19189453,10551296,5.78409323692,8388608,2909,true,1,1.82419189453
fp16,16,64,16,256,16384,optimized_fused,2,10,100,631.37298584,10551296,16.7116684379,8388608,2909,true,1,0.63137298584
fp16,16,64,16,256,16384,control_shuffle32_fused,2,11,100,2902.50732422,10551296,3.6352349267,8388608,2909,true,1,2.90250732422
fp16,16,64,16,256,16384,shuffle32_fused,2,12,100,391.829719543,10551296,26.9282687702,8388608,2909,true,1,0.391829719543
fp16,16,64,16,256,16384,baseline_transform,2,13,100,170.509719849,16777216,98.3944845777,8388608,2909,true,1,0.170509719849
fp16,16,64,16,256,16384,control_optimized_transform,2,14,100,120.711774826,16777216,138.985745377,8388608,2909,true,1,0.120711774826
fp16,16,64,16,256,16384,control_shuffle32_transform,3,0,100,43.4137153625,16777216,386.449670568,8388608,2909,true,1,0.0434137153625
fp16,16,64,16,256,16384,shuffle32_transform,3,1,100,43.4662866592,16777216,385.982270156,8388608,2909,true,1,0.0434662866592
fp16,16,64,16,256,16384,baseline_split,3,2,100,4265.00427246,27328512,6.4076165589,8388608,2909,true,1,4.26500427246
fp16,16,64,16,256,16384,control_optimized_split,3,3,100,1870.51208496,27328512,14.6101766568,8388608,2909,true,1,1.87051208496
fp16,16,64,16,256,16384,optimized_split,3,4,100,678.007278442,27328512,40.3071071195,8388608,2909,true,1,0.678007278442
fp16,16,64,16,256,16384,control_shuffle32_split,3,5,100,3179.82055664,27328512,8.59435666674,8388608,2909,true,1,3.17982055664
fp16,16,64,16,256,16384,shuffle32_split,3,6,100,436.737136841,27328512,62.5742802586,8388608,2909,true,1,0.436737136841
fp16,16,64,16,256,16384,baseline_fused,3,7,100,4265.18951416,10551296,2.4738164541,8388608,2909,true,1,4.26518951416
fp16,16,64,16,256,16384,control_optimized_fused,3,8,100,1823.91235352,10551296,5.78497973308,8388608,2909,true,1,1.82391235352
fp16,16,64,16,256,16384,optimized_fused,3,9,100,631.290092468,10551296,16.7138628119,8388608,2909,true,1,0.631290092468
fp16,16,64,16,256,16384,control_shuffle32_fused,3,10,100,2898.04107666,10551296,3.64083728315,8388608,2909,true,1,2.89804107666
fp16,16,64,16,256,16384,shuffle32_fused,3,11,100,392.140769958,10551296,26.9069089682,8388608,2909,true,1,0.392140769958
fp16,16,64,16,256,16384,baseline_transform,3,12,100,170.562744141,16777216,98.3638958468,8388608,2909,true,1,0.170562744141
fp16,16,64,16,256,16384,control_optimized_transform,3,13,100,120.773935318,16777216,138.914211546,8388608,2909,true,1,0.120773935318
fp16,16,64,16,256,16384,optimized_transform,3,14,100,120.864458084,16777216,138.810170218,8388608,2909,true,1,0.120864458084
fp16,16,64,16,256,16384,shuffle32_transform,4,0,100,43.5129117966,16777216,385.568680819,8388608,2909,true,1,0.0435129117966
fp16,16,64,16,256,16384,baseline_split,4,1,100,4266.33972168,27328512,6.40561084743,8388608,2909,true,1,4.26633972168
fp16,16,64,16,256,16384,control_optimized_split,4,2,100,1870.70281982,27328512,14.6086870188,8388608,2909,true,1,1.87070281982
fp16,16,64,16,256,16384,optimized_split,4,3,100,677.928237915,27328512,40.3118065771,8388608,2909,true,1,0.677928237915
fp16,16,64,16,256,16384,control_shuffle32_split,4,4,100,3192.99835205,27328512,8.55888697294,8388608,2909,true,1,3.19299835205
fp16,16,64,16,256,16384,shuffle32_split,4,5,100,436.317939758,27328512,62.6343991612,8388608,2909,true,1,0.436317939758
fp16,16,64,16,256,16384,baseline_fused,4,6,100,4263.60351562,10551296,2.47473667787,8388608,2909,true,1,4.26360351563
fp16,16,64,16,256,16384,control_optimized_fused,4,7,100,1824.02267456,10551296,5.78462984433,8388608,2909,true,1,1.82402267456
fp16,16,64,16,256,16384,optimized_fused,4,8,100,631.271743774,10551296,16.7143486209,8388608,2909,true,1,0.631271743774
fp16,16,64,16,256,16384,control_shuffle32_fused,4,9,100,2896.42089844,10551296,3.64287386743,8388608,2909,true,1,2.89642089844
fp16,16,64,16,256,16384,shuffle32_fused,4,10,100,391.827201843,10551296,26.9284417987,8388608,2909,true,1,0.391827201843
fp16,16,64,16,256,16384,baseline_transform,4,11,100,170.523204803,16777216,98.3867035536,8388608,2909,true,1,0.170523204803
fp16,16,64,16,256,16384,control_optimized_transform,4,12,100,120.778970718,16777216,138.908420069,8388608,2909,true,1,0.120778970718
fp16,16,64,16,256,16384,optimized_transform,4,13,100,120.852575302,16777216,138.823818674,8388608,2909,true,1,0.120852575302
fp16,16,64,16,256,16384,control_shuffle32_transform,4,14,100,43.4278821945,16777216,386.323604841,8388608,2909,true,1,0.0434278821945
bf16,1,1,1,64,1,baseline_transform,0,0,100,9.00639951229,256,0.0284242331967,128,2909,true,1,0.00900639951229
bf16,1,1,1,64,1,control_optimized_transform,0,1,100,9.3561142683,256,0.0273617863847,128,2909,true,1,0.0093561142683
bf16,1,1,1,64,1,optimized_transform,0,2,100,9.22628581524,256,0.0277468100519,128,2909,true,1,0.00922628581524
bf16,1,1,1,64,1,control_shuffle32_transform,0,3,100,7.89600014687,256,0.0324214786269,128,2909,true,1,0.00789600014687
bf16,1,1,1,64,1,shuffle32_transform,0,4,100,8.09462845325,256,0.0316259111185,128,2909,true,1,0.00809462845325
bf16,1,1,1,64,1,baseline_split,0,5,100,69.6370267868,420,0.00603127415658,128,2909,true,1,0.0696370267868
bf16,1,1,1,64,1,control_optimized_split,0,6,100,64.1460561752,420,0.0065475576371,128,2909,true,1,0.0641460561752
bf16,1,1,1,64,1,optimized_split,0,7,100,33.7522292137,420,0.0124436225335,128,2909,true,1,0.0337522292137
bf16,1,1,1,64,1,control_shuffle32_split,0,8,100,93.8669681549,420,0.0044744174469,128,2909,true,1,0.0938669681549
bf16,1,1,1,64,1,shuffle32_split,0,9,100,34.7588562965,420,0.0120832514286,128,2909,true,1,0.0347588562965
bf16,1,1,1,64,1,baseline_fused,0,10,100,65.1305103302,164,0.00251802111128,128,2909,true,1,0.0651305103302
bf16,1,1,1,64,1,control_optimized_fused,0,11,100,58.5170269012,164,0.00280260308298,128,2909,true,1,0.0585170269012
bf16,1,1,1,64,1,optimized_fused,0,12,100,28.7252569199,164,0.00570926138128,128,2909,true,1,0.0287252569199
bf16,1,1,1,64,1,control_shuffle32_fused,0,13,100,89.3714237213,164,0.00183503846276,128,2909,true,1,0.0893714237213
bf16,1,1,1,64,1,shuffle32_fused,0,14,100,29.6745157242,164,0.00552662768027,128,2909,true,1,0.0296745157242
bf16,1,1,1,64,1,control_optimized_transform,1,0,100,9.36845719814,256,0.0273257372677,128,2909,true,1,0.00936845719814
bf16,1,1,1,64,1,optimized_transform,1,1,100,9.27382826805,256,0.027604565515,128,2909,true,1,0.00927382826805
bf16,1,1,1,64,1,control_shuffle32_transform,1,2,100,7.97417104244,256,0.0321036504782,128,2909,true,1,0.00797417104244
bf16,1,1,1,64,1,shuffle32_transform,1,3,100,7.98308610916,256,0.0320677989063,128,2909,true,1,0.00798308610916
bf16,1,1,1,64,1,baseline_split,1,4,100,69.6317720413,420,0.00603172930528,128,2909,true,1,0.0696317720413
bf16,1,1,1,64,1,control_optimized_split,1,5,100,64.1318893433,420,0.00654900400255,128,2909,true,1,0.0641318893433
bf16,1,1,1,64,1,optimized_split,1,6,100,33.7188577652,420,0.012455937948,128,2909,true,1,0.0337188577652
bf16,1,1,1,64,1,control_shuffle32_split,1,7,100,94.5234298706,420,0.00444334278364,128,2909,true,1,0.0945234298706
bf16,1,1,1,64,1,shuffle32_split,1,8,100,34.6914291382,420,0.0121067367483,128,2909,true,1,0.0346914291382
bf16,1,1,1,64,1,baseline_fused,1,9,100,65.1378297806,164,0.00251773816463,128,2909,true,1,0.0651378297806
bf16,1,1,1,64,1,control_optimized_fused,1,10,100,58.5188579559,164,0.00280251538954,128,2909,true,1,0.0585188579559
bf16,1,1,1,64,1,optimized_fused,1,11,100,28.8066291809,164,0.00569313399947,128,2909,true,1,0.0288066291809
bf16,1,1,1,64,1,control_shuffle32_fused,1,12,100,89.3714237213,164,0.00183503846276,128,2909,true,1,0.0893714237213
bf16,1,1,1,64,1,shuffle32_fused,1,13,100,29.6338272095,164,0.00553421597692,128,2909,true,1,0.0296338272095
bf16,1,1,1,64,1,baseline_transform,1,14,100,9.14811432362,256,0.0279839091362,128,2909,true,1,0.00914811432362
bf16,1,1,1,64,1,optimized_transform,2,0,100,9.23405706882,256,0.0277234587237,128,2909,true,1,0.00923405706882
bf16,1,1,1,64,1,control_shuffle32_transform,2,1,100,7.94994294643,256,0.0322014889572,128,2909,true,1,0.00794994294643
bf16,1,1,1,64,1,shuffle32_transform,2,2,100,7.98834323883,256,0.0320466950839,128,2909,true,1,0.00798834323883
bf16,1,1,1,64,1,baseline_split,2,3,100,69.5837688446,420,0.00603589036601,128,2909,true,1,0.0695837688446
bf16,1,1,1,64,1,control_optimized_split,2,4,100,64.0834283829,420,0.00655395646891,128,2909,true,1,0.0640834283829
bf16,1,1,1,64,1,optimized_split,2,5,100,34.0258288383,420,0.0123435641199,128,2909,true,1,0.0340258288383
bf16,1,1,1,64,1,control_shuffle32_split,2,6,100,93.871088028,420,0.00447422107087,128,2909,true,1,0.093871088028
bf16,1,1,1,64,1,shuffle32_split,2,7,100,34.8925709724,420,0.0120369462122,128,2909,true,1,0.0348925709724
bf16,1,1,1,64,1,baseline_fused,2,8,100,65.1325702667,164,0.00251794147426,128,2909,true,1,0.0651325702667
bf16,1,1,1,64,1,control_optimized_fused,2,9,100,58.5924577713,164,0.00279899506247,128,2909,true,1,0.0585924577713
bf16,1,1,1,64,1,optimized_fused,2,10,100,28.7634301186,164,0.00570168437227,128,2909,true,1,0.0287634301186
bf16,1,1,1,64,1,control_shuffle32_fused,2,11,100,89.3238830566,164,0.00183601512147,128,2909,true,1,0.0893238830566
bf16,1,1,1,64,1,shuffle32_fused,2,12,100,29.6009135246,164,0.00554036955189,128,2909,true,1,0.0296009135246
bf16,1,1,1,64,1,baseline_transform,2,13,100,9.0660572052,256,0.0282371922221,128,2909,true,1,0.0090660572052
bf16,1,1,1,64,1,control_optimized_transform,2,14,100,9.47634279728,256,0.0270146411413,128,2909,true,1,0.00947634279728
bf16,1,1,1,64,1,control_shuffle32_transform,3,0,100,8.01188588142,256,0.0319525270066,128,2909,true,1,0.00801188588142
bf16,1,1,1,64,1,shuffle32_transform,3,1,100,7.99337148666,256,0.0320265360402,128,2909,true,1,0.00799337148666
bf16,1,1,1,64,1,baseline_split,3,2,100,69.6409130096,420,0.00603093758897,128,2909,true,1,0.0696409130096
bf16,1,1,1,64,1,control_optimized_split,3,3,100,64.1161155701,420,0.006550615181,128,2909,true,1,0.0641161155701
bf16,1,1,1,64,1,optimized_split,3,4,100,33.789255619,420,0.0124299867607,128,2909,true,1,0.033789255619
bf16,1,1,1,64,1,control_shuffle32_split,3,5,100,93.9037704468,420,0.00447266385579,128,2909,true,1,0.0939037704468
bf16,1,1,1,64,1,shuffle32_split,3,6,100,34.7369146347,420,0.0120908838455,128,2909,true,1,0.0347369146347
bf16,1,1,1,64,1,baseline_fused,3,7,100,65.1376008987,164,0.00251774701151,128,2909,true,1,0.0651376008987
bf16,1,1,1,64,1,control_optimized_fused,3,8,100,58.5707426071,164,0.00280003279282,128,2909,true,1,0.0585707426071
bf16,1,1,1,64,1,optimized_fused,3,9,100,28.8018274307,164,0.00569408314089,128,2909,true,1,0.0288018274307
bf16,1,1,1,64,1,control_shuffle32_fused,3,10,100,89.3737125397,164,0.00183499146829,128,2909,true,1,0.0893737125397
bf16,1,1,1,64,1,shuffle32_fused,3,11,100,29.6948575974,164,0.00552284177361,128,2909,true,1,0.0296948575974
bf16,1,1,1,64,1,baseline_transform,3,12,100,9.03611421585,256,0.0283307618612,128,2909,true,1,0.00903611421585
bf16,1,1,1,64,1,control_optimized_transform,3,13,100,9.32457149029,256,0.0274543447135,128,2909,true,1,0.00932457149029
bf16,1,1,1,64,1,optimized_transform,3,14,100,9.23702836037,256,0.0277145408688,128,2909,true,1,0.00923702836037
bf16,1,1,1,64,1,shuffle32_transform,4,0,100,7.96800017357,256,0.0321285133564,128,2909,true,1,0.00796800017357
bf16,1,1,1,64,1,baseline_split,4,1,100,69.6086835861,420,0.00603372996532,128,2909,true,1,0.0696086835861
bf16,1,1,1,64,1,control_optimized_split,4,2,100,64.1661691666,420,0.00654550529438,128,2909,true,1,0.0641661691666
bf16,1,1,1,64,1,optimized_split,4,3,100,33.7835431099,420,0.0124320885655,128,2909,true,1,0.0337835431099
bf16,1,1,1,64,1,control_shuffle32_split,4,4,100,93.9058303833,420,0.00447256574257,128,2909,true,1,0.0939058303833
bf16,1,1,1,64,1,shuffle32_split,4,5,100,35.1469707489,420,0.0119498207399,128,2909,true,1,0.0351469707489
bf16,1,1,1,64,1,baseline_fused,4,6,100,65.1316595078,164,0.00251797668353,128,2909,true,1,0.0651316595078
bf16,1,1,1,64,1,control_optimized_fused,4,7,100,58.5595417023,164,0.00280056836568,128,2909,true,1,0.0585595417023
bf16,1,1,1,64,1,optimized_fused,4,8,100,28.7597727776,164,0.00570240944768,128,2909,true,1,0.0287597727776
bf16,1,1,1,64,1,control_shuffle32_fused,4,9,100,89.3776035309,164,0.00183491158323,128,2909,true,1,0.0893776035309
bf16,1,1,1,64,1,shuffle32_fused,4,10,100,29.6038866043,164,0.00553981313981,128,2909,true,1,0.0296038866043
bf16,1,1,1,64,1,baseline_transform,4,11,100,9.09348547459,256,0.028152021655,128,2909,true,1,0.00909348547459
bf16,1,1,1,64,1,control_optimized_transform,4,12,100,9.44251418114,256,0.0271114234079,128,2909,true,1,0.00944251418114
bf16,1,1,1,64,1,optimized_transform,4,13,100,9.26034271717,256,0.0276447651905,128,2909,true,1,0.00926034271717
bf16,1,1,1,64,1,control_shuffle32_transform,4,14,100,7.96937167645,256,0.032122984144,128,2909,true,1,0.00796937167645
bf16,1,17,1,64,17,baseline_transform,0,0,100,9.30377185345,4352,0.467767274236,2176,2909,true,1,0.00930377185345
bf16,1,17,1,64,17,control_optimized_transform,0,1,100,9.43702876568,4352,0.461162099646,2176,2909,true,1,0.00943702876568
bf16,1,17,1,64,17,optimized_transform,0,2,100,9.45051431656,4352,0.460504037582,2176,2909,true,1,0.00945051431656
bf16,1,17,1,64,17,control_shuffle32_transform,0,3,100,7.91474282742,4352,0.549859937953,2176,2909,true,1,0.00791474282742
bf16,1,17,1,64,17,shuffle32_transform,0,4,100,7.94445693493,4352,0.547803334532,2176,2909,true,1,0.00794445693493
bf16,1,17,1,64,17,baseline_split,0,5,100,70.2034282684,7140,0.101704434899,2176,2909,true,1,0.0702034282684
bf16,1,17,1,64,17,control_optimized_split,0,6,100,64.4493722916,7140,0.110784632125,2176,2909,true,1,0.0644493722916
bf16,1,17,1,64,17,optimized_split,0,7,100,34.2221713066,7140,0.208636674045,2176,2909,true,1,0.0342221713066
bf16,1,17,1,64,17,control_shuffle32_split,0,8,100,94.5042228699,7140,0.0755521793966,2176,2909,true,1,0.0945042228699
bf16,1,17,1,64,17,shuffle32_split,0,9,100,34.5796585083,7140,0.206479771866,2176,2909,true,1,0.0345796585083
bf16,1,17,1,64,17,baseline_fused,0,10,100,65.4454851151,2788,0.0426003412626,2176,2909,true,1,0.0654454851151
bf16,1,17,1,64,17,control_optimized_fused,0,11,100,58.8185167313,2788,0.0474000392213,2176,2909,true,1,0.0588185167313
bf16,1,17,1,64,17,optimized_fused,0,12,100,28.9307427406,2788,0.0963680754758,2176,2909,true,1,0.0289307427406
bf16,1,17,1,64,17,control_shuffle32_fused,0,13,100,89.0660572052,2788,0.0313026094057,2176,2909,true,1,0.0890660572052
bf16,1,17,1,64,17,shuffle32_fused,0,14,100,29.7051429749,2788,0.0938558014132,2176,2909,true,1,0.0297051429749
bf16,1,17,1,64,17,control_optimized_transform,1,0,100,9.59200024605,4352,0.45371141455,2176,2909,true,1,0.00959200024605
bf16,1,17,1,64,17,optimized_transform,1,1,100,9.51931416988,4352,0.457175792534,2176,2909,true,1,0.00951931416988
bf16,1,17,1,64,17,control_shuffle32_transform,1,2,100,8.07657122612,4352,0.538842520936,2176,2909,true,1,0.00807657122612
bf16,1,17,1,64,17,shuffle32_transform,1,3,100,8.11725735664,4352,0.53614168047,2176,2909,true,1,0.00811725735664
bf16,1,17,1,64,17,baseline_split,1,4,100,70.1853704453,7140,0.101730602185,2176,2909,true,1,0.0701853704453
bf16,1,17,1,64,17,control_optimized_split,1,5,100,64.4443416595,7140,0.110793280157,2176,2909,true,1,0.0644443416595
bf16,1,17,1,64,17,optimized_split,1,6,100,34.3364572525,7140,0.207942244813,2176,2909,true,1,0.0343364572525
bf16,1,17,1,64,17,control_shuffle32_split,1,7,100,94.5286846161,7140,0.0755326283127,2176,2909,true,1,0.0945286846161
bf16,1,17,1,64,17,shuffle32_split,1,8,100,34.6249127388,7140,0.206209905967,2176,2909,true,1,0.0346249127388
bf16,1,17,1,64,17,baseline_fused,1,9,100,65.4489135742,2788,0.0425981096972,2176,2909,true,1,0.0654489135742
bf16,1,17,1,64,17,control_optimized_fused,1,10,100,58.8237714767,2788,0.0473958049613,2176,2909,true,1,0.0588237714767
bf16,1,17,1,64,17,optimized_fused,1,11,100,28.9714288712,2788,0.0962327406218,2176,2909,true,1,0.0289714288712
bf16,1,17,1,64,17,control_shuffle32_fused,1,12,100,89.1108512878,2788,0.0312868742662,2176,2909,true,1,0.0891108512878
bf16,1,17,1,64,17,shuffle32_fused,1,13,100,29.7035431862,2788,0.0938608563471,2176,2909,true,1,0.0297035431862
bf16,1,17,1,64,17,baseline_transform,1,14,100,9.34925675392,4352,0.465491548103,2176,2909,true,1,0.00934925675392
bf16,1,17,1,64,17,optimized_transform,2,0,100,9.60114300251,4352,0.45327936464,2176,2909,true,1,0.00960114300251
bf16,1,17,1,64,17,control_shuffle32_transform,2,1,100,8.02971422672,4352,0.54198690976,2176,2909,true,1,0.00802971422672
bf16,1,17,1,64,17,shuffle32_transform,2,2,100,8.08868527412,4352,0.538035521536,2176,2909,true,1,0.00808868527412
bf16,1,17,1,64,17,baseline_split,2,3,100,70.2052545547,7140,0.101701789208,2176,2909,true,1,0.0702052545547
bf16,1,17,1,64,17,control_optimized_split,2,4,100,64.4962310791,7140,0.110704143181,2176,2909,true,1,0.0644962310791
bf16,1,17,1,64,17,optimized_split,2,5,100,34.3821716309,7140,0.207665765754,2176,2909,true,1,0.0343821716309
bf16,1,17,1,64,17,control_shuffle32_split,2,6,100,94.4703960419,7140,0.0755792322161,2176,2909,true,1,0.0944703960419
bf16,1,17,1,64,17,shuffle32_split,2,7,100,34.8875427246,7140,0.204657578103,2176,2909,true,1,0.0348875427246
bf16,1,17,1,64,17,baseline_fused,2,8,100,65.4626274109,2788,0.0425891857731,2176,2909,true,1,0.0654626274109
bf16,1,17,1,64,17,control_optimized_fused,2,9,100,58.8557720184,2788,0.0473700353319,2176,2909,true,1,0.0588557720184
bf16,1,17,1,64,17,optimized_fused,2,10,100,28.9428567886,2788,0.0963277405669,2176,2909,true,1,0.0289428567886
bf16,1,17,1,64,17,control_shuffle32_fused,2,11,100,89.0614795685,2788,0.0313042183165,2176,2909,true,1,0.0890614795685
bf16,1,17,1,64,17,shuffle32_fused,2,12,100,29.703772068,2788,0.0938601331041,2176,2909,true,1,0.029703772068
bf16,1,17,1,64,17,baseline_transform,2,13,100,9.32799994946,4352,0.466552318137,2176,2909,true,1,0.00932799994946
bf16,1,17,1,64,17,control_optimized_transform,2,14,100,9.56342875957,4352,0.455066912653,2176,2909,true,1,0.00956342875957
bf16,1,17,1,64,17,control_shuffle32_transform,3,0,100,8.00320029259,4352,0.543782467125,2176,2909,true,1,0.00800320029259
bf16,1,17,1,64,17,shuffle32_transform,3,1,100,8.08251440525,4352,0.538446302944,2176,2909,true,1,0.00808251440525
bf16,1,17,1,64,17,baseline_split,3,2,100,70.2182865143,7140,0.101682914159,2176,2909,true,1,0.0702182865143
bf16,1,17,1,64,17,control_optimized_split,3,3,100,64.5739459991,7140,0.110570910443,2176,2909,true,1,0.0645739459991
bf16,1,17,1,64,17,optimized_split,3,4,100,34.5286870003,7140,0.206784578862,2176,2909,true,1,0.0345286870003
bf16,1,17,1,64,17,control_shuffle32_split,3,5,100,93.9147472382,7140,0.0760263985154,2176,2909,true,1,0.0939147472382
bf16,1,17,1,64,17,shuffle32_split,3,6,100,34.7506284714,7140,0.20546390998,2176,2909,true,1,0.0347506284714
bf16,1,17,1,64,17,baseline_fused,3,7,100,65.4550886154,2788,0.0425940909863,2176,2909,true,1,0.0654550886154
bf16,1,17,1,64,17,control_optimized_fused,3,8,100,58.8228559494,2788,0.0473965426364,2176,2909,true,1,0.0588228559494
bf16,1,17,1,64,17,optimized_fused,3,9,100,28.9346265793,2788,0.0963551401764,2176,2909,true,1,0.0289346265793
bf16,1,17,1,64,17,control_shuffle32_fused,3,10,100,89.0658283234,2788,0.0313026898473,2176,2909,true,1,0.0890658283234
bf16,1,17,1,64,17,shuffle32_fused,3,11,100,29.6884560585,2788,0.0939085547091,2176,2909,true,1,0.0296884560585
bf16,1,17,1,64,17,baseline_transform,3,12,100,9.42651391029,4352,0.461676505378,2176,2909,true,1,0.00942651391029
bf16,1,17,1,64,17,control_optimized_transform,3,13,100,9.51017141342,4352,0.457615305846,2176,2909,true,1,0.00951017141342
bf16,1,17,1,64,17,optimized_transform,3,14,100,9.51474308968,4352,0.457395429281,2176,2909,true,1,0.00951474308968
bf16,1,17,1,64,17,shuffle32_transform,4,0,100,8.14674317837,4352,0.534201202212,2176,2909,true,1,0.00814674317837
bf16,1,17,1,64,17,baseline_split,4,1,100,70.2011442184,7140,0.101707743933,2176,2909,true,1,0.0702011442184
bf16,1,17,1,64,17,control_optimized_split,4,2,100,64.4548559189,7140,0.110775206898,2176,2909,true,1,0.0644548559189
bf16,1,17,1,64,17,optimized_split,4,3,100,34.3019413948,7140,0.208151483842,2176,2909,true,1,0.0343019413948
bf16,1,17,1,64,17,control_shuffle32_split,4,4,100,93.8745117188,7140,0.0760589841617,2176,2909,true,1,0.0938745117187
bf16,1,17,1,64,17,shuffle32_split,4,5,100,34.5938277245,7140,0.206395200233,2176,2909,true,1,0.0345938277245
bf16,1,17,1,64,17,baseline_fused,4,6,100,65.4534864426,2788,0.042595133606,2176,2909,true,1,0.0654534864426
bf16,1,17,1,64,17,control_optimized_fused,4,7,100,58.8191986084,2788,0.0473994897238,2176,2909,true,1,0.0588191986084
bf16,1,17,1,64,17,optimized_fused,4,8,100,28.9419436455,2788,0.0963307797898,2176,2909,true,1,0.0289419436455
bf16,1,17,1,64,17,control_shuffle32_fused,4,9,100,89.1168022156,2788,0.0312847850314,2176,2909,true,1,0.0891168022156
bf16,1,17,1,64,17,shuffle32_fused,4,10,100,29.7133708,2788,0.0938298121329,2176,2909,true,1,0.0297133708
bf16,1,17,1,64,17,baseline_transform,4,11,100,9.24822866917,4352,0.470576599658,2176,2909,true,1,0.00924822866917
bf16,1,17,1,64,17,control_optimized_transform,4,12,100,9.42719995975,4352,0.461642907606,2176,2909,true,1,0.00942719995975
bf16,1,17,1,64,17,optimized_transform,4,13,100,9.51405704021,4352,0.457428411623,2176,2909,true,1,0.00951405704021
bf16,1,17,1,64,17,control_shuffle32_transform,4,14,100,7.98628568649,4352,0.544934174764,2176,2909,true,1,0.00798628568649
bf16,1,257,1,64,257,baseline_transform,0,0,100,9.51725721359,65792,6.91291603489,32896,2909,true,1,0.00951725721359
bf16,1,257,1,64,257,control_optimized_transform,0,1,100,9.61714327335,65792,6.84111675681,32896,2909,true,1,0.00961714327335
bf16,1,257,1,64,257,optimized_transform,0,2,100,9.6303999424,65792,6.83169965874,32896,2909,true,1,0.0096303999424
bf16,1,257,1,64,257,control_shuffle32_transform,0,3,100,8.92434239388,65792,7.37219585447,32896,2909,true,1,0.00892434239388
bf16,1,257,1,64,257,shuffle32_transform,0,4,100,8.9275431633,65792,7.36955271977,32896,2909,true,1,0.0089275431633
bf16,1,257,1,64,257,baseline_split,0,5,100,70.8717727661,107940,1.52303231297,32896,2909,true,1,0.0708717727661
bf16,1,257,1,64,257,control_optimized_split,0,6,100,64.5894813538,107940,1.67116994498,32896,2909,true,1,0.0645894813538
bf16,1,257,1,64,257,optimized_split,0,7,100,34.6644568443,107940,3.11385233828,32896,2909,true,1,0.0346644568443
bf16,1,257,1,64,257,control_shuffle32_split,0,8,100,103.026514053,107940,1.04769147041,32896,2909,true,1,0.103026514053
bf16,1,257,1,64,257,shuffle32_split,0,9,100,39.3981719017,107940,2.73972102739,32896,2909,true,1,0.0393981719017
bf16,1,257,1,64,257,baseline_fused,0,10,100,65.9250259399,42148,0.639332323333,32896,2909,true,1,0.0659250259399
bf16,1,257,1,64,257,control_optimized_fused,0,11,100,59.1803455353,42148,0.71219590928,32896,2909,true,1,0.0591803455353
bf16,1,257,1,64,257,optimized_fused,0,12,100,29.1650271416,42148,1.44515552121,32896,2909,true,1,0.0291650271416
bf16,1,257,1,64,257,control_shuffle32_fused,0,13,100,95.9741687775,42148,0.439159833702,32896,2909,true,1,0.0959741687775
bf16,1,257,1,64,257,shuffle32_fused,0,14,100,33.3515429497,42148,1.26374962812,32896,2909,true,1,0.0333515429497
bf16,1,257,1,64,257,control_optimized_transform,1,0,100,9.56914246082,65792,6.87543322397,32896,2909,true,1,0.00956914246082
bf16,1,257,1,64,257,optimized_transform,1,1,100,9.67702805996,65792,6.79878156727,32896,2909,true,1,0.00967702805996
bf16,1,257,1,64,257,control_shuffle32_transform,1,2,100,9.01120007038,65792,7.30113630661,32896,2909,true,1,0.00901120007038
bf16,1,257,1,64,257,shuffle32_transform,1,3,100,8.95017147064,65792,7.3509206182,32896,2909,true,1,0.00895017147064
bf16,1,257,1,64,257,baseline_split,1,4,100,70.9149694443,107940,1.52210458308,32896,2909,true,1,0.0709149694443
bf16,1,257,1,64,257,control_optimized_split,1,5,100,64.6258306503,107940,1.67022998256,32896,2909,true,1,0.0646258306503
bf16,1,257,1,64,257,optimized_split,1,6,100,34.6633148193,107940,3.11395492793,32896,2909,true,1,0.0346633148193
bf16,1,257,1,64,257,control_shuffle32_split,1,7,100,102.975997925,107940,1.04820542821,32896,2909,true,1,0.102975997925
bf16,1,257,1,64,257,shuffle32_split,1,8,100,39.3967986107,107940,2.73981652841,32896,2909,true,1,0.0393967986107
bf16,1,257,1,64,257,baseline_fused,1,9,100,65.9261751175,42148,0.639321178953,32896,2909,true,1,0.0659261751175
bf16,1,257,1,64,257,control_optimized_fused,1,10,100,59.1871976852,42148,0.712113457781,32896,2909,true,1,0.0591871976852
bf16,1,257,1,64,257,optimized_fused,1,11,100,29.1823983192,42148,1.44429527481,32896,2909,true,1,0.0291823983192
bf16,1,257,1,64,257,control_shuffle32_fused,1,12,100,95.9993171692,42148,0.439044789514,32896,2909,true,1,0.0959993171692
bf16,1,257,1,64,257,shuffle32_fused,1,13,100,33.2848000526,42148,1.26628370708,32896,2909,true,1,0.0332848000526
bf16,1,257,1,64,257,baseline_transform,1,14,100,9.61394309998,65792,6.84339394521,32896,2909,true,1,0.00961394309998
bf16,1,257,1,64,257,optimized_transform,2,0,100,9.64571416378,65792,6.82085316679,32896,2909,true,1,0.00964571416378
bf16,1,257,1,64,257,control_shuffle32_transform,2,1,100,8.9003431797,65792,7.39207451574,32896,2909,true,1,0.0089003431797
bf16,1,257,1,64,257,shuffle32_transform,2,2,100,8.93485724926,65792,7.36351999417,32896,2909,true,1,0.00893485724926
bf16,1,257,1,64,257,baseline_split,2,3,100,70.8806848526,107940,1.52284081657,32896,2909,true,1,0.0708806848526
bf16,1,257,1,64,257,control_optimized_split,2,4,100,64.6642255783,107940,1.66923826946,32896,2909,true,1,0.0646642255783
bf16,1,257,1,64,257,optimized_split,2,5,100,34.6377134323,107940,3.11625651072,32896,2909,true,1,0.0346377134323
bf16,1,257,1,64,257,control_shuffle32_split,2,6,100,102.357025146,107940,1.05454412968,32896,2909,true,1,0.102357025146
bf16,1,257,1,64,257,shuffle32_split,2,7,100,39.5309686661,107940,2.73051745612,32896,2909,true,1,0.0395309686661
bf16,1,257,1,64,257,baseline_fused,2,8,100,65.9165716171,42148,0.639414322772,32896,2909,true,1,0.0659165716171
bf16,1,257,1,64,257,control_optimized_fused,2,9,100,59.1865158081,42148,0.712121661911,32896,2909,true,1,0.0591865158081
bf16,1,257,1,64,257,optimized_fused,2,10,100,29.1364574432,42148,1.44657256573,32896,2909,true,1,0.0291364574432
bf16,1,257,1,64,257,control_shuffle32_fused,2,11,100,95.9846878052,42148,0.439111705875,32896,2909,true,1,0.0959846878052
bf16,1,257,1,64,257,shuffle32_fused,2,12,100,33.2973718643,42148,1.26580560687,32896,2909,true,1,0.0332973718643
bf16,1,257,1,64,257,baseline_transform,2,13,100,9.63931441307,65792,6.82538167972,32896,2909,true,1,0.00963931441307
bf16,1,257,1,64,257,control_optimized_transform,2,14,100,9.61028575897,65792,6.84599830328,32896,2909,true,1,0.00961028575897
bf16,1,257,1,64,257,control_shuffle32_transform,3,0,100,9.03565704823,65792,7.28137418772,32896,2909,true,1,0.00903565704823
bf16,1,257,1,64,257,shuffle32_transform,3,1,100,8.98674309254,65792,7.32100598877,32896,2909,true,1,0.00898674309254
bf16,1,257,1,64,257,baseline_split,3,2,100,70.8676528931,107940,1.52312085406,32896,2909,true,1,0.0708676528931
bf16,1,257,1,64,257,control_optimized_split,3,3,100,64.6272039413,107940,1.67019449113,32896,2909,true,1,0.0646272039413
bf16,1,257,1,64,257,optimized_split,3,4,100,34.6914291382,107940,3.11143134433,32896,2909,true,1,0.0346914291382
bf16,1,257,1,64,257,control_shuffle32_split,3,5,100,102.98743248,107940,1.04808904738,32896,2909,true,1,0.10298743248
bf16,1,257,1,64,257,shuffle32_split,3,6,100,39.4706296921,107940,2.73469161354,32896,2909,true,1,0.0394706296921
bf16,1,257,1,64,257,baseline_fused,3,7,100,65.9236574173,42148,0.639345595363,32896,2909,true,1,0.0659236574173
bf16,1,257,1,64,257,control_optimized_fused,3,8,100,59.1824007034,42148,0.712171177564,32896,2909,true,1,0.0591824007034
bf16,1,257,1,64,257,optimized_fused,3,9,100,29.1572570801,42148,1.44554063794,32896,2909,true,1,0.0291572570801
bf16,1,257,1,64,257,control_shuffle32_fused,3,10,100,95.9906291962,42148,0.439084526823,32896,2909,true,1,0.0959906291962
bf16,1,257,1,64,257,shuffle32_fused,3,11,100,33.2861709595,42148,1.26623155458,32896,2909,true,1,0.0332861709595
bf16,1,257,1,64,257,baseline_transform,3,12,100,9.59839999676,65792,6.85447574827,32896,2909,true,1,0.00959839999676
bf16,1,257,1,64,257,control_optimized_transform,3,13,100,9.61348593235,65792,6.8437193816,32896,2909,true,1,0.00961348593235
bf16,1,257,1,64,257,optimized_transform,3,14,100,9.61897134781,65792,6.83981661043,32896,2909,true,1,0.00961897134781
bf16,1,257,1,64,257,shuffle32_transform,4,0,100,9.02971446514,65792,7.28616616328,32896,2909,true,1,0.00902971446514
bf16,1,257,1,64,257,baseline_split,4,1,100,70.896229744,107940,1.52250691454,32896,2909,true,1,0.070896229744
bf16,1,257,1,64,257,control_optimized_split,4,2,100,64.5807981491,107940,1.67139464196,32896,2909,true,1,0.0645807981491
bf16,1,257,1,64,257,optimized_split,4,3,100,34.7156572342,107940,3.10925987291,32896,2909,true,1,0.0347156572342
bf16,1,257,1,64,257,control_shuffle32_split,4,4,100,102.340803146,107940,1.05471128505,32896,2909,true,1,0.102340803146
bf16,1,257,1,64,257,shuffle32_split,4,5,100,39.3490314484,107940,2.7431424873,32896,2909,true,1,0.0393490314484
bf16,1,257,1,64,257,baseline_fused,4,6,100,65.919084549,42148,0.639389947363,32896,2909,true,1,0.065919084549
bf16,1,257,1,64,257,control_optimized_fused,4,7,100,59.1837692261,42148,0.712154709833,32896,2909,true,1,0.0591837692261
bf16,1,257,1,64,257,optimized_fused,4,8,100,29.1355419159,42148,1.44661802144,32896,2909,true,1,0.0291355419159
bf16,1,257,1,64,257,control_shuffle32_fused,4,9,100,95.986738205,42148,0.439102325886,32896,2909,true,1,0.095986738205
bf16,1,257,1,64,257,shuffle32_fused,4,10,100,33.2354283333,42148,1.26816479022,32896,2909,true,1,0.0332354283333
bf16,1,257,1,64,257,baseline_transform,4,11,100,9.51405704021,65792,6.9152412816,32896,2909,true,1,0.00951405704021
bf16,1,257,1,64,257,control_optimized_transform,4,12,100,9.60754275322,65792,6.84795287306,32896,2909,true,1,0.00960754275322
bf16,1,257,1,64,257,optimized_transform,4,13,100,9.61005687714,65792,6.84616135379,32896,2909,true,1,0.00961005687714
bf16,1,257,1,64,257,control_shuffle32_transform,4,14,100,9.02377128601,65792,7.29096493192,32896,2909,true,1,0.00902377128601
bf16,4,64,16,64,4096,baseline_transform,0,0,100,23.1785130501,1048576,45.2391401353,524288,2909,true,1,0.0231785130501
bf16,4,64,16,64,4096,control_optimized_transform,0,1,100,23.9766860008,1048576,43.7331497757,524288,2909,true,1,0.0239766860008
bf16,4,64,16,64,4096,optimized_transform,0,2,100,24.0121150017,1048576,43.6686231066,524288,2909,true,1,0.0240121150017
bf16,4,64,16,64,4096,control_shuffle32_transform,0,3,100,11.2308573723,1048576,93.3656234107,524288,2909,true,1,0.0112308573723
bf16,4,64,16,64,4096,shuffle32_transform,0,4,100,11.2272000313,1048576,93.3960379327,524288,2909,true,1,0.0112272000313
bf16,4,64,16,64,4096,baseline_split,0,5,100,437.782859802,1720320,3.9296193569,524288,2909,true,1,0.437782859802
bf16,4,64,16,64,4096,control_optimized_split,0,6,100,380.768699646,1720320,4.51801842326,524288,2909,true,1,0.380768699646
bf16,4,64,16,64,4096,optimized_split,0,7,100,162.241611481,1720320,10.6034449751,524288,2909,true,1,0.162241611481
bf16,4,64,16,64,4096,control_shuffle32_split,0,8,100,248.62537384,1720320,6.91932594581,524288,2909,true,1,0.24862537384
bf16,4,64,16,64,4096,shuffle32_split,0,9,100,72.8886842728,1720320,23.6020174759,524288,2909,true,1,0.0728886842728
bf16,4,64,16,64,4096,baseline_fused,0,10,100,430.543327332,671744,1.56022392488,524288,2909,true,1,0.430543327332
bf16,4,64,16,64,4096,control_optimized_fused,0,11,100,373.686180115,671744,1.79761531399,524288,2909,true,1,0.373686180115
bf16,4,64,16,64,4096,optimized_fused,0,12,100,148.698291779,671744,4.51749641482,524288,2909,true,1,0.148698291779
bf16,4,64,16,64,4096,control_shuffle32_fused,0,13,100,247.959766388,671744,2.70908466234,524288,2909,true,1,0.247959766388
bf16,4,64,16,64,4096,shuffle32_fused,0,14,100,66.7499446869,671744,10.0635888636,524288,2909,true,1,0.0667499446869
bf16,4,64,16,64,4096,control_optimized_transform,1,0,100,23.941257,1048576,43.797867422,524288,2909,true,1,0.023941257
bf16,4,64,16,64,4096,optimized_transform,1,1,100,24.0477705002,1048576,43.6038758766,524288,2909,true,1,0.0240477705002
bf16,4,64,16,64,4096,control_shuffle32_transform,1,2,100,11.393828392,1048576,92.0301731711,524288,2909,true,1,0.011393828392
bf16,4,64,16,64,4096,shuffle32_transform,1,3,100,11.3929140568,1048576,92.0375590279,524288,2909,true,1,0.0113929140568
bf16,4,64,16,64,4096,baseline_split,1,4,100,438.460540771,1720320,3.92354576987,524288,2909,true,1,0.438460540771
bf16,4,64,16,64,4096,control_optimized_split,1,5,100,381.882972717,1720320,4.50483557242,524288,2909,true,1,0.381882972717
bf16,4,64,16,64,4096,optimized_split,1,6,100,162.025604248,1720320,10.6175811409,524288,2909,true,1,0.162025604248
bf16,4,64,16,64,4096,control_shuffle32_split,1,7,100,248.804569244,1720320,6.91434247058,524288,2909,true,1,0.248804569244
bf16,4,64,16,64,4096,shuffle32_split,1,8,100,73.7785148621,1720320,23.317357407,524288,2909,true,1,0.0737785148621
bf16,4,64,16,64,4096,baseline_fused,1,9,100,429.654388428,671744,1.56345196998,524288,2909,true,1,0.429654388428
bf16,4,64,16,64,4096,control_optimized_fused,1,10,100,371.614379883,671744,1.80763726154,524288,2909,true,1,0.371614379883
bf16,4,64,16,64,4096,optimized_fused,1,11,100,148.793144226,671744,4.51461660747,524288,2909,true,1,0.148793144226
bf16,4,64,16,64,4096,control_shuffle32_fused,1,12,100,245.291423798,671744,2.73855477538,524288,2909,true,1,0.245291423798
bf16,4,64,16,64,4096,shuffle32_fused,1,13,100,65.9780597687,671744,10.1813239485,524288,2909,true,1,0.0659780597687
bf16,4,64,16,64,4096,baseline_transform,1,14,100,22.7668571472,1048576,46.0571256375,524288,2909,true,1,0.0227668571472
bf16,4,64,16,64,4096,optimized_transform,2,0,100,24.028570652,1048576,43.6387172248,524288,2909,true,1,0.024028570652
bf16,4,64,16,64,4096,control_shuffle32_transform,2,1,100,11.3044571877,1048576,92.7577487883,524288,2909,true,1,0.0113044571877
bf16,4,64,16,64,4096,shuffle32_transform,2,2,100,11.1810278893,1048576,93.7817176011,524288,2909,true,1,0.0111810278893
bf16,4,64,16,64,4096,baseline_split,2,3,100,438.608665466,1720320,3.92222072989,524288,2909,true,1,0.438608665466
bf16,4,64,16,64,4096,control_optimized_split,2,4,100,381.776237488,1720320,4.50609501346,524288,2909,true,1,0.381776237488
bf16,4,64,16,64,4096,optimized_split,2,5,100,162.238407135,1720320,10.6036544021,524288,2909,true,1,0.162238407135
bf16,4,64,16,64,4096,control_shuffle32_split,2,6,100,248.956794739,1720320,6.91011467193,524288,2909,true,1,0.248956794739
bf16,4,64,16,64,4096,shuffle32_split,2,7,100,71.8374872208,1720320,23.9473855024,524288,2909,true,1,0.0718374872208
bf16,4,64,16,64,4096,baseline_fused,2,8,100,430.838890076,671744,1.55915358496,524288,2909,true,1,0.430838890076
bf16,4,64,16,64,4096,control_optimized_fused,2,9,100,371.277275085,671744,1.8092785233,524288,2909,true,1,0.371277275085
bf16,4,64,16,64,4096,optimized_fused,2,10,100,147.893257141,671744,4.54208672515,524288,2909,true,1,0.147893257141
bf16,4,64,16,64,4096,control_shuffle32_fused,2,11,100,244.293022156,671744,2.74974698038,524288,2909,true,1,0.244293022156
bf16,4,64,16,64,4096,shuffle32_fused,2,12,100,68.570971489,671744,9.79633196692,524288,2909,true,1,0.068570971489
bf16,4,64,16,64,4096,baseline_transform,2,13,100,22.7350854874,1048576,46.1214892103,524288,2909,true,1,0.0227350854874
bf16,4,64,16,64,4096,control_optimized_transform,2,14,100,24.0038847923,1048576,43.6835957626,524288,2909,true,1,0.0240038847923
bf16,4,64,16,64,4096,control_shuffle32_transform,3,0,100,11.2381720543,1048576,93.3048537551,524288,2909,true,1,0.0112381720543
bf16,4,64,16,64,4096,shuffle32_transform,3,1,100,11.3250279427,1048576,92.5892638243,524288,2909,true,1,0.0113250279427
bf16,4,64,16,64,4096,baseline_split,3,2,100,437.733726501,1720320,3.93006043594,524288,2909,true,1,0.437733726501
bf16,4,64,16,64,4096,control_optimized_split,3,3,100,381.440658569,1720320,4.51005932732,524288,2909,true,1,0.381440658569
bf16,4,64,16,64,4096,optimized_split,3,4,100,162.18170166,1720320,10.6073618811,524288,2909,true,1,0.16218170166
bf16,4,64,16,64,4096,control_shuffle32_split,3,5,100,247.650279999,1720320,6.94656997767,524288,2909,true,1,0.247650279999
bf16,4,64,16,64,4096,shuffle32_split,3,6,100,73.193602562,1720320,23.5036934894,524288,2909,true,1,0.073193602562
bf16,4,64,16,64,4096,baseline_fused,3,7,100,429.859199524,671744,1.56270704627,524288,2909,true,1,0.429859199524
bf16,4,64,16,64,4096,control_optimized_fused,3,8,100,373.322753906,671744,1.79936527568,524288,2909,true,1,0.373322753906
bf16,4,64,16,64,4096,optimized_fused,3,9,100,148.427429199,671744,4.5257403138,524288,2909,true,1,0.148427429199
bf16,4,64,16,64,4096,control_shuffle32_fused,3,10,100,247.973480225,671744,2.70893484009,524288,2909,true,1,0.247973480225
bf16,4,64,16,64,4096,shuffle32_fused,3,11,100,65.2397680283,671744,10.2965418226,524288,2909,true,1,0.0652397680283
bf16,4,64,16,64,4096,baseline_transform,3,12,100,22.7673149109,1048576,46.0561996047,524288,2909,true,1,0.0227673149109
bf16,4,64,16,64,4096,control_optimized_transform,3,13,100,23.9332580566,1048576,43.81250549,524288,2909,true,1,0.0239332580566
bf16,4,64,16,64,4096,optimized_transform,3,14,100,24.0313148499,1048576,43.6337340071,524288,2909,true,1,0.0240313148499
bf16,4,64,16,64,4096,shuffle32_transform,4,0,100,11.093941927,1048576,94.5178915577,524288,2909,true,1,0.011093941927
bf16,4,64,16,64,4096,baseline_split,4,1,100,438.199081421,1720320,3.92588682391,524288,2909,true,1,0.438199081421
bf16,4,64,16,64,4096,control_optimized_split,4,2,100,381.525726318,1720320,4.50905373171,524288,2909,true,1,0.381525726318
bf16,4,64,16,64,4096,optimized_split,4,3,100,162.075195312,1720320,10.6143324195,524288,2909,true,1,0.162075195313
bf16,4,64,16,64,4096,control_shuffle32_split,4,4,100,249.119777679,1720320,6.90559383131,524288,2909,true,1,0.249119777679
bf16,4,64,16,64,4096,shuffle32_split,4,5,100,71.8555402756,1720320,23.9413689383,524288,2909,true,1,0.0718555402756
bf16,4,64,16,64,4096,baseline_fused,4,6,100,429.232673645,671744,1.56498803853,524288,2909,true,1,0.429232673645
bf16,4,64,16,64,4096,control_optimized_fused,4,7,100,372.549705505,671744,1.80309899612,524288,2909,true,1,0.372549705505
bf16,4,64,16,64,4096,optimized_fused,4,8,100,148.411426544,671744,4.52622830763,524288,2909,true,1,0.148411426544
bf16,4,64,16,64,4096,control_shuffle32_fused,4,9,100,247.943305969,671744,2.7092645126,524288,2909,true,1,0.247943305969
bf16,4,64,16,64,4096,shuffle32_fused,4,10,100,67.6781749725,671744,9.9255631564,524288,2909,true,1,0.0676781749725
bf16,4,64,16,64,4096,baseline_transform,4,11,100,22.696685791,1048576,46.1995204787,524288,2909,true,1,0.022696685791
bf16,4,64,16,64,4096,control_optimized_transform,4,12,100,23.9510846138,1048576,43.7798962722,524288,2909,true,1,0.0239510846138
bf16,4,64,16,64,4096,optimized_transform,4,13,100,24.0372562408,1048576,43.6229488713,524288,2909,true,1,0.0240372562408
bf16,4,64,16,64,4096,control_shuffle32_transform,4,14,100,11.4719998837,1048576,91.4030692673,524288,2909,true,1,0.0114719998837
bf16,16,64,16,64,16384,baseline_transform,0,0,100,68.1702852249,4194304,61.5268659382,2097152,2909,true,1,0.0681702852249
bf16,16,64,16,64,16384,control_optimized_transform,0,1,100,73.8978290558,4194304,56.7581491039,2097152,2909,true,1,0.0738978290558
bf16,16,64,16,64,16384,optimized_transform,0,2,100,73.9515447617,4194304,56.7169220537,2097152,2909,true,1,0.0739515447617
bf16,16,64,16,64,16384,control_shuffle32_transform,0,3,100,21.3199996948,4194304,196.730959664,2097152,2909,true,1,0.0213199996948
bf16,16,64,16,64,16384,shuffle32_transform,0,4,100,21.2459421158,4194304,197.416710313,2097152,2909,true,1,0.0212459421158
bf16,16,64,16,64,16384,baseline_split,0,5,100,1548.26766968,6881280,4.4445028045,2097152,2909,true,1,1.54826766968
bf16,16,64,16,64,16384,control_optimized_split,0,6,100,1361.00799561,6881280,5.05601732115,2097152,2909,true,1,1.36100799561
bf16,16,64,16,64,16384,optimized_split,0,7,100,576.609382629,6881280,11.934040977,2097152,2909,true,1,0.576609382629
bf16,16,64,16,64,16384,control_shuffle32_split,0,8,100,851.780548096,6881280,8.07870057069,2097152,2909,true,1,0.851780548096
bf16,16,64,16,64,16384,shuffle32_split,0,9,100,228.865375519,6881280,30.0669333856,2097152,2909,true,1,0.228865375519
bf16,16,64,16,64,16384,baseline_fused,0,10,100,1525.97183228,2686976,1.76082935685,2097152,2909,true,1,1.52597183228
bf16,16,64,16,64,16384,control_optimized_fused,0,11,100,1333.6491394,2686976,2.01475479615,2097152,2909,true,1,1.3336491394
bf16,16,64,16,64,16384,optimized_fused,0,12,100,544.566192627,2686976,4.93415866864,2097152,2909,true,1,0.544566192627
bf16,16,64,16,64,16384,control_shuffle32_fused,0,13,100,867.039108276,2686976,3.09902514702,2097152,2909,true,1,0.867039108276
bf16,16,64,16,64,16384,shuffle32_fused,0,14,100,211.920452118,2686976,12.6791726478,2097152,2909,true,1,0.211920452118
bf16,16,64,16,64,16384,control_optimized_transform,1,0,100,73.8918876648,4194304,56.7627128302,2097152,2909,true,1,0.0738918876648
bf16,16,64,16,64,16384,optimized_transform,1,1,100,73.9567995071,4194304,56.7128922283,2097152,2909,true,1,0.0739567995071
bf16,16,64,16,64,16384,control_shuffle32_transform,1,2,100,21.2948584557,4194304,196.963225125,2097152,2909,true,1,0.0212948584557
bf16,16,64,16,64,16384,shuffle32_transform,1,3,100,21.2815999985,4194304,197.085933403,2097152,2909,true,1,0.0212815999985
bf16,16,64,16,64,16384,baseline_split,1,4,100,1548.30001831,6881280,4.4444099455,2097152,2909,true,1,1.54830001831
bf16,16,64,16,64,16384,control_optimized_split,1,5,100,1361.10336304,6881280,5.05566306489,2097152,2909,true,1,1.36110336304
bf16,16,64,16,64,16384,optimized_split,1,6,100,576.504249573,6881280,11.9362173047,2097152,2909,true,1,0.576504249573
bf16,16,64,16,64,16384,control_shuffle32_split,1,7,100,851.821746826,6881280,8.07830984081,2097152,2909,true,1,0.851821746826
bf16,16,64,16,64,16384,shuffle32_split,1,8,100,228.76707077,6881280,30.0798536119,2097152,2909,true,1,0.22876707077
bf16,16,64,16,64,16384,baseline_fused,1,9,100,1525.88088989,2686976,1.76093430215,2097152,2909,true,1,1.52588088989
bf16,16,64,16,64,16384,control_optimized_fused,1,10,100,1333.53607178,2686976,2.01492562284,2097152,2909,true,1,1.33353607178
bf16,16,64,16,64,16384,optimized_fused,1,11,100,544.697608948,2686976,4.93296823019,2097152,2909,true,1,0.544697608948
bf16,16,64,16,64,16384,control_shuffle32_fused,1,12,100,867.093048096,2686976,3.09883236396,2097152,2909,true,1,0.867093048096
bf16,16,64,16,64,16384,shuffle32_fused,1,13,100,211.983547211,2686976,12.6753988003,2097152,2909,true,1,0.211983547211
bf16,16,64,16,64,16384,baseline_transform,1,14,100,68.1419420242,4194304,61.5524576407,2097152,2909,true,1,0.0681419420242
bf16,16,64,16,64,16384,optimized_transform,2,0,100,73.9602279663,4194304,56.7102632771,2097152,2909,true,1,0.0739602279663
bf16,16,64,16,64,16384,control_shuffle32_transform,2,1,100,21.3508558273,4194304,196.446645227,2097152,2909,true,1,0.0213508558273
bf16,16,64,16,64,16384,shuffle32_transform,2,2,100,21.3654851913,4194304,196.312134381,2097152,2909,true,1,0.0213654851913
bf16,16,64,16,64,16384,baseline_split,2,3,100,1548.61679077,6881280,4.44350083314,2097152,2909,true,1,1.54861679077
bf16,16,64,16,64,16384,control_optimized_split,2,4,100,1361.23428345,6881280,5.05517682274,2097152,2909,true,1,1.36123428345
bf16,16,64,16,64,16384,optimized_split,2,5,100,576.572341919,6881280,11.934807655,2097152,2909,true,1,0.576572341919
bf16,16,64,16,64,16384,control_shuffle32_split,2,6,100,851.890106201,6881280,8.07766160202,2097152,2909,true,1,0.851890106201
bf16,16,64,16,64,16384,shuffle32_split,2,7,100,228.804111481,6881280,30.0749840353,2097152,2909,true,1,0.228804111481
bf16,16,64,16,64,16384,baseline_fused,2,8,100,1525.86181641,2686976,1.76095631407,2097152,2909,true,1,1.52586181641
bf16,16,64,16,64,16384,control_optimized_fused,2,9,100,1333.60275269,2686976,2.01482487539,2097152,2909,true,1,1.33360275269
bf16,16,64,16,64,16384,optimized_fused,2,10,100,544.55039978,2686976,4.93430176726,2097152,2909,true,1,0.54455039978
bf16,16,64,16,64,16384,control_shuffle32_fused,2,11,100,867.049179077,2686976,3.09898915176,2097152,2909,true,1,0.867049179077
bf16,16,64,16,64,16384,shuffle32_fused,2,12,100,211.934394836,2686976,12.6783385117,2097152,2909,true,1,0.211934394836
bf16,16,64,16,64,16384,baseline_transform,2,13,100,68.1810283661,4194304,61.5171712794,2097152,2909,true,1,0.0681810283661
bf16,16,64,16,64,16384,control_optimized_transform,2,14,100,73.9152002335,4194304,56.7448100898,2097152,2909,true,1,0.0739152002335
bf16,16,64,16,64,16384,control_shuffle32_transform,3,0,100,21.6701722145,4194304,193.551945895,2097152,2909,true,1,0.0216701722145
bf16,16,64,16,64,16384,shuffle32_transform,3,1,100,21.6486859322,4194304,193.744045858,2097152,2909,true,1,0.0216486859322
bf16,16,64,16,64,16384,baseline_split,3,2,100,1548.64028931,6881280,4.44343340898,2097152,2909,true,1,1.54864028931
bf16,16,64,16,64,16384,control_optimized_split,3,3,100,1360.9866333,6881280,5.05609668135,2097152,2909,true,1,1.3609866333
bf16,16,64,16,64,16384,optimized_split,3,4,100,576.570968628,6881280,11.9348360816,2097152,2909,true,1,0.576570968628
bf16,16,64,16,64,16384,control_shuffle32_split,3,5,100,851.834030151,6881280,8.07819335273,2097152,2909,true,1,0.851834030151
bf16,16,64,16,64,16384,shuffle32_split,3,6,100,228.777370453,6881280,30.0784994004,2097152,2909,true,1,0.228777370453
bf16,16,64,16,64,16384,baseline_fused,3,7,100,1525.93139648,2686976,1.76087601723,2097152,2909,true,1,1.52593139648
bf16,16,64,16,64,16384,control_optimized_fused,3,8,100,1333.71520996,2686976,2.01465498776,2097152,2909,true,1,1.33371520996
bf16,16,64,16,64,16384,optimized_fused,3,9,100,544.655761719,2686976,4.93334724216,2097152,2909,true,1,0.544655761719
bf16,16,64,16,64,16384,control_shuffle32_fused,3,10,100,867.250289917,2686976,3.09827051226,2097152,2909,true,1,0.867250289917
bf16,16,64,16,64,16384,shuffle32_fused,3,11,100,212.097587585,2686976,12.6685835072,2097152,2909,true,1,0.212097587585
bf16,16,64,16,64,16384,baseline_transform,3,12,100,68.1817150116,4194304,61.5165517513,2097152,2909,true,1,0.0681817150116
bf16,16,64,16,64,16384,control_optimized_transform,3,13,100,73.9071989059,4194304,56.750953386,2097152,2909,true,1,0.0739071989059
bf16,16,64,16,64,16384,optimized_transform,3,14,100,73.9682292938,4194304,56.7041287867,2097152,2909,true,1,0.0739682292938
bf16,16,64,16,64,16384,shuffle32_transform,4,0,100,21.7391991615,4194304,192.937374042,2097152,2909,true,1,0.0217391991615
bf16,16,64,16,64,16384,baseline_split,4,1,100,1548.45672607,6881280,4.4439601599,2097152,2909,true,1,1.54845672607
bf16,16,64,16,64,16384,control_optimized_split,4,2,100,1361.20498657,6881280,5.05528562405,2097152,2909,true,1,1.36120498657
bf16,16,64,16,64,16384,optimized_split,4,3,100,576.476325989,6881280,11.9367954759,2097152,2909,true,1,0.576476325989
bf16,16,64,16,64,16384,control_shuffle32_split,4,4,100,851.856460571,6881280,8.07798064405,2097152,2909,true,1,0.851856460571
bf16,16,64,16,64,16384,shuffle32_split,4,5,100,228.81280899,6881280,30.0738408412,2097152,2909,true,1,0.22881280899
bf16,16,64,16,64,16384,baseline_fused,4,6,100,1525.859375,2686976,1.76095913164,2097152,2909,true,1,1.525859375
bf16,16,64,16,64,16384,control_optimized_fused,4,7,100,1333.6882019,2686976,2.01469578584,2097152,2909,true,1,1.3336882019
bf16,16,64,16,64,16384,optimized_fused,4,8,100,544.582633972,2686976,4.93400970281,2097152,2909,true,1,0.544582633972
bf16,16,64,16,64,16384,control_shuffle32_fused,4,9,100,867.048950195,2686976,3.09898996982,2097152,2909,true,1,0.867048950195
bf16,16,64,16,64,16384,shuffle32_fused,4,10,100,211.860351562,2686976,12.6827694761,2097152,2909,true,1,0.211860351562
bf16,16,64,16,64,16384,baseline_transform,4,11,100,68.1851434708,4194304,61.5134585996,2097152,2909,true,1,0.0681851434708
bf16,16,64,16,64,16384,control_optimized_transform,4,12,100,73.9156579971,4194304,56.7444586662,2097152,2909,true,1,0.0739156579971
bf16,16,64,16,64,16384,optimized_transform,4,13,100,73.973941803,4194304,56.6997499088,2097152,2909,true,1,0.073973941803
bf16,16,64,16,64,16384,control_shuffle32_transform,4,14,100,21.7101716995,4194304,193.195339864,2097152,2909,true,1,0.0217101716995
bf16,1,1,1,128,1,baseline_transform,0,0,100,9.70742821693,512,0.0527431147116,256,2909,true,1,0.00970742821693
bf16,1,1,1,128,1,control_optimized_transform,0,1,100,10.0107431412,512,0.0511450541463,256,2909,true,1,0.0100107431412
bf16,1,1,1,128,1,optimized_transform,0,2,100,10.0918865204,512,0.0507338245397,256,2909,true,1,0.0100918865204
bf16,1,1,1,128,1,control_shuffle32_transform,0,3,100,9.59314286709,512,0.0533714557464,256,2909,true,1,0.00959314286709
bf16,1,1,1,128,1,shuffle32_transform,0,4,100,9.46125686169,512,0.0541154317534,256,2909,true,1,0.00946125686169
bf16,1,1,1,128,1,baseline_split,0,5,100,79.1778326035,836,0.0105585107916,256,2909,true,1,0.0791778326035
bf16,1,1,1,128,1,control_optimized_split,0,6,100,63.5140562057,836,0.0131624407248,256,2909,true,1,0.0635140562057
bf16,1,1,1,128,1,optimized_split,0,7,100,34.1577148438,836,0.0244747051676,256,2909,true,1,0.0341577148437
bf16,1,1,1,128,1,control_shuffle32_split,0,8,100,161.44411087,836,0.00517826259188,256,2909,true,1,0.16144411087
bf16,1,1,1,128,1,shuffle32_split,0,9,100,45.5716562271,836,0.0183447359436,256,2909,true,1,0.0455716562271
bf16,1,1,1,128,1,baseline_fused,0,10,100,74.5776033401,324,0.00434446784945,256,2909,true,1,0.0745776033401
bf16,1,1,1,128,1,control_optimized_fused,0,11,100,58.1837701797,324,0.0055685631749,256,2909,true,1,0.0581837701797
bf16,1,1,1,128,1,optimized_fused,0,12,100,28.9056015015,324,0.0112089001152,256,2909,true,1,0.0289056015015
bf16,1,1,1,128,1,control_shuffle32_fused,0,13,100,157.17508316,324,0.00206139544185,256,2909,true,1,0.15717508316
bf16,1,1,1,128,1,shuffle32_fused,0,14,100,40.9391975403,324,0.00791417564258,256,2909,true,1,0.0409391975403
bf16,1,1,1,128,1,control_optimized_transform,1,0,100,10.001142025,512,0.0511941534997,256,2909,true,1,0.010001142025
bf16,1,1,1,128,1,optimized_transform,1,1,100,9.9044573307,512,0.0516938972934,256,2909,true,1,0.0099044573307
bf16,1,1,1,128,1,control_shuffle32_transform,1,2,100,9.43245708942,512,0.0542806603991,256,2909,true,1,0.00943245708942
bf16,1,1,1,128,1,shuffle32_transform,1,3,100,9.48182821274,512,0.0539980253294,256,2909,true,1,0.00948182821274
bf16,1,1,1,128,1,baseline_split,1,4,100,79.2345142365,836,0.0105509575979,256,2909,true,1,0.0792345142365
bf16,1,1,1,128,1,control_optimized_split,1,5,100,63.5323429108,836,0.01315865214,256,2909,true,1,0.0635323429108
bf16,1,1,1,128,1,optimized_split,1,6,100,34.1456007957,836,0.0244833882116,256,2909,true,1,0.0341456007957
bf16,1,1,1,128,1,control_shuffle32_split,1,7,100,161.514282227,836,0.00517601284837,256,2909,true,1,0.161514282227
bf16,1,1,1,128,1,shuffle32_split,1,8,100,45.5469751358,836,0.018354676628,256,2909,true,1,0.0455469751358
bf16,1,1,1,128,1,baseline_fused,1,9,100,74.57508564,324,0.00434461452132,256,2909,true,1,0.07457508564
bf16,1,1,1,128,1,control_optimized_fused,1,10,100,58.2038831711,324,0.00556663889672,256,2909,true,1,0.0582038831711
bf16,1,1,1,128,1,optimized_fused,1,11,100,28.92182827,324,0.0112026112933,256,2909,true,1,0.02892182827
bf16,1,1,1,128,1,control_shuffle32_fused,1,12,100,157.176904678,324,0.00206137155241,256,2909,true,1,0.157176904678
bf16,1,1,1,128,1,shuffle32_fused,1,13,100,40.9620571136,324,0.00790975900212,256,2909,true,1,0.0409620571136
bf16,1,1,1,128,1,baseline_transform,1,14,100,9.68022882938,512,0.0528913116646,256,2909,true,1,0.00968022882938
bf16,1,1,1,128,1,optimized_transform,2,0,100,10.0596570969,512,0.0508963670501,256,2909,true,1,0.0100596570969
bf16,1,1,1,128,1,control_shuffle32_transform,2,1,100,9.38308596611,512,0.0545662697591,256,2909,true,1,0.00938308596611
bf16,1,1,1,128,1,shuffle32_transform,2,2,100,9.4450289011,512,0.0542084100918,256,2909,true,1,0.0094450289011
bf16,1,1,1,128,1,baseline_split,2,3,100,79.2358827591,836,0.010550775367,256,2909,true,1,0.0792358827591
bf16,1,1,1,128,1,control_optimized_split,2,4,100,63.5570287704,836,0.0131535412554,256,2909,true,1,0.0635570287704
bf16,1,1,1,128,1,optimized_split,2,5,100,34.6905136108,836,0.0240988072237,256,2909,true,1,0.0346905136108
bf16,1,1,1,128,1,control_shuffle32_split,2,6,100,161.418514252,836,0.00517908372454,256,2909,true,1,0.161418514252
bf16,1,1,1,128,1,shuffle32_split,2,7,100,45.6233119965,836,0.0183239656092,256,2909,true,1,0.0456233119965
bf16,1,1,1,128,1,baseline_fused,2,8,100,74.6075439453,324,0.00434272437969,256,2909,true,1,0.0746075439453
bf16,1,1,1,128,1,control_optimized_fused,2,9,100,58.2194280624,324,0.00556515257506,256,2909,true,1,0.0582194280624
bf16,1,1,1,128,1,optimized_fused,2,10,100,28.9684581757,324,0.0111845786902,256,2909,true,1,0.0289684581757
bf16,1,1,1,128,1,control_shuffle32_fused,2,11,100,157.192459106,324,0.00206116757662,256,2909,true,1,0.157192459106
bf16,1,1,1,128,1,shuffle32_fused,2,12,100,40.9385156631,324,0.0079143074621,256,2909,true,1,0.0409385156631
bf16,1,1,1,128,1,baseline_transform,2,13,100,9.70788598061,512,0.0527406276735,256,2909,true,1,0.00970788598061
bf16,1,1,1,128,1,control_optimized_transform,2,14,100,9.80274260044,512,0.0522302809396,256,2909,true,1,0.00980274260044
bf16,1,1,1,128,1,control_shuffle32_transform,3,0,100,9.57348585129,512,0.053481042115,256,2909,true,1,0.00957348585129
bf16,1,1,1,128,1,shuffle32_transform,3,1,100,9.50834333897,512,0.0538474455273,256,2909,true,1,0.00950834333897
bf16,1,1,1,128,1,baseline_split,3,2,100,79.2482328415,836,0.0105491311292,256,2909,true,1,0.0792482328415
bf16,1,1,1,128,1,control_optimized_split,3,3,100,64.2370271683,836,0.0130143008924,256,2909,true,1,0.0642370271683
bf16,1,1,1,128,1,optimized_split,3,4,100,34.1154289246,836,0.0245050414535,256,2909,true,1,0.0341154289246
bf16,1,1,1,128,1,control_shuffle32_split,3,5,100,161.330986023,836,0.00518189357549,256,2909,true,1,0.161330986023
bf16,1,1,1,128,1,shuffle32_split,3,6,100,45.5350828171,836,0.0183594702871,256,2909,true,1,0.0455350828171
bf16,1,1,1,128,1,baseline_fused,3,7,100,74.5789718628,324,0.00434438812855,256,2909,true,1,0.0745789718628
bf16,1,1,1,128,1,control_optimized_fused,3,8,100,58.2018327713,324,0.00556683500455,256,2909,true,1,0.0582018327713
bf16,1,1,1,128,1,optimized_fused,3,9,100,28.9152002335,324,0.0112051791924,256,2909,true,1,0.0289152002335
bf16,1,1,1,128,1,control_shuffle32_fused,3,10,100,157.184228897,324,0.00206127549992,256,2909,true,1,0.157184228897
bf16,1,1,1,128,1,shuffle32_fused,3,11,100,40.9433174133,324,0.00791337928798,256,2909,true,1,0.0409433174133
bf16,1,1,1,128,1,baseline_transform,3,12,100,9.68502819538,512,0.0528651016467,256,2909,true,1,0.00968502819538
bf16,1,1,1,128,1,control_optimized_transform,3,13,100,10.0493705273,512,0.0509484647432,256,2909,true,1,0.0100493705273
bf16,1,1,1,128,1,optimized_transform,3,14,100,9.95611429214,512,0.05142568526,256,2909,true,1,0.00995611429214
bf16,1,1,1,128,1,shuffle32_transform,4,0,100,9.55428600311,512,0.0535885151264,256,2909,true,1,0.00955428600311
bf16,1,1,1,128,1,baseline_split,4,1,100,79.1865110397,836,0.0105573536329,256,2909,true,1,0.0791865110397
bf16,1,1,1,128,1,control_optimized_split,4,2,100,63.5510873795,836,0.0131547709799,256,2909,true,1,0.0635510873795
bf16,1,1,1,128,1,optimized_split,4,3,100,34.1437721252,836,0.0244846994917,256,2909,true,1,0.0341437721252
bf16,1,1,1,128,1,control_shuffle32_split,4,4,100,161.335544586,836,0.00518174716021,256,2909,true,1,0.161335544586
bf16,1,1,1,128,1,shuffle32_split,4,5,100,45.6075429916,836,0.0183303011994,256,2909,true,1,0.0456075429916
bf16,1,1,1,128,1,baseline_fused,4,6,100,74.5760011673,324,0.00434456118495,256,2909,true,1,0.0745760011673
bf16,1,1,1,128,1,control_optimized_fused,4,7,100,58.2000017166,324,0.00556701014508,256,2909,true,1,0.0582000017166
bf16,1,1,1,128,1,optimized_fused,4,8,100,28.9149713516,324,0.0112052678891,256,2909,true,1,0.0289149713516
bf16,1,1,1,128,1,control_shuffle32_fused,4,9,100,157.181711197,324,0.00206130851696,256,2909,true,1,0.157181711197
bf16,1,1,1,128,1,shuffle32_fused,4,10,100,40.9104013443,324,0.00791974630787,256,2909,true,1,0.0409104013443
bf16,1,1,1,128,1,baseline_transform,4,11,100,9.68502819538,512,0.0528651016467,256,2909,true,1,0.00968502819538
bf16,1,1,1,128,1,control_optimized_transform,4,12,100,10.0900566578,512,0.0507430252738,256,2909,true,1,0.0100900566578
bf16,1,1,1,128,1,optimized_transform,4,13,100,9.90971446037,512,0.0516664735445,256,2909,true,1,0.00990971446037
bf16,1,1,1,128,1,control_shuffle32_transform,4,14,100,9.49051380157,512,0.0539486070728,256,2909,true,1,0.00949051380157
bf16,1,17,1,128,17,baseline_transform,0,0,100,9.93759930134,8704,0.875865461674,4352,2909,true,1,0.00993759930134
bf16,1,17,1,128,17,control_optimized_transform,0,1,100,10.2262866497,8704,0.85113984168,4352,2909,true,1,0.0102262866497
bf16,1,17,1,128,17,optimized_transform,0,2,100,10.1677715778,8704,0.856038113501,4352,2909,true,1,0.0101677715778
bf16,1,17,1,128,17,control_shuffle32_transform,0,3,100,9.64297175407,8704,0.902626308775,4352,2909,true,1,0.00964297175407
bf16,1,17,1,128,17,shuffle32_transform,0,4,100,9.6303999424,8704,0.903804624113,4352,2909,true,1,0.0096303999424
bf16,1,17,1,128,17,baseline_split,0,5,100,80.5385112762,14212,0.176462164184,4352,2909,true,1,0.0805385112762
bf16,1,17,1,128,17,control_optimized_split,0,6,100,64.8363447189,14212,0.219198044887,4352,2909,true,1,0.0648363447189
bf16,1,17,1,128,17,optimized_split,0,7,100,35.6939435005,14212,0.39816278635,4352,2909,true,1,0.0356939435005
bf16,1,17,1,128,17,control_shuffle32_split,0,8,100,163.362293243,14212,0.0869968198771,4352,2909,true,1,0.163362293243
bf16,1,17,1,128,17,shuffle32_split,0,9,100,45.5906295776,14212,0.311730724749,4352,2909,true,1,0.0455906295776
bf16,1,17,1,128,17,baseline_fused,0,10,100,75.6518888474,5508,0.0728071708971,4352,2909,true,1,0.0756518888474
bf16,1,17,1,128,17,control_optimized_fused,0,11,100,59.2544031143,5508,0.0929551174345,4352,2909,true,1,0.0592544031143
bf16,1,17,1,128,17,optimized_fused,0,12,100,29.3590855598,5508,0.187608023035,4352,2909,true,1,0.0293590855598
bf16,1,17,1,128,17,control_shuffle32_fused,0,13,100,158.852119446,5508,0.0346737583308,4352,2909,true,1,0.158852119446
bf16,1,17,1,128,17,shuffle32_fused,0,14,100,40.5465173721,5508,0.135843972725,4352,2909,true,1,0.0405465173721
bf16,1,17,1,128,17,control_optimized_transform,1,0,100,10.2349722385,8704,0.850417548494,4352,2909,true,1,0.0102349722385
bf16,1,17,1,128,17,optimized_transform,1,1,100,10.3291428089,8704,0.842664310197,4352,2909,true,1,0.0103291428089
bf16,1,17,1,128,17,control_shuffle32_transform,1,2,100,9.53942835331,8704,0.912423646117,4352,2909,true,1,0.00953942835331
bf16,1,17,1,128,17,shuffle32_transform,1,3,100,9.73439991474,8704,0.894148594288,4352,2909,true,1,0.00973439991474
bf16,1,17,1,128,17,baseline_split,1,4,100,80.5364513397,14212,0.176466677679,4352,2909,true,1,0.0805364513397
bf16,1,17,1,128,17,control_optimized_split,1,5,100,64.8548603058,14212,0.219135465453,4352,2909,true,1,0.0648548603058
bf16,1,17,1,128,17,optimized_split,1,6,100,35.0125718117,14212,0.405911341687,4352,2909,true,1,0.0350125718117
bf16,1,17,1,128,17,control_shuffle32_split,1,7,100,163.358402252,14212,0.0869988920316,4352,2909,true,1,0.163358402252
bf16,1,17,1,128,17,shuffle32_split,1,8,100,45.6052541733,14212,0.311630759605,4352,2909,true,1,0.0456052541733
bf16,1,17,1,128,17,baseline_fused,1,9,100,75.6447982788,5508,0.0728139954805,4352,2909,true,1,0.0756447982788
bf16,1,17,1,128,17,control_optimized_fused,1,10,100,59.2329120636,5508,0.09298884367,4352,2909,true,1,0.0592329120636
bf16,1,17,1,128,17,optimized_fused,1,11,100,29.3728017807,5508,0.187520415694,4352,2909,true,1,0.0293728017807
bf16,1,17,1,128,17,control_shuffle32_fused,1,12,100,158.867425919,5508,0.0346704176023,4352,2909,true,1,0.158867425919
bf16,1,17,1,128,17,shuffle32_fused,1,13,100,40.5401134491,5508,0.135865431332,4352,2909,true,1,0.0405401134491
bf16,1,17,1,128,17,baseline_transform,1,14,100,9.93668556213,8704,0.875946002877,4352,2909,true,1,0.00993668556213
bf16,1,17,1,128,17,optimized_transform,2,0,100,10.2934861183,8704,0.845583303844,4352,2909,true,1,0.0102934861183
bf16,1,17,1,128,17,control_shuffle32_transform,2,1,100,9.57622826099,8704,0.90891734854,4352,2909,true,1,0.00957622826099
bf16,1,17,1,128,17,shuffle32_transform,2,2,100,9.59291398525,8704,0.907336395738,4352,2909,true,1,0.00959291398525
bf16,1,17,1,128,17,baseline_split,2,3,100,80.5728054047,14212,0.176387056757,4352,2909,true,1,0.0805728054047
bf16,1,17,1,128,17,control_optimized_split,2,4,100,64.7945165634,14212,0.219339548372,4352,2909,true,1,0.0647945165634
bf16,1,17,1,128,17,optimized_split,2,5,100,35.6827425957,14212,0.398287770675,4352,2909,true,1,0.0356827425957
bf16,1,17,1,128,17,control_shuffle32_split,2,6,100,163.265380859,14212,0.0870484601524,4352,2909,true,1,0.163265380859
bf16,1,17,1,128,17,shuffle32_split,2,7,100,45.6134843826,14212,0.311574530917,4352,2909,true,1,0.0456134843826
bf16,1,17,1,128,17,baseline_fused,2,8,100,75.6381750107,5508,0.072820371449,4352,2909,true,1,0.0756381750107
bf16,1,17,1,128,17,control_optimized_fused,2,9,100,59.2427444458,5508,0.0929734105252,4352,2909,true,1,0.0592427444458
bf16,1,17,1,128,17,optimized_fused,2,10,100,29.3092560768,5508,0.187926980663,4352,2909,true,1,0.0293092560768
bf16,1,17,1,128,17,control_shuffle32_fused,2,11,100,158.845949173,5508,0.0346751052115,4352,2909,true,1,0.158845949173
bf16,1,17,1,128,17,shuffle32_fused,2,12,100,40.4973697662,5508,0.136008832964,4352,2909,true,1,0.0404973697662
bf16,1,17,1,128,17,baseline_transform,2,13,100,9.93348538876,8704,0.876228197794,4352,2909,true,1,0.00993348538876
bf16,1,17,1,128,17,control_optimized_transform,2,14,100,10.2249133587,8704,0.851254156849,4352,2909,true,1,0.0102249133587
bf16,1,17,1,128,17,control_shuffle32_transform,3,0,100,9.62628602982,8704,0.904190876215,4352,2909,true,1,0.00962628602982
bf16,1,17,1,128,17,shuffle32_transform,3,1,100,9.56891477108,8704,0.909612031064,4352,2909,true,1,0.00956891477108
bf16,1,17,1,128,17,baseline_split,3,2,100,80.4946327209,14212,0.176558355751,4352,2909,true,1,0.0804946327209
bf16,1,17,1,128,17,control_optimized_split,3,3,100,64.8084545135,14212,0.219292376383,4352,2909,true,1,0.0648084545135
bf16,1,17,1,128,17,optimized_split,3,4,100,35.0292563438,14212,0.405718004987,4352,2909,true,1,0.0350292563438
bf16,1,17,1,128,17,control_shuffle32_split,3,5,100,163.375301361,14212,0.0869898930964,4352,2909,true,1,0.163375301361
bf16,1,17,1,128,17,shuffle32_split,3,6,100,45.5387449265,14212,0.312085895713,4352,2909,true,1,0.0455387449265
bf16,1,17,1,128,17,baseline_fused,3,7,100,75.6509685516,5508,0.072808056598,4352,2909,true,1,0.0756509685516
bf16,1,17,1,128,17,control_optimized_fused,3,8,100,59.2237710953,5508,0.0930031961514,4352,2909,true,1,0.0592237710953
bf16,1,17,1,128,17,optimized_fused,3,9,100,29.3234300613,5508,0.187836142923,4352,2909,true,1,0.0293234300613
bf16,1,17,1,128,17,control_shuffle32_fused,3,10,100,158.866043091,5508,0.0346707193862,4352,2909,true,1,0.158866043091
bf16,1,17,1,128,17,shuffle32_fused,3,11,100,40.5355453491,5508,0.135880742508,4352,2909,true,1,0.0405355453491
bf16,1,17,1,128,17,baseline_transform,3,12,100,9.97531473637,8704,0.872553922361,4352,2909,true,1,0.00997531473637
bf16,1,17,1,128,17,control_optimized_transform,3,13,100,10.1097142696,8704,0.860954104919,4352,2909,true,1,0.0101097142696
bf16,1,17,1,128,17,optimized_transform,3,14,100,10.3282284737,8704,0.842738909407,4352,2909,true,1,0.0103282284737
bf16,1,17,1,128,17,shuffle32_transform,4,0,100,9.59908604622,8704,0.906752992742,4352,2909,true,1,0.00959908604622
bf16,1,17,1,128,17,baseline_split,4,1,100,80.5844593048,14212,0.176361548152,4352,2909,true,1,0.0805844593048
bf16,1,17,1,128,17,control_optimized_split,4,2,100,64.8587417603,14212,0.219122351348,4352,2909,true,1,0.0648587417603
bf16,1,17,1,128,17,optimized_split,4,3,100,34.9430847168,14212,0.406718528578,4352,2909,true,1,0.0349430847168
bf16,1,17,1,128,17,control_shuffle32_split,4,4,100,163.399085999,14212,0.0869772307057,4352,2909,true,1,0.163399085999
bf16,1,17,1,128,17,shuffle32_split,4,5,100,45.587887764,14212,0.311749473316,4352,2909,true,1,0.045587887764
bf16,1,17,1,128,17,baseline_fused,4,6,100,75.6466293335,5508,0.0728122329908,4352,2909,true,1,0.0756466293335
bf16,1,17,1,128,17,control_optimized_fused,4,7,100,59.2422866821,5508,0.0929741289284,4352,2909,true,1,0.0592422866821
bf16,1,17,1,128,17,optimized_fused,4,8,100,29.3471980095,5508,0.187684016655,4352,2909,true,1,0.0293471980095
bf16,1,17,1,128,17,control_shuffle32_fused,4,9,100,158.866977692,5508,0.0346705154213,4352,2909,true,1,0.158866977692
bf16,1,17,1,128,17,shuffle32_fused,4,10,100,40.5291414261,5508,0.135902212734,4352,2909,true,1,0.0405291414261
bf16,1,17,1,128,17,baseline_transform,4,11,100,9.9718862772,8704,0.872853917308,4352,2909,true,1,0.0099718862772
bf16,1,17,1,128,17,control_optimized_transform,4,12,100,10.2861714363,8704,0.846184613381,4352,2909,true,1,0.0102861714363
bf16,1,17,1,128,17,optimized_transform,4,13,100,10.3172564507,8704,0.843635131261,4352,2909,true,1,0.0103172564507
bf16,1,17,1,128,17,control_shuffle32_transform,4,14,100,9.6594285965,8704,0.901088497425,4352,2909,true,1,0.0096594285965
bf16,1,257,1,128,257,baseline_transform,0,0,100,10.361828804,131584,12.6989166188,65792,2909,true,1,0.010361828804
bf16,1,257,1,128,257,control_optimized_transform,0,1,100,10.423771143,131584,12.6234544289,65792,2909,true,1,0.010423771143
bf16,1,257,1,128,257,optimized_transform,0,2,100,10.604571104,131584,12.4082340256,65792,2909,true,1,0.010604571104
bf16,1,257,1,128,257,control_shuffle32_transform,0,3,100,10.8427429199,131584,12.1356746141,65792,2909,true,1,0.0108427429199
bf16,1,257,1,128,257,shuffle32_transform,0,4,100,11.0795426369,131584,11.8763025075,65792,2909,true,1,0.0110795426369
bf16,1,257,1,128,257,baseline_split,0,5,100,81.9604587555,214852,2.62141041256,65792,2909,true,1,0.0819604587555
bf16,1,257,1,128,257,control_optimized_split,0,6,100,65.8013725281,214852,3.26515985526,65792,2909,true,1,0.0658013725281
bf16,1,257,1,128,257,optimized_split,0,7,100,35.2674269676,214852,6.09208038333,65792,2909,true,1,0.0352674269676
bf16,1,257,1,128,257,control_shuffle32_split,0,8,100,177.696685791,214852,1.20909401908,65792,2909,true,1,0.177696685791
bf16,1,257,1,128,257,shuffle32_split,0,9,100,51.9014835358,214852,4.13961192173,65792,2909,true,1,0.0519014835358
bf16,1,257,1,128,257,baseline_fused,0,10,100,76.7846870422,83268,1.08443497275,65792,2909,true,1,0.0767846870422
bf16,1,257,1,128,257,control_optimized_fused,0,11,100,60.229716301,83268,1.38250692704,65792,2909,true,1,0.060229716301
bf16,1,257,1,128,257,optimized_fused,0,12,100,29.5833158493,83268,2.81469462126,65792,2909,true,1,0.0295833158493
bf16,1,257,1,128,257,control_shuffle32_fused,0,13,100,171.222400665,83268,0.4863148728,65792,2909,true,1,0.171222400665
bf16,1,257,1,128,257,shuffle32_fused,0,14,100,44.8637723923,83268,1.85601868857,65792,2909,true,1,0.0448637723923
bf16,1,257,1,128,257,control_optimized_transform,1,0,100,10.4075419903,131584,12.643138997,65792,2909,true,1,0.0104075419903
bf16,1,257,1,128,257,optimized_transform,1,1,100,10.3956568241,131584,12.6575936688,65792,2909,true,1,0.0103956568241
bf16,1,257,1,128,257,control_shuffle32_transform,1,2,100,10.8932578564,131584,12.0793982604,65792,2909,true,1,0.0108932578564
bf16,1,257,1,128,257,shuffle32_transform,1,3,100,10.8027422428,131584,12.1806109081,65792,2909,true,1,0.0108027422428
bf16,1,257,1,128,257,baseline_split,1,4,100,81.9014835358,214852,2.62329802495,65792,2909,true,1,0.0819014835358
bf16,1,257,1,128,257,control_optimized_split,1,5,100,66.5485715866,214852,3.2284990478,65792,2909,true,1,0.0665485715866
bf16,1,257,1,128,257,optimized_split,1,6,100,35.2121138573,214852,6.10165015571,65792,2909,true,1,0.0352121138573
bf16,1,257,1,128,257,control_shuffle32_split,1,7,100,176.957931519,214852,1.21414167851,65792,2909,true,1,0.176957931519
bf16,1,257,1,128,257,shuffle32_split,1,8,100,51.7462825775,214852,4.1520277264,65792,2909,true,1,0.0517462825775
bf16,1,257,1,128,257,baseline_fused,1,9,100,76.7707395554,83268,1.08463198977,65792,2909,true,1,0.0767707395554
bf16,1,257,1,128,257,control_optimized_fused,1,10,100,60.2454900742,83268,1.38214495222,65792,2909,true,1,0.0602454900742
bf16,1,257,1,128,257,optimized_fused,1,11,100,29.5599985123,83268,2.81691489143,65792,2909,true,1,0.0295599985123
bf16,1,257,1,128,257,control_shuffle32_fused,1,12,100,171.220569611,83268,0.486320073513,65792,2909,true,1,0.171220569611
bf16,1,257,1,128,257,shuffle32_fused,1,13,100,44.8422861099,83268,1.85690800411,65792,2909,true,1,0.0448422861099
bf16,1,257,1,128,257,baseline_transform,1,14,100,10.3549718857,131584,12.7073256647,65792,2909,true,1,0.0103549718857
bf16,1,257,1,128,257,optimized_transform,2,0,100,10.4813718796,131584,12.5540818045,65792,2909,true,1,0.0104813718796
bf16,1,257,1,128,257,control_shuffle32_transform,2,1,100,10.8443439007,131584,12.1338829905,65792,2909,true,1,0.0108443439007
bf16,1,257,1,128,257,shuffle32_transform,2,2,100,11.0683429241,131584,11.8883197695,65792,2909,true,1,0.0110683429241
bf16,1,257,1,128,257,baseline_split,2,3,100,81.917257309,214852,2.62279288953,65792,2909,true,1,0.081917257309
bf16,1,257,1,128,257,control_optimized_split,2,4,100,65.9156608582,214852,3.25949853499,65792,2909,true,1,0.0659156608582
bf16,1,257,1,128,257,optimized_split,2,5,100,35.2870869637,214852,6.08868621605,65792,2909,true,1,0.0352870869637
bf16,1,257,1,128,257,control_shuffle32_split,2,6,100,176.98469162,214852,1.21395810018,65792,2909,true,1,0.17698469162
bf16,1,257,1,128,257,shuffle32_split,2,7,100,52.3675441742,214852,4.10277020601,65792,2909,true,1,0.0523675441742
bf16,1,257,1,128,257,baseline_fused,2,8,100,76.7867422104,83268,1.08440594825,65792,2909,true,1,0.0767867422104
bf16,1,257,1,128,257,control_optimized_fused,2,9,100,60.2486848831,83268,1.38207166117,65792,2909,true,1,0.0602486848831
bf16,1,257,1,128,257,optimized_fused,2,10,100,29.5552015305,83268,2.81737209317,65792,2909,true,1,0.0295552015305
bf16,1,257,1,128,257,control_shuffle32_fused,2,11,100,171.244564056,83268,0.486251931317,65792,2909,true,1,0.171244564056
bf16,1,257,1,128,257,shuffle32_fused,2,12,100,44.8594284058,83268,1.85619841713,65792,2909,true,1,0.0448594284058
bf16,1,257,1,128,257,baseline_transform,2,13,100,10.2774858475,131584,12.8031312281,65792,2909,true,1,0.0102774858475
bf16,1,257,1,128,257,control_optimized_transform,2,14,100,10.3721141815,131584,12.6863238967,65792,2909,true,1,0.0103721141815
bf16,1,257,1,128,257,control_shuffle32_transform,3,0,100,10.9158849716,131584,12.0543593435,65792,2909,true,1,0.0109158849716
bf16,1,257,1,128,257,shuffle32_transform,3,1,100,10.9380578995,131584,12.0299235211,65792,2909,true,1,0.0109380578995
bf16,1,257,1,128,257,baseline_split,3,2,100,81.9590854645,214852,2.62145433642,65792,2909,true,1,0.0819590854645
bf16,1,257,1,128,257,control_optimized_split,3,3,100,65.8441162109,214852,3.2630402284,65792,2909,true,1,0.0658441162109
bf16,1,257,1,128,257,optimized_split,3,4,100,35.376226902,214852,6.07334413009,65792,2909,true,1,0.035376226902
bf16,1,257,1,128,257,control_shuffle32_split,3,5,100,177.686862946,214852,1.20916085994,65792,2909,true,1,0.177686862946
bf16,1,257,1,128,257,shuffle32_split,3,6,100,51.8162250519,214852,4.14642324455,65792,2909,true,1,0.0518162250519
bf16,1,257,1,128,257,baseline_fused,3,7,100,76.7695999146,83268,1.08464809108,65792,2909,true,1,0.0767695999146
bf16,1,257,1,128,257,control_optimized_fused,3,8,100,60.2397680283,83268,1.38227623919,65792,2909,true,1,0.0602397680283
bf16,1,257,1,128,257,optimized_fused,3,9,100,29.5743989944,83268,2.8155432682,65792,2909,true,1,0.0295743989944
bf16,1,257,1,128,257,control_shuffle32_fused,3,10,100,171.222629547,83268,0.486314222718,65792,2909,true,1,0.171222629547
bf16,1,257,1,128,257,shuffle32_fused,3,11,100,44.8502874374,83268,1.85657673022,65792,2909,true,1,0.0448502874374
bf16,1,257,1,128,257,baseline_transform,3,12,100,10.4057145119,131584,12.6453594176,65792,2909,true,1,0.0104057145119
bf16,1,257,1,128,257,control_optimized_transform,3,13,100,10.2829706669,131584,12.7963021837,65792,2909,true,1,0.0102829706669
bf16,1,257,1,128,257,optimized_transform,3,14,100,10.3652572632,131584,12.6947162679,65792,2909,true,1,0.0103652572632
bf16,1,257,1,128,257,shuffle32_transform,4,0,100,10.8491432667,131584,12.1285152906,65792,2909,true,1,0.0108491432667
bf16,1,257,1,128,257,baseline_split,4,1,100,81.9634246826,214852,2.62131555425,65792,2909,true,1,0.0819634246826
bf16,1,257,1,128,257,control_optimized_split,4,2,100,65.9595441818,214852,3.25732996892,65792,2909,true,1,0.0659595441818
bf16,1,257,1,128,257,optimized_split,4,3,100,35.3090286255,214852,6.08490259754,65792,2909,true,1,0.0353090286255
bf16,1,257,1,128,257,control_shuffle32_split,4,4,100,177.03086853,214852,1.21364145013,65792,2909,true,1,0.17703086853
bf16,1,257,1,128,257,shuffle32_split,4,5,100,51.8002271652,214852,4.14770381826,65792,2909,true,1,0.0518002271652
bf16,1,257,1,128,257,baseline_fused,4,6,100,76.7789745331,83268,1.08451565688,65792,2909,true,1,0.0767789745331
bf16,1,257,1,128,257,control_optimized_fused,4,7,100,60.2415990829,83268,1.38223422465,65792,2909,true,1,0.0602415990829
bf16,1,257,1,128,257,optimized_fused,4,8,100,29.5938301086,83268,2.81369460101,65792,2909,true,1,0.0295938301086
bf16,1,257,1,128,257,control_shuffle32_fused,4,9,100,171.226501465,83268,0.486303225772,65792,2909,true,1,0.171226501465
bf16,1,257,1,128,257,shuffle32_fused,4,10,100,44.8742818832,83268,1.85558401172,65792,2909,true,1,0.0448742818832
bf16,1,257,1,128,257,baseline_transform,4,11,100,10.3675436974,131584,12.6919166045,65792,2909,true,1,0.0103675436974
bf16,1,257,1,128,257,control_optimized_transform,4,12,100,10.6203424931,131584,12.3898075873,65792,2909,true,1,0.0106203424931
bf16,1,257,1,128,257,optimized_transform,4,13,100,10.4914295673,131584,12.5420467397,65792,2909,true,1,0.0104914295673
bf16,1,257,1,128,257,control_shuffle32_transform,4,14,100,10.9549713135,131584,12.0113504851,65792,2909,true,1,0.0109549713135
bf16,4,64,16,128,4096,baseline_transform,0,0,100,25.9613704681,2097152,80.7797108621,1048576,2909,true,1,0.0259613704681
bf16,4,64,16,128,4096,control_optimized_transform,0,1,100,27.8116583824,2097152,75.4054997787,1048576,2909,true,1,0.0278116583824
bf16,4,64,16,128,4096,optimized_transform,0,2,100,27.8548574448,2097152,75.2885561938,1048576,2909,true,1,0.0278548574448
bf16,4,64,16,128,4096,control_shuffle32_transform,0,3,100,15.9668576717,2097152,131.344065508,1048576,2909,true,1,0.0159668576717
bf16,4,64,16,128,4096,shuffle32_transform,0,4,100,16.1602294445,2097152,129.772414878,1048576,2909,true,1,0.0161602294445
bf16,4,64,16,128,4096,baseline_split,0,5,100,528.315429688,3424256,6.48146127783,1048576,2909,true,1,0.528315429688
bf16,4,64,16,128,4096,control_optimized_split,0,6,100,403.23223114,3424256,8.49201957472,1048576,2909,true,1,0.40323223114
bf16,4,64,16,128,4096,optimized_split,0,7,100,168.902626038,3424256,20.2735509822,1048576,2909,true,1,0.168902626038
bf16,4,64,16,128,4096,control_shuffle32_split,0,8,100,453.661270142,3424256,7.54804570144,1048576,2909,true,1,0.453661270142
bf16,4,64,16,128,4096,shuffle32_split,0,9,100,106.035203934,3424256,32.2935767836,1048576,2909,true,1,0.106035203934
bf16,4,64,16,128,4096,baseline_fused,0,10,100,517.451858521,1327104,2.56469075943,1048576,2909,true,1,0.517451858521
bf16,4,64,16,128,4096,control_optimized_fused,0,11,100,391.784667969,1327104,3.38733010375,1048576,2909,true,1,0.391784667969
bf16,4,64,16,128,4096,optimized_fused,0,12,100,154.900798798,1327104,8.56744452128,1048576,2909,true,1,0.154900798798
bf16,4,64,16,128,4096,control_shuffle32_fused,0,13,100,435.903778076,1327104,3.04448840948,1048576,2909,true,1,0.435903778076
bf16,4,64,16,128,4096,shuffle32_fused,0,14,100,92.9282283783,1327104,14.2809566389,1048576,2909,true,1,0.0929282283783
bf16,4,64,16,128,4096,control_optimized_transform,1,0,100,27.8347420692,2097152,75.3429650896,1048576,2909,true,1,0.0278347420692
bf16,4,64,16,128,4096,optimized_transform,1,1,100,27.8267431259,2097152,75.3646228202,1048576,2909,true,1,0.0278267431259
bf16,4,64,16,128,4096,control_shuffle32_transform,1,2,100,16.1330282688,2097152,129.991218329,1048576,2909,true,1,0.0161330282688
bf16,4,64,16,128,4096,shuffle32_transform,1,3,100,16.128000021,2097152,130.031745863,1048576,2909,true,1,0.016128000021
bf16,4,64,16,128,4096,baseline_split,1,4,100,527.53578186,3424256,6.49104026257,1048576,2909,true,1,0.52753578186
bf16,4,64,16,128,4096,control_optimized_split,1,5,100,403.058738708,3424256,8.495674876,1048576,2909,true,1,0.403058738708
bf16,4,64,16,128,4096,optimized_split,1,6,100,168.810749054,3424256,20.2845850705,1048576,2909,true,1,0.168810749054
bf16,4,64,16,128,4096,control_shuffle32_split,1,7,100,445.848693848,3424256,7.68030959214,1048576,2909,true,1,0.445848693848
bf16,4,64,16,128,4096,shuffle32_split,1,8,100,105.875654221,3424256,32.3422417099,1048576,2909,true,1,0.105875654221
bf16,4,64,16,128,4096,baseline_fused,1,9,100,518.21346283,1327104,2.5609215028,1048576,2909,true,1,0.51821346283
bf16,4,64,16,128,4096,control_optimized_fused,1,10,100,390.362281799,1327104,3.3996727191,1048576,2909,true,1,0.390362281799
bf16,4,64,16,128,4096,optimized_fused,1,11,100,153.117027283,1327104,8.66725290813,1048576,2909,true,1,0.153117027283
bf16,4,64,16,128,4096,control_shuffle32_fused,1,12,100,438.263778687,1327104,3.0280941856,1048576,2909,true,1,0.438263778687
bf16,4,64,16,128,4096,shuffle32_fused,1,13,100,92.9762363434,1327104,14.2735827153,1048576,2909,true,1,0.0929762363434
bf16,4,64,16,128,4096,baseline_transform,1,14,100,25.9504008293,2097152,80.8138577047,1048576,2909,true,1,0.0259504008293
bf16,4,64,16,128,4096,optimized_transform,2,0,100,27.8443431854,2097152,75.316985789,1048576,2909,true,1,0.0278443431854
bf16,4,64,16,128,4096,control_shuffle32_transform,2,1,100,16.1357712746,2097152,129.969120429,1048576,2909,true,1,0.0161357712746
bf16,4,64,16,128,4096,shuffle32_transform,2,2,100,16.2754285336,2097152,128.853872921,1048576,2909,true,1,0.0162754285336
bf16,4,64,16,128,4096,baseline_split,2,3,100,525.956573486,3424256,6.51052990421,1048576,2909,true,1,0.525956573486
bf16,4,64,16,128,4096,control_optimized_split,2,4,100,402.262611389,3424256,8.51248886436,1048576,2909,true,1,0.402262611389
bf16,4,64,16,128,4096,optimized_split,2,5,100,169.055995941,3424256,20.2551585404,1048576,2909,true,1,0.169055995941
bf16,4,64,16,128,4096,control_shuffle32_split,2,6,100,455.670166016,3424256,7.51476891705,1048576,2909,true,1,0.455670166016
bf16,4,64,16,128,4096,shuffle32_split,2,7,100,105.677709579,3424256,32.4028218782,1048576,2909,true,1,0.105677709579
bf16,4,64,16,128,4096,baseline_fused,2,8,100,520.449142456,1327104,2.54992061998,1048576,2909,true,1,0.520449142456
bf16,4,64,16,128,4096,control_optimized_fused,2,9,100,391.827430725,1327104,3.38696042169,1048576,2909,true,1,0.391827430725
bf16,4,64,16,128,4096,optimized_fused,2,10,100,153.762512207,1327104,8.63086834984,1048576,2909,true,1,0.153762512207
bf16,4,64,16,128,4096,control_shuffle32_fused,2,11,100,437.704467773,1327104,3.03196356837,1048576,2909,true,1,0.437704467773
bf16,4,64,16,128,4096,shuffle32_fused,2,12,100,92.8985118866,1327104,14.2855248491,1048576,2909,true,1,0.0928985118866
bf16,4,64,16,128,4096,baseline_transform,2,13,100,25.9604549408,2097152,80.7825596579,1048576,2909,true,1,0.0259604549408
bf16,4,64,16,128,4096,control_optimized_transform,2,14,100,27.9236555099,2097152,75.1030608887,1048576,2909,true,1,0.0279236555099
bf16,4,64,16,128,4096,control_shuffle32_transform,3,0,100,16.2203419209,2097152,129.291479195,1048576,2909,true,1,0.0162203419209
bf16,4,64,16,128,4096,shuffle32_transform,3,1,100,16.1428570747,2097152,129.912071345,1048576,2909,true,1,0.0161428570747
bf16,4,64,16,128,4096,baseline_split,3,2,100,527.397956848,3424256,6.4927365674,1048576,2909,true,1,0.527397956848
bf16,4,64,16,128,4096,control_optimized_split,3,3,100,402.727088928,3424256,8.50267114912,1048576,2909,true,1,0.402727088928
bf16,4,64,16,128,4096,optimized_split,3,4,100,169.2162323,3424256,20.2359782715,1048576,2909,true,1,0.1692162323
bf16,4,64,16,128,4096,control_shuffle32_split,3,5,100,452.676773071,3424256,7.56446145175,1048576,2909,true,1,0.452676773071
bf16,4,64,16,128,4096,shuffle32_split,3,6,100,105.848464966,3424256,32.3505494492,1048576,2909,true,1,0.105848464966
bf16,4,64,16,128,4096,baseline_fused,3,7,100,517.896881104,1327104,2.5624869514,1048576,2909,true,1,0.517896881104
bf16,4,64,16,128,4096,control_optimized_fused,3,8,100,393.31817627,1327104,3.37412324187,1048576,2909,true,1,0.39331817627
bf16,4,64,16,128,4096,optimized_fused,3,9,100,154.254179001,1327104,8.6033584866,1048576,2909,true,1,0.154254179001
bf16,4,64,16,128,4096,control_shuffle32_fused,3,10,100,437.277030945,1327104,3.03492730257,1048576,2909,true,1,0.437277030945
bf16,4,64,16,128,4096,shuffle32_fused,3,11,100,92.8470897675,1327104,14.293436696,1048576,2909,true,1,0.0928470897675
bf16,4,64,16,128,4096,baseline_transform,3,12,100,25.9549713135,2097152,80.7996269644,1048576,2909,true,1,0.0259549713135
bf16,4,64,16,128,4096,control_optimized_transform,3,13,100,27.7622866631,2097152,75.5395989334,1048576,2909,true,1,0.0277622866631
bf16,4,64,16,128,4096,optimized_transform,3,14,100,27.8196573257,2097152,75.3838185512,1048576,2909,true,1,0.0278196573257
bf16,4,64,16,128,4096,shuffle32_transform,4,0,100,15.9039998055,2097152,131.863180687,1048576,2909,true,1,0.0159039998055
bf16,4,64,16,128,4096,baseline_split,4,1,100,527.946510315,3424256,6.48599040452,1048576,2909,true,1,0.527946510315
bf16,4,64,16,128,4096,control_optimized_split,4,2,100,402.093276978,3424256,8.51607374721,1048576,2909,true,1,0.402093276978
bf16,4,64,16,128,4096,optimized_split,4,3,100,168.553829193,3424256,20.3155040523,1048576,2909,true,1,0.168553829193
bf16,4,64,16,128,4096,control_shuffle32_split,4,4,100,452.725715637,3424256,7.56364368474,1048576,2909,true,1,0.452725715637
bf16,4,64,16,128,4096,shuffle32_split,4,5,100,105.681600571,3424256,32.4016288693,1048576,2909,true,1,0.105681600571
bf16,4,64,16,128,4096,baseline_fused,4,6,100,520.173721313,1327104,2.5512707498,1048576,2909,true,1,0.520173721313
bf16,4,64,16,128,4096,control_optimized_fused,4,7,100,391.698722839,1327104,3.38807333958,1048576,2909,true,1,0.391698722839
bf16,4,64,16,128,4096,optimized_fused,4,8,100,154.923887253,1327104,8.56616770682,1048576,2909,true,1,0.154923887253
bf16,4,64,16,128,4096,control_shuffle32_fused,4,9,100,437.646827698,1327104,3.03236289174,1048576,2909,true,1,0.437646827698
bf16,4,64,16,128,4096,shuffle32_fused,4,10,100,92.8747463226,1327104,14.2891803482,1048576,2909,true,1,0.0928747463226
bf16,4,64,16,128,4096,baseline_transform,4,11,100,25.8971428871,2097152,80.980052863,1048576,2909,true,1,0.0258971428871
bf16,4,64,16,128,4096,control_optimized_transform,4,12,100,27.8185153008,2097152,75.38691326,1048576,2909,true,1,0.0278185153008
bf16,4,64,16,128,4096,optimized_transform,4,13,100,27.8219413757,2097152,75.3776298957,1048576,2909,true,1,0.0278219413757
bf16,4,64,16,128,4096,control_shuffle32_transform,4,14,100,15.7723426819,2097152,132.963887629,1048576,2909,true,1,0.0157723426819
bf16,16,64,16,128,16384,baseline_transform,0,0,100,78.9076566696,8388608,106.309176499,4194304,2909,true,1,0.0789076566696
bf16,16,64,16,128,16384,control_optimized_transform,0,1,100,87.1465206146,8388608,96.2586680551,4194304,2909,true,1,0.0871465206146
bf16,16,64,16,128,16384,optimized_transform,0,2,100,87.2093677521,8388608,96.1892995698,4194304,2909,true,1,0.0872093677521
bf16,16,64,16,128,16384,control_shuffle32_transform,0,3,100,26.6795420647,8388608,314.420988924,4194304,2909,true,1,0.0266795420647
bf16,16,64,16,128,16384,shuffle32_transform,0,4,100,26.6175985336,8388608,315.152698295,4194304,2909,true,1,0.0266175985336
bf16,16,64,16,128,16384,baseline_split,0,5,100,1884.61868286,13697024,7.26779593377,4194304,2909,true,1,1.88461868286
bf16,16,64,16,128,16384,control_optimized_split,0,6,100,1452.8678894,13697024,9.42757707008,4194304,2909,true,1,1.4528678894
bf16,16,64,16,128,16384,optimized_split,0,7,100,601.861495972,13697024,22.7577675124,4194304,2909,true,1,0.601861495972
bf16,16,64,16,128,16384,control_shuffle32_split,0,8,100,1612.77923584,13697024,8.49280775423,4194304,2909,true,1,1.61277923584
bf16,16,64,16,128,16384,shuffle32_split,0,9,100,288.826980591,13697024,47.4229380232,4194304,2909,true,1,0.288826980591
bf16,16,64,16,128,16384,baseline_fused,0,10,100,1864.70840454,5308416,2.84678075514,4194304,2909,true,1,1.86470840454
bf16,16,64,16,128,16384,control_optimized_fused,0,11,100,1421.76559448,5308416,3.73367875872,4194304,2909,true,1,1.42176559448
bf16,16,64,16,128,16384,optimized_fused,0,12,100,566.301269531,5308416,9.37383736468,4194304,2909,true,1,0.566301269531
bf16,16,64,16,128,16384,control_shuffle32_fused,0,13,100,1496.89041138,5308416,3.54629568047,4194304,2909,true,1,1.49689041138
bf16,16,64,16,128,16384,shuffle32_fused,0,14,100,265.197029114,5308416,20.0168758215,4194304,2909,true,1,0.265197029114
bf16,16,64,16,128,16384,control_optimized_transform,1,0,100,87.1634292603,8388608,96.2399950437,4194304,2909,true,1,0.0871634292603
bf16,16,64,16,128,16384,optimized_transform,1,1,100,87.2073173523,8388608,96.1915611521,4194304,2909,true,1,0.0872073173523
bf16,16,64,16,128,16384,control_shuffle32_transform,1,2,100,26.6022872925,8388608,315.334087921,4194304,2909,true,1,0.0266022872925
bf16,16,64,16,128,16384,shuffle32_transform,1,3,100,26.5510845184,8388608,315.942197923,4194304,2909,true,1,0.0265510845184
bf16,16,64,16,128,16384,baseline_split,1,4,100,1884.60144043,13697024,7.26786242765,4194304,2909,true,1,1.88460144043
bf16,16,64,16,128,16384,control_optimized_split,1,5,100,1452.90206909,13697024,9.42735528525,4194304,2909,true,1,1.45290206909
bf16,16,64,16,128,16384,optimized_split,1,6,100,601.767997742,13697024,22.7613034449,4194304,2909,true,1,0.601767997742
bf16,16,64,16,128,16384,control_shuffle32_split,1,7,100,1615.72631836,13697024,8.4773168849,4194304,2909,true,1,1.61572631836
bf16,16,64,16,128,16384,shuffle32_split,1,8,100,288.874511719,13697024,47.4151350997,4194304,2909,true,1,0.288874511719
bf16,16,64,16,128,16384,baseline_fused,1,9,100,1864.82315063,5308416,2.84660558734,4194304,2909,true,1,1.86482315063
bf16,16,64,16,128,16384,control_optimized_fused,1,10,100,1421.45004272,5308416,3.73450760874,4194304,2909,true,1,1.42145004272
bf16,16,64,16,128,16384,optimized_fused,1,11,100,566.259880066,5308416,9.3745225238,4194304,2909,true,1,0.566259880066
bf16,16,64,16,128,16384,control_shuffle32_fused,1,12,100,1497.93365479,5308416,3.54382584505,4194304,2909,true,1,1.49793365479
bf16,16,64,16,128,16384,shuffle32_fused,1,13,100,265.167312622,5308416,20.0191190517,4194304,2909,true,1,0.265167312622
bf16,16,64,16,128,16384,baseline_transform,1,14,100,78.9213752747,8388608,106.290697176,4194304,2909,true,1,0.0789213752747
bf16,16,64,16,128,16384,optimized_transform,2,0,100,87.1609115601,8388608,96.2427749992,4194304,2909,true,1,0.0871609115601
bf16,16,64,16,128,16384,control_shuffle32_transform,2,1,100,26.6093707085,8388608,315.250145969,4194304,2909,true,1,0.0266093707085
bf16,16,64,16,128,16384,shuffle32_transform,2,2,100,26.5775990486,8388608,315.627005459,4194304,2909,true,1,0.0265775990486
bf16,16,64,16,128,16384,baseline_split,2,3,100,1884.49310303,13697024,7.26828024894,4194304,2909,true,1,1.88449310303
bf16,16,64,16,128,16384,control_optimized_split,2,4,100,1452.57827759,13697024,9.42945671936,4194304,2909,true,1,1.45257827759
bf16,16,64,16,128,16384,optimized_split,2,5,100,601.787414551,13697024,22.7605690462,4194304,2909,true,1,0.601787414551
bf16,16,64,16,128,16384,control_shuffle32_split,2,6,100,1604.17572021,13697024,8.53835638291,4194304,2909,true,1,1.60417572021
bf16,16,64,16,128,16384,shuffle32_split,2,7,100,288.94903183,13697024,47.4029067108,4194304,2909,true,1,0.28894903183
bf16,16,64,16,128,16384,baseline_fused,2,8,100,1864.63058472,5308416,2.84689956472,4194304,2909,true,1,1.86463058472
bf16,16,64,16,128,16384,control_optimized_fused,2,9,100,1421.43997192,5308416,3.73453406746,4194304,2909,true,1,1.42143997192
bf16,16,64,16,128,16384,optimized_fused,2,10,100,566.235427856,5308416,9.3749273515,4194304,2909,true,1,0.566235427856
bf16,16,64,16,128,16384,control_shuffle32_fused,2,11,100,1498.66760254,5308416,3.54209031476,4194304,2909,true,1,1.49866760254
bf16,16,64,16,128,16384,shuffle32_fused,2,12,100,265.194740295,5308416,20.0170485813,4194304,2909,true,1,0.265194740295
bf16,16,64,16,128,16384,baseline_transform,2,13,100,78.9010238647,8388608,106.318113367,4194304,2909,true,1,0.0789010238647
bf16,16,64,16,128,16384,control_optimized_transform,2,14,100,87.1638870239,8388608,96.2394896145,4194304,2909,true,1,0.0871638870239
bf16,16,64,16,128,16384,control_shuffle32_transform,3,0,100,26.5648007393,8388608,315.779067283,4194304,2909,true,1,0.0265648007393
bf16,16,64,16,128,16384,shuffle32_transform,3,1,100,26.6909718513,8388608,314.286345462,4194304,2909,true,1,0.0266909718513
bf16,16,64,16,128,16384,baseline_split,3,2,100,1884.54315186,13697024,7.26808722131,4194304,2909,true,1,1.88454315186
bf16,16,64,16,128,16384,control_optimized_split,3,3,100,1453.09234619,13697024,9.42612080774,4194304,2909,true,1,1.45309234619
bf16,16,64,16,128,16384,optimized_split,3,4,100,601.860580444,13697024,22.7578021307,4194304,2909,true,1,0.601860580444
bf16,16,64,16,128,16384,control_shuffle32_split,3,5,100,1609.26742554,13697024,8.51134111251,4194304,2909,true,1,1.60926742554
bf16,16,64,16,128,16384,shuffle32_split,3,6,100,288.967761993,13697024,47.3998341736,4194304,2909,true,1,0.288967761993
bf16,16,64,16,128,16384,baseline_fused,3,7,100,1864.79156494,5308416,2.84665380292,4194304,2909,true,1,1.86479156494
bf16,16,64,16,128,16384,control_optimized_fused,3,8,100,1421.60751343,5308416,3.73409393933,4194304,2909,true,1,1.42160751343
bf16,16,64,16,128,16384,optimized_fused,3,9,100,566.204338074,5308416,9.37544212052,4194304,2909,true,1,0.566204338074
bf16,16,64,16,128,16384,control_shuffle32_fused,3,10,100,1497.54898071,5308416,3.54473614444,4194304,2909,true,1,1.49754898071
bf16,16,64,16,128,16384,shuffle32_fused,3,11,100,265.172576904,5308416,20.0187216264,4194304,2909,true,1,0.265172576904
bf16,16,64,16,128,16384,baseline_transform,3,12,100,78.9277744293,8388608,106.282079542,4194304,2909,true,1,0.0789277744293
bf16,16,64,16,128,16384,control_optimized_transform,3,13,100,87.1019458771,8388608,96.3079287785,4194304,2909,true,1,0.0871019458771
bf16,16,64,16,128,16384,optimized_transform,3,14,100,87.2178268433,8388608,96.1799703526,4194304,2909,true,1,0.0872178268433
bf16,16,64,16,128,16384,shuffle32_transform,4,0,100,26.6646838188,8388608,314.596192364,4194304,2909,true,1,0.0266646838188
bf16,16,64,16,128,16384,baseline_split,4,1,100,1884.36477661,13697024,7.26877522336,4194304,2909,true,1,1.88436477661
bf16,16,64,16,128,16384,control_optimized_split,4,2,100,1452.80639648,13697024,9.42797611103,4194304,2909,true,1,1.45280639648
bf16,16,64,16,128,16384,optimized_split,4,3,100,601.746520996,13697024,22.7621158114,4194304,2909,true,1,0.601746520996
bf16,16,64,16,128,16384,control_shuffle32_split,4,4,100,1602.70446777,13697024,8.54619443286,4194304,2909,true,1,1.60270446777
bf16,16,64,16,128,16384,shuffle32_split,4,5,100,288.835201263,13697024,47.421588297,4194304,2909,true,1,0.288835201263
bf16,16,64,16,128,16384,baseline_fused,4,6,100,1864.49554443,5308416,2.84710575783,4194304,2909,true,1,1.86449554443
bf16,16,64,16,128,16384,control_optimized_fused,4,7,100,1421.44119263,5308416,3.73453086032,4194304,2909,true,1,1.42144119263
bf16,16,64,16,128,16384,optimized_fused,4,8,100,566.221961975,5308416,9.37515030587,4194304,2909,true,1,0.566221961975
bf16,16,64,16,128,16384,control_shuffle32_fused,4,9,100,1496.5586853,5308416,3.54708174971,4194304,2909,true,1,1.4965586853
bf16,16,64,16,128,16384,shuffle32_fused,4,10,100,265.24684906,5308416,20.0131161551,4194304,2909,true,1,0.26524684906
bf16,16,64,16,128,16384,baseline_transform,4,11,100,78.938741684,8388608,106.267313376,4194304,2909,true,1,0.078938741684
bf16,16,64,16,128,16384,control_optimized_transform,4,12,100,87.1803379059,8388608,96.2213292756,4194304,2909,true,1,0.0871803379059
bf16,16,64,16,128,16384,optimized_transform,4,13,100,87.2139453888,8388608,96.1842508397,4194304,2909,true,1,0.0872139453888
bf16,16,64,16,128,16384,control_shuffle32_transform,4,14,100,26.697371006,8388608,314.211013441,4194304,2909,true,1,0.026697371006
bf16,1,1,1,256,1,baseline_transform,0,0,100,10.1556575298,1024,0.100830497385,512,2909,true,1,0.0101556575298
bf16,1,1,1,256,1,control_optimized_transform,0,1,100,10.9501719475,1024,0.0935145132799,512,2909,true,1,0.0109501719475
bf16,1,1,1,256,1,optimized_transform,0,2,100,10.8274281025,1024,0.0945746293863,512,2909,true,1,0.0108274281025
bf16,1,1,1,256,1,control_shuffle32_transform,0,3,100,11.8980562687,1024,0.0860644778336,512,2909,true,1,0.0118980562687
bf16,1,1,1,256,1,shuffle32_transform,0,4,100,11.8706285954,1024,0.0862633340581,512,2909,true,1,0.0118706285954
bf16,1,1,1,256,1,baseline_split,0,5,100,100.727767944,1668,0.0165594853737,512,2909,true,1,0.100727767944
bf16,1,1,1,256,1,control_optimized_split,0,6,100,67.5764608383,1668,0.0246831511936,512,2909,true,1,0.0675764608383
bf16,1,1,1,256,1,optimized_split,0,7,100,35.8237719536,1668,0.0465612611135,512,2909,true,1,0.0358237719536
bf16,1,1,1,256,1,control_shuffle32_split,0,8,100,304.967098236,1668,0.00546944247313,512,2909,true,1,0.304967098236
bf16,1,1,1,256,1,shuffle32_split,0,9,100,68.6870861053,1668,0.0242840407794,512,2909,true,1,0.0686870861053
bf16,1,1,1,256,1,baseline_fused,0,10,100,96.012802124,644,0.00670743885975,512,2909,true,1,0.096012802124
bf16,1,1,1,256,1,control_optimized_fused,0,11,100,61.1766862869,644,0.0105268859608,512,2909,true,1,0.0611766862869
bf16,1,1,1,256,1,optimized_fused,0,12,100,30.0173711777,644,0.0214542438173,512,2909,true,1,0.0300173711777
bf16,1,1,1,256,1,control_shuffle32_fused,0,13,100,300.689601898,644,0.00214174349873,512,2909,true,1,0.300689601898
bf16,1,1,1,256,1,shuffle32_fused,0,14,100,61.5355396271,644,0.0104654969129,512,2909,true,1,0.0615355396271
bf16,1,1,1,256,1,control_optimized_transform,1,0,100,10.8687996864,1024,0.0942146354283,512,2909,true,1,0.0108687996864
bf16,1,1,1,256,1,optimized_transform,1,1,100,10.7595431805,1024,0.0951713267771,512,2909,true,1,0.0107595431805
bf16,1,1,1,256,1,control_shuffle32_transform,1,2,100,12.0070850849,1024,0.0852829802369,512,2909,true,1,0.0120070850849
bf16,1,1,1,256,1,shuffle32_transform,1,3,100,11.8827426434,1024,0.0861753915518,512,2909,true,1,0.0118827426434
bf16,1,1,1,256,1,baseline_split,1,4,100,100.664224625,1668,0.0165699383889,512,2909,true,1,0.100664224625
bf16,1,1,1,256,1,control_optimized_split,1,5,100,67.6656007767,1668,0.0246506346039,512,2909,true,1,0.0676656007767
bf16,1,1,1,256,1,optimized_split,1,6,100,36.3238859177,1668,0.0459201970786,512,2909,true,1,0.0363238859177
bf16,1,1,1,256,1,control_shuffle32_split,1,7,100,305.012111664,1668,0.00546863529747,512,2909,true,1,0.305012111664
bf16,1,1,1,256,1,shuffle32_split,1,8,100,68.1001138687,1668,0.0244933511156,512,2909,true,1,0.0681001138687
bf16,1,1,1,256,1,baseline_fused,1,9,100,96.008682251,644,0.00670772668576,512,2909,true,1,0.096008682251
bf16,1,1,1,256,1,control_optimized_fused,1,10,100,61.1545133591,644,0.0105307027172,512,2909,true,1,0.0611545133591
bf16,1,1,1,256,1,optimized_fused,1,11,100,30.004799366,644,0.021463233003,512,2909,true,1,0.030004799366
bf16,1,1,1,256,1,control_shuffle32_fused,1,12,100,300.697841644,644,0.0021416848105,512,2909,true,1,0.300697841644
bf16,1,1,1,256,1,shuffle32_fused,1,13,100,61.5490293503,644,0.0104632031861,512,2909,true,1,0.0615490293503
bf16,1,1,1,256,1,baseline_transform,1,14,100,10.1746284962,1024,0.100642495241,512,2909,true,1,0.0101746284962
bf16,1,1,1,256,1,optimized_transform,2,0,100,10.8436572552,1024,0.0944330843278,512,2909,true,1,0.0108436572552
bf16,1,1,1,256,1,control_shuffle32_transform,2,1,100,11.9131433964,1024,0.0859554834462,512,2909,true,1,0.0119131433964
bf16,1,1,1,256,1,shuffle32_transform,2,2,100,11.9723427296,1024,0.0855304615922,512,2909,true,1,0.0119723427296
bf16,1,1,1,256,1,baseline_split,2,3,100,100.683193207,1668,0.0165668166342,512,2909,true,1,0.100683193207
bf16,1,1,1,256,1,control_optimized_split,2,4,100,67.5579452515,1668,0.0246899160978,512,2909,true,1,0.0675579452515
bf16,1,1,1,256,1,optimized_split,2,5,100,35.7398867607,1668,0.0466705451858,512,2909,true,1,0.0357398867607
bf16,1,1,1,256,1,control_shuffle32_split,2,6,100,304.991550446,1668,0.00546900396933,512,2909,true,1,0.304991550446
bf16,1,1,1,256,1,shuffle32_split,2,7,100,68.038854599,1668,0.0245154038796,512,2909,true,1,0.068038854599
bf16,1,1,1,256,1,baseline_fused,2,8,100,96.0089206696,644,0.00670771002849,512,2909,true,1,0.0960089206696
bf16,1,1,1,256,1,control_optimized_fused,2,9,100,61.1851406097,644,0.0105254313969,512,2909,true,1,0.0611851406097
bf16,1,1,1,256,1,optimized_fused,2,10,100,30.0203418732,644,0.0214521207893,512,2909,true,1,0.0300203418732
bf16,1,1,1,256,1,control_shuffle32_fused,2,11,100,300.695323944,644,0.00214170274267,512,2909,true,1,0.300695323944
bf16,1,1,1,256,1,shuffle32_fused,2,12,100,61.5513134003,644,0.0104628149169,512,2909,true,1,0.0615513134003
bf16,1,1,1,256,1,baseline_transform,2,13,100,10.1535999775,1024,0.100850929943,512,2909,true,1,0.0101535999775
bf16,1,1,1,256,1,control_optimized_transform,2,14,100,11.0331428051,1024,0.0928112703777,512,2909,true,1,0.0110331428051
bf16,1,1,1,256,1,control_shuffle32_transform,3,0,100,11.8946290016,1024,0.0860892760809,512,2909,true,1,0.0118946290016
bf16,1,1,1,256,1,shuffle32_transform,3,1,100,11.9769144058,1024,0.0854978139864,512,2909,true,1,0.0119769144058
bf16,1,1,1,256,1,baseline_split,3,2,100,100.556344986,1668,0.0165877150789,512,2909,true,1,0.100556344986
bf16,1,1,1,256,1,control_optimized_split,3,3,100,67.604341507,1668,0.024672971629,512,2909,true,1,0.067604341507
bf16,1,1,1,256,1,optimized_split,3,4,100,35.7341718674,1668,0.046678009111,512,2909,true,1,0.0357341718674
bf16,1,1,1,256,1,control_shuffle32_split,3,5,100,304.898509979,1668,0.0054706728482,512,2909,true,1,0.304898509979
bf16,1,1,1,256,1,shuffle32_split,3,6,100,68.7195396423,1668,0.0242725723816,512,2909,true,1,0.0687195396423
bf16,1,1,1,256,1,baseline_fused,3,7,100,96.0130214691,644,0.00670742353637,512,2909,true,1,0.0960130214691
bf16,1,1,1,256,1,control_optimized_fused,3,8,100,61.1869716644,644,0.0105251164175,512,2909,true,1,0.0611869716644
bf16,1,1,1,256,1,optimized_fused,3,9,100,29.991543293,644,0.0214727196166,512,2909,true,1,0.029991543293
bf16,1,1,1,256,1,control_shuffle32_fused,3,10,100,300.689144135,644,0.00214174675928,512,2909,true,1,0.300689144135
bf16,1,1,1,256,1,shuffle32_fused,3,11,100,61.5545129776,644,0.0104622710643,512,2909,true,1,0.0615545129776
bf16,1,1,1,256,1,baseline_transform,3,12,100,10.069257021,1024,0.101695685975,512,2909,true,1,0.010069257021
bf16,1,1,1,256,1,control_optimized_transform,3,13,100,10.9110856056,1024,0.0938495065489,512,2909,true,1,0.0109110856056
bf16,1,1,1,256,1,optimized_transform,3,14,100,10.8800005913,1024,0.094117641944,512,2909,true,1,0.0108800005913
bf16,1,1,1,256,1,shuffle32_transform,4,0,100,11.9522285461,1024,0.0856743992174,512,2909,true,1,0.0119522285461
bf16,1,1,1,256,1,baseline_split,4,1,100,100.666513443,1668,0.0165695616442,512,2909,true,1,0.100666513443
bf16,1,1,1,256,1,control_optimized_split,4,2,100,67.0226287842,1668,0.0248871169373,512,2909,true,1,0.0670226287842
bf16,1,1,1,256,1,optimized_split,4,3,100,35.8374857903,1668,0.0465434436378,512,2909,true,1,0.0358374857903
bf16,1,1,1,256,1,control_shuffle32_split,4,4,100,304.950180054,1668,0.00546974590966,512,2909,true,1,0.304950180054
bf16,1,1,1,256,1,shuffle32_split,4,5,100,68.1078863144,1668,0.0244905559439,512,2909,true,1,0.0681078863144
bf16,1,1,1,256,1,baseline_fused,4,6,100,96.0091400146,644,0.00670769470388,512,2909,true,1,0.0960091400146
bf16,1,1,1,256,1,control_optimized_fused,4,7,100,61.1851406097,644,0.0105254313969,512,2909,true,1,0.0611851406097
bf16,1,1,1,256,1,optimized_fused,4,8,100,30.0379419327,644,0.0214395513995,512,2909,true,1,0.0300379419327
bf16,1,1,1,256,1,control_shuffle32_fused,4,9,100,300.690975189,644,0.00214173371713,512,2909,true,1,0.300690975189
bf16,1,1,1,256,1,shuffle32_fused,4,10,100,61.5375995636,644,0.0104651465863,512,2909,true,1,0.0615375995636
bf16,1,1,1,256,1,baseline_transform,4,11,100,10.1730287075,1024,0.100658322063,512,2909,true,1,0.0101730287075
bf16,1,1,1,256,1,control_optimized_transform,4,12,100,10.9572565556,1024,0.0934540498169,512,2909,true,1,0.0109572565556
bf16,1,1,1,256,1,optimized_transform,4,13,100,10.9670853615,1024,0.0933702954111,512,2909,true,1,0.0109670853615
bf16,1,1,1,256,1,control_shuffle32_transform,4,14,100,11.9003427029,1024,0.0860479421112,512,2909,true,1,0.0119003427029
bf16,1,17,1,256,17,baseline_transform,0,0,100,10.4523432255,17408,1.66546387011,8704,2909,true,1,0.0104523432255
bf16,1,17,1,256,17,control_optimized_transform,0,1,100,11.0658276081,17408,1.57313132072,8704,2909,true,1,0.0110658276081
bf16,1,17,1,256,17,optimized_transform,0,2,100,11.0923433304,17408,1.56937082468,8704,2909,true,1,0.0110923433304
bf16,1,17,1,256,17,control_shuffle32_transform,0,3,100,12.0610284805,17408,1.44332633225,8704,2909,true,1,0.0120610284805
bf16,1,17,1,256,17,shuffle32_transform,0,4,100,12.1353149414,17408,1.43449099459,8704,2909,true,1,0.0121353149414
bf16,1,17,1,256,17,baseline_split,0,5,100,101.364116669,28356,0.279743965931,8704,2909,true,1,0.101364116669
bf16,1,17,1,256,17,control_optimized_split,0,6,100,67.4580526352,28356,0.420350112289,8704,2909,true,1,0.0674580526352
bf16,1,17,1,256,17,optimized_split,0,7,100,36.4230847359,28356,0.77851725645,8704,2909,true,1,0.0364230847359
bf16,1,17,1,256,17,control_shuffle32_split,0,8,100,305.452575684,28356,0.0928327415035,8704,2909,true,1,0.305452575684
bf16,1,17,1,256,17,shuffle32_split,0,9,100,68.2998847961,28356,0.415169075096,8704,2909,true,1,0.0682998847961
bf16,1,17,1,256,17,baseline_fused,0,10,100,96.5366840363,10948,0.113407665794,8704,2909,true,1,0.0965366840363
bf16,1,17,1,256,17,control_optimized_fused,0,11,100,61.5917682648,10948,0.177751025964,8704,2909,true,1,0.0615917682648
bf16,1,17,1,256,17,optimized_fused,0,12,100,30.2806854248,10948,0.361550600537,8704,2909,true,1,0.0302806854248
bf16,1,17,1,256,17,control_shuffle32_fused,0,13,100,301.216220856,10948,0.0363459841867,8704,2909,true,1,0.301216220856
bf16,1,17,1,256,17,shuffle32_fused,0,14,100,61.4454889297,10948,0.178174186432,8704,2909,true,1,0.0614454889297
bf16,1,17,1,256,17,control_optimized_transform,1,0,100,11.1220562458,17408,1.56517820224,8704,2909,true,1,0.0111220562458
bf16,1,17,1,256,17,optimized_transform,1,1,100,11.140114069,17408,1.56264109076,8704,2909,true,1,0.011140114069
bf16,1,17,1,256,17,control_shuffle32_transform,1,2,100,12.159999609,17408,1.4315789934,8704,2909,true,1,0.012159999609
bf16,1,17,1,256,17,shuffle32_transform,1,3,100,12.1634292603,17408,1.43117533942,8704,2909,true,1,0.0121634292603
bf16,1,17,1,256,17,baseline_split,1,4,100,101.304683685,28356,0.279908084883,8704,2909,true,1,0.101304683685
bf16,1,17,1,256,17,control_optimized_split,1,5,100,67.4774885178,28356,0.420229036718,8704,2909,true,1,0.0674774885178
bf16,1,17,1,256,17,optimized_split,1,6,100,36.4697146416,28356,0.77752185008,8704,2909,true,1,0.0364697146416
bf16,1,17,1,256,17,control_shuffle32_split,1,7,100,305.587882996,28356,0.0927916372928,8704,2909,true,1,0.305587882996
bf16,1,17,1,256,17,shuffle32_split,1,8,100,68.1885719299,28356,0.415846808306,8704,2909,true,1,0.0681885719299
bf16,1,17,1,256,17,baseline_fused,1,9,100,96.5268516541,10948,0.113419217683,8704,2909,true,1,0.0965268516541
bf16,1,17,1,256,17,control_optimized_fused,1,10,100,61.6031980515,10948,0.177718046243,8704,2909,true,1,0.0616031980515
bf16,1,17,1,256,17,optimized_fused,1,11,100,30.304684639,10948,0.361264277468,8704,2909,true,1,0.030304684639
bf16,1,17,1,256,17,control_shuffle32_fused,1,12,100,301.20639801,10948,0.0363471694902,8704,2909,true,1,0.30120639801
bf16,1,17,1,256,17,shuffle32_fused,1,13,100,61.4715433121,10948,0.178098668264,8704,2909,true,1,0.0614715433121
bf16,1,17,1,256,17,baseline_transform,1,14,100,10.4132568836,17408,1.67171521788,8704,2909,true,1,0.0104132568836
bf16,1,17,1,256,17,optimized_transform,2,0,100,11.0765707493,17408,1.57160554417,8704,2909,true,1,0.0110765707493
bf16,1,17,1,256,17,control_shuffle32_transform,2,1,100,12.1529150009,17408,1.43241354018,8704,2909,true,1,0.0121529150009
bf16,1,17,1,256,17,shuffle32_transform,2,2,100,12.187885046,17408,1.42830359281,8704,2909,true,1,0.012187885046
bf16,1,17,1,256,17,baseline_split,2,3,100,101.418972015,28356,0.27959265842,8704,2909,true,1,0.101418972015
bf16,1,17,1,256,17,control_optimized_split,2,4,100,67.4356555939,28356,0.420489720909,8704,2909,true,1,0.0674356555939
bf16,1,17,1,256,17,optimized_split,2,5,100,36.5115427971,28356,0.776631109717,8704,2909,true,1,0.0365115427971
bf16,1,17,1,256,17,control_shuffle32_split,2,6,100,305.578746796,28356,0.0927944115792,8704,2909,true,1,0.305578746796
bf16,1,17,1,256,17,shuffle32_split,2,7,100,68.3211421967,28356,0.415039899631,8704,2909,true,1,0.0683211421967
bf16,1,17,1,256,17,baseline_fused,2,8,100,96.5373706818,10948,0.113406859154,8704,2909,true,1,0.0965373706818
bf16,1,17,1,256,17,control_optimized_fused,2,9,100,61.6340589523,10948,0.177629060719,8704,2909,true,1,0.0616340589523
bf16,1,17,1,256,17,optimized_fused,2,10,100,30.2866292,10948,0.361479645942,8704,2909,true,1,0.0302866292
bf16,1,17,1,256,17,control_shuffle32_fused,2,11,100,301.226291656,10948,0.0363447690432,8704,2909,true,1,0.301226291656
bf16,1,17,1,256,17,shuffle32_fused,2,12,100,61.4706277847,10948,0.178101320818,8704,2909,true,1,0.0614706277847
bf16,1,17,1,256,17,baseline_transform,2,13,100,10.5149722099,17408,1.65554408062,8704,2909,true,1,0.0105149722099
bf16,1,17,1,256,17,control_optimized_transform,2,14,100,11.0914289951,17408,1.56950019764,8704,2909,true,1,0.0110914289951
bf16,1,17,1,256,17,control_shuffle32_transform,3,0,100,12.2315430641,17408,1.42320555213,8704,2909,true,1,0.0122315430641
bf16,1,17,1,256,17,shuffle32_transform,3,1,100,12.1245718002,17408,1.43576204478,8704,2909,true,1,0.0121245718002
bf16,1,17,1,256,17,baseline_split,3,2,100,101.378746033,28356,0.279703597743,8704,2909,true,1,0.101378746033
bf16,1,17,1,256,17,control_optimized_split,3,3,100,68.0480003357,28356,0.416705852635,8704,2909,true,1,0.0680480003357
bf16,1,17,1,256,17,optimized_split,3,4,100,36.5391993523,28356,0.776043276883,8704,2909,true,1,0.0365391993523
bf16,1,17,1,256,17,control_shuffle32_split,3,5,100,305.496921539,28356,0.0928192659262,8704,2909,true,1,0.305496921539
bf16,1,17,1,256,17,shuffle32_split,3,6,100,68.2358884811,28356,0.415558449244,8704,2909,true,1,0.0682358884811
bf16,1,17,1,256,17,baseline_fused,3,7,100,96.5421772003,10948,0.113401212998,8704,2909,true,1,0.0965421772003
bf16,1,17,1,256,17,control_optimized_fused,3,8,100,61.6054821014,10948,0.177711457269,8704,2909,true,1,0.0616054821014
bf16,1,17,1,256,17,optimized_fused,3,9,100,30.298743248,10948,0.361335119097,8704,2909,true,1,0.030298743248
bf16,1,17,1,256,17,control_shuffle32_fused,3,10,100,301.209831238,10948,0.0363467552006,8704,2909,true,1,0.301209831238
bf16,1,17,1,256,17,shuffle32_fused,3,11,100,61.4594316483,10948,0.178133765744,8704,2909,true,1,0.0614594316483
bf16,1,17,1,256,17,baseline_transform,3,12,100,10.403200388,17408,1.67333122028,8704,2909,true,1,0.010403200388
bf16,1,17,1,256,17,control_optimized_transform,3,13,100,11.1181724072,17408,1.56572495573,8704,2909,true,1,0.0111181724072
bf16,1,17,1,256,17,optimized_transform,3,14,100,11.1780571938,17408,1.55733681607,8704,2909,true,1,0.0111780571938
bf16,1,17,1,256,17,shuffle32_transform,4,0,100,12.0381724834,17408,1.44606667033,8704,2909,true,1,0.0120381724834
bf16,1,17,1,256,17,baseline_split,4,1,100,101.380567551,28356,0.279698572272,8704,2909,true,1,0.101380567551
bf16,1,17,1,256,17,control_optimized_split,4,2,100,67.4374866486,28356,0.420478303822,8704,2909,true,1,0.0674374866486
bf16,1,17,1,256,17,optimized_split,4,3,100,36.5087985992,28356,0.776689485493,8704,2909,true,1,0.0365087985992
bf16,1,17,1,256,17,control_shuffle32_split,4,4,100,305.523204803,28356,0.0928112809573,8704,2909,true,1,0.305523204803
bf16,1,17,1,256,17,shuffle32_split,4,5,100,68.2150840759,28356,0.415685187288,8704,2909,true,1,0.0682150840759
bf16,1,17,1,256,17,baseline_fused,4,6,100,96.5282344818,10948,0.113417592881,8704,2909,true,1,0.0965282344818
bf16,1,17,1,256,17,control_optimized_fused,4,7,100,61.583313942,10948,0.177775428102,8704,2909,true,1,0.061583313942
bf16,1,17,1,256,17,optimized_fused,4,8,100,30.277941227,10948,0.361583369158,8704,2909,true,1,0.030277941227
bf16,1,17,1,256,17,control_shuffle32_fused,4,9,100,301.221942902,10948,0.0363452937543,8704,2909,true,1,0.301221942902
bf16,1,17,1,256,17,shuffle32_fused,4,10,100,61.445941925,10948,0.178172872886,8704,2909,true,1,0.061445941925
bf16,1,17,1,256,17,baseline_transform,4,11,100,10.5654859543,17408,1.64762889992,8704,2909,true,1,0.0105654859543
bf16,1,17,1,256,17,control_optimized_transform,4,12,100,11.1506283283,17408,1.56116762997,8704,2909,true,1,0.0111506283283
bf16,1,17,1,256,17,optimized_transform,4,13,100,11.1846864223,17408,1.5564137735,8704,2909,true,1,0.0111846864223
bf16,1,17,1,256,17,control_shuffle32_transform,4,14,100,12.1769142151,17408,1.42959042763,8704,2909,true,1,0.0121769142151
bf16,1,257,1,256,257,baseline_transform,0,0,100,10.9467434883,263168,24.0407569869,131584,2909,true,1,0.0109467434883
bf16,1,257,1,256,257,control_optimized_transform,0,1,100,11.497143507,263168,22.8898595412,131584,2909,true,1,0.011497143507
bf16,1,257,1,256,257,optimized_transform,0,2,100,11.3942861557,263168,23.0964885736,131584,2909,true,1,0.0113942861557
bf16,1,257,1,256,257,control_shuffle32_transform,0,3,100,14.05782938,263168,18.7203865466,131584,2909,true,1,0.01405782938
bf16,1,257,1,256,257,shuffle32_transform,0,4,100,14.2061710358,263168,18.5249071926,131584,2909,true,1,0.0142061710358
bf16,1,257,1,256,257,baseline_split,0,5,100,104.163885117,428676,4.11539949302,131584,2909,true,1,0.104163885117
bf16,1,257,1,256,257,control_optimized_split,0,6,100,69.6304035187,428676,6.15644859627,131584,2909,true,1,0.0696304035187
bf16,1,257,1,256,257,optimized_split,0,7,100,36.9894862175,428676,11.5891309622,131584,2909,true,1,0.0369894862175
bf16,1,257,1,256,257,control_shuffle32_split,0,8,100,328.979187012,428676,1.303048998,131584,2909,true,1,0.328979187012
bf16,1,257,1,256,257,shuffle32_split,0,9,100,77.4621725082,428676,5.53400435489,131584,2909,true,1,0.0774621725082
bf16,1,257,1,256,257,baseline_fused,0,10,100,98.8765716553,165508,1.6738848974,131584,2909,true,1,0.0988765716553
bf16,1,257,1,256,257,control_optimized_fused,0,11,100,63.7691402435,165508,2.59542467356,131584,2909,true,1,0.0637691402435
bf16,1,257,1,256,257,optimized_fused,0,12,100,30.7446861267,165508,5.38330426656,131584,2909,true,1,0.0307446861267
bf16,1,257,1,256,257,control_shuffle32_fused,0,13,100,321.57119751,165508,0.514685398698,131584,2909,true,1,0.32157119751
bf16,1,257,1,256,257,shuffle32_fused,0,14,100,68.3602285385,165508,2.42111536983,131584,2909,true,1,0.0683602285385
bf16,1,257,1,256,257,control_optimized_transform,1,0,100,11.365942955,263168,23.154084183,131584,2909,true,1,0.011365942955
bf16,1,257,1,256,257,optimized_transform,1,1,100,11.4093708992,263168,23.0659518676,131584,2909,true,1,0.0114093708992
bf16,1,257,1,256,257,control_shuffle32_transform,1,2,100,14.0354287624,263168,18.7502643813,131584,2909,true,1,0.0140354287624
bf16,1,257,1,256,257,shuffle32_transform,1,3,100,14.1844570637,263168,18.5532656498,131584,2909,true,1,0.0141844570637
bf16,1,257,1,256,257,baseline_split,1,4,100,104.13851738,428676,4.11640198829,131584,2909,true,1,0.10413851738
bf16,1,257,1,256,257,control_optimized_split,1,5,100,70.3574848175,428676,6.09282723952,131584,2909,true,1,0.0703574848175
bf16,1,257,1,256,257,optimized_split,1,6,100,37.1410274506,428676,11.5418454853,131584,2909,true,1,0.0371410274506
bf16,1,257,1,256,257,control_shuffle32_split,1,7,100,328.385391235,428676,1.30540520815,131584,2909,true,1,0.328385391235
bf16,1,257,1,256,257,shuffle32_split,1,8,100,76.8614816666,428676,5.57725392102,131584,2909,true,1,0.0768614816666
bf16,1,257,1,256,257,baseline_fused,1,9,100,98.8735961914,165508,1.67393527064,131584,2909,true,1,0.0988735961914
bf16,1,257,1,256,257,control_optimized_fused,1,10,100,63.7732601166,165508,2.59525700423,131584,2909,true,1,0.0637732601166
bf16,1,257,1,256,257,optimized_fused,1,11,100,30.7396554947,165508,5.38418525961,131584,2909,true,1,0.0307396554947
bf16,1,257,1,256,257,control_shuffle32_fused,1,12,100,321.57875061,165508,0.514673309993,131584,2909,true,1,0.32157875061
bf16,1,257,1,256,257,shuffle32_fused,1,13,100,68.3620548248,165508,2.42105068995,131584,2909,true,1,0.0683620548248
bf16,1,257,1,256,257,baseline_transform,1,14,100,10.8893716335,263168,24.167418365,131584,2909,true,1,0.0108893716335
bf16,1,257,1,256,257,optimized_transform,2,0,100,11.4626288414,263168,22.9587822864,131584,2909,true,1,0.0114626288414
bf16,1,257,1,256,257,control_shuffle32_transform,2,1,100,14.093028307,263168,18.6736302708,131584,2909,true,1,0.014093028307
bf16,1,257,1,256,257,shuffle32_transform,2,2,100,14.2486858368,263168,18.4696331307,131584,2909,true,1,0.0142486858368
bf16,1,257,1,256,257,baseline_split,2,3,100,104.069490433,428676,4.11913230494,131584,2909,true,1,0.104069490433
bf16,1,257,1,256,257,control_optimized_split,2,4,100,70.2431964874,428676,6.10274049924,131584,2909,true,1,0.0702431964874
bf16,1,257,1,256,257,optimized_split,2,5,100,37.0882296562,428676,11.5582761424,131584,2909,true,1,0.0370882296562
bf16,1,257,1,256,257,control_shuffle32_split,2,6,100,328.461723328,428676,1.30510184157,131584,2909,true,1,0.328461723328
bf16,1,257,1,256,257,shuffle32_split,2,7,100,76.7714309692,428676,5.58379588068,131584,2909,true,1,0.0767714309692
bf16,1,257,1,256,257,baseline_fused,2,8,100,98.8745117188,165508,1.67391977086,131584,2909,true,1,0.0988745117188
bf16,1,257,1,256,257,control_optimized_fused,2,9,100,63.7668561935,165508,2.59551763847,131584,2909,true,1,0.0637668561935
bf16,1,257,1,256,257,optimized_fused,2,10,100,30.7421708107,165508,5.38374472704,131584,2909,true,1,0.0307421708107
bf16,1,257,1,256,257,control_shuffle32_fused,2,11,100,321.570281982,165508,0.514686864034,131584,2909,true,1,0.321570281982
bf16,1,257,1,256,257,shuffle32_fused,2,12,100,68.3643436432,165508,2.42096963388,131584,2909,true,1,0.0683643436432
bf16,1,257,1,256,257,baseline_transform,2,13,100,10.8473145962,263168,24.261119899,131584,2909,true,1,0.0108473145962
bf16,1,257,1,256,257,control_optimized_transform,2,14,100,11.2854850292,263168,23.3191572466,131584,2909,true,1,0.0112854850292
bf16,1,257,1,256,257,control_shuffle32_transform,3,0,100,14.1250288486,263168,18.6313247796,131584,2909,true,1,0.0141250288486
bf16,1,257,1,256,257,shuffle32_transform,3,1,100,14.4242286682,263168,18.2448577358,131584,2909,true,1,0.0144242286682
bf16,1,257,1,256,257,baseline_split,3,2,100,104.169368744,428676,4.1151828524,131584,2909,true,1,0.104169368744
bf16,1,257,1,256,257,control_optimized_split,3,3,100,70.3051424026,428676,6.09736336988,131584,2909,true,1,0.0703051424026
bf16,1,257,1,256,257,optimized_split,3,4,100,37.932343483,428676,11.3010681819,131584,2909,true,1,0.037932343483
bf16,1,257,1,256,257,control_shuffle32_split,3,5,100,328.375549316,428676,1.30544433315,131584,2909,true,1,0.328375549316
bf16,1,257,1,256,257,shuffle32_split,3,6,100,77.5124549866,428676,5.53041443564,131584,2909,true,1,0.0775124549866
bf16,1,257,1,256,257,baseline_fused,3,7,100,98.8790893555,165508,1.67384227625,131584,2909,true,1,0.0988790893555
bf16,1,257,1,256,257,control_optimized_fused,3,8,100,63.7684583664,165508,2.59545242648,131584,2909,true,1,0.0637684583664
bf16,1,257,1,256,257,optimized_fused,3,9,100,30.7517719269,165508,5.38206384964,131584,2909,true,1,0.0307517719269
bf16,1,257,1,256,257,control_shuffle32_fused,3,10,100,321.57623291,165508,0.514677339498,131584,2909,true,1,0.32157623291
bf16,1,257,1,256,257,shuffle32_fused,3,11,100,68.3689165115,165508,2.42080770685,131584,2909,true,1,0.0683689165115
bf16,1,257,1,256,257,baseline_transform,3,12,100,10.8710861206,263168,24.2080687321,131584,2909,true,1,0.0108710861206
bf16,1,257,1,256,257,control_optimized_transform,3,13,100,11.4075434208,263168,23.0696470127,131584,2909,true,1,0.0114075434208
bf16,1,257,1,256,257,optimized_transform,3,14,100,11.5609145164,263168,22.7635970862,131584,2909,true,1,0.0115609145164
bf16,1,257,1,256,257,shuffle32_transform,4,0,100,14.2582857609,263168,18.4571977595,131584,2909,true,1,0.0142582857609
bf16,1,257,1,256,257,baseline_split,4,1,100,104.171199799,428676,4.11511051835,131584,2909,true,1,0.104171199799
bf16,1,257,1,256,257,control_optimized_split,4,2,100,69.7266244888,428676,6.14795285363,131584,2909,true,1,0.0697266244888
bf16,1,257,1,256,257,optimized_split,4,3,100,37.1213722229,428676,11.5479567249,131584,2909,true,1,0.0371213722229
bf16,1,257,1,256,257,control_shuffle32_split,4,4,100,328.495330811,428676,1.30496832007,131584,2909,true,1,0.328495330811
bf16,1,257,1,256,257,shuffle32_split,4,5,100,76.8639993668,428676,5.57707123662,131584,2909,true,1,0.0768639993668
bf16,1,257,1,256,257,baseline_fused,4,6,100,98.8793182373,165508,1.6738384017,131584,2909,true,1,0.0988793182373
bf16,1,257,1,256,257,control_optimized_fused,4,7,100,63.7705135345,165508,2.59536878138,131584,2909,true,1,0.0637705135345
bf16,1,257,1,256,257,optimized_fused,4,8,100,30.7348585129,165508,5.38502560312,131584,2909,true,1,0.0307348585129
bf16,1,257,1,256,257,control_shuffle32_fused,4,9,100,321.577148438,165508,0.514675874216,131584,2909,true,1,0.321577148438
bf16,1,257,1,256,257,shuffle32_fused,4,10,100,68.3664035797,165508,2.42089668805,131584,2909,true,1,0.0683664035797
bf16,1,257,1,256,257,baseline_transform,4,11,100,10.9636569023,263168,24.0036697924,131584,2909,true,1,0.0109636569023
bf16,1,257,1,256,257,control_optimized_transform,4,12,100,11.3844573498,263168,23.1164289974,131584,2909,true,1,0.0113844573498
bf16,1,257,1,256,257,optimized_transform,4,13,100,11.4319992065,263168,23.0202955096,131584,2909,true,1,0.0114319992065
bf16,1,257,1,256,257,control_shuffle32_transform,4,14,100,14.1433131695,263168,18.6072384063,131584,2909,true,1,0.0141433131695
bf16,4,64,16,256,4096,baseline_transform,0,0,100,49.2642307281,4194304,85.1389322031,2097152,2909,true,1,0.0492642307281
bf16,4,64,16,256,4096,control_optimized_transform,0,1,100,37.3540568352,4194304,112.285099809,2097152,2909,true,1,0.0373540568352
bf16,4,64,16,256,4096,optimized_transform,0,2,100,37.4143981934,4194304,112.10400815,2097152,2909,true,1,0.0374143981934
bf16,4,64,16,256,4096,control_shuffle32_transform,0,3,100,21.9444584846,4194304,191.132718218,2097152,2909,true,1,0.0219444584846
bf16,4,64,16,256,4096,shuffle32_transform,0,4,100,22.2027420998,4194304,188.909278915,2097152,2909,true,1,0.0222027420998
bf16,4,64,16,256,4096,baseline_split,0,5,100,1144.91424561,6832128,5.96737094173,2097152,2909,true,1,1.14491424561
bf16,4,64,16,256,4096,control_optimized_split,0,6,100,500.236778259,6832128,13.6577882653,2097152,2909,true,1,0.500236778259
bf16,4,64,16,256,4096,optimized_split,0,7,100,188.881607056,6832128,36.1714838544,2097152,2909,true,1,0.188881607056
bf16,4,64,16,256,4096,control_shuffle32_split,0,8,100,836.410293579,6832128,8.1683930153,2097152,2909,true,1,0.836410293579
bf16,4,64,16,256,4096,shuffle32_split,0,9,100,149.506521225,6832128,45.6978594915,2097152,2909,true,1,0.149506521225
bf16,4,64,16,256,4096,baseline_fused,0,10,100,1137.3588562,2637824,2.31925393258,2097152,2909,true,1,1.1373588562
bf16,4,64,16,256,4096,control_optimized_fused,0,11,100,485.297584534,2637824,5.43547729077,2097152,2909,true,1,0.485297584534
bf16,4,64,16,256,4096,optimized_fused,0,12,100,172.086162567,2637824,15.328507305,2097152,2909,true,1,0.172086162567
bf16,4,64,16,256,4096,control_shuffle32_fused,0,13,100,835.176239014,2637824,3.15840403112,2097152,2909,true,1,0.835176239014
bf16,4,64,16,256,4096,shuffle32_fused,0,14,100,131.349716187,2637824,20.0824491791,2097152,2909,true,1,0.131349716187
bf16,4,64,16,256,4096,control_optimized_transform,1,0,100,37.3787426949,4194304,112.210943911,2097152,2909,true,1,0.0373787426949
bf16,4,64,16,256,4096,optimized_transform,1,1,100,37.4139428139,4194304,112.105372611,2097152,2909,true,1,0.0374139428139
bf16,4,64,16,256,4096,control_shuffle32_transform,1,2,100,21.9026279449,4194304,191.497751345,2097152,2909,true,1,0.0219026279449
bf16,4,64,16,256,4096,shuffle32_transform,1,3,100,23.5085725784,4194304,178.415936825,2097152,2909,true,1,0.0235085725784
bf16,4,64,16,256,4096,baseline_split,1,4,100,1143.74465942,6832128,5.97347313818,2097152,2909,true,1,1.14374465942
bf16,4,64,16,256,4096,control_optimized_split,1,5,100,498.094863892,6832128,13.7165196738,2097152,2909,true,1,0.498094863892
bf16,4,64,16,256,4096,optimized_split,1,6,100,188.90789032,6832128,36.1664512183,2097152,2909,true,1,0.18890789032
bf16,4,64,16,256,4096,control_shuffle32_split,1,7,100,838.395843506,6832128,8.14904803372,2097152,2909,true,1,0.838395843506
bf16,4,64,16,256,4096,shuffle32_split,1,8,100,149.851198196,6832128,45.5927485548,2097152,2909,true,1,0.149851198196
bf16,4,64,16,256,4096,baseline_fused,1,9,100,1138.92074585,2637824,2.31607336122,2097152,2909,true,1,1.13892074585
bf16,4,64,16,256,4096,control_optimized_fused,1,10,100,485.821266174,2637824,5.42961822312,2097152,2909,true,1,0.485821266174
bf16,4,64,16,256,4096,optimized_fused,1,11,100,171.618518829,2637824,15.3702759935,2097152,2909,true,1,0.171618518829
bf16,4,64,16,256,4096,control_shuffle32_fused,1,12,100,836.191329956,2637824,3.15456989986,2097152,2909,true,1,0.836191329956
bf16,4,64,16,256,4096,shuffle32_fused,1,13,100,130.926170349,2637824,20.1474158525,2097152,2909,true,1,0.130926170349
bf16,4,64,16,256,4096,baseline_transform,1,14,100,49.2676591873,4194304,85.1330075182,2097152,2909,true,1,0.0492676591873
bf16,4,64,16,256,4096,optimized_transform,2,0,100,37.408914566,4194304,112.120441041,2097152,2909,true,1,0.037408914566
bf16,4,64,16,256,4096,control_shuffle32_transform,2,1,100,23.5035443306,4194304,178.454106368,2097152,2909,true,1,0.0235035443306
bf16,4,64,16,256,4096,shuffle32_transform,2,2,100,22.7748584747,4194304,184.163778873,2097152,2909,true,1,0.0227748584747
bf16,4,64,16,256,4096,baseline_split,2,3,100,1145.43609619,6832128,5.96465226015,2097152,2909,true,1,1.14543609619
bf16,4,64,16,256,4096,control_optimized_split,2,4,100,500.980796814,6832128,13.6375047576,2097152,2909,true,1,0.500980796814
bf16,4,64,16,256,4096,optimized_split,2,5,100,188.722515106,6832128,36.2019761985,2097152,2909,true,1,0.188722515106
bf16,4,64,16,256,4096,control_shuffle32_split,2,6,100,835.800018311,6832128,8.17435732271,2097152,2909,true,1,0.835800018311
bf16,4,64,16,256,4096,shuffle32_split,2,7,100,149.506969452,6832128,45.6977224878,2097152,2909,true,1,0.149506969452
bf16,4,64,16,256,4096,baseline_fused,2,8,100,1136.26495361,2637824,2.32148671981,2097152,2909,true,1,1.13626495361
bf16,4,64,16,256,4096,control_optimized_fused,2,9,100,485.288009644,2637824,5.43558453451,2097152,2909,true,1,0.485288009644
bf16,4,64,16,256,4096,optimized_fused,2,10,100,172.018051147,2637824,15.3345767052,2097152,2909,true,1,0.172018051147
bf16,4,64,16,256,4096,control_shuffle32_fused,2,11,100,831.909942627,2637824,3.17080475282,2097152,2909,true,1,0.831909942627
bf16,4,64,16,256,4096,shuffle32_fused,2,12,100,131.205253601,2637824,20.1045608129,2097152,2909,true,1,0.131205253601
bf16,4,64,16,256,4096,baseline_transform,2,13,100,49.2784023285,4194304,85.1144477461,2097152,2909,true,1,0.0492784023285
bf16,4,64,16,256,4096,control_optimized_transform,2,14,100,37.3314285278,4194304,112.353161007,2097152,2909,true,1,0.0373314285278
bf16,4,64,16,256,4096,control_shuffle32_transform,3,0,100,22.5455999374,4194304,186.0364777,2097152,2909,true,1,0.0225455999374
bf16,4,64,16,256,4096,shuffle32_transform,3,1,100,23.5417127609,4194304,178.16477682,2097152,2909,true,1,0.0235417127609
bf16,4,64,16,256,4096,baseline_split,3,2,100,1143.47473145,6832128,5.97488323276,2097152,2909,true,1,1.14347473145
bf16,4,64,16,256,4096,control_optimized_split,3,3,100,502.082061768,6832128,13.6075923046,2097152,2909,true,1,0.502082061768
bf16,4,64,16,256,4096,optimized_split,3,4,100,188.897609711,6832128,36.16841955,2097152,2909,true,1,0.188897609711
bf16,4,64,16,256,4096,control_shuffle32_split,3,5,100,836.438140869,6832128,8.16812106739,2097152,2909,true,1,0.836438140869
bf16,4,64,16,256,4096,shuffle32_split,3,6,100,149.562740326,6832128,45.6806821345,2097152,2909,true,1,0.149562740326
bf16,4,64,16,256,4096,baseline_fused,3,7,100,1136.04202271,2637824,2.32194227615,2097152,2909,true,1,1.13604202271
bf16,4,64,16,256,4096,control_optimized_fused,3,8,100,486.244544983,2637824,5.42489170772,2097152,2909,true,1,0.486244544983
bf16,4,64,16,256,4096,optimized_fused,3,9,100,171.134395599,2637824,15.4137570695,2097152,2909,true,1,0.171134395599
bf16,4,64,16,256,4096,control_shuffle32_fused,3,10,100,838.488693237,2637824,3.14592673852,2097152,2909,true,1,0.838488693237
bf16,4,64,16,256,4096,shuffle32_fused,3,11,100,131.062860489,2637824,20.1264033927,2097152,2909,true,1,0.131062860489
bf16,4,64,16,256,4096,baseline_transform,3,12,100,49.2804574966,4194304,85.1108981747,2097152,2909,true,1,0.0492804574966
bf16,4,64,16,256,4096,control_optimized_transform,3,13,100,37.3794269562,4194304,112.208889797,2097152,2909,true,1,0.0373794269562
bf16,4,64,16,256,4096,optimized_transform,3,14,100,37.3963427544,4194304,112.158133418,2097152,2909,true,1,0.0373963427544
bf16,4,64,16,256,4096,shuffle32_transform,4,0,100,22.247543335,4194304,188.528860776,2097152,2909,true,1,0.022247543335
bf16,4,64,16,256,4096,baseline_split,4,1,100,1143.80302429,6832128,5.9731683296,2097152,2909,true,1,1.14380302429
bf16,4,64,16,256,4096,control_optimized_split,4,2,100,500.656433105,6832128,13.6463401811,2097152,2909,true,1,0.500656433105
bf16,4,64,16,256,4096,optimized_split,4,3,100,188.991317749,6832128,36.1504860719,2097152,2909,true,1,0.188991317749
bf16,4,64,16,256,4096,control_shuffle32_split,4,4,100,841.160736084,6832128,8.12226213958,2097152,2909,true,1,0.841160736084
bf16,4,64,16,256,4096,shuffle32_split,4,5,100,149.150629044,6832128,45.8069003383,2097152,2909,true,1,0.149150629044
bf16,4,64,16,256,4096,baseline_fused,4,6,100,1136.56959534,2637824,2.32086447748,2097152,2909,true,1,1.13656959534
bf16,4,64,16,256,4096,control_optimized_fused,4,7,100,486.344680786,2637824,5.42377475114,2097152,2909,true,1,0.486344680786
bf16,4,64,16,256,4096,optimized_fused,4,8,100,171.624450684,2637824,15.3697447508,2097152,2909,true,1,0.171624450684
bf16,4,64,16,256,4096,control_shuffle32_fused,4,9,100,830.93170166,2637824,3.1745376843,2097152,2909,true,1,0.83093170166
bf16,4,64,16,256,4096,shuffle32_fused,4,10,100,131.476564407,2637824,20.0630736884,2097152,2909,true,1,0.131476564407
bf16,4,64,16,256,4096,baseline_transform,4,11,100,49.2555427551,4194304,85.1539494926,2097152,2909,true,1,0.0492555427551
bf16,4,64,16,256,4096,control_optimized_transform,4,12,100,37.3584008217,4194304,112.272043443,2097152,2909,true,1,0.0373584008217
bf16,4,64,16,256,4096,optimized_transform,4,13,100,37.4031996727,4194304,112.137572098,2097152,2909,true,1,0.0374031996727
bf16,4,64,16,256,4096,control_shuffle32_transform,4,14,100,22.4870872498,4194304,186.52055526,2097152,2909,true,1,0.0224870872498
bf16,16,64,16,256,16384,baseline_transform,0,0,100,170.586051941,16777216,98.3504560256,8388608,2909,true,1,0.170586051941
bf16,16,64,16,256,16384,control_optimized_transform,0,1,100,120.669717789,16777216,139.034186103,8388608,2909,true,1,0.120669717789
bf16,16,64,16,256,16384,optimized_transform,0,2,100,120.715427399,16777216,138.981539987,8388608,2909,true,1,0.120715427399
bf16,16,64,16,256,16384,control_shuffle32_transform,0,3,100,43.1316566467,16777216,388.976851444,8388608,2909,true,1,0.0431316566467
bf16,16,64,16,256,16384,shuffle32_transform,0,4,100,43.2210254669,16777216,388.172557656,8388608,2909,true,1,0.0432210254669
bf16,16,64,16,256,16384,baseline_split,0,5,100,4271.57745361,27328512,6.39775640188,8388608,2909,true,1,4.27157745361
bf16,16,64,16,256,16384,control_optimized_split,0,6,100,1869.96688843,27328512,14.6144363139,8388608,2909,true,1,1.86996688843
bf16,16,64,16,256,16384,optimized_split,0,7,100,677.89276123,27328512,40.313916246,8388608,2909,true,1,0.67789276123
bf16,16,64,16,256,16384,control_shuffle32_split,0,8,100,3194.63317871,27328512,8.55450703452,8388608,2909,true,1,3.19463317871
bf16,16,64,16,256,16384,shuffle32_split,0,9,100,436.181716919,27328512,62.6539603563,8388608,2909,true,1,0.436181716919
bf16,16,64,16,256,16384,baseline_fused,0,10,100,4271.00463867,10551296,2.47044826514,8388608,2909,true,1,4.27100463867
bf16,16,64,16,256,16384,control_optimized_fused,0,11,100,1823.57376099,10551296,5.78605386069,8388608,2909,true,1,1.82357376099
bf16,16,64,16,256,16384,optimized_fused,0,12,100,631.560020447,10551296,16.7067193274,8388608,2909,true,1,0.631560020447
bf16,16,64,16,256,16384,control_shuffle32_fused,0,13,100,3042.06512451,10551296,3.46846486454,8388608,2909,true,1,3.04206512451
bf16,16,64,16,256,16384,shuffle32_fused,0,14,100,391.467437744,10551296,26.9531894167,8388608,2909,true,1,0.391467437744
bf16,16,64,16,256,16384,control_optimized_transform,1,0,100,120.656452179,16777216,139.049472258,8388608,2909,true,1,0.120656452179
bf16,16,64,16,256,16384,optimized_transform,1,1,100,120.705833435,16777216,138.992586543,8388608,2909,true,1,0.120705833435
bf16,16,64,16,256,16384,control_shuffle32_transform,1,2,100,43.074054718,16777216,389.497021115,8388608,2909,true,1,0.043074054718
bf16,16,64,16,256,16384,shuffle32_transform,1,3,100,43.2075405121,16777216,388.293705246,8388608,2909,true,1,0.0432075405121
bf16,16,64,16,256,16384,baseline_split,1,4,100,4270.74249268,27328512,6.39900720937,8388608,2909,true,1,4.27074249268
bf16,16,64,16,256,16384,control_optimized_split,1,5,100,1870.0617981,27328512,14.6136945997,8388608,2909,true,1,1.8700617981
bf16,16,64,16,256,16384,optimized_split,1,6,100,677.907409668,27328512,40.3130451301,8388608,2909,true,1,0.677907409668
bf16,16,64,16,256,16384,control_shuffle32_split,1,7,100,3193.41308594,27328512,8.55777541601,8388608,2909,true,1,3.19341308594
bf16,16,64,16,256,16384,shuffle32_split,1,8,100,436.150856018,27328512,62.6583935877,8388608,2909,true,1,0.436150856018
bf16,16,64,16,256,16384,baseline_fused,1,9,100,4274.03991699,10551296,2.46869383649,8388608,2909,true,1,4.27403991699
bf16,16,64,16,256,16384,control_optimized_fused,1,10,100,1823.59680176,10551296,5.78598075508,8388608,2909,true,1,1.82359680176
bf16,16,64,16,256,16384,optimized_fused,1,11,100,631.534385681,10551296,16.7073974739,8388608,2909,true,1,0.631534385681
bf16,16,64,16,256,16384,control_shuffle32_fused,1,12,100,3042.20245361,10551296,3.46830829338,8388608,2909,true,1,3.04220245361
bf16,16,64,16,256,16384,shuffle32_fused,1,13,100,390.743103027,10551296,27.0031535253,8388608,2909,true,1,0.390743103027
bf16,16,64,16,256,16384,baseline_transform,1,14,100,170.59337616,16777216,98.3462334686,8388608,2909,true,1,0.17059337616
bf16,16,64,16,256,16384,optimized_transform,2,0,100,120.739202499,16777216,138.954172735,8388608,2909,true,1,0.120739202499
bf16,16,64,16,256,16384,control_shuffle32_transform,2,1,100,43.1279993057,16777216,389.009837462,8388608,2909,true,1,0.0431279993057
bf16,16,64,16,256,16384,shuffle32_transform,2,2,100,43.2532548904,16777216,387.88331751,8388608,2909,true,1,0.0432532548904
bf16,16,64,16,256,16384,baseline_split,2,3,100,4271.18286133,27328512,6.3983474572,8388608,2909,true,1,4.27118286133
bf16,16,64,16,256,16384,control_optimized_split,2,4,100,1870.20401001,27328512,14.6125833619,8388608,2909,true,1,1.87020401001
bf16,16,64,16,256,16384,optimized_split,2,5,100,677.864227295,27328512,40.3156132151,8388608,2909,true,1,0.677864227295
bf16,16,64,16,256,16384,control_shuffle32_split,2,6,100,3177.91595459,27328512,8.59950747298,8388608,2909,true,1,3.17791595459
bf16,16,64,16,256,16384,shuffle32_split,2,7,100,436.267433167,27328512,62.6416503328,8388608,2909,true,1,0.436267433167
bf16,16,64,16,256,16384,baseline_fused,2,8,100,4272.66418457,10551296,2.46948871809,8388608,2909,true,1,4.27266418457
bf16,16,64,16,256,16384,control_optimized_fused,2,9,100,1823.71109009,10551296,5.78561815923,8388608,2909,true,1,1.82371109009
bf16,16,64,16,256,16384,optimized_fused,2,10,100,631.759300232,10551296,16.7014494225,8388608,2909,true,1,0.631759300232
bf16,16,64,16,256,16384,control_shuffle32_fused,2,11,100,3041.7868042,10551296,3.46878222545,8388608,2909,true,1,3.0417868042
bf16,16,64,16,256,16384,shuffle32_fused,2,12,100,390.812339783,10551296,26.9983696161,8388608,2909,true,1,0.390812339783
bf16,16,64,16,256,16384,baseline_transform,2,13,100,170.602054596,16777216,98.3412306477,8388608,2909,true,1,0.170602054596
bf16,16,64,16,256,16384,control_optimized_transform,2,14,100,120.666284561,16777216,139.038141938,8388608,2909,true,1,0.120666284561
bf16,16,64,16,256,16384,control_shuffle32_transform,3,0,100,43.0411434174,16777216,389.79484902,8388608,2909,true,1,0.0430411434174
bf16,16,64,16,256,16384,shuffle32_transform,3,1,100,43.1604576111,16777216,388.717287272,8388608,2909,true,1,0.0431604576111
bf16,16,64,16,256,16384,baseline_split,3,2,100,4267.68096924,27328512,6.40359769087,8388608,2909,true,1,4.26768096924
bf16,16,64,16,256,16384,control_optimized_split,3,3,100,1869.95773315,27328512,14.6145078659,8388608,2909,true,1,1.86995773315
bf16,16,64,16,256,16384,optimized_split,3,4,100,677.932357788,27328512,40.3115615976,8388608,2909,true,1,0.677932357788
bf16,16,64,16,256,16384,control_shuffle32_split,3,5,100,3183.23791504,27328512,8.58513021314,8388608,2909,true,1,3.18323791504
bf16,16,64,16,256,16384,shuffle32_split,3,6,100,436.178512573,27328512,62.654420638,8388608,2909,true,1,0.436178512573
bf16,16,64,16,256,16384,baseline_fused,3,7,100,4273.49853516,10551296,2.46900657932,8388608,2909,true,1,4.27349853516
bf16,16,64,16,256,16384,control_optimized_fused,3,8,100,1823.73077393,10551296,5.78555571406,8388608,2909,true,1,1.82373077393
bf16,16,64,16,256,16384,optimized_fused,3,9,100,631.684799194,10551296,16.7034191949,8388608,2909,true,1,0.631684799194
bf16,16,64,16,256,16384,control_shuffle32_fused,3,10,100,3041.39465332,10551296,3.46922948276,8388608,2909,true,1,3.04139465332
bf16,16,64,16,256,16384,shuffle32_fused,3,11,100,390.950393677,10551296,26.9888358489,8388608,2909,true,1,0.390950393677
bf16,16,64,16,256,16384,baseline_transform,3,12,100,170.626983643,16777216,98.3268627379,8388608,2909,true,1,0.170626983643
bf16,16,64,16,256,16384,control_optimized_transform,3,13,100,120.652799606,16777216,139.053681761,8388608,2909,true,1,0.120652799606
bf16,16,64,16,256,16384,optimized_transform,3,14,100,120.739421844,16777216,138.9539203,8388608,2909,true,1,0.120739421844
bf16,16,64,16,256,16384,shuffle32_transform,4,0,100,43.1442308426,16777216,388.863485855,8388608,2909,true,1,0.0431442308426
bf16,16,64,16,256,16384,baseline_split,4,1,100,4270.3994751,27328512,6.39952120624,8388608,2909,true,1,4.2703994751
bf16,16,64,16,256,16384,control_optimized_split,4,2,100,1869.96032715,27328512,14.6144875927,8388608,2909,true,1,1.86996032715
bf16,16,64,16,256,16384,optimized_split,4,3,100,677.828979492,27328512,40.3177096684,8388608,2909,true,1,0.677828979492
bf16,16,64,16,256,16384,control_shuffle32_split,4,4,100,3198.7008667,27328512,8.54362853511,8388608,2909,true,1,3.1987008667
bf16,16,64,16,256,16384,shuffle32_split,4,5,100,436.265144348,27328512,62.6419789755,8388608,2909,true,1,0.436265144348
bf16,16,64,16,256,16384,baseline_fused,4,6,100,4273.56536865,10551296,2.46896796698,8388608,2909,true,1,4.27356536865
bf16,16,64,16,256,16384,control_optimized_fused,4,7,100,1823.49029541,10551296,5.78631870241,8388608,2909,true,1,1.82349029541
bf16,16,64,16,256,16384,optimized_fused,4,8,100,631.736221313,10551296,16.7020595686,8388608,2909,true,1,0.631736221313
bf16,16,64,16,256,16384,control_shuffle32_fused,4,9,100,3041.95220947,10551296,3.46859361141,8388608,2909,true,1,3.04195220947
bf16,16,64,16,256,16384,shuffle32_fused,4,10,100,391.255989075,10551296,26.9677558801,8388608,2909,true,1,0.391255989075
bf16,16,64,16,256,16384,baseline_transform,4,11,100,170.586280823,16777216,98.3503240652,8388608,2909,true,1,0.170586280823
bf16,16,64,16,256,16384,control_optimized_transform,4,12,100,120.645027161,16777216,139.062640167,8388608,2909,true,1,0.120645027161
bf16,16,64,16,256,16384,optimized_transform,4,13,100,120.749263763,16777216,138.942594572,8388608,2909,true,1,0.120749263763
bf16,16,64,16,256,16384,control_shuffle32_transform,4,14,100,43.0390834808,16777216,389.81350538,8388608,2909,true,1,0.0430390834808
