dtype,batch,seq,heads,dim,rows,method,group,order,repeats,kernel_us,logical_io_bytes,logical_GBs,input_working_set_bytes,seed,input_read_only,scale,kernel_ms
fp16,1,1,1,64,1,baseline_transform,0,0,100,9.09074246883,256,0.028160516138,128,2909,true,1,0.00909074246883
fp16,1,1,1,64,1,control_optimized_transform,0,1,100,9.24388587475,256,0.0276939810236,128,2909,true,1,0.00924388587475
fp16,1,1,1,64,1,optimized_transform,0,2,100,9.22537088394,256,0.0277495618572,128,2909,true,1,0.00922537088394
fp16,1,1,1,64,1,control_shuffle32_transform,0,3,100,8.01919996738,256,0.0319233840085,128,2909,true,1,0.00801919996738
fp16,1,1,1,64,1,shuffle32_transform,0,4,100,7.86331415176,256,0.0325562472844,128,2909,true,1,0.00786331415176
fp16,1,1,1,64,1,baseline_split,0,5,100,69.9149703979,420,0.00600729711547,128,2909,true,1,0.0699149703979
fp16,1,1,1,64,1,control_optimized_split,0,6,100,64.0070867538,420,0.00656177341136,128,2909,true,1,0.0640070867538
fp16,1,1,1,64,1,optimized_split,0,7,100,33.7442278862,420,0.012446573127,128,2909,true,1,0.0337442278862
fp16,1,1,1,64,1,control_shuffle32_split,0,8,100,93.9005661011,420,0.00447281648492,128,2909,true,1,0.0939005661011
fp16,1,1,1,64,1,shuffle32_split,0,9,100,35.4717707634,420,0.0118404012814,128,2909,true,1,0.0354717707634
fp16,1,1,1,64,1,baseline_fused,0,10,100,65.4450273514,164,0.00250591995507,128,2909,true,1,0.0654450273514
fp16,1,1,1,64,1,control_optimized_fused,0,11,100,58.670630455,164,0.00279526568452,128,2909,true,1,0.058670630455
fp16,1,1,1,64,1,optimized_fused,0,12,100,28.5595417023,164,0.00574238906596,128,2909,true,1,0.0285595417023
fp16,1,1,1,64,1,control_shuffle32_fused,0,13,100,89.2463970184,164,0.00183760919745,128,2909,true,1,0.0892463970184
fp16,1,1,1,64,1,shuffle32_fused,0,14,100,29.7213721275,164,0.00551791482898,128,2909,true,1,0.0297213721275
fp16,1,1,1,64,1,control_optimized_transform,1,0,100,9.3327999115,256,0.0274301391252,128,2909,true,1,0.0093327999115
fp16,1,1,1,64,1,optimized_transform,1,1,100,9.28548574448,256,0.0275699093235,128,2909,true,1,0.00928548574448
fp16,1,1,1,64,1,control_shuffle32_transform,1,2,100,7.9243427515,256,0.0323055183285,128,2909,true,1,0.0079243427515
fp16,1,1,1,64,1,shuffle32_transform,1,3,100,8.07474315166,256,0.031703794807,128,2909,true,1,0.00807474315166
fp16,1,1,1,64,1,baseline_split,1,4,100,69.9234294891,420,0.00600657037374,128,2909,true,1,0.0699234294891
fp16,1,1,1,64,1,control_optimized_split,1,5,100,64.0991973877,420,0.00655234413404,128,2909,true,1,0.0640991973877
fp16,1,1,1,64,1,optimized_split,1,6,100,33.7126851082,420,0.0124582185801,128,2909,true,1,0.0337126851082
fp16,1,1,1,64,1,control_shuffle32_split,1,7,100,93.8987445831,420,0.00447290325195,128,2909,true,1,0.0938987445831
fp16,1,1,1,64,1,shuffle32_split,1,8,100,34.8082280159,420,0.0120661126389,128,2909,true,1,0.0348082280159
fp16,1,1,1,64,1,baseline_fused,1,9,100,65.4511976242,164,0.00250568371478,128,2909,true,1,0.0654511976242
fp16,1,1,1,64,1,control_optimized_fused,1,10,100,58.6774873734,164,0.0027949390361,128,2909,true,1,0.0586774873734
fp16,1,1,1,64,1,optimized_fused,1,11,100,28.5858297348,164,0.00573710826383,128,2909,true,1,0.0285858297348
fp16,1,1,1,64,1,control_shuffle32_fused,1,12,100,89.2507457733,164,0.00183751965968,128,2909,true,1,0.0892507457733
fp16,1,1,1,64,1,shuffle32_fused,1,13,100,29.7661709785,164,0.00550961022559,128,2909,true,1,0.0297661709785
fp16,1,1,1,64,1,baseline_transform,1,14,100,9.02239978313,256,0.0283738258283,128,2909,true,1,0.00902239978313
fp16,1,1,1,64,1,optimized_transform,2,0,100,9.28685724735,256,0.0275658377405,128,2909,true,1,0.00928685724735
fp16,1,1,1,64,1,control_shuffle32_transform,2,1,100,7.93417155743,256,0.0322654984389,128,2909,true,1,0.00793417155743
fp16,1,1,1,64,1,shuffle32_transform,2,2,100,7.90925681591,256,0.0323671371354,128,2909,true,1,0.00790925681591
fp16,1,1,1,64,1,baseline_split,2,3,100,69.8790836334,420,0.00601038219395,128,2909,true,1,0.0698790836334
fp16,1,1,1,64,1,control_optimized_split,2,4,100,64.1101694107,420,0.00655122274454,128,2909,true,1,0.0641101694107
fp16,1,1,1,64,1,optimized_split,2,5,100,33.6482286453,420,0.0124820835125,128,2909,true,1,0.0336482286453
fp16,1,1,1,64,1,control_shuffle32_split,2,6,100,94.5771408081,420,0.00444081938206,128,2909,true,1,0.0945771408081
fp16,1,1,1,64,1,shuffle32_split,2,7,100,34.7947430611,420,0.0120707889483,128,2909,true,1,0.0347947430611
fp16,1,1,1,64,1,baseline_fused,2,8,100,65.4507446289,164,0.00250570105703,128,2909,true,1,0.0654507446289
fp16,1,1,1,64,1,control_optimized_fused,2,9,100,58.6621713638,164,0.00279566876212,128,2909,true,1,0.0586621713638
fp16,1,1,1,64,1,optimized_fused,2,10,100,28.5229706764,164,0.0057497517303,128,2909,true,1,0.0285229706764
fp16,1,1,1,64,1,control_shuffle32_fused,2,11,100,89.2402362823,164,0.00183773605755,128,2909,true,1,0.0892402362823
fp16,1,1,1,64,1,shuffle32_fused,2,12,100,29.751086235,164,0.00551240377257,128,2909,true,1,0.029751086235
fp16,1,1,1,64,1,baseline_transform,2,13,100,9.22285735607,256,0.0277571245132,128,2909,true,1,0.00922285735607
fp16,1,1,1,64,1,control_optimized_transform,2,14,100,9.21074271202,256,0.0277936327182,128,2909,true,1,0.00921074271202
fp16,1,1,1,64,1,control_shuffle32_transform,3,0,100,7.90057122707,256,0.0324027203404,128,2909,true,1,0.00790057122707
fp16,1,1,1,64,1,shuffle32_transform,3,1,100,7.94857144356,256,0.0322070452304,128,2909,true,1,0.00794857144356
fp16,1,1,1,64,1,baseline_split,3,2,100,69.8886871338,420,0.00600955629909,128,2909,true,1,0.0698886871338
fp16,1,1,1,64,1,control_optimized_split,3,3,100,64.1362285614,420,0.00654856092135,128,2909,true,1,0.0641362285614
fp16,1,1,1,64,1,optimized_split,3,4,100,33.7225151062,420,0.0124545870519,128,2909,true,1,0.0337225151062
fp16,1,1,1,64,1,control_shuffle32_split,3,5,100,94.6111965179,420,0.00443922088989,128,2909,true,1,0.0946111965179
fp16,1,1,1,64,1,shuffle32_split,3,6,100,34.8644566536,420,0.0120466526748,128,2909,true,1,0.0348644566536
fp16,1,1,1,64,1,baseline_fused,3,7,100,65.4454851151,164,0.00250590242721,128,2909,true,1,0.0654454851151
fp16,1,1,1,64,1,control_optimized_fused,3,8,100,58.6589717865,164,0.002795821253,128,2909,true,1,0.0586589717865
fp16,1,1,1,64,1,optimized_fused,3,9,100,28.5357737541,164,0.00574717200287,128,2909,true,1,0.0285357737541
fp16,1,1,1,64,1,control_shuffle32_fused,3,10,100,89.245262146,164,0.0018376325651,128,2909,true,1,0.089245262146
fp16,1,1,1,64,1,shuffle32_fused,3,11,100,29.721827507,164,0.00551783028689,128,2909,true,1,0.029721827507
fp16,1,1,1,64,1,baseline_transform,3,12,100,9.01051461697,256,0.028411251841,128,2909,true,1,0.00901051461697
fp16,1,1,1,64,1,control_optimized_transform,3,13,100,9.28251445293,256,0.0275787343287,128,2909,true,1,0.00928251445293
fp16,1,1,1,64,1,optimized_transform,3,14,100,9.30331408978,256,0.0275170759075,128,2909,true,1,0.00930331408978
fp16,1,1,1,64,1,shuffle32_transform,4,0,100,7.87131428719,256,0.0325231582249,128,2909,true,1,0.00787131428719
fp16,1,1,1,64,1,baseline_split,4,1,100,69.8950862885,420,0.0060090061019,128,2909,true,1,0.0698950862885
fp16,1,1,1,64,1,control_optimized_split,4,2,100,64.0390872955,420,0.00655849447169,128,2909,true,1,0.0640390872955
fp16,1,1,1,64,1,optimized_split,4,3,100,33.7533712387,420,0.012443201511,128,2909,true,1,0.0337533712387
fp16,1,1,1,64,1,control_shuffle32_split,4,4,100,93.9236545563,420,0.00447171697039,128,2909,true,1,0.0939236545563
fp16,1,1,1,64,1,shuffle32_split,4,5,100,34.8235440254,420,0.0120608057495,128,2909,true,1,0.0348235440254
fp16,1,1,1,64,1,baseline_fused,4,6,100,65.4473161697,164,0.00250583231824,128,2909,true,1,0.0654473161697
fp16,1,1,1,64,1,control_optimized_fused,4,7,100,58.6116600037,164,0.00279807806143,128,2909,true,1,0.0586116600037
fp16,1,1,1,64,1,optimized_fused,4,8,100,28.5428571701,164,0.00574574574026,128,2909,true,1,0.0285428571701
fp16,1,1,1,64,1,control_shuffle32_fused,4,9,100,89.1981697083,164,0.00183860274865,128,2909,true,1,0.0891981697083
fp16,1,1,1,64,1,shuffle32_fused,4,10,100,29.7458291054,164,0.00551337800735,128,2909,true,1,0.0297458291054
fp16,1,1,1,64,1,baseline_transform,4,11,100,9.01005685329,256,0.0284126952991,128,2909,true,1,0.00901005685329
fp16,1,1,1,64,1,control_optimized_transform,4,12,100,9.15634274483,256,0.0279587611707,128,2909,true,1,0.00915634274483
fp16,1,1,1,64,1,optimized_transform,4,13,100,9.42491412163,256,0.0271620512077,128,2909,true,1,0.00942491412163
fp16,1,1,1,64,1,control_shuffle32_transform,4,14,100,7.89005696774,256,0.0324459000799,128,2909,true,1,0.00789005696774
fp16,1,17,1,64,17,baseline_transform,0,0,100,9.22765672207,4352,0.4716256934,2176,2909,true,1,0.00922765672207
fp16,1,17,1,64,17,control_optimized_transform,0,1,100,9.42765712738,4352,0.461620521536,2176,2909,true,1,0.00942765712738
fp16,1,17,1,64,17,optimized_transform,0,2,100,9.54354286194,4352,0.456015136408,2176,2909,true,1,0.00954354286194
fp16,1,17,1,64,17,control_shuffle32_transform,0,3,100,7.92982876301,4352,0.548813868504,2176,2909,true,1,0.00792982876301
fp16,1,17,1,64,17,shuffle32_transform,0,4,100,7.87634313107,4352,0.552540681326,2176,2909,true,1,0.00787634313107
fp16,1,17,1,64,17,baseline_split,0,5,100,70.408911705,7140,0.101407617688,2176,2909,true,1,0.070408911705
fp16,1,17,1,64,17,control_optimized_split,0,6,100,64.8982858658,7140,0.110018314116,2176,2909,true,1,0.0648982858658
fp16,1,17,1,64,17,optimized_split,0,7,100,34.381942749,7140,0.207667148192,2176,2909,true,1,0.034381942749
fp16,1,17,1,64,17,control_shuffle32_split,0,8,100,93.7814807892,7140,0.0761344344311,2176,2909,true,1,0.0937814807892
fp16,1,17,1,64,17,shuffle32_split,0,9,100,34.7935986519,7140,0.205210161543,2176,2909,true,1,0.0347935986519
fp16,1,17,1,64,17,baseline_fused,0,10,100,65.7357692719,2788,0.0424122213961,2176,2909,true,1,0.0657357692719
fp16,1,17,1,64,17,control_optimized_fused,0,11,100,58.9124584198,2788,0.0473244552134,2176,2909,true,1,0.0589124584198
fp16,1,17,1,64,17,optimized_fused,0,12,100,29.0630841255,2788,0.0959292547191,2176,2909,true,1,0.0290630841255
fp16,1,17,1,64,17,control_shuffle32_fused,0,13,100,89.0834236145,2788,0.031296507104,2176,2909,true,1,0.0890834236145
fp16,1,17,1,64,17,shuffle32_fused,0,14,100,29.5929145813,2788,0.0942117408659,2176,2909,true,1,0.0295929145813
fp16,1,17,1,64,17,control_optimized_transform,1,0,100,9.32731449604,4352,0.46658660452,2176,2909,true,1,0.00932731449604
fp16,1,17,1,64,17,optimized_transform,1,1,100,9.44411456585,4352,0.460816095533,2176,2909,true,1,0.00944411456585
fp16,1,17,1,64,17,control_shuffle32_transform,1,2,100,7.89759993553,4352,0.551053489101,2176,2909,true,1,0.00789759993553
fp16,1,17,1,64,17,shuffle32_transform,1,3,100,7.96937167645,4352,0.546090730448,2176,2909,true,1,0.00796937167645
fp16,1,17,1,64,17,baseline_split,1,4,100,70.3017139435,7140,0.101562246487,2176,2909,true,1,0.0703017139435
fp16,1,17,1,64,17,control_optimized_split,1,5,100,64.4404602051,7140,0.110799953589,2176,2909,true,1,0.0644404602051
fp16,1,17,1,64,17,optimized_split,1,6,100,34.2953133583,7140,0.208191711952,2176,2909,true,1,0.0342953133583
fp16,1,17,1,64,17,control_shuffle32_split,1,7,100,94.38331604,7140,0.0756489631809,2176,2909,true,1,0.09438331604
fp16,1,17,1,64,17,shuffle32_split,1,8,100,34.8477721214,7140,0.20489114699,2176,2909,true,1,0.0348477721214
fp16,1,17,1,64,17,baseline_fused,1,9,100,65.7398843765,2788,0.0424095665279,2176,2909,true,1,0.0657398843765
fp16,1,17,1,64,17,control_optimized_fused,1,10,100,58.9366865158,2788,0.0473050007528,2176,2909,true,1,0.0589366865158
fp16,1,17,1,64,17,optimized_fused,1,11,100,29.1152000427,2788,0.0957575423115,2176,2909,true,1,0.0291152000427
fp16,1,17,1,64,17,control_shuffle32_fused,1,12,100,89.0912055969,2788,0.0312937734013,2176,2909,true,1,0.0890912055969
fp16,1,17,1,64,17,shuffle32_fused,1,13,100,29.6016001701,2788,0.0941840976155,2176,2909,true,1,0.0296016001701
fp16,1,17,1,64,17,baseline_transform,1,14,100,9.37920033932,4352,0.464005442101,2176,2909,true,1,0.00937920033932
fp16,1,17,1,64,17,optimized_transform,2,0,100,9.42559957504,4352,0.46172129055,2176,2909,true,1,0.00942559957504
fp16,1,17,1,64,17,control_shuffle32_transform,2,1,100,7.96525716782,4352,0.546372817388,2176,2909,true,1,0.00796525716782
fp16,1,17,1,64,17,shuffle32_transform,2,2,100,8.04662883282,4352,0.540847613382,2176,2909,true,1,0.00804662883282
fp16,1,17,1,64,17,baseline_split,2,3,100,70.2779436111,7140,0.101596598209,2176,2909,true,1,0.0702779436111
fp16,1,17,1,64,17,control_optimized_split,2,4,100,64.4564580917,7140,0.110772453395,2176,2909,true,1,0.0644564580917
fp16,1,17,1,64,17,optimized_split,2,5,100,35.222401619,7140,0.202711901285,2176,2909,true,1,0.035222401619
fp16,1,17,1,64,17,control_shuffle32_split,2,6,100,94.4301700592,7140,0.0756114279528,2176,2909,true,1,0.0944301700592
fp16,1,17,1,64,17,shuffle32_split,2,7,100,34.8118853569,7140,0.205102364517,2176,2909,true,1,0.0348118853569
fp16,1,17,1,64,17,baseline_fused,2,8,100,65.7394313812,2788,0.0424098587624,2176,2909,true,1,0.0657394313812
fp16,1,17,1,64,17,control_optimized_fused,2,9,100,58.9067459106,2788,0.0473290445245,2176,2909,true,1,0.0589067459106
fp16,1,17,1,64,17,optimized_fused,2,10,100,29.0242290497,2788,0.0960576763375,2176,2909,true,1,0.0290242290497
fp16,1,17,1,64,17,control_shuffle32_fused,2,11,100,89.0918827057,2788,0.031293535565,2176,2909,true,1,0.0890918827057
fp16,1,17,1,64,17,shuffle32_fused,2,12,100,29.5844578743,2788,0.0942386712593,2176,2909,true,1,0.0295844578743
fp16,1,17,1,64,17,baseline_transform,2,13,100,9.33577120304,4352,0.46616395211,2176,2909,true,1,0.00933577120304
fp16,1,17,1,64,17,control_optimized_transform,2,14,100,9.46834266186,4352,0.459636934934,2176,2909,true,1,0.00946834266186
fp16,1,17,1,64,17,control_shuffle32_transform,3,0,100,8.04137170315,4352,0.541201198086,2176,2909,true,1,0.00804137170315
fp16,1,17,1,64,17,shuffle32_transform,3,1,100,8.01051437855,4352,0.543285960719,2176,2909,true,1,0.00801051437855
fp16,1,17,1,64,17,baseline_split,3,2,100,70.333943367,7140,0.101515707185,2176,2909,true,1,0.070333943367
fp16,1,17,1,64,17,control_optimized_split,3,3,100,64.5469713211,7140,0.11061711888,2176,2909,true,1,0.0645469713211
fp16,1,17,1,64,17,optimized_split,3,4,100,34.3485713005,7140,0.207868907779,2176,2909,true,1,0.0343485713005
fp16,1,17,1,64,17,control_shuffle32_split,3,5,100,93.7805652618,7140,0.0761351776892,2176,2909,true,1,0.0937805652618
fp16,1,17,1,64,17,shuffle32_split,3,6,100,34.8075437546,7140,0.205127947273,2176,2909,true,1,0.0348075437546
fp16,1,17,1,64,17,baseline_fused,3,7,100,65.7312011719,2788,0.0424151689045,2176,2909,true,1,0.0657312011719
fp16,1,17,1,64,17,control_optimized_fused,3,8,100,58.9227437973,2788,0.0473161943984,2176,2909,true,1,0.0589227437973
fp16,1,17,1,64,17,optimized_fused,3,9,100,29.0804576874,2788,0.0958719436252,2176,2909,true,1,0.0290804576874
fp16,1,17,1,64,17,control_shuffle32_fused,3,10,100,89.0843391418,2788,0.0312961854671,2176,2909,true,1,0.0890843391418
fp16,1,17,1,64,17,shuffle32_fused,3,11,100,29.6230840683,2788,0.0941157913731,2176,2909,true,1,0.0296230840683
fp16,1,17,1,64,17,baseline_transform,3,12,100,9.23977136612,4352,0.471007325566,2176,2909,true,1,0.00923977136612
fp16,1,17,1,64,17,control_optimized_transform,3,13,100,9.47108566761,4352,0.459503815374,2176,2909,true,1,0.00947108566761
fp16,1,17,1,64,17,optimized_transform,3,14,100,9.4544005394,4352,0.460314747811,2176,2909,true,1,0.0094544005394
fp16,1,17,1,64,17,shuffle32_transform,4,0,100,7.99040019512,4352,0.544653571001,2176,2909,true,1,0.00799040019512
fp16,1,17,1,64,17,baseline_split,4,1,100,70.2882289886,7140,0.101581731433,2176,2909,true,1,0.0702882289886
fp16,1,17,1,64,17,control_optimized_split,4,2,100,64.4162273407,7140,0.110841635637,2176,2909,true,1,0.0644162273407
fp16,1,17,1,64,17,optimized_split,4,3,100,34.2893719673,7140,0.208227785764,2176,2909,true,1,0.0342893719673
fp16,1,17,1,64,17,control_shuffle32_split,4,4,100,93.7620544434,7140,0.0761502085507,2176,2909,true,1,0.0937620544434
fp16,1,17,1,64,17,shuffle32_split,4,5,100,34.7942852974,7140,0.205206111836,2176,2909,true,1,0.0347942852974
fp16,1,17,1,64,17,baseline_fused,4,6,100,65.7327985764,2788,0.042414138153,2176,2909,true,1,0.0657327985764
fp16,1,17,1,64,17,control_optimized_fused,4,7,100,58.9229726791,2788,0.0473160106022,2176,2909,true,1,0.0589229726791
fp16,1,17,1,64,17,optimized_fused,4,8,100,29.1083431244,2788,0.0957800994748,2176,2909,true,1,0.0291083431244
fp16,1,17,1,64,17,control_shuffle32_fused,4,9,100,89.0425109863,2788,0.0313108870035,2176,2909,true,1,0.0890425109863
fp16,1,17,1,64,17,shuffle32_fused,4,10,100,29.6075439453,2788,0.0941651899647,2176,2909,true,1,0.0296075439453
fp16,1,17,1,64,17,baseline_transform,4,11,100,9.24251437187,4352,0.470867539384,2176,2909,true,1,0.00924251437187
fp16,1,17,1,64,17,control_optimized_transform,4,12,100,9.502171278,4352,0.458000584569,2176,2909,true,1,0.009502171278
fp16,1,17,1,64,17,optimized_transform,4,13,100,9.39337134361,4352,0.463305435376,2176,2909,true,1,0.00939337134361
fp16,1,17,1,64,17,control_shuffle32_transform,4,14,100,8.0601143837,4352,0.539942709598,2176,2909,true,1,0.0080601143837
fp16,1,257,1,64,257,baseline_transform,0,0,100,9.56914246082,65792,6.87543322397,32896,2909,true,1,0.00956914246082
fp16,1,257,1,64,257,control_optimized_transform,0,1,100,9.62697148323,65792,6.83413263606,32896,2909,true,1,0.00962697148323
fp16,1,257,1,64,257,optimized_transform,0,2,100,9.61508572102,65792,6.84258070172,32896,2909,true,1,0.00961508572102
fp16,1,257,1,64,257,control_shuffle32_transform,0,3,100,8.88297140598,65792,7.40653065208,32896,2909,true,1,0.00888297140598
fp16,1,257,1,64,257,shuffle32_transform,0,4,100,8.80640029907,65792,7.47092997884,32896,2909,true,1,0.00880640029907
fp16,1,257,1,64,257,baseline_split,0,5,100,71.0850286484,107940,1.51846319897,32896,2909,true,1,0.0710850286484
fp16,1,257,1,64,257,control_optimized_split,0,6,100,64.4795417786,107940,1.67401934044,32896,2909,true,1,0.0644795417786
fp16,1,257,1,64,257,optimized_split,0,7,100,34.7506284714,107940,3.10613087441,32896,2909,true,1,0.0347506284714
fp16,1,257,1,64,257,control_shuffle32_split,0,8,100,102.767763138,107940,1.05032937085,32896,2909,true,1,0.102767763138
fp16,1,257,1,64,257,shuffle32_split,0,9,100,39.063770771,107940,2.76317410914,32896,2909,true,1,0.039063770771
fp16,1,257,1,64,257,baseline_fused,0,10,100,65.99588871,42148,0.638645843307,32896,2909,true,1,0.06599588871
fp16,1,257,1,64,257,control_optimized_fused,0,11,100,59.3291425705,42148,0.710409727394,32896,2909,true,1,0.0593291425705
fp16,1,257,1,64,257,optimized_fused,0,12,100,29.377143383,42148,1.43472084574,32896,2909,true,1,0.029377143383
fp16,1,257,1,64,257,control_shuffle32_fused,0,13,100,96.6690254211,42148,0.43600315423,32896,2909,true,1,0.0966690254211
fp16,1,257,1,64,257,shuffle32_fused,0,14,100,33.2642269135,42148,1.26706687366,32896,2909,true,1,0.0332642269135
fp16,1,257,1,64,257,control_optimized_transform,1,0,100,9.71245706081,65792,6.77398104188,32896,2909,true,1,0.00971245706081
fp16,1,257,1,64,257,optimized_transform,1,1,100,9.67885732651,65792,6.79749662389,32896,2909,true,1,0.00967885732651
fp16,1,257,1,64,257,control_shuffle32_transform,1,2,100,8.89691412449,65792,7.39492357456,32896,2909,true,1,0.00889691412449
fp16,1,257,1,64,257,shuffle32_transform,1,3,100,8.88114273548,65792,7.40805569278,32896,2909,true,1,0.00888114273548
fp16,1,257,1,64,257,baseline_split,1,4,100,71.0847997665,107940,1.51846808818,32896,2909,true,1,0.0710847997665
fp16,1,257,1,64,257,control_optimized_split,1,5,100,64.5149755478,107940,1.67309991337,32896,2909,true,1,0.0645149755478
fp16,1,257,1,64,257,optimized_split,1,6,100,34.8164558411,107940,3.10025812199,32896,2909,true,1,0.0348164558411
fp16,1,257,1,64,257,control_shuffle32_split,1,7,100,102.141942978,107940,1.05676470266,32896,2909,true,1,0.102141942978
fp16,1,257,1,64,257,shuffle32_split,1,8,100,39.104912281,107940,2.76026702794,32896,2909,true,1,0.039104912281
fp16,1,257,1,64,257,baseline_fused,1,9,100,65.9983968735,42148,0.638621572594,32896,2909,true,1,0.0659983968735
fp16,1,257,1,64,257,control_optimized_fused,1,10,100,59.3291425705,42148,0.710409727394,32896,2909,true,1,0.0593291425705
fp16,1,257,1,64,257,optimized_fused,1,11,100,29.3412566185,42148,1.43647562707,32896,2909,true,1,0.0293412566185
fp16,1,257,1,64,257,control_shuffle32_fused,1,12,100,96.7202281952,42148,0.435772338284,32896,2909,true,1,0.0967202281952
fp16,1,257,1,64,257,shuffle32_fused,1,13,100,33.2242298126,42148,1.26859223638,32896,2909,true,1,0.0332242298126
fp16,1,257,1,64,257,baseline_transform,1,14,100,9.55085754395,65792,6.88859609698,32896,2909,true,1,0.00955085754395
fp16,1,257,1,64,257,optimized_transform,2,0,100,9.72160041332,65792,6.76760998218,32896,2909,true,1,0.00972160041332
fp16,1,257,1,64,257,control_shuffle32_transform,2,1,100,8.85988593102,65792,7.42582923892,32896,2909,true,1,0.00885988593102
fp16,1,257,1,64,257,shuffle32_transform,2,2,100,8.85851442814,65792,7.426978929,32896,2909,true,1,0.00885851442814
fp16,1,257,1,64,257,baseline_split,2,3,100,71.070857048,107940,1.51876598205,32896,2909,true,1,0.071070857048
fp16,1,257,1,64,257,control_optimized_split,2,4,100,64.555888176,107940,1.67203957764,32896,2909,true,1,0.064555888176
fp16,1,257,1,64,257,optimized_split,2,5,100,34.8523426056,107940,3.09706584781,32896,2909,true,1,0.0348523426056
fp16,1,257,1,64,257,control_shuffle32_split,2,6,100,102.126169205,107940,1.05692792396,32896,2909,true,1,0.102126169205
fp16,1,257,1,64,257,shuffle32_split,2,7,100,39.1355443001,107940,2.75810652261,32896,2909,true,1,0.0391355443001
fp16,1,257,1,64,257,baseline_fused,2,8,100,65.9421682358,42148,0.639166122796,32896,2909,true,1,0.0659421682358
fp16,1,257,1,64,257,control_optimized_fused,2,9,100,59.3318843842,42148,0.710376898315,32896,2909,true,1,0.0593318843842
fp16,1,257,1,64,257,optimized_fused,2,10,100,29.3471980095,42148,1.43618481009,32896,2909,true,1,0.0293471980095
fp16,1,257,1,64,257,control_shuffle32_fused,2,11,100,96.7167949677,42148,0.435787807217,32896,2909,true,1,0.0967167949677
fp16,1,257,1,64,257,shuffle32_fused,2,12,100,33.2244586945,42148,1.2685834971,32896,2909,true,1,0.0332244586945
fp16,1,257,1,64,257,baseline_transform,2,13,100,9.62331414223,65792,6.8367299485,32896,2909,true,1,0.00962331414223
fp16,1,257,1,64,257,control_optimized_transform,2,14,100,9.60160017014,65792,6.85219118003,32896,2909,true,1,0.00960160017014
fp16,1,257,1,64,257,control_shuffle32_transform,3,0,100,8.828343153,65792,7.45236097644,32896,2909,true,1,0.008828343153
fp16,1,257,1,64,257,shuffle32_transform,3,1,100,8.87565732002,65792,7.41263408757,32896,2909,true,1,0.00887565732002
fp16,1,257,1,64,257,baseline_split,3,2,100,71.0960006714,107940,1.5182288593,32896,2909,true,1,0.0710960006714
fp16,1,257,1,64,257,control_optimized_split,3,3,100,64.5158863068,107940,1.67307629452,32896,2909,true,1,0.0645158863068
fp16,1,257,1,64,257,optimized_split,3,4,100,34.7583985329,107940,3.1054365148,32896,2909,true,1,0.0347583985329
fp16,1,257,1,64,257,control_shuffle32_split,3,5,100,102.130289078,107940,1.05688528814,32896,2909,true,1,0.102130289078
fp16,1,257,1,64,257,shuffle32_split,3,6,100,39.6253728867,107940,2.72401222088,32896,2909,true,1,0.0396253728867
fp16,1,257,1,64,257,baseline_fused,3,7,100,65.9910869598,42148,0.638692313488,32896,2909,true,1,0.0659910869598
fp16,1,257,1,64,257,control_optimized_fused,3,8,100,59.354057312,42148,0.710111522426,32896,2909,true,1,0.059354057312
fp16,1,257,1,64,257,optimized_fused,3,9,100,29.3547415733,42148,1.43581574018,32896,2909,true,1,0.0293547415733
fp16,1,257,1,64,257,control_shuffle32_fused,3,10,100,96.713142395,42148,0.435804265648,32896,2909,true,1,0.096713142395
fp16,1,257,1,64,257,shuffle32_fused,3,11,100,33.2205724716,42148,1.26873189907,32896,2909,true,1,0.0332205724716
fp16,1,257,1,64,257,baseline_transform,3,12,100,9.64274287224,65792,6.82295492804,32896,2909,true,1,0.00964274287224
fp16,1,257,1,64,257,control_optimized_transform,3,13,100,9.67634260654,65792,6.79926317982,32896,2909,true,1,0.00967634260654
fp16,1,257,1,64,257,optimized_transform,3,14,100,9.65394318104,65792,6.81503907432,32896,2909,true,1,0.00965394318104
fp16,1,257,1,64,257,shuffle32_transform,4,0,100,8.8676571846,65792,7.41932154462,32896,2909,true,1,0.0088676571846
fp16,1,257,1,64,257,baseline_split,4,1,100,71.0918855667,107940,1.51831674093,32896,2909,true,1,0.0710918855667
fp16,1,257,1,64,257,control_optimized_split,4,2,100,64.4281148911,107940,1.67535555219,32896,2909,true,1,0.0644281148911
fp16,1,257,1,64,257,optimized_split,4,3,100,34.7755432129,107940,3.10390550449,32896,2909,true,1,0.0347755432129
fp16,1,257,1,64,257,control_shuffle32_split,4,4,100,102.085485458,107940,1.05734913749,32896,2909,true,1,0.102085485458
fp16,1,257,1,64,257,shuffle32_split,4,5,100,39.0598845482,107940,2.76344902829,32896,2909,true,1,0.0390598845482
fp16,1,257,1,64,257,baseline_fused,4,6,100,65.9897136688,42148,0.638705605112,32896,2909,true,1,0.0659897136688
fp16,1,257,1,64,257,control_optimized_fused,4,7,100,59.3245744705,42148,0.710464430233,32896,2909,true,1,0.0593245744705
fp16,1,257,1,64,257,optimized_fused,4,8,100,29.3828558922,42148,1.43444191248,32896,2909,true,1,0.0293828558922
fp16,1,257,1,64,257,control_shuffle32_fused,4,9,100,96.7161178589,42148,0.435790858164,32896,2909,true,1,0.0967161178589
fp16,1,257,1,64,257,shuffle32_fused,4,10,100,33.2185125351,42148,1.26881057529,32896,2909,true,1,0.0332185125351
fp16,1,257,1,64,257,baseline_transform,4,11,100,9.53942835331,65792,6.89684932506,32896,2909,true,1,0.00953942835331
fp16,1,257,1,64,257,control_optimized_transform,4,12,100,9.51657116413,65792,6.91341438689,32896,2909,true,1,0.00951657116413
fp16,1,257,1,64,257,optimized_transform,4,13,100,9.60297107697,65792,6.85121297072,32896,2909,true,1,0.00960297107697
fp16,1,257,1,64,257,control_shuffle32_transform,4,14,100,8.83474290371,65792,7.44696260175,32896,2909,true,1,0.00883474290371
fp16,4,64,16,64,4096,baseline_transform,0,0,100,23.1675434113,1048576,45.2605604913,524288,2909,true,1,0.0231675434113
fp16,4,64,16,64,4096,control_optimized_transform,0,1,100,23.9076590538,1048576,43.8594175047,524288,2909,true,1,0.0239076590538
fp16,4,64,16,64,4096,optimized_transform,0,2,100,23.9613723755,1048576,43.7610994716,524288,2909,true,1,0.0239613723755
fp16,4,64,16,64,4096,control_shuffle32_transform,0,3,100,11.0994291306,1048576,94.4711649281,524288,2909,true,1,0.0110994291306
fp16,4,64,16,64,4096,shuffle32_transform,0,4,100,10.9092581272,1048576,96.1179933386,524288,2909,true,1,0.0109092581272
fp16,4,64,16,64,4096,baseline_split,0,5,100,436.142654419,1720320,3.94439750978,524288,2909,true,1,0.436142654419
fp16,4,64,16,64,4096,control_optimized_split,0,6,100,380.986747742,1720320,4.51543265008,524288,2909,true,1,0.380986747742
fp16,4,64,16,64,4096,optimized_split,0,7,100,161.863327026,1720320,10.6282258718,524288,2909,true,1,0.161863327026
fp16,4,64,16,64,4096,control_shuffle32_split,0,8,100,247.547416687,1720320,6.94945648403,524288,2909,true,1,0.247547416687
fp16,4,64,16,64,4096,shuffle32_split,0,9,100,71.3734817505,1720320,24.1030696249,524288,2909,true,1,0.0713734817505
fp16,4,64,16,64,4096,baseline_fused,0,10,100,434.089584351,671744,1.54747781153,524288,2909,true,1,0.434089584351
fp16,4,64,16,64,4096,control_optimized_fused,0,11,100,371.561393738,671744,1.80789503786,524288,2909,true,1,0.371561393738
fp16,4,64,16,64,4096,optimized_fused,0,12,100,147.914514542,671744,4.54143396327,524288,2909,true,1,0.147914514542
fp16,4,64,16,64,4096,control_shuffle32_fused,0,13,100,247.985839844,671744,2.70879982673,524288,2909,true,1,0.247985839844
fp16,4,64,16,64,4096,shuffle32_fused,0,14,100,69.9979448318,671744,9.59662460968,524288,2909,true,1,0.0699979448318
fp16,4,64,16,64,4096,control_optimized_transform,1,0,100,23.8960003853,1048576,43.8808161656,524288,2909,true,1,0.0238960003853
fp16,4,64,16,64,4096,optimized_transform,1,1,100,24.0283441544,1048576,43.6391285752,524288,2909,true,1,0.0240283441544
fp16,4,64,16,64,4096,control_shuffle32_transform,1,2,100,11.3554286957,1048576,92.3413838527,524288,2909,true,1,0.0113554286957
fp16,4,64,16,64,4096,shuffle32_transform,1,3,100,11.4164566994,1048576,91.8477621921,524288,2909,true,1,0.0114164566994
fp16,4,64,16,64,4096,baseline_split,1,4,100,436.997718811,1720320,3.93667958881,524288,2909,true,1,0.436997718811
fp16,4,64,16,64,4096,control_optimized_split,1,5,100,381.986274719,1720320,4.5036173126,524288,2909,true,1,0.381986274719
fp16,4,64,16,64,4096,optimized_split,1,6,100,162.167549133,1720320,10.6082875963,524288,2909,true,1,0.162167549133
fp16,4,64,16,64,4096,control_shuffle32_split,1,7,100,248.310623169,1720320,6.92809666395,524288,2909,true,1,0.248310623169
fp16,4,64,16,64,4096,shuffle32_split,1,8,100,70.1499462128,1720320,24.5234685538,524288,2909,true,1,0.0701499462128
fp16,4,64,16,64,4096,baseline_fused,1,9,100,433.858299255,671744,1.54830275496,524288,2909,true,1,0.433858299255
fp16,4,64,16,64,4096,control_optimized_fused,1,10,100,371.569137573,671744,1.8078573597,524288,2909,true,1,0.371569137573
fp16,4,64,16,64,4096,optimized_fused,1,11,100,147.505598068,671744,4.55402377128,524288,2909,true,1,0.147505598068
fp16,4,64,16,64,4096,control_shuffle32_fused,1,12,100,248.164577484,671744,2.70684884527,524288,2909,true,1,0.248164577484
fp16,4,64,16,64,4096,shuffle32_fused,1,13,100,71.0866260529,671744,9.44965371546,524288,2909,true,1,0.0710866260529
fp16,4,64,16,64,4096,baseline_transform,1,14,100,22.7997708321,1048576,45.9906377009,524288,2909,true,1,0.0227997708321
fp16,4,64,16,64,4096,optimized_transform,2,0,100,24.0173697472,1048576,43.6590688755,524288,2909,true,1,0.0240173697472
fp16,4,64,16,64,4096,control_shuffle32_transform,2,1,100,11.2861704826,1048576,92.9080418919,524288,2909,true,1,0.0112861704826
fp16,4,64,16,64,4096,shuffle32_transform,2,2,100,11.1149716377,1048576,94.3390621386,524288,2909,true,1,0.0111149716377
fp16,4,64,16,64,4096,baseline_split,2,3,100,437.058944702,1720320,3.93612811465,524288,2909,true,1,0.437058944702
fp16,4,64,16,64,4096,control_optimized_split,2,4,100,381.461257935,1720320,4.50981577871,524288,2909,true,1,0.381461257935
fp16,4,64,16,64,4096,optimized_split,2,5,100,161.758861542,1720320,10.635089686,524288,2909,true,1,0.161758861542
fp16,4,64,16,64,4096,control_shuffle32_split,2,6,100,249.615097046,1720320,6.89189083657,524288,2909,true,1,0.249615097046
fp16,4,64,16,64,4096,shuffle32_split,2,7,100,70.3844547272,1720320,24.4417607079,524288,2909,true,1,0.0703844547272
fp16,4,64,16,64,4096,baseline_fused,2,8,100,433.858299255,671744,1.54830275496,524288,2909,true,1,0.433858299255
fp16,4,64,16,64,4096,control_optimized_fused,2,9,100,371.953353882,671744,1.80598989897,524288,2909,true,1,0.371953353882
fp16,4,64,16,64,4096,optimized_fused,2,10,100,147.517719269,671744,4.55364957735,524288,2909,true,1,0.147517719269
fp16,4,64,16,64,4096,control_shuffle32_fused,2,11,100,248.690509796,671744,2.70112438368,524288,2909,true,1,0.248690509796
fp16,4,64,16,64,4096,shuffle32_fused,2,12,100,68.8095998764,671744,9.76235875818,524288,2909,true,1,0.0688095998764
fp16,4,64,16,64,4096,baseline_transform,2,13,100,22.7206850052,1048576,46.1507212375,524288,2909,true,1,0.0227206850052
fp16,4,64,16,64,4096,control_optimized_transform,2,14,100,23.9462852478,1048576,43.7886707332,524288,2909,true,1,0.0239462852478
fp16,4,64,16,64,4096,control_shuffle32_transform,3,0,100,11.178971529,1048576,93.798968651,524288,2909,true,1,0.011178971529
fp16,4,64,16,64,4096,shuffle32_transform,3,1,100,11.5517711639,1048576,90.7718812223,524288,2909,true,1,0.0115517711639
fp16,4,64,16,64,4096,baseline_split,3,2,100,437.85987854,1720320,3.92892814417,524288,2909,true,1,0.43785987854
fp16,4,64,16,64,4096,control_optimized_split,3,3,100,381.47819519,1720320,4.50961554733,524288,2909,true,1,0.38147819519
fp16,4,64,16,64,4096,optimized_split,3,4,100,161.959762573,1720320,10.6218975174,524288,2909,true,1,0.161959762573
fp16,4,64,16,64,4096,control_shuffle32_split,3,5,100,247.902412415,1720320,6.93950487712,524288,2909,true,1,0.247902412415
fp16,4,64,16,64,4096,shuffle32_split,3,6,100,71.0420608521,1720320,24.2155137304,524288,2909,true,1,0.0710420608521
fp16,4,64,16,64,4096,baseline_fused,3,7,100,433.966636658,671744,1.54791622963,524288,2909,true,1,0.433966636658
fp16,4,64,16,64,4096,control_optimized_fused,3,8,100,372.403678894,671744,1.80380602575,524288,2909,true,1,0.372403678894
fp16,4,64,16,64,4096,optimized_fused,3,9,100,147.678174973,671744,4.54870193327,524288,2909,true,1,0.147678174973
fp16,4,64,16,64,4096,control_shuffle32_fused,3,10,100,248.658504486,671744,2.70147205055,524288,2909,true,1,0.248658504486
fp16,4,64,16,64,4096,shuffle32_fused,3,11,100,68.4701681137,671744,9.81075435487,524288,2909,true,1,0.0684701681137
fp16,4,64,16,64,4096,baseline_transform,3,12,100,23.2683420181,1048576,45.0644914529,524288,2909,true,1,0.0232683420181
fp16,4,64,16,64,4096,control_optimized_transform,3,13,100,23.9636564255,1048576,43.7569284663,524288,2909,true,1,0.0239636564255
fp16,4,64,16,64,4096,optimized_transform,3,14,100,23.98239851,1048576,43.7227327185,524288,2909,true,1,0.02398239851
fp16,4,64,16,64,4096,shuffle32_transform,4,0,100,11.3821721077,1048576,92.1244196695,524288,2909,true,1,0.0113821721077
fp16,4,64,16,64,4096,baseline_split,4,1,100,437.400245667,1720320,3.9330567759,524288,2909,true,1,0.437400245667
fp16,4,64,16,64,4096,control_optimized_split,4,2,100,382.256469727,1720320,4.50043396579,524288,2909,true,1,0.382256469727
fp16,4,64,16,64,4096,optimized_split,4,3,100,162.344913483,1720320,10.5966978767,524288,2909,true,1,0.162344913483
fp16,4,64,16,64,4096,control_shuffle32_split,4,4,100,248.770065308,1720320,6.91530147678,524288,2909,true,1,0.248770065308
fp16,4,64,16,64,4096,shuffle32_split,4,5,100,72.215089798,1720320,23.822167982,524288,2909,true,1,0.072215089798
fp16,4,64,16,64,4096,baseline_fused,4,6,100,434.094619751,671744,1.54745986114,524288,2909,true,1,0.434094619751
fp16,4,64,16,64,4096,control_optimized_fused,4,7,100,371.535758972,671744,1.80801977677,524288,2909,true,1,0.371535758972
fp16,4,64,16,64,4096,optimized_fused,4,8,100,147.847537994,671744,4.54349128239,524288,2909,true,1,0.147847537994
fp16,4,64,16,64,4096,control_shuffle32_fused,4,9,100,248.673591614,671744,2.70130815114,524288,2909,true,1,0.248673591614
fp16,4,64,16,64,4096,shuffle32_fused,4,10,100,70.0399971008,671744,9.59086276136,524288,2909,true,1,0.0700399971008
fp16,4,64,16,64,4096,baseline_transform,4,11,100,23.3030843735,1048576,44.9973052148,524288,2909,true,1,0.0233030843735
fp16,4,64,16,64,4096,control_optimized_transform,4,12,100,23.9810276031,1048576,43.7252321857,524288,2909,true,1,0.0239810276031
fp16,4,64,16,64,4096,optimized_transform,4,13,100,23.9718866348,1048576,43.7419055068,524288,2909,true,1,0.0239718866348
fp16,4,64,16,64,4096,control_shuffle32_transform,4,14,100,11.3131427765,1048576,92.6865346541,524288,2909,true,1,0.0113131427765
fp16,16,64,16,64,16384,baseline_transform,0,0,100,68.2715415955,4194304,61.4356128774,2097152,2909,true,1,0.0682715415955
fp16,16,64,16,64,16384,control_optimized_transform,0,1,100,73.9302873611,4194304,56.7332300429,2097152,2909,true,1,0.0739302873611
fp16,16,64,16,64,16384,optimized_transform,0,2,100,74.0404558182,4194304,56.6488138633,2097152,2909,true,1,0.0740404558182
fp16,16,64,16,64,16384,control_shuffle32_transform,0,3,100,21.3103985786,4194304,196.819594177,2097152,2909,true,1,0.0213103985786
fp16,16,64,16,64,16384,shuffle32_transform,0,4,100,21.2987422943,4194304,196.92730876,2097152,2909,true,1,0.0212987422943
fp16,16,64,16,64,16384,baseline_split,0,5,100,1548.35006714,6881280,4.44426628451,2097152,2909,true,1,1.54835006714
fp16,16,64,16,64,16384,control_optimized_split,0,6,100,1361.63635254,6881280,5.05368411116,2097152,2909,true,1,1.36163635254
fp16,16,64,16,64,16384,optimized_split,0,7,100,576.891174316,6881280,11.9282116045,2097152,2909,true,1,0.576891174316
fp16,16,64,16,64,16384,control_shuffle32_split,0,8,100,851.743087769,6881280,8.07905587826,2097152,2909,true,1,0.851743087769
fp16,16,64,16,64,16384,shuffle32_split,0,9,100,228.59703064,6881280,30.1022282781,2097152,2909,true,1,0.22859703064
fp16,16,64,16,64,16384,baseline_fused,0,10,100,1526.20849609,2686976,1.7605563112,2097152,2909,true,1,1.52620849609
fp16,16,64,16,64,16384,control_optimized_fused,0,11,100,1333.48403931,2686976,2.01500424512,2097152,2909,true,1,1.33348403931
fp16,16,64,16,64,16384,optimized_fused,0,12,100,544.487075806,2686976,4.93487562772,2097152,2909,true,1,0.544487075806
fp16,16,64,16,64,16384,control_shuffle32_fused,0,13,100,866.483917236,2686976,3.10101081688,2097152,2909,true,1,0.866483917236
fp16,16,64,16,64,16384,shuffle32_fused,0,14,100,211.490745544,2686976,12.7049341714,2097152,2909,true,1,0.211490745544
fp16,16,64,16,64,16384,control_optimized_transform,1,0,100,73.9961147308,4194304,56.6827598349,2097152,2909,true,1,0.0739961147308
fp16,16,64,16,64,16384,optimized_transform,1,1,100,74.053940773,4194304,56.6384983192,2097152,2909,true,1,0.074053940773
fp16,16,64,16,64,16384,control_shuffle32_transform,1,2,100,21.1613726616,4194304,198.205667802,2097152,2909,true,1,0.0211613726616
fp16,16,64,16,64,16384,shuffle32_transform,1,3,100,21.3291430473,4194304,196.646625263,2097152,2909,true,1,0.0213291430473
fp16,16,64,16,64,16384,baseline_split,1,4,100,1548.62335205,6881280,4.4434820067,2097152,2909,true,1,1.54862335205
fp16,16,64,16,64,16384,control_optimized_split,1,5,100,1361.69418335,6881280,5.05346948246,2097152,2909,true,1,1.36169418335
fp16,16,64,16,64,16384,optimized_split,1,6,100,576.804580688,6881280,11.9300023446,2097152,2909,true,1,0.576804580688
fp16,16,64,16,64,16384,control_shuffle32_split,1,7,100,851.620101929,6881280,8.08022260679,2097152,2909,true,1,0.851620101929
fp16,16,64,16,64,16384,shuffle32_split,1,8,100,228.509502411,6881280,30.1137586288,2097152,2909,true,1,0.228509502411
fp16,16,64,16,64,16384,baseline_fused,1,9,100,1526.13204956,2686976,1.76064450044,2097152,2909,true,1,1.52613204956
fp16,16,64,16,64,16384,control_optimized_fused,1,10,100,1333.359375,2686976,2.01519264077,2097152,2909,true,1,1.333359375
fp16,16,64,16,64,16384,optimized_fused,1,11,100,544.571876526,2686976,4.934107169,2097152,2909,true,1,0.544571876526
fp16,16,64,16,64,16384,control_shuffle32_fused,1,12,100,866.494598389,2686976,3.10097259117,2097152,2909,true,1,0.866494598389
fp16,16,64,16,64,16384,shuffle32_fused,1,13,100,211.51473999,2686976,12.7034929108,2097152,2909,true,1,0.21151473999
fp16,16,64,16,64,16384,baseline_transform,1,14,100,68.2685709,4194304,61.4382862378,2097152,2909,true,1,0.0682685709
fp16,16,64,16,64,16384,optimized_transform,2,0,100,74.0733718872,4194304,56.6236407651,2097152,2909,true,1,0.0740733718872
fp16,16,64,16,64,16384,control_shuffle32_transform,2,1,100,21.3652563095,4194304,196.314237435,2097152,2909,true,1,0.0213652563095
fp16,16,64,16,64,16384,shuffle32_transform,2,2,100,21.2671995163,4194304,197.219384564,2097152,2909,true,1,0.0212671995163
fp16,16,64,16,64,16384,baseline_split,2,3,100,1548.61846924,6881280,4.44349601706,2097152,2909,true,1,1.54861846924
fp16,16,64,16,64,16384,control_optimized_split,2,4,100,1361.67404175,6881280,5.05354423234,2097152,2909,true,1,1.36167404175
fp16,16,64,16,64,16384,optimized_split,2,5,100,576.861495972,6881280,11.9288252866,2097152,2909,true,1,0.576861495972
fp16,16,64,16,64,16384,control_shuffle32_split,2,6,100,851.665344238,6881280,8.07979336785,2097152,2909,true,1,0.851665344238
fp16,16,64,16,64,16384,shuffle32_split,2,7,100,228.984451294,6881280,30.0512980734,2097152,2909,true,1,0.228984451294
fp16,16,64,16,64,16384,baseline_fused,2,8,100,1526.17279053,2686976,1.76059750028,2097152,2909,true,1,1.52617279053
fp16,16,64,16,64,16384,control_optimized_fused,2,9,100,1333.33251953,2686976,2.01523323,2097152,2909,true,1,1.33333251953
fp16,16,64,16,64,16384,optimized_fused,2,10,100,544.486656189,2686976,4.93487943085,2097152,2909,true,1,0.544486656189
fp16,16,64,16,64,16384,control_shuffle32_fused,2,11,100,866.493530273,2686976,3.1009764137,2097152,2909,true,1,0.866493530273
fp16,16,64,16,64,16384,shuffle32_fused,2,12,100,211.561126709,2686976,12.7007075534,2097152,2909,true,1,0.211561126709
fp16,16,64,16,64,16384,baseline_transform,2,13,100,68.2829713821,4194304,61.42532926,2097152,2909,true,1,0.0682829713821
fp16,16,64,16,64,16384,control_optimized_transform,2,14,100,73.9888000488,4194304,56.6883636068,2097152,2909,true,1,0.0739888000488
fp16,16,64,16,64,16384,control_shuffle32_transform,3,0,100,21.3298296928,4194304,196.640294855,2097152,2909,true,1,0.0213298296928
fp16,16,64,16,64,16384,shuffle32_transform,3,1,100,21.328458786,4194304,196.652934095,2097152,2909,true,1,0.021328458786
fp16,16,64,16,64,16384,baseline_split,3,2,100,1548.57437134,6881280,4.44362255205,2097152,2909,true,1,1.54857437134
fp16,16,64,16,64,16384,control_optimized_split,3,3,100,1361.69036865,6881280,5.05348363946,2097152,2909,true,1,1.36169036865
fp16,16,64,16,64,16384,optimized_split,3,4,100,576.767311096,6881280,11.9307732384,2097152,2909,true,1,0.576767311096
fp16,16,64,16,64,16384,control_shuffle32_split,3,5,100,851.82975769,6881280,8.07823386994,2097152,2909,true,1,0.85182975769
fp16,16,64,16,64,16384,shuffle32_split,3,6,100,228.550167084,6881280,30.1084006536,2097152,2909,true,1,0.228550167084
fp16,16,64,16,64,16384,baseline_fused,3,7,100,1526.21765137,2686976,1.7605457502,2097152,2909,true,1,1.52621765137
fp16,16,64,16,64,16384,control_optimized_fused,3,8,100,1333.45565796,2686976,2.01504713259,2097152,2909,true,1,1.33345565796
fp16,16,64,16,64,16384,optimized_fused,3,9,100,544.562034607,2686976,4.93419634356,2097152,2909,true,1,0.544562034607
fp16,16,64,16,64,16384,control_shuffle32_fused,3,10,100,866.471557617,2686976,3.10105505066,2097152,2909,true,1,0.866471557617
fp16,16,64,16,64,16384,shuffle32_fused,3,11,100,211.503772736,2686976,12.704151634,2097152,2909,true,1,0.211503772736
fp16,16,64,16,64,16384,baseline_transform,3,12,100,68.2898283005,4194304,61.4191615997,2097152,2909,true,1,0.0682898283005
fp16,16,64,16,64,16384,control_optimized_transform,3,13,100,73.9968013763,4194304,56.6822338532,2097152,2909,true,1,0.0739968013763
fp16,16,64,16,64,16384,optimized_transform,3,14,100,74.051656723,4194304,56.6402452775,2097152,2909,true,1,0.074051656723
fp16,16,64,16,64,16384,shuffle32_transform,4,0,100,21.3293719292,4194304,196.644515081,2097152,2909,true,1,0.0213293719292
fp16,16,64,16,64,16384,baseline_split,4,1,100,1548.47213745,6881280,4.44391593079,2097152,2909,true,1,1.54847213745
fp16,16,64,16,64,16384,control_optimized_split,4,2,100,1361.6583252,6881280,5.05360256143,2097152,2909,true,1,1.3616583252
fp16,16,64,16,64,16384,optimized_split,4,3,100,576.643867493,6881280,11.933327289,2097152,2909,true,1,0.576643867493
fp16,16,64,16,64,16384,control_shuffle32_split,4,4,100,851.64390564,6881280,8.07999676206,2097152,2909,true,1,0.85164390564
fp16,16,64,16,64,16384,shuffle32_split,4,5,100,228.414402008,6881280,30.126296501,2097152,2909,true,1,0.228414402008
fp16,16,64,16,64,16384,baseline_fused,4,6,100,1526.04812622,2686976,1.76074132515,2097152,2909,true,1,1.52604812622
fp16,16,64,16,64,16384,control_optimized_fused,4,7,100,1333.49090576,2686976,2.01499386939,2097152,2909,true,1,1.33349090576
fp16,16,64,16,64,16384,optimized_fused,4,8,100,544.475212097,2686976,4.93498315497,2097152,2909,true,1,0.544475212097
fp16,16,64,16,64,16384,control_shuffle32_fused,4,9,100,866.47819519,2686976,3.10103129532,2097152,2909,true,1,0.86647819519
fp16,16,64,16,64,16384,shuffle32_fused,4,10,100,211.378288269,2686976,12.7116934384,2097152,2909,true,1,0.211378288269
fp16,16,64,16,64,16384,baseline_transform,4,11,100,68.3039999008,4194304,61.4064184541,2097152,2909,true,1,0.0683039999008
fp16,16,64,16,64,16384,control_optimized_transform,4,12,100,73.9380598068,4194304,56.7272661868,2097152,2909,true,1,0.0739380598068
fp16,16,64,16,64,16384,optimized_transform,4,13,100,74.0130281448,4194304,56.6698067237,2097152,2909,true,1,0.0740130281448
fp16,16,64,16,64,16384,control_shuffle32_transform,4,14,100,21.1856007576,4194304,197.978997527,2097152,2909,true,1,0.0211856007576
fp16,1,1,1,128,1,baseline_transform,0,0,100,9.40937161446,512,0.0544138355864,256,2909,true,1,0.00940937161446
fp16,1,1,1,128,1,control_optimized_transform,0,1,100,9.54171419144,512,0.053659121383,256,2909,true,1,0.00954171419144
fp16,1,1,1,128,1,optimized_transform,0,2,100,9.69782888889,512,0.0527953221145,256,2909,true,1,0.00969782888889
fp16,1,1,1,128,1,control_shuffle32_transform,0,3,100,9.07519996166,512,0.0564174896601,256,2909,true,1,0.00907519996166
fp16,1,1,1,128,1,shuffle32_transform,0,4,100,9.23862874508,512,0.0554194798955,256,2909,true,1,0.00923862874508
fp16,1,1,1,128,1,baseline_split,0,5,100,80.2224063873,836,0.0104210287082,256,2909,true,1,0.0802224063873
fp16,1,1,1,128,1,control_optimized_split,0,6,100,64.7371435165,836,0.0129137610124,256,2909,true,1,0.0647371435165
fp16,1,1,1,128,1,optimized_split,0,7,100,34.1188573837,836,0.0245025790459,256,2909,true,1,0.0341188573837
fp16,1,1,1,128,1,control_shuffle32_split,0,8,100,164.729824066,836,0.00507497658508,256,2909,true,1,0.164729824066
fp16,1,1,1,128,1,shuffle32_split,0,9,100,46.1266279221,836,0.0181240215828,256,2909,true,1,0.0461266279221
fp16,1,1,1,128,1,baseline_fused,0,10,100,75.781712532,324,0.00427543782232,256,2909,true,1,0.075781712532
fp16,1,1,1,128,1,control_optimized_fused,0,11,100,59.2516565323,324,0.00546820154848,256,2909,true,1,0.0592516565323
fp16,1,1,1,128,1,optimized_fused,0,12,100,28.8925719261,324,0.0112139549511,256,2909,true,1,0.0288925719261
fp16,1,1,1,128,1,control_shuffle32_fused,0,13,100,159.355201721,324,0.00203319374894,256,2909,true,1,0.159355201721
fp16,1,1,1,128,1,shuffle32_fused,0,14,100,40.3753137589,324,0.00802470544093,256,2909,true,1,0.0403753137589
fp16,1,1,1,128,1,control_optimized_transform,1,0,100,9.60731387138,512,0.0532927316474,256,2909,true,1,0.00960731387138
fp16,1,1,1,128,1,optimized_transform,1,1,100,9.60068523884,512,0.0533295267226,256,2909,true,1,0.00960068523884
fp16,1,1,1,128,1,control_shuffle32_transform,1,2,100,9.1615998745,512,0.0558854356241,256,2909,true,1,0.0091615998745
fp16,1,1,1,128,1,shuffle32_transform,1,3,100,9.3524569273,512,0.0547449727895,256,2909,true,1,0.0093524569273
fp16,1,1,1,128,1,baseline_split,1,4,100,80.2882289886,836,0.0104124852488,256,2909,true,1,0.0802882289886
fp16,1,1,1,128,1,control_optimized_split,1,5,100,64.7590875626,836,0.0129093850989,256,2909,true,1,0.0647590875626
fp16,1,1,1,128,1,optimized_split,1,6,100,34.1154289246,836,0.0245050414535,256,2909,true,1,0.0341154289246
fp16,1,1,1,128,1,control_shuffle32_split,1,7,100,165.396118164,836,0.00505453216968,256,2909,true,1,0.165396118164
fp16,1,1,1,128,1,shuffle32_split,1,8,100,46.1894893646,836,0.0180993557517,256,2909,true,1,0.0461894893646
fp16,1,1,1,128,1,baseline_fused,1,9,100,75.7771444321,324,0.00427569556003,256,2909,true,1,0.0757771444321
fp16,1,1,1,128,1,control_optimized_fused,1,10,100,59.2676544189,324,0.00546672553818,256,2909,true,1,0.0592676544189
fp16,1,1,1,128,1,optimized_fused,1,11,100,28.9115428925,324,0.0112065966595,256,2909,true,1,0.0289115428925
fp16,1,1,1,128,1,control_shuffle32_fused,1,12,100,159.361829758,324,0.00203310918614,256,2909,true,1,0.159361829758
fp16,1,1,1,128,1,shuffle32_fused,1,13,100,40.3794288635,324,0.00802388763583,256,2909,true,1,0.0403794288635
fp16,1,1,1,128,1,baseline_transform,1,14,100,9.40251469612,512,0.0544535176543,256,2909,true,1,0.00940251469612
fp16,1,1,1,128,1,optimized_transform,2,0,100,9.62080001831,512,0.0532180275056,256,2909,true,1,0.00962080001831
fp16,1,1,1,128,1,control_shuffle32_transform,2,1,100,9.30057168007,512,0.0550503794404,256,2909,true,1,0.00930057168007
fp16,1,1,1,128,1,shuffle32_transform,2,2,100,9.20594274998,512,0.055616248537,256,2909,true,1,0.00920594274998
fp16,1,1,1,128,1,baseline_split,2,3,100,80.2292537689,836,0.0104201392974,256,2909,true,1,0.0802292537689
fp16,1,1,1,128,1,control_optimized_split,2,4,100,64.725484848,836,0.0129160871017,256,2909,true,1,0.064725484848
fp16,1,1,1,128,1,optimized_split,2,5,100,34.2324566841,836,0.0244212680298,256,2909,true,1,0.0342324566841
fp16,1,1,1,128,1,control_shuffle32_split,2,6,100,165.407772064,836,0.00505417604969,256,2909,true,1,0.165407772064
fp16,1,1,1,128,1,shuffle32_split,2,7,100,46.2233114243,836,0.0180861122719,256,2909,true,1,0.0462233114243
fp16,1,1,1,128,1,baseline_fused,2,8,100,75.7801151276,324,0.00427552794628,256,2909,true,1,0.0757801151276
fp16,1,1,1,128,1,control_optimized_fused,2,9,100,59.2573738098,324,0.00546767396476,256,2909,true,1,0.0592573738098
fp16,1,1,1,128,1,optimized_fused,2,10,100,28.9762282372,324,0.0111815795123,256,2909,true,1,0.0289762282372
fp16,1,1,1,128,1,control_shuffle32_fused,2,11,100,159.358177185,324,0.00203315578606,256,2909,true,1,0.159358177185
fp16,1,1,1,128,1,shuffle32_fused,2,12,100,40.3903961182,324,0.00802170889961,256,2909,true,1,0.0403903961182
fp16,1,1,1,128,1,baseline_transform,2,13,100,9.39771413803,512,0.0544813337031,256,2909,true,1,0.00939771413803
fp16,1,1,1,128,1,control_optimized_transform,2,14,100,9.64800000191,512,0.053067993356,256,2909,true,1,0.00964800000191
fp16,1,1,1,128,1,control_shuffle32_transform,3,0,100,9.21280026436,512,0.0555748507846,256,2909,true,1,0.00921280026436
fp16,1,1,1,128,1,shuffle32_transform,3,1,100,9.2139428854,512,0.0555679589475,256,2909,true,1,0.0092139428854
fp16,1,1,1,128,1,baseline_split,3,2,100,80.2768039703,836,0.0104139671568,256,2909,true,1,0.0802768039703
fp16,1,1,1,128,1,control_optimized_split,3,3,100,64.6518850327,836,0.0129307907972,256,2909,true,1,0.0646518850327
fp16,1,1,1,128,1,optimized_split,3,4,100,34.2635440826,836,0.0243991105527,256,2909,true,1,0.0342635440826
fp16,1,1,1,128,1,control_shuffle32_split,3,5,100,164.750404358,836,0.00507434262913,256,2909,true,1,0.164750404358
fp16,1,1,1,128,1,shuffle32_split,3,6,100,46.1958837509,836,0.0180968504577,256,2909,true,1,0.0461958837509
fp16,1,1,1,128,1,baseline_fused,3,7,100,75.723657608,324,0.00427871566475,256,2909,true,1,0.075723657608
fp16,1,1,1,128,1,control_optimized_fused,3,8,100,59.2633152008,324,0.00546712580797,256,2909,true,1,0.0592633152008
fp16,1,1,1,128,1,optimized_fused,3,9,100,28.9126849174,324,0.011206154009,256,2909,true,1,0.0289126849174
fp16,1,1,1,128,1,control_shuffle32_fused,3,10,100,159.351549149,324,0.00203324035274,256,2909,true,1,0.159351549149
fp16,1,1,1,128,1,shuffle32_fused,3,11,100,40.4230880737,324,0.00801522138559,256,2909,true,1,0.0404230880737
fp16,1,1,1,128,1,baseline_transform,3,12,100,9.42308545113,512,0.0543346447037,256,2909,true,1,0.00942308545113
fp16,1,1,1,128,1,control_optimized_transform,3,13,100,9.63017165661,512,0.053166238179,256,2909,true,1,0.00963017165661
fp16,1,1,1,128,1,optimized_transform,3,14,100,9.63451445103,512,0.0531422732928,256,2909,true,1,0.00963451445103
fp16,1,1,1,128,1,shuffle32_transform,4,0,100,9.24045681953,512,0.0554085160506,256,2909,true,1,0.00924045681953
fp16,1,1,1,128,1,baseline_split,4,1,100,80.1421737671,836,0.0104314614978,256,2909,true,1,0.0801421737671
fp16,1,1,1,128,1,control_optimized_split,4,2,100,64.7056007385,836,0.012920056231,256,2909,true,1,0.0647056007385
fp16,1,1,1,128,1,optimized_split,4,3,100,34.2694854736,836,0.0243948804146,256,2909,true,1,0.0342694854736
fp16,1,1,1,128,1,control_shuffle32_split,4,4,100,164.768009186,836,0.00507380045514,256,2909,true,1,0.164768009186
fp16,1,1,1,128,1,shuffle32_split,4,5,100,46.1913156509,836,0.0180986401495,256,2909,true,1,0.0461913156509
fp16,1,1,1,128,1,baseline_fused,4,6,100,75.781712532,324,0.00427543782232,256,2909,true,1,0.075781712532
fp16,1,1,1,128,1,control_optimized_fused,4,7,100,59.2621707916,324,0.00546723138339,256,2909,true,1,0.0592621707916
fp16,1,1,1,128,1,optimized_fused,4,8,100,28.9490294456,324,0.0111920850614,256,2909,true,1,0.0289490294456
fp16,1,1,1,128,1,control_shuffle32_fused,4,9,100,159.353151321,324,0.00203321991008,256,2909,true,1,0.159353151321
fp16,1,1,1,128,1,shuffle32_fused,4,10,100,40.3766822815,324,0.00802443345249,256,2909,true,1,0.0403766822815
fp16,1,1,1,128,1,baseline_transform,4,11,100,9.44525718689,512,0.0542070999094,256,2909,true,1,0.00944525718689
fp16,1,1,1,128,1,control_optimized_transform,4,12,100,9.72000002861,512,0.0526748969643,256,2909,true,1,0.00972000002861
fp16,1,1,1,128,1,optimized_transform,4,13,100,9.64182853699,512,0.0531019606951,256,2909,true,1,0.00964182853699
fp16,1,1,1,128,1,control_shuffle32_transform,4,14,100,9.27222847939,512,0.0552186565655,256,2909,true,1,0.00927222847939
fp16,1,17,1,128,17,baseline_transform,0,0,100,8.83565664291,8704,0.985099393488,4352,2909,true,1,0.00883565664291
fp16,1,17,1,128,17,control_optimized_transform,0,1,100,9.75542902946,8704,0.892221138989,4352,2909,true,1,0.00975542902946
fp16,1,17,1,128,17,optimized_transform,0,2,100,9.80617105961,8704,0.887604340888,4352,2909,true,1,0.00980617105961
fp16,1,17,1,128,17,control_shuffle32_transform,0,3,100,9.15657162666,8704,0.950574118227,4352,2909,true,1,0.00915657162666
fp16,1,17,1,128,17,shuffle32_transform,0,4,100,9.24091458321,8704,0.9418981121,4352,2909,true,1,0.00924091458321
fp16,1,17,1,128,17,baseline_split,0,5,100,80.4194259644,14212,0.176723469853,4352,2909,true,1,0.0804194259644
fp16,1,17,1,128,17,control_optimized_split,0,6,100,64.4665145874,14212,0.220455535575,4352,2909,true,1,0.0644665145874
fp16,1,17,1,128,17,optimized_split,0,7,100,34.6946287155,14212,0.40963113099,4352,2909,true,1,0.0346946287155
fp16,1,17,1,128,17,control_shuffle32_split,0,8,100,163.414402008,14212,0.0869690787676,4352,2909,true,1,0.163414402008
fp16,1,17,1,128,17,shuffle32_split,0,9,100,45.6745147705,14212,0.311158204338,4352,2909,true,1,0.0456745147705
fp16,1,17,1,128,17,baseline_fused,0,10,100,75.73097229,5508,0.0727311406871,4352,2909,true,1,0.07573097229
fp16,1,17,1,128,17,control_optimized_fused,0,11,100,59.3401145935,5508,0.0928208520953,4352,2909,true,1,0.0593401145935
fp16,1,17,1,128,17,optimized_fused,0,12,100,29.3711996078,5508,0.187530644766,4352,2909,true,1,0.0293711996078
fp16,1,17,1,128,17,control_shuffle32_fused,0,13,100,157.948560715,5508,0.0348721126364,4352,2909,true,1,0.157948560715
fp16,1,17,1,128,17,shuffle32_fused,0,14,100,39.9348568916,5508,0.137924620963,4352,2909,true,1,0.0399348568916
fp16,1,17,1,128,17,control_optimized_transform,1,0,100,9.76228535175,8704,0.891594507472,4352,2909,true,1,0.00976228535175
fp16,1,17,1,128,17,optimized_transform,1,1,100,9.78171467781,8704,0.889823541852,4352,2909,true,1,0.00978171467781
fp16,1,17,1,128,17,control_shuffle32_transform,1,2,100,9.27382826805,8704,0.938555227509,4352,2909,true,1,0.00927382826805
fp16,1,17,1,128,17,shuffle32_transform,1,3,100,9.40160036087,8704,0.925799828317,4352,2909,true,1,0.00940160036087
fp16,1,17,1,128,17,baseline_split,1,4,100,80.366859436,14212,0.17683906152,4352,2909,true,1,0.080366859436
fp16,1,17,1,128,17,control_optimized_split,1,5,100,64.4927978516,14212,0.220365691572,4352,2909,true,1,0.0644927978516
fp16,1,17,1,128,17,optimized_split,1,6,100,35.388572216,14212,0.401598570105,4352,2909,true,1,0.035388572216
fp16,1,17,1,128,17,control_shuffle32_split,1,7,100,163.380794525,14212,0.0869869683356,4352,2909,true,1,0.163380794525
fp16,1,17,1,128,17,shuffle32_split,1,8,100,45.6610298157,14212,0.311250097892,4352,2909,true,1,0.0456610298157
fp16,1,17,1,128,17,baseline_fused,1,9,100,75.7284545898,5508,0.0727335587374,4352,2909,true,1,0.0757284545898
fp16,1,17,1,128,17,control_optimized_fused,1,10,100,59.3622875214,5508,0.092786181766,4352,2909,true,1,0.0593622875214
fp16,1,17,1,128,17,optimized_fused,1,11,100,29.3835449219,5508,0.187451854929,4352,2909,true,1,0.0293835449219
fp16,1,17,1,128,17,control_shuffle32_fused,1,12,100,157.988576889,5508,0.034863280045,4352,2909,true,1,0.157988576889
fp16,1,17,1,128,17,shuffle32_fused,1,13,100,39.9508571625,5508,0.137869382316,4352,2909,true,1,0.0399508571625
fp16,1,17,1,128,17,baseline_transform,1,14,100,9.68822836876,8704,0.898409871104,4352,2909,true,1,0.00968822836876
fp16,1,17,1,128,17,optimized_transform,2,0,100,9.78034317493,8704,0.889948322295,4352,2909,true,1,0.00978034317493
fp16,1,17,1,128,17,control_shuffle32_transform,2,1,100,9.28137183189,8704,0.937792403715,4352,2909,true,1,0.00928137183189
fp16,1,17,1,128,17,shuffle32_transform,2,2,100,9.37417149544,8704,0.928508722529,4352,2909,true,1,0.00937417149544
fp16,1,17,1,128,17,baseline_split,2,3,100,80.3305149078,14212,0.176919070123,4352,2909,true,1,0.0803305149078
fp16,1,17,1,128,17,control_optimized_split,2,4,100,64.4895982742,14212,0.220376624763,4352,2909,true,1,0.0644895982742
fp16,1,17,1,128,17,optimized_split,2,5,100,34.7017145157,14212,0.409547487735,4352,2909,true,1,0.0347017145157
fp16,1,17,1,128,17,control_shuffle32_split,2,6,100,163.313827515,14212,0.0870226374354,4352,2909,true,1,0.163313827515
fp16,1,17,1,128,17,shuffle32_split,2,7,100,45.6429672241,14212,0.31137327094,4352,2909,true,1,0.0456429672241
fp16,1,17,1,128,17,baseline_fused,2,8,100,75.7311964035,5508,0.0727309254518,4352,2909,true,1,0.0757311964035
fp16,1,17,1,128,17,control_optimized_fused,2,9,100,59.3364572525,5508,0.0928265733251,4352,2909,true,1,0.0593364572525
fp16,1,17,1,128,17,optimized_fused,2,10,100,29.3275427818,5508,0.187809801898,4352,2909,true,1,0.0293275427818
fp16,1,17,1,128,17,control_shuffle32_fused,2,11,100,158.006401062,5508,0.0348593472352,4352,2909,true,1,0.158006401062
fp16,1,17,1,128,17,shuffle32_fused,2,12,100,39.9419426918,5508,0.137900152792,4352,2909,true,1,0.0399419426918
fp16,1,17,1,128,17,baseline_transform,2,13,100,9.59680020809,8704,0.906968969997,4352,2909,true,1,0.00959680020809
fp16,1,17,1,128,17,control_optimized_transform,2,14,100,9.7922283411,8704,0.88886816124,4352,2909,true,1,0.0097922283411
fp16,1,17,1,128,17,control_shuffle32_transform,3,0,100,9.26285684109,8704,0.939666902914,4352,2909,true,1,0.00926285684109
fp16,1,17,1,128,17,shuffle32_transform,3,1,100,9.33120012283,8704,0.932784624209,4352,2909,true,1,0.00933120012283
fp16,1,17,1,128,17,baseline_split,3,2,100,80.3385162354,14212,0.17690144984,4352,2909,true,1,0.0803385162354
fp16,1,17,1,128,17,control_optimized_split,3,3,100,64.3949699402,14212,0.220700467959,4352,2909,true,1,0.0643949699402
fp16,1,17,1,128,17,optimized_split,3,4,100,34.7019433975,14212,0.409544786504,4352,2909,true,1,0.0347019433975
fp16,1,17,1,128,17,control_shuffle32_split,3,5,100,164.017829895,14212,0.0866491161912,4352,2909,true,1,0.164017829895
fp16,1,17,1,128,17,shuffle32_split,3,6,100,45.7615995407,14212,0.310566067241,4352,2909,true,1,0.0457615995407
fp16,1,17,1,128,17,baseline_fused,3,7,100,75.7307434082,5508,0.0727313605032,4352,2909,true,1,0.0757307434082
fp16,1,17,1,128,17,control_optimized_fused,3,8,100,59.339427948,5508,0.0928219261707,4352,2909,true,1,0.059339427948
fp16,1,17,1,128,17,optimized_fused,3,9,100,29.4333720207,5508,0.187134521866,4352,2909,true,1,0.0294333720207
fp16,1,17,1,128,17,control_shuffle32_fused,3,10,100,157.994737625,5508,0.0348619206107,4352,2909,true,1,0.157994737625
fp16,1,17,1,128,17,shuffle32_fused,3,11,100,39.9410295486,5508,0.137903305504,4352,2909,true,1,0.0399410295486
fp16,1,17,1,128,17,baseline_transform,3,12,100,9.55702841282,8704,0.910743342389,4352,2909,true,1,0.00955702841282
fp16,1,17,1,128,17,control_optimized_transform,3,13,100,9.67108607292,8704,0.900002330077,4352,2909,true,1,0.00967108607292
fp16,1,17,1,128,17,optimized_transform,3,14,100,9.86377120018,8704,0.88242111697,4352,2909,true,1,0.00986377120018
fp16,1,17,1,128,17,shuffle32_transform,4,0,100,9.29965674877,8704,0.93594852317,4352,2909,true,1,0.00929965674877
fp16,1,17,1,128,17,baseline_split,4,1,100,80.3385162354,14212,0.17690144984,4352,2909,true,1,0.0803385162354
fp16,1,17,1,128,17,control_optimized_split,4,2,100,64.4395399094,14212,0.220547819242,4352,2909,true,1,0.0644395399094
fp16,1,17,1,128,17,optimized_split,4,3,100,34.6500563622,14212,0.41015806299,4352,2909,true,1,0.0346500563622
fp16,1,17,1,128,17,control_shuffle32_split,4,4,100,163.365936279,14212,0.086994879861,4352,2909,true,1,0.163365936279
fp16,1,17,1,128,17,shuffle32_split,4,5,100,45.6399965286,14212,0.311393538146,4352,2909,true,1,0.0456399965286
fp16,1,17,1,128,17,baseline_fused,4,6,100,75.7339429855,5508,0.0727282877778,4352,2909,true,1,0.0757339429855
fp16,1,17,1,128,17,control_optimized_fused,4,7,100,59.3405723572,5508,0.0928201360588,4352,2909,true,1,0.0593405723572
fp16,1,17,1,128,17,optimized_fused,4,8,100,29.392914772,5508,0.187392099175,4352,2909,true,1,0.029392914772
fp16,1,17,1,128,17,control_shuffle32_fused,4,9,100,157.943534851,5508,0.0348732222892,4352,2909,true,1,0.157943534851
fp16,1,17,1,128,17,shuffle32_fused,4,10,100,39.8854875565,5508,0.138095340873,4352,2909,true,1,0.0398854875565
fp16,1,17,1,128,17,baseline_transform,4,11,100,9.51245725155,8704,0.915010682291,4352,2909,true,1,0.00951245725155
fp16,1,17,1,128,17,control_optimized_transform,4,12,100,9.79497075081,8704,0.888619294681,4352,2909,true,1,0.00979497075081
fp16,1,17,1,128,17,optimized_transform,4,13,100,9.77485656738,8704,0.890447848518,4352,2909,true,1,0.00977485656738
fp16,1,17,1,128,17,control_shuffle32_transform,4,14,100,9.19177114964,8704,0.946933932352,4352,2909,true,1,0.00919177114964
fp16,1,257,1,128,257,baseline_transform,0,0,100,10.0226283073,131584,13.1286919923,65792,2909,true,1,0.0100226283073
fp16,1,257,1,128,257,control_optimized_transform,0,1,100,9.9746286869,131584,13.1918695052,65792,2909,true,1,0.0099746286869
fp16,1,257,1,128,257,optimized_transform,0,2,100,9.92160081863,131584,13.2623759417,65792,2909,true,1,0.00992160081863
fp16,1,257,1,128,257,control_shuffle32_transform,0,3,100,10.570743084,131584,12.4479423022,65792,2909,true,1,0.010570743084
fp16,1,257,1,128,257,shuffle32_transform,0,4,100,10.5622851849,131584,12.4579101678,65792,2909,true,1,0.0105622851849
fp16,1,257,1,128,257,baseline_split,0,5,100,81.7037773132,214852,2.62964586296,65792,2909,true,1,0.0817037773132
fp16,1,257,1,128,257,control_optimized_split,0,6,100,65.6845712662,214852,3.27096601011,65792,2909,true,1,0.0656845712662
fp16,1,257,1,128,257,optimized_split,0,7,100,35.1421713829,214852,6.11379409824,65792,2909,true,1,0.0351421713829
fp16,1,257,1,128,257,control_shuffle32_split,0,8,100,177.914047241,214852,1.20761684269,65792,2909,true,1,0.177914047241
fp16,1,257,1,128,257,shuffle32_split,0,9,100,51.5556573868,214852,4.16737969973,65792,2909,true,1,0.0515556573868
fp16,1,257,1,128,257,baseline_fused,0,10,100,76.627202034,83268,1.08666371458,65792,2909,true,1,0.076627202034
fp16,1,257,1,128,257,control_optimized_fused,0,11,100,60.2514314651,83268,1.38200865897,65792,2909,true,1,0.0602514314651
fp16,1,257,1,128,257,optimized_fused,0,12,100,29.7019410133,83268,2.8034531468,65792,2909,true,1,0.0297019410133
fp16,1,257,1,128,257,control_shuffle32_fused,0,13,100,170.360012054,83268,0.488776673562,65792,2909,true,1,0.170360012054
fp16,1,257,1,128,257,shuffle32_fused,0,14,100,44.9167966843,83268,1.85382765795,65792,2909,true,1,0.0449167966843
fp16,1,257,1,128,257,control_optimized_transform,1,0,100,10.0637722015,131584,13.0750177334,65792,2909,true,1,0.0100637722015
fp16,1,257,1,128,257,optimized_transform,1,1,100,10.1648008823,131584,12.9450641998,65792,2909,true,1,0.0101648008823
fp16,1,257,1,128,257,control_shuffle32_transform,1,2,100,10.5065143108,131584,12.5240394775,65792,2909,true,1,0.0105065143108
fp16,1,257,1,128,257,shuffle32_transform,1,3,100,10.5814862251,131584,12.4353041908,65792,2909,true,1,0.0105814862251
fp16,1,257,1,128,257,baseline_split,1,4,100,81.6893672943,214852,2.63010973296,65792,2909,true,1,0.0816893672943
fp16,1,257,1,128,257,control_optimized_split,1,5,100,65.7165718079,214852,3.26937322032,65792,2909,true,1,0.0657165718079
fp16,1,257,1,128,257,optimized_split,1,6,100,35.1839995384,214852,6.10652577361,65792,2909,true,1,0.0351839995384
fp16,1,257,1,128,257,control_shuffle32_split,1,7,100,177.899646759,214852,1.20771459592,65792,2909,true,1,0.177899646759
fp16,1,257,1,128,257,shuffle32_split,1,8,100,51.6020536423,214852,4.16363274007,65792,2909,true,1,0.0516020536423
fp16,1,257,1,128,257,baseline_fused,1,9,100,76.6726875305,83268,1.08601905948,65792,2909,true,1,0.0766726875305
fp16,1,257,1,128,257,control_optimized_fused,1,10,100,60.2667427063,83268,1.38165754877,65792,2909,true,1,0.0602667427063
fp16,1,257,1,128,257,optimized_fused,1,11,100,29.6802282333,83268,2.8055040327,65792,2909,true,1,0.0296802282333
fp16,1,257,1,128,257,control_shuffle32_fused,1,12,100,170.361824036,83268,0.488771474897,65792,2909,true,1,0.170361824036
fp16,1,257,1,128,257,shuffle32_fused,1,13,100,44.9072027206,83268,1.85422370923,65792,2909,true,1,0.0449072027206
fp16,1,257,1,128,257,baseline_transform,1,14,100,9.98880028725,131584,13.1731535536,65792,2909,true,1,0.00998880028725
fp16,1,257,1,128,257,optimized_transform,2,0,100,10.0409150124,131584,13.1047817692,65792,2909,true,1,0.0100409150124
fp16,1,257,1,128,257,control_shuffle32_transform,2,1,100,10.5284571648,131584,12.4979375364,65792,2909,true,1,0.0105284571648
fp16,1,257,1,128,257,shuffle32_transform,2,2,100,10.6674277782,131584,12.3351198373,65792,2909,true,1,0.0106674277782
fp16,1,257,1,128,257,baseline_split,2,3,100,81.6731452942,214852,2.63063212793,65792,2909,true,1,0.0816731452942
fp16,1,257,1,128,257,control_optimized_split,2,4,100,65.7257175446,214852,3.26891828688,65792,2909,true,1,0.0657257175446
fp16,1,257,1,128,257,optimized_split,2,5,100,35.2349710464,214852,6.09769196963,65792,2909,true,1,0.0352349710464
fp16,1,257,1,128,257,control_shuffle32_split,2,6,100,177.282752991,214852,1.21191710065,65792,2909,true,1,0.177282752991
fp16,1,257,1,128,257,shuffle32_split,2,7,100,51.5371417999,214852,4.16887690113,65792,2909,true,1,0.0515371417999
fp16,1,257,1,128,257,baseline_fused,2,8,100,76.6843414307,83268,1.08585401461,65792,2909,true,1,0.0766843414307
fp16,1,257,1,128,257,control_optimized_fused,2,9,100,60.2596569061,83268,1.38182001484,65792,2909,true,1,0.0602596569061
fp16,1,257,1,128,257,optimized_fused,2,10,100,29.7693729401,83268,2.79710292077,65792,2909,true,1,0.0297693729401
fp16,1,257,1,128,257,control_shuffle32_fused,2,11,100,170.305843353,83268,0.488932137386,65792,2909,true,1,0.170305843353
fp16,1,257,1,128,257,shuffle32_fused,2,12,100,44.9165725708,83268,1.85383690772,65792,2909,true,1,0.0449165725708
fp16,1,257,1,128,257,baseline_transform,2,13,100,10.0463998318,131584,13.09762723,65792,2909,true,1,0.0100463998318
fp16,1,257,1,128,257,control_optimized_transform,2,14,100,9.92457151413,131584,13.2584061501,65792,2909,true,1,0.00992457151413
fp16,1,257,1,128,257,control_shuffle32_transform,3,0,100,10.4763424397,131584,12.5601087171,65792,2909,true,1,0.0104763424397
fp16,1,257,1,128,257,shuffle32_transform,3,1,100,10.5275428295,131584,12.4990230038,65792,2909,true,1,0.0105275428295
fp16,1,257,1,128,257,baseline_split,3,2,100,81.709022522,214852,2.62947705613,65792,2909,true,1,0.081709022522
fp16,1,257,1,128,257,control_optimized_split,3,3,100,65.747885704,214852,3.26781610845,65792,2909,true,1,0.065747885704
fp16,1,257,1,128,257,optimized_split,3,4,100,35.2438855171,214852,6.09614963979,65792,2909,true,1,0.0352438855171
fp16,1,257,1,128,257,control_shuffle32_split,3,5,100,177.920455933,214852,1.20757334436,65792,2909,true,1,0.177920455933
fp16,1,257,1,128,257,shuffle32_split,3,6,100,51.5755414963,214852,4.1657730344,65792,2909,true,1,0.0515755414963
fp16,1,257,1,128,257,baseline_fused,3,7,100,76.6868543625,83268,1.08581843254,65792,2909,true,1,0.0766868543625
fp16,1,257,1,128,257,control_optimized_fused,3,8,100,60.2596569061,83268,1.38182001484,65792,2909,true,1,0.0602596569061
fp16,1,257,1,128,257,optimized_fused,3,9,100,29.6365714073,83268,2.80963674426,65792,2909,true,1,0.0296365714073
fp16,1,257,1,128,257,control_shuffle32_fused,3,10,100,170.358409882,83268,0.488781270369,65792,2909,true,1,0.170358409882
fp16,1,257,1,128,257,shuffle32_fused,3,11,100,44.9698257446,83268,1.85164159792,65792,2909,true,1,0.0449698257446
fp16,1,257,1,128,257,baseline_transform,3,12,100,9.99039947987,131584,13.1710448882,65792,2909,true,1,0.00999039947987
fp16,1,257,1,128,257,control_optimized_transform,3,13,100,10.1083421707,131584,13.01736702,65792,2909,true,1,0.0101083421707
fp16,1,257,1,128,257,optimized_transform,3,14,100,10.015771389,131584,13.1376800537,65792,2909,true,1,0.010015771389
fp16,1,257,1,128,257,shuffle32_transform,4,0,100,10.6118857861,131584,12.3996811361,65792,2909,true,1,0.0106118857861
fp16,1,257,1,128,257,baseline_split,4,1,100,81.7026329041,214852,2.62968269642,65792,2909,true,1,0.0817026329041
fp16,1,257,1,128,257,control_optimized_split,4,2,100,65.6527996063,214852,3.27254894366,65792,2909,true,1,0.0656527996063
fp16,1,257,1,128,257,optimized_split,4,3,100,35.2201151848,214852,6.10026397906,65792,2909,true,1,0.0352201151848
fp16,1,257,1,128,257,control_shuffle32_split,4,4,100,177.278633118,214852,1.21194526504,65792,2909,true,1,0.177278633118
fp16,1,257,1,128,257,shuffle32_split,4,5,100,51.5414857864,214852,4.16852554252,65792,2909,true,1,0.0515414857864
fp16,1,257,1,128,257,baseline_fused,4,6,100,76.6930246353,83268,1.08573107393,65792,2909,true,1,0.0766930246353
fp16,1,257,1,128,257,control_optimized_fused,4,7,100,60.2585124969,83268,1.38184625789,65792,2909,true,1,0.0602585124969
fp16,1,257,1,128,257,optimized_fused,4,8,100,29.6763420105,83268,2.80587142346,65792,2909,true,1,0.0296763420105
fp16,1,257,1,128,257,control_shuffle32_fused,4,9,100,170.370750427,83268,0.488745866243,65792,2909,true,1,0.170370750427
fp16,1,257,1,128,257,shuffle32_fused,4,10,100,44.9076557159,83268,1.85420500519,65792,2909,true,1,0.0449076557159
fp16,1,257,1,128,257,baseline_transform,4,11,100,9.92114305496,131584,13.2629878706,65792,2909,true,1,0.00992114305496
fp16,1,257,1,128,257,control_optimized_transform,4,12,100,10.0902855396,131584,13.0406616823,65792,2909,true,1,0.0100902855396
fp16,1,257,1,128,257,optimized_transform,4,13,100,9.92274284363,131584,13.2608495528,65792,2909,true,1,0.00992274284363
fp16,1,257,1,128,257,control_shuffle32_transform,4,14,100,10.4587435722,131584,12.5812435396,65792,2909,true,1,0.0104587435722
fp16,4,64,16,128,4096,baseline_transform,0,0,100,25.8589720726,2097152,81.0995887274,1048576,2909,true,1,0.0258589720726
fp16,4,64,16,128,4096,control_optimized_transform,0,1,100,27.7503991127,2097152,75.5719581359,1048576,2909,true,1,0.0277503991127
fp16,4,64,16,128,4096,optimized_transform,0,2,100,27.8566837311,2097152,75.2836202703,1048576,2909,true,1,0.0278566837311
fp16,4,64,16,128,4096,control_shuffle32_transform,0,3,100,15.9828579426,2097152,131.212578347,1048576,2909,true,1,0.0159828579426
fp16,4,64,16,128,4096,shuffle32_transform,0,4,100,15.7522284985,2097152,133.133670592,1048576,2909,true,1,0.0157522284985
fp16,4,64,16,128,4096,baseline_split,0,5,100,527.073822021,3424256,6.49672940854,1048576,2909,true,1,0.527073822021
fp16,4,64,16,128,4096,control_optimized_split,0,6,100,405.66947937,3424256,8.44099981423,1048576,2909,true,1,0.40566947937
fp16,4,64,16,128,4096,optimized_split,0,7,100,168.860359192,3424256,20.2786255838,1048576,2909,true,1,0.168860359192
fp16,4,64,16,128,4096,control_shuffle32_split,0,8,100,453.523445129,3424256,7.55033953983,1048576,2909,true,1,0.453523445129
fp16,4,64,16,128,4096,shuffle32_split,0,9,100,105.785827637,3424256,32.3697046807,1048576,2909,true,1,0.105785827637
fp16,4,64,16,128,4096,baseline_fused,0,10,100,528.91292572,1327104,2.50911621831,1048576,2909,true,1,0.52891292572
fp16,4,64,16,128,4096,control_optimized_fused,0,11,100,394.402313232,1327104,3.36484841867,1048576,2909,true,1,0.394402313232
fp16,4,64,16,128,4096,optimized_fused,0,12,100,153.630399704,1327104,8.63829035502,1048576,2909,true,1,0.153630399704
fp16,4,64,16,128,4096,control_shuffle32_fused,0,13,100,441.381492615,1327104,3.00670513423,1048576,2909,true,1,0.441381492615
fp16,4,64,16,128,4096,shuffle32_fused,0,14,100,92.8765678406,1327104,14.2889001053,1048576,2909,true,1,0.0928765678406
fp16,4,64,16,128,4096,control_optimized_transform,1,0,100,27.7307415009,2097152,75.62552916,1048576,2909,true,1,0.0277307415009
fp16,4,64,16,128,4096,optimized_transform,1,1,100,27.8706288338,2097152,75.2459520202,1048576,2909,true,1,0.0278706288338
fp16,4,64,16,128,4096,control_shuffle32_transform,1,2,100,15.7618284225,2097152,133.052583988,1048576,2909,true,1,0.0157618284225
fp16,4,64,16,128,4096,shuffle32_transform,1,3,100,15.7026278973,2097152,133.554205941,1048576,2909,true,1,0.0157026278973
fp16,4,64,16,128,4096,baseline_split,1,4,100,522.950172424,3424256,6.54795844913,1048576,2909,true,1,0.522950172424
fp16,4,64,16,128,4096,control_optimized_split,1,5,100,402.373695374,3424256,8.51013880721,1048576,2909,true,1,0.402373695374
fp16,4,64,16,128,4096,optimized_split,1,6,100,168.744010925,3424256,20.2926076086,1048576,2909,true,1,0.168744010925
fp16,4,64,16,128,4096,control_shuffle32_split,1,7,100,453.677711487,3424256,7.54777215918,1048576,2909,true,1,0.453677711487
fp16,4,64,16,128,4096,shuffle32_split,1,8,100,105.981712341,3424256,32.3098761508,1048576,2909,true,1,0.105981712341
fp16,4,64,16,128,4096,baseline_fused,1,9,100,528.95565033,1327104,2.50891355291,1048576,2909,true,1,0.52895565033
fp16,4,64,16,128,4096,control_optimized_fused,1,10,100,392.10811615,1327104,3.38453591074,1048576,2909,true,1,0.39210811615
fp16,4,64,16,128,4096,optimized_fused,1,11,100,153.760690689,1327104,8.63097059497,1048576,2909,true,1,0.153760690689
fp16,4,64,16,128,4096,control_shuffle32_fused,1,12,100,442.118148804,1327104,3.00169536942,1048576,2909,true,1,0.442118148804
fp16,4,64,16,128,4096,shuffle32_fused,1,13,100,92.9167938232,1327104,14.2827140864,1048576,2909,true,1,0.0929167938232
fp16,4,64,16,128,4096,baseline_transform,1,14,100,25.8639979362,2097152,81.0838295444,1048576,2909,true,1,0.0258639979362
fp16,4,64,16,128,4096,optimized_transform,2,0,100,27.8514266014,2097152,75.297830521,1048576,2909,true,1,0.0278514266014
fp16,4,64,16,128,4096,control_shuffle32_transform,2,1,100,15.7798862457,2097152,132.900324333,1048576,2909,true,1,0.0157798862457
fp16,4,64,16,128,4096,shuffle32_transform,2,2,100,15.5757713318,2097152,134.641935563,1048576,2909,true,1,0.0155757713318
fp16,4,64,16,128,4096,baseline_split,2,3,100,525.725021362,3424256,6.51339742424,1048576,2909,true,1,0.525725021362
fp16,4,64,16,128,4096,control_optimized_split,2,4,100,403.02947998,3424256,8.49629163645,1048576,2909,true,1,0.40302947998
fp16,4,64,16,128,4096,optimized_split,2,5,100,168.751087189,3424256,20.2917566757,1048576,2909,true,1,0.168751087189
fp16,4,64,16,128,4096,control_shuffle32_split,2,6,100,454.682731628,3424256,7.53108873903,1048576,2909,true,1,0.454682731628
fp16,4,64,16,128,4096,shuffle32_split,2,7,100,105.945596695,3424256,32.3208902193,1048576,2909,true,1,0.105945596695
fp16,4,64,16,128,4096,baseline_fused,2,8,100,528.973503113,1327104,2.50882887742,1048576,2909,true,1,0.528973503113
fp16,4,64,16,128,4096,control_optimized_fused,2,9,100,395.210266113,1327104,3.35796945017,1048576,2909,true,1,0.395210266113
fp16,4,64,16,128,4096,optimized_fused,2,10,100,153.649377823,1327104,8.63722339006,1048576,2909,true,1,0.153649377823
fp16,4,64,16,128,4096,control_shuffle32_fused,2,11,100,443.393135071,1327104,2.99306393138,1048576,2909,true,1,0.443393135071
fp16,4,64,16,128,4096,shuffle32_fused,2,12,100,92.8379440308,1327104,14.2948447842,1048576,2909,true,1,0.0928379440308
fp16,4,64,16,128,4096,baseline_transform,2,13,100,25.8448004723,2097152,81.1440584442,1048576,2909,true,1,0.0258448004723
fp16,4,64,16,128,4096,control_optimized_transform,2,14,100,27.718398571,2097152,75.6592050088,1048576,2909,true,1,0.027718398571
fp16,4,64,16,128,4096,control_shuffle32_transform,3,0,100,15.9773719311,2097152,131.257631671,1048576,2909,true,1,0.0159773719311
fp16,4,64,16,128,4096,shuffle32_transform,3,1,100,15.7476568222,2097152,133.172320408,1048576,2909,true,1,0.0157476568222
fp16,4,64,16,128,4096,baseline_split,3,2,100,525.402069092,3424256,6.51740105615,1048576,2909,true,1,0.525402069092
fp16,4,64,16,128,4096,control_optimized_split,3,3,100,402.566871643,3424256,8.50605512079,1048576,2909,true,1,0.402566871643
fp16,4,64,16,128,4096,optimized_split,3,4,100,168.979434967,3424256,20.2643357203,1048576,2909,true,1,0.168979434967
fp16,4,64,16,128,4096,control_shuffle32_split,3,5,100,455.47542572,3424256,7.51798188582,1048576,2909,true,1,0.45547542572
fp16,4,64,16,128,4096,shuffle32_split,3,6,100,105.602741241,3424256,32.4258249336,1048576,2909,true,1,0.105602741241
fp16,4,64,16,128,4096,baseline_fused,3,7,100,529.013710022,1327104,2.50863819757,1048576,2909,true,1,0.529013710022
fp16,4,64,16,128,4096,control_optimized_fused,3,8,100,392.721138,1327104,3.37925278674,1048576,2909,true,1,0.392721138
fp16,4,64,16,128,4096,optimized_fused,3,9,100,153.322973251,1327104,8.65561090982,1048576,2909,true,1,0.153322973251
fp16,4,64,16,128,4096,control_shuffle32_fused,3,10,100,439.327087402,1327104,3.02076525226,1048576,2909,true,1,0.439327087402
fp16,4,64,16,128,4096,shuffle32_fused,3,11,100,92.9314231873,1327104,14.2804656863,1048576,2909,true,1,0.0929314231873
fp16,4,64,16,128,4096,baseline_transform,3,12,100,25.9161138535,2097152,80.9207743051,1048576,2909,true,1,0.0259161138535
fp16,4,64,16,128,4096,control_optimized_transform,3,13,100,27.7602267265,2097152,75.5452043191,1048576,2909,true,1,0.0277602267265
fp16,4,64,16,128,4096,optimized_transform,3,14,100,27.8429698944,2097152,75.3207006276,1048576,2909,true,1,0.0278429698944
fp16,4,64,16,128,4096,shuffle32_transform,4,0,100,15.6434285641,2097152,134.059614324,1048576,2909,true,1,0.0156434285641
fp16,4,64,16,128,4096,baseline_split,4,1,100,525.461463928,3424256,6.5166643704,1048576,2909,true,1,0.525461463928
fp16,4,64,16,128,4096,control_optimized_split,4,2,100,402.413253784,3424256,8.50930223545,1048576,2909,true,1,0.402413253784
fp16,4,64,16,128,4096,optimized_split,4,3,100,168.891429901,3424256,20.2748949547,1048576,2909,true,1,0.168891429901
fp16,4,64,16,128,4096,control_shuffle32_split,4,4,100,452.616462708,3424256,7.5654694032,1048576,2909,true,1,0.452616462708
fp16,4,64,16,128,4096,shuffle32_split,4,5,100,105.7508564,3424256,32.3804091672,1048576,2909,true,1,0.1057508564
fp16,4,64,16,128,4096,baseline_fused,4,6,100,528.882522583,1327104,2.5092604564,1048576,2909,true,1,0.528882522583
fp16,4,64,16,128,4096,control_optimized_fused,4,7,100,394.329147339,1327104,3.36547275025,1048576,2909,true,1,0.394329147339
fp16,4,64,16,128,4096,optimized_fused,4,8,100,153.86879921,1327104,8.62490645808,1048576,2909,true,1,0.15386879921
fp16,4,64,16,128,4096,control_shuffle32_fused,4,9,100,441.643676758,1327104,3.00492018757,1048576,2909,true,1,0.441643676758
fp16,4,64,16,128,4096,shuffle32_fused,4,10,100,92.8672027588,1327104,14.2903410523,1048576,2909,true,1,0.0928672027588
fp16,4,64,16,128,4096,baseline_transform,4,11,100,25.9001135826,2097152,80.9707645996,1048576,2909,true,1,0.0259001135826
fp16,4,64,16,128,4096,control_optimized_transform,4,12,100,27.7647995949,2097152,75.532762008,1048576,2909,true,1,0.0277647995949
fp16,4,64,16,128,4096,optimized_transform,4,13,100,27.7860569954,2097152,75.4749765448,1048576,2909,true,1,0.0277860569954
fp16,4,64,16,128,4096,control_shuffle32_transform,4,14,100,15.8253717422,2097152,132.518340432,1048576,2909,true,1,0.0158253717422
fp16,16,64,16,128,16384,baseline_transform,0,0,100,78.8592004776,8388608,106.374499731,4194304,2909,true,1,0.0788592004776
fp16,16,64,16,128,16384,control_optimized_transform,0,1,100,87.1334838867,8388608,96.2730700738,4194304,2909,true,1,0.0871334838867
fp16,16,64,16,128,16384,optimized_transform,0,2,100,87.1570301056,8388608,96.2470610786,4194304,2909,true,1,0.0871570301056
fp16,16,64,16,128,16384,control_shuffle32_transform,0,3,100,26.6921138763,8388608,314.272898687,4194304,2909,true,1,0.0266921138763
fp16,16,64,16,128,16384,shuffle32_transform,0,4,100,26.6847991943,8388608,314.359045347,4194304,2909,true,1,0.0266847991943
fp16,16,64,16,128,16384,baseline_split,0,5,100,1884.21234131,13697024,7.26936327701,4194304,2909,true,1,1.88421234131
fp16,16,64,16,128,16384,control_optimized_split,0,6,100,1453.8420105,13697024,9.42126028901,4194304,2909,true,1,1.4538420105
fp16,16,64,16,128,16384,optimized_split,0,7,100,601.851196289,13697024,22.7581569738,4194304,2909,true,1,0.601851196289
fp16,16,64,16,128,16384,control_shuffle32_split,0,8,100,1601.88140869,13697024,8.55058553379,4194304,2909,true,1,1.60188140869
fp16,16,64,16,128,16384,shuffle32_split,0,9,100,288.943996429,13697024,47.4037327969,4194304,2909,true,1,0.288943996429
fp16,16,64,16,128,16384,baseline_fused,0,10,100,1865.11291504,5308416,2.84616333799,4194304,2909,true,1,1.86511291504
fp16,16,64,16,128,16384,control_optimized_fused,0,11,100,1421.56295776,5308416,3.73421097603,4194304,2909,true,1,1.42156295776
fp16,16,64,16,128,16384,optimized_fused,0,12,100,566.201591492,5308416,9.37548759977,4194304,2909,true,1,0.566201591492
fp16,16,64,16,128,16384,control_shuffle32_fused,0,13,100,1574.77828979,5308416,3.37089737292,4194304,2909,true,1,1.57477828979
fp16,16,64,16,128,16384,shuffle32_fused,0,14,100,265.24433136,5308416,20.0133061196,4194304,2909,true,1,0.26524433136
fp16,16,64,16,128,16384,control_optimized_transform,1,0,100,87.1341705322,8388608,96.2723114108,4194304,2909,true,1,0.0871341705322
fp16,16,64,16,128,16384,optimized_transform,1,1,100,87.1826267242,8388608,96.2188031628,4194304,2909,true,1,0.0871826267242
fp16,16,64,16,128,16384,control_shuffle32_transform,1,2,100,26.7129135132,8388608,314.028194486,4194304,2909,true,1,0.0267129135132
fp16,16,64,16,128,16384,shuffle32_transform,1,3,100,26.7206859589,8388608,313.936850757,4194304,2909,true,1,0.0267206859589
fp16,16,64,16,128,16384,baseline_split,1,4,100,1884.31259155,13697024,7.26897652831,4194304,2909,true,1,1.88431259155
fp16,16,64,16,128,16384,control_optimized_split,1,5,100,1453.82919312,13697024,9.42134334959,4194304,2909,true,1,1.45382919312
fp16,16,64,16,128,16384,optimized_split,1,6,100,601.900558472,13697024,22.7562905653,4194304,2909,true,1,0.601900558472
fp16,16,64,16,128,16384,control_shuffle32_split,1,7,100,1601.6633606,13697024,8.55174959793,4194304,2909,true,1,1.6016633606
fp16,16,64,16,128,16384,shuffle32_split,1,8,100,288.751087189,13697024,47.4354023507,4194304,2909,true,1,0.288751087189
fp16,16,64,16,128,16384,baseline_fused,1,9,100,1865.16906738,5308416,2.84607765206,4194304,2909,true,1,1.86516906738
fp16,16,64,16,128,16384,control_optimized_fused,1,10,100,1421.66885376,5308416,3.73393282547,4194304,2909,true,1,1.42166885376
fp16,16,64,16,128,16384,optimized_fused,1,11,100,566.214408875,5308416,9.37527536707,4194304,2909,true,1,0.566214408875
fp16,16,64,16,128,16384,control_shuffle32_fused,1,12,100,1574.80895996,5308416,3.37083172306,4194304,2909,true,1,1.57480895996
fp16,16,64,16,128,16384,shuffle32_fused,1,13,100,265.247325897,5308416,20.0130801773,4194304,2909,true,1,0.265247325897
fp16,16,64,16,128,16384,baseline_transform,1,14,100,78.8427400589,8388608,106.396708102,4194304,2909,true,1,0.0788427400589
fp16,16,64,16,128,16384,optimized_transform,2,0,100,87.1632003784,8388608,96.2402477603,4194304,2909,true,1,0.0871632003784
fp16,16,64,16,128,16384,control_shuffle32_transform,2,1,100,26.7666268349,8388608,313.398025525,4194304,2909,true,1,0.0267666268349
fp16,16,64,16,128,16384,shuffle32_transform,2,2,100,26.7307448387,8388608,313.818715139,4194304,2909,true,1,0.0267307448387
fp16,16,64,16,128,16384,baseline_split,2,3,100,1884.32800293,13697024,7.26891707744,4194304,2909,true,1,1.88432800293
fp16,16,64,16,128,16384,control_optimized_split,2,4,100,1453.55865479,13697024,9.42309686294,4194304,2909,true,1,1.45355865479
fp16,16,64,16,128,16384,optimized_split,2,5,100,601.814880371,13697024,22.759530292,4194304,2909,true,1,0.601814880371
fp16,16,64,16,128,16384,control_shuffle32_split,2,6,100,1602.13363647,13697024,8.54923939437,4194304,2909,true,1,1.60213363647
fp16,16,64,16,128,16384,shuffle32_split,2,7,100,288.663082123,13697024,47.4498640397,4194304,2909,true,1,0.288663082123
fp16,16,64,16,128,16384,baseline_fused,2,8,100,1865.14846802,5308416,2.84610908516,4194304,2909,true,1,1.86514846802
fp16,16,64,16,128,16384,control_optimized_fused,2,9,100,1421.34567261,5308416,3.73478183549,4194304,2909,true,1,1.42134567261
fp16,16,64,16,128,16384,optimized_fused,2,10,100,566.136245728,5308416,9.37656975695,4194304,2909,true,1,0.566136245728
fp16,16,64,16,128,16384,control_shuffle32_fused,2,11,100,1574.30969238,5308416,3.37190072937,4194304,2909,true,1,1.57430969238
fp16,16,64,16,128,16384,shuffle32_fused,2,12,100,265.213718414,5308416,20.0156162047,4194304,2909,true,1,0.265213718414
fp16,16,64,16,128,16384,baseline_transform,2,13,100,78.8653755188,8388608,106.366170767,4194304,2909,true,1,0.0788653755188
fp16,16,64,16,128,16384,control_optimized_transform,2,14,100,87.0676517487,8388608,96.345862459,4194304,2909,true,1,0.0870676517487
fp16,16,64,16,128,16384,control_shuffle32_transform,3,0,100,26.7225122452,8388608,313.915395493,4194304,2909,true,1,0.0267225122452
fp16,16,64,16,128,16384,shuffle32_transform,3,1,100,26.7092585564,8388608,314.071166831,4194304,2909,true,1,0.0267092585564
fp16,16,64,16,128,16384,baseline_split,3,2,100,1884.4670105,13697024,7.26838088632,4194304,2909,true,1,1.8844670105
fp16,16,64,16,128,16384,control_optimized_split,3,3,100,1453.86383057,13697024,9.42111889163,4194304,2909,true,1,1.45386383057
fp16,16,64,16,128,16384,optimized_split,3,4,100,601.821250916,13697024,22.7592893723,4194304,2909,true,1,0.601821250916
fp16,16,64,16,128,16384,control_shuffle32_split,3,5,100,1602.46154785,13697024,8.54748996527,4194304,2909,true,1,1.60246154785
fp16,16,64,16,128,16384,shuffle32_split,3,6,100,288.799781799,13697024,47.4274042545,4194304,2909,true,1,0.288799781799
fp16,16,64,16,128,16384,baseline_fused,3,7,100,1865.22537231,5308416,2.84599173847,4194304,2909,true,1,1.86522537231
fp16,16,64,16,128,16384,control_optimized_fused,3,8,100,1421.56234741,5308416,3.73421257932,4194304,2909,true,1,1.42156234741
fp16,16,64,16,128,16384,optimized_fused,3,9,100,566.181945801,5308416,9.37581291557,4194304,2909,true,1,0.566181945801
fp16,16,64,16,128,16384,control_shuffle32_fused,3,10,100,1574.93530273,5308416,3.37056131181,4194304,2909,true,1,1.57493530273
fp16,16,64,16,128,16384,shuffle32_fused,3,11,100,265.224914551,5308416,20.0147712706,4194304,2909,true,1,0.265224914551
fp16,16,64,16,128,16384,baseline_transform,3,12,100,78.8443422318,8388608,106.394546045,4194304,2909,true,1,0.0788443422318
fp16,16,64,16,128,16384,control_optimized_transform,3,13,100,87.1179485321,8388608,96.2902380203,4194304,2909,true,1,0.0871179485321
fp16,16,64,16,128,16384,optimized_transform,3,14,100,87.1648025513,8388608,96.238478772,4194304,2909,true,1,0.0871648025513
fp16,16,64,16,128,16384,shuffle32_transform,4,0,100,26.7599987984,8388608,313.475649353,4194304,2909,true,1,0.0267599987984
fp16,16,64,16,128,16384,baseline_split,4,1,100,1884.14825439,13697024,7.26961053519,4194304,2909,true,1,1.88414825439
fp16,16,64,16,128,16384,control_optimized_split,4,2,100,1453.55529785,13697024,9.42311862524,4194304,2909,true,1,1.45355529785
fp16,16,64,16,128,16384,optimized_split,4,3,100,601.788368225,13697024,22.7605329767,4194304,2909,true,1,0.601788368225
fp16,16,64,16,128,16384,control_shuffle32_split,4,4,100,1600.97335815,13697024,8.5554353108,4194304,2909,true,1,1.60097335815
fp16,16,64,16,128,16384,shuffle32_split,4,5,100,288.683185577,13697024,47.4465597039,4194304,2909,true,1,0.288683185577
fp16,16,64,16,128,16384,baseline_fused,4,6,100,1865.24780273,5308416,2.84595751418,4194304,2909,true,1,1.86524780273
fp16,16,64,16,128,16384,control_optimized_fused,4,7,100,1421.43722534,5308416,3.73454128354,4194304,2909,true,1,1.42143722534
fp16,16,64,16,128,16384,optimized_fused,4,8,100,566.126174927,5308416,9.37673655645,4194304,2909,true,1,0.566126174927
fp16,16,64,16,128,16384,control_shuffle32_fused,4,9,100,1574.01916504,5308416,3.37252310385,4194304,2909,true,1,1.57401916504
fp16,16,64,16,128,16384,shuffle32_fused,4,10,100,265.200004578,5308416,20.0166512382,4194304,2909,true,1,0.265200004578
fp16,16,64,16,128,16384,baseline_transform,4,11,100,78.8596534729,8388608,106.373888682,4194304,2909,true,1,0.0788596534729
fp16,16,64,16,128,16384,control_optimized_transform,4,12,100,87.0651435852,8388608,96.3486379804,4194304,2909,true,1,0.0870651435852
fp16,16,64,16,128,16384,optimized_transform,4,13,100,87.1547412872,8388608,96.2495886753,4194304,2909,true,1,0.0871547412872
fp16,16,64,16,128,16384,control_shuffle32_transform,4,14,100,26.6671991348,8388608,314.566518875,4194304,2909,true,1,0.0266671991348
fp16,1,1,1,256,1,baseline_transform,0,0,100,9.78468596935,1024,0.104653333097,512,2909,true,1,0.00978468596935
fp16,1,1,1,256,1,control_optimized_transform,0,1,100,10.6020569801,1024,0.0965850308029,512,2909,true,1,0.0106020569801
fp16,1,1,1,256,1,optimized_transform,0,2,100,10.6368005276,1024,0.0962695499785,512,2909,true,1,0.0106368005276
fp16,1,1,1,256,1,control_shuffle32_transform,0,3,100,11.5890288353,1024,0.0883594315411,512,2909,true,1,0.0115890288353
fp16,1,1,1,256,1,shuffle32_transform,0,4,100,11.6105139256,1024,0.0881959236745,512,2909,true,1,0.0116105139256
fp16,1,1,1,256,1,baseline_split,0,5,100,100.570287704,1668,0.0165854154152,512,2909,true,1,0.100570287704
fp16,1,1,1,256,1,control_optimized_split,0,6,100,66.9398880005,1668,0.0249178785598,512,2909,true,1,0.0669398880005
fp16,1,1,1,256,1,optimized_split,0,7,100,35.4431986809,1668,0.047061215186,512,2909,true,1,0.0354431986809
fp16,1,1,1,256,1,control_shuffle32_split,0,8,100,303.177585602,1668,0.00550172598244,512,2909,true,1,0.303177585602
fp16,1,1,1,256,1,shuffle32_split,0,9,100,67.7542877197,1668,0.0246183681673,512,2909,true,1,0.0677542877197
fp16,1,1,1,256,1,baseline_fused,0,10,100,96.0912036896,644,0.00670196620786,512,2909,true,1,0.0960912036896
fp16,1,1,1,256,1,control_optimized_fused,0,11,100,61.2857151031,644,0.010508158368,512,2909,true,1,0.0612857151031
fp16,1,1,1,256,1,optimized_fused,0,12,100,29.7549724579,644,0.0216434413075,512,2909,true,1,0.0297549724579
fp16,1,1,1,256,1,control_shuffle32_fused,0,13,100,299.391326904,644,0.00215103091549,512,2909,true,1,0.299391326904
fp16,1,1,1,256,1,shuffle32_fused,0,14,100,61.6774845123,644,0.0104414115636,512,2909,true,1,0.0616774845123
fp16,1,1,1,256,1,control_optimized_transform,1,0,100,10.5476570129,1024,0.0970831720015,512,2909,true,1,0.0105476570129
fp16,1,1,1,256,1,optimized_transform,1,1,100,10.5673146248,1024,0.0969025751914,512,2909,true,1,0.0105673146248
fp16,1,1,1,256,1,control_shuffle32_transform,1,2,100,11.4932572842,1024,0.0890957171394,512,2909,true,1,0.0114932572842
fp16,1,1,1,256,1,shuffle32_transform,1,3,100,11.6843426228,1024,0.0876386488364,512,2909,true,1,0.0116843426228
fp16,1,1,1,256,1,baseline_split,1,4,100,100.607309341,1668,0.0165793122877,512,2909,true,1,0.100607309341
fp16,1,1,1,256,1,control_optimized_split,1,5,100,66.9001150131,1668,0.0249326925622,512,2909,true,1,0.0669001150131
fp16,1,1,1,256,1,optimized_split,1,6,100,35.690972805,1668,0.0467345064847,512,2909,true,1,0.035690972805
fp16,1,1,1,256,1,control_shuffle32_split,1,7,100,302.667655945,1668,0.00551099520295,512,2909,true,1,0.302667655945
fp16,1,1,1,256,1,shuffle32_split,1,8,100,67.7796602249,1668,0.0246091525756,512,2909,true,1,0.0677796602249
fp16,1,1,1,256,1,baseline_fused,1,9,100,96.1572551727,644,0.00669736255307,512,2909,true,1,0.0961572551727
fp16,1,1,1,256,1,control_optimized_fused,1,10,100,61.298289299,644,0.0105060028161,512,2909,true,1,0.061298289299
fp16,1,1,1,256,1,optimized_fused,1,11,100,29.7597718239,644,0.0216399508642,512,2909,true,1,0.0297597718239
fp16,1,1,1,256,1,control_shuffle32_fused,1,12,100,299.444103241,644,0.00215065180122,512,2909,true,1,0.299444103241
fp16,1,1,1,256,1,shuffle32_fused,1,13,100,61.6758871078,644,0.010441681996,512,2909,true,1,0.0616758871078
fp16,1,1,1,256,1,baseline_transform,1,14,100,9.93462860584,1024,0.103073807852,512,2909,true,1,0.00993462860584
fp16,1,1,1,256,1,optimized_transform,2,0,100,10.626513958,1024,0.0963627398458,512,2909,true,1,0.010626513958
fp16,1,1,1,256,1,control_shuffle32_transform,2,1,100,11.454628706,1024,0.089396175667,512,2909,true,1,0.011454628706
fp16,1,1,1,256,1,shuffle32_transform,2,2,100,11.613714695,1024,0.0881716166528,512,2909,true,1,0.011613714695
fp16,1,1,1,256,1,baseline_split,2,3,100,100.593824387,1668,0.0165815348027,512,2909,true,1,0.100593824387
fp16,1,1,1,256,1,control_optimized_split,2,4,100,66.9563436508,1668,0.024911754571,512,2909,true,1,0.0669563436508
fp16,1,1,1,256,1,optimized_split,2,5,100,35.5423998833,1668,0.0469298642038,512,2909,true,1,0.0355423998833
fp16,1,1,1,256,1,control_shuffle32_split,2,6,100,302.625598907,1668,0.00551176108704,512,2909,true,1,0.302625598907
fp16,1,1,1,256,1,shuffle32_split,2,7,100,68.3968019485,1668,0.0243871051348,512,2909,true,1,0.0683968019485
fp16,1,1,1,256,1,baseline_fused,2,8,100,96.1385154724,644,0.00669866802951,512,2909,true,1,0.0961385154724
fp16,1,1,1,256,1,control_optimized_fused,2,9,100,61.2827444077,644,0.0105086677535,512,2909,true,1,0.0612827444077
fp16,1,1,1,256,1,optimized_fused,2,10,100,29.7609138489,644,0.0216391204675,512,2909,true,1,0.0297609138489
fp16,1,1,1,256,1,control_shuffle32_fused,2,11,100,299.445953369,644,0.00215063851341,512,2909,true,1,0.299445953369
fp16,1,1,1,256,1,shuffle32_fused,2,12,100,61.6724538803,644,0.0104422632712,512,2909,true,1,0.0616724538803
fp16,1,1,1,256,1,baseline_transform,2,13,100,9.76068556309,1024,0.10491066364,512,2909,true,1,0.00976068556309
fp16,1,1,1,256,1,control_optimized_transform,2,14,100,10.5584001541,1024,0.0969843901589,512,2909,true,1,0.0105584001541
fp16,1,1,1,256,1,control_shuffle32_transform,3,0,100,11.566400528,1024,0.0885322964154,512,2909,true,1,0.011566400528
fp16,1,1,1,256,1,shuffle32_transform,3,1,100,11.5936005116,1024,0.0883245889816,512,2909,true,1,0.0115936005116
fp16,1,1,1,256,1,baseline_split,3,2,100,100.600004196,1668,0.016580516207,512,2909,true,1,0.100600004196
fp16,1,1,1,256,1,control_optimized_split,3,3,100,66.982626915,1668,0.0249019794658,512,2909,true,1,0.066982626915
fp16,1,1,1,256,1,optimized_split,3,4,100,35.4745149612,1668,0.0470196703696,512,2909,true,1,0.0354745149612
fp16,1,1,1,256,1,control_shuffle32_split,3,5,100,303.309020996,1668,0.00549934187424,512,2909,true,1,0.303309020996
fp16,1,1,1,256,1,shuffle32_split,3,6,100,67.7885723114,1668,0.0246059172383,512,2909,true,1,0.0677885723114
fp16,1,1,1,256,1,baseline_fused,3,7,100,96.1460590363,644,0.00669814245592,512,2909,true,1,0.0961460590363
fp16,1,1,1,256,1,control_optimized_fused,3,8,100,61.2971401215,644,0.010506199779,512,2909,true,1,0.0612971401215
fp16,1,1,1,256,1,optimized_fused,3,9,100,29.7746300697,644,0.0216291520161,512,2909,true,1,0.0297746300697
fp16,1,1,1,256,1,control_shuffle32_fused,3,10,100,299.447784424,644,0.00215062536275,512,2909,true,1,0.299447784424
fp16,1,1,1,256,1,shuffle32_fused,3,11,100,61.6747426987,644,0.0104418757472,512,2909,true,1,0.0616747426987
fp16,1,1,1,256,1,baseline_transform,3,12,100,9.90651428699,1024,0.103366327483,512,2909,true,1,0.00990651428699
fp16,1,1,1,256,1,control_optimized_transform,3,13,100,10.5872011185,1024,0.0967205580154,512,2909,true,1,0.0105872011185
fp16,1,1,1,256,1,optimized_transform,3,14,100,10.5762279034,1024,0.0968209090572,512,2909,true,1,0.0105762279034
fp16,1,1,1,256,1,shuffle32_transform,4,0,100,11.1074280739,1024,0.0921905587134,512,2909,true,1,0.0111074280739
fp16,1,1,1,256,1,baseline_split,4,1,100,100.596570969,1668,0.016581082078,512,2909,true,1,0.100596570969
fp16,1,1,1,256,1,control_optimized_split,4,2,100,66.9101715088,1668,0.024928945217,512,2909,true,1,0.0669101715088
fp16,1,1,1,256,1,optimized_split,4,3,100,35.4717707634,1668,0.0470233079461,512,2909,true,1,0.0354717707634
fp16,1,1,1,256,1,control_shuffle32_split,4,4,100,302.605476379,1668,0.00551212760574,512,2909,true,1,0.302605476379
fp16,1,1,1,256,1,shuffle32_split,4,5,100,67.7771425247,1668,0.0246100667255,512,2909,true,1,0.0677771425247
fp16,1,1,1,256,1,baseline_fused,4,6,100,96.1437702179,644,0.00669830191327,512,2909,true,1,0.0961437702179
fp16,1,1,1,256,1,control_optimized_fused,4,7,100,61.2459421158,644,0.0105149823442,512,2909,true,1,0.0612459421158
fp16,1,1,1,256,1,optimized_fused,4,8,100,29.7247982025,644,0.021665412011,512,2909,true,1,0.0297247982025
fp16,1,1,1,256,1,control_shuffle32_fused,4,9,100,299.402503967,644,0.00215095061486,512,2909,true,1,0.299402503967
fp16,1,1,1,256,1,shuffle32_fused,4,10,100,61.6283416748,644,0.0104497376126,512,2909,true,1,0.0616283416748
fp16,1,1,1,256,1,baseline_transform,4,11,100,9.76662874222,1024,0.104846823508,512,2909,true,1,0.00976662874222
fp16,1,1,1,256,1,control_optimized_transform,4,12,100,10.7266283035,1024,0.0954633619274,512,2909,true,1,0.0107266283035
fp16,1,1,1,256,1,optimized_transform,4,13,100,10.6651425362,1024,0.0960137191348,512,2909,true,1,0.0106651425362
fp16,1,1,1,256,1,control_shuffle32_transform,4,14,100,11.5183997154,1024,0.0889012384792,512,2909,true,1,0.0115183997154
fp16,1,17,1,256,17,baseline_transform,0,0,100,10.1003420353,17408,1.72350599011,8704,2909,true,1,0.0101003420353
fp16,1,17,1,256,17,control_optimized_transform,0,1,100,10.6457138062,17408,1.63521209728,8704,2909,true,1,0.0106457138062
fp16,1,17,1,256,17,optimized_transform,0,2,100,10.780800581,17408,1.61472238256,8704,2909,true,1,0.010780800581
fp16,1,17,1,256,17,control_shuffle32_transform,0,3,100,11.5259432793,17408,1.51033191629,8704,2909,true,1,0.0115259432793
fp16,1,17,1,256,17,shuffle32_transform,0,4,100,10.8575999737,17408,1.60330091753,8704,2909,true,1,0.0108575999737
fp16,1,17,1,256,17,baseline_split,0,5,100,101.166391373,28356,0.280290713302,8704,2909,true,1,0.101166391373
fp16,1,17,1,256,17,control_optimized_split,0,6,100,67.3056030273,28356,0.421302220388,8704,2909,true,1,0.0673056030273
fp16,1,17,1,256,17,optimized_split,0,7,100,36.271314621,28356,0.781774807346,8704,2909,true,1,0.036271314621
fp16,1,17,1,256,17,control_shuffle32_split,0,8,100,303.201141357,28356,0.0935220753888,8704,2909,true,1,0.303201141357
fp16,1,17,1,256,17,shuffle32_split,0,9,100,68.0070829391,28356,0.416956569441,8704,2909,true,1,0.0680070829391
fp16,1,17,1,256,17,baseline_fused,0,10,100,96.5999984741,10948,0.113333335124,8704,2909,true,1,0.0965999984741
fp16,1,17,1,256,17,control_optimized_fused,0,11,100,61.6877698898,10948,0.177474400834,8704,2909,true,1,0.0616877698898
fp16,1,17,1,256,17,optimized_fused,0,12,100,30.5163407326,10948,0.358758610541,8704,2909,true,1,0.0305163407326
fp16,1,17,1,256,17,control_shuffle32_fused,0,13,100,299.925937653,10948,0.0365023448311,8704,2909,true,1,0.299925937653
fp16,1,17,1,256,17,shuffle32_fused,0,14,100,61.6237688065,10948,0.177658721822,8704,2909,true,1,0.0616237688065
fp16,1,17,1,256,17,control_optimized_transform,1,0,100,10.7888007164,17408,1.61352503004,8704,2909,true,1,0.0107888007164
fp16,1,17,1,256,17,optimized_transform,1,1,100,10.7410287857,17408,1.62070136365,8704,2909,true,1,0.0107410287857
fp16,1,17,1,256,17,control_shuffle32_transform,1,2,100,11.7490291595,17408,1.48165433617,8704,2909,true,1,0.0117490291595
fp16,1,17,1,256,17,shuffle32_transform,1,3,100,11.8358850479,17408,1.4707814354,8704,2909,true,1,0.0118358850479
fp16,1,17,1,256,17,baseline_split,1,4,100,101.147661209,28356,0.280342616537,8704,2909,true,1,0.101147661209
fp16,1,17,1,256,17,control_optimized_split,1,5,100,67.4153184891,28356,0.42061656958,8704,2909,true,1,0.0674153184891
fp16,1,17,1,256,17,optimized_split,1,6,100,36.2740564346,28356,0.781715716055,8704,2909,true,1,0.0362740564346
fp16,1,17,1,256,17,control_shuffle32_split,1,7,100,303.8463974,28356,0.0933234694986,8704,2909,true,1,0.3038463974
fp16,1,17,1,256,17,shuffle32_split,1,8,100,68.1172609329,28356,0.416282152448,8704,2909,true,1,0.0681172609329
fp16,1,17,1,256,17,baseline_fused,1,9,100,96.6059398651,10948,0.113326364976,8704,2909,true,1,0.0966059398651
fp16,1,17,1,256,17,control_optimized_fused,1,10,100,61.6864013672,10948,0.177478338132,8704,2909,true,1,0.0616864013672
fp16,1,17,1,256,17,optimized_fused,1,11,100,30.4923439026,10948,0.359040945982,8704,2909,true,1,0.0304923439026
fp16,1,17,1,256,17,control_shuffle32_fused,1,12,100,299.882965088,10948,0.0365075755363,8704,2909,true,1,0.299882965088
fp16,1,17,1,256,17,shuffle32_fused,1,13,100,61.6025114059,10948,0.177720027157,8704,2909,true,1,0.0616025114059
fp16,1,17,1,256,17,baseline_transform,1,14,100,10.031542778,17408,1.73532629878,8704,2909,true,1,0.010031542778
fp16,1,17,1,256,17,optimized_transform,2,0,100,10.820800066,17408,1.60875350194,8704,2909,true,1,0.010820800066
fp16,1,17,1,256,17,control_shuffle32_transform,2,1,100,11.6891419888,17408,1.48924531987,8704,2909,true,1,0.0116891419888
fp16,1,17,1,256,17,shuffle32_transform,2,2,100,11.7485713959,17408,1.48171206638,8704,2909,true,1,0.0117485713959
fp16,1,17,1,256,17,baseline_split,2,3,100,101.207771301,28356,0.28017611331,8704,2909,true,1,0.101207771301
fp16,1,17,1,256,17,control_optimized_split,2,4,100,67.2598838806,28356,0.421588595816,8704,2909,true,1,0.0672598838806
fp16,1,17,1,256,17,optimized_split,2,5,100,36.2614870071,28356,0.781986684507,8704,2909,true,1,0.0362614870071
fp16,1,17,1,256,17,control_shuffle32_split,2,6,100,303.233833313,28356,0.0935119926764,8704,2909,true,1,0.303233833313
fp16,1,17,1,256,17,shuffle32_split,2,7,100,68.086400032,28356,0.416470836858,8704,2909,true,1,0.068086400032
fp16,1,17,1,256,17,baseline_fused,2,8,100,96.6063976288,10948,0.113325827986,8704,2909,true,1,0.0966063976288
fp16,1,17,1,256,17,control_optimized_fused,2,9,100,61.6937112808,10948,0.177457309225,8704,2909,true,1,0.0616937112808
fp16,1,17,1,256,17,optimized_fused,2,10,100,30.5190873146,10948,0.358726323862,8704,2909,true,1,0.0305190873146
fp16,1,17,1,256,17,control_shuffle32_fused,2,11,100,299.921836853,10948,0.0365028439238,8704,2909,true,1,0.299921836853
fp16,1,17,1,256,17,shuffle32_fused,2,12,100,61.6020584106,10948,0.177721334034,8704,2909,true,1,0.0616020584106
fp16,1,17,1,256,17,baseline_transform,2,13,100,10.1410281658,17408,1.71659122876,8704,2909,true,1,0.0101410281658
fp16,1,17,1,256,17,control_optimized_transform,2,14,100,10.6461715698,17408,1.63514178649,8704,2909,true,1,0.0106461715698
fp16,1,17,1,256,17,control_shuffle32_transform,3,0,100,11.6804563999,17408,1.49035272287,8704,2909,true,1,0.0116804563999
fp16,1,17,1,256,17,shuffle32_transform,3,1,100,11.8891429901,17408,1.46419300487,8704,2909,true,1,0.0118891429901
fp16,1,17,1,256,17,baseline_split,3,2,100,101.200914383,28356,0.280195096782,8704,2909,true,1,0.101200914383
fp16,1,17,1,256,17,control_optimized_split,3,3,100,67.2765731812,28356,0.421484012327,8704,2909,true,1,0.0672765731812
fp16,1,17,1,256,17,optimized_split,3,4,100,36.2909722328,28356,0.781351345951,8704,2909,true,1,0.0362909722328
fp16,1,17,1,256,17,control_shuffle32_split,3,5,100,303.802757263,28356,0.093336875068,8704,2909,true,1,0.303802757263
fp16,1,17,1,256,17,shuffle32_split,3,6,100,68.0758857727,28356,0.416535160404,8704,2909,true,1,0.0680758857727
fp16,1,17,1,256,17,baseline_fused,3,7,100,96.6022777557,10948,0.113330661081,8704,2909,true,1,0.0966022777557
fp16,1,17,1,256,17,control_optimized_fused,3,8,100,61.6841173172,10948,0.17748490983,8704,2909,true,1,0.0616841173172
fp16,1,17,1,256,17,optimized_fused,3,9,100,30.4985141754,10948,0.358968307014,8704,2909,true,1,0.0304985141754
fp16,1,17,1,256,17,control_shuffle32_fused,3,10,100,299.930744171,10948,0.0365017598654,8704,2909,true,1,0.299930744171
fp16,1,17,1,256,17,shuffle32_fused,3,11,100,61.6068601608,10948,0.177707482112,8704,2909,true,1,0.0616068601608
fp16,1,17,1,256,17,baseline_transform,3,12,100,10.1620578766,17408,1.71303885605,8704,2909,true,1,0.0101620578766
fp16,1,17,1,256,17,control_optimized_transform,3,13,100,10.6692564487,17408,1.63160385952,8704,2909,true,1,0.0106692564487
fp16,1,17,1,256,17,optimized_transform,3,14,100,10.7428574562,17408,1.62042548465,8704,2909,true,1,0.0107428574562
fp16,1,17,1,256,17,shuffle32_transform,4,0,100,11.8445706367,17408,1.4697029157,8704,2909,true,1,0.0118445706367
fp16,1,17,1,256,17,baseline_split,4,1,100,101.216230392,28356,0.280152697745,8704,2909,true,1,0.101216230392
fp16,1,17,1,256,17,control_optimized_split,4,2,100,67.288684845,28356,0.42140814708,8704,2909,true,1,0.067288684845
fp16,1,17,1,256,17,optimized_split,4,3,100,36.2315416336,28356,0.782632996596,8704,2909,true,1,0.0362315416336
fp16,1,17,1,256,17,control_shuffle32_split,4,4,100,303.231525421,28356,0.0935127043952,8704,2909,true,1,0.303231525421
fp16,1,17,1,256,17,shuffle32_split,4,5,100,68.0198860168,28356,0.416878087578,8704,2909,true,1,0.0680198860168
fp16,1,17,1,256,17,baseline_fused,4,6,100,96.5922355652,10948,0.113342443478,8704,2909,true,1,0.0965922355652
fp16,1,17,1,256,17,control_optimized_fused,4,7,100,61.6838884354,10948,0.177485568399,8704,2909,true,1,0.0616838884354
fp16,1,17,1,256,17,optimized_fused,4,8,100,30.4603433609,10948,0.359418141493,8704,2909,true,1,0.0304603433609
fp16,1,17,1,256,17,control_shuffle32_fused,4,9,100,299.869728088,10948,0.036509187072,8704,2909,true,1,0.299869728088
fp16,1,17,1,256,17,shuffle32_fused,4,10,100,61.5599966049,10948,0.177842764844,8704,2909,true,1,0.0615599966049
fp16,1,17,1,256,17,baseline_transform,4,11,100,9.9401140213,17408,1.75128775814,8704,2909,true,1,0.0099401140213
fp16,1,17,1,256,17,control_optimized_transform,4,12,100,10.670170784,17408,1.63146404612,8704,2909,true,1,0.010670170784
fp16,1,17,1,256,17,optimized_transform,4,13,100,10.7129144669,17408,1.62495463339,8704,2909,true,1,0.0107129144669
fp16,1,17,1,256,17,control_shuffle32_transform,4,14,100,11.6370284557,17408,1.49591453404,8704,2909,true,1,0.0116370284557
fp16,1,257,1,256,257,baseline_transform,0,0,100,10.5613720417,263168,24.9179745738,131584,2909,true,1,0.0105613720417
fp16,1,257,1,256,257,control_optimized_transform,0,1,100,10.9625136852,263168,24.0061729961,131584,2909,true,1,0.0109625136852
fp16,1,257,1,256,257,optimized_transform,0,2,100,10.917943716,263168,24.1041726212,131584,2909,true,1,0.010917943716
fp16,1,257,1,256,257,control_shuffle32_transform,0,3,100,13.7695991993,263168,19.1122483807,131584,2909,true,1,0.0137695991993
fp16,1,257,1,256,257,shuffle32_transform,0,4,100,13.8639998436,263168,18.9821121587,131584,2909,true,1,0.0138639998436
fp16,1,257,1,256,257,baseline_split,0,5,100,103.906974792,428676,4.1255748313,131584,2909,true,1,0.103906974792
fp16,1,257,1,256,257,control_optimized_split,0,6,100,69.7524547577,428676,6.14567618429,131584,2909,true,1,0.0697524547577
fp16,1,257,1,256,257,optimized_split,0,7,100,37.0480012894,428676,11.5708266325,131584,2909,true,1,0.0370480012894
fp16,1,257,1,256,257,control_shuffle32_split,0,8,100,326.249389648,428676,1.31395188344,131584,2909,true,1,0.326249389648
fp16,1,257,1,256,257,shuffle32_split,0,9,100,76.6569137573,428676,5.59213747317,131584,2909,true,1,0.0766569137573
fp16,1,257,1,256,257,baseline_fused,0,10,100,98.9545154572,165508,1.67256642343,131584,2909,true,1,0.0989545154572
fp16,1,257,1,256,257,control_optimized_fused,0,11,100,64.0011453629,165508,2.58601621989,131584,2909,true,1,0.0640011453629
fp16,1,257,1,256,257,optimized_fused,0,12,100,30.8699440956,165508,5.36146095657,131584,2909,true,1,0.0308699440956
fp16,1,257,1,256,257,control_shuffle32_fused,0,13,100,320.788574219,165508,0.515941069295,131584,2909,true,1,0.320788574219
fp16,1,257,1,256,257,shuffle32_fused,0,14,100,68.0482292175,165508,2.43221611941,131584,2909,true,1,0.0680482292175
fp16,1,257,1,256,257,control_optimized_transform,1,0,100,11.0557711124,263168,23.8036765888,131584,2909,true,1,0.0110557711124
fp16,1,257,1,256,257,optimized_transform,1,1,100,11.0399997234,263168,23.8376817566,131584,2909,true,1,0.0110399997234
fp16,1,257,1,256,257,control_shuffle32_transform,1,2,100,13.9220571518,263168,18.9029535744,131584,2909,true,1,0.0139220571518
fp16,1,257,1,256,257,shuffle32_transform,1,3,100,13.9003431797,263168,18.9324822127,131584,2909,true,1,0.0139003431797
fp16,1,257,1,256,257,baseline_split,1,4,100,103.94194603,428676,4.12418678286,131584,2909,true,1,0.10394194603
fp16,1,257,1,256,257,control_optimized_split,1,5,100,69.6498298645,428676,6.15473147363,131584,2909,true,1,0.0696498298645
fp16,1,257,1,256,257,optimized_split,1,6,100,37.5236558914,428676,11.4241533725,131584,2909,true,1,0.0375236558914
fp16,1,257,1,256,257,control_shuffle32_split,1,7,100,326.259002686,428676,1.31391316859,131584,2909,true,1,0.326259002686
fp16,1,257,1,256,257,shuffle32_split,1,8,100,76.6557741165,428676,5.59222061144,131584,2909,true,1,0.0766557741165
fp16,1,257,1,256,257,baseline_fused,1,9,100,98.9654827118,165508,1.67238107131,131584,2909,true,1,0.0989654827118
fp16,1,257,1,256,257,control_optimized_fused,1,10,100,63.946056366,165508,2.5882440514,131584,2909,true,1,0.063946056366
fp16,1,257,1,256,257,optimized_fused,1,11,100,30.9115433693,165508,5.35424575935,131584,2909,true,1,0.0309115433693
fp16,1,257,1,256,257,control_shuffle32_fused,1,12,100,320.838851929,165508,0.515860217692,131584,2909,true,1,0.320838851929
fp16,1,257,1,256,257,shuffle32_fused,1,13,100,68.0404567719,165508,2.43249395804,131584,2909,true,1,0.0680404567719
fp16,1,257,1,256,257,baseline_transform,1,14,100,10.494171381,263168,25.0775397547,131584,2909,true,1,0.010494171381
fp16,1,257,1,256,257,optimized_transform,2,0,100,11.1606860161,263168,23.579912527,131584,2909,true,1,0.0111606860161
fp16,1,257,1,256,257,control_shuffle32_transform,2,1,100,13.6925709248,263168,19.2197653345,131584,2909,true,1,0.0136925709248
fp16,1,257,1,256,257,shuffle32_transform,2,2,100,13.9954292774,263168,18.8038533712,131584,2909,true,1,0.0139954292774
fp16,1,257,1,256,257,baseline_split,2,3,100,103.938970566,428676,4.12430484607,131584,2909,true,1,0.103938970566
fp16,1,257,1,256,257,control_optimized_split,2,4,100,69.708571434,428676,6.1495450442,131584,2909,true,1,0.069708571434
fp16,1,257,1,256,257,optimized_split,2,5,100,36.9750857353,428676,11.593644517,131584,2909,true,1,0.0369750857353
fp16,1,257,1,256,257,control_shuffle32_split,2,6,100,325.73802948,428676,1.31601459211,131584,2909,true,1,0.32573802948
fp16,1,257,1,256,257,shuffle32_split,2,7,100,76.6461706161,428676,5.59292129736,131584,2909,true,1,0.0766461706161
fp16,1,257,1,256,257,baseline_fused,2,8,100,98.9558792114,165508,1.67254337306,131584,2909,true,1,0.0989558792114
fp16,1,257,1,256,257,control_optimized_fused,2,9,100,63.990855217,165508,2.58643206813,131584,2909,true,1,0.063990855217
fp16,1,257,1,256,257,optimized_fused,2,10,100,30.8500576019,165508,5.36491704928,131584,2909,true,1,0.0308500576019
fp16,1,257,1,256,257,control_shuffle32_fused,2,11,100,320.834083557,165508,0.515867884624,131584,2909,true,1,0.320834083557
fp16,1,257,1,256,257,shuffle32_fused,2,12,100,67.984457016,165508,2.43449763762,131584,2909,true,1,0.067984457016
fp16,1,257,1,256,257,baseline_transform,2,13,100,10.537828207,263168,24.9736468303,131584,2909,true,1,0.010537828207
fp16,1,257,1,256,257,control_optimized_transform,2,14,100,11.0859417915,263168,23.7388942635,131584,2909,true,1,0.0110859417915
fp16,1,257,1,256,257,control_shuffle32_transform,3,0,100,13.7245714664,263168,19.1749520663,131584,2909,true,1,0.0137245714664
fp16,1,257,1,256,257,shuffle32_transform,3,1,100,13.8297140598,263168,19.0291714537,131584,2909,true,1,0.0138297140598
fp16,1,257,1,256,257,baseline_split,3,2,100,103.859424591,428676,4.1274636528,131584,2909,true,1,0.103859424591
fp16,1,257,1,256,257,control_optimized_split,3,3,100,69.7295999527,428676,6.1476905115,131584,2909,true,1,0.0697295999527
fp16,1,257,1,256,257,optimized_split,3,4,100,37.0047998428,428676,11.5843350544,131584,2909,true,1,0.0370047998428
fp16,1,257,1,256,257,control_shuffle32_split,3,5,100,326.327095032,428676,1.31363900371,131584,2909,true,1,0.326327095032
fp16,1,257,1,256,257,shuffle32_split,3,6,100,76.687541008,428676,5.58990410131,131584,2909,true,1,0.076687541008
fp16,1,257,1,256,257,baseline_fused,3,7,100,98.9485740662,165508,1.67266685308,131584,2909,true,1,0.0989485740662
fp16,1,257,1,256,257,control_optimized_fused,3,8,100,63.9901733398,165508,2.58645962906,131584,2909,true,1,0.0639901733398
fp16,1,257,1,256,257,optimized_fused,3,9,100,30.8761143684,165508,5.36038952392,131584,2909,true,1,0.0308761143684
fp16,1,257,1,256,257,control_shuffle32_fused,3,10,100,320.822181702,165508,0.515887022282,131584,2909,true,1,0.320822181702
fp16,1,257,1,256,257,shuffle32_fused,3,11,100,68.0480003357,165508,2.43222430025,131584,2909,true,1,0.0680480003357
fp16,1,257,1,256,257,baseline_transform,3,12,100,10.534170866,263168,24.9823173886,131584,2909,true,1,0.010534170866
fp16,1,257,1,256,257,control_optimized_transform,3,13,100,11.1282289028,263168,23.6486868035,131584,2909,true,1,0.0111282289028
fp16,1,257,1,256,257,optimized_transform,3,14,100,11.0800004005,263168,23.7516236901,131584,2909,true,1,0.0110800004005
fp16,1,257,1,256,257,shuffle32_transform,4,0,100,13.9794290066,263168,18.8253754768,131584,2909,true,1,0.0139794290066
fp16,1,257,1,256,257,baseline_split,4,1,100,103.85966301,428676,4.12745417786,131584,2909,true,1,0.10385966301
fp16,1,257,1,256,257,control_optimized_split,4,2,100,69.6388578415,428676,6.15570118878,131584,2909,true,1,0.0696388578415
fp16,1,257,1,256,257,optimized_split,4,3,100,36.9307422638,428676,11.6075652349,131584,2909,true,1,0.0369307422638
fp16,1,257,1,256,257,control_shuffle32_split,4,4,100,325.734176636,428676,1.31603015817,131584,2909,true,1,0.325734176636
fp16,1,257,1,256,257,shuffle32_split,4,5,100,76.6123390198,428676,5.59539110129,131584,2909,true,1,0.0766123390198
fp16,1,257,1,256,257,baseline_fused,4,6,100,98.9485740662,165508,1.67266685308,131584,2909,true,1,0.0989485740662
fp16,1,257,1,256,257,control_optimized_fused,4,7,100,63.9915418625,165508,2.58640431505,131584,2909,true,1,0.0639915418625
fp16,1,257,1,256,257,optimized_fused,4,8,100,30.8989715576,165508,5.35642423216,131584,2909,true,1,0.0308989715576
fp16,1,257,1,256,257,control_shuffle32_fused,4,9,100,320.770950317,165508,0.515969416296,131584,2909,true,1,0.320770950317
fp16,1,257,1,256,257,shuffle32_fused,4,10,100,68.0505180359,165508,2.43213431399,131584,2909,true,1,0.0680505180359
fp16,1,257,1,256,257,baseline_transform,4,11,100,10.4838860035,263168,25.1021424606,131584,2909,true,1,0.0104838860035
fp16,1,257,1,256,257,control_optimized_transform,4,12,100,11.0352003574,263168,23.8480491043,131584,2909,true,1,0.0110352003574
fp16,1,257,1,256,257,optimized_transform,4,13,100,11.1190855503,263168,23.6681333918,131584,2909,true,1,0.0111190855503
fp16,1,257,1,256,257,control_shuffle32_transform,4,14,100,13.7705147266,263168,19.1109777103,131584,2909,true,1,0.0137705147266
fp16,4,64,16,256,4096,baseline_transform,0,0,100,49.1506290436,4194304,85.3357135324,2097152,2909,true,1,0.0491506290436
fp16,4,64,16,256,4096,control_optimized_transform,0,1,100,37.4077701569,4194304,112.123871121,2097152,2909,true,1,0.0374077701569
fp16,4,64,16,256,4096,optimized_transform,0,2,100,37.4717712402,4194304,111.93236565,2097152,2909,true,1,0.0374717712402
fp16,4,64,16,256,4096,control_shuffle32_transform,0,3,100,22.3076581955,4194304,188.020811653,2097152,2909,true,1,0.0223076581955
fp16,4,64,16,256,4096,shuffle32_transform,0,4,100,22.4651408195,4194304,186.702769134,2097152,2909,true,1,0.0224651408195
fp16,4,64,16,256,4096,baseline_split,0,5,100,1140.87226868,6832128,5.9885126386,2097152,2909,true,1,1.14087226868
fp16,4,64,16,256,4096,control_optimized_split,0,6,100,503.423118591,6832128,13.5713433644,2097152,2909,true,1,0.503423118591
fp16,4,64,16,256,4096,optimized_split,0,7,100,189.060115814,6832128,36.1373310842,2097152,2909,true,1,0.189060115814
fp16,4,64,16,256,4096,control_shuffle32_split,0,8,100,841.548614502,6832128,8.11851850537,2097152,2909,true,1,0.841548614502
fp16,4,64,16,256,4096,shuffle32_split,0,9,100,149.067878723,6832128,45.832328591,2097152,2909,true,1,0.149067878723
fp16,4,64,16,256,4096,baseline_fused,0,10,100,1131.46903992,2637824,2.33132671504,2097152,2909,true,1,1.13146903992
fp16,4,64,16,256,4096,control_optimized_fused,0,11,100,496.45690918,2637824,5.31329900184,2097152,2909,true,1,0.49645690918
fp16,4,64,16,256,4096,optimized_fused,0,12,100,171.303081512,2637824,15.3985788038,2097152,2909,true,1,0.171303081512
fp16,4,64,16,256,4096,control_shuffle32_fused,0,13,100,976.572570801,2637824,2.70110392087,2097152,2909,true,1,0.976572570801
fp16,4,64,16,256,4096,shuffle32_fused,0,14,100,131.657371521,2637824,20.0355207576,2097152,2909,true,1,0.131657371521
fp16,4,64,16,256,4096,control_optimized_transform,1,0,100,37.4262857437,4194304,112.068401036,2097152,2909,true,1,0.0374262857437
fp16,4,64,16,256,4096,optimized_transform,1,1,100,37.4475431442,4194304,112.004784502,2097152,2909,true,1,0.0374475431442
fp16,4,64,16,256,4096,control_shuffle32_transform,1,2,100,23.6507439613,4194304,177.343427626,2097152,2909,true,1,0.0236507439613
fp16,4,64,16,256,4096,shuffle32_transform,1,3,100,22.3446846008,4194304,187.709250541,2097152,2909,true,1,0.0223446846008
fp16,4,64,16,256,4096,baseline_split,1,4,100,1140.34446716,6832128,5.99128438532,2097152,2909,true,1,1.14034446716
fp16,4,64,16,256,4096,control_optimized_split,1,5,100,502.738075256,6832128,13.5898360126,2097152,2909,true,1,0.502738075256
fp16,4,64,16,256,4096,optimized_split,1,6,100,188.859672546,6832128,36.1756848769,2097152,2909,true,1,0.188859672546
fp16,4,64,16,256,4096,control_shuffle32_split,1,7,100,843.81942749,6832128,8.09667065894,2097152,2909,true,1,0.84381942749
fp16,4,64,16,256,4096,shuffle32_split,1,8,100,149.474058151,6832128,45.7077842437,2097152,2909,true,1,0.149474058151
fp16,4,64,16,256,4096,baseline_fused,1,9,100,1131.60980225,2637824,2.33103671846,2097152,2909,true,1,1.13160980225
fp16,4,64,16,256,4096,control_optimized_fused,1,10,100,495.686149597,2637824,5.3215608347,2097152,2909,true,1,0.495686149597
fp16,4,64,16,256,4096,optimized_fused,1,11,100,171.362953186,2637824,15.3931987688,2097152,2909,true,1,0.171362953186
fp16,4,64,16,256,4096,control_shuffle32_fused,1,12,100,979.061050415,2637824,2.69423852464,2097152,2909,true,1,0.979061050415
fp16,4,64,16,256,4096,shuffle32_fused,1,13,100,131.344003677,2637824,20.0833226196,2097152,2909,true,1,0.131344003677
fp16,4,64,16,256,4096,baseline_transform,1,14,100,49.1915416718,4194304,85.2647397796,2097152,2909,true,1,0.0491915416718
fp16,4,64,16,256,4096,optimized_transform,2,0,100,37.4660563469,4194304,111.949439278,2097152,2909,true,1,0.0374660563469
fp16,4,64,16,256,4096,control_shuffle32_transform,2,1,100,23.1392002106,4194304,181.264000563,2097152,2909,true,1,0.0231392002106
fp16,4,64,16,256,4096,shuffle32_transform,2,2,100,22.3981714249,4194304,187.261000929,2097152,2909,true,1,0.0223981714249
fp16,4,64,16,256,4096,baseline_split,2,3,100,1140.56427002,6832128,5.99012978013,2097152,2909,true,1,1.14056427002
fp16,4,64,16,256,4096,control_optimized_split,2,4,100,503.74786377,6832128,13.562594487,2097152,2909,true,1,0.50374786377
fp16,4,64,16,256,4096,optimized_split,2,5,100,188.896007538,6832128,36.1687263222,2097152,2909,true,1,0.188896007538
fp16,4,64,16,256,4096,control_shuffle32_split,2,6,100,841.07131958,6832128,8.12312563863,2097152,2909,true,1,0.84107131958
fp16,4,64,16,256,4096,shuffle32_split,2,7,100,149.548578262,6832128,45.6850080381,2097152,2909,true,1,0.149548578262
fp16,4,64,16,256,4096,baseline_fused,2,8,100,1130.44578552,2637824,2.33343698016,2097152,2909,true,1,1.13044578552
fp16,4,64,16,256,4096,control_optimized_fused,2,9,100,495.312004089,2637824,5.32558060015,2097152,2909,true,1,0.495312004089
fp16,4,64,16,256,4096,optimized_fused,2,10,100,171.252803802,2637824,15.4030996365,2097152,2909,true,1,0.171252803802
fp16,4,64,16,256,4096,control_shuffle32_fused,2,11,100,986.292572021,2637824,2.67448430093,2097152,2909,true,1,0.986292572021
fp16,4,64,16,256,4096,shuffle32_fused,2,12,100,131.637029648,2637824,20.0386168471,2097152,2909,true,1,0.131637029648
fp16,4,64,16,256,4096,baseline_transform,2,13,100,49.1979455948,4194304,85.2536411692,2097152,2909,true,1,0.0491979455948
fp16,4,64,16,256,4096,control_optimized_transform,2,14,100,37.4555420876,4194304,111.980864946,2097152,2909,true,1,0.0374555420876
fp16,4,64,16,256,4096,control_shuffle32_transform,3,0,100,22.1874284744,4194304,189.039662926,2097152,2909,true,1,0.0221874284744
fp16,4,64,16,256,4096,shuffle32_transform,3,1,100,23.0555415154,4194304,181.921730062,2097152,2909,true,1,0.0230555415154
fp16,4,64,16,256,4096,baseline_split,3,2,100,1140.6137085,6832128,5.98987014544,2097152,2909,true,1,1.1406137085
fp16,4,64,16,256,4096,control_optimized_split,3,3,100,503.375091553,6832128,13.5726382069,2097152,2909,true,1,0.503375091553
fp16,4,64,16,256,4096,optimized_split,3,4,100,188.962974548,6832128,36.1559084066,2097152,2909,true,1,0.188962974548
fp16,4,64,16,256,4096,control_shuffle32_split,3,5,100,843.381500244,6832128,8.10087486864,2097152,2909,true,1,0.843381500244
fp16,4,64,16,256,4096,shuffle32_split,3,6,100,149.141483307,6832128,45.8097093345,2097152,2909,true,1,0.149141483307
fp16,4,64,16,256,4096,baseline_fused,3,7,100,1130.66192627,2637824,2.3329909133,2097152,2909,true,1,1.13066192627
fp16,4,64,16,256,4096,control_optimized_fused,3,8,100,494.748802185,2637824,5.3316430244,2097152,2909,true,1,0.494748802185
fp16,4,64,16,256,4096,optimized_fused,3,9,100,171.619205475,2637824,15.3702144973,2097152,2909,true,1,0.171619205475
fp16,4,64,16,256,4096,control_shuffle32_fused,3,10,100,964.209365845,2637824,2.7357377904,2097152,2909,true,1,0.964209365845
fp16,4,64,16,256,4096,shuffle32_fused,3,11,100,131.236572266,2637824,20.099763004,2097152,2909,true,1,0.131236572266
fp16,4,64,16,256,4096,baseline_transform,3,12,100,49.1430854797,4194304,85.3488127385,2097152,2909,true,1,0.0491430854797
fp16,4,64,16,256,4096,control_optimized_transform,3,13,100,37.4205708504,4194304,112.085516193,2097152,2909,true,1,0.0374205708504
fp16,4,64,16,256,4096,optimized_transform,3,14,100,37.4575996399,4194304,111.974713818,2097152,2909,true,1,0.0374575996399
fp16,4,64,16,256,4096,shuffle32_transform,4,0,100,22.2230863571,4194304,188.736340785,2097152,2909,true,1,0.0222230863571
fp16,4,64,16,256,4096,baseline_split,4,1,100,1141.64161682,6832128,5.98447700166,2097152,2909,true,1,1.14164161682
fp16,4,64,16,256,4096,control_optimized_split,4,2,100,503.916320801,6832128,13.5580605707,2097152,2909,true,1,0.503916320801
fp16,4,64,16,256,4096,optimized_split,4,3,100,188.911323547,6832128,36.1657939382,2097152,2909,true,1,0.188911323547
fp16,4,64,16,256,4096,control_shuffle32_split,4,4,100,842.629013062,6832128,8.10810913711,2097152,2909,true,1,0.842629013062
fp16,4,64,16,256,4096,shuffle32_split,4,5,100,149.184913635,6832128,45.7963733297,2097152,2909,true,1,0.149184913635
fp16,4,64,16,256,4096,baseline_fused,4,6,100,1128.70559692,2637824,2.33703457056,2097152,2909,true,1,1.12870559692
fp16,4,64,16,256,4096,control_optimized_fused,4,7,100,493.025131226,2637824,5.35028304428,2097152,2909,true,1,0.493025131226
fp16,4,64,16,256,4096,optimized_fused,4,8,100,171.149253845,2637824,15.4124189311,2097152,2909,true,1,0.171149253845
fp16,4,64,16,256,4096,control_shuffle32_fused,4,9,100,983.843460083,2637824,2.68114197738,2097152,2909,true,1,0.983843460083
fp16,4,64,16,256,4096,shuffle32_fused,4,10,100,131.703777313,2637824,20.028461247,2097152,2909,true,1,0.131703777313
fp16,4,64,16,256,4096,baseline_transform,4,11,100,49.1636562347,4194304,85.3131016126,2097152,2909,true,1,0.0491636562347
fp16,4,64,16,256,4096,control_optimized_transform,4,12,100,37.3808002472,4194304,112.204767481,2097152,2909,true,1,0.0373808002472
fp16,4,64,16,256,4096,optimized_transform,4,13,100,37.4564576149,4194304,111.97812786,2097152,2909,true,1,0.0374564576149
fp16,4,64,16,256,4096,control_shuffle32_transform,4,14,100,22.4381709099,4194304,186.927179441,2097152,2909,true,1,0.0224381709099
fp16,16,64,16,256,16384,baseline_transform,0,0,100,170.561141968,16777216,98.364819832,8388608,2909,true,1,0.170561141968
fp16,16,64,16,256,16384,control_optimized_transform,0,1,100,120.800914764,16777216,138.88318671,8388608,2909,true,1,0.120800914764
fp16,16,64,16,256,16384,optimized_transform,0,2,100,120.864906311,16777216,138.809655441,8388608,2909,true,1,0.120864906311
fp16,16,64,16,256,16384,control_shuffle32_transform,0,3,100,43.4150886536,16777216,386.437446526,8388608,2909,true,1,0.0434150886536
fp16,16,64,16,256,16384,shuffle32_transform,0,4,100,43.5385131836,16777216,385.34195987,8388608,2909,true,1,0.0435385131836
fp16,16,64,16,256,16384,baseline_split,0,5,100,4265.48095703,27328512,6.4069004821,8388608,2909,true,1,4.26548095703
fp16,16,64,16,256,16384,control_optimized_split,0,6,100,1870.81970215,27328512,14.6077743187,8388608,2909,true,1,1.87081970215
fp16,16,64,16,256,16384,optimized_split,0,7,100,677.966156006,27328512,40.3095519709,8388608,2909,true,1,0.677966156006
fp16,16,64,16,256,16384,control_shuffle32_split,0,8,100,3182.34405518,27328512,8.58754161278,8388608,2909,true,1,3.18234405518
fp16,16,64,16,256,16384,shuffle32_split,0,9,100,436.499633789,27328512,62.6083274407,8388608,2909,true,1,0.436499633789
fp16,16,64,16,256,16384,baseline_fused,0,10,100,4260.15930176,10551296,2.4767374299,8388608,2909,true,1,4.26015930176
fp16,16,64,16,256,16384,control_optimized_fused,0,11,100,1824.02694702,10551296,5.78461629486,8388608,2909,true,1,1.82402694702
fp16,16,64,16,256,16384,optimized_fused,0,12,100,631.309242249,10551296,16.7133558229,8388608,2909,true,1,0.631309242249
fp16,16,64,16,256,16384,control_shuffle32_fused,0,13,100,2908.30657959,10551296,3.6279861532,8388608,2909,true,1,2.90830657959
fp16,16,64,16,256,16384,shuffle32_fused,0,14,100,391.983985901,10551296,26.9176710772,8388608,2909,true,1,0.391983985901
fp16,16,64,16,256,16384,control_optimized_transform,1,0,100,120.789260864,16777216,138.896586335,8388608,2909,true,1,0.120789260864
fp16,16,64,16,256,16384,optimized_transform,1,1,100,120.907201767,16777216,138.761097394,8388608,2909,true,1,0.120907201767
fp16,16,64,16,256,16384,control_shuffle32_transform,1,2,100,43.4111976624,16777216,386.47208332,8388608,2909,true,1,0.0434111976624
fp16,16,64,16,256,16384,shuffle32_transform,1,3,100,43.5019445419,16777216,385.665886357,8388608,2909,true,1,0.0435019445419
fp16,16,64,16,256,16384,baseline_split,1,4,100,4265.65124512,27328512,6.4066447137,8388608,2909,true,1,4.26565124512
fp16,16,64,16,256,16384,control_optimized_split,1,5,100,1870.64285278,27328512,14.6091553283,8388608,2909,true,1,1.87064285278
fp16,16,64,16,256,16384,optimized_split,1,6,100,677.942199707,27328512,40.3109763809,8388608,2909,true,1,0.677942199707
fp16,16,64,16,256,16384,control_shuffle32_split,1,7,100,3194.33319092,27328512,8.5553104096,8388608,2909,true,1,3.19433319092
fp16,16,64,16,256,16384,shuffle32_split,1,8,100,436.395454407,27328512,62.6232737395,8388608,2909,true,1,0.436395454407
fp16,16,64,16,256,16384,baseline_fused,1,9,100,4265.11260986,10551296,2.47386105952,8388608,2909,true,1,4.26511260986
fp16,16,64,16,256,16384,control_optimized_fused,1,10,100,1824.10354614,10551296,5.78437338292,8388608,2909,true,1,1.82410354614
fp16,16,64,16,256,16384,optimized_fused,1,11,100,631.402282715,10551296,16.7108930215,8388608,2909,true,1,0.631402282715
fp16,16,64,16,256,16384,control_shuffle32_fused,1,12,100,2902.18536377,10551296,3.63563820965,8388608,2909,true,1,2.90218536377
fp16,16,64,16,256,16384,shuffle32_fused,1,13,100,391.898765564,10551296,26.9235244587,8388608,2909,true,1,0.391898765564
fp16,16,64,16,256,16384,baseline_transform,1,14,100,170.567321777,16777216,98.3612559849,8388608,2909,true,1,0.170567321777
fp16,16,64,16,256,16384,optimized_transform,2,0,100,120.906057358,16777216,138.762410806,8388608,2909,true,1,0.120906057358
fp16,16,64,16,256,16384,control_shuffle32_transform,2,1,100,43.4210300446,16777216,386.384569477,8388608,2909,true,1,0.0434210300446
fp16,16,64,16,256,16384,shuffle32_transform,2,2,100,43.5531425476,16777216,385.212524714,8388608,2909,true,1,0.0435531425476
fp16,16,64,16,256,16384,baseline_split,2,3,100,4266.28692627,27328512,6.40569011703,8388608,2909,true,1,4.26628692627
fp16,16,64,16,256,16384,control_optimized_split,2,4,100,1870.71807861,27328512,14.6085678609,8388608,2909,true,1,1.87071807861
fp16,16,64,16,256,16384,optimized_split,2,5,100,678.063812256,27328512,40.3037465,8388608,2909,true,1,0.678063812256
fp16,16,64,16,256,16384,control_shuffle32_split,2,6,100,3166.98547363,27328512,8.62918766996,8388608,2909,true,1,3.16698547363
fp16,16,64,16,256,16384,shuffle32_split,2,7,100,436.331176758,27328512,62.6324990184,8388608,2909,true,1,0.436331176758
fp16,16,64,16,256,16384,baseline_fused,2,8,100,4260.47607422,10551296,2.47655328095,8388608,2909,true,1,4.26047607422
fp16,16,64,16,256,16384,control_optimized_fused,2,9,100,1824.02450562,10551296,5.78462403741,8388608,2909,true,1,1.82402450562
fp16,16,64,16,256,16384,optimized_fused,2,10,100,631.386947632,10551296,16.7112988946,8388608,2909,true,1,0.631386947632
fp16,16,64,16,256,16384,control_shuffle32_fused,2,11,100,2904.2678833,10551296,3.63303125744,8388608,2909,true,1,2.9042678833
fp16,16,64,16,256,16384,shuffle32_fused,2,12,100,391.729354858,10551296,26.9351680418,8388608,2909,true,1,0.391729354858
fp16,16,64,16,256,16384,baseline_transform,2,13,100,170.539646149,16777216,98.3772183119,8388608,2909,true,1,0.170539646149
fp16,16,64,16,256,16384,control_optimized_transform,2,14,100,120.787878036,16777216,138.898176479,8388608,2909,true,1,0.120787878036
fp16,16,64,16,256,16384,control_shuffle32_transform,3,0,100,43.358631134,16777216,386.940628917,8388608,2909,true,1,0.043358631134
fp16,16,64,16,256,16384,shuffle32_transform,3,1,100,43.4573698044,16777216,386.061468412,8388608,2909,true,1,0.0434573698044
fp16,16,64,16,256,16384,baseline_split,3,2,100,4264.91821289,27328512,6.40774585487,8388608,2909,true,1,4.26491821289
fp16,16,64,16,256,16384,control_optimized_split,3,3,100,1870.50857544,27328512,14.610204069,8388608,2909,true,1,1.87050857544
fp16,16,64,16,256,16384,optimized_split,3,4,100,677.902145386,27328512,40.3133581831,8388608,2909,true,1,0.677902145386
fp16,16,64,16,256,16384,control_shuffle32_split,3,5,100,3184.65148926,27328512,8.5813195234,8388608,2909,true,1,3.18465148926
fp16,16,64,16,256,16384,shuffle32_split,3,6,100,436.304206848,27328512,62.6363706127,8388608,2909,true,1,0.436304206848
fp16,16,64,16,256,16384,baseline_fused,3,7,100,4261.17462158,10551296,2.47614729201,8388608,2909,true,1,4.26117462158
fp16,16,64,16,256,16384,control_optimized_fused,3,8,100,1824.04922485,10551296,5.78454564506,8388608,2909,true,1,1.82404922485
fp16,16,64,16,256,16384,optimized_fused,3,9,100,631.384239197,10551296,16.7113705807,8388608,2909,true,1,0.631384239197
fp16,16,64,16,256,16384,control_shuffle32_fused,3,10,100,2907.04986572,10551296,3.62955452688,8388608,2909,true,1,2.90704986572
fp16,16,64,16,256,16384,shuffle32_fused,3,11,100,391.836128235,10551296,26.9278283438,8388608,2909,true,1,0.391836128235
fp16,16,64,16,256,16384,baseline_transform,3,12,100,170.581016541,16777216,98.3533592439,8388608,2909,true,1,0.170581016541
fp16,16,64,16,256,16384,control_optimized_transform,3,13,100,120.779428482,16777216,138.907893595,8388608,2909,true,1,0.120779428482
fp16,16,64,16,256,16384,optimized_transform,3,14,100,120.886631012,16777216,138.784709769,8388608,2909,true,1,0.120886631012
fp16,16,64,16,256,16384,shuffle32_transform,4,0,100,43.5421705246,16777216,385.309592927,8388608,2909,true,1,0.0435421705246
fp16,16,64,16,256,16384,baseline_split,4,1,100,4264.97406006,27328512,6.40766194944,8388608,2909,true,1,4.26497406006
fp16,16,64,16,256,16384,control_optimized_split,4,2,100,1870.68069458,27328512,14.6088598012,8388608,2909,true,1,1.87068069458
fp16,16,64,16,256,16384,optimized_split,4,3,100,677.967758179,27328512,40.3094567114,8388608,2909,true,1,0.677967758179
fp16,16,64,16,256,16384,control_shuffle32_split,4,4,100,3182.0791626,27328512,8.58825648375,8388608,2909,true,1,3.1820791626
fp16,16,64,16,256,16384,shuffle32_split,4,5,100,436.286849976,27328512,62.6388624858,8388608,2909,true,1,0.436286849976
fp16,16,64,16,256,16384,baseline_fused,4,6,100,4261.5423584,10551296,2.47593362042,8388608,2909,true,1,4.2615423584
fp16,16,64,16,256,16384,control_optimized_fused,4,7,100,1824.11270142,10551296,5.78434435099,8388608,2909,true,1,1.82411270142
fp16,16,64,16,256,16384,optimized_fused,4,8,100,631.250953674,10551296,16.714899104,8388608,2909,true,1,0.631250953674
fp16,16,64,16,256,16384,control_shuffle32_fused,4,9,100,2905.88012695,10551296,3.63101557498,8388608,2909,true,1,2.90588012695
fp16,16,64,16,256,16384,shuffle32_fused,4,10,100,392.497138977,10551296,26.8824787551,8388608,2909,true,1,0.392497138977
fp16,16,64,16,256,16384,baseline_transform,4,11,100,170.535316467,16777216,98.3797159881,8388608,2909,true,1,0.170535316467
fp16,16,64,16,256,16384,control_optimized_transform,4,12,100,120.748109818,16777216,138.943922396,8388608,2909,true,1,0.120748109818
fp16,16,64,16,256,16384,optimized_transform,4,13,100,120.841140747,16777216,138.836954834,8388608,2909,true,1,0.120841140747
fp16,16,64,16,256,16384,control_shuffle32_transform,4,14,100,43.4617137909,16777216,386.022881673,8388608,2909,true,1,0.0434617137909
bf16,1,1,1,64,1,baseline_transform,0,0,100,8.97097170353,256,0.028536485061,128,2909,true,1,0.00897097170353
bf16,1,1,1,64,1,control_optimized_transform,0,1,100,9.41211402416,256,0.0271989905076,128,2909,true,1,0.00941211402416
bf16,1,1,1,64,1,optimized_transform,0,2,100,9.34354245663,256,0.0273986018888,128,2909,true,1,0.00934354245663
bf16,1,1,1,64,1,control_shuffle32_transform,0,3,100,7.88937151432,256,0.0324487190818,128,2909,true,1,0.00788937151432
bf16,1,1,1,64,1,shuffle32_transform,0,4,100,8.01919996738,256,0.0319233840085,128,2909,true,1,0.00801919996738
bf16,1,1,1,64,1,baseline_split,0,5,100,69.5709705353,420,0.00603700073132,128,2909,true,1,0.0695709705353
bf16,1,1,1,64,1,control_optimized_split,0,6,100,64.1277694702,420,0.00654942474173,128,2909,true,1,0.0641277694702
bf16,1,1,1,64,1,optimized_split,0,7,100,33.738515377,420,0.0124486805453,128,2909,true,1,0.033738515377
bf16,1,1,1,64,1,control_shuffle32_split,0,8,100,93.8484573364,420,0.00447529998809,128,2909,true,1,0.0938484573364
bf16,1,1,1,64,1,shuffle32_split,0,9,100,34.7501707077,420,0.012086271562,128,2909,true,1,0.0347501707077
bf16,1,1,1,64,1,baseline_fused,0,10,100,65.0852584839,164,0.00251977181654,128,2909,true,1,0.0650852584839
bf16,1,1,1,64,1,control_optimized_fused,0,11,100,58.5778284073,164,0.00279969409005,128,2909,true,1,0.0585778284073
bf16,1,1,1,64,1,optimized_fused,0,12,100,28.7453722954,164,0.00570526616649,128,2909,true,1,0.0287453722954
bf16,1,1,1,64,1,control_shuffle32_fused,0,13,100,89.3796634674,164,0.00183486929395,128,2909,true,1,0.0893796634674
bf16,1,1,1,64,1,shuffle32_fused,0,14,100,29.6633124352,164,0.00552871498618,128,2909,true,1,0.0296633124352
bf16,1,1,1,64,1,control_optimized_transform,1,0,100,9.34834301472,256,0.0273845321676,128,2909,true,1,0.00934834301472
bf16,1,1,1,64,1,optimized_transform,1,1,100,9.30034279823,256,0.0275258671163,128,2909,true,1,0.00930034279823
bf16,1,1,1,64,1,control_shuffle32_transform,1,2,100,7.93211460114,256,0.0322738655293,128,2909,true,1,0.00793211460114
bf16,1,1,1,64,1,shuffle32_transform,1,3,100,7.88022875786,256,0.0324863665594,128,2909,true,1,0.00788022875786
bf16,1,1,1,64,1,baseline_split,1,4,100,69.6630859375,420,0.0060290180136,128,2909,true,1,0.0696630859375
bf16,1,1,1,64,1,control_optimized_split,1,5,100,64.235200882,420,0.00653847102886,128,2909,true,1,0.064235200882
bf16,1,1,1,64,1,optimized_split,1,6,100,33.7266302109,420,0.012453067424,128,2909,true,1,0.0337266302109
bf16,1,1,1,64,1,control_shuffle32_split,1,7,100,94.5638847351,420,0.00444144190117,128,2909,true,1,0.0945638847351
bf16,1,1,1,64,1,shuffle32_split,1,8,100,34.7469735146,420,0.012087383663,128,2909,true,1,0.0347469735146
bf16,1,1,1,64,1,baseline_fused,1,9,100,65.1366853714,164,0.00251778239966,128,2909,true,1,0.0651366853714
bf16,1,1,1,64,1,control_optimized_fused,1,10,100,58.5714292526,164,0.00279999996744,128,2909,true,1,0.0585714292526
bf16,1,1,1,64,1,optimized_fused,1,11,100,28.750629425,164,0.00570422294328,128,2909,true,1,0.028750629425
bf16,1,1,1,64,1,control_shuffle32_fused,1,12,100,89.3716621399,164,0.00183503356739,128,2909,true,1,0.0893716621399
bf16,1,1,1,64,1,shuffle32_fused,1,13,100,29.6724557877,164,0.00552701135267,128,2909,true,1,0.0296724557877
bf16,1,1,1,64,1,baseline_transform,1,14,100,9.01074290276,256,0.0284105320463,128,2909,true,1,0.00901074290276
bf16,1,1,1,64,1,optimized_transform,2,0,100,9.2139428854,256,0.0277839794737,128,2909,true,1,0.0092139428854
bf16,1,1,1,64,1,control_shuffle32_transform,2,1,100,7.95177102089,256,0.0321940859876,128,2909,true,1,0.00795177102089
bf16,1,1,1,64,1,shuffle32_transform,2,2,100,7.99885690212,256,0.0320045730449,128,2909,true,1,0.00799885690212
bf16,1,1,1,64,1,baseline_split,2,3,100,69.6249103546,420,0.00603232374535,128,2909,true,1,0.0696249103546
bf16,1,1,1,64,1,control_optimized_split,2,4,100,64.1357707977,420,0.00654860766115,128,2909,true,1,0.0641357707977
bf16,1,1,1,64,1,optimized_split,2,5,100,33.7284564972,420,0.0124523931309,128,2909,true,1,0.0337284564972
bf16,1,1,1,64,1,control_shuffle32_split,2,6,100,93.9026260376,420,0.004472718365,128,2909,true,1,0.0939026260376
bf16,1,1,1,64,1,shuffle32_split,2,7,100,34.7627425194,420,0.0120819006086,128,2909,true,1,0.0347627425194
bf16,1,1,1,64,1,baseline_fused,2,8,100,65.1405715942,164,0.00251763219122,128,2909,true,1,0.0651405715942
bf16,1,1,1,64,1,control_optimized_fused,2,9,100,58.5689163208,164,0.00280012010299,128,2909,true,1,0.0585689163208
bf16,1,1,1,64,1,optimized_fused,2,10,100,28.763885498,164,0.00570159410526,128,2909,true,1,0.028763885498
bf16,1,1,1,64,1,control_shuffle32_fused,2,11,100,89.3670845032,164,0.00183512756304,128,2909,true,1,0.0893670845032
bf16,1,1,1,64,1,shuffle32_fused,2,12,100,29.6724557877,164,0.00552701135267,128,2909,true,1,0.0296724557877
bf16,1,1,1,64,1,baseline_transform,2,13,100,9.02811408043,256,0.0283558667646,128,2909,true,1,0.00902811408043
bf16,1,1,1,64,1,control_optimized_transform,2,14,100,9.27817106247,256,0.0275916447624,128,2909,true,1,0.00927817106247
bf16,1,1,1,64,1,control_shuffle32_transform,3,0,100,7.88045704365,256,0.032485425475,128,2909,true,1,0.00788045704365
bf16,1,1,1,64,1,shuffle32_transform,3,1,100,8.0020570755,256,0.0319917738132,128,2909,true,1,0.0080020570755
bf16,1,1,1,64,1,baseline_split,3,2,100,69.7389698029,420,0.00602245776196,128,2909,true,1,0.0697389698029
bf16,1,1,1,64,1,control_optimized_split,3,3,100,64.1049146652,420,0.00655175975498,128,2909,true,1,0.0641049146652
bf16,1,1,1,64,1,optimized_split,3,4,100,33.9058279991,420,0.0123872509473,128,2909,true,1,0.0339058279991
bf16,1,1,1,64,1,control_shuffle32_split,3,5,100,94.012336731,420,0.00446749878372,128,2909,true,1,0.094012336731
bf16,1,1,1,64,1,shuffle32_split,3,6,100,34.9360013008,420,0.0120219826071,128,2909,true,1,0.0349360013008
bf16,1,1,1,64,1,baseline_fused,3,7,100,65.1330280304,164,0.00251792377783,128,2909,true,1,0.0651330280304
bf16,1,1,1,64,1,control_optimized_fused,3,8,100,58.5778284073,164,0.00279969409005,128,2909,true,1,0.0585778284073
bf16,1,1,1,64,1,optimized_fused,3,9,100,28.7609148026,164,0.00570218301907,128,2909,true,1,0.0287609148026
bf16,1,1,1,64,1,control_shuffle32_fused,3,10,100,89.3803405762,164,0.00183485539373,128,2909,true,1,0.0893803405762
bf16,1,1,1,64,1,shuffle32_fused,3,11,100,29.6228575706,164,0.00553626535215,128,2909,true,1,0.0296228575706
bf16,1,1,1,64,1,baseline_transform,3,12,100,9.01257157326,256,0.0284047674872,128,2909,true,1,0.00901257157326
bf16,1,1,1,64,1,control_optimized_transform,3,13,100,9.51771438122,256,0.0268972139472,128,2909,true,1,0.00951771438122
bf16,1,1,1,64,1,optimized_transform,3,14,100,9.28525686264,256,0.0275705889225,128,2909,true,1,0.00928525686264
bf16,1,1,1,64,1,shuffle32_transform,4,0,100,7.99725711346,256,0.0320109753092,128,2909,true,1,0.00799725711346
bf16,1,1,1,64,1,baseline_split,4,1,100,69.6130275726,420,0.00603335344899,128,2909,true,1,0.0696130275726
bf16,1,1,1,64,1,control_optimized_split,4,2,100,64.0877723694,420,0.00655351222975,128,2909,true,1,0.0640877723694
bf16,1,1,1,64,1,optimized_split,4,3,100,33.7853717804,420,0.012431415665,128,2909,true,1,0.0337853717804
bf16,1,1,1,64,1,control_shuffle32_split,4,4,100,93.8443470001,420,0.00447549600403,128,2909,true,1,0.0938443470001
bf16,1,1,1,64,1,shuffle32_split,4,5,100,34.8032021523,420,0.0120678550831,128,2909,true,1,0.0348032021523
bf16,1,1,1,64,1,baseline_fused,4,6,100,65.0850248337,164,0.00251978086233,128,2909,true,1,0.0650850248337
bf16,1,1,1,64,1,control_optimized_fused,4,7,100,58.5609149933,164,0.00280050269055,128,2909,true,1,0.0585609149933
bf16,1,1,1,64,1,optimized_fused,4,8,100,28.7595438957,164,0.00570245483011,128,2909,true,1,0.0287595438957
bf16,1,1,1,64,1,control_shuffle32_fused,4,9,100,89.3183994293,164,0.00183612784206,128,2909,true,1,0.0893183994293
bf16,1,1,1,64,1,shuffle32_fused,4,10,100,29.7028565407,164,0.005521354479,128,2909,true,1,0.0297028565407
bf16,1,1,1,64,1,baseline_transform,4,11,100,9.03017103672,256,0.0283494076645,128,2909,true,1,0.00903017103672
bf16,1,1,1,64,1,control_optimized_transform,4,12,100,9.2550855875,256,0.0276604681372,128,2909,true,1,0.0092550855875
bf16,1,1,1,64,1,optimized_transform,4,13,100,9.33897137642,256,0.0274120124885,128,2909,true,1,0.00933897137642
bf16,1,1,1,64,1,control_shuffle32_transform,4,14,100,7.86697149277,256,0.0325411119432,128,2909,true,1,0.00786697149277
bf16,1,17,1,64,17,baseline_transform,0,0,100,9.27839994431,4352,0.469046390124,2176,2909,true,1,0.00927839994431
bf16,1,17,1,64,17,control_optimized_transform,0,1,100,9.44640040398,4352,0.460704587344,2176,2909,true,1,0.00944640040398
bf16,1,17,1,64,17,optimized_transform,0,2,100,9.57120001316,4352,0.454697424985,2176,2909,true,1,0.00957120001316
bf16,1,17,1,64,17,control_shuffle32_transform,0,3,100,7.95611441135,4352,0.547000680859,2176,2909,true,1,0.00795611441135
bf16,1,17,1,64,17,shuffle32_transform,0,4,100,7.95794308186,4352,0.546874984558,2176,2909,true,1,0.00795794308186
bf16,1,17,1,64,17,baseline_split,0,5,100,70.2265119553,7140,0.101671004315,2176,2909,true,1,0.0702265119553
bf16,1,17,1,64,17,control_optimized_split,0,6,100,64.5444583893,7140,0.110621425575,2176,2909,true,1,0.0645444583893
bf16,1,17,1,64,17,optimized_split,0,7,100,34.261713028,7140,0.208395884764,2176,2909,true,1,0.034261713028
bf16,1,17,1,64,17,control_shuffle32_split,0,8,100,93.8681125641,7140,0.0760641692367,2176,2909,true,1,0.0938681125641
bf16,1,17,1,64,17,shuffle32_split,0,9,100,34.6205711365,7140,0.206235765778,2176,2909,true,1,0.0346205711365
bf16,1,17,1,64,17,baseline_fused,0,10,100,65.408000946,2788,0.0426247547651,2176,2909,true,1,0.065408000946
bf16,1,17,1,64,17,control_optimized_fused,0,11,100,58.8153171539,2788,0.0474026178028,2176,2909,true,1,0.0588153171539
bf16,1,17,1,64,17,optimized_fused,0,12,100,28.920686245,2788,0.0964015852316,2176,2909,true,1,0.028920686245
bf16,1,17,1,64,17,control_shuffle32_fused,0,13,100,89.0651416779,2788,0.0313029311746,2176,2909,true,1,0.0890651416779
bf16,1,17,1,64,17,shuffle32_fused,0,14,100,29.661257267,2788,0.0939946670131,2176,2909,true,1,0.029661257267
bf16,1,17,1,64,17,control_optimized_transform,1,0,100,9.5490282774,4352,0.455753179651,2176,2909,true,1,0.0095490282774
bf16,1,17,1,64,17,optimized_transform,1,1,100,9.47154283524,4352,0.459481636277,2176,2909,true,1,0.00947154283524
bf16,1,17,1,64,17,control_shuffle32_transform,1,2,100,8.00799965858,4352,0.543456566626,2176,2909,true,1,0.00800799965858
bf16,1,17,1,64,17,shuffle32_transform,1,3,100,7.96617150307,4352,0.546310106219,2176,2909,true,1,0.00796617150307
bf16,1,17,1,64,17,baseline_split,1,4,100,70.2139425278,7140,0.101689205063,2176,2909,true,1,0.0702139425278
bf16,1,17,1,64,17,control_optimized_split,1,5,100,64.5172548294,7140,0.110668068858,2176,2909,true,1,0.0645172548294
bf16,1,17,1,64,17,optimized_split,1,6,100,34.3179416656,7140,0.20805443606,2176,2909,true,1,0.0343179416656
bf16,1,17,1,64,17,control_shuffle32_split,1,7,100,94.6640014648,7140,0.0754246586824,2176,2909,true,1,0.0946640014648
bf16,1,17,1,64,17,shuffle32_split,1,8,100,34.6795415878,7140,0.205885074401,2176,2909,true,1,0.0346795415878
bf16,1,17,1,64,17,baseline_fused,1,9,100,65.4591989517,2788,0.0425914164036,2176,2909,true,1,0.0654591989517
bf16,1,17,1,64,17,control_optimized_fused,1,10,100,58.8393163681,2788,0.047383283357,2176,2909,true,1,0.0588393163681
bf16,1,17,1,64,17,optimized_fused,1,11,100,28.9494848251,2788,0.0963056861578,2176,2909,true,1,0.0289494848251
bf16,1,17,1,64,17,control_shuffle32_fused,1,12,100,89.1094875336,2788,0.0312873530885,2176,2909,true,1,0.0891094875336
bf16,1,17,1,64,17,shuffle32_fused,1,13,100,29.7277712822,2788,0.0937843598679,2176,2909,true,1,0.0297277712822
bf16,1,17,1,64,17,baseline_transform,1,14,100,9.29782867432,4352,0.468066271432,2176,2909,true,1,0.00929782867432
bf16,1,17,1,64,17,optimized_transform,2,0,100,9.67199981213,4352,0.449958652247,2176,2909,true,1,0.00967199981213
bf16,1,17,1,64,17,control_shuffle32_transform,2,1,100,8.03405702114,4352,0.541693939755,2176,2909,true,1,0.00803405702114
bf16,1,17,1,64,17,shuffle32_transform,2,2,100,8.14788579941,4352,0.534126288358,2176,2909,true,1,0.00814788579941
bf16,1,17,1,64,17,baseline_split,2,3,100,70.2829694748,7140,0.101589333139,2176,2909,true,1,0.0702829694748
bf16,1,17,1,64,17,control_optimized_split,2,4,100,64.4333696365,7140,0.110812146567,2176,2909,true,1,0.0644333696365
bf16,1,17,1,64,17,optimized_split,2,5,100,34.4338297844,7140,0.207354222423,2176,2909,true,1,0.0344338297844
bf16,1,17,1,64,17,control_shuffle32_split,2,6,100,94.5003414154,7140,0.0755552825848,2176,2909,true,1,0.0945003414154
bf16,1,17,1,64,17,shuffle32_split,2,7,100,34.6370267868,7140,0.206137785554,2176,2909,true,1,0.0346370267868
bf16,1,17,1,64,17,baseline_fused,2,8,100,65.4608011246,2788,0.0425903739659,2176,2909,true,1,0.0654608011246
bf16,1,17,1,64,17,control_optimized_fused,2,9,100,58.8418245316,2788,0.0473812636198,2176,2909,true,1,0.0588418245316
bf16,1,17,1,64,17,optimized_fused,2,10,100,28.9348578453,2788,0.0963543700441,2176,2909,true,1,0.0289348578453
bf16,1,17,1,64,17,control_shuffle32_fused,2,11,100,89.1135978699,2788,0.0312859099693,2176,2909,true,1,0.0891135978699
bf16,1,17,1,64,17,shuffle32_fused,2,12,100,29.7056007385,2788,0.0938543550942,2176,2909,true,1,0.0297056007385
bf16,1,17,1,64,17,baseline_transform,2,13,100,9.30034279823,4352,0.467939740977,2176,2909,true,1,0.00930034279823
bf16,1,17,1,64,17,control_optimized_transform,2,14,100,9.52639997005,4352,0.456835742115,2176,2909,true,1,0.00952639997005
bf16,1,17,1,64,17,control_shuffle32_transform,3,0,100,7.92228579521,4352,0.549336405237,2176,2909,true,1,0.00792228579521
bf16,1,17,1,64,17,shuffle32_transform,3,1,100,8.15268576145,4352,0.533811817031,2176,2909,true,1,0.00815268576145
bf16,1,17,1,64,17,baseline_split,3,2,100,70.2374839783,7140,0.10165512196,2176,2909,true,1,0.0702374839783
bf16,1,17,1,64,17,control_optimized_split,3,3,100,64.5394277573,7140,0.110630048144,2176,2909,true,1,0.0645394277573
bf16,1,17,1,64,17,optimized_split,3,4,100,34.3211436272,7140,0.208035025801,2176,2909,true,1,0.0343211436272
bf16,1,17,1,64,17,control_shuffle32_split,3,5,100,94.496679306,7140,0.0755582106423,2176,2909,true,1,0.094496679306
bf16,1,17,1,64,17,shuffle32_split,3,6,100,34.6182847023,7140,0.206249387033,2176,2909,true,1,0.0346182847023
bf16,1,17,1,64,17,baseline_fused,3,7,100,65.4045724869,2788,0.0426269891231,2176,2909,true,1,0.0654045724869
bf16,1,17,1,64,17,control_optimized_fused,3,8,100,58.8137149811,2788,0.0474039091205,2176,2909,true,1,0.0588137149811
bf16,1,17,1,64,17,optimized_fused,3,9,100,28.9924573898,2788,0.0961629420546,2176,2909,true,1,0.0289924573898
bf16,1,17,1,64,17,control_shuffle32_fused,3,10,100,89.1152000427,2788,0.0312853474903,2176,2909,true,1,0.0891152000427
bf16,1,17,1,64,17,shuffle32_fused,3,11,100,29.7129154205,2788,0.0938312501665,2176,2909,true,1,0.0297129154205
bf16,1,17,1,64,17,baseline_transform,3,12,100,9.35017108917,4352,0.46544602858,2176,2909,true,1,0.00935017108917
bf16,1,17,1,64,17,control_optimized_transform,3,13,100,9.45508599281,4352,0.460281376955,2176,2909,true,1,0.00945508599281
bf16,1,17,1,64,17,optimized_transform,3,14,100,9.56754267216,4352,0.454871240101,2176,2909,true,1,0.00956754267216
bf16,1,17,1,64,17,shuffle32_transform,4,0,100,8.01142811775,4352,0.543223996525,2176,2909,true,1,0.00801142811775
bf16,1,17,1,64,17,baseline_split,4,1,100,70.2217149734,7140,0.101677949658,2176,2909,true,1,0.0702217149734
bf16,1,17,1,64,17,control_optimized_split,4,2,100,64.5259428024,7140,0.110653168166,2176,2909,true,1,0.0645259428024
bf16,1,17,1,64,17,optimized_split,4,3,100,34.3595433235,7140,0.207802529061,2176,2909,true,1,0.0343595433235
bf16,1,17,1,64,17,control_shuffle32_split,4,4,100,93.8633155823,7140,0.0760680565747,2176,2909,true,1,0.0938633155823
bf16,1,17,1,64,17,shuffle32_split,4,5,100,34.5675444603,7140,0.206552131818,2176,2909,true,1,0.0345675444603
bf16,1,17,1,64,17,baseline_fused,4,6,100,65.4452562332,2788,0.0426004902489,2176,2909,true,1,0.0654452562332
bf16,1,17,1,64,17,control_optimized_fused,4,7,100,58.8356542587,2788,0.0473862326361,2176,2909,true,1,0.0588356542587
bf16,1,17,1,64,17,optimized_fused,4,8,100,28.8642287254,2788,0.0965901436869,2176,2909,true,1,0.0288642287254
bf16,1,17,1,64,17,control_shuffle32_fused,4,9,100,89.1088008881,2788,0.0312875941794,2176,2909,true,1,0.0891088008881
bf16,1,17,1,64,17,shuffle32_fused,4,10,100,29.7572588921,2788,0.0936914253464,2176,2909,true,1,0.0297572588921
bf16,1,17,1,64,17,baseline_transform,4,11,100,9.37257111073,4352,0.464333633598,2176,2909,true,1,0.00937257111073
bf16,1,17,1,64,17,control_optimized_transform,4,12,100,9.36114311218,4352,0.464900487883,2176,2909,true,1,0.00936114311218
bf16,1,17,1,64,17,optimized_transform,4,13,100,9.45302844048,4352,0.4603815621,2176,2909,true,1,0.00945302844048
bf16,1,17,1,64,17,control_shuffle32_transform,4,14,100,7.9711997509,4352,0.545965492774,2176,2909,true,1,0.0079711997509
bf16,1,257,1,64,257,baseline_transform,0,0,100,9.53531444073,65792,6.89982489922,32896,2909,true,1,0.00953531444073
bf16,1,257,1,64,257,control_optimized_transform,0,1,100,9.5759999752,65792,6.87050962514,32896,2909,true,1,0.0095759999752
bf16,1,257,1,64,257,optimized_transform,0,2,100,9.62902843952,65792,6.83267272635,32896,2909,true,1,0.00962902843952
bf16,1,257,1,64,257,control_shuffle32_transform,0,3,100,8.84799957275,65792,7.43580506068,32896,2909,true,1,0.00884799957275
bf16,1,257,1,64,257,shuffle32_transform,0,4,100,8.88342857361,65792,7.40614949001,32896,2909,true,1,0.00888342857361
bf16,1,257,1,64,257,baseline_split,0,5,100,70.8850288391,107940,1.52274749362,32896,2909,true,1,0.0708850288391
bf16,1,257,1,64,257,control_optimized_split,0,6,100,64.602971077,107940,1.67082098858,32896,2909,true,1,0.064602971077
bf16,1,257,1,64,257,optimized_split,0,7,100,34.6795415878,107940,3.11249788947,32896,2909,true,1,0.0346795415878
bf16,1,257,1,64,257,control_shuffle32_split,0,8,100,103.000917435,107940,1.0479518308,32896,2909,true,1,0.103000917435
bf16,1,257,1,64,257,shuffle32_split,0,9,100,39.3147444725,107940,2.74553482283,32896,2909,true,1,0.0393147444725
bf16,1,257,1,64,257,baseline_fused,0,10,100,65.9266281128,42148,0.639316786047,32896,2909,true,1,0.0659266281128
bf16,1,257,1,64,257,control_optimized_fused,0,11,100,59.1849184036,42148,0.712140882117,32896,2909,true,1,0.0591849184036
bf16,1,257,1,64,257,optimized_fused,0,12,100,29.1661715508,42148,1.44509881685,32896,2909,true,1,0.0291661715508
bf16,1,257,1,64,257,control_shuffle32_fused,0,13,100,95.9764575958,42148,0.439149360747,32896,2909,true,1,0.0959764575958
bf16,1,257,1,64,257,shuffle32_fused,0,14,100,33.282058239,42148,1.26638802496,32896,2909,true,1,0.033282058239
bf16,1,257,1,64,257,control_optimized_transform,1,0,100,9.62697148323,65792,6.83413263606,32896,2909,true,1,0.00962697148323
bf16,1,257,1,64,257,optimized_transform,1,1,100,9.68297123909,65792,6.79460863566,32896,2909,true,1,0.00968297123909
bf16,1,257,1,64,257,control_shuffle32_transform,1,2,100,8.94308567047,65792,7.35674491157,32896,2909,true,1,0.00894308567047
bf16,1,257,1,64,257,shuffle32_transform,1,3,100,8.85051429272,65792,7.43369230578,32896,2909,true,1,0.00885051429272
bf16,1,257,1,64,257,baseline_split,1,4,100,70.8589696884,107940,1.52330750044,32896,2909,true,1,0.0708589696884
bf16,1,257,1,64,257,control_optimized_split,1,5,100,64.6086883545,107940,1.67067313622,32896,2909,true,1,0.0646086883545
bf16,1,257,1,64,257,optimized_split,1,6,100,34.6875429153,107940,3.11177993389,32896,2909,true,1,0.0346875429153
bf16,1,257,1,64,257,control_shuffle32_split,1,7,100,102.930059433,107940,1.0486732505,32896,2909,true,1,0.102930059433
bf16,1,257,1,64,257,shuffle32_split,1,8,100,39.3076562881,107940,2.74602991358,32896,2909,true,1,0.0393076562881
bf16,1,257,1,64,257,baseline_fused,1,9,100,65.9243440628,42148,0.639338936158,32896,2909,true,1,0.0659243440628
bf16,1,257,1,64,257,control_optimized_fused,1,10,100,59.1750860214,42148,0.71225920964,32896,2909,true,1,0.0591750860214
bf16,1,257,1,64,257,optimized_fused,1,11,100,29.1465163231,42148,1.44607333284,32896,2909,true,1,0.0291465163231
bf16,1,257,1,64,257,control_shuffle32_fused,1,12,100,95.9865093231,42148,0.439103372935,32896,2909,true,1,0.0959865093231
bf16,1,257,1,64,257,shuffle32_fused,1,13,100,33.2829713821,42148,1.26635328066,32896,2909,true,1,0.0332829713821
bf16,1,257,1,64,257,baseline_transform,1,14,100,9.58628535271,65792,6.86313807479,32896,2909,true,1,0.00958628535271
bf16,1,257,1,64,257,optimized_transform,2,0,100,9.57965731621,65792,6.86788658804,32896,2909,true,1,0.00957965731621
bf16,1,257,1,64,257,control_shuffle32_transform,2,1,100,9.02400016785,65792,7.29078000624,32896,2909,true,1,0.00902400016785
bf16,1,257,1,64,257,shuffle32_transform,2,2,100,8.87017130852,65792,7.41721864344,32896,2909,true,1,0.00887017130852
bf16,1,257,1,64,257,baseline_split,2,3,100,70.9097146988,107940,1.52221737823,32896,2909,true,1,0.0709097146988
bf16,1,257,1,64,257,control_optimized_split,2,4,100,64.6041154861,107940,1.67079139135,32896,2909,true,1,0.0646041154861
bf16,1,257,1,64,257,optimized_split,2,5,100,34.6262836456,107940,3.11728515554,32896,2909,true,1,0.0346262836456
bf16,1,257,1,64,257,control_shuffle32_split,2,6,100,102.347202301,107940,1.0546453403,32896,2909,true,1,0.102347202301
bf16,1,257,1,64,257,shuffle32_split,2,7,100,39.4178271294,107940,2.7383548983,32896,2909,true,1,0.0394178271294
bf16,1,257,1,64,257,baseline_fused,2,8,100,65.8740568161,42148,0.639826997716,32896,2909,true,1,0.0658740568161
bf16,1,257,1,64,257,control_optimized_fused,2,9,100,59.1961145401,42148,0.712006190397,32896,2909,true,1,0.0591961145401
bf16,1,257,1,64,257,optimized_fused,2,10,100,29.1268563271,42148,1.44704940096,32896,2909,true,1,0.0291268563271
bf16,1,257,1,64,257,control_shuffle32_fused,2,11,100,95.9947395325,42148,0.439065725948,32896,2909,true,1,0.0959947395325
bf16,1,257,1,64,257,shuffle32_fused,2,12,100,33.3101725578,42148,1.2653191732,32896,2909,true,1,0.0333101725578
bf16,1,257,1,64,257,baseline_transform,2,13,100,9.58765745163,65792,6.86215588447,32896,2909,true,1,0.00958765745163
bf16,1,257,1,64,257,control_optimized_transform,2,14,100,9.71588611603,65792,6.77159028156,32896,2909,true,1,0.00971588611603
bf16,1,257,1,64,257,control_shuffle32_transform,3,0,100,8.90079975128,65792,7.39169533508,32896,2909,true,1,0.00890079975128
bf16,1,257,1,64,257,shuffle32_transform,3,1,100,8.93828570843,65792,7.36069556805,32896,2909,true,1,0.00893828570843
bf16,1,257,1,64,257,baseline_split,3,2,100,70.8708572388,107940,1.52305198788,32896,2909,true,1,0.0708708572388
bf16,1,257,1,64,257,control_optimized_split,3,3,100,64.6244525909,107940,1.67026559874,32896,2909,true,1,0.0646244525909
bf16,1,257,1,64,257,optimized_split,3,4,100,34.6189713478,107940,3.1179435956,32896,2909,true,1,0.0346189713478
bf16,1,257,1,64,257,control_shuffle32_split,3,5,100,103.019886017,107940,1.04775887621,32896,2909,true,1,0.103019886017
bf16,1,257,1,64,257,shuffle32_split,3,6,100,39.4150853157,107940,2.73854538524,32896,2909,true,1,0.0394150853157
bf16,1,257,1,64,257,baseline_fused,3,7,100,65.9195423126,42148,0.639385507261,32896,2909,true,1,0.0659195423126
bf16,1,257,1,64,257,control_optimized_fused,3,8,100,59.1428565979,42148,0.712647349562,32896,2909,true,1,0.0591428565979
bf16,1,257,1,64,257,optimized_fused,3,9,100,29.1275429726,42148,1.44701528858,32896,2909,true,1,0.0291275429726
bf16,1,257,1,64,257,control_shuffle32_fused,3,10,100,95.9926795959,42148,0.439075147995,32896,2909,true,1,0.0959926795959
bf16,1,257,1,64,257,shuffle32_fused,3,11,100,33.2653713226,42148,1.2670232835,32896,2909,true,1,0.0332653713226
bf16,1,257,1,64,257,baseline_transform,3,12,100,9.66331481934,65792,6.80842973969,32896,2909,true,1,0.00966331481934
bf16,1,257,1,64,257,control_optimized_transform,3,13,100,9.70948517323,65792,6.77605442783,32896,2909,true,1,0.00970948517323
bf16,1,257,1,64,257,optimized_transform,3,14,100,9.64571416378,65792,6.82085316679,32896,2909,true,1,0.00964571416378
bf16,1,257,1,64,257,shuffle32_transform,4,0,100,8.98925721645,65792,7.31895844293,32896,2909,true,1,0.00898925721645
bf16,1,257,1,64,257,baseline_split,4,1,100,70.8642292023,107940,1.52319444119,32896,2909,true,1,0.0708642292023
bf16,1,257,1,64,257,control_optimized_split,4,2,100,64.5664024353,107940,1.67176729582,32896,2909,true,1,0.0645664024353
bf16,1,257,1,64,257,optimized_split,4,3,100,34.6068572998,107940,3.11903502433,32896,2909,true,1,0.0346068572998
bf16,1,257,1,64,257,control_shuffle32_split,4,4,100,102.383089066,107940,1.05427567175,32896,2909,true,1,0.102383089066
bf16,1,257,1,64,257,shuffle32_split,4,5,100,39.390399456,107940,2.74026162442,32896,2909,true,1,0.039390399456
bf16,1,257,1,64,257,baseline_fused,4,6,100,65.9250259399,42148,0.639332323333,32896,2909,true,1,0.0659250259399
bf16,1,257,1,64,257,control_optimized_fused,4,7,100,59.1791963577,42148,0.712209739132,32896,2909,true,1,0.0591791963577
bf16,1,257,1,64,257,optimized_fused,4,8,100,29.1280007362,42148,1.44699254788,32896,2909,true,1,0.0291280007362
bf16,1,257,1,64,257,control_shuffle32_fused,4,9,100,95.9894943237,42148,0.439089718067,32896,2909,true,1,0.0959894943237
bf16,1,257,1,64,257,shuffle32_fused,4,10,100,33.2866287231,42148,1.26621414114,32896,2909,true,1,0.0332866287231
bf16,1,257,1,64,257,baseline_transform,4,11,100,9.49211418629,65792,6.93122719647,32896,2909,true,1,0.00949211418629
bf16,1,257,1,64,257,control_optimized_transform,4,12,100,9.64982867241,65792,6.81794488104,32896,2909,true,1,0.00964982867241
bf16,1,257,1,64,257,optimized_transform,4,13,100,9.62285757065,65792,6.83705432788,32896,2909,true,1,0.00962285757065
bf16,1,257,1,64,257,control_shuffle32_transform,4,14,100,9.08868551254,65792,7.23889058646,32896,2909,true,1,0.00908868551254
bf16,4,64,16,64,4096,baseline_transform,0,0,100,22.7705144882,1048576,46.0497280614,524288,2909,true,1,0.0227705144882
bf16,4,64,16,64,4096,control_optimized_transform,0,1,100,24.0077710152,1048576,43.6765245444,524288,2909,true,1,0.0240077710152
bf16,4,64,16,64,4096,optimized_transform,0,2,100,24.0038847923,1048576,43.6835957626,524288,2909,true,1,0.0240038847923
bf16,4,64,16,64,4096,control_shuffle32_transform,0,3,100,11.1332571507,1048576,94.1841175328,524288,2909,true,1,0.0111332571507
bf16,4,64,16,64,4096,shuffle32_transform,0,4,100,11.4361143112,1048576,91.6898844716,524288,2909,true,1,0.0114361143112
bf16,4,64,16,64,4096,baseline_split,0,5,100,438.13369751,1720320,3.92647269493,524288,2909,true,1,0.43813369751
bf16,4,64,16,64,4096,control_optimized_split,0,6,100,380.320205688,1720320,4.52334631258,524288,2909,true,1,0.380320205688
bf16,4,64,16,64,4096,optimized_split,0,7,100,162.030620575,1720320,10.6172524298,524288,2909,true,1,0.162030620575
bf16,4,64,16,64,4096,control_shuffle32_split,0,8,100,248.136692047,1720320,6.93295290514,524288,2909,true,1,0.248136692047
bf16,4,64,16,64,4096,shuffle32_split,0,9,100,72.5872039795,1720320,23.7000449898,524288,2909,true,1,0.0725872039795
bf16,4,64,16,64,4096,baseline_fused,0,10,100,429.196815491,671744,1.56511878876,524288,2909,true,1,0.429196815491
bf16,4,64,16,64,4096,control_optimized_fused,0,11,100,370.643005371,671744,1.81237468471,524288,2909,true,1,0.370643005371
bf16,4,64,16,64,4096,optimized_fused,0,12,100,148.707427979,671744,4.51721887152,524288,2909,true,1,0.148707427979
bf16,4,64,16,64,4096,control_shuffle32_fused,0,13,100,248.44045639,671744,2.70384304457,524288,2909,true,1,0.24844045639
bf16,4,64,16,64,4096,shuffle32_fused,0,14,100,65.6420564651,671744,10.2334392945,524288,2909,true,1,0.0656420564651
bf16,4,64,16,64,4096,control_optimized_transform,1,0,100,23.9638876915,1048576,43.7565061854,524288,2909,true,1,0.0239638876915
bf16,4,64,16,64,4096,optimized_transform,1,1,100,24.0651416779,1048576,43.5724008625,524288,2909,true,1,0.0240651416779
bf16,4,64,16,64,4096,control_shuffle32_transform,1,2,100,11.2320005894,1048576,93.3561204575,524288,2909,true,1,0.0112320005894
bf16,4,64,16,64,4096,shuffle32_transform,1,3,100,11.3099431992,1048576,92.7127556289,524288,2909,true,1,0.0113099431992
bf16,4,64,16,64,4096,baseline_split,1,4,100,438.721351624,1720320,3.92121330232,524288,2909,true,1,0.438721351624
bf16,4,64,16,64,4096,control_optimized_split,1,5,100,380.42011261,1720320,4.52215837958,524288,2909,true,1,0.38042011261
bf16,4,64,16,64,4096,optimized_split,1,6,100,162.110843658,1720320,10.6119983166,524288,2909,true,1,0.162110843658
bf16,4,64,16,64,4096,control_shuffle32_split,1,7,100,250.778980255,1720320,6.85990507757,524288,2909,true,1,0.250778980255
bf16,4,64,16,64,4096,shuffle32_split,1,8,100,71.365942955,1720320,24.1056157709,524288,2909,true,1,0.071365942955
bf16,4,64,16,64,4096,baseline_fused,1,9,100,430.322303772,671744,1.56102529223,524288,2909,true,1,0.430322303772
bf16,4,64,16,64,4096,control_optimized_fused,1,10,100,371.517715454,671744,1.80810758695,524288,2909,true,1,0.371517715454
bf16,4,64,16,64,4096,optimized_fused,1,11,100,148.198852539,671744,4.53272065533,524288,2909,true,1,0.148198852539
bf16,4,64,16,64,4096,control_shuffle32_fused,1,12,100,246.879081726,671744,2.72094336751,524288,2909,true,1,0.246879081726
bf16,4,64,16,64,4096,shuffle32_fused,1,13,100,68.2784032822,671744,9.8383085677,524288,2909,true,1,0.0682784032822
bf16,4,64,16,64,4096,baseline_transform,1,14,100,22.7529144287,1048576,46.0853489027,524288,2909,true,1,0.0227529144287
bf16,4,64,16,64,4096,optimized_transform,2,0,100,24.0486860275,1048576,43.6022158882,524288,2909,true,1,0.0240486860275
bf16,4,64,16,64,4096,control_shuffle32_transform,2,1,100,11.4269721508,1048576,91.7632410547,524288,2909,true,1,0.0114269721508
bf16,4,64,16,64,4096,shuffle32_transform,2,2,100,11.1552000046,1048576,93.9988525145,524288,2909,true,1,0.0111552000046
bf16,4,64,16,64,4096,baseline_split,2,3,100,437.368659973,1720320,3.93334081163,524288,2909,true,1,0.437368659973
bf16,4,64,16,64,4096,control_optimized_split,2,4,100,381.885452271,1720320,4.50480632287,524288,2909,true,1,0.381885452271
bf16,4,64,16,64,4096,optimized_split,2,5,100,161.96434021,1720320,10.6215973082,524288,2909,true,1,0.16196434021
bf16,4,64,16,64,4096,control_shuffle32_split,2,6,100,249.207324982,1720320,6.90316787489,524288,2909,true,1,0.249207324982
bf16,4,64,16,64,4096,shuffle32_split,2,7,100,72.102856636,1720320,23.8592488601,524288,2909,true,1,0.072102856636
bf16,4,64,16,64,4096,baseline_fused,2,8,100,429.793815613,671744,1.56294477863,524288,2909,true,1,0.429793815613
bf16,4,64,16,64,4096,control_optimized_fused,2,9,100,371.5184021,671744,1.80810424518,524288,2909,true,1,0.3715184021
bf16,4,64,16,64,4096,optimized_fused,2,10,100,148.330516815,671744,4.52869722578,524288,2909,true,1,0.148330516815
bf16,4,64,16,64,4096,control_shuffle32_fused,2,11,100,248.104228973,671744,2.70750725524,524288,2909,true,1,0.248104228973
bf16,4,64,16,64,4096,shuffle32_fused,2,12,100,63.6592006683,671744,10.5521903032,524288,2909,true,1,0.0636592006683
bf16,4,64,16,64,4096,baseline_transform,2,13,100,22.719771862,1048576,46.1525761072,524288,2909,true,1,0.022719771862
bf16,4,64,16,64,4096,control_optimized_transform,2,14,100,23.924343586,1048576,43.8288305061,524288,2909,true,1,0.023924343586
bf16,4,64,16,64,4096,control_shuffle32_transform,3,0,100,11.4998865128,1048576,91.181421559,524288,2909,true,1,0.0114998865128
bf16,4,64,16,64,4096,shuffle32_transform,3,1,100,11.2767994404,1048576,92.9852486553,524288,2909,true,1,0.0112767994404
bf16,4,64,16,64,4096,baseline_split,3,2,100,436.746292114,1720320,3.93894586185,524288,2909,true,1,0.436746292114
bf16,4,64,16,64,4096,control_optimized_split,3,3,100,381.788787842,1720320,4.50594688682,524288,2909,true,1,0.381788787842
bf16,4,64,16,64,4096,optimized_split,3,4,100,161.946277618,1720320,10.6227819824,524288,2909,true,1,0.161946277618
bf16,4,64,16,64,4096,control_shuffle32_split,3,5,100,249.878864288,1720320,6.88461589138,524288,2909,true,1,0.249878864288
bf16,4,64,16,64,4096,shuffle32_split,3,6,100,71.3412570953,1720320,24.113956917,524288,2909,true,1,0.0713412570953
bf16,4,64,16,64,4096,baseline_fused,3,7,100,430.108795166,671744,1.56180019462,524288,2909,true,1,0.430108795166
bf16,4,64,16,64,4096,control_optimized_fused,3,8,100,370.276565552,671744,1.81416827986,524288,2909,true,1,0.370276565552
bf16,4,64,16,64,4096,optimized_fused,3,9,100,148.530521393,671744,4.52259908402,524288,2909,true,1,0.148530521393
bf16,4,64,16,64,4096,control_shuffle32_fused,3,10,100,247.860565186,671744,2.71016891895,524288,2909,true,1,0.247860565186
bf16,4,64,16,64,4096,shuffle32_fused,3,11,100,65.703086853,671744,10.2239336411,524288,2909,true,1,0.065703086853
bf16,4,64,16,64,4096,baseline_transform,3,12,100,22.7997708321,1048576,45.9906377009,524288,2909,true,1,0.0227997708321
bf16,4,64,16,64,4096,control_optimized_transform,3,13,100,23.9369130135,1048576,43.8058157044,524288,2909,true,1,0.0239369130135
bf16,4,64,16,64,4096,optimized_transform,3,14,100,24.3846869469,1048576,43.0014132347,524288,2909,true,1,0.0243846869469
bf16,4,64,16,64,4096,shuffle32_transform,4,0,100,11.3965713978,1048576,92.0080227115,524288,2909,true,1,0.0113965713978
bf16,4,64,16,64,4096,baseline_split,4,1,100,437.560005188,1720320,3.93162075967,524288,2909,true,1,0.437560005188
bf16,4,64,16,64,4096,control_optimized_split,4,2,100,381.588134766,1720320,4.50831627943,524288,2909,true,1,0.381588134766
bf16,4,64,16,64,4096,optimized_split,4,3,100,162.61713028,1720320,10.5789592833,524288,2909,true,1,0.16261713028
bf16,4,64,16,64,4096,control_shuffle32_split,4,4,100,249.642753601,1720320,6.89112732168,524288,2909,true,1,0.249642753601
bf16,4,64,16,64,4096,shuffle32_split,4,5,100,71.4351987839,1720320,24.0822455776,524288,2909,true,1,0.0714351987839
bf16,4,64,16,64,4096,baseline_fused,4,6,100,429.552459717,671744,1.56382296226,524288,2909,true,1,0.429552459717
bf16,4,64,16,64,4096,control_optimized_fused,4,7,100,372.212333679,671744,1.8047333181,524288,2909,true,1,0.372212333679
bf16,4,64,16,64,4096,optimized_fused,4,8,100,148.442974091,671744,4.52526638,524288,2909,true,1,0.148442974091
bf16,4,64,16,64,4096,control_shuffle32_fused,4,9,100,247.6836586,671744,2.71210464105,524288,2909,true,1,0.2476836586
bf16,4,64,16,64,4096,shuffle32_fused,4,10,100,66.2996578217,671744,10.1319376611,524288,2909,true,1,0.0662996578217
bf16,4,64,16,64,4096,baseline_transform,4,11,100,23.1748557091,1048576,45.2462795524,524288,2909,true,1,0.0231748557091
bf16,4,64,16,64,4096,control_optimized_transform,4,12,100,23.9888000488,1048576,43.7110650748,524288,2909,true,1,0.0239888000488
bf16,4,64,16,64,4096,optimized_transform,4,13,100,24.0283441544,1048576,43.6391285752,524288,2909,true,1,0.0240283441544
bf16,4,64,16,64,4096,control_shuffle32_transform,4,14,100,10.9979426861,1048576,95.3429227566,524288,2909,true,1,0.0109979426861
bf16,16,64,16,64,16384,baseline_transform,0,0,100,68.1483411789,4194304,61.5466778419,2097152,2909,true,1,0.0681483411789
bf16,16,64,16,64,16384,control_optimized_transform,0,1,100,73.8925743103,4194304,56.7621853637,2097152,2909,true,1,0.0738925743103
bf16,16,64,16,64,16384,optimized_transform,0,2,100,73.9419412613,4194304,56.724288387,2097152,2909,true,1,0.0739419412613
bf16,16,64,16,64,16384,control_shuffle32_transform,0,3,100,21.2016010284,4194304,197.82958817,2097152,2909,true,1,0.0212016010284
bf16,16,64,16,64,16384,shuffle32_transform,0,4,100,21.2873148918,4194304,197.03302278,2097152,2909,true,1,0.0212873148918
bf16,16,64,16,64,16384,baseline_split,0,5,100,1548.32000732,6881280,4.44435256759,2097152,2909,true,1,1.54832000732
bf16,16,64,16,64,16384,control_optimized_split,0,6,100,1360.96511841,6881280,5.05617661094,2097152,2909,true,1,1.36096511841
bf16,16,64,16,64,16384,optimized_split,0,7,100,576.579208374,6881280,11.9346655239,2097152,2909,true,1,0.576579208374
bf16,16,64,16,64,16384,control_shuffle32_split,0,8,100,852.029724121,6881280,8.07633795534,2097152,2909,true,1,0.852029724121
bf16,16,64,16,64,16384,shuffle32_split,0,9,100,228.71131897,6881280,30.0871860256,2097152,2909,true,1,0.22871131897
bf16,16,64,16,64,16384,baseline_fused,0,10,100,1525.94406128,2686976,1.76086140258,2097152,2909,true,1,1.52594406128
bf16,16,64,16,64,16384,control_optimized_fused,0,11,100,1333.73123169,2686976,2.01463078629,2097152,2909,true,1,1.33373123169
bf16,16,64,16,64,16384,optimized_fused,0,12,100,544.588546753,2686976,4.93395613261,2097152,2909,true,1,0.544588546753
bf16,16,64,16,64,16384,control_shuffle32_fused,0,13,100,867.205047607,2686976,3.09843214983,2097152,2909,true,1,0.867205047607
bf16,16,64,16,64,16384,shuffle32_fused,0,14,100,211.844100952,2686976,12.6837423743,2097152,2909,true,1,0.211844100952
bf16,16,64,16,64,16384,control_optimized_transform,1,0,100,73.9193153381,4194304,56.7416510937,2097152,2909,true,1,0.0739193153381
bf16,16,64,16,64,16384,optimized_transform,1,1,100,73.9508581161,4194304,56.7174486794,2097152,2909,true,1,0.0739508581161
bf16,16,64,16,64,16384,control_shuffle32_transform,1,2,100,21.3478851318,4194304,196.473982041,2097152,2909,true,1,0.0213478851318
bf16,16,64,16,64,16384,shuffle32_transform,1,3,100,21.2242293358,4194304,197.618671267,2097152,2909,true,1,0.0212242293358
bf16,16,64,16,64,16384,baseline_split,1,4,100,1548.51715088,6881280,4.44378675179,2097152,2909,true,1,1.54851715088
bf16,16,64,16,64,16384,control_optimized_split,1,5,100,1360.95046997,6881280,5.05623103253,2097152,2909,true,1,1.36095046997
bf16,16,64,16,64,16384,optimized_split,1,6,100,576.602287292,6881280,11.9341878304,2097152,2909,true,1,0.576602287292
bf16,16,64,16,64,16384,control_shuffle32_split,1,7,100,851.776428223,6881280,8.07873964575,2097152,2909,true,1,0.851776428223
bf16,16,64,16,64,16384,shuffle32_split,1,8,100,228.688926697,6881280,30.0901320383,2097152,2909,true,1,0.228688926697
bf16,16,64,16,64,16384,baseline_fused,1,9,100,1525.84655762,2686976,1.76097392401,2097152,2909,true,1,1.52584655762
bf16,16,64,16,64,16384,control_optimized_fused,1,10,100,1333.6567688,2686976,2.01474327043,2097152,2909,true,1,1.3336567688
bf16,16,64,16,64,16384,optimized_fused,1,11,100,544.557952881,2686976,4.93423332776,2097152,2909,true,1,0.544557952881
bf16,16,64,16,64,16384,control_shuffle32_fused,1,12,100,867.053909302,2686976,3.09897224518,2097152,2909,true,1,0.867053909302
bf16,16,64,16,64,16384,shuffle32_fused,1,13,100,211.941928864,2686976,12.6778878271,2097152,2909,true,1,0.211941928864
bf16,16,64,16,64,16384,baseline_transform,1,14,100,68.1812572479,4194304,61.5169647686,2097152,2909,true,1,0.0681812572479
bf16,16,64,16,64,16384,optimized_transform,2,0,100,73.9478874207,4194304,56.7197271795,2097152,2909,true,1,0.0739478874207
bf16,16,64,16,64,16384,control_shuffle32_transform,2,1,100,21.370742321,4194304,196.263842266,2097152,2909,true,1,0.021370742321
bf16,16,64,16,64,16384,shuffle32_transform,2,2,100,21.38651371,4194304,196.119108372,2097152,2909,true,1,0.02138651371
bf16,16,64,16,64,16384,baseline_split,2,3,100,1548.33740234,6881280,4.44430263687,2097152,2909,true,1,1.54833740234
bf16,16,64,16,64,16384,control_optimized_split,2,4,100,1361.11068726,6881280,5.05563586006,2097152,2909,true,1,1.36111068726
bf16,16,64,16,64,16384,optimized_split,2,5,100,576.662635803,6881280,11.9329389018,2097152,2909,true,1,0.576662635803
bf16,16,64,16,64,16384,control_shuffle32_split,2,6,100,851.841125488,6881280,8.07812606612,2097152,2909,true,1,0.851841125488
bf16,16,64,16,64,16384,shuffle32_split,2,7,100,228.698043823,6881280,30.0889324848,2097152,2909,true,1,0.228698043823
bf16,16,64,16,64,16384,baseline_fused,2,8,100,1525.92224121,2686976,1.76088658218,2097152,2909,true,1,1.52592224121
bf16,16,64,16,64,16384,control_optimized_fused,2,9,100,1333.78631592,2686976,2.01454758377,2097152,2909,true,1,1.33378631592
bf16,16,64,16,64,16384,optimized_fused,2,10,100,544.633369446,2686976,4.93355007376,2097152,2909,true,1,0.544633369446
bf16,16,64,16,64,16384,control_shuffle32_fused,2,11,100,867.005310059,2686976,3.09914595542,2097152,2909,true,1,0.867005310059
bf16,16,64,16,64,16384,shuffle32_fused,2,12,100,211.953144073,2686976,12.6772169941,2097152,2909,true,1,0.211953144073
bf16,16,64,16,64,16384,baseline_transform,2,13,100,68.1206846237,4194304,61.5716653931,2097152,2909,true,1,0.0681206846237
bf16,16,64,16,64,16384,control_optimized_transform,2,14,100,73.8946294785,4194304,56.7606066855,2097152,2909,true,1,0.0738946294785
bf16,16,64,16,64,16384,control_shuffle32_transform,3,0,100,21.3615989685,4194304,196.347848594,2097152,2909,true,1,0.0213615989685
bf16,16,64,16,64,16384,shuffle32_transform,3,1,100,21.3083434105,4194304,196.838577228,2097152,2909,true,1,0.0213083434105
bf16,16,64,16,64,16384,baseline_split,3,2,100,1548.48724365,6881280,4.44387257836,2097152,2909,true,1,1.54848724365
bf16,16,64,16,64,16384,control_optimized_split,3,3,100,1360.98373413,6881280,5.05610745186,2097152,2909,true,1,1.36098373413
bf16,16,64,16,64,16384,optimized_split,3,4,100,576.566390991,6881280,11.934930838,2097152,2909,true,1,0.576566390991
bf16,16,64,16,64,16384,control_shuffle32_split,3,5,100,851.723175049,6881280,8.07924476119,2097152,2909,true,1,0.851723175049
bf16,16,64,16,64,16384,shuffle32_split,3,6,100,228.782157898,6881280,30.0778699844,2097152,2909,true,1,0.228782157898
bf16,16,64,16,64,16384,baseline_fused,3,7,100,1525.76797485,2686976,1.76106462076,2097152,2909,true,1,1.52576797485
bf16,16,64,16,64,16384,control_optimized_fused,3,8,100,1333.55926514,2686976,2.0148905791,2097152,2909,true,1,1.33355926514
bf16,16,64,16,64,16384,optimized_fused,3,9,100,544.601364136,2686976,4.93384001023,2097152,2909,true,1,0.544601364136
bf16,16,64,16,64,16384,control_shuffle32_fused,3,10,100,867.093963623,2686976,3.09882909203,2097152,2909,true,1,0.867093963623
bf16,16,64,16,64,16384,shuffle32_fused,3,11,100,211.986503601,2686976,12.6752220276,2097152,2909,true,1,0.211986503601
bf16,16,64,16,64,16384,baseline_transform,3,12,100,68.2086849213,4194304,61.4922279302,2097152,2909,true,1,0.0682086849213
bf16,16,64,16,64,16384,control_optimized_transform,3,13,100,73.8610267639,4194304,56.7864296472,2097152,2909,true,1,0.0738610267639
bf16,16,64,16,64,16384,optimized_transform,3,14,100,73.9442300797,4194304,56.7225325828,2097152,2909,true,1,0.0739442300797
bf16,16,64,16,64,16384,shuffle32_transform,4,0,100,21.3129138947,4194304,196.796365843,2097152,2909,true,1,0.0213129138947
bf16,16,64,16,64,16384,baseline_split,4,1,100,1548.37249756,6881280,4.44420190287,2097152,2909,true,1,1.54837249756
bf16,16,64,16,64,16384,control_optimized_split,4,2,100,1361.13937378,6881280,5.05552931063,2097152,2909,true,1,1.36113937378
bf16,16,64,16,64,16384,optimized_split,4,3,100,576.482048035,6881280,11.9366769936,2097152,2909,true,1,0.576482048035
bf16,16,64,16,64,16384,control_shuffle32_split,4,4,100,851.804733276,6881280,8.07847119319,2097152,2909,true,1,0.851804733276
bf16,16,64,16,64,16384,shuffle32_split,4,5,100,228.641376495,6881280,30.0963898376,2097152,2909,true,1,0.228641376495
bf16,16,64,16,64,16384,baseline_fused,4,6,100,1525.75057983,2686976,1.76108469858,2097152,2909,true,1,1.52575057983
bf16,16,64,16,64,16384,control_optimized_fused,4,7,100,1333.62854004,2686976,2.01478591627,2097152,2909,true,1,1.33362854004
bf16,16,64,16,64,16384,optimized_fused,4,8,100,544.597969055,2686976,4.93387076831,2097152,2909,true,1,0.544597969055
bf16,16,64,16,64,16384,control_shuffle32_fused,4,9,100,867.041549683,2686976,3.09901642082,2097152,2909,true,1,0.867041549683
bf16,16,64,16,64,16384,shuffle32_fused,4,10,100,211.806411743,2686976,12.685999342,2097152,2909,true,1,0.211806411743
bf16,16,64,16,64,16384,baseline_transform,4,11,100,68.1273126602,4194304,61.5656751488,2097152,2909,true,1,0.0681273126602
bf16,16,64,16,64,16384,control_optimized_transform,4,12,100,73.8404560089,4194304,56.8022494267,2097152,2909,true,1,0.0738404560089
bf16,16,64,16,64,16384,optimized_transform,4,13,100,73.8925743103,4194304,56.7621853637,2097152,2909,true,1,0.0738925743103
bf16,16,64,16,64,16384,control_shuffle32_transform,4,14,100,21.2235426903,4194304,197.625064826,2097152,2909,true,1,0.0212235426903
bf16,1,1,1,128,1,baseline_transform,0,0,100,9.24045681953,512,0.0554085160506,256,2909,true,1,0.00924045681953
bf16,1,1,1,128,1,control_optimized_transform,0,1,100,9.57782864571,512,0.0534567926551,256,2909,true,1,0.00957782864571
bf16,1,1,1,128,1,optimized_transform,0,2,100,9.61462855339,512,0.0532521872433,256,2909,true,1,0.00961462855339
bf16,1,1,1,128,1,control_shuffle32_transform,0,3,100,9.12959992886,512,0.056081318348,256,2909,true,1,0.00912959992886
bf16,1,1,1,128,1,shuffle32_transform,0,4,100,9.23565685749,512,0.0554373130033,256,2909,true,1,0.00923565685749
bf16,1,1,1,128,1,baseline_split,0,5,100,79.058508873,836,0.0105744468485,256,2909,true,1,0.079058508873
bf16,1,1,1,128,1,control_optimized_split,0,6,100,63.4836578369,836,0.0131687433977,256,2909,true,1,0.0634836578369
bf16,1,1,1,128,1,optimized_split,0,7,100,33.8793158531,836,0.0246758229601,256,2909,true,1,0.0338793158531
bf16,1,1,1,128,1,control_shuffle32_split,0,8,100,161.873836517,836,0.00516451588463,256,2909,true,1,0.161873836517
bf16,1,1,1,128,1,shuffle32_split,0,9,100,45.4665184021,836,0.0183871567338,256,2909,true,1,0.0454665184021
bf16,1,1,1,128,1,baseline_fused,0,10,100,74.5270872116,324,0.00434741262704,256,2909,true,1,0.0745270872116
bf16,1,1,1,128,1,control_optimized_fused,0,11,100,58.1846857071,324,0.00556847555439,256,2909,true,1,0.0581846857071
bf16,1,1,1,128,1,optimized_fused,0,12,100,28.9622855186,324,0.0111869624306,256,2909,true,1,0.0289622855186
bf16,1,1,1,128,1,control_shuffle32_fused,0,13,100,157.178506851,324,0.00206135054016,256,2909,true,1,0.157178506851
bf16,1,1,1,128,1,shuffle32_fused,0,14,100,40.8304023743,324,0.00793526345957,256,2909,true,1,0.0408304023743
bf16,1,1,1,128,1,control_optimized_transform,1,0,100,9.62674260139,512,0.0531851760455,256,2909,true,1,0.00962674260139
bf16,1,1,1,128,1,optimized_transform,1,1,100,9.60822880268,512,0.0532876569152,256,2909,true,1,0.00960822880268
bf16,1,1,1,128,1,control_shuffle32_transform,1,2,100,9.11245703697,512,0.0561868218333,256,2909,true,1,0.00911245703697
bf16,1,1,1,128,1,shuffle32_transform,1,3,100,9.20594274998,512,0.055616248537,256,2909,true,1,0.00920594274998
bf16,1,1,1,128,1,baseline_split,1,4,100,79.0781736374,836,0.010571817248,256,2909,true,1,0.0790781736374
bf16,1,1,1,128,1,control_optimized_split,1,5,100,63.5021686554,836,0.0131649047222,256,2909,true,1,0.0635021686554
bf16,1,1,1,128,1,optimized_split,1,6,100,34.0034270287,836,0.0245857571737,256,2909,true,1,0.0340034270287
bf16,1,1,1,128,1,control_shuffle32_split,1,7,100,161.924571991,836,0.00516289769811,256,2909,true,1,0.161924571991
bf16,1,1,1,128,1,shuffle32_split,1,8,100,45.4509735107,836,0.0183934454078,256,2909,true,1,0.0454509735107
bf16,1,1,1,128,1,baseline_fused,1,9,100,74.5693731308,324,0.00434494734764,256,2909,true,1,0.0745693731308
bf16,1,1,1,128,1,control_optimized_fused,1,10,100,58.1732559204,324,0.00556956963941,256,2909,true,1,0.0581732559204
bf16,1,1,1,128,1,optimized_fused,1,11,100,28.8774871826,324,0.0112198127888,256,2909,true,1,0.0288774871826
bf16,1,1,1,128,1,control_shuffle32_fused,1,12,100,157.183761597,324,0.00206128162801,256,2909,true,1,0.157183761597
bf16,1,1,1,128,1,shuffle32_fused,1,13,100,40.8317708969,324,0.0079349975003,256,2909,true,1,0.0408317708969
bf16,1,1,1,128,1,baseline_transform,1,14,100,9.2699432373,512,0.0552322691621,256,2909,true,1,0.0092699432373
bf16,1,1,1,128,1,optimized_transform,2,0,100,9.64548528194,512,0.0530818289629,256,2909,true,1,0.00964548528194
bf16,1,1,1,128,1,control_shuffle32_transform,2,1,100,9.0848004818,512,0.0563578695015,256,2909,true,1,0.0090848004818
bf16,1,1,1,128,1,shuffle32_transform,2,2,100,9.08411443233,512,0.0563621257541,256,2909,true,1,0.00908411443233
bf16,1,1,1,128,1,baseline_split,2,3,100,79.0432024002,836,0.0105764945576,256,2909,true,1,0.0790432024002
bf16,1,1,1,128,1,control_optimized_split,2,4,100,63.5067415237,836,0.0131639567697,256,2909,true,1,0.0635067415237
bf16,1,1,1,128,1,optimized_split,2,5,100,33.8662862778,836,0.0246853166345,256,2909,true,1,0.0338662862778
bf16,1,1,1,128,1,control_shuffle32_split,2,6,100,162.029018402,836,0.00515956961441,256,2909,true,1,0.162029018402
bf16,1,1,1,128,1,shuffle32_split,2,7,100,45.4217147827,836,0.0184052936794,256,2909,true,1,0.0454217147827
bf16,1,1,1,128,1,baseline_fused,2,8,100,74.5689105988,324,0.00434497429825,256,2909,true,1,0.0745689105988
bf16,1,1,1,128,1,control_optimized_fused,2,9,100,58.1734848022,324,0.00556954772611,256,2909,true,1,0.0581734848022
bf16,1,1,1,128,1,optimized_fused,2,10,100,28.8907432556,324,0.0112146647503,256,2909,true,1,0.0288907432556
bf16,1,1,1,128,1,control_shuffle32_fused,2,11,100,157.182626724,324,0.00206129651064,256,2909,true,1,0.157182626724
bf16,1,1,1,128,1,shuffle32_fused,2,12,100,40.8795452118,324,0.00792572418116,256,2909,true,1,0.0408795452118
bf16,1,1,1,128,1,baseline_transform,2,13,100,9.2587429285,512,0.0552990836827,256,2909,true,1,0.0092587429285
bf16,1,1,1,128,1,control_optimized_transform,2,14,100,9.58971440792,512,0.0533905368003,256,2909,true,1,0.00958971440792
bf16,1,1,1,128,1,control_shuffle32_transform,3,0,100,9.15291428566,512,0.0559384676859,256,2909,true,1,0.00915291428566
bf16,1,1,1,128,1,shuffle32_transform,3,1,100,9.07337129116,512,0.0564288601855,256,2909,true,1,0.00907337129116
bf16,1,1,1,128,1,baseline_split,3,2,100,79.0628623962,836,0.0105738645764,256,2909,true,1,0.0790628623962
bf16,1,1,1,128,1,control_optimized_split,3,3,100,63.5001134872,836,0.0131653308016,256,2909,true,1,0.0635001134872
bf16,1,1,1,128,1,optimized_split,3,4,100,33.9065146446,836,0.0246560287532,256,2909,true,1,0.0339065146446
bf16,1,1,1,128,1,control_shuffle32_split,3,5,100,161.250743866,836,0.00518447220743,256,2909,true,1,0.161250743866
bf16,1,1,1,128,1,shuffle32_split,3,6,100,45.4224014282,836,0.0184050154486,256,2909,true,1,0.0454224014282
bf16,1,1,1,128,1,baseline_fused,3,7,100,74.5732593536,324,0.00434472092018,256,2909,true,1,0.0745732593536
bf16,1,1,1,128,1,control_optimized_fused,3,8,100,58.1773710251,324,0.00556917568276,256,2909,true,1,0.0581773710251
bf16,1,1,1,128,1,optimized_fused,3,9,100,28.9007997513,324,0.0112107624283,256,2909,true,1,0.0289007997513
bf16,1,1,1,128,1,control_shuffle32_fused,3,10,100,157.176456451,324,0.00206137743091,256,2909,true,1,0.157176456451
bf16,1,1,1,128,1,shuffle32_fused,3,11,100,40.8820581436,324,0.00792523700401,256,2909,true,1,0.0408820581436
bf16,1,1,1,128,1,baseline_transform,3,12,100,9.29394245148,512,0.0550896460434,256,2909,true,1,0.00929394245148
bf16,1,1,1,128,1,control_optimized_transform,3,13,100,9.6921145916,512,0.0528264492914,256,2909,true,1,0.0096921145916
bf16,1,1,1,128,1,optimized_transform,3,14,100,9.74720001221,512,0.052527905384,256,2909,true,1,0.00974720001221
bf16,1,1,1,128,1,shuffle32_transform,4,0,100,9.1942858696,512,0.0556867610233,256,2909,true,1,0.0091942858696
bf16,1,1,1,128,1,baseline_split,4,1,100,79.052567482,836,0.0105752415972,256,2909,true,1,0.079052567482
bf16,1,1,1,128,1,control_optimized_split,4,2,100,63.4848022461,836,0.0131685060112,256,2909,true,1,0.0634848022461
bf16,1,1,1,128,1,optimized_split,4,3,100,34.069943428,836,0.0245377572101,256,2909,true,1,0.034069943428
bf16,1,1,1,128,1,control_shuffle32_split,4,4,100,161.294174194,836,0.00518307622811,256,2909,true,1,0.161294174194
bf16,1,1,1,128,1,shuffle32_split,4,5,100,45.4553127289,836,0.0183916895476,256,2909,true,1,0.0454553127289
bf16,1,1,1,128,1,baseline_fused,4,6,100,74.5753145218,324,0.0043446011871,256,2909,true,1,0.0745753145218
bf16,1,1,1,128,1,control_optimized_fused,4,7,100,58.1746292114,324,0.00556943816217,256,2909,true,1,0.0581746292114
bf16,1,1,1,128,1,optimized_fused,4,8,100,28.9229726791,324,0.0112021680342,256,2909,true,1,0.0289229726791
bf16,1,1,1,128,1,control_shuffle32_fused,4,9,100,157.170057297,324,0.00206146135958,256,2909,true,1,0.157170057297
bf16,1,1,1,128,1,shuffle32_fused,4,10,100,40.8966827393,324,0.00792240295052,256,2909,true,1,0.0408966827393
bf16,1,1,1,128,1,baseline_transform,4,11,100,9.34377133846,512,0.0547958614839,256,2909,true,1,0.00934377133846
bf16,1,1,1,128,1,control_optimized_transform,4,12,100,9.68502819538,512,0.0528651016467,256,2909,true,1,0.00968502819538
bf16,1,1,1,128,1,optimized_transform,4,13,100,9.5526856184,512,0.053597492941,256,2909,true,1,0.0095526856184
bf16,1,1,1,128,1,control_shuffle32_transform,4,14,100,9.14148569107,512,0.0560084014024,256,2909,true,1,0.00914148569107
bf16,1,17,1,128,17,baseline_transform,0,0,100,9.68159973621,8704,0.899024979048,4352,2909,true,1,0.00968159973621
bf16,1,17,1,128,17,control_optimized_transform,0,1,100,9.81737136841,8704,0.886591702949,4352,2909,true,1,0.00981737136841
bf16,1,17,1,128,17,optimized_transform,0,2,100,9.89920020103,8704,0.879262952889,4352,2909,true,1,0.00989920020103
bf16,1,17,1,128,17,control_shuffle32_transform,0,3,100,9.19931471348,8704,0.94615743358,4352,2909,true,1,0.00919931471348
bf16,1,17,1,128,17,shuffle32_transform,0,4,100,9.18285667896,8704,0.947853190385,4352,2909,true,1,0.00918285667896
bf16,1,17,1,128,17,baseline_split,0,5,100,80.4283428192,14212,0.176703877039,4352,2909,true,1,0.0804283428192
bf16,1,17,1,128,17,control_optimized_split,0,6,100,64.6068572998,14212,0.219976649445,4352,2909,true,1,0.0646068572998
bf16,1,17,1,128,17,optimized_split,0,7,100,34.7590875626,14212,0.408871492223,4352,2909,true,1,0.0347590875626
bf16,1,17,1,128,17,control_shuffle32_split,0,8,100,163.845710754,14212,0.086740140676,4352,2909,true,1,0.163845710754
bf16,1,17,1,128,17,shuffle32_split,0,9,100,45.4948568344,14212,0.312386959513,4352,2909,true,1,0.0454948568344
bf16,1,17,1,128,17,baseline_fused,0,10,100,75.6493711472,5508,0.0728095940056,4352,2909,true,1,0.0756493711472
bf16,1,17,1,128,17,control_optimized_fused,0,11,100,59.1979408264,5508,0.0930437769136,4352,2909,true,1,0.0591979408264
bf16,1,17,1,128,17,optimized_fused,0,12,100,29.2326855659,5508,0.188419226402,4352,2909,true,1,0.0292326855659
bf16,1,17,1,128,17,control_shuffle32_fused,0,13,100,158.858747482,5508,0.0346723116435,4352,2909,true,1,0.158858747482
bf16,1,17,1,128,17,shuffle32_fused,0,14,100,40.4608011246,5508,0.136131758317,4352,2909,true,1,0.0404608011246
bf16,1,17,1,128,17,control_optimized_transform,1,0,100,9.84914243221,8704,0.883731762426,4352,2909,true,1,0.00984914243221
bf16,1,17,1,128,17,optimized_transform,1,1,100,10.0054860115,8704,0.869922759373,4352,2909,true,1,0.0100054860115
bf16,1,17,1,128,17,control_shuffle32_transform,1,2,100,9.24022853374,8704,0.941968044212,4352,2909,true,1,0.00924022853374
bf16,1,17,1,128,17,shuffle32_transform,1,3,100,9.27977144718,8704,0.93795413492,4352,2909,true,1,0.00927977144718
bf16,1,17,1,128,17,baseline_split,1,4,100,80.4230880737,14212,0.176715422653,4352,2909,true,1,0.0804230880737
bf16,1,17,1,128,17,control_optimized_split,1,5,100,64.6315431595,14212,0.219892629903,4352,2909,true,1,0.0646315431595
bf16,1,17,1,128,17,optimized_split,1,6,100,34.7149729729,14212,0.409391072005,4352,2909,true,1,0.0347149729729
bf16,1,17,1,128,17,control_shuffle32_split,1,7,100,163.313598633,14212,0.0870227593965,4352,2909,true,1,0.163313598633
bf16,1,17,1,128,17,shuffle32_split,1,8,100,45.4978275299,14212,0.312366562792,4352,2909,true,1,0.0454978275299
bf16,1,17,1,128,17,baseline_fused,1,9,100,75.6464004517,5508,0.0728124532974,4352,2909,true,1,0.0756464004517
bf16,1,17,1,128,17,control_optimized_fused,1,10,100,59.1458272934,5508,0.0931257580129,4352,2909,true,1,0.0591458272934
bf16,1,17,1,128,17,optimized_fused,1,11,100,29.3204569817,5508,0.187855189414,4352,2909,true,1,0.0293204569817
bf16,1,17,1,128,17,control_shuffle32_fused,1,12,100,158.856010437,5508,0.0346729090379,4352,2909,true,1,0.158856010437
bf16,1,17,1,128,17,shuffle32_fused,1,13,100,40.4493713379,5508,0.136170225094,4352,2909,true,1,0.0404493713379
bf16,1,17,1,128,17,baseline_transform,1,14,100,9.58445727825,8704,0.908136970859,4352,2909,true,1,0.00958445727825
bf16,1,17,1,128,17,optimized_transform,2,0,100,9.80297088623,8704,0.88789409874,4352,2909,true,1,0.00980297088623
bf16,1,17,1,128,17,control_shuffle32_transform,2,1,100,9.17257130146,8704,0.948916036075,4352,2909,true,1,0.00917257130146
bf16,1,17,1,128,17,shuffle32_transform,2,2,100,9.29211437702,8704,0.93670822881,4352,2909,true,1,0.00929211437702
bf16,1,17,1,128,17,baseline_split,2,3,100,80.4144001007,14212,0.17673451499,4352,2909,true,1,0.0804144001007
bf16,1,17,1,128,17,control_optimized_split,2,4,100,64.6084594727,14212,0.219971194423,4352,2909,true,1,0.0646084594727
bf16,1,17,1,128,17,optimized_split,2,5,100,34.6352005005,14212,0.410333989543,4352,2909,true,1,0.0346352005005
bf16,1,17,1,128,17,control_shuffle32_split,2,6,100,163.913593292,14212,0.0867042184516,4352,2909,true,1,0.163913593292
bf16,1,17,1,128,17,shuffle32_split,2,7,100,45.4383993149,14212,0.312775102431,4352,2909,true,1,0.0454383993149
bf16,1,17,1,128,17,baseline_fused,2,8,100,75.647315979,5508,0.0728115720792,4352,2909,true,1,0.075647315979
bf16,1,17,1,128,17,control_optimized_fused,2,9,100,59.2016029358,5508,0.0930380213856,4352,2909,true,1,0.0592016029358
bf16,1,17,1,128,17,optimized_fused,2,10,100,29.3138289452,5508,0.187897664625,4352,2909,true,1,0.0293138289452
bf16,1,17,1,128,17,control_shuffle32_fused,2,11,100,158.865375519,5508,0.0346708650769,4352,2909,true,1,0.158865375519
bf16,1,17,1,128,17,shuffle32_fused,2,12,100,40.4555463791,5508,0.136149440385,4352,2909,true,1,0.0404555463791
bf16,1,17,1,128,17,baseline_transform,2,13,100,9.59314286709,8704,0.907314747689,4352,2909,true,1,0.00959314286709
bf16,1,17,1,128,17,control_optimized_transform,2,14,100,9.79108631611,8704,0.888971838159,4352,2909,true,1,0.00979108631611
bf16,1,17,1,128,17,control_shuffle32_transform,3,0,100,9.18171405792,8704,0.947971146247,4352,2909,true,1,0.00918171405792
bf16,1,17,1,128,17,shuffle32_transform,3,1,100,9.20502901077,8704,0.945570078032,4352,2909,true,1,0.00920502901077
bf16,1,17,1,128,17,baseline_split,3,2,100,80.4326915741,14212,0.17669432319,4352,2909,true,1,0.0804326915741
bf16,1,17,1,128,17,control_optimized_split,3,3,100,64.6445703506,14212,0.219848317081,4352,2909,true,1,0.0646445703506
bf16,1,17,1,128,17,optimized_split,3,4,100,34.9065160751,14212,0.407144613613,4352,2909,true,1,0.0349065160751
bf16,1,17,1,128,17,control_shuffle32_split,3,5,100,163.280906677,14212,0.0870401830147,4352,2909,true,1,0.163280906677
bf16,1,17,1,128,17,shuffle32_split,3,6,100,45.4617166519,14212,0.312614679925,4352,2909,true,1,0.0454617166519
bf16,1,17,1,128,17,baseline_fused,3,7,100,75.641374588,5508,0.0728172911981,4352,2909,true,1,0.075641374588
bf16,1,17,1,128,17,control_optimized_fused,3,8,100,59.1901731491,5508,0.0930559872857,4352,2909,true,1,0.0591901731491
bf16,1,17,1,128,17,optimized_fused,3,9,100,29.3174862862,5508,0.18787422449,4352,2909,true,1,0.0293174862862
bf16,1,17,1,128,17,control_shuffle32_fused,3,10,100,158.816461563,5508,0.0346815433727,4352,2909,true,1,0.158816461563
bf16,1,17,1,128,17,shuffle32_fused,3,11,100,40.4617166519,5508,0.136128678063,4352,2909,true,1,0.0404617166519
bf16,1,17,1,128,17,baseline_transform,3,12,100,9.67131376266,8704,0.899981141507,4352,2909,true,1,0.00967131376266
bf16,1,17,1,128,17,control_optimized_transform,3,13,100,9.92251455784,8704,0.877196999739,4352,2909,true,1,0.00992251455784
bf16,1,17,1,128,17,optimized_transform,3,14,100,9.97439980507,8704,0.872633959948,4352,2909,true,1,0.00997439980507
bf16,1,17,1,128,17,shuffle32_transform,4,0,100,9.24045681953,8704,0.94194477286,4352,2909,true,1,0.00924045681953
bf16,1,17,1,128,17,baseline_split,4,1,100,80.4258346558,14212,0.176709387734,4352,2909,true,1,0.0804258346558
bf16,1,17,1,128,17,control_optimized_split,4,2,100,64.635887146,14212,0.21987785157,4352,2909,true,1,0.064635887146
bf16,1,17,1,128,17,optimized_split,4,3,100,34.6749711037,14212,0.409863355257,4352,2909,true,1,0.0346749711037
bf16,1,17,1,128,17,control_shuffle32_split,4,4,100,163.282279968,14212,0.0870394509604,4352,2909,true,1,0.163282279968
bf16,1,17,1,128,17,shuffle32_split,4,5,100,45.4594278336,14212,0.312630419636,4352,2909,true,1,0.0454594278336
bf16,1,17,1,128,17,baseline_fused,4,6,100,75.6464004517,5508,0.0728124532974,4352,2909,true,1,0.0756464004517
bf16,1,17,1,128,17,control_optimized_fused,4,7,100,59.1924571991,5508,0.093052396549,4352,2909,true,1,0.0591924571991
bf16,1,17,1,128,17,optimized_fused,4,8,100,29.2580580711,5508,0.188255829782,4352,2909,true,1,0.0292580580711
bf16,1,17,1,128,17,control_shuffle32_fused,4,9,100,158.8626194,5508,0.0346714665842,4352,2909,true,1,0.1588626194
bf16,1,17,1,128,17,shuffle32_fused,4,10,100,40.4630851746,5508,0.136124073986,4352,2909,true,1,0.0404630851746
bf16,1,17,1,128,17,baseline_transform,4,11,100,9.57828581333,8704,0.908722100137,4352,2909,true,1,0.00957828581333
bf16,1,17,1,128,17,control_optimized_transform,4,12,100,9.79680001736,8704,0.888453370956,4352,2909,true,1,0.00979680001736
bf16,1,17,1,128,17,optimized_transform,4,13,100,9.81714367867,8704,0.886612265736,4352,2909,true,1,0.00981714367867
bf16,1,17,1,128,17,control_shuffle32_transform,4,14,100,9.22331392765,8704,0.943695516414,4352,2909,true,1,0.00922331392765
bf16,1,257,1,128,257,baseline_transform,0,0,100,9.91062819958,131584,13.2770594709,65792,2909,true,1,0.00991062819958
bf16,1,257,1,128,257,control_optimized_transform,0,1,100,9.95611429214,131584,13.2164011118,65792,2909,true,1,0.00995611429214
bf16,1,257,1,128,257,optimized_transform,0,2,100,10.0107431412,131584,13.1442789156,65792,2909,true,1,0.0100107431412
bf16,1,257,1,128,257,control_shuffle32_transform,0,3,100,10.5108571053,131584,12.518864892,65792,2909,true,1,0.0105108571053
bf16,1,257,1,128,257,shuffle32_transform,0,4,100,10.5124568939,131584,12.5169597676,65792,2909,true,1,0.0105124568939
bf16,1,257,1,128,257,baseline_split,0,5,100,81.8198871613,214852,2.62591415674,65792,2909,true,1,0.0818198871613
bf16,1,257,1,128,257,control_optimized_split,0,6,100,65.8777141571,214852,3.26137606244,65792,2909,true,1,0.0658777141571
bf16,1,257,1,128,257,optimized_split,0,7,100,35.1282286644,214852,6.1162207196,65792,2909,true,1,0.0351282286644
bf16,1,257,1,128,257,control_shuffle32_split,0,8,100,176.926403046,214852,1.21435803985,65792,2909,true,1,0.176926403046
bf16,1,257,1,128,257,shuffle32_split,0,9,100,51.5844583511,214852,4.16505294167,65792,2909,true,1,0.0515844583511
bf16,1,257,1,128,257,baseline_fused,0,10,100,76.7750835419,83268,1.08457062055,65792,2909,true,1,0.0767750835419
bf16,1,257,1,128,257,control_optimized_fused,0,11,100,60.2084589005,83268,1.38299503958,65792,2909,true,1,0.0602084589005
bf16,1,257,1,128,257,optimized_fused,0,12,100,29.5611429214,83268,2.81680583938,65792,2909,true,1,0.0295611429214
bf16,1,257,1,128,257,control_shuffle32_fused,0,13,100,171.163883209,83268,0.48648113398,65792,2909,true,1,0.171163883209
bf16,1,257,1,128,257,shuffle32_fused,0,14,100,44.8621702194,83268,1.85608497299,65792,2909,true,1,0.0448621702194
bf16,1,257,1,128,257,control_optimized_transform,1,0,100,10.0144004822,131584,13.1394785174,65792,2909,true,1,0.0100144004822
bf16,1,257,1,128,257,optimized_transform,1,1,100,9.97165679932,131584,13.1958011239,65792,2909,true,1,0.00997165679932
bf16,1,257,1,128,257,control_shuffle32_transform,1,2,100,10.5860579014,131584,12.4299339023,65792,2909,true,1,0.0105860579014
bf16,1,257,1,128,257,shuffle32_transform,1,3,100,10.6438851357,131584,12.3624032318,65792,2909,true,1,0.0106438851357
bf16,1,257,1,128,257,baseline_split,1,4,100,81.8349742889,214852,2.62543004219,65792,2909,true,1,0.0818349742889
bf16,1,257,1,128,257,control_optimized_split,1,5,100,65.7087993622,214852,3.26975994213,65792,2909,true,1,0.0657087993622
bf16,1,257,1,128,257,optimized_split,1,6,100,35.1549696922,214852,6.11156834669,65792,2909,true,1,0.0351549696922
bf16,1,257,1,128,257,control_shuffle32_split,1,7,100,177.585372925,214852,1.20985189524,65792,2909,true,1,0.177585372925
bf16,1,257,1,128,257,shuffle32_split,1,8,100,51.6283416748,214852,4.16151270853,65792,2909,true,1,0.0516283416748
bf16,1,257,1,128,257,baseline_fused,1,9,100,76.7764568329,83268,1.08455122097,65792,2909,true,1,0.0767764568329
bf16,1,257,1,128,257,control_optimized_fused,1,10,100,60.2173709869,83268,1.38279035825,65792,2909,true,1,0.0602173709869
bf16,1,257,1,128,257,optimized_fused,1,11,100,29.5174860954,83268,2.82097193951,65792,2909,true,1,0.0295174860954
bf16,1,257,1,128,257,control_shuffle32_fused,1,12,100,171.217823029,83268,0.486327874792,65792,2909,true,1,0.171217823029
bf16,1,257,1,128,257,shuffle32_fused,1,13,100,44.8626279831,83268,1.8560660341,65792,2909,true,1,0.0448626279831
bf16,1,257,1,128,257,baseline_transform,1,14,100,9.92708623409,131584,13.2550475434,65792,2909,true,1,0.00992708623409
bf16,1,257,1,128,257,optimized_transform,2,0,100,10.0818288326,131584,13.0516002785,65792,2909,true,1,0.0100818288326
bf16,1,257,1,128,257,control_shuffle32_transform,2,1,100,10.5483436584,131584,12.4743755286,65792,2909,true,1,0.0105483436584
bf16,1,257,1,128,257,shuffle32_transform,2,2,100,10.6004571915,131584,12.4130495151,65792,2909,true,1,0.0106004571915
bf16,1,257,1,128,257,baseline_split,2,3,100,81.8130302429,214852,2.62613424001,65792,2909,true,1,0.0818130302429
bf16,1,257,1,128,257,control_optimized_split,2,4,100,65.7974815369,214852,3.26535294333,65792,2909,true,1,0.0657974815369
bf16,1,257,1,128,257,optimized_split,2,5,100,35.1302862167,214852,6.11586249752,65792,2909,true,1,0.0351302862167
bf16,1,257,1,128,257,control_shuffle32_split,2,6,100,176.876583099,214852,1.21470008203,65792,2909,true,1,0.176876583099
bf16,1,257,1,128,257,shuffle32_split,2,7,100,51.6495990753,214852,4.15979995676,65792,2909,true,1,0.0516495990753
bf16,1,257,1,128,257,baseline_fused,2,8,100,76.7794275284,83268,1.08450925828,65792,2909,true,1,0.0767794275284
bf16,1,257,1,128,257,control_optimized_fused,2,9,100,60.2139425278,83268,1.38286909152,65792,2909,true,1,0.0602139425278
bf16,1,257,1,128,257,optimized_fused,2,10,100,29.4877696037,83268,2.82381479234,65792,2909,true,1,0.0294877696037
bf16,1,257,1,128,257,control_shuffle32_fused,2,11,100,171.208686829,83268,0.48635382668,65792,2909,true,1,0.171208686829
bf16,1,257,1,128,257,shuffle32_fused,2,12,100,44.8573684692,83268,1.85628365732,65792,2909,true,1,0.0448573684692
bf16,1,257,1,128,257,baseline_transform,2,13,100,10.0281143188,131584,13.1215097691,65792,2909,true,1,0.0100281143188
bf16,1,257,1,128,257,control_optimized_transform,2,14,100,10.0276577473,131584,13.1221072075,65792,2909,true,1,0.0100276577473
bf16,1,257,1,128,257,control_shuffle32_transform,3,0,100,10.5981719494,131584,12.415726092,65792,2909,true,1,0.0105981719494
bf16,1,257,1,128,257,shuffle32_transform,3,1,100,10.6454861164,131584,12.3605440429,65792,2909,true,1,0.0106454861164
bf16,1,257,1,128,257,baseline_split,3,2,100,81.83177948,214852,2.62553254207,65792,2909,true,1,0.08183177948
bf16,1,257,1,128,257,control_optimized_split,3,3,100,65.7883405685,214852,3.26580664816,65792,2909,true,1,0.0657883405685
bf16,1,257,1,128,257,optimized_split,3,4,100,35.1494860649,214852,6.11252180482,65792,2909,true,1,0.0351494860649
bf16,1,257,1,128,257,control_shuffle32_split,3,5,100,176.937160492,214852,1.21428420917,65792,2909,true,1,0.176937160492
bf16,1,257,1,128,257,shuffle32_split,3,6,100,51.6242313385,214852,4.16184404938,65792,2909,true,1,0.0516242313385
bf16,1,257,1,128,257,baseline_fused,3,7,100,76.7796564102,83268,1.08450602533,65792,2909,true,1,0.0767796564102
bf16,1,257,1,128,257,control_optimized_fused,3,8,100,60.2178287506,83268,1.38277984656,65792,2909,true,1,0.0602178287506
bf16,1,257,1,128,257,optimized_fused,3,9,100,29.5357704163,83268,2.81922559752,65792,2909,true,1,0.0295357704163
bf16,1,257,1,128,257,control_shuffle32_fused,3,10,100,171.211433411,83268,0.486346024569,65792,2909,true,1,0.171211433411
bf16,1,257,1,128,257,shuffle32_fused,3,11,100,44.8717737198,83268,1.85568773189,65792,2909,true,1,0.0448717737198
bf16,1,257,1,128,257,baseline_transform,3,12,100,10.0228571892,131584,13.1283921856,65792,2909,true,1,0.0100228571892
bf16,1,257,1,128,257,control_optimized_transform,3,13,100,10.0365710258,131584,13.1104537258,65792,2909,true,1,0.0100365710258
bf16,1,257,1,128,257,optimized_transform,3,14,100,10.0532567501,131584,13.0886938701,65792,2909,true,1,0.0100532567501
bf16,1,257,1,128,257,shuffle32_transform,4,0,100,10.6020569801,131584,12.4111764582,65792,2909,true,1,0.0106020569801
bf16,1,257,1,128,257,baseline_split,4,1,100,81.8470859528,214852,2.62504153323,65792,2909,true,1,0.0818470859528
bf16,1,257,1,128,257,control_optimized_split,4,2,100,65.7341718674,214852,3.26849785882,65792,2909,true,1,0.0657341718674
bf16,1,257,1,128,257,optimized_split,4,3,100,35.0228571892,214852,6.13462227937,65792,2909,true,1,0.0350228571892
bf16,1,257,1,128,257,control_shuffle32_split,4,4,100,176.944675446,214852,1.21423263774,65792,2909,true,1,0.176944675446
bf16,1,257,1,128,257,shuffle32_split,4,5,100,51.6452598572,214852,4.16014946181,65792,2909,true,1,0.0516452598572
bf16,1,257,1,128,257,baseline_fused,4,6,100,76.7682313919,83268,1.08466742675,65792,2909,true,1,0.0767682313919
bf16,1,257,1,128,257,control_optimized_fused,4,7,100,60.2086877823,83268,1.38298978216,65792,2909,true,1,0.0602086877823
bf16,1,257,1,128,257,optimized_fused,4,8,100,29.4427442551,83268,2.82813311418,65792,2909,true,1,0.0294427442551
bf16,1,257,1,128,257,control_shuffle32_fused,4,9,100,171.210746765,83268,0.486347975073,65792,2909,true,1,0.171210746765
bf16,1,257,1,128,257,shuffle32_fused,4,10,100,44.8482275009,83268,1.85666200517,65792,2909,true,1,0.0448482275009
bf16,1,257,1,128,257,baseline_transform,4,11,100,9.95062887669,131584,13.2236868273,65792,2909,true,1,0.00995062887669
bf16,1,257,1,128,257,control_optimized_transform,4,12,100,9.95862901211,131584,13.21306375,65792,2909,true,1,0.00995862901211
bf16,1,257,1,128,257,optimized_transform,4,13,100,10.0004565716,131584,13.1577992523,65792,2909,true,1,0.0100004565716
bf16,1,257,1,128,257,control_shuffle32_transform,4,14,100,10.6415998936,131584,12.3650580097,65792,2909,true,1,0.0106415998936
bf16,4,64,16,128,4096,baseline_transform,0,0,100,25.9220576286,2097152,80.902219648,1048576,2909,true,1,0.0259220576286
bf16,4,64,16,128,4096,control_optimized_transform,0,1,100,27.7593159676,2097152,75.5476828914,1048576,2909,true,1,0.0277593159676
bf16,4,64,16,128,4096,optimized_transform,0,2,100,27.8018283844,2097152,75.4321611875,1048576,2909,true,1,0.0278018283844
bf16,4,64,16,128,4096,control_shuffle32_transform,0,3,100,15.8230853081,2097152,132.537489318,1048576,2909,true,1,0.0158230853081
bf16,4,64,16,128,4096,shuffle32_transform,0,4,100,15.7872009277,2097152,132.838747641,1048576,2909,true,1,0.0157872009277
bf16,4,64,16,128,4096,baseline_split,0,5,100,525.766372681,3424256,6.5128851481,1048576,2909,true,1,0.525766372681
bf16,4,64,16,128,4096,control_optimized_split,0,6,100,403.140106201,3424256,8.49396015759,1048576,2909,true,1,0.403140106201
bf16,4,64,16,128,4096,optimized_split,0,7,100,168.953838348,3424256,20.2674057806,1048576,2909,true,1,0.168953838348
bf16,4,64,16,128,4096,control_shuffle32_split,0,8,100,455.385360718,3424256,7.51946877388,1048576,2909,true,1,0.455385360718
bf16,4,64,16,128,4096,shuffle32_split,0,9,100,105.741710663,3424256,32.3832097905,1048576,2909,true,1,0.105741710663
bf16,4,64,16,128,4096,baseline_fused,0,10,100,520.202064514,1327104,2.55113174385,1048576,2909,true,1,0.520202064514
bf16,4,64,16,128,4096,control_optimized_fused,0,11,100,391.287078857,1327104,3.39163767911,1048576,2909,true,1,0.391287078857
bf16,4,64,16,128,4096,optimized_fused,0,12,100,154.197940826,1327104,8.60649625337,1048576,2909,true,1,0.154197940826
bf16,4,64,16,128,4096,control_shuffle32_fused,0,13,100,435.999794006,1327104,3.04381795185,1048576,2909,true,1,0.435999794006
bf16,4,64,16,128,4096,shuffle32_fused,0,14,100,92.8509712219,1327104,14.2928391867,1048576,2909,true,1,0.0928509712219
bf16,4,64,16,128,4096,control_optimized_transform,1,0,100,27.8068566322,2097152,75.418520969,1048576,2909,true,1,0.0278068566322
bf16,4,64,16,128,4096,optimized_transform,1,1,100,27.7810287476,2097152,75.488637194,1048576,2909,true,1,0.0277810287476
bf16,4,64,16,128,4096,control_shuffle32_transform,1,2,100,15.8662855625,2097152,132.176620151,1048576,2909,true,1,0.0158662855625
bf16,4,64,16,128,4096,shuffle32_transform,1,3,100,15.7611429691,2097152,133.058370456,1048576,2909,true,1,0.0157611429691
bf16,4,64,16,128,4096,baseline_split,1,4,100,525.979881287,3424256,6.51024140243,1048576,2909,true,1,0.525979881287
bf16,4,64,16,128,4096,control_optimized_split,1,5,100,401.798171997,3424256,8.52232846899,1048576,2909,true,1,0.401798171997
bf16,4,64,16,128,4096,optimized_split,1,6,100,168.607559204,3424256,20.3090301299,1048576,2909,true,1,0.168607559204
bf16,4,64,16,128,4096,control_shuffle32_split,1,7,100,453.416671753,3424256,7.55211754072,1048576,2909,true,1,0.453416671753
bf16,4,64,16,128,4096,shuffle32_split,1,8,100,105.403432846,3424256,32.4871392472,1048576,2909,true,1,0.105403432846
bf16,4,64,16,128,4096,baseline_fused,1,9,100,518.411216736,1327104,2.55994460991,1048576,2909,true,1,0.518411216736
bf16,4,64,16,128,4096,control_optimized_fused,1,10,100,393.510398865,1327104,3.3724750447,1048576,2909,true,1,0.393510398865
bf16,4,64,16,128,4096,optimized_fused,1,11,100,153.707885742,1327104,8.63393568646,1048576,2909,true,1,0.153707885742
bf16,4,64,16,128,4096,control_shuffle32_fused,1,12,100,437.962989807,1327104,3.03017385233,1048576,2909,true,1,0.437962989807
bf16,4,64,16,128,4096,shuffle32_fused,1,13,100,92.8916549683,1327104,14.2865793537,1048576,2909,true,1,0.0928916549683
bf16,4,64,16,128,4096,baseline_transform,1,14,100,25.8795428276,2097152,81.0351254645,1048576,2909,true,1,0.0258795428276
bf16,4,64,16,128,4096,optimized_transform,2,0,100,27.8116583824,2097152,75.4054997787,1048576,2909,true,1,0.0278116583824
bf16,4,64,16,128,4096,control_shuffle32_transform,2,1,100,15.8148574829,2097152,132.606443167,1048576,2909,true,1,0.0158148574829
bf16,4,64,16,128,4096,shuffle32_transform,2,2,100,15.7915425301,2097152,132.802226002,1048576,2909,true,1,0.0157915425301
bf16,4,64,16,128,4096,baseline_split,2,3,100,523.634529114,3424256,6.5394006881,1048576,2909,true,1,0.523634529114
bf16,4,64,16,128,4096,control_optimized_split,2,4,100,402.711334229,3424256,8.50300378697,1048576,2909,true,1,0.402711334229
bf16,4,64,16,128,4096,optimized_split,2,5,100,168.410739899,3424256,20.3327650128,1048576,2909,true,1,0.168410739899
bf16,4,64,16,128,4096,control_shuffle32_split,2,6,100,453.986740112,3424256,7.54263439314,1048576,2909,true,1,0.453986740112
bf16,4,64,16,128,4096,shuffle32_split,2,7,100,105.914506912,3424256,32.3303775831,1048576,2909,true,1,0.105914506912
bf16,4,64,16,128,4096,baseline_fused,2,8,100,519.189033508,1327104,2.55610945985,1048576,2909,true,1,0.519189033508
bf16,4,64,16,128,4096,control_optimized_fused,2,9,100,392.20664978,1327104,3.38368561763,1048576,2909,true,1,0.39220664978
bf16,4,64,16,128,4096,optimized_fused,2,10,100,153.480463028,1327104,8.64672919157,1048576,2909,true,1,0.153480463028
bf16,4,64,16,128,4096,control_shuffle32_fused,2,11,100,432.963447571,1327104,3.0651640628,1048576,2909,true,1,0.432963447571
bf16,4,64,16,128,4096,shuffle32_fused,2,12,100,92.8384017944,1327104,14.2947742997,1048576,2909,true,1,0.0928384017944
bf16,4,64,16,128,4096,baseline_transform,2,13,100,25.9878849983,2097152,80.6972941482,1048576,2909,true,1,0.0259878849983
bf16,4,64,16,128,4096,control_optimized_transform,2,14,100,27.7707433701,2097152,75.5165957229,1048576,2909,true,1,0.0277707433701
bf16,4,64,16,128,4096,control_shuffle32_transform,3,0,100,15.7915425301,2097152,132.802226002,1048576,2909,true,1,0.0157915425301
bf16,4,64,16,128,4096,shuffle32_transform,3,1,100,15.9113144875,2097152,131.802561105,1048576,2909,true,1,0.0159113144875
bf16,4,64,16,128,4096,baseline_split,3,2,100,528.050079346,3424256,6.48471827567,1048576,2909,true,1,0.528050079346
bf16,4,64,16,128,4096,control_optimized_split,3,3,100,402.768936157,3424256,8.50178773137,1048576,2909,true,1,0.402768936157
bf16,4,64,16,128,4096,optimized_split,3,4,100,168.874511719,3424256,20.2769261338,1048576,2909,true,1,0.168874511719
bf16,4,64,16,128,4096,control_shuffle32_split,3,5,100,452.794265747,3424256,7.56249859823,1048576,2909,true,1,0.452794265747
bf16,4,64,16,128,4096,shuffle32_split,3,6,100,106.127319336,3424256,32.2655469056,1048576,2909,true,1,0.106127319336
bf16,4,64,16,128,4096,baseline_fused,3,7,100,519.928207397,1327104,2.55247547857,1048576,2909,true,1,0.519928207397
bf16,4,64,16,128,4096,control_optimized_fused,3,8,100,392.218971252,1327104,3.38357931989,1048576,2909,true,1,0.392218971252
bf16,4,64,16,128,4096,optimized_fused,3,9,100,154.297370911,1327104,8.6009501793,1048576,2909,true,1,0.154297370911
bf16,4,64,16,128,4096,control_shuffle32_fused,3,10,100,436.633834839,1327104,3.03939799006,1048576,2909,true,1,0.436633834839
bf16,4,64,16,128,4096,shuffle32_fused,3,11,100,92.9337215424,1327104,14.2801125143,1048576,2909,true,1,0.0929337215424
bf16,4,64,16,128,4096,baseline_transform,3,12,100,25.9149694443,2097152,80.9243477794,1048576,2909,true,1,0.0259149694443
bf16,4,64,16,128,4096,control_optimized_transform,3,13,100,27.7709698677,2097152,75.515979816,1048576,2909,true,1,0.0277709698677
bf16,4,64,16,128,4096,optimized_transform,3,14,100,27.8267431259,2097152,75.3646228202,1048576,2909,true,1,0.0278267431259
bf16,4,64,16,128,4096,shuffle32_transform,4,0,100,15.8788561821,2097152,132.071981505,1048576,2909,true,1,0.0158788561821
bf16,4,64,16,128,4096,baseline_split,4,1,100,527.385139465,3424256,6.49289436458,1048576,2909,true,1,0.527385139465
bf16,4,64,16,128,4096,control_optimized_split,4,2,100,402.50377655,3424256,8.50738850042,1048576,2909,true,1,0.40250377655
bf16,4,64,16,128,4096,optimized_split,4,3,100,168.50605011,3424256,20.3212644161,1048576,2909,true,1,0.16850605011
bf16,4,64,16,128,4096,control_shuffle32_split,4,4,100,451.520690918,3424256,7.58382964253,1048576,2909,true,1,0.451520690918
bf16,4,64,16,128,4096,shuffle32_split,4,5,100,105.831317902,3424256,32.355790969,1048576,2909,true,1,0.105831317902
bf16,4,64,16,128,4096,baseline_fused,4,6,100,516.638145447,1327104,2.56873018707,1048576,2909,true,1,0.516638145447
bf16,4,64,16,128,4096,control_optimized_fused,4,7,100,394.231796265,1327104,3.36630381561,1048576,2909,true,1,0.394231796265
bf16,4,64,16,128,4096,optimized_fused,4,8,100,154.458742142,1327104,8.59196431098,1048576,2909,true,1,0.154458742142
bf16,4,64,16,128,4096,control_shuffle32_fused,4,9,100,437.962989807,1327104,3.03017385233,1048576,2909,true,1,0.437962989807
bf16,4,64,16,128,4096,shuffle32_fused,4,10,100,92.8324508667,1327104,14.2956906514,1048576,2909,true,1,0.0928324508667
bf16,4,64,16,128,4096,baseline_transform,4,11,100,25.8884572983,2097152,81.0072217065,1048576,2909,true,1,0.0258884572983
bf16,4,64,16,128,4096,control_optimized_transform,4,12,100,27.7136015892,2097152,75.6723009548,1048576,2909,true,1,0.0277136015892
bf16,4,64,16,128,4096,optimized_transform,4,13,100,27.8180575371,2097152,75.3881537992,1048576,2909,true,1,0.0278180575371
bf16,4,64,16,128,4096,control_shuffle32_transform,4,14,100,15.7193136215,2097152,133.412440931,1048576,2909,true,1,0.0157193136215
bf16,16,64,16,128,16384,baseline_transform,0,0,100,78.9270830154,8388608,106.28301059,4194304,2909,true,1,0.0789270830154
bf16,16,64,16,128,16384,control_optimized_transform,0,1,100,87.1764564514,8388608,96.225613445,4194304,2909,true,1,0.0871764564514
bf16,16,64,16,128,16384,optimized_transform,0,2,100,87.2308540344,8388608,96.1656066865,4194304,2909,true,1,0.0872308540344
bf16,16,64,16,128,16384,control_shuffle32_transform,0,3,100,26.618514061,8388608,315.141858812,4194304,2909,true,1,0.026618514061
bf16,16,64,16,128,16384,shuffle32_transform,0,4,100,26.5606856346,8388608,315.827991619,4194304,2909,true,1,0.0265606856346
bf16,16,64,16,128,16384,baseline_split,0,5,100,1884.42642212,13697024,7.26853743889,4194304,2909,true,1,1.88442642212
bf16,16,64,16,128,16384,control_optimized_split,0,6,100,1452.84683228,13697024,9.42771371057,4194304,2909,true,1,1.45284683228
bf16,16,64,16,128,16384,optimized_split,0,7,100,601.917953491,13697024,22.755632924,4194304,2909,true,1,0.601917953491
bf16,16,64,16,128,16384,control_shuffle32_split,0,8,100,1606.09085083,13697024,8.52817509851,4194304,2909,true,1,1.60609085083
bf16,16,64,16,128,16384,shuffle32_split,0,9,100,288.841152191,13697024,47.420611281,4194304,2909,true,1,0.288841152191
bf16,16,64,16,128,16384,baseline_fused,0,10,100,1864.90310669,5308416,2.84648354167,4194304,2909,true,1,1.86490310669
bf16,16,64,16,128,16384,control_optimized_fused,0,11,100,1421.36444092,5308416,3.73473251981,4194304,2909,true,1,1.42136444092
bf16,16,64,16,128,16384,optimized_fused,0,12,100,566.370506287,5308416,9.37269144681,4194304,2909,true,1,0.566370506287
bf16,16,64,16,128,16384,control_shuffle32_fused,0,13,100,1496.96228027,5308416,3.54612542343,4194304,2909,true,1,1.49696228027
bf16,16,64,16,128,16384,shuffle32_fused,0,14,100,265.191078186,5308416,20.0173250032,4194304,2909,true,1,0.265191078186
bf16,16,64,16,128,16384,control_optimized_transform,1,0,100,87.1101665497,8388608,96.298840104,4194304,2909,true,1,0.0871101665497
bf16,16,64,16,128,16384,optimized_transform,1,1,100,87.2235488892,8388608,96.1736607468,4194304,2909,true,1,0.0872235488892
bf16,16,64,16,128,16384,control_shuffle32_transform,1,2,100,26.6146278381,8388608,315.187875292,4194304,2909,true,1,0.0266146278381
bf16,16,64,16,128,16384,shuffle32_transform,1,3,100,26.6395449638,8388608,314.893066356,4194304,2909,true,1,0.0266395449638
bf16,16,64,16,128,16384,baseline_split,1,4,100,1884.64523315,13697024,7.26769354733,4194304,2909,true,1,1.88464523315
bf16,16,64,16,128,16384,control_optimized_split,1,5,100,1452.8515625,13697024,9.42768301562,4194304,2909,true,1,1.4528515625
bf16,16,64,16,128,16384,optimized_split,1,6,100,601.959075928,13697024,22.754078388,4194304,2909,true,1,0.601959075928
bf16,16,64,16,128,16384,control_shuffle32_split,1,7,100,1614.18518066,13697024,8.48541057375,4194304,2909,true,1,1.61418518066
bf16,16,64,16,128,16384,shuffle32_split,1,8,100,288.941936493,13697024,47.4040707495,4194304,2909,true,1,0.288941936493
bf16,16,64,16,128,16384,baseline_fused,1,9,100,1864.77722168,5308416,2.84667569846,4194304,2909,true,1,1.86477722168
bf16,16,64,16,128,16384,control_optimized_fused,1,10,100,1421.62780762,5308416,3.73404063395,4194304,2909,true,1,1.42162780762
bf16,16,64,16,128,16384,optimized_fused,1,11,100,566.322746277,5308416,9.37348187919,4194304,2909,true,1,0.566322746277
bf16,16,64,16,128,16384,control_shuffle32_fused,1,12,100,1496.04660034,5308416,3.54829588783,4194304,2909,true,1,1.49604660034
bf16,16,64,16,128,16384,shuffle32_fused,1,13,100,265.220565796,5308416,20.0150994478,4194304,2909,true,1,0.265220565796
bf16,16,64,16,128,16384,baseline_transform,1,14,100,78.9474344254,8388608,106.255612498,4194304,2909,true,1,0.0789474344254
bf16,16,64,16,128,16384,optimized_transform,2,0,100,87.2340583801,8388608,96.1620742606,4194304,2909,true,1,0.0872340583801
bf16,16,64,16,128,16384,control_shuffle32_transform,2,1,100,26.6128015518,8388608,315.209504857,4194304,2909,true,1,0.0266128015518
bf16,16,64,16,128,16384,shuffle32_transform,2,2,100,26.639084816,8388608,314.898505634,4194304,2909,true,1,0.026639084816
bf16,16,64,16,128,16384,baseline_split,2,3,100,1884.44229126,13697024,7.26847622956,4194304,2909,true,1,1.88444229126
bf16,16,64,16,128,16384,control_optimized_split,2,4,100,1453.20861816,13697024,9.42536661894,4194304,2909,true,1,1.45320861816
bf16,16,64,16,128,16384,optimized_split,2,5,100,601.888008118,13697024,22.7567650714,4194304,2909,true,1,0.601888008118
bf16,16,64,16,128,16384,control_shuffle32_split,2,6,100,1607.91610718,13697024,8.51849417943,4194304,2909,true,1,1.60791610718
bf16,16,64,16,128,16384,shuffle32_split,2,7,100,288.756561279,13697024,47.434503096,4194304,2909,true,1,0.288756561279
bf16,16,64,16,128,16384,baseline_fused,2,8,100,1864.51675415,5308416,2.84707337072,4194304,2909,true,1,1.86451675415
bf16,16,64,16,128,16384,control_optimized_fused,2,9,100,1421.50756836,5308416,3.73435648051,4194304,2909,true,1,1.42150756836
bf16,16,64,16,128,16384,optimized_fused,2,10,100,566.289596558,5308416,9.37403058836,4194304,2909,true,1,0.566289596558
bf16,16,64,16,128,16384,control_shuffle32_fused,2,11,100,1497.840271,5308416,3.54404678709,4194304,2909,true,1,1.497840271
bf16,16,64,16,128,16384,shuffle32_fused,2,12,100,265.188102722,5308416,20.0175496016,4194304,2909,true,1,0.265188102722
bf16,16,64,16,128,16384,baseline_transform,2,13,100,78.9154338837,8388608,106.298699597,4194304,2909,true,1,0.0789154338837
bf16,16,64,16,128,16384,control_optimized_transform,2,14,100,87.1807956696,8388608,96.2208240424,4194304,2909,true,1,0.0871807956696
bf16,16,64,16,128,16384,control_shuffle32_transform,3,0,100,26.6249155998,8388608,315.066087949,4194304,2909,true,1,0.0266249155998
bf16,16,64,16,128,16384,shuffle32_transform,3,1,100,26.6313123703,8388608,314.990409911,4194304,2909,true,1,0.0266313123703
bf16,16,64,16,128,16384,baseline_split,3,2,100,1884.67163086,13697024,7.26759175218,4194304,2909,true,1,1.88467163086
bf16,16,64,16,128,16384,control_optimized_split,3,3,100,1452.9737854,13697024,9.42688996707,4194304,2909,true,1,1.4529737854
bf16,16,64,16,128,16384,optimized_split,3,4,100,601.821937561,13697024,22.7592634052,4194304,2909,true,1,0.601821937561
bf16,16,64,16,128,16384,control_shuffle32_split,3,5,100,1609.84893799,13697024,8.50826663098,4194304,2909,true,1,1.60984893799
bf16,16,64,16,128,16384,shuffle32_split,3,6,100,288.81942749,13697024,47.4241782107,4194304,2909,true,1,0.28881942749
bf16,16,64,16,128,16384,baseline_fused,3,7,100,1864.68002319,5308416,2.84682408455,4194304,2909,true,1,1.86468002319
bf16,16,64,16,128,16384,control_optimized_fused,3,8,100,1421.60095215,5308416,3.73411117373,4194304,2909,true,1,1.42160095215
bf16,16,64,16,128,16384,optimized_fused,3,9,100,566.300125122,5308416,9.37385630783,4194304,2909,true,1,0.566300125122
bf16,16,64,16,128,16384,control_shuffle32_fused,3,10,100,1497.49313354,5308416,3.54486834102,4194304,2909,true,1,1.49749313354
bf16,16,64,16,128,16384,shuffle32_fused,3,11,100,265.21074295,5308416,20.0158407648,4194304,2909,true,1,0.26521074295
bf16,16,64,16,128,16384,baseline_transform,3,12,100,78.9284610748,8388608,106.281154932,4194304,2909,true,1,0.0789284610748
bf16,16,64,16,128,16384,control_optimized_transform,3,13,100,87.1611404419,8388608,96.2425222693,4194304,2909,true,1,0.0871611404419
bf16,16,64,16,128,16384,optimized_transform,3,14,100,87.2340583801,8388608,96.1620742606,4194304,2909,true,1,0.0872340583801
bf16,16,64,16,128,16384,shuffle32_transform,4,0,100,26.6623997688,8388608,314.62314243,4194304,2909,true,1,0.0266623997688
bf16,16,64,16,128,16384,baseline_split,4,1,100,1884.42626953,13697024,7.26853802744,4194304,2909,true,1,1.88442626953
bf16,16,64,16,128,16384,control_optimized_split,4,2,100,1452.99743652,13697024,9.42673652114,4194304,2909,true,1,1.45299743652
bf16,16,64,16,128,16384,optimized_split,4,3,100,601.798858643,13697024,22.7601362204,4194304,2909,true,1,0.601798858643
bf16,16,64,16,128,16384,control_shuffle32_split,4,4,100,1606.82983398,13697024,8.52425297957,4194304,2909,true,1,1.60682983398
bf16,16,64,16,128,16384,shuffle32_split,4,5,100,288.802509308,13697024,47.4269563406,4194304,2909,true,1,0.288802509308
bf16,16,64,16,128,16384,baseline_fused,4,6,100,1864.59838867,5308416,2.84694872218,4194304,2909,true,1,1.86459838867
bf16,16,64,16,128,16384,control_optimized_fused,4,7,100,1421.51779175,5308416,3.73432962346,4194304,2909,true,1,1.42151779175
bf16,16,64,16,128,16384,optimized_fused,4,8,100,566.261482239,5308416,9.37449599964,4194304,2909,true,1,0.566261482239
bf16,16,64,16,128,16384,control_shuffle32_fused,4,9,100,1496.56707764,5308416,3.54706185865,4194304,2909,true,1,1.49656707764
bf16,16,64,16,128,16384,shuffle32_fused,4,10,100,265.20275116,5308416,20.016443935,4194304,2909,true,1,0.26520275116
bf16,16,64,16,128,16384,baseline_transform,4,11,100,78.9236545563,8388608,106.287627545,4194304,2909,true,1,0.0789236545563
bf16,16,64,16,128,16384,control_optimized_transform,4,12,100,87.179889679,8388608,96.2218239882,4194304,2909,true,1,0.087179889679
bf16,16,64,16,128,16384,optimized_transform,4,13,100,87.213716507,8388608,96.1845032637,4194304,2909,true,1,0.087213716507
bf16,16,64,16,128,16384,control_shuffle32_transform,4,14,100,26.5469694138,8388608,315.991172825,4194304,2909,true,1,0.0265469694138
bf16,1,1,1,256,1,baseline_transform,0,0,100,9.76274311543,1024,0.104888553134,512,2909,true,1,0.00976274311543
bf16,1,1,1,256,1,control_optimized_transform,0,1,100,10.6624007225,1024,0.0960384088584,512,2909,true,1,0.0106624007225
bf16,1,1,1,256,1,optimized_transform,0,2,100,10.5003428459,1024,0.0975206252811,512,2909,true,1,0.0105003428459
bf16,1,1,1,256,1,control_shuffle32_transform,0,3,100,11.6790854931,1024,0.0876780977934,512,2909,true,1,0.0116790854931
bf16,1,1,1,256,1,shuffle32_transform,0,4,100,11.5380573273,1024,0.0887497757166,512,2909,true,1,0.0115380573273
bf16,1,1,1,256,1,baseline_split,0,5,100,100.542402267,1668,0.0165900153804,512,2909,true,1,0.100542402267
bf16,1,1,1,256,1,control_optimized_split,0,6,100,67.005944252,1668,0.0248933138488,512,2909,true,1,0.067005944252
bf16,1,1,1,256,1,optimized_split,0,7,100,35.4809141159,1668,0.0470111901444,512,2909,true,1,0.0354809141159
bf16,1,1,1,256,1,control_shuffle32_split,0,8,100,304.884357452,1668,0.00547092679315,512,2909,true,1,0.304884357452
bf16,1,1,1,256,1,shuffle32_split,0,9,100,68.1211423874,1668,0.02448579019,512,2909,true,1,0.0681211423874
bf16,1,1,1,256,1,baseline_fused,0,10,100,95.954284668,644,0.00671152937285,512,2909,true,1,0.095954284668
bf16,1,1,1,256,1,control_optimized_fused,0,11,100,61.1494874954,644,0.0105315682335,512,2909,true,1,0.0611494874954
bf16,1,1,1,256,1,optimized_fused,0,12,100,29.9641132355,644,0.021492376395,512,2909,true,1,0.0299641132355
bf16,1,1,1,256,1,control_shuffle32_fused,0,13,100,300.694847107,644,0.00214170613895,512,2909,true,1,0.300694847107
bf16,1,1,1,256,1,shuffle32_fused,0,14,100,61.4982843399,644,0.0104718368474,512,2909,true,1,0.0614982843399
bf16,1,1,1,256,1,control_optimized_transform,1,0,100,10.6603431702,1024,0.0960569452272,512,2909,true,1,0.0106603431702
bf16,1,1,1,256,1,optimized_transform,1,1,100,10.5638861656,1024,0.0969340244628,512,2909,true,1,0.0105638861656
bf16,1,1,1,256,1,control_shuffle32_transform,1,2,100,11.6361141205,1024,0.0880018870043,512,2909,true,1,0.0116361141205
bf16,1,1,1,256,1,shuffle32_transform,1,3,100,11.7385137081,1024,0.0872342125641,512,2909,true,1,0.0117385137081
bf16,1,1,1,256,1,baseline_split,1,4,100,100.505828857,1668,0.0165960523779,512,2909,true,1,0.100505828857
bf16,1,1,1,256,1,control_optimized_split,1,5,100,67.0125722885,1668,0.0248908517169,512,2909,true,1,0.0670125722885
bf16,1,1,1,256,1,optimized_split,1,6,100,35.5247998238,1668,0.0469531146769,512,2909,true,1,0.0355247998238
bf16,1,1,1,256,1,control_shuffle32_split,1,7,100,305.533485413,1668,0.00545930341399,512,2909,true,1,0.305533485413
bf16,1,1,1,256,1,shuffle32_split,1,8,100,68.1261730194,1668,0.024483982089,512,2909,true,1,0.0681261730194
bf16,1,1,1,256,1,baseline_fused,1,9,100,96.0111999512,644,0.00670755078915,512,2909,true,1,0.0960111999512
bf16,1,1,1,256,1,control_optimized_fused,1,10,100,61.1561155319,644,0.010530426833,512,2909,true,1,0.0611561155319
bf16,1,1,1,256,1,optimized_fused,1,11,100,29.9865150452,644,0.0214763202403,512,2909,true,1,0.0299865150452
bf16,1,1,1,256,1,control_shuffle32_fused,1,12,100,300.685710907,644,0.00214177121373,512,2909,true,1,0.300685710907
bf16,1,1,1,256,1,shuffle32_fused,1,13,100,61.5407991409,644,0.0104646024912,512,2909,true,1,0.0615407991409
bf16,1,1,1,256,1,baseline_transform,1,14,100,9.71908569336,1024,0.105359704843,512,2909,true,1,0.00971908569336
bf16,1,1,1,256,1,optimized_transform,2,0,100,10.5199992657,1024,0.0973384098364,512,2909,true,1,0.0105199992657
bf16,1,1,1,256,1,control_shuffle32_transform,2,1,100,11.5476572514,1024,0.0886759952872,512,2909,true,1,0.0115476572514
bf16,1,1,1,256,1,shuffle32_transform,2,2,100,11.5158867836,1024,0.0889206380058,512,2909,true,1,0.0115158867836
bf16,1,1,1,256,1,baseline_split,2,3,100,100.585136414,1668,0.0165829670215,512,2909,true,1,0.100585136414
bf16,1,1,1,256,1,control_optimized_split,2,4,100,66.9033145905,1668,0.0249315001837,512,2909,true,1,0.0669033145905
bf16,1,1,1,256,1,optimized_split,2,5,100,35.5264019966,1668,0.0469509971812,512,2909,true,1,0.0355264019966
bf16,1,1,1,256,1,control_shuffle32_split,2,6,100,305.574398041,1668,0.00545857248086,512,2909,true,1,0.305574398041
bf16,1,1,1,256,1,shuffle32_split,2,7,100,68.0507421494,1668,0.0245111213679,512,2909,true,1,0.0680507421494
bf16,1,1,1,256,1,baseline_fused,2,8,100,96.0111999512,644,0.00670755078915,512,2909,true,1,0.0960111999512
bf16,1,1,1,256,1,control_optimized_fused,2,9,100,61.1570310593,644,0.0105302691914,512,2909,true,1,0.0611570310593
bf16,1,1,1,256,1,optimized_fused,2,10,100,29.9488019943,644,0.0215033643123,512,2909,true,1,0.0299488019943
bf16,1,1,1,256,1,control_shuffle32_fused,2,11,100,300.701713562,644,0.00214165723358,512,2909,true,1,0.300701713562
bf16,1,1,1,256,1,shuffle32_fused,2,12,100,61.5412569046,644,0.0104645246521,512,2909,true,1,0.0615412569046
bf16,1,1,1,256,1,baseline_transform,2,13,100,9.81211423874,1024,0.10436079066,512,2909,true,1,0.00981211423874
bf16,1,1,1,256,1,control_optimized_transform,2,14,100,10.6061720848,1024,0.0965475566314,512,2909,true,1,0.0106061720848
bf16,1,1,1,256,1,control_shuffle32_transform,3,0,100,11.669485569,1024,0.0877502263442,512,2909,true,1,0.011669485569
bf16,1,1,1,256,1,shuffle32_transform,3,1,100,11.7279994488,1024,0.0873124188377,512,2909,true,1,0.0117279994488
bf16,1,1,1,256,1,baseline_split,3,2,100,100.543546677,1668,0.0165898265491,512,2909,true,1,0.100543546677
bf16,1,1,1,256,1,control_optimized_split,3,3,100,66.8909740448,1668,0.0249360997327,512,2909,true,1,0.0668909740448
bf16,1,1,1,256,1,optimized_split,3,4,100,35.5131435394,1668,0.0469685258402,512,2909,true,1,0.0355131435394
bf16,1,1,1,256,1,control_shuffle32_split,3,5,100,304.881839752,1668,0.00547097197182,512,2909,true,1,0.304881839752
bf16,1,1,1,256,1,shuffle32_split,3,6,100,68.0516576767,1668,0.0245107916096,512,2909,true,1,0.0680516576767
bf16,1,1,1,256,1,baseline_fused,3,7,100,96.014623642,644,0.00670731161121,512,2909,true,1,0.096014623642
bf16,1,1,1,256,1,control_optimized_fused,3,8,100,61.1570310593,644,0.0105302691914,512,2909,true,1,0.0611570310593
bf16,1,1,1,256,1,optimized_fused,3,9,100,29.9849152565,644,0.0214774660689,512,2909,true,1,0.0299849152565
bf16,1,1,1,256,1,control_shuffle32_fused,3,10,100,300.686168671,644,0.0021417679531,512,2909,true,1,0.300686168671
bf16,1,1,1,256,1,shuffle32_fused,3,11,100,61.4966869354,644,0.0104721088581,512,2909,true,1,0.0614966869354
bf16,1,1,1,256,1,baseline_transform,3,12,100,9.92114305496,1024,0.10321391339,512,2909,true,1,0.00992114305496
bf16,1,1,1,256,1,control_optimized_transform,3,13,100,10.6203424931,1024,0.0964187360878,512,2909,true,1,0.0106203424931
bf16,1,1,1,256,1,optimized_transform,3,14,100,10.4596567154,1024,0.0978999624809,512,2909,true,1,0.0104596567154
bf16,1,1,1,256,1,shuffle32_transform,4,0,100,11.5929150581,1024,0.088329811343,512,2909,true,1,0.0115929150581
bf16,1,1,1,256,1,baseline_split,4,1,100,100.555648804,1668,0.0165878299215,512,2909,true,1,0.100555648804
bf16,1,1,1,256,1,control_optimized_split,4,2,100,66.9213724136,1668,0.0249247727571,512,2909,true,1,0.0669213724136
bf16,1,1,1,256,1,optimized_split,4,3,100,35.5712008476,1668,0.0468918664609,512,2909,true,1,0.0355712008476
bf16,1,1,1,256,1,control_shuffle32_split,4,4,100,305.039539337,1668,0.00546814358435,512,2909,true,1,0.305039539337
bf16,1,1,1,256,1,shuffle32_split,4,5,100,68.0502891541,1668,0.0245112845329,512,2909,true,1,0.0680502891541
bf16,1,1,1,256,1,baseline_fused,4,6,100,96.0093688965,644,0.00670767871305,512,2909,true,1,0.0960093688965
bf16,1,1,1,256,1,control_optimized_fused,4,7,100,61.1490297318,644,0.0105316470731,512,2909,true,1,0.0611490297318
bf16,1,1,1,256,1,optimized_fused,4,8,100,29.944229126,644,0.0215066481522,512,2909,true,1,0.029944229126
bf16,1,1,1,256,1,control_shuffle32_fused,4,9,100,300.70104599,644,0.00214166198817,512,2909,true,1,0.30070104599
bf16,1,1,1,256,1,shuffle32_fused,4,10,100,61.5469694138,644,0.0104635533826,512,2909,true,1,0.0615469694138
bf16,1,1,1,256,1,baseline_transform,4,11,100,9.74125683308,1024,0.105119905732,512,2909,true,1,0.00974125683308
bf16,1,1,1,256,1,control_optimized_transform,4,12,100,10.6786286831,1024,0.095892462449,512,2909,true,1,0.0106786286831
bf16,1,1,1,256,1,optimized_transform,4,13,100,10.598628521,1024,0.0966162742636,512,2909,true,1,0.010598628521
bf16,1,1,1,256,1,control_shuffle32_transform,4,14,100,11.5661716461,1024,0.0885340483723,512,2909,true,1,0.0115661716461
bf16,1,17,1,256,17,baseline_transform,0,0,100,10.0061714649,17408,1.739726334,8704,2909,true,1,0.0100061714649
bf16,1,17,1,256,17,control_optimized_transform,0,1,100,10.7988572121,17408,1.61202242591,8704,2909,true,1,0.0107988572121
bf16,1,17,1,256,17,optimized_transform,0,2,100,10.7773721218,17408,1.61523605228,8704,2909,true,1,0.0107773721218
bf16,1,17,1,256,17,control_shuffle32_transform,0,3,100,11.7700564861,17408,1.47900734551,8704,2909,true,1,0.0117700564861
bf16,1,17,1,256,17,shuffle32_transform,0,4,100,11.8034291267,17408,1.47482564711,8704,2909,true,1,0.0118034291267
bf16,1,17,1,256,17,baseline_split,0,5,100,101.358394623,28356,0.279759758484,8704,2909,true,1,0.101358394623
bf16,1,17,1,256,17,control_optimized_split,0,6,100,67.4653720856,28356,0.420304507682,8704,2909,true,1,0.0674653720856
bf16,1,17,1,256,17,optimized_split,0,7,100,36.240913868,28356,0.78243060049,8704,2909,true,1,0.036240913868
bf16,1,17,1,256,17,control_shuffle32_split,0,8,100,305.418281555,28356,0.0928431652998,8704,2909,true,1,0.305418281555
bf16,1,17,1,256,17,shuffle32_split,0,9,100,68.1382846832,28356,0.416153710529,8704,2909,true,1,0.0681382846832
bf16,1,17,1,256,17,baseline_fused,0,10,100,96.5318870544,10948,0.113413301387,8704,2909,true,1,0.0965318870544
bf16,1,17,1,256,17,control_optimized_fused,0,11,100,61.6004562378,10948,0.177725956407,8704,2909,true,1,0.0616004562378
bf16,1,17,1,256,17,optimized_fused,0,12,100,30.2450299263,10948,0.361976828149,8704,2909,true,1,0.0302450299263
bf16,1,17,1,256,17,control_shuffle32_fused,0,13,100,301.225585938,10948,0.0363448541927,8704,2909,true,1,0.301225585937
bf16,1,17,1,256,17,shuffle32_fused,0,14,100,61.4676570892,10948,0.17810992835,8704,2909,true,1,0.0614676570892
bf16,1,17,1,256,17,control_optimized_transform,1,0,100,10.8941709995,17408,1.59791874028,8704,2909,true,1,0.0108941709995
bf16,1,17,1,256,17,optimized_transform,1,1,100,10.8032000065,17408,1.61137440662,8704,2909,true,1,0.0108032000065
bf16,1,17,1,256,17,control_shuffle32_transform,1,2,100,11.8852567673,17408,1.46467176443,8704,2909,true,1,0.0118852567673
bf16,1,17,1,256,17,shuffle32_transform,1,3,100,11.7385137081,17408,1.48298161359,8704,2909,true,1,0.0117385137081
bf16,1,17,1,256,17,baseline_split,1,4,100,101.37257576,28356,0.27972062254,8704,2909,true,1,0.10137257576
bf16,1,17,1,256,17,control_optimized_split,1,5,100,67.4399995804,28356,0.420462636068,8704,2909,true,1,0.0674399995804
bf16,1,17,1,256,17,optimized_split,1,6,100,36.2452554703,28356,0.782336877809,8704,2909,true,1,0.0362452554703
bf16,1,17,1,256,17,control_shuffle32_split,1,7,100,306.034965515,28356,0.092656079191,8704,2909,true,1,0.306034965515
bf16,1,17,1,256,17,shuffle32_split,1,8,100,68.7099456787,28356,0.412691346499,8704,2909,true,1,0.0687099456787
bf16,1,17,1,256,17,baseline_fused,1,9,100,96.5423965454,10948,0.11340095535,8704,2909,true,1,0.0965423965454
bf16,1,17,1,256,17,control_optimized_fused,1,10,100,61.5913152695,10948,0.177752333297,8704,2909,true,1,0.0615913152695
bf16,1,17,1,256,17,optimized_fused,1,11,100,30.2354288101,10948,0.362091772164,8704,2909,true,1,0.0302354288101
bf16,1,17,1,256,17,control_shuffle32_fused,1,12,100,301.229496002,10948,0.0363443824237,8704,2909,true,1,0.301229496002
bf16,1,17,1,256,17,shuffle32_fused,1,13,100,61.4701700211,10948,0.178102647125,8704,2909,true,1,0.0614701700211
bf16,1,17,1,256,17,baseline_transform,1,14,100,10.1161146164,17408,1.72081877876,8704,2909,true,1,0.0101161146164
bf16,1,17,1,256,17,optimized_transform,2,0,100,10.917943716,17408,1.59443943409,8704,2909,true,1,0.010917943716
bf16,1,17,1,256,17,control_shuffle32_transform,2,1,100,11.8505144119,17408,1.46896576764,8704,2909,true,1,0.0118505144119
bf16,1,17,1,256,17,shuffle32_transform,2,2,100,11.8368005753,17408,1.47066767657,8704,2909,true,1,0.0118368005753
bf16,1,17,1,256,17,baseline_split,2,3,100,101.389026642,28356,0.279675236455,8704,2909,true,1,0.101389026642
bf16,1,17,1,256,17,control_optimized_split,2,4,100,67.3590898514,28356,0.420967683242,8704,2909,true,1,0.0673590898514
bf16,1,17,1,256,17,optimized_split,2,5,100,36.2559986115,28356,0.782105060845,8704,2909,true,1,0.0362559986115
bf16,1,17,1,256,17,control_shuffle32_split,2,6,100,306.142406464,28356,0.0926235614581,8704,2909,true,1,0.306142406464
bf16,1,17,1,256,17,shuffle32_split,2,7,100,68.248000145,28356,0.415484701966,8704,2909,true,1,0.068248000145
bf16,1,17,1,256,17,baseline_fused,2,8,100,96.5302944183,10948,0.113415172573,8704,2909,true,1,0.0965302944183
bf16,1,17,1,256,17,control_optimized_fused,2,9,100,61.6077709198,10948,0.17770485503,8704,2909,true,1,0.0616077709198
bf16,1,17,1,256,17,optimized_fused,2,10,100,30.2662873268,10948,0.361722595236,8704,2909,true,1,0.0302662873268
bf16,1,17,1,256,17,control_shuffle32_fused,2,11,100,301.224899292,10948,0.0363449370412,8704,2909,true,1,0.301224899292
bf16,1,17,1,256,17,shuffle32_fused,2,12,100,61.4580535889,10948,0.178137759995,8704,2909,true,1,0.0614580535889
bf16,1,17,1,256,17,baseline_transform,2,13,100,10.1453721523,17408,1.71585622869,8704,2909,true,1,0.0101453721523
bf16,1,17,1,256,17,control_optimized_transform,2,14,100,10.7346284389,17408,1.62166768035,8704,2909,true,1,0.0107346284389
bf16,1,17,1,256,17,control_shuffle32_transform,3,0,100,11.9789707661,17408,1.45321333026,8704,2909,true,1,0.0119789707661
bf16,1,17,1,256,17,shuffle32_transform,3,1,100,11.9602286816,17408,1.45549056489,8704,2909,true,1,0.0119602286816
bf16,1,17,1,256,17,baseline_split,3,2,100,101.302633286,28356,0.279913750318,8704,2909,true,1,0.101302633286
bf16,1,17,1,256,17,control_optimized_split,3,3,100,67.4701738358,28356,0.420274595246,8704,2909,true,1,0.0674701738358
bf16,1,17,1,256,17,optimized_split,3,4,100,36.2717700005,28356,0.781764992435,8704,2909,true,1,0.0362717700005
bf16,1,17,1,256,17,control_shuffle32_split,3,5,100,305.433616638,28356,0.092838503869,8704,2909,true,1,0.305433616638
bf16,1,17,1,256,17,shuffle32_split,3,6,100,68.1120014191,28356,0.416314297176,8704,2909,true,1,0.0681120014191
bf16,1,17,1,256,17,baseline_fused,3,7,100,96.5375995636,10948,0.113406590277,8704,2909,true,1,0.0965375995636
bf16,1,17,1,256,17,control_optimized_fused,3,8,100,61.5929174423,10948,0.177747709552,8704,2909,true,1,0.0615929174423
bf16,1,17,1,256,17,optimized_fused,3,9,100,30.2292561531,10948,0.362165709422,8704,2909,true,1,0.0302292561531
bf16,1,17,1,256,17,control_shuffle32_fused,3,10,100,301.213493347,10948,0.036346313302,8704,2909,true,1,0.301213493347
bf16,1,17,1,256,17,shuffle32_fused,3,11,100,61.4740562439,10948,0.17809138796,8704,2909,true,1,0.0614740562439
bf16,1,17,1,256,17,baseline_transform,3,12,100,10.0589716434,17408,1.73059440041,8704,2909,true,1,0.0100589716434
bf16,1,17,1,256,17,control_optimized_transform,3,13,100,10.8159995079,17408,1.60946752885,8704,2909,true,1,0.0108159995079
bf16,1,17,1,256,17,optimized_transform,3,14,100,10.8223998547,17408,1.6085156928,8704,2909,true,1,0.0108223998547
bf16,1,17,1,256,17,shuffle32_transform,4,0,100,11.8377137184,17408,1.47055423151,8704,2909,true,1,0.0118377137184
bf16,1,17,1,256,17,baseline_split,4,1,100,101.285486221,28356,0.279961138144,8704,2909,true,1,0.101285486221
bf16,1,17,1,256,17,control_optimized_split,4,2,100,67.4781703949,28356,0.42022479024,8704,2909,true,1,0.0674781703949
bf16,1,17,1,256,17,optimized_split,4,3,100,36.2827420235,28356,0.781528584076,8704,2909,true,1,0.0362827420235
bf16,1,17,1,256,17,control_shuffle32_split,4,4,100,305.499191284,28356,0.0928185763138,8704,2909,true,1,0.305499191284
bf16,1,17,1,256,17,shuffle32_split,4,5,100,68.2438850403,28356,0.415509755684,8704,2909,true,1,0.0682438850403
bf16,1,17,1,256,17,baseline_fused,4,6,100,96.5369129181,10948,0.113407396912,8704,2909,true,1,0.0965369129181
bf16,1,17,1,256,17,control_optimized_fused,4,7,100,61.5819454193,10948,0.177779378768,8704,2909,true,1,0.0615819454193
bf16,1,17,1,256,17,optimized_fused,4,8,100,30.2500581741,10948,0.361916659366,8704,2909,true,1,0.0302500581741
bf16,1,17,1,256,17,control_shuffle32_fused,4,9,100,301.223983765,10948,0.0363450475064,8704,2909,true,1,0.301223983765
bf16,1,17,1,256,17,shuffle32_fused,4,10,100,61.4733695984,10948,0.178093377206,8704,2909,true,1,0.0614733695984
bf16,1,17,1,256,17,baseline_transform,4,11,100,10.0665140152,17408,1.72929774634,8704,2909,true,1,0.0100665140152
bf16,1,17,1,256,17,control_optimized_transform,4,12,100,10.7469713688,17408,1.61980519,8704,2909,true,1,0.0107469713688
bf16,1,17,1,256,17,optimized_transform,4,13,100,10.7183992863,17408,1.62412311158,8704,2909,true,1,0.0107183992863
bf16,1,17,1,256,17,control_shuffle32_transform,4,14,100,12.0399999619,17408,1.44584718066,8704,2909,true,1,0.0120399999619
bf16,1,257,1,256,257,baseline_transform,0,0,100,10.4329144955,263168,25.2247825969,131584,2909,true,1,0.0104329144955
bf16,1,257,1,256,257,control_optimized_transform,0,1,100,11.0338294506,263168,23.8510121239,131584,2909,true,1,0.0110338294506
bf16,1,257,1,256,257,optimized_transform,0,2,100,11.0166859627,263168,23.8881275995,131584,2909,true,1,0.0110166859627
bf16,1,257,1,256,257,control_shuffle32_transform,0,3,100,13.6713147163,263168,19.2496482936,131584,2909,true,1,0.0136713147163
bf16,1,257,1,256,257,shuffle32_transform,0,4,100,13.7803423405,263168,19.0973484909,131584,2909,true,1,0.0137803423405
bf16,1,257,1,256,257,baseline_split,0,5,100,104.000692368,428676,4.12185717461,131584,2909,true,1,0.104000692368
bf16,1,257,1,256,257,control_optimized_split,0,6,100,69.7138309479,428676,6.14908109584,131584,2909,true,1,0.0697138309479
bf16,1,257,1,256,257,optimized_split,0,7,100,36.8434286118,428676,11.635073503,131584,2909,true,1,0.0368434286118
bf16,1,257,1,256,257,control_shuffle32_split,0,8,100,328.400001526,428676,1.30534713157,131584,2909,true,1,0.328400001526
bf16,1,257,1,256,257,shuffle32_split,0,9,100,76.7730283737,428676,5.58367969951,131584,2909,true,1,0.0767730283737
bf16,1,257,1,256,257,baseline_fused,0,10,100,98.8875389099,165508,1.67369925295,131584,2909,true,1,0.0988875389099
bf16,1,257,1,256,257,control_optimized_fused,0,11,100,63.8022899628,165508,2.59407617025,131584,2909,true,1,0.0638022899628
bf16,1,257,1,256,257,optimized_fused,0,12,100,30.7497143745,165508,5.3824239791,131584,2909,true,1,0.0307497143745
bf16,1,257,1,256,257,control_shuffle32_fused,0,13,100,321.583061218,165508,0.514666411138,131584,2909,true,1,0.321583061218
bf16,1,257,1,256,257,shuffle32_fused,0,14,100,68.3775997162,165508,2.42050029084,131584,2909,true,1,0.0683775997162
bf16,1,257,1,256,257,control_optimized_transform,1,0,100,11.0797715187,263168,23.7521143424,131584,2909,true,1,0.0110797715187
bf16,1,257,1,256,257,optimized_transform,1,1,100,11.0548567772,263168,23.8056453651,131584,2909,true,1,0.0110548567772
bf16,1,257,1,256,257,control_shuffle32_transform,1,2,100,13.8569140434,263168,18.9918187538,131584,2909,true,1,0.0138569140434
bf16,1,257,1,256,257,shuffle32_transform,1,3,100,13.9389705658,263168,18.8800169107,131584,2909,true,1,0.0139389705658
bf16,1,257,1,256,257,baseline_split,1,4,100,104.065599442,428676,4.11928631844,131584,2909,true,1,0.104065599442
bf16,1,257,1,256,257,control_optimized_split,1,5,100,69.6694850922,428676,6.15299509438,131584,2909,true,1,0.0696694850922
bf16,1,257,1,256,257,optimized_split,1,6,100,36.8868589401,428676,11.6213744493,131584,2909,true,1,0.0368868589401
bf16,1,257,1,256,257,control_shuffle32_split,1,7,100,328.500556946,428676,1.30494755925,131584,2909,true,1,0.328500556946
bf16,1,257,1,256,257,shuffle32_split,1,8,100,76.8612575531,428676,5.57727018328,131584,2909,true,1,0.0768612575531
bf16,1,257,1,256,257,baseline_fused,1,9,100,98.8790893555,165508,1.67384227625,131584,2909,true,1,0.0988790893555
bf16,1,257,1,256,257,control_optimized_fused,1,10,100,63.7734889984,165508,2.5952476899,131584,2909,true,1,0.0637734889984
bf16,1,257,1,256,257,optimized_fused,1,11,100,30.7291412354,165508,5.3860275083,131584,2909,true,1,0.0307291412354
bf16,1,257,1,256,257,control_shuffle32_fused,1,12,100,321.592254639,165508,0.514651698269,131584,2909,true,1,0.321592254639
bf16,1,257,1,256,257,shuffle32_fused,1,13,100,68.3750867844,165508,2.42058924944,131584,2909,true,1,0.0683750867844
bf16,1,257,1,256,257,baseline_transform,1,14,100,10.766171217,263168,24.4439731355,131584,2909,true,1,0.010766171217
bf16,1,257,1,256,257,optimized_transform,2,0,100,11.108571291,263168,23.6905352729,131584,2909,true,1,0.011108571291
bf16,1,257,1,256,257,control_shuffle32_transform,2,1,100,13.7193143368,263168,19.182299752,131584,2909,true,1,0.0137193143368
bf16,1,257,1,256,257,shuffle32_transform,2,2,100,13.9209139347,263168,18.9045059279,131584,2909,true,1,0.0139209139347
bf16,1,257,1,256,257,baseline_split,2,3,100,104.082736969,428676,4.11860806589,131584,2909,true,1,0.104082736969
bf16,1,257,1,256,257,control_optimized_split,2,4,100,69.6937131882,428676,6.15085608716,131584,2909,true,1,0.0696937131882
bf16,1,257,1,256,257,optimized_split,2,5,100,36.9122266769,428676,11.6133877198,131584,2909,true,1,0.0369122266769
bf16,1,257,1,256,257,control_shuffle32_split,2,6,100,328.402290344,428676,1.30533803388,131584,2909,true,1,0.328402290344
bf16,1,257,1,256,257,shuffle32_split,2,7,100,76.8114280701,428676,5.5808882971,131584,2909,true,1,0.0768114280701
bf16,1,257,1,256,257,baseline_fused,2,8,100,98.8868522644,165508,1.6737108747,131584,2909,true,1,0.0988868522644
bf16,1,257,1,256,257,control_optimized_fused,2,9,100,63.7613725662,165508,2.59574085906,131584,2909,true,1,0.0637613725662
bf16,1,257,1,256,257,optimized_fused,2,10,100,30.6281137466,165508,5.40379343531,131584,2909,true,1,0.0306281137466
bf16,1,257,1,256,257,control_shuffle32_fused,2,11,100,321.579208374,165508,0.514672577362,131584,2909,true,1,0.321579208374
bf16,1,257,1,256,257,shuffle32_fused,2,12,100,68.372797966,165508,2.42067028005,131584,2909,true,1,0.068372797966
bf16,1,257,1,256,257,baseline_transform,2,13,100,10.6514275074,263168,24.7072986055,131584,2909,true,1,0.0106514275074
bf16,1,257,1,256,257,control_optimized_transform,2,14,100,11.093941927,263168,23.7217755179,131584,2909,true,1,0.011093941927
bf16,1,257,1,256,257,control_shuffle32_transform,3,0,100,13.7634289265,263168,19.1208165789,131584,2909,true,1,0.0137634289265
bf16,1,257,1,256,257,shuffle32_transform,3,1,100,13.9106285572,263168,18.9184837276,131584,2909,true,1,0.0139106285572
bf16,1,257,1,256,257,baseline_split,3,2,100,104.065599442,428676,4.11928631844,131584,2909,true,1,0.104065599442
bf16,1,257,1,256,257,control_optimized_split,3,3,100,69.6825122833,428676,6.15184478793,131584,2909,true,1,0.0696825122833
bf16,1,257,1,256,257,optimized_split,3,4,100,36.884572506,428676,11.6220948455,131584,2909,true,1,0.036884572506
bf16,1,257,1,256,257,control_shuffle32_split,3,5,100,328.390846252,428676,1.3053835236,131584,2909,true,1,0.328390846252
bf16,1,257,1,256,257,shuffle32_split,3,6,100,76.7757701874,428676,5.58348029533,131584,2909,true,1,0.0767757701874
bf16,1,257,1,256,257,baseline_fused,3,7,100,98.879776001,165508,1.67383065267,131584,2909,true,1,0.098879776001
bf16,1,257,1,256,257,control_optimized_fused,3,8,100,63.7650299072,165508,2.59559197637,131584,2909,true,1,0.0637650299072
bf16,1,257,1,256,257,optimized_fused,3,9,100,30.7195425034,165508,5.38771044464,131584,2909,true,1,0.0307195425034
bf16,1,257,1,256,257,control_shuffle32_fused,3,10,100,321.576919556,165508,0.514676240536,131584,2909,true,1,0.321576919556
bf16,1,257,1,256,257,shuffle32_fused,3,11,100,68.376455307,165508,2.42054080249,131584,2909,true,1,0.068376455307
bf16,1,257,1,256,257,baseline_transform,3,12,100,10.5405712128,263168,24.9671478602,131584,2909,true,1,0.0105405712128
bf16,1,257,1,256,257,control_optimized_transform,3,13,100,11.0861718655,263168,23.7384016046,131584,2909,true,1,0.0110861718655
bf16,1,257,1,256,257,optimized_transform,3,14,100,11.0502851009,263168,23.815494134,131584,2909,true,1,0.0110502851009
bf16,1,257,1,256,257,shuffle32_transform,4,0,100,14.0031993389,263168,18.7934195344,131584,2909,true,1,0.0140031993389
bf16,1,257,1,256,257,baseline_split,4,1,100,104.071092606,428676,4.11906889096,131584,2909,true,1,0.104071092606
bf16,1,257,1,256,257,control_optimized_split,4,2,100,69.617600441,428676,6.15758080262,131584,2909,true,1,0.069617600441
bf16,1,257,1,256,257,optimized_split,4,3,100,36.9085717201,428676,11.6145377624,131584,2909,true,1,0.0369085717201
bf16,1,257,1,256,257,control_shuffle32_split,4,4,100,328.395233154,428676,1.3053660855,131584,2909,true,1,0.328395233154
bf16,1,257,1,256,257,shuffle32_split,4,5,100,76.7668581009,428676,5.5841284977,131584,2909,true,1,0.0767668581009
bf16,1,257,1,256,257,baseline_fused,4,6,100,98.8701725006,165508,1.67399323592,131584,2909,true,1,0.0988701725006
bf16,1,257,1,256,257,control_optimized_fused,4,7,100,63.7622880936,165508,2.59570358826,131584,2909,true,1,0.0637622880936
bf16,1,257,1,256,257,optimized_fused,4,8,100,30.7085704803,165508,5.3896354474,131584,2909,true,1,0.0307085704803
bf16,1,257,1,256,257,control_shuffle32_fused,4,9,100,321.595878601,165508,0.514645898822,131584,2909,true,1,0.321595878601
bf16,1,257,1,256,257,shuffle32_fused,4,10,100,68.3286857605,165508,2.42223303665,131584,2909,true,1,0.0683286857605
bf16,1,257,1,256,257,baseline_transform,4,11,100,10.5387425423,263168,24.971480131,131584,2909,true,1,0.0105387425423
bf16,1,257,1,256,257,control_optimized_transform,4,12,100,10.9408009052,263168,24.0538149153,131584,2909,true,1,0.0109408009052
bf16,1,257,1,256,257,optimized_transform,4,13,100,11.1227428913,263168,23.6603509199,131584,2909,true,1,0.0111227428913
bf16,1,257,1,256,257,control_shuffle32_transform,4,14,100,13.7005710602,263168,19.2085423917,131584,2909,true,1,0.0137005710602
bf16,4,64,16,256,4096,baseline_transform,0,0,100,49.279999733,4194304,85.1116887729,2097152,2909,true,1,0.049279999733
bf16,4,64,16,256,4096,control_optimized_transform,0,1,100,37.2688007355,4194304,112.541963176,2097152,2909,true,1,0.0372688007355
bf16,4,64,16,256,4096,optimized_transform,0,2,100,37.3645710945,4194304,112.253503175,2097152,2909,true,1,0.0373645710945
bf16,4,64,16,256,4096,control_shuffle32_transform,0,3,100,22.0036578178,4194304,190.618488741,2097152,2909,true,1,0.0220036578178
bf16,4,64,16,256,4096,shuffle32_transform,0,4,100,22.0939421654,4194304,189.839548262,2097152,2909,true,1,0.0220939421654
bf16,4,64,16,256,4096,baseline_split,0,5,100,1142.19177246,6832128,5.9815944789,2097152,2909,true,1,1.14219177246
bf16,4,64,16,256,4096,control_optimized_split,0,6,100,500.945358276,6832128,13.6384695199,2097152,2909,true,1,0.500945358276
bf16,4,64,16,256,4096,optimized_split,0,7,100,188.860797882,6832128,36.1754693225,2097152,2909,true,1,0.188860797882
bf16,4,64,16,256,4096,control_shuffle32_split,0,8,100,839.615783691,6832128,8.13720767607,2097152,2909,true,1,0.839615783691
bf16,4,64,16,256,4096,shuffle32_split,0,9,100,149.190397263,6832128,45.7946900428,2097152,2909,true,1,0.149190397263
bf16,4,64,16,256,4096,baseline_fused,0,10,100,1136.90834045,2637824,2.32017296922,2097152,2909,true,1,1.13690834045
bf16,4,64,16,256,4096,control_optimized_fused,0,11,100,485.864486694,2637824,5.42913522646,2097152,2909,true,1,0.485864486694
bf16,4,64,16,256,4096,optimized_fused,0,12,100,171.31521225,2637824,15.3974884388,2097152,2909,true,1,0.17131521225
bf16,4,64,16,256,4096,control_shuffle32_fused,0,13,100,838.787612915,2637824,3.14480562109,2097152,2909,true,1,0.838787612915
bf16,4,64,16,256,4096,shuffle32_fused,0,14,100,131.079769135,2637824,20.1238071856,2097152,2909,true,1,0.131079769135
bf16,4,64,16,256,4096,control_optimized_transform,1,0,100,37.3414850235,4194304,112.322902995,2097152,2909,true,1,0.0373414850235
bf16,4,64,16,256,4096,optimized_transform,1,1,100,37.3584008217,4194304,112.272043443,2097152,2909,true,1,0.0373584008217
bf16,4,64,16,256,4096,control_shuffle32_transform,1,2,100,22.4665141106,4194304,186.691356717,2097152,2909,true,1,0.0224665141106
bf16,4,64,16,256,4096,shuffle32_transform,1,3,100,23.2214856148,4194304,180.621691031,2097152,2909,true,1,0.0232214856148
bf16,4,64,16,256,4096,baseline_split,1,4,100,1146.57806396,6832128,5.95871159123,2097152,2909,true,1,1.14657806396
bf16,4,64,16,256,4096,control_optimized_split,1,5,100,500.460548401,6832128,13.6516814799,2097152,2909,true,1,0.500460548401
bf16,4,64,16,256,4096,optimized_split,1,6,100,188.66147995,6832128,36.2136881456,2097152,2909,true,1,0.18866147995
bf16,4,64,16,256,4096,control_shuffle32_split,1,7,100,839.024734497,6832128,8.14293991475,2097152,2909,true,1,0.839024734497
bf16,4,64,16,256,4096,shuffle32_split,1,8,100,149.456224442,6832128,45.7132382778,2097152,2909,true,1,0.149456224442
bf16,4,64,16,256,4096,baseline_fused,1,9,100,1136.76048279,2637824,2.32047475254,2097152,2909,true,1,1.13676048279
bf16,4,64,16,256,4096,control_optimized_fused,1,10,100,487.146034241,2637824,5.4148526614,2097152,2909,true,1,0.487146034241
bf16,4,64,16,256,4096,optimized_fused,1,11,100,171.595668793,2637824,15.3723227314,2097152,2909,true,1,0.171595668793
bf16,4,64,16,256,4096,control_shuffle32_fused,1,12,100,837.211914062,2637824,3.1507243933,2097152,2909,true,1,0.837211914062
bf16,4,64,16,256,4096,shuffle32_fused,1,13,100,131.525478363,2637824,20.0556122877,2097152,2909,true,1,0.131525478363
bf16,4,64,16,256,4096,baseline_transform,1,14,100,49.2331409454,4194304,85.1926958032,2097152,2909,true,1,0.0492331409454
bf16,4,64,16,256,4096,optimized_transform,2,0,100,37.3632001877,4194304,112.25762191,2097152,2909,true,1,0.0373632001877
bf16,4,64,16,256,4096,control_shuffle32_transform,2,1,100,21.9926857948,4194304,190.713587196,2097152,2909,true,1,0.0219926857948
bf16,4,64,16,256,4096,shuffle32_transform,2,2,100,22.4694871902,4194304,186.666654405,2097152,2909,true,1,0.0224694871902
bf16,4,64,16,256,4096,baseline_split,2,3,100,1146.25991821,6832128,5.96036543845,2097152,2909,true,1,1.14625991821
bf16,4,64,16,256,4096,control_optimized_split,2,4,100,499.854393005,6832128,13.6682363816,2097152,2909,true,1,0.499854393005
bf16,4,64,16,256,4096,optimized_split,2,5,100,188.795661926,6832128,36.1879501377,2097152,2909,true,1,0.188795661926
bf16,4,64,16,256,4096,control_shuffle32_split,2,6,100,838.371658325,6832128,8.14928311585,2097152,2909,true,1,0.838371658325
bf16,4,64,16,256,4096,shuffle32_split,2,7,100,149.492578506,6832128,45.702121592,2097152,2909,true,1,0.149492578506
bf16,4,64,16,256,4096,baseline_fused,2,8,100,1138.12164307,2637824,2.31769953244,2097152,2909,true,1,1.13812164307
bf16,4,64,16,256,4096,control_optimized_fused,2,9,100,482.755889893,2637824,5.46409490848,2097152,2909,true,1,0.482755889893
bf16,4,64,16,256,4096,optimized_fused,2,10,100,171.619644165,2637824,15.3701752083,2097152,2909,true,1,0.171619644165
bf16,4,64,16,256,4096,control_shuffle32_fused,2,11,100,835.825805664,2637824,3.15594945995,2097152,2909,true,1,0.835825805664
bf16,4,64,16,256,4096,shuffle32_fused,2,12,100,131.347198486,2637824,20.0828341251,2097152,2909,true,1,0.131347198486
bf16,4,64,16,256,4096,baseline_transform,2,13,100,49.2930269241,4194304,85.089195404,2097152,2909,true,1,0.0492930269241
bf16,4,64,16,256,4096,control_optimized_transform,2,14,100,37.3490285873,4194304,112.300216596,2097152,2909,true,1,0.0373490285873
bf16,4,64,16,256,4096,control_shuffle32_transform,3,0,100,22.4644565582,4194304,186.70845605,2097152,2909,true,1,0.0224644565582
bf16,4,64,16,256,4096,shuffle32_transform,3,1,100,22.5718855858,4194304,185.819832555,2097152,2909,true,1,0.0225718855858
bf16,4,64,16,256,4096,baseline_split,3,2,100,1143.85421753,6832128,5.97290100023,2097152,2909,true,1,1.14385421753
bf16,4,64,16,256,4096,control_optimized_split,3,3,100,497.549476624,6832128,13.731554993,2097152,2909,true,1,0.497549476624
bf16,4,64,16,256,4096,optimized_split,3,4,100,188.897609711,6832128,36.16841955,2097152,2909,true,1,0.188897609711
bf16,4,64,16,256,4096,control_shuffle32_split,3,5,100,841.471786499,6832128,8.11925974182,2097152,2909,true,1,0.841471786499
bf16,4,64,16,256,4096,shuffle32_split,3,6,100,149.523429871,6832128,45.6926918137,2097152,2909,true,1,0.149523429871
bf16,4,64,16,256,4096,baseline_fused,3,7,100,1136.43798828,2637824,2.32113324898,2097152,2909,true,1,1.13643798828
bf16,4,64,16,256,4096,control_optimized_fused,3,8,100,485.77671051,2637824,5.43011623021,2097152,2909,true,1,0.48577671051
bf16,4,64,16,256,4096,optimized_fused,3,9,100,171.817817688,2637824,15.3524473509,2097152,2909,true,1,0.171817817688
bf16,4,64,16,256,4096,control_shuffle32_fused,3,10,100,838.523635864,2637824,3.1457956427,2097152,2909,true,1,0.838523635864
bf16,4,64,16,256,4096,shuffle32_fused,3,11,100,130.888690948,2637824,20.1531849764,2097152,2909,true,1,0.130888690948
bf16,4,64,16,256,4096,baseline_transform,3,12,100,49.2770290375,4194304,85.1168197825,2097152,2909,true,1,0.0492770290375
bf16,4,64,16,256,4096,control_optimized_transform,3,13,100,37.295999527,4194304,112.459889886,2097152,2909,true,1,0.037295999527
bf16,4,64,16,256,4096,optimized_transform,3,14,100,37.421028614,4194304,112.084145074,2097152,2909,true,1,0.037421028614
bf16,4,64,16,256,4096,shuffle32_transform,4,0,100,22.5554299355,4194304,185.955400185,2097152,2909,true,1,0.0225554299355
bf16,4,64,16,256,4096,baseline_split,4,1,100,1145.71151733,6832128,5.9632183989,2097152,2909,true,1,1.14571151733
bf16,4,64,16,256,4096,control_optimized_split,4,2,100,501.460571289,6832128,13.6244570185,2097152,2909,true,1,0.501460571289
bf16,4,64,16,256,4096,optimized_split,4,3,100,188.692111969,6832128,36.2078092651,2097152,2909,true,1,0.188692111969
bf16,4,64,16,256,4096,control_shuffle32_split,4,4,100,839.649581909,6832128,8.13688013095,2097152,2909,true,1,0.839649581909
bf16,4,64,16,256,4096,shuffle32_split,4,5,100,149.429941177,6832128,45.721278789,2097152,2909,true,1,0.149429941177
bf16,4,64,16,256,4096,baseline_fused,4,6,100,1136.63879395,2637824,2.32072318317,2097152,2909,true,1,1.13663879395
bf16,4,64,16,256,4096,control_optimized_fused,4,7,100,486.915893555,2637824,5.41741199028,2097152,2909,true,1,0.486915893555
bf16,4,64,16,256,4096,optimized_fused,4,8,100,171.734638214,2637824,15.3598832911,2097152,2909,true,1,0.171734638214
bf16,4,64,16,256,4096,control_shuffle32_fused,4,9,100,836.434707642,2637824,3.1536520136,2097152,2909,true,1,0.836434707642
bf16,4,64,16,256,4096,shuffle32_fused,4,10,100,130.839548111,2637824,20.1607544361,2097152,2909,true,1,0.130839548111
bf16,4,64,16,256,4096,baseline_transform,4,11,100,49.2795419693,4194304,85.1124793857,2097152,2909,true,1,0.0492795419693
bf16,4,64,16,256,4096,control_optimized_transform,4,12,100,37.2799992561,4194304,112.508156751,2097152,2909,true,1,0.0372799992561
bf16,4,64,16,256,4096,optimized_transform,4,13,100,37.3174858093,4194304,112.395138875,2097152,2909,true,1,0.0373174858093
bf16,4,64,16,256,4096,control_shuffle32_transform,4,14,100,22.2832012177,4194304,188.22717432,2097152,2909,true,1,0.0222832012177
bf16,16,64,16,256,16384,baseline_transform,0,0,100,170.587215424,16777216,98.3497852306,8388608,2909,true,1,0.170587215424
bf16,16,64,16,256,16384,control_optimized_transform,0,1,100,120.674285889,16777216,139.028922993,8388608,2909,true,1,0.120674285889
bf16,16,64,16,256,16384,optimized_transform,0,2,100,120.734624863,16777216,138.959441163,8388608,2909,true,1,0.120734624863
bf16,16,64,16,256,16384,control_shuffle32_transform,0,3,100,43.0847978592,16777216,389.399900513,8388608,2909,true,1,0.0430847978592
bf16,16,64,16,256,16384,shuffle32_transform,0,4,100,43.2066297531,16777216,388.301890147,8388608,2909,true,1,0.0432066297531
bf16,16,64,16,256,16384,baseline_split,0,5,100,4271.84417725,27328512,6.39735694143,8388608,2909,true,1,4.27184417725
bf16,16,64,16,256,16384,control_optimized_split,0,6,100,1869.99176025,27328512,14.6142419346,8388608,2909,true,1,1.86999176025
bf16,16,64,16,256,16384,optimized_split,0,7,100,677.922058105,27328512,40.3121740519,8388608,2909,true,1,0.677922058105
bf16,16,64,16,256,16384,control_shuffle32_split,0,8,100,3203.55224609,27328512,8.53069027774,8388608,2909,true,1,3.20355224609
bf16,16,64,16,256,16384,shuffle32_split,0,9,100,436.136894226,27328512,62.6603994337,8388608,2909,true,1,0.436136894226
bf16,16,64,16,256,16384,baseline_fused,0,10,100,4272.9977417,10551296,2.4692959458,8388608,2909,true,1,4.2729977417
bf16,16,64,16,256,16384,control_optimized_fused,0,11,100,1823.56613159,10551296,5.78607806825,8388608,2909,true,1,1.82356613159
bf16,16,64,16,256,16384,optimized_fused,0,12,100,631.597251892,10551296,16.7057344984,8388608,2909,true,1,0.631597251892
bf16,16,64,16,256,16384,control_shuffle32_fused,0,13,100,3042.70233154,10551296,3.46773849371,8388608,2909,true,1,3.04270233154
bf16,16,64,16,256,16384,shuffle32_fused,0,14,100,390.83065033,10551296,26.9971047335,8388608,2909,true,1,0.39083065033
bf16,16,64,16,256,16384,control_optimized_transform,1,0,100,120.614862442,16777216,139.097418513,8388608,2909,true,1,0.120614862442
bf16,16,64,16,256,16384,optimized_transform,1,1,100,120.746965408,16777216,138.945239272,8388608,2909,true,1,0.120746965408
bf16,16,64,16,256,16384,control_shuffle32_transform,1,2,100,43.105597496,16777216,389.212004347,8388608,2909,true,1,0.043105597496
bf16,16,64,16,256,16384,shuffle32_transform,1,3,100,43.1568002701,16777216,388.75022928,8388608,2909,true,1,0.0431568002701
bf16,16,64,16,256,16384,baseline_split,1,4,100,4271.43859863,27328512,6.39796437873,8388608,2909,true,1,4.27143859863
bf16,16,64,16,256,16384,control_optimized_split,1,5,100,1870.08392334,27328512,14.6135217029,8388608,2909,true,1,1.87008392334
bf16,16,64,16,256,16384,optimized_split,1,6,100,677.846908569,27328512,40.3166432634,8388608,2909,true,1,0.677846908569
bf16,16,64,16,256,16384,control_shuffle32_split,1,7,100,3206.95159912,27328512,8.52164778773,8388608,2909,true,1,3.20695159912
bf16,16,64,16,256,16384,shuffle32_split,1,8,100,436.123199463,27328512,62.6623670414,8388608,2909,true,1,0.436123199463
bf16,16,64,16,256,16384,baseline_fused,1,9,100,4270.16235352,10551296,2.47093555853,8388608,2909,true,1,4.27016235352
bf16,16,64,16,256,16384,control_optimized_fused,1,10,100,1823.57971191,10551296,5.78603497893,8388608,2909,true,1,1.82357971191
bf16,16,64,16,256,16384,optimized_fused,1,11,100,631.59362793,10551296,16.7058303526,8388608,2909,true,1,0.63159362793
bf16,16,64,16,256,16384,control_shuffle32_fused,1,12,100,3041.76116943,10551296,3.46881145898,8388608,2909,true,1,3.04176116943
bf16,16,64,16,256,16384,shuffle32_fused,1,13,100,391.056480408,10551296,26.9815142534,8388608,2909,true,1,0.391056480408
bf16,16,64,16,256,16384,baseline_transform,1,14,100,170.645027161,16777216,98.3164659361,8388608,2909,true,1,0.170645027161
bf16,16,64,16,256,16384,optimized_transform,2,0,100,120.688686371,16777216,139.012334167,8388608,2909,true,1,0.120688686371
bf16,16,64,16,256,16384,control_shuffle32_transform,2,1,100,43.1469726562,16777216,388.838775171,8388608,2909,true,1,0.0431469726562
bf16,16,64,16,256,16384,shuffle32_transform,2,2,100,43.1650257111,16777216,388.676149814,8388608,2909,true,1,0.0431650257111
bf16,16,64,16,256,16384,baseline_split,2,3,100,4270.2255249,27328512,6.39978189457,8388608,2909,true,1,4.2702255249
bf16,16,64,16,256,16384,control_optimized_split,2,4,100,1869.90859985,27328512,14.6148918734,8388608,2909,true,1,1.86990859985
bf16,16,64,16,256,16384,optimized_split,2,5,100,677.840957642,27328512,40.3169972129,8388608,2909,true,1,0.677840957642
bf16,16,64,16,256,16384,control_shuffle32_split,2,6,100,3192.88269043,27328512,8.55919701714,8388608,2909,true,1,3.19288269043
bf16,16,64,16,256,16384,shuffle32_split,2,7,100,436.27910614,27328512,62.6399743086,8388608,2909,true,1,0.43627910614
bf16,16,64,16,256,16384,baseline_fused,2,8,100,4270.48431396,10551296,2.4707492697,8388608,2909,true,1,4.27048431396
bf16,16,64,16,256,16384,control_optimized_fused,2,9,100,1823.58474731,10551296,5.78601900215,8388608,2909,true,1,1.82358474731
bf16,16,64,16,256,16384,optimized_fused,2,10,100,631.570053101,10551296,16.7064539368,8388608,2909,true,1,0.631570053101
bf16,16,64,16,256,16384,control_shuffle32_fused,2,11,100,3042.34802246,10551296,3.46814234338,8388608,2909,true,1,3.04234802246
bf16,16,64,16,256,16384,shuffle32_fused,2,12,100,391.094856262,10551296,26.9788667149,8388608,2909,true,1,0.391094856262
bf16,16,64,16,256,16384,baseline_transform,2,13,100,170.64617157,16777216,98.3158065936,8388608,2909,true,1,0.17064617157
bf16,16,64,16,256,16384,control_optimized_transform,2,14,100,120.679769516,16777216,139.022605589,8388608,2909,true,1,0.120679769516
bf16,16,64,16,256,16384,control_shuffle32_transform,3,0,100,43.0505180359,16777216,389.709967857,8388608,2909,true,1,0.0430505180359
bf16,16,64,16,256,16384,shuffle32_transform,3,1,100,43.1727981567,16777216,388.606176025,8388608,2909,true,1,0.0431727981567
bf16,16,64,16,256,16384,baseline_split,3,2,100,4270.47149658,27328512,6.39941327834,8388608,2909,true,1,4.27047149658
bf16,16,64,16,256,16384,control_optimized_split,3,3,100,1870.15045166,27328512,14.6130018447,8388608,2909,true,1,1.87015045166
bf16,16,64,16,256,16384,optimized_split,3,4,100,677.855758667,27328512,40.3161168886,8388608,2909,true,1,0.677855758667
bf16,16,64,16,256,16384,control_shuffle32_split,3,5,100,3204.79003906,27328512,8.52739545084,8388608,2909,true,1,3.20479003906
bf16,16,64,16,256,16384,shuffle32_split,3,6,100,436.194725037,27328512,62.6520919016,8388608,2909,true,1,0.436194725037
bf16,16,64,16,256,16384,baseline_fused,3,7,100,4270.60577393,10551296,2.47067899932,8388608,2909,true,1,4.27060577393
bf16,16,64,16,256,16384,control_optimized_fused,3,8,100,1823.73352051,10551296,5.78554700089,8388608,2909,true,1,1.82373352051
bf16,16,64,16,256,16384,optimized_fused,3,9,100,631.765708923,10551296,16.7012800014,8388608,2909,true,1,0.631765708923
bf16,16,64,16,256,16384,control_shuffle32_fused,3,10,100,3042.13409424,10551296,3.46838622925,8388608,2909,true,1,3.04213409424
bf16,16,64,16,256,16384,shuffle32_fused,3,11,100,390.831756592,10551296,26.9970283173,8388608,2909,true,1,0.390831756592
bf16,16,64,16,256,16384,baseline_transform,3,12,100,170.697612762,16777216,98.2861782803,8388608,2909,true,1,0.170697612762
bf16,16,64,16,256,16384,control_optimized_transform,3,13,100,120.690507889,16777216,139.010236128,8388608,2909,true,1,0.120690507889
bf16,16,64,16,256,16384,optimized_transform,3,14,100,120.750398636,16777216,138.941288721,8388608,2909,true,1,0.120750398636
bf16,16,64,16,256,16384,shuffle32_transform,4,0,100,43.1296014786,16777216,388.995386575,8388608,2909,true,1,0.0431296014786
bf16,16,64,16,256,16384,baseline_split,4,1,100,4271.42486572,27328512,6.39798494861,8388608,2909,true,1,4.27142486572
bf16,16,64,16,256,16384,control_optimized_split,4,2,100,1869.87503052,27328512,14.6151542504,8388608,2909,true,1,1.86987503052
bf16,16,64,16,256,16384,optimized_split,4,3,100,677.902832031,27328512,40.3133173498,8388608,2909,true,1,0.677902832031
bf16,16,64,16,256,16384,control_shuffle32_split,4,4,100,3203.07830811,27328512,8.5319525067,8388608,2909,true,1,3.20307830811
bf16,16,64,16,256,16384,shuffle32_split,4,5,100,436.092147827,27328512,62.6668288713,8388608,2909,true,1,0.436092147827
bf16,16,64,16,256,16384,baseline_fused,4,6,100,4273.27880859,10551296,2.4691335325,8388608,2909,true,1,4.27327880859
bf16,16,64,16,256,16384,control_optimized_fused,4,7,100,1823.75198364,10551296,5.7854884297,8388608,2909,true,1,1.82375198364
bf16,16,64,16,256,16384,optimized_fused,4,8,100,631.632652283,10551296,16.7047982112,8388608,2909,true,1,0.631632652283
bf16,16,64,16,256,16384,control_shuffle32_fused,4,9,100,3041.65039062,10551296,3.46893779526,8388608,2909,true,1,3.04165039063
bf16,16,64,16,256,16384,shuffle32_fused,4,10,100,391.095085144,10551296,26.978850926,8388608,2909,true,1,0.391095085144
bf16,16,64,16,256,16384,baseline_transform,4,11,100,170.584907532,16777216,98.3511158329,8388608,2909,true,1,0.170584907532
bf16,16,64,16,256,16384,control_optimized_transform,4,12,100,120.631999969,16777216,139.077657705,8388608,2909,true,1,0.120631999969
bf16,16,64,16,256,16384,optimized_transform,4,13,100,120.690288544,16777216,139.010488768,8388608,2909,true,1,0.120690288544
bf16,16,64,16,256,16384,control_shuffle32_transform,4,14,100,43.0173683167,16777216,390.010283207,8388608,2909,true,1,0.0430173683167
