dtype,batch,seq,heads,dim,rows,method,group,order,repeats,kernel_us,logical_io_bytes,logical_GBs,input_working_set_bytes,seed,input_read_only,scale,kernel_ms
fp16,1,1,1,64,1,baseline_transform,0,0,100,8.97965729237,256,0.0285088830971,128,2909,true,1,0.00897965729237
fp16,1,1,1,64,1,control_optimized_transform,0,1,100,9.36365664005,256,0.0273397466226,128,2909,true,1,0.00936365664005
fp16,1,1,1,64,1,optimized_transform,0,2,100,9.20000016689,256,0.0278260864517,128,2909,true,1,0.00920000016689
fp16,1,1,1,64,1,control_shuffle32_transform,0,3,100,7.8560000658,256,0.0325865577719,128,2909,true,1,0.0078560000658
fp16,1,1,1,64,1,shuffle32_transform,0,4,100,7.83794283867,256,0.0326616314088,128,2909,true,1,0.00783794283867
fp16,1,1,1,64,1,baseline_split,0,5,100,69.8665142059,420,0.0060114634997,128,2909,true,1,0.0698665142059
fp16,1,1,1,64,1,control_optimized_split,0,6,100,63.9938306808,420,0.00656313265719,128,2909,true,1,0.0639938306808
fp16,1,1,1,64,1,optimized_split,0,7,100,33.6784005165,420,0.0124709010392,128,2909,true,1,0.0336784005165
fp16,1,1,1,64,1,control_shuffle32_split,0,8,100,94.518404007,420,0.00444357905122,128,2909,true,1,0.094518404007
fp16,1,1,1,64,1,shuffle32_split,0,9,100,34.7908568382,420,0.0120721372846,128,2909,true,1,0.0347908568382
fp16,1,1,1,64,1,baseline_fused,0,10,100,65.4260587692,164,0.00250664648131,128,2909,true,1,0.0654260587692
fp16,1,1,1,64,1,control_optimized_fused,0,11,100,58.6470890045,164,0.00279638772842,128,2909,true,1,0.0586470890045
fp16,1,1,1,64,1,optimized_fused,0,12,100,28.5202288628,164,0.00575030448701,128,2909,true,1,0.0285202288628
fp16,1,1,1,64,1,control_shuffle32_fused,0,13,100,89.2297172546,164,0.00183795270282,128,2909,true,1,0.0892297172546
fp16,1,1,1,64,1,shuffle32_fused,0,14,100,29.703772068,164,0.00552118430024,128,2909,true,1,0.029703772068
fp16,1,1,1,64,1,control_optimized_transform,1,0,100,9.30902838707,256,0.0275001846976,128,2909,true,1,0.00930902838707
fp16,1,1,1,64,1,optimized_transform,1,1,100,9.27062869072,256,0.0276140926943,128,2909,true,1,0.00927062869072
fp16,1,1,1,64,1,control_shuffle32_transform,1,2,100,7.9439997673,256,0.0322255799973,128,2909,true,1,0.0079439997673
fp16,1,1,1,64,1,shuffle32_transform,1,3,100,7.93439984322,256,0.0322645701072,128,2909,true,1,0.00793439984322
fp16,1,1,1,64,1,baseline_split,1,4,100,69.8861694336,420,0.00600977279774,128,2909,true,1,0.0698861694336
fp16,1,1,1,64,1,control_optimized_split,1,5,100,64.056687355,420,0.00655669247571,128,2909,true,1,0.064056687355
fp16,1,1,1,64,1,optimized_split,1,6,100,33.642513752,420,0.0124842038587,128,2909,true,1,0.033642513752
fp16,1,1,1,64,1,control_shuffle32_split,1,7,100,93.8781738281,420,0.00447388336259,128,2909,true,1,0.0938781738281
fp16,1,1,1,64,1,shuffle32_split,1,8,100,35.2859425545,420,0.0119027570073,128,2909,true,1,0.0352859425545
fp16,1,1,1,64,1,baseline_fused,1,9,100,65.4400014877,164,0.00250611241246,128,2909,true,1,0.0654400014877
fp16,1,1,1,64,1,control_optimized_fused,1,10,100,58.639087677,164,0.00279676929667,128,2909,true,1,0.058639087677
fp16,1,1,1,64,1,optimized_fused,1,11,100,28.5152006149,164,0.00575131847097,128,2909,true,1,0.0285152006149
fp16,1,1,1,64,1,control_shuffle32_fused,1,12,100,89.2290306091,164,0.00183796684644,128,2909,true,1,0.0892290306091
fp16,1,1,1,64,1,shuffle32_fused,1,13,100,29.694173336,164,0.00552296903989,128,2909,true,1,0.029694173336
fp16,1,1,1,64,1,baseline_transform,1,14,100,8.8948571682,256,0.0287806757499,128,2909,true,1,0.0088948571682
fp16,1,1,1,64,1,optimized_transform,2,0,100,9.33371424675,256,0.0274274520552,128,2909,true,1,0.00933371424675
fp16,1,1,1,64,1,control_shuffle32_transform,2,1,100,7.90582835674,256,0.0323811735404,128,2909,true,1,0.00790582835674
fp16,1,1,1,64,1,shuffle32_transform,2,2,100,7.86285758018,256,0.032558137724,128,2909,true,1,0.00786285758018
fp16,1,1,1,64,1,baseline_split,2,3,100,69.8756551743,420,0.00601067709423,128,2909,true,1,0.0698756551743
fp16,1,1,1,64,1,control_optimized_split,2,4,100,64.1417121887,420,0.00654800106932,128,2909,true,1,0.0641417121887
fp16,1,1,1,64,1,optimized_split,2,5,100,33.6763429642,420,0.0124716629845,128,2909,true,1,0.0336763429642
fp16,1,1,1,64,1,control_shuffle32_split,2,6,100,93.8806915283,420,0.00447376338161,128,2909,true,1,0.0938806915283
fp16,1,1,1,64,1,shuffle32_split,2,7,100,34.8464012146,420,0.0120528945705,128,2909,true,1,0.0348464012146
fp16,1,1,1,64,1,baseline_fused,2,8,100,65.4546260834,164,0.00250555246914,128,2909,true,1,0.0654546260834
fp16,1,1,1,64,1,control_optimized_fused,2,9,100,58.6541700363,164,0.00279605013418,128,2909,true,1,0.0586541700363
fp16,1,1,1,64,1,optimized_fused,2,10,100,28.5046839714,164,0.00575344038771,128,2909,true,1,0.0285046839714
fp16,1,1,1,64,1,control_shuffle32_fused,2,11,100,89.2258262634,164,0.00183803285291,128,2909,true,1,0.0892258262634
fp16,1,1,1,64,1,shuffle32_fused,2,12,100,29.7024011612,164,0.00552143912911,128,2909,true,1,0.0297024011612
fp16,1,1,1,64,1,baseline_transform,2,13,100,9.13462817669,256,0.0280252239115,128,2909,true,1,0.00913462817669
fp16,1,1,1,64,1,control_optimized_transform,2,14,100,9.18354272842,256,0.0278759524043,128,2909,true,1,0.00918354272842
fp16,1,1,1,64,1,control_shuffle32_transform,3,0,100,7.81485676765,256,0.0327581179811,128,2909,true,1,0.00781485676765
fp16,1,1,1,64,1,shuffle32_transform,3,1,100,7.85805702209,256,0.0325780277848,128,2909,true,1,0.00785805702209
fp16,1,1,1,64,1,baseline_split,3,2,100,69.8660612106,420,0.00601150247663,128,2909,true,1,0.0698660612106
fp16,1,1,1,64,1,control_optimized_split,3,3,100,64.0475416183,420,0.00655762874558,128,2909,true,1,0.0640475416183
fp16,1,1,1,64,1,optimized_split,3,4,100,33.6614847183,420,0.0124771680012,128,2909,true,1,0.0336614847183
fp16,1,1,1,64,1,control_shuffle32_split,3,5,100,93.8912010193,420,0.00447326262142,128,2909,true,1,0.0938912010193
fp16,1,1,1,64,1,shuffle32_split,3,6,100,34.8034286499,420,0.0120677765465,128,2909,true,1,0.0348034286499
fp16,1,1,1,64,1,baseline_fused,3,7,100,65.4365730286,164,0.00250624371677,128,2909,true,1,0.0654365730286
fp16,1,1,1,64,1,control_optimized_fused,3,8,100,58.6685705185,164,0.00279536383025,128,2909,true,1,0.0586685705185
fp16,1,1,1,64,1,optimized_fused,3,9,100,28.5053730011,164,0.00575330131599,128,2909,true,1,0.0285053730011
fp16,1,1,1,64,1,control_shuffle32_fused,3,10,100,89.2303943634,164,0.00183793875585,128,2909,true,1,0.0892303943634
fp16,1,1,1,64,1,shuffle32_fused,3,11,100,29.7149705887,164,0.0055191035613,128,2909,true,1,0.0297149705887
fp16,1,1,1,64,1,baseline_transform,3,12,100,9.00685727596,256,0.0284227885661,128,2909,true,1,0.00900685727596
fp16,1,1,1,64,1,control_optimized_transform,3,13,100,9.16114330292,256,0.0279441104167,128,2909,true,1,0.00916114330292
fp16,1,1,1,64,1,optimized_transform,3,14,100,9.27268564701,256,0.0276079670707,128,2909,true,1,0.00927268564701
fp16,1,1,1,64,1,shuffle32_transform,4,0,100,7.86925733089,256,0.0325316594992,128,2909,true,1,0.00786925733089
fp16,1,1,1,64,1,baseline_split,4,1,100,69.8623991013,420,0.00601181759291,128,2909,true,1,0.0698623991013
fp16,1,1,1,64,1,control_optimized_split,4,2,100,64.0146303177,420,0.0065610001638,128,2909,true,1,0.0640146303177
fp16,1,1,1,64,1,optimized_split,4,3,100,34.6164560318,420,0.0121329577937,128,2909,true,1,0.0346164560318
fp16,1,1,1,64,1,control_shuffle32_split,4,4,100,93.8863945007,420,0.00447349163032,128,2909,true,1,0.0938863945007
fp16,1,1,1,64,1,shuffle32_split,4,5,100,34.8219442368,420,0.0120613598467,128,2909,true,1,0.0348219442368
fp16,1,1,1,64,1,baseline_fused,4,6,100,65.4052591324,164,0.00250744362419,128,2909,true,1,0.0654052591324
fp16,1,1,1,64,1,control_optimized_fused,4,7,100,58.6064004898,164,0.00279832916933,128,2909,true,1,0.0586064004898
fp16,1,1,1,64,1,optimized_fused,4,8,100,28.5193133354,164,0.00575048908335,128,2909,true,1,0.0285193133354
fp16,1,1,1,64,1,control_shuffle32_fused,4,9,100,89.2322349548,164,0.00183790084472,128,2909,true,1,0.0892322349548
fp16,1,1,1,64,1,shuffle32_fused,4,10,100,29.6815991402,164,0.00552530876876,128,2909,true,1,0.0296815991402
fp16,1,1,1,64,1,baseline_transform,4,11,100,9.00548577309,256,0.0284271172539,128,2909,true,1,0.00900548577309
fp16,1,1,1,64,1,control_optimized_transform,4,12,100,9.12000000477,256,0.0280701754239,128,2909,true,1,0.00912000000477
fp16,1,1,1,64,1,optimized_transform,4,13,100,9.25165712833,256,0.0276707184939,128,2909,true,1,0.00925165712833
fp16,1,1,1,64,1,control_shuffle32_transform,4,14,100,7.87154316902,256,0.032522212545,128,2909,true,1,0.00787154316902
fp16,1,17,1,64,17,baseline_transform,0,0,100,9.16022837162,4352,0.475097325464,2176,2909,true,1,0.00916022837162
fp16,1,17,1,64,17,control_optimized_transform,0,1,100,9.31519985199,4352,0.467193411752,2176,2909,true,1,0.00931519985199
fp16,1,17,1,64,17,optimized_transform,0,2,100,9.41394329071,4352,0.462292990897,2176,2909,true,1,0.00941394329071
fp16,1,17,1,64,17,control_shuffle32_transform,0,3,100,7.95199990273,4352,0.547283708908,2176,2909,true,1,0.00795199990273
fp16,1,17,1,64,17,shuffle32_transform,0,4,100,7.92320013046,4352,0.549273011957,2176,2909,true,1,0.00792320013046
fp16,1,17,1,64,17,baseline_split,0,5,100,70.2941703796,7140,0.10157314556,2176,2909,true,1,0.0702941703796
fp16,1,17,1,64,17,control_optimized_split,0,6,100,64.4694852829,7140,0.110750069877,2176,2909,true,1,0.0644694852829
fp16,1,17,1,64,17,optimized_split,0,7,100,34.9430847168,7140,0.204332275123,2176,2909,true,1,0.0349430847168
fp16,1,17,1,64,17,control_shuffle32_split,0,8,100,93.7440013885,7140,0.0761648734238,2176,2909,true,1,0.0937440013885
fp16,1,17,1,64,17,shuffle32_split,0,9,100,34.8118853569,7140,0.205102364517,2176,2909,true,1,0.0348118853569
fp16,1,17,1,64,17,baseline_fused,0,10,100,65.6667423248,2788,0.0424568038751,2176,2909,true,1,0.0656667423248
fp16,1,17,1,64,17,control_optimized_fused,0,11,100,58.9005708694,2788,0.0473340064255,2176,2909,true,1,0.0589005708694
fp16,1,17,1,64,17,optimized_fused,0,12,100,28.99954319,2788,0.0961394454296,2176,2909,true,1,0.02899954319
fp16,1,17,1,64,17,control_shuffle32_fused,0,13,100,89.0758800507,2788,0.0312991575095,2176,2909,true,1,0.0890758800507
fp16,1,17,1,64,17,shuffle32_fused,0,14,100,29.6169137955,2788,0.0941353990917,2176,2909,true,1,0.0296169137955
fp16,1,17,1,64,17,control_optimized_transform,1,0,100,9.30377185345,4352,0.467767274236,2176,2909,true,1,0.00930377185345
fp16,1,17,1,64,17,optimized_transform,1,1,100,9.54651474953,4352,0.455873176147,2176,2909,true,1,0.00954651474953
fp16,1,17,1,64,17,control_shuffle32_transform,1,2,100,7.88160026073,4352,0.552172129521,2176,2909,true,1,0.00788160026073
fp16,1,17,1,64,17,shuffle32_transform,1,3,100,7.90788531303,4352,0.550336762323,2176,2909,true,1,0.00790788531303
fp16,1,17,1,64,17,baseline_split,1,4,100,70.2857112885,7140,0.101585370186,2176,2909,true,1,0.0702857112885
fp16,1,17,1,64,17,control_optimized_split,1,5,100,64.4505167007,7140,0.110782664989,2176,2909,true,1,0.0644505167007
fp16,1,17,1,64,17,optimized_split,1,6,100,34.2852568626,7140,0.208252778406,2176,2909,true,1,0.0342852568626
fp16,1,17,1,64,17,control_shuffle32_split,1,7,100,94.3835449219,7140,0.0756487797307,2176,2909,true,1,0.0943835449219
fp16,1,17,1,64,17,shuffle32_split,1,8,100,34.760684967,7140,0.205404467915,2176,2909,true,1,0.034760684967
fp16,1,17,1,64,17,baseline_fused,1,9,100,65.7094860077,2788,0.0424291859424,2176,2909,true,1,0.0657094860077
fp16,1,17,1,64,17,control_optimized_fused,1,10,100,58.9051437378,2788,0.0473303318367,2176,2909,true,1,0.0589051437378
fp16,1,17,1,64,17,optimized_fused,1,11,100,28.983771801,2788,0.0961917592763,2176,2909,true,1,0.028983771801
fp16,1,17,1,64,17,control_shuffle32_fused,1,12,100,89.0301704407,2788,0.0313152270315,2176,2909,true,1,0.0890301704407
fp16,1,17,1,64,17,shuffle32_fused,1,13,100,29.5849132538,2788,0.0942372207106,2176,2909,true,1,0.0295849132538
fp16,1,17,1,64,17,baseline_transform,1,14,100,9.20205712318,4352,0.472937729221,2176,2909,true,1,0.00920205712318
fp16,1,17,1,64,17,optimized_transform,2,0,100,9.4843429327,4352,0.458861518492,2176,2909,true,1,0.0094843429327
fp16,1,17,1,64,17,control_shuffle32_transform,2,1,100,7.92548596859,4352,0.549114592752,2176,2909,true,1,0.00792548596859
fp16,1,17,1,64,17,shuffle32_transform,2,2,100,7.96411395073,4352,0.546451247047,2176,2909,true,1,0.00796411395073
fp16,1,17,1,64,17,baseline_split,2,3,100,70.3988552094,7140,0.101422103794,2176,2909,true,1,0.0703988552094
fp16,1,17,1,64,17,control_optimized_split,2,4,100,64.5604610443,7140,0.110594005751,2176,2909,true,1,0.0645604610443
fp16,1,17,1,64,17,optimized_split,2,5,100,34.2822861671,7140,0.208270824332,2176,2909,true,1,0.0342822861671
fp16,1,17,1,64,17,control_shuffle32_split,2,6,100,93.7476539612,7140,0.0761619059071,2176,2909,true,1,0.0937476539612
fp16,1,17,1,64,17,shuffle32_split,2,7,100,34.8301720619,7140,0.204994680684,2176,2909,true,1,0.0348301720619
fp16,1,17,1,64,17,baseline_fused,2,8,100,65.7280015945,2788,0.042417233635,2176,2909,true,1,0.0657280015945
fp16,1,17,1,64,17,control_optimized_fused,2,9,100,58.906288147,2788,0.0473294123209,2176,2909,true,1,0.058906288147
fp16,1,17,1,64,17,optimized_fused,2,10,100,28.9913153648,2788,0.0961667301023,2176,2909,true,1,0.0289913153648
fp16,1,17,1,64,17,control_shuffle32_fused,2,11,100,89.0701770782,2788,0.0313011615274,2176,2909,true,1,0.0890701770782
fp16,1,17,1,64,17,shuffle32_fused,2,12,100,29.5746278763,2788,0.0942699942553,2176,2909,true,1,0.0295746278763
fp16,1,17,1,64,17,baseline_transform,2,13,100,9.2971432209,4352,0.468100780702,2176,2909,true,1,0.0092971432209
fp16,1,17,1,64,17,control_optimized_transform,2,14,100,9.40777122974,4352,0.462596282767,2176,2909,true,1,0.00940777122974
fp16,1,17,1,64,17,control_shuffle32_transform,3,0,100,7.99497127533,4352,0.544342168361,2176,2909,true,1,0.00799497127533
fp16,1,17,1,64,17,shuffle32_transform,3,1,100,8.03062856197,4352,0.541925201298,2176,2909,true,1,0.00803062856197
fp16,1,17,1,64,17,baseline_split,3,2,100,70.2608013153,7140,0.101621385842,2176,2909,true,1,0.0702608013153
fp16,1,17,1,64,17,control_optimized_split,3,3,100,64.395198822,7140,0.110877831432,2176,2909,true,1,0.064395198822
fp16,1,17,1,64,17,optimized_split,3,4,100,34.265370369,7140,0.208373641467,2176,2909,true,1,0.034265370369
fp16,1,17,1,64,17,control_shuffle32_split,3,5,100,93.7563419342,7140,0.0761548483303,2176,2909,true,1,0.0937563419342
fp16,1,17,1,64,17,shuffle32_split,3,6,100,34.7787427902,7140,0.205297817781,2176,2909,true,1,0.0347787427902
fp16,1,17,1,64,17,baseline_fused,3,7,100,65.7229709625,2788,0.0424204803765,2176,2909,true,1,0.0657229709625
fp16,1,17,1,64,17,control_optimized_fused,3,8,100,58.9046859741,2788,0.0473306996531,2176,2909,true,1,0.0589046859741
fp16,1,17,1,64,17,optimized_fused,3,9,100,28.99954319,2788,0.0961394454296,2176,2909,true,1,0.02899954319
fp16,1,17,1,64,17,control_shuffle32_fused,3,10,100,89.073600769,2788,0.0312999584156,2176,2909,true,1,0.089073600769
fp16,1,17,1,64,17,shuffle32_fused,3,11,100,29.5682263374,2788,0.094290403766,2176,2909,true,1,0.0295682263374
fp16,1,17,1,64,17,baseline_transform,3,12,100,9.22537088394,4352,0.471742551573,2176,2909,true,1,0.00922537088394
fp16,1,17,1,64,17,control_optimized_transform,3,13,100,9.3364572525,4352,0.466129698054,2176,2909,true,1,0.0093364572525
fp16,1,17,1,64,17,optimized_transform,3,14,100,9.36297118664,4352,0.464809718331,2176,2909,true,1,0.00936297118664
fp16,1,17,1,64,17,shuffle32_transform,4,0,100,8.07748556137,4352,0.538781526372,2176,2909,true,1,0.00807748556137
fp16,1,17,1,64,17,baseline_split,4,1,100,70.3357696533,7140,0.101513071303,2176,2909,true,1,0.0703357696533
fp16,1,17,1,64,17,control_optimized_split,4,2,100,64.4157743454,7140,0.110842415116,2176,2909,true,1,0.0644157743454
fp16,1,17,1,64,17,optimized_split,4,3,100,34.2507433891,7140,0.208462628647,2176,2909,true,1,0.0342507433891
fp16,1,17,1,64,17,control_shuffle32_split,4,4,100,93.8306236267,7140,0.0760945597932,2176,2909,true,1,0.0938306236267
fp16,1,17,1,64,17,shuffle32_split,4,5,100,34.702398777,7140,0.205749465502,2176,2909,true,1,0.034702398777
fp16,1,17,1,64,17,baseline_fused,4,6,100,65.7263994217,2788,0.0424182676144,2176,2909,true,1,0.0657263994217
fp16,1,17,1,64,17,control_optimized_fused,4,7,100,58.8585138321,2788,0.0473678286875,2176,2909,true,1,0.0588585138321
fp16,1,17,1,64,17,optimized_fused,4,8,100,29.0511989594,2788,0.0959685004361,2176,2909,true,1,0.0290511989594
fp16,1,17,1,64,17,control_shuffle32_fused,4,9,100,89.0756607056,2788,0.0312992345823,2176,2909,true,1,0.0890756607056
fp16,1,17,1,64,17,shuffle32_fused,4,10,100,29.5746278763,2788,0.0942699942553,2176,2909,true,1,0.0295746278763
fp16,1,17,1,64,17,baseline_transform,4,11,100,9.1979432106,4352,0.473149257432,2176,2909,true,1,0.0091979432106
fp16,1,17,1,64,17,control_optimized_transform,4,12,100,9.38171386719,4352,0.463881126797,2176,2909,true,1,0.00938171386719
fp16,1,17,1,64,17,optimized_transform,4,13,100,9.47268545628,4352,0.459426212354,2176,2909,true,1,0.00947268545628
fp16,1,17,1,64,17,control_shuffle32_transform,4,14,100,7.9113137722,4352,0.550098267533,2176,2909,true,1,0.0079113137722
fp16,1,257,1,64,257,baseline_transform,0,0,100,9.46880042553,65792,6.94829303009,32896,2909,true,1,0.00946880042553
fp16,1,257,1,64,257,control_optimized_transform,0,1,100,9.61805701256,65792,6.8404668338,32896,2909,true,1,0.00961805701256
fp16,1,257,1,64,257,optimized_transform,0,2,100,9.5236569643,65792,6.90827066185,32896,2909,true,1,0.0095236569643
fp16,1,257,1,64,257,control_shuffle32_transform,0,3,100,8.88091444969,65792,7.40824611843,32896,2909,true,1,0.00888091444969
fp16,1,257,1,64,257,shuffle32_transform,0,4,100,8.76274287701,65792,7.50815137719,32896,2909,true,1,0.00876274287701
fp16,1,257,1,64,257,baseline_split,0,5,100,71.0491418839,107940,1.51923017137,32896,2909,true,1,0.0710491418839
fp16,1,257,1,64,257,control_optimized_split,0,6,100,64.3958854675,107940,1.67619404899,32896,2909,true,1,0.0643958854675
fp16,1,257,1,64,257,optimized_split,0,7,100,34.6847987175,107940,3.11202613223,32896,2909,true,1,0.0346847987175
fp16,1,257,1,64,257,control_shuffle32_split,0,8,100,102.72023201,107940,1.05081538357,32896,2909,true,1,0.10272023201
fp16,1,257,1,64,257,shuffle32_split,0,9,100,39.0500569344,107940,2.76414449744,32896,2909,true,1,0.0390500569344
fp16,1,257,1,64,257,baseline_fused,0,10,100,65.9881162643,42148,0.63872106655,32896,2909,true,1,0.0659881162643
fp16,1,257,1,64,257,control_optimized_fused,0,11,100,59.3058300018,42148,0.710688982832,32896,2909,true,1,0.0593058300018
fp16,1,257,1,64,257,optimized_fused,0,12,100,29.3462872505,42148,1.43622938194,32896,2909,true,1,0.0293462872505
fp16,1,257,1,64,257,control_shuffle32_fused,0,13,100,96.6580581665,42148,0.436052625094,32896,2909,true,1,0.0966580581665
fp16,1,257,1,64,257,shuffle32_fused,0,14,100,33.231086731,42148,1.26833047445,32896,2909,true,1,0.033231086731
fp16,1,257,1,64,257,control_optimized_transform,1,0,100,9.70560014248,65792,6.77876679795,32896,2909,true,1,0.00970560014248
fp16,1,257,1,64,257,optimized_transform,1,1,100,9.53577160835,65792,6.89949410516,32896,2909,true,1,0.00953577160835
fp16,1,257,1,64,257,control_shuffle32_transform,1,2,100,8.85257124901,65792,7.43196503585,32896,2909,true,1,0.00885257124901
fp16,1,257,1,64,257,shuffle32_transform,1,3,100,8.82102847099,65792,7.4585407151,32896,2909,true,1,0.00882102847099
fp16,1,257,1,64,257,baseline_split,1,4,100,71.0587453842,107940,1.51902484932,32896,2909,true,1,0.0710587453842
fp16,1,257,1,64,257,control_optimized_split,1,5,100,64.4550848007,107940,1.67465453399,32896,2909,true,1,0.0644550848007
fp16,1,257,1,64,257,optimized_split,1,6,100,34.7309732437,107940,3.10788872061,32896,2909,true,1,0.0347309732437
fp16,1,257,1,64,257,control_shuffle32_split,1,7,100,102.770738602,107940,1.05029896125,32896,2909,true,1,0.102770738602
fp16,1,257,1,64,257,shuffle32_split,1,8,100,39.0797710419,107940,2.76204279407,32896,2909,true,1,0.0390797710419
fp16,1,257,1,64,257,baseline_fused,1,9,100,65.9791994095,42148,0.638807387438,32896,2909,true,1,0.0659791994095
fp16,1,257,1,64,257,control_optimized_fused,1,10,100,59.2678880692,42148,0.7111439495,32896,2909,true,1,0.0592678880692
fp16,1,257,1,64,257,optimized_fused,1,11,100,29.2592000961,42148,1.44050417857,32896,2909,true,1,0.0292592000961
fp16,1,257,1,64,257,control_shuffle32_fused,1,12,100,96.69257164,42148,0.435896980348,32896,2909,true,1,0.09669257164
fp16,1,257,1,64,257,shuffle32_fused,1,13,100,33.1940579414,42148,1.26974532835,32896,2909,true,1,0.0331940579414
fp16,1,257,1,64,257,baseline_transform,1,14,100,9.49554264545,65792,6.92872460865,32896,2909,true,1,0.00949554264545
fp16,1,257,1,64,257,optimized_transform,2,0,100,9.51885700226,65792,6.91175421423,32896,2909,true,1,0.00951885700226
fp16,1,257,1,64,257,control_shuffle32_transform,2,1,100,8.84320020676,65792,7.43984060767,32896,2909,true,1,0.00884320020676
fp16,1,257,1,64,257,shuffle32_transform,2,2,100,8.92022848129,65792,7.3755958312,32896,2909,true,1,0.00892022848129
fp16,1,257,1,64,257,baseline_split,2,3,100,71.0779428482,107940,1.51861457542,32896,2909,true,1,0.0710779428482
fp16,1,257,1,64,257,control_optimized_split,2,4,100,64.4582843781,107940,1.67457140756,32896,2909,true,1,0.0644582843781
fp16,1,257,1,64,257,optimized_split,2,5,100,34.7138285637,107940,3.10942366389,32896,2909,true,1,0.0347138285637
fp16,1,257,1,64,257,control_shuffle32_split,2,6,100,102.747430801,107940,1.05053721692,32896,2909,true,1,0.102747430801
fp16,1,257,1,64,257,shuffle32_split,2,7,100,39.0742850304,107940,2.7624305836,32896,2909,true,1,0.0390742850304
fp16,1,257,1,64,257,baseline_fused,2,8,100,65.984454155,42148,0.6387565153,32896,2909,true,1,0.065984454155
fp16,1,257,1,64,257,control_optimized_fused,2,9,100,59.3003463745,42148,0.710754701732,32896,2909,true,1,0.0593003463745
fp16,1,257,1,64,257,optimized_fused,2,10,100,29.301712513,42148,1.43841422174,32896,2909,true,1,0.029301712513
fp16,1,257,1,64,257,control_shuffle32_fused,2,11,100,96.693944931,42148,0.435890789543,32896,2909,true,1,0.096693944931
fp16,1,257,1,64,257,shuffle32_fused,2,12,100,33.2093715668,42148,1.2691598188,32896,2909,true,1,0.0332093715668
fp16,1,257,1,64,257,baseline_transform,2,13,100,9.5490282774,65792,6.8899157159,32896,2909,true,1,0.0095490282774
fp16,1,257,1,64,257,control_optimized_transform,2,14,100,9.69988584518,65792,6.78276023554,32896,2909,true,1,0.00969988584518
fp16,1,257,1,64,257,control_shuffle32_transform,3,0,100,8.78034293652,65792,7.49310140568,32896,2909,true,1,0.00878034293652
fp16,1,257,1,64,257,shuffle32_transform,3,1,100,8.79657149315,65792,7.47927758573,32896,2909,true,1,0.00879657149315
fp16,1,257,1,64,257,baseline_split,3,2,100,71.0198831558,107940,1.51985606289,32896,2909,true,1,0.0710198831558
fp16,1,257,1,64,257,control_optimized_split,3,3,100,64.4114303589,107940,1.67578952056,32896,2909,true,1,0.0644114303589
fp16,1,257,1,64,257,optimized_split,3,4,100,34.743771553,107940,3.10674389035,32896,2909,true,1,0.034743771553
fp16,1,257,1,64,257,control_shuffle32_split,3,5,100,102.096681595,107940,1.05723318637,32896,2909,true,1,0.102096681595
fp16,1,257,1,64,257,shuffle32_split,3,6,100,39.6532559395,107940,2.7220967722,32896,2909,true,1,0.0396532559395
fp16,1,257,1,64,257,baseline_fused,3,7,100,65.9437704086,42148,0.639150593586,32896,2909,true,1,0.0659437704086
fp16,1,257,1,64,257,control_optimized_fused,3,8,100,59.30788517,42148,0.710664355662,32896,2909,true,1,0.05930788517
fp16,1,257,1,64,257,optimized_fused,3,9,100,29.352915287,42148,1.43590507409,32896,2909,true,1,0.029352915287
fp16,1,257,1,64,257,control_shuffle32_fused,3,10,100,96.6969108582,42148,0.435877419723,32896,2909,true,1,0.0966969108582
fp16,1,257,1,64,257,shuffle32_fused,3,11,100,33.2185125351,42148,1.26881057529,32896,2909,true,1,0.0332185125351
fp16,1,257,1,64,257,baseline_transform,3,12,100,9.60777163506,65792,6.84778973721,32896,2909,true,1,0.00960777163506
fp16,1,257,1,64,257,control_optimized_transform,3,13,100,9.56068575382,65792,6.88151474633,32896,2909,true,1,0.00956068575382
fp16,1,257,1,64,257,optimized_transform,3,14,100,9.52914297581,65792,6.90429350961,32896,2909,true,1,0.00952914297581
fp16,1,257,1,64,257,shuffle32_transform,4,0,100,8.84548604488,65792,7.43791801447,32896,2909,true,1,0.00884548604488
fp16,1,257,1,64,257,baseline_split,4,1,100,71.0011434555,107940,1.52025720639,32896,2909,true,1,0.0710011434555
fp16,1,257,1,64,257,control_optimized_split,4,2,100,65.6175994873,107940,1.64498550455,32896,2909,true,1,0.0656175994873
fp16,1,257,1,64,257,optimized_split,4,3,100,34.7309732437,107940,3.10788872061,32896,2909,true,1,0.0347309732437
fp16,1,257,1,64,257,control_shuffle32_split,4,4,100,102.111768723,107940,1.05707697898,32896,2909,true,1,0.102111768723
fp16,1,257,1,64,257,shuffle32_split,4,5,100,39.1165733337,107940,2.75944416396,32896,2909,true,1,0.0391165733337
fp16,1,257,1,64,257,baseline_fused,4,6,100,65.9739398956,42148,0.638858313854,32896,2909,true,1,0.0659739398956
fp16,1,257,1,64,257,control_optimized_fused,4,7,100,59.3097114563,42148,0.710642472625,32896,2909,true,1,0.0593097114563
fp16,1,257,1,64,257,optimized_fused,4,8,100,29.2964577675,42148,1.43867222224,32896,2909,true,1,0.0292964577675
fp16,1,257,1,64,257,control_shuffle32_fused,4,9,100,96.6976070404,42148,0.435874281588,32896,2909,true,1,0.0966976070404
fp16,1,257,1,64,257,shuffle32_fused,4,10,100,33.1974864006,42148,1.26961419583,32896,2909,true,1,0.0331974864006
fp16,1,257,1,64,257,baseline_transform,4,11,100,9.52137172222,65792,6.9099287287,32896,2909,true,1,0.00952137172222
fp16,1,257,1,64,257,control_optimized_transform,4,12,100,9.56799983978,65792,6.87625429575,32896,2909,true,1,0.00956799983978
fp16,1,257,1,64,257,optimized_transform,4,13,100,9.52319979668,65792,6.90860229804,32896,2909,true,1,0.00952319979668
fp16,1,257,1,64,257,control_shuffle32_transform,4,14,100,8.73919963837,65792,7.52837819509,32896,2909,true,1,0.00873919963837
fp16,4,64,16,64,4096,baseline_transform,0,0,100,22.7426290512,1048576,46.1061910494,524288,2909,true,1,0.0227426290512
fp16,4,64,16,64,4096,control_optimized_transform,0,1,100,23.9334869385,1048576,43.8120865002,524288,2909,true,1,0.0239334869385
fp16,4,64,16,64,4096,optimized_transform,0,2,100,23.9567995071,1048576,43.7694525802,524288,2909,true,1,0.0239567995071
fp16,4,64,16,64,4096,control_shuffle32_transform,0,3,100,10.9737145901,1048576,95.5534237193,524288,2909,true,1,0.0109737145901
fp16,4,64,16,64,4096,shuffle32_transform,0,4,100,10.8262860775,1048576,96.8546362523,524288,2909,true,1,0.0108262860775
fp16,4,64,16,64,4096,baseline_split,0,5,100,438.530311584,1720320,3.92292152801,524288,2909,true,1,0.438530311584
fp16,4,64,16,64,4096,control_optimized_split,0,6,100,382.921829224,1720320,4.49261407606,524288,2909,true,1,0.382921829224
fp16,4,64,16,64,4096,optimized_split,0,7,100,162.066059113,1720320,10.6149307845,524288,2909,true,1,0.162066059113
fp16,4,64,16,64,4096,control_shuffle32_split,0,8,100,248.774185181,1720320,6.91518695459,524288,2909,true,1,0.248774185181
fp16,4,64,16,64,4096,shuffle32_split,0,9,100,71.3005685806,1720320,24.1277178324,524288,2909,true,1,0.0713005685806
fp16,4,64,16,64,4096,baseline_fused,0,10,100,433.897590637,671744,1.54816254917,524288,2909,true,1,0.433897590637
fp16,4,64,16,64,4096,control_optimized_fused,0,11,100,372.053718567,671744,1.80550271769,524288,2909,true,1,0.372053718567
fp16,4,64,16,64,4096,optimized_fused,0,12,100,147.934169769,671744,4.54083056705,524288,2909,true,1,0.147934169769
fp16,4,64,16,64,4096,control_shuffle32_fused,0,13,100,248.180103302,671744,2.7066795084,524288,2909,true,1,0.248180103302
fp16,4,64,16,64,4096,shuffle32_fused,0,14,100,69.8285722733,671744,9.61990168396,524288,2909,true,1,0.0698285722733
fp16,4,64,16,64,4096,control_optimized_transform,1,0,100,23.9270853996,1048576,43.8238081441,524288,2909,true,1,0.0239270853996
fp16,4,64,16,64,4096,optimized_transform,1,1,100,23.9862847328,1048576,43.7156488252,524288,2909,true,1,0.0239862847328
fp16,4,64,16,64,4096,control_shuffle32_transform,1,2,100,11.0566866398,1048576,94.8363677258,524288,2909,true,1,0.0110566866398
fp16,4,64,16,64,4096,shuffle32_transform,1,3,100,11.245714426,1048576,93.2422752593,524288,2909,true,1,0.011245714426
fp16,4,64,16,64,4096,baseline_split,1,4,100,438.254852295,1720320,3.92538722844,524288,2909,true,1,0.438254852295
fp16,4,64,16,64,4096,control_optimized_split,1,5,100,381.6040802,1720320,4.50812789815,524288,2909,true,1,0.3816040802
fp16,4,64,16,64,4096,optimized_split,1,6,100,162.126617432,1720320,10.6109658442,524288,2909,true,1,0.162126617432
fp16,4,64,16,64,4096,control_shuffle32_split,1,7,100,249.012584686,1720320,6.90856649742,524288,2909,true,1,0.249012584686
fp16,4,64,16,64,4096,shuffle32_split,1,8,100,72.3741722107,1720320,23.769805546,524288,2909,true,1,0.0723741722107
fp16,4,64,16,64,4096,baseline_fused,1,9,100,433.837242126,671744,1.54837790483,524288,2909,true,1,0.433837242126
fp16,4,64,16,64,4096,control_optimized_fused,1,10,100,371.584663391,671744,1.8077818225,524288,2909,true,1,0.371584663391
fp16,4,64,16,64,4096,optimized_fused,1,11,100,147.560453415,671744,4.55233082072,524288,2909,true,1,0.147560453415
fp16,4,64,16,64,4096,control_shuffle32_fused,1,12,100,247.728691101,671744,2.71161163051,524288,2909,true,1,0.247728691101
fp16,4,64,16,64,4096,shuffle32_fused,1,13,100,69.2089128494,671744,9.70603311544,524288,2909,true,1,0.0692089128494
fp16,4,64,16,64,4096,baseline_transform,1,14,100,22.7430868149,1048576,46.1052630426,524288,2909,true,1,0.0227430868149
fp16,4,64,16,64,4096,optimized_transform,2,0,100,24.1625142097,1048576,43.3968084156,524288,2909,true,1,0.0241625142097
fp16,4,64,16,64,4096,control_shuffle32_transform,2,1,100,10.9732568264,1048576,95.5574098546,524288,2909,true,1,0.0109732568264
fp16,4,64,16,64,4096,shuffle32_transform,2,2,100,11.2080001831,1048576,93.5560298777,524288,2909,true,1,0.0112080001831
fp16,4,64,16,64,4096,baseline_split,2,3,100,437.118644714,1720320,3.93559053315,524288,2909,true,1,0.437118644714
fp16,4,64,16,64,4096,control_optimized_split,2,4,100,381.392250061,1720320,4.51063177011,524288,2909,true,1,0.381392250061
fp16,4,64,16,64,4096,optimized_split,2,5,100,162.082958221,1720320,10.6138240496,524288,2909,true,1,0.162082958221
fp16,4,64,16,64,4096,control_shuffle32_split,2,6,100,247.370052338,1720320,6.95443924494,524288,2909,true,1,0.247370052338
fp16,4,64,16,64,4096,shuffle32_split,2,7,100,70.7430839539,1720320,24.3178541824,524288,2909,true,1,0.0707430839539
fp16,4,64,16,64,4096,baseline_fused,2,8,100,434.00844574,671744,1.54776711512,524288,2909,true,1,0.43400844574
fp16,4,64,16,64,4096,control_optimized_fused,2,9,100,372.027435303,671744,1.80563027416,524288,2909,true,1,0.372027435303
fp16,4,64,16,64,4096,optimized_fused,2,10,100,147.455768585,671744,4.55556270497,524288,2909,true,1,0.147455768585
fp16,4,64,16,64,4096,control_shuffle32_fused,2,11,100,248.198394775,671744,2.70648003428,524288,2909,true,1,0.248198394775
fp16,4,64,16,64,4096,shuffle32_fused,2,12,100,69.9654865265,671744,9.60107666436,524288,2909,true,1,0.0699654865265
fp16,4,64,16,64,4096,baseline_transform,2,13,100,22.7556562424,1048576,46.0797961101,524288,2909,true,1,0.0227556562424
fp16,4,64,16,64,4096,control_optimized_transform,2,14,100,24.1645693779,1048576,43.3931175682,524288,2909,true,1,0.0241645693779
fp16,4,64,16,64,4096,control_shuffle32_transform,3,0,100,11.4507424831,1048576,91.5727518581,524288,2909,true,1,0.0114507424831
fp16,4,64,16,64,4096,shuffle32_transform,3,1,100,11.2610292435,1048576,93.1154672747,524288,2909,true,1,0.0112610292435
fp16,4,64,16,64,4096,baseline_split,3,2,100,437.115859985,1720320,3.93561560557,524288,2909,true,1,0.437115859985
fp16,4,64,16,64,4096,control_optimized_split,3,3,100,380.504226685,1720320,4.5211587135,524288,2909,true,1,0.380504226685
fp16,4,64,16,64,4096,optimized_split,3,4,100,162.909030914,1720320,10.5600038889,524288,2909,true,1,0.162909030914
fp16,4,64,16,64,4096,control_shuffle32_split,3,5,100,249.335765839,1720320,6.89961183151,524288,2909,true,1,0.249335765839
fp16,4,64,16,64,4096,shuffle32_split,3,6,100,70.339884758,1720320,24.4572479173,524288,2909,true,1,0.070339884758
fp16,4,64,16,64,4096,baseline_fused,3,7,100,433.848686218,671744,1.5483370616,524288,2909,true,1,0.433848686218
fp16,4,64,16,64,4096,control_optimized_fused,3,8,100,372.009124756,671744,1.80571914853,524288,2909,true,1,0.372009124756
fp16,4,64,16,64,4096,optimized_fused,3,9,100,148.069486618,671744,4.53668082022,524288,2909,true,1,0.148069486618
fp16,4,64,16,64,4096,control_shuffle32_fused,3,10,100,247.899665833,671744,2.70974145021,524288,2909,true,1,0.247899665833
fp16,4,64,16,64,4096,shuffle32_fused,3,11,100,70.5846881866,671744,9.51685156168,524288,2909,true,1,0.0705846881866
fp16,4,64,16,64,4096,baseline_transform,3,12,100,22.7588582039,1048576,46.0733131076,524288,2909,true,1,0.0227588582039
fp16,4,64,16,64,4096,control_optimized_transform,3,13,100,24.0902853012,1048576,43.5269232759,524288,2909,true,1,0.0240902853012
fp16,4,64,16,64,4096,optimized_transform,3,14,100,24.0573716164,1048576,43.5864738975,524288,2909,true,1,0.0240573716164
fp16,4,64,16,64,4096,shuffle32_transform,4,0,100,10.9570288658,1048576,95.6989356185,524288,2909,true,1,0.0109570288658
fp16,4,64,16,64,4096,baseline_split,4,1,100,438.287086487,1720320,3.92509853254,524288,2909,true,1,0.438287086487
fp16,4,64,16,64,4096,control_optimized_split,4,2,100,380.737800598,1720320,4.51838508627,524288,2909,true,1,0.380737800598
fp16,4,64,16,64,4096,optimized_split,4,3,100,162.324790955,1720320,10.5980114922,524288,2909,true,1,0.162324790955
fp16,4,64,16,64,4096,control_shuffle32_split,4,4,100,247.746963501,1720320,6.94385907173,524288,2909,true,1,0.247746963501
fp16,4,64,16,64,4096,shuffle32_split,4,5,100,70.5702829361,1720320,24.377399784,524288,2909,true,1,0.0705702829361
fp16,4,64,16,64,4096,baseline_fused,4,6,100,433.8697052,671744,1.54826205183,524288,2909,true,1,0.4338697052
fp16,4,64,16,64,4096,control_optimized_fused,4,7,100,373.726196289,671744,1.79742283701,524288,2909,true,1,0.373726196289
fp16,4,64,16,64,4096,optimized_fused,4,8,100,147.559776306,671744,4.55235171004,524288,2909,true,1,0.147559776306
fp16,4,64,16,64,4096,control_shuffle32_fused,4,9,100,248.44707489,671744,2.70377101561,524288,2909,true,1,0.24844707489
fp16,4,64,16,64,4096,shuffle32_fused,4,10,100,69.651427269,671744,9.64436805302,524288,2909,true,1,0.069651427269
fp16,4,64,16,64,4096,baseline_transform,4,11,100,23.1677722931,1048576,45.2601133477,524288,2909,true,1,0.0231677722931
fp16,4,64,16,64,4096,control_optimized_transform,4,12,100,23.9209127426,1048576,43.8351166313,524288,2909,true,1,0.0239209127426
fp16,4,64,16,64,4096,optimized_transform,4,13,100,24.0141701698,1048576,43.6648858813,524288,2909,true,1,0.0240141701698
fp16,4,64,16,64,4096,control_shuffle32_transform,4,14,100,11.3602280617,1048576,92.3023723034,524288,2909,true,1,0.0113602280617
fp16,16,64,16,64,16384,baseline_transform,0,0,100,68.2253694534,4194304,61.4771899896,2097152,2909,true,1,0.0682253694534
fp16,16,64,16,64,16384,control_optimized_transform,0,1,100,73.9346313477,4194304,56.7298967148,2097152,2909,true,1,0.0739346313477
fp16,16,64,16,64,16384,optimized_transform,0,2,100,73.9755439758,4194304,56.6985218976,2097152,2909,true,1,0.0739755439758
fp16,16,64,16,64,16384,control_shuffle32_transform,0,3,100,21.1666297913,4194304,198.156439705,2097152,2909,true,1,0.0211666297913
fp16,16,64,16,64,16384,shuffle32_transform,0,4,100,21.0834288597,4194304,198.938418789,2097152,2909,true,1,0.0210834288597
fp16,16,64,16,64,16384,baseline_split,0,5,100,1548.53668213,6881280,4.44373070358,2097152,2909,true,1,1.54853668213
fp16,16,64,16,64,16384,control_optimized_split,0,6,100,1361.771698,6881280,5.05318182932,2097152,2909,true,1,1.361771698
fp16,16,64,16,64,16384,optimized_split,0,7,100,576.756095886,6881280,11.9310052361,2097152,2909,true,1,0.576756095886
fp16,16,64,16,64,16384,control_shuffle32_split,0,8,100,851.639480591,6881280,8.08003874506,2097152,2909,true,1,0.851639480591
fp16,16,64,16,64,16384,shuffle32_split,0,9,100,228.424682617,6881280,30.1249406201,2097152,2909,true,1,0.228424682617
fp16,16,64,16,64,16384,baseline_fused,0,10,100,1526.07208252,2686976,1.76071368501,2097152,2909,true,1,1.52607208252
fp16,16,64,16,64,16384,control_optimized_fused,0,11,100,1333.47381592,2686976,2.01501969362,2097152,2909,true,1,1.33347381592
fp16,16,64,16,64,16384,optimized_fused,0,12,100,544.50969696,2686976,4.93467061285,2097152,2909,true,1,0.54450969696
fp16,16,64,16,64,16384,control_shuffle32_fused,0,13,100,866.521606445,2686976,3.10087593894,2097152,2909,true,1,0.866521606445
fp16,16,64,16,64,16384,shuffle32_fused,0,14,100,211.608905792,2686976,12.6978398661,2097152,2909,true,1,0.211608905792
fp16,16,64,16,64,16384,control_optimized_transform,1,0,100,73.9764547348,4194304,56.6978238554,2097152,2909,true,1,0.0739764547348
fp16,16,64,16,64,16384,optimized_transform,1,1,100,74.0196561813,4194304,56.6647322669,2097152,2909,true,1,0.0740196561813
fp16,16,64,16,64,16384,control_shuffle32_transform,1,2,100,21.2486863136,4194304,197.391214595,2097152,2909,true,1,0.0212486863136
fp16,16,64,16,64,16384,shuffle32_transform,1,3,100,21.2210273743,4194304,197.64848921,2097152,2909,true,1,0.0212210273743
fp16,16,64,16,64,16384,baseline_split,1,4,100,1548.38577271,6881280,4.44416380033,2097152,2909,true,1,1.54838577271
fp16,16,64,16,64,16384,control_optimized_split,1,5,100,1361.37619019,6881280,5.05464988268,2097152,2909,true,1,1.36137619019
fp16,16,64,16,64,16384,optimized_split,1,6,100,576.796798706,6881280,11.9301633009,2097152,2909,true,1,0.576796798706
fp16,16,64,16,64,16384,control_shuffle32_split,1,7,100,851.68800354,6881280,8.07957840359,2097152,2909,true,1,0.85168800354
fp16,16,64,16,64,16384,shuffle32_split,1,8,100,228.358631134,6881280,30.1336540941,2097152,2909,true,1,0.228358631134
fp16,16,64,16,64,16384,baseline_fused,1,9,100,1526.11831665,2686976,1.76066034375,2097152,2909,true,1,1.52611831665
fp16,16,64,16,64,16384,control_optimized_fused,1,10,100,1333.51333618,2686976,2.0149599761,2097152,2909,true,1,1.33351333618
fp16,16,64,16,64,16384,optimized_fused,1,11,100,544.506034851,2686976,4.93470380128,2097152,2909,true,1,0.544506034851
fp16,16,64,16,64,16384,control_shuffle32_fused,1,12,100,866.382675171,2686976,3.10137318878,2097152,2909,true,1,0.866382675171
fp16,16,64,16,64,16384,shuffle32_fused,1,13,100,211.606616974,2686976,12.6979772109,2097152,2909,true,1,0.211606616974
fp16,16,64,16,64,16384,baseline_transform,1,14,100,68.223772049,4194304,61.4786294283,2097152,2909,true,1,0.068223772049
fp16,16,64,16,64,16384,optimized_transform,2,0,100,74.0361118317,4194304,56.6521376695,2097152,2909,true,1,0.0740361118317
fp16,16,64,16,64,16384,control_shuffle32_transform,2,1,100,21.2338280678,4194304,197.529337932,2097152,2909,true,1,0.0212338280678
fp16,16,64,16,64,16384,shuffle32_transform,2,2,100,21.1769127846,4194304,198.060219762,2097152,2909,true,1,0.0211769127846
fp16,16,64,16,64,16384,baseline_split,2,3,100,1548.54751587,6881280,4.44369961495,2097152,2909,true,1,1.54854751587
fp16,16,64,16,64,16384,control_optimized_split,2,4,100,1361.72363281,6881280,5.05336019306,2097152,2909,true,1,1.36172363281
fp16,16,64,16,64,16384,optimized_split,2,5,100,576.742172241,6881280,11.9312932731,2097152,2909,true,1,0.576742172241
fp16,16,64,16,64,16384,control_shuffle32_split,2,6,100,851.716079712,6881280,8.07931206644,2097152,2909,true,1,0.851716079712
fp16,16,64,16,64,16384,shuffle32_split,2,7,100,228.408679962,6881280,30.1270512186,2097152,2909,true,1,0.228408679962
fp16,16,64,16,64,16384,baseline_fused,2,8,100,1526.19537354,2686976,1.76057144884,2097152,2909,true,1,1.52619537354
fp16,16,64,16,64,16384,control_optimized_fused,2,9,100,1333.60671997,2686976,2.01481888158,2097152,2909,true,1,1.33360671997
fp16,16,64,16,64,16384,optimized_fused,2,10,100,544.504890442,2686976,4.93471417276,2097152,2909,true,1,0.544504890442
fp16,16,64,16,64,16384,control_shuffle32_fused,2,11,100,866.449813843,2686976,3.10113287241,2097152,2909,true,1,0.866449813843
fp16,16,64,16,64,16384,shuffle32_fused,2,12,100,211.472454071,2686976,12.7060330945,2097152,2909,true,1,0.211472454071
fp16,16,64,16,64,16384,baseline_transform,2,13,100,68.2610273361,4194304,61.4450758168,2097152,2909,true,1,0.0682610273361
fp16,16,64,16,64,16384,control_optimized_transform,2,14,100,73.9787435532,4194304,56.6960696891,2097152,2909,true,1,0.0739787435532
fp16,16,64,16,64,16384,control_shuffle32_transform,3,0,100,21.2260580063,4194304,197.601645994,2097152,2909,true,1,0.0212260580063
fp16,16,64,16,64,16384,shuffle32_transform,3,1,100,21.1979436874,4194304,197.863720267,2097152,2909,true,1,0.0211979436874
fp16,16,64,16,64,16384,baseline_split,3,2,100,1548.46694946,6881280,4.4439308197,2097152,2909,true,1,1.54846694946
fp16,16,64,16,64,16384,control_optimized_split,3,3,100,1361.77688599,6881280,5.05316257811,2097152,2909,true,1,1.36177688599
fp16,16,64,16,64,16384,optimized_split,3,4,100,576.836357117,6881280,11.9293451515,2097152,2909,true,1,0.576836357117
fp16,16,64,16,64,16384,control_shuffle32_split,3,5,100,851.702194214,6881280,8.07944378534,2097152,2909,true,1,0.851702194214
fp16,16,64,16,64,16384,shuffle32_split,3,6,100,228.368015289,6881280,30.1324158345,2097152,2909,true,1,0.228368015289
fp16,16,64,16,64,16384,baseline_fused,3,7,100,1526.17523193,2686976,1.76059468387,2097152,2909,true,1,1.52617523193
fp16,16,64,16,64,16384,control_optimized_fused,3,8,100,1333.45306396,2686976,2.0150510525,2097152,2909,true,1,1.33345306396
fp16,16,64,16,64,16384,optimized_fused,3,9,100,544.457588196,2686976,4.93514289865,2097152,2909,true,1,0.544457588196
fp16,16,64,16,64,16384,control_shuffle32_fused,3,10,100,866.582641602,2686976,3.10065753802,2097152,2909,true,1,0.866582641602
fp16,16,64,16,64,16384,shuffle32_fused,3,11,100,211.415081024,2686976,12.709481211,2097152,2909,true,1,0.211415081024
fp16,16,64,16,64,16384,baseline_transform,3,12,100,68.2678842545,4194304,61.4389041905,2097152,2909,true,1,0.0682678842545
fp16,16,64,16,64,16384,control_optimized_transform,3,13,100,73.9714288712,4194304,56.7016760932,2097152,2909,true,1,0.0739714288712
fp16,16,64,16,64,16384,optimized_transform,3,14,100,74.0271997452,4194304,56.6589579835,2097152,2909,true,1,0.0740271997452
fp16,16,64,16,64,16384,shuffle32_transform,4,0,100,21.2089133263,4194304,197.761381523,2097152,2909,true,1,0.0212089133263
fp16,16,64,16,64,16384,baseline_split,4,1,100,1548.51821899,6881280,4.44378368662,2097152,2909,true,1,1.54851821899
fp16,16,64,16,64,16384,control_optimized_split,4,2,100,1361.57577515,6881280,5.05390895285,2097152,2909,true,1,1.36157577515
fp16,16,64,16,64,16384,optimized_split,4,3,100,576.618499756,6881280,11.9338522835,2097152,2909,true,1,0.576618499756
fp16,16,64,16,64,16384,control_shuffle32_split,4,4,100,851.656951904,6881280,8.07987298714,2097152,2909,true,1,0.851656951904
fp16,16,64,16,64,16384,shuffle32_split,4,5,100,228.479766846,6881280,30.1176777927,2097152,2909,true,1,0.228479766846
fp16,16,64,16,64,16384,baseline_fused,4,6,100,1526.02416992,2686976,1.76076896615,2097152,2909,true,1,1.52602416992
fp16,16,64,16,64,16384,control_optimized_fused,4,7,100,1333.5168457,2686976,2.01495467317,2097152,2909,true,1,1.3335168457
fp16,16,64,16,64,16384,optimized_fused,4,8,100,544.49005127,2686976,4.9348486602,2097152,2909,true,1,0.54449005127
fp16,16,64,16,64,16384,control_shuffle32_fused,4,9,100,866.471786499,2686976,3.1010542315,2097152,2909,true,1,0.866471786499
fp16,16,64,16,64,16384,shuffle32_fused,4,10,100,211.674747467,2686976,12.6938901884,2097152,2909,true,1,0.211674747467
fp16,16,64,16,64,16384,baseline_transform,4,11,100,68.2207965851,4194304,61.4813108312,2097152,2909,true,1,0.0682207965851
fp16,16,64,16,64,16384,control_optimized_transform,4,12,100,73.9250278473,4194304,56.737266419,2097152,2909,true,1,0.0739250278473
fp16,16,64,16,64,16384,optimized_transform,4,13,100,73.9970302582,4194304,56.6820585281,2097152,2909,true,1,0.0739970302582
fp16,16,64,16,64,16384,control_shuffle32_transform,4,14,100,21.1332583427,4194304,198.469347792,2097152,2909,true,1,0.0211332583427
fp16,1,1,1,128,1,baseline_transform,0,0,100,9.29188549519,512,0.0551018413072,256,2909,true,1,0.00929188549519
fp16,1,1,1,128,1,control_optimized_transform,0,1,100,9.43040013313,512,0.0542925000819,256,2909,true,1,0.00943040013313
fp16,1,1,1,128,1,optimized_transform,0,2,100,9.52617168427,512,0.053746669383,256,2909,true,1,0.00952617168427
fp16,1,1,1,128,1,control_shuffle32_transform,0,3,100,8.995885849,512,0.0569149062798,256,2909,true,1,0.008995885849
fp16,1,1,1,128,1,shuffle32_transform,0,4,100,9.17120039463,512,0.0558269340947,256,2909,true,1,0.00917120039463
fp16,1,1,1,128,1,baseline_split,0,5,100,80.1353168488,836,0.010432354084,256,2909,true,1,0.0801353168488
fp16,1,1,1,128,1,control_optimized_split,0,6,100,64.6671962738,836,0.012927729176,256,2909,true,1,0.0646671962738
fp16,1,1,1,128,1,optimized_split,0,7,100,34.0617156029,836,0.0245436844623,256,2909,true,1,0.0340617156029
fp16,1,1,1,128,1,control_shuffle32_split,0,8,100,165.305137634,836,0.00505731407967,256,2909,true,1,0.165305137634
fp16,1,1,1,128,1,shuffle32_split,0,9,100,46.0518836975,836,0.0181534376637,256,2909,true,1,0.0460518836975
fp16,1,1,1,128,1,baseline_fused,0,10,100,75.7604551315,324,0.00427663745469,256,2909,true,1,0.0757604551315
fp16,1,1,1,128,1,control_optimized_fused,0,11,100,59.242515564,324,0.00546904527797,256,2909,true,1,0.059242515564
fp16,1,1,1,128,1,optimized_fused,0,12,100,28.8578295708,324,0.0112274555924,256,2909,true,1,0.0288578295708
fp16,1,1,1,128,1,control_shuffle32_fused,0,13,100,159.296226501,324,0.00203394648521,256,2909,true,1,0.159296226501
fp16,1,1,1,128,1,shuffle32_fused,0,14,100,40.3638839722,324,0.00802697778597,256,2909,true,1,0.0403638839722
fp16,1,1,1,128,1,control_optimized_transform,1,0,100,9.49417114258,512,0.0539278250108,256,2909,true,1,0.00949417114258
fp16,1,1,1,128,1,optimized_transform,1,1,100,9.62742865086,512,0.053181386076,256,2909,true,1,0.00962742865086
fp16,1,1,1,128,1,control_shuffle32_transform,1,2,100,9.0464001894,512,0.0565970982137,256,2909,true,1,0.0090464001894
fp16,1,1,1,128,1,shuffle32_transform,1,3,100,9.1867429018,512,0.0557324838055,256,2909,true,1,0.0091867429018
fp16,1,1,1,128,1,baseline_split,1,4,100,80.1693725586,836,0.0104279224512,256,2909,true,1,0.0801693725586
fp16,1,1,1,128,1,control_optimized_split,1,5,100,64.6658277512,836,0.0129280027655,256,2909,true,1,0.0646658277512
fp16,1,1,1,128,1,optimized_split,1,6,100,34.0786290169,836,0.0245315032945,256,2909,true,1,0.0340786290169
fp16,1,1,1,128,1,control_shuffle32_split,1,7,100,165.314064026,836,0.00505704100208,256,2909,true,1,0.165314064026
fp16,1,1,1,128,1,shuffle32_split,1,8,100,46.7028570175,836,0.0179004038165,256,2909,true,1,0.0467028570175
fp16,1,1,1,128,1,baseline_fused,1,9,100,75.7556533813,324,0.00427690852812,256,2909,true,1,0.0757556533813
fp16,1,1,1,128,1,control_optimized_fused,1,10,100,59.2349720001,324,0.00546974175997,256,2909,true,1,0.0592349720001
fp16,1,1,1,128,1,optimized_fused,1,11,100,28.8886857033,324,0.0112154634976,256,2909,true,1,0.0288886857033
fp16,1,1,1,128,1,control_shuffle32_fused,1,12,100,159.31977272,324,0.0020336458838,256,2909,true,1,0.15931977272
fp16,1,1,1,128,1,shuffle32_fused,1,13,100,40.4020595551,324,0.00801939315887,256,2909,true,1,0.0404020595551
fp16,1,1,1,128,1,baseline_transform,1,14,100,9.28640007973,512,0.0551343896025,256,2909,true,1,0.00928640007973
fp16,1,1,1,128,1,optimized_transform,2,0,100,9.69622850418,512,0.0528040361032,256,2909,true,1,0.00969622850418
fp16,1,1,1,128,1,control_shuffle32_transform,2,1,100,9.03405725956,512,0.0566744249333,256,2909,true,1,0.00903405725956
fp16,1,1,1,128,1,shuffle32_transform,2,2,100,9.1053712368,512,0.0562305464197,256,2909,true,1,0.0091053712368
fp16,1,1,1,128,1,baseline_split,2,3,100,80.1673126221,836,0.0104281904015,256,2909,true,1,0.0801673126221
fp16,1,1,1,128,1,control_optimized_split,2,4,100,64.666967392,836,0.0129277749323,256,2909,true,1,0.064666967392
fp16,1,1,1,128,1,optimized_split,2,5,100,34.0912008286,836,0.0245224568124,256,2909,true,1,0.0340912008286
fp16,1,1,1,128,1,control_shuffle32_split,2,6,100,165.33531189,836,0.00505639110269,256,2909,true,1,0.16533531189
fp16,1,1,1,128,1,shuffle32_split,2,7,100,46.0591983795,836,0.0181505547081,256,2909,true,1,0.0460591983795
fp16,1,1,1,128,1,baseline_fused,2,8,100,75.7520008087,324,0.00427711474999,256,2909,true,1,0.0757520008087
fp16,1,1,1,128,1,control_optimized_fused,2,9,100,59.2436552048,324,0.00546894007266,256,2909,true,1,0.0592436552048
fp16,1,1,1,128,1,optimized_fused,2,10,100,28.8948583603,324,0.011213067597,256,2909,true,1,0.0288948583603
fp16,1,1,1,128,1,control_shuffle32_fused,2,11,100,159.34170723,324,0.0020333659381,256,2909,true,1,0.15934170723
fp16,1,1,1,128,1,shuffle32_fused,2,12,100,40.3481149673,324,0.00803011492017,256,2909,true,1,0.0403481149673
fp16,1,1,1,128,1,baseline_transform,2,13,100,9.2299425602,512,0.0554716344832,256,2909,true,1,0.0092299425602
fp16,1,1,1,128,1,control_optimized_transform,2,14,100,9.51885700226,512,0.0537879705387,256,2909,true,1,0.00951885700226
fp16,1,1,1,128,1,control_shuffle32_transform,3,0,100,8.99954319,512,0.0568917765258,256,2909,true,1,0.00899954319
fp16,1,1,1,128,1,shuffle32_transform,3,1,100,9.14994299412,512,0.0559566327713,256,2909,true,1,0.00914994299412
fp16,1,1,1,128,1,baseline_split,3,2,100,80.2575969696,836,0.0104164593953,256,2909,true,1,0.0802575969696
fp16,1,1,1,128,1,control_optimized_split,3,3,100,64.666056633,836,0.0129279570076,256,2909,true,1,0.064666056633
fp16,1,1,1,128,1,optimized_split,3,4,100,34.1085720062,836,0.0245099677538,256,2909,true,1,0.0341085720062
fp16,1,1,1,128,1,control_shuffle32_split,3,5,100,165.262413025,836,0.0050586215262,256,2909,true,1,0.165262413025
fp16,1,1,1,128,1,shuffle32_split,3,6,100,46.0825157166,836,0.0181413706913,256,2909,true,1,0.0460825157166
fp16,1,1,1,128,1,baseline_fused,3,7,100,75.7561159134,324,0.00427688241528,256,2909,true,1,0.0757561159134
fp16,1,1,1,128,1,control_optimized_fused,3,8,100,59.2397689819,324,0.0054692988438,256,2909,true,1,0.0592397689819
fp16,1,1,1,128,1,optimized_fused,3,9,100,28.8829708099,324,0.0112176826315,256,2909,true,1,0.0288829708099
fp16,1,1,1,128,1,control_shuffle32_fused,3,10,100,159.335546494,324,0.00203344455854,256,2909,true,1,0.159335546494
fp16,1,1,1,128,1,shuffle32_fused,3,11,100,40.348572731,324,0.0080300238167,256,2909,true,1,0.040348572731
fp16,1,1,1,128,1,baseline_transform,3,12,100,9.28662836552,512,0.0551330342777,256,2909,true,1,0.00928662836552
fp16,1,1,1,128,1,control_optimized_transform,3,13,100,9.49325740337,512,0.0539330156389,256,2909,true,1,0.00949325740337
fp16,1,1,1,128,1,optimized_transform,3,14,100,9.62034285069,512,0.0532205564756,256,2909,true,1,0.00962034285069
fp16,1,1,1,128,1,shuffle32_transform,4,0,100,9.18102860451,512,0.0557671718557,256,2909,true,1,0.00918102860451
fp16,1,1,1,128,1,baseline_split,4,1,100,80.1885700226,836,0.0104254259649,256,2909,true,1,0.0801885700226
fp16,1,1,1,128,1,control_optimized_split,4,2,100,64.6809148788,836,0.012924987248,256,2909,true,1,0.0646809148788
fp16,1,1,1,128,1,optimized_split,4,3,100,34.1915440559,836,0.0244504898238,256,2909,true,1,0.0341915440559
fp16,1,1,1,128,1,control_shuffle32_split,4,4,100,164.698505402,836,0.0050759416302,256,2909,true,1,0.164698505402
fp16,1,1,1,128,1,shuffle32_split,4,5,100,46.1931419373,836,0.0180979246039,256,2909,true,1,0.0461931419373
fp16,1,1,1,128,1,baseline_fused,4,6,100,75.7536029816,324,0.00427702428991,256,2909,true,1,0.0757536029816
fp16,1,1,1,128,1,control_optimized_fused,4,7,100,59.2351961136,324,0.00546972106547,256,2909,true,1,0.0592351961136
fp16,1,1,1,128,1,optimized_fused,4,8,100,28.8982844353,324,0.0112117382167,256,2909,true,1,0.0288982844353
fp16,1,1,1,128,1,control_shuffle32_fused,4,9,100,159.298295975,324,0.00203392006184,256,2909,true,1,0.159298295975
fp16,1,1,1,128,1,shuffle32_fused,4,10,100,40.3405714035,324,0.00803161652717,256,2909,true,1,0.0403405714035
fp16,1,1,1,128,1,baseline_transform,4,11,100,9.2841142416,512,0.0551479642189,256,2909,true,1,0.0092841142416
fp16,1,1,1,128,1,control_optimized_transform,4,12,100,9.47359979153,512,0.0540449260331,256,2909,true,1,0.00947359979153
fp16,1,1,1,128,1,optimized_transform,4,13,100,9.71222877502,512,0.0527170448576,256,2909,true,1,0.00971222877502
fp16,1,1,1,128,1,control_shuffle32_transform,4,14,100,9.09485757351,512,0.0562955489805,256,2909,true,1,0.00909485757351
fp16,1,17,1,128,17,baseline_transform,0,0,100,9.46080029011,8704,0.920006736544,4352,2909,true,1,0.00946080029011
fp16,1,17,1,128,17,control_optimized_transform,0,1,100,9.78765666485,8704,0.88928333901,4352,2909,true,1,0.00978765666485
fp16,1,17,1,128,17,optimized_transform,0,2,100,9.82422828674,8704,0.885972897408,4352,2909,true,1,0.00982422828674
fp16,1,17,1,128,17,control_shuffle32_transform,0,3,100,9.14811432362,8704,0.951452910632,4352,2909,true,1,0.00914811432362
fp16,1,17,1,128,17,shuffle32_transform,0,4,100,9.16022837162,8704,0.950194650929,4352,2909,true,1,0.00916022837162
fp16,1,17,1,128,17,baseline_split,0,5,100,80.3922271729,14212,0.176783260021,4352,2909,true,1,0.0803922271729
fp16,1,17,1,128,17,control_optimized_split,0,6,100,64.4601154327,14212,0.220477420876,4352,2909,true,1,0.0644601154327
fp16,1,17,1,128,17,optimized_split,0,7,100,34.6537137032,14212,0.41011477505,4352,2909,true,1,0.0346537137032
fp16,1,17,1,128,17,control_shuffle32_split,0,8,100,163.314743042,14212,0.0870221495946,4352,2909,true,1,0.163314743042
fp16,1,17,1,128,17,shuffle32_split,0,9,100,45.6233119965,14212,0.311507415356,4352,2909,true,1,0.0456233119965
fp16,1,17,1,128,17,baseline_fused,0,10,100,75.7165718079,5508,0.0727449733722,4352,2909,true,1,0.0757165718079
fp16,1,17,1,128,17,control_optimized_fused,0,11,100,59.3252563477,5508,0.092844099446,4352,2909,true,1,0.0593252563477
fp16,1,17,1,128,17,optimized_fused,0,12,100,29.3842291832,5508,0.187447489797,4352,2909,true,1,0.0293842291832
fp16,1,17,1,128,17,control_shuffle32_fused,0,13,100,157.979202271,5508,0.0348653488614,4352,2909,true,1,0.157979202271
fp16,1,17,1,128,17,shuffle32_fused,0,14,100,39.8768019676,5508,0.138125419498,4352,2909,true,1,0.0398768019676
fp16,1,17,1,128,17,control_optimized_transform,1,0,100,9.68388557434,8704,0.898812768199,4352,2909,true,1,0.00968388557434
fp16,1,17,1,128,17,optimized_transform,1,1,100,9.91268575191,8704,0.878066774014,4352,2909,true,1,0.00991268575191
fp16,1,17,1,128,17,control_shuffle32_transform,1,2,100,9.13531422615,8704,0.952786054702,4352,2909,true,1,0.00913531422615
fp16,1,17,1,128,17,shuffle32_transform,1,3,100,9.26354289055,8704,0.939597312048,4352,2909,true,1,0.00926354289055
fp16,1,17,1,128,17,baseline_split,1,4,100,80.3090286255,14212,0.176966403943,4352,2909,true,1,0.0803090286255
fp16,1,17,1,128,17,control_optimized_split,1,5,100,64.4447994232,14212,0.22052981974,4352,2909,true,1,0.0644447994232
fp16,1,17,1,128,17,optimized_split,1,6,100,34.7062849998,14212,0.409493554267,4352,2909,true,1,0.0347062849998
fp16,1,17,1,128,17,control_shuffle32_split,1,7,100,163.319530487,14212,0.0870195986825,4352,2909,true,1,0.163319530487
fp16,1,17,1,128,17,shuffle32_split,1,8,100,45.6025123596,14212,0.311649496149,4352,2909,true,1,0.0456025123596
fp16,1,17,1,128,17,baseline_fused,1,9,100,75.7172584534,5508,0.072744313681,4352,2909,true,1,0.0757172584534
fp16,1,17,1,128,17,control_optimized_fused,1,10,100,59.322514534,5508,0.0928483905861,4352,2909,true,1,0.059322514534
fp16,1,17,1,128,17,optimized_fused,1,11,100,29.3702864647,5508,0.187536475227,4352,2909,true,1,0.0293702864647
fp16,1,17,1,128,17,control_shuffle32_fused,1,12,100,157.97873497,5508,0.0348654519929,4352,2909,true,1,0.15797873497
fp16,1,17,1,128,17,shuffle32_fused,1,13,100,39.9392008781,5508,0.137909619594,4352,2909,true,1,0.0399392008781
fp16,1,17,1,128,17,baseline_transform,1,14,100,9.52457129955,8704,0.913846904627,4352,2909,true,1,0.00952457129955
fp16,1,17,1,128,17,optimized_transform,2,0,100,9.83657181263,8704,0.884861124973,4352,2909,true,1,0.00983657181263
fp16,1,17,1,128,17,control_shuffle32_transform,2,1,100,9.13782835007,8704,0.952523911213,4352,2909,true,1,0.00913782835007
fp16,1,17,1,128,17,shuffle32_transform,2,2,100,9.16845679283,8704,0.949341879083,4352,2909,true,1,0.00916845679283
fp16,1,17,1,128,17,baseline_split,2,3,100,80.3058338165,14212,0.176973444202,4352,2909,true,1,0.0803058338165
fp16,1,17,1,128,17,control_optimized_split,2,4,100,64.4306278229,14212,0.220578325561,4352,2909,true,1,0.0644306278229
fp16,1,17,1,128,17,optimized_split,2,5,100,34.650285244,14212,0.410155353698,4352,2909,true,1,0.034650285244
fp16,1,17,1,128,17,control_shuffle32_split,2,6,100,163.936920166,14212,0.0866918811553,4352,2909,true,1,0.163936920166
fp16,1,17,1,128,17,shuffle32_split,2,7,100,45.6294822693,14212,0.311465291588,4352,2909,true,1,0.0456294822693
fp16,1,17,1,128,17,baseline_fused,2,8,100,75.7024002075,5508,0.0727585913379,4352,2909,true,1,0.0757024002075
fp16,1,17,1,128,17,control_optimized_fused,2,9,100,59.3316555023,5508,0.0928340858412,4352,2909,true,1,0.0593316555023
fp16,1,17,1,128,17,optimized_fused,2,10,100,29.3654847145,5508,0.187567140592,4352,2909,true,1,0.0293654847145
fp16,1,17,1,128,17,control_shuffle32_fused,2,11,100,157.979431152,5508,0.0348652983482,4352,2909,true,1,0.157979431152
fp16,1,17,1,128,17,shuffle32_fused,2,12,100,39.9232006073,5508,0.137964890495,4352,2909,true,1,0.0399232006073
fp16,1,17,1,128,17,baseline_transform,2,13,100,9.49828565121,8704,0.916375893464,4352,2909,true,1,0.00949828565121
fp16,1,17,1,128,17,control_optimized_transform,2,14,100,9.70217168331,8704,0.897118736311,4352,2909,true,1,0.00970217168331
fp16,1,17,1,128,17,control_shuffle32_transform,3,0,100,9.18285667896,8704,0.947853190385,4352,2909,true,1,0.00918285667896
fp16,1,17,1,128,17,shuffle32_transform,3,1,100,9.23634290695,8704,0.942364319697,4352,2909,true,1,0.00923634290695
fp16,1,17,1,128,17,baseline_split,3,2,100,80.3389644623,14212,0.176900462872,4352,2909,true,1,0.0803389644623
fp16,1,17,1,128,17,control_optimized_split,3,3,100,64.4530248642,14212,0.22050167591,4352,2909,true,1,0.0644530248642
fp16,1,17,1,128,17,optimized_split,3,4,100,34.689142704,14212,0.409695913251,4352,2909,true,1,0.034689142704
fp16,1,17,1,128,17,control_shuffle32_split,3,5,100,164.017829895,14212,0.0866491161912,4352,2909,true,1,0.164017829895
fp16,1,17,1,128,17,shuffle32_split,3,6,100,46.26765728,14212,0.307169215722,4352,2909,true,1,0.04626765728
fp16,1,17,1,128,17,baseline_fused,3,7,100,75.716342926,5508,0.072745193272,4352,2909,true,1,0.075716342926
fp16,1,17,1,128,17,control_optimized_fused,3,8,100,59.2852592468,5508,0.0929067371886,4352,2909,true,1,0.0592852592468
fp16,1,17,1,128,17,optimized_fused,3,9,100,29.3766856194,5508,0.187495623957,4352,2909,true,1,0.0293766856194
fp16,1,17,1,128,17,control_shuffle32_fused,3,10,100,157.983989716,5508,0.0348642923243,4352,2909,true,1,0.157983989716
fp16,1,17,1,128,17,shuffle32_fused,3,11,100,39.8761129379,5508,0.138127806203,4352,2909,true,1,0.0398761129379
fp16,1,17,1,128,17,baseline_transform,3,12,100,9.65691387653,8704,0.90132314643,4352,2909,true,1,0.00965691387653
fp16,1,17,1,128,17,control_optimized_transform,3,13,100,9.75017130375,8704,0.892702264283,4352,2909,true,1,0.00975017130375
fp16,1,17,1,128,17,optimized_transform,3,14,100,9.84777092934,8704,0.883854840091,4352,2909,true,1,0.00984777092934
fp16,1,17,1,128,17,shuffle32_transform,4,0,100,9.25394296646,8704,0.940572038486,4352,2909,true,1,0.00925394296646
fp16,1,17,1,128,17,baseline_split,4,1,100,80.30834198,14212,0.176967917026,4352,2909,true,1,0.08030834198
fp16,1,17,1,128,17,control_optimized_split,4,2,100,64.4317722321,14212,0.220574407744,4352,2909,true,1,0.0644317722321
fp16,1,17,1,128,17,optimized_split,4,3,100,34.680685997,14212,0.409795815493,4352,2909,true,1,0.034680685997
fp16,1,17,1,128,17,control_shuffle32_split,4,4,100,163.372573853,14212,0.0869913453945,4352,2909,true,1,0.163372573853
fp16,1,17,1,128,17,shuffle32_split,4,5,100,45.6432008743,14212,0.311371677002,4352,2909,true,1,0.0456432008743
fp16,1,17,1,128,17,baseline_fused,4,6,100,75.7177114487,5508,0.0727438784746,4352,2909,true,1,0.0757177114487
fp16,1,17,1,128,17,control_optimized_fused,4,7,100,59.2761182785,5508,0.0929210643336,4352,2909,true,1,0.0592761182785
fp16,1,17,1,128,17,optimized_fused,4,8,100,29.3460583687,5508,0.187691305279,4352,2909,true,1,0.0293460583687
fp16,1,17,1,128,17,control_shuffle32_fused,4,9,100,157.969150543,5508,0.0348675673767,4352,2909,true,1,0.157969150543
fp16,1,17,1,128,17,shuffle32_fused,4,10,100,39.9037718773,5508,0.13803206416,4352,2909,true,1,0.0399037718773
fp16,1,17,1,128,17,baseline_transform,4,11,100,9.44571435452,8704,0.921476097341,4352,2909,true,1,0.00944571435452
fp16,1,17,1,128,17,control_optimized_transform,4,12,100,9.70514237881,8704,0.896844132757,4352,2909,true,1,0.00970514237881
fp16,1,17,1,128,17,optimized_transform,4,13,100,9.80662882328,8704,0.887562908401,4352,2909,true,1,0.00980662882328
fp16,1,17,1,128,17,control_shuffle32_transform,4,14,100,9.27794277668,8704,0.938139004465,4352,2909,true,1,0.00927794277668
fp16,1,257,1,128,257,baseline_transform,0,0,100,9.86308574677,131584,13.3410581007,65792,2909,true,1,0.00986308574677
fp16,1,257,1,128,257,control_optimized_transform,0,1,100,9.92228627205,131584,13.2614597475,65792,2909,true,1,0.00992228627205
fp16,1,257,1,128,257,optimized_transform,0,2,100,9.95405733585,131584,13.2191322152,65792,2909,true,1,0.00995405733585
fp16,1,257,1,128,257,control_shuffle32_transform,0,3,100,10.4251432419,131584,12.6217930005,65792,2909,true,1,0.0104251432419
fp16,1,257,1,128,257,shuffle32_transform,0,4,100,10.40548563,131584,12.6456375683,65792,2909,true,1,0.01040548563
fp16,1,257,1,128,257,baseline_split,0,5,100,81.6013717651,214852,2.63294593403,65792,2909,true,1,0.0816013717651
fp16,1,257,1,128,257,control_optimized_split,0,6,100,65.7120037079,214852,3.26960049727,65792,2909,true,1,0.0657120037079
fp16,1,257,1,128,257,optimized_split,0,7,100,35.7266283035,214852,6.01377768354,65792,2909,true,1,0.0357266283035
fp16,1,257,1,128,257,control_shuffle32_split,0,8,100,177.269477844,214852,1.21200785726,65792,2909,true,1,0.177269477844
fp16,1,257,1,128,257,shuffle32_split,0,9,100,52.0303964615,214852,4.12935542705,65792,2909,true,1,0.0520303964615
fp16,1,257,1,128,257,baseline_fused,0,10,100,76.6678857803,83268,1.08608707743,65792,2909,true,1,0.0766678857803
fp16,1,257,1,128,257,control_optimized_fused,0,11,100,60.2502822876,83268,1.38203501857,65792,2909,true,1,0.0602502822876
fp16,1,257,1,128,257,optimized_fused,0,12,100,29.657599926,83268,2.80764459052,65792,2909,true,1,0.029657599926
fp16,1,257,1,128,257,control_shuffle32_fused,0,13,100,170.349254608,83268,0.488807539496,65792,2909,true,1,0.170349254608
fp16,1,257,1,128,257,shuffle32_fused,0,14,100,44.9046850204,83268,1.8543276712,65792,2909,true,1,0.0449046850204
fp16,1,257,1,128,257,control_optimized_transform,1,0,100,10.0006866455,131584,13.1574965464,65792,2909,true,1,0.0100006866455
fp16,1,257,1,128,257,optimized_transform,1,1,100,9.96502816677,131584,13.2045788329,65792,2909,true,1,0.00996502816677
fp16,1,257,1,128,257,control_shuffle32_transform,1,2,100,10.5995428562,131584,12.4141202866,65792,2909,true,1,0.0105995428562
fp16,1,257,1,128,257,shuffle32_transform,1,3,100,10.4697144032,131584,12.5680601145,65792,2909,true,1,0.0104697144032
fp16,1,257,1,128,257,baseline_split,1,4,100,81.664686203,214852,2.63090461728,65792,2909,true,1,0.081664686203
fp16,1,257,1,128,257,control_optimized_split,1,5,100,65.6923437119,214852,3.27057900297,65792,2909,true,1,0.0656923437119
fp16,1,257,1,128,257,optimized_split,1,6,100,35.2820563316,214852,6.08955436102,65792,2909,true,1,0.0352820563316
fp16,1,257,1,128,257,control_shuffle32_split,1,7,100,177.276802063,214852,1.21195778297,65792,2909,true,1,0.177276802063
fp16,1,257,1,128,257,shuffle32_split,1,8,100,52.102856636,214852,4.12361267446,65792,2909,true,1,0.052102856636
fp16,1,257,1,128,257,baseline_fused,1,9,100,76.663312912,83268,1.08615186113,65792,2909,true,1,0.076663312912
fp16,1,257,1,128,257,control_optimized_fused,1,10,100,60.2541732788,83268,1.38194577187,65792,2909,true,1,0.0602541732788
fp16,1,257,1,128,257,optimized_fused,1,11,100,29.6532583237,83268,2.80805566428,65792,2909,true,1,0.0296532583237
fp16,1,257,1,128,257,control_shuffle32_fused,1,12,100,170.345821381,83268,0.488817391147,65792,2909,true,1,0.170345821381
fp16,1,257,1,128,257,shuffle32_fused,1,13,100,44.9026298523,83268,1.85441254274,65792,2909,true,1,0.0449026298523
fp16,1,257,1,128,257,baseline_transform,1,14,100,9.95017111301,131584,13.2242951911,65792,2909,true,1,0.00995017111301
fp16,1,257,1,128,257,optimized_transform,2,0,100,9.91931438446,131584,13.2654329624,65792,2909,true,1,0.00991931438446
fp16,1,257,1,128,257,control_shuffle32_transform,2,1,100,10.5316579342,131584,12.4941391775,65792,2909,true,1,0.0105316579342
fp16,1,257,1,128,257,shuffle32_transform,2,2,100,10.5476570129,131584,12.4751876022,65792,2909,true,1,0.0105476570129
fp16,1,257,1,128,257,baseline_split,2,3,100,81.674747467,214852,2.63058052413,65792,2909,true,1,0.081674747467
fp16,1,257,1,128,257,control_optimized_split,2,4,100,65.7005691528,214852,3.27016953994,65792,2909,true,1,0.0657005691528
fp16,1,257,1,128,257,optimized_split,2,5,100,35.297601223,214852,6.08687255099,65792,2909,true,1,0.035297601223
fp16,1,257,1,128,257,control_shuffle32_split,2,6,100,177.87771225,214852,1.20786352198,65792,2909,true,1,0.17787771225
fp16,1,257,1,128,257,shuffle32_split,2,7,100,51.5058279037,214852,4.17141144496,65792,2909,true,1,0.0515058279037
fp16,1,257,1,128,257,baseline_fused,2,8,100,76.6628551483,83268,1.08615834668,65792,2909,true,1,0.0766628551483
fp16,1,257,1,128,257,control_optimized_fused,2,9,100,60.2475404739,83268,1.38209791379,65792,2909,true,1,0.0602475404739
fp16,1,257,1,128,257,optimized_fused,2,10,100,29.6511983871,83268,2.80825074632,65792,2909,true,1,0.0296511983871
fp16,1,257,1,128,257,control_shuffle32_fused,2,11,100,170.345134735,83268,0.488819361524,65792,2909,true,1,0.170345134735
fp16,1,257,1,128,257,shuffle32_fused,2,12,100,44.9083423615,83268,1.85417665452,65792,2909,true,1,0.0449083423615
fp16,1,257,1,128,257,baseline_transform,2,13,100,9.89211380482,131584,13.3019092376,65792,2909,true,1,0.00989211380482
fp16,1,257,1,128,257,control_optimized_transform,2,14,100,9.9728000164,131584,13.1942884429,65792,2909,true,1,0.0099728000164
fp16,1,257,1,128,257,control_shuffle32_transform,3,0,100,10.5620574951,131584,12.4581787271,65792,2909,true,1,0.0105620574951
fp16,1,257,1,128,257,shuffle32_transform,3,1,100,10.5519998074,131584,12.4700532982,65792,2909,true,1,0.0105519998074
fp16,1,257,1,128,257,baseline_split,3,2,100,81.6233158112,214852,2.63223807885,65792,2909,true,1,0.0816233158112
fp16,1,257,1,128,257,control_optimized_split,3,3,100,65.7874298096,214852,3.26585185988,65792,2909,true,1,0.0657874298096
fp16,1,257,1,128,257,optimized_split,3,4,100,35.1936006546,214852,6.10485986099,65792,2909,true,1,0.0351936006546
fp16,1,257,1,128,257,control_shuffle32_split,3,5,100,177.879772186,214852,1.20784953432,65792,2909,true,1,0.177879772186
fp16,1,257,1,128,257,shuffle32_split,3,6,100,52.0710897446,214852,4.12612835748,65792,2909,true,1,0.0520710897446
fp16,1,257,1,128,257,baseline_fused,3,7,100,76.6690301895,83268,1.08607086583,65792,2909,true,1,0.0766690301895
fp16,1,257,1,128,257,control_optimized_fused,3,8,100,60.2349710464,83268,1.38238632066,65792,2909,true,1,0.0602349710464
fp16,1,257,1,128,257,optimized_fused,3,9,100,29.6242284775,83268,2.81080737894,65792,2909,true,1,0.0296242284775
fp16,1,257,1,128,257,control_shuffle32_fused,3,10,100,170.307655334,83268,0.488926935413,65792,2909,true,1,0.170307655334
fp16,1,257,1,128,257,shuffle32_fused,3,11,100,44.8895978928,83268,1.85495089974,65792,2909,true,1,0.0448895978928
fp16,1,257,1,128,257,baseline_transform,3,12,100,9.93851482868,131584,13.2398051689,65792,2909,true,1,0.00993851482868
fp16,1,257,1,128,257,control_optimized_transform,3,13,100,10.0422859192,131584,13.1029927906,65792,2909,true,1,0.0100422859192
fp16,1,257,1,128,257,optimized_transform,3,14,100,10.0596570969,131584,13.0803663319,65792,2909,true,1,0.0100596570969
fp16,1,257,1,128,257,shuffle32_transform,4,0,100,10.4500579834,131584,12.591700468,65792,2909,true,1,0.0104500579834
fp16,1,257,1,128,257,baseline_split,4,1,100,81.6212558746,214852,2.6323045106,65792,2909,true,1,0.0816212558746
fp16,1,257,1,128,257,control_optimized_split,4,2,100,65.7087993622,214852,3.26975994213,65792,2909,true,1,0.0657087993622
fp16,1,257,1,128,257,optimized_split,4,3,100,35.2521157265,214852,6.09472638939,65792,2909,true,1,0.0352521157265
fp16,1,257,1,128,257,control_shuffle32_split,4,4,100,177.267665863,214852,1.21202024607,65792,2909,true,1,0.177267665863
fp16,1,257,1,128,257,shuffle32_split,4,5,100,51.4580583572,214852,4.17528384978,65792,2909,true,1,0.0514580583572
fp16,1,257,1,128,257,baseline_fused,4,6,100,76.669716835,83268,1.0860611391,65792,2909,true,1,0.076669716835
fp16,1,257,1,128,257,control_optimized_fused,4,7,100,60.2379417419,83268,1.38231814687,65792,2909,true,1,0.0602379417419
fp16,1,257,1,128,257,optimized_fused,4,8,100,29.6349716187,83268,2.80978841726,65792,2909,true,1,0.0296349716187
fp16,1,257,1,128,257,control_shuffle32_fused,4,9,100,170.333023071,83268,0.48885411941,65792,2909,true,1,0.170333023071
fp16,1,257,1,128,257,shuffle32_fused,4,10,100,44.8578262329,83268,1.85626471438,65792,2909,true,1,0.0448578262329
fp16,1,257,1,128,257,baseline_transform,4,11,100,9.96754288673,131584,13.2012474383,65792,2909,true,1,0.00996754288673
fp16,1,257,1,128,257,control_optimized_transform,4,12,100,10.0100576878,131584,13.1451789894,65792,2909,true,1,0.0100100576878
fp16,1,257,1,128,257,optimized_transform,4,13,100,9.96891379356,131584,13.1994320269,65792,2909,true,1,0.00996891379356
fp16,1,257,1,128,257,control_shuffle32_transform,4,14,100,10.4326856136,131584,12.6126680007,65792,2909,true,1,0.0104326856136
fp16,4,64,16,128,4096,baseline_transform,0,0,100,25.8546280861,2097152,81.1132147412,1048576,2909,true,1,0.0258546280861
fp16,4,64,16,128,4096,control_optimized_transform,0,1,100,27.7497148514,2097152,75.5738216134,1048576,2909,true,1,0.0277497148514
fp16,4,64,16,128,4096,optimized_transform,0,2,100,27.7997708321,2097152,75.4377441695,1048576,2909,true,1,0.0277997708321
fp16,4,64,16,128,4096,control_shuffle32_transform,0,3,100,15.8299422264,2097152,132.480079207,1048576,2909,true,1,0.0158299422264
fp16,4,64,16,128,4096,shuffle32_transform,0,4,100,15.8228576183,2097152,132.539396523,1048576,2909,true,1,0.0158228576183
fp16,4,64,16,128,4096,baseline_split,0,5,100,526.434745789,3424256,6.50461624616,1048576,2909,true,1,0.526434745789
fp16,4,64,16,128,4096,control_optimized_split,0,6,100,405.703773499,3424256,8.44028629675,1048576,2909,true,1,0.405703773499
fp16,4,64,16,128,4096,optimized_split,0,7,100,168.882522583,3424256,20.2759643072,1048576,2909,true,1,0.168882522583
fp16,4,64,16,128,4096,control_shuffle32_split,0,8,100,453.291664124,3424256,7.55420024461,1048576,2909,true,1,0.453291664124
fp16,4,64,16,128,4096,shuffle32_split,0,9,100,105.874738693,3424256,32.342521382,1048576,2909,true,1,0.105874738693
fp16,4,64,16,128,4096,baseline_fused,0,10,100,528.874969482,1327104,2.50929629228,1048576,2909,true,1,0.528874969482
fp16,4,64,16,128,4096,control_optimized_fused,0,11,100,394.373931885,1327104,3.36509057193,1048576,2909,true,1,0.394373931885
fp16,4,64,16,128,4096,optimized_fused,0,12,100,153.615083694,1327104,8.6391516255,1048576,2909,true,1,0.153615083694
fp16,4,64,16,128,4096,control_shuffle32_fused,0,13,100,440.519294739,1327104,3.01258994975,1048576,2909,true,1,0.440519294739
fp16,4,64,16,128,4096,shuffle32_fused,0,14,100,92.861032486,1327104,14.2912905928,1048576,2909,true,1,0.092861032486
fp16,4,64,16,128,4096,control_optimized_transform,1,0,100,27.687997818,2097152,75.742276989,1048576,2909,true,1,0.027687997818
fp16,4,64,16,128,4096,optimized_transform,1,1,100,27.7707433701,2097152,75.5165957229,1048576,2909,true,1,0.0277707433701
fp16,4,64,16,128,4096,control_shuffle32_transform,1,2,100,15.6747436523,2097152,133.791789296,1048576,2909,true,1,0.0156747436523
fp16,4,64,16,128,4096,shuffle32_transform,1,3,100,15.6534862518,2097152,133.973478257,1048576,2909,true,1,0.0156534862518
fp16,4,64,16,128,4096,baseline_split,1,4,100,525.446166992,3424256,6.51685408536,1048576,2909,true,1,0.525446166992
fp16,4,64,16,128,4096,control_optimized_split,1,5,100,404.191551208,3424256,8.47186436669,1048576,2909,true,1,0.404191551208
fp16,4,64,16,128,4096,optimized_split,1,6,100,168.36183548,3424256,20.3386711142,1048576,2909,true,1,0.16836183548
fp16,4,64,16,128,4096,control_shuffle32_split,1,7,100,453.369140625,3424256,7.55290930318,1048576,2909,true,1,0.453369140625
fp16,4,64,16,128,4096,shuffle32_split,1,8,100,105.526857376,3424256,32.4491421913,1048576,2909,true,1,0.105526857376
fp16,4,64,16,128,4096,baseline_fused,1,9,100,528.924560547,1327104,2.50906102494,1048576,2909,true,1,0.528924560547
fp16,4,64,16,128,4096,control_optimized_fused,1,10,100,393.997459412,1327104,3.36830598345,1048576,2909,true,1,0.393997459412
fp16,4,64,16,128,4096,optimized_fused,1,11,100,153.550624847,1327104,8.64277824541,1048576,2909,true,1,0.153550624847
fp16,4,64,16,128,4096,control_shuffle32_fused,1,12,100,440.573234558,1327104,3.01222111536,1048576,2909,true,1,0.440573234558
fp16,4,64,16,128,4096,shuffle32_fused,1,13,100,92.8482341766,1327104,14.293260521,1048576,2909,true,1,0.0928482341766
fp16,4,64,16,128,4096,baseline_transform,1,14,100,25.8240008354,2097152,81.2094149689,1048576,2909,true,1,0.0258240008354
fp16,4,64,16,128,4096,optimized_transform,2,0,100,27.8322291374,2097152,75.3497676972,1048576,2909,true,1,0.0278322291374
fp16,4,64,16,128,4096,control_shuffle32_transform,2,1,100,15.85485816,2097152,132.271886562,1048576,2909,true,1,0.01585485816
fp16,4,64,16,128,4096,shuffle32_transform,2,2,100,15.7675421238,2097152,133.00436958,1048576,2909,true,1,0.0157675421238
fp16,4,64,16,128,4096,baseline_split,2,3,100,524.05166626,3424256,6.53419542474,1048576,2909,true,1,0.52405166626
fp16,4,64,16,128,4096,control_optimized_split,2,4,100,402.904434204,3424256,8.49892855303,1048576,2909,true,1,0.402904434204
fp16,4,64,16,128,4096,optimized_split,2,5,100,168.90789032,3424256,20.2729191248,1048576,2909,true,1,0.16890789032
fp16,4,64,16,128,4096,control_shuffle32_split,2,6,100,454.52457428,3424256,7.53370927287,1048576,2909,true,1,0.45452457428
fp16,4,64,16,128,4096,shuffle32_split,2,7,100,106.5487957,3424256,32.1379136902,1048576,2909,true,1,0.1065487957
fp16,4,64,16,128,4096,baseline_fused,2,8,100,529.000892639,1327104,2.50869898041,1048576,2909,true,1,0.529000892639
fp16,4,64,16,128,4096,control_optimized_fused,2,9,100,394.052772522,1327104,3.367833175,1048576,2909,true,1,0.394052772522
fp16,4,64,16,128,4096,optimized_fused,2,10,100,153.365716934,1327104,8.65319855395,1048576,2909,true,1,0.153365716934
fp16,4,64,16,128,4096,control_shuffle32_fused,2,11,100,441.243858337,1327104,3.00764299587,1048576,2909,true,1,0.441243858337
fp16,4,64,16,128,4096,shuffle32_fused,2,12,100,92.9732513428,1327104,14.2740409831,1048576,2909,true,1,0.0929732513428
fp16,4,64,16,128,4096,baseline_transform,2,13,100,25.8450269699,2097152,81.1433473233,1048576,2909,true,1,0.0258450269699
fp16,4,64,16,128,4096,control_optimized_transform,2,14,100,27.7204585075,2097152,75.6535826934,1048576,2909,true,1,0.0277204585075
fp16,4,64,16,128,4096,control_shuffle32_transform,3,0,100,15.6948578358,2097152,133.620324691,1048576,2909,true,1,0.0156948578358
fp16,4,64,16,128,4096,shuffle32_transform,3,1,100,15.8226275444,2097152,132.541323754,1048576,2909,true,1,0.0158226275444
fp16,4,64,16,128,4096,baseline_split,3,2,100,528.711090088,3424256,6.47661088295,1048576,2909,true,1,0.528711090088
fp16,4,64,16,128,4096,control_optimized_split,3,3,100,405.521621704,3424256,8.44407749607,1048576,2909,true,1,0.405521621704
fp16,4,64,16,128,4096,optimized_split,3,4,100,168.921833038,3424256,20.2712458088,1048576,2909,true,1,0.168921833038
fp16,4,64,16,128,4096,control_shuffle32_split,3,5,100,451.413459778,3424256,7.58563114553,1048576,2909,true,1,0.451413459778
fp16,4,64,16,128,4096,shuffle32_split,3,6,100,105.986051559,3424256,32.308553339,1048576,2909,true,1,0.105986051559
fp16,4,64,16,128,4096,baseline_fused,3,7,100,528.886375427,1327104,2.50924217688,1048576,2909,true,1,0.528886375427
fp16,4,64,16,128,4096,control_optimized_fused,3,8,100,393.691444397,1327104,3.37092415618,1048576,2909,true,1,0.393691444397
fp16,4,64,16,128,4096,optimized_fused,3,9,100,154.040689468,1327104,8.61528213474,1048576,2909,true,1,0.154040689468
fp16,4,64,16,128,4096,control_shuffle32_fused,3,10,100,440.946960449,1327104,3.00966809851,1048576,2909,true,1,0.440946960449
fp16,4,64,16,128,4096,shuffle32_fused,3,11,100,92.8699398041,1327104,14.2899198901,1048576,2909,true,1,0.0928699398041
fp16,4,64,16,128,4096,baseline_transform,3,12,100,25.8102846146,2097152,81.2525716519,1048576,2909,true,1,0.0258102846146
fp16,4,64,16,128,4096,control_optimized_transform,3,13,100,27.7570295334,2097152,75.5539059926,1048576,2909,true,1,0.0277570295334
fp16,4,64,16,128,4096,optimized_transform,3,14,100,27.7467417717,2097152,75.5819193928,1048576,2909,true,1,0.0277467417717
fp16,4,64,16,128,4096,shuffle32_transform,4,0,100,15.6850290298,2097152,133.704056015,1048576,2909,true,1,0.0156850290298
fp16,4,64,16,128,4096,baseline_split,4,1,100,527.552223206,3424256,6.49083796708,1048576,2909,true,1,0.527552223206
fp16,4,64,16,128,4096,control_optimized_split,4,2,100,402.705612183,3424256,8.50312460619,1048576,2909,true,1,0.402705612183
fp16,4,64,16,128,4096,optimized_split,4,3,100,168.855762482,3424256,20.2791776228,1048576,2909,true,1,0.168855762482
fp16,4,64,16,128,4096,control_shuffle32_split,4,4,100,452.525253296,3424256,7.56699427283,1048576,2909,true,1,0.452525253296
fp16,4,64,16,128,4096,shuffle32_split,4,5,100,105.994510651,3424256,32.3059748942,1048576,2909,true,1,0.105994510651
fp16,4,64,16,128,4096,baseline_fused,4,6,100,528.866996765,1327104,2.50933412014,1048576,2909,true,1,0.528866996765
fp16,4,64,16,128,4096,control_optimized_fused,4,7,100,393.097801208,1327104,3.37601481341,1048576,2909,true,1,0.393097801208
fp16,4,64,16,128,4096,optimized_fused,4,8,100,154.000911713,1327104,8.61750742409,1048576,2909,true,1,0.154000911713
fp16,4,64,16,128,4096,control_shuffle32_fused,4,9,100,442.571640015,1327104,2.99861961321,1048576,2909,true,1,0.442571640015
fp16,4,64,16,128,4096,shuffle32_fused,4,10,100,92.9115390778,1327104,14.2835218658,1048576,2909,true,1,0.0929115390778
fp16,4,64,16,128,4096,baseline_transform,4,11,100,25.7972574234,2097152,81.2936028656,1048576,2909,true,1,0.0257972574234
fp16,4,64,16,128,4096,control_optimized_transform,4,12,100,27.6836562157,2097152,75.7541555805,1048576,2909,true,1,0.0276836562157
fp16,4,64,16,128,4096,optimized_transform,4,13,100,27.7778291702,2097152,75.4973323203,1048576,2909,true,1,0.0277778291702
fp16,4,64,16,128,4096,control_shuffle32_transform,4,14,100,15.6534862518,2097152,133.973478257,1048576,2909,true,1,0.0156534862518
fp16,16,64,16,128,16384,baseline_transform,0,0,100,78.840918541,8388608,106.399166261,4194304,2909,true,1,0.078840918541
fp16,16,64,16,128,16384,control_optimized_transform,0,1,100,87.0793151855,8388608,96.3329578572,4194304,2909,true,1,0.0870793151855
fp16,16,64,16,128,16384,optimized_transform,0,2,100,87.1718883514,8388608,96.2306559906,4194304,2909,true,1,0.0871718883514
fp16,16,64,16,128,16384,control_shuffle32_transform,0,3,100,26.720457077,8388608,313.939539875,4194304,2909,true,1,0.026720457077
fp16,16,64,16,128,16384,shuffle32_transform,0,4,100,26.6870856285,8388608,314.332112422,4194304,2909,true,1,0.0266870856285
fp16,16,64,16,128,16384,baseline_split,0,5,100,1884.31945801,13697024,7.26895004018,4194304,2909,true,1,1.88431945801
fp16,16,64,16,128,16384,control_optimized_split,0,6,100,1453.67172241,13697024,9.42236392772,4194304,2909,true,1,1.45367172241
fp16,16,64,16,128,16384,optimized_split,0,7,100,601.844100952,13697024,22.7584252771,4194304,2909,true,1,0.601844100952
fp16,16,64,16,128,16384,control_shuffle32_split,0,8,100,1600.14282227,13697024,8.55987591196,4194304,2909,true,1,1.60014282227
fp16,16,64,16,128,16384,shuffle32_split,0,9,100,288.818054199,13697024,47.4244037063,4194304,2909,true,1,0.288818054199
fp16,16,64,16,128,16384,baseline_fused,0,10,100,1865.10177612,5308416,2.84618033609,4194304,2909,true,1,1.86510177612
fp16,16,64,16,128,16384,control_optimized_fused,0,11,100,1421.29684448,5308416,3.73491014253,4194304,2909,true,1,1.42129684448
fp16,16,64,16,128,16384,optimized_fused,0,12,100,566.042060852,5308416,9.37812994322,4194304,2909,true,1,0.566042060852
fp16,16,64,16,128,16384,control_shuffle32_fused,0,13,100,1574.28039551,5308416,3.37196347941,4194304,2909,true,1,1.57428039551
fp16,16,64,16,128,16384,shuffle32_fused,0,14,100,265.183086395,5308416,20.0179282629,4194304,2909,true,1,0.265183086395
fp16,16,64,16,128,16384,control_optimized_transform,1,0,100,87.0966815948,8388608,96.3137498053,4194304,2909,true,1,0.0870966815948
fp16,16,64,16,128,16384,optimized_transform,1,1,100,87.1981716156,8388608,96.2016501559,4194304,2909,true,1,0.0871981716156
fp16,16,64,16,128,16384,control_shuffle32_transform,1,2,100,26.728913784,8388608,313.840213178,4194304,2909,true,1,0.026728913784
fp16,16,64,16,128,16384,shuffle32_transform,1,3,100,26.6827440262,8388608,314.383258025,4194304,2909,true,1,0.0266827440262
fp16,16,64,16,128,16384,baseline_split,1,4,100,1884.01885986,13697024,7.27010981249,4194304,2909,true,1,1.88401885986
fp16,16,64,16,128,16384,control_optimized_split,1,5,100,1453.76235962,13697024,9.42177647493,4194304,2909,true,1,1.45376235962
fp16,16,64,16,128,16384,optimized_split,1,6,100,601.806640625,13697024,22.7598419083,4194304,2909,true,1,0.601806640625
fp16,16,64,16,128,16384,control_shuffle32_split,1,7,100,1600.65872192,13697024,8.55711702463,4194304,2909,true,1,1.60065872192
fp16,16,64,16,128,16384,shuffle32_split,1,8,100,288.715877533,13697024,47.441187222,4194304,2909,true,1,0.288715877533
fp16,16,64,16,128,16384,baseline_fused,1,9,100,1865.24902344,5308416,2.84595565166,4194304,2909,true,1,1.86524902344
fp16,16,64,16,128,16384,control_optimized_fused,1,10,100,1421.34231567,5308416,3.73479065631,4194304,2909,true,1,1.42134231567
fp16,16,64,16,128,16384,optimized_fused,1,11,100,566.189956665,5308416,9.3756802598,4194304,2909,true,1,0.566189956665
fp16,16,64,16,128,16384,control_shuffle32_fused,1,12,100,1574.56924438,5308416,3.37134490524,4194304,2909,true,1,1.57456924438
fp16,16,64,16,128,16384,shuffle32_fused,1,13,100,265.21074295,5308416,20.0158407648,4194304,2909,true,1,0.26521074295
fp16,16,64,16,128,16384,baseline_transform,1,14,100,78.8633155823,8388608,106.368949087,4194304,2909,true,1,0.0788633155823
fp16,16,64,16,128,16384,optimized_transform,2,0,100,87.1172523499,8388608,96.2910075069,4194304,2909,true,1,0.0871172523499
fp16,16,64,16,128,16384,control_shuffle32_transform,2,1,100,26.7375993729,8388608,313.738263597,4194304,2909,true,1,0.0267375993729
fp16,16,64,16,128,16384,shuffle32_transform,2,2,100,26.6102862358,8388608,315.239299783,4194304,2909,true,1,0.0266102862358
fp16,16,64,16,128,16384,baseline_split,2,3,100,1884.1796875,13697024,7.26948925884,4194304,2909,true,1,1.8841796875
fp16,16,64,16,128,16384,control_optimized_split,2,4,100,1453.83041382,13697024,9.421335439,4194304,2909,true,1,1.45383041382
fp16,16,64,16,128,16384,optimized_split,2,5,100,601.754302979,13697024,22.7618214481,4194304,2909,true,1,0.601754302979
fp16,16,64,16,128,16384,control_shuffle32_split,2,6,100,1600.25024414,13697024,8.55930130313,4194304,2909,true,1,1.60025024414
fp16,16,64,16,128,16384,shuffle32_split,2,7,100,288.867206573,13697024,47.4163341782,4194304,2909,true,1,0.288867206573
fp16,16,64,16,128,16384,baseline_fused,2,8,100,1865.19699097,5308416,2.84603504386,4194304,2909,true,1,1.86519699097
fp16,16,64,16,128,16384,control_optimized_fused,2,9,100,1421.40350342,5308416,3.73462988324,4194304,2909,true,1,1.42140350342
fp16,16,64,16,128,16384,optimized_fused,2,10,100,566.142883301,5308416,9.37645982415,4194304,2909,true,1,0.566142883301
fp16,16,64,16,128,16384,control_shuffle32_fused,2,11,100,1574.09286499,5308416,3.37236520034,4194304,2909,true,1,1.57409286499
fp16,16,64,16,128,16384,shuffle32_fused,2,12,100,265.231323242,5308416,20.0142876607,4194304,2909,true,1,0.265231323242
fp16,16,64,16,128,16384,baseline_transform,2,13,100,78.8427400589,8388608,106.396708102,4194304,2909,true,1,0.0788427400589
fp16,16,64,16,128,16384,control_optimized_transform,2,14,100,87.1046829224,8388608,96.3049025444,4194304,2909,true,1,0.0871046829224
fp16,16,64,16,128,16384,control_shuffle32_transform,3,0,100,26.719315052,8388608,313.952958138,4194304,2909,true,1,0.026719315052
fp16,16,64,16,128,16384,shuffle32_transform,3,1,100,26.624455452,8388608,315.071533205,4194304,2909,true,1,0.026624455452
fp16,16,64,16,128,16384,baseline_split,3,2,100,1884.28634644,13697024,7.26907777361,4194304,2909,true,1,1.88428634644
fp16,16,64,16,128,16384,control_optimized_split,3,3,100,1453.4954834,13697024,9.42350640676,4194304,2909,true,1,1.4534954834
fp16,16,64,16,128,16384,optimized_split,3,4,100,601.792221069,13697024,22.7603872574,4194304,2909,true,1,0.601792221069
fp16,16,64,16,128,16384,control_shuffle32_split,3,5,100,1600.79925537,13697024,8.55636579917,4194304,2909,true,1,1.60079925537
fp16,16,64,16,128,16384,shuffle32_split,3,6,100,288.891201019,13697024,47.4123959182,4194304,2909,true,1,0.288891201019
fp16,16,64,16,128,16384,baseline_fused,3,7,100,1865.25802612,5308416,2.84594191563,4194304,2909,true,1,1.86525802612
fp16,16,64,16,128,16384,control_optimized_fused,3,8,100,1421.31408691,5308416,3.7348648331,4194304,2909,true,1,1.42131408691
fp16,16,64,16,128,16384,optimized_fused,3,9,100,566.134643555,5308416,9.37659629283,4194304,2909,true,1,0.566134643555
fp16,16,64,16,128,16384,control_shuffle32_fused,3,10,100,1574.43908691,5308416,3.3716236113,4194304,2909,true,1,1.57443908691
fp16,16,64,16,128,16384,shuffle32_fused,3,11,100,265.224685669,5308416,20.0147885428,4194304,2909,true,1,0.265224685669
fp16,16,64,16,128,16384,baseline_transform,3,12,100,78.8333749771,8388608,106.409347595,4194304,2909,true,1,0.0788333749771
fp16,16,64,16,128,16384,control_optimized_transform,3,13,100,87.0955467224,8388608,96.3150047928,4194304,2909,true,1,0.0870955467224
fp16,16,64,16,128,16384,optimized_transform,3,14,100,87.1311950684,8388608,96.2755990368,4194304,2909,true,1,0.0871311950684
fp16,16,64,16,128,16384,shuffle32_transform,4,0,100,26.6612577438,8388608,314.636619195,4194304,2909,true,1,0.0266612577438
fp16,16,64,16,128,16384,baseline_split,4,1,100,1884.17816162,13697024,7.26949514594,4194304,2909,true,1,1.88417816162
fp16,16,64,16,128,16384,control_optimized_split,4,2,100,1453.75213623,13697024,9.42184273278,4194304,2909,true,1,1.45375213623
fp16,16,64,16,128,16384,optimized_split,4,3,100,601.796112061,13697024,22.7602400971,4194304,2909,true,1,0.601796112061
fp16,16,64,16,128,16384,control_shuffle32_split,4,4,100,1602.90328979,13697024,8.54513437411,4194304,2909,true,1,1.60290328979
fp16,16,64,16,128,16384,shuffle32_split,4,5,100,288.682975769,13697024,47.446594187,4194304,2909,true,1,0.288682975769
fp16,16,64,16,128,16384,baseline_fused,4,6,100,1865.18310547,5308416,2.84605623139,4194304,2909,true,1,1.86518310547
fp16,16,64,16,128,16384,control_optimized_fused,4,7,100,1421.40258789,5308416,3.73463228872,4194304,2909,true,1,1.42140258789
fp16,16,64,16,128,16384,optimized_fused,4,8,100,566.068572998,5308416,9.37769071313,4194304,2909,true,1,0.566068572998
fp16,16,64,16,128,16384,control_shuffle32_fused,4,9,100,1574.29672241,5308416,3.37192850905,4194304,2909,true,1,1.57429672241
fp16,16,64,16,128,16384,shuffle32_fused,4,10,100,265.193138123,5308416,20.0171695149,4194304,2909,true,1,0.265193138123
fp16,16,64,16,128,16384,baseline_transform,4,11,100,78.7997722626,8388608,106.454723905,4194304,2909,true,1,0.0787997722626
fp16,16,64,16,128,16384,control_optimized_transform,4,12,100,87.0868587494,8388608,96.3246133856,4194304,2909,true,1,0.0870868587494
fp16,16,64,16,128,16384,optimized_transform,4,13,100,87.1533679962,8388608,96.2511052971,4194304,2909,true,1,0.0871533679962
fp16,16,64,16,128,16384,control_shuffle32_transform,4,14,100,26.6713142395,8388608,314.517984553,4194304,2909,true,1,0.0266713142395
fp16,1,1,1,256,1,baseline_transform,0,0,100,9.70377147198,1024,0.10552598059,512,2909,true,1,0.00970377147198
fp16,1,1,1,256,1,control_optimized_transform,0,1,100,10.429713726,1024,0.0981810265265,512,2909,true,1,0.010429713726
fp16,1,1,1,256,1,optimized_transform,0,2,100,10.4198861122,1024,0.0982736268873,512,2909,true,1,0.0104198861122
fp16,1,1,1,256,1,control_shuffle32_transform,0,3,100,11.403657198,1024,0.0897957543115,512,2909,true,1,0.011403657198
fp16,1,1,1,256,1,shuffle32_transform,0,4,100,11.5442287922,1024,0.0887023306999,512,2909,true,1,0.0115442287922
fp16,1,1,1,256,1,baseline_split,0,5,100,100.562057495,1668,0.0165867728003,512,2909,true,1,0.100562057495
fp16,1,1,1,256,1,control_optimized_split,0,6,100,66.8754291534,1668,0.0249418960164,512,2909,true,1,0.0668754291534
fp16,1,1,1,256,1,optimized_split,0,7,100,35.4587435722,1668,0.0470405838436,512,2909,true,1,0.0354587435722
fp16,1,1,1,256,1,control_shuffle32_split,0,8,100,303.226280212,1668,0.0055008424693,512,2909,true,1,0.303226280212
fp16,1,1,1,256,1,shuffle32_split,0,9,100,68.1979465485,1668,0.0244582144246,512,2909,true,1,0.0681979465485
fp16,1,1,1,256,1,baseline_fused,0,10,100,96.1254787445,644,0.00669957651615,512,2909,true,1,0.0961254787445
fp16,1,1,1,256,1,control_optimized_fused,0,11,100,61.2612581253,644,0.0105123534793,512,2909,true,1,0.0612612581253
fp16,1,1,1,256,1,optimized_fused,0,12,100,29.6831989288,644,0.0216957748235,512,2909,true,1,0.0296831989288
fp16,1,1,1,256,1,control_shuffle32_fused,0,13,100,299.409370422,644,0.00215090128639,512,2909,true,1,0.299409370422
fp16,1,1,1,256,1,shuffle32_fused,0,14,100,61.6582870483,644,0.0104446625235,512,2909,true,1,0.0616582870483
fp16,1,1,1,256,1,control_optimized_transform,1,0,100,10.6093716621,1024,0.0965184397917,512,2909,true,1,0.0106093716621
fp16,1,1,1,256,1,optimized_transform,1,1,100,10.533028841,1024,0.0972180002026,512,2909,true,1,0.010533028841
fp16,1,1,1,256,1,control_shuffle32_transform,1,2,100,11.4098286629,1024,0.0897471846648,512,2909,true,1,0.0114098286629
fp16,1,1,1,256,1,shuffle32_transform,1,3,100,11.5430855751,1024,0.088711115701,512,2909,true,1,0.0115430855751
fp16,1,1,1,256,1,baseline_split,1,4,100,100.558853149,1668,0.016587301344,512,2909,true,1,0.100558853149
fp16,1,1,1,256,1,control_optimized_split,1,5,100,67.3611402512,1668,0.0247620511437,512,2909,true,1,0.0673611402512
fp16,1,1,1,256,1,optimized_split,1,6,100,35.4738283157,1668,0.047020580501,512,2909,true,1,0.0354738283157
fp16,1,1,1,256,1,control_shuffle32_split,1,7,100,302.64913559,1668,0.00551133244359,512,2909,true,1,0.30264913559
fp16,1,1,1,256,1,shuffle32_split,1,8,100,67.6719999313,1668,0.024648303607,512,2909,true,1,0.0676719999313
fp16,1,1,1,256,1,baseline_fused,1,9,100,96.1469650269,644,0.00669807933948,512,2909,true,1,0.0961469650269
fp16,1,1,1,256,1,control_optimized_fused,1,10,100,61.2674283981,644,0.010511294775,512,2909,true,1,0.0612674283981
fp16,1,1,1,256,1,optimized_fused,1,11,100,29.6925711632,644,0.0216889267171,512,2909,true,1,0.0296925711632
fp16,1,1,1,256,1,control_shuffle32_fused,1,12,100,299.434509277,644,0.00215072070869,512,2909,true,1,0.299434509277
fp16,1,1,1,256,1,shuffle32_fused,1,13,100,61.6644573212,644,0.0104436174091,512,2909,true,1,0.0616644573212
fp16,1,1,1,256,1,baseline_transform,1,14,100,9.74720001221,1024,0.105055810768,512,2909,true,1,0.00974720001221
fp16,1,1,1,256,1,optimized_transform,2,0,100,10.6105136871,1024,0.0965080513719,512,2909,true,1,0.0106105136871
fp16,1,1,1,256,1,control_shuffle32_transform,2,1,100,11.4793145657,1024,0.0892039323553,512,2909,true,1,0.0114793145657
fp16,1,1,1,256,1,shuffle32_transform,2,2,100,11.6427433491,1024,0.0879517798596,512,2909,true,1,0.0116427433491
fp16,1,1,1,256,1,baseline_split,2,3,100,100.546512604,1668,0.0165893371814,512,2909,true,1,0.100546512604
fp16,1,1,1,256,1,control_optimized_split,2,4,100,66.9833135605,1668,0.0249017241957,512,2909,true,1,0.0669833135605
fp16,1,1,1,256,1,optimized_split,2,5,100,35.5668568611,1668,0.0468975936365,512,2909,true,1,0.0355668568611
fp16,1,1,1,256,1,control_shuffle32_split,2,6,100,303.306980133,1668,0.00549937887769,512,2909,true,1,0.303306980133
fp16,1,1,1,256,1,shuffle32_split,2,7,100,67.7956581116,1668,0.0246033455012,512,2909,true,1,0.0677956581116
fp16,1,1,1,256,1,baseline_fused,2,8,100,96.1312007904,644,0.00669917773527,512,2909,true,1,0.0961312007904
fp16,1,1,1,256,1,control_optimized_fused,2,9,100,61.2726831436,644,0.0105103933263,512,2909,true,1,0.0612726831436
fp16,1,1,1,256,1,optimized_fused,2,10,100,29.7462844849,644,0.0216497626898,512,2909,true,1,0.0297462844849
fp16,1,1,1,256,1,control_shuffle32_fused,2,11,100,299.422168732,644,0.00215080934965,512,2909,true,1,0.299422168732
fp16,1,1,1,256,1,shuffle32_fused,2,12,100,61.6594266891,644,0.0104444694766,512,2909,true,1,0.0616594266891
fp16,1,1,1,256,1,baseline_transform,2,13,100,9.84800040722,1024,0.103980499356,512,2909,true,1,0.00984800040722
fp16,1,1,1,256,1,control_optimized_transform,2,14,100,10.4879999161,1024,0.0976353936112,512,2909,true,1,0.0104879999161
fp16,1,1,1,256,1,control_shuffle32_transform,3,0,100,11.3686859608,1024,0.0900719752075,512,2909,true,1,0.0113686859608
fp16,1,1,1,256,1,shuffle32_transform,3,1,100,11.5120005608,1024,0.0889506558478,512,2909,true,1,0.0115120005608
fp16,1,1,1,256,1,baseline_split,3,2,100,100.562286377,1668,0.0165867350484,512,2909,true,1,0.100562286377
fp16,1,1,1,256,1,control_optimized_split,3,3,100,66.8825149536,1668,0.0249392535726,512,2909,true,1,0.0668825149536
fp16,1,1,1,256,1,optimized_split,3,4,100,35.4436564445,1668,0.0470606073786,512,2909,true,1,0.0354436564445
fp16,1,1,1,256,1,control_shuffle32_split,3,5,100,303.293704987,1668,0.00549961958516,512,2909,true,1,0.303293704987
fp16,1,1,1,256,1,shuffle32_split,3,6,100,67.7008008957,1668,0.0246378178387,512,2909,true,1,0.0677008008957
fp16,1,1,1,256,1,baseline_fused,3,7,100,96.1298274994,644,0.00669927343835,512,2909,true,1,0.0961298274994
fp16,1,1,1,256,1,control_optimized_fused,3,8,100,61.2729120255,644,0.0105103540653,512,2909,true,1,0.0612729120255
fp16,1,1,1,256,1,optimized_fused,3,9,100,29.7350859642,644,0.0216579161996,512,2909,true,1,0.0297350859642
fp16,1,1,1,256,1,control_shuffle32_fused,3,10,100,299.391536713,644,0.00215102940808,512,2909,true,1,0.299391536713
fp16,1,1,1,256,1,shuffle32_fused,3,11,100,61.6173744202,644,0.0104515975577,512,2909,true,1,0.0616173744202
fp16,1,1,1,256,1,baseline_transform,3,12,100,9.78674292564,1024,0.104631337288,512,2909,true,1,0.00978674292564
fp16,1,1,1,256,1,control_optimized_transform,3,13,100,10.5101716518,1024,0.0974294268373,512,2909,true,1,0.0105101716518
fp16,1,1,1,256,1,optimized_transform,3,14,100,10.5787432194,1024,0.0967978878743,512,2909,true,1,0.0105787432194
fp16,1,1,1,256,1,shuffle32_transform,4,0,100,11.5554285049,1024,0.0886163589314,512,2909,true,1,0.0115554285049
fp16,1,1,1,256,1,baseline_split,4,1,100,100.561141968,1668,0.0165869238093,512,2909,true,1,0.100561141968
fp16,1,1,1,256,1,control_optimized_split,4,2,100,66.9677686691,1668,0.0249075045077,512,2909,true,1,0.0669677686691
fp16,1,1,1,256,1,optimized_split,4,3,100,35.4859423637,1668,0.0470045288047,512,2909,true,1,0.0354859423637
fp16,1,1,1,256,1,control_shuffle32_split,4,4,100,302.72983551,1668,0.00550986326534,512,2909,true,1,0.30272983551
fp16,1,1,1,256,1,shuffle32_split,4,5,100,67.723197937,1668,0.0246296697559,512,2909,true,1,0.067723197937
fp16,1,1,1,256,1,baseline_fused,4,6,100,96.0825061798,644,0.0067025728783,512,2909,true,1,0.0960825061798
fp16,1,1,1,256,1,control_optimized_fused,4,7,100,61.2752008438,644,0.0105099614711,512,2909,true,1,0.0612752008438
fp16,1,1,1,256,1,optimized_fused,4,8,100,29.740114212,644,0.0216542544325,512,2909,true,1,0.029740114212
fp16,1,1,1,256,1,control_shuffle32_fused,4,9,100,299.388332367,644,0.0021510524305,512,2909,true,1,0.299388332367
fp16,1,1,1,256,1,shuffle32_fused,4,10,100,61.6191959381,644,0.0104512885992,512,2909,true,1,0.0616191959381
fp16,1,1,1,256,1,baseline_transform,4,11,100,9.74605739117,1024,0.105068127439,512,2909,true,1,0.00974605739117
fp16,1,1,1,256,1,control_optimized_transform,4,12,100,10.517257452,1024,0.0973637856326,512,2909,true,1,0.010517257452
fp16,1,1,1,256,1,optimized_transform,4,13,100,10.5321145058,1024,0.0972264400885,512,2909,true,1,0.0105321145058
fp16,1,1,1,256,1,control_shuffle32_transform,4,14,100,11.418056488,1024,0.0896825130505,512,2909,true,1,0.011418056488
fp16,1,17,1,256,17,baseline_transform,0,0,100,9.95405733585,17408,1.74883461212,8704,2909,true,1,0.00995405733585
fp16,1,17,1,256,17,control_optimized_transform,0,1,100,10.6379425526,17408,1.63640665608,8704,2909,true,1,0.0106379425526
fp16,1,17,1,256,17,optimized_transform,0,2,100,10.7209134102,17408,1.62374224415,8704,2909,true,1,0.0107209134102
fp16,1,17,1,256,17,control_shuffle32_transform,0,3,100,11.5266287327,17408,1.51024210146,8704,2909,true,1,0.0115266287327
fp16,1,17,1,256,17,shuffle32_transform,0,4,100,11.6800010204,17408,1.49041082869,8704,2909,true,1,0.0116800010204
fp16,1,17,1,256,17,baseline_split,0,5,100,101.142406464,28356,0.280357181438,8704,2909,true,1,0.101142406464
fp16,1,17,1,256,17,control_optimized_split,0,6,100,67.2331428528,28356,0.421756276694,8704,2909,true,1,0.0672331428528
fp16,1,17,1,256,17,optimized_split,0,7,100,36.2125706673,28356,0.783043000745,8704,2909,true,1,0.0362125706673
fp16,1,17,1,256,17,control_shuffle32_split,0,8,100,303.226051331,28356,0.0935143925648,8704,2909,true,1,0.303226051331
fp16,1,17,1,256,17,shuffle32_split,0,9,100,68.0018281937,28356,0.416988789173,8704,2909,true,1,0.0680018281937
fp16,1,17,1,256,17,baseline_fused,0,10,100,96.5826320648,10948,0.113353713457,8704,2909,true,1,0.0965826320648
fp16,1,17,1,256,17,control_optimized_fused,0,11,100,61.6287994385,10948,0.177644219906,8704,2909,true,1,0.0616287994385
fp16,1,17,1,256,17,optimized_fused,0,12,100,30.4864001274,10948,0.359110946332,8704,2909,true,1,0.0304864001274
fp16,1,17,1,256,17,control_shuffle32_fused,0,13,100,299.917259216,10948,0.0365034010667,8704,2909,true,1,0.299917259216
fp16,1,17,1,256,17,shuffle32_fused,0,14,100,61.5913152695,10948,0.177752333297,8704,2909,true,1,0.0615913152695
fp16,1,17,1,256,17,control_optimized_transform,1,0,100,10.6921136379,17408,1.62811587956,8704,2909,true,1,0.0106921136379
fp16,1,17,1,256,17,optimized_transform,1,1,100,10.6832003593,17408,1.62947426,8704,2909,true,1,0.0106832003593
fp16,1,17,1,256,17,control_shuffle32_transform,1,2,100,11.6041135788,17408,1.50015767097,8704,2909,true,1,0.0116041135788
fp16,1,17,1,256,17,shuffle32_transform,1,3,100,11.7849135399,17408,1.47714278438,8704,2909,true,1,0.0117849135399
fp16,1,17,1,256,17,baseline_split,1,4,100,101.25462532,28356,0.280046466127,8704,2909,true,1,0.10125462532
fp16,1,17,1,256,17,control_optimized_split,1,5,100,67.2550868988,28356,0.421618665703,8704,2909,true,1,0.0672550868988
fp16,1,17,1,256,17,optimized_split,1,6,100,36.2582850456,28356,0.782055741586,8704,2909,true,1,0.0362582850456
fp16,1,17,1,256,17,control_shuffle32_split,1,7,100,303.209590912,28356,0.0935194692052,8704,2909,true,1,0.303209590912
fp16,1,17,1,256,17,shuffle32_split,1,8,100,68.0155467987,28356,0.416904683335,8704,2909,true,1,0.0680155467987
fp16,1,17,1,256,17,baseline_fused,1,9,100,96.5805721283,10948,0.113356131143,8704,2909,true,1,0.0965805721283
fp16,1,17,1,256,17,control_optimized_fused,1,10,100,61.6774845123,10948,0.177503996581,8704,2909,true,1,0.0616774845123
fp16,1,17,1,256,17,optimized_fused,1,11,100,30.4637718201,10948,0.359377691793,8704,2909,true,1,0.0304637718201
fp16,1,17,1,256,17,control_shuffle32_fused,1,12,100,299.918861389,10948,0.0365032060648,8704,2909,true,1,0.299918861389
fp16,1,17,1,256,17,shuffle32_fused,1,13,100,61.5867424011,10948,0.17776553156,8704,2909,true,1,0.0615867424011
fp16,1,17,1,256,17,baseline_transform,1,14,100,10.0884580612,17408,1.72553624096,8704,2909,true,1,0.0100884580612
fp16,1,17,1,256,17,optimized_transform,2,0,100,10.6726849079,17408,1.63107972832,8704,2909,true,1,0.0106726849079
fp16,1,17,1,256,17,control_shuffle32_transform,2,1,100,11.757029295,17408,1.4806461363,8704,2909,true,1,0.011757029295
fp16,1,17,1,256,17,shuffle32_transform,2,2,100,11.681599617,17408,1.49020686984,8704,2909,true,1,0.011681599617
fp16,1,17,1,256,17,baseline_split,2,3,100,101.171197891,28356,0.280277397036,8704,2909,true,1,0.101171197891
fp16,1,17,1,256,17,control_optimized_split,2,4,100,67.2546291351,28356,0.421621535419,8704,2909,true,1,0.0672546291351
fp16,1,17,1,256,17,optimized_split,2,5,100,36.2715435028,28356,0.781769874166,8704,2909,true,1,0.0362715435028
fp16,1,17,1,256,17,control_shuffle32_split,2,6,100,303.825359344,28356,0.0933299315804,8704,2909,true,1,0.303825359344
fp16,1,17,1,256,17,shuffle32_split,2,7,100,68.0290317535,28356,0.416822043017,8704,2909,true,1,0.0680290317535
fp16,1,17,1,256,17,baseline_fused,2,8,100,96.5849113464,10948,0.113351038453,8704,2909,true,1,0.0965849113464
fp16,1,17,1,256,17,control_optimized_fused,2,9,100,61.669254303,10948,0.177527685777,8704,2909,true,1,0.061669254303
fp16,1,17,1,256,17,optimized_fused,2,10,100,30.4770278931,10948,0.359221379408,8704,2909,true,1,0.0304770278931
fp16,1,17,1,256,17,control_shuffle32_fused,2,11,100,299.919986725,10948,0.0365030691004,8704,2909,true,1,0.299919986725
fp16,1,17,1,256,17,shuffle32_fused,2,12,100,61.5844535828,10948,0.177772138309,8704,2909,true,1,0.0615844535828
fp16,1,17,1,256,17,baseline_transform,2,13,100,10.0900566578,17408,1.72526285931,8704,2909,true,1,0.0100900566578
fp16,1,17,1,256,17,control_optimized_transform,2,14,100,10.6813716888,17408,1.629753229,8704,2909,true,1,0.0106813716888
fp16,1,17,1,256,17,control_shuffle32_transform,3,0,100,11.6130292416,17408,1.49900595597,8704,2909,true,1,0.0116130292416
fp16,1,17,1,256,17,shuffle32_transform,3,1,100,11.7430853844,17408,1.48240427709,8704,2909,true,1,0.0117430853844
fp16,1,17,1,256,17,baseline_split,3,2,100,101.166858673,28356,0.280289418609,8704,2909,true,1,0.101166858673
fp16,1,17,1,256,17,control_optimized_split,3,3,100,67.3337125778,28356,0.421126340943,8704,2909,true,1,0.0673337125778
fp16,1,17,1,256,17,optimized_split,3,4,100,36.313598156,28356,0.780864509163,8704,2909,true,1,0.036313598156
fp16,1,17,1,256,17,control_shuffle32_split,3,5,100,303.162746429,28356,0.0935339197641,8704,2909,true,1,0.303162746429
fp16,1,17,1,256,17,shuffle32_split,3,6,100,68.0921125412,28356,0.416435897518,8704,2909,true,1,0.0680921125412
fp16,1,17,1,256,17,baseline_fused,3,7,100,96.5835475922,10948,0.113352638963,8704,2909,true,1,0.0965835475922
fp16,1,17,1,256,17,control_optimized_fused,3,8,100,61.6726827621,10948,0.177517816798,8704,2909,true,1,0.0616726827621
fp16,1,17,1,256,17,optimized_fused,3,9,100,30.4546284676,10948,0.359485587278,8704,2909,true,1,0.0304546284676
fp16,1,17,1,256,17,control_shuffle32_fused,3,10,100,299.90858078,10948,0.0365044573634,8704,2909,true,1,0.29990858078
fp16,1,17,1,256,17,shuffle32_fused,3,11,100,61.5972566605,10948,0.177735188116,8704,2909,true,1,0.0615972566605
fp16,1,17,1,256,17,baseline_transform,3,12,100,10.0271999836,17408,1.73607787104,8704,2909,true,1,0.0100271999836
fp16,1,17,1,256,17,control_optimized_transform,3,13,100,10.6717717648,17408,1.63121929364,8704,2909,true,1,0.0106717717648
fp16,1,17,1,256,17,optimized_transform,3,14,100,10.8628571033,17408,1.60252499268,8704,2909,true,1,0.0108628571033
fp16,1,17,1,256,17,shuffle32_transform,4,0,100,11.6975998878,17408,1.48816852747,8704,2909,true,1,0.0116975998878
fp16,1,17,1,256,17,baseline_split,4,1,100,101.228351593,28356,0.280119151935,8704,2909,true,1,0.101228351593
fp16,1,17,1,256,17,control_optimized_split,4,2,100,67.2438812256,28356,0.421688925196,8704,2909,true,1,0.0672438812256
fp16,1,17,1,256,17,optimized_split,4,3,100,36.2125706673,28356,0.783043000745,8704,2909,true,1,0.0362125706673
fp16,1,17,1,256,17,control_shuffle32_split,4,4,100,303.180103302,28356,0.0935285650053,8704,2909,true,1,0.303180103302
fp16,1,17,1,256,17,shuffle32_split,4,5,100,67.9970312119,28356,0.417018206452,8704,2909,true,1,0.0679970312119
fp16,1,17,1,256,17,baseline_fused,4,6,100,96.5913105011,10948,0.11334352897,8704,2909,true,1,0.0965913105011
fp16,1,17,1,256,17,control_optimized_fused,4,7,100,61.6322278976,10948,0.177634337967,8704,2909,true,1,0.0616322278976
fp16,1,17,1,256,17,optimized_fused,4,8,100,30.4834294319,10948,0.359145942698,8704,2909,true,1,0.0304834294319
fp16,1,17,1,256,17,control_shuffle32_fused,4,9,100,299.909934998,10948,0.0365042925307,8704,2909,true,1,0.299909934998
fp16,1,17,1,256,17,shuffle32_fused,4,10,100,61.5856027603,10948,0.177768821109,8704,2909,true,1,0.0615856027603
fp16,1,17,1,256,17,baseline_transform,4,11,100,9.92777168751,17408,1.75346498166,8704,2909,true,1,0.00992777168751
fp16,1,17,1,256,17,control_optimized_transform,4,12,100,10.6335997581,17408,1.63707496952,8704,2909,true,1,0.0106335997581
fp16,1,17,1,256,17,optimized_transform,4,13,100,10.6212568283,17408,1.6389774093,8704,2909,true,1,0.0106212568283
fp16,1,17,1,256,17,control_shuffle32_transform,4,14,100,11.6388571262,17408,1.49567949939,8704,2909,true,1,0.0116388571262
fp16,1,257,1,256,257,baseline_transform,0,0,100,10.4475426674,263168,25.1894640087,131584,2909,true,1,0.0104475426674
fp16,1,257,1,256,257,control_optimized_transform,0,1,100,11.0000002384,263168,23.9243631178,131584,2909,true,1,0.0110000002384
fp16,1,257,1,256,257,optimized_transform,0,2,100,10.9949719906,263168,23.9353042668,131584,2909,true,1,0.0109949719906
fp16,1,257,1,256,257,control_shuffle32_transform,0,3,100,13.6205720901,263168,19.3213617063,131584,2909,true,1,0.0136205720901
fp16,1,257,1,256,257,shuffle32_transform,0,4,100,13.7714290619,263168,19.109708863,131584,2909,true,1,0.0137714290619
fp16,1,257,1,256,257,baseline_split,0,5,100,103.864908218,428676,4.12724574019,131584,2909,true,1,0.103864908218
fp16,1,257,1,256,257,control_optimized_split,0,6,100,69.6850299835,428676,6.15162252354,131584,2909,true,1,0.0696850299835
fp16,1,257,1,256,257,optimized_split,0,7,100,36.9250273705,428676,11.6093617399,131584,2909,true,1,0.0369250273705
fp16,1,257,1,256,257,control_shuffle32_split,0,8,100,326.234970093,428676,1.31400995999,131584,2909,true,1,0.326234970093
fp16,1,257,1,256,257,shuffle32_split,0,9,100,76.7753124237,428676,5.58351358617,131584,2909,true,1,0.0767753124237
fp16,1,257,1,256,257,baseline_fused,0,10,100,98.9330291748,165508,1.67292967152,131584,2909,true,1,0.0989330291748
fp16,1,257,1,256,257,control_optimized_fused,0,11,100,63.9682245255,165508,2.58734709659,131584,2909,true,1,0.0639682245255
fp16,1,257,1,256,257,optimized_fused,0,12,100,30.8486866951,165508,5.36515546467,131584,2909,true,1,0.0308486866951
fp16,1,257,1,256,257,control_shuffle32_fused,0,13,100,320.812568665,165508,0.515902480657,131584,2909,true,1,0.320812568665
fp16,1,257,1,256,257,shuffle32_fused,0,14,100,68.0262851715,165508,2.43300070822,131584,2909,true,1,0.0680262851715
fp16,1,257,1,256,257,control_optimized_transform,1,0,100,11.0726857185,263168,23.7673141539,131584,2909,true,1,0.0110726857185
fp16,1,257,1,256,257,optimized_transform,1,1,100,11.096457243,263168,23.7163983277,131584,2909,true,1,0.011096457243
fp16,1,257,1,256,257,control_shuffle32_transform,1,2,100,13.739657402,263168,19.1538982596,131584,2909,true,1,0.013739657402
fp16,1,257,1,256,257,shuffle32_transform,1,3,100,13.7462866306,263168,19.1446611781,131584,2909,true,1,0.0137462866306
fp16,1,257,1,256,257,baseline_split,1,4,100,103.992004395,428676,4.12220153363,131584,2909,true,1,0.103992004395
fp16,1,257,1,256,257,control_optimized_split,1,5,100,70.1616001129,428676,6.10983785019,131584,2909,true,1,0.0701616001129
fp16,1,257,1,256,257,optimized_split,1,6,100,37.0342874527,428676,11.5751113221,131584,2909,true,1,0.0370342874527
fp16,1,257,1,256,257,control_shuffle32_split,1,7,100,326.234512329,428676,1.31401180378,131584,2909,true,1,0.326234512329
fp16,1,257,1,256,257,shuffle32_split,1,8,100,76.6203403473,428676,5.59480678443,131584,2909,true,1,0.0766203403473
fp16,1,257,1,256,257,baseline_fused,1,9,100,98.9469718933,165508,1.6726939373,131584,2909,true,1,0.0989469718933
fp16,1,257,1,256,257,control_optimized_fused,1,10,100,63.977599144,165508,2.58696797339,131584,2909,true,1,0.063977599144
fp16,1,257,1,256,257,optimized_fused,1,11,100,30.8678865433,165508,5.36181833401,131584,2909,true,1,0.0308678865433
fp16,1,257,1,256,257,control_shuffle32_fused,1,12,100,320.805015564,165508,0.515914627173,131584,2909,true,1,0.320805015564
fp16,1,257,1,256,257,shuffle32_fused,1,13,100,68.0228567123,165508,2.43312333529,131584,2909,true,1,0.0680228567123
fp16,1,257,1,256,257,baseline_transform,1,14,100,10.4527997971,263168,25.1767952232,131584,2909,true,1,0.0104527997971
fp16,1,257,1,256,257,optimized_transform,2,0,100,11.1723423004,263168,23.5553112251,131584,2909,true,1,0.0111723423004
fp16,1,257,1,256,257,control_shuffle32_transform,2,1,100,13.6009132862,263168,19.3492888648,131584,2909,true,1,0.0136009132862
fp16,1,257,1,256,257,shuffle32_transform,2,2,100,13.8228571415,263168,19.0386109982,131584,2909,true,1,0.0138228571415
fp16,1,257,1,256,257,baseline_split,2,3,100,103.874511719,428676,4.12686416434,131584,2909,true,1,0.103874511719
fp16,1,257,1,256,257,control_optimized_split,2,4,100,69.6656036377,428676,6.15333791162,131584,2909,true,1,0.0696656036377
fp16,1,257,1,256,257,optimized_split,2,5,100,36.9627428055,428676,11.5975159705,131584,2909,true,1,0.0369627428055
fp16,1,257,1,256,257,control_shuffle32_split,2,6,100,325.706520081,428676,1.31614190558,131584,2909,true,1,0.325706520081
fp16,1,257,1,256,257,shuffle32_split,2,7,100,76.6048002243,428676,5.59594175228,131584,2909,true,1,0.0766048002243
fp16,1,257,1,256,257,baseline_fused,2,8,100,98.8925743103,165508,1.67361403173,131584,2909,true,1,0.0988925743103
fp16,1,257,1,256,257,control_optimized_fused,2,9,100,63.9734840393,165508,2.58713438052,131584,2909,true,1,0.0639734840393
fp16,1,257,1,256,257,optimized_fused,2,10,100,30.8457136154,165508,5.36567258789,131584,2909,true,1,0.0308457136154
fp16,1,257,1,256,257,control_shuffle32_fused,2,11,100,320.757713318,165508,0.515990709274,131584,2909,true,1,0.320757713318
fp16,1,257,1,256,257,shuffle32_fused,2,12,100,68.0276584625,165508,2.43295159264,131584,2909,true,1,0.0680276584625
fp16,1,257,1,256,257,baseline_transform,2,13,100,10.5289149284,263168,24.9947883318,131584,2909,true,1,0.0105289149284
fp16,1,257,1,256,257,control_optimized_transform,2,14,100,10.9122288227,263168,24.1167963278,131584,2909,true,1,0.0109122288227
fp16,1,257,1,256,257,control_shuffle32_transform,3,0,100,13.6178290844,263168,19.3252535605,131584,2909,true,1,0.0136178290844
fp16,1,257,1,256,257,shuffle32_transform,3,1,100,13.669257164,263168,19.2525458291,131584,2909,true,1,0.013669257164
fp16,1,257,1,256,257,baseline_split,3,2,100,103.924570084,428676,4.12487633728,131584,2909,true,1,0.103924570084
fp16,1,257,1,256,257,control_optimized_split,3,3,100,69.7156572342,428676,6.14892001319,131584,2909,true,1,0.0697156572342
fp16,1,257,1,256,257,optimized_split,3,4,100,36.9236564636,428676,11.609792774,131584,2909,true,1,0.0369236564636
fp16,1,257,1,256,257,control_shuffle32_split,3,5,100,325.693702698,428676,1.31619370117,131584,2909,true,1,0.325693702698
fp16,1,257,1,256,257,shuffle32_split,3,6,100,76.65143013,428676,5.59253753352,131584,2909,true,1,0.07665143013
fp16,1,257,1,256,257,baseline_fused,3,7,100,98.938293457,165508,1.67284065873,131584,2909,true,1,0.098938293457
fp16,1,257,1,256,257,control_optimized_fused,3,8,100,63.9787387848,165508,2.58692189224,131584,2909,true,1,0.0639787387848
fp16,1,257,1,256,257,optimized_fused,3,9,100,30.8457136154,165508,5.36567258789,131584,2909,true,1,0.0308457136154
fp16,1,257,1,256,257,control_shuffle32_fused,3,10,100,320.817604065,165508,0.515894383297,131584,2909,true,1,0.320817604065
fp16,1,257,1,256,257,shuffle32_fused,3,11,100,68.0203390121,165508,2.43321339475,131584,2909,true,1,0.0680203390121
fp16,1,257,1,256,257,baseline_transform,3,12,100,10.5739426613,263168,24.8883513397,131584,2909,true,1,0.0105739426613
fp16,1,257,1,256,257,control_optimized_transform,3,13,100,10.9348571301,263168,24.0668896603,131584,2909,true,1,0.0109348571301
fp16,1,257,1,256,257,optimized_transform,3,14,100,11.0793149471,263168,23.753093152,131584,2909,true,1,0.0110793149471
fp16,1,257,1,256,257,shuffle32_transform,4,0,100,13.9209139347,263168,18.9045059279,131584,2909,true,1,0.0139209139347
fp16,1,257,1,256,257,baseline_split,4,1,100,103.99269104,428676,4.12217431545,131584,2909,true,1,0.10399269104
fp16,1,257,1,256,257,control_optimized_split,4,2,100,69.714512825,428676,6.14902095172,131584,2909,true,1,0.069714512825
fp16,1,257,1,256,257,optimized_split,4,3,100,36.9232010841,428676,11.6099359593,131584,2909,true,1,0.0369232010841
fp16,1,257,1,256,257,control_shuffle32_split,4,4,100,325.741233826,428676,1.31600164635,131584,2909,true,1,0.325741233826
fp16,1,257,1,256,257,shuffle32_split,4,5,100,76.6594266891,428676,5.59195416029,131584,2909,true,1,0.0766594266891
fp16,1,257,1,256,257,baseline_fused,4,6,100,98.9369106293,165508,1.67286403979,131584,2909,true,1,0.0989369106293
fp16,1,257,1,256,257,control_optimized_fused,4,7,100,63.929142952,165508,2.5889288102,131584,2909,true,1,0.063929142952
fp16,1,257,1,256,257,optimized_fused,4,8,100,30.8587431908,165508,5.36340702461,131584,2909,true,1,0.0308587431908
fp16,1,257,1,256,257,control_shuffle32_fused,4,9,100,320.768928528,165508,0.515972668424,131584,2909,true,1,0.320768928528
fp16,1,257,1,256,257,shuffle32_fused,4,10,100,68.038854599,165508,2.43255123819,131584,2909,true,1,0.068038854599
fp16,1,257,1,256,257,baseline_transform,4,11,100,10.361828804,263168,25.3978332375,131584,2909,true,1,0.010361828804
fp16,1,257,1,256,257,control_optimized_transform,4,12,100,10.9364569187,263168,24.0633691474,131584,2909,true,1,0.0109364569187
fp16,1,257,1,256,257,optimized_transform,4,13,100,11.0009133816,263168,23.9223772492,131584,2909,true,1,0.0110009133816
fp16,1,257,1,256,257,control_shuffle32_transform,4,14,100,13.6482286453,263168,19.2822092038,131584,2909,true,1,0.0136482286453
fp16,4,64,16,256,4096,baseline_transform,0,0,100,49.1997671127,4194304,85.2504848324,2097152,2909,true,1,0.0491997671127
fp16,4,64,16,256,4096,control_optimized_transform,0,1,100,37.3666286469,4194304,112.247322059,2097152,2909,true,1,0.0373666286469
fp16,4,64,16,256,4096,optimized_transform,0,2,100,37.5190877914,4194304,111.791204075,2097152,2909,true,1,0.0375190877914
fp16,4,64,16,256,4096,control_shuffle32_transform,0,3,100,22.646856308,4194304,185.204689912,2097152,2909,true,1,0.022646856308
fp16,4,64,16,256,4096,shuffle32_transform,0,4,100,22.7167987823,4194304,184.634465454,2097152,2909,true,1,0.0227167987823
fp16,4,64,16,256,4096,baseline_split,0,5,100,1142.04246521,6832128,5.98237649486,2097152,2909,true,1,1.14204246521
fp16,4,64,16,256,4096,control_optimized_split,0,6,100,501.390609741,6832128,13.6263581074,2097152,2909,true,1,0.501390609741
fp16,4,64,16,256,4096,optimized_split,0,7,100,188.817596436,6832128,36.1837462661,2097152,2909,true,1,0.188817596436
fp16,4,64,16,256,4096,control_shuffle32_split,0,8,100,844.619216919,6832128,8.08900373463,2097152,2909,true,1,0.844619216919
fp16,4,64,16,256,4096,shuffle32_split,0,9,100,149.543542862,6832128,45.6865463346,2097152,2909,true,1,0.149543542862
fp16,4,64,16,256,4096,baseline_fused,0,10,100,1130.12916565,2637824,2.33409072182,2097152,2909,true,1,1.13012916565
fp16,4,64,16,256,4096,control_optimized_fused,0,11,100,494.296226501,2637824,5.33652465581,2097152,2909,true,1,0.494296226501
fp16,4,64,16,256,4096,optimized_fused,0,12,100,171.216220856,2637824,15.4063907427,2097152,2909,true,1,0.171216220856
fp16,4,64,16,256,4096,control_shuffle32_fused,0,13,100,1018.01506042,2637824,2.59114437747,2097152,2909,true,1,1.01801506042
fp16,4,64,16,256,4096,shuffle32_fused,0,14,100,131.713600159,2637824,20.0269675783,2097152,2909,true,1,0.131713600159
fp16,4,64,16,256,4096,control_optimized_transform,1,0,100,37.4013710022,4194304,112.143054856,2097152,2909,true,1,0.0374013710022
fp16,4,64,16,256,4096,optimized_transform,1,1,100,37.4692559242,4194304,111.939879684,2097152,2909,true,1,0.0374692559242
fp16,4,64,16,256,4096,control_shuffle32_transform,1,2,100,22.6902866364,4194304,184.850198996,2097152,2909,true,1,0.0226902866364
fp16,4,64,16,256,4096,shuffle32_transform,1,3,100,22.7414870262,4194304,184.434025584,2097152,2909,true,1,0.0227414870262
fp16,4,64,16,256,4096,baseline_split,1,4,100,1142.25395203,6832128,5.98126886572,2097152,2909,true,1,1.14225395203
fp16,4,64,16,256,4096,control_optimized_split,1,5,100,502.626304626,6832128,13.5928580281,2097152,2909,true,1,0.502626304626
fp16,4,64,16,256,4096,optimized_split,1,6,100,188.892326355,6832128,36.1694311878,2097152,2909,true,1,0.188892326355
fp16,4,64,16,256,4096,control_shuffle32_split,1,7,100,846.064910889,6832128,8.07518183543,2097152,2909,true,1,0.846064910889
fp16,4,64,16,256,4096,shuffle32_split,1,8,100,149.427194595,6832128,45.7221191799,2097152,2909,true,1,0.149427194595
fp16,4,64,16,256,4096,baseline_fused,1,9,100,1129.41047668,2637824,2.33557599691,2097152,2909,true,1,1.12941047668
fp16,4,64,16,256,4096,control_optimized_fused,1,10,100,493.88710022,2637824,5.34094532703,2097152,2909,true,1,0.49388710022
fp16,4,64,16,256,4096,optimized_fused,1,11,100,171.214618683,2637824,15.4065349109,2097152,2909,true,1,0.171214618683
fp16,4,64,16,256,4096,control_shuffle32_fused,1,12,100,969.022369385,2637824,2.72214974942,2097152,2909,true,1,0.969022369385
fp16,4,64,16,256,4096,shuffle32_fused,1,13,100,131.953144073,2637824,19.9906112016,2097152,2909,true,1,0.131953144073
fp16,4,64,16,256,4096,baseline_transform,1,14,100,49.2002296448,4194304,85.2496833914,2097152,2909,true,1,0.0492002296448
fp16,4,64,16,256,4096,optimized_transform,2,0,100,37.5067424774,4194304,111.82800006,2097152,2909,true,1,0.0375067424774
fp16,4,64,16,256,4096,control_shuffle32_transform,2,1,100,22.6082277298,4194304,185.521131958,2097152,2909,true,1,0.0226082277298
fp16,4,64,16,256,4096,shuffle32_transform,2,2,100,22.9119992256,4194304,183.061458701,2097152,2909,true,1,0.0229119992256
fp16,4,64,16,256,4096,baseline_split,2,3,100,1142.17597961,6832128,5.9816771863,2097152,2909,true,1,1.14217597961
fp16,4,64,16,256,4096,control_optimized_split,2,4,100,504.122314453,6832128,13.5525204978,2097152,2909,true,1,0.504122314453
fp16,4,64,16,256,4096,optimized_split,2,5,100,188.802967072,6832128,36.1865499572,2097152,2909,true,1,0.188802967072
fp16,4,64,16,256,4096,control_shuffle32_split,2,6,100,843.254623413,6832128,8.10209373338,2097152,2909,true,1,0.843254623413
fp16,4,64,16,256,4096,shuffle32_split,2,7,100,149.795656204,6832128,45.609653665,2097152,2909,true,1,0.149795656204
fp16,4,64,16,256,4096,baseline_fused,2,8,100,1130.53573608,2637824,2.3332513213,2097152,2909,true,1,1.13053573608
fp16,4,64,16,256,4096,control_optimized_fused,2,9,100,496.401824951,2637824,5.31388860277,2097152,2909,true,1,0.496401824951
fp16,4,64,16,256,4096,optimized_fused,2,10,100,171.203212738,2637824,15.4075613291,2097152,2909,true,1,0.171203212738
fp16,4,64,16,256,4096,control_shuffle32_fused,2,11,100,969.187927246,2637824,2.72168474848,2097152,2909,true,1,0.969187927246
fp16,4,64,16,256,4096,shuffle32_fused,2,12,100,131.672449112,2637824,20.0332265238,2097152,2909,true,1,0.131672449112
fp16,4,64,16,256,4096,baseline_transform,2,13,100,49.2144012451,4194304,85.225135202,2097152,2909,true,1,0.0492144012451
fp16,4,64,16,256,4096,control_optimized_transform,2,14,100,37.4260568619,4194304,112.069086398,2097152,2909,true,1,0.0374260568619
fp16,4,64,16,256,4096,control_shuffle32_transform,3,0,100,22.2642278671,4194304,188.38757962,2097152,2909,true,1,0.0222642278671
fp16,4,64,16,256,4096,shuffle32_transform,3,1,100,22.691886425,4194304,184.83716697,2097152,2909,true,1,0.022691886425
fp16,4,64,16,256,4096,baseline_split,3,2,100,1141.98623657,6832128,5.98267105259,2097152,2909,true,1,1.14198623657
fp16,4,64,16,256,4096,control_optimized_split,3,3,100,503.975791931,6832128,13.5564606661,2097152,2909,true,1,0.503975791931
fp16,4,64,16,256,4096,optimized_split,3,4,100,188.909492493,6832128,36.1661444846,2097152,2909,true,1,0.188909492493
fp16,4,64,16,256,4096,control_shuffle32_split,3,5,100,843.979873657,6832128,8.09513142819,2097152,2909,true,1,0.843979873657
fp16,4,64,16,256,4096,shuffle32_split,3,6,100,149.915428162,6832128,45.573214737,2097152,2909,true,1,0.149915428162
fp16,4,64,16,256,4096,baseline_fused,3,7,100,1130.18630981,2637824,2.33397270618,2097152,2909,true,1,1.13018630981
fp16,4,64,16,256,4096,control_optimized_fused,3,8,100,495.21232605,2637824,5.32665255132,2097152,2909,true,1,0.49521232605
fp16,4,64,16,256,4096,optimized_fused,3,9,100,171.342182159,2637824,15.3950648157,2097152,2909,true,1,0.171342182159
fp16,4,64,16,256,4096,control_shuffle32_fused,3,10,100,983.836135864,2637824,2.68116193728,2097152,2909,true,1,0.983836135864
fp16,4,64,16,256,4096,shuffle32_fused,3,11,100,131.753377914,2637824,20.0209212223,2097152,2909,true,1,0.131753377914
fp16,4,64,16,256,4096,baseline_transform,3,12,100,49.2029714584,4194304,85.2449328908,2097152,2909,true,1,0.0492029714584
fp16,4,64,16,256,4096,control_optimized_transform,3,13,100,37.3250293732,4194304,112.372423289,2097152,2909,true,1,0.0373250293732
fp16,4,64,16,256,4096,optimized_transform,3,14,100,37.4438858032,4194304,112.015724598,2097152,2909,true,1,0.0374438858032
fp16,4,64,16,256,4096,shuffle32_transform,4,0,100,22.8018283844,4194304,183.945950706,2097152,2909,true,1,0.0228018283844
fp16,4,64,16,256,4096,baseline_split,4,1,100,1141.2688446,6832128,5.98643170915,2097152,2909,true,1,1.1412688446
fp16,4,64,16,256,4096,control_optimized_split,4,2,100,503.415756226,6832128,13.5715418429,2097152,2909,true,1,0.503415756226
fp16,4,64,16,256,4096,optimized_split,4,3,100,188.76411438,6832128,36.1939981148,2097152,2909,true,1,0.18876411438
fp16,4,64,16,256,4096,control_shuffle32_split,4,4,100,839.587860107,6832128,8.13747830885,2097152,2909,true,1,0.839587860107
fp16,4,64,16,256,4096,shuffle32_split,4,5,100,149.149713516,6832128,45.8071815153,2097152,2909,true,1,0.149149713516
fp16,4,64,16,256,4096,baseline_fused,4,6,100,1131.09947205,2637824,2.33208843713,2097152,2909,true,1,1.13109947205
fp16,4,64,16,256,4096,control_optimized_fused,4,7,100,494.378738403,2637824,5.33563398887,2097152,2909,true,1,0.494378738403
fp16,4,64,16,256,4096,optimized_fused,4,8,100,171.08959198,2637824,15.417793505,2097152,2909,true,1,0.17108959198
fp16,4,64,16,256,4096,control_shuffle32_fused,4,9,100,993.493270874,2637824,2.65510001661,2097152,2909,true,1,0.993493270874
fp16,4,64,16,256,4096,shuffle32_fused,4,10,100,131.782627106,2637824,20.0164775732,2097152,2909,true,1,0.131782627106
fp16,4,64,16,256,4096,baseline_transform,4,11,100,49.1718864441,4194304,85.2988222197,2097152,2909,true,1,0.0491718864441
fp16,4,64,16,256,4096,control_optimized_transform,4,12,100,37.355427742,4194304,112.280979058,2097152,2909,true,1,0.037355427742
fp16,4,64,16,256,4096,optimized_transform,4,13,100,37.4411416054,4194304,112.023934639,2097152,2909,true,1,0.0374411416054
fp16,4,64,16,256,4096,control_shuffle32_transform,4,14,100,23.1156563759,4194304,181.448622172,2097152,2909,true,1,0.0231156563759
fp16,16,64,16,256,16384,baseline_transform,0,0,100,170.492572784,16777216,98.4043804724,8388608,2909,true,1,0.170492572784
fp16,16,64,16,256,16384,control_optimized_transform,0,1,100,120.751771927,16777216,138.939708563,8388608,2909,true,1,0.120751771927
fp16,16,64,16,256,16384,optimized_transform,0,2,100,120.854177475,16777216,138.821978276,8388608,2909,true,1,0.120854177475
fp16,16,64,16,256,16384,control_shuffle32_transform,0,3,100,43.3341693878,16777216,387.159053399,8388608,2909,true,1,0.0433341693878
fp16,16,64,16,256,16384,shuffle32_transform,0,4,100,43.5010290146,16777216,385.674003122,8388608,2909,true,1,0.0435010290146
fp16,16,64,16,256,16384,baseline_split,0,5,100,4267.23022461,27328512,6.40427409855,8388608,2909,true,1,4.26723022461
fp16,16,64,16,256,16384,control_optimized_split,0,6,100,1870.59020996,27328512,14.6095664644,8388608,2909,true,1,1.87059020996
fp16,16,64,16,256,16384,optimized_split,0,7,100,677.973480225,27328512,40.3091165025,8388608,2909,true,1,0.677973480225
fp16,16,64,16,256,16384,control_shuffle32_split,0,8,100,3204.70672607,27328512,8.52761713815,8388608,2909,true,1,3.20470672607
fp16,16,64,16,256,16384,shuffle32_split,0,9,100,436.312446594,27328512,62.6351877269,8388608,2909,true,1,0.436312446594
fp16,16,64,16,256,16384,baseline_fused,0,10,100,4260.78735352,10551296,2.476372352,8388608,2909,true,1,4.26078735352
fp16,16,64,16,256,16384,control_optimized_fused,0,11,100,1824.2149353,10551296,5.78402018085,8388608,2909,true,1,1.8242149353
fp16,16,64,16,256,16384,optimized_fused,0,12,100,631.245231628,10551296,16.7150506195,8388608,2909,true,1,0.631245231628
fp16,16,64,16,256,16384,control_shuffle32_fused,0,13,100,2906.27716064,10551296,3.63051953299,8388608,2909,true,1,2.90627716064
fp16,16,64,16,256,16384,shuffle32_fused,0,14,100,391.83681488,10551296,26.9277811561,8388608,2909,true,1,0.39183681488
fp16,16,64,16,256,16384,control_optimized_transform,1,0,100,120.776233673,16777216,138.911568028,8388608,2909,true,1,0.120776233673
fp16,16,64,16,256,16384,optimized_transform,1,1,100,120.904455185,16777216,138.764249625,8388608,2909,true,1,0.120904455185
fp16,16,64,16,256,16384,control_shuffle32_transform,1,2,100,43.3901691437,16777216,386.659382323,8388608,2909,true,1,0.0433901691437
fp16,16,64,16,256,16384,shuffle32_transform,1,3,100,43.4893703461,16777216,385.777394947,8388608,2909,true,1,0.0434893703461
fp16,16,64,16,256,16384,baseline_split,1,4,100,4264.66766357,27328512,6.40812231007,8388608,2909,true,1,4.26466766357
fp16,16,64,16,256,16384,control_optimized_split,1,5,100,1870.70648193,27328512,14.6086584207,8388608,2909,true,1,1.87070648193
fp16,16,64,16,256,16384,optimized_split,1,6,100,678.017807007,27328512,40.3064812127,8388608,2909,true,1,0.678017807007
fp16,16,64,16,256,16384,control_shuffle32_split,1,7,100,3168.60656738,27328512,8.62477288323,8388608,2909,true,1,3.16860656738
fp16,16,64,16,256,16384,shuffle32_split,1,8,100,436.336708069,27328512,62.6317050448,8388608,2909,true,1,0.436336708069
fp16,16,64,16,256,16384,baseline_fused,1,9,100,4263.22265625,10551296,2.47495776101,8388608,2909,true,1,4.26322265625
fp16,16,64,16,256,16384,control_optimized_fused,1,10,100,1823.99337769,10551296,5.78472275672,8388608,2909,true,1,1.82399337769
fp16,16,64,16,256,16384,optimized_fused,1,11,100,631.402740479,10551296,16.7108809062,8388608,2909,true,1,0.631402740479
fp16,16,64,16,256,16384,control_shuffle32_fused,1,12,100,2897.51525879,10551296,3.64149799315,8388608,2909,true,1,2.89751525879
fp16,16,64,16,256,16384,shuffle32_fused,1,13,100,392.311096191,10551296,26.8952270339,8388608,2909,true,1,0.392311096191
fp16,16,64,16,256,16384,baseline_transform,1,14,100,170.588340759,16777216,98.3491364376,8388608,2909,true,1,0.170588340759
fp16,16,64,16,256,16384,optimized_transform,2,0,100,120.872459412,16777216,138.800981478,8388608,2909,true,1,0.120872459412
fp16,16,64,16,256,16384,control_shuffle32_transform,2,1,100,43.3254861832,16777216,387.236647018,8388608,2909,true,1,0.0433254861832
fp16,16,64,16,256,16384,shuffle32_transform,2,2,100,43.4836578369,16777216,385.828075065,8388608,2909,true,1,0.0434836578369
fp16,16,64,16,256,16384,baseline_split,2,3,100,4266.66717529,27328512,6.40511923645,8388608,2909,true,1,4.26666717529
fp16,16,64,16,256,16384,control_optimized_split,2,4,100,1870.55160522,27328512,14.6098679789,8388608,2909,true,1,1.87055160522
fp16,16,64,16,256,16384,optimized_split,2,5,100,678.028564453,27328512,40.3058417193,8388608,2909,true,1,0.678028564453
fp16,16,64,16,256,16384,control_shuffle32_split,2,6,100,3171.16271973,27328512,8.61782078542,8388608,2909,true,1,3.17116271973
fp16,16,64,16,256,16384,shuffle32_split,2,7,100,436.425857544,27328512,62.6189111566,8388608,2909,true,1,0.436425857544
fp16,16,64,16,256,16384,baseline_fused,2,8,100,4263.83850098,10551296,2.4746002921,8388608,2909,true,1,4.26383850098
fp16,16,64,16,256,16384,control_optimized_fused,2,9,100,1824.08981323,10551296,5.78441693137,8388608,2909,true,1,1.82408981323
fp16,16,64,16,256,16384,optimized_fused,2,10,100,631.245231628,10551296,16.7150506195,8388608,2909,true,1,0.631245231628
fp16,16,64,16,256,16384,control_shuffle32_fused,2,11,100,2902.64373779,10551296,3.63506408403,8388608,2909,true,1,2.90264373779
fp16,16,64,16,256,16384,shuffle32_fused,2,12,100,391.790161133,10551296,26.9309876733,8388608,2909,true,1,0.391790161133
fp16,16,64,16,256,16384,baseline_transform,2,13,100,170.521144867,16777216,98.3878920886,8388608,2909,true,1,0.170521144867
fp16,16,64,16,256,16384,control_optimized_transform,2,14,100,120.764570236,16777216,138.924984101,8388608,2909,true,1,0.120764570236
fp16,16,64,16,256,16384,control_shuffle32_transform,3,0,100,43.3789682388,16777216,386.759221834,8388608,2909,true,1,0.0433789682388
fp16,16,64,16,256,16384,shuffle32_transform,3,1,100,43.4738302231,16777216,385.915294648,8388608,2909,true,1,0.0434738302231
fp16,16,64,16,256,16384,baseline_split,3,2,100,4266.6809082,27328512,6.40509862068,8388608,2909,true,1,4.2666809082
fp16,16,64,16,256,16384,control_optimized_split,3,3,100,1870.69854736,27328512,14.6087203834,8388608,2909,true,1,1.87069854736
fp16,16,64,16,256,16384,optimized_split,3,4,100,678.041610718,27328512,40.3050661907,8388608,2909,true,1,0.678041610718
fp16,16,64,16,256,16384,control_shuffle32_split,3,5,100,3201.39312744,27328512,8.53644363941,8388608,2909,true,1,3.20139312744
fp16,16,64,16,256,16384,shuffle32_split,3,6,100,436.478424072,27328512,62.6113697558,8388608,2909,true,1,0.436478424072
fp16,16,64,16,256,16384,baseline_fused,3,7,100,4263.04962158,10551296,2.47505821808,8388608,2909,true,1,4.26304962158
fp16,16,64,16,256,16384,control_optimized_fused,3,8,100,1823.881073,10551296,5.78507894852,8388608,2909,true,1,1.823881073
fp16,16,64,16,256,16384,optimized_fused,3,9,100,631.267204285,10551296,16.7144688151,8388608,2909,true,1,0.631267204285
fp16,16,64,16,256,16384,control_shuffle32_fused,3,10,100,2901.87133789,10551296,3.63603164008,8388608,2909,true,1,2.90187133789
fp16,16,64,16,256,16384,shuffle32_fused,3,11,100,392.14012146,10551296,26.9069534653,8388608,2909,true,1,0.39214012146
fp16,16,64,16,256,16384,baseline_transform,3,12,100,170.591087341,16777216,98.3475529787,8388608,2909,true,1,0.170591087341
fp16,16,64,16,256,16384,control_optimized_transform,3,13,100,120.770511627,16777216,138.918149588,8388608,2909,true,1,0.120770511627
fp16,16,64,16,256,16384,optimized_transform,3,14,100,120.878171921,16777216,138.794421966,8388608,2909,true,1,0.120878171921
fp16,16,64,16,256,16384,shuffle32_transform,4,0,100,43.5181713104,16777216,385.522081806,8388608,2909,true,1,0.0435181713104
fp16,16,64,16,256,16384,baseline_split,4,1,100,4266.64367676,27328512,6.40515451264,8388608,2909,true,1,4.26664367676
fp16,16,64,16,256,16384,control_optimized_split,4,2,100,1870.47531128,27328512,14.610463894,8388608,2909,true,1,1.87047531128
fp16,16,64,16,256,16384,optimized_split,4,3,100,677.900085449,27328512,40.3134806834,8388608,2909,true,1,0.677900085449
fp16,16,64,16,256,16384,control_shuffle32_split,4,4,100,3171.36627197,27328512,8.61726765575,8388608,2909,true,1,3.17136627197
fp16,16,64,16,256,16384,shuffle32_split,4,5,100,436.401596069,27328512,62.6223924159,8388608,2909,true,1,0.436401596069
fp16,16,64,16,256,16384,baseline_fused,4,6,100,4263.97979736,10551296,2.47451829076,8388608,2909,true,1,4.26397979736
fp16,16,64,16,256,16384,control_optimized_fused,4,7,100,1824.05258179,10551296,5.78453499935,8388608,2909,true,1,1.82405258179
fp16,16,64,16,256,16384,optimized_fused,4,8,100,631.262435913,10551296,16.7145950713,8388608,2909,true,1,0.631262435913
fp16,16,64,16,256,16384,control_shuffle32_fused,4,9,100,2914.01763916,10551296,3.62087581702,8388608,2909,true,1,2.91401763916
fp16,16,64,16,256,16384,shuffle32_fused,4,10,100,391.924362183,10551296,26.9217660807,8388608,2909,true,1,0.391924362183
fp16,16,64,16,256,16384,baseline_transform,4,11,100,170.486621857,16777216,98.4078153305,8388608,2909,true,1,0.170486621857
fp16,16,64,16,256,16384,control_optimized_transform,4,12,100,120.731658936,16777216,138.962854879,8388608,2909,true,1,0.120731658936
fp16,16,64,16,256,16384,optimized_transform,4,13,100,120.820798874,16777216,138.860329979,8388608,2909,true,1,0.120820798874
fp16,16,64,16,256,16384,control_shuffle32_transform,4,14,100,43.3746290207,16777216,386.797913407,8388608,2909,true,1,0.0433746290207
bf16,1,1,1,64,1,baseline_transform,0,0,100,8.926628232,256,0.0286782414756,128,2909,true,1,0.008926628232
bf16,1,1,1,64,1,control_optimized_transform,0,1,100,9.19817149639,256,0.0278316185016,128,2909,true,1,0.00919817149639
bf16,1,1,1,64,1,optimized_transform,0,2,100,9.15954291821,256,0.0279489929013,128,2909,true,1,0.00915954291821
bf16,1,1,1,64,1,control_shuffle32_transform,0,3,100,7.8018283844,256,0.0328128212243,128,2909,true,1,0.0078018283844
bf16,1,1,1,64,1,shuffle32_transform,0,4,100,8.1227427721,256,0.0315164479761,128,2909,true,1,0.0081227427721
bf16,1,1,1,64,1,baseline_split,0,5,100,69.6027421951,420,0.00603424501326,128,2909,true,1,0.0696027421951
bf16,1,1,1,64,1,control_optimized_split,0,6,100,64.0564537048,420,0.00655671639169,128,2909,true,1,0.0640564537048
bf16,1,1,1,64,1,optimized_split,0,7,100,33.6646842957,420,0.0124759821394,128,2909,true,1,0.0336646842957
bf16,1,1,1,64,1,control_shuffle32_split,0,8,100,94.5163440704,420,0.00444367589681,128,2909,true,1,0.0945163440704
bf16,1,1,1,64,1,shuffle32_split,0,9,100,35.2964568138,420,0.0118992113632,128,2909,true,1,0.0352964568138
bf16,1,1,1,64,1,baseline_fused,0,10,100,65.1325702667,164,0.00251794147426,128,2909,true,1,0.0651325702667
bf16,1,1,1,64,1,control_optimized_fused,0,11,100,58.5513162613,164,0.0028009617968,128,2909,true,1,0.0585513162613
bf16,1,1,1,64,1,optimized_fused,0,12,100,28.7702870369,164,0.00570032547085,128,2909,true,1,0.0287702870369
bf16,1,1,1,64,1,control_shuffle32_fused,0,13,100,89.3583965302,164,0.00183530598543,128,2909,true,1,0.0893583965302
bf16,1,1,1,64,1,shuffle32_fused,0,14,100,29.6921133995,164,0.00552335220445,128,2909,true,1,0.0296921133995
bf16,1,1,1,64,1,control_optimized_transform,1,0,100,9.30057168007,256,0.0275251897202,128,2909,true,1,0.00930057168007
bf16,1,1,1,64,1,optimized_transform,1,1,100,9.21691417694,256,0.027775022647,128,2909,true,1,0.00921691417694
bf16,1,1,1,64,1,control_shuffle32_transform,1,2,100,7.84548580647,256,0.0326302291936,128,2909,true,1,0.00784548580647
bf16,1,1,1,64,1,shuffle32_transform,1,3,100,7.84777164459,256,0.0326207249132,128,2909,true,1,0.00784777164459
bf16,1,1,1,64,1,baseline_split,1,4,100,69.6320009232,420,0.00603170947886,128,2909,true,1,0.0696320009232
bf16,1,1,1,64,1,control_optimized_split,1,5,100,64.1298294067,420,0.00654921436538,128,2909,true,1,0.0641298294067
bf16,1,1,1,64,1,optimized_split,1,6,100,33.7353134155,420,0.0124498621023,128,2909,true,1,0.0337353134155
bf16,1,1,1,64,1,control_shuffle32_split,1,7,100,94.4802284241,420,0.00444537451915,128,2909,true,1,0.0944802284241
bf16,1,1,1,64,1,shuffle32_split,1,8,100,34.708571434,420,0.0121007573244,128,2909,true,1,0.034708571434
bf16,1,1,1,64,1,baseline_fused,1,9,100,65.1261711121,164,0.00251818888167,128,2909,true,1,0.0651261711121
bf16,1,1,1,64,1,control_optimized_fused,1,10,100,58.5487985611,164,0.00280108224303,128,2909,true,1,0.0585487985611
bf16,1,1,1,64,1,optimized_fused,1,11,100,28.760228157,164,0.00570231915771,128,2909,true,1,0.028760228157
bf16,1,1,1,64,1,control_shuffle32_fused,1,12,100,89.3583965302,164,0.00183530598543,128,2909,true,1,0.0893583965302
bf16,1,1,1,64,1,shuffle32_fused,1,13,100,29.7028565407,164,0.005521354479,128,2909,true,1,0.0297028565407
bf16,1,1,1,64,1,baseline_transform,1,14,100,8.94148528576,256,0.0286305900886,128,2909,true,1,0.00894148528576
bf16,1,1,1,64,1,optimized_transform,2,0,100,9.18948531151,256,0.0278579258056,128,2909,true,1,0.00918948531151
bf16,1,1,1,64,1,control_shuffle32_transform,2,1,100,7.87268579006,256,0.0325174923561,128,2909,true,1,0.00787268579006
bf16,1,1,1,64,1,shuffle32_transform,2,2,100,7.86605715752,256,0.032544894459,128,2909,true,1,0.00786605715752
bf16,1,1,1,64,1,baseline_split,2,3,100,69.6372556686,420,0.00603125433315,128,2909,true,1,0.0696372556686
bf16,1,1,1,64,1,control_optimized_split,2,4,100,64.1686820984,420,0.0065452489636,128,2909,true,1,0.0641686820984
bf16,1,1,1,64,1,optimized_split,2,5,100,33.7499427795,420,0.0124444655431,128,2909,true,1,0.0337499427795
bf16,1,1,1,64,1,control_shuffle32_split,2,6,100,94.4258308411,420,0.00444793544583,128,2909,true,1,0.0944258308411
bf16,1,1,1,64,1,shuffle32_split,2,7,100,35.3412556648,420,0.0118841278302,128,2909,true,1,0.0353412556648
bf16,1,1,1,64,1,baseline_fused,2,8,100,65.1156568527,164,0.00251859549495,128,2909,true,1,0.0651156568527
bf16,1,1,1,64,1,control_optimized_fused,2,9,100,58.5508584976,164,0.00280098369534,128,2909,true,1,0.0585508584976
bf16,1,1,1,64,1,optimized_fused,2,10,100,28.737142086,164,0.00570690013325,128,2909,true,1,0.028737142086
bf16,1,1,1,64,1,control_shuffle32_fused,2,11,100,89.3142795563,164,0.00183621253863,128,2909,true,1,0.0893142795563
bf16,1,1,1,64,1,shuffle32_fused,2,12,100,29.6603417397,164,0.00552926872655,128,2909,true,1,0.0296603417397
bf16,1,1,1,64,1,baseline_transform,2,13,100,8.90422821045,256,0.0287503862153,128,2909,true,1,0.00890422821045
bf16,1,1,1,64,1,control_optimized_transform,2,14,100,9.38948571682,256,0.0272645390515,128,2909,true,1,0.00938948571682
bf16,1,1,1,64,1,control_shuffle32_transform,3,0,100,7.86925733089,256,0.0325316594992,128,2909,true,1,0.00786925733089
bf16,1,1,1,64,1,shuffle32_transform,3,1,100,7.88685679436,256,0.0324590653381,128,2909,true,1,0.00788685679436
bf16,1,1,1,64,1,baseline_split,3,2,100,69.5561170578,420,0.00603828991275,128,2909,true,1,0.0695561170578
bf16,1,1,1,64,1,control_optimized_split,3,3,100,64.0630865097,420,0.00655603753866,128,2909,true,1,0.0640630865097
bf16,1,1,1,64,1,optimized_split,3,4,100,33.7028574944,420,0.0124618513451,128,2909,true,1,0.0337028574944
bf16,1,1,1,64,1,control_shuffle32_split,3,5,100,94.5371437073,420,0.00444269821924,128,2909,true,1,0.0945371437073
bf16,1,1,1,64,1,shuffle32_split,3,6,100,34.7456002235,420,0.0120878614069,128,2909,true,1,0.0347456002235
bf16,1,1,1,64,1,baseline_fused,3,7,100,65.1220560074,164,0.00251834800765,128,2909,true,1,0.0651220560074
bf16,1,1,1,64,1,control_optimized_fused,3,8,100,58.5508584976,164,0.00280098369534,128,2909,true,1,0.0585508584976
bf16,1,1,1,64,1,optimized_fused,3,9,100,28.7330293655,164,0.00570771699404,128,2909,true,1,0.0287330293655
bf16,1,1,1,64,1,control_shuffle32_fused,3,10,100,89.359998703,164,0.00183527307946,128,2909,true,1,0.089359998703
bf16,1,1,1,64,1,shuffle32_fused,3,11,100,29.6980571747,164,0.00552224675962,128,2909,true,1,0.0296980571747
bf16,1,1,1,64,1,baseline_transform,3,12,100,8.9771425724,256,0.0285168691413,128,2909,true,1,0.0089771425724
bf16,1,1,1,64,1,control_optimized_transform,3,13,100,9.25051450729,256,0.0276741363735,128,2909,true,1,0.00925051450729
bf16,1,1,1,64,1,optimized_transform,3,14,100,9.2278856039,256,0.0277419997374,128,2909,true,1,0.0092278856039
bf16,1,1,1,64,1,shuffle32_transform,4,0,100,7.88548529148,256,0.0324647108627,128,2909,true,1,0.00788548529148
bf16,1,1,1,64,1,baseline_split,4,1,100,69.645485878,420,0.00603054160231,128,2909,true,1,0.069645485878
bf16,1,1,1,64,1,control_optimized_split,4,2,100,64.0822839737,420,0.00655407351231,128,2909,true,1,0.0640822839737
bf16,1,1,1,64,1,optimized_split,4,3,100,33.7104010582,420,0.0124590626874,128,2909,true,1,0.0337104010582
bf16,1,1,1,64,1,control_shuffle32_split,4,4,100,93.9716625214,420,0.00446943247284,128,2909,true,1,0.0939716625214
bf16,1,1,1,64,1,shuffle32_split,4,5,100,34.8854851723,420,0.0120393911085,128,2909,true,1,0.0348854851723
bf16,1,1,1,64,1,baseline_fused,4,6,100,65.1259422302,164,0.00251819773172,128,2909,true,1,0.0651259422302
bf16,1,1,1,64,1,control_optimized_fused,4,7,100,58.5579395294,164,0.00280064499055,128,2909,true,1,0.0585579395294
bf16,1,1,1,64,1,optimized_fused,4,8,100,28.7042284012,164,0.00571344394658,128,2909,true,1,0.0287042284012
bf16,1,1,1,64,1,control_shuffle32_fused,4,9,100,89.3158817291,164,0.00183617960015,128,2909,true,1,0.0893158817291
bf16,1,1,1,64,1,shuffle32_fused,4,10,100,29.645485878,164,0.00553203953799,128,2909,true,1,0.029645485878
bf16,1,1,1,64,1,baseline_transform,4,11,100,8.88457119465,256,0.0288139961278,128,2909,true,1,0.00888457119465
bf16,1,1,1,64,1,control_optimized_transform,4,12,100,9.35588538647,256,0.0273624557618,128,2909,true,1,0.00935588538647
bf16,1,1,1,64,1,optimized_transform,4,13,100,9.18194293976,256,0.0278808092884,128,2909,true,1,0.00918194293976
bf16,1,1,1,64,1,control_shuffle32_transform,4,14,100,7.8598856926,256,0.0325704482243,128,2909,true,1,0.0078598856926
bf16,1,17,1,64,17,baseline_transform,0,0,100,9.19657111168,4352,0.473219849784,2176,2909,true,1,0.00919657111168
bf16,1,17,1,64,17,control_optimized_transform,0,1,100,9.3542855978,4352,0.465241300845,2176,2909,true,1,0.0093542855978
bf16,1,17,1,64,17,optimized_transform,0,2,100,9.46742832661,4352,0.459681325262,2176,2909,true,1,0.00946742832661
bf16,1,17,1,64,17,control_shuffle32_transform,0,3,100,7.92411446571,4352,0.549209633307,2176,2909,true,1,0.00792411446571
bf16,1,17,1,64,17,shuffle32_transform,0,4,100,7.94262886047,4352,0.547929416878,2176,2909,true,1,0.00794262886047
bf16,1,17,1,64,17,baseline_split,0,5,100,70.1334857941,7140,0.101805862338,2176,2909,true,1,0.0701334857941
bf16,1,17,1,64,17,control_optimized_split,0,6,100,64.4525718689,7140,0.110779132515,2176,2909,true,1,0.0644525718689
bf16,1,17,1,64,17,optimized_split,0,7,100,34.2891430855,7140,0.208229175696,2176,2909,true,1,0.0342891430855
bf16,1,17,1,64,17,control_shuffle32_split,0,8,100,94.5147418976,7140,0.0755437708092,2176,2909,true,1,0.0945147418976
bf16,1,17,1,64,17,shuffle32_split,0,9,100,34.6591997147,7140,0.206005910661,2176,2909,true,1,0.0346591997147
bf16,1,17,1,64,17,baseline_fused,0,10,100,65.4461717606,2788,0.0425998943101,2176,2909,true,1,0.0654461717606
bf16,1,17,1,64,17,control_optimized_fused,0,11,100,58.8210296631,2788,0.0473980142131,2176,2909,true,1,0.0588210296631
bf16,1,17,1,64,17,optimized_fused,0,12,100,28.9190864563,2788,0.0964069181166,2176,2909,true,1,0.0289190864563
bf16,1,17,1,64,17,control_shuffle32_fused,0,13,100,89.0525722504,2788,0.0313073494628,2176,2909,true,1,0.0890525722504
bf16,1,17,1,64,17,shuffle32_fused,0,14,100,29.682970047,2788,0.093925910904,2176,2909,true,1,0.029682970047
bf16,1,17,1,64,17,control_optimized_transform,1,0,100,9.46171402931,4352,0.459958944703,2176,2909,true,1,0.00946171402931
bf16,1,17,1,64,17,optimized_transform,1,1,100,9.4767999649,4352,0.459226744905,2176,2909,true,1,0.0094767999649
bf16,1,17,1,64,17,control_shuffle32_transform,1,2,100,7.88982868195,4352,0.551596260887,2176,2909,true,1,0.00788982868195
bf16,1,17,1,64,17,shuffle32_transform,1,3,100,8.01851451397,4352,0.542743920014,2176,2909,true,1,0.00801851451397
bf16,1,17,1,64,17,baseline_split,1,4,100,70.1755428314,7140,0.101744848874,2176,2909,true,1,0.0701755428314
bf16,1,17,1,64,17,control_optimized_split,1,5,100,64.4637727737,7140,0.110759884083,2176,2909,true,1,0.0644637727737
bf16,1,17,1,64,17,optimized_split,1,6,100,34.2765712738,7140,0.208305549087,2176,2909,true,1,0.0342765712738
bf16,1,17,1,64,17,control_shuffle32_split,1,7,100,93.8777160645,7140,0.0760563880261,2176,2909,true,1,0.0938777160645
bf16,1,17,1,64,17,shuffle32_split,1,8,100,34.5284557343,7140,0.206785963871,2176,2909,true,1,0.0345284557343
bf16,1,17,1,64,17,baseline_fused,1,9,100,65.4454851151,2788,0.0426003412626,2176,2909,true,1,0.0654454851151
bf16,1,17,1,64,17,control_optimized_fused,1,10,100,58.8125753403,2788,0.0474048276898,2176,2909,true,1,0.0588125753403
bf16,1,17,1,64,17,optimized_fused,1,11,100,28.9133691788,2788,0.0964259814469,2176,2909,true,1,0.0289133691788
bf16,1,17,1,64,17,control_shuffle32_fused,1,12,100,89.1037750244,2788,0.031289358944,2176,2909,true,1,0.0891037750244
bf16,1,17,1,64,17,shuffle32_fused,1,13,100,29.7117733955,2788,0.0938348567379,2176,2909,true,1,0.0297117733955
bf16,1,17,1,64,17,baseline_transform,1,14,100,9.22811448574,4352,0.471602298251,2176,2909,true,1,0.00922811448574
bf16,1,17,1,64,17,optimized_transform,2,0,100,9.48022902012,4352,0.459060639861,2176,2909,true,1,0.00948022902012
bf16,1,17,1,64,17,control_shuffle32_transform,2,1,100,7.93485701084,4352,0.54846609007,2176,2909,true,1,0.00793485701084
bf16,1,17,1,64,17,shuffle32_transform,2,2,100,7.97325670719,4352,0.545824643533,2176,2909,true,1,0.00797325670719
bf16,1,17,1,64,17,baseline_split,2,3,100,70.1830863953,7140,0.101733912923,2176,2909,true,1,0.0701830863953
bf16,1,17,1,64,17,control_optimized_split,2,4,100,64.4630861282,7140,0.110761063871,2176,2909,true,1,0.0644630861282
bf16,1,17,1,64,17,optimized_split,2,5,100,34.2852568626,7140,0.208252778406,2176,2909,true,1,0.0342852568626
bf16,1,17,1,64,17,control_shuffle32_split,2,6,100,93.9140605927,7140,0.0760269543766,2176,2909,true,1,0.0939140605927
bf16,1,17,1,64,17,shuffle32_split,2,7,100,34.5664000511,7140,0.206558970256,2176,2909,true,1,0.0345664000511
bf16,1,17,1,64,17,baseline_fused,2,8,100,65.4313135147,2788,0.0426095679613,2176,2909,true,1,0.0654313135147
bf16,1,17,1,64,17,control_optimized_fused,2,9,100,58.8390827179,2788,0.0473834715162,2176,2909,true,1,0.0588390827179
bf16,1,17,1,64,17,optimized_fused,2,10,100,28.9108586311,2788,0.0964343548413,2176,2909,true,1,0.0289108586311
bf16,1,17,1,64,17,control_shuffle32_fused,2,11,100,89.0982913971,2788,0.0312912846732,2176,2909,true,1,0.0890982913971
bf16,1,17,1,64,17,shuffle32_fused,2,12,100,29.7056007385,2788,0.0938543550942,2176,2909,true,1,0.0297056007385
bf16,1,17,1,64,17,baseline_transform,2,13,100,9.28640007973,4352,0.468642311621,2176,2909,true,1,0.00928640007973
bf16,1,17,1,64,17,control_optimized_transform,2,14,100,9.39337134361,4352,0.463305435376,2176,2909,true,1,0.00939337134361
bf16,1,17,1,64,17,control_shuffle32_transform,3,0,100,7.97577142715,4352,0.545652547813,2176,2909,true,1,0.00797577142715
bf16,1,17,1,64,17,shuffle32_transform,3,1,100,8.00639986992,4352,0.543565156713,2176,2909,true,1,0.00800639986992
bf16,1,17,1,64,17,baseline_split,3,2,100,70.1954317093,7140,0.101716020917,2176,2909,true,1,0.0701954317093
bf16,1,17,1,64,17,control_optimized_split,3,3,100,64.4591999054,7140,0.110767741618,2176,2909,true,1,0.0644591999054
bf16,1,17,1,64,17,optimized_split,3,4,100,34.2875432968,7140,0.208238891255,2176,2909,true,1,0.0342875432968
bf16,1,17,1,64,17,control_shuffle32_split,3,5,100,93.8719940186,7140,0.0760610241068,2176,2909,true,1,0.0938719940186
bf16,1,17,1,64,17,shuffle32_split,3,6,100,34.5789718628,7140,0.206483872,2176,2909,true,1,0.0345789718628
bf16,1,17,1,64,17,baseline_fused,3,7,100,65.4349708557,2788,0.042607186395,2176,2909,true,1,0.0654349708557
bf16,1,17,1,64,17,control_optimized_fused,3,8,100,58.8121128082,2788,0.0474052005085,2176,2909,true,1,0.0588121128082
bf16,1,17,1,64,17,optimized_fused,3,9,100,28.8761162758,2788,0.0965503800225,2176,2909,true,1,0.0288761162758
bf16,1,17,1,64,17,control_shuffle32_fused,3,10,100,89.0969085693,2788,0.0312917703293,2176,2909,true,1,0.0890969085693
bf16,1,17,1,64,17,shuffle32_fused,3,11,100,29.7424006462,2788,0.0937382302513,2176,2909,true,1,0.0297424006462
bf16,1,17,1,64,17,baseline_transform,3,12,100,9.20205712318,4352,0.472937729221,2176,2909,true,1,0.00920205712318
bf16,1,17,1,64,17,control_optimized_transform,3,13,100,9.48320031166,4352,0.458916806244,2176,2909,true,1,0.00948320031166
bf16,1,17,1,64,17,optimized_transform,3,14,100,9.49440002441,4352,0.458375462252,2176,2909,true,1,0.00949440002441
bf16,1,17,1,64,17,shuffle32_transform,4,0,100,7.98468589783,4352,0.545043356206,2176,2909,true,1,0.00798468589783
bf16,1,17,1,64,17,baseline_split,4,1,100,70.1679992676,7140,0.101755787175,2176,2909,true,1,0.0701679992676
bf16,1,17,1,64,17,control_optimized_split,4,2,100,64.4358873367,7140,0.11080781681,2176,2909,true,1,0.0644358873367
bf16,1,17,1,64,17,optimized_split,4,3,100,34.2651438713,7140,0.208375018848,2176,2909,true,1,0.0342651438713
bf16,1,17,1,64,17,control_shuffle32_split,4,4,100,93.8363456726,7140,0.0760899196236,2176,2909,true,1,0.0938363456726
bf16,1,17,1,64,17,shuffle32_split,4,5,100,34.5300579071,7140,0.206776369133,2176,2909,true,1,0.0345300579071
bf16,1,17,1,64,17,baseline_fused,4,6,100,65.4416036606,2788,0.0426028679624,2176,2909,true,1,0.0654416036606
bf16,1,17,1,64,17,control_optimized_fused,4,7,100,58.8041114807,2788,0.0474116508148,2176,2909,true,1,0.0588041114807
bf16,1,17,1,64,17,optimized_fused,4,8,100,28.9419436455,2788,0.0963307797898,2176,2909,true,1,0.0289419436455
bf16,1,17,1,64,17,control_shuffle32_fused,4,9,100,89.0994262695,2788,0.0312908861115,2176,2909,true,1,0.0890994262695
bf16,1,17,1,64,17,shuffle32_fused,4,10,100,29.6912002563,2788,0.0938998752468,2176,2909,true,1,0.0296912002563
bf16,1,17,1,64,17,baseline_transform,4,11,100,9.19588565826,4352,0.473255123185,2176,2909,true,1,0.00919588565826
bf16,1,17,1,64,17,control_optimized_transform,4,12,100,9.33577120304,4352,0.46616395211,2176,2909,true,1,0.00933577120304
bf16,1,17,1,64,17,optimized_transform,4,13,100,9.50788557529,4352,0.457725323421,2176,2909,true,1,0.00950788557529
bf16,1,17,1,64,17,control_shuffle32_transform,4,14,100,7.94628560543,4352,0.547677269116,2176,2909,true,1,0.00794628560543
bf16,1,257,1,64,257,baseline_transform,0,0,100,9.47702825069,65792,6.94226061795,32896,2909,true,1,0.00947702825069
bf16,1,257,1,64,257,control_optimized_transform,0,1,100,9.56045687199,65792,6.88167949304,32896,2909,true,1,0.00956045687199
bf16,1,257,1,64,257,optimized_transform,0,2,100,9.58057105541,65792,6.86723156892,32896,2909,true,1,0.00958057105541
bf16,1,257,1,64,257,control_shuffle32_transform,0,3,100,8.92297148705,65792,7.37332850335,32896,2909,true,1,0.00892297148705
bf16,1,257,1,64,257,shuffle32_transform,0,4,100,8.79245698452,65792,7.48277758035,32896,2909,true,1,0.00879245698452
bf16,1,257,1,64,257,baseline_split,0,5,100,70.8566856384,107940,1.52335660393,32896,2909,true,1,0.0708566856384
bf16,1,257,1,64,257,control_optimized_split,0,6,100,64.5094871521,107940,1.67324225886,32896,2909,true,1,0.0645094871521
bf16,1,257,1,64,257,optimized_split,0,7,100,35.2004575729,107940,3.0664374114,32896,2909,true,1,0.0352004575729
bf16,1,257,1,64,257,control_shuffle32_split,0,8,100,102.971429825,107940,1.04825192953,32896,2909,true,1,0.102971429825
bf16,1,257,1,64,257,shuffle32_split,0,9,100,39.9942827225,107940,2.69888575697,32896,2909,true,1,0.0399942827225
bf16,1,257,1,64,257,baseline_fused,0,10,100,65.9030866623,42148,0.639545158423,32896,2909,true,1,0.0659030866623
bf16,1,257,1,64,257,control_optimized_fused,0,11,100,59.1714286804,42148,0.71230323384,32896,2909,true,1,0.0591714286804
bf16,1,257,1,64,257,optimized_fused,0,12,100,29.1060566902,42148,1.44808348477,32896,2909,true,1,0.0291060566902
bf16,1,257,1,64,257,control_shuffle32_fused,0,13,100,95.9652614594,42148,0.439200595706,32896,2909,true,1,0.0959652614594
bf16,1,257,1,64,257,shuffle32_fused,0,14,100,33.2690286636,42148,1.26688399671,32896,2909,true,1,0.0332690286636
bf16,1,257,1,64,257,control_optimized_transform,1,0,100,9.53257143497,65792,6.90181032986,32896,2909,true,1,0.00953257143497
bf16,1,257,1,64,257,optimized_transform,1,1,100,9.66742873192,65792,6.80553245588,32896,2909,true,1,0.00966742873192
bf16,1,257,1,64,257,control_shuffle32_transform,1,2,100,8.98514270782,65792,7.32230996651,32896,2909,true,1,0.00898514270782
bf16,1,257,1,64,257,shuffle32_transform,1,3,100,8.77120018005,65792,7.50091192191,32896,2909,true,1,0.00877120018005
bf16,1,257,1,64,257,baseline_split,1,4,100,70.8720016479,107940,1.52302739432,32896,2909,true,1,0.0708720016479
bf16,1,257,1,64,257,control_optimized_split,1,5,100,64.5506286621,107940,1.67217581358,32896,2909,true,1,0.0645506286621
bf16,1,257,1,64,257,optimized_split,1,6,100,34.6496009827,107940,3.11518738856,32896,2909,true,1,0.0346496009827
bf16,1,257,1,64,257,control_shuffle32_split,1,7,100,102.975091934,107940,1.04821465048,32896,2909,true,1,0.102975091934
bf16,1,257,1,64,257,shuffle32_split,1,8,100,39.4144010544,107940,2.73859292828,32896,2909,true,1,0.0394144010544
bf16,1,257,1,64,257,baseline_fused,1,9,100,65.9179401398,42148,0.639401047888,32896,2909,true,1,0.0659179401398
bf16,1,257,1,64,257,control_optimized_fused,1,10,100,59.1771459579,42148,0.712234416137,32896,2909,true,1,0.0591771459579
bf16,1,257,1,64,257,optimized_fused,1,11,100,29.1197729111,42148,1.44740139728,32896,2909,true,1,0.0291197729111
bf16,1,257,1,64,257,control_shuffle32_fused,1,12,100,95.9680080414,42148,0.439188025887,32896,2909,true,1,0.0959680080414
bf16,1,257,1,64,257,shuffle32_fused,1,13,100,33.290514946,42148,1.26606632755,32896,2909,true,1,0.033290514946
bf16,1,257,1,64,257,baseline_transform,1,14,100,9.49257194996,65792,6.93089294944,32896,2909,true,1,0.00949257194996
bf16,1,257,1,64,257,optimized_transform,2,0,100,9.64617133141,65792,6.82052990141,32896,2909,true,1,0.00964617133141
bf16,1,257,1,64,257,control_shuffle32_transform,2,1,100,8.91428530216,65792,7.38051316173,32896,2909,true,1,0.00891428530216
bf16,1,257,1,64,257,shuffle32_transform,2,2,100,8.83017122746,65792,7.45081814444,32896,2909,true,1,0.00883017122746
bf16,1,257,1,64,257,baseline_split,2,3,100,70.7986307144,107940,1.52460575735,32896,2909,true,1,0.0707986307144
bf16,1,257,1,64,257,control_optimized_split,2,4,100,64.5968008041,107940,1.67098058505,32896,2909,true,1,0.0645968008041
bf16,1,257,1,64,257,optimized_split,2,5,100,34.5810294151,107940,3.1213645697,32896,2909,true,1,0.0345810294151
bf16,1,257,1,64,257,control_shuffle32_split,2,6,100,103.041133881,107940,1.04754282038,32896,2909,true,1,0.103041133881
bf16,1,257,1,64,257,shuffle32_split,2,7,100,39.9334859848,107940,2.70299467572,32896,2909,true,1,0.0399334859848
bf16,1,257,1,64,257,baseline_fused,2,8,100,65.9069681168,42148,0.639507493735,32896,2909,true,1,0.0659069681168
bf16,1,257,1,64,257,control_optimized_fused,2,9,100,59.1286897659,42148,0.71281809502,32896,2909,true,1,0.0591286897659
bf16,1,257,1,64,257,optimized_fused,2,10,100,29.1444563866,42148,1.44617554162,32896,2909,true,1,0.0291444563866
bf16,1,257,1,64,257,control_shuffle32_fused,2,11,100,95.9673118591,42148,0.439191211919,32896,2909,true,1,0.0959673118591
bf16,1,257,1,64,257,shuffle32_fused,2,12,100,33.2815980911,42148,1.26640553391,32896,2909,true,1,0.0332815980911
bf16,1,257,1,64,257,baseline_transform,2,13,100,9.48159992695,65792,6.93891331705,32896,2909,true,1,0.00948159992695
bf16,1,257,1,64,257,control_optimized_transform,2,14,100,9.55817103386,65792,6.88332524778,32896,2909,true,1,0.00955817103386
bf16,1,257,1,64,257,control_shuffle32_transform,3,0,100,8.9163428545,65792,7.37881002039,32896,2909,true,1,0.0089163428545
bf16,1,257,1,64,257,shuffle32_transform,3,1,100,8.92297148705,65792,7.37332850335,32896,2909,true,1,0.00892297148705
bf16,1,257,1,64,257,baseline_split,3,2,100,70.8493709564,107940,1.52351387942,32896,2909,true,1,0.0708493709564
bf16,1,257,1,64,257,control_optimized_split,3,3,100,65.3028583527,107940,1.65291386507,32896,2909,true,1,0.0653028583527
bf16,1,257,1,64,257,optimized_split,3,4,100,34.6265149117,107940,3.11726433559,32896,2909,true,1,0.0346265149117
bf16,1,257,1,64,257,control_shuffle32_split,3,5,100,102.357940674,107940,1.05453469745,32896,2909,true,1,0.102357940674
bf16,1,257,1,64,257,shuffle32_split,3,6,100,39.3366861343,107940,2.74400338736,32896,2909,true,1,0.0393366861343
bf16,1,257,1,64,257,baseline_fused,3,7,100,65.910859108,42148,0.639469740957,32896,2909,true,1,0.065910859108
bf16,1,257,1,64,257,control_optimized_fused,3,8,100,59.1842269897,42148,0.712149201633,32896,2909,true,1,0.0591842269897
bf16,1,257,1,64,257,optimized_fused,3,9,100,29.1312003136,42148,1.44683361984,32896,2909,true,1,0.0291312003136
bf16,1,257,1,64,257,control_shuffle32_fused,3,10,100,95.9855937958,42148,0.439107561179,32896,2909,true,1,0.0959855937958
bf16,1,257,1,64,257,shuffle32_fused,3,11,100,33.2671999931,42148,1.26695363628,32896,2909,true,1,0.0332671999931
bf16,1,257,1,64,257,baseline_transform,3,12,100,9.60365712643,65792,6.85072354561,32896,2909,true,1,0.00960365712643
bf16,1,257,1,64,257,control_optimized_transform,3,13,100,9.51268613338,65792,6.91623786147,32896,2909,true,1,0.00951268613338
bf16,1,257,1,64,257,optimized_transform,3,14,100,9.58971440792,65792,6.86068397883,32896,2909,true,1,0.00958971440792
bf16,1,257,1,64,257,shuffle32_transform,4,0,100,8.90468597412,65792,7.38846941837,32896,2909,true,1,0.00890468597412
bf16,1,257,1,64,257,baseline_split,4,1,100,70.8550882339,107940,1.5233909475,32896,2909,true,1,0.0708550882339
bf16,1,257,1,64,257,control_optimized_split,4,2,100,64.5693731308,107940,1.67169038147,32896,2909,true,1,0.0645693731308
bf16,1,257,1,64,257,optimized_split,4,3,100,34.5789718628,107940,3.12155030023,32896,2909,true,1,0.0345789718628
bf16,1,257,1,64,257,control_shuffle32_split,4,4,100,102.344913483,107940,1.05466892615,32896,2909,true,1,0.102344913483
bf16,1,257,1,64,257,shuffle32_split,4,5,100,39.3483424187,107940,2.74319052253,32896,2909,true,1,0.0393483424187
bf16,1,257,1,64,257,baseline_fused,4,6,100,65.9156608582,42148,0.639423157582,32896,2909,true,1,0.0659156608582
bf16,1,257,1,64,257,control_optimized_fused,4,7,100,59.1689157486,42148,0.712333485695,32896,2909,true,1,0.0591689157486
bf16,1,257,1,64,257,optimized_fused,4,8,100,29.0975999832,42148,1.44850434484,32896,2909,true,1,0.0290975999832
bf16,1,257,1,64,257,control_shuffle32_fused,4,9,100,95.9725666046,42148,0.439167165067,32896,2909,true,1,0.0959725666046
bf16,1,257,1,64,257,shuffle32_fused,4,10,100,33.2201123238,42148,1.26874947289,32896,2909,true,1,0.0332201123238
bf16,1,257,1,64,257,baseline_transform,4,11,100,9.47154283524,65792,6.94628120724,32896,2909,true,1,0.00947154283524
bf16,1,257,1,64,257,control_optimized_transform,4,12,100,9.5759999752,65792,6.87050962514,32896,2909,true,1,0.0095759999752
bf16,1,257,1,64,257,optimized_transform,4,13,100,9.55062866211,65792,6.88876118292,32896,2909,true,1,0.00955062866211
bf16,1,257,1,64,257,control_shuffle32_transform,4,14,100,8.8909715414,65792,7.39986622312,32896,2909,true,1,0.0088909715414
bf16,4,64,16,64,4096,baseline_transform,0,0,100,23.5396575928,1048576,44.5450829464,524288,2909,true,1,0.0235396575928
bf16,4,64,16,64,4096,control_optimized_transform,0,1,100,24.3366861343,1048576,43.0862276898,524288,2909,true,1,0.0243366861343
bf16,4,64,16,64,4096,optimized_transform,0,2,100,23.9983987808,1048576,43.6935817917,524288,2909,true,1,0.0239983987808
bf16,4,64,16,64,4096,control_shuffle32_transform,0,3,100,11.1371433735,1048576,94.1512526898,524288,2909,true,1,0.0111371433735
bf16,4,64,16,64,4096,shuffle32_transform,0,4,100,11.1481142044,1048576,94.0585986808,524288,2909,true,1,0.0111481142044
bf16,4,64,16,64,4096,baseline_split,0,5,100,437.863082886,1720320,3.92889939171,524288,2909,true,1,0.437863082886
bf16,4,64,16,64,4096,control_optimized_split,0,6,100,380.808677673,1720320,4.51754411299,524288,2909,true,1,0.380808677673
bf16,4,64,16,64,4096,optimized_split,0,7,100,162.023544312,1720320,10.6177161308,524288,2909,true,1,0.162023544312
bf16,4,64,16,64,4096,control_shuffle32_split,0,8,100,249.860115051,1720320,6.88513250563,524288,2909,true,1,0.249860115051
bf16,4,64,16,64,4096,shuffle32_split,0,9,100,72.7462863922,1720320,23.6482174599,524288,2909,true,1,0.0727462863922
bf16,4,64,16,64,4096,baseline_fused,0,10,100,429.791107178,671744,1.56295462791,524288,2909,true,1,0.429791107178
bf16,4,64,16,64,4096,control_optimized_fused,0,11,100,371.791534424,671744,1.80677594244,524288,2909,true,1,0.371791534424
bf16,4,64,16,64,4096,optimized_fused,0,12,100,147.956113815,671744,4.54015709576,524288,2909,true,1,0.147956113815
bf16,4,64,16,64,4096,control_shuffle32_fused,0,13,100,247.708568573,671744,2.71183190743,524288,2909,true,1,0.247708568573
bf16,4,64,16,64,4096,shuffle32_fused,0,14,100,68.3926820755,671744,9.82186952777,524288,2909,true,1,0.0683926820755
bf16,4,64,16,64,4096,control_optimized_transform,1,0,100,23.9440011978,1048576,43.7928477925,524288,2909,true,1,0.0239440011978
bf16,4,64,16,64,4096,optimized_transform,1,1,100,23.9369130135,1048576,43.8058157044,524288,2909,true,1,0.0239369130135
bf16,4,64,16,64,4096,control_shuffle32_transform,1,2,100,11.0459434986,1048576,94.9286043453,524288,2909,true,1,0.0110459434986
bf16,4,64,16,64,4096,shuffle32_transform,1,3,100,11.3819420338,1048576,92.1262818673,524288,2909,true,1,0.0113819420338
bf16,4,64,16,64,4096,baseline_split,1,4,100,438.947181702,1720320,3.91919591175,524288,2909,true,1,0.438947181702
bf16,4,64,16,64,4096,control_optimized_split,1,5,100,380.758171082,1720320,4.5181433536,524288,2909,true,1,0.380758171082
bf16,4,64,16,64,4096,optimized_split,1,6,100,162.301025391,1720320,10.5995633475,524288,2909,true,1,0.162301025391
bf16,4,64,16,64,4096,control_shuffle32_split,1,7,100,250.698299408,1720320,6.86211276288,524288,2909,true,1,0.250698299408
bf16,4,64,16,64,4096,shuffle32_split,1,8,100,73.0879974365,1720320,23.5376540655,524288,2909,true,1,0.0730879974365
bf16,4,64,16,64,4096,baseline_fused,1,9,100,429.839096069,671744,1.56278013364,524288,2909,true,1,0.429839096069
bf16,4,64,16,64,4096,control_optimized_fused,1,10,100,370.933494568,671744,1.81095535948,524288,2909,true,1,0.370933494568
bf16,4,64,16,64,4096,optimized_fused,1,11,100,148.429946899,671744,4.52566354723,524288,2909,true,1,0.148429946899
bf16,4,64,16,64,4096,control_shuffle32_fused,1,12,100,247.780799866,671744,2.71104137352,524288,2909,true,1,0.247780799866
bf16,4,64,16,64,4096,shuffle32_fused,1,13,100,66.9177150726,671744,10.0383582923,524288,2909,true,1,0.0669177150726
bf16,4,64,16,64,4096,baseline_transform,1,14,100,23.6326861382,1048576,44.3697340992,524288,2909,true,1,0.0236326861382
bf16,4,64,16,64,4096,optimized_transform,2,0,100,23.9933729172,1048576,43.702734235,524288,2909,true,1,0.0239933729172
bf16,4,64,16,64,4096,control_shuffle32_transform,2,1,100,11.2532567978,1048576,93.1797806486,524288,2909,true,1,0.0112532567978
bf16,4,64,16,64,4096,shuffle32_transform,2,2,100,10.8235430717,1048576,96.8791820801,524288,2909,true,1,0.0108235430717
bf16,4,64,16,64,4096,baseline_split,2,3,100,437.551994324,1720320,3.93169274125,524288,2909,true,1,0.437551994324
bf16,4,64,16,64,4096,control_optimized_split,2,4,100,381.251869202,1720320,4.51229263112,524288,2909,true,1,0.381251869202
bf16,4,64,16,64,4096,optimized_split,2,5,100,161.620807648,1720320,10.6441740085,524288,2909,true,1,0.161620807648
bf16,4,64,16,64,4096,control_shuffle32_split,2,6,100,249.581489563,1720320,6.89281886654,524288,2909,true,1,0.249581489563
bf16,4,64,16,64,4096,shuffle32_split,2,7,100,72.5305128098,1720320,23.7185693766,524288,2909,true,1,0.0725305128098
bf16,4,64,16,64,4096,baseline_fused,2,8,100,428.928222656,671744,1.56609885878,524288,2909,true,1,0.428928222656
bf16,4,64,16,64,4096,control_optimized_fused,2,9,100,371.883430481,671744,1.80632947032,524288,2909,true,1,0.371883430481
bf16,4,64,16,64,4096,optimized_fused,2,10,100,148.495311737,671744,4.52367143543,524288,2909,true,1,0.148495311737
bf16,4,64,16,64,4096,control_shuffle32_fused,2,11,100,249.86787796,671744,2.68839678587,524288,2909,true,1,0.24986787796
bf16,4,64,16,64,4096,shuffle32_fused,2,12,100,64.4285678864,671744,10.4261823914,524288,2909,true,1,0.0644285678864
bf16,4,64,16,64,4096,baseline_transform,2,13,100,22.7339434624,1048576,46.1238060935,524288,2909,true,1,0.0227339434624
bf16,4,64,16,64,4096,control_optimized_transform,2,14,100,23.8836574554,1048576,43.9034935062,524288,2909,true,1,0.0238836574554
bf16,4,64,16,64,4096,control_shuffle32_transform,3,0,100,11.2815999985,1048576,92.9456814762,524288,2909,true,1,0.0112815999985
bf16,4,64,16,64,4096,shuffle32_transform,3,1,100,11.1344003677,1048576,94.1744472418,524288,2909,true,1,0.0111344003677
bf16,4,64,16,64,4096,baseline_split,3,2,100,437.664451599,1720320,3.93068249823,524288,2909,true,1,0.437664451599
bf16,4,64,16,64,4096,control_optimized_split,3,3,100,381.291885376,1720320,4.51181907085,524288,2909,true,1,0.381291885376
bf16,4,64,16,64,4096,optimized_split,3,4,100,162.194976807,1720320,10.606493702,524288,2909,true,1,0.162194976807
bf16,4,64,16,64,4096,control_shuffle32_split,3,5,100,250.280227661,1720320,6.87357533624,524288,2909,true,1,0.250280227661
bf16,4,64,16,64,4096,shuffle32_split,3,6,100,71.2029743195,1720320,24.1607884564,524288,2909,true,1,0.0712029743195
bf16,4,64,16,64,4096,baseline_fused,3,7,100,428.924331665,671744,1.56611306566,524288,2909,true,1,0.428924331665
bf16,4,64,16,64,4096,control_optimized_fused,3,8,100,372.080001831,671744,1.80537517925,524288,2909,true,1,0.372080001831
bf16,4,64,16,64,4096,optimized_fused,3,9,100,148.0742836,671744,4.53653385091,524288,2909,true,1,0.1480742836
bf16,4,64,16,64,4096,control_shuffle32_fused,3,10,100,246.818294525,671744,2.72161349017,524288,2909,true,1,0.246818294525
bf16,4,64,16,64,4096,shuffle32_fused,3,11,100,67.2203445435,671744,9.99316508361,524288,2909,true,1,0.0672203445435
bf16,4,64,16,64,4096,baseline_transform,3,12,100,22.756114006,1048576,46.0788691655,524288,2909,true,1,0.022756114006
bf16,4,64,16,64,4096,control_optimized_transform,3,13,100,23.915886879,1048576,43.8443284711,524288,2909,true,1,0.023915886879
bf16,4,64,16,64,4096,optimized_transform,3,14,100,23.9579415321,1048576,43.7673661818,524288,2909,true,1,0.0239579415321
bf16,4,64,16,64,4096,shuffle32_transform,4,0,100,10.9915423393,1048576,95.3984406946,524288,2909,true,1,0.0109915423393
bf16,4,64,16,64,4096,baseline_split,4,1,100,437.78263092,1720320,3.92962141139,524288,2909,true,1,0.43778263092
bf16,4,64,16,64,4096,control_optimized_split,4,2,100,381.566619873,1720320,4.5085704839,524288,2909,true,1,0.381566619873
bf16,4,64,16,64,4096,optimized_split,4,3,100,161.959075928,1720320,10.6219425503,524288,2909,true,1,0.161959075928
bf16,4,64,16,64,4096,control_shuffle32_split,4,4,100,250.228118896,1720320,6.87500672421,524288,2909,true,1,0.250228118896
bf16,4,64,16,64,4096,shuffle32_split,4,5,100,72.3378276825,1720320,23.7817481547,524288,2909,true,1,0.0723378276825
bf16,4,64,16,64,4096,baseline_fused,4,6,100,430.800476074,671744,1.55929261295,524288,2909,true,1,0.430800476074
bf16,4,64,16,64,4096,control_optimized_fused,4,7,100,373.206634521,671744,1.79992512958,524288,2909,true,1,0.373206634521
bf16,4,64,16,64,4096,optimized_fused,4,8,100,148.553142548,671744,4.52191039839,524288,2909,true,1,0.148553142548
bf16,4,64,16,64,4096,control_shuffle32_fused,4,9,100,247.020568848,671744,2.71938488011,524288,2909,true,1,0.247020568848
bf16,4,64,16,64,4096,shuffle32_fused,4,10,100,66.9092607498,671744,10.0396266895,524288,2909,true,1,0.0669092607498
bf16,4,64,16,64,4096,baseline_transform,4,11,100,22.7417135239,1048576,46.1080471751,524288,2909,true,1,0.0227417135239
bf16,4,64,16,64,4096,control_optimized_transform,4,12,100,23.9515423775,1048576,43.7790595476,524288,2909,true,1,0.0239515423775
bf16,4,64,16,64,4096,optimized_transform,4,13,100,24.0016007423,1048576,43.6877527985,524288,2909,true,1,0.0240016007423
bf16,4,64,16,64,4096,control_shuffle32_transform,4,14,100,11.3885712624,1048576,92.0726556338,524288,2909,true,1,0.0113885712624
bf16,16,64,16,64,16384,baseline_transform,0,0,100,68.1213712692,4194304,61.5710447669,2097152,2909,true,1,0.0681213712692
bf16,16,64,16,64,16384,control_optimized_transform,0,1,100,73.9131450653,4194304,56.7463878894,2097152,2909,true,1,0.0739131450653
bf16,16,64,16,64,16384,optimized_transform,0,2,100,73.9503955841,4194304,56.7178034258,2097152,2909,true,1,0.0739503955841
bf16,16,64,16,64,16384,control_shuffle32_transform,0,3,100,21.2514281273,4194304,197.365747604,2097152,2909,true,1,0.0212514281273
bf16,16,64,16,64,16384,shuffle32_transform,0,4,100,21.3069725037,4194304,196.851241972,2097152,2909,true,1,0.0213069725037
bf16,16,64,16,64,16384,baseline_split,0,5,100,1548.34655762,6881280,4.44427635799,2097152,2909,true,1,1.54834655762
bf16,16,64,16,64,16384,control_optimized_split,0,6,100,1361.06948853,6881280,5.05578889103,2097152,2909,true,1,1.36106948853
bf16,16,64,16,64,16384,optimized_split,0,7,100,576.563873291,6881280,11.9349829547,2097152,2909,true,1,0.576563873291
bf16,16,64,16,64,16384,control_shuffle32_split,0,8,100,851.752471924,6881280,8.07896686752,2097152,2909,true,1,0.851752471924
bf16,16,64,16,64,16384,shuffle32_split,0,9,100,228.768234253,6881280,30.0797006301,2097152,2909,true,1,0.228768234253
bf16,16,64,16,64,16384,baseline_fused,0,10,100,1525.98358154,2686976,1.7608157994,2097152,2909,true,1,1.52598358154
bf16,16,64,16,64,16384,control_optimized_fused,0,11,100,1333.91326904,2686976,2.01435585233,2097152,2909,true,1,1.33391326904
bf16,16,64,16,64,16384,optimized_fused,0,12,100,544.632911682,2686976,4.9335542204,2097152,2909,true,1,0.544632911682
bf16,16,64,16,64,16384,control_shuffle32_fused,0,13,100,867.045974731,2686976,3.09900060471,2097152,2909,true,1,0.867045974731
bf16,16,64,16,64,16384,shuffle32_fused,0,14,100,211.951541901,2686976,12.677312823,2097152,2909,true,1,0.211951541901
bf16,16,64,16,64,16384,control_optimized_transform,1,0,100,73.891658783,4194304,56.7628886546,2097152,2909,true,1,0.073891658783
bf16,16,64,16,64,16384,optimized_transform,1,1,100,73.9444541931,4194304,56.7223606661,2097152,2909,true,1,0.0739444541931
bf16,16,64,16,64,16384,control_shuffle32_transform,1,2,100,21.1915421486,4194304,197.923490919,2097152,2909,true,1,0.0211915421486
bf16,16,64,16,64,16384,shuffle32_transform,1,3,100,21.2950873375,4194304,196.961108143,2097152,2909,true,1,0.0212950873375
bf16,16,64,16,64,16384,baseline_split,1,4,100,1548.49212646,6881280,4.44385856563,2097152,2909,true,1,1.54849212646
bf16,16,64,16,64,16384,control_optimized_split,1,5,100,1360.98144531,6881280,5.05611595492,2097152,2909,true,1,1.36098144531
bf16,16,64,16,64,16384,optimized_split,1,6,100,576.503982544,6881280,11.9362228334,2097152,2909,true,1,0.576503982544
bf16,16,64,16,64,16384,control_shuffle32_split,1,7,100,851.808242798,6881280,8.07843790922,2097152,2909,true,1,0.851808242798
bf16,16,64,16,64,16384,shuffle32_split,1,8,100,228.708114624,6881280,30.0876075661,2097152,2909,true,1,0.228708114624
bf16,16,64,16,64,16384,baseline_fused,1,9,100,1525.91842651,2686976,1.76089098428,2097152,2909,true,1,1.52591842651
bf16,16,64,16,64,16384,control_optimized_fused,1,10,100,1333.61495972,2686976,2.01480643301,2097152,2909,true,1,1.33361495972
bf16,16,64,16,64,16384,optimized_fused,1,11,100,544.602508545,2686976,4.93382964243,2097152,2909,true,1,0.544602508545
bf16,16,64,16,64,16384,control_shuffle32_fused,1,12,100,867.024688721,2686976,3.09907668715,2097152,2909,true,1,0.867024688721
bf16,16,64,16,64,16384,shuffle32_fused,1,13,100,211.835899353,2686976,12.6842334477,2097152,2909,true,1,0.211835899353
bf16,16,64,16,64,16384,baseline_transform,1,14,100,68.1888008118,4194304,61.510159294,2097152,2909,true,1,0.0681888008118
bf16,16,64,16,64,16384,optimized_transform,2,0,100,73.8925743103,4194304,56.7621853637,2097152,2909,true,1,0.0738925743103
bf16,16,64,16,64,16384,control_shuffle32_transform,2,1,100,21.379430294,4194304,196.184086401,2097152,2909,true,1,0.021379430294
bf16,16,64,16,64,16384,shuffle32_transform,2,2,100,21.2461709976,4194304,197.414583572,2097152,2909,true,1,0.0212461709976
bf16,16,64,16,64,16384,baseline_split,2,3,100,1548.48449707,6881280,4.44388046055,2097152,2909,true,1,1.54848449707
bf16,16,64,16,64,16384,control_optimized_split,2,4,100,1361.06445312,6881280,5.05580759545,2097152,2909,true,1,1.36106445313
bf16,16,64,16,64,16384,optimized_split,2,5,100,576.496009827,6881280,11.9363879068,2097152,2909,true,1,0.576496009827
bf16,16,64,16,64,16384,control_shuffle32_split,2,6,100,851.789016724,6881280,8.0786202509,2097152,2909,true,1,0.851789016724
bf16,16,64,16,64,16384,shuffle32_split,2,7,100,228.734169006,6881280,30.0841803824,2097152,2909,true,1,0.228734169006
bf16,16,64,16,64,16384,baseline_fused,2,8,100,1525.99411011,2686976,1.76080365068,2097152,2909,true,1,1.52599411011
bf16,16,64,16,64,16384,control_optimized_fused,2,9,100,1333.49258423,2686976,2.01499133312,2097152,2909,true,1,1.33349258423
bf16,16,64,16,64,16384,optimized_fused,2,10,100,544.559783936,2686976,4.93421673665,2097152,2909,true,1,0.544559783936
bf16,16,64,16,64,16384,control_shuffle32_fused,2,11,100,867.111740112,2686976,3.09876556354,2097152,2909,true,1,0.867111740112
bf16,16,64,16,64,16384,shuffle32_fused,2,12,100,211.838169098,2686976,12.6840975422,2097152,2909,true,1,0.211838169098
bf16,16,64,16,64,16384,baseline_transform,2,13,100,68.1499433517,4194304,61.5452309087,2097152,2909,true,1,0.0681499433517
bf16,16,64,16,64,16384,control_optimized_transform,2,14,100,73.8918876648,4194304,56.7627128302,2097152,2909,true,1,0.0738918876648
bf16,16,64,16,64,16384,control_shuffle32_transform,3,0,100,21.4246845245,4194304,195.769697108,2097152,2909,true,1,0.0214246845245
bf16,16,64,16,64,16384,shuffle32_transform,3,1,100,21.1757731438,4194304,198.070878996,2097152,2909,true,1,0.0211757731438
bf16,16,64,16,64,16384,baseline_split,3,2,100,1548.43566895,6881280,4.44402059318,2097152,2909,true,1,1.54843566895
bf16,16,64,16,64,16384,control_optimized_split,3,3,100,1361.18560791,6881280,5.05535759415,2097152,2909,true,1,1.36118560791
bf16,16,64,16,64,16384,optimized_split,3,4,100,576.622200012,6881280,11.9337757025,2097152,2909,true,1,0.576622200012
bf16,16,64,16,64,16384,control_shuffle32_split,3,5,100,851.894607544,6881280,8.0776189203,2097152,2909,true,1,0.851894607544
bf16,16,64,16,64,16384,shuffle32_split,3,6,100,228.669719696,6881280,30.0926594441,2097152,2909,true,1,0.228669719696
bf16,16,64,16,64,16384,baseline_fused,3,7,100,1525.77056885,2686976,1.76106162674,2097152,2909,true,1,1.52577056885
bf16,16,64,16,64,16384,control_optimized_fused,3,8,100,1333.47229004,2686976,2.01502199939,2097152,2909,true,1,1.33347229004
bf16,16,64,16,64,16384,optimized_fused,3,9,100,544.533233643,2686976,4.93445731866,2097152,2909,true,1,0.544533233643
bf16,16,64,16,64,16384,control_shuffle32_fused,3,10,100,867.301712036,2686976,3.09808681651,2097152,2909,true,1,0.867301712036
bf16,16,64,16,64,16384,shuffle32_fused,3,11,100,211.86170578,2686976,12.682688408,2097152,2909,true,1,0.21186170578
bf16,16,64,16,64,16384,baseline_transform,3,12,100,68.1860542297,4194304,61.5126369663,2097152,2909,true,1,0.0681860542297
bf16,16,64,16,64,16384,control_optimized_transform,3,13,100,73.902630806,4194304,56.7544612994,2097152,2909,true,1,0.073902630806
bf16,16,64,16,64,16384,optimized_transform,3,14,100,73.9766836166,4194304,56.6976484339,2097152,2909,true,1,0.0739766836166
bf16,16,64,16,64,16384,shuffle32_transform,4,0,100,21.3312005997,4194304,196.627657239,2097152,2909,true,1,0.0213312005997
bf16,16,64,16,64,16384,baseline_split,4,1,100,1548.27545166,6881280,4.44448046542,2097152,2909,true,1,1.54827545166
bf16,16,64,16,64,16384,control_optimized_split,4,2,100,1360.94940186,6881280,5.05623500082,2097152,2909,true,1,1.36094940186
bf16,16,64,16,64,16384,optimized_split,4,3,100,576.46812439,6881280,11.9369653045,2097152,2909,true,1,0.57646812439
bf16,16,64,16,64,16384,control_shuffle32_split,4,4,100,851.851196289,6881280,8.07803056447,2097152,2909,true,1,0.851851196289
bf16,16,64,16,64,16384,shuffle32_split,4,5,100,228.679542542,6881280,30.091366825,2097152,2909,true,1,0.228679542542
bf16,16,64,16,64,16384,baseline_fused,4,6,100,1525.73913574,2686976,1.76109790793,2097152,2909,true,1,1.52573913574
bf16,16,64,16,64,16384,control_optimized_fused,4,7,100,1333.67797852,2686976,2.01471122961,2097152,2909,true,1,1.33367797852
bf16,16,64,16,64,16384,optimized_fused,4,8,100,544.498977661,2686976,4.93476775942,2097152,2909,true,1,0.544498977661
bf16,16,64,16,64,16384,control_shuffle32_fused,4,9,100,867.021942139,2686976,3.09908650451,2097152,2909,true,1,0.867021942139
bf16,16,64,16,64,16384,shuffle32_fused,4,10,100,212.11063385,2686976,12.6678043021,2097152,2909,true,1,0.21211063385
bf16,16,64,16,64,16384,baseline_transform,4,11,100,68.1375980377,4194304,61.5563818037,2097152,2909,true,1,0.0681375980377
bf16,16,64,16,64,16384,control_optimized_transform,4,12,100,73.8484573364,4194304,56.7960950205,2097152,2909,true,1,0.0738484573364
bf16,16,64,16,64,16384,optimized_transform,4,13,100,73.8957691193,4194304,56.7597313079,2097152,2909,true,1,0.0738957691193
bf16,16,64,16,64,16384,control_shuffle32_transform,4,14,100,21.2758851051,4194304,197.13887245,2097152,2909,true,1,0.0212758851051
bf16,1,1,1,128,1,baseline_transform,0,0,100,9.34857130051,512,0.0547677269116,256,2909,true,1,0.00934857130051
bf16,1,1,1,128,1,control_optimized_transform,0,1,100,9.60937142372,512,0.0532813206425,256,2909,true,1,0.00960937142372
bf16,1,1,1,128,1,optimized_transform,0,2,100,9.68777179718,512,0.0528501301144,256,2909,true,1,0.00968777179718
bf16,1,1,1,128,1,control_shuffle32_transform,0,3,100,9.06811416149,512,0.0564615741357,256,2909,true,1,0.00906811416149
bf16,1,1,1,128,1,shuffle32_transform,0,4,100,9.18605685234,512,0.0557366461181,256,2909,true,1,0.00918605685234
bf16,1,1,1,128,1,baseline_split,0,5,100,79.0443468094,836,0.0105763414304,256,2909,true,1,0.0790443468094
bf16,1,1,1,128,1,control_optimized_split,0,6,100,63.4658288956,836,0.0131724427861,256,2909,true,1,0.0634658288956
bf16,1,1,1,128,1,optimized_split,0,7,100,33.8159990311,836,0.0247220257852,256,2909,true,1,0.0338159990311
bf16,1,1,1,128,1,control_shuffle32_split,0,8,100,161.234073639,836,0.0051850082376,256,2909,true,1,0.161234073639
bf16,1,1,1,128,1,shuffle32_split,0,9,100,45.341258049,836,0.0184379533337,256,2909,true,1,0.045341258049
bf16,1,1,1,128,1,baseline_fused,0,10,100,74.5748567581,324,0.00434462785562,256,2909,true,1,0.0745748567581
bf16,1,1,1,128,1,control_optimized_fused,0,11,100,58.1826257706,324,0.00556867270442,256,2909,true,1,0.0581826257706
bf16,1,1,1,128,1,optimized_fused,0,12,100,28.9252567291,324,0.0112012834677,256,2909,true,1,0.0289252567291
bf16,1,1,1,128,1,control_shuffle32_fused,0,13,100,157.18536377,324,0.00206126061759,256,2909,true,1,0.15718536377
bf16,1,1,1,128,1,shuffle32_fused,0,14,100,40.8601140976,324,0.00792949327616,256,2909,true,1,0.0408601140976
bf16,1,1,1,128,1,control_optimized_transform,1,0,100,9.71017122269,512,0.0527282154205,256,2909,true,1,0.00971017122269
bf16,1,1,1,128,1,optimized_transform,1,1,100,9.63154315948,512,0.0531586674661,256,2909,true,1,0.00963154315948
bf16,1,1,1,128,1,control_shuffle32_transform,1,2,100,9.09874260426,512,0.0562715115999,256,2909,true,1,0.00909874260426
bf16,1,1,1,128,1,shuffle32_transform,1,3,100,9.13325667381,512,0.0560588646838,256,2909,true,1,0.00913325667381
bf16,1,1,1,128,1,baseline_split,1,4,100,79.0507459641,836,0.010575485276,256,2909,true,1,0.0790507459641
bf16,1,1,1,128,1,control_optimized_split,1,5,100,63.5462856293,836,0.0131557649943,256,2909,true,1,0.0635462856293
bf16,1,1,1,128,1,optimized_split,1,6,100,33.952229023,836,0.0246228310793,256,2909,true,1,0.033952229023
bf16,1,1,1,128,1,control_shuffle32_split,1,7,100,161.270637512,836,0.00518383267343,256,2909,true,1,0.161270637512
bf16,1,1,1,128,1,shuffle32_split,1,8,100,46.1954307556,836,0.0180970279165,256,2909,true,1,0.0461954307556
bf16,1,1,1,128,1,baseline_fused,1,9,100,74.5277690887,324,0.00434737285124,256,2909,true,1,0.0745277690887
bf16,1,1,1,128,1,control_optimized_fused,1,10,100,58.1775999069,324,0.00556915377256,256,2909,true,1,0.0581775999069
bf16,1,1,1,128,1,optimized_fused,1,11,100,28.8473129272,324,0.0112315486998,256,2909,true,1,0.0288473129272
bf16,1,1,1,128,1,control_shuffle32_fused,1,12,100,157.18331337,324,0.002061287506,256,2909,true,1,0.15718331337
bf16,1,1,1,128,1,shuffle32_fused,1,13,100,40.8717727661,324,0.00792723138911,256,2909,true,1,0.0408717727661
bf16,1,1,1,128,1,baseline_transform,1,14,100,9.28502857685,512,0.0551425335703,256,2909,true,1,0.00928502857685
bf16,1,1,1,128,1,optimized_transform,2,0,100,9.6509718895,512,0.0530516517779,256,2909,true,1,0.0096509718895
bf16,1,1,1,128,1,control_shuffle32_transform,2,1,100,8.98788571358,512,0.0569655663541,256,2909,true,1,0.00898788571358
bf16,1,1,1,128,1,shuffle32_transform,2,2,100,9.06080007553,512,0.0565071512153,256,2909,true,1,0.00906080007553
bf16,1,1,1,128,1,baseline_split,2,3,100,79.0500545502,836,0.0105755777748,256,2909,true,1,0.0790500545502
bf16,1,1,1,128,1,control_optimized_split,2,4,100,63.4475421906,836,0.0131762393173,256,2909,true,1,0.0634475421906
bf16,1,1,1,128,1,optimized_split,2,5,100,34.007999897,836,0.0245824512624,256,2909,true,1,0.034007999897
bf16,1,1,1,128,1,control_shuffle32_split,2,6,100,161.287765503,836,0.00518328217514,256,2909,true,1,0.161287765503
bf16,1,1,1,128,1,shuffle32_split,2,7,100,45.46833992,836,0.0183864201216,256,2909,true,1,0.04546833992
bf16,1,1,1,128,1,baseline_fused,2,8,100,74.5796537399,324,0.00434434840808,256,2909,true,1,0.0745796537399
bf16,1,1,1,128,1,control_optimized_fused,2,9,100,58.1789731979,324,0.00556902231495,256,2909,true,1,0.0581789731979
bf16,1,1,1,128,1,optimized_fused,2,10,100,28.9119982719,324,0.0112064201496,256,2909,true,1,0.0289119982719
bf16,1,1,1,128,1,control_shuffle32_fused,2,11,100,157.181940079,324,0.00206130551536,256,2909,true,1,0.157181940079
bf16,1,1,1,128,1,shuffle32_fused,2,12,100,40.8857107162,324,0.00792452899373,256,2909,true,1,0.0408857107162
bf16,1,1,1,128,1,baseline_transform,2,13,100,9.28937137127,512,0.0551167543569,256,2909,true,1,0.00928937137127
bf16,1,1,1,128,1,control_optimized_transform,2,14,100,9.66742873192,512,0.0529613420691,256,2909,true,1,0.00966742873192
bf16,1,1,1,128,1,control_shuffle32_transform,3,0,100,8.98079991341,512,0.0570105118627,256,2909,true,1,0.00898079991341
bf16,1,1,1,128,1,shuffle32_transform,3,1,100,9.10788595676,512,0.0562150209643,256,2909,true,1,0.00910788595676
bf16,1,1,1,128,1,baseline_split,3,2,100,79.12296772,836,0.0105658321988,256,2909,true,1,0.07912296772
bf16,1,1,1,128,1,control_optimized_split,3,3,100,63.4338283539,836,0.0131790879046,256,2909,true,1,0.0634338283539
bf16,1,1,1,128,1,optimized_split,3,4,100,33.9017128944,836,0.0246595209688,256,2909,true,1,0.0339017128944
bf16,1,1,1,128,1,control_shuffle32_split,3,5,100,161.94858551,836,0.00516213215056,256,2909,true,1,0.16194858551
bf16,1,1,1,128,1,shuffle32_split,3,6,100,45.4374885559,836,0.0183989042214,256,2909,true,1,0.0454374885559
bf16,1,1,1,128,1,baseline_fused,3,7,100,74.5755434036,324,0.00434458785297,256,2909,true,1,0.0745755434036
bf16,1,1,1,128,1,control_optimized_fused,3,8,100,58.1837701797,324,0.0055685631749,256,2909,true,1,0.0581837701797
bf16,1,1,1,128,1,optimized_fused,3,9,100,28.918170929,324,0.0112040281108,256,2909,true,1,0.028918170929
bf16,1,1,1,128,1,control_shuffle32_fused,3,10,100,157.181940079,324,0.00206130551536,256,2909,true,1,0.157181940079
bf16,1,1,1,128,1,shuffle32_fused,3,11,100,40.8889102936,324,0.00792390889544,256,2909,true,1,0.0408889102936
bf16,1,1,1,128,1,baseline_transform,3,12,100,9.38399970531,512,0.0545609565301,256,2909,true,1,0.00938399970531
bf16,1,1,1,128,1,control_optimized_transform,3,13,100,9.61531400681,512,0.0532483910185,256,2909,true,1,0.00961531400681
bf16,1,1,1,128,1,optimized_transform,3,14,100,9.64914262295,512,0.0530617092116,256,2909,true,1,0.00964914262295
bf16,1,1,1,128,1,shuffle32_transform,4,0,100,9.05120015144,512,0.0565670840809,256,2909,true,1,0.00905120015144
bf16,1,1,1,128,1,baseline_split,4,1,100,79.0530252457,836,0.0105751803603,256,2909,true,1,0.0790530252457
bf16,1,1,1,128,1,control_optimized_split,4,2,100,63.5010290146,836,0.0131651409902,256,2909,true,1,0.0635010290146
bf16,1,1,1,128,1,optimized_split,4,3,100,33.9520001411,836,0.0246229970701,256,2909,true,1,0.0339520001411
bf16,1,1,1,128,1,control_shuffle32_split,4,4,100,161.295776367,836,0.00518302474391,256,2909,true,1,0.161295776367
bf16,1,1,1,128,1,shuffle32_split,4,5,100,45.5586290359,836,0.0183499815005,256,2909,true,1,0.0455586290359
bf16,1,1,1,128,1,baseline_fused,4,6,100,74.5794248581,324,0.00434436174074,256,2909,true,1,0.0745794248581
bf16,1,1,1,128,1,control_optimized_fused,4,7,100,58.1675434113,324,0.00557011661485,256,2909,true,1,0.0581675434113
bf16,1,1,1,128,1,optimized_fused,4,8,100,28.8720011711,324,0.011221944682,256,2909,true,1,0.0288720011711
bf16,1,1,1,128,1,control_shuffle32_fused,4,9,100,157.184915543,324,0.00206126649546,256,2909,true,1,0.157184915543
bf16,1,1,1,128,1,shuffle32_fused,4,10,100,40.8537149429,324,0.00793073531875,256,2909,true,1,0.0408537149429
bf16,1,1,1,128,1,baseline_transform,4,11,100,9.20022845268,512,0.055650792003,256,2909,true,1,0.00920022845268
bf16,1,1,1,128,1,control_optimized_transform,4,12,100,9.57279980183,512,0.0534848749164,256,2909,true,1,0.00957279980183
bf16,1,1,1,128,1,optimized_transform,4,13,100,9.58788573742,512,0.0534007198273,256,2909,true,1,0.00958788573742
bf16,1,1,1,128,1,control_shuffle32_transform,4,14,100,9.10422861576,512,0.0562376036025,256,2909,true,1,0.00910422861576
bf16,1,17,1,128,17,baseline_transform,0,0,100,9.53782856464,8704,0.912576687766,4352,2909,true,1,0.00953782856464
bf16,1,17,1,128,17,control_optimized_transform,0,1,100,9.69120025635,8704,0.898134366205,4352,2909,true,1,0.00969120025635
bf16,1,17,1,128,17,optimized_transform,0,2,100,9.77965772152,8704,0.890010698518,4352,2909,true,1,0.00977965772152
bf16,1,17,1,128,17,control_shuffle32_transform,0,3,100,9.14102911949,8704,0.952190380998,4352,2909,true,1,0.00914102911949
bf16,1,17,1,128,17,shuffle32_transform,0,4,100,9.27862882614,8704,0.938069639716,4352,2909,true,1,0.00927862882614
bf16,1,17,1,128,17,baseline_split,0,5,100,80.4128074646,14212,0.17673801535,4352,2909,true,1,0.0804128074646
bf16,1,17,1,128,17,control_optimized_split,0,6,100,64.6267414093,14212,0.219908967868,4352,2909,true,1,0.0646267414093
bf16,1,17,1,128,17,optimized_split,0,7,100,34.7380566597,14212,0.409119028713,4352,2909,true,1,0.0347380566597
bf16,1,17,1,128,17,control_shuffle32_split,0,8,100,163.260116577,14212,0.0870512670085,4352,2909,true,1,0.163260116577
bf16,1,17,1,128,17,shuffle32_split,0,9,100,45.4578256607,14212,0.312641438376,4352,2909,true,1,0.0454578256607
bf16,1,17,1,128,17,baseline_fused,0,10,100,75.647315979,5508,0.0728115720792,4352,2909,true,1,0.075647315979
bf16,1,17,1,128,17,control_optimized_fused,0,11,100,59.1988563538,5508,0.0930423379649,4352,2909,true,1,0.0591988563538
bf16,1,17,1,128,17,optimized_fused,0,12,100,29.3033146858,5508,0.187965083782,4352,2909,true,1,0.0293033146858
bf16,1,17,1,128,17,control_shuffle32_fused,0,13,100,158.864459991,5508,0.0346710648832,4352,2909,true,1,0.158864459991
bf16,1,17,1,128,17,shuffle32_fused,0,14,100,40.4393148422,5508,0.136204088064,4352,2909,true,1,0.0404393148422
bf16,1,17,1,128,17,control_optimized_transform,1,0,100,9.90948498249,8704,0.878350390094,4352,2909,true,1,0.00990948498249
bf16,1,17,1,128,17,optimized_transform,1,1,100,9.80434238911,8704,0.887769893641,4352,2909,true,1,0.00980434238911
bf16,1,17,1,128,17,control_shuffle32_transform,1,2,100,9.18697178364,8704,0.947428620114,4352,2909,true,1,0.00918697178364
bf16,1,17,1,128,17,shuffle32_transform,1,3,100,9.26422834396,8704,0.939527791937,4352,2909,true,1,0.00926422834396
bf16,1,17,1,128,17,baseline_split,1,4,100,80.4281139374,14212,0.176704379902,4352,2909,true,1,0.0804281139374
bf16,1,17,1,128,17,control_optimized_split,1,5,100,64.6246862411,14212,0.219915961324,4352,2909,true,1,0.0646246862411
bf16,1,17,1,128,17,optimized_split,1,6,100,34.7334861755,14212,0.409172863564,4352,2909,true,1,0.0347334861755
bf16,1,17,1,128,17,control_shuffle32_split,1,7,100,163.289356232,14212,0.0870356790423,4352,2909,true,1,0.163289356232
bf16,1,17,1,128,17,shuffle32_split,1,8,100,45.5396556854,14212,0.312079654229,4352,2909,true,1,0.0455396556854
bf16,1,17,1,128,17,baseline_fused,1,9,100,75.6454849243,5508,0.0728133345369,4352,2909,true,1,0.0756454849243
bf16,1,17,1,128,17,control_optimized_fused,1,10,100,59.1995429993,5508,0.0930412587825,4352,2909,true,1,0.0591995429993
bf16,1,17,1,128,17,optimized_fused,1,11,100,29.2852568626,5508,0.188080986478,4352,2909,true,1,0.0292852568626
bf16,1,17,1,128,17,control_shuffle32_fused,1,12,100,158.856458664,5508,0.0346728112053,4352,2909,true,1,0.158856458664
bf16,1,17,1,128,17,shuffle32_fused,1,13,100,40.4523420334,5508,0.136160225172,4352,2909,true,1,0.0404523420334
bf16,1,17,1,128,17,baseline_transform,1,14,100,9.67268586159,8704,0.899853476537,4352,2909,true,1,0.00967268586159
bf16,1,17,1,128,17,optimized_transform,2,0,100,9.90948498249,8704,0.878350390094,4352,2909,true,1,0.00990948498249
bf16,1,17,1,128,17,control_shuffle32_transform,2,1,100,9.16411399841,8704,0.949791763995,4352,2909,true,1,0.00916411399841
bf16,1,17,1,128,17,shuffle32_transform,2,2,100,9.1961145401,8704,0.946486688704,4352,2909,true,1,0.0091961145401
bf16,1,17,1,128,17,baseline_split,2,3,100,80.4443454742,14212,0.176668725642,4352,2909,true,1,0.0804443454742
bf16,1,17,1,128,17,control_optimized_split,2,4,100,64.6036577225,14212,0.219987544065,4352,2909,true,1,0.0646036577225
bf16,1,17,1,128,17,optimized_split,2,5,100,34.9049162865,14212,0.407163274175,4352,2909,true,1,0.0349049162865
bf16,1,17,1,128,17,control_shuffle32_split,2,6,100,163.268795013,14212,0.0870466398606,4352,2909,true,1,0.163268795013
bf16,1,17,1,128,17,shuffle32_split,2,7,100,45.5814886093,14212,0.311793239616,4352,2909,true,1,0.0455814886093
bf16,1,17,1,128,17,baseline_fused,2,8,100,75.5956602097,5508,0.0728613254349,4352,2909,true,1,0.0755956602097
bf16,1,17,1,128,17,control_optimized_fused,2,9,100,59.1462850571,5508,0.0931250372646,4352,2909,true,1,0.0591462850571
bf16,1,17,1,128,17,optimized_fused,2,10,100,29.2893719673,5508,0.188054561434,4352,2909,true,1,0.0292893719673
bf16,1,17,1,128,17,control_shuffle32_fused,2,11,100,158.812570572,5508,0.0346823930887,4352,2909,true,1,0.158812570572
bf16,1,17,1,128,17,shuffle32_fused,2,12,100,40.4107427597,5508,0.136300390041,4352,2909,true,1,0.0404107427597
bf16,1,17,1,128,17,baseline_transform,2,13,100,9.61782872677,8704,0.904985963804,4352,2909,true,1,0.00961782872677
bf16,1,17,1,128,17,control_optimized_transform,2,14,100,9.81028556824,8704,0.887232072854,4352,2909,true,1,0.00981028556824
bf16,1,17,1,128,17,control_shuffle32_transform,3,0,100,9.30674254894,8704,0.935235927525,4352,2909,true,1,0.00930674254894
bf16,1,17,1,128,17,shuffle32_transform,3,1,100,9.18171405792,8704,0.947971146247,4352,2909,true,1,0.00918171405792
bf16,1,17,1,128,17,baseline_split,3,2,100,80.4383945465,14212,0.176681795803,4352,2909,true,1,0.0804383945465
bf16,1,17,1,128,17,control_optimized_split,3,3,100,64.600687027,14212,0.219997660305,4352,2909,true,1,0.064600687027
bf16,1,17,1,128,17,optimized_split,3,4,100,34.735314846,14212,0.409151322307,4352,2909,true,1,0.034735314846
bf16,1,17,1,128,17,control_shuffle32_split,3,5,100,163.255996704,14212,0.0870534638048,4352,2909,true,1,0.163255996704
bf16,1,17,1,128,17,shuffle32_split,3,6,100,46.0678863525,14212,0.308501238612,4352,2909,true,1,0.0460678863525
bf16,1,17,1,128,17,baseline_fused,3,7,100,75.6539440155,5508,0.0728051930627,4352,2909,true,1,0.0756539440155
bf16,1,17,1,128,17,control_optimized_fused,3,8,100,59.1529178619,5508,0.0931145951727,4352,2909,true,1,0.0591529178619
bf16,1,17,1,128,17,optimized_fused,3,9,100,29.2724585533,5508,0.188163217994,4352,2909,true,1,0.0292724585533
bf16,1,17,1,128,17,control_shuffle32_fused,3,10,100,158.875656128,5508,0.0346686215764,4352,2909,true,1,0.158875656128
bf16,1,17,1,128,17,shuffle32_fused,3,11,100,40.4685735703,5508,0.136105612678,4352,2909,true,1,0.0404685735703
bf16,1,17,1,128,17,baseline_transform,3,12,100,9.60411429405,8704,0.906278260911,4352,2909,true,1,0.00960411429405
bf16,1,17,1,128,17,control_optimized_transform,3,13,100,9.87039983273,8704,0.88182851227,4352,2909,true,1,0.00987039983273
bf16,1,17,1,128,17,optimized_transform,3,14,100,9.87405776978,8704,0.88150183065,4352,2909,true,1,0.00987405776978
bf16,1,17,1,128,17,shuffle32_transform,4,0,100,9.27542865276,8704,0.938393288962,4352,2909,true,1,0.00927542865276
bf16,1,17,1,128,17,baseline_split,4,1,100,80.4372596741,14212,0.17668428857,4352,2909,true,1,0.0804372596741
bf16,1,17,1,128,17,control_optimized_split,4,2,100,64.6806812286,14212,0.219725576943,4352,2909,true,1,0.0646806812286
bf16,1,17,1,128,17,optimized_split,4,3,100,34.626057148,14212,0.410442342288,4352,2909,true,1,0.034626057148
bf16,1,17,1,128,17,control_shuffle32_split,4,4,100,163.201828003,14212,0.087082357924,4352,2909,true,1,0.163201828003
bf16,1,17,1,128,17,shuffle32_split,4,5,100,45.4294872284,14212,0.312836460789,4352,2909,true,1,0.0454294872284
bf16,1,17,1,128,17,baseline_fused,4,6,100,75.641374588,5508,0.0728172911981,4352,2909,true,1,0.075641374588
bf16,1,17,1,128,17,control_optimized_fused,4,7,100,59.1913127899,5508,0.0930541956309,4352,2909,true,1,0.0591913127899
bf16,1,17,1,128,17,optimized_fused,4,8,100,29.2676568031,5508,0.188194088685,4352,2909,true,1,0.0292676568031
bf16,1,17,1,128,17,control_shuffle32_fused,4,9,100,158.820114136,5508,0.0346807457605,4352,2909,true,1,0.158820114136
bf16,1,17,1,128,17,shuffle32_fused,4,10,100,40.4834270477,5508,0.136055675166,4352,2909,true,1,0.0404834270477
bf16,1,17,1,128,17,baseline_transform,4,11,100,9.43291425705,8704,0.922726504537,4352,2909,true,1,0.00943291425705
bf16,1,17,1,128,17,control_optimized_transform,4,12,100,9.75885748863,8704,0.891907685929,4352,2909,true,1,0.00975885748863
bf16,1,17,1,128,17,optimized_transform,4,13,100,9.80159938335,8704,0.888018338597,4352,2909,true,1,0.00980159938335
bf16,1,17,1,128,17,control_shuffle32_transform,4,14,100,9.14491415024,8704,0.951785862284,4352,2909,true,1,0.00914491415024
bf16,1,257,1,128,257,baseline_transform,0,0,100,9.84274327755,131584,13.3686307048,65792,2909,true,1,0.00984274327755
bf16,1,257,1,128,257,control_optimized_transform,0,1,100,9.93165791035,131584,13.248946066,65792,2909,true,1,0.00993165791035
bf16,1,257,1,128,257,optimized_transform,0,2,100,9.97737169266,131584,13.1882427611,65792,2909,true,1,0.00997737169266
bf16,1,257,1,128,257,control_shuffle32_transform,0,3,100,10.5247998238,131584,12.5022805377,65792,2909,true,1,0.0105247998238
bf16,1,257,1,128,257,shuffle32_transform,0,4,100,10.4107427597,131584,12.6392518802,65792,2909,true,1,0.0104107427597
bf16,1,257,1,128,257,baseline_split,0,5,100,81.8132591248,214852,2.6261268931,65792,2909,true,1,0.0818132591248
bf16,1,257,1,128,257,control_optimized_split,0,6,100,65.701713562,214852,3.27011257929,65792,2909,true,1,0.065701713562
bf16,1,257,1,128,257,optimized_split,0,7,100,35.07999897,214852,6.12462959829,65792,2909,true,1,0.03507999897
bf16,1,257,1,128,257,control_shuffle32_split,0,8,100,176.889591217,214852,1.21461075534,65792,2909,true,1,0.176889591217
bf16,1,257,1,128,257,shuffle32_split,0,9,100,51.5497159958,214852,4.16786001338,65792,2909,true,1,0.0515497159958
bf16,1,257,1,128,257,baseline_fused,0,10,100,76.7339420319,83268,1.08515212167,65792,2909,true,1,0.0767339420319
bf16,1,257,1,128,257,control_optimized_fused,0,11,100,60.2075433731,83268,1.38301606966,65792,2909,true,1,0.0602075433731
bf16,1,257,1,128,257,optimized_fused,0,12,100,29.4975996017,83268,2.82287376343,65792,2909,true,1,0.0294975996017
bf16,1,257,1,128,257,control_shuffle32_fused,0,13,100,171.211891174,83268,0.486344724241,65792,2909,true,1,0.171211891174
bf16,1,257,1,128,257,shuffle32_fused,0,14,100,44.8573684692,83268,1.85628365732,65792,2909,true,1,0.0448573684692
bf16,1,257,1,128,257,control_optimized_transform,1,0,100,10.0548577309,131584,13.086609828,65792,2909,true,1,0.0100548577309
bf16,1,257,1,128,257,optimized_transform,1,1,100,10.0176000595,131584,13.1352818258,65792,2909,true,1,0.0100176000595
bf16,1,257,1,128,257,control_shuffle32_transform,1,2,100,10.4397714138,131584,12.6041073874,65792,2909,true,1,0.0104397714138
bf16,1,257,1,128,257,shuffle32_transform,1,3,100,10.4438865185,131584,12.5991411116,65792,2909,true,1,0.0104438865185
bf16,1,257,1,128,257,baseline_split,1,4,100,81.8985176086,214852,2.6233930268,65792,2909,true,1,0.0818985176086
bf16,1,257,1,128,257,control_optimized_split,1,5,100,65.7344007492,214852,3.26848647818,65792,2909,true,1,0.0657344007492
bf16,1,257,1,128,257,optimized_split,1,6,100,35.1323413849,214852,6.11550473241,65792,2909,true,1,0.0351323413849
bf16,1,257,1,128,257,control_shuffle32_split,1,7,100,177.524356842,214852,1.21026772789,65792,2909,true,1,0.177524356842
bf16,1,257,1,128,257,shuffle32_split,1,8,100,51.6116571426,214852,4.1628580033,65792,2909,true,1,0.0516116571426
bf16,1,257,1,128,257,baseline_fused,1,9,100,76.7737150192,83268,1.08458995346,65792,2909,true,1,0.0767737150192
bf16,1,257,1,128,257,control_optimized_fused,1,10,100,60.1654863358,83268,1.38398282921,65792,2909,true,1,0.0601654863358
bf16,1,257,1,128,257,optimized_fused,1,11,100,29.5465135574,83268,2.81820052434,65792,2909,true,1,0.0295465135574
bf16,1,257,1,128,257,control_shuffle32_fused,1,12,100,171.169834137,83268,0.486464220871,65792,2909,true,1,0.171169834137
bf16,1,257,1,128,257,shuffle32_fused,1,13,100,44.8578262329,83268,1.85626471438,65792,2909,true,1,0.0448578262329
bf16,1,257,1,128,257,baseline_transform,1,14,100,10.039999485,131584,13.1059767679,65792,2909,true,1,0.010039999485
bf16,1,257,1,128,257,optimized_transform,2,0,100,9.99062895775,131584,13.1707423583,65792,2909,true,1,0.00999062895775
bf16,1,257,1,128,257,control_shuffle32_transform,2,1,100,10.4818284512,131584,12.5535349689,65792,2909,true,1,0.0104818284512
bf16,1,257,1,128,257,shuffle32_transform,2,2,100,10.5958867073,131584,12.4184038236,65792,2909,true,1,0.0105958867073
bf16,1,257,1,128,257,baseline_split,2,3,100,81.8390846252,214852,2.62529818098,65792,2909,true,1,0.0818390846252
bf16,1,257,1,128,257,control_optimized_split,2,4,100,65.8219432831,214852,3.26413942347,65792,2909,true,1,0.0658219432831
bf16,1,257,1,128,257,optimized_split,2,5,100,35.2381706238,214852,6.0971383076,65792,2909,true,1,0.0352381706238
bf16,1,257,1,128,257,control_shuffle32_split,2,6,100,177.55405426,214852,1.21006530037,65792,2909,true,1,0.17755405426
bf16,1,257,1,128,257,shuffle32_split,2,7,100,51.6395425797,214852,4.16061005321,65792,2909,true,1,0.0516395425797
bf16,1,257,1,128,257,baseline_fused,2,8,100,76.7819452286,83268,1.08447369694,65792,2909,true,1,0.0767819452286
bf16,1,257,1,128,257,control_optimized_fused,2,9,100,60.2203416824,83268,1.38272214461,65792,2909,true,1,0.0602203416824
bf16,1,257,1,128,257,optimized_fused,2,10,100,29.5291423798,83268,2.81985839376,65792,2909,true,1,0.0295291423798
bf16,1,257,1,128,257,control_shuffle32_fused,2,11,100,171.225147247,83268,0.486307071938,65792,2909,true,1,0.171225147247
bf16,1,257,1,128,257,shuffle32_fused,2,12,100,44.8633146286,83268,1.8560376265,65792,2909,true,1,0.0448633146286
bf16,1,257,1,128,257,baseline_transform,2,13,100,10.0009143353,131584,13.1571969911,65792,2909,true,1,0.0100009143353
bf16,1,257,1,128,257,control_optimized_transform,2,14,100,9.93302881718,131584,13.2471175129,65792,2909,true,1,0.00993302881718
bf16,1,257,1,128,257,control_shuffle32_transform,3,0,100,10.5510866642,131584,12.4711325182,65792,2909,true,1,0.0105510866642
bf16,1,257,1,128,257,shuffle32_transform,3,1,100,10.5398857594,131584,12.4843857898,65792,2909,true,1,0.0105398857594
bf16,1,257,1,128,257,baseline_split,3,2,100,81.77942276,214852,2.62721345723,65792,2909,true,1,0.08177942276
bf16,1,257,1,128,257,control_optimized_split,3,3,100,65.7474279404,214852,3.26783886048,65792,2909,true,1,0.0657474279404
bf16,1,257,1,128,257,optimized_split,3,4,100,35.1933717728,214852,6.10489956425,65792,2909,true,1,0.0351933717728
bf16,1,257,1,128,257,control_shuffle32_split,3,5,100,176.931438446,214852,1.21432347969,65792,2909,true,1,0.176931438446
bf16,1,257,1,128,257,shuffle32_split,3,6,100,52.2292613983,214852,4.11363274624,65792,2909,true,1,0.0522292613983
bf16,1,257,1,128,257,baseline_fused,3,7,100,76.7730283737,83268,1.08459965386,65792,2909,true,1,0.0767730283737
bf16,1,257,1,128,257,control_optimized_fused,3,8,100,60.2130270004,83268,1.38289011777,65792,2909,true,1,0.0602130270004
bf16,1,257,1,128,257,optimized_fused,3,9,100,29.5051431656,83268,2.82215204084,65792,2909,true,1,0.0295051431656
bf16,1,257,1,128,257,control_shuffle32_fused,3,10,100,171.215782166,83268,0.486333671738,65792,2909,true,1,0.171215782166
bf16,1,257,1,128,257,shuffle32_fused,3,11,100,44.8171424866,83268,1.85794977948,65792,2909,true,1,0.0448171424866
bf16,1,257,1,128,257,baseline_transform,3,12,100,9.93897080421,131584,13.2391977592,65792,2909,true,1,0.00993897080421
bf16,1,257,1,128,257,control_optimized_transform,3,13,100,9.95062887669,131584,13.2236868273,65792,2909,true,1,0.00995062887669
bf16,1,257,1,128,257,optimized_transform,3,14,100,10.0642287731,131584,13.074424575,65792,2909,true,1,0.0100642287731
bf16,1,257,1,128,257,shuffle32_transform,4,0,100,10.5074286461,131584,12.5229496609,65792,2909,true,1,0.0105074286461
bf16,1,257,1,128,257,baseline_split,4,1,100,81.8153095245,214852,2.62606107889,65792,2909,true,1,0.0818153095245
bf16,1,257,1,128,257,control_optimized_split,4,2,100,65.7337141037,214852,3.26852062035,65792,2909,true,1,0.0657337141037
bf16,1,257,1,128,257,optimized_split,4,3,100,35.1124572754,214852,6.11896792967,65792,2909,true,1,0.0351124572754
bf16,1,257,1,128,257,control_shuffle32_split,4,4,100,176.900119781,214852,1.21453846535,65792,2909,true,1,0.176900119781
bf16,1,257,1,128,257,shuffle32_split,4,5,100,51.6006851196,214852,4.16374316546,65792,2909,true,1,0.0516006851196
bf16,1,257,1,128,257,baseline_fused,4,6,100,76.7837715149,83268,1.08444790295,65792,2909,true,1,0.0767837715149
bf16,1,257,1,128,257,control_optimized_fused,4,7,100,60.2080011368,83268,1.38300555454,65792,2909,true,1,0.0602080011368
bf16,1,257,1,128,257,optimized_fused,4,8,100,29.5412564278,83268,2.81870204822,65792,2909,true,1,0.0295412564278
bf16,1,257,1,128,257,control_shuffle32_fused,4,9,100,171.216220856,83268,0.486332425654,65792,2909,true,1,0.171216220856
bf16,1,257,1,128,257,shuffle32_fused,4,10,100,44.8185157776,83268,1.85789284976,65792,2909,true,1,0.0448185157776
bf16,1,257,1,128,257,baseline_transform,4,11,100,10.0537145138,131584,13.0880979184,65792,2909,true,1,0.0100537145138
bf16,1,257,1,128,257,control_optimized_transform,4,12,100,9.91428613663,131584,13.2721608179,65792,2909,true,1,0.00991428613663
bf16,1,257,1,128,257,optimized_transform,4,13,100,10.1328003407,131584,12.9859461922,65792,2909,true,1,0.0101328003407
bf16,1,257,1,128,257,control_shuffle32_transform,4,14,100,10.4502856731,131584,12.5914261213,65792,2909,true,1,0.0104502856731
bf16,4,64,16,128,4096,baseline_transform,0,0,100,25.9455990791,2097152,80.8288139196,1048576,2909,true,1,0.0259455990791
bf16,4,64,16,128,4096,control_optimized_transform,0,1,100,27.8354287148,2097152,75.3411065262,1048576,2909,true,1,0.0278354287148
bf16,4,64,16,128,4096,optimized_transform,0,2,100,27.7954292297,2097152,75.4495274265,1048576,2909,true,1,0.0277954292297
bf16,4,64,16,128,4096,control_shuffle32_transform,0,3,100,15.7051432133,2097152,133.532816067,1048576,2909,true,1,0.0157051432133
bf16,4,64,16,128,4096,shuffle32_transform,0,4,100,15.8530282974,2097152,132.287154268,1048576,2909,true,1,0.0158530282974
bf16,4,64,16,128,4096,baseline_split,0,5,100,525.378952026,3424256,6.51768782665,1048576,2909,true,1,0.525378952026
bf16,4,64,16,128,4096,control_optimized_split,0,6,100,403.769111633,3424256,8.48072797384,1048576,2909,true,1,0.403769111633
bf16,4,64,16,128,4096,optimized_split,0,7,100,169.018745422,3424256,20.2596226321,1048576,2909,true,1,0.169018745422
bf16,4,64,16,128,4096,control_shuffle32_split,0,8,100,452.04410553,3424256,7.57504844795,1048576,2909,true,1,0.45204410553
bf16,4,64,16,128,4096,shuffle32_split,0,9,100,105.940799713,3424256,32.3223537039,1048576,2909,true,1,0.105940799713
bf16,4,64,16,128,4096,baseline_fused,0,10,100,518.184013367,1327104,2.56106704523,1048576,2909,true,1,0.518184013367
bf16,4,64,16,128,4096,control_optimized_fused,0,11,100,394.161148071,1327104,3.36690718122,1048576,2909,true,1,0.394161148071
bf16,4,64,16,128,4096,optimized_fused,0,12,100,154.577140808,1327104,8.58538327894,1048576,2909,true,1,0.154577140808
bf16,4,64,16,128,4096,control_shuffle32_fused,0,13,100,436.674499512,1327104,3.03911495057,1048576,2909,true,1,0.436674499512
bf16,4,64,16,128,4096,shuffle32_fused,0,14,100,92.9504013062,1327104,14.2775499767,1048576,2909,true,1,0.0929504013062
bf16,4,64,16,128,4096,control_optimized_transform,1,0,100,27.7821731567,2097152,75.48552765,1048576,2909,true,1,0.0277821731567
bf16,4,64,16,128,4096,optimized_transform,1,1,100,27.8283429146,2097152,75.3602902781,1048576,2909,true,1,0.0278283429146
bf16,4,64,16,128,4096,control_shuffle32_transform,1,2,100,15.79657197,2097152,132.759943359,1048576,2909,true,1,0.01579657197
bf16,4,64,16,128,4096,shuffle32_transform,1,3,100,15.8404564857,2097152,132.392144247,1048576,2909,true,1,0.0158404564857
bf16,4,64,16,128,4096,baseline_split,1,4,100,527.211875916,3424256,6.49502819726,1048576,2909,true,1,0.527211875916
bf16,4,64,16,128,4096,control_optimized_split,1,5,100,403.178520203,3424256,8.49315087093,1048576,2909,true,1,0.403178520203
bf16,4,64,16,128,4096,optimized_split,1,6,100,168.47612381,3424256,20.3248740686,1048576,2909,true,1,0.16847612381
bf16,4,64,16,128,4096,control_shuffle32_split,1,7,100,453.406867981,3424256,7.55228083608,1048576,2909,true,1,0.453406867981
bf16,4,64,16,128,4096,shuffle32_split,1,8,100,105.432224274,3424256,32.4782676605,1048576,2909,true,1,0.105432224274
bf16,4,64,16,128,4096,baseline_fused,1,9,100,516.771659851,1327104,2.56806652358,1048576,2909,true,1,0.516771659851
bf16,4,64,16,128,4096,control_optimized_fused,1,10,100,391.019210815,1327104,3.39396112337,1048576,2909,true,1,0.391019210815
bf16,4,64,16,128,4096,optimized_fused,1,11,100,154.226284027,1327104,8.60491457971,1048576,2909,true,1,0.154226284027
bf16,4,64,16,128,4096,control_shuffle32_fused,1,12,100,435.0025177,1327104,3.05079613566,1048576,2909,true,1,0.4350025177
bf16,4,64,16,128,4096,shuffle32_fused,1,13,100,92.8980541229,1327104,14.2855952423,1048576,2909,true,1,0.0928980541229
bf16,4,64,16,128,4096,baseline_transform,1,14,100,25.8916568756,2097152,80.9972111895,1048576,2909,true,1,0.0258916568756
bf16,4,64,16,128,4096,optimized_transform,2,0,100,27.8297138214,2097152,75.3565779892,1048576,2909,true,1,0.0278297138214
bf16,4,64,16,128,4096,control_shuffle32_transform,2,1,100,15.8194291592,2097152,132.568121068,1048576,2909,true,1,0.0158194291592
bf16,4,64,16,128,4096,shuffle32_transform,2,2,100,15.841370821,2097152,132.384502812,1048576,2909,true,1,0.015841370821
bf16,4,64,16,128,4096,baseline_split,2,3,100,526.129150391,3424256,6.50839436944,1048576,2909,true,1,0.526129150391
bf16,4,64,16,128,4096,control_optimized_split,2,4,100,404.186515808,3424256,8.47196991011,1048576,2909,true,1,0.404186515808
bf16,4,64,16,128,4096,optimized_split,2,5,100,169.016685486,3424256,20.2598695517,1048576,2909,true,1,0.169016685486
bf16,4,64,16,128,4096,control_shuffle32_split,2,6,100,453.034973145,3424256,7.5584804772,1048576,2909,true,1,0.453034973145
bf16,4,64,16,128,4096,shuffle32_split,2,7,100,105.996341705,3424256,32.3054168182,1048576,2909,true,1,0.105996341705
bf16,4,64,16,128,4096,baseline_fused,2,8,100,520.300559998,1327104,2.55064880193,1048576,2909,true,1,0.520300559998
bf16,4,64,16,128,4096,control_optimized_fused,2,9,100,392.886161804,1327104,3.37783340066,1048576,2909,true,1,0.392886161804
bf16,4,64,16,128,4096,optimized_fused,2,10,100,154.786052704,1327104,8.57379574463,1048576,2909,true,1,0.154786052704
bf16,4,64,16,128,4096,control_shuffle32_fused,2,11,100,436.50970459,1327104,3.04026230355,1048576,2909,true,1,0.43650970459
bf16,4,64,16,128,4096,shuffle32_fused,2,12,100,92.9067516327,1327104,14.2842578895,1048576,2909,true,1,0.0929067516327
bf16,4,64,16,128,4096,baseline_transform,2,13,100,25.9570288658,2097152,80.7932221689,1048576,2909,true,1,0.0259570288658
bf16,4,64,16,128,4096,control_optimized_transform,2,14,100,27.7501726151,2097152,75.5725749563,1048576,2909,true,1,0.0277501726151
bf16,4,64,16,128,4096,control_shuffle32_transform,3,0,100,15.741943121,2097152,133.22065668,1048576,2909,true,1,0.015741943121
bf16,4,64,16,128,4096,shuffle32_transform,3,1,100,15.7974863052,2097152,132.752259409,1048576,2909,true,1,0.0157974863052
bf16,4,64,16,128,4096,baseline_split,3,2,100,525.952682495,3424256,6.51057806903,1048576,2909,true,1,0.525952682495
bf16,4,64,16,128,4096,control_optimized_split,3,3,100,404.538078308,3424256,8.46460737224,1048576,2909,true,1,0.404538078308
bf16,4,64,16,128,4096,optimized_split,3,4,100,169.20343399,3424256,20.2375088924,1048576,2909,true,1,0.16920343399
bf16,4,64,16,128,4096,control_shuffle32_split,3,5,100,449.245491028,3424256,7.62223788193,1048576,2909,true,1,0.449245491028
bf16,4,64,16,128,4096,shuffle32_split,3,6,100,105.568914413,3424256,32.4362149504,1048576,2909,true,1,0.105568914413
bf16,4,64,16,128,4096,baseline_fused,3,7,100,521.910400391,1327104,2.54278128776,1048576,2909,true,1,0.521910400391
bf16,4,64,16,128,4096,control_optimized_fused,3,8,100,393.708114624,1327104,3.3707814259,1048576,2909,true,1,0.393708114624
bf16,4,64,16,128,4096,optimized_fused,3,9,100,154.315662384,1327104,8.59993068427,1048576,2909,true,1,0.154315662384
bf16,4,64,16,128,4096,control_shuffle32_fused,3,10,100,437.182846069,1327104,3.03558113483,1048576,2909,true,1,0.437182846069
bf16,4,64,16,128,4096,shuffle32_fused,3,11,100,92.8623962402,1327104,14.2910807144,1048576,2909,true,1,0.0928623962402
bf16,4,64,16,128,4096,baseline_transform,3,12,100,25.9062862396,2097152,80.9514718012,1048576,2909,true,1,0.0259062862396
bf16,4,64,16,128,4096,control_optimized_transform,3,13,100,27.7716565132,2097152,75.514112707,1048576,2909,true,1,0.0277716565132
bf16,4,64,16,128,4096,optimized_transform,3,14,100,27.8043413162,2097152,75.4253436954,1048576,2909,true,1,0.0278043413162
bf16,4,64,16,128,4096,shuffle32_transform,4,0,100,15.8978283405,2097152,131.914369377,1048576,2909,true,1,0.0158978283405
bf16,4,64,16,128,4096,baseline_split,4,1,100,526.88457489,3424256,6.49906291281,1048576,2909,true,1,0.52688457489
bf16,4,64,16,128,4096,control_optimized_split,4,2,100,401.786766052,3424256,8.52257040132,1048576,2909,true,1,0.401786766052
bf16,4,64,16,128,4096,optimized_split,4,3,100,168.478622437,3424256,20.32457264,1048576,2909,true,1,0.168478622437
bf16,4,64,16,128,4096,control_shuffle32_split,4,4,100,452.670860291,3424256,7.56456025864,1048576,2909,true,1,0.452670860291
bf16,4,64,16,128,4096,shuffle32_split,4,5,100,105.649833679,3424256,32.4113714215,1048576,2909,true,1,0.105649833679
bf16,4,64,16,128,4096,baseline_fused,4,6,100,518.654632568,1327104,2.55874317256,1048576,2909,true,1,0.518654632568
bf16,4,64,16,128,4096,control_optimized_fused,4,7,100,391.950645447,1327104,3.38589568717,1048576,2909,true,1,0.391950645447
bf16,4,64,16,128,4096,optimized_fused,4,8,100,153.920001984,1327104,8.62203731092,1048576,2909,true,1,0.153920001984
bf16,4,64,16,128,4096,control_shuffle32_fused,4,9,100,436.244354248,1327104,3.04211157595,1048576,2909,true,1,0.436244354248
bf16,4,64,16,128,4096,shuffle32_fused,4,10,100,92.7906322479,1327104,14.3021333927,1048576,2909,true,1,0.0927906322479
bf16,4,64,16,128,4096,baseline_transform,4,11,100,25.8799982071,2097152,81.033699586,1048576,2909,true,1,0.0258799982071
bf16,4,64,16,128,4096,control_optimized_transform,4,12,100,27.8141713142,2097152,75.3986871047,1048576,2909,true,1,0.0278141713142
bf16,4,64,16,128,4096,optimized_transform,4,13,100,27.8077721596,2097152,75.4160379323,1048576,2909,true,1,0.0278077721596
bf16,4,64,16,128,4096,control_shuffle32_transform,4,14,100,15.7737135887,2097152,132.952331625,1048576,2909,true,1,0.0157737135887
bf16,16,64,16,128,16384,baseline_transform,0,0,100,78.8971424103,8388608,106.323343834,4194304,2909,true,1,0.0788971424103
bf16,16,64,16,128,16384,control_optimized_transform,0,1,100,87.1840000153,8388608,96.2172875589,4194304,2909,true,1,0.0871840000153
bf16,16,64,16,128,16384,optimized_transform,0,2,100,87.2006797791,8388608,96.1988830965,4194304,2909,true,1,0.0872006797791
bf16,16,64,16,128,16384,control_shuffle32_transform,0,3,100,26.6102862358,8388608,315.239299783,4194304,2909,true,1,0.0266102862358
bf16,16,64,16,128,16384,shuffle32_transform,0,4,100,26.612341404,8388608,315.214955072,4194304,2909,true,1,0.026612341404
bf16,16,64,16,128,16384,baseline_split,0,5,100,1884.65118408,13697024,7.26767059904,4194304,2909,true,1,1.88465118408
bf16,16,64,16,128,16384,control_optimized_split,0,6,100,1453.04443359,13697024,9.42643162407,4194304,2909,true,1,1.45304443359
bf16,16,64,16,128,16384,optimized_split,0,7,100,601.886177063,13697024,22.7568343019,4194304,2909,true,1,0.601886177063
bf16,16,64,16,128,16384,control_shuffle32_split,0,8,100,1605.94467163,13697024,8.52895136549,4194304,2909,true,1,1.60594467163
bf16,16,64,16,128,16384,shuffle32_split,0,9,100,288.876800537,13697024,47.4147594218,4194304,2909,true,1,0.288876800537
bf16,16,64,16,128,16384,baseline_fused,0,10,100,1864.63470459,5308416,2.84689327456,4194304,2909,true,1,1.86463470459
bf16,16,64,16,128,16384,control_optimized_fused,0,11,100,1421.5927124,5308416,3.73413281715,4194304,2909,true,1,1.4215927124
bf16,16,64,16,128,16384,optimized_fused,0,12,100,566.293487549,5308416,9.37396617958,4194304,2909,true,1,0.566293487549
bf16,16,64,16,128,16384,control_shuffle32_fused,0,13,100,1496.78390503,5308416,3.54654802351,4194304,2909,true,1,1.49678390503
bf16,16,64,16,128,16384,shuffle32_fused,0,14,100,265.213031769,5308416,20.0156680258,4194304,2909,true,1,0.265213031769
bf16,16,64,16,128,16384,control_optimized_transform,1,0,100,87.1190929413,8388608,96.2889731377,4194304,2909,true,1,0.0871190929413
bf16,16,64,16,128,16384,optimized_transform,1,1,100,87.1684551239,8388608,96.2344461431,4194304,2909,true,1,0.0871684551239
bf16,16,64,16,128,16384,control_shuffle32_transform,1,2,100,26.6507434845,8388608,314.760749728,4194304,2909,true,1,0.0266507434845
bf16,16,64,16,128,16384,shuffle32_transform,1,3,100,26.5883421898,8388608,315.499474925,4194304,2909,true,1,0.0265883421898
bf16,16,64,16,128,16384,baseline_split,1,4,100,1884.51858521,13697024,7.26818196835,4194304,2909,true,1,1.88451858521
bf16,16,64,16,128,16384,control_optimized_split,1,5,100,1453.40209961,13697024,9.42411188458,4194304,2909,true,1,1.45340209961
bf16,16,64,16,128,16384,optimized_split,1,6,100,601.863288879,13697024,22.7576997187,4194304,2909,true,1,0.601863288879
bf16,16,64,16,128,16384,control_shuffle32_split,1,7,100,1607.79312134,13697024,8.51914578948,4194304,2909,true,1,1.60779312134
bf16,16,64,16,128,16384,shuffle32_split,1,8,100,288.958873749,13697024,47.4012921711,4194304,2909,true,1,0.288958873749
bf16,16,64,16,128,16384,baseline_fused,1,9,100,1864.72290039,5308416,2.84675862504,4194304,2909,true,1,1.86472290039
bf16,16,64,16,128,16384,control_optimized_fused,1,10,100,1421.62002563,5308416,3.73406107418,4194304,2909,true,1,1.42162002563
bf16,16,64,16,128,16384,optimized_fused,1,11,100,566.326408386,5308416,9.37342126624,4194304,2909,true,1,0.566326408386
bf16,16,64,16,128,16384,control_shuffle32_fused,1,12,100,1498.11355591,5308416,3.54340028435,4194304,2909,true,1,1.49811355591
bf16,16,64,16,128,16384,shuffle32_fused,1,13,100,265.200233459,5308416,20.0166339628,4194304,2909,true,1,0.265200233459
bf16,16,64,16,128,16384,baseline_transform,1,14,100,78.8795375824,8388608,106.347073742,4194304,2909,true,1,0.0788795375824
bf16,16,64,16,128,16384,optimized_transform,2,0,100,87.1782875061,8388608,96.2235923642,4194304,2909,true,1,0.0871782875061
bf16,16,64,16,128,16384,control_shuffle32_transform,2,1,100,26.582171917,8388608,315.572708889,4194304,2909,true,1,0.026582171917
bf16,16,64,16,128,16384,shuffle32_transform,2,2,100,26.6457128525,8388608,314.82017563,4194304,2909,true,1,0.0266457128525
bf16,16,64,16,128,16384,baseline_split,2,3,100,1884.55200195,13697024,7.26805308944,4194304,2909,true,1,1.88455200195
bf16,16,64,16,128,16384,control_optimized_split,2,4,100,1453.00811768,13697024,9.42666722462,4194304,2909,true,1,1.45300811768
bf16,16,64,16,128,16384,optimized_split,2,5,100,601.76410675,13697024,22.7614506189,4194304,2909,true,1,0.60176410675
bf16,16,64,16,128,16384,control_shuffle32_split,2,6,100,1605.63156128,13697024,8.53061457579,4194304,2909,true,1,1.60563156128
bf16,16,64,16,128,16384,shuffle32_split,2,7,100,288.868808746,13697024,47.4160711897,4194304,2909,true,1,0.288868808746
bf16,16,64,16,128,16384,baseline_fused,2,8,100,1864.70397949,5308416,2.84678751072,4194304,2909,true,1,1.86470397949
bf16,16,64,16,128,16384,control_optimized_fused,2,9,100,1421.40380859,5308416,3.73462908141,4194304,2909,true,1,1.42140380859
bf16,16,64,16,128,16384,optimized_fused,2,10,100,566.246185303,5308416,9.37474924827,4194304,2909,true,1,0.566246185303
bf16,16,64,16,128,16384,control_shuffle32_fused,2,11,100,1496.22909546,5308416,3.54786310205,4194304,2909,true,1,1.49622909546
bf16,16,64,16,128,16384,shuffle32_fused,2,12,100,265.209369659,5308416,20.0159444096,4194304,2909,true,1,0.265209369659
bf16,16,64,16,128,16384,baseline_transform,2,13,100,78.8690233231,8388608,106.36125118,4194304,2909,true,1,0.0788690233231
bf16,16,64,16,128,16384,control_optimized_transform,2,14,100,87.1028518677,8388608,96.3069270423,4194304,2909,true,1,0.0871028518677
bf16,16,64,16,128,16384,control_shuffle32_transform,3,0,100,26.623313427,8388608,315.085048411,4194304,2909,true,1,0.026623313427
bf16,16,64,16,128,16384,shuffle32_transform,3,1,100,26.6898274422,8388608,314.299821465,4194304,2909,true,1,0.0266898274422
bf16,16,64,16,128,16384,baseline_split,3,2,100,1884.29702759,13697024,7.26903656879,4194304,2909,true,1,1.88429702759
bf16,16,64,16,128,16384,control_optimized_split,3,3,100,1453.04321289,13697024,9.42643954322,4194304,2909,true,1,1.45304321289
bf16,16,64,16,128,16384,optimized_split,3,4,100,601.886863708,13697024,22.7568083404,4194304,2909,true,1,0.601886863708
bf16,16,64,16,128,16384,control_shuffle32_split,3,5,100,1605.01144409,13697024,8.53391049043,4194304,2909,true,1,1.60501144409
bf16,16,64,16,128,16384,shuffle32_split,3,6,100,288.835887909,13697024,47.4214755623,4194304,2909,true,1,0.288835887909
bf16,16,64,16,128,16384,baseline_fused,3,7,100,1864.76287842,5308416,2.84669759434,4194304,2909,true,1,1.86476287842
bf16,16,64,16,128,16384,control_optimized_fused,3,8,100,1421.77032471,5308416,3.73366633679,4194304,2909,true,1,1.42177032471
bf16,16,64,16,128,16384,optimized_fused,3,9,100,566.21963501,5308416,9.37518883447,4194304,2909,true,1,0.56621963501
bf16,16,64,16,128,16384,control_shuffle32_fused,3,10,100,1497.91397095,5308416,3.54387241388,4194304,2909,true,1,1.49791397095
bf16,16,64,16,128,16384,shuffle32_fused,3,11,100,265.217151642,5308416,20.0153571032,4194304,2909,true,1,0.265217151642
bf16,16,64,16,128,16384,baseline_transform,3,12,100,78.8706254959,8388608,106.359090565,4194304,2909,true,1,0.0788706254959
bf16,16,64,16,128,16384,control_optimized_transform,3,13,100,87.1753120422,8388608,96.2268766636,4194304,2909,true,1,0.0871753120422
bf16,16,64,16,128,16384,optimized_transform,3,14,100,87.2203445435,8388608,96.177194024,4194304,2909,true,1,0.0872203445435
bf16,16,64,16,128,16384,shuffle32_transform,4,0,100,26.6217136383,8388608,315.103982936,4194304,2909,true,1,0.0266217136383
bf16,16,64,16,128,16384,baseline_split,4,1,100,1884.77371216,13697024,7.26719813187,4194304,2909,true,1,1.88477371216
bf16,16,64,16,128,16384,control_optimized_split,4,2,100,1453.0065918,13697024,9.42667712406,4194304,2909,true,1,1.4530065918
bf16,16,64,16,128,16384,optimized_split,4,3,100,601.787414551,13697024,22.7605690462,4194304,2909,true,1,0.601787414551
bf16,16,64,16,128,16384,control_shuffle32_split,4,4,100,1606.22406006,13697024,8.52746783005,4194304,2909,true,1,1.60622406006
bf16,16,64,16,128,16384,shuffle32_split,4,5,100,288.782615662,13697024,47.430223487,4194304,2909,true,1,0.288782615662
bf16,16,64,16,128,16384,baseline_fused,4,6,100,1864.77981567,5308416,2.84667173861,4194304,2909,true,1,1.86477981567
bf16,16,64,16,128,16384,control_optimized_fused,4,7,100,1421.4352417,5308416,3.73454649517,4194304,2909,true,1,1.4214352417
bf16,16,64,16,128,16384,optimized_fused,4,8,100,566.316795349,5308416,9.37358037691,4194304,2909,true,1,0.566316795349
bf16,16,64,16,128,16384,control_shuffle32_fused,4,9,100,1496.74667358,5308416,3.54663624359,4194304,2909,true,1,1.49674667358
bf16,16,64,16,128,16384,shuffle32_fused,4,10,100,265.215072632,5308416,20.0155140027,4194304,2909,true,1,0.265215072632
bf16,16,64,16,128,16384,baseline_transform,4,11,100,78.9165687561,8388608,106.297170952,4194304,2909,true,1,0.0789165687561
bf16,16,64,16,128,16384,control_optimized_transform,4,12,100,87.1616077423,8388608,96.2420062833,4194304,2909,true,1,0.0871616077423
bf16,16,64,16,128,16384,optimized_transform,4,13,100,87.1871948242,8388608,96.2137618593,4194304,2909,true,1,0.0871871948242
bf16,16,64,16,128,16384,control_shuffle32_transform,4,14,100,26.6171431541,8388608,315.158090086,4194304,2909,true,1,0.0266171431541
bf16,1,1,1,256,1,baseline_transform,0,0,100,9.74011421204,1024,0.105132237437,512,2909,true,1,0.00974011421204
bf16,1,1,1,256,1,control_optimized_transform,0,1,100,10.4962289333,1024,0.0975588477065,512,2909,true,1,0.0104962289333
bf16,1,1,1,256,1,optimized_transform,0,2,100,10.4194283485,1024,0.0982779444079,512,2909,true,1,0.0104194283485
bf16,1,1,1,256,1,control_shuffle32_transform,0,3,100,11.5691423416,1024,0.0885113148203,512,2909,true,1,0.0115691423416
bf16,1,1,1,256,1,shuffle32_transform,0,4,100,11.5488004684,1024,0.0886672172403,512,2909,true,1,0.0115488004684
bf16,1,1,1,256,1,baseline_split,0,5,100,100.553607941,1668,0.0165881665925,512,2909,true,1,0.100553607941
bf16,1,1,1,256,1,control_optimized_split,0,6,100,66.9113111496,1668,0.0249285206244,512,2909,true,1,0.0669113111496
bf16,1,1,1,256,1,optimized_split,0,7,100,35.4729151726,1668,0.047021790904,512,2909,true,1,0.0354729151726
bf16,1,1,1,256,1,control_shuffle32_split,0,8,100,304.881362915,1668,0.00547098052846,512,2909,true,1,0.304881362915
bf16,1,1,1,256,1,shuffle32_split,0,9,100,67.96251297,1668,0.0245429417941,512,2909,true,1,0.06796251297
bf16,1,1,1,256,1,baseline_fused,0,10,100,96.0182857513,644,0.00670705579631,512,2909,true,1,0.0960182857513
bf16,1,1,1,256,1,control_optimized_fused,0,11,100,61.1515426636,644,0.0105312142907,512,2909,true,1,0.0611515426636
bf16,1,1,1,256,1,optimized_fused,0,12,100,29.9606871605,644,0.0214948340988,512,2909,true,1,0.0299606871605
bf16,1,1,1,256,1,control_shuffle32_fused,0,13,100,300.692806244,644,0.00214172067515,512,2909,true,1,0.300692806244
bf16,1,1,1,256,1,shuffle32_fused,0,14,100,61.5433120728,644,0.0104641752013,512,2909,true,1,0.0615433120728
bf16,1,1,1,256,1,control_optimized_transform,1,0,100,10.5204570293,1024,0.0973341744702,512,2909,true,1,0.0105204570293
bf16,1,1,1,256,1,optimized_transform,1,1,100,10.4884564877,1024,0.0976311434581,512,2909,true,1,0.0104884564877
bf16,1,1,1,256,1,control_shuffle32_transform,1,2,100,11.5126860142,1024,0.0889453598178,512,2909,true,1,0.0115126860142
bf16,1,1,1,256,1,shuffle32_transform,1,3,100,11.5961134434,1024,0.0883054486316,512,2909,true,1,0.0115961134434
bf16,1,1,1,256,1,baseline_split,1,4,100,100.565490723,1668,0.0165862065408,512,2909,true,1,0.100565490723
bf16,1,1,1,256,1,control_optimized_split,1,5,100,66.9478845596,1668,0.0249149022553,512,2909,true,1,0.0669478845596
bf16,1,1,1,256,1,optimized_split,1,6,100,35.5522298813,1668,0.0469168883519,512,2909,true,1,0.0355522298813
bf16,1,1,1,256,1,control_shuffle32_split,1,7,100,304.911327362,1668,0.00547044288066,512,2909,true,1,0.304911327362
bf16,1,1,1,256,1,shuffle32_split,1,8,100,68.0301713943,1668,0.0245185329658,512,2909,true,1,0.0680301713943
bf16,1,1,1,256,1,baseline_fused,1,9,100,96.0182857513,644,0.00670705579631,512,2909,true,1,0.0960182857513
bf16,1,1,1,256,1,control_optimized_fused,1,10,100,61.1728000641,644,0.0105275547192,512,2909,true,1,0.0611728000641
bf16,1,1,1,256,1,optimized_fused,1,11,100,29.9282288551,644,0.021518146066,512,2909,true,1,0.0299282288551
bf16,1,1,1,256,1,control_shuffle32_fused,1,12,100,300.696239471,644,0.00214169622185,512,2909,true,1,0.300696239471
bf16,1,1,1,256,1,shuffle32_fused,1,13,100,61.5446853638,644,0.0104639417066,512,2909,true,1,0.0615446853638
bf16,1,1,1,256,1,baseline_transform,1,14,100,9.74034309387,1024,0.105129767004,512,2909,true,1,0.00974034309387
bf16,1,1,1,256,1,optimized_transform,2,0,100,10.4928004742,1024,0.0975907244707,512,2909,true,1,0.0104928004742
bf16,1,1,1,256,1,control_shuffle32_transform,2,1,100,11.4802277088,1024,0.0891968370291,512,2909,true,1,0.0114802277088
bf16,1,1,1,256,1,shuffle32_transform,2,2,100,11.4889144897,1024,0.0891293952021,512,2909,true,1,0.0114889144897
bf16,1,1,1,256,1,baseline_split,2,3,100,100.574636459,1668,0.016584698277,512,2909,true,1,0.100574636459
bf16,1,1,1,256,1,control_optimized_split,2,4,100,66.9531440735,1668,0.0249129450615,512,2909,true,1,0.0669531440735
bf16,1,1,1,256,1,optimized_split,2,5,100,35.5030846596,1668,0.046981833156,512,2909,true,1,0.0355030846596
bf16,1,1,1,256,1,control_shuffle32_split,2,6,100,304.895553589,1668,0.00547072589405,512,2909,true,1,0.304895553589
bf16,1,1,1,256,1,shuffle32_split,2,7,100,68.676571846,1668,0.0242877586223,512,2909,true,1,0.068676571846
bf16,1,1,1,256,1,baseline_fused,2,8,100,96.0130214691,644,0.00670742353637,512,2909,true,1,0.0960130214691
bf16,1,1,1,256,1,control_optimized_fused,2,9,100,61.1561155319,644,0.010530426833,512,2909,true,1,0.0611561155319
bf16,1,1,1,256,1,optimized_fused,2,10,100,29.952685833,644,0.0215005760616,512,2909,true,1,0.029952685833
bf16,1,1,1,256,1,control_shuffle32_fused,2,11,100,300.70400238,644,0.00214164093229,512,2909,true,1,0.30070400238
bf16,1,1,1,256,1,shuffle32_fused,2,12,100,61.5460586548,644,0.0104637082224,512,2909,true,1,0.0615460586548
bf16,1,1,1,256,1,baseline_transform,2,13,100,9.71131443977,1024,0.105444016498,512,2909,true,1,0.00971131443977
bf16,1,1,1,256,1,control_optimized_transform,2,14,100,10.5348563194,1024,0.0972011358249,512,2909,true,1,0.0105348563194
bf16,1,1,1,256,1,control_shuffle32_transform,3,0,100,11.6068565845,1024,0.0882237143658,512,2909,true,1,0.0116068565845
bf16,1,1,1,256,1,shuffle32_transform,3,1,100,11.5353143215,1024,0.0887708797054,512,2909,true,1,0.0115353143215
bf16,1,1,1,256,1,baseline_split,3,2,100,100.549259186,1668,0.0165888840306,512,2909,true,1,0.100549259186
bf16,1,1,1,256,1,control_optimized_split,3,3,100,66.9426298141,1668,0.0249168579817,512,2909,true,1,0.0669426298141
bf16,1,1,1,256,1,optimized_split,3,4,100,36.4027428627,1668,0.0458207230782,512,2909,true,1,0.0364027428627
bf16,1,1,1,256,1,control_shuffle32_split,3,5,100,304.910163879,1668,0.00547046375489,512,2909,true,1,0.304910163879
bf16,1,1,1,256,1,shuffle32_split,3,6,100,68.6089134216,1668,0.0243117099049,512,2909,true,1,0.0686089134216
bf16,1,1,1,256,1,baseline_fused,3,7,100,96.010055542,644,0.00670763074101,512,2909,true,1,0.096010055542
bf16,1,1,1,256,1,control_optimized_fused,3,8,100,61.1531400681,644,0.0105309392009,512,2909,true,1,0.0611531400681
bf16,1,1,1,256,1,optimized_fused,3,9,100,29.967083931,644,0.0214902458138,512,2909,true,1,0.029967083931
bf16,1,1,1,256,1,control_shuffle32_fused,3,10,100,300.700569153,644,0.00214166538432,512,2909,true,1,0.300700569153
bf16,1,1,1,256,1,shuffle32_fused,3,11,100,61.4980554581,644,0.0104718758212,512,2909,true,1,0.0614980554581
bf16,1,1,1,256,1,baseline_transform,3,12,100,9.92548525333,1024,0.103168759397,512,2909,true,1,0.00992548525333
bf16,1,1,1,256,1,control_optimized_transform,3,13,100,10.5247998238,1024,0.0972940119667,512,2909,true,1,0.0105247998238
bf16,1,1,1,256,1,optimized_transform,3,14,100,10.4381716251,1024,0.0981014718645,512,2909,true,1,0.0104381716251
bf16,1,1,1,256,1,shuffle32_transform,4,0,100,11.5243422985,1024,0.0888553961238,512,2909,true,1,0.0115243422985
bf16,1,1,1,256,1,baseline_split,4,1,100,100.56137085,1668,0.0165868860568,512,2909,true,1,0.10056137085
bf16,1,1,1,256,1,control_optimized_split,4,2,100,66.896686554,1668,0.0249339703642,512,2909,true,1,0.066896686554
bf16,1,1,1,256,1,optimized_split,4,3,100,35.4683423042,1668,0.0470278533373,512,2909,true,1,0.0354683423042
bf16,1,1,1,256,1,control_shuffle32_split,4,4,100,304.919776917,1668,0.00547029129061,512,2909,true,1,0.304919776917
bf16,1,1,1,256,1,shuffle32_split,4,5,100,67.985830307,1668,0.0245345242158,512,2909,true,1,0.067985830307
bf16,1,1,1,256,1,baseline_fused,4,6,100,96.0107421875,644,0.00670758276967,512,2909,true,1,0.0960107421875
bf16,1,1,1,256,1,control_optimized_fused,4,7,100,61.1558818817,644,0.0105304670652,512,2909,true,1,0.0611558818817
bf16,1,1,1,256,1,optimized_fused,4,8,100,29.9485707283,644,0.0215035303635,512,2909,true,1,0.0299485707283
bf16,1,1,1,256,1,control_shuffle32_fused,4,9,100,300.69852829,644,0.00214167991996,512,2909,true,1,0.30069852829
bf16,1,1,1,256,1,shuffle32_fused,4,10,100,61.5433120728,644,0.0104641752013,512,2909,true,1,0.0615433120728
bf16,1,1,1,256,1,baseline_transform,4,11,100,9.80480015278,1024,0.10443864067,512,2909,true,1,0.00980480015278
bf16,1,1,1,256,1,control_optimized_transform,4,12,100,10.743085146,1024,0.0953171259548,512,2909,true,1,0.010743085146
bf16,1,1,1,256,1,optimized_transform,4,13,100,10.4653716087,1024,0.0978465016135,512,2909,true,1,0.0104653716087
bf16,1,1,1,256,1,control_shuffle32_transform,4,14,100,11.5504002571,1024,0.0886549363837,512,2909,true,1,0.0115504002571
bf16,1,17,1,256,17,baseline_transform,0,0,100,9.97988641262,17408,1.74430843,8704,2909,true,1,0.00997988641262
bf16,1,17,1,256,17,control_optimized_transform,0,1,100,10.677485466,17408,1.63034640088,8704,2909,true,1,0.010677485466
bf16,1,17,1,256,17,optimized_transform,0,2,100,10.7003438473,17408,1.62686360817,8704,2909,true,1,0.0107003438473
bf16,1,17,1,256,17,control_shuffle32_transform,0,3,100,11.7323434353,17408,1.48376154312,8704,2909,true,1,0.0117323434353
bf16,1,17,1,256,17,shuffle32_transform,0,4,100,11.7456007004,17408,1.48208682077,8704,2909,true,1,0.0117456007004
bf16,1,17,1,256,17,baseline_split,0,5,100,101.296691895,28356,0.279930168199,8704,2909,true,1,0.101296691895
bf16,1,17,1,256,17,control_optimized_split,0,6,100,67.3522281647,28356,0.42101057044,8704,2909,true,1,0.0673522281647
bf16,1,17,1,256,17,optimized_split,0,7,100,36.8543982506,28356,0.76940613186,8704,2909,true,1,0.0368543982506
bf16,1,17,1,256,17,control_shuffle32_split,0,8,100,305.980567932,28356,0.0926725516971,8704,2909,true,1,0.305980567932
bf16,1,17,1,256,17,shuffle32_split,0,9,100,68.1437683105,28356,0.41612022204,8704,2909,true,1,0.0681437683105
bf16,1,17,1,256,17,baseline_fused,0,10,100,96.5369129181,10948,0.113407396912,8704,2909,true,1,0.0965369129181
bf16,1,17,1,256,17,control_optimized_fused,0,11,100,61.5819454193,10948,0.177779378768,8704,2909,true,1,0.0615819454193
bf16,1,17,1,256,17,optimized_fused,0,12,100,30.256228447,10948,0.361842852264,8704,2909,true,1,0.030256228447
bf16,1,17,1,256,17,control_shuffle32_fused,0,13,100,301.218738556,10948,0.0363456803932,8704,2909,true,1,0.301218738556
bf16,1,17,1,256,17,shuffle32_fused,0,14,100,61.4667463303,10948,0.178112567423,8704,2909,true,1,0.0614667463303
bf16,1,17,1,256,17,control_optimized_transform,1,0,100,10.6829714775,17408,1.62950917136,8704,2909,true,1,0.0106829714775
bf16,1,17,1,256,17,optimized_transform,1,1,100,10.8032000065,17408,1.61137440662,8704,2909,true,1,0.0108032000065
bf16,1,17,1,256,17,control_shuffle32_transform,1,2,100,11.7245709896,17408,1.48474515745,8704,2909,true,1,0.0117245709896
bf16,1,17,1,256,17,shuffle32_transform,1,3,100,11.805485487,17408,1.47456875189,8704,2909,true,1,0.011805485487
bf16,1,17,1,256,17,baseline_split,1,4,100,101.292572021,28356,0.279941553799,8704,2909,true,1,0.101292572021
bf16,1,17,1,256,17,control_optimized_split,1,5,100,67.3721122742,28356,0.420886313978,8704,2909,true,1,0.0673721122742
bf16,1,17,1,256,17,optimized_split,1,6,100,36.3766860962,28356,0.779510258989,8704,2909,true,1,0.0363766860962
bf16,1,17,1,256,17,control_shuffle32_split,1,7,100,305.404567719,28356,0.0928473343141,8704,2909,true,1,0.305404567719
bf16,1,17,1,256,17,shuffle32_split,1,8,100,68.0891418457,28356,0.41645406641,8704,2909,true,1,0.0680891418457
bf16,1,17,1,256,17,baseline_fused,1,9,100,96.5405750275,10948,0.113403094988,8704,2909,true,1,0.0965405750275
bf16,1,17,1,256,17,control_optimized_fused,1,10,100,61.5798854828,10948,0.177785325747,8704,2909,true,1,0.0615798854828
bf16,1,17,1,256,17,optimized_fused,1,11,100,30.1954293251,10948,0.362571430336,8704,2909,true,1,0.0301954293251
bf16,1,17,1,256,17,control_shuffle32_fused,1,12,100,301.233825684,10948,0.0363438600401,8704,2909,true,1,0.301233825684
bf16,1,17,1,256,17,shuffle32_fused,1,13,100,61.4272022247,10948,0.178227228386,8704,2909,true,1,0.0614272022247
bf16,1,17,1,256,17,baseline_transform,1,14,100,10.0178277493,17408,1.73770206833,8704,2909,true,1,0.0100178277493
bf16,1,17,1,256,17,optimized_transform,2,0,100,10.7325720787,17408,1.62197839179,8704,2909,true,1,0.0107325720787
bf16,1,17,1,256,17,control_shuffle32_transform,2,1,100,11.7625141144,17408,1.47995571616,8704,2909,true,1,0.0117625141144
bf16,1,17,1,256,17,shuffle32_transform,2,2,100,11.9620573521,17408,1.45526806031,8704,2909,true,1,0.0119620573521
bf16,1,17,1,256,17,baseline_split,2,3,100,101.322746277,28356,0.279858186261,8704,2909,true,1,0.101322746277
bf16,1,17,1,256,17,control_optimized_split,2,4,100,67.4409151077,28356,0.420456928182,8704,2909,true,1,0.0674409151077
bf16,1,17,1,256,17,optimized_split,2,5,100,36.1821699142,28356,0.783700924163,8704,2909,true,1,0.0361821699142
bf16,1,17,1,256,17,control_shuffle32_split,2,6,100,305.383090973,28356,0.0928538640095,8704,2909,true,1,0.305383090973
bf16,1,17,1,256,17,shuffle32_split,2,7,100,68.1046867371,28356,0.41635901079,8704,2909,true,1,0.0681046867371
bf16,1,17,1,256,17,baseline_fused,2,8,100,96.493024826,10948,0.113458978198,8704,2909,true,1,0.096493024826
bf16,1,17,1,256,17,control_optimized_fused,2,9,100,61.5369176865,10948,0.177909463321,8704,2909,true,1,0.0615369176865
bf16,1,17,1,256,17,optimized_fused,2,10,100,30.2543997765,10948,0.361864723177,8704,2909,true,1,0.0302543997765
bf16,1,17,1,256,17,control_shuffle32_fused,2,11,100,301.213703156,10948,0.0363462879853,8704,2909,true,1,0.301213703156
bf16,1,17,1,256,17,shuffle32_fused,2,12,100,61.4756584167,10948,0.178086746559,8704,2909,true,1,0.0614756584167
bf16,1,17,1,256,17,baseline_transform,2,13,100,10.0336003304,17408,1.734970442,8704,2909,true,1,0.0100336003304
bf16,1,17,1,256,17,control_optimized_transform,2,14,100,10.7334852219,17408,1.6218404032,8704,2909,true,1,0.0107334852219
bf16,1,17,1,256,17,control_shuffle32_transform,3,0,100,11.7248010635,17408,1.48471602253,8704,2909,true,1,0.0117248010635
bf16,1,17,1,256,17,shuffle32_transform,3,1,100,11.7791998386,17408,1.47785929762,8704,2909,true,1,0.0117791998386
bf16,1,17,1,256,17,baseline_split,3,2,100,101.293716431,28356,0.279938391039,8704,2909,true,1,0.101293716431
bf16,1,17,1,256,17,control_optimized_split,3,3,100,67.4043416977,28356,0.420685066953,8704,2909,true,1,0.0674043416977
bf16,1,17,1,256,17,optimized_split,3,4,100,36.2061715126,28356,0.783181397407,8704,2909,true,1,0.0362061715126
bf16,1,17,1,256,17,control_shuffle32_split,3,5,100,306.046619415,28356,0.0926525509551,8704,2909,true,1,0.306046619415
bf16,1,17,1,256,17,shuffle32_split,3,6,100,68.722281456,28356,0.412617267635,8704,2909,true,1,0.068722281456
bf16,1,17,1,256,17,baseline_fused,3,7,100,96.5451431274,10948,0.113397729242,8704,2909,true,1,0.0965451431274
bf16,1,17,1,256,17,control_optimized_fused,3,8,100,61.5892553329,10948,0.177758278466,8704,2909,true,1,0.0615892553329
bf16,1,17,1,256,17,optimized_fused,3,9,100,30.1972556114,10948,0.36254950254,8704,2909,true,1,0.0301972556114
bf16,1,17,1,256,17,control_shuffle32_fused,3,10,100,301.223773956,10948,0.0363450728215,8704,2909,true,1,0.301223773956
bf16,1,17,1,256,17,shuffle32_fused,3,11,100,61.4724588394,10948,0.178096015788,8704,2909,true,1,0.0614724588394
bf16,1,17,1,256,17,baseline_transform,3,12,100,10.1115429401,17408,1.72159680308,8704,2909,true,1,0.0101115429401
bf16,1,17,1,256,17,control_optimized_transform,3,13,100,10.8870851994,17408,1.598958737,8704,2909,true,1,0.0108870851994
bf16,1,17,1,256,17,optimized_transform,3,14,100,10.7581710815,17408,1.61811890405,8704,2909,true,1,0.0107581710815
bf16,1,17,1,256,17,shuffle32_transform,4,0,100,11.8105149269,17408,1.47394081526,8704,2909,true,1,0.0118105149269
bf16,1,17,1,256,17,baseline_split,4,1,100,101.31108284,28356,0.27989040493,8704,2909,true,1,0.10131108284
bf16,1,17,1,256,17,control_optimized_split,4,2,100,67.372341156,28356,0.420884884115,8704,2909,true,1,0.067372341156
bf16,1,17,1,256,17,optimized_split,4,3,100,36.2523436546,28356,0.782183912581,8704,2909,true,1,0.0362523436546
bf16,1,17,1,256,17,control_shuffle32_split,4,4,100,305.429019928,28356,0.0928399010896,8704,2909,true,1,0.305429019928
bf16,1,17,1,256,17,shuffle32_split,4,5,100,68.1458282471,28356,0.416107643408,8704,2909,true,1,0.0681458282471
bf16,1,17,1,256,17,baseline_fused,4,6,100,96.5282344818,10948,0.113417592881,8704,2909,true,1,0.0965282344818
bf16,1,17,1,256,17,control_optimized_fused,4,7,100,61.5778303146,10948,0.177791259355,8704,2909,true,1,0.0615778303146
bf16,1,17,1,256,17,optimized_fused,4,8,100,30.2326869965,10948,0.362124610402,8704,2909,true,1,0.0302326869965
bf16,1,17,1,256,17,control_shuffle32_fused,4,9,100,301.218967438,10948,0.0363456527759,8704,2909,true,1,0.301218967438
bf16,1,17,1,256,17,shuffle32_fused,4,10,100,61.4754295349,10948,0.178087409601,8704,2909,true,1,0.0614754295349
bf16,1,17,1,256,17,baseline_transform,4,11,100,10.0747430325,17408,1.72788526158,8704,2909,true,1,0.0100747430325
bf16,1,17,1,256,17,control_optimized_transform,4,12,100,10.6804573536,17408,1.62989274932,8704,2909,true,1,0.0106804573536
bf16,1,17,1,256,17,optimized_transform,4,13,100,10.7019424438,17408,1.62662059634,8704,2909,true,1,0.0107019424438
bf16,1,17,1,256,17,control_shuffle32_transform,4,14,100,11.767771244,17408,1.4792945613,8704,2909,true,1,0.011767771244
bf16,1,257,1,256,257,baseline_transform,0,0,100,10.4934859276,263168,25.0791778648,131584,2909,true,1,0.0104934859276
bf16,1,257,1,256,257,control_optimized_transform,0,1,100,10.9472000599,263168,24.0397543262,131584,2909,true,1,0.0109472000599
bf16,1,257,1,256,257,optimized_transform,0,2,100,10.9801137447,263168,23.9676934245,131584,2909,true,1,0.0109801137447
bf16,1,257,1,256,257,control_shuffle32_transform,0,3,100,13.6841142178,263168,19.2316430433,131584,2909,true,1,0.0136841142178
bf16,1,257,1,256,257,shuffle32_transform,0,4,100,13.8043427467,263168,19.0641455974,131584,2909,true,1,0.0138043427467
bf16,1,257,1,256,257,baseline_split,0,5,100,104.06170845,428676,4.11944034346,131584,2909,true,1,0.10406170845
bf16,1,257,1,256,257,control_optimized_split,0,6,100,69.7078847885,428676,6.14960561923,131584,2909,true,1,0.0697078847885
bf16,1,257,1,256,257,optimized_split,0,7,100,36.8292570114,428676,11.6395505852,131584,2909,true,1,0.0368292570114
bf16,1,257,1,256,257,control_shuffle32_split,0,8,100,328.982391357,428676,1.30303630608,131584,2909,true,1,0.328982391357
bf16,1,257,1,256,257,shuffle32_split,0,9,100,76.7714309692,428676,5.58379588068,131584,2909,true,1,0.0767714309692
bf16,1,257,1,256,257,baseline_fused,0,10,100,98.8267421722,165508,1.67472888777,131584,2909,true,1,0.0988267421722
bf16,1,257,1,256,257,control_optimized_fused,0,11,100,63.7739419937,165508,2.59522925549,131584,2909,true,1,0.0637739419937
bf16,1,257,1,256,257,optimized_fused,0,12,100,30.7522296906,165508,5.38198373469,131584,2909,true,1,0.0307522296906
bf16,1,257,1,256,257,control_shuffle32_fused,0,13,100,321.570739746,165508,0.514686131365,131584,2909,true,1,0.321570739746
bf16,1,257,1,256,257,shuffle32_fused,0,14,100,68.3753156662,165508,2.42058114668,131584,2909,true,1,0.0683753156662
bf16,1,257,1,256,257,control_optimized_transform,1,0,100,11.0127997398,263168,23.8965572985,131584,2909,true,1,0.0110127997398
bf16,1,257,1,256,257,optimized_transform,1,1,100,11.0144007206,263168,23.8930838523,131584,2909,true,1,0.0110144007206
bf16,1,257,1,256,257,control_shuffle32_transform,1,2,100,13.6436569691,263168,19.2886702294,131584,2909,true,1,0.0136436569691
bf16,1,257,1,256,257,shuffle32_transform,1,3,100,13.8498282433,263168,19.001535281,131584,2909,true,1,0.0138498282433
bf16,1,257,1,256,257,baseline_split,1,4,100,104.059200287,428676,4.11953963531,131584,2909,true,1,0.104059200287
bf16,1,257,1,256,257,control_optimized_split,1,5,100,69.6687984467,428676,6.1530557374,131584,2909,true,1,0.0696687984467
bf16,1,257,1,256,257,optimized_split,1,6,100,36.8761134148,428676,11.6247608629,131584,2909,true,1,0.0368761134148
bf16,1,257,1,256,257,control_shuffle32_split,1,7,100,328.957977295,428676,1.30313301269,131584,2909,true,1,0.328957977295
bf16,1,257,1,256,257,shuffle32_split,1,8,100,76.7730283737,428676,5.58367969951,131584,2909,true,1,0.0767730283737
bf16,1,257,1,256,257,baseline_fused,1,9,100,98.8912010193,165508,1.67363727302,131584,2909,true,1,0.0988912010193
bf16,1,257,1,256,257,control_optimized_fused,1,10,100,63.7702894211,165508,2.59537790251,131584,2909,true,1,0.0637702894211
bf16,1,257,1,256,257,optimized_fused,1,11,100,30.700571537,165508,5.39103970102,131584,2909,true,1,0.030700571537
bf16,1,257,1,256,257,control_shuffle32_fused,1,12,100,321.569824219,165508,0.514687596705,131584,2909,true,1,0.321569824219
bf16,1,257,1,256,257,shuffle32_fused,1,13,100,68.3762264252,165508,2.42054890498,131584,2909,true,1,0.0683762264252
bf16,1,257,1,256,257,baseline_transform,1,14,100,10.570743084,263168,24.8958846043,131584,2909,true,1,0.010570743084
bf16,1,257,1,256,257,optimized_transform,2,0,100,11.0948574543,263168,23.7198180404,131584,2909,true,1,0.0110948574543
bf16,1,257,1,256,257,control_shuffle32_transform,2,1,100,13.7026286125,263168,19.2056580852,131584,2909,true,1,0.0137026286125
bf16,1,257,1,256,257,shuffle32_transform,2,2,100,13.8411426544,263168,19.0134591176,131584,2909,true,1,0.0138411426544
bf16,1,257,1,256,257,baseline_split,2,3,100,104.09828186,428676,4.1179930383,131584,2909,true,1,0.10409828186
bf16,1,257,1,256,257,control_optimized_split,2,4,100,69.7476577759,428676,6.1460988608,131584,2909,true,1,0.0697476577759
bf16,1,257,1,256,257,optimized_split,2,5,100,36.9120001793,428676,11.6134589813,131584,2909,true,1,0.0369120001793
bf16,1,257,1,256,257,control_shuffle32_split,2,6,100,328.300094604,428676,1.30574436939,131584,2909,true,1,0.328300094604
bf16,1,257,1,256,257,shuffle32_split,2,7,100,76.7629718781,428676,5.58441120129,131584,2909,true,1,0.0767629718781
bf16,1,257,1,256,257,baseline_fused,2,8,100,98.8772583008,165508,1.67387327323,131584,2909,true,1,0.0988772583008
bf16,1,257,1,256,257,control_optimized_fused,2,9,100,63.7700557709,165508,2.59538741184,131584,2909,true,1,0.0637700557709
bf16,1,257,1,256,257,optimized_fused,2,10,100,30.745370388,165508,5.38318445708,131584,2909,true,1,0.030745370388
bf16,1,257,1,256,257,control_shuffle32_fused,2,11,100,321.594276428,165508,0.514648462772,131584,2909,true,1,0.321594276428
bf16,1,257,1,256,257,shuffle32_fused,2,12,100,68.3780574799,165508,2.42048408656,131584,2909,true,1,0.0683780574799
bf16,1,257,1,256,257,baseline_transform,2,13,100,10.5067420006,263168,25.0475361426,131584,2909,true,1,0.0105067420006
bf16,1,257,1,256,257,control_optimized_transform,2,14,100,11.0873138905,263168,23.7359564814,131584,2909,true,1,0.0110873138905
bf16,1,257,1,256,257,control_shuffle32_transform,3,0,100,13.7325716019,263168,19.1637813827,131584,2909,true,1,0.0137325716019
bf16,1,257,1,256,257,shuffle32_transform,3,1,100,13.9622855186,263168,18.8484900734,131584,2909,true,1,0.0139622855186
bf16,1,257,1,256,257,baseline_split,3,2,100,104.105148315,428676,4.11772142816,131584,2909,true,1,0.104105148315
bf16,1,257,1,256,257,control_optimized_split,3,3,100,69.6687984467,428676,6.1530557374,131584,2909,true,1,0.0696687984467
bf16,1,257,1,256,257,optimized_split,3,4,100,36.8859434128,428676,11.6216628975,131584,2909,true,1,0.0368859434128
bf16,1,257,1,256,257,control_shuffle32_split,3,5,100,328.416213989,428676,1.30528269233,131584,2909,true,1,0.328416213989
bf16,1,257,1,256,257,shuffle32_split,3,6,100,76.7878866196,428676,5.58259927277,131584,2909,true,1,0.0767878866196
bf16,1,257,1,256,257,baseline_fused,3,7,100,98.8349723816,165508,1.67458942935,131584,2909,true,1,0.0988349723816
bf16,1,257,1,256,257,control_optimized_fused,3,8,100,63.7778282166,165508,2.59507111841,131584,2909,true,1,0.0637778282166
bf16,1,257,1,256,257,optimized_fused,3,9,100,30.7565712929,165508,5.38122401304,131584,2909,true,1,0.0307565712929
bf16,1,257,1,256,257,control_shuffle32_fused,3,10,100,321.576652527,165508,0.514676667909,131584,2909,true,1,0.321576652527
bf16,1,257,1,256,257,shuffle32_fused,3,11,100,68.3282279968,165508,2.42224926436,131584,2909,true,1,0.0683282279968
bf16,1,257,1,256,257,baseline_transform,3,12,100,10.4859423637,263168,25.0972197702,131584,2909,true,1,0.0104859423637
bf16,1,257,1,256,257,control_optimized_transform,3,13,100,11.0020565987,263168,23.9198914894,131584,2909,true,1,0.0110020565987
bf16,1,257,1,256,257,optimized_transform,3,14,100,11.0557711124,263168,23.8036765888,131584,2909,true,1,0.0110557711124
bf16,1,257,1,256,257,shuffle32_transform,4,0,100,13.8948571682,263168,18.9399571953,131584,2909,true,1,0.0138948571682
bf16,1,257,1,256,257,baseline_split,4,1,100,104.077711105,428676,4.11880695153,131584,2909,true,1,0.104077711105
bf16,1,257,1,256,257,control_optimized_split,4,2,100,69.6669721603,428676,6.15321703681,131584,2909,true,1,0.0696669721603
bf16,1,257,1,256,257,optimized_split,4,3,100,36.8489146233,428676,11.6333412906,131584,2909,true,1,0.0368489146233
bf16,1,257,1,256,257,control_shuffle32_split,4,4,100,328.396568298,428676,1.30536077835,131584,2909,true,1,0.328396568298
bf16,1,257,1,256,257,shuffle32_split,4,5,100,76.8022823334,428676,5.58155287807,131584,2909,true,1,0.0768022823334
bf16,1,257,1,256,257,baseline_fused,4,6,100,98.8751983643,165508,1.67390814621,131584,2909,true,1,0.0988751983643
bf16,1,257,1,256,257,control_optimized_fused,4,7,100,63.7184000015,165508,2.59749146237,131584,2909,true,1,0.0637184000015
bf16,1,257,1,256,257,optimized_fused,4,8,100,30.6390857697,165508,5.40185830753,131584,2909,true,1,0.0306390857697
bf16,1,257,1,256,257,control_shuffle32_fused,4,9,100,321.585388184,165508,0.514662687054,131584,2909,true,1,0.321585388184
bf16,1,257,1,256,257,shuffle32_fused,4,10,100,68.327088356,165508,2.42228966552,131584,2909,true,1,0.068327088356
bf16,1,257,1,256,257,baseline_transform,4,11,100,10.6413710117,263168,24.7306479315,131584,2909,true,1,0.0106413710117
bf16,1,257,1,256,257,control_optimized_transform,4,12,100,11.0182857513,263168,23.8846591874,131584,2909,true,1,0.0110182857513
bf16,1,257,1,256,257,optimized_transform,4,13,100,11.089142561,263168,23.7320422705,131584,2909,true,1,0.011089142561
bf16,1,257,1,256,257,control_shuffle32_transform,4,14,100,13.742171526,263168,19.1503940628,131584,2909,true,1,0.013742171526
bf16,4,64,16,256,4096,baseline_transform,0,0,100,49.2649173737,4194304,85.137745552,2097152,2909,true,1,0.0492649173737
bf16,4,64,16,256,4096,control_optimized_transform,0,1,100,37.3028564453,4194304,112.439217789,2097152,2909,true,1,0.0373028564453
bf16,4,64,16,256,4096,optimized_transform,0,2,100,37.4217152596,4194304,112.082088459,2097152,2909,true,1,0.0374217152596
bf16,4,64,16,256,4096,control_shuffle32_transform,0,3,100,22.4383997917,4194304,186.925272699,2097152,2909,true,1,0.0224383997917
bf16,4,64,16,256,4096,shuffle32_transform,0,4,100,22.4443435669,4194304,186.875770614,2097152,2909,true,1,0.0224443435669
bf16,4,64,16,256,4096,baseline_split,0,5,100,1145.11863708,6832128,5.96630582958,2097152,2909,true,1,1.14511863708
bf16,4,64,16,256,4096,control_optimized_split,0,6,100,499.791297913,6832128,13.6699618992,2097152,2909,true,1,0.499791297913
bf16,4,64,16,256,4096,optimized_split,0,7,100,188.719539642,6832128,36.2025469803,2097152,2909,true,1,0.188719539642
bf16,4,64,16,256,4096,control_shuffle32_split,0,8,100,842.68371582,6832128,8.10758279973,2097152,2909,true,1,0.84268371582
bf16,4,64,16,256,4096,shuffle32_split,0,9,100,149.500570297,6832128,45.6996785124,2097152,2909,true,1,0.149500570297
bf16,4,64,16,256,4096,baseline_fused,0,10,100,1138.36502075,2637824,2.31720401797,2097152,2909,true,1,1.13836502075
bf16,4,64,16,256,4096,control_optimized_fused,0,11,100,484.753837585,2637824,5.4415742496,2097152,2909,true,1,0.484753837585
bf16,4,64,16,256,4096,optimized_fused,0,12,100,171.889839172,2637824,15.3460147074,2097152,2909,true,1,0.171889839172
bf16,4,64,16,256,4096,control_shuffle32_fused,0,13,100,831.012573242,2637824,3.17422874808,2097152,2909,true,1,0.831012573242
bf16,4,64,16,256,4096,shuffle32_fused,0,14,100,131.430854797,2637824,20.0700513138,2097152,2909,true,1,0.131430854797
bf16,4,64,16,256,4096,control_optimized_transform,1,0,100,37.3933720589,4194304,112.167043758,2097152,2909,true,1,0.0373933720589
bf16,4,64,16,256,4096,optimized_transform,1,1,100,37.353143692,4194304,112.287844755,2097152,2909,true,1,0.037353143692
bf16,4,64,16,256,4096,control_shuffle32_transform,1,2,100,21.9309735298,4194304,191.250242234,2097152,2909,true,1,0.0219309735298
bf16,4,64,16,256,4096,shuffle32_transform,1,3,100,22.5145125389,4194304,186.293351577,2097152,2909,true,1,0.0225145125389
bf16,4,64,16,256,4096,baseline_split,1,4,100,1145.01739502,6832128,5.9668333684,2097152,2909,true,1,1.14501739502
bf16,4,64,16,256,4096,control_optimized_split,1,5,100,500.291900635,6832128,13.6562834444,2097152,2909,true,1,0.500291900635
bf16,4,64,16,256,4096,optimized_split,1,6,100,188.736915588,6832128,36.1992140155,2097152,2909,true,1,0.188736915588
bf16,4,64,16,256,4096,control_shuffle32_split,1,7,100,842.790374756,6832128,8.10655674844,2097152,2909,true,1,0.842790374756
bf16,4,64,16,256,4096,shuffle32_split,1,8,100,149.318180084,6832128,45.7555000747,2097152,2909,true,1,0.149318180084
bf16,4,64,16,256,4096,baseline_fused,1,9,100,1136.62902832,2637824,2.32074312223,2097152,2909,true,1,1.13662902832
bf16,4,64,16,256,4096,control_optimized_fused,1,10,100,488.225135803,2637824,5.40288446161,2097152,2909,true,1,0.488225135803
bf16,4,64,16,256,4096,optimized_fused,1,11,100,171.692333221,2637824,15.3636679665,2097152,2909,true,1,0.171692333221
bf16,4,64,16,256,4096,control_shuffle32_fused,1,12,100,833.356323242,2637824,3.16530147601,2097152,2909,true,1,0.833356323242
bf16,4,64,16,256,4096,shuffle32_fused,1,13,100,130.929365158,2637824,20.1469242352,2097152,2909,true,1,0.130929365158
bf16,4,64,16,256,4096,baseline_transform,1,14,100,49.2432022095,4194304,85.1752894168,2097152,2909,true,1,0.0492432022095
bf16,4,64,16,256,4096,optimized_transform,2,0,100,37.395427227,4194304,112.160879311,2097152,2909,true,1,0.037395427227
bf16,4,64,16,256,4096,control_shuffle32_transform,2,1,100,22.4105143547,4194304,187.1578641,2097152,2909,true,1,0.0224105143547
bf16,4,64,16,256,4096,shuffle32_transform,2,2,100,21.8896007538,4194304,191.611717691,2097152,2909,true,1,0.0218896007538
bf16,4,64,16,256,4096,baseline_split,2,3,100,1144.11514282,6832128,5.97153882882,2097152,2909,true,1,1.14411514282
bf16,4,64,16,256,4096,control_optimized_split,2,4,100,501.005935669,6832128,13.6368204718,2097152,2909,true,1,0.501005935669
bf16,4,64,16,256,4096,optimized_split,2,5,100,188.8048172,6832128,36.1861953595,2097152,2909,true,1,0.1888048172
bf16,4,64,16,256,4096,control_shuffle32_split,2,6,100,840.151748657,6832128,8.13201663976,2097152,2909,true,1,0.840151748657
bf16,4,64,16,256,4096,shuffle32_split,2,7,100,149.463768005,6832128,45.7109310917,2097152,2909,true,1,0.149463768005
bf16,4,64,16,256,4096,baseline_fused,2,8,100,1137.22442627,2637824,2.3195280888,2097152,2909,true,1,1.13722442627
bf16,4,64,16,256,4096,control_optimized_fused,2,9,100,484.704437256,2637824,5.44212884647,2097152,2909,true,1,0.484704437256
bf16,4,64,16,256,4096,optimized_fused,2,10,100,171.552448273,2637824,15.3761955983,2097152,2909,true,1,0.171552448273
bf16,4,64,16,256,4096,control_shuffle32_fused,2,11,100,839.16519165,2637824,3.14339062946,2097152,2909,true,1,0.83916519165
bf16,4,64,16,256,4096,shuffle32_fused,2,12,100,131.356563568,2637824,20.0814023171,2097152,2909,true,1,0.131356563568
bf16,4,64,16,256,4096,baseline_transform,2,13,100,49.296913147,4194304,85.0824875686,2097152,2909,true,1,0.049296913147
bf16,4,64,16,256,4096,control_optimized_transform,2,14,100,37.2848010063,4194304,112.493667307,2097152,2909,true,1,0.0372848010063
bf16,4,64,16,256,4096,control_shuffle32_transform,3,0,100,22.2790837288,4194304,188.261961356,2097152,2909,true,1,0.0222790837288
bf16,4,64,16,256,4096,shuffle32_transform,3,1,100,22.4146294594,4194304,187.123503764,2097152,2909,true,1,0.0224146294594
bf16,4,64,16,256,4096,baseline_split,3,2,100,1145.09552002,6832128,5.96642627672,2097152,2909,true,1,1.14509552002
bf16,4,64,16,256,4096,control_optimized_split,3,3,100,500.098724365,6832128,13.6615585426,2097152,2909,true,1,0.500098724365
bf16,4,64,16,256,4096,optimized_split,3,4,100,188.804111481,6832128,36.1863306176,2097152,2909,true,1,0.188804111481
bf16,4,64,16,256,4096,control_shuffle32_split,3,5,100,837.845077515,6832128,8.1544048934,2097152,2909,true,1,0.837845077515
bf16,4,64,16,256,4096,shuffle32_split,3,6,100,149.30811882,6832128,45.7585833509,2097152,2909,true,1,0.14930811882
bf16,4,64,16,256,4096,baseline_fused,3,7,100,1137.36824036,2637824,2.31923479697,2097152,2909,true,1,1.13736824036
bf16,4,64,16,256,4096,control_optimized_fused,3,8,100,485.969390869,2637824,5.42796326181,2097152,2909,true,1,0.485969390869
bf16,4,64,16,256,4096,optimized_fused,3,9,100,171.728000641,2637824,15.3604769761,2097152,2909,true,1,0.171728000641
bf16,4,64,16,256,4096,control_shuffle32_fused,3,10,100,836.472015381,2637824,3.15351135662,2097152,2909,true,1,0.836472015381
bf16,4,64,16,256,4096,shuffle32_fused,3,11,100,131.472921371,2637824,20.0636296241,2097152,2909,true,1,0.131472921371
bf16,4,64,16,256,4096,baseline_transform,3,12,100,49.2054891586,4194304,85.2405711582,2097152,2909,true,1,0.0492054891586
bf16,4,64,16,256,4096,control_optimized_transform,3,13,100,37.355659008,4194304,112.280283935,2097152,2909,true,1,0.037355659008
bf16,4,64,16,256,4096,optimized_transform,3,14,100,37.424685955,4194304,112.07319161,2097152,2909,true,1,0.037424685955
bf16,4,64,16,256,4096,shuffle32_transform,4,0,100,22.337372303,4194304,187.7706985,2097152,2909,true,1,0.022337372303
bf16,4,64,16,256,4096,baseline_split,4,1,100,1144.90394592,6832128,5.96742462486,2097152,2909,true,1,1.14490394592
bf16,4,64,16,256,4096,control_optimized_split,4,2,100,501.928215027,6832128,13.6117631874,2097152,2909,true,1,0.501928215027
bf16,4,64,16,256,4096,optimized_split,4,3,100,188.961372375,6832128,36.1562149666,2097152,2909,true,1,0.188961372375
bf16,4,64,16,256,4096,control_shuffle32_split,4,4,100,839.621276855,6832128,8.13715443895,2097152,2909,true,1,0.839621276855
bf16,4,64,16,256,4096,shuffle32_split,4,5,100,149.401607513,6832128,45.7299497222,2097152,2909,true,1,0.149401607513
bf16,4,64,16,256,4096,baseline_fused,4,6,100,1136.54586792,2637824,2.32091292965,2097152,2909,true,1,1.13654586792
bf16,4,64,16,256,4096,control_optimized_fused,4,7,100,485.598869324,2637824,5.43210490517,2097152,2909,true,1,0.485598869324
bf16,4,64,16,256,4096,optimized_fused,4,8,100,171.668815613,2637824,15.3657726978,2097152,2909,true,1,0.171668815613
bf16,4,64,16,256,4096,control_shuffle32_fused,4,9,100,832.301940918,2637824,3.16931136444,2097152,2909,true,1,0.832301940918
bf16,4,64,16,256,4096,shuffle32_fused,4,10,100,130.382404327,2637824,20.2314416091,2097152,2909,true,1,0.130382404327
bf16,4,64,16,256,4096,baseline_transform,4,11,100,49.2322301865,4194304,85.1942718035,2097152,2909,true,1,0.0492322301865
bf16,4,64,16,256,4096,control_optimized_transform,4,12,100,37.2429704666,4194304,112.620017884,2097152,2909,true,1,0.0372429704666
bf16,4,64,16,256,4096,optimized_transform,4,13,100,37.3298287392,4194304,112.357975958,2097152,2909,true,1,0.0373298287392
bf16,4,64,16,256,4096,control_shuffle32_transform,4,14,100,23.2015991211,4194304,180.776505021,2097152,2909,true,1,0.0232015991211
bf16,16,64,16,256,16384,baseline_transform,0,0,100,170.639762878,16777216,98.3194990253,8388608,2909,true,1,0.170639762878
bf16,16,64,16,256,16384,control_optimized_transform,0,1,100,120.598402023,16777216,139.116403854,8388608,2909,true,1,0.120598402023
bf16,16,64,16,256,16384,optimized_transform,0,2,100,120.683202744,16777216,139.018650637,8388608,2909,true,1,0.120683202744
bf16,16,64,16,256,16384,control_shuffle32_transform,0,3,100,43.0507469177,16777216,389.707895941,8388608,2909,true,1,0.0430507469177
bf16,16,64,16,256,16384,shuffle32_transform,0,4,100,43.2370281219,16777216,388.028889328,8388608,2909,true,1,0.0432370281219
bf16,16,64,16,256,16384,baseline_split,0,5,100,4268.43078613,27328512,6.40247279838,8388608,2909,true,1,4.26843078613
bf16,16,64,16,256,16384,control_optimized_split,0,6,100,1869.99084473,27328512,14.6142490895,8388608,2909,true,1,1.86999084473
bf16,16,64,16,256,16384,optimized_split,0,7,100,677.841415405,27328512,40.3169699858,8388608,2909,true,1,0.677841415405
bf16,16,64,16,256,16384,control_shuffle32_split,0,8,100,3209.85198975,27328512,8.51394771077,8388608,2909,true,1,3.20985198975
bf16,16,64,16,256,16384,shuffle32_split,0,9,100,436.122283936,27328512,62.662498585,8388608,2909,true,1,0.436122283936
bf16,16,64,16,256,16384,baseline_fused,0,10,100,4270.7989502,10551296,2.47056724586,8388608,2909,true,1,4.2707989502
bf16,16,64,16,256,16384,control_optimized_fused,0,11,100,1823.46969604,10551296,5.78638406927,8388608,2909,true,1,1.82346969604
bf16,16,64,16,256,16384,optimized_fused,0,12,100,631.613960266,10551296,16.7052925739,8388608,2909,true,1,0.631613960266
bf16,16,64,16,256,16384,control_shuffle32_fused,0,13,100,3041.81427002,10551296,3.46875090435,8388608,2909,true,1,3.04181427002
bf16,16,64,16,256,16384,shuffle32_fused,0,14,100,391.185836792,10551296,26.9725920717,8388608,2909,true,1,0.391185836792
bf16,16,64,16,256,16384,control_optimized_transform,1,0,100,120.690059662,16777216,139.010752393,8388608,2909,true,1,0.120690059662
bf16,16,64,16,256,16384,optimized_transform,1,1,100,120.731420517,16777216,138.963129301,8388608,2909,true,1,0.120731420517
bf16,16,64,16,256,16384,control_shuffle32_transform,1,2,100,43.0806875229,16777216,389.437053229,8388608,2909,true,1,0.0430806875229
bf16,16,64,16,256,16384,shuffle32_transform,1,3,100,43.1762266159,16777216,388.575318294,8388608,2909,true,1,0.0431762266159
bf16,16,64,16,256,16384,baseline_split,1,4,100,4270.22796631,27328512,6.39977823564,8388608,2909,true,1,4.27022796631
bf16,16,64,16,256,16384,control_optimized_split,1,5,100,1870.10635376,27328512,14.6133464255,8388608,2909,true,1,1.87010635376
bf16,16,64,16,256,16384,optimized_split,1,6,100,677.92388916,27328512,40.3120651698,8388608,2909,true,1,0.67792388916
bf16,16,64,16,256,16384,control_shuffle32_split,1,7,100,3178.72833252,27328512,8.59730972302,8388608,2909,true,1,3.17872833252
bf16,16,64,16,256,16384,shuffle32_split,1,8,100,436.400222778,27328512,62.6225894799,8388608,2909,true,1,0.436400222778
bf16,16,64,16,256,16384,baseline_fused,1,9,100,4274.03869629,10551296,2.46869454157,8388608,2909,true,1,4.27403869629
bf16,16,64,16,256,16384,control_optimized_fused,1,10,100,1823.49151611,10551296,5.78631482887,8388608,2909,true,1,1.82349151611
bf16,16,64,16,256,16384,optimized_fused,1,11,100,631.592216492,10551296,16.7058676857,8388608,2909,true,1,0.631592216492
bf16,16,64,16,256,16384,control_shuffle32_fused,1,12,100,3042.56256104,10551296,3.46789779613,8388608,2909,true,1,3.04256256104
bf16,16,64,16,256,16384,shuffle32_fused,1,13,100,391.27407074,10551296,26.9665096388,8388608,2909,true,1,0.39127407074
bf16,16,64,16,256,16384,baseline_transform,1,14,100,170.64617157,16777216,98.3158065936,8388608,2909,true,1,0.17064617157
bf16,16,64,16,256,16384,optimized_transform,2,0,100,120.743312836,16777216,138.949442466,8388608,2909,true,1,0.120743312836
bf16,16,64,16,256,16384,control_shuffle32_transform,2,1,100,43.1081151962,16777216,389.189272684,8388608,2909,true,1,0.0431081151962
bf16,16,64,16,256,16384,shuffle32_transform,2,2,100,43.1792020798,16777216,388.548541703,8388608,2909,true,1,0.0431792020798
bf16,16,64,16,256,16384,baseline_split,2,3,100,4269.07989502,27328512,6.40149930946,8388608,2909,true,1,4.26907989502
bf16,16,64,16,256,16384,control_optimized_split,2,4,100,1870.02807617,27328512,14.6139581262,8388608,2909,true,1,1.87002807617
bf16,16,64,16,256,16384,optimized_split,2,5,100,677.95501709,27328512,40.3102142636,8388608,2909,true,1,0.67795501709
bf16,16,64,16,256,16384,control_shuffle32_split,2,6,100,3205.2822876,27328512,8.52608586325,8388608,2909,true,1,3.2052822876
bf16,16,64,16,256,16384,shuffle32_split,2,7,100,436.1769104,27328512,62.6546507813,8388608,2909,true,1,0.4361769104
bf16,16,64,16,256,16384,baseline_fused,2,8,100,4272.46765137,10551296,2.4696023144,8388608,2909,true,1,4.27246765137
bf16,16,64,16,256,16384,control_optimized_fused,2,9,100,1823.51791382,10551296,5.78623106471,8388608,2909,true,1,1.82351791382
bf16,16,64,16,256,16384,optimized_fused,2,10,100,631.600914001,10551296,16.7056376362,8388608,2909,true,1,0.631600914001
bf16,16,64,16,256,16384,control_shuffle32_fused,2,11,100,3041.89697266,10551296,3.46865659647,8388608,2909,true,1,3.04189697266
bf16,16,64,16,256,16384,shuffle32_fused,2,12,100,391.127319336,10551296,26.9766275031,8388608,2909,true,1,0.391127319336
bf16,16,64,16,256,16384,baseline_transform,2,13,100,170.65530777,16777216,98.3105431601,8388608,2909,true,1,0.17065530777
bf16,16,64,16,256,16384,control_optimized_transform,2,14,100,120.694627762,16777216,139.005491057,8388608,2909,true,1,0.120694627762
bf16,16,64,16,256,16384,control_shuffle32_transform,3,0,100,43.1051445007,16777216,389.216094606,8388608,2909,true,1,0.0431051445007
bf16,16,64,16,256,16384,shuffle32_transform,3,1,100,43.2260560989,16777216,388.127382281,8388608,2909,true,1,0.0432260560989
bf16,16,64,16,256,16384,baseline_split,3,2,100,4269.793396,27328512,6.40042959119,8388608,2909,true,1,4.269793396
bf16,16,64,16,256,16384,control_optimized_split,3,3,100,1870.08743286,27328512,14.6134942783,8388608,2909,true,1,1.87008743286
bf16,16,64,16,256,16384,optimized_split,3,4,100,677.908554077,27328512,40.3129770758,8388608,2909,true,1,0.677908554077
bf16,16,64,16,256,16384,control_shuffle32_split,3,5,100,3180.52856445,27328512,8.59244350308,8388608,2909,true,1,3.18052856445
bf16,16,64,16,256,16384,shuffle32_split,3,6,100,436.222419739,27328512,62.6481142725,8388608,2909,true,1,0.436222419739
bf16,16,64,16,256,16384,baseline_fused,3,7,100,4268.67980957,10551296,2.47179373265,8388608,2909,true,1,4.26867980957
bf16,16,64,16,256,16384,control_optimized_fused,3,8,100,1823.46420288,10551296,5.78640150069,8388608,2909,true,1,1.82346420288
bf16,16,64,16,256,16384,optimized_fused,3,9,100,631.605682373,10551296,16.7055115153,8388608,2909,true,1,0.631605682373
bf16,16,64,16,256,16384,control_shuffle32_fused,3,10,100,3042.02423096,10551296,3.46851149068,8388608,2909,true,1,3.04202423096
bf16,16,64,16,256,16384,shuffle32_fused,3,11,100,391.282958984,10551296,26.9658970771,8388608,2909,true,1,0.391282958984
bf16,16,64,16,256,16384,baseline_transform,3,12,100,170.631999969,16777216,98.3239720744,8388608,2909,true,1,0.170631999969
bf16,16,64,16,256,16384,control_optimized_transform,3,13,100,120.664234161,16777216,139.040504559,8388608,2909,true,1,0.120664234161
bf16,16,64,16,256,16384,optimized_transform,3,14,100,120.69234848,16777216,139.008116184,8388608,2909,true,1,0.12069234848
bf16,16,64,16,256,16384,shuffle32_transform,4,0,100,43.1785106659,16777216,388.554763498,8388608,2909,true,1,0.0431785106659
bf16,16,64,16,256,16384,baseline_split,4,1,100,4271.5838623,27328512,6.39774680328,8388608,2909,true,1,4.2715838623
bf16,16,64,16,256,16384,control_optimized_split,4,2,100,1870.13381958,27328512,14.6131318058,8388608,2909,true,1,1.87013381958
bf16,16,64,16,256,16384,optimized_split,4,3,100,677.829666138,27328512,40.3176688263,8388608,2909,true,1,0.677829666138
bf16,16,64,16,256,16384,control_shuffle32_split,4,4,100,3183.60565186,27328512,8.58413854872,8388608,2909,true,1,3.18360565186
bf16,16,64,16,256,16384,shuffle32_split,4,5,100,436.189231873,27328512,62.6528809129,8388608,2909,true,1,0.436189231873
bf16,16,64,16,256,16384,baseline_fused,4,6,100,4272.67547607,10551296,2.46948219192,8388608,2909,true,1,4.27267547607
bf16,16,64,16,256,16384,control_optimized_fused,4,7,100,1823.50830078,10551296,5.78626156814,8388608,2909,true,1,1.82350830078
bf16,16,64,16,256,16384,optimized_fused,4,8,100,631.596832275,10551296,16.7057455972,8388608,2909,true,1,0.631596832275
bf16,16,64,16,256,16384,control_shuffle32_fused,4,9,100,3044.8550415,10551296,3.46528680551,8388608,2909,true,1,3.0448550415
bf16,16,64,16,256,16384,shuffle32_fused,4,10,100,390.836105347,10551296,26.9967279268,8388608,2909,true,1,0.390836105347
bf16,16,64,16,256,16384,baseline_transform,4,11,100,170.526866913,16777216,98.3845906732,8388608,2909,true,1,0.170526866913
bf16,16,64,16,256,16384,control_optimized_transform,4,12,100,120.613260269,16777216,139.099266221,8388608,2909,true,1,0.120613260269
bf16,16,64,16,256,16384,optimized_transform,4,13,100,120.690507889,16777216,139.010236128,8388608,2909,true,1,0.120690507889
bf16,16,64,16,256,16384,control_shuffle32_transform,4,14,100,43.0806875229,16777216,389.437053229,8388608,2909,true,1,0.0430806875229
