dtype,batch,seq,heads,dim,scale,method,rows,repeats,seed,input_read_only,input_working_set_bytes,logical_io_bytes,run1_count,run1_median_ms,run1_mean_ms,run1_minimum_ms,run1_maximum_ms,run1_population_stddev_ms,run1_cv_percent,run1_range_over_median_percent,run2_count,run2_median_ms,run2_mean_ms,run2_minimum_ms,run2_maximum_ms,run2_population_stddev_ms,run2_cv_percent,run2_range_over_median_percent,run3_count,run3_median_ms,run3_mean_ms,run3_minimum_ms,run3_maximum_ms,run3_population_stddev_ms,run3_cv_percent,run3_range_over_median_percent,across_run_medians_count,across_run_medians_median_ms,across_run_medians_mean_ms,across_run_medians_minimum_ms,across_run_medians_maximum_ms,across_run_medians_population_stddev_ms,across_run_medians_cv_percent,across_run_medians_range_over_median_percent,comparison_role,run1_baseline_over_candidate,run1_time_reduction_percent,run2_baseline_over_candidate,run2_time_reduction_percent,run3_baseline_over_candidate,run3_time_reduction_percent,minimum_time_reduction_percent,maximum_time_reduction_percent,stable_candidate_every_run_at_least_5_percent,every_run_faster,any_run_slowdown,every_run_slowdown,any_run_regression_over_3_percent,every_run_regression_over_3_percent
bf16,1,1,1,64,1.0,baseline_fused,1,100,2909,true,128,164,5,0.0221632003784,0.02218495988846,0.0221119999886,0.0222528004646,0.000053331792376704636,0.24039616318822535,0.6352894599880148,5,0.0221567988396,0.02219135951996,0.0221375989914,0.0222656011581,0.00005846183267948197,0.263444123947875,0.5777105602061368,5,0.0221632003784,0.02217727994918,0.0221311998367,0.0222207999229,0.00003467861085417268,0.15636999187294343,0.4042741331135734,3,0.0221632003784,0.022161066532133333,0.0221567988396,0.0221632003784,0.000003017714330338592,0.013617189073291826,0.028883639053489694,baseline,,,,,,,,,,,,,,
bf16,1,1,1,64,1.0,baseline_split,1,100,2909,true,128,420,5,0.0352512001991,0.03523200035094,0.0351424002647,0.0352640008926,0.000045254858287612144,0.12844816597648773,0.3449545752008349,5,0.0352575993538,0.0352371201515,0.0351487994194,0.0352640008926,0.00004441474005353045,0.12604531772906466,0.3267422493630055,5,0.0352575993538,0.035235839366920004,0.0351487994194,0.0352575993538,0.000043519973760001565,0.12351053513105423,0.30858576985978947,3,0.0352575993538,0.03525546630223334,0.0352512001991,0.0352575993538,0.000003016590454823883,0.008556376560059257,0.018149717556751488,baseline,,,,,,,,,,,,,,
bf16,1,1,1,64,1.0,baseline_transform,1,100,2909,true,128,256,5,0.0158975994587,0.015924479961400001,0.0158783996105,0.0160064005852,0.00004914302445820735,0.30860049795865946,0.8051591375951542,5,0.0159039998055,0.01590143990518,0.0158464002609,0.0159552001953,0.00004590195157775235,0.28866537779889656,0.6841042236580928,5,0.0158975994587,0.01591167974472,0.0158527994156,0.0159552001953,0.00003911895014813651,0.24585053731437384,0.6441273096987034,3,0.0158975994587,0.015899732907633334,0.0158975994587,0.0159039998055,0.0000030171524161502093,0.018976120125273922,0.0402598317854647,baseline,,,,,,,,,,,,,,
bf16,1,1,1,64,1.0,optimized_fused,1,100,2909,true,128,164,5,0.0179328000546,0.0179174399376,0.0178431999683,0.0179776000977,0.000055292465229775885,0.30859578947851735,0.7494653873951357,5,0.0179263997078,0.01791359996798,0.0178623998165,0.0179776000977,0.00004302783118120905,0.24019644994931194,0.642629212099264,5,0.0179200005531,0.01790592002868,0.0178559994698,0.0179711997509,0.00004253007297451569,0.23751961868697652,0.6428586916537206,3,0.0179263997078,0.017926400105166667,0.0179200005531,0.0179328000546,0.000005225374613719861,0.02914904600513645,0.07140029068096998,candidate_vs_matching_baseline,1.2359029438191302,19.087497525505825,1.235987102862562,19.09300690241935,1.2367856972284503,19.145248668307737,19.087497525505825,19.145248668307737,True,True,False,False,False,False
bf16,1,1,1,64,1.0,optimized_split,1,100,2909,true,128,420,5,0.0312703990936,0.03126911973954,0.0312511992455,0.0312831997871,0.000011011240320442182,0.035214423725904886,0.10233493184469172,5,0.0312768006325,0.03122431993482,0.0310080003738,0.0312831997871,0.00010826388039578626,0.34672934629732355,0.8798835166472732,5,0.0312703990936,0.03124480009078,0.0311488008499,0.0312768006325,0.000048403232464907485,0.15491612148029313,0.40933210419497695,3,0.0312703990936,0.0312725329399,0.0312703990936,0.0312768006325,0.0000030177143774798854,0.009649728032198006,0.02047156123859859,candidate_vs_matching_baseline,1.1273025359729014,11.292668286515916,1.1272764042612313,11.290611936887196,1.1275071753406578,11.308768416674042,11.290611936887196,11.308768416674042,True,True,False,False,False,False
bf16,1,1,1,64,1.0,optimized_transform,1,100,2909,true,128,256,5,0.0157439994812,0.0157375998497,0.0156607997417,0.0157951998711,0.000043406943643006415,0.2758167958110453,0.8536593866157544,5,0.0157439994812,0.01574783968924,0.0156799995899,0.0157887995243,0.00004019275308275782,0.25522709067339727,0.6910565166742986,5,0.0157439994812,0.0157465596199,0.0156672000885,0.0157887995243,0.00004445101324333652,0.2822903181159696,0.7723541654406361,3,0.0157439994812,0.0157439994812,0.0157439994812,0.0157439994812,0.0000,0.0,0.0,candidate_vs_matching_baseline,1.009756096453345,0.9661834662461732,1.0101626225592206,1.0060382687169578,1.009756096453345,0.9661834662461732,0.9661834662461732,1.0060382687169578,False,True,False,False,False,False
bf16,1,1,1,64,1.0,warp32_fused,1,100,2909,true,128,164,5,0.0152704000473,0.01527679991722,0.0152576005459,0.0153087997437,0.000018101734281471576,0.11849166304172978,0.33528393258467193,5,0.0152768003941,0.01527552008628,0.0152383995056,0.0152960002422,0.00002118803941050725,0.13870584628760163,0.3770471244897938,5,0.0152831995487,0.01528575992584,0.0152639997005,0.0153216004372,0.000019242837278281334,0.12588734463735782,0.3768892535653693,3,0.0152768003941,0.015276799996700001,0.0152704000473,0.0152831995487,0.000005225374572895571,0.03420464085426479,0.08378391462745838,candidate_vs_matching_baseline,1.4513830881803738,31.10020309980883,1.4503559821438199,31.0514099771653,1.450167571769042,31.042451957458127,31.042451957458127,31.10020309980883,True,True,False,False,False,False
bf16,1,1,1,64,1.0,warp32_split,1,100,2909,true,128,420,5,0.0298496007919,0.0298636803627,0.0298304009438,0.0299519991875,0.00004478113837998549,0.14995184061746633,0.4073697485863742,5,0.0298559999466,0.0298944005966,0.0298496007919,0.0299584007263,0.000052308102863652686,0.17497625581963291,0.3644156437386063,5,0.0298623991013,0.0298956799507,0.0298368000984,0.0299711990356,0.000057157271970187655,0.1911890683351035,0.45006074945314595,3,0.0298559999466,0.0298559999466,0.0298496007919,0.0298623991013,0.000005224887933377922,0.017500294556280407,0.042866792011293155,candidate_vs_matching_baseline,1.1809605242246919,15.323164535367816,1.180921738238921,15.3203834242839,1.1806686808450408,15.302233706727165,15.302233706727165,15.323164535367816,True,True,False,False,False,False
bf16,1,1,1,64,1.0,warp32_transform,1,100,2909,true,128,256,5,0.015232000351,0.0152281599045,0.0151935994625,0.0152831995487,0.00003176877588201931,0.2086186123684679,0.5882358464764509,5,0.0152639997005,0.01524991989136,0.0151935994625,0.0152831995487,0.000033230825085543224,0.21790819441858508,0.5870026726813014,5,0.0152576005459,0.01524095988274,0.0151935994625,0.0152831995487,0.000039576917808192655,0.2596747062697311,0.5872488661008891,3,0.0152576005459,0.015251200199133333,0.015232000351,0.0152639997005,0.000013825409485339474,0.09065128845482678,0.2097272726713134,candidate_vs_matching_baseline,1.0436974194040314,4.1867900209031195,1.0419287288756325,4.0241455786403595,1.0419462359677505,4.025758193635697,4.0241455786403595,4.1867900209031195,False,True,False,False,False,False
bf16,1,1,1,128,1.0,baseline_fused,1,100,2909,true,256,324,5,0.0279871988297,0.02801151943208,0.0279615998268,0.0280640006065,0.00004135832897721449,0.14764757433989514,0.3658843470655967,5,0.0279871988297,0.02800895929338,0.0279615998268,0.0280767989159,0.00004079962295209119,0.14566632956524844,0.4116135015904121,5,0.0279936003685,0.02801279973984,0.0279679989815,0.0280640006065,0.00004007052902295468,0.1430436421746381,0.3429413285045894,3,0.0279871988297,0.027989332675966665,0.0279871988297,0.0279936003685,0.0000030177143303402668,0.01078165873147615,0.02287309579981603,baseline,,,,,,,,,,,,,,
bf16,1,1,1,128,1.0,baseline_split,1,100,2909,true,256,836,5,0.0411520004272,0.04114815998074,0.0411327981949,0.0411520004272,0.0000076808929200012695,0.018666431071514313,0.046661722639639136,5,0.0411327981949,0.04111743927002,0.0410239982605,0.0411520004272,0.00004730874629916093,0.1150576182249151,0.31119246031715586,5,0.0411456012726,0.04114432048796,0.0411327981949,0.0411520004272,0.00000746410466413704,0.018141275820368084,0.04666897968699871,3,0.0411456012726,0.04114346663156667,0.0411327981949,0.0411520004272,0.000007983272118695402,0.019403498956916683,0.04666897968699871,baseline,,,,,,,,,,,,,,
bf16,1,1,1,128,1.0,baseline_transform,1,100,2909,true,256,512,5,0.0163968002796,0.01640704011914,0.0163520002365,0.0164543998241,0.000041199081341348406,0.25110611689970025,0.6245095741478338,5,0.0164031994343,0.01643136000634,0.0163455998898,0.016505600214,0.00006382069724739492,0.3884078811660743,0.9754214404382144,5,0.0164031994343,0.01642367982864,0.0163584005833,0.0164991998672,0.00004847116116201548,0.29512972529755677,0.8583647627034426,3,0.0164031994343,0.016401066382733333,0.0163968002796,0.0164031994343,0.0000030165904548205336,0.018392648285335465,0.039011625296816455,baseline,,,,,,,,,,,,,,
bf16,1,1,1,128,1.0,optimized_fused,1,100,2909,true,256,324,5,0.0185920000076,0.01857024025916,0.01848960042,0.0186432003975,0.00005454662726745598,0.2937314030740673,0.8261616686597056,5,0.0186240005493,0.01859712028502,0.0185344004631,0.0186559998989,0.000052213778768048204,0.28076270932175695,0.6529179135176236,5,0.018604799509,0.01859200000762,0.0185280001163,0.0186495995522,0.00005199366944763101,0.2796561393412285,0.653591756477563,3,0.018604799509,0.0186069333553,0.0185920000076,0.0186240005493,0.000013151011172716848,0.0706780151333799,0.17200154016451671,candidate_vs_matching_baseline,1.5053355646654178,33.569629026717095,1.5027490337328155,33.455289103330266,1.5046440223641326,33.53909727905102,33.455289103330266,33.569629026717095,True,True,False,False,False,False
bf16,1,1,1,128,1.0,optimized_split,1,100,2909,true,256,836,5,0.0322304010391,0.03223168039322,0.0322176003456,0.0322496008873,0.000011011240348340109,0.03416278709023295,0.09928682445241462,5,0.0322304010391,0.03220864009858,0.0321023988724,0.0322496008873,0.00005379112393156479,0.1670083672173924,0.4567179127601274,5,0.0322368001938,0.03220736026764,0.0320959997177,0.0322368001938,0.000055735405245372335,0.17305176451039947,0.43676939166895645,3,0.0322304010391,0.03223253409066667,0.0322304010391,0.0322368001938,0.0000030165904548205336,0.009358837398062429,0.019854406069088497,candidate_vs_matching_baseline,1.276806961764976,21.679625037627915,1.2762111816418338,21.64306234070842,1.2763550050018115,21.6518918262415,21.64306234070842,21.679625037627915,True,True,False,False,False,False
bf16,1,1,1,128,1.0,optimized_transform,1,100,2909,true,256,512,5,0.0164224004745,0.01642624020576,0.0163647997379,0.0164672005177,0.00003678769405203791,0.22395687382641585,0.6235433118258411,5,0.0164608001709,0.0164262404442,0.0163136005402,0.0164672005177,0.0000587406559245908,0.35760255746975717,0.933125825629913,5,0.0164224004745,0.01642240023612,0.0163199996948,0.0164800000191,0.000056232857106380665,0.34241558053554283,0.9742809801066658,3,0.0164224004745,0.016435200373300002,0.0164224004745,0.0164608001709,0.000018101790479962666,0.110140369869601,0.2338251125931588,candidate_vs_matching_baseline,0.99844114172348,-0.15612921096472832,0.9965007328925705,-0.35115549762538834,0.9988308018532481,-0.11705667712513801,-0.35115549762538834,-0.11705667712513801,False,False,True,True,False,False
bf16,1,1,1,128,1.0,warp32_fused,1,100,2909,true,256,324,5,0.0159360003471,0.01596672010422,0.0159104001522,0.0160383999348,0.000051741065399230804,0.3240556924747222,0.8032114697041582,5,0.0159360003471,0.0159500799179,0.015891200304,0.0160383999348,0.00005585254504246639,0.35017094165017815,0.9236924422305769,5,0.0159423995018,0.01596031999586,0.015891200304,0.0160192000866,0.000048808011300490846,0.30580847572699865,0.8028890668907754,3,0.0159360003471,0.015938133398666666,0.0159360003471,0.0159423995018,0.000003016590454821371,0.01892687417884035,0.040155337353295885,candidate_vs_matching_baseline,1.7562247879087836,43.05968080596645,1.7562247879087836,43.05968080596645,1.7559213947272705,43.04984249278881,43.04984249278881,43.05968080596645,True,True,False,False,False,False
bf16,1,1,1,128,1.0,warp32_split,1,100,2909,true,256,836,5,0.03007999897,0.03008511972426,0.0299903988838,0.0301760005951,0.00006289012079449648,0.2090406199839159,0.6170269868862253,5,0.03007999897,0.03005439996718,0.0299968004227,0.0300927996635,0.00003986508371896235,0.13264308641162628,0.31914642316225345,5,0.0300735998154,0.03005055999756,0.0300096011162,0.03007999897,0.00003352431752406513,0.11155970979172163,0.23408522502168255,3,0.03007999897,0.030077865918466667,0.0300735998154,0.03007999897,0.00000301659040767924,0.010029270081382897,0.021273785967808656,candidate_vs_matching_baseline,1.3680851674311079,26.90513545456178,1.367446795324807,26.871012209109622,1.3681634897439274,26.909319865920033,26.871012209109622,26.909319865920033,True,True,False,False,False,False
bf16,1,1,1,128,1.0,warp32_transform,1,100,2909,true,256,512,5,0.0152576005459,0.0152499201298,0.0151999998093,0.0152831995487,0.00003066663983449264,0.20109377343273224,0.5453002859113294,5,0.015232000351,0.01522304010394,0.0151999998093,0.015232000351,0.00001254162899190803,0.08238583690429896,0.2100875851010571,5,0.015232000351,0.015235839843760001,0.0151935994625,0.0152831995487,0.000028506935082668695,0.187104454857761,0.5882358464764509,3,0.015232000351,0.0152405337493,0.015232000351,0.0152576005459,0.000012068047608991925,0.07918389084992651,0.16806850256092717,candidate_vs_matching_baseline,1.0746644094051947,6.947695369061302,1.0768906943481726,7.140064887895936,1.0768906943481726,7.140064887895936,6.947695369061302,7.140064887895936,True,True,False,False,False,False
bf16,1,1,1,256,1.0,baseline_fused,1,100,2909,true,512,644,5,0.0398399996758,0.03987455987932,0.0398271989822,0.0399424004555,0.000050491313571765034,0.12662538150784997,0.2891603269012427,5,0.0398399996758,0.03986176013948,0.0397952008247,0.039929599762,0.00005469653148501382,0.13721554515813045,0.3373467329158728,5,0.0398399996758,0.0398719997406,0.0398271989822,0.0399359989166,0.000047377284510908196,0.11882344707849171,0.2730922070415706,3,0.0398399996758,0.0398399996758,0.0398399996758,0.0398399996758,0.0000,0.0,0.0,baseline,,,,,,,,,,,,,,
bf16,1,1,1,256,1.0,baseline_split,1,100,2909,true,512,1668,5,0.054028801918,0.05402752017974,0.0540095996857,0.054047999382,0.0000124101918944758,0.022970130506063,0.07107264077089263,5,0.054022397995,0.054030078887959995,0.054022397995,0.0540416002274,0.00000940713426046671,0.01741092083166102,0.035544946379046524,5,0.0540416002274,0.05409407997134,0.0540095996857,0.0543423986435,0.00012471892667770686,0.23055928993299296,0.6158199542567574,3,0.054028801918,0.054030933380133334,0.054022397995,0.0540416002274,0.000007982847462121676,0.01477458737564007,0.03554073330950639,baseline,,,,,,,,,,,,,,
bf16,1,1,1,256,1.0,baseline_transform,1,100,2909,true,512,1024,5,0.0181312000751,0.01814016008376,0.018086400032,0.0181887996197,0.00003978305346985811,0.21930927448360246,0.5647700498359551,5,0.0181503999233,0.01814784002304,0.0180928003788,0.0181951999664,0.0000405981755777475,0.22370803096239097,0.5641726244750594,5,0.0181631994247,0.01817727994918,0.0181376004219,0.0182400000095,0.00003537980238907455,0.1946374952027439,0.5637750552953151,3,0.0181503999233,0.018148266474366668,0.0181312000751,0.0181631994247,0.0000131504954778417,0.07246144140772885,0.17630107179578647,baseline,,,,,,,,,,,,,,
bf16,1,1,1,256,1.0,optimized_fused,1,100,2909,true,512,644,5,0.0193408000469,0.019306239843380002,0.019244799614,0.0193535995483,0.00005032875832464813,0.2606864865086899,0.5625410222750188,5,0.0193280005455,0.01930112028122,0.0192384004593,0.0193535995483,0.00005189903846997408,0.26889132710328667,0.596021759875321,5,0.0193280005455,0.01930112004282,0.019244799614,0.0193408000469,0.000041159586509681795,0.2132497306807494,0.4966909674593821,3,0.0193280005455,0.019332267045966667,0.0193280005455,0.0193408000469,0.000006033742823831124,0.03121073596534017,0.06622258401674137,candidate_vs_matching_baseline,2.0598940881034378,51.45381474827629,2.061258203196588,51.485942011087914,2.061258203196588,51.485942011087914,51.45381474827629,51.485942011087914,True,True,False,False,False,False
bf16,1,1,1,256,1.0,optimized_split,1,100,2909,true,512,1668,5,0.0340159988403,0.03401727962492,0.034003200531,0.0340287995338,0.000008490372537097488,0.02495899916370063,0.07525577279145441,5,0.0340159988403,0.03401855945586,0.0340095996857,0.0340287995338,0.00000652691157796977,0.01918632558923788,0.056443581710284615,5,0.0340224003792,0.03401983976364,0.0340095996857,0.0340287995338,0.00000652691157796977,0.019185603528167276,0.05643296147832136,3,0.0340159988403,0.0340181326866,0.0340159988403,0.0340224003792,0.0000030177143774798854,0.008870899544314453,0.01881920013595592,candidate_vs_matching_baseline,1.5883350117589403,37.040989929914815,1.5881467496699724,37.03352664306326,1.5884123290853684,37.044054513489264,37.03352664306326,37.044054513489264,True,True,False,False,False,False
bf16,1,1,1,256,1.0,optimized_transform,1,100,2909,true,512,1024,5,0.0177983999252,0.01778175997734,0.0177023994923,0.0178240001202,0.00004445133591430995,0.24998276869643976,0.6832110100404705,5,0.017804800272,0.01778048014642,0.0176960003376,0.0178111994267,0.000043103750500593264,0.2424217464637588,0.6470114089466209,5,0.0177664005756,0.01776256036756,0.0176960003376,0.0178175997734,0.0000387396834702292,0.21809740639069128,0.6844348425139216,3,0.0177983999252,0.017789866924266665,0.0177664005756,0.017804800272,0.000016797683364068963,0.09442276007784921,0.21574802544825464,candidate_vs_matching_baseline,1.0186983184611333,1.8355108791560104,1.0194104761648741,1.90408835485959,1.0223342284449535,2.1846308011153504,1.8355108791560104,2.1846308011153504,False,True,False,False,False,False
bf16,1,1,1,256,1.0,warp32_fused,1,100,2909,true,512,644,5,0.0181695997715,0.01816447997094,0.0181376004219,0.0181887996197,0.00001828184545891592,0.10064612633096948,0.28178495092835093,5,0.0181376004219,0.01815296006202,0.0181376004219,0.0181887996197,0.000020479619511300957,0.11281697002214444,0.28228209139605515,5,0.0181631994247,0.01816063976288,0.0181439995766,0.0181760001183,0.000010398863016071009,0.057260444300679794,0.17618339672295366,3,0.0181631994247,0.0181567998727,0.0181376004219,0.0181695997715,0.000013825225569136929,0.0761435146395159,0.17617683345195137,candidate_vs_matching_baseline,2.192673486308223,54.393574499608356,2.1965419211515838,54.473894152872404,2.193446140420717,54.40963962724913,54.393574499608356,54.473894152872404,True,True,False,False,False,False
bf16,1,1,1,256,1.0,warp32_split,1,100,2909,true,512,1668,5,0.0318079996109,0.03184511995314,0.0317887997627,0.0319232010841,0.00005899185027701479,0.18524612362528742,0.4225393707372449,5,0.0317951989174,0.03184384012222,0.0317824006081,0.0319296002388,0.00006756209254318224,0.2121669129221596,0.46296181723034385,5,0.0318016004562,0.031822080135340002,0.0317824006081,0.0319167995453,0.000048131750828368645,0.15125268563105637,0.4226168974895037,3,0.0318016004562,0.0318015996615,0.0317951989174,0.0318079996109,0.000005225861268339884,0.016432699373505017,0.04025172732306716,candidate_vs_matching_baseline,1.6985916303735538,41.12769766915193,1.6990740688662938,41.14441398854086,1.6993358652446096,41.15348116565198,41.12769766915193,41.15348116565198,True,True,False,False,False,False
bf16,1,1,1,256,1.0,warp32_transform,1,100,2909,true,512,1024,5,0.0159935998917,0.0160025599003,0.0159744000435,0.0160383999348,0.000027631287009258307,0.17266791801691866,0.40015938708842497,5,0.0159935998917,0.01600512003898,0.0159679996967,0.0160704004765,0.00003890895909588716,0.24310320073280006,0.640260982476768,5,0.0159871995449,0.01598591995238,0.0159360003471,0.016031999588,0.000038908559052940286,0.24339268036399458,0.600475653227369,3,0.0159935998917,0.015991466442766667,0.0159871995449,0.0159935998917,0.0000030171524161510467,0.01886726540651798,0.04001817504089778,candidate_vs_matching_baseline,1.1336534737566697,11.789623271189953,1.1348539444655787,11.882933933765704,1.1361088834657196,11.98026751190583,11.789623271189953,11.98026751190583,True,True,False,False,False,False
bf16,1,17,1,64,1.0,baseline_fused,17,100,2909,true,2176,2788,5,0.0238463997841,0.0238438396454,0.0238271999359,0.0238655996323,0.000014927023432469032,0.06260327050701661,0.16102932412297616,5,0.0238463997841,0.0238438396454,0.0238271999359,0.0238655996323,0.000014927023432469032,0.06260327050701661,0.16102932412297616,5,0.0238527989388,0.0238438396454,0.0238143992424,0.0238655996323,0.00001966386734616975,0.08246938261037728,0.2146514965869066,3,0.0238463997841,0.023848532835666667,0.0238463997841,0.0238527989388,0.0000030165904548205336,0.012648956124919654,0.026834888108625013,baseline,,,,,,,,,,,,,,
bf16,1,17,1,64,1.0,baseline_split,17,100,2909,true,2176,7140,5,0.0384191989899,0.03839487981796,0.0382848000526,0.0384256005287,0.0000551142869429512,0.1435459290516397,0.36648467381378586,5,0.0384256005287,0.03842687940598,0.0384191989899,0.038438398838,0.00000746361392814702,0.019422898875794556,0.049966292877202716,5,0.0384191989899,0.03842047977448,0.0384064006805,0.0384319996834,0.000008490372558200213,0.02209855943506402,0.06663075642657575,3,0.0384191989899,0.03842133283616667,0.0384191989899,0.0384256005287,0.000003017714330338592,0.007854267688230651,0.016662343225015218,baseline,,,,,,,,,,,,,,
bf16,1,17,1,64,1.0,baseline_transform,17,100,2909,true,2176,4352,5,0.0175424003601,0.01755520009996,0.0175039994717,0.0176064002514,0.000036876702438111295,0.21006141899912217,0.5837329988939894,5,0.0175616002083,0.01755264019966,0.0175039994717,0.0175872004032,0.00002821845024241996,0.16076470503261703,0.47376623151163405,5,0.0175551998615,0.0175539197922,0.0175039994717,0.0175935995579,0.00003197445187433649,0.18214992578776731,0.5103905788990827,3,0.0175551998615,0.017553066809966666,0.0175424003601,0.0175616002083,0.000007982103914743638,0.04547412712068858,0.10936843984389141,baseline,,,,,,,,,,,,,,
bf16,1,17,1,64,1.0,optimized_fused,17,100,2909,true,2176,2788,5,0.0193664002419,0.01937536001204,0.0193216001987,0.0194495999813,0.00005129572071428008,0.2647471875743445,0.6609374018980931,5,0.0193728005886,0.01939712023736,0.0193343997002,0.0194560003281,0.00004761878835673422,0.2454941134252373,0.6276873978228921,5,0.0193728005886,0.01938432002066,0.0193216001987,0.0194495999813,0.0000447815472601767,0.23101943845565942,0.6607190427352143,3,0.0193728005886,0.0193706671397,0.0193664002419,0.0193728005886,0.0000030171523690105907,0.015575882581901195,0.03303779786887212,candidate_vs_matching_baseline,1.2313284599224248,18.786901095179655,1.2309216561147338,18.760061208412893,1.2312519725638569,18.78185600647746,18.760061208412893,18.786901095179655,True,True,False,False,False,False
bf16,1,17,1,64,1.0,optimized_split,17,100,2909,true,2176,7140,5,0.0343359994888,0.03433600044252,0.0343296003342,0.0343424010277,0.000005724644184887856,0.016672425766277484,0.03728067826938542,5,0.0343359994888,0.03433344030382,0.0343167996407,0.0343424010277,0.00000957909816658072,0.027900198994957496,0.07456135653879155,5,0.0343424010277,0.0343654398918,0.0343359994888,0.0344639992714,0.00004950776738251116,0.14406266161116216,0.3727164635249511,3,0.0343359994888,0.0343381333351,0.0343359994888,0.0343424010277,0.0000030177143774798854,0.008788230705584734,0.018643811146632296,candidate_vs_matching_baseline,1.1189189061594638,10.62801830452903,1.1191053442680177,10.64290729001226,1.1187103359171575,10.611355961043722,10.611355961043722,10.64290729001226,True,True,False,False,False,False
bf16,1,17,1,64,1.0,optimized_transform,17,100,2909,true,2176,4352,5,0.0173055994511,0.01729919958116,0.017260799408,0.017331199646,0.00002394669402326145,0.13842660124773068,0.4068061219082845,5,0.0172927999496,0.01728383994102,0.0172544002533,0.0173055994511,0.000019663619015281828,0.11376880995416917,0.29607234195285353,5,0.0172927999496,0.01729664015768,0.0172544002533,0.0173440003395,0.000028506999317767928,0.16481235117278162,0.5181352150093738,3,0.0172927999496,0.0172970664501,0.0172927999496,0.0173055994511,0.000006033742870972417,0.03488304151677427,0.07401636251680468,candidate_vs_matching_baseline,1.013683484913026,1.349877463397775,1.0155440564560638,1.530613699843597,1.0151739401753774,1.4947133269354929,1.349877463397775,1.530613699843597,False,True,False,False,False,False
bf16,1,17,1,64,1.0,warp32_fused,17,100,2909,true,2176,2788,5,0.0179200005531,0.01788287997246,0.0177727997303,0.0179519999027,0.00007165716312976336,0.40070258951643617,1.0000009311885767,5,0.0179647994041,0.01791743993758,0.0178304004669,0.0179776000977,0.00006609042889537727,0.3688608926588856,0.8193780931748589,5,0.0179071998596,0.01787391996384,0.0177919995785,0.0179392004013,0.00006262857468788977,0.3503908197787116,0.8220203267630625,3,0.0179200005531,0.0179306666056,0.0179071998596,0.0179647994041,0.000024694809017300787,0.13772387586297685,0.3214260196550952,candidate_vs_matching_baseline,1.3307142325938592,24.852385620707118,1.3273958282360603,24.664521408894856,1.3320228246635992,24.926211361839933,24.664521408894856,24.926211361839933,True,True,False,False,False,False
bf16,1,17,1,64,1.0,warp32_split,17,100,2909,true,2176,7140,5,0.0345855998993,0.03460479974748,0.0345023989677,0.0347135996819,0.00009353636680865464,0.270298824126171,0.6106608380798142,5,0.0345792007446,0.0345792002678,0.0345088005066,0.0347135996819,0.00007485507404047023,0.21647427777609696,0.5922611595699923,5,0.0345855998993,0.03460864019394,0.0345088005066,0.0347135996819,0.00007017828420612399,0.2027767742761886,0.5921515772353234,3,0.0345855998993,0.034583466847733334,0.0345792007446,0.0345855998993,0.0000030165904548205336,0.008722637519547138,0.01850236722401958,candidate_vs_matching_baseline,1.1108437934215967,9.97834205655307,1.111234490713342,10.009992638181753,1.1108437934215967,9.97834205655307,9.97834205655307,10.009992638181753,True,True,False,False,False,False
bf16,1,17,1,64,1.0,warp32_transform,17,100,2909,true,2176,4352,5,0.0177727997303,0.01771775984764,0.0175743997097,0.0178175997734,0.00010083616055444002,0.5691247732306934,1.3683835264591506,5,0.0177664005756,0.01770368003844,0.017568000555,0.0177919995785,0.00009171431690770114,0.5180522733610291,1.260801379248619,5,0.0177664005756,0.01770624017714,0.0175743997097,0.0178175997734,0.00009694269069041625,0.5475057929891636,1.3688763948844396,3,0.0177664005756,0.017768533627166665,0.0177664005756,0.0177727997303,0.000003016590454822208,0.01697714914533005,0.036018295730597505,candidate_vs_matching_baseline,0.9870364054231026,-1.3133856568684932,0.9884726021779973,-1.1661828356803516,0.9881123521221256,-1.2030664177351769,-1.3133856568684932,-1.1661828356803516,False,False,True,True,False,False
bf16,1,17,1,128,1.0,baseline_fused,17,100,2909,true,4352,5508,5,0.0296384000778,0.02960383987426,0.0295104002953,0.0296384000778,0.00004983785037872765,0.168349276953294,0.43187143085998464,5,0.0296192002296,0.02960896015166,0.0295743989944,0.0296384000778,0.000026419247899347086,0.08922720610256188,0.21607971486023203,5,0.0296192002296,0.02961151981354,0.0295679998398,0.0296447992325,0.00003197402238154913,0.10797832256799215,0.2592892181580592,3,0.0296192002296,0.029625600179,0.0296192002296,0.0296384000778,0.000009050895239981333,0.030550926176331202,0.06482230462391801,baseline,,,,,,,,,,,,,,
bf16,1,17,1,128,1.0,baseline_split,17,100,2909,true,4352,14212,5,0.0447168016434,0.04470656013488,0.0446655988693,0.044742398262,0.000027631331217122156,0.06180598805579816,0.17174616671480733,5,0.0447168016434,0.04470271968842,0.04465280056,0.044742398262,0.000034441194265333826,0.07704496394266507,0.20036697327887534,5,0.0447103977203,0.04469631958006,0.0446655988693,0.044723200798,0.00002540800255202267,0.05684584948098888,0.12883340707535032,3,0.0447168016434,0.04471466700236667,0.0447103977203,0.0447168016434,0.0000030188383001358873,0.00675133798933604,0.014321066947194016,baseline,,,,,,,,,,,,,,
bf16,1,17,1,128,1.0,baseline_transform,17,100,2909,true,4352,8704,5,0.0185151994228,0.01847295999524,0.018393599987,0.0185280001163,0.0000623925030728644,0.3377504367948684,0.7258908004765781,5,0.0184832000732,0.01847296023368,0.0184256005287,0.0185215997696,0.00003401021540165693,0.1841080962197349,0.5193864726876953,5,0.0185151994228,0.01847935986518,0.0184127998352,0.0185280001163,0.00005193068941595302,0.2810199584554017,0.6221930343247513,3,0.0185151994228,0.018504532972933333,0.0184832000732,0.0185151994228,0.000015084638063812458,0.08151860998533078,0.17282746390835438,baseline,,,,,,,,,,,,,,
bf16,1,17,1,128,1.0,optimized_fused,17,100,2909,true,4352,5508,5,0.0200896000862,0.02008192014692,0.020070400238,0.0200896000862,0.000009405966245778585,0.04683798250846642,0.09557108214009867,5,0.0201024007797,0.020096000194560002,0.0200640010834,0.0201087999344,0.000016688782376298415,0.08304529366404007,0.22285323773486138,5,0.0200896000862,0.02008832025528,0.0200640010834,0.0201151990891,0.00001639132233094163,0.08159628143439893,0.25484830698629574,3,0.0200896000862,0.020093866984033333,0.0200896000862,0.0201024007797,0.0000060343047851608,0.030030579927475792,0.06371801053816889,candidate_vs_matching_baseline,1.4753106060164576,32.2176634586707,1.4734160637922582,32.13050783319047,1.4743548951950565,32.173725385996676,32.13050783319047,32.2176634586707,True,True,False,False,False,False
bf16,1,17,1,128,1.0,optimized_split,17,100,2909,true,4352,14212,5,0.0357760000229,0.03578240013122,0.0357696008682,0.0358015990257,0.000013424116689509637,0.03751597612312526,0.08944028812476729,5,0.0357696008682,0.03577983999252,0.0357568001747,0.0358080005646,0.000020876100621973433,0.0583459865285527,0.14313939394700334,5,0.0357951998711,0.0357849597931,0.0357631993294,0.0358015990257,0.0000154660713235902,0.04321947380411014,0.10727610528304406,3,0.0357760000229,0.03578026692073333,0.0357696008682,0.0357951998711,0.00001087756253973172,0.030401010042293945,0.0715535635163684,candidate_vs_matching_baseline,1.24991059969748,19.994277971397846,1.2501342077639526,20.008588374791703,1.2490612674689343,19.93987596570228,19.93987596570228,20.008588374791703,True,True,False,False,False,False
bf16,1,17,1,128,1.0,optimized_transform,17,100,2909,true,4352,8704,5,0.0184640002251,0.01846272015572,0.0184256005287,0.0185215997696,0.00003583968538319719,0.19411920389257256,0.519926558327818,5,0.0184704005718,0.01846016025542,0.0184319996834,0.0184832000732,0.000018812256893329823,0.10190733250978386,0.2772023790224088,5,0.0184256005287,0.01844608020784,0.018419200182,0.01848960042,0.00003066655027598932,0.16624968519303815,0.38207839082553235,3,0.0184640002251,0.0184533337752,0.0184256005287,0.0184704005718,0.000019783677287811566,0.10720923129022603,0.24263454589379357,candidate_vs_matching_baseline,1.002772920118924,0.27652522952007486,1.0006929736770052,0.06924937970324008,1.0048627394239031,0.4839207618237529,0.06924937970324008,0.4839207618237529,False,True,False,False,False,False
bf16,1,17,1,128,1.0,warp32_fused,17,100,2909,true,4352,5508,5,0.018796800375,0.01874304008484,0.0186368000507,0.0188095998764,0.0000768639174303553,0.41009311767158524,0.9193044680616304,5,0.018796800375,0.0187532801628,0.0186688005924,0.0188095998764,0.00006157288711293273,0.32833129233077835,0.7490598463090815,5,0.0187583994865,0.01873792004584,0.0186624002457,0.0188095998764,0.00006130626918088029,0.327177557759357,0.7847131670585088,3,0.018796800375,0.018784000078833333,0.0187583994865,0.018796800375,0.00001810235244129234,0.09637112630600388,0.20429481472322128,candidate_vs_matching_baseline,1.5767789988991676,36.57957134778225,1.5757575565357358,36.53846076432751,1.5789833376198368,36.66810939832953,36.53846076432751,36.66810939832953,True,True,False,False,False,False
bf16,1,17,1,128,1.0,warp32_split,17,100,2909,true,4352,14212,5,0.0368192005157,0.0368422398567,0.0368063998222,0.0369472002983,0.000052869035949294096,0.14350114475919826,0.3824104655394644,5,0.0368255996704,0.03686400032044,0.0368000006676,0.0369472002983,0.00006857258006314566,0.18601502676616513,0.3997209333112679,5,0.0368192005157,0.03684096002578,0.0368000006676,0.0369472002983,0.00005424546358117062,0.14724226389109177,0.39979040456684284,3,0.0368192005157,0.03682133356726666,0.0368192005157,0.0368255996704,0.000003016590454823883,0.00819250733902143,0.017379939298999954,candidate_vs_matching_baseline,1.2144968119101989,17.661372990582947,1.2142857697804947,17.64706258718909,1.2143228830086936,17.649579531736393,17.64706258718909,17.661372990582947,True,True,False,False,False,False
bf16,1,17,1,128,1.0,warp32_transform,17,100,2909,true,4352,8704,5,0.0198272001743,0.019795200109459998,0.0197055995464,0.0198720002174,0.000060985133360259895,0.30808040849819696,0.8392545066231291,5,0.0198272001743,0.01980800032616,0.0197440004349,0.0198784005642,0.00005475643619936539,0.2764359617212332,0.6778573279055838,5,0.0198336005211,0.019810559987999998,0.0197376000881,0.0198720002174,0.00005588200595526477,0.2820819097951527,0.6776385818450841,3,0.0198272001743,0.01982933362323333,0.0198272001743,0.0198336005211,0.0000030171524161502093,0.015215601661041793,0.0322806384347483,candidate_vs_matching_baseline,0.9338282389865304,-7.0860741034437735,0.93221432732383,-7.271468662229941,0.9335268905463021,-7.1206421718390756,-7.271468662229941,-7.0860741034437735,False,False,True,True,True,True
bf16,1,17,1,256,1.0,baseline_fused,17,100,2909,true,8704,10948,5,0.0411007976532,0.04111487960816,0.0410816001892,0.0411583995819,0.00003119672601024633,0.07587697278348535,0.18685620981863588,5,0.0411327981949,0.0411263990402,0.0410943984985,0.0411583995819,0.000027453539678805636,0.06675405656588243,0.15559623028013758,5,0.0411456012726,0.0411225605011,0.0410816001892,0.0411520004272,0.000030986075225338448,0.07535054930373218,0.17110027760580865,3,0.0411327981949,0.04112639904023333,0.0411007976532,0.0411456012726,0.000018842380655868157,0.045815780363933495,0.10892431676470483,baseline,,,,,,,,,,,,,,
bf16,1,17,1,256,1.0,baseline_split,17,100,2909,true,8704,28356,5,0.0569600009918,0.0570265598297,0.0569471979141,0.057305598259,0.00013960730309099678,0.2448110205278206,0.6292140777026909,5,0.0569600009918,0.05695488071442,0.0569343996048,0.0569664001465,0.000011011295787075711,0.019333366427871104,0.05618072532092697,5,0.0569600009918,0.05696000003814,0.0569471979141,0.0569727993011,0.000009051120101429408,0.0158903091561953,0.0449462544842306,3,0.0569600009918,0.0569600009918,0.0569600009918,0.0569600009918,0.0000,0.0,0.0,baseline,,,,,,,,,,,,,,
bf16,1,17,1,256,1.0,baseline_transform,17,100,2909,true,8704,17408,5,0.0199168002605,0.01990656018256,0.0198528003693,0.0199360001087,0.00003150977122496986,0.15828837798192455,0.41773647529622093,5,0.0199168002605,0.019905280113219998,0.0198528003693,0.0199360001087,0.000030398185785724122,0.15271418243210408,0.41773647529622093,5,0.019929599762,0.01991423988344,0.0198847997189,0.0199360001087,0.00002164678099101357,0.10870001123675473,0.2569062620997845,3,0.0199168002605,0.019921066761,0.0199168002605,0.019929599762,0.0000060337428709707425,0.030288251845946128,0.06426484843242021,baseline,,,,,,,,,,,,,,
bf16,1,17,1,256,1.0,optimized_fused,17,100,2909,true,8704,10948,5,0.0204543995857,0.02046848011018,0.0204288005829,0.0205055999756,0.00003145762905119763,0.15368815311085154,0.3754663752325031,5,0.0204608011246,0.02046464014052,0.0204351997375,0.0204992008209,0.000027333461493360287,0.13356433978645935,0.3127985214765244,5,0.0204608011246,0.02046464014052,0.0204351997375,0.0204927992821,0.000020076039230984007,0.09810111046728565,0.28151167810700595,3,0.0204608011246,0.0204586672783,0.0204543995857,0.0204608011246,0.0000030177143774798854,0.01475029793695653,0.03128684385824922,candidate_vs_matching_baseline,2.009386659383257,50.233570262334126,2.01032197832401,50.25672450570866,2.0109477151962873,50.2722028801037,50.233570262334126,50.2722028801037,True,True,False,False,False,False
bf16,1,17,1,256,1.0,optimized_split,17,100,2909,true,8704,28356,5,0.0371456003189,0.03716480016706,0.0371392011642,0.0372031998634,0.000026542128443539287,0.07141738506390295,0.1722914656125127,5,0.0371264004707,0.03709568071364,0.03697920084,0.0371968007088,0.00007758536026178522,0.2091493100253509,0.586105483001859,5,0.0371456003189,0.03716480064392,0.0371392011642,0.0371968007088,0.000026232219228764685,0.07058350582880407,0.1550642447705655,3,0.0371456003189,0.0371392003695,0.0371264004707,0.0371456003189,0.000009050895239983009,0.024370194161250486,0.05168808159020126,candidate_vs_matching_baseline,1.5334252375191326,34.78651742957746,1.5342182454976372,34.82022502765627,1.5334252375191326,34.78651742957746,34.78651742957746,34.82022502765627,True,True,False,False,False,False
bf16,1,17,1,256,1.0,optimized_transform,17,100,2909,true,8704,17408,5,0.0196607995033,0.01965952014922,0.0195904004574,0.0197376000881,0.00004830183941296052,0.24569185334300703,0.7486960572243802,5,0.0196544003487,0.0196556801796,0.0195840001106,0.0197376000881,0.00004980494299182122,0.2533870236834245,0.7815042676189139,5,0.019622399807,0.01963263988496,0.0195840001106,0.0196992003918,0.00003810031269205828,0.19406617202430243,0.5870855875584796,3,0.0196544003487,0.019645866553,0.019622399807,0.0196607995033,0.00001679788519963309,0.08550340680731126,0.1953745503232344,candidate_vs_matching_baseline,1.0130208721754692,1.2853508287057114,1.013350695373281,1.3174802597202495,1.0156555751600989,1.5414256114954172,1.2853508287057114,1.5414256114954172,False,True,False,False,False,False
bf16,1,17,1,256,1.0,warp32_fused,17,100,2909,true,8704,10948,5,0.0241919994354,0.02415488004684,0.0240704011917,0.0242111992836,0.00006183783239791572,0.2560055453722094,0.582002708275406,5,0.0242048001289,0.024159999847399998,0.0240768003464,0.0242239999771,0.00006564284312109463,0.27170051132330136,0.6081423102694745,5,0.0241856002808,0.02415488004684,0.0240768003464,0.0242111992836,0.0000568698170017165,0.23543820913801786,0.5556981660144874,3,0.0241919994354,0.0241941332817,0.0241856002808,0.0242048001289,0.00000798221008617702,0.03299233741187421,0.07936445332379716,candidate_vs_matching_baseline,1.698941741584925,41.139829840950846,1.6993653314983725,41.15450153862588,1.7012437481348717,41.21947539285114,41.139829840950846,41.21947539285114,True,True,False,False,False,False
bf16,1,17,1,256,1.0,warp32_split,17,100,2909,true,8704,28356,5,0.0441152000427,0.04415359973906,0.0441088008881,0.0443135976791,0.0000800373511630655,0.18127027385325806,0.46423180854166524,5,0.0441215991974,0.04415359973908,0.0441024017334,0.0442944002151,0.00007092180226699472,0.16062518726921013,0.43515757631765806,5,0.0441215991974,0.044119039535540004,0.0441088008881,0.0441279983521,0.00000652588290578149,0.014791534390780603,0.04351035399716991,3,0.0441215991974,0.044119466145833336,0.0441152000427,0.0441215991974,0.0000030165904548205336,0.0068373231100517795,0.014503451407934739,candidate_vs_matching_baseline,1.2911649711815258,22.55056307135448,1.2909777076973343,22.539328600517795,1.2909777076973343,22.539328600517795,22.539328600517795,22.55056307135448,True,True,False,False,False,False
bf16,1,17,1,256,1.0,warp32_transform,17,100,2909,true,8704,17408,5,0.0226112008095,0.022584320068380002,0.0225343990326,0.0226304006577,0.0000413588897943255,0.18313099384484685,0.42457552745127375,5,0.0226175999641,0.02259711980818,0.0225279998779,0.0226559996605,0.00005283745615883707,0.23382385280672044,0.5659299961232348,5,0.0226112008095,0.02258432006836,0.0224959993362,0.0226559996605,0.00006873994710404209,0.30437023074404984,0.7076153347538131,3,0.0226112008095,0.022613333861033333,0.0226112008095,0.0226175999641,0.00000301659040767924,0.013339874722662388,0.028300817165394725,candidate_vs_matching_baseline,0.8808377948743015,-13.528280214486422,0.8805885811099822,-13.560409645500936,0.8814038639481129,-13.455368294013837,-13.560409645500936,-13.455368294013837,False,False,True,True,True,True
bf16,1,257,1,64,1.0,baseline_fused,257,100,2909,true,32896,42148,5,0.0421120023727,0.04206592082976,0.041958398819,0.0421311998367,0.00006909691772964498,0.16425865966248288,0.41033674003594245,5,0.042099199295,0.04207872009276,0.042009601593,0.0421311998367,0.00005013266157454805,0.11914017694462575,0.2888374262130949,5,0.0421184015274,0.04206208038332,0.041958398819,0.0421248006821,0.00007234087945788863,0.17198597596369933,0.3950811452133263,3,0.0421120023727,0.0421098677317,0.042099199295,0.0421184015274,0.000007983272154328026,0.018958198123995237,0.04559800369989819,baseline,,,,,,,,,,,,,,
bf16,1,257,1,64,1.0,baseline_split,257,100,2909,true,32896,107940,5,0.074092798233,0.07401471996306,0.0737599992752,0.0742144012451,0.00018726572439407296,0.2530114610817083,0.6132876348805782,5,0.0740159988403,0.07398015975954,0.0737215995789,0.0742848014832,0.0002137874104943134,0.28897938472854506,0.7609191433262817,5,0.0742015981674,0.07414015960692,0.0738112020493,0.0743039989471,0.00016993534521427736,0.22920822684392517,0.6641324580209816,3,0.074092798233,0.07410346508023333,0.0740159988403,0.0742015981674,0.00007614509735768513,0.1027551104057567,0.25049577222922265,baseline,,,,,,,,,,,,,,
bf16,1,257,1,64,1.0,baseline_transform,257,100,2909,true,32896,65792,5,0.0360511994362,0.03603968000412,0.0359807991982,0.036102399826,0.00004830207317396584,0.13402470046472117,0.3372998116614587,5,0.0360256004333,0.03604608011244,0.0359999990463,0.0360960006714,0.000041556201778052894,0.11528632696932632,0.2664816795427035,5,0.036031999588,0.03602815961838,0.0359744000435,0.0360831999779,0.00003472554786663044,0.09638446213865162,0.30195364021995147,3,0.036031999588,0.03603626648583333,0.0360256004333,0.0360511994362,0.00001087756253973172,0.030185043014952548,0.07104519092114761,baseline,,,,,,,,,,,,,,
bf16,1,257,1,64,1.0,optimized_fused,257,100,2909,true,32896,42148,5,0.0381376004219,0.03811584043502,0.0380223989487,0.0382080006599,0.00006621494131385727,0.173720271042536,0.48666331690187065,5,0.0380800008774,0.0380736002922,0.0380031991005,0.0381568002701,0.00005120021105968456,0.13447693589979134,0.40336440667248524,5,0.038041601181,0.03806080007554,0.0379776000977,0.0381568002701,0.00006916747662225665,0.18172890870653963,0.47106369562988787,3,0.0380800008774,0.03808640082676666,0.038041601181,0.0381376004219,0.00003945193765639328,0.10358536590484795,0.2520988410926581,candidate_vs_matching_baseline,1.1042121661256317,9.437694070269364,1.1055461745008872,9.546971165499919,1.1071668967613324,9.679380504855706,9.437694070269364,9.679380504855706,True,True,False,False,False,False
bf16,1,257,1,64,1.0,optimized_split,257,100,2909,true,32896,107940,5,0.0706623983383,0.07091967964172,0.070604801178,0.0715903997421,0.0003773591415632919,0.5320936917223502,1.3947991962873891,5,0.070764799118,0.07077887916564,0.0702848005295,0.071334400177,0.00037470120283887454,0.5293969150909856,1.4832228178162419,5,0.0708479976654,0.0708684797287,0.0702527999878,0.0713280010223,0.00037294806116700574,0.526253790958593,1.5176166863288683,3,0.070764799118,0.0707583983739,0.0706623983383,0.0708479976654,0.00007590566381489222,0.10727442333246884,0.26227634277675443,candidate_vs_matching_baseline,1.0485463269768567,4.6298695372692045,1.0459437426915978,4.392563463630239,1.0473351486634574,4.5195798807920795,4.392563463630239,4.6298695372692045,False,True,False,False,False,False
bf16,1,257,1,64,1.0,optimized_transform,257,100,2909,true,32896,65792,5,0.0368576002121,0.03682687997818,0.0366912007332,0.0369023990631,0.00007368591208384581,0.20008730614025638,0.5730116141166071,5,0.0368959999084,0.03689599990842,0.0367296004295,0.0369984006882,0.00009406031124231709,0.2549336282409619,0.728534961424911,5,0.0368831992149,0.03691519975662,0.0368639993668,0.0370368003845,0.00006309796187892441,0.17092677892826263,0.46850875568892647,3,0.0368831992149,0.0368789331118,0.0368576002121,0.0368959999084,0.000015964207793851094,0.04328814975600011,0.10411162024275988,candidate_vs_matching_baseline,0.9781211806721136,-2.23682093386961,0.9764093810369443,-2.4160582048077472,0.9769217517726569,-2.362343574136494,-2.4160582048077472,-2.23682093386961,False,False,True,True,False,False
bf16,1,257,1,64,1.0,warp32_fused,257,100,2909,true,32896,42148,5,0.0232768011093,0.023331840515139998,0.0232256007195,0.0234816002846,0.0001039558778411103,0.4455536963475019,1.099805612884307,5,0.0232256007195,0.02312447977068,0.0225216007233,0.0236671996117,0.0004016913684776663,1.7370828336946156,4.932483349884528,5,0.0233599996567,0.02338175964356,0.0232191991806,0.0236671996117,0.00016026081176465373,0.6854095423429524,1.9178100928246609,3,0.0232768011093,0.023287467161833334,0.0232256007195,0.0233599996567,0.000055384065624240676,0.2378277776597861,0.5773943617463081,candidate_vs_matching_baseline,1.8091834086202934,44.72644424908733,1.8126204701200215,44.83125306789757,1.803013790512613,44.5373071874458,44.5373071874458,44.83125306789757,True,True,False,False,False,False
bf16,1,257,1,64,1.0,warp32_split,257,100,2909,true,32896,107940,5,0.0439103984833,0.04396031951904,0.0436416006088,0.0444479990005,0.0002706343569502194,0.6156332799924324,1.8364633880667003,5,0.0440256023407,0.0440281600952,0.0432639980316,0.04465280056,0.0004499459524606955,1.0219503869518933,3.1545338497642863,5,0.0442367982864,0.04432384014128,0.0435391998291,0.045292801857,0.0005662122065959958,1.2774439326358524,3.9641251081209514,3,0.0440256023407,0.044057599703466664,0.0439103984833,0.0442367982864,0.00013515936589558894,0.3067787777938205,0.7413863428241131,candidate_vs_matching_baseline,1.687363376152894,40.73594258754441,1.681203547597463,40.51880265009803,1.6773727087344894,40.38295753872973,40.38295753872973,40.73594258754441,True,True,False,False,False,False
bf16,1,257,1,64,1.0,warp32_transform,257,100,2909,true,32896,65792,5,0.0233599996567,0.02337536001204,0.0233344006538,0.0234432005882,0.00004059845370927726,0.1736805494690397,0.4657531506803549,5,0.0233344006538,0.0233484802246,0.023283200264,0.0234752011299,0.00006656044262667676,0.28507398334452866,0.8228232160260424,5,0.023398399353,0.02341120004654,0.0233791995049,0.0234752011299,0.0000336234003640651,0.14362100318319387,0.4102914201594341,3,0.0233599996567,0.0233642665545,0.0233344006538,0.023398399353,0.000026300990950275525,0.11256929845807595,0.2739670382728076,candidate_vs_matching_baseline,1.5432876697778535,35.203266404380486,1.5438836834848484,35.228281074724244,1.5399343794591742,35.06216801580854,35.06216801580854,35.228281074724244,True,True,False,False,False,False
bf16,1,257,1,128,1.0,baseline_fused,257,100,2909,true,65792,83268,5,0.0685375976562,0.06852735900878,0.0684416007996,0.0685888004303,0.0000525576681230966,0.07669589034704037,0.21477208967607478,5,0.0685311985016,0.06853631973266,0.0684096002579,0.068665599823,0.00008139826525586219,0.11876661246675171,0.3735518576900726,5,0.0684800004959,0.0685248003006,0.0684607982635,0.0687296009064,0.00010279953700959128,0.15001800305675778,0.39252722101848203,3,0.0685311985016,0.06851626555123333,0.0684800004959,0.0685375976562,0.000025775996245164686,0.03762025854414172,0.08404516710540366,baseline,,,,,,,,,,,,,,
bf16,1,257,1,128,1.0,baseline_split,257,100,2909,true,65792,214852,5,0.103744001389,0.1034560012818,0.102841596603,0.103936004639,0.0004603221959070835,0.44494489464485365,1.0549121118785425,5,0.103456001282,0.1033036823274,0.102790403366,0.103731203079,0.0004206204503465909,0.40716888388694605,0.9093718115351871,5,0.10364159584,0.1033190402984,0.102502403259,0.103795204163,0.000518448929447008,0.5017941784492522,1.2473764935034306,3,0.10364159584,0.10361386617033334,0.103456001282,0.103744001389,0.0001191993186302386,0.11504185977799916,0.27788081094834866,baseline,,,,,,,,,,,,,,
bf16,1,257,1,128,1.0,baseline_transform,257,100,2909,true,65792,131584,5,0.044012799263,0.04366592025758,0.0429952001572,0.0441663980484,0.0005396891830770126,1.2359505534143131,2.6610393131358485,5,0.0440064001083,0.04357120037078,0.0426624011993,0.0441472005844,0.0006126377482895048,1.406061212626944,3.3740532773548786,5,0.0441344022751,0.04382336044312,0.0432959985733,0.0442112016678,0.00042097504754366,0.9606179062649918,2.0736727979124465,3,0.044012799263,0.0440512005488,0.0440064001083,0.0441344022751,0.00005889047879860782,0.13368643320712417,0.29082941540509705,baseline,,,,,,,,,,,,,,
bf16,1,257,1,128,1.0,optimized_fused,257,100,2909,true,65792,83268,5,0.0395391988754,0.03960191965104,0.0394944000244,0.0397695994377,0.0001071997621842365,0.2706933480216313,0.6960166647969724,5,0.0396160006523,0.0395916800499,0.0395007991791,0.0396799993515,0.00006753749186814462,0.1705850617680853,0.45234291561330975,5,0.0396736001968,0.03965184020996,0.0396031999588,0.039692800045,0.00004019301882683882,0.10136482598036617,0.2258430940361893,3,0.0396160006523,0.039609599908166665,0.0395391988754,0.0396736001968,0.00005505546259674405,0.13899525045541491,0.3392601958476662,candidate_vs_matching_baseline,1.7334088602094027,42.31020603649181,1.7298868480713552,42.192750866052506,1.7260848563328384,42.0654206928995,42.0654206928995,42.31020603649181,True,True,False,False,False,False
bf16,1,257,1,128,1.0,optimized_split,257,100,2909,true,65792,214852,5,0.0765888023376,0.07664768028258,0.0764544010162,0.0770175981522,0.0001948535160781836,0.25421971723059267,0.7353517992322843,5,0.0763456010818,0.07643391990658,0.0761535978317,0.0768959999084,0.0002758509039378211,0.3609011604729614,0.9724228589209235,5,0.0762688016891,0.07633152008058,0.075942401886,0.076620798111,0.00024552553241135114,0.32165680986329115,0.889480639495813,3,0.0763456010818,0.0764010683695,0.0762688016891,0.0765888023376,0.00013640031467143823,0.1785319467154081,0.41914746097438704,candidate_vs_matching_baseline,1.3545583456404124,26.175199228703818,1.3551010119253988,26.204763246457375,1.3588989671357585,26.411011842347175,26.175199228703818,26.411011842347175,True,True,False,False,False,False
bf16,1,257,1,128,1.0,optimized_transform,257,100,2909,true,65792,131584,5,0.0422079992294,0.04213376045228,0.0419328022003,0.0423551988602,0.00016896856766579813,0.40102892752041236,1.0007502549558769,5,0.0423040008545,0.04228352069854,0.0421695995331,0.0424384021759,0.00010106456566890508,0.23901643950002185,0.63540714204437,5,0.0421632003784,0.04217984008788,0.0419456005096,0.0423999977112,0.00015099585187956516,0.3579810913577941,1.077710414584155,3,0.0422079992294,0.04222506682076667,0.0421632003784,0.0423040008545,0.00005873483080076418,0.13909943837407465,0.3335871841135026,candidate_vs_matching_baseline,1.0427596679906794,4.1006254176548795,1.0402420390368092,3.8685265088950316,1.046751714267635,4.466361375901373,3.8685265088950316,4.466361375901373,False,True,False,False,False,False
bf16,1,257,1,128,1.0,warp32_fused,257,100,2909,true,65792,83268,5,0.0289215993881,0.02893824005124,0.0288768005371,0.0290560007095,0.00006382093634805,0.22054187205249642,0.6196067167493331,5,0.0283200001717,0.02830592012406,0.0281791996956,0.0284416007996,0.00010098208918803296,0.35675254061851996,0.9265575650038813,5,0.0282112002373,0.028189439773580002,0.0281087994576,0.028243200779,0.000052713969811507014,0.18699899762077624,0.47641121352326304,3,0.0283200001717,0.028484266599033333,0.0282112002373,0.0289215993881,0.0003124146099080329,1.0967970996263434,2.508471562475111,candidate_vs_matching_baseline,2.36977204256554,57.801848361862284,2.4198869380686943,58.67575528970384,2.4274047158531666,58.80373826955645,57.801848361862284,58.80373826955645,True,True,False,False,False,False
bf16,1,257,1,128,1.0,warp32_split,257,100,2909,true,65792,214852,5,0.0568959999084,0.05688063907622,0.056716799736,0.0570559978485,0.00011915613982457174,0.20948453069400755,0.5961721615686407,5,0.0564160013199,0.0563660812378,0.0560512018204,0.0566143989563,0.0002259983154936102,0.40094736148173465,0.9982932549693793,5,0.0563136005402,0.0563788805008,0.0558975982666,0.0567551994324,0.00032862416417347945,0.5828852244925586,1.52290238516678,3,0.0564160013199,0.05654186725616667,0.0563136005402,0.0568959999084,0.0002538752074729548,0.44900393247141335,1.0323301094977944,candidate_vs_matching_baseline,1.8233971027141307,45.157311124850544,1.8338059922993384,45.46860441075674,1.8404363217019741,45.66505843162053,45.157311124850544,45.66505843162053,True,True,False,False,False,False
bf16,1,257,1,128,1.0,warp32_transform,257,100,2909,true,65792,131584,5,0.0281407999992,0.027743999958019998,0.0267775988579,0.0283071994781,0.0006045480490959568,2.1790226716072327,5.435526425131782,5,0.0281983995438,0.02772096014024,0.0268032002449,0.028313601017,0.000665102571638715,2.399276822570247,5.356335098926179,5,0.0281599998474,0.02785920000078,0.0269632005692,0.0284479999542,0.0005446695987364029,1.9550798254119044,5.272725117351482,3,0.0281599998474,0.0281663997968,0.0281407999992,0.0281983995438,0.000023946417947490143,0.08501767396701763,0.20454383846639224,candidate_vs_matching_baseline,1.5640208972115652,36.06223537147984,1.5605992120207302,35.922048896516,1.5672728165577354,36.19489922652137,35.922048896516,36.19489922652137,True,True,False,False,False,False
bf16,1,257,1,256,1.0,baseline_fused,257,100,2909,true,131584,165508,5,0.10965760231,0.1096486415864,0.109427204132,0.109804801941,0.00013336465862720454,0.12162910246554856,0.3443425727406768,5,0.109542398453,0.1096422386172,0.10946559906,0.109881601334,0.00018463097814029153,0.16839402448257543,0.3797637078199288,5,0.109574403763,0.1096473598482,0.109401597977,0.109971199036,0.00019321678302017972,0.17621653935642084,0.519830397829045,3,0.109574403763,0.10959146817533333,0.109542398453,0.10965760231,0.000048554970862109206,0.04430542967489679,0.10513756228067038,baseline,,,,,,,,,,,,,,
bf16,1,257,1,256,1.0,baseline_split,257,100,2909,true,131584,428676,5,0.154003200531,0.1533580818176,0.151808004379,0.154489603043,0.0011555872844688546,0.7535222603027072,1.7412616457020882,5,0.153843202591,0.1534630413056,0.152211198807,0.15457280159,0.0010042466665302343,0.654389915634748,1.535071256465237,5,0.153727998734,0.15343232154860002,0.152403202057,0.154336004257,0.0007534341534857929,0.4910530883462784,1.257287036790487,3,0.153843202591,0.153858133952,0.153727998734,0.154003200531,0.00011284566576816595,0.073343971403794,0.17888459962162387,baseline,,,,,,,,,,,,,,
bf16,1,257,1,256,1.0,baseline_transform,257,100,2909,true,131584,263168,5,0.0513664007187,0.05125376033784,0.0510207986832,0.0514368009567,0.0001741270612512474,0.33973519231269284,0.8098723439436011,5,0.0512319993973,0.0511488008499,0.0507967996597,0.0515776014328,0.0002807261241576613,0.5488420441790477,1.524050949183044,5,0.0510271978378,0.051088640213000005,0.0508735990524,0.0516096019745,0.0002698531063398851,0.5282056935060454,1.4423737796449831,3,0.0512319993973,0.051208532651266665,0.0510271978378,0.0513664007187,0.0001394696256770844,0.272356223574851,0.662091827159635,baseline,,,,,,,,,,,,,,
bf16,1,257,1,256,1.0,optimized_fused,257,100,2909,true,131584,165508,5,0.0457855987549,0.04576767921446,0.0455552005768,0.0459583997726,0.00012872719091571935,0.2812622206874952,0.8806244905923737,5,0.0457471990585,0.04574847984314,0.0455488014221,0.045907201767,0.00012719107767370233,0.2780225225183623,0.7834366961826177,5,0.0458112001419,0.04581504058838,0.0456767988205,0.0459200000763,0.00009128520535462456,0.19924724322470005,0.5308772855692224,3,0.0457855987549,0.04578133265176667,0.0457471990585,0.0458112001419,0.00002630189341792258,0.05745113104938768,0.13978431022080157,candidate_vs_matching_baseline,2.3950238785129874,58.246762841426204,2.3945159639811133,58.23790632252024,2.3918693119497796,58.19169571665142,58.19169571665142,58.246762841426204,True,True,False,False,False,False
bf16,1,257,1,256,1.0,optimized_split,257,100,2909,true,131584,428676,5,0.0899711990356,0.09002239799499999,0.0891903972626,0.090713596344,0.0005415922542644754,0.6016194484116679,1.6929851971821466,5,0.0898239994049,0.09013759994508,0.0896704006195,0.0908351993561,0.0004950790298005591,0.5492480719502252,1.2967567068010828,5,0.0900479984283,0.09017984008788,0.0896000003815,0.0907520008087,0.0004147991600891171,0.4599688352572998,1.279318193971051,3,0.0899711990356,0.0899477322896,0.0898239994049,0.0900479984283,0.00009294050694543268,0.10332723747408885,0.24896747603794783,candidate_vs_matching_baseline,1.7116944331270243,41.57835764102234,1.712718244681139,41.613280345117566,1.7071784094835234,41.42381402875564,41.42381402875564,41.613280345117566,True,True,False,False,False,False
bf16,1,257,1,256,1.0,optimized_transform,257,100,2909,true,131584,263168,5,0.0502335977554,0.0503628797531,0.050035200119,0.0510784006119,0.0003660087510846382,0.7267430950711454,2.0766987425021872,5,0.050124797821,0.05020928001404,0.0498880004883,0.0507327985764,0.00029124926970095716,0.5800705957534449,1.6853895174138087,5,0.0501760005951,0.05031807994842,0.0501567983627,0.0508992004395,0.00029102514812835206,0.5783709323302395,1.4795959582169207,3,0.0501760005951,0.050178132057166664,0.050124797821,0.0502335977554,0.000044442950541618564,0.08857035668642636,0.21683660138233854,candidate_vs_matching_baseline,1.0225507033920984,2.2053384069162574,1.0220888985977343,2.161152383910969,1.0169642305605187,1.668124605638155,1.668124605638155,2.2053384069162574,False,True,False,False,False,False
bf16,1,257,1,256,1.0,warp32_fused,257,100,2909,true,131584,165508,5,0.0393919992447,0.03963007974624,0.0389759993553,0.040659198761,0.0005765598396763109,1.4548540991291177,4.272947395343149,5,0.0400960016251,0.0399321603775,0.0395519995689,0.0402623987198,0.0003021616132335649,0.7566873677183255,1.7717456157904963,5,0.0402048015594,0.0401523208618,0.0394880008698,0.0409984016418,0.0005069254953661452,1.2625060880314456,3.7567671358071104,3,0.0400960016251,0.03989760080973333,0.0393919992447,0.0402048015594,0.00036026292560576556,0.9029688961093536,2.027140567031473,candidate_vs_matching_baseline,2.7837531583206934,64.07727470336297,2.732003043027281,63.39681968685076,2.725405909568062,63.30821781484705,63.30821781484705,64.07727470336297,True,True,False,False,False,False
bf16,1,257,1,256,1.0,warp32_split,257,100,2909,true,131584,428676,5,0.0715647983551,0.07143807983398,0.0696384000778,0.0725952005386,0.001091438967119973,1.5278111752953678,4.131640874789502,5,0.0709568023682,0.07089280128478,0.0697408008575,0.0723199987411,0.0009862889587012834,1.3912399296217823,3.634884602347698,5,0.0705280017853,0.07022719955444,0.0680832004547,0.0724671983719,0.0015943524642005669,2.2702777190547483,6.215967851387133,3,0.0709568023682,0.07101653416953333,0.0705280017853,0.0715647983551,0.00042537254092160165,0.5989767677286763,1.4611658575311448,candidate_vs_matching_baseline,2.1519406757334223,53.53031748149001,2.1681247950365132,53.87719367956589,2.1796732481089687,54.121563823037434,53.53031748149001,54.121563823037434,True,True,False,False,False,False
bf16,1,257,1,256,1.0,warp32_transform,257,100,2909,true,131584,263168,5,0.0339264011383,0.03369984006882,0.0327679991722,0.0339456009865,0.00046600835499711524,1.3828206722805154,3.471048430688352,5,0.0340544009209,0.03413503980638,0.0335103988647,0.0346815991402,0.0004080690329748146,1.19545497907562,3.4392038732979295,5,0.0340991997719,0.03409279966354,0.032985599041,0.0354047989845,0.0008498464262814159,2.492744610793201,7.094594476359467,3,0.0340544009209,0.03402666727703333,0.0339264011383,0.0340991997719,0.00007321979784684275,0.21518357131691013,0.5074193905256608,candidate_vs_matching_baseline,1.514053922469004,33.95215420271981,1.5044164046902289,33.52904176780046,1.4964338805349269,33.174461430762825,33.174461430762825,33.95215420271981,True,True,False,False,False,False
bf16,4,64,16,64,1.0,baseline_fused,4096,100,2909,true,524288,671744,5,0.158905601501,0.1587583999632,0.157817602158,0.159404802322,0.0005304201897566297,0.33410527561349856,0.9988321047260292,5,0.158816003799,0.1588851184844,0.15841919899,0.159308795929,0.0003419621883332069,0.215226064967678,0.5601431327575074,5,0.158828802109,0.15877631950399999,0.158188800812,0.159206399918,0.00036772702441383964,0.23160067292312797,0.6406892783222189,3,0.158828802109,0.158850135803,0.158816003799,0.158905601501,0.00003956666884879308,0.02490817439266289,0.05641149515094355,baseline,,,,,,,,,,,,,,
bf16,4,64,16,64,1.0,baseline_split,4096,100,2909,true,524288,1720320,5,0.3080768013,0.3080204811096,0.307123203278,0.308569602966,0.00053441093331095,0.1734985061336865,0.46949321789130943,5,0.307455997467,0.3075609588622,0.307289600372,0.308153591156,0.00030313209786461426,0.0985600054655929,0.2810128249629424,5,0.307443199158,0.30746880340580003,0.306816005707,0.308121604919,0.00041948000732960783,0.13643010369932534,0.42466355267433825,3,0.307455997467,0.307658665975,0.307443199158,0.3080768013,0.0002957124861392179,0.09611706701063547,0.20607896649275106,baseline,,,,,,,,,,,,,,
bf16,4,64,16,64,1.0,baseline_transform,4096,100,2909,true,524288,1048576,5,0.166220798492,0.166241279602,0.165375995636,0.166771202087,0.0004885932372914716,0.2939060854567637,0.8393693591040934,5,0.16668800354,0.166680316925,0.166124801636,0.167494392395,0.0004842947434512988,0.29055304932568227,0.8216492668420166,5,0.166796798706,0.1669055976866,0.166495990753,0.167430400848,0.00036901401808939815,0.2210914572094213,0.5602086504352025,3,0.16668800354,0.16656853357933335,0.166220798492,0.166796798706,0.00024986511729102276,0.1500073945070885,0.3455558899064873,baseline,,,,,,,,,,,,,,
bf16,4,64,16,64,1.0,optimized_fused,4096,100,2909,true,524288,671744,5,0.129100799561,0.1293248004914,0.128876800537,0.130105600357,0.00048503403297438963,0.3750510583672959,0.951814260003379,5,0.129312000275,0.1292416000366,0.128928003311,0.129529600143,0.00022739256610986433,0.17594378748442369,0.4652289274936844,5,0.129183998108,0.129185279846,0.12874879837,0.129888000488,0.0004100882789762952,0.31744195582124823,0.8818446051248497,3,0.129183998108,0.129198932648,0.129100799561,0.129312000275,0.00008686662482329355,0.06723478518197977,0.16348829351405655,candidate_vs_matching_baseline,1.230864580555268,18.75629408810515,1.228161372968136,18.57747507697065,1.2294773689866485,18.664627326632843,18.57747507697065,18.75629408810515,True,True,False,False,False,False
bf16,4,64,16,64,1.0,optimized_split,4096,100,2909,true,524288,1720320,5,0.273862400055,0.27403647995,0.273798408508,0.274451198578,0.00025424613217908076,0.09277820683781586,0.2383642551401288,5,0.273849601746,0.2738252792362,0.273273601532,0.274329605103,0.0003392948938873587,0.12390926609616822,0.38561442641040605,5,0.274892807007,0.2748032035828,0.274259204865,0.275475196838,0.0004330845050129386,0.15759805539619462,0.4423513245906825,3,0.273862400055,0.27420160293600003,0.273849601746,0.274892807007,0.00048878301252772793,0.1782568034957156,0.38092314271344324,candidate_vs_matching_baseline,1.1249328174956792,11.105802546840449,1.1227184392700722,10.930473302803934,1.1184112181959391,10.587449076820155,10.587449076820155,11.105802546840449,True,True,False,False,False,False
bf16,4,64,16,64,1.0,optimized_transform,4096,100,2909,true,524288,1048576,5,0.157926397324,0.1579903984072,0.15735039711,0.158726396561,0.00044581856416242405,0.2821807962110355,0.8712916107223214,5,0.158009595871,0.1579980793,0.157740802765,0.158207998276,0.0001490732249762372,0.09435128935534928,0.2956754040314243,5,0.158617601395,0.1583385601044,0.157536001205,0.158886404037,0.0005412847195991689,0.3418527484664978,0.8513574913020859,3,0.158009595871,0.15818453153,0.157926397324,0.158617601395,0.00030810456075178344,0.19477540425205916,0.43744436354632465,candidate_vs_matching_baseline,1.0525206761411983,4.989989967109443,1.054923295140158,5.206378074423013,1.051565508739674,4.903689623813968,4.903689623813968,5.206378074423013,False,True,False,False,False,False
bf16,4,64,16,64,1.0,warp32_fused,4096,100,2909,true,524288,671744,5,0.143411197662,0.1435584011076,0.142643203735,0.144825601578,0.000856233870628704,0.5964359201708711,1.5217764571938255,5,0.143135995865,0.1432281589508,0.142527999878,0.144415998459,0.0006441157336617473,0.44971305808867246,1.31902430942716,5,0.143212795258,0.1432140808108,0.142579202652,0.143596801758,0.0003569434212942033,0.24923765824797697,0.7105504114815898,3,0.143212795258,0.143253329595,0.143135995865,0.143411197662,0.00011594907395067613,0.0809398806146305,0.19216285563326507,candidate_vs_matching_baseline,1.1080417993267033,9.750697075900428,1.109546224478633,9.87306540834817,1.1090405841382227,9.831974203446524,9.750697075900428,9.87306540834817,True,True,False,False,False,False
bf16,4,64,16,64,1.0,warp32_split,4096,100,2909,true,524288,1720320,5,0.242688007355,0.2427699203492,0.242348804474,0.243366394043,0.00033095502811044947,0.13632456098119738,0.41929948664975025,5,0.24245759964,0.2424793586732,0.24110080719,0.243590393066,0.000805150593717113,0.3320491270361076,1.0268128859217054,5,0.242873592377,0.242894077301,0.242579193115,0.243308792114,0.00023721041016444,0.09766002234401266,0.3004027699592268,3,0.242688007355,0.24267306645733333,0.24245759964,0.242873592377,0.00017015661829913897,0.07011763636697434,0.17141050418345344,candidate_vs_matching_baseline,1.269435620893085,21.224835388149042,1.2680815034196053,21.140715537343326,1.265856844085264,21.002125582168652,21.002125582168652,21.224835388149042,True,True,False,False,False,False
bf16,4,64,16,64,1.0,warp32_transform,4096,100,2909,true,524288,1048576,5,0.0962880039215,0.09595392227172,0.0943552017212,0.0968128013611,0.0008659123231917246,0.9024251460400492,2.5523424931558294,5,0.0960447978973,0.09585535812378,0.0948927974701,0.096780796051,0.0007031438703302126,0.7335467563766529,1.9657478824816852,5,0.0962368011475,0.09605503845216,0.0948287963867,0.096639995575,0.0006480222334643115,0.6746363792119635,1.8820234740803674,3,0.0962368011475,0.09618986765543333,0.0960447978973,0.0962880039215,0.00010468797148342746,0.10883471828699841,0.2527162387985546,candidate_vs_matching_baseline,1.72628771728941,42.072228749319706,1.7355234972563351,42.380497781742164,1.7331914269506346,42.30296870557494,42.072228749319706,42.380497781742164,True,True,False,False,False,False
bf16,4,64,16,128,1.0,baseline_fused,4096,100,2909,true,1048576,1327104,5,0.210694408417,0.2107571182252,0.210643196106,0.210911998749,0.00010589261311052965,0.050243908249580624,0.12757939093854853,5,0.210496006012,0.2105587196348,0.210316791534,0.210963191986,0.00022570597720046792,0.10719384008030626,0.3070844260879441,5,0.210662403107,0.2106560020448,0.210483207703,0.210873603821,0.0001392776644968949,0.06611616243779034,0.1853183635248352,3,0.210662403107,0.21061760584533334,0.210496006012,0.210694408417,0.0000869711621441982,0.0412933960554396,0.09418026286314748,baseline,,,,,,,,,,,,,,
bf16,4,64,16,128,1.0,baseline_split,4096,100,2909,true,1048576,3424256,5,0.435571212769,0.4353228836062,0.434655990601,0.436044807434,0.000564156889907797,0.12959504568984304,0.3188495456738468,5,0.435366401672,0.4350707168578,0.433568000793,0.435782394409,0.0007738784683072678,0.17787417960381943,0.5086275852926965,5,0.434892807007,0.4347302398682,0.434028816223,0.435276794434,0.00045209942605434167,0.10399539406124762,0.2869622561910858,3,0.435366401672,0.4352768071493333,0.434892807007,0.435571212769,0.0002841114550636833,0.06527144345786641,0.15582409652987286,baseline,,,,,,,,,,,,,,
bf16,4,64,16,128,1.0,baseline_transform,4096,100,2909,true,1048576,2097152,5,0.23647359848,0.2366195182798,0.235993595123,0.237331199646,0.00047899380174830364,0.20243207543931296,0.5656464533875274,5,0.236543998718,0.2368358421326,0.236415996552,0.237446403503,0.00044037742922636897,0.18594205389731924,0.4356090015322776,5,0.236409606934,0.2363801612856,0.235795192719,0.237017593384,0.0005079769817296819,0.2148983142100205,0.5170689469236649,3,0.23647359848,0.23647573471066667,0.236409606934,0.236543998718,0.00005488600618719811,0.023209994993504245,0.05683162300732192,baseline,,,,,,,,,,,,,,
bf16,4,64,16,128,1.0,optimized_fused,4096,100,2909,true,1048576,1327104,5,0.177024002075,0.1771737594604,0.176735992432,0.17786239624,0.0004154488350540489,0.2344866623135045,0.6363000467715081,5,0.177356796265,0.177169921875,0.176467208862,0.178086395264,0.000603679589568004,0.3407348059869454,0.9129542459600296,5,0.177292804718,0.1773452835082,0.177113609314,0.177612800598,0.00020465268065218853,0.11539787052906084,0.2815631941713673,3,0.177292804718,0.17722453435266667,0.177024002075,0.177356796265,0.00014418420003939916,0.08135679439985485,0.18770879649027739,candidate_vs_matching_baseline,1.1902024920198946,15.980683395907002,1.186850520785708,15.743391228577885,1.1882174431279222,15.840319818269055,15.743391228577885,15.980683395907002,True,True,False,False,False,False
bf16,4,64,16,128,1.0,optimized_split,4096,100,2909,true,1048576,3424256,5,0.393862380981,0.3942860794068,0.393126411438,0.395603218079,0.0008982187339626166,0.2278088882351563,0.6288507764643503,5,0.394387207031,0.3944409561156,0.393459205627,0.395308799744,0.0006123748391252045,0.15525133220337647,0.46897923766949096,5,0.394163208008,0.3941580810546,0.392934417725,0.395641593933,0.0008810528437253233,0.22352778899470974,0.6868160581707757,3,0.394163208008,0.39413759867333334,0.393862380981,0.394387207031,0.00021502321457027787,0.05455536728646183,0.13314942626236936,candidate_vs_matching_baseline,1.1058969675756163,9.575663075355667,1.1039059936794018,9.412576276814589,1.1033318132477075,9.3654340432318,9.3654340432318,9.575663075355667,True,True,False,False,False,False
bf16,4,64,16,128,1.0,optimized_transform,4096,100,2909,true,1048576,2097152,5,0.228249607086,0.2282777633666,0.227251205444,0.229344005585,0.0006682855135306063,0.2927510343867269,0.9168910158129961,5,0.228819198608,0.22878592300420001,0.228204803467,0.229324798584,0.00036946021729625605,0.16148730325924535,0.4894672841323572,5,0.228435192108,0.2287398414614,0.227891197205,0.230144004822,0.0007695012129165286,0.3364089124134426,0.986191136405513,3,0.228435192108,0.22850133260066667,0.228249607086,0.228819198608,0.00023719127170732912,0.10380301462917468,0.24934490905004847,candidate_vs_matching_baseline,1.0360306924467184,3.4777630343776234,1.0337594054912922,3.2656927048947293,1.034908871756633,3.373134843977077,3.2656927048947293,3.4777630343776234,False,True,False,False,False,False
bf16,4,64,16,128,1.0,warp32_fused,4096,100,2909,true,1048576,1327104,5,0.179116802216,0.1791219215396,0.178598403931,0.179571208954,0.0003456568560809546,0.19297294999402811,0.5431120983428928,5,0.178943996429,0.179095035553,0.178406391144,0.179884796143,0.000572670261866367,0.3197577532498914,0.8261830676094133,5,0.178969593048,0.178977279663,0.178143997192,0.18035200119,0.000762083943651096,0.4257992663013091,1.233731362068761,3,0.178969593048,0.17901013056433334,0.178943996429,0.179116802216,0.00007614866021157786,0.04253874346190215,0.09655594788866755,candidate_vs_matching_baseline,1.1762961699311718,14.987396408974728,1.1763233760989515,14.98936259208703,1.177084886428165,15.044359881768987,14.987396408974728,15.044359881768987,True,True,False,False,False,False
bf16,4,64,16,128,1.0,warp32_split,4096,100,2909,true,1048576,3424256,5,0.304793605804,0.3049113616944,0.303680000305,0.305804805756,0.0007426048943905174,0.24354779377975408,0.6971292738884948,5,0.304345607758,0.3043187217714,0.303289604187,0.305094394684,0.0007091636966782692,0.23303321351717002,0.593006914177344,5,0.304223995209,0.3042150382994,0.303609600067,0.304588794708,0.0003478091137967953,0.11433001989023671,0.3218663407294183,3,0.304345607758,0.3044544029236667,0.304223995209,0.304793605804,0.00024493720084731915,0.08045119351048775,0.18715913109312782,candidate_vs_matching_baseline,1.4290693914658354,30.02439167952,1.4305000321154,30.094374166408343,1.4295151396859125,30.046211317515937,30.02439167952,30.094374166408343,True,True,False,False,False,False
bf16,4,64,16,128,1.0,warp32_transform,4096,100,2909,true,1048576,2097152,5,0.132185602188,0.1322752017974,0.131833600998,0.132838401794,0.0003657091726848324,0.2764759892371759,0.7601439032451607,5,0.132428798676,0.13260544014,0.132012796402,0.133580799103,0.00052434127595305,0.3954146039555161,1.1840345277436846,5,0.132646398544,0.1325580787658,0.132217597961,0.132870397568,0.00023509574524436253,0.17735301192749126,0.49213519112880555,3,0.132428798676,0.13242026646933334,0.132185602188,0.132646398544,0.00018821604490349664,0.14213537694933184,0.3479578162808728,candidate_vs_matching_baseline,1.7889512516172312,44.10132757413098,1.7861975724534662,44.01515177145657,1.782254245339204,43.89128248031319,43.89128248031319,44.10132757413098,True,True,False,False,False,False
bf16,4,64,16,256,1.0,baseline_fused,4096,100,2909,true,2097152,2637824,5,0.657939224243,0.657720321655,0.655436782837,0.658873596191,0.001211024428533409,0.18412452658998707,0.52236030736035,5,0.657427215576,0.657722869873,0.6566015625,0.658745574951,0.0007823306081270032,0.11894532544961735,0.3261216451347424,5,0.657260818481,0.6572812652588,0.654931182861,0.659916763306,0.0015978586712358374,0.24310120426248444,0.7585391224935927,3,0.657427215576,0.6575424194333333,0.657260818481,0.657939224243,0.0002886896153738663,0.04390433329345619,0.10319100668895051,baseline,,,,,,,,,,,,,,
bf16,4,64,16,256,1.0,baseline_split,4096,100,2909,true,2097152,6832128,5,1.10970237732,1.10877822876,1.10492797852,1.11178237915,0.002470810090812794,0.22284078337072144,0.6176791876893967,5,1.10859519958,1.10904193115,1.10731521606,1.11070083618,0.001320580667670776,0.11907400708478398,0.30539732819360516,5,1.10862083435,1.109679382324,1.10843521118,1.11148162842,0.0014288141207009308,0.1287591842707366,0.2747934321283405,3,1.10862083435,1.1089728037500001,1.10859519958,1.10970237732,0.0005159925586609309,0.046528874009903395,0.09986982976457873,baseline,,,,,,,,,,,,,,
bf16,4,64,16,256,1.0,baseline_transform,4096,100,2909,true,2097152,4194304,5,0.450636787415,0.450622718811,0.449702415466,0.451404800415,0.0006972690881255988,0.15473456153417936,0.3777731859765504,5,0.450323181152,0.4506943969726,0.449574394226,0.451884803772,0.0008432620397433995,0.18710284516686942,0.5130558769125793,5,0.449107208252,0.4498009643554,0.448876800537,0.451014404297,0.000990840629328559,0.22028423855171392,0.4759673683083155,3,0.450323181152,0.45002239227300004,0.449107208252,0.450636787415,0.0006596759640250144,0.1465873643960434,0.3396625417077312,baseline,,,,,,,,,,,,,,
bf16,4,64,16,256,1.0,optimized_fused,4096,100,2909,true,2097152,2637824,5,0.355795211792,0.3556633605958,0.35505279541,0.356166381836,0.0003996272549213996,0.11236109737363788,0.3129852198941479,5,0.355359992981,0.355251197815,0.354457588196,0.355596809387,0.00040645395249427296,0.11441311246638981,0.3205822865549473,5,0.355308799744,0.355238395691,0.354796791077,0.355494384766,0.00024440690844886956,0.06880081416127778,0.19633448130262726,3,0.355359992981,0.35548800150566666,0.355308799744,0.355795211792,0.00021823352461737416,0.06138984260876535,0.13687867447306706,candidate_vs_matching_baseline,1.8492076409044966,45.92278455485543,1.8500315977075972,45.946869164877214,1.8498298352153295,45.940973544542544,45.92278455485543,45.946869164877214,True,True,False,False,False,False
bf16,4,64,16,256,1.0,optimized_split,4096,100,2909,true,2097152,6832128,5,0.711436767578,0.7115199890136,0.710400009155,0.712895965576,0.0008044927917960544,0.11306678719052506,0.3508332060904218,5,0.712633590698,0.7119680023192,0.709907226562,0.713740768433,0.0016566144294574643,0.23268102275118072,0.5379401028858524,5,0.711276779175,0.711567352295,0.709817581177,0.714028778076,0.0013858748905646132,0.19476369820717412,0.5920616309004947,3,0.711436767578,0.7117823791503333,0.711276779175,0.712633590698,0.0006054309189519378,0.08505843031330039,0.19071428197605433,candidate_vs_matching_baseline,1.5598046486940043,35.88940763593173,1.555631412903466,35.71742048242796,1.5586349320103965,35.8412942336564,35.71742048242796,35.88940763593173,True,True,False,False,False,False
bf16,4,64,16,256,1.0,optimized_transform,4096,100,2909,true,2097152,4194304,5,0.393587188721,0.3932172775268,0.390355186462,0.395206413269,0.0016139734048574241,0.4104533287572601,1.232567254733195,5,0.393158416748,0.393896965027,0.392505607605,0.396441612244,0.001499724146484754,0.380740213721107,1.0011243486929617,5,0.394809608459,0.394526725769,0.392313613892,0.395968017578,0.0013522510466947004,0.3427527106202836,0.9256116385474251,3,0.393587188721,0.393851737976,0.393158416748,0.394809608459,0.0006995704624313317,0.17762279430996472,0.4195237442472995,candidate_vs_matching_baseline,1.1449478040161527,12.659773965915022,1.1453988061017157,12.694164279476638,1.1375285672629183,12.090119863436467,12.090119863436467,12.694164279476638,True,True,False,False,False,False
bf16,4,64,16,256,1.0,warp32_fused,4096,100,2909,true,2097152,2637824,5,0.340665588379,0.3405478363036,0.339628791809,0.341759986877,0.0007655041781074715,0.22478609361212357,0.6255974012934341,5,0.341241607666,0.3409753646852,0.339865608215,0.341900787354,0.0007038628466433777,0.20642630510658966,0.5964041586018927,5,0.340819206238,0.3404927978516,0.338809585571,0.341484794617,0.0009454939604246696,0.27768398227229246,0.7849349441098746,3,0.340819206238,0.340908800761,0.340665588379,0.341241607666,0.00024354320446647285,0.07143940077898224,0.1690102190419879,candidate_vs_matching_baseline,1.9313345600114569,48.22233181629246,1.9265740191315583,48.094389830359596,1.9284735321577602,48.14551595732276,48.094389830359596,48.22233181629246,True,True,False,False,False,False
bf16,4,64,16,256,1.0,warp32_split,4096,100,2909,true,2097152,6832128,5,0.564844818115,0.5646361694336,0.562451210022,0.566060791016,0.0011904481502482709,0.21083455412401897,0.6390394101597482,5,0.564588813782,0.5645926437378,0.563199996948,0.56608001709,0.0012045749642949553,0.213352932889853,0.5101093170280131,5,0.564166412354,0.5637913665774,0.562316818237,0.565081596375,0.0010166257639992424,0.18031949835820607,0.4900642926373237,3,0.564588813782,0.5645333480836666,0.564166412354,0.564844818115,0.00027972120275751805,0.04954910169736545,0.12015926359849123,candidate_vs_matching_baseline,1.964614601623325,49.099431553968984,1.9635443928721776,49.07168874663188,1.9650599717984782,49.11096789149026,49.07168874663188,49.11096789149026,True,True,False,False,False,False
bf16,4,64,16,256,1.0,warp32_transform,4096,100,2909,true,2097152,4194304,5,0.227974395752,0.2280703964232,0.227609596252,0.228505592346,0.0003451023355194302,0.15131395434551248,0.3930248794143967,5,0.2280768013,0.228266242981,0.227769603729,0.229171199799,0.00048030726718364597,0.2104153732550042,0.6145281159728287,5,0.228531208038,0.2282137641906,0.227014408112,0.228640003204,0.0006084847071779069,0.2666292759930604,0.7113230205870591,3,0.2280768013,0.22819413502999998,0.227974395752,0.228531208038,0.0002419853764271978,0.10604364410828733,0.24413367901788266,candidate_vs_matching_baseline,1.9766991197784396,49.41061135737815,1.9744365870848435,49.35264031566343,1.9651898404060544,49.11433086823935,49.11433086823935,49.41061135737815,True,True,False,False,False,False
bf16,16,64,16,64,1.0,baseline_fused,16384,100,2909,true,2097152,2686976,5,0.568576011658,0.5683161621094,0.565971183777,0.570041618347,0.001314743842982046,0.23134021705491456,0.715899806981035,5,0.567763214111,0.5678105545044,0.565971183777,0.569542388916,0.001135784606256321,0.20002879433047238,0.6289955126085186,5,0.567526397705,0.5678796768188,0.566982383728,0.569056015015,0.0007663556984809419,0.1349503653263281,0.3653805876494021,3,0.567763214111,0.5679552078246667,0.567526397705,0.568576011658,0.00044949494038581966,0.0791426743153631,0.18486825615206984,baseline,,,,,,,,,,,,,,
bf16,16,64,16,64,1.0,baseline_split,16384,100,2909,true,2097152,6881280,5,0.973939208984,0.9742323303222,0.972019195557,0.977177581787,0.0016895273858432265,0.1734214040386509,0.5296414994300493,5,0.974579162598,0.9744128112794,0.973171234131,0.975795211792,0.0009642364458823892,0.09895564125602482,0.2692421264174288,5,0.976550369263,0.9760345458984,0.974611206055,0.976947174072,0.000857400488395923,0.08784530137780326,0.239206096328956,3,0.974579162598,0.975022913615,0.973939208984,0.976550369263,0.001111223267236988,0.1139689387521172,0.26792695547063655,baseline,,,,,,,,,,,,,,
bf16,16,64,16,64,1.0,baseline_transform,16384,100,2909,true,2097152,4194304,5,0.465881614685,0.4665433731078,0.465318412781,0.469113616943,0.0014004153037192637,0.30016829826359626,0.8146284468783093,5,0.467443199158,0.46764927673340003,0.466240005493,0.469766387939,0.001154930743390679,0.24696515120434756,0.754398064267925,5,0.467443199158,0.4666035156248,0.464319992065,0.467884788513,0.001393631824148375,0.29867580879287814,0.7626159615587964,3,0.467443199158,0.46692267100033337,0.465881614685,0.467443199158,0.0007361379801692991,0.15765736510334782,0.33406935341297145,baseline,,,,,,,,,,,,,,
bf16,16,64,16,64,1.0,optimized_fused,16384,100,2909,true,2097152,2686976,5,0.476160011292,0.4761984024048,0.474963188171,0.477215995789,0.0007616184998851506,0.15993722281279826,0.473119868232373,5,0.475961608887,0.4759232025148,0.475142402649,0.477267189026,0.0007521299742087499,0.15803599619318007,0.4464196980022433,5,0.476524810791,0.4766284866334,0.475315208435,0.477760009766,0.0009620684127106058,0.20184870180673511,0.5130480670968208,3,0.476160011292,0.47621547699,0.475961608887,0.476524810791,0.00023324726351845715,0.04897935384056304,0.11827996695308468,candidate_vs_matching_baseline,1.1940860176713304,16.25393939791967,1.1928760713257338,16.168994915907398,1.1909692524990323,16.034776053060817,16.034776053060817,16.25393939791967,True,True,False,False,False,False
bf16,16,64,16,64,1.0,optimized_split,16384,100,2909,true,2097152,6881280,5,0.90448638916,0.9046911926268,0.903104019165,0.906611175537,0.0014247034589837602,0.15747953230837672,0.38775114960626034,5,0.903244781494,0.9039718322752,0.902086410522,0.906438369751,0.0017445001283004877,0.19298169102346568,0.4818139355094453,5,0.904345626831,0.9046451263428,0.903724822998,0.906278381348,0.0008879212242095907,0.0981513301021342,0.28236531191599384,3,0.904345626831,0.9040255991616667,0.903244781494,0.90448638916,0.0005551040028209201,0.06140357124131072,0.13729348925486382,candidate_vs_matching_baseline,1.0767870259368977,7.13112473379649,1.0789756913801487,7.31950608443539,1.0798419766621963,7.393857470607756,7.13112473379649,7.393857470607756,True,True,False,False,False,False
bf16,16,64,16,64,1.0,optimized_transform,16384,100,2909,true,2097152,4194304,5,0.461587181091,0.4616883163452,0.459788818359,0.463756790161,0.0012614860550117006,0.27323326373035167,0.8596364813731154,5,0.461996803284,0.4618687973022,0.46057598114,0.463353614807,0.0009165732343392058,0.19844883215600584,0.6012235684870096,5,0.461350402832,0.4614259185792,0.460134391785,0.462816009521,0.0009373479374299896,0.20314158777994637,0.581254014202417,3,0.461587181091,0.46164479573566666,0.461350402832,0.461996803284,0.0002670180662383585,0.057840588414485326,0.14003864892265885,candidate_vs_matching_baseline,1.0093036240387996,0.9217864493115124,1.0117888172283565,1.1651460292524396,1.0132064398093064,1.3034303070351472,0.9217864493115124,1.3034303070351472,False,True,False,False,False,False
bf16,16,64,16,64,1.0,warp32_fused,16384,100,2909,true,2097152,2686976,5,0.504198417664,0.5038873672486,0.501241607666,0.506380805969,0.002145724777345046,0.42583420756536294,1.0192809265071485,5,0.503923187256,0.504449279785,0.503353614807,0.505990409851,0.001057343431562266,0.20960351693096155,0.5232533669184918,5,0.50277759552,0.503183364868,0.501523208618,0.505446395874,0.0012920264977129867,0.25677051109428545,0.7803027205184893,3,0.503923187256,0.5036330668133333,0.50277759552,0.504198417664,0.0006152567456815752,0.12216369143005737,0.28195212681852666,candidate_vs_matching_baseline,1.127683054405977,11.322601142857092,1.1266860276912964,11.24412876148736,1.1287821946760244,11.408949865034545,11.24412876148736,11.408949865034545,True,True,False,False,False,False
bf16,16,64,16,64,1.0,warp32_split,16384,100,2909,true,2097152,6881280,5,0.835065612793,0.8348825683594,0.82895362854,0.840102386475,0.0037541593627699252,0.4496631628262522,1.3350756831803174,5,0.836992034912,0.8360704040528,0.830745620728,0.840441589355,0.003272110492706876,0.3913678174523965,1.1584302146936785,5,0.834451217651,0.8348684844969999,0.832083206177,0.839276809692,0.0023917957009378505,0.28648772176121656,0.8620759803371405,3,0.835065612793,0.8355029551186667,0.834451217651,0.836992034912,0.0010824014414912675,0.12955088128174647,0.3042655836949017,candidate_vs_matching_baseline,1.1663026163016301,14.258959379597314,1.1643828399161118,14.117593825751918,1.1702905437803932,14.5511338774304,14.117593825751918,14.5511338774304,True,True,False,False,False,False
bf16,16,64,16,64,1.0,warp32_transform,16384,100,2909,true,2097152,4194304,5,0.326406402588,0.3274764785766,0.324934387207,0.330694389343,0.00214276294121457,0.654325755097967,1.7646719213625457,5,0.326528015137,0.3275993652342,0.32464641571,0.331116790771,0.0025457308732216455,0.7770866318381627,1.9815681231165658,5,0.327219200134,0.328247039795,0.324806404114,0.332793617249,0.0030979082997253653,0.9437734157968648,2.4409365745436675,3,0.326528015137,0.32671787261966665,0.326406402588,0.327219200134,0.00035795191528965736,0.10955994308470243,0.24892122829307337,candidate_vs_matching_baseline,1.4273053806271374,29.937908623267827,1.4315561835081037,30.14594805846548,1.4285323079042327,29.99808303481233,29.937908623267827,30.14594805846548,True,True,False,False,False,False
bf16,16,64,16,128,1.0,baseline_fused,16384,100,2909,true,4194304,5308416,5,0.73452796936,0.7345510253906,0.734246368408,0.734873580933,0.0002229777627784575,0.03035565332713113,0.08538987637822691,5,0.73452796936,0.734734069824,0.734124832153,0.735999984741,0.0006878198976075001,0.09361480920195549,0.2552867509774783,5,0.735603179932,0.7354406433106,0.734348831177,0.736454391479,0.0007161889647033396,0.0973822933526493,0.2862358890556607,3,0.73452796936,0.734886372884,0.73452796936,0.735603179932,0.0005068591244430858,0.06897108765998199,0.14638116135138948,baseline,,,,,,,,,,,,,,
bf16,16,64,16,128,1.0,baseline_split,16384,100,2909,true,4194304,13697024,5,1.54954238892,1.549715179444,1.54917755127,1.55057281494,0.00048342908344516183,0.031194705314727858,0.09004359480429058,5,1.54889602661,1.5490022583,1.54862716675,1.54966400146,0.0003537888399137263,0.022839788516641847,0.06694023951170355,5,1.55014404297,1.549726715086,1.54759674072,1.55066238403,0.0011058089178216608,0.07135509164661302,0.1977650608601778,3,1.54954238892,1.5495274861666667,1.54889602661,1.55014404297,0.0005096095091666665,0.03288805869635623,0.0805409628625847,baseline,,,,,,,,,,,,,,
bf16,16,64,16,128,1.0,baseline_transform,16384,100,2909,true,4194304,8388608,5,0.834195175171,0.8341926422118,0.833273620605,0.834796829224,0.0005297066096660401,0.06349931453022198,0.18259619143538708,5,0.834182434082,0.8339929504394,0.833177566528,0.834815979004,0.0005752301657019635,0.06897302493970675,0.19640937150672838,5,0.833510437012,0.8337856140138,0.833388824463,0.834643173218,0.0004719343392213418,0.05660140104234646,0.15048986782896934,3,0.834182434082,0.8339626820883333,0.833510437012,0.834195175171,0.0003198278606146499,0.0383503803568004,0.0820849410181465,baseline,,,,,,,,,,,,,,
bf16,16,64,16,128,1.0,optimized_fused,16384,100,2909,true,4194304,5308416,5,0.648723220825,0.6486233520508,0.647462387085,0.649523162842,0.0006809053571880997,0.10497700322309263,0.3176664085461963,5,0.648569564819,0.6487423858642,0.648505630493,0.649260787964,0.0002891752992411979,0.04457475040049725,0.1164343058883294,5,0.648601608276,0.6487628936766,0.648384017944,0.64949760437,0.00042116091052732085,0.0649175399259601,0.17169035842509323,3,0.648601608276,0.64863146464,0.648569564819,0.648723220825,0.00006618707778433447,0.01020411148587577,0.023690352296292835,candidate_vs_matching_baseline,1.1322671145113006,11.681617598545957,1.1325353658323283,11.702536612172343,1.1341371506728952,11.827242462986975,11.681617598545957,11.827242462986975,True,True,False,False,False,False
bf16,16,64,16,128,1.0,optimized_split,16384,100,2909,true,4194304,13697024,5,1.45972473145,1.459531494142,1.45817596436,1.4607232666,0.000842368900252957,0.05771502044552673,0.174505657478967,5,1.46149124146,1.460935668948,1.45825912476,1.46224639893,0.0014050051187841504,0.09617159390706612,0.2728223103148164,5,1.46085754395,1.461178863528,1.46003204346,1.46253433228,0.0008533287601831697,0.058400020797099196,0.17128903707023746,3,1.46085754395,1.4606911722866666,1.45972473145,1.46149124146,0.0007307069871605228,0.050024741781428295,0.12092281121563683,candidate_vs_matching_baseline,1.0615305444477745,5.796398866674501,1.0598052062649956,5.643037598934186,1.061119237388869,5.759884020128315,5.643037598934186,5.796398866674501,True,True,False,False,False,False
bf16,16,64,16,128,1.0,optimized_transform,16384,100,2909,true,4194304,8388608,5,0.865708770752,0.8659852752686,0.864454421997,0.868544006348,0.0014476638709379877,0.16716957115569547,0.4723972413318116,5,0.865414428711,0.865551361084,0.864985580444,0.866502380371,0.0005601919630708772,0.0647208228486064,0.17526862005977623,5,0.865369567871,0.865899520874,0.864844818115,0.867155227661,0.000942414712319109,0.10883649772295498,0.26698530105284274,3,0.865414428711,0.8654975891113334,0.865369567871,0.865708770752,0.00015044686272871818,0.017382701537411845,0.039195427040110094,candidate_vs_matching_baseline,0.9635979250231858,-3.7777245084809064,0.9639109383980126,-3.7440244906823184,0.9631843641816751,-3.8222833745441553,-3.8222833745441553,-3.7440244906823184,False,False,True,True,True,True
bf16,16,64,16,128,1.0,warp32_fused,16384,100,2909,true,4194304,5308416,5,0.719289627075,0.719095046997,0.716921615601,0.720006408691,0.001132236322259016,0.1574529440840022,0.4288666169904897,5,0.718201599121,0.7178022460935999,0.713049621582,0.720550384521,0.002530771037783213,0.352572181482587,1.0443812640044356,5,0.719993591309,0.7202457427978,0.716281585693,0.724140777588,0.002713635791815478,0.37676526643175146,1.0915641458296048,3,0.719289627075,0.7191616058349999,0.718201599121,0.719993591309,0.0007371571876163232,0.10250230012772012,0.24913360634535392,candidate_vs_matching_baseline,1.021185266284135,2.074576179621501,1.0227322944685473,2.222702323129422,1.0216801771729949,2.122012118604899,2.074576179621501,2.222702323129422,False,True,False,False,False,False
bf16,16,64,16,128,1.0,warp32_split,16384,100,2909,true,4194304,13697024,5,1.2242880249,1.2250995330800001,1.22058883667,1.22957443237,0.0030046687711125366,0.24525915568333898,0.7339445879766667,5,1.22175361633,1.223022079468,1.22060157776,1.22612480164,0.002310005556752432,0.18887684822151837,0.4520734627813935,5,1.22570877075,1.22507006836,1.22237442017,1.22656639099,0.0014780331558699313,0.12064886687245349,0.3420038201599082,3,1.2242880249,1.2239168039933334,1.22175361633,1.22570877075,0.001635882094910046,0.1336595828713662,0.32305751094175156,candidate_vs_matching_baseline,1.265668173995712,20.990349560343148,1.2677646342989317,21.121005197230826,1.264691972483383,20.9293628996179,20.9293628996179,21.121005197230826,True,True,False,False,False,False
bf16,16,64,16,128,1.0,warp32_transform,16384,100,2909,true,4194304,8388608,5,0.525094413757,0.5254502410888,0.524691200256,0.526905593872,0.0007822685711819296,0.1488758611207351,0.42171342105056475,5,0.526815986633,0.5263923187256,0.524793586731,0.527987213135,0.0013401414785439487,0.2545898621371303,0.6062128874279671,5,0.525894393921,0.5260876846314,0.525324783325,0.527398414612,0.0007781305673236377,0.14790891139541312,0.3943056459566507,3,0.525894393921,0.5259349314369999,0.525094413757,0.526815986633,0.0007034134675505821,0.1337453410117981,0.327360948490848,candidate_vs_matching_baseline,1.588657493425637,37.05376998262284,1.5834417619204164,36.84643009622353,1.5849388140410758,36.90608172751306,36.84643009622353,37.05376998262284,True,True,False,False,False,False
bf16,16,64,16,256,1.0,baseline_fused,16384,100,2909,true,8388608,10551296,5,2.37600646973,2.375584014894,2.37301116943,2.37675521851,0.0013235008554289884,0.05571265201024868,0.15757739415690342,5,2.37677444458,2.376757751464,2.37625595093,2.37720962524,0.00032728638550939393,0.013770287918817006,0.040124729217574026,5,2.37704956055,2.377026550292,2.37635192871,2.37786880493,0.000587773335384816,0.024727251587181996,0.06381340318580114,3,2.37677444458,2.376610158286667,2.37600646973,2.37704956055,0.00044140087926585675,0.018572708600390276,0.043886824110666224,baseline,,,,,,,,,,,,,,
bf16,16,64,16,256,1.0,baseline_split,16384,100,2909,true,8388608,27328512,5,3.95550720215,3.955898803712,3.94946563721,3.96170227051,0.0039442562983978307,0.09970569253937324,0.3093568706776421,5,3.95687683105,3.955992248532,3.94781433105,3.96305267334,0.005055762175866489,0.12780010319136986,0.38511035194281146,5,3.95879669189,3.958015991208,3.95124481201,3.96460784912,0.004922946807277046,0.12437915405628631,0.33755300284492573,3,3.95687683105,3.9570602416966667,3.95550720215,3.95879669189,0.0013491763626683688,0.034095421354765204,0.08313348836605647,baseline,,,,,,,,,,,,,,
bf16,16,64,16,256,1.0,baseline_transform,16384,100,2909,true,8388608,16777216,5,1.69161605835,1.692229125978,1.68735992432,1.6981312561,0.003445411286986782,0.2036019374737777,0.6367480213273942,5,1.69154556274,1.691552001952,1.68928634644,1.69532806396,0.00213007990174504,0.1259245887378568,0.35717143262836637,5,1.69100799561,1.690416625978,1.68483200073,1.69294723511,0.002894633737943202,0.1712378885452866,0.4799051453965924,3,1.69154556274,1.6913898722333333,1.69100799561,1.69161605835,0.00027155689930918414,0.016055251587300617,0.035947168872883954,baseline,,,,,,,,,,,,,,
bf16,16,64,16,256,1.0,optimized_fused,16384,100,2909,true,8388608,10551296,5,0.73884803772,0.7389542388916,0.738681564331,0.739436798096,0.000263128705903672,0.035608254483843804,0.10221773983869831,5,0.738751983643,0.7387801513672,0.738124771118,0.739193572998,0.0003765637018053487,0.05097100959040021,0.14467668495852315,5,0.738911972046,0.7388364715576,0.738291168213,0.739129562378,0.0002900450918615146,0.039257007880248176,0.11346333483790963,3,0.73884803772,0.7388373311363333,0.738751983643,0.738911972046,0.00006575229006899783,0.008899427153724174,0.021653762997550726,candidate_vs_matching_baseline,3.215825648075188,68.90378678960585,3.217283333520726,68.91787584944582,3.2169590566628687,68.91474269997842,68.90378678960585,68.91787584944582,True,True,False,False,False,False
bf16,16,64,16,256,1.0,optimized_split,16384,100,2909,true,8388608,27328512,5,2.07602554321,2.074973480226,2.07151367188,2.07689605713,0.0020594134210761608,0.09925010804725347,0.25926392223852884,5,2.07570556641,2.075198699952,2.07292800903,2.07759994507,0.001796679777142907,0.08657868652213713,0.2250770107092059,5,2.07488647461,2.0753126525879998,2.07381759644,2.07754241943,0.0014626685697892041,0.07047943200101423,0.17951936337624408,3,2.07570556641,2.075539194743333,2.07488647461,2.07602554321,0.0004796727825497741,0.02311075520831548,0.05487621262056108,candidate_vs_matching_baseline,1.905326846814178,47.51556659834713,1.9062803969319921,47.541820101102594,1.9079582137784692,47.58795068055359,47.51556659834713,47.58795068055359,True,True,False,False,False,False
bf16,16,64,16,256,1.0,optimized_transform,16384,100,2909,true,8388608,16777216,5,1.47800323486,1.477761260986,1.47539840698,1.47985275269,0.001454237394909694,0.0984081416466006,0.3013759107517802,5,1.47779205322,1.47759487915,1.47511047363,1.47964797974,0.0014754258894712728,0.09985320809449647,0.30704631954903283,5,1.47918716431,1.478595825198,1.47436798096,1.48066558838,0.0022718429876146704,0.1536486813298317,0.42574784124343784,3,1.47800323486,1.4783274841300001,1.47779205322,1.47918716431,0.0006139690166894489,0.0415313266702047,0.09439161275801596,candidate_vs_matching_baseline,1.1445279810299156,12.627736798523747,1.1446438347359134,12.63658007377334,1.1432008311124093,12.52630572119735,12.52630572119735,12.63658007377334,True,True,False,False,False,False
bf16,16,64,16,256,1.0,warp32_fused,16384,100,2909,true,8388608,10551296,5,1.33143035889,1.333098236086,1.33120635986,1.3366784668,0.002258793508683618,0.16943938920176474,0.410994604671779,5,1.33334396362,1.3329228820800001,1.3306048584,1.33416320801,0.001238284287836499,0.09289991975411065,0.26687409303891907,5,1.33232635498,1.3317606201199999,1.32954879761,1.33248641968,0.0011179422117110196,0.0839446815607362,0.22048817536480833,3,1.33232635498,1.3323668924966667,1.33143035889,1.33334396362,0.0007817515519067029,0.05867389502915457,0.14362882809060804,candidate_vs_matching_baseline,1.7845518196767367,43.963521318134354,1.7825666215393579,43.90111494758959,1.7841346091106056,43.95041748007446,43.90111494758959,43.963521318134354,True,True,False,False,False,False
bf16,16,64,16,256,1.0,warp32_split,16384,100,2909,true,8388608,27328512,5,2.22521606445,2.225617919922,2.22329605103,2.22806396484,0.0016145776347708676,0.07254513995050206,0.2142674541215251,5,2.22676483154,2.2263103942860002,2.22421127319,2.22816635132,0.0016311047374624599,0.07326492934897208,0.1776154389534107,5,2.22551040649,2.226329589844,2.22369918823,2.23072006226,0.002503127527822581,0.11243292723778495,0.3154725320324628,3,2.22551040649,2.22583043416,2.22521606445,2.22676483154,0.000671556975463787,0.03017107526060151,0.0695915456285305,candidate_vs_matching_baseline,1.777583429017564,43.74385001143487,1.776962153795773,43.724181302122965,1.7788264122897006,43.783159891762416,43.724181302122965,43.783159891762416,True,True,False,False,False,False
bf16,16,64,16,256,1.0,warp32_transform,16384,100,2909,true,8388608,16777216,5,0.863046417236,0.8635520172116001,0.862796783447,0.865081634521,0.0008663331319464449,0.10032205526469906,0.2647425478362319,5,0.864396820068,0.8642496032714,0.86333442688,0.865132827759,0.000624622664290739,0.07227341058953185,0.20805269492528353,5,0.863807983398,0.8640767974852,0.862854385376,0.865670394897,0.0009190726750705563,0.10636469787701924,0.32599947848624955,3,0.863807983398,0.8637504069006667,0.863046417236,0.864396820068,0.0005528008936029186,0.06400007330665049,0.15633136738188574,candidate_vs_matching_baseline,1.9600522342327593,48.980951500435964,1.956908590439898,48.89899278457316,1.9576202444413704,48.917569541923,48.89899278457316,48.980951500435964,True,True,False,False,False,False
fp16,1,1,1,64,1.0,baseline_fused,1,100,2909,true,128,164,5,0.022054400444,0.02207743978498,0.0220415997505,0.0221311998367,0.00003916028488808288,0.17737692988624928,0.4062685196430873,5,0.0220672011375,0.0220684800148,0.0220032000542,0.0221183991432,0.00004135809285836037,0.18740798111434948,0.522037608132536,5,0.0220415997505,0.02205312013628,0.0220032000542,0.0221119999886,0.000036965166323328906,0.16761875913656687,0.4936117869463277,3,0.022054400444,0.022054400444,0.0220415997505,0.0220672011375,0.000010451722476253054,0.047390644342347084,0.11608289722046482,baseline,,,,,,,,,,,,,,
fp16,1,1,1,64,1.0,baseline_split,1,100,2909,true,128,420,5,0.0353920006752,0.03531648015978,0.0351103997231,0.0354112005234,0.00011487266953855045,0.3252664733825106,0.8499118291178547,5,0.0352640008926,0.03524991989134,0.0350975990295,0.0353920006752,0.0001249171042943813,0.35437556930468433,0.8348503806945452,5,0.0353920006752,0.03531775951386,0.0351167988777,0.0354047989845,0.00011104359908696688,0.3144129203422127,0.8137435050452144,3,0.0353920006752,0.035349334081,0.0352640008926,0.0353920006752,0.00006033967617790918,0.17069536880000605,0.36166303164006297,baseline,,,,,,,,,,,,,,
fp16,1,1,1,64,1.0,baseline_transform,1,100,2909,true,128,256,5,0.0156799995899,0.01567743992806,0.0156224000454,0.0157311999798,0.00004590169891350269,0.2927882302476331,0.6938771508009601,5,0.0156480002403,0.01569152021408,0.0156224000454,0.0157760000229,0.00006456079076973109,0.4114374508583349,0.9815949331622452,5,0.0156799995899,0.01568383979796,0.0156224000454,0.0157311999798,0.00004059834847740488,0.2588546491190602,0.6938771508009601,3,0.0156799995899,0.015669333140033332,0.0156480002403,0.0156799995899,0.000015084638063812458,0.09626853886508388,0.20407749003138578,baseline,,,,,,,,,,,,,,
fp16,1,1,1,64,1.0,optimized_fused,1,100,2909,true,128,164,5,0.017945599556,0.0179340798855,0.0178367996216,0.0180032002926,0.0000618387552547582,0.3448114185370383,0.9272505523191789,5,0.0179967999458,0.01794688010214,0.0178431999683,0.0180032002926,0.00006790044732779195,0.3783412322440124,0.889048746343043,5,0.017945599556,0.0179366400242,0.0178815996647,0.0180032002926,0.00004426664772115143,0.24679453711189586,0.6776069393532259,3,0.017945599556,0.0179626663526,0.017945599556,0.0179967999458,0.000024136095217982174,0.13436810963472917,0.28530888388668885,candidate_vs_matching_baseline,1.2289586856754666,18.630299646698468,1.226173608861498,18.445480087562828,1.2282453802514794,18.58304406606006,18.445480087562828,18.630299646698468,True,True,False,False,False,False
fp16,1,1,1,64,1.0,optimized_split,1,100,2909,true,128,420,5,0.0310335993767,0.03096832036972,0.0308608007431,0.0310400009155,0.00008523305695416492,0.27522660556529094,0.5774392142683308,5,0.031027200222,0.03101823949814,0.0308735990524,0.0311552000046,0.000089746499636318,0.28933460147439904,0.9075938215022408,5,0.0310335993767,0.03096447944644,0.0308543992043,0.0310335993767,0.00008475100538712761,0.2737039566052562,0.5774392142683308,3,0.0310335993767,0.031031466325133334,0.031027200222,0.0310335993767,0.0000030165904548205336,0.009721069649800289,0.020620085418783594,candidate_vs_matching_baseline,1.1404413727713545,12.314650811910822,1.1365511757517803,12.01452065380668,1.1404413727713545,12.314650811910822,12.01452065380668,12.314650811910822,True,True,False,False,False,False
fp16,1,1,1,64,1.0,optimized_transform,1,100,2909,true,128,256,5,0.0155455994606,0.0155443198681,0.0155071997643,0.0155776000023,0.000027571954894304557,0.17737639940675454,0.4528628064709194,5,0.0155584001541,0.01553791999816,0.0154688000679,0.0155711996555,0.00003784129452002418,0.24354157135900653,0.6581627068706954,5,0.0155392003059,0.01554048013688,0.0155071997643,0.0155711996555,0.00002475401927740476,0.15928735186668774,0.4118609062250143,3,0.0155455994606,0.015547733306866666,0.0155392003059,0.0155584001541,0.000007982210121809642,0.05134002471141111,0.12350664410633475,candidate_vs_matching_baseline,1.0086455417586586,0.8571437041782204,1.0057589524187929,0.572597679090292,1.0090609092635572,0.8979546408323436,0.572597679090292,0.8979546408323436,False,True,False,False,False,False
fp16,1,1,1,64,1.0,warp32_fused,1,100,2909,true,128,164,5,0.0152639997005,0.0152601597309,0.0152191996574,0.0152895998955,0.000025791298343128693,0.16901067090998004,0.46121750184319926,5,0.0152512001991,0.015252480030060001,0.015232000351,0.0152831995487,0.000017828207418001858,0.11688726936777195,0.3357060233398691,5,0.0152576005459,0.015251199960720001,0.0151999998093,0.0152831995487,0.000030018762357866106,0.196828855665,0.5453002859113294,3,0.0152576005459,0.0152576001485,0.0152512001991,0.0152639997005,0.000005225374572895571,0.034247683266291955,0.08388934656858238,candidate_vs_matching_baseline,1.4448637890943858,30.789323703185765,1.446915708234046,30.887473657985552,1.4446308044434277,30.77816166426899,30.77816166426899,30.887473657985552,True,True,False,False,False,False
fp16,1,1,1,64,1.0,warp32_split,1,100,2909,true,128,420,5,0.0298368000984,0.02980991983416,0.029587199688,0.0299519991875,0.00012003362056834509,0.40266334574571816,1.2226495411602945,5,0.0298239994049,0.02980736017226,0.0296896004677,0.0298496007919,0.000059982690901453646,0.20123449562392343,0.5364817844440775,5,0.0298431992531,0.02981120014192,0.029587199688,0.0299456000328,0.00011925330842618542,0.40002853913450287,1.2009447839704182,3,0.0298368000984,0.029834666252133335,0.0298239994049,0.0298431992531,0.0000079822101218098,0.026754816207267045,0.0643495553701455,candidate_vs_matching_baseline,1.1861862049039869,15.696203861944035,1.1824034869986695,15.426501105952395,1.1859318558657417,15.678123068041694,15.426501105952395,15.696203861944035,True,True,False,False,False,False
fp16,1,1,1,64,1.0,warp32_transform,1,100,2909,true,128,256,5,0.0152383995056,0.01523967981338,0.0151999998093,0.0152831995487,0.000027571977033959947,0.1809222855834054,0.5459873877793133,5,0.0152447998524,0.01524224019054,0.0151999998093,0.0152768003941,0.000025791487653244197,0.1692106103225661,0.5037821784712383,5,0.015232000351,0.01523327994348,0.0151999998093,0.0152831995487,0.000031717107578716555,0.2082093134006364,0.5462167639363209,3,0.0152383995056,0.015238399903,0.015232000351,0.0152447998524,0.000005225374572895571,0.034290835036209055,0.08399505076170398,candidate_vs_matching_baseline,1.0289794268838872,2.8163271418989555,1.0264483884212179,2.5766895559062863,1.0294117140609564,2.857138077915322,2.5766895559062863,2.857138077915322,False,True,False,False,False,False
fp16,1,1,1,128,1.0,baseline_fused,1,100,2909,true,256,324,5,0.027910399437,0.02791936016084,0.0278976011276,0.0279487991333,0.000019663370707713825,0.07042915953100487,0.18343702251758678,5,0.0279040002823,0.02791552019118,0.0278976011276,0.0279423999786,0.00001736233450975792,0.062195991301081346,0.16054633940215438,5,0.0279168009758,0.02792447996142,0.027910399437,0.0279487991333,0.000015359958017864984,0.05500535028435999,0.13755048915987206,3,0.027910399437,0.0279104002317,0.0279040002823,0.0279168009758,0.000005225861268339884,0.018723705948166483,0.0458635267076522,baseline,,,,,,,,,,,,,,
fp16,1,1,1,128,1.0,baseline_split,1,100,2909,true,256,836,5,0.0412864017487,0.04128384017946,0.041273598671,0.0412928009033,0.000006527940324497873,0.015812337941725024,0.046509822814967634,5,0.0412864017487,0.04128256034852,0.0412671995163,0.0412928009033,0.000008682204364035507,0.02103116737609703,0.06200924739294051,5,0.0412799978256,0.04128127861022,0.041273598671,0.0412928009033,0.000006271617526168657,0.015192401343440933,0.046517038060713535,3,0.0412864017487,0.041284267107666665,0.0412799978256,0.0412864017487,0.000003018838300139237,0.007312321403856593,0.015510974143451518,baseline,,,,,,,,,,,,,,
fp16,1,1,1,128,1.0,baseline_transform,1,100,2909,true,256,512,5,0.0162047994137,0.01620223999022,0.0161536002159,0.0162303996086,0.000027031846837270456,0.1668401829227775,0.4739299187811699,5,0.0162047994137,0.01621631979944,0.0161663997173,0.0162815999985,0.00003974199787736943,0.24507408813399106,0.7109022349428546,5,0.0162176001072,0.01620480012892,0.0161663997173,0.0162240004539,0.000022536998738732602,0.1390760673345906,0.3551742318176212,3,0.0162047994137,0.016209066311533334,0.0162047994137,0.0162176001072,0.000006034304785159125,0.037227960384525666,0.07899322400236117,baseline,,,,,,,,,,,,,,
fp16,1,1,1,128,1.0,optimized_fused,1,100,2909,true,256,324,5,0.01848960042,0.01847039985658,0.0183871996403,0.0185471999645,0.000055351807683733344,0.2996784482931186,0.8653530664022784,5,0.0185023999214,0.018493440151199998,0.0184256005287,0.0185536003113,0.00005333154635483672,0.288380884891101,0.6918009725427807,5,0.0184959995747,0.018471679687520002,0.0183871996403,0.0185407996178,0.00005481630332165516,0.2967586286085863,0.8304497244371942,3,0.0184959995747,0.01849599997203333,0.01848960042,0.0185023999214,0.0000052253745728930365,0.02825137641000219,0.06920145812237115,candidate_vs_matching_baseline,1.5095187999200688,33.75372336847005,1.5081286968630512,33.69266150295878,1.5093426480170538,33.74599191815183,33.69266150295878,33.75372336847005,True,True,False,False,False,False
fp16,1,1,1,128,1.0,optimized_split,1,100,2909,true,256,836,5,0.0318847990036,0.03185663986206,0.0317504000664,0.0318912005424,0.00005348488474155486,0.16789242359880285,0.4415912296768806,5,0.0318783998489,0.03185536003112,0.0317504000664,0.0318912005424,0.000052868770399772384,0.16596506945180986,0.4416798731033468,5,0.0318720006943,0.03185023975372,0.0317375993729,0.0320000004768,0.0000954097930098476,0.2995575347237506,0.8232966182977167,3,0.0318783998489,0.031878399848933334,0.0318720006943,0.0318847990036,0.000005224887892553815,0.016390056958045972,0.04014727640240765,candidate_vs_matching_baseline,1.2948615967137975,22.771668992432915,1.2951215225479593,22.787168417010896,1.2951806264544456,22.7906919255349,22.771668992432915,22.7906919255349,True,True,False,False,False,False
fp16,1,1,1,128,1.0,optimized_transform,1,100,2909,true,256,512,5,0.0160575997829,0.01603839993478,0.0159487998486,0.0160831999779,0.000047893324345103024,0.2986165985376395,0.8369876638918734,5,0.0160704004765,0.0160473599434,0.0159679996967,0.0160831999779,0.0000438950375002779,0.27353432374607617,0.716847606681992,5,0.0160575997829,0.01603967976568,0.0159679996967,0.0160767996311,0.00003869756827037847,0.24126147676077309,0.6775603818190898,3,0.0160575997829,0.016061866680766666,0.0160575997829,0.0160704004765,0.0000060343048323020934,0.03756913783581513,0.07971735360869037,candidate_vs_matching_baseline,1.009166975936015,0.9083705823322741,1.0083631355296052,0.8293773577127794,1.009964149465874,0.9865844714531224,0.8293773577127794,0.9865844714531224,False,True,False,False,False,False
fp16,1,1,1,128,1.0,warp32_fused,1,100,2909,true,256,324,5,0.0155071997643,0.01549823975564,0.015443199873,0.0155263996124,0.000028792847565251672,0.18578140498035334,0.5365232966917732,5,0.0155071997643,0.01549568009378,0.0154496002197,0.0155200004578,0.00002540728185597486,0.1639636447203979,0.45398420843247195,5,0.0155007994175,0.01549951982498,0.0154879999161,0.015513600111,0.000008490552231249808,0.05477945334516686,0.16515402986957511,3,0.0155071997643,0.015505066315366665,0.0155007994175,0.0155071997643,0.0000030171524161502093,0.01945913906321051,0.04127338847297349,candidate_vs_matching_baseline,1.7998349064448185,44.43934849695287,1.7994222494340582,44.42660691149545,1.800991047228355,44.475015490001724,44.42660691149545,44.475015490001724,True,True,False,False,False,False
fp16,1,1,1,128,1.0,warp32_split,1,100,2909,true,256,836,5,0.0300864005089,0.03010816001894,0.0300607991219,0.0302080011368,0.000052714189806026567,0.1750827342915206,0.48926429353506407,5,0.0301119995117,0.03013887929916,0.0300607991219,0.0302207994461,0.00006885891542303002,0.2284720501367454,0.5313507133188897,5,0.0301056003571,0.0301350402832,0.0300543999672,0.0302144002914,0.0000668302614992894,0.2217692787905336,0.5314636556060846,3,0.0301056003571,0.03010133345923333,0.0300864005089,0.0301119995117,0.000010877562507045493,0.03613648053757197,0.08503070025628225,candidate_vs_matching_baseline,1.3722612559281353,27.12757897375414,1.3710946605408318,27.065575501143925,1.3711733808977062,27.069762735234793,27.065575501143925,27.12757897375414,True,True,False,False,False,False
fp16,1,1,1,128,1.0,warp32_transform,1,100,2909,true,256,512,5,0.0152639997005,0.01525375962256,0.0151935994625,0.0152831995487,0.00003328002415335517,0.21817587910677896,0.5870026726813014,5,0.015232000351,0.01522816014292,0.0151872003078,0.0152895998955,0.00003542612052126059,0.2326355921449328,0.6722661852701319,5,0.0152831995487,0.01525119972228,0.0151935994625,0.0152831995487,0.000039659189744943625,0.26003980320975506,0.5862652379463452,3,0.0152639997005,0.015259733200066666,0.015232000351,0.0152831995487,0.00002111858156129594,0.13839417298071555,0.3354245198152335,candidate_vs_matching_baseline,1.0616352025458429,5.805685643998926,1.0638654832118708,6.0031539907712155,1.0611390668244909,5.761645078948274,5.761645078948274,6.0031539907712155,True,True,False,False,False,False
fp16,1,1,1,256,1.0,baseline_fused,1,100,2909,true,512,644,5,0.0397056007385,0.039737600326540004,0.0396799993515,0.0398144006729,0.00005823654692469086,0.14655275216957617,0.3384946176363431,5,0.0397119998932,0.0397427201271,0.039692800045,0.0398015999794,0.00004604463218674791,0.1158567708488346,0.27397243828718393,5,0.0397183990479,0.03974143934252,0.0396799993515,0.0398079991341,0.000048673563545539734,0.12247559311084918,0.32226823252778497,3,0.0397119998932,0.0397119998932,0.0397056007385,0.0397183990479,0.000005224887933376472,0.013156949907907165,0.03222781384573069,baseline,,,,,,,,,,,,,,
fp16,1,1,1,256,1.0,baseline_split,1,100,2909,true,512,1668,5,0.0541695976257,0.05416320037842,0.0541440010071,0.0541760015488,0.000013424798740534852,0.024785829948637293,0.059074726604242365,5,0.0541567993164,0.05415551948548,0.0541440010071,0.0541631984711,0.000007462632613805676,0.013780003746075286,0.035447929424048806,5,0.0541567993164,0.05415551948546,0.0541440010071,0.0541695976257,0.000008489437985832906,0.01567603462489581,0.04726390577562583,3,0.0541567993164,0.0541610654195,0.0541567993164,0.0541695976257,0.000006033180862503124,0.01113933194587962,0.023631952887819475,baseline,,,,,,,,,,,,,,
fp16,1,1,1,256,1.0,baseline_transform,1,100,2909,true,512,1024,5,0.0178944003582,0.01791872024536,0.0178944003582,0.0179584002495,0.000029854343254018006,0.16660979604137022,0.3576531765182754,5,0.0178880000114,0.017896960020039998,0.0178431999683,0.0179584002495,0.00005032863709723893,0.28121332919604103,0.6440087272282141,5,0.0178880000114,0.01790591979024,0.0178431999683,0.0179647994041,0.00004568708512647761,0.25515073038236397,0.6797821764451317,3,0.0178880000114,0.01789013346033333,0.0178880000114,0.0178944003582,0.0000030171524161502093,0.016864896077158686,0.035780114020128775,baseline,,,,,,,,,,,,,,
fp16,1,1,1,256,1.0,optimized_fused,1,100,2909,true,512,644,5,0.0192320001125,0.0192012798786,0.0191167998314,0.0192639994621,0.00005995533154597452,0.3122465373404368,0.7653890902606849,5,0.0192384004593,0.01920640015602,0.0191424000263,0.0192639994621,0.000050555851248949554,0.26322398178871365,0.6320662471771044,5,0.0192384004593,0.01921151995658,0.0191424000263,0.0192703998089,0.00005744323538790762,0.29900411585202635,0.6653348487614196,3,0.0192384004593,0.019236267010366667,0.0192320001125,0.0192384004593,0.0000030171524161502093,0.01568470854830736,0.033268601584315126,candidate_vs_matching_baseline,2.064559094542279,51.56350803212517,2.0642048686538748,51.55519613457129,2.064537492705107,51.56300122746973,51.55519613457129,51.56350803212517,True,True,False,False,False,False
fp16,1,1,1,256,1.0,optimized_split,1,100,2909,true,512,1668,5,0.0337983989716,0.03379839944842,0.0337919998169,0.0338048005104,0.0000040479347510951075,0.011976705456933523,0.037873668249059585,5,0.0337983989716,0.0337779197693,0.0336768007278,0.0338111996651,0.000050781850525776336,0.15034037286076696,0.39764882772385396,5,0.0338048005104,0.03380223989488,0.0337919998169,0.0338111996651,0.000006526911593655407,0.019309109733417495,0.05679621802261243,3,0.0337983989716,0.03380053281786667,0.0337983989716,0.0338048005104,0.000003017714330338592,0.008928008166615216,0.018940361066741004,candidate_vs_matching_baseline,1.6027267348141976,37.606331866927455,1.6023480686735097,37.59158702466927,1.60204463563507,37.57976664591571,37.57976664591571,37.606331866927455,True,True,False,False,False,False
fp16,1,1,1,256,1.0,optimized_transform,1,100,2909,true,512,1024,5,0.0175232005119,0.01751424026488,0.0174528002739,0.0175616002083,0.000035194197859456156,0.20094618623011842,0.6208907689329604,5,0.0175424003601,0.01752191996574,0.0174399995804,0.0175616002083,0.000044598616556004674,0.2545304204288502,0.6931812374809354,5,0.0175551998615,0.01753600001334,0.0174528002739,0.0175616002083,0.000041673658665817126,0.23764631976571113,0.6197590187429741,3,0.0175424003601,0.01754026691116667,0.0175232005119,0.0175551998615,0.0000131504954778417,0.074973177685624,0.1824114656098129,candidate_vs_matching_baseline,1.0211833361176184,2.0743910881031447,1.0197008188278534,1.9320195163223919,1.0189573546599067,1.860465953085344,1.860465953085344,2.0743910881031447,False,True,False,False,False,False
fp16,1,1,1,256,1.0,warp32_fused,1,100,2909,true,512,644,5,0.0173888003826,0.01739392042158,0.0173696005344,0.0174336004257,0.00002118775135252117,0.1218112469126529,0.36805236641879596,5,0.0173888003826,0.01740160012246,0.0173824000359,0.0174336004257,0.000021418517268600796,0.12308360793187184,0.29444463489978046,5,0.0173824000359,0.01739520001412,0.0173567998409,0.0174463999271,0.00003551854973996659,0.2041859231922343,0.5154644123650882,3,0.0173888003826,0.0173866669337,0.0173824000359,0.0173888003826,0.000003017152369008916,0.01735325338958941,0.03680729296543223,candidate_vs_matching_baseline,2.2834008019455543,56.20567360982104,2.283768806325339,56.212730586813045,2.284977849196273,56.23589960175133,56.20567360982104,56.23589960175133,True,True,False,False,False,False
fp16,1,1,1,256,1.0,warp32_split,1,100,2909,true,512,1668,5,0.0319232010841,0.03194111967088,0.0319039988518,0.0320255994797,0.00004348230630567086,0.13613269276002463,0.3809161480380593,5,0.0319232010841,0.03194240045546,0.0319104003906,0.0320255994797,0.00004206461470954752,0.13168895921958582,0.36086321292314333,5,0.0319296002388,0.03196672058104,0.0319167995453,0.0320320010185,0.00005345474209313302,0.16721997477851364,0.3607983574439048,3,0.0319232010841,0.031925334135666667,0.0319232010841,0.0319296002388,0.0000030165904548205336,0.009448892349885945,0.020045466878902258,candidate_vs_matching_baseline,1.696872361985035,41.06804834571175,1.6964714526505893,41.05412157466094,1.6961314551815183,41.042305598124706,41.042305598124706,41.06804834571175,True,True,False,False,False,False
fp16,1,1,1,256,1.0,warp32_transform,1,100,2909,true,512,1024,5,0.0161088001728,0.016116480112079998,0.0160640001297,0.0161728000641,0.000048808098835387934,0.3028458974661853,0.6754068163543988,5,0.0161152005196,0.01612928009034,0.0160831999779,0.016198400259,0.00004604443996493999,0.2854711413469502,0.7148547792494832,5,0.0161152005196,0.016133120059939998,0.0160575997829,0.0162240004539,0.00005715756563019053,0.35428711506410937,1.0325696586748518,3,0.0161152005196,0.016113067070666666,0.0161088001728,0.0161152005196,0.0000030171524161502093,0.018724879645308747,0.03971620950180044,candidate_vs_matching_baseline,1.1108462558505765,9.978541608865699,1.110007907729342,9.910551714390635,1.110007907729342,9.910551714390635,9.910551714390635,9.978541608865699,True,True,False,False,False,False
fp16,1,17,1,64,1.0,baseline_fused,17,100,2909,true,2176,2788,5,0.0236287999153,0.02360191965104,0.0235391998291,0.02363519907,0.000037624092042617685,0.15941115213888887,0.4062806458394804,5,0.0236096000671,0.02359808015822,0.0235520005226,0.0236287999153,0.000027272910808059724,0.11557258313049529,0.32528883370210043,5,0.0236096000671,0.0236083202362,0.0235840010643,0.0236287999153,0.000018724431193286484,0.07931284820753673,0.1897484534794247,3,0.0236096000671,0.0236160000165,0.0236096000671,0.0236287999153,0.000009050895239981333,0.03832526775769675,0.08132220853141237,baseline,,,,,,,,,,,,,,
fp16,1,17,1,64,1.0,baseline_split,17,100,2909,true,2176,7140,5,0.0384319996834,0.0384179196358,0.0383295989037,0.0384511995316,0.00004478207879511592,0.11656560068751208,0.31640463390333895,5,0.0384448003769,0.03844095993042,0.0384191989899,0.0384576010704,0.000012542115649794678,0.0326269574758188,0.09988887996170606,5,0.0384256005287,0.03840511989592,0.0383039999008,0.0384448003769,0.00005174112437172239,0.13472454847672316,0.36642361905270326,3,0.0384319996834,0.03843413352966667,0.0384256005287,0.0384448003769,0.000007982210121808218,0.020768544490919465,0.04995797345483693,baseline,,,,,,,,,,,,,,
fp16,1,17,1,64,1.0,baseline_transform,17,100,2909,true,2176,4352,5,0.0173824000359,0.01739007997514,0.0173440003395,0.017427200079,0.000030666510485596515,0.1763448502217117,0.4786435666430782,5,0.0173888003826,0.01737984013556,0.0172927999496,0.017427200079,0.0000483358712147335,0.2781145904549257,0.7729120263781172,5,0.0173824000359,0.01737856006624,0.0173375999928,0.017427200079,0.000034010385882110084,0.19570312932991185,0.5154644123650677,3,0.0173824000359,0.017384533484800002,0.0173824000359,0.0173888003826,0.000003017152369008916,0.017355382999762022,0.03682084572198948,baseline,,,,,,,,,,,,,,
fp16,1,17,1,64,1.0,optimized_fused,17,100,2909,true,2176,2788,5,0.0193599998951,0.01936511993408,0.0193087995052,0.019411200285,0.00003396249647761031,0.17537973734849374,0.5289296505932188,5,0.0193535995483,0.0193548798561,0.019315199852,0.0193983995914,0.00002666570162637939,0.1377724988459449,0.4298928434080854,5,0.0193599998951,0.01936127996444,0.0193408000469,0.01938560009,0.000014253499656189791,0.07361858142833819,0.23140518255549816,3,0.0193599998951,0.019357866446166668,0.0193535995483,0.0193599998951,0.0000030171524161502093,0.015586182622660255,0.03305964274111123,candidate_vs_matching_baseline,1.2204958700067157,18.066088990985484,1.2199074393462814,18.026567611074196,1.2195041423050612,17.999458525016788,17.999458525016788,18.066088990985484,True,True,False,False,False,False
fp16,1,17,1,64,1.0,optimized_split,17,100,2909,true,2176,7140,5,0.0341440010071,0.03414400053024,0.0341312003136,0.0341504001617,0.000007010793280840631,0.020533016553322295,0.05623198082734601,5,0.0341504001617,0.0341465601921,0.0341312003136,0.0341567993164,0.000008681079367079672,0.025422998153377944,0.0749595983613377,5,0.0341504001617,0.03414400005338,0.0341312003136,0.0341504001617,0.000008095492432277968,0.023709853618854408,0.056221443992138395,3,0.0341504001617,0.034148267110166664,0.0341440010071,0.0341504001617,0.00000301659040767924,0.008833802306709547,0.018738154076371735,candidate_vs_matching_baseline,1.1255857119793413,11.157365506932294,1.1257496308935264,11.170301765386037,1.125187416450677,11.125916857973017,11.125916857973017,11.170301765386037,True,True,False,False,False,False
fp16,1,17,1,64,1.0,optimized_transform,17,100,2909,true,2176,4352,5,0.0170368003845,0.01702912020682,0.0169920003414,0.0170624005795,0.000026665896215953677,0.15658998170248536,0.41322452873280896,5,0.0170368003845,0.01702912020682,0.0170047998428,0.0170560002327,0.000018724920149002747,0.10995823578427495,0.30052820215339165,5,0.0170560002327,0.01704703998566,0.0169983994961,0.0170687997341,0.00002482032214884474,0.14559901407941578,0.41275936350557124,3,0.0170368003845,0.0170432003339,0.0170368003845,0.0170560002327,0.000009050895239981333,0.053105608469428904,0.11269632657941726,candidate_vs_matching_baseline,1.020285478704935,1.9882159580163372,1.0206611564469728,2.0242914425093073,1.0191369488008228,1.877760277786067,1.877760277786067,2.0242914425093073,False,True,False,False,False,False
fp16,1,17,1,64,1.0,warp32_fused,17,100,2909,true,2176,2788,5,0.0176127994061,0.01757823991776,0.0174720001221,0.0176447999477,0.00006864402914569329,0.3905057017474171,0.9811036940564642,5,0.0175935995579,0.01757439994812,0.017497600317,0.017638399601,0.000054756129690190364,0.31156756334117586,0.8002869653627941,5,0.0175935995579,0.01757183980944,0.0175168001652,0.0176191997528,0.000045722782773550255,0.26020486909394036,0.5820274996200003,3,0.0175935995579,0.017599999507299998,0.0175935995579,0.0176127994061,0.000009050895239981333,0.051425542575880584,0.1091297328713969,candidate_vs_matching_baseline,1.3415698078703164,25.4604572841829,1.3419425620892147,25.481162290348593,1.3419425620892147,25.481162290348593,25.4604572841829,25.481162290348593,True,True,False,False,False,False
fp16,1,17,1,64,1.0,warp32_split,17,100,2909,true,2176,7140,5,0.0348095989227,0.03480832004546,0.0347648000717,0.0348864006996,0.00004459863025284783,0.12812635081096013,0.34933073538145015,5,0.0348031997681,0.03480448007584,0.0347456002235,0.0348927998543,0.000050943265469191666,0.14636985054275994,0.42294855582481117,5,0.0347968006134,0.03480575990676,0.0347519993782,0.0348927998543,0.000050002007669127775,0.14366015223651632,0.40463627005346886,3,0.0348031997681,0.03480319976806667,0.0347968006134,0.0348095989227,0.000005224887892550914,0.015012665293335925,0.036773369647828145,candidate_vs_matching_baseline,1.1040632719941443,9.425480824680154,1.10463407482831,9.472283827979233,1.1042854472632917,9.443703846839446,9.425480824680154,9.472283827979233,True,True,False,False,False,False
fp16,1,17,1,64,1.0,warp32_transform,17,100,2909,true,2176,4352,5,0.018112000227,0.01805824041366,0.0179584002495,0.0181184005737,0.00007156568822787973,0.39630488125379315,0.8833940050502302,5,0.0181247997284,0.0180710401535,0.0179584002495,0.0181376004219,0.00007513930008975057,0.41579953036182915,0.9887015309703555,5,0.018112000227,0.01806592011452,0.017945599556,0.0181695997715,0.00008580782690237257,0.47497069818994064,1.2367502909263215,3,0.018112000227,0.018116266727466666,0.018112000227,0.0181247997284,0.000006033742823831124,0.033305663438279856,0.07066862433514903,candidate_vs_matching_baseline,0.9597173044414848,-4.197350133428923,0.9593926908529228,-4.232605640447007,0.9597173044414848,-4.197350133428923,-4.232605640447007,-4.197350133428923,False,False,True,True,True,True
fp16,1,17,1,128,1.0,baseline_fused,17,100,2909,true,4352,5508,5,0.029395198822,0.0293785600662,0.0293440008163,0.0294079995155,0.00002850637843298776,0.09703123083212072,0.21771820489304194,5,0.029395198822,0.02937599945066,0.0293375992775,0.0294079995155,0.00002918808581969552,0.09936031578676975,0.23949570277207538,5,0.0293632006645,0.02936831998824,0.0293375992775,0.0294079995155,0.00002666561009932637,0.09079719272332949,0.23975669002974648,3,0.029395198822,0.0293845327695,0.0293632006645,0.029395198822,0.000015084076102484457,0.05133338760499584,0.10885504702235255,baseline,,,,,,,,,,,,,,
fp16,1,17,1,128,1.0,baseline_split,17,100,2909,true,4352,14212,5,0.0447359991074,0.0447372789383,0.0447295999527,0.044742398262,0.00000478868884771229,0.010704023493061956,0.028608524578331268,5,0.0447359991074,0.04473600006106,0.0447295999527,0.0447488021851,0.000007011663936526187,0.015673426160041116,0.04292344595657308,5,0.0447295999527,0.0447334394455,0.0447295999527,0.044742398262,0.000005119323725000768,0.011444064638127778,0.028612617402204252,3,0.0447359991074,0.04473386605583333,0.0447295999527,0.0447359991074,0.0000030165904548205336,0.0067434154943269604,0.014304262400926502,baseline,,,,,,,,,,,,,,
fp16,1,17,1,128,1.0,baseline_transform,17,100,2909,true,4352,8704,5,0.0183679997921,0.01833599996566,0.0182848000526,0.0183744001389,0.00004186982991115497,0.22834767664468564,0.4878053534088979,5,0.018323199749,0.01832575988768,0.0182848000526,0.0183679997921,0.000026418832044395952,0.14416227324988987,0.45406774275077233,5,0.0183615994453,0.01833087968826,0.0182783997059,0.0183679997921,0.000042913412327134776,0.2341044895658698,0.4879753883474223,3,0.0183615994453,0.018350932995466668,0.018323199749,0.0183679997921,0.000019783677269839445,0.10780747373840185,0.24398769417371116,baseline,,,,,,,,,,,,,,
fp16,1,17,1,128,1.0,optimized_fused,17,100,2909,true,4352,5508,5,0.0199103999138,0.01992960000036,0.019903999567,0.0199616003036,0.00002623245185241706,0.13162558130591287,0.289299747113959,5,0.0199103999138,0.01992447996138,0.019903999567,0.0199616003036,0.00002339318175798544,0.11740924633078952,0.289299747113959,5,0.019903999567,0.01991679978368,0.019903999567,0.0199551999569,0.00001982982574163581,0.09956331316783404,0.25723669118687126,3,0.0199103999138,0.019908266464866667,0.019903999567,0.0199103999138,0.0000030171524161502093,0.015155274425700312,0.032145747085489,candidate_vs_matching_baseline,1.4763741034466134,32.26649006742343,1.4763741034466134,32.26649006742343,1.4752412230345382,32.214475545699415,32.214475545699415,32.26649006742343,True,True,False,False,False,False
fp16,1,17,1,128,1.0,optimized_split,17,100,2909,true,4352,14212,5,0.0356159996986,0.03558783912658,0.0354751992226,0.0356223988533,0.00005675463166154639,0.1594775998050335,0.41329636103345807,5,0.0356223988533,0.035592959404,0.0354751992226,0.0356288003922,0.00005901907197498645,0.16581670353703093,0.4311926612033101,5,0.0356223988533,0.03562495946884,0.0356159996986,0.0356351995468,0.0000065269116054273435,0.01832117622796518,0.05389824609811321,3,0.0356223988533,0.03562026580173333,0.0356159996986,0.0356223988533,0.0000030165904548205336,0.00846874773931008,0.017963851132967217,candidate_vs_matching_baseline,1.2560646755946174,20.386265179649055,1.2558390380061597,20.37196091724813,1.25565939949483,20.36056908407531,20.36056908407531,20.386265179649055,True,True,False,False,False,False
fp16,1,17,1,128,1.0,optimized_transform,17,100,2909,true,4352,8704,5,0.0182272005081,0.01823232007028,0.0182016003132,0.0182783997059,0.000029854169484677402,0.1637431186464407,0.4213449710276187,5,0.0182464003563,0.01824256014826,0.0182016003132,0.0182912003994,0.000030452162137897247,0.16692921328151308,0.4910562327383345,5,0.0182335996628,0.01822848010064,0.0182016003132,0.0182591998577,0.00002339271210909279,0.12833056831914075,0.31589782360701035,3,0.0182335996628,0.018235733509066666,0.0182272005081,0.0182464003563,0.0000079822101218098,0.04377235562167602,0.10529927471847958,candidate_vs_matching_baseline,1.0077246796038388,0.7665466332406945,1.0042090160908632,0.4191374528031977,1.0070199952213026,0.6971058424475429,0.4191374528031977,0.7665466332406945,False,True,False,False,False,False
fp16,1,17,1,128,1.0,warp32_fused,17,100,2909,true,4352,5508,5,0.0182272005081,0.01818752002716,0.0180991995335,0.0182400000095,0.00005786967863123538,0.31818344966667667,0.7724745000606764,5,0.0182272005081,0.01819392013548,0.0181312000751,0.0182400000095,0.00004880803005975114,0.26826560574249475,0.5969097358184581,5,0.0182272005081,0.01819648003578,0.0181376004219,0.0182335996628,0.000043103750501781224,0.2368796075780904,0.5266812139216785,3,0.0182272005081,0.0182272005081,0.0182272005081,0.0182272005081,0.0000,0.0,0.0,candidate_vs_matching_baseline,1.612710564572823,37.992593217439406,1.612710564572823,37.992593217439406,1.610955047729423,37.92502147037187,37.92502147037187,37.992593217439406,True,True,False,False,False,False
fp16,1,17,1,128,1.0,warp32_split,17,100,2909,true,4352,14212,5,0.037401599884,0.03742463970186,0.037331199646,0.0375359988213,0.00006888215812594348,0.1840556346692632,0.5475679541387938,5,0.037401599884,0.037429759979239996,0.0373376011848,0.0375359988213,0.00008983636332097653,0.24001319637316207,0.5304522724036462,5,0.0373952007294,0.03739519929888,0.0373183989525,0.0375359988213,0.00007973070332485765,0.21321106671370413,0.5818925010580951,3,0.037401599884,0.037399466832466665,0.0373952007294,0.037401599884,0.00000301659040767924,0.008065864738639864,0.017109307141522406,candidate_vs_matching_baseline,1.196098542472713,16.394848376565662,1.196098542472713,16.394848376565662,1.196132099313314,16.397193873980253,16.394848376565662,16.397193873980253,True,True,False,False,False,False
fp16,1,17,1,128,1.0,warp32_transform,17,100,2909,true,4352,8704,5,0.0202880001068,0.0202329597473,0.0200832009315,0.0203327989578,0.00010621626446082566,0.524966518924646,1.230274176784651,5,0.0202816009521,0.02023040008544,0.0200896000862,0.0203327989578,0.0001039085803620823,0.5136259289150995,1.1991108205628083,5,0.0202816009521,0.02023424005508,0.0201279997826,0.0203392004967,0.00008649293190624734,0.42745826712939705,1.0413414335426532,3,0.0202816009521,0.020283734003666666,0.0202816009521,0.0202880001068,0.0000030165904548205336,0.01487196812123068,0.03155152650479523,candidate_vs_matching_baseline,0.9053627610117931,-10.452963504092484,0.9034395160556976,-10.68809612909929,0.905332842740839,-10.45661361102972,-10.68809612909929,-10.452963504092484,False,False,True,True,True,True
fp16,1,17,1,256,1.0,baseline_fused,17,100,2909,true,8704,10948,5,0.0409216022491,0.04090240097046,0.0408576011658,0.0409344005585,0.000031872129286217896,0.07792239215794733,0.18767445182743925,5,0.0409151983261,0.0408998403549,0.0408640003204,0.0409280014038,0.000027032445209633566,0.06609425605348347,0.1564237398775464,5,0.0409216022491,0.04090368080138,0.0408640003204,0.0409280014038,0.000027573006409112782,0.06740959705558462,0.1563992607386444,3,0.0409216022491,0.0409194676081,0.0409151983261,0.0409216022491,0.0000030188382529979436,0.0073775110710393626,0.015649247947375843,baseline,,,,,,,,,,,,,,
fp16,1,17,1,256,1.0,baseline_split,17,100,2909,true,8704,28356,5,0.0570368003845,0.0570854406357,0.0569984006882,0.0573184013367,0.00011749566896898973,0.20582423059288865,0.5610424258422471,5,0.0570368003845,0.05702527999876,0.0569920015335,0.0570559978485,0.000027866169484943012,0.04886634398910265,0.11220179703030539,5,0.0570368003845,0.0570227203369,0.0569856023788,0.0570495986938,0.000025726560840154962,0.045116333784424936,0.11220179703030539,3,0.0570368003845,0.0570368003845,0.0570368003845,0.0570368003845,0.0000,0.0,0.0,baseline,,,,,,,,,,,,,,
fp16,1,17,1,256,1.0,baseline_transform,17,100,2909,true,8704,17408,5,0.019788800478,0.019795200347919998,0.0197440004349,0.0198464000225,0.00003945218258622587,0.19930175948116308,0.5174623278143742,5,0.0198143994808,0.01979904007912,0.0197248005867,0.0198399996758,0.00004218154580279999,0.21304843888509778,0.5813907669098404,5,0.0198143994808,0.01979519963266,0.0197119998932,0.0198399996758,0.00004890866697732153,0.24707337074099203,0.6459937517865767,3,0.0198143994808,0.019805866479866665,0.019788800478,0.0198143994808,0.000012067485647662248,0.06092884479418891,0.12919393709007015,baseline,,,,,,,,,,,,,,
fp16,1,17,1,256,1.0,optimized_fused,17,100,2909,true,8704,10948,5,0.0203263998032,0.02033408021926,0.0203200006485,0.0203584003448,0.000015359838783216083,0.075537416089603,0.18891538428736182,5,0.0203200006485,0.02032895994186,0.0202943992615,0.0203647994995,0.000027926395434084296,0.13737247509932948,0.34645785311623306,5,0.0203200006485,0.02033279991148,0.020307199955,0.0203647994995,0.000023946630314369874,0.1177734026726417,0.2834623162487387,3,0.0203200006485,0.020322133700066665,0.0203200006485,0.0203263998032,0.000003016590454822208,0.01484386678753281,0.03149190204614764,candidate_vs_matching_baseline,2.013224311501424,50.32843611677731,2.013543160448684,50.33630171715977,2.013858314129571,50.344073712443894,50.32843611677731,50.344073712443894,True,True,False,False,False,False
fp16,1,17,1,256,1.0,optimized_split,17,100,2909,true,8704,28356,5,0.0369215989113,0.036917759418500005,0.036908800602,0.0369215989113,0.000005119323725000768,0.013866832130758736,0.034663475248591175,5,0.0369151997566,0.03688319969176,0.0367551994324,0.0369280004501,0.00006451015191959636,0.1749038924462089,0.4681026212491461,5,0.0369215989113,0.03692032003402,0.036908800602,0.0369280004501,0.000007463613928149214,0.020215463791407855,0.052001670204280113,3,0.0369215989113,0.036919465859733336,0.0369151997566,0.0369215989113,0.0000030165904548205336,0.008170731576348764,0.01733173775971047,candidate_vs_matching_baseline,1.5448085149704516,35.26705800044561,1.545076303543569,35.278277344197114,1.5448085149704516,35.26705800044561,35.26705800044561,35.278277344197114,True,True,False,False,False,False
fp16,1,17,1,256,1.0,optimized_transform,17,100,2909,true,8704,17408,5,0.0193280005455,0.0193177599907,0.0192895996571,0.0193408000469,0.000020876276022829765,0.10806778856803309,0.2649026715384813,5,0.0193280005455,0.01931647992136,0.0192895996571,0.0193408000469,0.000022317746185069987,0.11553733535265508,0.2649026715384813,5,0.019315199852,0.01931392002106,0.0192960000038,0.0193343997002,0.00001588439756877886,0.08224326056781031,0.1988055867618836,3,0.0193280005455,0.019323733647666668,0.019315199852,0.0193280005455,0.0000060343047851608,0.031227426827472544,0.06622875175249929,candidate_vs_matching_baseline,1.0238410554374329,2.3285895120944256,1.0251655071177677,2.4547750527151524,1.0258449113975028,2.5193780375919017,2.3285895120944256,2.5193780375919017,False,True,False,False,False,False
fp16,1,17,1,256,1.0,warp32_fused,17,100,2909,true,8704,10948,5,0.0234240007401,0.02337536001206,0.0232895994186,0.0234303998947,0.00006252430204284508,0.2674795254943113,0.6010949097135153,5,0.0233407998085,0.02330879974366,0.0232319998741,0.0233728003502,0.00006098523345825208,0.26164038530057765,0.6032375807821377,5,0.0235775995255,0.02353408002856,0.0234559988976,0.023590400219,0.00006130684663017553,0.26050241418307424,0.5700381892339756,3,0.0234240007401,0.023447466691366667,0.0233407998085,0.0235775995255,0.00009808674611266922,0.4183255590199203,1.0109277216449821,candidate_vs_matching_baseline,1.7469945763383417,42.75883774659588,1.7529475708540176,42.95322822959214,1.735613593947164,42.38348884294102,42.38348884294102,42.95322822959214,True,True,False,False,False,False
fp16,1,17,1,256,1.0,warp32_split,17,100,2909,true,8704,28356,5,0.0441152000427,0.04413951969146,0.044083199501,0.0442880010605,0.00007566158872236083,0.17141461722112855,0.46424261774120146,5,0.0441215991974,0.0441062402725,0.044064002037,0.0441408014297,0.00002821776895730481,0.06397681775405925,0.17406303057238687,5,0.0441215991974,0.04414464092254,0.044064002037,0.0443200016022,0.0000912850448996264,0.20678624401952442,0.5802137045274763,3,0.0441215991974,0.044119466145833336,0.0441152000427,0.0441215991974,0.0000030165904548205336,0.0068373231100517795,0.014503451407934739,candidate_vs_matching_baseline,1.29290585397534,22.654847843308367,1.2927183380030582,22.643628499556854,1.2927183380030582,22.643628499556854,22.643628499556854,22.654847843308367,True,True,False,False,False,False
fp16,1,17,1,256,1.0,warp32_transform,17,100,2909,true,8704,17408,5,0.0226112008095,0.0225676803589,0.0224575996399,0.0226496005058,0.00007842583088863307,0.3475139209763946,0.8491405101286378,5,0.0226047992706,0.022566400051120002,0.0224512004852,0.0226559996605,0.0000749645255482431,0.3321953230396733,0.905998645899782,5,0.022598400116,0.02256256008146,0.0224512004852,0.0226496005058,0.00007579079721825963,0.3359139962159617,0.8779383477661655,3,0.0226047992706,0.022604800065366668,0.022598400116,0.0226112008095,0.000005225861268344953,0.023118369785325443,0.05662821132258227,candidate_vs_matching_baseline,0.8751768932893567,-14.262614526018268,0.8765571967086998,-14.08268664666763,0.8768054100772874,-14.050391170813302,-14.262614526018268,-14.050391170813302,False,False,True,True,True,True
fp16,1,257,1,64,1.0,baseline_fused,257,100,2909,true,32896,42148,5,0.0420480012894,0.04198656082154,0.0418431997299,0.0421248006821,0.00011265454224132368,0.2683109548318363,0.6697130507151863,5,0.0420160007477,0.04200447940826,0.0418815994263,0.0420864009857,0.00007522680285938631,0.17909233472036146,0.4874370614895196,5,0.0420671987534,0.04201727867126,0.0419199991226,0.0421055984497,0.00008048711134898424,0.191557173368388,0.44119725724546743,3,0.0420480012894,0.042043733596833334,0.0420160007477,0.0420671987534,0.000021118220360580187,0.05022917460919973,0.12176085457100741,baseline,,,,,,,,,,,,,,
fp16,1,257,1,64,1.0,baseline_split,257,100,2909,true,32896,107940,5,0.0765055990219,0.07653887939452,0.0761407995224,0.0767871999741,0.00023341661535504676,0.3049647671896263,0.8449060721882187,5,0.0764480018616,0.07646335983278,0.0761151981354,0.076697602272,0.00020094865575859255,0.2628038529801112,0.7618304238407406,5,0.0764608001709,0.07649151992798,0.0760640001297,0.0768255996704,0.00026540796286269686,0.3469769761570821,0.9960653550547658,3,0.0764608001709,0.07647146701813334,0.0764480018616,0.0765055990219,0.000024694053819765086,0.032291853135117045,0.07532900541356373,baseline,,,,,,,,,,,,,,
fp16,1,257,1,64,1.0,baseline_transform,257,100,2909,true,32896,65792,5,0.0385152006149,0.0385126399994,0.0384448003769,0.038585600853,0.00004625760697684569,0.12011019493227769,0.3655711870952432,5,0.0385152006149,0.03850880002976,0.0384319996834,0.0385983991623,0.000055054594173551484,0.142966267790751,0.43203586179848125,5,0.0385536003113,0.03853056001664,0.0384448003769,0.038585600853,0.00005469667654468335,0.14195660930197165,0.36520707524878276,3,0.0385152006149,0.0385280005137,0.0385152006149,0.0385536003113,0.000018101790479962666,0.046983467189079614,0.09970010745612928,baseline,,,,,,,,,,,,,,
fp16,1,257,1,64,1.0,optimized_fused,257,100,2909,true,32896,42148,5,0.0374207997322,0.03743871974946,0.0373824000359,0.0375167989731,0.000047446315485698574,0.12673060351211107,0.35915570528108115,5,0.0374591994286,0.03745664024354,0.0373760008812,0.0375232005119,0.000047307920578149594,0.1263004911026653,0.3929598948866341,5,0.0374911999702,0.03748992013928,0.0374464011192,0.0375424003601,0.000030932458340694656,0.08250873361633337,0.25605806422921845,3,0.0374591994286,0.037457066377000004,0.0374207997322,0.0374911999702,0.00002878032672342085,0.07683550664045867,0.18793844789498446,candidate_vs_matching_baseline,1.1236531979624786,11.00456957597763,1.121647055692837,10.845395178048777,1.1220552766205736,10.877830991373427,10.845395178048777,11.00456957597763,True,True,False,False,False,False
fp16,1,257,1,64,1.0,optimized_split,257,100,2909,true,32896,107940,5,0.0711999988556,0.07117695999146,0.0710400009155,0.071263999939,0.00007979160702588568,0.11210313988608013,0.3146053751409315,5,0.0713151979446,0.07130751991272,0.0711168003082,0.0714495992661,0.000109093064320178,0.15298956471029604,0.46665923602781745,5,0.0713151979446,0.07131263923644,0.0711552000046,0.0714368009567,0.00009101525396051176,0.12762850307467505,0.3948680789174134,3,0.0713151979446,0.07127679824826667,0.0711999988556,0.0713151979446,0.00005430537134560876,0.07618940900860312,0.16153511778722288,candidate_vs_matching_baseline,1.0745168574659703,6.934917488563485,1.071973493237547,6.714111280883883,1.0721529544136899,6.729725839644496,6.714111280883883,6.934917488563485,True,True,False,False,False,False
fp16,1,257,1,64,1.0,optimized_transform,257,100,2909,true,32896,65792,5,0.0366143989563,0.03680768013,0.0364608001709,0.0376448011398,0.0004297718759576772,1.1676146783491328,3.233703140431527,5,0.0365759992599,0.0367692799568,0.0365120005608,0.0375679993629,0.00040256731882699553,1.0948468920249987,2.887135890933104,5,0.0366400003433,0.03682431983946,0.0365567994118,0.0376767992973,0.00042828174279089837,1.1630404706944855,3.0567682178114493,3,0.0366143989563,0.03661013285316667,0.0365759992599,0.0366400003433,0.00002630189341792258,0.07184320669748004,0.17479758025357026,candidate_vs_matching_baseline,1.0519140478277043,4.935198644310468,1.053018410822368,5.034898751766603,1.0522270728731016,4.963479292591844,4.935198644310468,5.034898751766603,False,True,False,False,False,False
fp16,1,257,1,64,1.0,warp32_fused,257,100,2909,true,32896,42148,5,0.0218623995781,0.0216512002945,0.0212928009033,0.0219264006615,0.00029081631977572175,1.3431879795116815,2.898125413619686,5,0.0216896009445,0.02172800016402,0.0215808010101,0.0219072008133,0.00011668374435725738,0.537020174320862,1.5048677199511538,5,0.0215423989296,0.02147199964524,0.0211199998856,0.0218048000336,0.0002878432053777802,1.3405514629914332,3.178848141462378,3,0.0216896009445,0.021698133150733334,0.0215423989296,0.0218623995781,0.00013077895515591964,0.6027198480506131,1.4753643892242467,candidate_vs_matching_baseline,1.9233022038221421,48.006090877828825,1.9371495517696151,48.37775952370404,1.9527629625128804,48.79050764496441,48.006090877828825,48.79050764496441,True,True,False,False,False,False
fp16,1,257,1,64,1.0,warp32_split,257,100,2909,true,32896,107940,5,0.0430719995499,0.04320896053314,0.0429824018478,0.0435391998291,0.0002130190468499626,0.4929973880917206,1.2927144946102078,5,0.043308801651,0.04328192043302,0.0430335998535,0.0435328006744,0.00017898968260061332,0.41354376333093845,1.152654430207431,5,0.043398399353,0.04326784038544,0.0430208015442,0.0434367990494,0.00018683533519520093,0.4318110946394094,0.9585549499563442,3,0.043308801651,0.043259733517966666,0.0430719995499,0.043398399353,0.00013769524108325348,0.31829886567855487,0.7536569719251658,candidate_vs_matching_baseline,1.776225850236331,43.70085313942775,1.7651839567774052,43.34868067656572,1.7618345678828473,43.240981972463224,43.240981972463224,43.70085313942775,True,True,False,False,False,False
fp16,1,257,1,64,1.0,warp32_transform,257,100,2909,true,32896,65792,5,0.021676800251,0.02167551994322,0.0216447997093,0.0217023992538,0.000021947282361131998,0.10125377577388636,0.2657197733661968,5,0.0217600011826,0.02168704032898,0.0215488004684,0.0217919993401,0.0001107479172697032,0.510664044469511,1.117641812880362,5,0.0217088007927,0.0216831998825,0.0215039992332,0.0217984008789,0.00009748235629343405,0.4495755092499505,1.3561396067488014,3,0.0217088007927,0.0217152007421,0.021676800251,0.0217600011826,0.00003426677952982943,0.15780088766757405,0.3832589943336636,candidate_vs_matching_baseline,1.7767936304678182,43.7188437164362,1.769999932063331,43.50282269026552,1.7759433457173917,43.69189746894486,43.50282269026552,43.7188437164362,True,True,False,False,False,False
fp16,1,257,1,128,1.0,baseline_fused,257,100,2909,true,65792,83268,5,0.0694271993637,0.06943871974946,0.0694080018997,0.0695103979111,0.00003696401053732775,0.053232563432471985,0.14748688170985197,5,0.0693631982803,0.06940543937682,0.06930560112,0.0695423984528,0.00008311099352597934,0.11974708938120593,0.34138756382467467,5,0.0694271993637,0.06942208003998,0.06930560112,0.0695488023758,0.00009573552574485415,0.13790356856164537,0.3502967972623508,3,0.0694271993637,0.06940586566923334,0.0693631982803,0.0694271993637,0.000030170400050284266,0.04346952488722922,0.09218445218382788,baseline,,,,,,,,,,,,,,
fp16,1,257,1,128,1.0,baseline_split,257,100,2909,true,65792,214852,5,0.104089603424,0.104015361786,0.103852796555,0.104166402817,0.00013019669344829957,0.12517063942551557,0.30128490424020493,5,0.103859195709,0.1038553600312,0.103596801758,0.104025602341,0.00015516950897347317,0.1494092446714907,0.4128672286288843,5,0.103961601257,0.10396159935,0.103750400543,0.104134397507,0.00015645225769582205,0.1504904298067843,0.36936422617302606,3,0.103961601257,0.10397013346333334,0.103859195709,0.104089603424,0.00009425683950980639,0.09065761134474978,0.22162770889841832,baseline,,,,,,,,,,,,,,
fp16,1,257,1,128,1.0,baseline_transform,257,100,2909,true,65792,131584,5,0.0434751987457,0.043206399917599995,0.0425087976456,0.0435391998291,0.0003958292335189058,0.9161356518335285,2.37009194489747,5,0.0431807994843,0.043147521019,0.0428096008301,0.0434496021271,0.00025246861050868347,0.5851288893225383,1.4821432318146266,5,0.0433152008057,0.04306559944154,0.0425791978836,0.0434111976624,0.0003728522771187297,0.8657775160539986,1.9208032361020728,3,0.0433152008057,0.0433237330119,0.0431807994843,0.0434751987457,0.00012033932631021656,0.2777676759229455,0.679667312915364,baseline,,,,,,,,,,,,,,
fp16,1,257,1,128,1.0,optimized_fused,257,100,2909,true,65792,83268,5,0.0389120006561,0.03877248048782,0.0384895992279,0.0389824008942,0.0002027258702110898,0.5228602030627733,1.2664516292938102,5,0.0388863992691,0.038801919937120005,0.038585600853,0.0389567995071,0.00014680410545886644,0.37834237505970864,0.9545719353732024,5,0.0388544011116,0.03877120018006,0.0385920000076,0.0389055991173,0.00012554463656813697,0.3238090025201347,0.8071134819431691,3,0.0388863992691,0.03888426701226667,0.0388544011116,0.0389120006561,0.000023563202542019695,0.06059829425249627,0.14812259705868489,candidate_vs_matching_baseline,1.7842104798797158,43.95280090119099,1.7837392914755554,43.937995604011505,1.7868554752468564,44.03576484763835,43.937995604011505,44.03576484763835,True,True,False,False,False,False
fp16,1,257,1,128,1.0,optimized_split,257,100,2909,true,65792,214852,5,0.0780991983414,0.07804287910464,0.0777983999252,0.0782847976685,0.00017645431205269457,0.22609918300951506,0.6227947963995503,5,0.0780927991867,0.0780249595642,0.0778431987762,0.0781568002701,0.0001301952309982663,0.16686356740901592,0.4015754297016141,5,0.0780352020264,0.07806336116792,0.0778367996216,0.0783616018295,0.00020309749452473075,0.260170061199201,0.6725198298614825,3,0.0780927991867,0.07807573318483334,0.0780352020264,0.0780991983414,0.00002877867727073452,0.03685995135339305,0.08194906017774858,candidate_vs_matching_baseline,1.33278709173155,24.969261316839052,1.3299458694097916,24.808969823427198,1.3322397912397135,24.93843776656365,24.808969823427198,24.969261316839052,True,True,False,False,False,False
fp16,1,257,1,128,1.0,optimized_transform,257,100,2909,true,65792,131584,5,0.043283200264,0.04325120067598,0.0431616020203,0.0433215999603,0.00006675650092552686,0.1543460063123768,0.36965367399848204,5,0.043308801651,0.04330496025086,0.0432448005676,0.0433408021927,0.00003425053943445094,0.07909149260510116,0.22166770134536273,5,0.0433215999603,0.04330111980438,0.0432000017166,0.0433920001984,0.00006481369274120631,0.14968133164687872,0.4431934230867436,3,0.043308801651,0.04330453395843333,0.043283200264,0.0433215999603,0.000015964420207985556,0.03686547053781783,0.08866487835299094,candidate_vs_matching_baseline,1.0044358661219348,0.4416276112342965,0.9970444306510373,-0.29643306337239217,0.9998522872053234,-0.014773461696981904,-0.29643306337239217,0.4416276112342965,False,False,True,False,False,False
fp16,1,257,1,128,1.0,warp32_fused,257,100,2909,true,65792,83268,5,0.0255232000351,0.0263308801651,0.0253952002525,0.0285888004303,0.001237869449065088,4.701208016228069,12.512538292252145,5,0.0251135993004,0.02509311962128,0.0244736003876,0.0257983994484,0.000423820833869542,1.6889922029069853,5.275225764946004,5,0.0251200008392,0.02536064004898,0.0249151992798,0.0261631989479,0.00047784616460003765,1.8842038831715389,4.968151379009848,3,0.0251200008392,0.0252522667249,0.0251135993004,0.0255232000351,0.0001915966054965469,0.7587303254151955,1.6305761186950831,candidate_vs_matching_baseline,2.7201604527732557,63.2374627393586,2.761977582368896,63.794058055231616,2.763821538387777,63.81821379887895,63.2374627393586,63.81821379887895,True,True,False,False,False,False
fp16,1,257,1,128,1.0,warp32_split,257,100,2909,true,65792,214852,5,0.0537215995789,0.05417216014862,0.0535487985611,0.0550207996368,0.0006771502889517756,1.2499968380327282,2.740054442232489,5,0.0548736000061,0.05523072052,0.0546496009827,0.0559808015823,0.0005734836939187898,1.0383418657577017,2.4259399774245174,5,0.0545792007446,0.055101440429680004,0.0543232011795,0.0560896015167,0.0007609015917393734,1.3809105275758258,3.236398322257884,3,0.0545792007446,0.054391466776533335,0.0537215995789,0.0548736000061,0.0004886779976915876,0.8984460737183557,2.1106949377853947,candidate_vs_matching_baseline,1.9375745368699488,48.38908227936108,1.8926987786012681,47.16539095888177,1.9047842371947126,47.50061553046246,47.16539095888177,48.38908227936108,True,True,False,False,False,False
fp16,1,257,1,128,1.0,warp32_transform,257,100,2909,true,65792,131584,5,0.0255360007286,0.025541120052340002,0.0254656004906,0.0256575989723,0.00006921398502269452,0.2709904063755158,0.7518737320717758,5,0.0258879995346,0.02604031991956,0.0254272007942,0.0272128009796,0.0006221567239299897,2.389205377859667,6.897405042879029,5,0.0255232000351,0.02557696008684,0.0254207992554,0.025926399231,0.00018542749977923348,0.7249786493377713,1.980942730161938,3,0.0255360007286,0.0256490667661,0.0255232000351,0.0258879995346,0.00016903178268366315,0.6590172820910194,1.4285694278330259,candidate_vs_matching_baseline,1.7025061679689066,41.263061549256996,1.6679851769383616,40.04742884852664,1.69709130305495,41.07565113321301,40.04742884852664,41.263061549256996,True,True,False,False,False,False
fp16,1,257,1,256,1.0,baseline_fused,257,100,2909,true,131584,165508,5,0.109414396286,0.1092799987792,0.108806400299,0.109612798691,0.00028812736671527805,0.2636597455472513,0.7370130616926625,5,0.109318399429,0.1092467193602,0.108959999084,0.109440002441,0.00017668783622064674,0.16173285317436856,0.4390874358819653,5,0.109337596893,0.1092249584196,0.108915195465,0.109440002441,0.00020725124034893064,0.18974714511014196,0.4799876629020799,3,0.109337596893,0.109356797536,0.109318399429,0.109414396286,0.00004147567686552239,0.03792693074417134,0.08779857956266171,baseline,,,,,,,,,,,,,,
fp16,1,257,1,256,1.0,baseline_split,257,100,2909,true,131584,428676,5,0.149945602417,0.1498892803192,0.148985595703,0.150598402023,0.0005757384459014382,0.38410915355345077,1.075594278193485,5,0.150054397583,0.1501580791472,0.149491195679,0.150758399963,0.00047131902718641516,0.3138818969070462,0.8444965988411433,5,0.150105600357,0.1501350402832,0.149433603287,0.150816001892,0.000557976538401112,0.3716497743288974,0.9209507185023061,3,0.150054397583,0.150035200119,0.149945602417,0.150105600357,0.00006671452699916265,0.04446591662906319,0.10662662512871865,baseline,,,,,,,,,,,,,,
fp16,1,257,1,256,1.0,baseline_transform,257,100,2909,true,131584,263168,5,0.0499840021133,0.0498790397644,0.0495423984528,0.0501119995117,0.00023742624395756617,0.4760040391295256,1.1395667309889854,5,0.0498176002502,0.04968448066712,0.0492736005783,0.0499968004227,0.000298967140199517,0.6017314384396218,1.4516954665978645,5,0.049875202179,0.049710080146799996,0.0491584014893,0.0502655982971,0.0004357522320091569,0.8765872650422748,2.2199344753056205,3,0.049875202179,0.049892268180833334,0.0498176002502,0.0499840021133,0.00006899676960901505,0.1382915071308001,0.3336364682849601,baseline,,,,,,,,,,,,,,
fp16,1,257,1,256,1.0,optimized_fused,257,100,2909,true,131584,165508,5,0.0462656021118,0.04625151920316,0.04604159832,0.0464319992065,0.0001264160939967469,0.27332311710986973,0.8438253663198999,5,0.0461952018738,0.0462451210022,0.0461375999451,0.0464639997482,0.00011365317351202531,0.24576251731856974,0.7065664611482588,5,0.0461439990997,0.04617088031768,0.0460288000107,0.0463999986649,0.00013596882531421578,0.29449043288470694,0.804435379339297,3,0.0461952018738,0.04620160102843333,0.0461439990997,0.0462656021118,0.00004985000851196407,0.10789671224009194,0.26323732155605384,candidate_vs_matching_baseline,2.3649188877214233,57.71525166499514,2.366444890264693,57.742518994889956,2.369486802753315,57.796768530720996,57.71525166499514,57.796768530720996,True,True,False,False,False,False
fp16,1,257,1,256,1.0,optimized_split,257,100,2909,true,131584,428676,5,0.0913216018677,0.09138175964358,0.090643196106,0.0919104003906,0.0004599405509779268,0.5033176782454745,1.3876281829088262,5,0.0914815998077,0.09143680000304,0.0910783958435,0.0919167995453,0.00032224475122249474,0.35242347852481826,0.9164724967232393,5,0.091334400177,0.09136256027222001,0.0910272026062,0.0916479969025,0.00024775632350703297,0.2711792694609572,0.6796938449225404,3,0.091334400177,0.09137920061746667,0.0913216018677,0.0914815998077,0.0000725954305291347,0.07944415144649279,0.17517818006132552,candidate_vs_matching_baseline,1.641951075652726,39.096845525530085,1.640268621213705,39.03437601214018,1.6434727776840412,39.15323614856669,39.03437601214018,39.15323614856669,True,True,False,False,False,False
fp16,1,257,1,256,1.0,optimized_transform,257,100,2909,true,131584,263168,5,0.0525952005386,0.05256576061248,0.052044801712,0.0528704023361,0.0002815591619724316,0.5356322417706721,1.569726164451229,5,0.0523583984375,0.05237760066986,0.052044801712,0.0526656007767,0.00022818475258846171,0.435653313000585,1.185672372009329,5,0.0524927997589,0.05249407958984,0.0521727991104,0.0527551984787,0.00020142772819895557,0.38371513468338064,1.1094842930363198,3,0.0524927997589,0.05248213291166667,0.0523583984375,0.0525952005386,0.00009696784688327614,0.1847635404728766,0.4511134902074787,candidate_vs_matching_baseline,0.9503529143617654,-5.224068331665643,0.9514729582431186,-5.100201885557087,0.950134159505253,-5.248294674587095,-5.248294674587095,-5.100201885557087,False,False,True,True,True,True
fp16,1,257,1,256,1.0,warp32_fused,257,100,2909,true,131584,165508,5,0.0393792009354,0.03931008005142,0.0387840008736,0.039737598896,0.00033366949174280497,0.8488140734039329,2.4215778881962096,5,0.0396287989616,0.03981440067292,0.0393472003937,0.0404544019699,0.00038500227728253955,0.9669925222418357,2.7939316991990286,5,0.0395391988754,0.039704319000219996,0.0389439988136,0.0408383989334,0.0006379152841472054,1.60666471610726,4.791195000611502,3,0.0395391988754,0.03951573292413333,0.0393792009354,0.0396287989616,0.00010324011436894992,0.26126331647994916,0.6312672823406376,candidate_vs_matching_baseline,2.7784818809678216,64.0091228649052,2.7585594893988254,63.74919577253958,2.765296212438596,63.83750878108848,63.74919577253958,64.0091228649052,True,True,False,False,False,False
fp16,1,257,1,256,1.0,warp32_split,257,100,2909,true,131584,428676,5,0.0715776014328,0.07164672088622,0.0708864021301,0.0725568008423,0.0006154307310547016,0.8589796203402645,2.333689141243788,5,0.0700479984283,0.07009023952484,0.0690623998642,0.0713471984863,0.0008477675065765562,1.2095371799608519,3.2617614683718354,5,0.0716544008255,0.071340801239,0.0696960020065,0.0721152019501,0.000871979739953191,1.2222735444643482,3.376205670174376,3,0.0715776014328,0.0710933335622,0.0700479984283,0.0716544008255,0.0007398282202890368,1.0406435923302944,2.2442808435096233,candidate_vs_matching_baseline,2.094867659930951,52.26428766230698,2.1421653858759897,53.31826353869158,2.094855286314545,52.26400570326323,52.26400570326323,53.31826353869158,True,True,False,False,False,False
fp16,1,257,1,256,1.0,warp32_transform,257,100,2909,true,131584,263168,5,0.0324927997589,0.03269887971878,0.032300798893,0.0332096004486,0.0003565762167176254,1.0904845052316348,2.796932127558732,5,0.0327360010147,0.03269503974916,0.032300798893,0.0331647992134,0.0003087058090190129,0.944197686827844,2.639297084613437,5,0.0327360010147,0.03284992027282,0.0324991989136,0.0335488009453,0.0003671930915859142,1.1177899018821347,3.2062622164163668,3,0.0327360010147,0.032654933929433334,0.0324927997589,0.0327360010147,0.0001146461714461773,0.35108376484216874,0.7429168140934311,candidate_vs_matching_baseline,1.5383101020591199,34.99360118213875,1.5217985919486487,34.28828195198227,1.5235581816057402,34.36417380883615,34.28828195198227,34.99360118213875,True,True,False,False,False,False
fp16,4,64,16,64,1.0,baseline_fused,4096,100,2909,true,524288,671744,5,0.157580795288,0.1575193576812,0.157145595551,0.158003196716,0.0003021611949127748,0.19182480132017315,0.5442294941033875,5,0.157395200729,0.1573478393554,0.156844797134,0.157760000229,0.0003089724549143199,0.19636269311359714,0.5814682345847307,5,0.157612800598,0.1572800006866,0.155603199005,0.158291196823,0.000912021411432549,0.5798711898850162,1.70544385214999,3,0.157580795288,0.15752959887166668,0.157395200729,0.157612800598,0.00009592785668141471,0.06089513168859362,0.13808780987702485,baseline,,,,,,,,,,,,,,
fp16,4,64,16,64,1.0,baseline_split,4096,100,2909,true,524288,1720320,5,0.306771202087,0.306766078949,0.30630399704,0.30705280304,0.0002638605520524524,0.08601360129400726,0.24409266414376188,5,0.307283191681,0.3070668792726,0.306444797516,0.307686405182,0.0004904486456226275,0.15972046440971888,0.40405974020503654,5,0.306950397491,0.3069721603394,0.306464004517,0.3076927948,0.00040601298794773866,0.1322637816728512,0.40032210189141476,3,0.306950397491,0.30700159708633333,0.306771202087,0.307283191681,0.00021213106799460035,0.0690977082881253,0.16679880468798255,baseline,,,,,,,,,,,,,,
fp16,4,64,16,64,1.0,baseline_transform,4096,100,2909,true,524288,1048576,5,0.165203208923,0.1652185630798,0.164697608948,0.165631999969,0.0003053413249792238,0.1848105438562282,0.5656010116822214,5,0.164729595184,0.16494719696020002,0.164499206543,0.165740795135,0.0004468070565578912,0.27087884170938714,0.7537131324903501,5,0.165139198303,0.1648755187988,0.163680000305,0.165286407471,0.0006006376007978423,0.3642976259749085,0.9727594553611284,3,0.165139198303,0.16502400080333334,0.164729595184,0.165203208923,0.0002098099797268607,0.12713906989620308,0.2867966805379587,baseline,,,,,,,,,,,,,,
fp16,4,64,16,64,1.0,optimized_fused,4096,100,2909,true,524288,671744,5,0.129100799561,0.1291609592438,0.128838396072,0.12983039856,0.00036119090144566834,0.27964402212583156,0.7683937600489275,5,0.129216003418,0.1290240020754,0.12842880249,0.129721603394,0.0005098840790402013,0.3951854467684481,1.0004959678391507,5,0.129664001465,0.1296755199434,0.12930560112,0.130143995285,0.000317721312409184,0.24501256100446803,0.6465897670343677,3,0.129216003418,0.12932693481466669,0.129100799561,0.129664001465,0.0002429381639321983,0.18784807996906705,0.4358607982775261,candidate_vs_matching_baseline,1.2206027834362343,18.07326563808044,1.2180782299839694,17.903466675275816,1.215547868469447,17.73256932619637,17.73256932619637,18.07326563808044,True,True,False,False,False,False
fp16,4,64,16,64,1.0,optimized_split,4096,100,2909,true,524288,1720320,5,0.279993591309,0.27993472290020003,0.279206409454,0.280652809143,0.0005187762787473748,0.18532044662866795,0.5165831411490378,5,0.280256004333,0.2802483177184,0.279519996643,0.280767993927,0.0004113037625446215,0.14676404336453822,0.44530617175185927,5,0.280979194641,0.2807436790468,0.279257602692,0.281478404999,0.0007854579243741635,0.27977759892618187,0.7903796257361706,3,0.280256004333,0.280409596761,0.279993591309,0.280979194641,0.0004167704863723479,0.1486291807364823,0.35167964887877623,candidate_vs_matching_baseline,1.0956365131530754,8.728854141402065,1.0964374961825485,8.795530663472718,1.0924310530649173,8.46104226034159,8.46104226034159,8.795530663472718,True,True,False,False,False,False
fp16,4,64,16,64,1.0,optimized_transform,4096,100,2909,true,524288,1048576,5,0.161695995331,0.1617395210264,0.16099199295,0.162604808807,0.0005294114622184746,0.3273235006872941,0.9974371064035931,5,0.161804790497,0.161807357788,0.161542396545,0.16206079483,0.0001716617693684375,0.10609021228401044,0.32038500430529643,5,0.161843204498,0.1618419189454,0.161721591949,0.162003192902,0.00010218980598877547,0.06314174143180473,0.17399615502762036,3,0.161804790497,0.16178133010866668,0.161695995331,0.161843204498,0.00006234541992144195,0.03853684469003021,0.09097948617456363,candidate_vs_matching_baseline,1.021690169783244,2.1229694113476194,1.0180761316028788,1.7755186514803567,1.0203653518553553,1.9958882196778327,1.7755186514803567,2.1229694113476194,False,True,False,False,False,False
fp16,4,64,16,64,1.0,warp32_fused,4096,100,2909,true,524288,671744,5,0.143302402496,0.14329471969600002,0.14277759552,0.1438463974,0.00034662751472808645,0.2418983166047272,0.7458366792069858,5,0.14332159996,0.1433689613342,0.143148803711,0.143654403687,0.0001799570529710707,0.12552023206165389,0.35277304756653755,5,0.143596801758,0.1436454391478,0.142950401306,0.144287996292,0.000535592145387151,0.37285704897046423,0.9314935775897111,3,0.14332159996,0.143406934738,0.143302402496,0.143596801758,0.00013448481852057387,0.0937784625034162,0.20541164910393783,candidate_vs_matching_baseline,1.0996381954754633,9.06099805239865,1.098195950735464,8.941569186236931,1.0976066226295262,8.892677997486109,8.892677997486109,9.06099805239865,True,True,False,False,False,False
fp16,4,64,16,64,1.0,warp32_split,4096,100,2909,true,524288,1720320,5,0.235366401672,0.235340801239,0.23438079834,0.236639995575,0.0008128835042407498,0.3454069587428774,0.9598639478494222,5,0.235315208435,0.2352499198912,0.234195194244,0.235807991028,0.0005854723181579741,0.24887248353952568,0.6853771988330734,5,0.234976005554,0.235060482025,0.234636802673,0.235635204315,0.000376271821956747,0.16007447050020446,0.4248951460580349,3,0.235315208435,0.23521920522033332,0.234976005554,0.235366401672,0.00017323345550078464,0.07364766637082813,0.16590347925081997,candidate_vs_matching_baseline,1.303377202131457,23.27623972824857,1.30583651487991,23.420735397955696,1.3063052832450142,23.448215908927217,23.27623972824857,23.448215908927217,True,True,False,False,False,False
fp16,4,64,16,64,1.0,warp32_transform,4096,100,2909,true,524288,1048576,5,0.088025598526,0.08794367980958,0.0877056026459,0.0881087970734,0.00016035165581957,0.18233448516911202,0.458042244814622,5,0.0882431983948,0.08807807922364,0.0873087978363,0.0883648014069,0.0003924494067286594,0.4455698968323173,1.1966968444133663,5,0.0878592014313,0.087942401886,0.0877248001099,0.0881984043121,0.00018886127143977965,0.21475564390952281,0.5390490631426013,3,0.088025598526,0.08804266611736666,0.0878592014313,0.0882431983948,0.0001572299674587126,0.17858383258080202,0.43623328887288343,candidate_vs_matching_baseline,1.8767632562498757,46.71677438963787,1.8667681836168257,46.43148470301652,1.8795891109040843,46.79688266979802,46.43148470301652,46.79688266979802,True,True,False,False,False,False
fp16,4,64,16,128,1.0,baseline_fused,4096,100,2909,true,1048576,1327104,5,0.209657592773,0.2095769577024,0.209260807037,0.209708805084,0.00016178351593843163,0.07719527838941377,0.2136808121635996,5,0.209535999298,0.2095001602174,0.209241600037,0.209651203156,0.00013771784858370667,0.06573639296542577,0.19548102491804414,5,0.209836807251,0.209725440979,0.209356803894,0.209983997345,0.0002299201732129349,0.1096291285118609,0.29889582252830516,3,0.209657592773,0.20967679977400002,0.209535999298,0.209836807251,0.0001235530596210217,0.058925479478031555,0.1434758212289947,baseline,,,,,,,,,,,,,,
fp16,4,64,16,128,1.0,baseline_split,4096,100,2909,true,1048576,3424256,5,0.428268814087,0.4282598342896,0.427321586609,0.429183998108,0.0005945166516430717,0.1388214826705053,0.43486974482846213,5,0.427891197205,0.428006401062,0.427276802063,0.429030418396,0.0006172762316973724,0.14422126168341004,0.4098276254465404,5,0.426995201111,0.427098876953,0.426476783752,0.428012809753,0.0005699060677233182,0.13343656433590514,0.35972910163940763,3,0.427891197205,0.42771840413433335,0.426995201111,0.428268814087,0.0005341133382293414,0.12487499557339427,0.29764879116918547,baseline,,,,,,,,,,,,,,
fp16,4,64,16,128,1.0,baseline_transform,4096,100,2909,true,1048576,2097152,5,0.229990406036,0.2296793632508,0.227833595276,0.230841598511,0.0009990306844198459,0.4349675435702716,1.3078820490143195,5,0.229766407013,0.2296755218506,0.228243198395,0.230547199249,0.0008351696235083942,0.36363022788804533,1.0027579244295803,5,0.229651203156,0.2294387207034,0.228281593323,0.230355205536,0.0006947192535488775,0.3027907632238566,0.9029398429022832,3,0.229766407013,0.22980267206833332,0.229651203156,0.229990406036,0.00014083326815498107,0.061284434548743355,0.147629448712577,baseline,,,,,,,,,,,,,,
fp16,4,64,16,128,1.0,optimized_fused,4096,100,2909,true,1048576,1327104,5,0.175321598053,0.1754496002198,0.175123195648,0.175820808411,0.00029454031207366127,0.16787744839809646,0.39790463396820375,5,0.175206394196,0.1751232032778,0.174617595673,0.175385608673,0.00028662083464245586,0.1636681086673511,0.43834758629918213,5,0.175219192505,0.175208961487,0.174931201935,0.17544960022,0.00016741043650397636,0.09554901477821824,0.2958570220469569,3,0.175219192505,0.17524906158466666,0.175206394196,0.175321598053,0.00005155646488411246,0.029418967735358972,0.06574842364755457,candidate_vs_matching_baseline,1.195845777709716,16.37717683669877,1.195938083535902,16.383631078675307,1.1975674824834739,16.497398716418488,16.37717683669877,16.497398716418488,True,True,False,False,False,False
fp16,4,64,16,128,1.0,optimized_split,4096,100,2909,true,1048576,3424256,5,0.402278404236,0.402214401245,0.401478385925,0.403014411926,0.0005123128249659289,0.12737306853760935,0.3818315835067446,5,0.401542396545,0.4018508834838,0.400934410095,0.403027191162,0.000818239257755731,0.2036176331533976,0.5211855796565928,5,0.401427192688,0.4018841629028,0.401094398499,0.403494415283,0.0009181908730441527,0.2284715243347937,0.5978710031897015,3,0.401542396545,0.4017493311563333,0.401427192688,0.402278404236,0.0003770558976136833,0.0938535221772302,0.2119854728477189,candidate_vs_matching_baseline,1.0646080166802903,6.068714087064075,1.0656189754474585,6.1578272308734805,1.0636927664311773,5.987891282261371,5.987891282261371,6.1578272308734805,True,True,False,False,False,False
fp16,4,64,16,128,1.0,optimized_transform,4096,100,2909,true,1048576,2097152,5,0.237113609314,0.236984325409,0.236128005981,0.237728004456,0.0005455327080683565,0.2301978019545586,0.6747813757417834,5,0.237024002075,0.2368358421326,0.235340805054,0.237600002289,0.0007876677929281635,0.33257964074844837,0.9531512484905021,5,0.237267208099,0.23680640029879999,0.234265594482,0.238099193573,0.0013183829045205007,0.5567344898013643,1.6157306868129975,3,0.237113609314,0.23713493982933332,0.237024002075,0.237267208099,0.00010042753835729765,0.04235037587863502,0.10256940742609191,candidate_vs_matching_baseline,0.9699586906942695,-3.0971740955511917,0.9693803370187651,-3.158684142016188,0.9679011482285315,-3.316335746704757,-3.316335746704757,-3.0971740955511917,False,False,True,True,True,True
fp16,4,64,16,128,1.0,warp32_fused,4096,100,2909,true,1048576,1327104,5,0.177139205933,0.1773017616274,0.176928005219,0.178329601288,0.0005228860623720792,0.29491306661178324,0.7912398961131866,5,0.177868804932,0.1779276809692,0.177414398193,0.178854408264,0.0005226364498238595,0.29373532379952166,0.8095911318179211,5,0.177260799408,0.1773273620606,0.176832008362,0.17824640274,0.00049894599213630125,0.28136999633806714,0.7979171834515398,3,0.177260799408,0.17742293675766666,0.177139205933,0.177868804932,0.000319160424607171,0.1798867894082357,0.4115963605245153,candidate_vs_matching_baseline,1.1835753224066023,15.510235718106447,1.1780368085236,15.11300896843184,1.1837744608610279,15.52444886565284,15.11300896843184,15.52444886565284,True,True,False,False,False,False
fp16,4,64,16,128,1.0,warp32_split,4096,100,2909,true,1048576,3424256,5,0.318892803192,0.3186035194398,0.31783039093,0.319020805359,0.0004664488286526218,0.14640416699500933,0.37329610987904854,5,0.31822719574,0.3182118377686,0.317267208099,0.319276790619,0.0007249484466013196,0.22781944621698638,0.6314930172221556,5,0.318080005646,0.3184025611878,0.317555198669,0.319839992523,0.0008377332892626105,0.26310507243957093,0.7183079141864691,3,0.31822719574,0.318400001526,0.318080005646,0.318892803192,0.0003536065067766646,0.11105731943527951,0.25541423136696123,candidate_vs_matching_baseline,1.3429867648319005,25.539102380866098,1.344609143822511,25.628945437842386,1.3424144665861666,25.507358204872844,25.507358204872844,25.628945437842386,True,True,False,False,False,False
fp16,4,64,16,128,1.0,warp32_transform,4096,100,2909,true,1048576,2097152,5,0.141196804047,0.1409817600252,0.140435199738,0.141471996307,0.0003966475177853306,0.2813466917383009,0.7342918106382212,5,0.140934400558,0.1410137596132,0.140307197571,0.141715202332,0.000478669522692741,0.3394488055674347,0.9990497390454732,5,0.141260795593,0.1411622390746,0.14051199913,0.141657600403,0.00037297493570921647,0.2642172142878171,0.8109831664127906,3,0.141196804047,0.14113066673266667,0.140934400558,0.141260795593,0.00014121859645855273,0.10006230376991886,0.23116318899921556,candidate_vs_matching_baseline,1.6288641062969342,38.60752433955932,1.6303074771190598,38.66187734309392,1.6257249733866008,38.48898083192588,38.48898083192588,38.66187734309392,True,True,False,False,False,False
fp16,4,64,16,256,1.0,baseline_fused,4096,100,2909,true,2097152,2637824,5,0.655731201172,0.6557030487062,0.654694366455,0.657094421387,0.0008373202125774917,0.1276980813539985,0.3660120073149376,5,0.654937591553,0.6556915130614,0.654419174194,0.657580795288,0.0013103256911167391,0.19983874505236096,0.4827362385022218,5,0.654207992554,0.654251525879,0.652998428345,0.655187225342,0.0007590136508826305,0.1160125151963353,0.3345720354860056,3,0.654937591553,0.6549589284263334,0.654207992554,0.655731201172,0.0006220303155045908,0.09497241559850783,0.23257309362685266,baseline,,,,,,,,,,,,,,
fp16,4,64,16,256,1.0,baseline_split,4096,100,2909,true,2097152,6832128,5,1.10298881531,1.102750717162,1.09888000488,1.10476799011,0.002128075453170766,0.1929788319383283,0.5338209371003726,5,1.10204803467,1.102521606444,1.09974403381,1.10527359009,0.0023043881742936496,0.20901070426420668,0.5017527463451932,5,1.10319358826,1.103161605836,1.10078720093,1.10485122681,0.001376772331503799,0.1248024155500273,0.368387373100136,3,1.10298881531,1.1027434794133335,1.10204803467,1.10319358826,0.00049880893705931995,0.04523345151174138,0.10385903955680638,baseline,,,,,,,,,,,,,,
fp16,4,64,16,256,1.0,baseline_transform,4096,100,2909,true,2097152,4194304,5,0.441862411499,0.4424972839356,0.441375999451,0.444236793518,0.0010786432039088274,0.24376267223954542,0.6474400158399767,5,0.442207984924,0.4426201629638,0.442003211975,0.443539199829,0.000618461127532451,0.13972728295774275,0.3473451195739865,5,0.441542396545,0.441945602417,0.44106880188,0.444057617188,0.0010902177978251697,0.24668597036892545,0.6769033577266831,3,0.441862411499,0.4418709309893333,0.441542396545,0.442207984924,0.00027179208824838935,0.06150938411808546,0.1506324959260645,baseline,,,,,,,,,,,,,,
fp16,4,64,16,256,1.0,optimized_fused,4096,100,2909,true,2097152,2637824,5,0.353075218201,0.3530035247804,0.352435188293,0.35324798584,0.00029483429968153446,0.0835216305176975,0.23020520985341147,5,0.353145599365,0.3531571121214,0.352659187317,0.353862380981,0.0004339939808949124,0.12288977511678263,0.34070753427581096,5,0.352748794556,0.3525632019044,0.351884803772,0.352972793579,0.00040877505419743937,0.11594376610758192,0.30843189935473003,3,0.353075218201,0.35298987070733335,0.352748794556,0.353145599365,0.0001728711661281629,0.04897340702206487,0.1123853469585928,candidate_vs_matching_baseline,1.8571997335669788,46.15549518309601,1.8545823386463252,46.079503769570664,1.8546002216037125,46.08002369722146,46.079503769570664,46.15549518309601,True,True,False,False,False,False
fp16,4,64,16,256,1.0,optimized_split,4096,100,2909,true,2097152,6832128,5,0.704332809448,0.7044172973632001,0.703507232666,0.705465621948,0.0006679339483357204,0.09482077609904732,0.27804885073220065,5,0.704396820068,0.7047488098144,0.704000015259,0.706271972656,0.0008031056422142479,0.11395629634702763,0.3225394170264318,5,0.705446395874,0.7049292755126,0.7033984375,0.705939178467,0.0009243832346311223,0.13113134419888334,0.3601607410372022,3,0.704396820068,0.7047253417966667,0.704332809448,0.705446395874,0.0005105314725508836,0.07244403489866076,0.158090779838058,candidate_vs_matching_baseline,1.566005161926838,36.14325007910038,1.5645272710964429,36.08292942703479,1.5638234098470634,36.05416099393239,36.05416099393239,36.14325007910038,True,True,False,False,False,False
fp16,4,64,16,256,1.0,optimized_transform,4096,100,2909,true,2097152,4194304,5,0.387379188538,0.3868364791872,0.384467201233,0.387929611206,0.0012831656972019432,0.33170752145662735,0.8938038168925364,5,0.387532806396,0.3871334381102,0.385081596375,0.388134384155,0.0010978393774200912,0.2835816463644208,0.7877495091036315,5,0.387763214111,0.3874124832154,0.384697608948,0.388947181702,0.0014329397142397025,0.36987443005108145,1.095919519788066,3,0.387532806396,0.387558403015,0.387379188538,0.387763214111,0.00015781909550214723,0.040721371095142796,0.09909498413086985,candidate_vs_matching_baseline,1.1406457150334381,12.33035930260914,1.14108529039508,12.364131899924136,1.1386907795193932,12.179845662571386,12.179845662571386,12.364131899924136,True,True,False,False,False,False
fp16,4,64,16,256,1.0,warp32_fused,4096,100,2909,true,2097152,2637824,5,0.330764808655,0.330723838806,0.330444793701,0.330975990295,0.00017450198776056283,0.052763655740862496,0.1605964661597514,5,0.330252799988,0.3301785583498,0.328512001038,0.331929588318,0.0010878432644294724,0.3294712018449672,1.0348397591554717,5,0.330956802368,0.3306649627686,0.328953590393,0.332083206177,0.0010359730654745132,0.31329992049973837,0.9456266683771324,3,0.330764808655,0.3306581370036667,0.330252799988,0.330956802368,0.00029714078443285724,0.08986344238356433,0.21284077434438337,candidate_vs_matching_baseline,1.9824696703328921,49.557866384302265,1.9831401628594751,49.57492068749657,1.9767171663284566,49.41107321603351,49.41107321603351,49.57492068749657,True,True,False,False,False,False
fp16,4,64,16,256,1.0,warp32_split,4096,100,2909,true,2097152,6832128,5,0.562579193115,0.5622451248168,0.560435218811,0.563334388733,0.0010441724239691683,0.18571480265113868,0.5153354332120325,5,0.562393608093,0.562455039978,0.561516799927,0.563571205139,0.0006538628004504657,0.11625156749880687,0.36529668588628056,5,0.563302383423,0.5632767944338,0.562681617737,0.564121589661,0.0005341260731834422,0.0948247963455232,0.2556303623730104,3,0.562579193115,0.562758394877,0.562393608093,0.563302383423,0.0003920485545882511,0.06966551865902236,0.16153731618976852,candidate_vs_matching_baseline,1.9605929775019817,48.995022859149806,1.959567140897804,48.96832167017071,1.958439411451203,48.93893606547673,48.93893606547673,48.995022859149806,True,True,False,False,False,False
fp16,4,64,16,256,1.0,warp32_transform,4096,100,2909,true,2097152,4194304,5,0.226796798706,0.2268659210204,0.226041603088,0.227500801086,0.0004919326808740817,0.21683850913414476,0.6433944422167913,5,0.226912002563,0.2269593544006,0.226566390991,0.227481594086,0.0003265283015790068,0.14387082763844147,0.40332952186868654,5,0.227110404968,0.2268288002014,0.22558719635,0.227526397705,0.0007046637778462052,0.3106588657262826,0.8538584373856535,3,0.226912002563,0.22693973541233333,0.226796798706,0.227110404968,0.0001295223406482808,0.057073451862869204,0.13820611446630626,candidate_vs_matching_baseline,1.9482744642784517,48.672529546787835,1.948808260159024,48.68658859654057,1.9441751099304039,48.56430396149876,48.56430396149876,48.68658859654057,True,True,False,False,False,False
fp16,16,64,16,64,1.0,baseline_fused,16384,100,2909,true,2097152,2686976,5,0.56238079071,0.5623347167968,0.561216011047,0.563129615784,0.0006654439254401696,0.1183359137473684,0.34026850998662206,5,0.562099189758,0.5620223999022,0.56116481781,0.562854385376,0.0006965762891036374,0.12394101893889847,0.300581747276196,5,0.561465606689,0.562140159607,0.56057598114,0.564511985779,0.0016043465134280548,0.28539973279078223,0.7010232847940535,3,0.562099189758,0.5619818623856667,0.561465606689,0.56238079071,0.0003827224688965833,0.06810228132130278,0.16281539587240573,baseline,,,,,,,,,,,,,,
fp16,16,64,16,64,1.0,baseline_split,16384,100,2909,true,2097152,6881280,5,0.97324798584,0.9730316772461999,0.970476837158,0.974694366455,0.0014017030154888739,0.1440552294716516,0.43334580275138723,5,0.970988769531,0.97166847229,0.969311981201,0.973875198364,0.0017431952998358793,0.1794022703780403,0.4699557097044575,5,0.972921600342,0.9729087982178,0.970284805298,0.975110397339,0.0016301728857345206,0.16755659818481589,0.495989814523971,3,0.972921600342,0.972386118571,0.970988769531,0.97324798584,0.0009970189326245997,0.10253323382380239,0.23220949233790233,baseline,,,,,,,,,,,,,,
fp16,16,64,16,64,1.0,baseline_transform,16384,100,2909,true,2097152,4194304,5,0.462086410522,0.4631129608152,0.461433601379,0.465312004089,0.0015715294936068627,0.3393404258953495,0.8393241224338914,5,0.463980789185,0.4635494308474,0.459161605835,0.466310386658,0.0024882037502316523,0.536772042990765,1.5407493132543582,5,0.463052787781,0.4628351974488,0.461184005737,0.46481918335,0.0012650756563657037,0.2733317741042479,0.7850460485121292,3,0.463052787781,0.46303999582933335,0.462086410522,0.463980789185,0.0007734297448068556,0.16703303208648207,0.4091064157238031,baseline,,,,,,,,,,,,,,
fp16,16,64,16,64,1.0,optimized_fused,16384,100,2909,true,2097152,2686976,5,0.475769615173,0.4756928024292,0.474451217651,0.47648639679,0.0006746378802848769,0.1418221753282229,0.42776568198034276,5,0.475987205505,0.47584639739979997,0.473651199341,0.479116783142,0.0018715115690632986,0.39330161566630056,1.1482627553405038,5,0.475372810364,0.4754124832152,0.474431991577,0.47624961853,0.0006591645088580396,0.13865107293778453,0.38235820673214727,3,0.475769615173,0.47570987701399997,0.475372810364,0.475987205505,0.00025435779661944335,0.053469101422915735,0.12913711204038078,candidate_vs_matching_baseline,1.1820443609151172,15.400806173990112,1.1809123927220673,15.319713285847936,1.1811058488159587,15.333583268384853,15.319713285847936,15.400806173990112,True,True,False,False,False,False
fp16,16,64,16,64,1.0,optimized_split,16384,100,2909,true,2097152,6881280,5,0.904095993042,0.9044902496338,0.902483215332,0.907251205444,0.0017212194253598014,0.19029717855517733,0.5273765339847611,5,0.90335357666,0.9041100769042,0.902713623047,0.906271972656,0.0013566548496623771,0.15005416755310969,0.39390441361358797,5,0.904742431641,0.9047987060548,0.90435836792,0.905222396851,0.00036058031678069824,0.03985199297564638,0.0954999899178877,3,0.904095993042,0.9040640004476667,0.90335357666,0.904742431641,0.0005674487842564977,0.06276643954139455,0.15361808831017448,candidate_vs_matching_baseline,1.0764874452825801,7.105279826324596,1.0748712294039615,6.965599911486986,1.0753575452157562,7.007673452520091,6.965599911486986,7.105279826324596,True,True,False,False,False,False
fp16,16,64,16,64,1.0,optimized_transform,16384,100,2909,true,2097152,4194304,5,0.462572784424,0.4623654403686,0.461612815857,0.462918395996,0.00046188443442040544,0.09989596844699053,0.2822431805247144,5,0.461913604736,0.4618163223266,0.460819206238,0.462271995544,0.0005284896742436636,0.1144372012624343,0.3145153749758724,5,0.461939201355,0.461885444641,0.461190414429,0.462284812927,0.00037081400240667506,0.08028267760091247,0.2369139693686632,3,0.461939201355,0.462141863505,0.461913604736,0.462572784424,0.00030488623621487554,0.06597243407090232,0.14269836508060624,candidate_vs_matching_baseline,0.99894854622153,-0.10525604971818314,1.0044752621005424,0.4455323360760377,1.0024106774716965,0.2404880081462002,-0.10525604971818314,0.4455323360760377,False,False,True,False,False,False
fp16,16,64,16,64,1.0,warp32_fused,16384,100,2909,true,2097152,2686976,5,0.525792007446,0.5261491241456,0.524364814758,0.529395217896,0.0018382688051295513,0.3493817096274119,0.9567287191060301,5,0.526521606445,0.5264294433594,0.525568008423,0.527667198181,0.0007586891713187077,0.1441198209729962,0.39869014534339825,5,0.526681594849,0.5262630386354,0.524326400757,0.526892814636,0.0009740082875437299,0.18508012458357959,0.4872799627136829,3,0.526521606445,0.5263317362466667,0.525792007446,0.526681594849,0.0003871945730124597,0.07356473994397328,0.1689555361282196,candidate_vs_matching_baseline,1.0695879411361304,6.506051392297218,1.067570984509477,6.329413733600497,1.0660437201151343,6.195216844202367,6.195216844202367,6.506051392297218,True,True,False,False,False,False
fp16,16,64,16,64,1.0,warp32_split,16384,100,2909,true,2097152,6881280,5,0.840838394165,0.8388006439208,0.834009628296,0.842982406616,0.003522936321291988,0.41999685465485004,1.067122812453226,5,0.840806427002,0.8384140777588,0.831360015869,0.84200958252,0.004051015656801197,0.48317600625577967,1.2665895869721575,5,0.839001617432,0.839219192505,0.835155181885,0.84448638916,0.003072983867761945,0.3661717814852806,1.1121798910901717,3,0.840806427002,0.840215479533,0.839001617432,0.840838394165,0.0008584293312248176,0.10216775959685258,0.21845417375664233,candidate_vs_matching_baseline,1.1574732940287416,13.604918129958287,1.154830337100516,13.407193431483222,1.1596182654807028,13.764725016170331,13.407193431483222,13.764725016170331,True,True,False,False,False,False
fp16,16,64,16,64,1.0,warp32_transform,16384,100,2909,true,2097152,4194304,5,0.341222381592,0.341849594116,0.339199981689,0.344876785278,0.002391415898313123,0.6995520660181456,1.6636668329065634,5,0.341254386902,0.3407411193848,0.337337608337,0.344921607971,0.0026686766788357335,0.7831977202088101,2.2223889054876675,5,0.339891204834,0.3402905578612,0.337151985168,0.343308792114,0.0024685896795030753,0.7254358437150584,1.8114051962618303,3,0.341222381592,0.34078932444266667,0.339891204834,0.341254386902,0.0006352008651183852,0.18639106907389333,0.3994996054010235,candidate_vs_matching_baseline,1.354208971774065,26.156153086922618,1.359633185662882,26.45075079478476,1.362355898579815,26.59774138002794,26.156153086922618,26.59774138002794,True,True,False,False,False,False
fp16,16,64,16,128,1.0,baseline_fused,16384,100,2909,true,4194304,5308416,5,0.731891174316,0.731992324829,0.73130241394,0.732531204224,0.0004666405127505746,0.06374937235299373,0.16789248553904948,5,0.731673583984,0.7317196960446,0.731193618774,0.732384033203,0.00041525757770660077,0.05675090884546722,0.16269747262407128,5,0.731212768555,0.731191040039,0.730643234253,0.731628799438,0.00036086173617770706,0.0493525927449083,0.1347850075085101,3,0.731673583984,0.7315925089516667,0.731212768555,0.731891174316,0.00028282911777300646,0.03865937859017796,0.09271972855792715,baseline,,,,,,,,,,,,,,
fp16,16,64,16,128,1.0,baseline_split,16384,100,2909,true,4194304,13697024,5,1.54760955811,1.54764291382,1.54723846436,1.54801925659,0.0002546605217495666,0.016454733806844098,0.05045149959873563,5,1.54833282471,1.5481958313,1.54647033691,1.54937606812,0.0009578743935004882,0.061870363821879916,0.18766838522228732,5,1.54798080444,1.5479436950699999,1.54561920166,1.54992004395,0.001483187705046751,0.09581664435021195,0.277835634502966,3,1.54798080444,1.5479743957533333,1.54760955811,1.54833282471,0.00029530712500432316,0.019077003199436626,0.046723227957703145,baseline,,,,,,,,,,,,,,
fp16,16,64,16,128,1.0,baseline_transform,16384,100,2909,true,4194304,8388608,5,0.833331222534,0.832838394165,0.83111038208,0.83398399353,0.0010870691030366122,0.13052581517048129,0.3448342474510794,5,0.833030395508,0.832917755127,0.832012786865,0.833561630249,0.0005554167289729582,0.06668326200925691,0.18592879591813058,5,0.832211227417,0.832357116699,0.831193618774,0.833689575195,0.0008002393977231148,0.09614135347298294,0.2999186190682452,3,0.833030395508,0.832857615153,0.832211227417,0.833331222534,0.00047327726463554476,0.05682571138508488,0.13444828940688525,baseline,,,,,,,,,,,,,,
fp16,16,64,16,128,1.0,optimized_fused,16384,100,2909,true,4194304,5308416,5,0.638124809265,0.638287361145,0.637913589478,0.638854408264,0.00034476096897751596,0.05401344127495523,0.14743491748638787,5,0.63789440155,0.6383449554442,0.637459182739,0.639513587952,0.0007666189951556865,0.12009478395928194,0.32206039244239476,5,0.638310394287,0.6385139160156,0.638028793335,0.639385604858,0.0004664288729859883,0.0730491319432093,0.21256296860330676,3,0.638124809265,0.6381098683673333,0.63789440155,0.638310394287,0.0001701566182991493,0.026665724310848175,0.06518987053318864,candidate_vs_matching_baseline,1.1469404788680782,12.811517386943605,1.1470136470960222,12.81707915753464,1.1455441977750855,12.705245075464255,12.705245075464255,12.81707915753464,True,True,False,False,False,False
fp16,16,64,16,128,1.0,optimized_split,16384,100,2909,true,4194304,13697024,5,1.46924804688,1.468880676272,1.46698242188,1.46958724976,0.0009644763550103399,0.06566063333736326,0.17728986507973066,5,1.46902404785,1.468506866454,1.46590072632,1.46952316284,0.0013270482097210492,0.09036717771197553,0.24658796602421035,5,1.46941436768,1.469331207276,1.46756484985,1.47145599365,0.0014286391181389781,0.09723057068852017,0.264809157007467,3,1.46924804688,1.4692288208033333,1.46902404785,1.46941436768,0.000159926282894739,0.010885049396682524,0.026565958745278645,candidate_vs_matching_baseline,1.0533344328048648,5.063390234271892,1.0539873918170863,5.122204709110556,1.0534678566428104,5.075414148202073,5.063390234271892,5.122204709110556,True,True,False,False,False,False
fp16,16,64,16,128,1.0,optimized_transform,16384,100,2909,true,4194304,8388608,5,0.872716827393,0.8727244873046,0.872134399414,0.873190383911,0.0003425821227670155,0.039254326852346796,0.12099967181273626,5,0.873452835083,0.8732505798340001,0.871481628418,0.874342422485,0.0009687330420527519,0.11093414243559993,0.3275270228790524,5,0.874118423462,0.8745702362062,0.873324813843,0.87699836731,0.0012675453977968167,0.14493351652296155,0.4202580987197019,3,0.873452835083,0.8734293619793333,0.872716827393,0.874118423462,0.0005724398804566682,0.0655393447226718,0.16046614226935402,candidate_vs_matching_baseline,0.954870120957042,-4.726284554565963,0.9537210963759035,-4.852456740230893,0.9520577590859783,-5.035644156720975,-5.035644156720975,-4.726284554565963,False,False,True,True,True,True
fp16,16,64,16,128,1.0,warp32_fused,16384,100,2909,true,4194304,5308416,5,0.717222366333,0.7200729522706,0.715628814697,0.725439987183,0.004363555335156625,0.6059879518314168,1.3679401182317115,5,0.717555236816,0.7169881591798,0.713491210938,0.720147171021,0.002259593107890465,0.3151506867945115,0.9275885313769553,5,0.715020828247,0.7166924743652,0.714060821533,0.72368637085,0.0036021938818186867,0.502613604950893,1.3461914585899226,3,0.717222366333,0.7165994771320001,0.715020828247,0.717555236816,0.0011245146853041124,0.15692373790233355,0.3533644080228376,candidate_vs_matching_baseline,1.0204522455957397,2.0042334841254283,1.0196756241800242,1.9295964043316682,1.022645410690619,2.2143951807622297,1.9295964043316682,2.2143951807622297,False,True,False,False,False,False
fp16,16,64,16,128,1.0,warp32_split,16384,100,2909,true,4194304,13697024,5,1.260076828,1.259536651612,1.25596801758,1.26243843079,0.0021036295081565695,0.16701614085340583,0.5134935478711986,5,1.25859840393,1.258862091066,1.25383041382,1.26759681702,0.004744147374342817,0.37685997600622717,1.0937883884973874,5,1.25518081665,1.255921936036,1.25422721863,1.25928321838,0.0018311139573517485,0.14579838959825772,0.4028104702471739,3,1.25859840393,1.2579520161933333,1.25518081665,1.260076828,0.002050381202673769,0.16299359405443714,0.38900504995970775,candidate_vs_matching_baseline,1.2281866658609804,18.579151867034604,1.2302040268566194,18.71267056772932,1.233273153880303,18.914962443343974,18.579151867034604,18.914962443343974,True,True,False,False,False,False
fp16,16,64,16,128,1.0,warp32_transform,16384,100,2909,true,4194304,8388608,5,0.544480018616,0.5442048034668,0.542387199402,0.545107192993,0.0009417703206642927,0.17305439324769703,0.4995580182931103,5,0.544531211853,0.5442969589232,0.542540817261,0.545107192993,0.0009109296926939158,0.16735895318908944,0.47130002397232545,5,0.544601593018,0.5444339141846,0.542355194092,0.545356788635,0.001088045844311656,0.19984902041622904,0.5511541981297147,3,0.544531211853,0.544537607829,0.544480018616,0.544601593018,0.00004983817270029911,0.009152383964625945,0.022326434069087776,candidate_vs_matching_baseline,1.5305083640208201,34.662232268180105,1.5298120243158484,34.63249182871257,1.5281101599522755,34.55969168929346,34.55969168929346,34.662232268180105,True,True,False,False,False,False
fp16,16,64,16,256,1.0,baseline_fused,16384,100,2909,true,8388608,10551296,5,2.36656646729,2.366621429444,2.36579833984,2.36732803345,0.0006000549910507521,0.025354920883638134,0.0646376778824027,5,2.36653442383,2.366507507322,2.36604156494,2.36685440063,0.0002628122471402268,0.011105489685838004,0.034347089221047886,5,2.36708480835,2.367016998292,2.36656646729,2.36743041992,0.0003440988478465679,0.014537236027238666,0.036498592148123524,3,2.36656646729,2.36672856649,2.36653442383,2.36708480835,0.0002522404843852629,0.010657769883571847,0.023256668579029405,baseline,,,,,,,,,,,,,,
fp16,16,64,16,256,1.0,baseline_split,16384,100,2909,true,8388608,27328512,5,3.95295349121,3.952087036132,3.94693115234,3.95851531982,0.004391008504303761,0.11110606786133292,0.2930509429407425,5,3.9498815918,3.95012097168,3.94593292236,3.95381134033,0.00257446668646037,0.06517437579552002,0.19945959864609072,5,3.94816009521,3.949596191404,3.94634887695,3.95468811035,0.0029140541132083464,0.07378106449339218,0.21121821807877963,3,3.9498815918,3.9503317260733334,3.94816009521,3.95295349121,0.0019826122416693865,0.05018850008427321,0.12135543531105275,baseline,,,,,,,,,,,,,,
fp16,16,64,16,256,1.0,baseline_transform,16384,100,2909,true,8388608,16777216,5,1.68212478638,1.68139263916,1.67717758179,1.68306564331,0.002147299655332666,0.1277095905692454,0.35003714157683924,5,1.68146560669,1.681729278564,1.6790272522,1.68444793701,0.0019884309713038724,0.1182372809137128,0.322378571909701,5,1.67820159912,1.6788454284680001,1.67688323975,1.68298233032,0.0022545450200378747,0.1342913994229486,0.36343014886877884,3,1.68146560669,1.68059733073,1.67820159912,1.68212478638,0.0017152797490577993,0.1020636959070222,0.23331950676783245,baseline,,,,,,,,,,,,,,
fp16,16,64,16,256,1.0,optimized_fused,16384,100,2909,true,8388608,10551296,5,0.725580825806,0.7255564880372,0.724921569824,0.726067199707,0.0004530723328080913,0.06244480481923026,0.1578914219139356,5,0.725599975586,0.7254694366456,0.724953613281,0.725862426758,0.00033157592314013995,0.045705016144204365,0.12524993213595442,5,0.725311965942,0.7253030395506,0.724851226807,0.725696029663,0.00030628407440875416,0.04222842835437843,0.11647441317238054,3,0.725580825806,0.7254975891113334,0.725311965942,0.725599975586,0.00013148802040115967,0.018123839744556586,0.03969366799075318,candidate_vs_matching_baseline,3.2616166016530785,69.34035718688789,3.2614863608819293,69.33913285691028,3.263540268876917,69.35842926356382,69.33913285691028,69.35842926356382,True,True,False,False,False,False
fp16,16,64,16,256,1.0,optimized_split,16384,100,2909,true,8388608,27328512,5,2.08082565308,2.080834594728,2.08035842896,2.08138885498,0.0003305466856345549,0.015885293644772515,0.04952005558345709,5,2.08030715942,2.08047616577,2.07975036621,2.08147201538,0.0005855591559944655,0.028145439281095808,0.0827593734033053,5,2.08211837769,2.0816588745120002,2.08047363281,2.08269439697,0.0008394071681479851,0.040323954055381236,0.10665888086843994,3,2.08082565308,2.0810837300633334,2.08030715942,2.08211837769,0.0007616126322440058,0.03659692405652644,0.08704324974652354,candidate_vs_matching_baseline,1.8997043242709502,47.36022931443449,1.8987011480079925,47.332417160586736,1.8962226823963169,47.263577781051104,47.263577781051104,47.36022931443449,True,True,False,False,False,False
fp16,16,64,16,256,1.0,optimized_transform,16384,100,2909,true,8388608,16777216,5,1.48284164429,1.482895385742,1.48150405884,1.48457595825,0.001198859198542567,0.08084583781631305,0.2071630117638672,5,1.4836416626,1.483767059328,1.48225921631,1.48556167603,0.0011262385644515522,0.07590400106076133,0.22259146553032957,5,1.4825920105,1.483202545166,1.48225921631,1.48449279785,0.0009144826147004984,0.06165594966654737,0.15065382277668304,3,1.48284164429,1.4830251057966666,1.4825920105,1.4836416626,0.000447724599934613,0.030189954181126268,0.07078652693913161,candidate_vs_matching_baseline,1.1343927336121038,11.847108116090798,1.1333367409913013,11.764971183646178,1.1319375709801858,11.655905269222245,11.655905269222245,11.847108116090798,True,True,False,False,False,False
fp16,16,64,16,256,1.0,warp32_fused,16384,100,2909,true,8388608,10551296,5,1.32277755737,1.32332156372,1.3208895874,1.32638717651,0.0018472451105906451,0.139591552139288,0.41560949377842216,5,1.32364807129,1.3233958435060001,1.32221435547,1.32435195923,0.0007538041951574614,0.05695984303233485,0.161493361140666,5,1.32373123169,1.323379180908,1.32142715454,1.32545272827,0.0015623006612931696,0.11805389444174573,0.304108087323792,3,1.32364807129,1.3233856201166666,1.32277755737,1.32373123169,0.00043130355972318196,0.03259092082964898,0.07204893360139601,candidate_vs_matching_baseline,1.7890887656087118,44.10562409072172,1.787887940276772,44.068082933363485,1.7881914029692845,44.07757478648515,44.068082933363485,44.10562409072172,True,True,False,False,False,False
fp16,16,64,16,256,1.0,warp32_split,16384,100,2909,true,8388608,27328512,5,2.22136322021,2.22149505615,2.22035202026,2.22361602783,0.0011924220551741183,0.053676556779769104,0.14693713933426591,5,2.2204095459,2.2200435180659997,2.21628799438,2.22250244141,0.0021179036438237437,0.09539919495221266,0.2798784143886874,5,2.22003845215,2.22032385254,2.21644165039,2.22370559692,0.0024027590628754796,0.10821660363314917,0.32719913130176204,3,2.2204095459,2.22060373942,2.22003845215,2.22136322021,0.0005579939937588089,0.0251280308977842,0.05966323025614629,candidate_vs_matching_baseline,1.7795169449309158,43.80497455511322,1.7788977709510756,43.785414972702064,1.7784196897069047,43.77030316365836,43.77030316365836,43.80497455511322,True,True,False,False,False,False
fp16,16,64,16,256,1.0,warp32_transform,16384,100,2909,true,8388608,16777216,5,0.877113571167,0.8770163116456,0.876134414673,0.877401580811,0.0004618654614004455,0.05266326923085601,0.14447001843946253,5,0.877094421387,0.8770048065186,0.876652832031,0.877171173096,0.0001904888527485123,0.021720388683465246,0.05909752158499378,5,0.877203216553,0.8772672119142,0.876806411743,0.877760009766,0.0003569052988428557,0.04068376134383128,0.10870890632928099,3,0.877113571167,0.8771370697023333,0.877094421387,0.877203216553,0.00004742174542229982,0.005406423586497484,0.012403771823434929,candidate_vs_matching_baseline,1.917795872365687,47.85680716027117,1.9170861947006816,47.83750450218375,1.9131275027861283,47.72956854450743,47.72956854450743,47.85680716027117,True,True,False,False,False,False
