dtype,batch,seq,heads,dim,scale,method,rows,repeats,seed,input_read_only,input_working_set_bytes,logical_io_bytes,run1_count,run1_median_us,run1_mean_us,run1_minimum_us,run1_maximum_us,run1_population_stddev_us,run1_cv_percent,run1_range_over_median_percent,run2_count,run2_median_us,run2_mean_us,run2_minimum_us,run2_maximum_us,run2_population_stddev_us,run2_cv_percent,run2_range_over_median_percent,run3_count,run3_median_us,run3_mean_us,run3_minimum_us,run3_maximum_us,run3_population_stddev_us,run3_cv_percent,run3_range_over_median_percent,across_run_medians_count,across_run_medians_median_us,across_run_medians_mean_us,across_run_medians_minimum_us,across_run_medians_maximum_us,across_run_medians_population_stddev_us,across_run_medians_cv_percent,across_run_medians_range_over_median_percent,comparison_role,run1_baseline_over_candidate,run1_time_reduction_percent,run2_baseline_over_candidate,run2_time_reduction_percent,run3_baseline_over_candidate,run3_time_reduction_percent,minimum_time_reduction_percent,maximum_time_reduction_percent,stable_candidate_every_run_at_least_5_percent,every_run_faster,any_run_slowdown,every_run_slowdown,any_run_regression_over_3_percent,every_run_regression_over_3_percent
bf16,1,1,1,64,1.0,baseline_fused,1,100,2909,true,128,164,5,22.1632003784,22.18495988846,22.1119999886,22.2528004646,0.053331792376704636,0.24039616318822535,0.6352894599880148,5,22.1567988396,22.19135951996,22.1375989914,22.2656011581,0.05846183267948197,0.263444123947875,0.5777105602061368,5,22.1632003784,22.17727994918,22.1311998367,22.2207999229,0.03467861085417268,0.15636999187294343,0.4042741331135734,3,22.1632003784,22.161066532133333,22.1567988396,22.1632003784,0.003017714330338592,0.013617189073291826,0.028883639053489694,baseline,,,,,,,,,,,,,,
bf16,1,1,1,64,1.0,baseline_split,1,100,2909,true,128,420,5,35.2512001991,35.23200035094,35.1424002647,35.2640008926,0.045254858287612144,0.12844816597648773,0.3449545752008349,5,35.2575993538,35.2371201515,35.1487994194,35.2640008926,0.04441474005353045,0.12604531772906466,0.3267422493630055,5,35.2575993538,35.235839366920004,35.1487994194,35.2575993538,0.043519973760001565,0.12351053513105423,0.30858576985978947,3,35.2575993538,35.25546630223334,35.2512001991,35.2575993538,0.003016590454823883,0.008556376560059257,0.018149717556751488,baseline,,,,,,,,,,,,,,
bf16,1,1,1,64,1.0,baseline_transform,1,100,2909,true,128,256,5,15.8975994587,15.924479961400001,15.8783996105,16.0064005852,0.04914302445820735,0.30860049795865946,0.8051591375951542,5,15.9039998055,15.90143990518,15.8464002609,15.9552001953,0.04590195157775235,0.28866537779889656,0.6841042236580928,5,15.8975994587,15.91167974472,15.8527994156,15.9552001953,0.03911895014813651,0.24585053731437384,0.6441273096987034,3,15.8975994587,15.899732907633334,15.8975994587,15.9039998055,0.0030171524161502093,0.018976120125273922,0.0402598317854647,baseline,,,,,,,,,,,,,,
bf16,1,1,1,64,1.0,optimized_fused,1,100,2909,true,128,164,5,17.9328000546,17.9174399376,17.8431999683,17.9776000977,0.055292465229775885,0.30859578947851735,0.7494653873951357,5,17.9263997078,17.91359996798,17.8623998165,17.9776000977,0.04302783118120905,0.24019644994931194,0.642629212099264,5,17.9200005531,17.90592002868,17.8559994698,17.9711997509,0.04253007297451569,0.23751961868697652,0.6428586916537206,3,17.9263997078,17.926400105166667,17.9200005531,17.9328000546,0.005225374613719861,0.02914904600513645,0.07140029068096998,candidate_vs_matching_baseline,1.2359029438191302,19.087497525505825,1.235987102862562,19.09300690241935,1.2367856972284503,19.145248668307737,19.087497525505825,19.145248668307737,True,True,False,False,False,False
bf16,1,1,1,64,1.0,optimized_split,1,100,2909,true,128,420,5,31.2703990936,31.26911973954,31.2511992455,31.2831997871,0.011011240320442182,0.035214423725904886,0.10233493184469172,5,31.2768006325,31.22431993482,31.0080003738,31.2831997871,0.10826388039578626,0.34672934629732355,0.8798835166472732,5,31.2703990936,31.24480009078,31.1488008499,31.2768006325,0.048403232464907485,0.15491612148029313,0.40933210419497695,3,31.2703990936,31.2725329399,31.2703990936,31.2768006325,0.0030177143774798854,0.009649728032198006,0.02047156123859859,candidate_vs_matching_baseline,1.1273025359729014,11.292668286515916,1.1272764042612313,11.290611936887196,1.1275071753406578,11.308768416674042,11.290611936887196,11.308768416674042,True,True,False,False,False,False
bf16,1,1,1,64,1.0,optimized_transform,1,100,2909,true,128,256,5,15.7439994812,15.7375998497,15.6607997417,15.7951998711,0.043406943643006415,0.2758167958110453,0.8536593866157544,5,15.7439994812,15.74783968924,15.6799995899,15.7887995243,0.04019275308275782,0.25522709067339727,0.6910565166742986,5,15.7439994812,15.7465596199,15.6672000885,15.7887995243,0.04445101324333652,0.2822903181159696,0.7723541654406361,3,15.7439994812,15.7439994812,15.7439994812,15.7439994812,0.0,0.0,0.0,candidate_vs_matching_baseline,1.009756096453345,0.9661834662461732,1.0101626225592206,1.0060382687169578,1.009756096453345,0.9661834662461732,0.9661834662461732,1.0060382687169578,False,True,False,False,False,False
bf16,1,1,1,64,1.0,warp32_fused,1,100,2909,true,128,164,5,15.2704000473,15.27679991722,15.2576005459,15.3087997437,0.018101734281471576,0.11849166304172978,0.33528393258467193,5,15.2768003941,15.27552008628,15.2383995056,15.2960002422,0.02118803941050725,0.13870584628760163,0.3770471244897938,5,15.2831995487,15.28575992584,15.2639997005,15.3216004372,0.019242837278281334,0.12588734463735782,0.3768892535653693,3,15.2768003941,15.276799996700001,15.2704000473,15.2831995487,0.005225374572895571,0.03420464085426479,0.08378391462745838,candidate_vs_matching_baseline,1.4513830881803738,31.10020309980883,1.4503559821438199,31.0514099771653,1.450167571769042,31.042451957458127,31.042451957458127,31.10020309980883,True,True,False,False,False,False
bf16,1,1,1,64,1.0,warp32_split,1,100,2909,true,128,420,5,29.8496007919,29.8636803627,29.8304009438,29.9519991875,0.04478113837998549,0.14995184061746633,0.4073697485863742,5,29.8559999466,29.8944005966,29.8496007919,29.9584007263,0.052308102863652686,0.17497625581963291,0.3644156437386063,5,29.8623991013,29.8956799507,29.8368000984,29.9711990356,0.057157271970187655,0.1911890683351035,0.45006074945314595,3,29.8559999466,29.8559999466,29.8496007919,29.8623991013,0.005224887933377922,0.017500294556280407,0.042866792011293155,candidate_vs_matching_baseline,1.1809605242246919,15.323164535367816,1.180921738238921,15.3203834242839,1.1806686808450408,15.302233706727165,15.302233706727165,15.323164535367816,True,True,False,False,False,False
bf16,1,1,1,64,1.0,warp32_transform,1,100,2909,true,128,256,5,15.232000351,15.2281599045,15.1935994625,15.2831995487,0.03176877588201931,0.2086186123684679,0.5882358464764509,5,15.2639997005,15.24991989136,15.1935994625,15.2831995487,0.033230825085543224,0.21790819441858508,0.5870026726813014,5,15.2576005459,15.24095988274,15.1935994625,15.2831995487,0.039576917808192655,0.2596747062697311,0.5872488661008891,3,15.2576005459,15.251200199133333,15.232000351,15.2639997005,0.013825409485339474,0.09065128845482678,0.2097272726713134,candidate_vs_matching_baseline,1.0436974194040314,4.1867900209031195,1.0419287288756325,4.0241455786403595,1.0419462359677505,4.025758193635697,4.0241455786403595,4.1867900209031195,False,True,False,False,False,False
bf16,1,1,1,128,1.0,baseline_fused,1,100,2909,true,256,324,5,27.9871988297,28.01151943208,27.9615998268,28.0640006065,0.04135832897721449,0.14764757433989514,0.3658843470655967,5,27.9871988297,28.00895929338,27.9615998268,28.0767989159,0.04079962295209119,0.14566632956524844,0.4116135015904121,5,27.9936003685,28.01279973984,27.9679989815,28.0640006065,0.04007052902295468,0.1430436421746381,0.3429413285045894,3,27.9871988297,27.989332675966665,27.9871988297,27.9936003685,0.0030177143303402668,0.01078165873147615,0.02287309579981603,baseline,,,,,,,,,,,,,,
bf16,1,1,1,128,1.0,baseline_split,1,100,2909,true,256,836,5,41.1520004272,41.14815998074,41.1327981949,41.1520004272,0.0076808929200012695,0.018666431071514313,0.046661722639639136,5,41.1327981949,41.11743927002,41.0239982605,41.1520004272,0.04730874629916093,0.1150576182249151,0.31119246031715586,5,41.1456012726,41.14432048796,41.1327981949,41.1520004272,0.00746410466413704,0.018141275820368084,0.04666897968699871,3,41.1456012726,41.14346663156667,41.1327981949,41.1520004272,0.007983272118695402,0.019403498956916683,0.04666897968699871,baseline,,,,,,,,,,,,,,
bf16,1,1,1,128,1.0,baseline_transform,1,100,2909,true,256,512,5,16.3968002796,16.40704011914,16.3520002365,16.4543998241,0.041199081341348406,0.25110611689970025,0.6245095741478338,5,16.4031994343,16.43136000634,16.3455998898,16.505600214,0.06382069724739492,0.3884078811660743,0.9754214404382144,5,16.4031994343,16.42367982864,16.3584005833,16.4991998672,0.04847116116201548,0.29512972529755677,0.8583647627034426,3,16.4031994343,16.401066382733333,16.3968002796,16.4031994343,0.0030165904548205336,0.018392648285335465,0.039011625296816455,baseline,,,,,,,,,,,,,,
bf16,1,1,1,128,1.0,optimized_fused,1,100,2909,true,256,324,5,18.5920000076,18.57024025916,18.48960042,18.6432003975,0.05454662726745598,0.2937314030740673,0.8261616686597056,5,18.6240005493,18.59712028502,18.5344004631,18.6559998989,0.052213778768048204,0.28076270932175695,0.6529179135176236,5,18.604799509,18.59200000762,18.5280001163,18.6495995522,0.05199366944763101,0.2796561393412285,0.653591756477563,3,18.604799509,18.6069333553,18.5920000076,18.6240005493,0.013151011172716848,0.0706780151333799,0.17200154016451671,candidate_vs_matching_baseline,1.5053355646654178,33.569629026717095,1.5027490337328155,33.455289103330266,1.5046440223641326,33.53909727905102,33.455289103330266,33.569629026717095,True,True,False,False,False,False
bf16,1,1,1,128,1.0,optimized_split,1,100,2909,true,256,836,5,32.2304010391,32.23168039322,32.2176003456,32.2496008873,0.011011240348340109,0.03416278709023295,0.09928682445241462,5,32.2304010391,32.20864009858,32.1023988724,32.2496008873,0.05379112393156479,0.1670083672173924,0.4567179127601274,5,32.2368001938,32.20736026764,32.0959997177,32.2368001938,0.055735405245372335,0.17305176451039947,0.43676939166895645,3,32.2304010391,32.23253409066667,32.2304010391,32.2368001938,0.0030165904548205336,0.009358837398062429,0.019854406069088497,candidate_vs_matching_baseline,1.276806961764976,21.679625037627915,1.2762111816418338,21.64306234070842,1.2763550050018115,21.6518918262415,21.64306234070842,21.679625037627915,True,True,False,False,False,False
bf16,1,1,1,128,1.0,optimized_transform,1,100,2909,true,256,512,5,16.4224004745,16.42624020576,16.3647997379,16.4672005177,0.03678769405203791,0.22395687382641585,0.6235433118258411,5,16.4608001709,16.4262404442,16.3136005402,16.4672005177,0.0587406559245908,0.35760255746975717,0.933125825629913,5,16.4224004745,16.42240023612,16.3199996948,16.4800000191,0.056232857106380665,0.34241558053554283,0.9742809801066658,3,16.4224004745,16.435200373300002,16.4224004745,16.4608001709,0.018101790479962666,0.110140369869601,0.2338251125931588,candidate_vs_matching_baseline,0.99844114172348,-0.15612921096472832,0.9965007328925705,-0.35115549762538834,0.9988308018532481,-0.11705667712513801,-0.35115549762538834,-0.11705667712513801,False,False,True,True,False,False
bf16,1,1,1,128,1.0,warp32_fused,1,100,2909,true,256,324,5,15.9360003471,15.96672010422,15.9104001522,16.0383999348,0.051741065399230804,0.3240556924747222,0.8032114697041582,5,15.9360003471,15.9500799179,15.891200304,16.0383999348,0.05585254504246639,0.35017094165017815,0.9236924422305769,5,15.9423995018,15.96031999586,15.891200304,16.0192000866,0.048808011300490846,0.30580847572699865,0.8028890668907754,3,15.9360003471,15.938133398666666,15.9360003471,15.9423995018,0.003016590454821371,0.01892687417884035,0.040155337353295885,candidate_vs_matching_baseline,1.7562247879087836,43.05968080596645,1.7562247879087836,43.05968080596645,1.7559213947272705,43.04984249278881,43.04984249278881,43.05968080596645,True,True,False,False,False,False
bf16,1,1,1,128,1.0,warp32_split,1,100,2909,true,256,836,5,30.07999897,30.08511972426,29.9903988838,30.1760005951,0.06289012079449648,0.2090406199839159,0.6170269868862253,5,30.07999897,30.05439996718,29.9968004227,30.0927996635,0.03986508371896235,0.13264308641162628,0.31914642316225345,5,30.0735998154,30.05055999756,30.0096011162,30.07999897,0.03352431752406513,0.11155970979172163,0.23408522502168255,3,30.07999897,30.077865918466667,30.0735998154,30.07999897,0.00301659040767924,0.010029270081382897,0.021273785967808656,candidate_vs_matching_baseline,1.3680851674311079,26.90513545456178,1.367446795324807,26.871012209109622,1.3681634897439274,26.909319865920033,26.871012209109622,26.909319865920033,True,True,False,False,False,False
bf16,1,1,1,128,1.0,warp32_transform,1,100,2909,true,256,512,5,15.2576005459,15.2499201298,15.1999998093,15.2831995487,0.03066663983449264,0.20109377343273224,0.5453002859113294,5,15.232000351,15.22304010394,15.1999998093,15.232000351,0.01254162899190803,0.08238583690429896,0.2100875851010571,5,15.232000351,15.235839843760001,15.1935994625,15.2831995487,0.028506935082668695,0.187104454857761,0.5882358464764509,3,15.232000351,15.2405337493,15.232000351,15.2576005459,0.012068047608991925,0.07918389084992651,0.16806850256092717,candidate_vs_matching_baseline,1.0746644094051947,6.947695369061302,1.0768906943481726,7.140064887895936,1.0768906943481726,7.140064887895936,6.947695369061302,7.140064887895936,True,True,False,False,False,False
bf16,1,1,1,256,1.0,baseline_fused,1,100,2909,true,512,644,5,39.8399996758,39.87455987932,39.8271989822,39.9424004555,0.050491313571765034,0.12662538150784997,0.2891603269012427,5,39.8399996758,39.86176013948,39.7952008247,39.929599762,0.05469653148501382,0.13721554515813045,0.3373467329158728,5,39.8399996758,39.8719997406,39.8271989822,39.9359989166,0.047377284510908196,0.11882344707849171,0.2730922070415706,3,39.8399996758,39.8399996758,39.8399996758,39.8399996758,0.0,0.0,0.0,baseline,,,,,,,,,,,,,,
bf16,1,1,1,256,1.0,baseline_split,1,100,2909,true,512,1668,5,54.028801918,54.02752017974,54.0095996857,54.047999382,0.0124101918944758,0.022970130506063,0.07107264077089263,5,54.022397995,54.030078887959995,54.022397995,54.0416002274,0.00940713426046671,0.01741092083166102,0.035544946379046524,5,54.0416002274,54.09407997134,54.0095996857,54.3423986435,0.12471892667770686,0.23055928993299296,0.6158199542567574,3,54.028801918,54.030933380133334,54.022397995,54.0416002274,0.007982847462121676,0.01477458737564007,0.03554073330950639,baseline,,,,,,,,,,,,,,
bf16,1,1,1,256,1.0,baseline_transform,1,100,2909,true,512,1024,5,18.1312000751,18.14016008376,18.086400032,18.1887996197,0.03978305346985811,0.21930927448360246,0.5647700498359551,5,18.1503999233,18.14784002304,18.0928003788,18.1951999664,0.0405981755777475,0.22370803096239097,0.5641726244750594,5,18.1631994247,18.17727994918,18.1376004219,18.2400000095,0.03537980238907455,0.1946374952027439,0.5637750552953151,3,18.1503999233,18.148266474366668,18.1312000751,18.1631994247,0.0131504954778417,0.07246144140772885,0.17630107179578647,baseline,,,,,,,,,,,,,,
bf16,1,1,1,256,1.0,optimized_fused,1,100,2909,true,512,644,5,19.3408000469,19.306239843380002,19.244799614,19.3535995483,0.05032875832464813,0.2606864865086899,0.5625410222750188,5,19.3280005455,19.30112028122,19.2384004593,19.3535995483,0.05189903846997408,0.26889132710328667,0.596021759875321,5,19.3280005455,19.30112004282,19.244799614,19.3408000469,0.041159586509681795,0.2132497306807494,0.4966909674593821,3,19.3280005455,19.332267045966667,19.3280005455,19.3408000469,0.006033742823831124,0.03121073596534017,0.06622258401674137,candidate_vs_matching_baseline,2.0598940881034378,51.45381474827629,2.061258203196588,51.485942011087914,2.061258203196588,51.485942011087914,51.45381474827629,51.485942011087914,True,True,False,False,False,False
bf16,1,1,1,256,1.0,optimized_split,1,100,2909,true,512,1668,5,34.0159988403,34.01727962492,34.003200531,34.0287995338,0.008490372537097488,0.02495899916370063,0.07525577279145441,5,34.0159988403,34.01855945586,34.0095996857,34.0287995338,0.00652691157796977,0.01918632558923788,0.056443581710284615,5,34.0224003792,34.01983976364,34.0095996857,34.0287995338,0.00652691157796977,0.019185603528167276,0.05643296147832136,3,34.0159988403,34.0181326866,34.0159988403,34.0224003792,0.0030177143774798854,0.008870899544314453,0.01881920013595592,candidate_vs_matching_baseline,1.5883350117589403,37.040989929914815,1.5881467496699724,37.03352664306326,1.5884123290853684,37.044054513489264,37.03352664306326,37.044054513489264,True,True,False,False,False,False
bf16,1,1,1,256,1.0,optimized_transform,1,100,2909,true,512,1024,5,17.7983999252,17.78175997734,17.7023994923,17.8240001202,0.04445133591430995,0.24998276869643976,0.6832110100404705,5,17.804800272,17.78048014642,17.6960003376,17.8111994267,0.043103750500593264,0.2424217464637588,0.6470114089466209,5,17.7664005756,17.76256036756,17.6960003376,17.8175997734,0.0387396834702292,0.21809740639069128,0.6844348425139216,3,17.7983999252,17.789866924266665,17.7664005756,17.804800272,0.016797683364068963,0.09442276007784921,0.21574802544825464,candidate_vs_matching_baseline,1.0186983184611333,1.8355108791560104,1.0194104761648741,1.90408835485959,1.0223342284449535,2.1846308011153504,1.8355108791560104,2.1846308011153504,False,True,False,False,False,False
bf16,1,1,1,256,1.0,warp32_fused,1,100,2909,true,512,644,5,18.1695997715,18.16447997094,18.1376004219,18.1887996197,0.01828184545891592,0.10064612633096948,0.28178495092835093,5,18.1376004219,18.15296006202,18.1376004219,18.1887996197,0.020479619511300957,0.11281697002214444,0.28228209139605515,5,18.1631994247,18.16063976288,18.1439995766,18.1760001183,0.010398863016071009,0.057260444300679794,0.17618339672295366,3,18.1631994247,18.1567998727,18.1376004219,18.1695997715,0.013825225569136929,0.0761435146395159,0.17617683345195137,candidate_vs_matching_baseline,2.192673486308223,54.393574499608356,2.1965419211515838,54.473894152872404,2.193446140420717,54.40963962724913,54.393574499608356,54.473894152872404,True,True,False,False,False,False
bf16,1,1,1,256,1.0,warp32_split,1,100,2909,true,512,1668,5,31.8079996109,31.84511995314,31.7887997627,31.9232010841,0.05899185027701479,0.18524612362528742,0.4225393707372449,5,31.7951989174,31.84384012222,31.7824006081,31.9296002388,0.06756209254318224,0.2121669129221596,0.46296181723034385,5,31.8016004562,31.822080135340002,31.7824006081,31.9167995453,0.048131750828368645,0.15125268563105637,0.4226168974895037,3,31.8016004562,31.8015996615,31.7951989174,31.8079996109,0.005225861268339884,0.016432699373505017,0.04025172732306716,candidate_vs_matching_baseline,1.6985916303735538,41.12769766915193,1.6990740688662938,41.14441398854086,1.6993358652446096,41.15348116565198,41.12769766915193,41.15348116565198,True,True,False,False,False,False
bf16,1,1,1,256,1.0,warp32_transform,1,100,2909,true,512,1024,5,15.9935998917,16.0025599003,15.9744000435,16.0383999348,0.027631287009258307,0.17266791801691866,0.40015938708842497,5,15.9935998917,16.00512003898,15.9679996967,16.0704004765,0.03890895909588716,0.24310320073280006,0.640260982476768,5,15.9871995449,15.98591995238,15.9360003471,16.031999588,0.038908559052940286,0.24339268036399458,0.600475653227369,3,15.9935998917,15.991466442766667,15.9871995449,15.9935998917,0.0030171524161510467,0.01886726540651798,0.04001817504089778,candidate_vs_matching_baseline,1.1336534737566697,11.789623271189953,1.1348539444655787,11.882933933765704,1.1361088834657196,11.98026751190583,11.789623271189953,11.98026751190583,True,True,False,False,False,False
bf16,1,17,1,64,1.0,baseline_fused,17,100,2909,true,2176,2788,5,23.8463997841,23.8438396454,23.8271999359,23.8655996323,0.014927023432469032,0.06260327050701661,0.16102932412297616,5,23.8463997841,23.8438396454,23.8271999359,23.8655996323,0.014927023432469032,0.06260327050701661,0.16102932412297616,5,23.8527989388,23.8438396454,23.8143992424,23.8655996323,0.01966386734616975,0.08246938261037728,0.2146514965869066,3,23.8463997841,23.848532835666667,23.8463997841,23.8527989388,0.0030165904548205336,0.012648956124919654,0.026834888108625013,baseline,,,,,,,,,,,,,,
bf16,1,17,1,64,1.0,baseline_split,17,100,2909,true,2176,7140,5,38.4191989899,38.39487981796,38.2848000526,38.4256005287,0.0551142869429512,0.1435459290516397,0.36648467381378586,5,38.4256005287,38.42687940598,38.4191989899,38.438398838,0.00746361392814702,0.019422898875794556,0.049966292877202716,5,38.4191989899,38.42047977448,38.4064006805,38.4319996834,0.008490372558200213,0.02209855943506402,0.06663075642657575,3,38.4191989899,38.42133283616667,38.4191989899,38.4256005287,0.003017714330338592,0.007854267688230651,0.016662343225015218,baseline,,,,,,,,,,,,,,
bf16,1,17,1,64,1.0,baseline_transform,17,100,2909,true,2176,4352,5,17.5424003601,17.55520009996,17.5039994717,17.6064002514,0.036876702438111295,0.21006141899912217,0.5837329988939894,5,17.5616002083,17.55264019966,17.5039994717,17.5872004032,0.02821845024241996,0.16076470503261703,0.47376623151163405,5,17.5551998615,17.5539197922,17.5039994717,17.5935995579,0.03197445187433649,0.18214992578776731,0.5103905788990827,3,17.5551998615,17.553066809966666,17.5424003601,17.5616002083,0.007982103914743638,0.04547412712068858,0.10936843984389141,baseline,,,,,,,,,,,,,,
bf16,1,17,1,64,1.0,optimized_fused,17,100,2909,true,2176,2788,5,19.3664002419,19.37536001204,19.3216001987,19.4495999813,0.05129572071428008,0.2647471875743445,0.6609374018980931,5,19.3728005886,19.39712023736,19.3343997002,19.4560003281,0.04761878835673422,0.2454941134252373,0.6276873978228921,5,19.3728005886,19.38432002066,19.3216001987,19.4495999813,0.0447815472601767,0.23101943845565942,0.6607190427352143,3,19.3728005886,19.3706671397,19.3664002419,19.3728005886,0.0030171523690105907,0.015575882581901195,0.03303779786887212,candidate_vs_matching_baseline,1.2313284599224248,18.786901095179655,1.2309216561147338,18.760061208412893,1.2312519725638569,18.78185600647746,18.760061208412893,18.786901095179655,True,True,False,False,False,False
bf16,1,17,1,64,1.0,optimized_split,17,100,2909,true,2176,7140,5,34.3359994888,34.33600044252,34.3296003342,34.3424010277,0.005724644184887856,0.016672425766277484,0.03728067826938542,5,34.3359994888,34.33344030382,34.3167996407,34.3424010277,0.00957909816658072,0.027900198994957496,0.07456135653879155,5,34.3424010277,34.3654398918,34.3359994888,34.4639992714,0.04950776738251116,0.14406266161116216,0.3727164635249511,3,34.3359994888,34.3381333351,34.3359994888,34.3424010277,0.0030177143774798854,0.008788230705584734,0.018643811146632296,candidate_vs_matching_baseline,1.1189189061594638,10.62801830452903,1.1191053442680177,10.64290729001226,1.1187103359171575,10.611355961043722,10.611355961043722,10.64290729001226,True,True,False,False,False,False
bf16,1,17,1,64,1.0,optimized_transform,17,100,2909,true,2176,4352,5,17.3055994511,17.29919958116,17.260799408,17.331199646,0.02394669402326145,0.13842660124773068,0.4068061219082845,5,17.2927999496,17.28383994102,17.2544002533,17.3055994511,0.019663619015281828,0.11376880995416917,0.29607234195285353,5,17.2927999496,17.29664015768,17.2544002533,17.3440003395,0.028506999317767928,0.16481235117278162,0.5181352150093738,3,17.2927999496,17.2970664501,17.2927999496,17.3055994511,0.006033742870972417,0.03488304151677427,0.07401636251680468,candidate_vs_matching_baseline,1.013683484913026,1.349877463397775,1.0155440564560638,1.530613699843597,1.0151739401753774,1.4947133269354929,1.349877463397775,1.530613699843597,False,True,False,False,False,False
bf16,1,17,1,64,1.0,warp32_fused,17,100,2909,true,2176,2788,5,17.9200005531,17.88287997246,17.7727997303,17.9519999027,0.07165716312976336,0.40070258951643617,1.0000009311885767,5,17.9647994041,17.91743993758,17.8304004669,17.9776000977,0.06609042889537727,0.3688608926588856,0.8193780931748589,5,17.9071998596,17.87391996384,17.7919995785,17.9392004013,0.06262857468788977,0.3503908197787116,0.8220203267630625,3,17.9200005531,17.9306666056,17.9071998596,17.9647994041,0.024694809017300787,0.13772387586297685,0.3214260196550952,candidate_vs_matching_baseline,1.3307142325938592,24.852385620707118,1.3273958282360603,24.664521408894856,1.3320228246635992,24.926211361839933,24.664521408894856,24.926211361839933,True,True,False,False,False,False
bf16,1,17,1,64,1.0,warp32_split,17,100,2909,true,2176,7140,5,34.5855998993,34.60479974748,34.5023989677,34.7135996819,0.09353636680865464,0.270298824126171,0.6106608380798142,5,34.5792007446,34.5792002678,34.5088005066,34.7135996819,0.07485507404047023,0.21647427777609696,0.5922611595699923,5,34.5855998993,34.60864019394,34.5088005066,34.7135996819,0.07017828420612399,0.2027767742761886,0.5921515772353234,3,34.5855998993,34.583466847733334,34.5792007446,34.5855998993,0.0030165904548205336,0.008722637519547138,0.01850236722401958,candidate_vs_matching_baseline,1.1108437934215967,9.97834205655307,1.111234490713342,10.009992638181753,1.1108437934215967,9.97834205655307,9.97834205655307,10.009992638181753,True,True,False,False,False,False
bf16,1,17,1,64,1.0,warp32_transform,17,100,2909,true,2176,4352,5,17.7727997303,17.71775984764,17.5743997097,17.8175997734,0.10083616055444002,0.5691247732306934,1.3683835264591506,5,17.7664005756,17.70368003844,17.568000555,17.7919995785,0.09171431690770114,0.5180522733610291,1.260801379248619,5,17.7664005756,17.70624017714,17.5743997097,17.8175997734,0.09694269069041625,0.5475057929891636,1.3688763948844396,3,17.7664005756,17.768533627166665,17.7664005756,17.7727997303,0.003016590454822208,0.01697714914533005,0.036018295730597505,candidate_vs_matching_baseline,0.9870364054231026,-1.3133856568684932,0.9884726021779973,-1.1661828356803516,0.9881123521221256,-1.2030664177351769,-1.3133856568684932,-1.1661828356803516,False,False,True,True,False,False
bf16,1,17,1,128,1.0,baseline_fused,17,100,2909,true,4352,5508,5,29.6384000778,29.60383987426,29.5104002953,29.6384000778,0.04983785037872765,0.168349276953294,0.43187143085998464,5,29.6192002296,29.60896015166,29.5743989944,29.6384000778,0.026419247899347086,0.08922720610256188,0.21607971486023203,5,29.6192002296,29.61151981354,29.5679998398,29.6447992325,0.03197402238154913,0.10797832256799215,0.2592892181580592,3,29.6192002296,29.625600179,29.6192002296,29.6384000778,0.009050895239981333,0.030550926176331202,0.06482230462391801,baseline,,,,,,,,,,,,,,
bf16,1,17,1,128,1.0,baseline_split,17,100,2909,true,4352,14212,5,44.7168016434,44.70656013488,44.6655988693,44.742398262,0.027631331217122156,0.06180598805579816,0.17174616671480733,5,44.7168016434,44.70271968842,44.65280056,44.742398262,0.034441194265333826,0.07704496394266507,0.20036697327887534,5,44.7103977203,44.69631958006,44.6655988693,44.723200798,0.02540800255202267,0.05684584948098888,0.12883340707535032,3,44.7168016434,44.71466700236667,44.7103977203,44.7168016434,0.0030188383001358873,0.00675133798933604,0.014321066947194016,baseline,,,,,,,,,,,,,,
bf16,1,17,1,128,1.0,baseline_transform,17,100,2909,true,4352,8704,5,18.5151994228,18.47295999524,18.393599987,18.5280001163,0.0623925030728644,0.3377504367948684,0.7258908004765781,5,18.4832000732,18.47296023368,18.4256005287,18.5215997696,0.03401021540165693,0.1841080962197349,0.5193864726876953,5,18.5151994228,18.47935986518,18.4127998352,18.5280001163,0.05193068941595302,0.2810199584554017,0.6221930343247513,3,18.5151994228,18.504532972933333,18.4832000732,18.5151994228,0.015084638063812458,0.08151860998533078,0.17282746390835438,baseline,,,,,,,,,,,,,,
bf16,1,17,1,128,1.0,optimized_fused,17,100,2909,true,4352,5508,5,20.0896000862,20.08192014692,20.070400238,20.0896000862,0.009405966245778585,0.04683798250846642,0.09557108214009867,5,20.1024007797,20.096000194560002,20.0640010834,20.1087999344,0.016688782376298415,0.08304529366404007,0.22285323773486138,5,20.0896000862,20.08832025528,20.0640010834,20.1151990891,0.01639132233094163,0.08159628143439893,0.25484830698629574,3,20.0896000862,20.093866984033333,20.0896000862,20.1024007797,0.0060343047851608,0.030030579927475792,0.06371801053816889,candidate_vs_matching_baseline,1.4753106060164576,32.2176634586707,1.4734160637922582,32.13050783319047,1.4743548951950565,32.173725385996676,32.13050783319047,32.2176634586707,True,True,False,False,False,False
bf16,1,17,1,128,1.0,optimized_split,17,100,2909,true,4352,14212,5,35.7760000229,35.78240013122,35.7696008682,35.8015990257,0.013424116689509637,0.03751597612312526,0.08944028812476729,5,35.7696008682,35.77983999252,35.7568001747,35.8080005646,0.020876100621973433,0.0583459865285527,0.14313939394700334,5,35.7951998711,35.7849597931,35.7631993294,35.8015990257,0.0154660713235902,0.04321947380411014,0.10727610528304406,3,35.7760000229,35.78026692073333,35.7696008682,35.7951998711,0.01087756253973172,0.030401010042293945,0.0715535635163684,candidate_vs_matching_baseline,1.24991059969748,19.994277971397846,1.2501342077639526,20.008588374791703,1.2490612674689343,19.93987596570228,19.93987596570228,20.008588374791703,True,True,False,False,False,False
bf16,1,17,1,128,1.0,optimized_transform,17,100,2909,true,4352,8704,5,18.4640002251,18.46272015572,18.4256005287,18.5215997696,0.03583968538319719,0.19411920389257256,0.519926558327818,5,18.4704005718,18.46016025542,18.4319996834,18.4832000732,0.018812256893329823,0.10190733250978386,0.2772023790224088,5,18.4256005287,18.44608020784,18.419200182,18.48960042,0.03066655027598932,0.16624968519303815,0.38207839082553235,3,18.4640002251,18.4533337752,18.4256005287,18.4704005718,0.019783677287811566,0.10720923129022603,0.24263454589379357,candidate_vs_matching_baseline,1.002772920118924,0.27652522952007486,1.0006929736770052,0.06924937970324008,1.0048627394239031,0.4839207618237529,0.06924937970324008,0.4839207618237529,False,True,False,False,False,False
bf16,1,17,1,128,1.0,warp32_fused,17,100,2909,true,4352,5508,5,18.796800375,18.74304008484,18.6368000507,18.8095998764,0.0768639174303553,0.41009311767158524,0.9193044680616304,5,18.796800375,18.7532801628,18.6688005924,18.8095998764,0.06157288711293273,0.32833129233077835,0.7490598463090815,5,18.7583994865,18.73792004584,18.6624002457,18.8095998764,0.06130626918088029,0.327177557759357,0.7847131670585088,3,18.796800375,18.784000078833333,18.7583994865,18.796800375,0.01810235244129234,0.09637112630600388,0.20429481472322128,candidate_vs_matching_baseline,1.5767789988991676,36.57957134778225,1.5757575565357358,36.53846076432751,1.5789833376198368,36.66810939832953,36.53846076432751,36.66810939832953,True,True,False,False,False,False
bf16,1,17,1,128,1.0,warp32_split,17,100,2909,true,4352,14212,5,36.8192005157,36.8422398567,36.8063998222,36.9472002983,0.052869035949294096,0.14350114475919826,0.3824104655394644,5,36.8255996704,36.86400032044,36.8000006676,36.9472002983,0.06857258006314566,0.18601502676616513,0.3997209333112679,5,36.8192005157,36.84096002578,36.8000006676,36.9472002983,0.05424546358117062,0.14724226389109177,0.39979040456684284,3,36.8192005157,36.82133356726666,36.8192005157,36.8255996704,0.003016590454823883,0.00819250733902143,0.017379939298999954,candidate_vs_matching_baseline,1.2144968119101989,17.661372990582947,1.2142857697804947,17.64706258718909,1.2143228830086936,17.649579531736393,17.64706258718909,17.661372990582947,True,True,False,False,False,False
bf16,1,17,1,128,1.0,warp32_transform,17,100,2909,true,4352,8704,5,19.8272001743,19.795200109459998,19.7055995464,19.8720002174,0.060985133360259895,0.30808040849819696,0.8392545066231291,5,19.8272001743,19.80800032616,19.7440004349,19.8784005642,0.05475643619936539,0.2764359617212332,0.6778573279055838,5,19.8336005211,19.810559987999998,19.7376000881,19.8720002174,0.05588200595526477,0.2820819097951527,0.6776385818450841,3,19.8272001743,19.82933362323333,19.8272001743,19.8336005211,0.0030171524161502093,0.015215601661041793,0.0322806384347483,candidate_vs_matching_baseline,0.9338282389865304,-7.0860741034437735,0.93221432732383,-7.271468662229941,0.9335268905463021,-7.1206421718390756,-7.271468662229941,-7.0860741034437735,False,False,True,True,True,True
bf16,1,17,1,256,1.0,baseline_fused,17,100,2909,true,8704,10948,5,41.1007976532,41.11487960816,41.0816001892,41.1583995819,0.03119672601024633,0.07587697278348535,0.18685620981863588,5,41.1327981949,41.1263990402,41.0943984985,41.1583995819,0.027453539678805636,0.06675405656588243,0.15559623028013758,5,41.1456012726,41.1225605011,41.0816001892,41.1520004272,0.030986075225338448,0.07535054930373218,0.17110027760580865,3,41.1327981949,41.12639904023333,41.1007976532,41.1456012726,0.018842380655868157,0.045815780363933495,0.10892431676470483,baseline,,,,,,,,,,,,,,
bf16,1,17,1,256,1.0,baseline_split,17,100,2909,true,8704,28356,5,56.9600009918,57.0265598297,56.9471979141,57.305598259,0.13960730309099678,0.2448110205278206,0.6292140777026909,5,56.9600009918,56.95488071442,56.9343996048,56.9664001465,0.011011295787075711,0.019333366427871104,0.05618072532092697,5,56.9600009918,56.96000003814,56.9471979141,56.9727993011,0.009051120101429408,0.0158903091561953,0.0449462544842306,3,56.9600009918,56.9600009918,56.9600009918,56.9600009918,0.0,0.0,0.0,baseline,,,,,,,,,,,,,,
bf16,1,17,1,256,1.0,baseline_transform,17,100,2909,true,8704,17408,5,19.9168002605,19.90656018256,19.8528003693,19.9360001087,0.03150977122496986,0.15828837798192455,0.41773647529622093,5,19.9168002605,19.905280113219998,19.8528003693,19.9360001087,0.030398185785724122,0.15271418243210408,0.41773647529622093,5,19.929599762,19.91423988344,19.8847997189,19.9360001087,0.02164678099101357,0.10870001123675473,0.2569062620997845,3,19.9168002605,19.921066761,19.9168002605,19.929599762,0.0060337428709707425,0.030288251845946128,0.06426484843242021,baseline,,,,,,,,,,,,,,
bf16,1,17,1,256,1.0,optimized_fused,17,100,2909,true,8704,10948,5,20.4543995857,20.46848011018,20.4288005829,20.5055999756,0.03145762905119763,0.15368815311085154,0.3754663752325031,5,20.4608011246,20.46464014052,20.4351997375,20.4992008209,0.027333461493360287,0.13356433978645935,0.3127985214765244,5,20.4608011246,20.46464014052,20.4351997375,20.4927992821,0.020076039230984007,0.09810111046728565,0.28151167810700595,3,20.4608011246,20.4586672783,20.4543995857,20.4608011246,0.0030177143774798854,0.01475029793695653,0.03128684385824922,candidate_vs_matching_baseline,2.009386659383257,50.233570262334126,2.01032197832401,50.25672450570866,2.0109477151962873,50.2722028801037,50.233570262334126,50.2722028801037,True,True,False,False,False,False
bf16,1,17,1,256,1.0,optimized_split,17,100,2909,true,8704,28356,5,37.1456003189,37.16480016706,37.1392011642,37.2031998634,0.026542128443539287,0.07141738506390295,0.1722914656125127,5,37.1264004707,37.09568071364,36.97920084,37.1968007088,0.07758536026178522,0.2091493100253509,0.586105483001859,5,37.1456003189,37.16480064392,37.1392011642,37.1968007088,0.026232219228764685,0.07058350582880407,0.1550642447705655,3,37.1456003189,37.1392003695,37.1264004707,37.1456003189,0.009050895239983009,0.024370194161250486,0.05168808159020126,candidate_vs_matching_baseline,1.5334252375191326,34.78651742957746,1.5342182454976372,34.82022502765627,1.5334252375191326,34.78651742957746,34.78651742957746,34.82022502765627,True,True,False,False,False,False
bf16,1,17,1,256,1.0,optimized_transform,17,100,2909,true,8704,17408,5,19.6607995033,19.65952014922,19.5904004574,19.7376000881,0.04830183941296052,0.24569185334300703,0.7486960572243802,5,19.6544003487,19.6556801796,19.5840001106,19.7376000881,0.04980494299182122,0.2533870236834245,0.7815042676189139,5,19.622399807,19.63263988496,19.5840001106,19.6992003918,0.03810031269205828,0.19406617202430243,0.5870855875584796,3,19.6544003487,19.645866553,19.622399807,19.6607995033,0.01679788519963309,0.08550340680731126,0.1953745503232344,candidate_vs_matching_baseline,1.0130208721754692,1.2853508287057114,1.013350695373281,1.3174802597202495,1.0156555751600989,1.5414256114954172,1.2853508287057114,1.5414256114954172,False,True,False,False,False,False
bf16,1,17,1,256,1.0,warp32_fused,17,100,2909,true,8704,10948,5,24.1919994354,24.15488004684,24.0704011917,24.2111992836,0.06183783239791572,0.2560055453722094,0.582002708275406,5,24.2048001289,24.159999847399998,24.0768003464,24.2239999771,0.06564284312109463,0.27170051132330136,0.6081423102694745,5,24.1856002808,24.15488004684,24.0768003464,24.2111992836,0.0568698170017165,0.23543820913801786,0.5556981660144874,3,24.1919994354,24.1941332817,24.1856002808,24.2048001289,0.00798221008617702,0.03299233741187421,0.07936445332379716,candidate_vs_matching_baseline,1.698941741584925,41.139829840950846,1.6993653314983725,41.15450153862588,1.7012437481348717,41.21947539285114,41.139829840950846,41.21947539285114,True,True,False,False,False,False
bf16,1,17,1,256,1.0,warp32_split,17,100,2909,true,8704,28356,5,44.1152000427,44.15359973906,44.1088008881,44.3135976791,0.0800373511630655,0.18127027385325806,0.46423180854166524,5,44.1215991974,44.15359973908,44.1024017334,44.2944002151,0.07092180226699472,0.16062518726921013,0.43515757631765806,5,44.1215991974,44.119039535540004,44.1088008881,44.1279983521,0.00652588290578149,0.014791534390780603,0.04351035399716991,3,44.1215991974,44.119466145833336,44.1152000427,44.1215991974,0.0030165904548205336,0.0068373231100517795,0.014503451407934739,candidate_vs_matching_baseline,1.2911649711815258,22.55056307135448,1.2909777076973343,22.539328600517795,1.2909777076973343,22.539328600517795,22.539328600517795,22.55056307135448,True,True,False,False,False,False
bf16,1,17,1,256,1.0,warp32_transform,17,100,2909,true,8704,17408,5,22.6112008095,22.584320068380002,22.5343990326,22.6304006577,0.0413588897943255,0.18313099384484685,0.42457552745127375,5,22.6175999641,22.59711980818,22.5279998779,22.6559996605,0.05283745615883707,0.23382385280672044,0.5659299961232348,5,22.6112008095,22.58432006836,22.4959993362,22.6559996605,0.06873994710404209,0.30437023074404984,0.7076153347538131,3,22.6112008095,22.613333861033333,22.6112008095,22.6175999641,0.00301659040767924,0.013339874722662388,0.028300817165394725,candidate_vs_matching_baseline,0.8808377948743015,-13.528280214486422,0.8805885811099822,-13.560409645500936,0.8814038639481129,-13.455368294013837,-13.560409645500936,-13.455368294013837,False,False,True,True,True,True
bf16,1,257,1,64,1.0,baseline_fused,257,100,2909,true,32896,42148,5,42.1120023727,42.06592082976,41.958398819,42.1311998367,0.06909691772964498,0.16425865966248288,0.41033674003594245,5,42.099199295,42.07872009276,42.009601593,42.1311998367,0.05013266157454805,0.11914017694462575,0.2888374262130949,5,42.1184015274,42.06208038332,41.958398819,42.1248006821,0.07234087945788863,0.17198597596369933,0.3950811452133263,3,42.1120023727,42.1098677317,42.099199295,42.1184015274,0.007983272154328026,0.018958198123995237,0.04559800369989819,baseline,,,,,,,,,,,,,,
bf16,1,257,1,64,1.0,baseline_split,257,100,2909,true,32896,107940,5,74.092798233,74.01471996306,73.7599992752,74.2144012451,0.18726572439407296,0.2530114610817083,0.6132876348805782,5,74.0159988403,73.98015975954,73.7215995789,74.2848014832,0.2137874104943134,0.28897938472854506,0.7609191433262817,5,74.2015981674,74.14015960692,73.8112020493,74.3039989471,0.16993534521427736,0.22920822684392517,0.6641324580209816,3,74.092798233,74.10346508023333,74.0159988403,74.2015981674,0.07614509735768513,0.1027551104057567,0.25049577222922265,baseline,,,,,,,,,,,,,,
bf16,1,257,1,64,1.0,baseline_transform,257,100,2909,true,32896,65792,5,36.0511994362,36.03968000412,35.9807991982,36.102399826,0.04830207317396584,0.13402470046472117,0.3372998116614587,5,36.0256004333,36.04608011244,35.9999990463,36.0960006714,0.041556201778052894,0.11528632696932632,0.2664816795427035,5,36.031999588,36.02815961838,35.9744000435,36.0831999779,0.03472554786663044,0.09638446213865162,0.30195364021995147,3,36.031999588,36.03626648583333,36.0256004333,36.0511994362,0.01087756253973172,0.030185043014952548,0.07104519092114761,baseline,,,,,,,,,,,,,,
bf16,1,257,1,64,1.0,optimized_fused,257,100,2909,true,32896,42148,5,38.1376004219,38.11584043502,38.0223989487,38.2080006599,0.06621494131385727,0.173720271042536,0.48666331690187065,5,38.0800008774,38.0736002922,38.0031991005,38.1568002701,0.05120021105968456,0.13447693589979134,0.40336440667248524,5,38.041601181,38.06080007554,37.9776000977,38.1568002701,0.06916747662225665,0.18172890870653963,0.47106369562988787,3,38.0800008774,38.08640082676666,38.041601181,38.1376004219,0.03945193765639328,0.10358536590484795,0.2520988410926581,candidate_vs_matching_baseline,1.1042121661256317,9.437694070269364,1.1055461745008872,9.546971165499919,1.1071668967613324,9.679380504855706,9.437694070269364,9.679380504855706,True,True,False,False,False,False
bf16,1,257,1,64,1.0,optimized_split,257,100,2909,true,32896,107940,5,70.6623983383,70.91967964172,70.604801178,71.5903997421,0.3773591415632919,0.5320936917223502,1.3947991962873891,5,70.764799118,70.77887916564,70.2848005295,71.334400177,0.37470120283887454,0.5293969150909856,1.4832228178162419,5,70.8479976654,70.8684797287,70.2527999878,71.3280010223,0.37294806116700574,0.526253790958593,1.5176166863288683,3,70.764799118,70.7583983739,70.6623983383,70.8479976654,0.07590566381489222,0.10727442333246884,0.26227634277675443,candidate_vs_matching_baseline,1.0485463269768567,4.6298695372692045,1.0459437426915978,4.392563463630239,1.0473351486634574,4.5195798807920795,4.392563463630239,4.6298695372692045,False,True,False,False,False,False
bf16,1,257,1,64,1.0,optimized_transform,257,100,2909,true,32896,65792,5,36.8576002121,36.82687997818,36.6912007332,36.9023990631,0.07368591208384581,0.20008730614025638,0.5730116141166071,5,36.8959999084,36.89599990842,36.7296004295,36.9984006882,0.09406031124231709,0.2549336282409619,0.728534961424911,5,36.8831992149,36.91519975662,36.8639993668,37.0368003845,0.06309796187892441,0.17092677892826263,0.46850875568892647,3,36.8831992149,36.8789331118,36.8576002121,36.8959999084,0.015964207793851094,0.04328814975600011,0.10411162024275988,candidate_vs_matching_baseline,0.9781211806721136,-2.23682093386961,0.9764093810369443,-2.4160582048077472,0.9769217517726569,-2.362343574136494,-2.4160582048077472,-2.23682093386961,False,False,True,True,False,False
bf16,1,257,1,64,1.0,warp32_fused,257,100,2909,true,32896,42148,5,23.2768011093,23.331840515139998,23.2256007195,23.4816002846,0.1039558778411103,0.4455536963475019,1.099805612884307,5,23.2256007195,23.12447977068,22.5216007233,23.6671996117,0.4016913684776663,1.7370828336946156,4.932483349884528,5,23.3599996567,23.38175964356,23.2191991806,23.6671996117,0.16026081176465373,0.6854095423429524,1.9178100928246609,3,23.2768011093,23.287467161833334,23.2256007195,23.3599996567,0.055384065624240676,0.2378277776597861,0.5773943617463081,candidate_vs_matching_baseline,1.8091834086202934,44.72644424908733,1.8126204701200215,44.83125306789757,1.803013790512613,44.5373071874458,44.5373071874458,44.83125306789757,True,True,False,False,False,False
bf16,1,257,1,64,1.0,warp32_split,257,100,2909,true,32896,107940,5,43.9103984833,43.96031951904,43.6416006088,44.4479990005,0.2706343569502194,0.6156332799924324,1.8364633880667003,5,44.0256023407,44.0281600952,43.2639980316,44.65280056,0.4499459524606955,1.0219503869518933,3.1545338497642863,5,44.2367982864,44.32384014128,43.5391998291,45.292801857,0.5662122065959958,1.2774439326358524,3.9641251081209514,3,44.0256023407,44.057599703466664,43.9103984833,44.2367982864,0.13515936589558894,0.3067787777938205,0.7413863428241131,candidate_vs_matching_baseline,1.687363376152894,40.73594258754441,1.681203547597463,40.51880265009803,1.6773727087344894,40.38295753872973,40.38295753872973,40.73594258754441,True,True,False,False,False,False
bf16,1,257,1,64,1.0,warp32_transform,257,100,2909,true,32896,65792,5,23.3599996567,23.37536001204,23.3344006538,23.4432005882,0.04059845370927726,0.1736805494690397,0.4657531506803549,5,23.3344006538,23.3484802246,23.283200264,23.4752011299,0.06656044262667676,0.28507398334452866,0.8228232160260424,5,23.398399353,23.41120004654,23.3791995049,23.4752011299,0.0336234003640651,0.14362100318319387,0.4102914201594341,3,23.3599996567,23.3642665545,23.3344006538,23.398399353,0.026300990950275525,0.11256929845807595,0.2739670382728076,candidate_vs_matching_baseline,1.5432876697778535,35.203266404380486,1.5438836834848484,35.228281074724244,1.5399343794591742,35.06216801580854,35.06216801580854,35.228281074724244,True,True,False,False,False,False
bf16,1,257,1,128,1.0,baseline_fused,257,100,2909,true,65792,83268,5,68.5375976562,68.52735900878,68.4416007996,68.5888004303,0.0525576681230966,0.07669589034704037,0.21477208967607478,5,68.5311985016,68.53631973266,68.4096002579,68.665599823,0.08139826525586219,0.11876661246675171,0.3735518576900726,5,68.4800004959,68.5248003006,68.4607982635,68.7296009064,0.10279953700959128,0.15001800305675778,0.39252722101848203,3,68.5311985016,68.51626555123333,68.4800004959,68.5375976562,0.025775996245164686,0.03762025854414172,0.08404516710540366,baseline,,,,,,,,,,,,,,
bf16,1,257,1,128,1.0,baseline_split,257,100,2909,true,65792,214852,5,103.744001389,103.4560012818,102.841596603,103.936004639,0.4603221959070835,0.44494489464485365,1.0549121118785425,5,103.456001282,103.3036823274,102.790403366,103.731203079,0.4206204503465909,0.40716888388694605,0.9093718115351871,5,103.64159584,103.3190402984,102.502403259,103.795204163,0.518448929447008,0.5017941784492522,1.2473764935034306,3,103.64159584,103.61386617033334,103.456001282,103.744001389,0.1191993186302386,0.11504185977799916,0.27788081094834866,baseline,,,,,,,,,,,,,,
bf16,1,257,1,128,1.0,baseline_transform,257,100,2909,true,65792,131584,5,44.012799263,43.66592025758,42.9952001572,44.1663980484,0.5396891830770126,1.2359505534143131,2.6610393131358485,5,44.0064001083,43.57120037078,42.6624011993,44.1472005844,0.6126377482895048,1.406061212626944,3.3740532773548786,5,44.1344022751,43.82336044312,43.2959985733,44.2112016678,0.42097504754366,0.9606179062649918,2.0736727979124465,3,44.012799263,44.0512005488,44.0064001083,44.1344022751,0.05889047879860782,0.13368643320712417,0.29082941540509705,baseline,,,,,,,,,,,,,,
bf16,1,257,1,128,1.0,optimized_fused,257,100,2909,true,65792,83268,5,39.5391988754,39.60191965104,39.4944000244,39.7695994377,0.1071997621842365,0.2706933480216313,0.6960166647969724,5,39.6160006523,39.5916800499,39.5007991791,39.6799993515,0.06753749186814462,0.1705850617680853,0.45234291561330975,5,39.6736001968,39.65184020996,39.6031999588,39.692800045,0.04019301882683882,0.10136482598036617,0.2258430940361893,3,39.6160006523,39.609599908166665,39.5391988754,39.6736001968,0.05505546259674405,0.13899525045541491,0.3392601958476662,candidate_vs_matching_baseline,1.7334088602094027,42.31020603649181,1.7298868480713552,42.192750866052506,1.7260848563328384,42.0654206928995,42.0654206928995,42.31020603649181,True,True,False,False,False,False
bf16,1,257,1,128,1.0,optimized_split,257,100,2909,true,65792,214852,5,76.5888023376,76.64768028258,76.4544010162,77.0175981522,0.1948535160781836,0.25421971723059267,0.7353517992322843,5,76.3456010818,76.43391990658,76.1535978317,76.8959999084,0.2758509039378211,0.3609011604729614,0.9724228589209235,5,76.2688016891,76.33152008058,75.942401886,76.620798111,0.24552553241135114,0.32165680986329115,0.889480639495813,3,76.3456010818,76.4010683695,76.2688016891,76.5888023376,0.13640031467143823,0.1785319467154081,0.41914746097438704,candidate_vs_matching_baseline,1.3545583456404124,26.175199228703818,1.3551010119253988,26.204763246457375,1.3588989671357585,26.411011842347175,26.175199228703818,26.411011842347175,True,True,False,False,False,False
bf16,1,257,1,128,1.0,optimized_transform,257,100,2909,true,65792,131584,5,42.2079992294,42.13376045228,41.9328022003,42.3551988602,0.16896856766579813,0.40102892752041236,1.0007502549558769,5,42.3040008545,42.28352069854,42.1695995331,42.4384021759,0.10106456566890508,0.23901643950002185,0.63540714204437,5,42.1632003784,42.17984008788,41.9456005096,42.3999977112,0.15099585187956516,0.3579810913577941,1.077710414584155,3,42.2079992294,42.22506682076667,42.1632003784,42.3040008545,0.05873483080076418,0.13909943837407465,0.3335871841135026,candidate_vs_matching_baseline,1.0427596679906794,4.1006254176548795,1.0402420390368092,3.8685265088950316,1.046751714267635,4.466361375901373,3.8685265088950316,4.466361375901373,False,True,False,False,False,False
bf16,1,257,1,128,1.0,warp32_fused,257,100,2909,true,65792,83268,5,28.9215993881,28.93824005124,28.8768005371,29.0560007095,0.06382093634805,0.22054187205249642,0.6196067167493331,5,28.3200001717,28.30592012406,28.1791996956,28.4416007996,0.10098208918803296,0.35675254061851996,0.9265575650038813,5,28.2112002373,28.189439773580002,28.1087994576,28.243200779,0.052713969811507014,0.18699899762077624,0.47641121352326304,3,28.3200001717,28.484266599033333,28.2112002373,28.9215993881,0.3124146099080329,1.0967970996263434,2.508471562475111,candidate_vs_matching_baseline,2.36977204256554,57.801848361862284,2.4198869380686943,58.67575528970384,2.4274047158531666,58.80373826955645,57.801848361862284,58.80373826955645,True,True,False,False,False,False
bf16,1,257,1,128,1.0,warp32_split,257,100,2909,true,65792,214852,5,56.8959999084,56.88063907622,56.716799736,57.0559978485,0.11915613982457174,0.20948453069400755,0.5961721615686407,5,56.4160013199,56.3660812378,56.0512018204,56.6143989563,0.2259983154936102,0.40094736148173465,0.9982932549693793,5,56.3136005402,56.3788805008,55.8975982666,56.7551994324,0.32862416417347945,0.5828852244925586,1.52290238516678,3,56.4160013199,56.54186725616667,56.3136005402,56.8959999084,0.2538752074729548,0.44900393247141335,1.0323301094977944,candidate_vs_matching_baseline,1.8233971027141307,45.157311124850544,1.8338059922993384,45.46860441075674,1.8404363217019741,45.66505843162053,45.157311124850544,45.66505843162053,True,True,False,False,False,False
bf16,1,257,1,128,1.0,warp32_transform,257,100,2909,true,65792,131584,5,28.1407999992,27.743999958019998,26.7775988579,28.3071994781,0.6045480490959568,2.1790226716072327,5.435526425131782,5,28.1983995438,27.72096014024,26.8032002449,28.313601017,0.665102571638715,2.399276822570247,5.356335098926179,5,28.1599998474,27.85920000078,26.9632005692,28.4479999542,0.5446695987364029,1.9550798254119044,5.272725117351482,3,28.1599998474,28.1663997968,28.1407999992,28.1983995438,0.023946417947490143,0.08501767396701763,0.20454383846639224,candidate_vs_matching_baseline,1.5640208972115652,36.06223537147984,1.5605992120207302,35.922048896516,1.5672728165577354,36.19489922652137,35.922048896516,36.19489922652137,True,True,False,False,False,False
bf16,1,257,1,256,1.0,baseline_fused,257,100,2909,true,131584,165508,5,109.65760231,109.6486415864,109.427204132,109.804801941,0.13336465862720454,0.12162910246554856,0.3443425727406768,5,109.542398453,109.6422386172,109.46559906,109.881601334,0.18463097814029153,0.16839402448257543,0.3797637078199288,5,109.574403763,109.6473598482,109.401597977,109.971199036,0.19321678302017972,0.17621653935642084,0.519830397829045,3,109.574403763,109.59146817533333,109.542398453,109.65760231,0.048554970862109206,0.04430542967489679,0.10513756228067038,baseline,,,,,,,,,,,,,,
bf16,1,257,1,256,1.0,baseline_split,257,100,2909,true,131584,428676,5,154.003200531,153.3580818176,151.808004379,154.489603043,1.1555872844688546,0.7535222603027072,1.7412616457020882,5,153.843202591,153.4630413056,152.211198807,154.57280159,1.0042466665302343,0.654389915634748,1.535071256465237,5,153.727998734,153.43232154860002,152.403202057,154.336004257,0.7534341534857929,0.4910530883462784,1.257287036790487,3,153.843202591,153.858133952,153.727998734,154.003200531,0.11284566576816595,0.073343971403794,0.17888459962162387,baseline,,,,,,,,,,,,,,
bf16,1,257,1,256,1.0,baseline_transform,257,100,2909,true,131584,263168,5,51.3664007187,51.25376033784,51.0207986832,51.4368009567,0.1741270612512474,0.33973519231269284,0.8098723439436011,5,51.2319993973,51.1488008499,50.7967996597,51.5776014328,0.2807261241576613,0.5488420441790477,1.524050949183044,5,51.0271978378,51.088640213000005,50.8735990524,51.6096019745,0.2698531063398851,0.5282056935060454,1.4423737796449831,3,51.2319993973,51.208532651266665,51.0271978378,51.3664007187,0.1394696256770844,0.272356223574851,0.662091827159635,baseline,,,,,,,,,,,,,,
bf16,1,257,1,256,1.0,optimized_fused,257,100,2909,true,131584,165508,5,45.7855987549,45.76767921446,45.5552005768,45.9583997726,0.12872719091571935,0.2812622206874952,0.8806244905923737,5,45.7471990585,45.74847984314,45.5488014221,45.907201767,0.12719107767370233,0.2780225225183623,0.7834366961826177,5,45.8112001419,45.81504058838,45.6767988205,45.9200000763,0.09128520535462456,0.19924724322470005,0.5308772855692224,3,45.7855987549,45.78133265176667,45.7471990585,45.8112001419,0.02630189341792258,0.05745113104938768,0.13978431022080157,candidate_vs_matching_baseline,2.3950238785129874,58.246762841426204,2.3945159639811133,58.23790632252024,2.3918693119497796,58.19169571665142,58.19169571665142,58.246762841426204,True,True,False,False,False,False
bf16,1,257,1,256,1.0,optimized_split,257,100,2909,true,131584,428676,5,89.9711990356,90.02239799499999,89.1903972626,90.713596344,0.5415922542644754,0.6016194484116679,1.6929851971821466,5,89.8239994049,90.13759994508,89.6704006195,90.8351993561,0.4950790298005591,0.5492480719502252,1.2967567068010828,5,90.0479984283,90.17984008788,89.6000003815,90.7520008087,0.4147991600891171,0.4599688352572998,1.279318193971051,3,89.9711990356,89.9477322896,89.8239994049,90.0479984283,0.09294050694543268,0.10332723747408885,0.24896747603794783,candidate_vs_matching_baseline,1.7116944331270243,41.57835764102234,1.712718244681139,41.613280345117566,1.7071784094835234,41.42381402875564,41.42381402875564,41.613280345117566,True,True,False,False,False,False
bf16,1,257,1,256,1.0,optimized_transform,257,100,2909,true,131584,263168,5,50.2335977554,50.3628797531,50.035200119,51.0784006119,0.3660087510846382,0.7267430950711454,2.0766987425021872,5,50.124797821,50.20928001404,49.8880004883,50.7327985764,0.29124926970095716,0.5800705957534449,1.6853895174138087,5,50.1760005951,50.31807994842,50.1567983627,50.8992004395,0.29102514812835206,0.5783709323302395,1.4795959582169207,3,50.1760005951,50.178132057166664,50.124797821,50.2335977554,0.044442950541618564,0.08857035668642636,0.21683660138233854,candidate_vs_matching_baseline,1.0225507033920984,2.2053384069162574,1.0220888985977343,2.161152383910969,1.0169642305605187,1.668124605638155,1.668124605638155,2.2053384069162574,False,True,False,False,False,False
bf16,1,257,1,256,1.0,warp32_fused,257,100,2909,true,131584,165508,5,39.3919992447,39.63007974624,38.9759993553,40.659198761,0.5765598396763109,1.4548540991291177,4.272947395343149,5,40.0960016251,39.9321603775,39.5519995689,40.2623987198,0.3021616132335649,0.7566873677183255,1.7717456157904963,5,40.2048015594,40.1523208618,39.4880008698,40.9984016418,0.5069254953661452,1.2625060880314456,3.7567671358071104,3,40.0960016251,39.89760080973333,39.3919992447,40.2048015594,0.36026292560576556,0.9029688961093536,2.027140567031473,candidate_vs_matching_baseline,2.7837531583206934,64.07727470336297,2.732003043027281,63.39681968685076,2.725405909568062,63.30821781484705,63.30821781484705,64.07727470336297,True,True,False,False,False,False
bf16,1,257,1,256,1.0,warp32_split,257,100,2909,true,131584,428676,5,71.5647983551,71.43807983398,69.6384000778,72.5952005386,1.091438967119973,1.5278111752953678,4.131640874789502,5,70.9568023682,70.89280128478,69.7408008575,72.3199987411,0.9862889587012834,1.3912399296217823,3.634884602347698,5,70.5280017853,70.22719955444,68.0832004547,72.4671983719,1.5943524642005669,2.2702777190547483,6.215967851387133,3,70.9568023682,71.01653416953333,70.5280017853,71.5647983551,0.42537254092160165,0.5989767677286763,1.4611658575311448,candidate_vs_matching_baseline,2.1519406757334223,53.53031748149001,2.1681247950365132,53.87719367956589,2.1796732481089687,54.121563823037434,53.53031748149001,54.121563823037434,True,True,False,False,False,False
bf16,1,257,1,256,1.0,warp32_transform,257,100,2909,true,131584,263168,5,33.9264011383,33.69984006882,32.7679991722,33.9456009865,0.46600835499711524,1.3828206722805154,3.471048430688352,5,34.0544009209,34.13503980638,33.5103988647,34.6815991402,0.4080690329748146,1.19545497907562,3.4392038732979295,5,34.0991997719,34.09279966354,32.985599041,35.4047989845,0.8498464262814159,2.492744610793201,7.094594476359467,3,34.0544009209,34.02666727703333,33.9264011383,34.0991997719,0.07321979784684275,0.21518357131691013,0.5074193905256608,candidate_vs_matching_baseline,1.514053922469004,33.95215420271981,1.5044164046902289,33.52904176780046,1.4964338805349269,33.174461430762825,33.174461430762825,33.95215420271981,True,True,False,False,False,False
bf16,4,64,16,64,1.0,baseline_fused,4096,100,2909,true,524288,671744,5,158.905601501,158.7583999632,157.817602158,159.404802322,0.5304201897566297,0.33410527561349856,0.9988321047260292,5,158.816003799,158.8851184844,158.41919899,159.308795929,0.3419621883332069,0.215226064967678,0.5601431327575074,5,158.828802109,158.77631950399999,158.188800812,159.206399918,0.36772702441383964,0.23160067292312797,0.6406892783222189,3,158.828802109,158.850135803,158.816003799,158.905601501,0.03956666884879308,0.02490817439266289,0.05641149515094355,baseline,,,,,,,,,,,,,,
bf16,4,64,16,64,1.0,baseline_split,4096,100,2909,true,524288,1720320,5,308.0768013,308.0204811096,307.123203278,308.569602966,0.53441093331095,0.1734985061336865,0.46949321789130943,5,307.455997467,307.5609588622,307.289600372,308.153591156,0.30313209786461426,0.0985600054655929,0.2810128249629424,5,307.443199158,307.46880340580003,306.816005707,308.121604919,0.41948000732960783,0.13643010369932534,0.42466355267433825,3,307.455997467,307.658665975,307.443199158,308.0768013,0.2957124861392179,0.09611706701063547,0.20607896649275106,baseline,,,,,,,,,,,,,,
bf16,4,64,16,64,1.0,baseline_transform,4096,100,2909,true,524288,1048576,5,166.220798492,166.241279602,165.375995636,166.771202087,0.4885932372914716,0.2939060854567637,0.8393693591040934,5,166.68800354,166.680316925,166.124801636,167.494392395,0.4842947434512988,0.29055304932568227,0.8216492668420166,5,166.796798706,166.9055976866,166.495990753,167.430400848,0.36901401808939815,0.2210914572094213,0.5602086504352025,3,166.68800354,166.56853357933335,166.220798492,166.796798706,0.24986511729102276,0.1500073945070885,0.3455558899064873,baseline,,,,,,,,,,,,,,
bf16,4,64,16,64,1.0,optimized_fused,4096,100,2909,true,524288,671744,5,129.100799561,129.3248004914,128.876800537,130.105600357,0.48503403297438963,0.3750510583672959,0.951814260003379,5,129.312000275,129.2416000366,128.928003311,129.529600143,0.22739256610986433,0.17594378748442369,0.4652289274936844,5,129.183998108,129.185279846,128.74879837,129.888000488,0.4100882789762952,0.31744195582124823,0.8818446051248497,3,129.183998108,129.198932648,129.100799561,129.312000275,0.08686662482329355,0.06723478518197977,0.16348829351405655,candidate_vs_matching_baseline,1.230864580555268,18.75629408810515,1.228161372968136,18.57747507697065,1.2294773689866485,18.664627326632843,18.57747507697065,18.75629408810515,True,True,False,False,False,False
bf16,4,64,16,64,1.0,optimized_split,4096,100,2909,true,524288,1720320,5,273.862400055,274.03647995,273.798408508,274.451198578,0.25424613217908076,0.09277820683781586,0.2383642551401288,5,273.849601746,273.8252792362,273.273601532,274.329605103,0.3392948938873587,0.12390926609616822,0.38561442641040605,5,274.892807007,274.8032035828,274.259204865,275.475196838,0.4330845050129386,0.15759805539619462,0.4423513245906825,3,273.862400055,274.20160293600003,273.849601746,274.892807007,0.48878301252772793,0.1782568034957156,0.38092314271344324,candidate_vs_matching_baseline,1.1249328174956792,11.105802546840449,1.1227184392700722,10.930473302803934,1.1184112181959391,10.587449076820155,10.587449076820155,11.105802546840449,True,True,False,False,False,False
bf16,4,64,16,64,1.0,optimized_transform,4096,100,2909,true,524288,1048576,5,157.926397324,157.9903984072,157.35039711,158.726396561,0.44581856416242405,0.2821807962110355,0.8712916107223214,5,158.009595871,157.9980793,157.740802765,158.207998276,0.1490732249762372,0.09435128935534928,0.2956754040314243,5,158.617601395,158.3385601044,157.536001205,158.886404037,0.5412847195991689,0.3418527484664978,0.8513574913020859,3,158.009595871,158.18453153,157.926397324,158.617601395,0.30810456075178344,0.19477540425205916,0.43744436354632465,candidate_vs_matching_baseline,1.0525206761411983,4.989989967109443,1.054923295140158,5.206378074423013,1.051565508739674,4.903689623813968,4.903689623813968,5.206378074423013,False,True,False,False,False,False
bf16,4,64,16,64,1.0,warp32_fused,4096,100,2909,true,524288,671744,5,143.411197662,143.5584011076,142.643203735,144.825601578,0.856233870628704,0.5964359201708711,1.5217764571938255,5,143.135995865,143.2281589508,142.527999878,144.415998459,0.6441157336617473,0.44971305808867246,1.31902430942716,5,143.212795258,143.2140808108,142.579202652,143.596801758,0.3569434212942033,0.24923765824797697,0.7105504114815898,3,143.212795258,143.253329595,143.135995865,143.411197662,0.11594907395067613,0.0809398806146305,0.19216285563326507,candidate_vs_matching_baseline,1.1080417993267033,9.750697075900428,1.109546224478633,9.87306540834817,1.1090405841382227,9.831974203446524,9.750697075900428,9.87306540834817,True,True,False,False,False,False
bf16,4,64,16,64,1.0,warp32_split,4096,100,2909,true,524288,1720320,5,242.688007355,242.7699203492,242.348804474,243.366394043,0.33095502811044947,0.13632456098119738,0.41929948664975025,5,242.45759964,242.4793586732,241.10080719,243.590393066,0.805150593717113,0.3320491270361076,1.0268128859217054,5,242.873592377,242.894077301,242.579193115,243.308792114,0.23721041016444,0.09766002234401266,0.3004027699592268,3,242.688007355,242.67306645733333,242.45759964,242.873592377,0.17015661829913897,0.07011763636697434,0.17141050418345344,candidate_vs_matching_baseline,1.269435620893085,21.224835388149042,1.2680815034196053,21.140715537343326,1.265856844085264,21.002125582168652,21.002125582168652,21.224835388149042,True,True,False,False,False,False
bf16,4,64,16,64,1.0,warp32_transform,4096,100,2909,true,524288,1048576,5,96.2880039215,95.95392227172,94.3552017212,96.8128013611,0.8659123231917246,0.9024251460400492,2.5523424931558294,5,96.0447978973,95.85535812378,94.8927974701,96.780796051,0.7031438703302126,0.7335467563766529,1.9657478824816852,5,96.2368011475,96.05503845216,94.8287963867,96.639995575,0.6480222334643115,0.6746363792119635,1.8820234740803674,3,96.2368011475,96.18986765543333,96.0447978973,96.2880039215,0.10468797148342746,0.10883471828699841,0.2527162387985546,candidate_vs_matching_baseline,1.72628771728941,42.072228749319706,1.7355234972563351,42.380497781742164,1.7331914269506346,42.30296870557494,42.072228749319706,42.380497781742164,True,True,False,False,False,False
bf16,4,64,16,128,1.0,baseline_fused,4096,100,2909,true,1048576,1327104,5,210.694408417,210.7571182252,210.643196106,210.911998749,0.10589261311052965,0.050243908249580624,0.12757939093854853,5,210.496006012,210.5587196348,210.316791534,210.963191986,0.22570597720046792,0.10719384008030626,0.3070844260879441,5,210.662403107,210.6560020448,210.483207703,210.873603821,0.1392776644968949,0.06611616243779034,0.1853183635248352,3,210.662403107,210.61760584533334,210.496006012,210.694408417,0.0869711621441982,0.0412933960554396,0.09418026286314748,baseline,,,,,,,,,,,,,,
bf16,4,64,16,128,1.0,baseline_split,4096,100,2909,true,1048576,3424256,5,435.571212769,435.3228836062,434.655990601,436.044807434,0.564156889907797,0.12959504568984304,0.3188495456738468,5,435.366401672,435.0707168578,433.568000793,435.782394409,0.7738784683072678,0.17787417960381943,0.5086275852926965,5,434.892807007,434.7302398682,434.028816223,435.276794434,0.45209942605434167,0.10399539406124762,0.2869622561910858,3,435.366401672,435.2768071493333,434.892807007,435.571212769,0.2841114550636833,0.06527144345786641,0.15582409652987286,baseline,,,,,,,,,,,,,,
bf16,4,64,16,128,1.0,baseline_transform,4096,100,2909,true,1048576,2097152,5,236.47359848,236.6195182798,235.993595123,237.331199646,0.47899380174830364,0.20243207543931296,0.5656464533875274,5,236.543998718,236.8358421326,236.415996552,237.446403503,0.44037742922636897,0.18594205389731924,0.4356090015322776,5,236.409606934,236.3801612856,235.795192719,237.017593384,0.5079769817296819,0.2148983142100205,0.5170689469236649,3,236.47359848,236.47573471066667,236.409606934,236.543998718,0.05488600618719811,0.023209994993504245,0.05683162300732192,baseline,,,,,,,,,,,,,,
bf16,4,64,16,128,1.0,optimized_fused,4096,100,2909,true,1048576,1327104,5,177.024002075,177.1737594604,176.735992432,177.86239624,0.4154488350540489,0.2344866623135045,0.6363000467715081,5,177.356796265,177.169921875,176.467208862,178.086395264,0.603679589568004,0.3407348059869454,0.9129542459600296,5,177.292804718,177.3452835082,177.113609314,177.612800598,0.20465268065218853,0.11539787052906084,0.2815631941713673,3,177.292804718,177.22453435266667,177.024002075,177.356796265,0.14418420003939916,0.08135679439985485,0.18770879649027739,candidate_vs_matching_baseline,1.1902024920198946,15.980683395907002,1.186850520785708,15.743391228577885,1.1882174431279222,15.840319818269055,15.743391228577885,15.980683395907002,True,True,False,False,False,False
bf16,4,64,16,128,1.0,optimized_split,4096,100,2909,true,1048576,3424256,5,393.862380981,394.2860794068,393.126411438,395.603218079,0.8982187339626166,0.2278088882351563,0.6288507764643503,5,394.387207031,394.4409561156,393.459205627,395.308799744,0.6123748391252045,0.15525133220337647,0.46897923766949096,5,394.163208008,394.1580810546,392.934417725,395.641593933,0.8810528437253233,0.22352778899470974,0.6868160581707757,3,394.163208008,394.13759867333334,393.862380981,394.387207031,0.21502321457027787,0.05455536728646183,0.13314942626236936,candidate_vs_matching_baseline,1.1058969675756163,9.575663075355667,1.1039059936794018,9.412576276814589,1.1033318132477075,9.3654340432318,9.3654340432318,9.575663075355667,True,True,False,False,False,False
bf16,4,64,16,128,1.0,optimized_transform,4096,100,2909,true,1048576,2097152,5,228.249607086,228.2777633666,227.251205444,229.344005585,0.6682855135306063,0.2927510343867269,0.9168910158129961,5,228.819198608,228.78592300420001,228.204803467,229.324798584,0.36946021729625605,0.16148730325924535,0.4894672841323572,5,228.435192108,228.7398414614,227.891197205,230.144004822,0.7695012129165286,0.3364089124134426,0.986191136405513,3,228.435192108,228.50133260066667,228.249607086,228.819198608,0.23719127170732912,0.10380301462917468,0.24934490905004847,candidate_vs_matching_baseline,1.0360306924467184,3.4777630343776234,1.0337594054912922,3.2656927048947293,1.034908871756633,3.373134843977077,3.2656927048947293,3.4777630343776234,False,True,False,False,False,False
bf16,4,64,16,128,1.0,warp32_fused,4096,100,2909,true,1048576,1327104,5,179.116802216,179.1219215396,178.598403931,179.571208954,0.3456568560809546,0.19297294999402811,0.5431120983428928,5,178.943996429,179.095035553,178.406391144,179.884796143,0.572670261866367,0.3197577532498914,0.8261830676094133,5,178.969593048,178.977279663,178.143997192,180.35200119,0.762083943651096,0.4257992663013091,1.233731362068761,3,178.969593048,179.01013056433334,178.943996429,179.116802216,0.07614866021157786,0.04253874346190215,0.09655594788866755,candidate_vs_matching_baseline,1.1762961699311718,14.987396408974728,1.1763233760989515,14.98936259208703,1.177084886428165,15.044359881768987,14.987396408974728,15.044359881768987,True,True,False,False,False,False
bf16,4,64,16,128,1.0,warp32_split,4096,100,2909,true,1048576,3424256,5,304.793605804,304.9113616944,303.680000305,305.804805756,0.7426048943905174,0.24354779377975408,0.6971292738884948,5,304.345607758,304.3187217714,303.289604187,305.094394684,0.7091636966782692,0.23303321351717002,0.593006914177344,5,304.223995209,304.2150382994,303.609600067,304.588794708,0.3478091137967953,0.11433001989023671,0.3218663407294183,3,304.345607758,304.4544029236667,304.223995209,304.793605804,0.24493720084731915,0.08045119351048775,0.18715913109312782,candidate_vs_matching_baseline,1.4290693914658354,30.02439167952,1.4305000321154,30.094374166408343,1.4295151396859125,30.046211317515937,30.02439167952,30.094374166408343,True,True,False,False,False,False
bf16,4,64,16,128,1.0,warp32_transform,4096,100,2909,true,1048576,2097152,5,132.185602188,132.2752017974,131.833600998,132.838401794,0.3657091726848324,0.2764759892371759,0.7601439032451607,5,132.428798676,132.60544014,132.012796402,133.580799103,0.52434127595305,0.3954146039555161,1.1840345277436846,5,132.646398544,132.5580787658,132.217597961,132.870397568,0.23509574524436253,0.17735301192749126,0.49213519112880555,3,132.428798676,132.42026646933334,132.185602188,132.646398544,0.18821604490349664,0.14213537694933184,0.3479578162808728,candidate_vs_matching_baseline,1.7889512516172312,44.10132757413098,1.7861975724534662,44.01515177145657,1.782254245339204,43.89128248031319,43.89128248031319,44.10132757413098,True,True,False,False,False,False
bf16,4,64,16,256,1.0,baseline_fused,4096,100,2909,true,2097152,2637824,5,657.939224243,657.720321655,655.436782837,658.873596191,1.211024428533409,0.18412452658998707,0.52236030736035,5,657.427215576,657.722869873,656.6015625,658.745574951,0.7823306081270032,0.11894532544961735,0.3261216451347424,5,657.260818481,657.2812652588,654.931182861,659.916763306,1.5978586712358374,0.24310120426248444,0.7585391224935927,3,657.427215576,657.5424194333333,657.260818481,657.939224243,0.2886896153738663,0.04390433329345619,0.10319100668895051,baseline,,,,,,,,,,,,,,
bf16,4,64,16,256,1.0,baseline_split,4096,100,2909,true,2097152,6832128,5,1109.70237732,1108.77822876,1104.92797852,1111.78237915,2.470810090812794,0.22284078337072144,0.6176791876893967,5,1108.59519958,1109.04193115,1107.31521606,1110.70083618,1.320580667670776,0.11907400708478398,0.30539732819360516,5,1108.62083435,1109.679382324,1108.43521118,1111.48162842,1.4288141207009308,0.1287591842707366,0.2747934321283405,3,1108.62083435,1108.9728037500001,1108.59519958,1109.70237732,0.5159925586609309,0.046528874009903395,0.09986982976457873,baseline,,,,,,,,,,,,,,
bf16,4,64,16,256,1.0,baseline_transform,4096,100,2909,true,2097152,4194304,5,450.636787415,450.622718811,449.702415466,451.404800415,0.6972690881255988,0.15473456153417936,0.3777731859765504,5,450.323181152,450.6943969726,449.574394226,451.884803772,0.8432620397433995,0.18710284516686942,0.5130558769125793,5,449.107208252,449.8009643554,448.876800537,451.014404297,0.990840629328559,0.22028423855171392,0.4759673683083155,3,450.323181152,450.02239227300004,449.107208252,450.636787415,0.6596759640250144,0.1465873643960434,0.3396625417077312,baseline,,,,,,,,,,,,,,
bf16,4,64,16,256,1.0,optimized_fused,4096,100,2909,true,2097152,2637824,5,355.795211792,355.6633605958,355.05279541,356.166381836,0.3996272549213996,0.11236109737363788,0.3129852198941479,5,355.359992981,355.251197815,354.457588196,355.596809387,0.40645395249427296,0.11441311246638981,0.3205822865549473,5,355.308799744,355.238395691,354.796791077,355.494384766,0.24440690844886956,0.06880081416127778,0.19633448130262726,3,355.359992981,355.48800150566666,355.308799744,355.795211792,0.21823352461737416,0.06138984260876535,0.13687867447306706,candidate_vs_matching_baseline,1.8492076409044966,45.92278455485543,1.8500315977075972,45.946869164877214,1.8498298352153295,45.940973544542544,45.92278455485543,45.946869164877214,True,True,False,False,False,False
bf16,4,64,16,256,1.0,optimized_split,4096,100,2909,true,2097152,6832128,5,711.436767578,711.5199890136,710.400009155,712.895965576,0.8044927917960544,0.11306678719052506,0.3508332060904218,5,712.633590698,711.9680023192,709.907226562,713.740768433,1.6566144294574643,0.23268102275118072,0.5379401028858524,5,711.276779175,711.567352295,709.817581177,714.028778076,1.3858748905646132,0.19476369820717412,0.5920616309004947,3,711.436767578,711.7823791503333,711.276779175,712.633590698,0.6054309189519378,0.08505843031330039,0.19071428197605433,candidate_vs_matching_baseline,1.5598046486940043,35.88940763593173,1.555631412903466,35.71742048242796,1.5586349320103965,35.8412942336564,35.71742048242796,35.88940763593173,True,True,False,False,False,False
bf16,4,64,16,256,1.0,optimized_transform,4096,100,2909,true,2097152,4194304,5,393.587188721,393.2172775268,390.355186462,395.206413269,1.6139734048574241,0.4104533287572601,1.232567254733195,5,393.158416748,393.896965027,392.505607605,396.441612244,1.499724146484754,0.380740213721107,1.0011243486929617,5,394.809608459,394.526725769,392.313613892,395.968017578,1.3522510466947004,0.3427527106202836,0.9256116385474251,3,393.587188721,393.851737976,393.158416748,394.809608459,0.6995704624313317,0.17762279430996472,0.4195237442472995,candidate_vs_matching_baseline,1.1449478040161527,12.659773965915022,1.1453988061017157,12.694164279476638,1.1375285672629183,12.090119863436467,12.090119863436467,12.694164279476638,True,True,False,False,False,False
bf16,4,64,16,256,1.0,warp32_fused,4096,100,2909,true,2097152,2637824,5,340.665588379,340.5478363036,339.628791809,341.759986877,0.7655041781074715,0.22478609361212357,0.6255974012934341,5,341.241607666,340.9753646852,339.865608215,341.900787354,0.7038628466433777,0.20642630510658966,0.5964041586018927,5,340.819206238,340.4927978516,338.809585571,341.484794617,0.9454939604246696,0.27768398227229246,0.7849349441098746,3,340.819206238,340.908800761,340.665588379,341.241607666,0.24354320446647285,0.07143940077898224,0.1690102190419879,candidate_vs_matching_baseline,1.9313345600114569,48.22233181629246,1.9265740191315583,48.094389830359596,1.9284735321577602,48.14551595732276,48.094389830359596,48.22233181629246,True,True,False,False,False,False
bf16,4,64,16,256,1.0,warp32_split,4096,100,2909,true,2097152,6832128,5,564.844818115,564.6361694336,562.451210022,566.060791016,1.1904481502482709,0.21083455412401897,0.6390394101597482,5,564.588813782,564.5926437378,563.199996948,566.08001709,1.2045749642949553,0.213352932889853,0.5101093170280131,5,564.166412354,563.7913665774,562.316818237,565.081596375,1.0166257639992424,0.18031949835820607,0.4900642926373237,3,564.588813782,564.5333480836666,564.166412354,564.844818115,0.27972120275751805,0.04954910169736545,0.12015926359849123,candidate_vs_matching_baseline,1.964614601623325,49.099431553968984,1.9635443928721776,49.07168874663188,1.9650599717984782,49.11096789149026,49.07168874663188,49.11096789149026,True,True,False,False,False,False
bf16,4,64,16,256,1.0,warp32_transform,4096,100,2909,true,2097152,4194304,5,227.974395752,228.0703964232,227.609596252,228.505592346,0.3451023355194302,0.15131395434551248,0.3930248794143967,5,228.0768013,228.266242981,227.769603729,229.171199799,0.48030726718364597,0.2104153732550042,0.6145281159728287,5,228.531208038,228.2137641906,227.014408112,228.640003204,0.6084847071779069,0.2666292759930604,0.7113230205870591,3,228.0768013,228.19413502999998,227.974395752,228.531208038,0.2419853764271978,0.10604364410828733,0.24413367901788266,candidate_vs_matching_baseline,1.9766991197784396,49.41061135737815,1.9744365870848435,49.35264031566343,1.9651898404060544,49.11433086823935,49.11433086823935,49.41061135737815,True,True,False,False,False,False
bf16,16,64,16,64,1.0,baseline_fused,16384,100,2909,true,2097152,2686976,5,568.576011658,568.3161621094,565.971183777,570.041618347,1.314743842982046,0.23134021705491456,0.715899806981035,5,567.763214111,567.8105545044,565.971183777,569.542388916,1.135784606256321,0.20002879433047238,0.6289955126085186,5,567.526397705,567.8796768188,566.982383728,569.056015015,0.7663556984809419,0.1349503653263281,0.3653805876494021,3,567.763214111,567.9552078246667,567.526397705,568.576011658,0.44949494038581966,0.0791426743153631,0.18486825615206984,baseline,,,,,,,,,,,,,,
bf16,16,64,16,64,1.0,baseline_split,16384,100,2909,true,2097152,6881280,5,973.939208984,974.2323303222,972.019195557,977.177581787,1.6895273858432265,0.1734214040386509,0.5296414994300493,5,974.579162598,974.4128112794,973.171234131,975.795211792,0.9642364458823892,0.09895564125602482,0.2692421264174288,5,976.550369263,976.0345458984,974.611206055,976.947174072,0.857400488395923,0.08784530137780326,0.239206096328956,3,974.579162598,975.022913615,973.939208984,976.550369263,1.111223267236988,0.1139689387521172,0.26792695547063655,baseline,,,,,,,,,,,,,,
bf16,16,64,16,64,1.0,baseline_transform,16384,100,2909,true,2097152,4194304,5,465.881614685,466.5433731078,465.318412781,469.113616943,1.4004153037192637,0.30016829826359626,0.8146284468783093,5,467.443199158,467.64927673340003,466.240005493,469.766387939,1.154930743390679,0.24696515120434756,0.754398064267925,5,467.443199158,466.6035156248,464.319992065,467.884788513,1.393631824148375,0.29867580879287814,0.7626159615587964,3,467.443199158,466.92267100033337,465.881614685,467.443199158,0.7361379801692991,0.15765736510334782,0.33406935341297145,baseline,,,,,,,,,,,,,,
bf16,16,64,16,64,1.0,optimized_fused,16384,100,2909,true,2097152,2686976,5,476.160011292,476.1984024048,474.963188171,477.215995789,0.7616184998851506,0.15993722281279826,0.473119868232373,5,475.961608887,475.9232025148,475.142402649,477.267189026,0.7521299742087499,0.15803599619318007,0.4464196980022433,5,476.524810791,476.6284866334,475.315208435,477.760009766,0.9620684127106058,0.20184870180673511,0.5130480670968208,3,476.160011292,476.21547699,475.961608887,476.524810791,0.23324726351845715,0.04897935384056304,0.11827996695308468,candidate_vs_matching_baseline,1.1940860176713304,16.25393939791967,1.1928760713257338,16.168994915907398,1.1909692524990323,16.034776053060817,16.034776053060817,16.25393939791967,True,True,False,False,False,False
bf16,16,64,16,64,1.0,optimized_split,16384,100,2909,true,2097152,6881280,5,904.48638916,904.6911926268,903.104019165,906.611175537,1.4247034589837602,0.15747953230837672,0.38775114960626034,5,903.244781494,903.9718322752,902.086410522,906.438369751,1.7445001283004877,0.19298169102346568,0.4818139355094453,5,904.345626831,904.6451263428,903.724822998,906.278381348,0.8879212242095907,0.0981513301021342,0.28236531191599384,3,904.345626831,904.0255991616667,903.244781494,904.48638916,0.5551040028209201,0.06140357124131072,0.13729348925486382,candidate_vs_matching_baseline,1.0767870259368977,7.13112473379649,1.0789756913801487,7.31950608443539,1.0798419766621963,7.393857470607756,7.13112473379649,7.393857470607756,True,True,False,False,False,False
bf16,16,64,16,64,1.0,optimized_transform,16384,100,2909,true,2097152,4194304,5,461.587181091,461.6883163452,459.788818359,463.756790161,1.2614860550117006,0.27323326373035167,0.8596364813731154,5,461.996803284,461.8687973022,460.57598114,463.353614807,0.9165732343392058,0.19844883215600584,0.6012235684870096,5,461.350402832,461.4259185792,460.134391785,462.816009521,0.9373479374299896,0.20314158777994637,0.581254014202417,3,461.587181091,461.64479573566666,461.350402832,461.996803284,0.2670180662383585,0.057840588414485326,0.14003864892265885,candidate_vs_matching_baseline,1.0093036240387996,0.9217864493115124,1.0117888172283565,1.1651460292524396,1.0132064398093064,1.3034303070351472,0.9217864493115124,1.3034303070351472,False,True,False,False,False,False
bf16,16,64,16,64,1.0,warp32_fused,16384,100,2909,true,2097152,2686976,5,504.198417664,503.8873672486,501.241607666,506.380805969,2.145724777345046,0.42583420756536294,1.0192809265071485,5,503.923187256,504.449279785,503.353614807,505.990409851,1.057343431562266,0.20960351693096155,0.5232533669184918,5,502.77759552,503.183364868,501.523208618,505.446395874,1.2920264977129867,0.25677051109428545,0.7803027205184893,3,503.923187256,503.6330668133333,502.77759552,504.198417664,0.6152567456815752,0.12216369143005737,0.28195212681852666,candidate_vs_matching_baseline,1.127683054405977,11.322601142857092,1.1266860276912964,11.24412876148736,1.1287821946760244,11.408949865034545,11.24412876148736,11.408949865034545,True,True,False,False,False,False
bf16,16,64,16,64,1.0,warp32_split,16384,100,2909,true,2097152,6881280,5,835.065612793,834.8825683594,828.95362854,840.102386475,3.7541593627699252,0.4496631628262522,1.3350756831803174,5,836.992034912,836.0704040528,830.745620728,840.441589355,3.272110492706876,0.3913678174523965,1.1584302146936785,5,834.451217651,834.8684844969999,832.083206177,839.276809692,2.3917957009378505,0.28648772176121656,0.8620759803371405,3,835.065612793,835.5029551186667,834.451217651,836.992034912,1.0824014414912675,0.12955088128174647,0.3042655836949017,candidate_vs_matching_baseline,1.1663026163016301,14.258959379597314,1.1643828399161118,14.117593825751918,1.1702905437803932,14.5511338774304,14.117593825751918,14.5511338774304,True,True,False,False,False,False
bf16,16,64,16,64,1.0,warp32_transform,16384,100,2909,true,2097152,4194304,5,326.406402588,327.4764785766,324.934387207,330.694389343,2.14276294121457,0.654325755097967,1.7646719213625457,5,326.528015137,327.5993652342,324.64641571,331.116790771,2.5457308732216455,0.7770866318381627,1.9815681231165658,5,327.219200134,328.247039795,324.806404114,332.793617249,3.0979082997253653,0.9437734157968648,2.4409365745436675,3,326.528015137,326.71787261966665,326.406402588,327.219200134,0.35795191528965736,0.10955994308470243,0.24892122829307337,candidate_vs_matching_baseline,1.4273053806271374,29.937908623267827,1.4315561835081037,30.14594805846548,1.4285323079042327,29.99808303481233,29.937908623267827,30.14594805846548,True,True,False,False,False,False
bf16,16,64,16,128,1.0,baseline_fused,16384,100,2909,true,4194304,5308416,5,734.52796936,734.5510253906,734.246368408,734.873580933,0.2229777627784575,0.03035565332713113,0.08538987637822691,5,734.52796936,734.734069824,734.124832153,735.999984741,0.6878198976075001,0.09361480920195549,0.2552867509774783,5,735.603179932,735.4406433106,734.348831177,736.454391479,0.7161889647033396,0.0973822933526493,0.2862358890556607,3,734.52796936,734.886372884,734.52796936,735.603179932,0.5068591244430858,0.06897108765998199,0.14638116135138948,baseline,,,,,,,,,,,,,,
bf16,16,64,16,128,1.0,baseline_split,16384,100,2909,true,4194304,13697024,5,1549.54238892,1549.715179444,1549.17755127,1550.57281494,0.48342908344516183,0.031194705314727858,0.09004359480429058,5,1548.89602661,1549.0022583,1548.62716675,1549.66400146,0.3537888399137263,0.022839788516641847,0.06694023951170355,5,1550.14404297,1549.726715086,1547.59674072,1550.66238403,1.1058089178216608,0.07135509164661302,0.1977650608601778,3,1549.54238892,1549.5274861666667,1548.89602661,1550.14404297,0.5096095091666665,0.03288805869635623,0.0805409628625847,baseline,,,,,,,,,,,,,,
bf16,16,64,16,128,1.0,baseline_transform,16384,100,2909,true,4194304,8388608,5,834.195175171,834.1926422118,833.273620605,834.796829224,0.5297066096660401,0.06349931453022198,0.18259619143538708,5,834.182434082,833.9929504394,833.177566528,834.815979004,0.5752301657019635,0.06897302493970675,0.19640937150672838,5,833.510437012,833.7856140138,833.388824463,834.643173218,0.4719343392213418,0.05660140104234646,0.15048986782896934,3,834.182434082,833.9626820883333,833.510437012,834.195175171,0.3198278606146499,0.0383503803568004,0.0820849410181465,baseline,,,,,,,,,,,,,,
bf16,16,64,16,128,1.0,optimized_fused,16384,100,2909,true,4194304,5308416,5,648.723220825,648.6233520508,647.462387085,649.523162842,0.6809053571880997,0.10497700322309263,0.3176664085461963,5,648.569564819,648.7423858642,648.505630493,649.260787964,0.2891752992411979,0.04457475040049725,0.1164343058883294,5,648.601608276,648.7628936766,648.384017944,649.49760437,0.42116091052732085,0.0649175399259601,0.17169035842509323,3,648.601608276,648.63146464,648.569564819,648.723220825,0.06618707778433447,0.01020411148587577,0.023690352296292835,candidate_vs_matching_baseline,1.1322671145113006,11.681617598545957,1.1325353658323283,11.702536612172343,1.1341371506728952,11.827242462986975,11.681617598545957,11.827242462986975,True,True,False,False,False,False
bf16,16,64,16,128,1.0,optimized_split,16384,100,2909,true,4194304,13697024,5,1459.72473145,1459.531494142,1458.17596436,1460.7232666,0.842368900252957,0.05771502044552673,0.174505657478967,5,1461.49124146,1460.935668948,1458.25912476,1462.24639893,1.4050051187841504,0.09617159390706612,0.2728223103148164,5,1460.85754395,1461.178863528,1460.03204346,1462.53433228,0.8533287601831697,0.058400020797099196,0.17128903707023746,3,1460.85754395,1460.6911722866666,1459.72473145,1461.49124146,0.7307069871605228,0.050024741781428295,0.12092281121563683,candidate_vs_matching_baseline,1.0615305444477745,5.796398866674501,1.0598052062649956,5.643037598934186,1.061119237388869,5.759884020128315,5.643037598934186,5.796398866674501,True,True,False,False,False,False
bf16,16,64,16,128,1.0,optimized_transform,16384,100,2909,true,4194304,8388608,5,865.708770752,865.9852752686,864.454421997,868.544006348,1.4476638709379877,0.16716957115569547,0.4723972413318116,5,865.414428711,865.551361084,864.985580444,866.502380371,0.5601919630708772,0.0647208228486064,0.17526862005977623,5,865.369567871,865.899520874,864.844818115,867.155227661,0.942414712319109,0.10883649772295498,0.26698530105284274,3,865.414428711,865.4975891113334,865.369567871,865.708770752,0.15044686272871818,0.017382701537411845,0.039195427040110094,candidate_vs_matching_baseline,0.9635979250231858,-3.7777245084809064,0.9639109383980126,-3.7440244906823184,0.9631843641816751,-3.8222833745441553,-3.8222833745441553,-3.7440244906823184,False,False,True,True,True,True
bf16,16,64,16,128,1.0,warp32_fused,16384,100,2909,true,4194304,5308416,5,719.289627075,719.095046997,716.921615601,720.006408691,1.132236322259016,0.1574529440840022,0.4288666169904897,5,718.201599121,717.8022460935999,713.049621582,720.550384521,2.530771037783213,0.352572181482587,1.0443812640044356,5,719.993591309,720.2457427978,716.281585693,724.140777588,2.713635791815478,0.37676526643175146,1.0915641458296048,3,719.289627075,719.1616058349999,718.201599121,719.993591309,0.7371571876163232,0.10250230012772012,0.24913360634535392,candidate_vs_matching_baseline,1.021185266284135,2.074576179621501,1.0227322944685473,2.222702323129422,1.0216801771729949,2.122012118604899,2.074576179621501,2.222702323129422,False,True,False,False,False,False
bf16,16,64,16,128,1.0,warp32_split,16384,100,2909,true,4194304,13697024,5,1224.2880249,1225.0995330800001,1220.58883667,1229.57443237,3.0046687711125366,0.24525915568333898,0.7339445879766667,5,1221.75361633,1223.022079468,1220.60157776,1226.12480164,2.310005556752432,0.18887684822151837,0.4520734627813935,5,1225.70877075,1225.07006836,1222.37442017,1226.56639099,1.4780331558699313,0.12064886687245349,0.3420038201599082,3,1224.2880249,1223.9168039933334,1221.75361633,1225.70877075,1.635882094910046,0.1336595828713662,0.32305751094175156,candidate_vs_matching_baseline,1.265668173995712,20.990349560343148,1.2677646342989317,21.121005197230826,1.264691972483383,20.9293628996179,20.9293628996179,21.121005197230826,True,True,False,False,False,False
bf16,16,64,16,128,1.0,warp32_transform,16384,100,2909,true,4194304,8388608,5,525.094413757,525.4502410888,524.691200256,526.905593872,0.7822685711819296,0.1488758611207351,0.42171342105056475,5,526.815986633,526.3923187256,524.793586731,527.987213135,1.3401414785439487,0.2545898621371303,0.6062128874279671,5,525.894393921,526.0876846314,525.324783325,527.398414612,0.7781305673236377,0.14790891139541312,0.3943056459566507,3,525.894393921,525.9349314369999,525.094413757,526.815986633,0.7034134675505821,0.1337453410117981,0.327360948490848,candidate_vs_matching_baseline,1.588657493425637,37.05376998262284,1.5834417619204164,36.84643009622353,1.5849388140410758,36.90608172751306,36.84643009622353,37.05376998262284,True,True,False,False,False,False
bf16,16,64,16,256,1.0,baseline_fused,16384,100,2909,true,8388608,10551296,5,2376.00646973,2375.584014894,2373.01116943,2376.75521851,1.3235008554289884,0.05571265201024868,0.15757739415690342,5,2376.77444458,2376.757751464,2376.25595093,2377.20962524,0.32728638550939393,0.013770287918817006,0.040124729217574026,5,2377.04956055,2377.026550292,2376.35192871,2377.86880493,0.587773335384816,0.024727251587181996,0.06381340318580114,3,2376.77444458,2376.610158286667,2376.00646973,2377.04956055,0.44140087926585675,0.018572708600390276,0.043886824110666224,baseline,,,,,,,,,,,,,,
bf16,16,64,16,256,1.0,baseline_split,16384,100,2909,true,8388608,27328512,5,3955.50720215,3955.898803712,3949.46563721,3961.70227051,3.9442562983978307,0.09970569253937324,0.3093568706776421,5,3956.87683105,3955.992248532,3947.81433105,3963.05267334,5.055762175866489,0.12780010319136986,0.38511035194281146,5,3958.79669189,3958.015991208,3951.24481201,3964.60784912,4.922946807277046,0.12437915405628631,0.33755300284492573,3,3956.87683105,3957.0602416966667,3955.50720215,3958.79669189,1.3491763626683688,0.034095421354765204,0.08313348836605647,baseline,,,,,,,,,,,,,,
bf16,16,64,16,256,1.0,baseline_transform,16384,100,2909,true,8388608,16777216,5,1691.61605835,1692.229125978,1687.35992432,1698.1312561,3.445411286986782,0.2036019374737777,0.6367480213273942,5,1691.54556274,1691.552001952,1689.28634644,1695.32806396,2.13007990174504,0.1259245887378568,0.35717143262836637,5,1691.00799561,1690.416625978,1684.83200073,1692.94723511,2.894633737943202,0.1712378885452866,0.4799051453965924,3,1691.54556274,1691.3898722333333,1691.00799561,1691.61605835,0.27155689930918414,0.016055251587300617,0.035947168872883954,baseline,,,,,,,,,,,,,,
bf16,16,64,16,256,1.0,optimized_fused,16384,100,2909,true,8388608,10551296,5,738.84803772,738.9542388916,738.681564331,739.436798096,0.263128705903672,0.035608254483843804,0.10221773983869831,5,738.751983643,738.7801513672,738.124771118,739.193572998,0.3765637018053487,0.05097100959040021,0.14467668495852315,5,738.911972046,738.8364715576,738.291168213,739.129562378,0.2900450918615146,0.039257007880248176,0.11346333483790963,3,738.84803772,738.8373311363333,738.751983643,738.911972046,0.06575229006899783,0.008899427153724174,0.021653762997550726,candidate_vs_matching_baseline,3.215825648075188,68.90378678960585,3.217283333520726,68.91787584944582,3.2169590566628687,68.91474269997842,68.90378678960585,68.91787584944582,True,True,False,False,False,False
bf16,16,64,16,256,1.0,optimized_split,16384,100,2909,true,8388608,27328512,5,2076.02554321,2074.973480226,2071.51367188,2076.89605713,2.0594134210761608,0.09925010804725347,0.25926392223852884,5,2075.70556641,2075.198699952,2072.92800903,2077.59994507,1.796679777142907,0.08657868652213713,0.2250770107092059,5,2074.88647461,2075.3126525879998,2073.81759644,2077.54241943,1.4626685697892041,0.07047943200101423,0.17951936337624408,3,2075.70556641,2075.539194743333,2074.88647461,2076.02554321,0.4796727825497741,0.02311075520831548,0.05487621262056108,candidate_vs_matching_baseline,1.905326846814178,47.51556659834713,1.9062803969319921,47.541820101102594,1.9079582137784692,47.58795068055359,47.51556659834713,47.58795068055359,True,True,False,False,False,False
bf16,16,64,16,256,1.0,optimized_transform,16384,100,2909,true,8388608,16777216,5,1478.00323486,1477.761260986,1475.39840698,1479.85275269,1.454237394909694,0.0984081416466006,0.3013759107517802,5,1477.79205322,1477.59487915,1475.11047363,1479.64797974,1.4754258894712728,0.09985320809449647,0.30704631954903283,5,1479.18716431,1478.595825198,1474.36798096,1480.66558838,2.2718429876146704,0.1536486813298317,0.42574784124343784,3,1478.00323486,1478.3274841300001,1477.79205322,1479.18716431,0.6139690166894489,0.0415313266702047,0.09439161275801596,candidate_vs_matching_baseline,1.1445279810299156,12.627736798523747,1.1446438347359134,12.63658007377334,1.1432008311124093,12.52630572119735,12.52630572119735,12.63658007377334,True,True,False,False,False,False
bf16,16,64,16,256,1.0,warp32_fused,16384,100,2909,true,8388608,10551296,5,1331.43035889,1333.098236086,1331.20635986,1336.6784668,2.258793508683618,0.16943938920176474,0.410994604671779,5,1333.34396362,1332.9228820800001,1330.6048584,1334.16320801,1.238284287836499,0.09289991975411065,0.26687409303891907,5,1332.32635498,1331.7606201199999,1329.54879761,1332.48641968,1.1179422117110196,0.0839446815607362,0.22048817536480833,3,1332.32635498,1332.3668924966667,1331.43035889,1333.34396362,0.7817515519067029,0.05867389502915457,0.14362882809060804,candidate_vs_matching_baseline,1.7845518196767367,43.963521318134354,1.7825666215393579,43.90111494758959,1.7841346091106056,43.95041748007446,43.90111494758959,43.963521318134354,True,True,False,False,False,False
bf16,16,64,16,256,1.0,warp32_split,16384,100,2909,true,8388608,27328512,5,2225.21606445,2225.617919922,2223.29605103,2228.06396484,1.6145776347708676,0.07254513995050206,0.2142674541215251,5,2226.76483154,2226.3103942860002,2224.21127319,2228.16635132,1.6311047374624599,0.07326492934897208,0.1776154389534107,5,2225.51040649,2226.329589844,2223.69918823,2230.72006226,2.503127527822581,0.11243292723778495,0.3154725320324628,3,2225.51040649,2225.83043416,2225.21606445,2226.76483154,0.671556975463787,0.03017107526060151,0.0695915456285305,candidate_vs_matching_baseline,1.777583429017564,43.74385001143487,1.776962153795773,43.724181302122965,1.7788264122897006,43.783159891762416,43.724181302122965,43.783159891762416,True,True,False,False,False,False
bf16,16,64,16,256,1.0,warp32_transform,16384,100,2909,true,8388608,16777216,5,863.046417236,863.5520172116001,862.796783447,865.081634521,0.8663331319464449,0.10032205526469906,0.2647425478362319,5,864.396820068,864.2496032714,863.33442688,865.132827759,0.624622664290739,0.07227341058953185,0.20805269492528353,5,863.807983398,864.0767974852,862.854385376,865.670394897,0.9190726750705563,0.10636469787701924,0.32599947848624955,3,863.807983398,863.7504069006667,863.046417236,864.396820068,0.5528008936029186,0.06400007330665049,0.15633136738188574,candidate_vs_matching_baseline,1.9600522342327593,48.980951500435964,1.956908590439898,48.89899278457316,1.9576202444413704,48.917569541923,48.89899278457316,48.980951500435964,True,True,False,False,False,False
fp16,1,1,1,64,1.0,baseline_fused,1,100,2909,true,128,164,5,22.054400444,22.07743978498,22.0415997505,22.1311998367,0.03916028488808288,0.17737692988624928,0.4062685196430873,5,22.0672011375,22.0684800148,22.0032000542,22.1183991432,0.04135809285836037,0.18740798111434948,0.522037608132536,5,22.0415997505,22.05312013628,22.0032000542,22.1119999886,0.036965166323328906,0.16761875913656687,0.4936117869463277,3,22.054400444,22.054400444,22.0415997505,22.0672011375,0.010451722476253054,0.047390644342347084,0.11608289722046482,baseline,,,,,,,,,,,,,,
fp16,1,1,1,64,1.0,baseline_split,1,100,2909,true,128,420,5,35.3920006752,35.31648015978,35.1103997231,35.4112005234,0.11487266953855045,0.3252664733825106,0.8499118291178547,5,35.2640008926,35.24991989134,35.0975990295,35.3920006752,0.1249171042943813,0.35437556930468433,0.8348503806945452,5,35.3920006752,35.31775951386,35.1167988777,35.4047989845,0.11104359908696688,0.3144129203422127,0.8137435050452144,3,35.3920006752,35.349334081,35.2640008926,35.3920006752,0.06033967617790918,0.17069536880000605,0.36166303164006297,baseline,,,,,,,,,,,,,,
fp16,1,1,1,64,1.0,baseline_transform,1,100,2909,true,128,256,5,15.6799995899,15.67743992806,15.6224000454,15.7311999798,0.04590169891350269,0.2927882302476331,0.6938771508009601,5,15.6480002403,15.69152021408,15.6224000454,15.7760000229,0.06456079076973109,0.4114374508583349,0.9815949331622452,5,15.6799995899,15.68383979796,15.6224000454,15.7311999798,0.04059834847740488,0.2588546491190602,0.6938771508009601,3,15.6799995899,15.669333140033332,15.6480002403,15.6799995899,0.015084638063812458,0.09626853886508388,0.20407749003138578,baseline,,,,,,,,,,,,,,
fp16,1,1,1,64,1.0,optimized_fused,1,100,2909,true,128,164,5,17.945599556,17.9340798855,17.8367996216,18.0032002926,0.0618387552547582,0.3448114185370383,0.9272505523191789,5,17.9967999458,17.94688010214,17.8431999683,18.0032002926,0.06790044732779195,0.3783412322440124,0.889048746343043,5,17.945599556,17.9366400242,17.8815996647,18.0032002926,0.04426664772115143,0.24679453711189586,0.6776069393532259,3,17.945599556,17.9626663526,17.945599556,17.9967999458,0.024136095217982174,0.13436810963472917,0.28530888388668885,candidate_vs_matching_baseline,1.2289586856754666,18.630299646698468,1.226173608861498,18.445480087562828,1.2282453802514794,18.58304406606006,18.445480087562828,18.630299646698468,True,True,False,False,False,False
fp16,1,1,1,64,1.0,optimized_split,1,100,2909,true,128,420,5,31.0335993767,30.96832036972,30.8608007431,31.0400009155,0.08523305695416492,0.27522660556529094,0.5774392142683308,5,31.027200222,31.01823949814,30.8735990524,31.1552000046,0.089746499636318,0.28933460147439904,0.9075938215022408,5,31.0335993767,30.96447944644,30.8543992043,31.0335993767,0.08475100538712761,0.2737039566052562,0.5774392142683308,3,31.0335993767,31.031466325133334,31.027200222,31.0335993767,0.0030165904548205336,0.009721069649800289,0.020620085418783594,candidate_vs_matching_baseline,1.1404413727713545,12.314650811910822,1.1365511757517803,12.01452065380668,1.1404413727713545,12.314650811910822,12.01452065380668,12.314650811910822,True,True,False,False,False,False
fp16,1,1,1,64,1.0,optimized_transform,1,100,2909,true,128,256,5,15.5455994606,15.5443198681,15.5071997643,15.5776000023,0.027571954894304557,0.17737639940675454,0.4528628064709194,5,15.5584001541,15.53791999816,15.4688000679,15.5711996555,0.03784129452002418,0.24354157135900653,0.6581627068706954,5,15.5392003059,15.54048013688,15.5071997643,15.5711996555,0.02475401927740476,0.15928735186668774,0.4118609062250143,3,15.5455994606,15.547733306866666,15.5392003059,15.5584001541,0.007982210121809642,0.05134002471141111,0.12350664410633475,candidate_vs_matching_baseline,1.0086455417586586,0.8571437041782204,1.0057589524187929,0.572597679090292,1.0090609092635572,0.8979546408323436,0.572597679090292,0.8979546408323436,False,True,False,False,False,False
fp16,1,1,1,64,1.0,warp32_fused,1,100,2909,true,128,164,5,15.2639997005,15.2601597309,15.2191996574,15.2895998955,0.025791298343128693,0.16901067090998004,0.46121750184319926,5,15.2512001991,15.252480030060001,15.232000351,15.2831995487,0.017828207418001858,0.11688726936777195,0.3357060233398691,5,15.2576005459,15.251199960720001,15.1999998093,15.2831995487,0.030018762357866106,0.196828855665,0.5453002859113294,3,15.2576005459,15.2576001485,15.2512001991,15.2639997005,0.005225374572895571,0.034247683266291955,0.08388934656858238,candidate_vs_matching_baseline,1.4448637890943858,30.789323703185765,1.446915708234046,30.887473657985552,1.4446308044434277,30.77816166426899,30.77816166426899,30.887473657985552,True,True,False,False,False,False
fp16,1,1,1,64,1.0,warp32_split,1,100,2909,true,128,420,5,29.8368000984,29.80991983416,29.587199688,29.9519991875,0.12003362056834509,0.40266334574571816,1.2226495411602945,5,29.8239994049,29.80736017226,29.6896004677,29.8496007919,0.059982690901453646,0.20123449562392343,0.5364817844440775,5,29.8431992531,29.81120014192,29.587199688,29.9456000328,0.11925330842618542,0.40002853913450287,1.2009447839704182,3,29.8368000984,29.834666252133335,29.8239994049,29.8431992531,0.0079822101218098,0.026754816207267045,0.0643495553701455,candidate_vs_matching_baseline,1.1861862049039869,15.696203861944035,1.1824034869986695,15.426501105952395,1.1859318558657417,15.678123068041694,15.426501105952395,15.696203861944035,True,True,False,False,False,False
fp16,1,1,1,64,1.0,warp32_transform,1,100,2909,true,128,256,5,15.2383995056,15.23967981338,15.1999998093,15.2831995487,0.027571977033959947,0.1809222855834054,0.5459873877793133,5,15.2447998524,15.24224019054,15.1999998093,15.2768003941,0.025791487653244197,0.1692106103225661,0.5037821784712383,5,15.232000351,15.23327994348,15.1999998093,15.2831995487,0.031717107578716555,0.2082093134006364,0.5462167639363209,3,15.2383995056,15.238399903,15.232000351,15.2447998524,0.005225374572895571,0.034290835036209055,0.08399505076170398,candidate_vs_matching_baseline,1.0289794268838872,2.8163271418989555,1.0264483884212179,2.5766895559062863,1.0294117140609564,2.857138077915322,2.5766895559062863,2.857138077915322,False,True,False,False,False,False
fp16,1,1,1,128,1.0,baseline_fused,1,100,2909,true,256,324,5,27.910399437,27.91936016084,27.8976011276,27.9487991333,0.019663370707713825,0.07042915953100487,0.18343702251758678,5,27.9040002823,27.91552019118,27.8976011276,27.9423999786,0.01736233450975792,0.062195991301081346,0.16054633940215438,5,27.9168009758,27.92447996142,27.910399437,27.9487991333,0.015359958017864984,0.05500535028435999,0.13755048915987206,3,27.910399437,27.9104002317,27.9040002823,27.9168009758,0.005225861268339884,0.018723705948166483,0.0458635267076522,baseline,,,,,,,,,,,,,,
fp16,1,1,1,128,1.0,baseline_split,1,100,2909,true,256,836,5,41.2864017487,41.28384017946,41.273598671,41.2928009033,0.006527940324497873,0.015812337941725024,0.046509822814967634,5,41.2864017487,41.28256034852,41.2671995163,41.2928009033,0.008682204364035507,0.02103116737609703,0.06200924739294051,5,41.2799978256,41.28127861022,41.273598671,41.2928009033,0.006271617526168657,0.015192401343440933,0.046517038060713535,3,41.2864017487,41.284267107666665,41.2799978256,41.2864017487,0.003018838300139237,0.007312321403856593,0.015510974143451518,baseline,,,,,,,,,,,,,,
fp16,1,1,1,128,1.0,baseline_transform,1,100,2909,true,256,512,5,16.2047994137,16.20223999022,16.1536002159,16.2303996086,0.027031846837270456,0.1668401829227775,0.4739299187811699,5,16.2047994137,16.21631979944,16.1663997173,16.2815999985,0.03974199787736943,0.24507408813399106,0.7109022349428546,5,16.2176001072,16.20480012892,16.1663997173,16.2240004539,0.022536998738732602,0.1390760673345906,0.3551742318176212,3,16.2047994137,16.209066311533334,16.2047994137,16.2176001072,0.006034304785159125,0.037227960384525666,0.07899322400236117,baseline,,,,,,,,,,,,,,
fp16,1,1,1,128,1.0,optimized_fused,1,100,2909,true,256,324,5,18.48960042,18.47039985658,18.3871996403,18.5471999645,0.055351807683733344,0.2996784482931186,0.8653530664022784,5,18.5023999214,18.493440151199998,18.4256005287,18.5536003113,0.05333154635483672,0.288380884891101,0.6918009725427807,5,18.4959995747,18.471679687520002,18.3871996403,18.5407996178,0.05481630332165516,0.2967586286085863,0.8304497244371942,3,18.4959995747,18.49599997203333,18.48960042,18.5023999214,0.0052253745728930365,0.02825137641000219,0.06920145812237115,candidate_vs_matching_baseline,1.5095187999200688,33.75372336847005,1.5081286968630512,33.69266150295878,1.5093426480170538,33.74599191815183,33.69266150295878,33.75372336847005,True,True,False,False,False,False
fp16,1,1,1,128,1.0,optimized_split,1,100,2909,true,256,836,5,31.8847990036,31.85663986206,31.7504000664,31.8912005424,0.05348488474155486,0.16789242359880285,0.4415912296768806,5,31.8783998489,31.85536003112,31.7504000664,31.8912005424,0.052868770399772384,0.16596506945180986,0.4416798731033468,5,31.8720006943,31.85023975372,31.7375993729,32.0000004768,0.0954097930098476,0.2995575347237506,0.8232966182977167,3,31.8783998489,31.878399848933334,31.8720006943,31.8847990036,0.005224887892553815,0.016390056958045972,0.04014727640240765,candidate_vs_matching_baseline,1.2948615967137975,22.771668992432915,1.2951215225479593,22.787168417010896,1.2951806264544456,22.7906919255349,22.771668992432915,22.7906919255349,True,True,False,False,False,False
fp16,1,1,1,128,1.0,optimized_transform,1,100,2909,true,256,512,5,16.0575997829,16.03839993478,15.9487998486,16.0831999779,0.047893324345103024,0.2986165985376395,0.8369876638918734,5,16.0704004765,16.0473599434,15.9679996967,16.0831999779,0.0438950375002779,0.27353432374607617,0.716847606681992,5,16.0575997829,16.03967976568,15.9679996967,16.0767996311,0.03869756827037847,0.24126147676077309,0.6775603818190898,3,16.0575997829,16.061866680766666,16.0575997829,16.0704004765,0.0060343048323020934,0.03756913783581513,0.07971735360869037,candidate_vs_matching_baseline,1.009166975936015,0.9083705823322741,1.0083631355296052,0.8293773577127794,1.009964149465874,0.9865844714531224,0.8293773577127794,0.9865844714531224,False,True,False,False,False,False
fp16,1,1,1,128,1.0,warp32_fused,1,100,2909,true,256,324,5,15.5071997643,15.49823975564,15.443199873,15.5263996124,0.028792847565251672,0.18578140498035334,0.5365232966917732,5,15.5071997643,15.49568009378,15.4496002197,15.5200004578,0.02540728185597486,0.1639636447203979,0.45398420843247195,5,15.5007994175,15.49951982498,15.4879999161,15.513600111,0.008490552231249808,0.05477945334516686,0.16515402986957511,3,15.5071997643,15.505066315366665,15.5007994175,15.5071997643,0.0030171524161502093,0.01945913906321051,0.04127338847297349,candidate_vs_matching_baseline,1.7998349064448185,44.43934849695287,1.7994222494340582,44.42660691149545,1.800991047228355,44.475015490001724,44.42660691149545,44.475015490001724,True,True,False,False,False,False
fp16,1,1,1,128,1.0,warp32_split,1,100,2909,true,256,836,5,30.0864005089,30.10816001894,30.0607991219,30.2080011368,0.052714189806026567,0.1750827342915206,0.48926429353506407,5,30.1119995117,30.13887929916,30.0607991219,30.2207994461,0.06885891542303002,0.2284720501367454,0.5313507133188897,5,30.1056003571,30.1350402832,30.0543999672,30.2144002914,0.0668302614992894,0.2217692787905336,0.5314636556060846,3,30.1056003571,30.10133345923333,30.0864005089,30.1119995117,0.010877562507045493,0.03613648053757197,0.08503070025628225,candidate_vs_matching_baseline,1.3722612559281353,27.12757897375414,1.3710946605408318,27.065575501143925,1.3711733808977062,27.069762735234793,27.065575501143925,27.12757897375414,True,True,False,False,False,False
fp16,1,1,1,128,1.0,warp32_transform,1,100,2909,true,256,512,5,15.2639997005,15.25375962256,15.1935994625,15.2831995487,0.03328002415335517,0.21817587910677896,0.5870026726813014,5,15.232000351,15.22816014292,15.1872003078,15.2895998955,0.03542612052126059,0.2326355921449328,0.6722661852701319,5,15.2831995487,15.25119972228,15.1935994625,15.2831995487,0.039659189744943625,0.26003980320975506,0.5862652379463452,3,15.2639997005,15.259733200066666,15.232000351,15.2831995487,0.02111858156129594,0.13839417298071555,0.3354245198152335,candidate_vs_matching_baseline,1.0616352025458429,5.805685643998926,1.0638654832118708,6.0031539907712155,1.0611390668244909,5.761645078948274,5.761645078948274,6.0031539907712155,True,True,False,False,False,False
fp16,1,1,1,256,1.0,baseline_fused,1,100,2909,true,512,644,5,39.7056007385,39.737600326540004,39.6799993515,39.8144006729,0.05823654692469086,0.14655275216957617,0.3384946176363431,5,39.7119998932,39.7427201271,39.692800045,39.8015999794,0.04604463218674791,0.1158567708488346,0.27397243828718393,5,39.7183990479,39.74143934252,39.6799993515,39.8079991341,0.048673563545539734,0.12247559311084918,0.32226823252778497,3,39.7119998932,39.7119998932,39.7056007385,39.7183990479,0.005224887933376472,0.013156949907907165,0.03222781384573069,baseline,,,,,,,,,,,,,,
fp16,1,1,1,256,1.0,baseline_split,1,100,2909,true,512,1668,5,54.1695976257,54.16320037842,54.1440010071,54.1760015488,0.013424798740534852,0.024785829948637293,0.059074726604242365,5,54.1567993164,54.15551948548,54.1440010071,54.1631984711,0.007462632613805676,0.013780003746075286,0.035447929424048806,5,54.1567993164,54.15551948546,54.1440010071,54.1695976257,0.008489437985832906,0.01567603462489581,0.04726390577562583,3,54.1567993164,54.1610654195,54.1567993164,54.1695976257,0.006033180862503124,0.01113933194587962,0.023631952887819475,baseline,,,,,,,,,,,,,,
fp16,1,1,1,256,1.0,baseline_transform,1,100,2909,true,512,1024,5,17.8944003582,17.91872024536,17.8944003582,17.9584002495,0.029854343254018006,0.16660979604137022,0.3576531765182754,5,17.8880000114,17.896960020039998,17.8431999683,17.9584002495,0.05032863709723893,0.28121332919604103,0.6440087272282141,5,17.8880000114,17.90591979024,17.8431999683,17.9647994041,0.04568708512647761,0.25515073038236397,0.6797821764451317,3,17.8880000114,17.89013346033333,17.8880000114,17.8944003582,0.0030171524161502093,0.016864896077158686,0.035780114020128775,baseline,,,,,,,,,,,,,,
fp16,1,1,1,256,1.0,optimized_fused,1,100,2909,true,512,644,5,19.2320001125,19.2012798786,19.1167998314,19.2639994621,0.05995533154597452,0.3122465373404368,0.7653890902606849,5,19.2384004593,19.20640015602,19.1424000263,19.2639994621,0.050555851248949554,0.26322398178871365,0.6320662471771044,5,19.2384004593,19.21151995658,19.1424000263,19.2703998089,0.05744323538790762,0.29900411585202635,0.6653348487614196,3,19.2384004593,19.236267010366667,19.2320001125,19.2384004593,0.0030171524161502093,0.01568470854830736,0.033268601584315126,candidate_vs_matching_baseline,2.064559094542279,51.56350803212517,2.0642048686538748,51.55519613457129,2.064537492705107,51.56300122746973,51.55519613457129,51.56350803212517,True,True,False,False,False,False
fp16,1,1,1,256,1.0,optimized_split,1,100,2909,true,512,1668,5,33.7983989716,33.79839944842,33.7919998169,33.8048005104,0.0040479347510951075,0.011976705456933523,0.037873668249059585,5,33.7983989716,33.7779197693,33.6768007278,33.8111996651,0.050781850525776336,0.15034037286076696,0.39764882772385396,5,33.8048005104,33.80223989488,33.7919998169,33.8111996651,0.006526911593655407,0.019309109733417495,0.05679621802261243,3,33.7983989716,33.80053281786667,33.7983989716,33.8048005104,0.003017714330338592,0.008928008166615216,0.018940361066741004,candidate_vs_matching_baseline,1.6027267348141976,37.606331866927455,1.6023480686735097,37.59158702466927,1.60204463563507,37.57976664591571,37.57976664591571,37.606331866927455,True,True,False,False,False,False
fp16,1,1,1,256,1.0,optimized_transform,1,100,2909,true,512,1024,5,17.5232005119,17.51424026488,17.4528002739,17.5616002083,0.035194197859456156,0.20094618623011842,0.6208907689329604,5,17.5424003601,17.52191996574,17.4399995804,17.5616002083,0.044598616556004674,0.2545304204288502,0.6931812374809354,5,17.5551998615,17.53600001334,17.4528002739,17.5616002083,0.041673658665817126,0.23764631976571113,0.6197590187429741,3,17.5424003601,17.54026691116667,17.5232005119,17.5551998615,0.0131504954778417,0.074973177685624,0.1824114656098129,candidate_vs_matching_baseline,1.0211833361176184,2.0743910881031447,1.0197008188278534,1.9320195163223919,1.0189573546599067,1.860465953085344,1.860465953085344,2.0743910881031447,False,True,False,False,False,False
fp16,1,1,1,256,1.0,warp32_fused,1,100,2909,true,512,644,5,17.3888003826,17.39392042158,17.3696005344,17.4336004257,0.02118775135252117,0.1218112469126529,0.36805236641879596,5,17.3888003826,17.40160012246,17.3824000359,17.4336004257,0.021418517268600796,0.12308360793187184,0.29444463489978046,5,17.3824000359,17.39520001412,17.3567998409,17.4463999271,0.03551854973996659,0.2041859231922343,0.5154644123650882,3,17.3888003826,17.3866669337,17.3824000359,17.3888003826,0.003017152369008916,0.01735325338958941,0.03680729296543223,candidate_vs_matching_baseline,2.2834008019455543,56.20567360982104,2.283768806325339,56.212730586813045,2.284977849196273,56.23589960175133,56.20567360982104,56.23589960175133,True,True,False,False,False,False
fp16,1,1,1,256,1.0,warp32_split,1,100,2909,true,512,1668,5,31.9232010841,31.94111967088,31.9039988518,32.0255994797,0.04348230630567086,0.13613269276002463,0.3809161480380593,5,31.9232010841,31.94240045546,31.9104003906,32.0255994797,0.04206461470954752,0.13168895921958582,0.36086321292314333,5,31.9296002388,31.96672058104,31.9167995453,32.0320010185,0.05345474209313302,0.16721997477851364,0.3607983574439048,3,31.9232010841,31.925334135666667,31.9232010841,31.9296002388,0.0030165904548205336,0.009448892349885945,0.020045466878902258,candidate_vs_matching_baseline,1.696872361985035,41.06804834571175,1.6964714526505893,41.05412157466094,1.6961314551815183,41.042305598124706,41.042305598124706,41.06804834571175,True,True,False,False,False,False
fp16,1,1,1,256,1.0,warp32_transform,1,100,2909,true,512,1024,5,16.1088001728,16.116480112079998,16.0640001297,16.1728000641,0.048808098835387934,0.3028458974661853,0.6754068163543988,5,16.1152005196,16.12928009034,16.0831999779,16.198400259,0.04604443996493999,0.2854711413469502,0.7148547792494832,5,16.1152005196,16.133120059939998,16.0575997829,16.2240004539,0.05715756563019053,0.35428711506410937,1.0325696586748518,3,16.1152005196,16.113067070666666,16.1088001728,16.1152005196,0.0030171524161502093,0.018724879645308747,0.03971620950180044,candidate_vs_matching_baseline,1.1108462558505765,9.978541608865699,1.110007907729342,9.910551714390635,1.110007907729342,9.910551714390635,9.910551714390635,9.978541608865699,True,True,False,False,False,False
fp16,1,17,1,64,1.0,baseline_fused,17,100,2909,true,2176,2788,5,23.6287999153,23.60191965104,23.5391998291,23.63519907,0.037624092042617685,0.15941115213888887,0.4062806458394804,5,23.6096000671,23.59808015822,23.5520005226,23.6287999153,0.027272910808059724,0.11557258313049529,0.32528883370210043,5,23.6096000671,23.6083202362,23.5840010643,23.6287999153,0.018724431193286484,0.07931284820753673,0.1897484534794247,3,23.6096000671,23.6160000165,23.6096000671,23.6287999153,0.009050895239981333,0.03832526775769675,0.08132220853141237,baseline,,,,,,,,,,,,,,
fp16,1,17,1,64,1.0,baseline_split,17,100,2909,true,2176,7140,5,38.4319996834,38.4179196358,38.3295989037,38.4511995316,0.04478207879511592,0.11656560068751208,0.31640463390333895,5,38.4448003769,38.44095993042,38.4191989899,38.4576010704,0.012542115649794678,0.0326269574758188,0.09988887996170606,5,38.4256005287,38.40511989592,38.3039999008,38.4448003769,0.05174112437172239,0.13472454847672316,0.36642361905270326,3,38.4319996834,38.43413352966667,38.4256005287,38.4448003769,0.007982210121808218,0.020768544490919465,0.04995797345483693,baseline,,,,,,,,,,,,,,
fp16,1,17,1,64,1.0,baseline_transform,17,100,2909,true,2176,4352,5,17.3824000359,17.39007997514,17.3440003395,17.427200079,0.030666510485596515,0.1763448502217117,0.4786435666430782,5,17.3888003826,17.37984013556,17.2927999496,17.427200079,0.0483358712147335,0.2781145904549257,0.7729120263781172,5,17.3824000359,17.37856006624,17.3375999928,17.427200079,0.034010385882110084,0.19570312932991185,0.5154644123650677,3,17.3824000359,17.384533484800002,17.3824000359,17.3888003826,0.003017152369008916,0.017355382999762022,0.03682084572198948,baseline,,,,,,,,,,,,,,
fp16,1,17,1,64,1.0,optimized_fused,17,100,2909,true,2176,2788,5,19.3599998951,19.36511993408,19.3087995052,19.411200285,0.03396249647761031,0.17537973734849374,0.5289296505932188,5,19.3535995483,19.3548798561,19.315199852,19.3983995914,0.02666570162637939,0.1377724988459449,0.4298928434080854,5,19.3599998951,19.36127996444,19.3408000469,19.38560009,0.014253499656189791,0.07361858142833819,0.23140518255549816,3,19.3599998951,19.357866446166668,19.3535995483,19.3599998951,0.0030171524161502093,0.015586182622660255,0.03305964274111123,candidate_vs_matching_baseline,1.2204958700067157,18.066088990985484,1.2199074393462814,18.026567611074196,1.2195041423050612,17.999458525016788,17.999458525016788,18.066088990985484,True,True,False,False,False,False
fp16,1,17,1,64,1.0,optimized_split,17,100,2909,true,2176,7140,5,34.1440010071,34.14400053024,34.1312003136,34.1504001617,0.007010793280840631,0.020533016553322295,0.05623198082734601,5,34.1504001617,34.1465601921,34.1312003136,34.1567993164,0.008681079367079672,0.025422998153377944,0.0749595983613377,5,34.1504001617,34.14400005338,34.1312003136,34.1504001617,0.008095492432277968,0.023709853618854408,0.056221443992138395,3,34.1504001617,34.148267110166664,34.1440010071,34.1504001617,0.00301659040767924,0.008833802306709547,0.018738154076371735,candidate_vs_matching_baseline,1.1255857119793413,11.157365506932294,1.1257496308935264,11.170301765386037,1.125187416450677,11.125916857973017,11.125916857973017,11.170301765386037,True,True,False,False,False,False
fp16,1,17,1,64,1.0,optimized_transform,17,100,2909,true,2176,4352,5,17.0368003845,17.02912020682,16.9920003414,17.0624005795,0.026665896215953677,0.15658998170248536,0.41322452873280896,5,17.0368003845,17.02912020682,17.0047998428,17.0560002327,0.018724920149002747,0.10995823578427495,0.30052820215339165,5,17.0560002327,17.04703998566,16.9983994961,17.0687997341,0.02482032214884474,0.14559901407941578,0.41275936350557124,3,17.0368003845,17.0432003339,17.0368003845,17.0560002327,0.009050895239981333,0.053105608469428904,0.11269632657941726,candidate_vs_matching_baseline,1.020285478704935,1.9882159580163372,1.0206611564469728,2.0242914425093073,1.0191369488008228,1.877760277786067,1.877760277786067,2.0242914425093073,False,True,False,False,False,False
fp16,1,17,1,64,1.0,warp32_fused,17,100,2909,true,2176,2788,5,17.6127994061,17.57823991776,17.4720001221,17.6447999477,0.06864402914569329,0.3905057017474171,0.9811036940564642,5,17.5935995579,17.57439994812,17.497600317,17.638399601,0.054756129690190364,0.31156756334117586,0.8002869653627941,5,17.5935995579,17.57183980944,17.5168001652,17.6191997528,0.045722782773550255,0.26020486909394036,0.5820274996200003,3,17.5935995579,17.599999507299998,17.5935995579,17.6127994061,0.009050895239981333,0.051425542575880584,0.1091297328713969,candidate_vs_matching_baseline,1.3415698078703164,25.4604572841829,1.3419425620892147,25.481162290348593,1.3419425620892147,25.481162290348593,25.4604572841829,25.481162290348593,True,True,False,False,False,False
fp16,1,17,1,64,1.0,warp32_split,17,100,2909,true,2176,7140,5,34.8095989227,34.80832004546,34.7648000717,34.8864006996,0.04459863025284783,0.12812635081096013,0.34933073538145015,5,34.8031997681,34.80448007584,34.7456002235,34.8927998543,0.050943265469191666,0.14636985054275994,0.42294855582481117,5,34.7968006134,34.80575990676,34.7519993782,34.8927998543,0.050002007669127775,0.14366015223651632,0.40463627005346886,3,34.8031997681,34.80319976806667,34.7968006134,34.8095989227,0.005224887892550914,0.015012665293335925,0.036773369647828145,candidate_vs_matching_baseline,1.1040632719941443,9.425480824680154,1.10463407482831,9.472283827979233,1.1042854472632917,9.443703846839446,9.425480824680154,9.472283827979233,True,True,False,False,False,False
fp16,1,17,1,64,1.0,warp32_transform,17,100,2909,true,2176,4352,5,18.112000227,18.05824041366,17.9584002495,18.1184005737,0.07156568822787973,0.39630488125379315,0.8833940050502302,5,18.1247997284,18.0710401535,17.9584002495,18.1376004219,0.07513930008975057,0.41579953036182915,0.9887015309703555,5,18.112000227,18.06592011452,17.945599556,18.1695997715,0.08580782690237257,0.47497069818994064,1.2367502909263215,3,18.112000227,18.116266727466666,18.112000227,18.1247997284,0.006033742823831124,0.033305663438279856,0.07066862433514903,candidate_vs_matching_baseline,0.9597173044414848,-4.197350133428923,0.9593926908529228,-4.232605640447007,0.9597173044414848,-4.197350133428923,-4.232605640447007,-4.197350133428923,False,False,True,True,True,True
fp16,1,17,1,128,1.0,baseline_fused,17,100,2909,true,4352,5508,5,29.395198822,29.3785600662,29.3440008163,29.4079995155,0.02850637843298776,0.09703123083212072,0.21771820489304194,5,29.395198822,29.37599945066,29.3375992775,29.4079995155,0.02918808581969552,0.09936031578676975,0.23949570277207538,5,29.3632006645,29.36831998824,29.3375992775,29.4079995155,0.02666561009932637,0.09079719272332949,0.23975669002974648,3,29.395198822,29.3845327695,29.3632006645,29.395198822,0.015084076102484457,0.05133338760499584,0.10885504702235255,baseline,,,,,,,,,,,,,,
fp16,1,17,1,128,1.0,baseline_split,17,100,2909,true,4352,14212,5,44.7359991074,44.7372789383,44.7295999527,44.742398262,0.00478868884771229,0.010704023493061956,0.028608524578331268,5,44.7359991074,44.73600006106,44.7295999527,44.7488021851,0.007011663936526187,0.015673426160041116,0.04292344595657308,5,44.7295999527,44.7334394455,44.7295999527,44.742398262,0.005119323725000768,0.011444064638127778,0.028612617402204252,3,44.7359991074,44.73386605583333,44.7295999527,44.7359991074,0.0030165904548205336,0.0067434154943269604,0.014304262400926502,baseline,,,,,,,,,,,,,,
fp16,1,17,1,128,1.0,baseline_transform,17,100,2909,true,4352,8704,5,18.3679997921,18.33599996566,18.2848000526,18.3744001389,0.04186982991115497,0.22834767664468564,0.4878053534088979,5,18.323199749,18.32575988768,18.2848000526,18.3679997921,0.026418832044395952,0.14416227324988987,0.45406774275077233,5,18.3615994453,18.33087968826,18.2783997059,18.3679997921,0.042913412327134776,0.2341044895658698,0.4879753883474223,3,18.3615994453,18.350932995466668,18.323199749,18.3679997921,0.019783677269839445,0.10780747373840185,0.24398769417371116,baseline,,,,,,,,,,,,,,
fp16,1,17,1,128,1.0,optimized_fused,17,100,2909,true,4352,5508,5,19.9103999138,19.92960000036,19.903999567,19.9616003036,0.02623245185241706,0.13162558130591287,0.289299747113959,5,19.9103999138,19.92447996138,19.903999567,19.9616003036,0.02339318175798544,0.11740924633078952,0.289299747113959,5,19.903999567,19.91679978368,19.903999567,19.9551999569,0.01982982574163581,0.09956331316783404,0.25723669118687126,3,19.9103999138,19.908266464866667,19.903999567,19.9103999138,0.0030171524161502093,0.015155274425700312,0.032145747085489,candidate_vs_matching_baseline,1.4763741034466134,32.26649006742343,1.4763741034466134,32.26649006742343,1.4752412230345382,32.214475545699415,32.214475545699415,32.26649006742343,True,True,False,False,False,False
fp16,1,17,1,128,1.0,optimized_split,17,100,2909,true,4352,14212,5,35.6159996986,35.58783912658,35.4751992226,35.6223988533,0.05675463166154639,0.1594775998050335,0.41329636103345807,5,35.6223988533,35.592959404,35.4751992226,35.6288003922,0.05901907197498645,0.16581670353703093,0.4311926612033101,5,35.6223988533,35.62495946884,35.6159996986,35.6351995468,0.0065269116054273435,0.01832117622796518,0.05389824609811321,3,35.6223988533,35.62026580173333,35.6159996986,35.6223988533,0.0030165904548205336,0.00846874773931008,0.017963851132967217,candidate_vs_matching_baseline,1.2560646755946174,20.386265179649055,1.2558390380061597,20.37196091724813,1.25565939949483,20.36056908407531,20.36056908407531,20.386265179649055,True,True,False,False,False,False
fp16,1,17,1,128,1.0,optimized_transform,17,100,2909,true,4352,8704,5,18.2272005081,18.23232007028,18.2016003132,18.2783997059,0.029854169484677402,0.1637431186464407,0.4213449710276187,5,18.2464003563,18.24256014826,18.2016003132,18.2912003994,0.030452162137897247,0.16692921328151308,0.4910562327383345,5,18.2335996628,18.22848010064,18.2016003132,18.2591998577,0.02339271210909279,0.12833056831914075,0.31589782360701035,3,18.2335996628,18.235733509066666,18.2272005081,18.2464003563,0.0079822101218098,0.04377235562167602,0.10529927471847958,candidate_vs_matching_baseline,1.0077246796038388,0.7665466332406945,1.0042090160908632,0.4191374528031977,1.0070199952213026,0.6971058424475429,0.4191374528031977,0.7665466332406945,False,True,False,False,False,False
fp16,1,17,1,128,1.0,warp32_fused,17,100,2909,true,4352,5508,5,18.2272005081,18.18752002716,18.0991995335,18.2400000095,0.05786967863123538,0.31818344966667667,0.7724745000606764,5,18.2272005081,18.19392013548,18.1312000751,18.2400000095,0.04880803005975114,0.26826560574249475,0.5969097358184581,5,18.2272005081,18.19648003578,18.1376004219,18.2335996628,0.043103750501781224,0.2368796075780904,0.5266812139216785,3,18.2272005081,18.2272005081,18.2272005081,18.2272005081,0.0,0.0,0.0,candidate_vs_matching_baseline,1.612710564572823,37.992593217439406,1.612710564572823,37.992593217439406,1.610955047729423,37.92502147037187,37.92502147037187,37.992593217439406,True,True,False,False,False,False
fp16,1,17,1,128,1.0,warp32_split,17,100,2909,true,4352,14212,5,37.401599884,37.42463970186,37.331199646,37.5359988213,0.06888215812594348,0.1840556346692632,0.5475679541387938,5,37.401599884,37.429759979239996,37.3376011848,37.5359988213,0.08983636332097653,0.24001319637316207,0.5304522724036462,5,37.3952007294,37.39519929888,37.3183989525,37.5359988213,0.07973070332485765,0.21321106671370413,0.5818925010580951,3,37.401599884,37.399466832466665,37.3952007294,37.401599884,0.00301659040767924,0.008065864738639864,0.017109307141522406,candidate_vs_matching_baseline,1.196098542472713,16.394848376565662,1.196098542472713,16.394848376565662,1.196132099313314,16.397193873980253,16.394848376565662,16.397193873980253,True,True,False,False,False,False
fp16,1,17,1,128,1.0,warp32_transform,17,100,2909,true,4352,8704,5,20.2880001068,20.2329597473,20.0832009315,20.3327989578,0.10621626446082566,0.524966518924646,1.230274176784651,5,20.2816009521,20.23040008544,20.0896000862,20.3327989578,0.1039085803620823,0.5136259289150995,1.1991108205628083,5,20.2816009521,20.23424005508,20.1279997826,20.3392004967,0.08649293190624734,0.42745826712939705,1.0413414335426532,3,20.2816009521,20.283734003666666,20.2816009521,20.2880001068,0.0030165904548205336,0.01487196812123068,0.03155152650479523,candidate_vs_matching_baseline,0.9053627610117931,-10.452963504092484,0.9034395160556976,-10.68809612909929,0.905332842740839,-10.45661361102972,-10.68809612909929,-10.452963504092484,False,False,True,True,True,True
fp16,1,17,1,256,1.0,baseline_fused,17,100,2909,true,8704,10948,5,40.9216022491,40.90240097046,40.8576011658,40.9344005585,0.031872129286217896,0.07792239215794733,0.18767445182743925,5,40.9151983261,40.8998403549,40.8640003204,40.9280014038,0.027032445209633566,0.06609425605348347,0.1564237398775464,5,40.9216022491,40.90368080138,40.8640003204,40.9280014038,0.027573006409112782,0.06740959705558462,0.1563992607386444,3,40.9216022491,40.9194676081,40.9151983261,40.9216022491,0.0030188382529979436,0.0073775110710393626,0.015649247947375843,baseline,,,,,,,,,,,,,,
fp16,1,17,1,256,1.0,baseline_split,17,100,2909,true,8704,28356,5,57.0368003845,57.0854406357,56.9984006882,57.3184013367,0.11749566896898973,0.20582423059288865,0.5610424258422471,5,57.0368003845,57.02527999876,56.9920015335,57.0559978485,0.027866169484943012,0.04886634398910265,0.11220179703030539,5,57.0368003845,57.0227203369,56.9856023788,57.0495986938,0.025726560840154962,0.045116333784424936,0.11220179703030539,3,57.0368003845,57.0368003845,57.0368003845,57.0368003845,0.0,0.0,0.0,baseline,,,,,,,,,,,,,,
fp16,1,17,1,256,1.0,baseline_transform,17,100,2909,true,8704,17408,5,19.788800478,19.795200347919998,19.7440004349,19.8464000225,0.03945218258622587,0.19930175948116308,0.5174623278143742,5,19.8143994808,19.79904007912,19.7248005867,19.8399996758,0.04218154580279999,0.21304843888509778,0.5813907669098404,5,19.8143994808,19.79519963266,19.7119998932,19.8399996758,0.04890866697732153,0.24707337074099203,0.6459937517865767,3,19.8143994808,19.805866479866665,19.788800478,19.8143994808,0.012067485647662248,0.06092884479418891,0.12919393709007015,baseline,,,,,,,,,,,,,,
fp16,1,17,1,256,1.0,optimized_fused,17,100,2909,true,8704,10948,5,20.3263998032,20.33408021926,20.3200006485,20.3584003448,0.015359838783216083,0.075537416089603,0.18891538428736182,5,20.3200006485,20.32895994186,20.2943992615,20.3647994995,0.027926395434084296,0.13737247509932948,0.34645785311623306,5,20.3200006485,20.33279991148,20.307199955,20.3647994995,0.023946630314369874,0.1177734026726417,0.2834623162487387,3,20.3200006485,20.322133700066665,20.3200006485,20.3263998032,0.003016590454822208,0.01484386678753281,0.03149190204614764,candidate_vs_matching_baseline,2.013224311501424,50.32843611677731,2.013543160448684,50.33630171715977,2.013858314129571,50.344073712443894,50.32843611677731,50.344073712443894,True,True,False,False,False,False
fp16,1,17,1,256,1.0,optimized_split,17,100,2909,true,8704,28356,5,36.9215989113,36.917759418500005,36.908800602,36.9215989113,0.005119323725000768,0.013866832130758736,0.034663475248591175,5,36.9151997566,36.88319969176,36.7551994324,36.9280004501,0.06451015191959636,0.1749038924462089,0.4681026212491461,5,36.9215989113,36.92032003402,36.908800602,36.9280004501,0.007463613928149214,0.020215463791407855,0.052001670204280113,3,36.9215989113,36.919465859733336,36.9151997566,36.9215989113,0.0030165904548205336,0.008170731576348764,0.01733173775971047,candidate_vs_matching_baseline,1.5448085149704516,35.26705800044561,1.545076303543569,35.278277344197114,1.5448085149704516,35.26705800044561,35.26705800044561,35.278277344197114,True,True,False,False,False,False
fp16,1,17,1,256,1.0,optimized_transform,17,100,2909,true,8704,17408,5,19.3280005455,19.3177599907,19.2895996571,19.3408000469,0.020876276022829765,0.10806778856803309,0.2649026715384813,5,19.3280005455,19.31647992136,19.2895996571,19.3408000469,0.022317746185069987,0.11553733535265508,0.2649026715384813,5,19.315199852,19.31392002106,19.2960000038,19.3343997002,0.01588439756877886,0.08224326056781031,0.1988055867618836,3,19.3280005455,19.323733647666668,19.315199852,19.3280005455,0.0060343047851608,0.031227426827472544,0.06622875175249929,candidate_vs_matching_baseline,1.0238410554374329,2.3285895120944256,1.0251655071177677,2.4547750527151524,1.0258449113975028,2.5193780375919017,2.3285895120944256,2.5193780375919017,False,True,False,False,False,False
fp16,1,17,1,256,1.0,warp32_fused,17,100,2909,true,8704,10948,5,23.4240007401,23.37536001206,23.2895994186,23.4303998947,0.06252430204284508,0.2674795254943113,0.6010949097135153,5,23.3407998085,23.30879974366,23.2319998741,23.3728003502,0.06098523345825208,0.26164038530057765,0.6032375807821377,5,23.5775995255,23.53408002856,23.4559988976,23.590400219,0.06130684663017553,0.26050241418307424,0.5700381892339756,3,23.4240007401,23.447466691366667,23.3407998085,23.5775995255,0.09808674611266922,0.4183255590199203,1.0109277216449821,candidate_vs_matching_baseline,1.7469945763383417,42.75883774659588,1.7529475708540176,42.95322822959214,1.735613593947164,42.38348884294102,42.38348884294102,42.95322822959214,True,True,False,False,False,False
fp16,1,17,1,256,1.0,warp32_split,17,100,2909,true,8704,28356,5,44.1152000427,44.13951969146,44.083199501,44.2880010605,0.07566158872236083,0.17141461722112855,0.46424261774120146,5,44.1215991974,44.1062402725,44.064002037,44.1408014297,0.02821776895730481,0.06397681775405925,0.17406303057238687,5,44.1215991974,44.14464092254,44.064002037,44.3200016022,0.0912850448996264,0.20678624401952442,0.5802137045274763,3,44.1215991974,44.119466145833336,44.1152000427,44.1215991974,0.0030165904548205336,0.0068373231100517795,0.014503451407934739,candidate_vs_matching_baseline,1.29290585397534,22.654847843308367,1.2927183380030582,22.643628499556854,1.2927183380030582,22.643628499556854,22.643628499556854,22.654847843308367,True,True,False,False,False,False
fp16,1,17,1,256,1.0,warp32_transform,17,100,2909,true,8704,17408,5,22.6112008095,22.5676803589,22.4575996399,22.6496005058,0.07842583088863307,0.3475139209763946,0.8491405101286378,5,22.6047992706,22.566400051120002,22.4512004852,22.6559996605,0.0749645255482431,0.3321953230396733,0.905998645899782,5,22.598400116,22.56256008146,22.4512004852,22.6496005058,0.07579079721825963,0.3359139962159617,0.8779383477661655,3,22.6047992706,22.604800065366668,22.598400116,22.6112008095,0.005225861268344953,0.023118369785325443,0.05662821132258227,candidate_vs_matching_baseline,0.8751768932893567,-14.262614526018268,0.8765571967086998,-14.08268664666763,0.8768054100772874,-14.050391170813302,-14.262614526018268,-14.050391170813302,False,False,True,True,True,True
fp16,1,257,1,64,1.0,baseline_fused,257,100,2909,true,32896,42148,5,42.0480012894,41.98656082154,41.8431997299,42.1248006821,0.11265454224132368,0.2683109548318363,0.6697130507151863,5,42.0160007477,42.00447940826,41.8815994263,42.0864009857,0.07522680285938631,0.17909233472036146,0.4874370614895196,5,42.0671987534,42.01727867126,41.9199991226,42.1055984497,0.08048711134898424,0.191557173368388,0.44119725724546743,3,42.0480012894,42.043733596833334,42.0160007477,42.0671987534,0.021118220360580187,0.05022917460919973,0.12176085457100741,baseline,,,,,,,,,,,,,,
fp16,1,257,1,64,1.0,baseline_split,257,100,2909,true,32896,107940,5,76.5055990219,76.53887939452,76.1407995224,76.7871999741,0.23341661535504676,0.3049647671896263,0.8449060721882187,5,76.4480018616,76.46335983278,76.1151981354,76.697602272,0.20094865575859255,0.2628038529801112,0.7618304238407406,5,76.4608001709,76.49151992798,76.0640001297,76.8255996704,0.26540796286269686,0.3469769761570821,0.9960653550547658,3,76.4608001709,76.47146701813334,76.4480018616,76.5055990219,0.024694053819765086,0.032291853135117045,0.07532900541356373,baseline,,,,,,,,,,,,,,
fp16,1,257,1,64,1.0,baseline_transform,257,100,2909,true,32896,65792,5,38.5152006149,38.5126399994,38.4448003769,38.585600853,0.04625760697684569,0.12011019493227769,0.3655711870952432,5,38.5152006149,38.50880002976,38.4319996834,38.5983991623,0.055054594173551484,0.142966267790751,0.43203586179848125,5,38.5536003113,38.53056001664,38.4448003769,38.585600853,0.05469667654468335,0.14195660930197165,0.36520707524878276,3,38.5152006149,38.5280005137,38.5152006149,38.5536003113,0.018101790479962666,0.046983467189079614,0.09970010745612928,baseline,,,,,,,,,,,,,,
fp16,1,257,1,64,1.0,optimized_fused,257,100,2909,true,32896,42148,5,37.4207997322,37.43871974946,37.3824000359,37.5167989731,0.047446315485698574,0.12673060351211107,0.35915570528108115,5,37.4591994286,37.45664024354,37.3760008812,37.5232005119,0.047307920578149594,0.1263004911026653,0.3929598948866341,5,37.4911999702,37.48992013928,37.4464011192,37.5424003601,0.030932458340694656,0.08250873361633337,0.25605806422921845,3,37.4591994286,37.457066377000004,37.4207997322,37.4911999702,0.02878032672342085,0.07683550664045867,0.18793844789498446,candidate_vs_matching_baseline,1.1236531979624786,11.00456957597763,1.121647055692837,10.845395178048777,1.1220552766205736,10.877830991373427,10.845395178048777,11.00456957597763,True,True,False,False,False,False
fp16,1,257,1,64,1.0,optimized_split,257,100,2909,true,32896,107940,5,71.1999988556,71.17695999146,71.0400009155,71.263999939,0.07979160702588568,0.11210313988608013,0.3146053751409315,5,71.3151979446,71.30751991272,71.1168003082,71.4495992661,0.109093064320178,0.15298956471029604,0.46665923602781745,5,71.3151979446,71.31263923644,71.1552000046,71.4368009567,0.09101525396051176,0.12762850307467505,0.3948680789174134,3,71.3151979446,71.27679824826667,71.1999988556,71.3151979446,0.05430537134560876,0.07618940900860312,0.16153511778722288,candidate_vs_matching_baseline,1.0745168574659703,6.934917488563485,1.071973493237547,6.714111280883883,1.0721529544136899,6.729725839644496,6.714111280883883,6.934917488563485,True,True,False,False,False,False
fp16,1,257,1,64,1.0,optimized_transform,257,100,2909,true,32896,65792,5,36.6143989563,36.80768013,36.4608001709,37.6448011398,0.4297718759576772,1.1676146783491328,3.233703140431527,5,36.5759992599,36.7692799568,36.5120005608,37.5679993629,0.40256731882699553,1.0948468920249987,2.887135890933104,5,36.6400003433,36.82431983946,36.5567994118,37.6767992973,0.42828174279089837,1.1630404706944855,3.0567682178114493,3,36.6143989563,36.61013285316667,36.5759992599,36.6400003433,0.02630189341792258,0.07184320669748004,0.17479758025357026,candidate_vs_matching_baseline,1.0519140478277043,4.935198644310468,1.053018410822368,5.034898751766603,1.0522270728731016,4.963479292591844,4.935198644310468,5.034898751766603,False,True,False,False,False,False
fp16,1,257,1,64,1.0,warp32_fused,257,100,2909,true,32896,42148,5,21.8623995781,21.6512002945,21.2928009033,21.9264006615,0.29081631977572175,1.3431879795116815,2.898125413619686,5,21.6896009445,21.72800016402,21.5808010101,21.9072008133,0.11668374435725738,0.537020174320862,1.5048677199511538,5,21.5423989296,21.47199964524,21.1199998856,21.8048000336,0.2878432053777802,1.3405514629914332,3.178848141462378,3,21.6896009445,21.698133150733334,21.5423989296,21.8623995781,0.13077895515591964,0.6027198480506131,1.4753643892242467,candidate_vs_matching_baseline,1.9233022038221421,48.006090877828825,1.9371495517696151,48.37775952370404,1.9527629625128804,48.79050764496441,48.006090877828825,48.79050764496441,True,True,False,False,False,False
fp16,1,257,1,64,1.0,warp32_split,257,100,2909,true,32896,107940,5,43.0719995499,43.20896053314,42.9824018478,43.5391998291,0.2130190468499626,0.4929973880917206,1.2927144946102078,5,43.308801651,43.28192043302,43.0335998535,43.5328006744,0.17898968260061332,0.41354376333093845,1.152654430207431,5,43.398399353,43.26784038544,43.0208015442,43.4367990494,0.18683533519520093,0.4318110946394094,0.9585549499563442,3,43.308801651,43.259733517966666,43.0719995499,43.398399353,0.13769524108325348,0.31829886567855487,0.7536569719251658,candidate_vs_matching_baseline,1.776225850236331,43.70085313942775,1.7651839567774052,43.34868067656572,1.7618345678828473,43.240981972463224,43.240981972463224,43.70085313942775,True,True,False,False,False,False
fp16,1,257,1,64,1.0,warp32_transform,257,100,2909,true,32896,65792,5,21.676800251,21.67551994322,21.6447997093,21.7023992538,0.021947282361131998,0.10125377577388636,0.2657197733661968,5,21.7600011826,21.68704032898,21.5488004684,21.7919993401,0.1107479172697032,0.510664044469511,1.117641812880362,5,21.7088007927,21.6831998825,21.5039992332,21.7984008789,0.09748235629343405,0.4495755092499505,1.3561396067488014,3,21.7088007927,21.7152007421,21.676800251,21.7600011826,0.03426677952982943,0.15780088766757405,0.3832589943336636,candidate_vs_matching_baseline,1.7767936304678182,43.7188437164362,1.769999932063331,43.50282269026552,1.7759433457173917,43.69189746894486,43.50282269026552,43.7188437164362,True,True,False,False,False,False
fp16,1,257,1,128,1.0,baseline_fused,257,100,2909,true,65792,83268,5,69.4271993637,69.43871974946,69.4080018997,69.5103979111,0.03696401053732775,0.053232563432471985,0.14748688170985197,5,69.3631982803,69.40543937682,69.30560112,69.5423984528,0.08311099352597934,0.11974708938120593,0.34138756382467467,5,69.4271993637,69.42208003998,69.30560112,69.5488023758,0.09573552574485415,0.13790356856164537,0.3502967972623508,3,69.4271993637,69.40586566923334,69.3631982803,69.4271993637,0.030170400050284266,0.04346952488722922,0.09218445218382788,baseline,,,,,,,,,,,,,,
fp16,1,257,1,128,1.0,baseline_split,257,100,2909,true,65792,214852,5,104.089603424,104.015361786,103.852796555,104.166402817,0.13019669344829957,0.12517063942551557,0.30128490424020493,5,103.859195709,103.8553600312,103.596801758,104.025602341,0.15516950897347317,0.1494092446714907,0.4128672286288843,5,103.961601257,103.96159935,103.750400543,104.134397507,0.15645225769582205,0.1504904298067843,0.36936422617302606,3,103.961601257,103.97013346333334,103.859195709,104.089603424,0.09425683950980639,0.09065761134474978,0.22162770889841832,baseline,,,,,,,,,,,,,,
fp16,1,257,1,128,1.0,baseline_transform,257,100,2909,true,65792,131584,5,43.4751987457,43.206399917599995,42.5087976456,43.5391998291,0.3958292335189058,0.9161356518335285,2.37009194489747,5,43.1807994843,43.147521019,42.8096008301,43.4496021271,0.25246861050868347,0.5851288893225383,1.4821432318146266,5,43.3152008057,43.06559944154,42.5791978836,43.4111976624,0.3728522771187297,0.8657775160539986,1.9208032361020728,3,43.3152008057,43.3237330119,43.1807994843,43.4751987457,0.12033932631021656,0.2777676759229455,0.679667312915364,baseline,,,,,,,,,,,,,,
fp16,1,257,1,128,1.0,optimized_fused,257,100,2909,true,65792,83268,5,38.9120006561,38.77248048782,38.4895992279,38.9824008942,0.2027258702110898,0.5228602030627733,1.2664516292938102,5,38.8863992691,38.801919937120005,38.585600853,38.9567995071,0.14680410545886644,0.37834237505970864,0.9545719353732024,5,38.8544011116,38.77120018006,38.5920000076,38.9055991173,0.12554463656813697,0.3238090025201347,0.8071134819431691,3,38.8863992691,38.88426701226667,38.8544011116,38.9120006561,0.023563202542019695,0.06059829425249627,0.14812259705868489,candidate_vs_matching_baseline,1.7842104798797158,43.95280090119099,1.7837392914755554,43.937995604011505,1.7868554752468564,44.03576484763835,43.937995604011505,44.03576484763835,True,True,False,False,False,False
fp16,1,257,1,128,1.0,optimized_split,257,100,2909,true,65792,214852,5,78.0991983414,78.04287910464,77.7983999252,78.2847976685,0.17645431205269457,0.22609918300951506,0.6227947963995503,5,78.0927991867,78.0249595642,77.8431987762,78.1568002701,0.1301952309982663,0.16686356740901592,0.4015754297016141,5,78.0352020264,78.06336116792,77.8367996216,78.3616018295,0.20309749452473075,0.260170061199201,0.6725198298614825,3,78.0927991867,78.07573318483334,78.0352020264,78.0991983414,0.02877867727073452,0.03685995135339305,0.08194906017774858,candidate_vs_matching_baseline,1.33278709173155,24.969261316839052,1.3299458694097916,24.808969823427198,1.3322397912397135,24.93843776656365,24.808969823427198,24.969261316839052,True,True,False,False,False,False
fp16,1,257,1,128,1.0,optimized_transform,257,100,2909,true,65792,131584,5,43.283200264,43.25120067598,43.1616020203,43.3215999603,0.06675650092552686,0.1543460063123768,0.36965367399848204,5,43.308801651,43.30496025086,43.2448005676,43.3408021927,0.03425053943445094,0.07909149260510116,0.22166770134536273,5,43.3215999603,43.30111980438,43.2000017166,43.3920001984,0.06481369274120631,0.14968133164687872,0.4431934230867436,3,43.308801651,43.30453395843333,43.283200264,43.3215999603,0.015964420207985556,0.03686547053781783,0.08866487835299094,candidate_vs_matching_baseline,1.0044358661219348,0.4416276112342965,0.9970444306510373,-0.29643306337239217,0.9998522872053234,-0.014773461696981904,-0.29643306337239217,0.4416276112342965,False,False,True,False,False,False
fp16,1,257,1,128,1.0,warp32_fused,257,100,2909,true,65792,83268,5,25.5232000351,26.3308801651,25.3952002525,28.5888004303,1.237869449065088,4.701208016228069,12.512538292252145,5,25.1135993004,25.09311962128,24.4736003876,25.7983994484,0.423820833869542,1.6889922029069853,5.275225764946004,5,25.1200008392,25.36064004898,24.9151992798,26.1631989479,0.47784616460003765,1.8842038831715389,4.968151379009848,3,25.1200008392,25.2522667249,25.1135993004,25.5232000351,0.1915966054965469,0.7587303254151955,1.6305761186950831,candidate_vs_matching_baseline,2.7201604527732557,63.2374627393586,2.761977582368896,63.794058055231616,2.763821538387777,63.81821379887895,63.2374627393586,63.81821379887895,True,True,False,False,False,False
fp16,1,257,1,128,1.0,warp32_split,257,100,2909,true,65792,214852,5,53.7215995789,54.17216014862,53.5487985611,55.0207996368,0.6771502889517756,1.2499968380327282,2.740054442232489,5,54.8736000061,55.23072052,54.6496009827,55.9808015823,0.5734836939187898,1.0383418657577017,2.4259399774245174,5,54.5792007446,55.101440429680004,54.3232011795,56.0896015167,0.7609015917393734,1.3809105275758258,3.236398322257884,3,54.5792007446,54.391466776533335,53.7215995789,54.8736000061,0.4886779976915876,0.8984460737183557,2.1106949377853947,candidate_vs_matching_baseline,1.9375745368699488,48.38908227936108,1.8926987786012681,47.16539095888177,1.9047842371947126,47.50061553046246,47.16539095888177,48.38908227936108,True,True,False,False,False,False
fp16,1,257,1,128,1.0,warp32_transform,257,100,2909,true,65792,131584,5,25.5360007286,25.541120052340002,25.4656004906,25.6575989723,0.06921398502269452,0.2709904063755158,0.7518737320717758,5,25.8879995346,26.04031991956,25.4272007942,27.2128009796,0.6221567239299897,2.389205377859667,6.897405042879029,5,25.5232000351,25.57696008684,25.4207992554,25.926399231,0.18542749977923348,0.7249786493377713,1.980942730161938,3,25.5360007286,25.6490667661,25.5232000351,25.8879995346,0.16903178268366315,0.6590172820910194,1.4285694278330259,candidate_vs_matching_baseline,1.7025061679689066,41.263061549256996,1.6679851769383616,40.04742884852664,1.69709130305495,41.07565113321301,40.04742884852664,41.263061549256996,True,True,False,False,False,False
fp16,1,257,1,256,1.0,baseline_fused,257,100,2909,true,131584,165508,5,109.414396286,109.2799987792,108.806400299,109.612798691,0.28812736671527805,0.2636597455472513,0.7370130616926625,5,109.318399429,109.2467193602,108.959999084,109.440002441,0.17668783622064674,0.16173285317436856,0.4390874358819653,5,109.337596893,109.2249584196,108.915195465,109.440002441,0.20725124034893064,0.18974714511014196,0.4799876629020799,3,109.337596893,109.356797536,109.318399429,109.414396286,0.04147567686552239,0.03792693074417134,0.08779857956266171,baseline,,,,,,,,,,,,,,
fp16,1,257,1,256,1.0,baseline_split,257,100,2909,true,131584,428676,5,149.945602417,149.8892803192,148.985595703,150.598402023,0.5757384459014382,0.38410915355345077,1.075594278193485,5,150.054397583,150.1580791472,149.491195679,150.758399963,0.47131902718641516,0.3138818969070462,0.8444965988411433,5,150.105600357,150.1350402832,149.433603287,150.816001892,0.557976538401112,0.3716497743288974,0.9209507185023061,3,150.054397583,150.035200119,149.945602417,150.105600357,0.06671452699916265,0.04446591662906319,0.10662662512871865,baseline,,,,,,,,,,,,,,
fp16,1,257,1,256,1.0,baseline_transform,257,100,2909,true,131584,263168,5,49.9840021133,49.8790397644,49.5423984528,50.1119995117,0.23742624395756617,0.4760040391295256,1.1395667309889854,5,49.8176002502,49.68448066712,49.2736005783,49.9968004227,0.298967140199517,0.6017314384396218,1.4516954665978645,5,49.875202179,49.710080146799996,49.1584014893,50.2655982971,0.4357522320091569,0.8765872650422748,2.2199344753056205,3,49.875202179,49.892268180833334,49.8176002502,49.9840021133,0.06899676960901505,0.1382915071308001,0.3336364682849601,baseline,,,,,,,,,,,,,,
fp16,1,257,1,256,1.0,optimized_fused,257,100,2909,true,131584,165508,5,46.2656021118,46.25151920316,46.04159832,46.4319992065,0.1264160939967469,0.27332311710986973,0.8438253663198999,5,46.1952018738,46.2451210022,46.1375999451,46.4639997482,0.11365317351202531,0.24576251731856974,0.7065664611482588,5,46.1439990997,46.17088031768,46.0288000107,46.3999986649,0.13596882531421578,0.29449043288470694,0.804435379339297,3,46.1952018738,46.20160102843333,46.1439990997,46.2656021118,0.04985000851196407,0.10789671224009194,0.26323732155605384,candidate_vs_matching_baseline,2.3649188877214233,57.71525166499514,2.366444890264693,57.742518994889956,2.369486802753315,57.796768530720996,57.71525166499514,57.796768530720996,True,True,False,False,False,False
fp16,1,257,1,256,1.0,optimized_split,257,100,2909,true,131584,428676,5,91.3216018677,91.38175964358,90.643196106,91.9104003906,0.4599405509779268,0.5033176782454745,1.3876281829088262,5,91.4815998077,91.43680000304,91.0783958435,91.9167995453,0.32224475122249474,0.35242347852481826,0.9164724967232393,5,91.334400177,91.36256027222001,91.0272026062,91.6479969025,0.24775632350703297,0.2711792694609572,0.6796938449225404,3,91.334400177,91.37920061746667,91.3216018677,91.4815998077,0.0725954305291347,0.07944415144649279,0.17517818006132552,candidate_vs_matching_baseline,1.641951075652726,39.096845525530085,1.640268621213705,39.03437601214018,1.6434727776840412,39.15323614856669,39.03437601214018,39.15323614856669,True,True,False,False,False,False
fp16,1,257,1,256,1.0,optimized_transform,257,100,2909,true,131584,263168,5,52.5952005386,52.56576061248,52.044801712,52.8704023361,0.2815591619724316,0.5356322417706721,1.569726164451229,5,52.3583984375,52.37760066986,52.044801712,52.6656007767,0.22818475258846171,0.435653313000585,1.185672372009329,5,52.4927997589,52.49407958984,52.1727991104,52.7551984787,0.20142772819895557,0.38371513468338064,1.1094842930363198,3,52.4927997589,52.48213291166667,52.3583984375,52.5952005386,0.09696784688327614,0.1847635404728766,0.4511134902074787,candidate_vs_matching_baseline,0.9503529143617654,-5.224068331665643,0.9514729582431186,-5.100201885557087,0.950134159505253,-5.248294674587095,-5.248294674587095,-5.100201885557087,False,False,True,True,True,True
fp16,1,257,1,256,1.0,warp32_fused,257,100,2909,true,131584,165508,5,39.3792009354,39.31008005142,38.7840008736,39.737598896,0.33366949174280497,0.8488140734039329,2.4215778881962096,5,39.6287989616,39.81440067292,39.3472003937,40.4544019699,0.38500227728253955,0.9669925222418357,2.7939316991990286,5,39.5391988754,39.704319000219996,38.9439988136,40.8383989334,0.6379152841472054,1.60666471610726,4.791195000611502,3,39.5391988754,39.51573292413333,39.3792009354,39.6287989616,0.10324011436894992,0.26126331647994916,0.6312672823406376,candidate_vs_matching_baseline,2.7784818809678216,64.0091228649052,2.7585594893988254,63.74919577253958,2.765296212438596,63.83750878108848,63.74919577253958,64.0091228649052,True,True,False,False,False,False
fp16,1,257,1,256,1.0,warp32_split,257,100,2909,true,131584,428676,5,71.5776014328,71.64672088622,70.8864021301,72.5568008423,0.6154307310547016,0.8589796203402645,2.333689141243788,5,70.0479984283,70.09023952484,69.0623998642,71.3471984863,0.8477675065765562,1.2095371799608519,3.2617614683718354,5,71.6544008255,71.340801239,69.6960020065,72.1152019501,0.871979739953191,1.2222735444643482,3.376205670174376,3,71.5776014328,71.0933335622,70.0479984283,71.6544008255,0.7398282202890368,1.0406435923302944,2.2442808435096233,candidate_vs_matching_baseline,2.094867659930951,52.26428766230698,2.1421653858759897,53.31826353869158,2.094855286314545,52.26400570326323,52.26400570326323,53.31826353869158,True,True,False,False,False,False
fp16,1,257,1,256,1.0,warp32_transform,257,100,2909,true,131584,263168,5,32.4927997589,32.69887971878,32.300798893,33.2096004486,0.3565762167176254,1.0904845052316348,2.796932127558732,5,32.7360010147,32.69503974916,32.300798893,33.1647992134,0.3087058090190129,0.944197686827844,2.639297084613437,5,32.7360010147,32.84992027282,32.4991989136,33.5488009453,0.3671930915859142,1.1177899018821347,3.2062622164163668,3,32.7360010147,32.654933929433334,32.4927997589,32.7360010147,0.1146461714461773,0.35108376484216874,0.7429168140934311,candidate_vs_matching_baseline,1.5383101020591199,34.99360118213875,1.5217985919486487,34.28828195198227,1.5235581816057402,34.36417380883615,34.28828195198227,34.99360118213875,True,True,False,False,False,False
fp16,4,64,16,64,1.0,baseline_fused,4096,100,2909,true,524288,671744,5,157.580795288,157.5193576812,157.145595551,158.003196716,0.3021611949127748,0.19182480132017315,0.5442294941033875,5,157.395200729,157.3478393554,156.844797134,157.760000229,0.3089724549143199,0.19636269311359714,0.5814682345847307,5,157.612800598,157.2800006866,155.603199005,158.291196823,0.912021411432549,0.5798711898850162,1.70544385214999,3,157.580795288,157.52959887166668,157.395200729,157.612800598,0.09592785668141471,0.06089513168859362,0.13808780987702485,baseline,,,,,,,,,,,,,,
fp16,4,64,16,64,1.0,baseline_split,4096,100,2909,true,524288,1720320,5,306.771202087,306.766078949,306.30399704,307.05280304,0.2638605520524524,0.08601360129400726,0.24409266414376188,5,307.283191681,307.0668792726,306.444797516,307.686405182,0.4904486456226275,0.15972046440971888,0.40405974020503654,5,306.950397491,306.9721603394,306.464004517,307.6927948,0.40601298794773866,0.1322637816728512,0.40032210189141476,3,306.950397491,307.00159708633333,306.771202087,307.283191681,0.21213106799460035,0.0690977082881253,0.16679880468798255,baseline,,,,,,,,,,,,,,
fp16,4,64,16,64,1.0,baseline_transform,4096,100,2909,true,524288,1048576,5,165.203208923,165.2185630798,164.697608948,165.631999969,0.3053413249792238,0.1848105438562282,0.5656010116822214,5,164.729595184,164.94719696020002,164.499206543,165.740795135,0.4468070565578912,0.27087884170938714,0.7537131324903501,5,165.139198303,164.8755187988,163.680000305,165.286407471,0.6006376007978423,0.3642976259749085,0.9727594553611284,3,165.139198303,165.02400080333334,164.729595184,165.203208923,0.2098099797268607,0.12713906989620308,0.2867966805379587,baseline,,,,,,,,,,,,,,
fp16,4,64,16,64,1.0,optimized_fused,4096,100,2909,true,524288,671744,5,129.100799561,129.1609592438,128.838396072,129.83039856,0.36119090144566834,0.27964402212583156,0.7683937600489275,5,129.216003418,129.0240020754,128.42880249,129.721603394,0.5098840790402013,0.3951854467684481,1.0004959678391507,5,129.664001465,129.6755199434,129.30560112,130.143995285,0.317721312409184,0.24501256100446803,0.6465897670343677,3,129.216003418,129.32693481466669,129.100799561,129.664001465,0.2429381639321983,0.18784807996906705,0.4358607982775261,candidate_vs_matching_baseline,1.2206027834362343,18.07326563808044,1.2180782299839694,17.903466675275816,1.215547868469447,17.73256932619637,17.73256932619637,18.07326563808044,True,True,False,False,False,False
fp16,4,64,16,64,1.0,optimized_split,4096,100,2909,true,524288,1720320,5,279.993591309,279.93472290020003,279.206409454,280.652809143,0.5187762787473748,0.18532044662866795,0.5165831411490378,5,280.256004333,280.2483177184,279.519996643,280.767993927,0.4113037625446215,0.14676404336453822,0.44530617175185927,5,280.979194641,280.7436790468,279.257602692,281.478404999,0.7854579243741635,0.27977759892618187,0.7903796257361706,3,280.256004333,280.409596761,279.993591309,280.979194641,0.4167704863723479,0.1486291807364823,0.35167964887877623,candidate_vs_matching_baseline,1.0956365131530754,8.728854141402065,1.0964374961825485,8.795530663472718,1.0924310530649173,8.46104226034159,8.46104226034159,8.795530663472718,True,True,False,False,False,False
fp16,4,64,16,64,1.0,optimized_transform,4096,100,2909,true,524288,1048576,5,161.695995331,161.7395210264,160.99199295,162.604808807,0.5294114622184746,0.3273235006872941,0.9974371064035931,5,161.804790497,161.807357788,161.542396545,162.06079483,0.1716617693684375,0.10609021228401044,0.32038500430529643,5,161.843204498,161.8419189454,161.721591949,162.003192902,0.10218980598877547,0.06314174143180473,0.17399615502762036,3,161.804790497,161.78133010866668,161.695995331,161.843204498,0.06234541992144195,0.03853684469003021,0.09097948617456363,candidate_vs_matching_baseline,1.021690169783244,2.1229694113476194,1.0180761316028788,1.7755186514803567,1.0203653518553553,1.9958882196778327,1.7755186514803567,2.1229694113476194,False,True,False,False,False,False
fp16,4,64,16,64,1.0,warp32_fused,4096,100,2909,true,524288,671744,5,143.302402496,143.29471969600002,142.77759552,143.8463974,0.34662751472808645,0.2418983166047272,0.7458366792069858,5,143.32159996,143.3689613342,143.148803711,143.654403687,0.1799570529710707,0.12552023206165389,0.35277304756653755,5,143.596801758,143.6454391478,142.950401306,144.287996292,0.535592145387151,0.37285704897046423,0.9314935775897111,3,143.32159996,143.406934738,143.302402496,143.596801758,0.13448481852057387,0.0937784625034162,0.20541164910393783,candidate_vs_matching_baseline,1.0996381954754633,9.06099805239865,1.098195950735464,8.941569186236931,1.0976066226295262,8.892677997486109,8.892677997486109,9.06099805239865,True,True,False,False,False,False
fp16,4,64,16,64,1.0,warp32_split,4096,100,2909,true,524288,1720320,5,235.366401672,235.340801239,234.38079834,236.639995575,0.8128835042407498,0.3454069587428774,0.9598639478494222,5,235.315208435,235.2499198912,234.195194244,235.807991028,0.5854723181579741,0.24887248353952568,0.6853771988330734,5,234.976005554,235.060482025,234.636802673,235.635204315,0.376271821956747,0.16007447050020446,0.4248951460580349,3,235.315208435,235.21920522033332,234.976005554,235.366401672,0.17323345550078464,0.07364766637082813,0.16590347925081997,candidate_vs_matching_baseline,1.303377202131457,23.27623972824857,1.30583651487991,23.420735397955696,1.3063052832450142,23.448215908927217,23.27623972824857,23.448215908927217,True,True,False,False,False,False
fp16,4,64,16,64,1.0,warp32_transform,4096,100,2909,true,524288,1048576,5,88.025598526,87.94367980958,87.7056026459,88.1087970734,0.16035165581957,0.18233448516911202,0.458042244814622,5,88.2431983948,88.07807922364,87.3087978363,88.3648014069,0.3924494067286594,0.4455698968323173,1.1966968444133663,5,87.8592014313,87.942401886,87.7248001099,88.1984043121,0.18886127143977965,0.21475564390952281,0.5390490631426013,3,88.025598526,88.04266611736666,87.8592014313,88.2431983948,0.1572299674587126,0.17858383258080202,0.43623328887288343,candidate_vs_matching_baseline,1.8767632562498757,46.71677438963787,1.8667681836168257,46.43148470301652,1.8795891109040843,46.79688266979802,46.43148470301652,46.79688266979802,True,True,False,False,False,False
fp16,4,64,16,128,1.0,baseline_fused,4096,100,2909,true,1048576,1327104,5,209.657592773,209.5769577024,209.260807037,209.708805084,0.16178351593843163,0.07719527838941377,0.2136808121635996,5,209.535999298,209.5001602174,209.241600037,209.651203156,0.13771784858370667,0.06573639296542577,0.19548102491804414,5,209.836807251,209.725440979,209.356803894,209.983997345,0.2299201732129349,0.1096291285118609,0.29889582252830516,3,209.657592773,209.67679977400002,209.535999298,209.836807251,0.1235530596210217,0.058925479478031555,0.1434758212289947,baseline,,,,,,,,,,,,,,
fp16,4,64,16,128,1.0,baseline_split,4096,100,2909,true,1048576,3424256,5,428.268814087,428.2598342896,427.321586609,429.183998108,0.5945166516430717,0.1388214826705053,0.43486974482846213,5,427.891197205,428.006401062,427.276802063,429.030418396,0.6172762316973724,0.14422126168341004,0.4098276254465404,5,426.995201111,427.098876953,426.476783752,428.012809753,0.5699060677233182,0.13343656433590514,0.35972910163940763,3,427.891197205,427.71840413433335,426.995201111,428.268814087,0.5341133382293414,0.12487499557339427,0.29764879116918547,baseline,,,,,,,,,,,,,,
fp16,4,64,16,128,1.0,baseline_transform,4096,100,2909,true,1048576,2097152,5,229.990406036,229.6793632508,227.833595276,230.841598511,0.9990306844198459,0.4349675435702716,1.3078820490143195,5,229.766407013,229.6755218506,228.243198395,230.547199249,0.8351696235083942,0.36363022788804533,1.0027579244295803,5,229.651203156,229.4387207034,228.281593323,230.355205536,0.6947192535488775,0.3027907632238566,0.9029398429022832,3,229.766407013,229.80267206833332,229.651203156,229.990406036,0.14083326815498107,0.061284434548743355,0.147629448712577,baseline,,,,,,,,,,,,,,
fp16,4,64,16,128,1.0,optimized_fused,4096,100,2909,true,1048576,1327104,5,175.321598053,175.4496002198,175.123195648,175.820808411,0.29454031207366127,0.16787744839809646,0.39790463396820375,5,175.206394196,175.1232032778,174.617595673,175.385608673,0.28662083464245586,0.1636681086673511,0.43834758629918213,5,175.219192505,175.208961487,174.931201935,175.44960022,0.16741043650397636,0.09554901477821824,0.2958570220469569,3,175.219192505,175.24906158466666,175.206394196,175.321598053,0.05155646488411246,0.029418967735358972,0.06574842364755457,candidate_vs_matching_baseline,1.195845777709716,16.37717683669877,1.195938083535902,16.383631078675307,1.1975674824834739,16.497398716418488,16.37717683669877,16.497398716418488,True,True,False,False,False,False
fp16,4,64,16,128,1.0,optimized_split,4096,100,2909,true,1048576,3424256,5,402.278404236,402.214401245,401.478385925,403.014411926,0.5123128249659289,0.12737306853760935,0.3818315835067446,5,401.542396545,401.8508834838,400.934410095,403.027191162,0.818239257755731,0.2036176331533976,0.5211855796565928,5,401.427192688,401.8841629028,401.094398499,403.494415283,0.9181908730441527,0.2284715243347937,0.5978710031897015,3,401.542396545,401.7493311563333,401.427192688,402.278404236,0.3770558976136833,0.0938535221772302,0.2119854728477189,candidate_vs_matching_baseline,1.0646080166802903,6.068714087064075,1.0656189754474585,6.1578272308734805,1.0636927664311773,5.987891282261371,5.987891282261371,6.1578272308734805,True,True,False,False,False,False
fp16,4,64,16,128,1.0,optimized_transform,4096,100,2909,true,1048576,2097152,5,237.113609314,236.984325409,236.128005981,237.728004456,0.5455327080683565,0.2301978019545586,0.6747813757417834,5,237.024002075,236.8358421326,235.340805054,237.600002289,0.7876677929281635,0.33257964074844837,0.9531512484905021,5,237.267208099,236.80640029879999,234.265594482,238.099193573,1.3183829045205007,0.5567344898013643,1.6157306868129975,3,237.113609314,237.13493982933332,237.024002075,237.267208099,0.10042753835729765,0.04235037587863502,0.10256940742609191,candidate_vs_matching_baseline,0.9699586906942695,-3.0971740955511917,0.9693803370187651,-3.158684142016188,0.9679011482285315,-3.316335746704757,-3.316335746704757,-3.0971740955511917,False,False,True,True,True,True
fp16,4,64,16,128,1.0,warp32_fused,4096,100,2909,true,1048576,1327104,5,177.139205933,177.3017616274,176.928005219,178.329601288,0.5228860623720792,0.29491306661178324,0.7912398961131866,5,177.868804932,177.9276809692,177.414398193,178.854408264,0.5226364498238595,0.29373532379952166,0.8095911318179211,5,177.260799408,177.3273620606,176.832008362,178.24640274,0.49894599213630125,0.28136999633806714,0.7979171834515398,3,177.260799408,177.42293675766666,177.139205933,177.868804932,0.319160424607171,0.1798867894082357,0.4115963605245153,candidate_vs_matching_baseline,1.1835753224066023,15.510235718106447,1.1780368085236,15.11300896843184,1.1837744608610279,15.52444886565284,15.11300896843184,15.52444886565284,True,True,False,False,False,False
fp16,4,64,16,128,1.0,warp32_split,4096,100,2909,true,1048576,3424256,5,318.892803192,318.6035194398,317.83039093,319.020805359,0.4664488286526218,0.14640416699500933,0.37329610987904854,5,318.22719574,318.2118377686,317.267208099,319.276790619,0.7249484466013196,0.22781944621698638,0.6314930172221556,5,318.080005646,318.4025611878,317.555198669,319.839992523,0.8377332892626105,0.26310507243957093,0.7183079141864691,3,318.22719574,318.400001526,318.080005646,318.892803192,0.3536065067766646,0.11105731943527951,0.25541423136696123,candidate_vs_matching_baseline,1.3429867648319005,25.539102380866098,1.344609143822511,25.628945437842386,1.3424144665861666,25.507358204872844,25.507358204872844,25.628945437842386,True,True,False,False,False,False
fp16,4,64,16,128,1.0,warp32_transform,4096,100,2909,true,1048576,2097152,5,141.196804047,140.9817600252,140.435199738,141.471996307,0.3966475177853306,0.2813466917383009,0.7342918106382212,5,140.934400558,141.0137596132,140.307197571,141.715202332,0.478669522692741,0.3394488055674347,0.9990497390454732,5,141.260795593,141.1622390746,140.51199913,141.657600403,0.37297493570921647,0.2642172142878171,0.8109831664127906,3,141.196804047,141.13066673266667,140.934400558,141.260795593,0.14121859645855273,0.10006230376991886,0.23116318899921556,candidate_vs_matching_baseline,1.6288641062969342,38.60752433955932,1.6303074771190598,38.66187734309392,1.6257249733866008,38.48898083192588,38.48898083192588,38.66187734309392,True,True,False,False,False,False
fp16,4,64,16,256,1.0,baseline_fused,4096,100,2909,true,2097152,2637824,5,655.731201172,655.7030487062,654.694366455,657.094421387,0.8373202125774917,0.1276980813539985,0.3660120073149376,5,654.937591553,655.6915130614,654.419174194,657.580795288,1.3103256911167391,0.19983874505236096,0.4827362385022218,5,654.207992554,654.251525879,652.998428345,655.187225342,0.7590136508826305,0.1160125151963353,0.3345720354860056,3,654.937591553,654.9589284263334,654.207992554,655.731201172,0.6220303155045908,0.09497241559850783,0.23257309362685266,baseline,,,,,,,,,,,,,,
fp16,4,64,16,256,1.0,baseline_split,4096,100,2909,true,2097152,6832128,5,1102.98881531,1102.750717162,1098.88000488,1104.76799011,2.128075453170766,0.1929788319383283,0.5338209371003726,5,1102.04803467,1102.521606444,1099.74403381,1105.27359009,2.3043881742936496,0.20901070426420668,0.5017527463451932,5,1103.19358826,1103.161605836,1100.78720093,1104.85122681,1.376772331503799,0.1248024155500273,0.368387373100136,3,1102.98881531,1102.7434794133335,1102.04803467,1103.19358826,0.49880893705931995,0.04523345151174138,0.10385903955680638,baseline,,,,,,,,,,,,,,
fp16,4,64,16,256,1.0,baseline_transform,4096,100,2909,true,2097152,4194304,5,441.862411499,442.4972839356,441.375999451,444.236793518,1.0786432039088274,0.24376267223954542,0.6474400158399767,5,442.207984924,442.6201629638,442.003211975,443.539199829,0.618461127532451,0.13972728295774275,0.3473451195739865,5,441.542396545,441.945602417,441.06880188,444.057617188,1.0902177978251697,0.24668597036892545,0.6769033577266831,3,441.862411499,441.8709309893333,441.542396545,442.207984924,0.27179208824838935,0.06150938411808546,0.1506324959260645,baseline,,,,,,,,,,,,,,
fp16,4,64,16,256,1.0,optimized_fused,4096,100,2909,true,2097152,2637824,5,353.075218201,353.0035247804,352.435188293,353.24798584,0.29483429968153446,0.0835216305176975,0.23020520985341147,5,353.145599365,353.1571121214,352.659187317,353.862380981,0.4339939808949124,0.12288977511678263,0.34070753427581096,5,352.748794556,352.5632019044,351.884803772,352.972793579,0.40877505419743937,0.11594376610758192,0.30843189935473003,3,353.075218201,352.98987070733335,352.748794556,353.145599365,0.1728711661281629,0.04897340702206487,0.1123853469585928,candidate_vs_matching_baseline,1.8571997335669788,46.15549518309601,1.8545823386463252,46.079503769570664,1.8546002216037125,46.08002369722146,46.079503769570664,46.15549518309601,True,True,False,False,False,False
fp16,4,64,16,256,1.0,optimized_split,4096,100,2909,true,2097152,6832128,5,704.332809448,704.4172973632001,703.507232666,705.465621948,0.6679339483357204,0.09482077609904732,0.27804885073220065,5,704.396820068,704.7488098144,704.000015259,706.271972656,0.8031056422142479,0.11395629634702763,0.3225394170264318,5,705.446395874,704.9292755126,703.3984375,705.939178467,0.9243832346311223,0.13113134419888334,0.3601607410372022,3,704.396820068,704.7253417966667,704.332809448,705.446395874,0.5105314725508836,0.07244403489866076,0.158090779838058,candidate_vs_matching_baseline,1.566005161926838,36.14325007910038,1.5645272710964429,36.08292942703479,1.5638234098470634,36.05416099393239,36.05416099393239,36.14325007910038,True,True,False,False,False,False
fp16,4,64,16,256,1.0,optimized_transform,4096,100,2909,true,2097152,4194304,5,387.379188538,386.8364791872,384.467201233,387.929611206,1.2831656972019432,0.33170752145662735,0.8938038168925364,5,387.532806396,387.1334381102,385.081596375,388.134384155,1.0978393774200912,0.2835816463644208,0.7877495091036315,5,387.763214111,387.4124832154,384.697608948,388.947181702,1.4329397142397025,0.36987443005108145,1.095919519788066,3,387.532806396,387.558403015,387.379188538,387.763214111,0.15781909550214723,0.040721371095142796,0.09909498413086985,candidate_vs_matching_baseline,1.1406457150334381,12.33035930260914,1.14108529039508,12.364131899924136,1.1386907795193932,12.179845662571386,12.179845662571386,12.364131899924136,True,True,False,False,False,False
fp16,4,64,16,256,1.0,warp32_fused,4096,100,2909,true,2097152,2637824,5,330.764808655,330.723838806,330.444793701,330.975990295,0.17450198776056283,0.052763655740862496,0.1605964661597514,5,330.252799988,330.1785583498,328.512001038,331.929588318,1.0878432644294724,0.3294712018449672,1.0348397591554717,5,330.956802368,330.6649627686,328.953590393,332.083206177,1.0359730654745132,0.31329992049973837,0.9456266683771324,3,330.764808655,330.6581370036667,330.252799988,330.956802368,0.29714078443285724,0.08986344238356433,0.21284077434438337,candidate_vs_matching_baseline,1.9824696703328921,49.557866384302265,1.9831401628594751,49.57492068749657,1.9767171663284566,49.41107321603351,49.41107321603351,49.57492068749657,True,True,False,False,False,False
fp16,4,64,16,256,1.0,warp32_split,4096,100,2909,true,2097152,6832128,5,562.579193115,562.2451248168,560.435218811,563.334388733,1.0441724239691683,0.18571480265113868,0.5153354332120325,5,562.393608093,562.455039978,561.516799927,563.571205139,0.6538628004504657,0.11625156749880687,0.36529668588628056,5,563.302383423,563.2767944338,562.681617737,564.121589661,0.5341260731834422,0.0948247963455232,0.2556303623730104,3,562.579193115,562.758394877,562.393608093,563.302383423,0.3920485545882511,0.06966551865902236,0.16153731618976852,candidate_vs_matching_baseline,1.9605929775019817,48.995022859149806,1.959567140897804,48.96832167017071,1.958439411451203,48.93893606547673,48.93893606547673,48.995022859149806,True,True,False,False,False,False
fp16,4,64,16,256,1.0,warp32_transform,4096,100,2909,true,2097152,4194304,5,226.796798706,226.8659210204,226.041603088,227.500801086,0.4919326808740817,0.21683850913414476,0.6433944422167913,5,226.912002563,226.9593544006,226.566390991,227.481594086,0.3265283015790068,0.14387082763844147,0.40332952186868654,5,227.110404968,226.8288002014,225.58719635,227.526397705,0.7046637778462052,0.3106588657262826,0.8538584373856535,3,226.912002563,226.93973541233333,226.796798706,227.110404968,0.1295223406482808,0.057073451862869204,0.13820611446630626,candidate_vs_matching_baseline,1.9482744642784517,48.672529546787835,1.948808260159024,48.68658859654057,1.9441751099304039,48.56430396149876,48.56430396149876,48.68658859654057,True,True,False,False,False,False
fp16,16,64,16,64,1.0,baseline_fused,16384,100,2909,true,2097152,2686976,5,562.38079071,562.3347167968,561.216011047,563.129615784,0.6654439254401696,0.1183359137473684,0.34026850998662206,5,562.099189758,562.0223999022,561.16481781,562.854385376,0.6965762891036374,0.12394101893889847,0.300581747276196,5,561.465606689,562.140159607,560.57598114,564.511985779,1.6043465134280548,0.28539973279078223,0.7010232847940535,3,562.099189758,561.9818623856667,561.465606689,562.38079071,0.3827224688965833,0.06810228132130278,0.16281539587240573,baseline,,,,,,,,,,,,,,
fp16,16,64,16,64,1.0,baseline_split,16384,100,2909,true,2097152,6881280,5,973.24798584,973.0316772461999,970.476837158,974.694366455,1.4017030154888739,0.1440552294716516,0.43334580275138723,5,970.988769531,971.66847229,969.311981201,973.875198364,1.7431952998358793,0.1794022703780403,0.4699557097044575,5,972.921600342,972.9087982178,970.284805298,975.110397339,1.6301728857345206,0.16755659818481589,0.495989814523971,3,972.921600342,972.386118571,970.988769531,973.24798584,0.9970189326245997,0.10253323382380239,0.23220949233790233,baseline,,,,,,,,,,,,,,
fp16,16,64,16,64,1.0,baseline_transform,16384,100,2909,true,2097152,4194304,5,462.086410522,463.1129608152,461.433601379,465.312004089,1.5715294936068627,0.3393404258953495,0.8393241224338914,5,463.980789185,463.5494308474,459.161605835,466.310386658,2.4882037502316523,0.536772042990765,1.5407493132543582,5,463.052787781,462.8351974488,461.184005737,464.81918335,1.2650756563657037,0.2733317741042479,0.7850460485121292,3,463.052787781,463.03999582933335,462.086410522,463.980789185,0.7734297448068556,0.16703303208648207,0.4091064157238031,baseline,,,,,,,,,,,,,,
fp16,16,64,16,64,1.0,optimized_fused,16384,100,2909,true,2097152,2686976,5,475.769615173,475.6928024292,474.451217651,476.48639679,0.6746378802848769,0.1418221753282229,0.42776568198034276,5,475.987205505,475.84639739979997,473.651199341,479.116783142,1.8715115690632986,0.39330161566630056,1.1482627553405038,5,475.372810364,475.4124832152,474.431991577,476.24961853,0.6591645088580396,0.13865107293778453,0.38235820673214727,3,475.769615173,475.70987701399997,475.372810364,475.987205505,0.25435779661944335,0.053469101422915735,0.12913711204038078,candidate_vs_matching_baseline,1.1820443609151172,15.400806173990112,1.1809123927220673,15.319713285847936,1.1811058488159587,15.333583268384853,15.319713285847936,15.400806173990112,True,True,False,False,False,False
fp16,16,64,16,64,1.0,optimized_split,16384,100,2909,true,2097152,6881280,5,904.095993042,904.4902496338,902.483215332,907.251205444,1.7212194253598014,0.19029717855517733,0.5273765339847611,5,903.35357666,904.1100769042,902.713623047,906.271972656,1.3566548496623771,0.15005416755310969,0.39390441361358797,5,904.742431641,904.7987060548,904.35836792,905.222396851,0.36058031678069824,0.03985199297564638,0.0954999899178877,3,904.095993042,904.0640004476667,903.35357666,904.742431641,0.5674487842564977,0.06276643954139455,0.15361808831017448,candidate_vs_matching_baseline,1.0764874452825801,7.105279826324596,1.0748712294039615,6.965599911486986,1.0753575452157562,7.007673452520091,6.965599911486986,7.105279826324596,True,True,False,False,False,False
fp16,16,64,16,64,1.0,optimized_transform,16384,100,2909,true,2097152,4194304,5,462.572784424,462.3654403686,461.612815857,462.918395996,0.46188443442040544,0.09989596844699053,0.2822431805247144,5,461.913604736,461.8163223266,460.819206238,462.271995544,0.5284896742436636,0.1144372012624343,0.3145153749758724,5,461.939201355,461.885444641,461.190414429,462.284812927,0.37081400240667506,0.08028267760091247,0.2369139693686632,3,461.939201355,462.141863505,461.913604736,462.572784424,0.30488623621487554,0.06597243407090232,0.14269836508060624,candidate_vs_matching_baseline,0.99894854622153,-0.10525604971818314,1.0044752621005424,0.4455323360760377,1.0024106774716965,0.2404880081462002,-0.10525604971818314,0.4455323360760377,False,False,True,False,False,False
fp16,16,64,16,64,1.0,warp32_fused,16384,100,2909,true,2097152,2686976,5,525.792007446,526.1491241456,524.364814758,529.395217896,1.8382688051295513,0.3493817096274119,0.9567287191060301,5,526.521606445,526.4294433594,525.568008423,527.667198181,0.7586891713187077,0.1441198209729962,0.39869014534339825,5,526.681594849,526.2630386354,524.326400757,526.892814636,0.9740082875437299,0.18508012458357959,0.4872799627136829,3,526.521606445,526.3317362466667,525.792007446,526.681594849,0.3871945730124597,0.07356473994397328,0.1689555361282196,candidate_vs_matching_baseline,1.0695879411361304,6.506051392297218,1.067570984509477,6.329413733600497,1.0660437201151343,6.195216844202367,6.195216844202367,6.506051392297218,True,True,False,False,False,False
fp16,16,64,16,64,1.0,warp32_split,16384,100,2909,true,2097152,6881280,5,840.838394165,838.8006439208,834.009628296,842.982406616,3.522936321291988,0.41999685465485004,1.067122812453226,5,840.806427002,838.4140777588,831.360015869,842.00958252,4.051015656801197,0.48317600625577967,1.2665895869721575,5,839.001617432,839.219192505,835.155181885,844.48638916,3.072983867761945,0.3661717814852806,1.1121798910901717,3,840.806427002,840.215479533,839.001617432,840.838394165,0.8584293312248176,0.10216775959685258,0.21845417375664233,candidate_vs_matching_baseline,1.1574732940287416,13.604918129958287,1.154830337100516,13.407193431483222,1.1596182654807028,13.764725016170331,13.407193431483222,13.764725016170331,True,True,False,False,False,False
fp16,16,64,16,64,1.0,warp32_transform,16384,100,2909,true,2097152,4194304,5,341.222381592,341.849594116,339.199981689,344.876785278,2.391415898313123,0.6995520660181456,1.6636668329065634,5,341.254386902,340.7411193848,337.337608337,344.921607971,2.6686766788357335,0.7831977202088101,2.2223889054876675,5,339.891204834,340.2905578612,337.151985168,343.308792114,2.4685896795030753,0.7254358437150584,1.8114051962618303,3,341.222381592,340.78932444266667,339.891204834,341.254386902,0.6352008651183852,0.18639106907389333,0.3994996054010235,candidate_vs_matching_baseline,1.354208971774065,26.156153086922618,1.359633185662882,26.45075079478476,1.362355898579815,26.59774138002794,26.156153086922618,26.59774138002794,True,True,False,False,False,False
fp16,16,64,16,128,1.0,baseline_fused,16384,100,2909,true,4194304,5308416,5,731.891174316,731.992324829,731.30241394,732.531204224,0.4666405127505746,0.06374937235299373,0.16789248553904948,5,731.673583984,731.7196960446,731.193618774,732.384033203,0.41525757770660077,0.05675090884546722,0.16269747262407128,5,731.212768555,731.191040039,730.643234253,731.628799438,0.36086173617770706,0.0493525927449083,0.1347850075085101,3,731.673583984,731.5925089516667,731.212768555,731.891174316,0.28282911777300646,0.03865937859017796,0.09271972855792715,baseline,,,,,,,,,,,,,,
fp16,16,64,16,128,1.0,baseline_split,16384,100,2909,true,4194304,13697024,5,1547.60955811,1547.64291382,1547.23846436,1548.01925659,0.2546605217495666,0.016454733806844098,0.05045149959873563,5,1548.33282471,1548.1958313,1546.47033691,1549.37606812,0.9578743935004882,0.061870363821879916,0.18766838522228732,5,1547.98080444,1547.9436950699999,1545.61920166,1549.92004395,1.483187705046751,0.09581664435021195,0.277835634502966,3,1547.98080444,1547.9743957533333,1547.60955811,1548.33282471,0.29530712500432316,0.019077003199436626,0.046723227957703145,baseline,,,,,,,,,,,,,,
fp16,16,64,16,128,1.0,baseline_transform,16384,100,2909,true,4194304,8388608,5,833.331222534,832.838394165,831.11038208,833.98399353,1.0870691030366122,0.13052581517048129,0.3448342474510794,5,833.030395508,832.917755127,832.012786865,833.561630249,0.5554167289729582,0.06668326200925691,0.18592879591813058,5,832.211227417,832.357116699,831.193618774,833.689575195,0.8002393977231148,0.09614135347298294,0.2999186190682452,3,833.030395508,832.857615153,832.211227417,833.331222534,0.47327726463554476,0.05682571138508488,0.13444828940688525,baseline,,,,,,,,,,,,,,
fp16,16,64,16,128,1.0,optimized_fused,16384,100,2909,true,4194304,5308416,5,638.124809265,638.287361145,637.913589478,638.854408264,0.34476096897751596,0.05401344127495523,0.14743491748638787,5,637.89440155,638.3449554442,637.459182739,639.513587952,0.7666189951556865,0.12009478395928194,0.32206039244239476,5,638.310394287,638.5139160156,638.028793335,639.385604858,0.4664288729859883,0.0730491319432093,0.21256296860330676,3,638.124809265,638.1098683673333,637.89440155,638.310394287,0.1701566182991493,0.026665724310848175,0.06518987053318864,candidate_vs_matching_baseline,1.1469404788680782,12.811517386943605,1.1470136470960222,12.81707915753464,1.1455441977750855,12.705245075464255,12.705245075464255,12.81707915753464,True,True,False,False,False,False
fp16,16,64,16,128,1.0,optimized_split,16384,100,2909,true,4194304,13697024,5,1469.24804688,1468.880676272,1466.98242188,1469.58724976,0.9644763550103399,0.06566063333736326,0.17728986507973066,5,1469.02404785,1468.506866454,1465.90072632,1469.52316284,1.3270482097210492,0.09036717771197553,0.24658796602421035,5,1469.41436768,1469.331207276,1467.56484985,1471.45599365,1.4286391181389781,0.09723057068852017,0.264809157007467,3,1469.24804688,1469.2288208033333,1469.02404785,1469.41436768,0.159926282894739,0.010885049396682524,0.026565958745278645,candidate_vs_matching_baseline,1.0533344328048648,5.063390234271892,1.0539873918170863,5.122204709110556,1.0534678566428104,5.075414148202073,5.063390234271892,5.122204709110556,True,True,False,False,False,False
fp16,16,64,16,128,1.0,optimized_transform,16384,100,2909,true,4194304,8388608,5,872.716827393,872.7244873046,872.134399414,873.190383911,0.3425821227670155,0.039254326852346796,0.12099967181273626,5,873.452835083,873.2505798340001,871.481628418,874.342422485,0.9687330420527519,0.11093414243559993,0.3275270228790524,5,874.118423462,874.5702362062,873.324813843,876.99836731,1.2675453977968167,0.14493351652296155,0.4202580987197019,3,873.452835083,873.4293619793333,872.716827393,874.118423462,0.5724398804566682,0.0655393447226718,0.16046614226935402,candidate_vs_matching_baseline,0.954870120957042,-4.726284554565963,0.9537210963759035,-4.852456740230893,0.9520577590859783,-5.035644156720975,-5.035644156720975,-4.726284554565963,False,False,True,True,True,True
fp16,16,64,16,128,1.0,warp32_fused,16384,100,2909,true,4194304,5308416,5,717.222366333,720.0729522706,715.628814697,725.439987183,4.363555335156625,0.6059879518314168,1.3679401182317115,5,717.555236816,716.9881591798,713.491210938,720.147171021,2.259593107890465,0.3151506867945115,0.9275885313769553,5,715.020828247,716.6924743652,714.060821533,723.68637085,3.6021938818186867,0.502613604950893,1.3461914585899226,3,717.222366333,716.5994771320001,715.020828247,717.555236816,1.1245146853041124,0.15692373790233355,0.3533644080228376,candidate_vs_matching_baseline,1.0204522455957397,2.0042334841254283,1.0196756241800242,1.9295964043316682,1.022645410690619,2.2143951807622297,1.9295964043316682,2.2143951807622297,False,True,False,False,False,False
fp16,16,64,16,128,1.0,warp32_split,16384,100,2909,true,4194304,13697024,5,1260.076828,1259.536651612,1255.96801758,1262.43843079,2.1036295081565695,0.16701614085340583,0.5134935478711986,5,1258.59840393,1258.862091066,1253.83041382,1267.59681702,4.744147374342817,0.37685997600622717,1.0937883884973874,5,1255.18081665,1255.921936036,1254.22721863,1259.28321838,1.8311139573517485,0.14579838959825772,0.4028104702471739,3,1258.59840393,1257.9520161933333,1255.18081665,1260.076828,2.050381202673769,0.16299359405443714,0.38900504995970775,candidate_vs_matching_baseline,1.2281866658609804,18.579151867034604,1.2302040268566194,18.71267056772932,1.233273153880303,18.914962443343974,18.579151867034604,18.914962443343974,True,True,False,False,False,False
fp16,16,64,16,128,1.0,warp32_transform,16384,100,2909,true,4194304,8388608,5,544.480018616,544.2048034668,542.387199402,545.107192993,0.9417703206642927,0.17305439324769703,0.4995580182931103,5,544.531211853,544.2969589232,542.540817261,545.107192993,0.9109296926939158,0.16735895318908944,0.47130002397232545,5,544.601593018,544.4339141846,542.355194092,545.356788635,1.088045844311656,0.19984902041622904,0.5511541981297147,3,544.531211853,544.537607829,544.480018616,544.601593018,0.04983817270029911,0.009152383964625945,0.022326434069087776,candidate_vs_matching_baseline,1.5305083640208201,34.662232268180105,1.5298120243158484,34.63249182871257,1.5281101599522755,34.55969168929346,34.55969168929346,34.662232268180105,True,True,False,False,False,False
fp16,16,64,16,256,1.0,baseline_fused,16384,100,2909,true,8388608,10551296,5,2366.56646729,2366.621429444,2365.79833984,2367.32803345,0.6000549910507521,0.025354920883638134,0.0646376778824027,5,2366.53442383,2366.507507322,2366.04156494,2366.85440063,0.2628122471402268,0.011105489685838004,0.034347089221047886,5,2367.08480835,2367.016998292,2366.56646729,2367.43041992,0.3440988478465679,0.014537236027238666,0.036498592148123524,3,2366.56646729,2366.72856649,2366.53442383,2367.08480835,0.2522404843852629,0.010657769883571847,0.023256668579029405,baseline,,,,,,,,,,,,,,
fp16,16,64,16,256,1.0,baseline_split,16384,100,2909,true,8388608,27328512,5,3952.95349121,3952.087036132,3946.93115234,3958.51531982,4.391008504303761,0.11110606786133292,0.2930509429407425,5,3949.8815918,3950.12097168,3945.93292236,3953.81134033,2.57446668646037,0.06517437579552002,0.19945959864609072,5,3948.16009521,3949.596191404,3946.34887695,3954.68811035,2.9140541132083464,0.07378106449339218,0.21121821807877963,3,3949.8815918,3950.3317260733334,3948.16009521,3952.95349121,1.9826122416693865,0.05018850008427321,0.12135543531105275,baseline,,,,,,,,,,,,,,
fp16,16,64,16,256,1.0,baseline_transform,16384,100,2909,true,8388608,16777216,5,1682.12478638,1681.39263916,1677.17758179,1683.06564331,2.147299655332666,0.1277095905692454,0.35003714157683924,5,1681.46560669,1681.729278564,1679.0272522,1684.44793701,1.9884309713038724,0.1182372809137128,0.322378571909701,5,1678.20159912,1678.8454284680001,1676.88323975,1682.98233032,2.2545450200378747,0.1342913994229486,0.36343014886877884,3,1681.46560669,1680.59733073,1678.20159912,1682.12478638,1.7152797490577993,0.1020636959070222,0.23331950676783245,baseline,,,,,,,,,,,,,,
fp16,16,64,16,256,1.0,optimized_fused,16384,100,2909,true,8388608,10551296,5,725.580825806,725.5564880372,724.921569824,726.067199707,0.4530723328080913,0.06244480481923026,0.1578914219139356,5,725.599975586,725.4694366456,724.953613281,725.862426758,0.33157592314013995,0.045705016144204365,0.12524993213595442,5,725.311965942,725.3030395506,724.851226807,725.696029663,0.30628407440875416,0.04222842835437843,0.11647441317238054,3,725.580825806,725.4975891113334,725.311965942,725.599975586,0.13148802040115967,0.018123839744556586,0.03969366799075318,candidate_vs_matching_baseline,3.2616166016530785,69.34035718688789,3.2614863608819293,69.33913285691028,3.263540268876917,69.35842926356382,69.33913285691028,69.35842926356382,True,True,False,False,False,False
fp16,16,64,16,256,1.0,optimized_split,16384,100,2909,true,8388608,27328512,5,2080.82565308,2080.834594728,2080.35842896,2081.38885498,0.3305466856345549,0.015885293644772515,0.04952005558345709,5,2080.30715942,2080.47616577,2079.75036621,2081.47201538,0.5855591559944655,0.028145439281095808,0.0827593734033053,5,2082.11837769,2081.6588745120002,2080.47363281,2082.69439697,0.8394071681479851,0.040323954055381236,0.10665888086843994,3,2080.82565308,2081.0837300633334,2080.30715942,2082.11837769,0.7616126322440058,0.03659692405652644,0.08704324974652354,candidate_vs_matching_baseline,1.8997043242709502,47.36022931443449,1.8987011480079925,47.332417160586736,1.8962226823963169,47.263577781051104,47.263577781051104,47.36022931443449,True,True,False,False,False,False
fp16,16,64,16,256,1.0,optimized_transform,16384,100,2909,true,8388608,16777216,5,1482.84164429,1482.895385742,1481.50405884,1484.57595825,1.198859198542567,0.08084583781631305,0.2071630117638672,5,1483.6416626,1483.767059328,1482.25921631,1485.56167603,1.1262385644515522,0.07590400106076133,0.22259146553032957,5,1482.5920105,1483.202545166,1482.25921631,1484.49279785,0.9144826147004984,0.06165594966654737,0.15065382277668304,3,1482.84164429,1483.0251057966666,1482.5920105,1483.6416626,0.447724599934613,0.030189954181126268,0.07078652693913161,candidate_vs_matching_baseline,1.1343927336121038,11.847108116090798,1.1333367409913013,11.764971183646178,1.1319375709801858,11.655905269222245,11.655905269222245,11.847108116090798,True,True,False,False,False,False
fp16,16,64,16,256,1.0,warp32_fused,16384,100,2909,true,8388608,10551296,5,1322.77755737,1323.32156372,1320.8895874,1326.38717651,1.8472451105906451,0.139591552139288,0.41560949377842216,5,1323.64807129,1323.3958435060001,1322.21435547,1324.35195923,0.7538041951574614,0.05695984303233485,0.161493361140666,5,1323.73123169,1323.379180908,1321.42715454,1325.45272827,1.5623006612931696,0.11805389444174573,0.304108087323792,3,1323.64807129,1323.3856201166666,1322.77755737,1323.73123169,0.43130355972318196,0.03259092082964898,0.07204893360139601,candidate_vs_matching_baseline,1.7890887656087118,44.10562409072172,1.787887940276772,44.068082933363485,1.7881914029692845,44.07757478648515,44.068082933363485,44.10562409072172,True,True,False,False,False,False
fp16,16,64,16,256,1.0,warp32_split,16384,100,2909,true,8388608,27328512,5,2221.36322021,2221.49505615,2220.35202026,2223.61602783,1.1924220551741183,0.053676556779769104,0.14693713933426591,5,2220.4095459,2220.0435180659997,2216.28799438,2222.50244141,2.1179036438237437,0.09539919495221266,0.2798784143886874,5,2220.03845215,2220.32385254,2216.44165039,2223.70559692,2.4027590628754796,0.10821660363314917,0.32719913130176204,3,2220.4095459,2220.60373942,2220.03845215,2221.36322021,0.5579939937588089,0.0251280308977842,0.05966323025614629,candidate_vs_matching_baseline,1.7795169449309158,43.80497455511322,1.7788977709510756,43.785414972702064,1.7784196897069047,43.77030316365836,43.77030316365836,43.80497455511322,True,True,False,False,False,False
fp16,16,64,16,256,1.0,warp32_transform,16384,100,2909,true,8388608,16777216,5,877.113571167,877.0163116456,876.134414673,877.401580811,0.4618654614004455,0.05266326923085601,0.14447001843946253,5,877.094421387,877.0048065186,876.652832031,877.171173096,0.1904888527485123,0.021720388683465246,0.05909752158499378,5,877.203216553,877.2672119142,876.806411743,877.760009766,0.3569052988428557,0.04068376134383128,0.10870890632928099,3,877.113571167,877.1370697023333,877.094421387,877.203216553,0.04742174542229982,0.005406423586497484,0.012403771823434929,candidate_vs_matching_baseline,1.917795872365687,47.85680716027117,1.9170861947006816,47.83750450218375,1.9131275027861283,47.72956854450743,47.72956854450743,47.85680716027117,True,True,False,False,False,False
